Time,Accel. Lat (m/s2),Accel. Long (m/s2),Airmass (g/stk),Airmass SP (g/stk),Ambient Press (kpa),Ambient Temp (°C),Battery Volts (V),Boost (psi),Calc TQ (nm),Calc HP (hp),Calc 0-60mph (s),Calc 60-130mph (s),Calc 0-60ft (s),Calc 1/8mile (s),Calc 1/4mile (s),Comb Mode (),Coolant Temp (°C),Cruise (),DV Position (%),EOI Actual (°),EOI Limit (°),Engine Speed (rpm),Eth Content (%),Exh Cam Position (°),Exh Flow Factor (),Exh Pres Desired (kpa),FP DI (kpa),FP DI SP (kpa),FP MPI (kpa),FP MPI SP (kpa),Fuel Flow (mg/stk),Fuel Flow SP (mg/stk),Fuel Split MPI (),Fuel Trim (%),Gear (gear),HPFP Eff Vol (%),IAT (°C),Ign Table (°),Ign Avg (°),Inj PW DI (ms),Inj PW MPI (ms),Intake Cam Pos (°),Intake Flow Fact (),Knock Avg (°),Knock Cyl 1 (°),Knock Cyl 2 (°),Knock Cyl 3 (°),Knock Cyl 4 (°),Lambda (l),Lambda SP (l),LPFP Duty (%),LTFT (%),MAP (kpa),MAP SP (kpa),Misfires (),Oil Temp (°C),Pedal Pos (%),Port Flap Pos (%),PUT (kpa),PUT SP (kpa),SOI Actual (°),SOI Limit (°),STFT (%),Torque (Nm),Torque Lim (),Torque Req (Nm),TPS (%),Trans Temp (°C),Turbo Speed (rpm),Valve Lift Pos (),Vehicle Speed (km/h),WG Flow Des (kg/hr),WG I Value (%),WG P-D Value (%),WG Pos Base (%),WG Pos Final (%),WG Voltage (V),Wheel Speed FL (km/h),Wheel Speed FR (km/h),Wheel Speed RL (km/h),Wheel Speed RR (km/h),SimosTools [R2.12:2026_8_26:Patched_259L_R18.bin]
251611.73,-0.10967472,-0.40550938,0.07487058,0.07621643,101.49102,24.060139,13.821852,-11.499593,0.0,0.0,127.485,0.0,7.643,24.84,44.72,0.0,94.73685,0.0,0.0,468.0,207.375,2770.0,0.0,-12.875,0.07171631,104.94871,4033.1084,4199.2085,1100.0834,520.58936,8.583886,5.9557333,0.0,3.1882753,3.0,18.608093,42.05665,40.12495,9.374988,0.78,0.0,15.6171875,0.0,0.0,0.0,0.0,0.0,0.0,0.953125,0.89941406,54.66919,2.3445292,22.22558,22.502863,0.0,108.999954,2.6367188,1.0,103.83762,80.86946,481.125,549.0,0.84374624,-8.65625,0.0,-13.15625,4.6682534,60.999992,18.395996,1.0,60.5,0.0,0.0,-70.7489,99.998474,29.249573,3.6621094,60.54,60.54,60.15,60.46,0
251611.78,-0.14773978,-0.42470378,0.07507349,0.07630122,101.49103,24.060139,13.835452,-11.498612,0.0,0.0,127.485,0.0,7.643,24.84,44.72,0.0,94.73685,0.0,0.0,468.0,207.375,2762.0,0.0,-12.8828125,0.07110596,104.923836,4122.792,4284.116,1100.0834,520.58936,9.262119,6.0405126,0.0,3.6442924,3.0,19.084167,42.06151,40.12495,9.374988,0.78,0.0,15.421875,0.0,0.0,0.0,0.0,0.0,0.0,0.95214844,0.8984375,54.69055,2.3442955,22.232342,22.493933,0.0,108.999954,2.6367188,1.0,103.83762,80.86946,481.125,549.0,1.299997,-8.6875,0.0,-13.15625,4.6682534,60.999992,18.43872,1.0,60.5,0.0,0.0,-70.76721,99.998474,29.231262,3.6621094,60.54,60.49,60.47,60.23,0
251611.81,-0.17819183,-0.4136315,0.075289965,0.07630122,101.49103,24.060139,13.8273945,-11.497233,0.0,0.0,127.485,0.0,7.643,24.84,44.72,0.0,94.73685,0.0,0.0,467.625,207.375,2762.0,0.0,-12.875,0.070739746,104.923836,4185.411,4337.1836,1100.0834,520.0587,9.452872,6.104097,0.0,4.0091295,3.0,19.232178,42.065887,40.12495,9.374988,0.784,0.0,15.3125,0.0,0.0,0.0,0.0,0.0,0.0,0.9511719,0.8984375,54.673767,2.344132,22.241852,22.455687,0.0,108.999954,2.6367188,1.0,103.83762,80.86946,480.75,549.0,1.6649976,-8.6875,0.0,-13.15625,4.6682534,60.999992,18.43872,1.0,60.46,0.0,0.0,-70.76721,99.998474,29.231262,3.6621094,60.47,60.4,60.27,60.29,0
251611.84,-0.18255347,-0.42795262,0.07525161,0.07638598,101.49103,24.060139,13.821754,-11.5008545,0.0,0.0,127.485,0.0,7.643,24.84,44.72,0.0,94.73685,0.0,0.0,467.625,207.375,2757.0,0.0,-12.84375,0.070739746,104.923836,4188.595,4311.7114,1100.0834,520.0587,9.580041,6.104097,0.0,4.457266,3.0,19.288635,42.069824,40.12495,9.374988,0.784,0.0,15.015625,0.0,0.0,0.0,0.0,0.0,0.0,0.9482422,0.89746094,54.66461,2.3440175,22.216887,22.431852,0.0,108.999954,2.6367188,1.0,103.83762,80.86946,480.75,549.0,2.113248,-8.65625,0.0,-13.1875,4.6682534,60.999992,18.414307,1.0,60.28,0.0,0.0,-70.76721,99.998474,29.231262,3.6621094,60.38,60.38,60.02,60.27,0
251611.89,-0.20604278,-0.43368107,0.07547805,0.07638598,101.49103,24.060139,13.829525,-11.496689,0.0,0.0,127.485,0.0,7.643,24.84,44.72,0.0,94.73685,0.0,0.0,467.625,208.5,2756.0,0.0,-12.8046875,0.070739746,104.923836,4288.362,4345.6743,1100.0834,520.0587,9.622431,6.104097,0.0,4.815786,3.0,19.413757,42.07337,40.12495,14.249982,0.792,0.0,15.1875,0.0,0.0,0.0,0.0,0.0,0.0,0.93847656,0.89746094,54.67224,2.3439374,22.245607,22.43238,0.0,108.999954,3.125,1.0,103.83762,80.86946,480.75,549.0,2.4718485,-5.53125,0.0,-10.09375,4.6682534,60.999992,18.469238,1.0,60.35,0.0,0.0,-70.76721,99.998474,29.231262,3.6621094,60.29,60.34,60.18,60.05,0
251611.94,-0.20483422,-0.41722244,0.07527681,0.076343596,101.49103,24.060139,13.817386,-11.492633,0.0,0.0,127.485,0.0,7.643,24.84,44.72,0.0,94.73685,0.0,0.0,467.625,214.5,2759.0,0.0,-12.8125,0.070739746,104.923836,4285.1777,4425.8057,1100.0834,520.32404,9.537651,6.188876,0.0,4.9463596,3.0,19.346619,42.07656,40.12495,16.499979,0.792,0.0,15.671875,0.0,0.0,0.0,0.0,0.0,0.0,0.9326172,0.8964844,54.67224,2.3438811,22.273558,22.49192,0.0,108.999954,3.3203125,1.0,103.83762,80.86946,480.75,549.0,2.6024787,-4.34375,0.0,-8.84375,4.6682534,60.999992,18.444824,1.0,60.2,0.0,0.0,-70.76721,99.998474,29.231262,3.6621094,60.49,60.23,60.08,60.1,0
251611.97,-0.22386739,-0.410639,0.075522415,0.07630122,101.49103,24.060139,13.826467,-11.486335,0.0,0.0,127.485,0.0,7.643,24.84,44.72,0.0,94.73685,0.0,0.0,467.25,214.5,2750.0,0.0,-12.7890625,0.070739746,104.923836,4356.2876,4431.643,1100.0834,520.32404,8.032822,6.2312655,0.0,5.050825,3.0,18.449402,42.07943,40.12495,16.499979,0.788,0.0,16.023438,0.0,0.0,0.0,0.0,0.0,0.0,0.9238281,0.8955078,54.67682,2.3438418,22.316969,22.476763,0.0,108.999954,3.3203125,1.0,103.83762,80.86946,480.375,549.0,2.706983,-4.3125,0.0,-8.84375,4.6682534,60.999992,18.469238,1.0,60.22,0.0,0.0,-70.76721,99.998474,29.231262,3.6621094,60.13,60.21,60.02,60.05,0
251612.0,-0.21909392,-0.3892556,0.07578386,0.07630122,101.49103,24.060139,13.821105,-11.476132,0.0,0.0,127.485,0.0,7.643,24.84,44.72,0.0,94.73685,0.0,0.0,467.625,214.5,2748.0,0.0,-12.6796875,0.070739746,104.923836,4371.6772,4455.5234,1100.0834,520.0587,9.70721,6.188876,0.0,5.134401,3.0,19.528198,42.082016,40.12495,16.499979,0.792,0.0,15.8203125,0.0,0.0,0.0,0.0,0.0,0.0,0.9160156,0.89453125,54.67682,2.3438144,22.387302,22.490963,0.0,108.999954,3.3203125,1.0,103.83762,80.86946,480.75,548.625,2.7905865,-4.3125,0.0,-8.84375,4.6682534,60.999992,18.469238,1.0,60.2,0.0,0.0,-70.791626,99.998474,29.206848,3.6621094,60.34,60.08,60.08,59.81,0
251612.05,-0.23527513,-0.38070226,0.07597724,0.076343596,101.49103,24.060139,13.823211,-11.472931,0.0,0.0,127.485,0.0,7.643,24.84,44.72,0.0,94.73685,0.0,0.0,467.625,214.5,2746.0,0.0,-12.671875,0.070739746,104.923836,4349.9194,4444.91,1100.0834,520.0587,9.791988,6.167681,0.0,5.2012644,3.0,19.561768,42.084343,40.12495,16.499979,0.78,0.0,15.7890625,0.0,0.0,0.0,0.0,0.0,0.0,0.9091797,0.8935547,54.67224,2.343795,22.409365,22.494537,0.0,108.999954,3.3203125,1.0,103.8542,80.86946,480.75,548.625,2.8574693,-4.34375,0.0,-8.75,4.6682534,60.999992,18.481445,1.0,60.16,0.0,0.0,-70.82214,99.998474,29.17633,3.6621094,60.21,60.1,59.97,59.87,0
251612.1,-0.20822011,-0.35853094,0.07623421,0.07638598,101.49103,24.060139,13.830544,-11.470355,0.0,0.0,127.485,0.0,7.643,24.84,44.72,0.0,94.73685,0.0,0.0,467.25,214.5,2742.0,0.0,-12.7421875,0.070739746,104.923836,4464.545,4500.0996,1100.0834,520.0587,8.986587,6.2524605,0.0,5.098507,3.0,19.186401,42.086433,40.12495,16.499979,0.788,0.0,15.421875,0.0,0.0,0.0,0.0,0.0,0.0,0.9013672,0.8925781,54.681396,2.3437815,22.427118,22.467491,0.0,108.999954,3.3203125,1.0,103.83762,80.86946,480.375,548.625,2.7547255,-4.3125,0.0,-8.78125,4.6682534,60.999992,18.469238,1.0,60.16,0.0,0.0,-70.81299,99.998474,29.185486,3.6621094,60.05,59.97,59.89,59.81,0
251612.12,-0.20657608,-0.3496624,0.07640767,0.07630122,101.49103,24.060139,13.823959,-11.469347,0.0,0.0,127.485,0.0,7.643,24.84,44.72,0.0,94.73685,0.0,0.0,467.625,214.875,2749.0,0.0,-12.8203125,0.070739746,104.923836,4474.0967,4500.0996,1100.0834,520.0587,8.880613,6.2524605,0.0,5.016302,3.0,19.129944,42.088318,40.12495,17.249977,0.788,0.0,15.203125,0.0,0.0,0.0,0.0,0.0,0.0,0.89746094,0.89160156,54.689026,2.343772,22.43407,22.4265,0.0,108.999954,3.515625,1.0,103.88737,80.86946,480.75,549.0,2.6725304,-3.90625,0.0,-7.5625,4.6682534,60.999992,18.560791,1.0,60.1,0.0,0.0,-70.9137,99.998474,29.084778,3.6621094,60.25,60.12,59.83,59.68,0
251612.17,-0.20526087,-0.36486498,0.07669916,0.07638598,101.49103,24.060139,13.831068,-11.468253,0.0,0.0,127.485,0.0,7.643,24.84,44.72,0.0,94.73685,0.0,0.0,467.625,216.375,2741.0,0.0,-12.828125,0.070739746,104.923836,4459.2383,4500.0996,1100.0834,520.0587,9.050171,6.273655,0.0,4.9505396,3.0,19.221497,42.09001,40.12495,19.124975,0.78,0.0,15.28125,0.0,0.0,0.0,0.0,0.0,0.0,0.8955078,0.890625,54.689026,2.3437653,22.441603,22.372389,0.0,108.999954,3.515625,1.0,103.945404,80.86946,480.75,549.0,2.6067743,-3.0,0.0,-7.5625,4.6682534,60.999992,18.658447,1.0,59.95,0.0,0.0,-71.136475,99.998474,28.862,3.6621094,59.91,59.87,59.78,59.74,0
251612.2,-0.2042087,-0.370946,0.07596794,0.076428376,101.49103,24.060139,13.824326,-11.480701,0.0,0.0,127.485,0.0,7.643,24.84,44.72,0.0,94.73685,0.0,0.0,467.625,216.75,2738.0,0.0,-12.8359375,0.070739746,104.923836,4430.0513,4500.0996,1100.0834,519.7934,9.474067,6.29485,0.0,4.74168,3.0,19.448853,42.091537,40.12495,19.124975,0.792,0.0,15.9375,0.0,0.0,0.0,0.0,0.0,0.0,0.89160156,0.8886719,54.67224,2.3437605,22.355804,22.440355,0.0,108.999954,3.515625,1.0,103.945404,80.86946,480.75,549.0,2.3979194,-3.03125,0.0,-7.5625,4.6682534,60.999992,18.591309,1.0,60.08,0.0,0.0,-71.04492,99.998474,28.953552,3.6621094,59.97,59.91,59.81,59.7,0
251612.25,-0.20336697,-0.3733784,0.07583322,0.07647076,101.49103,24.060139,13.837184,-11.478086,0.0,0.0,127.485,0.0,7.643,24.84,44.72,0.0,94.73685,0.0,0.0,467.625,218.25,2734.0,0.0,-12.8125,0.070739746,104.923836,4493.201,4500.0996,1100.0834,519.7934,8.711055,6.2524605,0.0,4.5745926,3.0,19.039917,42.09291,40.12495,20.624973,0.792,0.0,16.101562,0.0,0.0,0.0,0.0,0.0,0.0,0.88964844,0.8876953,54.68445,2.3437572,22.373821,22.503077,0.0,108.999954,3.7109375,1.0,104.03663,80.86946,480.75,549.0,2.2308354,-2.3125,0.0,-6.3125,4.6682534,60.999992,18.786621,1.0,59.94,0.0,0.0,-71.28601,99.998474,28.712463,3.6621094,60.02,59.81,59.78,59.53,0
251612.28,-0.20269358,-0.33685136,0.07603571,0.07655554,101.49103,24.060139,13.834466,-11.472108,0.0,0.0,127.485,0.0,7.643,24.84,44.72,0.0,94.73685,0.0,0.0,467.25,219.75,2728.0,0.0,-12.7265625,0.070739746,104.923836,4539.3696,4500.0996,1100.0834,519.7934,8.117601,6.2524605,0.0,4.440923,3.0,18.721008,42.094147,40.12495,21.749971,0.792,0.0,16.195312,0.0,0.0,0.0,0.0,0.0,0.0,0.8876953,0.8876953,54.67682,2.343755,22.41504,22.518166,0.0,108.999954,3.7109375,1.0,104.01174,80.86946,480.375,548.625,2.0971682,-1.875,0.0,-6.34375,4.6682534,60.999992,18.75,1.0,59.88,0.0,0.0,-71.224976,99.998474,28.773499,3.6621094,59.76,59.78,59.58,59.45,0
251612.31,-0.20215487,-0.32224053,0.07625003,0.07655554,101.49103,24.060139,13.826704,-11.468283,0.0,0.0,127.485,0.0,7.643,24.84,44.72,0.0,94.73685,0.0,0.0,467.25,219.75,2727.0,0.0,-12.7421875,0.07110596,104.923836,4498.508,4500.0996,1100.0834,519.528,8.605081,6.2312655,0.0,4.333988,3.0,18.98346,42.09526,40.12495,21.749971,0.788,0.0,16.125,0.0,0.0,0.0,0.0,0.0,0.0,0.88671875,0.8857422,54.67682,2.3437533,22.44141,22.51879,0.0,108.999954,3.7109375,1.0,103.97858,80.86946,480.375,548.625,1.9902346,-1.875,0.0,-6.34375,4.6682534,60.999992,18.707275,1.0,59.9,0.0,0.0,-71.17615,99.998474,28.822327,3.6621094,59.85,59.78,59.55,59.63,0
251612.38,-0.1817239,-0.31639624,0.07631376,0.07655554,101.49103,24.060139,13.83299,-11.466401,0.0,0.0,127.485,0.0,7.643,24.84,44.72,0.0,94.73685,0.0,0.0,467.25,219.75,2727.0,0.0,-12.75,0.07110596,104.923836,4470.913,4500.0996,1100.0834,519.528,9.028976,6.316045,0.0,4.2484403,3.0,19.20929,42.09626,40.12495,21.749971,0.788,0.0,16.125,0.0,0.0,0.0,0.0,0.0,0.0,0.88671875,0.8847656,54.660034,2.3437524,22.45438,22.51879,0.0,108.999954,3.7109375,1.0,104.161,80.86946,480.375,548.625,1.9046878,-1.875,0.0,-6.375,4.6682534,60.999992,18.969727,1.0,59.82,0.0,0.0,-71.60339,99.998474,28.39508,3.6621094,59.72,59.72,59.76,59.49,0
251612.42,-0.20537911,-0.31405848,0.07637919,0.07655554,101.49103,24.060139,13.819812,-11.466971,0.0,0.0,127.485,0.0,7.643,24.84,44.72,0.0,94.73685,0.0,0.0,467.25,219.75,2725.0,0.0,-12.765625,0.07110596,104.923836,4517.612,4500.0996,1100.0834,519.528,8.541496,6.3372393,0.0,4.1800017,3.0,18.948364,42.09716,40.12495,22.124971,0.792,0.0,15.828125,0.0,0.0,0.0,0.0,0.0,0.0,0.8876953,0.88378906,54.65088,2.3437517,22.450441,22.487902,0.0,108.999954,4.1015625,1.0,104.161,80.86946,480.375,549.0,1.8362502,-1.6875,0.0,-3.90625,4.6682534,60.999992,18.945312,1.0,59.79,0.0,0.0,-71.55151,99.998474,28.44696,3.6621094,59.76,59.68,59.68,59.57,0
251612.45,-0.18430328,-0.3506234,0.077756956,0.101989284,101.49103,24.060139,13.828165,-11.42378,0.0,0.0,127.485,0.0,7.643,24.84,44.72,0.0,94.73685,0.0,0.0,467.25,236.25,2730.0,0.0,-12.75,0.07507324,105.09796,4493.201,4500.0996,1100.0834,519.528,9.071366,6.6339664,0.0,4.1252513,3.0,19.232178,42.09797,40.12495,38.24995,0.796,0.0,15.78125,0.0,0.0,0.0,0.0,0.0,0.0,0.8857422,0.88183594,54.67682,2.3437512,22.748154,27.690622,0.0,108.999954,5.859375,1.0,104.069786,80.86946,480.375,549.0,1.7815002,2.375,0.0,6.59375,5.6019044,60.999992,19.464111,1.0,59.78,0.0,0.0,-71.362305,99.998474,28.63617,3.6621094,59.72,59.7,59.7,59.43,0
251612.5,-0.24744262,-0.36524937,0.09736797,0.10601628,101.49103,24.060139,13.834012,-10.865663,0.0,0.0,127.485,0.0,7.643,24.84,44.72,0.0,94.73685,0.0,0.0,467.25,225.75,2735.0,0.0,-12.0703125,0.07635498,105.14771,4493.201,4928.883,1100.0834,519.528,15.493384,8.350743,0.0,4.0814514,3.0,23.069763,42.0987,40.12495,27.749964,0.796,0.0,14.140625,0.0,0.0,0.0,0.0,0.0,0.0,0.8847656,0.8808594,54.953003,2.343751,26.5952,28.362116,0.0,108.999954,6.0546875,1.0,103.83762,80.86946,480.375,548.25,1.7377002,6.5,0.0,8.65625,6.535555,60.999992,20.147705,1.0,59.79,0.0,0.0,-70.806885,99.998474,29.19159,3.6621094,59.76,59.63,59.7,59.4,0
251612.53,-0.23795411,-0.35234976,0.10182044,0.12170042,101.49103,24.060139,13.820527,-10.726239,0.0,0.0,127.485,0.0,7.643,24.84,44.72,0.0,94.73685,0.0,0.0,463.125,220.875,2742.0,0.0,-11.28125,0.07904053,105.25551,4698.0405,5357.666,1100.0834,519.7934,20.071457,8.626276,0.0,4.0464106,3.0,26.101685,42.099358,40.12495,22.874971,1.056,0.0,9.546875,0.0,0.0,0.0,0.0,0.0,0.0,0.88964844,0.8798828,55.062866,2.3437505,27.55623,31.57791,0.0,108.999954,6.25,1.0,104.01174,80.86946,480.375,547.5,1.7026602,6.8125,0.0,10.21875,6.535555,60.999992,20.477295,1.0,59.68,0.0,0.0,-71.21277,99.998474,28.785706,3.6621094,59.74,59.61,59.57,59.51,0
251612.58,-0.2503633,-0.3471899,0.10817861,0.123353615,101.49103,24.060139,13.816947,-10.5403185,0.0,0.0,127.485,0.0,7.643,24.84,44.72,0.0,94.73685,0.0,0.0,462.75,220.875,2757.0,0.0,-11.2890625,0.07965088,105.28038,5265.86,5791.756,1100.0834,519.7934,21.27956,9.452872,0.0,4.1746287,3.0,27.349854,42.099945,40.12495,22.874971,1.092,0.0,5.25,0.0,0.0,0.0,0.0,0.0,0.0,0.8876953,0.8798828,55.2063,2.3437505,28.83776,31.869635,0.0,108.999954,6.25,1.0,103.83762,80.86946,480.75,547.5,1.8308781,9.625,0.0,10.40625,7.0023804,60.999992,21.0083,1.0,59.75,0.0,0.0,-70.825195,99.998474,29.173279,3.6621094,59.63,59.55,59.45,59.26,0
251612.61,-0.28029063,-0.32637596,0.113045946,0.12331123,101.49103,24.060139,13.8203,-10.203141,0.0,0.0,127.485,0.0,7.643,24.84,44.72,0.0,94.73685,0.0,0.0,462.0,220.5,2754.0,0.0,-10.3359375,0.08001709,105.28038,5956.264,6228.499,1100.0834,520.32404,19.68995,9.813184,0.0,4.120953,3.0,27.111816,42.175667,40.12495,22.499971,1.132,0.0,-4.875,0.0,0.0,0.0,0.0,0.0,0.0,0.875,0.8798828,55.32379,2.3437505,31.161886,33.20943,0.0,108.999954,6.3476562,1.0,103.8542,80.86946,480.75,546.375,1.7772025,11.0,0.0,11.34375,7.0023804,60.999992,21.228027,1.0,59.66,0.0,0.0,-70.895386,99.998474,29.103088,3.6621094,59.61,59.53,59.68,59.26,0
251612.64,-0.2842325,-0.31805038,0.1181589,0.12615132,101.49103,24.060139,13.822647,-9.957324,0.0,0.0,127.485,0.0,7.643,24.84,44.72,0.0,94.73685,0.0,0.0,463.125,220.125,2760.0,0.0,-9.984375,0.08068848,105.30525,6378.1484,6450.8506,1100.0834,520.32404,18.057953,9.897963,0.0,3.9217625,3.0,26.612854,42.243813,40.12495,22.124971,1.064,0.0,-7.34375,0.0,0.0,0.0,0.0,0.0,0.0,0.8642578,0.8798828,55.39093,2.3437505,32.856274,34.472507,0.0,108.999954,6.5429688,1.0,103.8542,80.86946,480.75,546.0,1.578012,13.65625,0.0,12.65625,7.469206,60.999992,21.54541,1.0,59.68,0.0,0.0,-70.8374,99.998474,29.161072,3.6621094,59.7,59.55,59.55,59.41,0
251612.69,-0.327386,-0.29597014,0.123438075,0.12619372,101.49103,24.060139,13.83015,-9.75743,0.0,0.0,127.485,0.0,7.643,24.84,44.72,0.0,94.73685,0.0,0.0,463.125,220.125,2746.0,0.0,-9.8828125,0.08068848,105.30525,6766.6006,6714.5947,1100.0834,520.32404,16.468344,10.279469,0.0,3.6061602,3.0,26.135254,42.305145,40.12495,22.124971,1.084,0.0,-8.6953125,0.0,0.0,0.0,0.0,0.0,0.0,0.85253906,0.8798828,55.41382,2.3437505,34.234123,34.792477,0.0,108.999954,6.5429688,1.0,103.83762,80.86946,481.125,546.0,1.2624096,16.03125,0.0,12.9375,7.469206,60.999992,21.490479,1.0,59.58,0.0,0.0,-70.791626,99.998474,29.206848,3.6621094,59.74,59.76,59.53,59.26,0
251612.73,-0.3219088,-0.21213806,0.12474693,0.12725346,101.49103,24.060139,13.823683,-9.68737,0.0,0.0,127.485,0.0,7.643,24.84,44.72,0.0,94.73685,0.0,0.0,463.125,219.75,2725.0,0.0,-9.953125,0.08068848,105.30525,6916.781,6709.819,1100.0834,520.0587,15.556969,10.258274,0.0,3.3536782,3.0,25.772095,42.360344,40.12495,21.749971,1.084,0.0,-9.3359375,0.0,0.0,0.0,0.0,0.0,0.0,0.8515625,0.8798828,55.46875,2.3437505,34.717045,35.218544,0.0,108.999954,6.5429688,1.0,104.12783,80.86946,481.125,546.0,1.0099276,16.4375,0.0,13.1875,7.0023804,60.999992,21.759033,1.0,59.68,0.0,0.0,-71.63696,99.998474,28.361511,3.6621094,59.57,59.51,59.63,59.35,0
251612.77,-0.29752705,-0.12235522,0.12416982,0.12699912,101.49103,24.060139,13.830874,-9.71136,0.0,0.0,127.485,0.0,7.643,24.84,44.72,0.0,94.73685,0.0,0.0,462.75,219.75,2715.0,0.0,-10.2109375,0.08099365,105.30525,7027.6914,6701.8584,1100.0834,520.0587,12.907621,10.258274,0.0,3.1516926,3.0,24.34082,42.410027,40.12495,21.749971,1.076,0.0,-9.375,0.0,0.0,0.0,0.0,0.0,0.0,0.859375,0.8798828,55.41687,2.3437505,34.551685,35.11903,0.0,108.999954,6.5429688,1.0,104.12783,80.86946,480.75,546.375,0.8079421,16.125,0.0,13.0625,7.0023804,60.999992,21.691895,1.0,59.65,0.0,0.0,-71.49658,99.998474,28.501892,3.6621094,59.63,59.55,59.51,59.53,0
251612.81,-0.27802163,-0.067692086,0.123957634,0.1270415,101.49103,24.060139,13.82419,-9.710132,0.0,0.0,127.485,0.0,7.643,24.84,44.72,0.0,94.73685,0.0,0.0,462.75,219.75,2720.0,0.0,-10.2109375,0.08099365,105.30525,6966.1333,6702.389,1100.0834,519.2627,12.377752,10.321858,0.0,2.9901042,3.0,24.046326,42.454735,40.12495,21.749971,1.052,0.0,-9.609375,0.0,0.0,0.0,0.0,0.0,0.0,0.87109375,0.8798828,55.4245,2.3437505,34.560146,35.17176,0.0,108.999954,6.5429688,1.0,104.161,80.86946,480.0,546.375,0.64635366,16.03125,0.0,13.0625,7.0023804,60.999992,21.75293,1.0,59.56,0.0,0.0,-71.5332,99.998474,28.465271,3.6621094,59.45,59.53,59.51,59.41,0
251612.83,-0.2424173,-0.064576834,0.123596705,0.1270839,101.49103,24.060139,13.819511,-9.7083,0.0,0.0,127.485,0.0,7.643,24.84,44.72,0.0,94.73685,0.0,0.0,462.75,219.75,2725.0,0.0,-10.28125,0.08099365,105.30525,6863.183,6706.104,1100.0834,519.2627,12.674479,10.364247,0.0,3.0170834,3.0,24.15924,42.494972,40.12495,21.749971,1.048,0.0,-9.7421875,0.0,0.0,0.0,0.0,0.0,0.0,0.8769531,0.8798828,55.393982,2.3437505,34.572777,35.283276,0.0,108.999954,6.5429688,1.0,104.161,80.86946,480.0,546.375,0.6733329,15.90625,0.0,13.03125,7.0023804,60.999992,21.704102,1.0,59.62,0.0,0.0,-71.55151,99.998474,28.44696,3.6621094,59.63,59.58,59.43,59.22,0
251612.88,-0.21393384,-0.08208074,0.12427327,0.12699912,101.49103,24.060139,13.822095,-9.683662,0.0,0.0,127.485,0.0,7.643,24.84,44.72,0.0,94.73685,0.0,0.0,462.375,219.75,2725.0,0.0,-10.3359375,0.08099365,105.30525,6923.149,6767.662,1100.0834,519.2627,12.292973,10.533806,0.0,3.0386667,3.0,24.035645,42.53119,40.12495,21.749971,1.06,0.0,-10.1015625,0.0,0.0,0.0,0.0,0.0,0.0,0.88378906,0.8798828,55.41687,2.3437505,34.7426,35.30463,0.0,108.999954,6.5429688,1.0,104.161,80.86946,480.0,546.375,0.69491637,16.09375,0.0,13.0,7.0023804,60.999992,21.795654,1.0,59.6,0.0,0.0,-71.48132,99.998474,28.51715,3.6621094,59.57,59.55,59.41,59.49,0
251612.9,-0.19114707,-0.0890823,0.12529317,0.12712629,101.49103,24.060139,13.818045,-9.653966,0.0,0.0,127.485,0.0,7.643,24.84,44.72,0.0,94.73685,0.0,0.0,462.375,219.75,2720.0,0.0,-10.3671875,0.08099365,105.30525,6900.861,6792.6035,1100.0834,519.2627,12.844037,10.576196,0.0,3.0559335,3.0,24.398804,42.56378,40.12495,21.749971,1.076,0.0,-10.125,0.0,0.0,0.0,0.0,0.0,0.0,0.8847656,0.8798828,55.43976,2.3437505,34.94729,35.30403,0.0,108.999954,6.5429688,1.0,104.161,80.86946,480.0,546.375,0.7121831,16.625,0.0,13.125,7.0023804,60.999992,21.89331,1.0,59.57,0.0,0.0,-71.48132,99.998474,28.51715,3.6621094,59.49,59.58,59.38,59.26,0
251612.95,-0.15291767,-0.05438292,0.12698323,0.122124314,101.49103,24.060139,13.821069,-9.6171,0.0,0.0,127.485,0.0,7.643,24.84,44.72,0.0,94.73685,0.0,0.0,462.0,219.75,2717.0,0.0,-10.296875,0.08062744,105.28038,6882.818,6876.9805,1100.0834,519.2627,14.00975,10.766949,0.0,3.225997,3.0,25.14801,42.593117,40.12495,21.749971,1.084,0.0,-9.9296875,0.0,0.0,0.0,0.0,0.0,0.0,0.8828125,0.8798828,55.470276,2.3437505,35.20141,34.21605,0.0,108.999954,6.25,1.0,104.161,80.86946,480.0,546.375,0.8822465,17.53125,0.0,11.53125,7.469206,60.999992,21.89331,1.0,59.58,0.0,0.0,-71.48132,99.998474,28.51715,3.6621094,59.58,59.58,59.43,59.3,0
251613.02,-0.14233413,-0.05925317,0.12451307,0.12174281,101.49103,24.060139,13.817327,-9.770536,0.0,0.0,127.485,0.0,7.643,24.84,44.72,0.0,94.73685,0.0,0.0,461.625,219.75,2722.0,0.0,-10.296875,0.08062744,105.28038,6848.324,6689.6533,1100.0834,519.2627,12.695674,10.385443,0.0,3.2057977,3.0,24.261475,42.619522,40.12495,21.749971,1.112,0.0,-7.703125,0.0,0.0,0.0,0.0,0.0,0.0,0.8769531,0.8798828,55.455017,2.3437505,34.143784,33.68538,0.0,108.999954,6.25,1.0,104.32683,80.86946,480.0,546.375,0.8620472,16.59375,0.0,11.53125,7.0023804,60.999992,21.56372,1.0,59.58,0.0,0.0,-71.92383,99.998474,28.074646,3.6621094,59.53,59.43,59.35,59.45,0
251613.05,-0.13386731,-0.07995127,0.121466056,0.122124314,101.49103,24.060139,13.820566,-9.871397,0.0,0.0,127.485,0.0,7.643,24.84,44.72,0.0,94.73685,0.0,0.0,461.625,219.75,2723.0,0.0,-10.34375,0.08062744,105.28038,6814.3613,6578.7427,1100.0834,519.2627,10.512611,10.10991,0.0,3.1896381,3.0,22.877502,42.643288,40.12495,21.749971,1.112,0.0,-7.296875,0.0,0.0,0.0,0.0,0.0,0.0,0.8730469,0.8798828,55.39093,2.3437505,33.44856,33.5983,0.0,108.999954,6.25,1.0,104.21074,80.86946,480.0,546.375,0.8458878,14.8125,0.0,11.25,7.0023804,60.999992,21.45996,1.0,59.61,0.0,0.0,-71.7041,99.998474,28.294373,3.6621094,59.53,59.63,59.33,59.22,0
251613.1,-0.12709385,-0.08823051,0.12024933,0.122124314,101.49103,24.060139,13.828693,-9.9067545,0.0,0.0,127.485,0.0,7.643,24.84,44.72,0.0,94.73685,0.0,0.0,462.75,220.125,2718.0,0.0,-10.4140625,0.08062744,105.28038,6729.9844,6566.0063,1100.0834,519.2627,10.4702215,10.067521,0.0,3.0204606,3.0,22.831726,42.664673,40.12495,22.124971,1.052,0.0,-7.125,0.0,0.0,0.0,0.0,0.0,0.0,0.8691406,0.8798828,55.345154,2.3437505,33.20485,33.57208,0.0,108.999954,6.25,1.0,104.301956,80.86946,480.0,546.375,0.67671025,14.53125,0.0,11.125,7.0023804,60.999992,21.66748,1.0,59.61,0.0,0.0,-71.8689,99.998474,28.129578,3.6621094,59.61,59.53,59.32,59.4,0
251613.12,-0.12167509,-0.09154221,0.120512195,0.12208193,101.49103,24.060139,13.822663,-9.899116,0.0,0.0,127.485,0.0,7.643,24.84,44.72,0.0,94.73685,0.0,0.0,462.75,220.125,2720.0,0.0,-10.4765625,0.08062744,105.28038,6633.9326,6549.025,1100.0834,519.2627,11.720714,9.982741,0.0,2.8851187,3.0,23.501587,42.68392,40.12495,22.124971,1.052,0.0,-7.3125,0.0,0.0,0.0,0.0,0.0,0.0,0.8701172,0.8798828,55.360413,2.3437505,33.2575,33.58158,0.0,108.999954,6.25,1.0,104.38487,80.86946,480.0,546.375,0.5413682,14.625,0.0,11.125,7.0023804,60.999992,21.844482,1.0,59.59,0.0,0.0,-72.05505,99.998474,27.94342,3.6621094,59.61,59.57,59.32,59.41,0
251613.17,-0.11734007,-0.09286688,0.12041302,0.12203954,101.49103,24.060139,13.830161,-9.88968,0.0,0.0,127.485,0.0,7.643,24.84,44.72,0.0,94.73685,0.0,0.0,462.75,220.125,2724.0,0.0,-10.5,0.08062744,105.28038,6618.012,6592.54,1100.0834,519.2627,12.229388,10.10991,0.0,2.776845,3.0,23.796082,42.70124,40.12495,22.124971,1.056,0.0,-7.484375,0.0,0.0,0.0,0.0,0.0,0.0,0.87402344,0.8798828,55.363464,2.3437505,33.322544,33.648144,0.0,108.999954,6.25,1.0,104.45121,80.86946,480.0,546.375,0.43309456,14.5,0.0,11.15625,7.0023804,60.999992,22.070312,1.0,59.6,0.0,0.0,-72.21985,99.998474,27.778625,3.6621094,59.53,59.55,59.35,59.26,0
251613.22,-0.113872066,-0.11214676,0.121165924,0.12195475,101.49103,24.060139,13.817831,-9.877655,0.0,0.0,127.485,0.0,7.643,24.84,44.72,0.0,94.73685,0.0,0.0,462.75,220.125,2724.0,0.0,-10.6640625,0.08062744,105.28038,6664.7114,6590.4175,1100.0834,519.2627,11.635935,10.10991,0.0,2.846476,3.0,23.478699,42.716827,40.12495,22.124971,1.048,0.0,-7.578125,0.0,0.0,0.0,0.0,0.0,0.0,0.8808594,0.8798828,55.371094,2.3437505,33.405422,33.554585,0.0,108.999954,6.25,1.0,104.47609,80.86946,480.0,546.75,0.50272566,14.90625,0.0,11.15625,7.0023804,60.999992,22.064209,1.0,59.66,0.0,0.0,-72.26257,99.998474,27.7359,3.6621094,59.55,59.49,59.33,59.4,0
251613.25,-0.09109765,-0.10110871,0.121513486,0.12216671,101.49103,24.060139,13.832638,-9.87002,0.0,0.0,127.485,0.0,7.643,24.84,44.72,0.0,94.73685,0.0,0.0,462.375,220.125,2721.0,0.0,-10.71875,0.08099365,105.28038,6615.359,6619.0737,1100.0834,519.2627,12.5897,10.215884,0.0,2.902181,3.0,24.023438,42.730858,40.12495,22.124971,1.064,0.0,-7.59375,0.0,0.0,0.0,0.0,0.0,0.0,0.88671875,0.8798828,55.386353,2.3437505,33.458057,33.58881,0.0,108.999954,6.25,1.0,104.47609,80.86946,480.0,546.75,0.5584305,15.03125,0.0,11.21875,7.0023804,60.999992,22.009277,1.0,59.63,0.0,0.0,-72.195435,99.998474,27.80304,3.6621094,59.53,59.66,59.35,59.45,0
251613.3,-0.07287812,-0.096693486,0.12125432,0.12288731,101.49103,24.060139,13.831284,-9.875088,0.0,0.0,127.485,0.0,7.643,24.84,44.72,0.0,94.73685,0.0,0.0,462.375,220.125,2721.0,0.0,-11.0625,0.08099365,105.28038,6575.028,6636.586,1100.0834,519.2627,13.352712,10.300663,0.0,3.102995,3.0,24.443054,42.743484,40.12495,22.124971,1.068,0.0,-7.8125,0.0,0.0,0.0,0.0,0.0,0.0,0.88964844,0.8798828,55.40161,2.3437505,33.42313,33.75229,0.0,108.999954,6.25,1.0,104.47609,80.86946,480.0,547.125,0.7592444,14.96875,0.0,11.21875,7.0023804,60.999992,22.039795,1.0,59.59,0.0,0.0,-72.195435,99.998474,27.80304,3.6621094,59.55,59.55,59.33,59.33,0
251613.33,-0.0783025,-0.076177396,0.12179621,0.12280255,101.49103,24.060139,13.830336,-9.874122,0.0,0.0,127.485,0.0,7.643,24.84,44.72,0.0,94.73685,0.0,0.0,462.375,220.125,2720.0,0.0,-11.140625,0.08099365,105.28038,6608.991,6619.0737,1100.0834,519.2627,13.098374,10.258274,0.0,3.2636461,3.0,24.33014,42.754852,40.12495,22.124971,1.08,0.0,-7.78125,0.0,0.0,0.0,0.0,0.0,0.0,0.88671875,0.8798828,55.40161,2.3437505,33.429783,33.649258,0.0,108.999954,6.25,1.0,104.47609,80.86946,480.0,547.125,0.9198955,15.1875,0.0,11.21875,7.0023804,60.999992,22.01538,1.0,59.59,0.0,0.0,-72.195435,99.998474,27.80304,3.6621094,59.53,59.55,59.33,59.22,0
251613.36,-0.062642,-0.06797096,0.12175269,0.122124314,101.49103,24.060139,13.835531,-9.875386,0.0,0.0,127.485,0.0,7.643,24.84,44.72,0.0,94.73685,0.0,0.0,462.375,220.125,2719.0,0.0,-11.1171875,0.08099365,105.28038,6643.485,6663.1196,1100.0834,519.2627,12.63209,10.343053,0.0,3.2359169,3.0,24.092102,42.765083,40.12495,22.124971,1.084,0.0,-7.796875,0.0,0.0,0.0,0.0,0.0,0.0,0.8847656,0.8798828,55.39856,2.3437505,33.421062,33.504326,0.0,108.999954,6.25,1.0,104.47609,80.86946,480.0,547.125,0.89216644,15.15625,0.0,11.21875,7.0023804,60.999992,22.01538,1.0,59.52,0.0,0.0,-72.195435,99.998474,27.80304,3.6621094,59.51,59.51,59.38,59.43,0
251613.4,-0.0501136,-0.064688385,0.12193197,0.12280255,101.49103,24.060139,13.82159,-9.85786,0.0,0.0,127.485,0.0,7.643,24.84,44.72,0.0,94.73685,0.0,0.0,462.375,219.75,2720.0,0.0,-10.8125,0.08099365,105.28038,6637.1167,6654.629,1100.0834,519.2627,12.144609,10.300663,0.0,3.2137337,3.0,23.762512,42.774292,40.12495,21.749971,1.076,0.0,-7.7421875,0.0,0.0,0.0,0.0,0.0,0.0,0.88183594,0.8798828,55.39856,2.3437505,33.541878,33.726013,0.0,108.999954,6.25,1.0,104.47609,80.86946,480.0,546.75,0.86998314,15.0,0.0,11.21875,7.0023804,60.999992,22.009277,1.0,59.57,0.0,0.0,-72.195435,99.998474,27.80304,3.6621094,59.51,59.45,59.3,59.32,0
251613.44,-0.04009088,-0.063375354,0.12203908,0.12203954,101.49103,24.060139,13.82941,-9.854746,0.0,0.0,127.485,0.0,7.643,24.84,44.72,0.0,94.73685,0.0,0.0,462.375,219.75,2718.0,0.0,-10.7578125,0.08093262,105.27209,6664.7114,6642.954,1100.0834,519.2627,12.398947,10.258274,0.0,3.195987,3.0,23.977661,42.782578,40.12495,21.749971,1.076,0.0,-7.75,0.0,0.0,0.0,0.0,0.0,0.0,0.87890625,0.8798828,55.39093,2.3437505,33.563335,33.555107,0.0,108.999954,6.25,1.0,104.47609,80.86946,480.0,546.75,0.8522365,15.0625,0.0,11.21875,7.0023804,60.999992,22.009277,1.0,59.54,0.0,0.0,-72.20459,99.998474,27.793884,3.6621094,59.49,59.49,59.3,59.3,0
251613.48,-0.032072704,-0.06285015,0.12208225,0.12203954,101.49103,24.060139,13.829024,-9.853493,0.0,0.0,127.485,0.0,7.643,24.84,44.72,0.0,94.73685,0.0,0.0,462.375,219.75,2719.0,0.0,-10.703125,0.08093262,105.27209,6658.3433,6657.813,1100.0834,519.2627,11.847882,10.279469,0.0,3.1817896,3.0,23.614502,42.79003,40.12495,21.749971,1.072,0.0,-7.765625,0.0,0.0,0.0,0.0,0.0,0.0,0.8769531,0.8798828,55.3833,2.3437505,33.57198,33.58406,0.0,108.999954,6.25,1.0,104.525826,80.86946,480.0,546.75,0.8380392,15.34375,0.0,11.21875,7.0023804,60.999992,21.990967,1.0,59.49,0.0,0.0,-72.232056,99.998474,27.766418,3.6621094,59.49,59.55,59.18,59.26,0
251613.53,-0.045658164,-0.08139006,0.12201723,0.12432858,101.49103,24.060139,13.817036,-9.855381,0.0,0.0,127.485,0.0,7.643,24.84,44.72,0.0,94.73685,0.0,0.0,462.375,219.75,2720.0,0.0,-10.6875,0.081604004,105.29697,6565.476,6633.9326,1100.0834,519.2627,13.289127,10.258274,0.0,3.1704319,3.0,24.409485,42.796745,40.12495,21.749971,1.076,0.0,-7.65625,0.0,0.0,0.0,0.0,0.0,0.0,0.87597656,0.8798828,55.39093,2.3437505,33.558956,34.03185,0.0,108.999954,6.3476562,1.0,104.59216,80.86946,480.0,546.75,0.8266814,15.03125,0.0,11.78125,7.0023804,60.999992,22.2229,1.0,59.53,0.0,0.0,-72.53723,99.998474,27.461243,3.6621094,59.53,59.45,59.26,59.17,0
251613.56,-0.03652653,-0.088806026,0.12434347,0.12738062,101.49103,24.060139,13.826221,-9.775465,0.0,0.0,127.485,0.0,7.643,24.84,44.72,0.0,94.73685,0.0,0.0,462.375,219.75,2717.0,0.0,-10.6953125,0.08227539,105.32184,6571.8438,6814.3613,1100.0834,519.2627,15.154268,10.618586,0.0,3.1613455,3.0,25.544739,42.802788,40.12495,21.749971,1.076,0.0,-7.9765625,0.0,0.0,0.0,0.0,0.0,0.0,0.8769531,0.8798828,55.39856,2.3437505,34.10981,34.73137,0.0,108.999954,6.5429688,1.0,104.47609,80.86946,480.0,546.75,0.8175951,16.0,0.0,12.9375,7.469206,60.999992,22.65625,1.0,59.54,0.0,0.0,-72.29004,99.998474,27.708435,3.6621094,59.51,59.49,59.25,59.22,0
251613.61,-0.049221225,-0.091772415,0.1288668,0.12691432,101.49103,24.060139,13.815074,-9.599282,0.0,0.0,127.485,0.0,7.643,24.84,44.72,0.0,94.73685,0.0,0.0,462.0,219.75,2717.0,0.0,-10.640625,0.08227539,105.32184,6705.0425,6850.447,1100.0834,519.2627,16.214006,10.6609745,0.0,3.1540766,3.0,26.339722,42.80822,40.12495,21.749971,1.088,0.0,-8.9453125,0.0,0.0,0.0,0.0,0.0,0.0,0.87890625,0.8798828,55.474854,2.3437505,35.324223,34.92715,0.0,108.999954,6.5429688,1.0,104.47609,80.86946,480.0,546.75,0.8103261,18.28125,0.0,13.21875,7.469206,60.999992,22.497559,1.0,59.49,0.0,0.0,-72.24121,99.998474,27.757263,3.6621094,59.49,59.53,59.17,59.25,0
251613.64,-0.05937698,-0.09295897,0.12527394,0.13327277,101.49103,24.060139,13.824848,-9.7038965,0.0,0.0,127.485,0.0,7.643,24.84,44.72,0.0,94.73685,0.0,0.0,461.625,219.75,2718.0,0.0,-10.6171875,0.08294678,105.34671,6811.1772,6787.297,1100.0834,519.2627,13.585855,10.555001,0.0,3.1482613,3.0,24.80774,42.81311,40.12495,21.749971,1.12,0.0,-9.0,0.0,0.0,0.0,0.0,0.0,0.0,0.8798828,0.8798828,55.43213,2.3437505,34.603127,36.212814,0.0,108.999954,6.9335938,1.0,104.65021,80.86946,480.0,546.75,0.8045109,16.65625,0.0,15.25,7.0023804,60.999992,22.406006,1.0,59.45,0.0,0.0,-72.683716,99.998474,27.314758,3.6621094,59.55,59.49,59.17,59.09,0
251613.7,-0.06750159,-0.07468359,0.12950219,0.13314562,101.49103,24.060139,13.825831,-9.556096,0.0,0.0,127.485,0.0,7.643,24.84,44.72,0.0,94.73685,0.0,0.0,462.0,219.75,2715.0,0.0,-10.5078125,0.08294678,105.34671,6788.8887,7029.814,1100.0834,519.2627,16.362371,11.000092,0.0,3.1436093,3.0,26.51062,42.817513,40.12495,21.749971,1.096,0.0,-9.3125,0.0,0.0,0.0,0.0,0.0,0.0,0.875,0.8798828,55.455017,2.3437505,35.621895,36.352806,0.0,108.999954,6.9335938,1.0,104.47609,80.86946,480.0,546.75,0.79985875,18.5,0.0,15.34375,7.469206,60.999992,22.955322,1.0,59.46,0.0,0.0,-72.3114,99.998474,27.687073,3.6621094,59.45,59.4,59.18,59.2,0
251613.73,-0.07400127,-0.06737344,0.13345924,0.13284887,101.49103,24.060139,13.8148,-9.428535,0.0,0.0,127.485,0.0,7.643,24.84,44.72,0.0,94.73685,0.0,0.0,462.0,219.375,2718.0,0.0,-10.4609375,0.08294678,105.34671,6856.284,7074.3906,1100.0834,519.2627,19.117693,11.148455,0.0,2.9836376,3.0,28.269958,42.821472,40.12495,21.374973,1.108,0.0,-9.7109375,0.0,0.0,0.0,0.0,0.0,0.0,0.8720703,0.8798828,55.5542,2.3437505,36.501156,36.37773,0.0,108.999954,6.9335938,1.0,104.525826,80.86946,480.0,546.375,0.63988703,19.9375,0.0,15.59375,7.469206,60.999992,22.705078,1.0,59.47,0.0,0.0,-72.33887,99.998474,27.659607,3.6621094,59.43,59.51,59.12,59.25,0
251613.78,-0.07920101,-0.06444938,0.13161021,0.13314562,101.49103,24.060139,13.8246565,-9.467563,0.0,0.0,127.485,0.0,7.643,24.84,44.72,0.0,94.73685,0.0,0.0,460.875,219.375,2717.0,0.0,-10.09375,0.08294678,105.34671,7081.289,7016.0166,1100.0834,519.2627,14.963515,10.894117,0.0,2.8556602,3.0,25.920105,42.825043,40.12495,21.374973,1.168,0.0,-10.03125,0.0,0.0,0.0,0.0,0.0,0.0,0.8691406,0.8798828,55.508423,2.3437505,36.232143,36.52362,0.0,108.999954,6.9335938,1.0,104.70825,80.86946,480.0,546.0,0.51190966,19.1875,0.0,15.5625,7.469206,60.999992,22.912598,1.0,59.41,0.0,0.0,-72.84546,99.998474,27.153015,3.6621094,59.51,59.51,59.22,59.18,0
251613.81,-0.06336081,-0.04452975,0.13067244,0.14158113,101.49103,24.060139,13.813978,-9.454686,0.0,0.0,127.485,0.0,7.643,24.84,44.72,0.0,94.73685,0.0,0.0,461.625,219.375,2716.0,0.0,-10.1484375,0.08526611,105.42134,7022.385,6958.704,1100.0834,519.2627,14.730372,10.745754,0.0,2.7532783,3.0,25.70343,42.828255,40.12495,21.374973,1.112,0.0,-10.4765625,0.0,0.0,0.0,0.0,0.0,0.0,0.8652344,0.8798828,55.462646,2.3437505,36.32091,38.5045,0.0,108.999954,7.6171875,1.0,104.79946,80.86946,480.0,546.375,0.40952775,18.75,0.0,19.3125,7.469206,60.999992,23.034668,1.0,59.43,0.0,0.0,-73.06213,99.998474,26.93634,3.6621094,59.45,59.51,59.07,59.22,0
251613.84,-0.05068865,-0.055311903,0.1352907,0.1526448,101.49103,24.060139,13.812363,-9.334786,0.0,0.0,127.485,0.0,7.643,24.84,44.72,0.0,94.73685,0.0,0.0,462.0,219.375,2718.0,0.0,-10.171875,0.08691406,105.495964,7044.142,7155.5835,1100.0834,519.2627,15.705333,11.212039,0.0,2.6713727,3.0,26.32904,42.831146,40.12495,21.374973,1.1,0.0,-10.5,0.0,0.0,0.0,0.0,0.0,0.0,0.86035156,0.8798828,55.54657,2.3437505,37.14736,40.65485,0.0,108.999954,8.300781,1.0,104.47609,80.86946,480.0,546.375,0.3276222,20.6875,0.0,23.25,7.936031,60.999992,23.364258,1.0,59.53,0.0,0.0,-72.53113,99.998474,27.467346,3.6621094,59.38,59.58,59.18,59.43,0
251613.89,-5.50922E-4,-0.078374766,0.15102579,0.16057163,101.49103,24.060139,13.82295,-8.711157,0.0,0.0,127.485,0.0,7.643,24.84,44.72,0.0,94.73685,0.0,0.0,460.875,218.625,2725.0,0.0,-10.125,0.088256836,105.545715,7211.8345,7691.562,1100.0834,519.2627,23.547401,12.801647,0.0,2.4495983,3.0,31.278992,42.833748,38.99995,20.624973,1.172,0.0,-12.7734375,0.008605957,0.0,0.0,0.0,0.0,0.0,0.85839844,0.8798828,55.75409,2.3437505,41.445972,43.407948,0.0,108.999954,8.691406,1.0,104.47609,80.86946,480.0,546.0,0.10584779,27.34375,0.0,26.1875,8.869681,60.999992,24.23706,1.0,59.49,2.59375,0.0,-72.25952,96.8811,24.440002,3.6621094,59.63,59.38,59.32,59.2,0
251613.92,-0.020440737,-0.08759991,0.15353009,0.16141945,101.49103,24.060139,13.818644,-8.42636,0.0,0.0,127.485,0.0,7.643,24.84,44.72,0.0,94.73685,0.0,0.0,459.0,219.0,2730.0,0.0,-9.4375,0.08856201,105.89397,7556.2407,8057.1953,1100.0834,519.2627,24.903868,12.8652315,0.0,2.2721786,3.0,32.53784,42.83609,34.124958,20.999973,1.284,0.0,-15.59375,0.009277344,0.0,0.0,0.0,0.0,0.0,0.8671875,0.8808594,55.86853,2.3437505,43.409042,45.052753,0.0,108.999954,8.886719,1.0,104.47609,80.86946,480.0,545.625,-0.07157175,29.15625,0.0,27.53125,8.869681,60.999992,24.328613,1.0,59.44,2.78125,0.0,-72.24121,96.64307,24.24469,3.6621094,59.41,59.74,59.2,59.22,0
251613.97,0.063647404,-0.07253997,0.15569963,0.16133466,101.49103,24.060139,13.821487,-8.197963,0.0,0.0,127.485,0.0,7.643,24.84,44.72,0.0,94.73685,0.0,0.0,459.0,219.0,2737.0,0.0,-8.9765625,0.08898926,106.00176,7984.493,8171.8203,1100.0834,519.2627,22.720804,13.246738,0.0,2.286493,3.0,31.619263,42.838196,31.49996,20.999973,1.284,0.0,-17.195312,0.009643555,0.0,0.0,0.0,0.0,0.0,0.87109375,0.8808594,55.924988,2.3437505,44.98336,46.161404,0.0,108.999954,8.886719,1.0,104.50096,80.86946,480.0,544.875,-0.057257403,30.28125,0.0,27.5625,8.869681,60.999992,24.346924,1.0,59.54,2.90625,0.0,-72.33887,96.51489,23.939514,3.6621094,59.43,59.45,59.17,59.3,0
251614.0,0.13091792,-0.06651599,0.15885709,0.15985103,101.49103,24.060139,13.829338,-8.017302,0.0,0.0,127.485,0.0,7.643,24.84,44.72,0.0,94.73685,0.0,0.0,459.375,219.0,2737.0,0.0,-8.3828125,0.08905029,106.09297,8410.623,8252.482,1100.0834,519.7934,20.452963,13.03479,0.0,2.2979445,3.0,30.83496,42.840088,31.49996,20.999973,1.268,0.0,-17.992188,0.0076904297,0.0,0.0,0.0,0.0,0.0,0.8701172,0.88183594,55.924988,2.3437505,46.22864,46.428883,0.0,108.999954,8.886719,1.0,104.6585,80.86946,480.375,544.5,-0.045805924,31.8125,0.0,27.71875,8.402857,60.999992,24.121094,1.0,59.38,2.3125,0.0,-72.787476,97.2229,24.235535,3.6621094,59.4,59.49,59.45,59.26,0
251614.05,0.26473433,-0.026606396,0.1534152,0.15790108,101.49103,24.060139,13.828974,-8.097457,16.09457,6.169548,127.485,0.0,7.643,24.84,44.72,0.0,94.73685,0.0,0.0,459.375,219.0,2732.0,0.0,-8.546875,0.08911133,106.167595,8637.22,7983.4316,1100.0834,519.7934,11.551155,12.738063,0.0,2.3071058,3.0,25.51117,42.841797,31.49996,20.999973,1.26,0.0,-19.109375,0.0048828125,0.0,0.0,0.0,0.0,0.0,0.86621094,0.8808594,55.87616,2.3437505,45.676136,46.59046,0.0,108.999954,8.691406,1.0,104.79946,80.86946,480.375,544.5,-0.03664474,29.125,0.0,26.5,8.402857,60.999992,24.243164,1.0,59.47,1.46875,0.0,-73.098755,98.236084,24.961853,3.6621094,59.3,59.4,59.58,58.91,0
251614.1,0.21178746,0.008107442,0.15673228,0.15815546,101.49103,24.060139,13.8345785,-7.9601493,50.318596,19.225134,127.485,0.0,7.643,24.84,44.72,0.0,94.73685,0.0,0.0,460.5,219.0,2723.0,0.0,-8.578125,0.088256836,105.9686,8427.074,8223.826,1100.0834,519.7934,17.040604,12.9924,0.0,2.1581848,3.0,28.9505,42.84333,31.12496,20.999973,1.2,0.0,-19.453125,0.0053100586,0.0,0.0,0.0,0.0,0.0,0.8613281,0.8798828,55.94635,2.3437505,46.622585,46.908157,0.0,108.999954,8.691406,1.0,104.79946,80.86946,480.375,544.5,-0.18556577,30.28125,0.0,26.46875,8.402857,60.999992,24.810791,1.0,59.47,1.59375,0.0,-72.994995,98.07739,24.937439,3.6621094,59.43,59.38,59.17,59.07,0
251614.12,0.20942998,0.04074298,0.15665902,0.15701091,101.49103,24.060139,13.832643,-7.971302,64.50639,24.618689,127.485,0.0,7.643,24.84,44.72,0.0,94.73685,0.0,0.0,459.75,219.0,2720.0,0.0,-8.5625,0.088378906,106.04322,8516.227,8117.692,1100.0834,519.2627,11.720714,12.759258,0.0,1.882798,3.0,25.772095,42.84471,31.12496,20.999973,1.228,0.0,-19.492188,0.0032348633,0.0,0.0,0.0,0.0,0.0,0.8623047,0.8808594,55.86853,2.3437505,46.54571,46.61838,0.0,108.999954,8.691406,1.0,104.849205,80.86946,480.0,544.5,-0.46095258,30.75,0.0,26.625,8.402857,60.999992,24.291992,1.0,59.31,0.96875,0.0,-73.065186,98.828125,25.679016,3.6621094,59.4,59.45,59.26,59.17,0
251614.17,0.227544,0.0725472,0.15687172,0.15777394,101.49103,24.060139,13.831287,-7.958493,75.349464,28.746344,127.485,0.0,7.643,24.84,44.72,0.0,94.73685,0.0,0.0,460.125,219.0,2719.0,0.0,-8.625,0.088378906,106.05981,8287.507,8342.697,1100.0834,519.2627,15.980865,13.161959,0.0,1.6624885,3.0,28.326416,42.845955,31.12496,20.999973,1.2,0.0,-19.554688,0.004272461,0.0,0.0,0.0,0.0,0.0,0.8613281,0.8808594,55.863953,2.3437505,46.634,46.81525,0.0,108.999954,8.691406,1.0,104.90725,80.86946,480.0,544.5,-0.681262,30.75,0.0,26.625,8.402857,60.999992,24.609375,1.0,59.47,1.28125,0.0,-73.30017,98.44971,25.053406,3.6621094,59.51,59.41,59.17,59.26,0
251614.2,0.2220352,0.04776888,0.15919487,0.15662941,101.49103,24.060139,13.824479,-7.8739014,50.353874,19.224483,127.485,0.0,7.643,24.84,44.72,0.0,94.73685,0.0,0.0,459.75,219.0,2721.0,0.0,-8.6875,0.088378906,106.0681,8286.445,8281.139,1100.0834,519.2627,17.358526,12.801647,0.0,1.4862409,3.0,29.223633,42.847076,31.12496,20.999973,1.228,0.0,-19.835938,0.0028076172,0.0,0.0,0.0,0.0,0.0,0.859375,0.88183594,55.90973,2.3437505,47.217083,46.655434,0.0,108.999954,8.691406,1.0,105.0648,80.86946,480.0,544.875,-0.8575096,31.96875,0.0,26.6875,8.402857,60.999992,24.79248,1.0,59.42,0.84375,0.0,-73.635864,98.98071,25.267029,3.6621094,59.51,59.49,59.12,59.17,0
251614.25,0.17762816,0.037857555,0.15513372,0.15790108,101.49103,24.060139,13.831432,-8.031633,50.318596,19.225134,127.485,0.0,7.643,24.84,44.72,0.0,94.73685,0.0,0.0,459.75,219.0,2723.0,0.0,-8.796875,0.08843994,106.15102,8389.927,8063.5635,1100.0834,519.2627,11.720714,12.5897,0.0,1.3452429,3.0,25.761414,42.848083,31.12496,20.999973,1.224,0.0,-19.640625,0.0038452148,0.0,0.0,0.0,0.0,0.0,0.8642578,0.8808594,55.78308,2.3437505,46.129856,46.62578,0.0,108.999954,8.691406,1.0,105.12283,80.86946,480.0,544.875,-0.9985076,30.375,0.0,26.625,8.402857,60.999992,24.475098,1.0,59.56,1.15625,0.0,-73.757935,98.6084,24.790955,3.6621094,59.49,59.51,59.32,59.07,0
251614.28,0.14210252,0.033893023,0.15784259,0.15747721,101.49103,24.060139,13.83044,-8.010968,50.333893,19.223917,127.485,0.0,7.643,24.84,44.72,0.0,94.73685,0.0,0.0,460.875,219.0,2722.0,0.0,-8.8671875,0.08831787,106.03493,8234.439,8297.59,1100.0834,519.2627,15.641748,12.928816,0.0,1.2324444,3.0,28.155518,42.84899,31.12496,20.999973,1.172,0.0,-18.898438,0.003967285,0.0,0.0,0.0,0.0,0.0,0.8613281,0.8808594,55.844116,2.3437505,46.272297,46.212517,0.0,108.999954,8.691406,1.0,105.12283,80.86946,480.0,544.875,-1.1113061,31.0625,0.0,26.53125,8.402857,60.999992,24.865723,1.0,59.46,1.1875,0.0,-73.72742,98.565674,24.742126,3.6621094,59.57,59.49,59.2,59.09,0
251614.34,0.113682024,0.03230721,0.15642124,0.16307263,101.49103,24.060139,13.823886,-8.074258,50.324554,19.22035,127.485,0.0,7.643,24.84,44.72,0.0,94.73685,0.0,0.0,459.75,219.0,2722.0,0.0,-8.8359375,0.08972168,106.15102,8261.504,8030.131,1100.0834,519.2627,12.568505,12.398947,0.0,0.9859556,3.0,26.237488,42.849808,31.12496,20.999973,1.22,0.0,-18.390625,0.008544922,0.0,0.0,0.0,0.0,0.0,0.86328125,0.88183594,55.79071,2.3437505,45.83605,47.236305,0.0,108.999954,9.277344,1.0,105.12283,80.86946,480.0,544.875,-1.3577949,30.84375,0.0,29.875,8.402857,60.999992,24.389648,1.0,59.44,2.5625,0.0,-73.654175,96.92383,23.130798,3.6621094,59.33,59.49,59.07,59.2,0
251614.38,0.11094563,0.031672888,0.15950976,0.17426349,101.49103,24.060139,13.819298,-7.974715,50.33986,19.219131,127.485,0.0,7.643,24.84,44.72,0.0,94.73685,0.0,0.0,460.875,219.0,2721.0,0.0,-8.421875,0.091674805,106.17589,8178.719,8284.854,1100.0834,519.2627,14.730372,13.204349,0.0,0.7887646,3.0,27.531433,42.85054,31.12496,20.999973,1.16,0.0,-18.375,0.020202637,0.0,0.0,0.0,0.0,0.0,0.8642578,0.8798828,55.793762,2.3437505,46.522182,49.57205,0.0,108.999954,9.765625,1.0,105.12283,80.86946,480.0,544.5,-1.5549859,31.8125,0.0,32.5,8.869681,60.999992,25.482178,1.0,59.44,6.0625,0.0,-73.6969,92.785645,18.644714,3.6621094,59.45,59.45,59.09,59.09,0
251614.4,0.0887565,0.050169155,0.1706454,0.17205921,101.49103,24.060139,13.821946,-7.5718665,64.519905,24.660055,127.485,0.0,7.643,24.84,44.72,0.0,94.73685,0.0,0.0,460.875,219.375,2724.0,0.0,-8.390625,0.09100342,106.14272,8155.3696,8606.441,1100.0834,519.2627,20.940443,13.797802,0.0,0.6310117,3.0,31.391907,42.851204,30.74996,21.374973,1.16,0.0,-19.242188,0.018737793,0.0,0.0,0.0,0.0,0.0,0.8642578,0.8857422,56.025696,2.3437505,49.298977,49.606056,0.0,108.999954,9.765625,1.0,104.90725,80.86946,480.0,544.5,-1.7127388,37.21875,0.0,32.75,9.336507,60.999992,26.00708,1.0,59.37,5.625,0.0,-73.40698,93.28613,19.361877,3.6621094,59.38,59.32,59.25,59.35,0
251614.44,0.051005203,0.057567663,0.17083219,0.1685409,101.49103,24.060139,13.8238,-7.4743257,64.47006,24.69528,127.485,0.0,7.643,24.84,44.72,0.0,94.73685,0.0,0.0,458.625,219.375,2730.0,0.0,-8.4296875,0.091430664,106.64852,8428.666,8707.269,1100.0834,519.2627,22.25452,13.289127,0.0,0.6610595,3.0,32.55005,42.8518,30.74996,21.374973,1.292,0.0,-20.210938,0.014282227,0.0,0.0,0.0,0.0,0.0,0.875,0.88671875,55.970764,2.3437505,49.971313,49.50812,0.0,108.999954,9.765625,1.0,105.205765,80.86946,480.0,544.5,-1.682691,37.71875,0.0,32.78125,8.869681,60.999992,25.177002,1.0,59.45,4.28125,0.0,-73.99597,94.89746,20.51239,3.6621094,59.35,59.53,59.22,59.33,0
251614.48,0.040804163,0.041777067,0.16573238,0.1713386,101.49103,24.060139,13.819238,-7.5315905,50.28038,19.266973,127.485,0.0,7.643,24.84,44.72,0.0,94.73685,0.0,0.0,458.625,219.375,2731.0,0.0,-8.515625,0.091430664,106.62364,8824.017,8702.492,1100.0834,519.2627,16.150423,13.607049,0.0,0.8413477,3.0,29.08783,42.852333,30.74996,21.374973,1.284,0.0,-21.171875,0.017700195,0.0,0.0,0.0,0.0,0.0,0.88671875,0.8847656,56.00128,2.3437505,49.576595,50.74192,0.0,108.999954,9.765625,1.0,105.44622,80.86946,480.0,544.5,-1.5024028,35.125,0.0,32.71875,8.402857,60.999992,25.982666,1.0,59.42,5.3125,0.0,-74.58496,93.670654,18.659973,3.6621094,59.43,59.43,59.3,59.09,0
251614.53,0.03264333,0.054210827,0.16692428,0.17646773,101.49103,24.060139,13.816045,-7.397852,64.47006,24.69528,127.485,0.0,7.643,24.84,44.72,0.0,94.73685,0.0,0.0,459.75,219.375,2730.0,0.0,-8.5859375,0.09265137,106.55731,8800.137,8561.334,1100.0834,519.7934,15.641748,13.289127,0.0,0.9855782,3.0,28.76892,42.852814,30.374962,21.374973,1.256,0.0,-22.070312,0.022155762,0.0,0.0,0.0,0.0,0.0,0.8925781,0.8847656,55.993652,2.3437505,50.49844,52.481785,0.0,108.999954,10.15625,1.0,105.44622,80.86946,480.375,544.5,-1.3581723,35.78125,0.0,34.84375,8.869681,60.999992,25.848389,1.0,59.48,6.65625,0.0,-74.45068,92.12036,17.158508,3.6621094,59.49,59.49,59.32,59.22,0
251614.56,0.04611466,0.059184335,0.16968541,0.19024435,101.49103,24.060139,13.819669,-7.2726927,64.43147,24.68954,127.485,0.0,7.643,24.84,44.72,0.0,94.73685,0.0,0.0,459.75,219.375,2731.0,0.0,-8.625,0.09539795,106.67339,8706.207,8728.495,1100.0834,519.7934,17.040604,14.052139,0.0,1.1009626,3.0,29.49524,42.85325,30.374962,21.374973,1.248,0.0,-22.34375,0.03656006,0.0,0.0,0.0,0.0,0.0,0.890625,0.8857422,56.010437,2.3437505,51.36115,55.661392,0.0,108.999954,11.425781,1.0,105.44622,80.86946,480.375,544.5,-1.2427878,36.75,0.0,41.875,9.336507,60.999992,26.629639,1.0,59.5,10.96875,0.0,-74.45679,87.1582,11.897278,3.6621094,59.49,59.51,59.15,59.32,0
251614.61,0.03689173,0.079923734,0.1918036,0.23454145,101.49103,24.060139,13.804627,-6.446482,75.25415,28.878923,127.485,0.0,7.643,24.84,44.72,0.0,94.73685,0.0,0.0,459.75,218.625,2735.0,0.0,-8.7109375,0.1027832,107.24552,8715.76,9264.475,1100.0834,519.7934,26.048386,15.366216,0.0,1.1932702,3.0,35.217285,42.92883,26.999966,20.624973,1.256,0.0,-23.828125,0.08050537,0.0,0.0,0.0,0.0,0.0,0.890625,0.8925781,56.318665,2.3437505,57.05613,66.07083,0.0,108.999954,20.3125,1.0,105.12283,80.86946,480.375,544.875,-1.1504803,46.0625,0.0,91.375,10.736983,60.999992,28.43628,1.0,59.52,24.15625,0.0,-73.742676,72.65015,0.0,3.6621094,59.61,59.53,59.38,59.17,0
251614.66,0.029513383,0.08821949,0.2222648,0.28540888,101.49103,24.060139,13.811677,-5.249073,75.212456,28.97901,127.485,0.0,7.643,24.84,44.72,0.0,94.73685,0.0,0.0,457.125,218.625,2746.0,0.0,-8.6796875,0.11230469,108.21566,9044.245,9693.258,1100.0834,519.7934,31.91934,18.100342,0.0,1.2671163,3.0,39.067078,42.99685,22.499971,20.249973,1.384,0.0,-26.15625,0.13250732,0.0,0.0,0.0,0.0,0.0,0.9003906,0.89941406,56.43463,2.3437505,65.30974,78.69307,0.0,108.999954,47.65625,1.0,104.47609,80.86946,480.0,544.875,-1.0766342,59.875,0.0,272.75,13.537935,60.999992,30.670166,1.0,59.54,39.75,0.0,-72.70508,56.951904,0.0,3.6621094,59.57,59.53,59.33,59.22,0
251614.69,0.023610707,0.0915378,0.30233532,0.47984976,101.49103,24.060139,13.810752,-2.7493858,75.08079,29.107368,127.485,0.0,7.643,24.84,44.72,0.0,94.73685,0.0,0.0,454.875,215.625,2763.0,0.0,-8.6484375,0.14227295,110.744644,9510.706,10130.001,1100.0834,519.7934,40.312473,24.861477,0.0,1.4824431,3.0,44.277954,43.058067,18.374977,17.624977,1.568,0.0,-27.984375,0.25079346,0.0,0.0,0.0,0.0,0.0,0.9003906,0.9199219,56.91681,2.3437505,82.53981,107.89683,0.0,108.999954,98.14453,1.0,103.16599,108.76292,480.75,544.875,-0.8613073,86.0,0.0,437.78125,18.673014,61.199993,38.3667,1.0,59.6,75.25,0.0,-8.99353,50.097656,36.17401,3.6621094,59.66,59.76,59.15,59.38,0
251614.72,0.018888567,0.092865124,0.41238663,0.8876799,101.49103,24.060139,13.7808075,-0.46587083,75.002266,29.371592,127.485,0.0,7.643,24.84,44.72,0.0,94.73685,0.0,0.0,451.125,211.875,2791.0,0.0,-8.859375,0.5599365,173.57954,9919.8545,10569.397,1100.0834,520.58936,48.64202,31.686197,0.0,1.6547046,3.0,49.739075,43.113163,14.999981,13.874982,1.928,0.0,-28.375,0.0,0.0,0.0,0.0,0.0,0.0,0.9033203,0.9394531,57.315063,2.3437505,98.27983,172.57173,0.0,108.999954,99.90234,0.0,100.5458,188.5047,483.375,544.875,-0.68904585,135.65625,0.0,437.6875,44.348408,61.379997,34.783936,1.0,59.73,0.0,0.0,75.479126,99.998474,99.998474,3.2421875,59.83,59.76,59.57,59.33,0
251614.77,0.035110854,0.16839606,0.4357334,1.2067884,101.49103,24.060139,13.795003,-0.18535526,105.96274,42.150185,127.485,0.0,7.643,24.84,44.72,0.0,94.73685,0.0,0.0,441.0,211.125,2835.0,0.0,-10.3828125,0.8001709,245.27003,10604.422,11016.754,1100.0834,520.58936,48.451267,32.830715,0.0,1.7925138,3.0,50.65918,43.16275,14.624981,13.124983,2.664,0.0,-24.375,0.0,0.0,0.0,0.0,0.0,0.0,0.9375,0.9394531,57.40509,2.3437505,100.213394,227.80475,0.0,108.999954,99.90234,0.0,101.524216,256.48877,486.0,546.375,-0.5512367,142.5625,0.0,437.59375,70.49063,61.542,38.842773,1.0,60.03,0.0,0.0,73.526,99.998474,99.998474,3.3081055,60.12,60.1,59.55,59.45,0
251614.81,0.028088683,0.31110844,0.45696843,1.2145457,101.49103,24.060139,13.781502,-0.06485032,138.88893,54.740986,127.485,0.0,7.643,24.84,44.72,0.0,94.73685,0.0,0.0,441.375,210.0,2809.0,0.0,-9.234375,0.8156128,252.12732,11280.498,11464.11,1100.0834,522.1814,48.620827,34.80183,0.0,2.059011,3.0,51.794434,43.20738,14.624981,11.999985,2.66,0.0,-18.453125,0.0,0.0,0.0,0.0,0.0,0.0,0.9628906,0.9394531,57.487488,2.3437505,101.04402,227.70656,0.0,108.999954,99.90234,0.0,102.28706,256.5385,486.75,545.25,-0.28473938,153.09375,0.0,437.6875,76.55936,61.6878,41.52832,1.0,60.34,0.0,0.0,73.690796,99.998474,99.998474,3.515625,60.31,60.36,59.57,59.87,0
251614.83,0.022470947,0.5931934,0.4824569,1.2212008,101.49103,24.060139,13.772051,0.13824885,186.57072,73.14138,127.485,0.0,7.643,24.84,44.72,0.0,94.73685,0.0,0.0,441.375,209.625,2794.0,0.0,-7.5,0.81103516,252.62482,11890.7705,11793.658,1100.0834,522.1814,46.882854,36.772945,0.0,2.428459,3.0,51.623535,43.247543,14.249982,11.624985,2.66,0.0,-10.3203125,0.0,0.0,0.0,0.0,0.0,0.0,0.9814453,0.9394531,57.626343,2.3437505,102.44396,230.08278,0.0,108.999954,99.90234,0.0,103.48107,259.40747,486.75,543.375,0.08470847,161.78125,0.0,437.6875,77.49301,61.819023,44.891357,1.0,60.36,0.0,0.0,72.42737,99.998474,99.998474,3.6328125,60.46,60.42,59.78,59.68,0
251614.88,0.017976759,0.8560274,0.51067495,1.2286614,101.49103,24.060139,13.777154,0.4098089,212.20102,82.89149,127.485,0.0,7.643,24.84,44.72,0.0,94.73685,0.0,0.0,439.5,208.5,2784.0,0.0,-6.171875,0.7928467,251.01622,12419.32,12342.903,1100.0834,522.1814,49.002335,39.23154,0.0,2.7240171,3.0,54.019165,43.28369,13.499983,10.499987,2.82,0.0,-1.3125,0.0,0.0,0.0,0.0,0.0,0.0,0.9902344,0.9394531,57.92694,2.3437505,104.315796,228.95888,0.0,108.999954,99.90234,0.0,105.46281,258.47052,487.125,542.25,0.38026676,173.28125,0.0,438.0,78.42666,61.937122,49.49341,1.0,60.62,0.0,0.0,72.36023,99.998474,99.998474,3.6621094,60.7,60.7,60.08,60.25,0
251614.92,0.03438141,1.054911,0.5471163,1.2699065,101.49103,24.060139,13.769008,0.81482846,226.52187,88.83522,127.485,0.0,7.643,24.84,44.72,0.0,94.73685,0.0,0.0,438.375,208.125,2795.0,0.0,-6.3828125,0.7894287,252.35948,12829.53,12782.3,1100.0834,521.12006,51.73646,42.198807,0.0,3.116714,3.0,56.448364,43.316227,12.374984,10.124987,2.996,0.0,0.5390625,0.0,0.0,0.0,0.0,0.0,0.0,0.9941406,1.0,58.20923,2.3437505,107.10755,232.63132,0.0,108.999954,99.90234,0.0,108.248825,262.55005,489.0,542.625,0.7729634,181.71875,0.0,437.78125,78.42666,62.04341,55.69458,1.0,60.79,0.0,0.0,71.762085,99.998474,99.998474,3.6621094,60.8,60.88,60.23,60.47,0
251614.95,0.047505125,1.1907144,0.5612747,1.2759682,101.49103,24.060139,13.769165,1.192708,234.63641,92.445496,127.485,0.0,7.643,24.84,44.72,0.0,94.73685,0.0,0.0,438.375,207.75,2808.0,0.0,-6.6640625,0.7928467,255.70935,13242.924,13111.848,1100.0834,521.12006,48.663216,40.630394,0.0,3.430871,3.0,55.46112,43.34551,11.999985,9.749988,2.996,0.0,0.71875,0.0,0.0,0.0,0.0,0.0,0.0,0.9902344,1.0,58.091736,2.3437505,109.712234,234.25105,0.0,108.999954,99.90234,0.0,110.61198,264.3991,489.0,542.625,1.0871207,185.0625,0.0,437.59375,78.893486,62.139072,59.625244,1.0,61.06,0.0,0.0,71.33484,99.998474,99.998474,3.6621094,61.11,61.11,60.42,60.34,0
251615.02,0.0580041,1.3012857,0.5804677,1.2808006,101.49103,24.060139,13.769275,1.6669699,242.62842,95.83261,127.485,0.0,7.643,24.84,44.72,0.0,94.73685,0.0,0.0,441.0,207.375,2815.0,0.0,-7.140625,0.7893677,256.8536,13669.054,13661.093,1100.0834,521.9161,48.663216,42.135223,0.0,3.682197,3.0,56.33545,43.37186,11.999985,9.374988,2.916,0.0,0.296875,0.0,0.0,0.0,0.0,0.0,0.0,0.9824219,1.0,58.277893,2.3437505,112.98127,235.21721,0.0,108.999954,99.90234,0.0,114.06135,264.8303,490.5,543.375,1.3384465,191.40625,0.0,437.6875,78.893486,62.225166,64.99634,1.0,61.26,0.0,0.0,71.10901,99.998474,99.998474,3.6621094,61.33,61.37,60.74,60.88,0
251615.05,0.066403285,1.4017644,0.59848964,1.2851242,101.49103,24.060139,13.763493,2.1205568,250.21045,99.00287,127.485,0.0,7.643,24.84,44.72,0.0,94.73685,0.0,0.0,441.375,206.625,2820.0,0.0,-6.9609375,0.78656006,257.4838,14004.438,13998.601,1100.0834,521.9161,51.058228,42.749874,0.0,3.7270079,3.0,58.537292,43.395576,12.374984,8.624989,2.984,0.0,0.328125,0.0,0.0,0.0,0.0,0.0,0.0,0.99316406,1.0,58.403015,2.3437505,116.107796,235.85818,0.0,108.999954,99.90234,0.0,117.14588,265.89163,492.0,543.0,1.3832573,196.3125,0.0,437.59375,78.893486,62.30265,69.555664,1.0,61.49,0.0,0.0,70.76416,99.998474,99.998474,3.6645508,61.49,61.52,60.8,61.03,0
251615.1,0.09312263,1.4794558,0.62895435,1.2891089,101.49103,24.060139,13.771163,2.8718786,255.23274,101.49145,127.485,0.0,7.643,24.84,44.72,0.0,94.73685,0.0,0.0,442.125,206.25,2834.0,0.0,-6.4921875,0.7807007,258.92654,14725.621,14561.113,1100.0834,521.9161,49.680565,44.86935,0.0,3.7628565,3.0,58.935547,43.416924,12.374984,8.2499895,2.98,0.0,0.5859375,0.0,0.0,0.0,0.0,0.0,0.0,1.0126953,1.0,58.602905,2.3437505,121.286575,236.4231,0.0,108.999954,99.90234,0.0,122.29505,266.97784,493.125,542.625,1.4191059,207.96875,0.0,437.59375,78.893486,62.372387,76.75171,1.0,61.71,0.0,0.0,70.40405,99.998474,99.998474,3.6669922,61.82,61.7,61.19,61.21,0
251615.14,0.11449811,1.5480323,0.65658987,1.2843188,101.49103,24.060139,13.764814,3.5756934,260.01215,104.01215,127.485,0.0,7.643,24.84,44.72,0.0,94.73685,0.0,0.0,442.5,205.875,2851.0,0.0,-6.671875,0.7763672,259.31625,15046.678,15011.123,1100.0834,522.4467,52.372303,46.22582,0.0,3.7915354,3.0,61.331177,43.436134,12.749984,7.87499,3.028,0.0,1.046875,0.0,0.0,0.0,0.0,0.0,0.0,1.0263672,1.0,58.813477,2.3437505,126.13789,236.00645,0.0,108.999954,99.90234,0.0,126.838936,266.88663,494.25,542.625,1.4477848,217.15625,0.0,437.5,78.893486,62.43515,82.58667,1.0,61.97,0.0,0.0,69.644165,99.998474,99.998474,3.6621094,62.03,62.03,61.31,61.58,0
251615.17,0.11159849,1.612963,0.6778952,1.28966,101.49103,24.060139,13.76037,4.154888,264.7402,106.386406,127.485,0.0,7.643,24.84,44.72,0.0,94.73685,0.0,0.0,441.375,205.875,2864.0,0.0,-7.1171875,0.7770386,261.14874,15404.882,15348.631,1100.0834,522.4467,54.110275,48.430073,0.0,3.9707284,3.0,62.794495,43.453426,11.999985,7.87499,3.104,0.0,1.3046875,0.0,0.0,0.0,0.0,0.0,0.0,1.0361328,1.0,59.147644,2.3437505,130.13022,237.60329,0.0,108.999954,99.90234,0.0,130.65315,268.07236,495.0,543.0,1.6269778,225.34375,0.0,437.375,78.893486,62.49164,87.13989,1.0,62.21,0.0,0.0,68.566895,99.998474,99.998474,3.6621094,62.22,62.32,61.47,61.77,0
251615.22,0.1092788,1.6764352,0.7031027,1.2937716,101.49103,24.060139,13.7514,4.8295817,269.43387,108.83964,127.485,0.0,7.643,24.84,44.72,0.0,94.73685,0.0,0.0,440.25,205.5,2879.0,0.0,-7.0703125,0.77783203,263.56995,15909.551,15911.144,1100.0834,523.50806,54.915676,50.95225,0.0,4.114083,3.0,63.86261,43.468987,10.874986,7.4999905,3.224,0.0,1.609375,0.0,0.0,0.0,0.0,0.0,0.0,1.0390625,1.0,59.365845,2.3437505,134.7808,238.66597,0.0,108.999954,99.90234,0.0,135.70282,269.36588,496.125,543.0,1.7703322,233.0,0.0,437.1875,79.36031,62.542477,92.456055,1.0,62.58,0.0,0.0,67.65747,99.998474,99.998474,3.6621094,62.6,62.6,61.96,61.77,0
251615.25,0.10742304,1.7393241,0.73209476,1.3022072,101.49103,24.060139,13.756839,5.605623,274.11447,111.30732,127.485,0.0,7.643,24.84,44.72,0.0,94.73685,0.0,0.0,439.875,204.0,2894.0,0.0,-7.0234375,0.7788086,265.26974,16417.404,16371.767,1100.0834,523.50806,57.967724,53.728767,0.0,4.2287664,3.0,66.371155,43.48299,9.749988,5.9999924,3.316,0.0,1.8046875,0.0,0.0,0.0,0.0,0.0,0.0,1.0302734,1.0,59.780884,2.3437505,140.12997,240.71489,0.0,108.999954,99.90234,0.0,141.01782,269.49023,497.625,543.0,1.8850158,239.59375,0.0,437.1875,79.36031,62.58823,97.924805,1.0,62.8,0.0,0.0,66.900635,99.998474,99.998474,3.659668,62.87,62.96,62.22,62.26,0
251615.3,0.12593843,1.8207297,0.76444757,1.3268358,101.49103,24.060139,13.754787,6.4375463,280.84308,114.59123,127.485,0.0,7.643,24.84,44.72,2.0,94.73685,0.0,0.0,438.375,203.25,2908.0,0.0,-6.65625,0.78375244,268.35428,16963.996,16832.39,1100.0834,523.50806,58.92149,57.37427,0.0,4.3205132,3.0,67.5293,43.495594,8.2499895,5.2499933,3.42,0.0,2.2265625,0.0,0.0,0.0,0.0,0.0,0.0,1.0273438,1.0,60.151672,2.3437505,145.86433,245.12454,0.0,108.999954,99.90234,0.0,146.73087,269.6312,498.375,542.625,1.9767627,251.0,0.0,437.28125,79.36031,62.62941,103.60718,1.0,63.1,0.0,0.0,66.02173,99.998474,99.998474,3.6669922,63.36,63.35,62.48,62.53,0
251615.33,0.14075074,1.9095421,0.7998242,1.3356102,101.49103,24.060139,13.735773,7.327301,287.42496,118.04306,127.485,0.0,7.643,24.84,44.72,2.0,94.73685,0.0,0.0,436.875,201.375,2927.0,0.0,-6.5546875,0.7880249,270.9579,17384.29,17293.014,1100.0834,524.5694,61.973537,60.320347,0.0,4.3939104,3.0,69.914246,43.50694,6.374992,3.3749957,3.528,0.0,2.3671875,0.0,0.0,0.0,0.0,0.0,0.0,1.0234375,1.0,60.546875,2.3437505,151.99731,246.57448,0.0,108.999954,99.90234,0.0,152.84187,269.7224,499.125,542.625,2.0501602,261.0,0.0,437.1875,79.36031,62.66647,109.020996,1.0,63.46,0.0,0.0,64.852905,99.998474,99.998474,3.6669922,63.59,63.69,62.84,62.96,0
251615.38,0.11260059,1.9825668,0.8321233,1.3566779,101.49103,24.060139,13.740041,8.216938,291.68695,120.73474,127.485,0.0,7.643,24.84,44.72,2.0,94.73685,0.0,0.0,448.5,200.25,2950.0,0.0,-6.59375,0.7914429,274.1419,17603.986,17757.883,1100.0834,524.5694,67.31462,63.096863,0.0,4.6088786,3.0,73.3078,43.517147,3.7499952,2.2499971,2.908,0.0,2.7265625,0.0,0.0,0.0,0.0,0.0,0.0,0.9902344,1.0,60.987854,2.3437505,158.12949,250.98026,0.0,108.999954,99.90234,0.0,158.93631,269.78876,500.25,542.625,2.2651281,267.0,0.0,437.375,79.36031,62.699825,113.82446,1.0,63.84,0.0,0.0,64.434814,99.998474,99.998474,3.6621094,64.06,64.06,63.12,63.32,0
251615.4,0.09008047,2.0680268,0.8695806,1.3849517,101.49103,24.060139,13.73131,9.203351,297.92523,124.15293,127.485,0.0,7.643,24.84,44.72,2.0,94.73685,0.0,0.0,445.5,199.125,2970.0,0.0,-6.7265625,0.7992554,278.02246,17983.418,18226.996,1100.0834,524.5694,70.36667,64.368546,0.0,4.4683533,3.0,74.79553,43.526337,2.6249967,1.1249986,3.104,0.0,3.0703125,0.0,0.0,0.0,0.0,0.0,0.0,0.9638672,1.0,61.286926,2.3437505,164.92873,256.41916,0.0,108.999954,99.90234,0.0,165.71896,269.8219,501.0,542.625,2.1246026,274.46875,0.0,437.5,79.82713,62.729843,118.896484,1.0,64.13,0.0,0.0,63.409424,99.998474,99.998474,3.6621094,64.49,64.41,63.47,63.29,0
251615.45,0.11206438,2.1772108,0.9131126,1.4015685,101.49103,24.060139,13.736917,10.345381,306.1838,128.0241,127.485,0.0,7.643,24.84,44.72,2.0,94.73685,0.0,0.0,443.25,198.0,2980.0,0.0,-6.75,0.80255127,280.95773,18331.54,18696.111,1100.0834,524.5694,74.41488,66.657585,0.0,4.0434327,3.0,76.85089,43.534607,0.74999905,0.0,3.256,0.0,3.53125,0.0,0.0,0.0,0.0,0.0,0.0,0.95410156,1.0,61.517334,2.3437505,172.80061,259.61884,0.0,108.999954,99.90234,0.0,172.70891,269.85507,501.75,542.625,1.6996821,283.4375,0.0,437.5,79.82713,62.75686,123.67554,1.0,64.56,0.0,0.0,62.63733,99.998474,99.998474,3.6621094,64.85,64.67,63.64,63.92,0
251615.48,0.16965151,2.2958844,0.9524597,1.3982623,101.49103,24.060139,13.740842,11.429921,314.1413,132.14474,127.485,0.0,7.643,24.84,44.72,2.0,94.73685,0.0,0.0,441.75,197.25,2998.0,0.0,-6.75,0.80145264,282.6907,18854.781,19165.225,1100.0834,524.5694,77.65768,69.75202,0.0,3.7034962,3.0,78.40576,43.54205,-0.74999905,-0.74999905,3.332,0.0,3.90625,0.0,0.0,0.0,0.0,0.0,0.0,0.9589844,1.0,61.990356,2.3437505,180.27623,259.7264,0.0,108.999954,99.90234,0.0,180.16321,269.88824,502.125,542.625,1.3597457,296.65625,0.0,437.1875,79.82713,62.781174,128.57666,1.0,64.98,0.0,0.0,61.66687,99.998474,99.998474,3.6572266,65.06,65.15,63.92,64.29,0
251615.52,0.19572121,2.3996038,0.997334,1.39805,101.49103,24.060139,13.726011,12.603215,320.06097,135.8923,127.485,0.0,7.643,24.84,44.72,2.0,94.73685,0.0,0.0,439.875,196.875,3026.0,0.0,-6.4140625,0.8066406,285.74207,19319.65,19642.299,1100.0834,525.3654,81.70588,72.95244,0.0,3.4315472,3.0,80.392456,43.548748,-1.8749976,-1.1249986,3.448,0.0,4.2578125,0.06561279,0.0,0.0,0.0,0.0,0.0,0.96972656,1.0,62.701416,2.3437505,188.36362,259.8327,0.0,108.999954,99.90234,0.0,188.14816,270.05408,502.5,542.625,1.0877966,308.90625,0.0,437.1875,79.82713,62.80306,133.80127,1.0,65.41,19.6875,0.0,60.41565,98.90747,99.998474,3.6523438,65.57,65.51,64.81,64.49,0
251615.56,0.19657698,2.4973416,1.0410131,1.4060192,101.49103,24.060139,13.733208,13.695041,325.9569,138.99019,127.485,0.0,7.643,24.84,44.72,2.0,94.73685,0.0,0.0,437.25,196.125,3039.0,0.0,-6.4140625,0.8104248,289.26608,19911.35,20000.502,1100.0834,525.3654,85.139435,77.53051,0.0,3.2139878,3.0,82.0282,43.554775,-3.3749957,-1.8749976,3.56,0.0,4.484375,0.16802979,0.0,0.0,0.0,0.0,0.0,0.97558594,1.0,63.598633,2.3437505,195.88945,260.81873,0.0,108.999954,99.90234,0.0,196.60574,270.336,502.5,542.625,0.8702373,322.5625,0.0,437.28125,79.82713,62.822754,138.77563,1.0,65.75,50.40625,0.0,59.32312,96.850586,99.998474,3.6547852,65.92,65.92,65.06,65.09,0
251615.61,0.2372616,2.6114368,1.0905232,1.3989828,101.49103,24.060139,13.720667,14.964004,333.44727,142.55841,127.485,0.0,7.643,24.84,44.72,2.0,94.73685,0.0,0.0,434.25,195.75,3047.0,0.0,-6.5390625,0.8135376,291.98578,20359.236,20000.502,1100.0834,525.3654,82.59606,81.13362,0.0,3.0399404,3.0,80.14679,43.5602,-4.1249948,-2.2499971,3.704,0.0,4.8203125,0.27490234,0.0,0.0,0.0,0.0,0.0,0.9765625,0.99609375,64.33258,2.3437505,204.63628,259.4928,0.0,108.999954,99.90234,0.0,205.32866,270.61792,502.5,542.625,0.6961898,339.15625,0.0,438.1875,79.82713,62.84048,143.51807,1.0,66.18,82.46875,0.0,58.66089,93.029785,99.998474,3.6547852,66.4,66.4,65.26,65.57,0
251615.64,0.2898093,2.750825,1.1408376,1.4079269,101.49103,24.060139,13.723607,16.275602,342.5841,147.76253,127.485,0.0,7.643,24.84,44.72,2.0,94.73685,0.0,0.0,433.5,195.0,3074.0,0.0,-6.625,0.82025146,296.00726,20359.768,20000.502,1100.0834,525.3654,85.30899,85.98723,0.0,2.9007025,3.0,81.06384,43.565083,-5.2499933,-2.9999962,3.8,0.0,4.9375,0.33685303,0.0,0.0,0.0,0.0,0.0,0.9785156,0.9814453,65.322876,2.3437505,213.67699,261.1475,0.0,108.999954,99.90234,0.0,214.3501,271.0325,503.625,542.625,0.5569519,351.9375,0.0,437.375,79.82713,62.856434,148.57788,0.0,66.61,101.0625,0.0,58.15735,90.67383,99.998474,3.6523438,66.84,66.8,65.74,65.76,0
251615.7,0.31184745,2.84408,1.1089565,1.5790535,101.49103,24.060139,13.719806,17.699886,346.1726,150.86462,127.485,0.0,7.643,24.84,44.72,2.0,94.73685,0.0,0.0,430.125,194.625,3106.0,0.0,-6.7421875,0.82928467,301.26425,20287.596,20000.502,1100.0834,525.3654,90.37454,90.9892,0.0,2.789312,3.0,83.61664,43.569477,-4.4999943,-3.3749957,4.012,0.0,4.5390625,0.41082764,0.0,0.0,0.0,0.0,0.0,0.9794922,0.9003906,66.76178,2.3437505,223.49442,316.98984,0.0,108.999954,99.90234,0.0,224.1095,271.928,504.75,542.625,0.4455615,364.125,0.0,437.5,79.82713,62.870792,152.52075,0.0,67.13,123.25,0.0,56.240845,87.30469,99.998474,3.6523438,67.33,67.39,66.19,66.35,0
251615.73,0.32947797,2.956382,1.1696825,1.572907,101.49103,24.060139,13.717145,19.316324,353.2125,155.02296,127.485,0.0,7.643,24.84,44.72,2.0,94.73685,0.0,0.0,425.25,191.625,3128.0,0.0,-6.375,0.82666016,301.65396,20309.885,20000.502,1100.0834,525.3654,91.222336,93.87168,0.0,2.7001996,3.0,84.06677,43.573433,-5.624993,-5.624993,4.26,0.0,4.34375,0.38458252,0.0,0.0,0.0,0.0,0.0,0.9707031,0.91796875,67.64679,2.3437505,234.63635,314.4706,0.0,108.999954,99.90234,0.0,235.29506,272.58307,505.5,542.25,0.35644922,336.5,0.0,437.59375,79.82713,62.883717,158.53882,0.0,67.64,115.375,0.0,51.828003,88.549805,99.998474,3.6523438,68.0,67.91,66.54,66.8,0
251615.78,0.3435824,3.076303,1.2369838,1.5980017,101.49103,24.060139,13.721142,21.341137,360.34488,157.74884,127.485,0.0,7.643,24.84,44.72,2.0,94.73685,0.0,0.0,422.25,190.125,3120.0,0.0,-6.0625,0.8444214,307.4416,20119.904,20000.502,1100.0834,525.3654,98.55573,99.72144,0.0,2.6289098,3.0,87.95624,43.576992,-6.374992,-7.87499,4.404,0.0,4.6875,0.46185303,0.0,0.0,0.0,0.0,0.0,0.95410156,0.921875,68.1015,2.3437505,248.59315,320.15503,0.0,108.999954,99.90234,0.0,248.55359,272.77377,505.5,542.25,0.28515938,361.875,0.0,437.875,79.82713,62.895348,163.99536,0.0,68.2,138.5625,0.0,49.899292,84.05762,99.998474,3.647461,68.36,68.3,67.03,67.22,0
251615.8,0.3548659,3.1805212,1.275744,1.5981712,101.49103,24.060139,13.7180805,22.397438,365.49603,161.23466,127.485,0.0,7.643,24.84,44.72,2.0,94.73685,0.0,0.0,415.875,189.75,3144.0,0.0,-5.9921875,0.85998535,313.10486,20116.72,20000.502,1100.0834,525.3654,98.93723,100.124146,0.0,2.571878,3.0,87.59003,43.580196,-6.7499914,-8.2499895,4.752,0.0,5.3203125,0.50531006,0.0,0.0,0.0,0.0,0.0,0.9316406,0.9482422,69.11621,2.3437505,255.87413,319.64346,0.0,108.999954,99.90234,0.0,255.38599,272.99765,505.5,541.875,0.22812751,366.28125,0.0,437.5,79.82713,62.905815,166.56494,0.0,68.61,151.59375,0.0,48.065186,80.57251,99.998474,3.647461,68.6,68.69,67.52,67.67,0
251615.84,0.36389273,3.2409587,1.3248491,1.598468,101.49103,24.060139,13.710078,23.66748,367.06253,164.08885,127.485,0.0,7.643,24.84,44.72,2.0,94.73685,0.0,0.0,413.25,189.75,3186.0,0.0,-5.8203125,0.8739624,319.26562,20074.266,20000.502,1100.0834,525.3654,102.62513,102.92185,0.0,2.5262525,3.0,88.974,43.58308,-6.7499914,-8.2499895,4.856,0.0,5.625,0.5441284,0.0,0.0,0.0,0.0,0.0,0.90722656,0.94140625,70.19501,2.3437505,264.6284,318.4361,0.0,108.999954,99.90234,0.0,265.21173,274.11703,505.875,541.875,0.18250202,374.6875,0.0,438.28125,79.82713,62.915234,171.58203,0.0,69.06,163.25,0.0,23.709106,77.39258,98.716736,3.647461,69.2,69.15,67.8,67.83,0
251615.89,0.3711142,3.2651336,1.3855132,1.5986373,101.49103,24.060139,13.7220545,25.267498,367.15714,165.47057,127.485,0.0,7.643,24.84,44.72,2.0,94.73685,0.0,0.0,408.0,189.375,3212.0,0.0,-5.7890625,0.8800049,325.8244,19971.316,20000.502,1100.0834,525.3654,108.22055,108.8352,0.0,2.333502,3.0,91.352844,43.585674,-7.124991,-8.624989,5.084,0.0,5.390625,0.6039429,0.0,0.0,0.0,0.0,0.0,0.9033203,0.93066406,71.495056,2.3437505,275.65714,317.285,0.0,108.999954,99.90234,0.0,276.28946,274.9545,505.875,541.875,-0.010248363,388.3125,0.0,438.375,79.82713,62.923714,177.53296,0.0,69.59,181.1875,0.02746582,0.34179688,72.90039,71.562195,3.227539,69.9,69.86,68.3,68.75,0
251615.94,0.39689136,3.3310537,1.4343544,1.599019,101.49103,24.060139,13.7187195,26.331175,372.0955,170.72432,127.485,0.0,7.643,24.84,44.72,2.0,94.73685,0.0,0.0,400.5,189.375,3270.0,0.0,-5.90625,0.8945923,333.11285,19900.205,20000.502,1100.0834,525.3654,112.31114,110.82751,0.0,2.1793017,3.0,92.78412,43.58801,-7.124991,-8.624989,5.416,0.0,4.7890625,0.64385986,0.0,0.0,0.0,0.0,0.0,0.91503906,0.9238281,72.38922,2.3437505,282.98895,314.7901,0.0,108.999954,99.90234,0.0,283.6609,276.51337,505.875,541.875,-0.16444868,396.84375,0.0,438.59375,79.82713,62.931343,180.60303,0.0,70.18,193.15625,-0.38452148,-9.213257,71.19141,60.264587,2.7954102,70.56,70.39,68.93,69.12,0
251615.97,0.41751307,3.4511716,1.4048767,1.5992309,101.49103,24.060139,13.728104,25.520996,380.3278,176.10239,127.485,0.0,7.643,24.84,44.72,2.0,94.73685,0.0,0.0,392.625,189.0,3300.0,0.0,-6.59375,0.9110718,340.79102,19960.172,20000.502,1100.0834,525.3654,109.13193,107.18201,0.0,2.0559416,3.0,90.56702,43.59011,-7.124991,-8.999989,5.692,0.0,5.0859375,0.63604736,0.0,0.0,0.0,0.0,0.0,0.91796875,0.9199219,72.42432,2.3437505,277.40448,314.98108,0.0,108.999954,99.90234,0.0,278.2629,277.2513,506.25,542.625,-0.28780892,390.59375,0.0,438.875,79.82713,62.93821,178.61938,0.0,70.81,190.8125,-0.56152344,-2.4719238,72.25342,67.98859,2.4731445,71.37,71.15,69.61,69.53,0
251616.02,0.43401045,3.592969,1.3805145,1.5992309,101.49103,24.060139,13.711235,24.962353,388.49313,179.9922,127.485,0.0,7.643,24.84,44.72,2.0,94.73685,0.0,0.0,395.25,189.0,3302.0,0.0,-6.53125,0.90270996,338.83417,19888.0,20000.502,1100.0834,525.3654,108.68684,106.86408,0.0,1.9572533,3.0,90.33661,43.592003,-7.124991,-8.999989,5.572,0.0,5.8125,0.6481323,0.0,0.0,0.0,0.0,0.0,0.9267578,0.9199219,72.276306,2.3437505,273.5538,315.45645,0.0,108.999954,99.90234,0.0,274.04245,277.60788,506.625,542.625,-0.38649714,388.40625,0.0,438.875,79.82713,62.94439,177.6123,0.0,71.67,194.4375,-0.45776367,2.2033691,71.136475,71.81549,2.4951172,71.72,72.0,70.04,70.16,0
251616.03,0.44720834,3.7809377,1.3486661,1.5993156,101.49103,24.060139,13.699427,24.058405,399.51947,185.43712,127.485,0.0,7.643,24.84,44.72,2.0,94.73685,0.0,0.0,395.25,189.375,3308.0,0.0,-6.4765625,0.89837646,337.5904,19884.816,20000.502,1100.0834,525.3654,106.20705,104.27832,0.0,2.0345528,3.0,89.05182,43.593708,-6.7499914,-8.624989,5.572,0.0,6.2109375,0.65374756,0.0,0.0,0.0,0.0,0.0,0.93066406,0.92578125,71.32721,2.3437505,267.323,316.08627,0.0,108.999954,99.90234,0.0,267.9977,277.7654,506.625,542.625,-0.30919772,385.625,0.0,439.0,79.82713,62.94995,173.6084,0.0,72.33,196.125,-0.2319336,7.76062,70.81299,77.26288,2.5390625,72.59,72.08,70.52,70.71,0
251616.08,0.43776667,3.8748753,1.3506155,1.5995277,101.49103,24.060139,13.708739,24.018036,401.0755,188.18529,127.485,0.0,7.643,24.84,44.72,2.0,94.73685,0.0,0.0,398.625,189.375,3344.0,0.0,-6.5,0.8902588,335.30188,19892.246,20000.502,1100.0834,525.3654,105.9951,104.49027,0.0,2.0963924,3.0,88.80005,43.59524,-6.7499914,-8.624989,5.372,0.0,6.5,0.68811035,0.0,0.0,0.0,0.0,0.0,0.93847656,0.921875,71.81854,2.3437505,267.04474,315.12848,0.0,108.999954,99.90234,0.0,267.71582,278.4619,506.625,542.625,-0.24735819,382.75,0.0,439.0,79.82713,62.954956,173.69385,0.0,72.58,206.4375,0.28686523,12.542725,70.21484,82.447815,2.7783203,72.93,72.72,71.0,71.35,0
251616.12,0.47021335,3.8749502,1.3556509,1.5997819,101.49103,24.060139,13.685961,24.018133,398.03,188.54346,127.485,0.0,7.643,24.84,44.72,2.0,94.73685,0.0,0.0,400.5,189.375,3376.0,0.0,-6.4453125,0.89733887,337.98013,19990.951,20000.502,1100.0834,525.3654,107.033646,106.27063,0.0,2.145864,3.0,88.786316,43.596622,-6.7499914,-8.624989,5.252,0.0,6.375,0.7053833,0.0,0.0,0.0,0.0,0.0,0.9404297,0.91796875,72.10846,2.3437505,267.0454,314.03656,0.0,108.999954,99.90234,0.0,267.74896,279.33255,506.625,542.625,-0.19788656,383.84375,0.0,439.1875,79.82713,62.95946,173.92578,0.0,73.27,211.625,0.7110596,12.7960205,69.60449,82.7652,2.9370117,73.46,73.5,71.37,71.81,0
251616.16,0.4961707,3.8562303,1.3576523,1.5998244,101.49103,24.060139,13.693454,24.02794,396.72763,188.4832,127.485,0.0,7.643,24.84,44.72,2.0,94.73685,0.0,0.0,397.125,189.375,3386.0,0.0,-6.296875,0.90460205,340.6998,19929.924,20000.502,1100.0834,525.3654,106.69453,105.67718,0.0,2.1854413,3.0,88.612366,43.597862,-6.7499914,-8.624989,5.364,0.0,6.359375,0.70996094,0.0,0.0,0.0,0.0,0.0,0.9355469,0.91796875,72.302246,2.3437505,267.113,313.53534,0.0,108.999954,99.90234,0.0,267.74896,279.65594,506.625,542.25,-0.15830925,381.46875,0.0,439.375,79.82713,62.963516,174.09058,0.0,73.76,213.0,0.9552002,14.263916,69.732666,84.62372,2.9907227,73.79,74.01,71.96,71.98,0
251616.2,0.49693656,3.8299923,1.374377,1.6000364,101.49103,24.060139,13.68698,24.39784,395.2534,189.33565,127.485,0.0,7.643,24.84,44.72,2.0,94.73685,0.0,0.0,396.75,189.75,3414.0,0.0,-6.2109375,0.91186523,343.4444,19971.316,20000.502,1100.0834,525.3654,107.66949,106.82169,0.0,2.217103,3.0,88.57727,43.52379,-6.7499914,-8.2499895,5.364,0.0,6.2421875,0.7211304,0.0,0.0,0.0,0.0,0.0,0.9189453,0.91308594,72.76764,2.3437505,269.6627,312.73807,0.0,108.999954,99.90234,0.0,270.29456,280.21976,507.0,542.25,-0.1266474,388.0,0.0,439.375,79.82713,62.967167,175.81787,0.0,74.25,216.34375,1.260376,11.001587,69.87305,81.94122,3.0419922,74.43,74.6,72.41,72.7,0
251616.25,0.5175492,3.819497,1.3882936,1.6000364,101.49103,24.060139,13.705886,24.720196,395.63043,189.62726,127.485,0.0,7.643,24.84,44.72,2.0,94.73685,0.0,0.0,393.75,189.75,3416.0,0.0,-6.1328125,0.92193604,347.2337,19831.748,20000.502,1100.0834,525.3654,110.76392,108.45369,0.0,2.2424326,3.0,90.16571,43.457123,-6.7499914,-8.2499895,5.484,0.0,6.2578125,0.7262573,0.0,0.0,0.0,0.0,0.0,0.9082031,0.91015625,73.25897,2.3437505,271.88464,312.2007,0.0,108.999954,99.90234,0.0,272.54163,280.45193,507.0,542.25,-0.10131792,391.75,0.0,439.0,79.82713,62.97045,177.02637,0.0,74.74,217.875,1.4892578,7.9467773,70.288086,79.62189,3.046875,74.76,74.73,73.2,73.27,0
251616.28,0.55403936,3.777799,1.4050912,1.6004179,101.49103,24.060139,13.71912,25.037636,392.34317,190.91429,127.485,0.0,7.643,24.84,44.72,2.0,94.73685,0.0,0.0,392.625,189.75,3468.0,0.0,-6.0546875,0.93237305,351.1723,19822.197,20000.502,1100.0834,525.3654,111.993225,108.68684,0.0,2.262696,3.0,90.11383,43.397125,-6.7499914,-8.2499895,5.536,0.0,6.421875,0.74176025,0.0,0.0,0.0,0.0,0.0,0.91015625,0.9033203,73.45123,2.3437505,274.07272,310.72968,0.0,108.999954,99.90234,0.0,274.75552,280.56802,507.0,542.25,-0.08105434,398.96875,0.0,439.09375,79.82713,62.973408,178.19824,0.0,75.16,222.53125,1.574707,5.493164,70.27588,77.33917,3.0541992,75.17,75.46,73.4,73.61,0
251616.34,0.5432315,3.7048697,1.429418,1.6006722,101.49103,24.060139,13.710806,25.484104,387.74203,190.79716,127.485,0.0,7.643,24.84,44.72,0.0,94.73685,0.0,0.0,384.0,189.75,3507.0,0.0,-5.859375,0.95184326,358.49393,19759.047,20000.502,1100.0834,525.3654,116.5501,110.61556,0.0,2.278907,3.0,91.88385,43.343124,-6.7499914,-8.2499895,5.832,0.0,6.4453125,0.7637329,0.0,0.0,0.0,0.0,0.0,0.90234375,0.9003906,73.99597,2.3437505,277.15018,309.34384,0.0,108.999954,99.90234,0.0,277.54984,280.70898,507.375,541.875,-0.06484347,403.125,0.0,439.375,79.82713,62.97607,179.65698,0.0,75.93,229.125,1.7272949,2.8411865,70.4895,75.37384,2.9980469,76.67,76.07,74.03,74.22,0
251616.38,0.5145852,3.694448,1.434642,1.6006722,101.49103,24.060139,13.728423,25.681889,389.51492,191.8335,127.485,0.0,7.643,24.84,44.72,0.0,94.73685,0.0,0.0,384.0,189.75,3510.0,0.0,-5.625,0.9616089,362.18375,19736.758,20000.502,1100.0834,525.3654,119.3902,112.226364,0.0,2.2918756,3.0,93.32886,43.294525,-6.7499914,-8.2499895,5.828,0.0,7.109375,0.74798584,0.0,0.0,0.0,0.0,0.0,0.89746094,0.9003906,75.05798,2.3437505,278.5135,309.97205,0.0,108.999954,99.90234,0.0,278.95944,280.77533,507.375,541.875,-0.051874775,411.46875,0.0,439.375,79.82713,62.978466,180.3833,0.0,76.62,224.40625,1.7791748,-0.07019043,71.380615,73.3017,2.9199219,76.67,76.82,74.47,74.63,0
251616.42,0.5316681,3.7465296,1.4491624,1.6009688,101.49103,24.060139,13.723177,26.039557,394.10242,196.63649,127.485,0.0,7.643,24.84,44.72,0.0,94.73685,0.0,0.0,356.625,189.375,3556.0,0.0,-5.3671875,0.9729614,366.46228,19884.816,20000.502,1100.0834,525.3654,119.623344,113.90075,0.0,2.1460006,3.0,92.33093,43.250786,-6.374992,-8.624989,7.1,0.0,7.59375,0.76446533,0.0,0.0,0.0,0.0,0.0,0.89160156,0.8955078,75.479126,2.3437505,280.97885,309.5031,0.0,108.999954,99.90234,0.0,281.6211,280.81677,507.375,541.5,-0.19774981,405.75,0.0,438.875,79.82713,62.98062,181.7749,0.0,77.14,229.34375,1.7425537,-1.6296387,71.343994,71.90094,2.8515625,77.54,77.48,74.79,75.38,0
251616.44,0.5453345,3.767362,1.4485787,1.601096,101.49103,24.060139,13.725365,25.961027,394.3755,197.71342,127.485,0.0,7.643,24.84,44.72,0.0,94.73685,0.0,0.0,355.125,189.375,3573.0,0.0,-5.2265625,0.98101807,369.4805,19962.824,20000.502,1100.0834,525.3654,118.987495,114.133896,0.0,2.0293007,3.0,92.0105,43.21142,-6.374992,-8.624989,7.104,0.0,8.265625,0.7661133,0.0,0.0,0.0,0.0,0.0,0.89160156,0.8955078,75.479126,2.3437505,280.43756,309.0847,0.0,108.999954,99.90234,0.0,280.8085,280.84164,507.75,541.125,-0.31444985,401.84375,0.0,438.6875,79.82713,62.98256,181.64673,0.0,77.73,229.84375,1.7456055,0.048828125,71.624756,73.85101,2.800293,77.83,77.77,75.53,75.59,0
251616.48,0.53626764,3.775695,1.4435116,1.601096,101.49103,24.060139,13.744473,25.866701,394.53247,198.01357,127.485,0.0,7.643,24.84,44.72,0.0,94.73685,0.0,0.0,354.375,189.375,3577.0,0.0,-5.0,0.98602295,371.371,19954.334,20000.502,1100.0834,525.3654,118.309265,113.37088,0.0,1.9359406,3.0,91.6687,43.175987,-6.374992,-8.624989,7.108,0.0,8.875,0.7585449,0.0,0.0,0.0,0.0,0.0,0.890625,0.8955078,75.479126,2.3437505,279.78738,309.4656,0.0,108.999954,99.90234,0.0,280.44366,280.88312,507.75,541.125,-0.40780985,400.40625,0.0,438.28125,79.82713,62.984306,181.38428,0.0,78.09,227.5625,1.7364502,0.0,72.08862,74.263,2.7807617,78.63,78.25,75.89,76.35,0
251616.53,0.5490141,3.8165283,1.4444349,1.6011809,101.49103,24.060139,13.740272,25.843449,397.8674,200.52473,127.485,0.0,7.643,24.84,44.72,0.0,94.73685,0.0,0.0,354.375,189.375,3592.0,0.0,-4.7109375,0.9885864,372.34943,19880.57,20000.502,1100.0834,525.3654,119.98365,114.133896,0.0,1.8612525,3.0,91.963196,43.144104,-6.374992,-8.624989,7.076,0.0,9.0,0.7671509,0.0,0.0,0.0,0.0,0.0,0.8925781,0.8925781,75.479126,2.3437505,279.6271,309.21793,0.0,108.999954,99.90234,0.0,280.00418,280.8997,507.75,540.75,-0.48249787,401.875,0.0,438.1875,79.82713,62.985878,181.34766,0.0,78.68,230.15625,1.7456055,0.97961426,71.90552,75.25177,2.7783203,78.34,78.61,76.55,76.78,0
251616.58,0.61921126,3.8328614,1.4456652,1.601308,101.49103,24.060139,13.749049,25.821714,397.98932,201.64717,127.485,0.0,7.643,24.84,44.72,0.0,94.73685,0.0,0.0,353.25,189.375,3611.0,0.0,-4.6640625,0.9937134,374.27313,19924.617,20000.502,1100.0834,525.3654,119.3902,114.02792,0.0,1.8015022,3.0,91.66565,43.11541,-6.374992,-8.624989,7.116,0.0,9.09375,0.7749634,0.0,0.0,0.0,0.0,0.0,0.890625,0.8925781,75.479126,2.3437505,279.4773,308.7945,0.0,108.999954,99.90234,0.0,280.00418,280.8997,507.75,540.75,-0.5422483,400.25,0.0,438.0,79.82713,62.987293,181.43921,0.0,78.78,232.5,1.7608643,0.42114258,71.83838,74.68414,2.775879,78.91,79.19,77.0,77.42,0
251616.61,0.675369,3.8393946,1.4508448,1.60152,101.49103,24.060139,13.743475,25.868282,397.964,203.58871,127.485,0.0,7.643,24.84,44.72,0.0,94.73685,0.0,0.0,351.375,189.75,3646.0,0.0,-4.7421875,0.99749756,375.691,19847.67,20000.502,1100.0834,525.3654,120.068436,113.71,0.0,1.7537019,3.0,91.87775,43.089584,-5.9999924,-8.2499895,7.152,0.0,9.4375,0.7961426,0.0,0.0,0.0,0.0,0.0,0.88964844,0.890625,75.479126,2.3437505,279.79828,308.06094,0.0,108.999954,99.90234,0.0,280.32758,280.8997,507.75,540.75,-0.5900486,405.03125,0.0,437.78125,79.82713,62.988567,181.92749,0.0,79.34,238.84375,1.7547607,0.076293945,71.221924,74.02191,2.7832031,79.36,79.34,77.33,77.71,0
251616.64,0.64029527,3.7670078,1.4625771,1.6016896,101.49103,24.060139,13.727854,26.01803,392.03058,202.0385,127.485,0.0,7.643,24.84,44.72,0.0,94.73685,0.0,0.0,351.75,189.75,3673.0,0.0,-5.03125,1.006958,379.24817,19877.387,20000.502,1100.0834,525.3654,121.63685,115.17244,0.0,1.7154616,3.0,92.11578,43.066338,-5.9999924,-8.2499895,7.112,0.0,9.6328125,0.81103516,0.0,0.0,0.0,0.0,0.0,0.8886719,0.8876953,75.479126,2.3437505,280.83047,306.69138,0.0,108.999954,99.90234,0.0,281.1899,280.8997,508.125,541.125,-0.62828887,406.40625,0.0,437.28125,79.82713,62.98971,182.6294,0.0,79.87,243.3125,1.751709,-0.85754395,70.79468,72.90192,2.7807617,79.95,79.99,78.15,78.19,0
251616.69,0.63223624,3.7193031,1.4552163,1.6018591,101.49103,24.060139,13.728638,25.72437,390.473,202.87941,127.485,0.0,7.643,24.84,44.72,0.0,94.73685,0.0,0.0,348.75,189.75,3703.0,0.0,-5.1640625,1.017395,383.17847,19894.37,20000.502,1100.0834,525.3654,121.0222,114.706154,0.0,1.6848693,3.0,91.26587,43.045418,-5.9999924,-8.2499895,7.136,0.0,9.96875,0.8200073,0.0,0.0,0.0,0.0,0.0,0.8847656,0.8857422,75.479126,2.3437505,278.8063,306.0405,0.0,108.999954,99.90234,0.0,279.35745,280.8997,508.125,541.125,-0.6588811,401.34375,0.0,436.78125,79.82713,62.99074,182.18994,0.0,80.63,246.0,1.8066406,1.0772705,70.495605,74.775696,2.7856445,80.72,80.78,78.49,78.91,0
251616.73,0.625789,3.7189713,1.4623941,1.6019864,101.49185,24.060139,13.717468,25.794552,392.38367,204.75304,127.485,0.0,7.643,24.84,44.72,0.0,94.73685,0.0,0.0,348.375,190.125,3719.0,0.0,-5.203125,1.0218506,384.86996,19834.934,20000.502,1100.0834,525.3654,122.27269,114.812126,0.0,1.6603956,3.0,91.7511,42.9514,-5.624993,-7.87499,7.152,0.0,10.2109375,0.8320923,0.0,0.0,0.0,0.0,0.0,0.8808594,0.8828125,75.479126,2.3437505,279.2909,305.00732,0.0,108.999954,99.90234,0.0,279.76376,280.8997,508.125,541.125,-0.6833549,408.3125,0.0,436.375,79.82713,62.99167,182.55615,0.0,80.95,249.625,1.8310547,0.78125,70.01343,74.11957,2.7856445,81.22,81.22,79.34,79.43,0
251616.77,0.60063124,3.7375884,1.4717418,1.6021558,101.4926,24.060139,13.721368,25.89727,393.8548,207.34436,127.485,0.0,7.643,24.84,44.72,0.0,94.73685,0.0,0.0,346.5,190.5,3752.0,0.0,-5.1953125,1.0349121,389.787,19813.176,20000.502,1100.0834,525.3654,124.265,115.93545,0.0,1.6408165,3.0,92.20734,42.86679,-5.624993,-7.4999905,7.212,0.0,10.90625,0.84198,0.0,0.0,0.0,0.0,0.0,0.8798828,0.8798828,75.479126,2.3437505,279.99966,303.88943,0.0,108.999954,99.90234,0.0,280.44366,280.8997,508.5,541.125,-0.70293397,412.78125,0.0,436.0,79.82713,62.992504,183.30078,0.0,81.5,252.59375,1.8432617,0.18005371,69.610596,73.45123,2.7856445,82.04,81.85,79.52,80.12,0
251616.81,0.600505,3.7262855,1.4724241,1.6023254,101.49245,24.060139,13.718239,25.823324,392.5321,207.96986,127.485,0.0,7.643,24.84,44.72,0.0,94.73685,0.0,0.0,345.375,190.5,3776.0,0.0,-5.2734375,1.0418701,392.4072,19864.65,20000.502,1100.0834,525.3654,123.8411,115.638725,0.0,1.6251533,3.0,91.87164,42.79064,-5.624993,-7.4999905,7.224,0.0,10.71875,0.8505249,0.0,0.0,0.0,0.0,0.0,0.87597656,0.8779297,75.479126,2.3437505,279.4898,303.3029,0.0,108.999954,99.90234,0.0,279.9213,280.8997,508.5,541.125,-0.7185972,412.8125,0.0,435.5,79.82713,62.993256,183.37402,0.0,82.02,255.15625,1.8585205,0.47912598,69.21997,73.41766,2.7832031,82.25,82.41,80.24,80.43,0
251616.83,0.60040396,3.721764,1.4785362,1.6023679,101.49231,24.060139,13.716048,25.92246,392.669,208.31787,127.485,0.0,7.643,24.84,44.72,0.0,94.73685,0.0,0.0,343.875,190.125,3781.0,0.0,-5.21875,1.0467529,394.23965,19808.93,20000.502,1100.0834,525.3654,125.57908,116.27457,0.0,1.4563727,3.0,92.73071,42.722107,-5.624993,-7.87499,7.244,0.0,10.7421875,0.8491211,0.0,0.0,0.0,0.0,0.0,0.8730469,0.8779297,75.479126,2.3437505,280.173,302.8873,0.0,108.999954,99.90234,0.0,280.44366,280.8997,508.5,541.125,-0.88737774,407.0,0.0,435.28125,79.82713,62.99393,183.64868,0.0,82.49,254.75,1.8615723,-0.4058838,69.2749,72.66388,2.7783203,82.8,82.7,80.56,80.87,0
251616.88,0.58032316,3.7199557,1.4853717,1.6025374,101.49219,24.060139,13.7262335,25.977541,392.96417,210.07346,127.485,0.0,7.643,24.84,44.72,0.0,94.73685,0.0,0.0,341.625,190.5,3810.0,0.0,-5.1484375,1.0578613,398.43527,19723.492,20000.502,1100.0834,525.3654,128.65231,117.05878,0.0,1.3213483,3.0,93.70422,42.660423,-5.2499933,-7.4999905,7.3,0.0,10.7890625,0.8583374,0.0,0.0,0.0,0.0,0.0,0.8701172,0.875,75.479126,2.3437505,280.55255,301.82565,0.0,108.999954,99.90234,0.0,280.93286,280.8997,508.125,541.125,-1.0224022,414.53125,0.0,435.09375,79.82713,62.99454,184.31396,0.0,83.06,257.5,1.8615723,0.012207031,68.81714,72.605896,2.788086,83.14,83.14,81.49,81.44,0
251616.92,0.54425853,3.6817324,1.4951535,1.6027068,101.49207,24.060139,13.715785,26.080402,389.8059,209.97122,127.485,0.0,7.643,24.84,44.72,0.0,94.73685,0.0,0.0,340.875,190.5,3839.0,0.0,-5.1171875,1.0685425,402.4568,19796.193,20000.502,1100.0834,525.3654,129.60608,118.03374,0.0,1.2133287,3.0,94.174194,42.604904,-5.2499933,-7.4999905,7.332,0.0,10.7578125,0.87072754,0.0,0.0,0.0,0.0,0.0,0.8691406,0.875,75.479126,2.3437505,281.26144,300.66122,0.0,108.999954,99.90234,0.0,281.52988,280.8997,508.875,541.125,-1.1304218,409.75,0.0,434.6875,79.82713,62.99509,184.98535,0.0,83.52,261.21875,1.8463135,-0.74768066,68.170166,71.043396,2.7807617,83.54,83.68,81.71,81.95,0
251616.95,0.51540685,3.610193,1.5045825,1.6028341,101.491974,24.060139,13.731909,26.172945,385.15375,208.81635,127.485,0.0,7.643,24.84,44.72,0.0,94.73685,0.0,0.0,337.5,190.5,3864.0,0.0,-5.0,1.0858765,408.9824,19727.736,20000.502,1100.0834,525.3654,132.48857,119.07228,0.0,1.1269131,3.0,95.04089,42.55494,-5.2499933,-7.4999905,7.388,0.0,11.4296875,0.86901855,0.0,0.0,0.0,0.0,0.0,0.8652344,0.8730469,75.479126,2.3437505,281.89923,299.63657,0.0,108.999954,99.90234,0.0,282.21808,280.8997,508.875,541.125,-1.2168374,405.90625,0.0,434.28125,79.82713,62.995583,185.82153,0.0,84.1,260.71875,1.7944336,-1.4434814,68.15796,70.259094,2.7807617,84.51,84.3,82.18,82.43,0
251617.02,0.47232547,3.6003273,1.5049562,1.6029612,101.49271,24.060139,13.731477,26.153429,386.9298,210.6479,127.485,0.0,7.643,24.84,44.72,0.0,94.73685,0.0,0.0,337.125,190.875,3880.0,0.0,-5.09375,1.0947266,412.31567,19794.07,20000.502,1100.0834,525.3654,132.21304,118.1821,0.0,1.0577806,3.0,94.36035,42.434784,-4.874994,-7.124991,7.376,0.0,12.1328125,0.86676025,0.0,0.0,0.0,0.0,0.0,0.8623047,0.8701172,75.479126,2.3437505,281.76544,299.2821,0.0,108.999954,99.90234,0.0,282.05225,280.8997,509.25,541.125,-1.2859699,409.5625,0.0,434.0,79.82713,62.996025,186.08398,0.0,84.5,260.03125,1.7333984,-0.14648438,68.2312,71.562195,2.758789,84.74,84.93,82.7,83.16,0
251617.06,0.4578604,3.633881,1.5203869,1.6031733,101.49336,24.060139,13.742893,26.286974,390.238,214.36534,127.485,0.0,7.643,24.84,44.72,0.0,94.73685,0.0,0.0,336.75,190.875,3915.0,0.0,-5.1953125,1.1054077,416.3289,19774.967,20000.502,1100.0834,525.3654,135.41345,119.474976,0.0,0.84622455,3.0,95.36438,42.32664,-4.874994,-7.124991,7.408,0.0,12.03125,0.8909302,0.0,0.0,0.0,0.0,0.0,0.8623047,0.86816406,75.479126,2.3437505,282.6866,297.44818,0.0,108.999954,99.90234,0.0,283.06384,280.8997,509.25,541.125,-1.4975259,408.03125,0.0,433.78125,79.82713,62.996426,188.03711,0.0,85.12,267.28125,1.6845703,-1.5228271,66.82739,68.66608,2.7441406,85.25,85.21,83.34,83.45,0
251617.1,0.44628835,3.6660526,1.5243233,1.6033428,101.49396,24.060139,13.745025,26.189684,391.9762,217.08012,127.485,0.0,7.643,24.84,44.72,0.0,94.73685,0.0,0.0,333.375,190.875,3947.0,0.0,-5.2734375,1.1201782,421.90924,19698.55,20000.502,1100.0834,525.3654,136.93948,118.987495,0.0,0.67697966,3.0,95.98236,42.229313,-4.874994,-7.124991,7.476,0.0,12.25,0.90008545,0.0,0.0,0.0,0.0,0.0,0.859375,0.8652344,75.479126,2.3437505,282.0166,296.00543,0.0,108.999954,99.90234,0.0,282.3756,280.8997,509.25,541.125,-1.6667708,406.625,0.0,433.375,79.82713,62.996784,188.50708,0.0,85.65,270.03125,1.6845703,-0.30212402,66.1438,69.13605,2.722168,85.74,85.92,83.99,84.13,0
251617.12,0.45703068,3.6789212,1.5199803,1.6033428,101.49367,24.060139,13.72308,26.06757,392.02438,216.88678,127.485,0.0,7.643,24.84,44.72,0.0,94.73685,0.0,0.0,333.0,190.875,3943.0,0.0,-5.296875,1.1262817,424.18945,19900.736,20000.502,1100.0834,525.3654,135.43465,119.0087,0.0,0.5415838,3.0,95.24994,42.14172,-4.874994,-7.124991,7.444,0.0,12.328125,0.89019775,0.0,0.0,0.0,0.0,0.0,0.8564453,0.8652344,75.479126,2.3437505,281.1746,295.82822,0.0,108.999954,99.90234,0.0,281.27283,280.8997,509.25,541.5,-1.8021667,401.25,0.0,433.1875,79.82713,62.99711,187.8601,0.0,86.16,267.0625,1.7028809,0.579834,66.6687,70.58563,2.7026367,86.21,86.33,84.04,84.41,0
251617.17,0.42562455,3.7028184,1.5247716,1.6035123,101.49341,24.060139,13.742874,26.057163,393.97455,219.73465,127.485,0.0,7.643,24.84,44.72,0.0,94.73685,0.0,0.0,331.875,191.25,3975.0,0.0,-5.25,1.1341553,427.1745,19899.145,20000.502,1100.0834,525.3654,136.0493,119.60215,0.0,0.43326712,3.0,95.01495,42.062885,-4.4999943,-6.7499914,7.46,0.0,12.3359375,0.90686035,0.0,0.0,0.0,0.0,0.0,0.8544922,0.86328125,75.479126,2.3437505,281.1026,294.98334,0.0,108.999954,99.90234,0.0,281.44693,280.8997,509.25,541.5,-1.9104834,404.03125,0.0,432.875,79.82713,62.9974,188.75732,0.0,86.62,272.0625,1.7059326,0.32348633,65.6189,69.2276,2.6904297,86.7,86.84,85.1,85.36,0
251617.22,0.42049962,3.7311273,1.5261974,1.6036395,101.49317,24.060139,13.733293,26.002508,395.5593,222.39458,127.485,0.0,7.643,24.84,44.72,0.0,94.73685,0.0,0.0,331.875,191.625,4007.0,0.0,-5.0859375,1.1481323,432.43146,19774.967,20000.502,1100.0834,525.3654,137.85086,119.41139,0.0,0.34661376,3.0,95.34302,41.991932,-4.4999943,-6.374992,7.408,0.0,12.375,0.9111328,0.0,0.0,0.0,0.0,0.0,0.85253906,0.86035156,75.479126,2.3437505,280.72562,294.35385,0.0,108.999954,99.90234,0.0,281.0075,280.8997,509.625,541.125,-1.9971367,402.5,0.0,432.59375,79.82713,62.99766,189.31274,0.0,87.04,273.34375,1.7425537,0.0,65.22217,68.525696,2.6855469,87.45,87.45,85.48,85.69,0
251617.25,0.3763997,3.723701,1.5222266,1.6035547,101.49296,24.060139,13.738305,25.893063,394.17102,222.9414,127.485,0.0,7.643,24.84,44.72,0.0,94.73685,0.0,0.0,329.625,191.625,4031.0,0.0,-5.1796875,1.1582031,436.2125,19638.053,20000.502,1100.0834,525.3654,140.88171,119.64454,0.0,0.12104106,3.0,96.80328,41.928074,-4.4999943,-6.374992,7.468,0.0,12.96875,0.9111328,0.0,0.0,0.0,0.0,0.0,0.8535156,0.86035156,75.479126,2.3437505,279.971,294.26868,0.0,108.999954,99.90234,0.0,280.07883,280.8997,510.0,541.125,-2.2227094,405.6875,0.0,432.78125,79.82713,62.9979,189.52026,0.0,87.7,273.34375,1.7456055,0.6958008,65.1062,69.1391,2.6953125,87.89,87.95,86.05,86.2,0
251617.3,0.34111977,3.7019806,1.5148015,1.6034274,101.49277,24.060139,13.747673,25.865688,392.63138,223.94366,127.485,0.0,7.643,24.84,44.72,0.0,94.73685,0.0,0.0,327.75,192.0,4065.0,0.0,-5.4140625,1.1647339,438.16937,19925.678,20000.502,1100.0834,525.3654,138.76222,119.53857,0.0,-0.05941701,3.0,95.47577,41.8706,-4.4999943,-5.9999924,7.512,0.0,13.046875,0.9102783,0.0,0.0,0.0,0.0,0.0,0.85253906,0.859375,75.479126,2.3437505,279.78214,295.04214,0.0,108.999954,99.90234,0.0,280.16174,280.8997,510.0,541.5,-2.4031675,404.75,0.0,433.09375,79.82713,62.99811,189.85596,0.0,88.27,273.09375,1.7608643,0.47607422,65.07568,68.95294,2.6757812,88.58,88.58,86.45,86.71,0
251617.33,0.3128958,3.6932924,1.5144182,1.603258,101.4926,24.060139,13.730793,25.819122,392.7663,225.5637,127.485,0.0,7.643,24.84,44.72,0.0,94.73685,0.0,0.0,327.75,192.0,4093.0,0.0,-5.3125,1.1752319,442.12454,19921.432,20000.502,1100.0834,527.4881,138.27475,118.94511,0.0,-0.20378351,3.0,95.24078,41.74369,-4.4999943,-5.9999924,7.456,0.0,13.4296875,0.9161377,0.0,0.0,0.0,0.0,0.0,0.8466797,0.8574219,75.479126,2.3437505,279.461,295.16684,0.0,108.999954,99.90234,0.0,279.84665,280.8997,510.0,541.5,-2.547534,403.71875,0.0,433.6875,79.82713,62.998302,190.13062,0.0,88.73,274.84375,1.8310547,0.9063721,64.63013,69.00787,2.6831055,89.33,89.11,86.99,87.26,0
251617.38,0.29031664,3.689817,1.5085151,1.6031733,101.49245,24.060139,13.742414,25.763084,392.92975,226.81535,127.485,0.0,7.643,24.84,44.72,0.0,94.73685,0.0,0.0,328.5,192.0,4114.0,0.0,-5.3828125,1.182312,444.7862,19959.64,20000.502,1100.0834,527.4881,137.91444,118.77555,0.0,-0.3192768,3.0,94.9234,41.62947,-4.4999943,-5.9999924,7.396,0.0,13.6796875,0.913208,0.0,0.0,0.0,0.0,0.0,0.8496094,0.8564453,75.63324,2.3437505,279.0746,295.38892,0.0,108.999954,99.90234,0.0,279.38232,280.8997,510.75,541.5,-2.6630273,402.875,0.0,434.09375,79.82713,62.998474,190.4419,0.0,89.5,273.96875,1.864624,0.12817383,64.70947,68.39142,2.6757812,89.49,89.49,87.51,87.7,0
251617.4,0.3122533,3.688427,1.5087134,1.6030884,101.49231,24.060139,13.727112,25.744293,393.11105,227.69221,127.485,0.0,7.643,24.84,44.72,0.0,94.73685,0.0,0.0,328.125,192.0,4128.0,0.0,-5.3359375,1.1866455,446.41965,20008.994,20000.502,1100.0834,529.34546,137.40576,118.71197,0.0,-0.4116714,3.0,94.52515,41.526672,-4.1249948,-5.9999924,7.372,0.0,13.6171875,0.9152832,0.0,0.0,0.0,0.0,0.0,0.85058594,0.85546875,75.63324,2.3437505,278.94492,295.6096,0.0,108.999954,99.90234,0.0,279.34085,280.8997,510.75,541.5,-2.7554219,402.5625,0.0,434.375,79.82713,62.998627,190.52124,0.0,90.08,274.59375,1.876831,0.41809082,64.54468,68.53485,2.680664,90.44,90.24,87.99,88.1,0
251617.45,0.32980263,3.7066207,1.50048,1.6029189,101.49219,24.060139,13.733978,25.662292,394.6834,231.42725,127.485,0.0,7.643,24.84,44.72,0.0,94.73685,0.0,0.0,328.125,192.375,4179.0,0.0,-5.25,1.1958008,449.86075,20150.684,20000.502,1100.0834,529.34546,135.6042,118.52122,0.0,-0.48558712,3.0,93.50433,41.434155,-4.1249948,-5.624993,7.38,0.0,13.5390625,0.9189453,0.0,0.0,0.0,0.0,0.0,0.8496094,0.8535156,75.76599,2.3437505,278.37958,296.19305,0.0,108.999954,99.90234,0.0,278.46194,280.8997,511.125,541.125,-2.8293376,405.15625,0.0,434.59375,79.82713,62.998764,191.26587,0.0,90.39,275.6875,1.9012451,0.2532959,64.227295,68.08319,2.6708984,90.81,90.62,88.52,88.74,0
251617.48,0.3838421,3.6951485,1.5021765,1.6027915,101.49207,24.060139,13.732925,25.686356,393.28366,231.26868,127.485,0.0,7.643,24.84,44.72,0.0,94.73685,0.0,0.0,326.25,192.375,4191.0,0.0,-5.0546875,1.2050781,453.35986,20035.527,20000.502,1100.0834,529.34546,137.10904,118.796745,0.0,-0.5447197,3.0,94.229126,41.350887,-4.1249948,-5.624993,7.352,0.0,13.5703125,0.92041016,0.0,0.0,0.0,0.0,0.0,0.8496094,0.8535156,75.76599,2.3437505,278.54532,296.42532,0.0,108.999954,99.90234,0.0,278.91797,280.8997,511.5,541.125,-2.8884702,404.28125,0.0,435.59375,79.82713,62.99889,191.38184,0.0,91.04,276.125,1.9470215,0.42419434,64.038086,68.15338,2.6757812,91.52,91.56,88.95,89.2,0
251617.53,0.44707367,3.6905594,1.4976028,1.6026646,101.491974,24.060139,13.726329,25.598537,393.41214,232.77943,127.485,0.0,7.643,24.84,44.72,0.0,94.73685,0.0,0.0,327.375,192.375,4217.0,0.0,-4.2734375,1.2097168,455.09283,19994.135,20000.502,1100.0834,531.99884,136.64275,117.94895,0.0,-0.59202576,3.0,93.852234,41.275948,-4.1249948,-5.624993,7.316,0.0,13.640625,0.92407227,0.0,0.0,0.0,0.0,0.0,0.85058594,0.85253906,75.76599,2.3437505,277.9399,296.59863,0.0,108.999954,99.90234,0.0,278.32098,280.8997,511.5,540.375,-2.9357762,399.25,0.0,435.6875,79.82713,62.999004,191.54053,0.0,91.83,277.21875,2.0324707,1.8676758,63.76953,69.43207,2.6660156,91.97,91.82,89.45,89.72,0
251617.56,0.49765894,3.7074738,1.4984486,1.6026222,101.49188,24.060139,13.727571,25.609438,395.239,234.19312,127.485,0.0,7.643,24.84,44.72,0.0,94.73685,0.0,0.0,326.25,192.375,4223.0,0.0,-4.4921875,1.2141113,457.27356,20042.957,20000.502,1100.0834,531.99884,136.19766,118.01254,0.0,-0.62987065,3.0,93.637085,41.208504,-4.1249948,-5.624993,7.34,0.0,13.703125,0.9230957,0.0,0.0,0.0,0.0,0.0,0.85253906,0.85253906,75.94147,2.3437505,278.01495,296.55807,0.0,108.999954,99.90234,0.0,278.4122,280.8997,511.875,540.375,-2.9736211,399.46875,0.0,436.09375,79.82713,62.999107,191.72974,0.0,92.01,276.9375,2.0812988,1.0314941,63.775635,68.65692,2.668457,91.97,92.39,89.99,90.15,0
251617.6,0.55812716,3.7142396,1.4911338,1.602495,101.4918,24.060139,13.716722,25.582945,395.29233,235.99956,127.485,0.0,7.643,24.84,44.72,0.0,94.73685,0.0,0.0,324.75,192.375,4255.0,0.0,-4.59375,1.2185669,458.9485,19989.889,20000.502,1100.0834,533.5908,136.96068,118.22449,0.0,-0.6601465,3.0,93.86139,41.147804,-4.1249948,-5.624993,7.356,0.0,13.7578125,0.92633057,0.0,0.0,0.0,0.0,0.0,0.85253906,0.8515625,75.94147,2.3437505,277.83224,297.83316,0.0,108.999954,99.90234,0.0,278.22974,280.8997,511.875,540.75,-3.003897,396.90625,0.0,436.375,79.82713,62.9992,191.93115,0.0,92.62,277.90625,2.1636963,1.7028809,63.537598,69.19708,2.6660156,92.45,92.73,90.41,90.85,0
251617.64,0.5865017,3.716946,1.487672,1.6024101,101.49172,24.060139,13.709126,25.540844,395.53296,237.03119,127.485,0.0,7.643,24.84,44.72,0.0,94.73685,0.0,0.0,324.75,192.75,4271.0,0.0,-4.71875,1.2233887,460.76437,19950.09,20000.502,1100.0834,533.5908,137.40576,118.22449,0.0,-0.6843672,3.0,93.922424,41.093174,-4.1249948,-5.2499933,7.332,0.0,13.2578125,0.92614746,0.0,0.0,0.0,0.0,0.0,0.85058594,0.8496094,76.060486,2.3437505,277.542,298.1987,0.0,108.999954,99.90234,0.0,277.59128,280.8997,512.25,540.75,-3.0281177,395.40625,0.0,436.6875,79.82713,62.99928,191.94336,0.0,92.93,277.84375,2.3010254,3.7139893,63.48877,71.315,2.6611328,93.57,93.36,91.01,91.42,0
251617.7,0.5892014,3.7180285,1.4891645,1.602283,101.49165,24.060139,13.727248,25.605522,395.75293,238.60677,127.485,0.0,7.643,24.84,44.72,0.0,94.73685,0.0,0.0,322.875,192.75,4297.0,0.0,-4.875,1.2293701,463.03632,19916.125,20000.502,1100.0834,533.5908,137.74487,118.13971,0.0,-0.7037437,3.0,93.933105,41.044006,-4.1249948,-5.2499933,7.376,0.0,13.7734375,0.9298706,0.0,0.0,0.0,0.0,0.0,0.85253906,0.8486328,76.060486,2.3437505,277.98773,298.3289,0.0,108.999954,99.90234,0.0,278.32098,280.8997,512.625,540.75,-3.0474942,392.84375,0.0,437.0,79.82713,62.99935,192.60254,0.0,93.43,278.96875,2.3773193,1.0559082,63.201904,68.46466,2.6611328,93.8,93.5,91.67,91.77,0
251617.73,0.61136115,3.6997116,1.4801869,1.6021134,101.49159,24.060139,13.698917,25.52192,394.15396,239.79958,127.485,0.0,7.643,24.84,44.72,0.0,94.73685,0.0,0.0,321.75,193.125,4336.0,0.0,-5.0546875,1.239685,466.91687,20003.688,20000.502,1100.0834,535.71356,136.32483,117.67342,0.0,-0.71924496,3.0,93.0954,40.92457,-4.1249948,-4.874994,7.376,0.0,13.875,0.9301758,0.0,0.0,0.0,0.0,0.0,0.85058594,0.84765625,76.060486,2.3437505,277.4114,299.38797,0.0,108.999954,99.90234,0.0,277.7737,280.8997,512.625,541.125,-3.0629954,394.46875,0.0,437.6875,79.82713,62.999416,192.77344,0.0,94.07,279.0625,2.508545,2.3254395,63.05542,69.76776,2.6733398,94.48,94.29,92.0,92.42,0
251617.78,0.6490889,3.6923847,1.4781978,1.6019864,101.49154,24.060139,13.708383,25.500162,394.32022,241.11794,127.485,0.0,7.643,24.84,44.72,0.0,94.73685,0.0,0.0,322.125,193.125,4358.0,0.0,-5.1171875,1.2481079,470.07602,19968.13,20000.502,1100.0834,535.71356,136.72752,117.71581,0.0,-0.7316458,3.0,93.14728,40.817074,-4.1249948,-4.874994,7.32,0.0,14.5234375,0.9304199,0.0,0.0,0.0,0.0,0.0,0.8496094,0.8466797,76.19934,2.3437505,277.26138,299.63712,0.0,108.999954,99.90234,0.0,277.6825,280.8997,513.375,541.125,-3.0753963,398.0,0.0,438.1875,79.82713,62.999477,193.17017,0.0,94.76,279.125,2.5756836,2.6916504,62.939453,70.121765,2.6708984,94.92,94.92,92.52,92.73,0
251617.81,0.6992711,3.7082038,1.4792217,1.6019439,101.49149,24.060139,13.70329,25.495893,396.13657,243.00676,127.485,0.0,7.643,24.84,44.72,0.0,94.73685,0.0,0.0,321.75,193.125,4372.0,0.0,-4.5,1.2514038,471.3281,19877.387,20000.502,1100.0834,537.83624,137.82967,117.7582,0.0,-0.74156666,3.0,93.67828,40.72033,-4.1249948,-4.874994,7.316,0.0,14.4375,0.93084717,0.0,0.0,0.0,0.0,0.0,0.85058594,0.8466797,76.19934,2.3437505,277.2319,299.42377,0.0,108.999954,99.90234,0.0,277.64102,280.8997,513.375,540.375,-3.0853171,396.03125,0.0,438.375,79.82713,62.99953,193.43872,0.0,95.24,279.25,2.7038574,2.243042,62.872314,69.7464,2.6708984,95.57,95.33,93.11,93.55,0
251617.86,0.7594169,3.7332816,1.4747605,1.601732,101.49145,24.060139,13.711444,25.446089,397.76514,246.34985,127.485,0.0,7.643,24.84,44.72,0.0,94.73685,0.0,0.0,318.75,193.5,4414.0,0.0,-4.4453125,1.2641602,476.129,19906.574,20000.502,1100.0834,537.83624,138.1052,118.20329,0.0,-0.7495034,3.0,93.65692,40.63326,-3.7499952,-4.4999943,7.384,0.0,14.3984375,0.93292236,0.0,0.0,0.0,0.0,0.0,0.85058594,0.84472656,76.34735,2.3437505,276.88858,300.0135,0.0,108.999954,99.90234,0.0,277.35913,280.86652,513.75,540.375,-3.0932539,398.59375,0.0,438.59375,79.82713,62.99958,193.97583,0.0,95.89,279.875,2.7893066,3.0334473,62.597656,70.39032,2.6708984,95.9,96.17,93.76,93.65,0
251617.89,0.8275335,3.7245626,1.4696356,1.6016471,101.49141,24.060139,13.723011,25.418709,396.29083,246.60445,127.485,0.0,7.643,24.84,44.72,0.0,94.73685,0.0,0.0,319.875,193.5,4435.0,0.0,-4.4609375,1.2680664,477.60495,20048.264,20000.502,1100.0834,537.83624,135.49823,117.05878,0.0,-0.7558527,3.0,92.248535,40.554893,-3.7499952,-4.4999943,7.32,0.0,14.328125,0.9335327,0.0,0.0,0.0,0.0,0.0,0.85058594,0.84375,76.34735,2.3437505,276.6998,300.40204,0.0,108.999954,99.90234,0.0,277.11868,280.7173,514.125,540.375,-3.0996032,397.5,0.0,439.09375,79.82713,62.999622,194.15283,0.0,96.41,280.0625,2.9052734,3.5705566,62.512207,71.00067,2.6660156,96.32,96.55,94.01,94.55,0
251617.92,0.8820268,3.7023253,1.4644048,1.6014775,101.49137,24.060139,13.701811,25.383837,394.756,247.53256,127.485,0.0,7.643,24.84,44.72,0.0,94.73685,0.0,0.0,318.375,193.5,4469.0,0.0,-4.5,1.2736816,479.72763,19945.844,20000.502,1100.0834,540.22424,136.452,116.9316,0.0,-0.6046822,3.0,92.55371,40.484367,-3.7499952,-4.4999943,7.36,0.0,14.1953125,0.93499756,0.0,0.0,0.0,0.0,0.0,0.84765625,0.84277344,76.34735,2.3437505,276.45938,301.6177,0.0,108.999954,99.90234,0.0,276.7953,280.52658,514.125,540.375,-2.9484327,395.21875,0.0,439.5,79.82713,62.99966,194.49463,0.0,97.39,280.5,2.9937744,4.281616,62.353516,71.65375,2.6733398,97.48,97.28,94.4,94.61,0
251617.97,0.94562143,3.7121801,1.460808,1.6014352,101.49134,24.060139,13.704549,25.348116,396.57477,249.22946,127.485,0.0,7.643,24.84,44.72,0.0,94.73685,0.0,0.0,318.375,193.5,4479.0,0.0,-4.53125,1.2765503,480.80554,20019.607,20000.502,1100.0834,540.22424,135.79497,117.01639,0.0,-0.4837458,3.0,92.237854,40.42089,-3.7499952,-4.4999943,7.288,0.0,14.203125,0.9361572,0.0,0.0,0.0,0.0,0.0,0.8496094,0.84277344,76.5152,2.3437505,276.21313,302.00107,0.0,108.999954,99.90234,0.0,276.6875,280.21976,514.5,540.75,-2.8274963,394.0625,0.0,440.5,79.82713,62.999695,194.37256,0.0,97.56,280.84375,3.112793,3.5430908,62.249756,70.9671,2.6733398,97.99,97.59,94.95,95.39,0
251618.02,1.0364971,3.734872,1.4637096,1.6012657,101.49131,24.060139,13.700606,25.42744,398.36435,252.70174,127.485,0.0,7.643,24.84,44.72,0.0,94.73685,0.0,0.0,316.5,193.5,4521.0,0.0,-4.5,1.2849121,483.94812,19838.117,20000.502,1100.0834,539.9589,138.78342,118.05493,0.0,-0.3869965,3.0,93.38226,40.36376,-3.7499952,-4.4999943,7.336,0.0,14.1328125,0.93756104,0.0,0.0,0.0,0.0,0.0,0.8496094,0.83984375,76.5152,2.3437505,276.7599,301.90317,0.0,108.999954,99.90234,0.0,277.17673,279.84665,514.875,540.375,-2.730747,391.21875,0.0,440.375,79.82713,62.999725,195.25146,0.0,98.24,281.28125,3.2348633,3.5552979,62.06665,70.94269,2.6708984,98.26,98.41,95.77,95.77,0
251618.03,1.0891976,3.743949,1.4635966,1.6012232,101.49129,24.060139,13.686128,25.320805,398.27,253.1448,127.485,0.0,7.643,24.84,44.72,0.0,94.73685,0.0,0.0,315.375,193.5,4530.0,0.0,-4.4140625,1.2924194,486.7756,19979.807,20000.502,1100.0834,539.9589,137.40576,118.076126,0.0,-0.30959725,3.0,92.718506,40.312347,-3.7499952,-4.4999943,7.344,0.0,13.7734375,0.9387207,0.0,0.0,0.0,0.0,0.0,0.8496094,0.83984375,76.501465,2.3437505,276.02484,301.18417,0.0,108.999954,99.90234,0.0,276.52167,279.57303,515.25,540.375,-2.6533477,392.625,0.0,439.875,79.82713,62.999756,195.97168,0.0,98.5,281.625,3.2958984,3.3874512,61.901855,70.73212,2.6757812,98.69,98.8,95.69,96.41,0
251618.08,1.1513581,3.7475796,1.4670774,1.6011809,101.491264,24.060139,13.69357,25.35787,398.75195,253.9547,127.485,0.0,7.643,24.84,44.72,0.0,94.73685,0.0,0.0,314.25,193.5,4539.0,0.0,-3.8515625,1.2984009,489.03098,19939.475,20000.502,1100.0834,539.9589,138.33833,118.47882,0.0,-0.2476778,3.0,93.167114,40.266075,-3.7499952,-4.4999943,7.368,0.0,13.6875,0.94384766,0.0,0.0,0.0,0.0,0.0,0.8466797,0.83984375,76.501465,2.3437505,276.2803,300.789,0.0,108.999954,99.90234,0.0,276.7953,279.2082,515.25,540.0,-2.5914283,392.4375,0.0,439.59375,79.82713,62.999783,196.56372,0.0,98.95,283.15625,3.3874512,2.1087646,61.517334,69.19708,2.6708984,99.32,99.21,96.63,96.94,0
251618.12,1.2210865,3.786532,1.473991,1.601096,101.49124,24.060139,13.687061,25.38891,401.79922,257.58673,127.485,0.076,7.643,24.84,44.72,0.0,94.73685,0.0,0.0,312.375,193.5,4569.0,0.0,-3.8046875,1.3095093,493.2183,19911.88,20000.502,1100.0834,541.2856,140.05511,119.75051,0.0,-0.19814229,3.0,93.84155,40.149242,-3.3749957,-4.4999943,7.444,0.0,13.8125,0.9484253,0.0,0.0,0.0,0.0,0.0,0.84472656,0.8388672,76.501465,2.3437505,276.49423,299.53696,0.0,108.999954,99.90234,0.0,277.03574,278.92627,515.25,540.0,-2.5418928,396.21875,0.0,439.375,79.82713,62.999805,197.84546,0.0,99.4,284.53125,3.4423828,0.97961426,61.102295,67.75055,2.6708984,99.47,99.68,96.83,97.4,0
251618.17,1.2768692,3.7646127,1.4734218,1.6010114,101.49123,24.060139,13.705943,25.346046,399.02332,257.3748,127.485,0.117,7.643,24.84,44.72,0.0,94.73685,0.0,0.0,312.375,193.875,4597.0,0.0,-3.7734375,1.3237305,498.5665,20052.508,20000.502,1100.0834,541.2856,138.61386,119.75051,0.0,-0.15851378,3.0,92.993164,40.04409,-3.3749957,-4.1249948,7.392,0.0,13.8203125,0.94873047,0.0,0.0,0.0,0.0,0.0,0.84375,0.83691406,76.58539,2.3437505,276.19876,299.30496,0.0,108.999954,99.90234,0.0,276.8036,278.51166,516.0,540.0,-2.5022643,401.34375,0.0,438.375,79.82713,62.99983,198.69385,0.0,99.97,284.625,3.4942627,1.7822266,60.90088,68.51349,2.6757812,100.09,100.01,97.67,97.86,0
251618.2,1.3014953,3.7183452,1.4736229,1.6009688,101.49121,24.060139,13.695723,25.314623,396.04395,256.39774,127.485,0.157,7.643,24.84,44.72,0.0,94.73685,0.0,0.0,312.375,193.875,4614.0,0.0,-3.7265625,1.3295288,500.74722,20111.414,20000.502,1100.0834,543.14294,136.79112,118.69077,0.0,-0.12681103,3.0,91.97235,39.949455,-3.3749957,-4.1249948,7.384,0.0,13.8359375,0.949646,0.0,0.0,0.0,0.0,0.0,0.8417969,0.8359375,76.58539,2.3437505,275.98215,299.0211,0.0,108.999954,99.90234,0.0,276.4719,278.18,516.0,539.625,-2.4705615,400.03125,0.0,438.28125,79.82713,62.999847,198.89526,0.0,100.48,284.90625,3.5552979,1.8188477,60.7666,68.49518,2.6757812,100.63,100.79,98.09,98.33,0
251618.23,1.3211962,3.6998382,1.4739234,1.6009265,101.491196,24.060139,13.6944275,25.28148,396.25943,257.31564,127.485,0.201,7.643,24.84,44.72,0.0,94.73685,0.0,0.0,309.75,193.875,4628.0,0.0,-3.6484375,1.3359985,503.1767,20072.143,20000.502,1100.0834,543.14294,138.40192,119.94126,0.0,-0.101448774,3.0,92.74902,39.864285,-3.3749957,-4.1249948,7.44,0.0,13.8828125,0.9503174,0.0,0.0,0.0,0.0,0.0,0.8388672,0.8359375,76.72424,2.3437505,275.7537,298.70114,0.0,108.999954,99.90234,0.0,276.26462,277.85663,516.375,539.625,-2.4451993,400.53125,0.0,437.875,79.82713,62.999863,199.22485,0.0,101.03,285.09375,3.6102295,1.739502,60.64453,68.403625,2.6733398,100.88,101.0,98.6,99.08,0
251618.28,1.336957,3.7111855,1.476379,1.6009265,101.49118,24.060139,13.69938,25.295832,398.16373,259.16675,127.485,0.235,7.643,24.84,44.72,0.0,94.73685,0.0,0.0,311.25,193.875,4639.0,0.0,-3.703125,1.3411255,505.11697,20033.404,20000.502,1100.0834,543.14294,139.18613,120.36516,0.0,-0.08115888,3.0,93.125916,39.78763,-3.3749957,-4.1249948,7.392,0.0,13.46875,0.951416,0.0,0.0,0.0,0.0,0.0,0.83691406,0.8359375,76.72424,2.3437505,275.8526,298.3225,0.0,108.999954,99.90234,0.0,276.52997,277.60788,516.375,539.625,-2.4249094,400.375,0.0,437.78125,79.82713,62.999878,199.95117,0.0,101.19,285.4375,3.6437988,1.1138916,60.510254,67.70172,2.6708984,101.16,101.52,99.29,99.41,0
251618.31,1.3095657,3.7157242,1.4760313,1.6008418,101.491165,24.060139,13.696988,25.248169,398.26004,260.1794,127.485,0.276,7.643,24.84,44.72,0.0,94.73685,0.0,0.0,309.0,193.875,4656.0,0.0,-3.8203125,1.347168,507.39722,19990.951,20000.502,1100.0834,544.4696,139.35568,120.17441,0.0,-0.06492686,3.0,93.0542,39.71864,-3.3749957,-4.1249948,7.428,0.0,13.546875,0.9528198,0.0,0.0,0.0,0.0,0.0,0.83691406,0.83496094,76.72424,2.3437505,275.52405,298.03012,0.0,108.999954,99.90234,0.0,276.0988,277.39227,516.375,540.0,-2.4086773,400.96875,0.0,437.375,79.82713,62.999893,200.177,0.0,101.49,285.84375,3.6651611,1.3183594,60.351562,67.80548,2.6708984,101.5,101.71,99.62,100.14,0
251618.38,1.2076526,3.68004,1.4751719,1.6007993,101.49116,24.060139,13.707032,25.144703,395.32547,259.8709,127.485,0.306,7.643,24.84,44.72,0.0,94.73685,0.0,0.0,303.0,193.875,4685.0,0.0,-3.75,1.3594971,512.0406,20019.607,20000.502,1100.0834,544.4696,140.1187,121.19176,0.0,-0.051941395,3.0,93.26935,39.656548,-3.3749957,-4.1249948,7.6,0.0,13.5859375,0.95373535,0.0,0.0,0.0,0.0,0.0,0.8330078,0.828125,76.80817,2.3437505,274.81085,297.3257,0.0,108.999954,99.90234,0.0,275.51007,277.00256,516.75,539.625,-2.3956919,400.0,0.0,436.78125,79.82713,62.999905,200.62256,0.0,102.07,286.125,3.717041,1.6967773,60.131836,68.11371,2.6660156,102.26,102.38,100.25,100.25,0
251618.42,1.066122,3.6095161,1.4760568,1.6006722,101.49115,24.060139,13.696485,25.09146,390.50897,258.4581,127.485,0.356,7.643,24.84,44.72,0.0,94.73685,0.0,0.0,306.0,194.25,4717.0,0.0,-2.90625,1.369873,515.9543,19921.432,20000.502,1100.0834,546.32697,142.00504,122.08194,0.0,-0.04155302,3.0,94.02466,39.600666,-2.9999962,-3.7499952,7.492,0.0,13.5,0.9570923,0.0,0.0,0.0,0.0,0.0,0.8310547,0.82910156,76.80817,2.3437505,274.44385,296.65912,0.0,108.999954,99.90234,0.0,275.10376,276.6626,517.125,539.25,-2.3853035,403.59375,0.0,436.375,79.82713,62.999916,201.46484,0.0,102.72,287.125,3.7597656,1.8218994,59.783936,67.951965,2.668457,102.65,102.94,100.46,101.05,0
251618.44,0.89289767,3.5438066,1.477824,1.6006298,101.49114,24.060139,13.694961,25.092598,387.65118,257.43692,127.485,0.4,7.643,24.84,44.72,0.0,94.73685,0.0,0.0,302.25,194.25,4733.0,0.0,-2.8359375,1.3740234,517.5131,20116.72,20000.502,1100.0834,546.32697,138.99538,121.06459,0.0,-0.033242226,3.0,92.57507,39.550373,-2.9999962,-3.7499952,7.58,0.0,13.2578125,0.96173096,0.0,0.0,0.0,0.0,0.0,0.828125,0.8300781,76.94092,2.3437505,274.4517,296.30038,0.0,108.999954,99.90234,0.0,275.13693,276.2895,517.125,538.875,-2.3769927,403.03125,0.0,435.78125,79.82713,62.999928,202.02637,0.0,103.11,288.53125,3.793335,1.4984131,59.44214,67.39349,2.6611328,103.32,103.21,101.21,101.29,0
251618.48,0.71431816,3.4987729,1.4769887,1.6005449,101.491135,24.060139,13.7114725,24.947168,386.094,258.6781,127.485,0.426,7.643,24.84,44.72,0.0,94.73685,0.0,0.0,304.5,193.875,4775.0,0.0,-2.9375,1.3852539,521.73364,20111.414,20000.502,1100.0834,546.32697,137.74487,119.87768,0.0,-0.026593685,3.0,91.67633,39.505108,-2.9999962,-4.1249948,7.46,0.0,12.8359375,0.96655273,0.0,0.0,0.0,0.0,0.0,0.8251953,0.82910156,76.94092,2.3437505,273.44925,295.26205,0.0,108.999954,99.90234,0.0,274.00925,275.74222,517.5,538.875,-2.3703442,398.40625,0.0,435.09375,79.82713,62.999935,202.69775,0.0,103.71,289.96875,3.8635254,1.9500732,58.99048,67.518616,2.65625,103.73,104.08,101.71,101.87,0
251618.53,0.5714545,3.4807594,1.4780772,1.6005025,101.49113,24.060139,13.699594,24.848337,386.2978,259.46506,127.485,0.482,7.643,24.84,44.72,0.0,94.73685,0.0,0.0,302.25,194.25,4787.0,0.0,-2.9375,1.387146,522.4467,20111.943,20000.502,1100.0834,548.715,138.61386,121.10698,0.0,-0.021274805,3.0,92.09442,39.389183,-2.9999962,-3.7499952,7.532,0.0,13.0625,0.9752197,0.0,0.0,0.0,0.0,0.0,0.8261719,0.82910156,76.94092,2.3437505,272.768,294.41876,0.0,108.999954,99.90234,0.0,273.41226,275.41885,517.875,538.875,-2.3650253,401.75,0.0,435.375,79.82713,62.999943,202.7649,0.0,104.37,292.5625,3.9337158,2.6306152,58.416748,67.76886,2.6513672,105.02,104.52,102.17,102.47,0
251618.56,0.41716364,3.4735541,1.4803232,1.6004179,101.49112,24.060139,13.714715,24.898926,386.4343,260.80383,127.485,0.517,7.643,24.84,44.72,0.0,94.73685,0.0,0.0,302.625,194.25,4810.0,0.0,-3.0,1.3908691,523.8563,19891.184,20000.502,1100.0834,548.715,145.14186,125.409515,0.0,-0.017019749,3.0,95.08667,39.28485,-2.9999962,-3.7499952,7.484,0.0,13.0234375,0.9951172,0.0,0.0,0.0,0.0,0.0,0.8232422,0.7998047,77.11029,2.3437505,273.1167,294.25424,0.0,108.999954,99.90234,0.0,273.73563,275.12863,518.25,538.875,-2.3607702,401.3125,0.0,435.0,79.82713,62.99995,203.87573,0.0,104.68,298.53125,3.9855957,1.3641357,57.1167,65.32135,2.644043,104.6,104.94,102.72,102.62,0
251618.61,0.2537309,3.4519217,1.4757686,1.6003332,101.49111,24.060139,13.707723,24.71327,384.91742,261.67038,127.485,0.547,7.643,24.84,44.72,0.0,94.58647,0.0,0.0,292.5,194.625,4845.0,0.0,-2.9765625,1.3934326,524.8265,19843.424,20000.502,1100.0834,550.5724,146.05324,125.66386,0.0,-0.013615608,3.0,95.373535,39.190952,-2.6249967,-3.3749957,7.8,0.0,12.8984375,1.0194702,0.0,0.0,0.0,0.0,0.0,0.8173828,0.7998047,77.11029,2.3437505,271.837,293.729,0.0,108.999954,99.90234,0.0,272.61624,274.60626,518.625,539.25,-2.357366,402.8125,0.0,434.375,79.82713,62.999958,204.05273,0.0,105.36,305.84375,4.0740967,2.6885986,55.53589,65.3183,2.6074219,105.52,105.87,103.13,103.32,0
251618.64,0.14298472,3.4245186,1.472392,1.6003331,101.491104,24.060139,13.702827,24.62951,383.43817,260.88,127.485,0.601,7.643,24.84,44.72,0.0,94.46617,0.0,0.0,291.75,194.625,4849.0,0.0,-2.953125,1.394104,525.0835,19928.861,20000.502,1100.0834,550.5724,144.95111,125.261154,0.0,-0.010892391,3.0,94.84253,39.10644,-2.6249967,-3.3749957,7.796,0.0,12.7734375,1.0180054,0.0,0.0,0.0,0.0,0.0,0.8095703,0.7998047,77.23541,2.3437505,271.25964,293.6629,0.0,108.999954,99.90234,0.0,271.96948,274.3409,518.625,538.875,-2.3546429,401.09375,0.0,434.09375,79.82713,62.999966,203.59497,0.0,105.63,305.40625,4.147339,2.9174805,55.62744,65.71808,2.5927734,106.19,105.91,103.51,103.42,0
251618.69,0.074387774,3.4323075,1.4693279,1.6002059,101.4911,24.060139,13.716979,24.397783,385.13376,264.2492,127.485,0.626,7.643,24.84,44.72,0.0,94.36993,0.0,0.0,292.125,194.625,4890.0,0.0,-2.984375,1.4071655,529.98395,19984.582,20000.502,1100.0834,550.5724,143.19194,124.09544,0.0,-0.008713722,3.0,93.852234,39.030384,-2.6249967,-3.3749957,7.764,0.0,12.890625,1.0043335,0.0,0.0,0.0,0.0,0.0,0.7998047,0.80371094,77.23541,2.3437505,269.66235,292.5897,0.0,108.999954,99.90234,0.0,270.25308,273.8434,518.625,538.875,-2.3524642,400.40625,0.0,433.5,79.82713,62.99997,203.8147,0.0,106.61,301.3125,4.309082,4.6844482,56.396484,68.48297,2.5878906,106.31,106.42,103.92,104.1,0
251618.72,-4.897788E-4,3.397923,1.4643884,1.6002059,101.4911,24.060139,13.703447,24.285624,382.17935,262.27576,127.485,0.676,7.643,24.84,44.72,0.0,94.29293,0.0,0.0,293.625,194.625,4891.0,0.0,-2.7890625,1.4077148,530.1912,20041.895,20000.502,1100.0834,552.4297,141.6871,123.20526,0.0,-0.0069708824,3.0,93.125916,38.961933,-2.6249967,-3.3749957,7.692,0.0,13.4453125,1.0,0.0,0.0,0.0,0.0,0.0,0.796875,0.80566406,77.23541,2.3437505,268.88925,292.57962,0.0,108.999954,99.90234,0.0,269.60635,273.5532,519.375,538.875,-2.3507214,399.3125,0.0,433.375,79.82713,62.999973,203.21045,0.0,106.67,300.0,4.449463,4.7058105,56.671143,68.93768,2.5878906,107.1,106.97,104.63,104.45,0
251618.77,-0.06039182,3.4029193,1.4620261,1.6001637,101.4911,24.060139,13.699835,24.146193,384.06903,264.59647,127.485,0.715,7.643,24.84,44.72,0.0,94.23134,0.0,0.0,293.625,194.625,4910.0,0.0,-2.6796875,1.4116821,531.692,20122.027,20000.502,1100.0834,552.4297,141.43277,123.8411,0.0,-0.0055766106,3.0,92.85126,38.900326,-2.6249967,-3.3749957,7.668,0.0,12.8984375,1.001831,0.0,0.0,0.0,0.0,0.0,0.796875,0.7998047,77.368164,2.3437505,267.92816,292.0167,0.0,108.999954,99.90234,0.0,268.64447,273.2547,519.375,538.875,-2.349327,397.1875,0.0,433.0,79.82713,62.999977,203.21045,0.0,107.29,300.5625,4.614258,4.8431396,56.555176,69.148254,2.590332,107.54,107.02,105.05,105.05,0
251618.81,-0.14831345,3.423668,1.4574195,1.6000788,101.4911,24.060139,13.685587,24.014057,385.75977,266.95203,127.485,0.757,7.643,24.84,44.72,0.0,94.18206,0.0,0.0,293.625,194.625,4932.0,0.0,-2.4296875,1.4134521,532.3554,20058.877,20000.502,1100.0834,553.2257,141.60233,123.417206,0.0,-0.00446105,3.0,92.77954,38.84488,-2.6249967,-3.3749957,7.648,0.0,12.84375,1.0061035,0.0,0.0,0.0,0.0,0.0,0.7998047,0.7998047,77.368164,2.3437505,267.01736,291.7621,0.0,108.999954,99.90234,0.0,267.7407,272.96448,519.375,538.5,-2.3482115,399.65625,0.0,432.6875,79.82713,62.99998,203.23486,0.0,107.63,301.84375,4.79126,4.672241,56.28662,68.90411,2.5952148,107.69,107.54,105.36,105.52,0
251618.84,-0.19865075,3.413217,1.4531194,1.6000364,101.4911,24.060139,13.675613,23.920723,384.341,266.6713,127.485,0.8,7.643,24.84,44.72,0.0,94.14264,0.0,0.0,293.25,195.0,4945.0,0.0,-2.515625,1.4152832,533.0436,20082.758,20000.502,1100.0834,553.2257,140.83932,122.88734,0.0,-0.15981865,3.0,92.411804,38.79498,-2.2499971,-2.9999962,7.636,0.0,12.7265625,1.0060425,0.0,0.0,0.0,0.0,0.0,0.79785156,0.7998047,77.43225,2.3437505,266.37402,291.8459,0.0,108.999954,99.90234,0.0,267.09393,272.69086,519.75,538.5,-2.5035691,401.78125,0.0,432.375,79.82713,62.999985,202.92969,0.0,107.98,301.8125,4.9835205,5.078125,56.292725,69.514465,2.5952148,108.23,107.75,106.07,105.83,0
251618.89,-0.2589206,3.4090369,1.4503379,1.5999942,101.4911,24.060139,13.680351,23.749346,384.44653,268.03912,127.485,0.836,7.643,24.84,44.72,0.0,94.1111,0.0,0.0,292.875,195.0,4969.0,0.0,-2.5390625,1.4196777,534.69366,20201.627,20000.502,1100.0834,553.2257,139.46165,122.88734,0.0,-0.28410482,3.0,91.59393,38.75007,-2.2499971,-2.9999962,7.62,0.0,12.859375,1.0111084,0.0,0.0,0.0,0.0,0.0,0.79296875,0.7998047,77.43225,2.3437505,265.19275,291.1193,0.0,108.999954,99.90234,0.0,265.97455,272.39236,520.125,538.5,-2.6278553,400.40625,0.0,432.0,79.82713,62.99999,202.91748,0.0,108.35,303.34375,5.1757812,5.5023193,55.96924,69.862366,2.5976562,108.43,108.73,106.23,106.71,0
251618.9,-0.2871365,3.4073648,1.4522239,1.5999515,101.4911,24.060139,13.677808,23.71495,384.65875,268.9427,127.485,0.876,7.643,24.84,44.72,0.0,94.08587,0.0,0.0,293.625,195.0,4983.0,0.0,-2.6015625,1.421814,535.5062,20110.883,20000.502,1100.0834,554.81775,139.56763,122.633,0.0,-0.38353372,3.0,91.64581,38.70965,-2.2499971,-2.9999962,7.588,0.0,12.7890625,1.0181885,0.0,0.0,0.0,0.0,0.0,0.7939453,0.7998047,77.43225,2.3437505,264.95566,290.42996,0.0,108.999954,99.90234,0.0,265.64288,272.1602,519.75,538.5,-2.7272842,399.40625,0.0,431.78125,79.82713,62.999992,203.15552,0.0,108.73,305.46875,5.3222656,4.937744,55.52368,68.99872,2.602539,108.93,108.93,107.02,106.71,0
251618.95,-0.32970917,3.369196,1.4458606,1.5998244,101.4911,24.060139,13.681888,23.575102,381.49692,268.9267,127.485,0.907,7.643,24.84,44.72,0.0,94.06569,0.0,0.0,293.625,195.0,5024.0,0.0,-2.578125,1.4262085,537.1646,20082.758,20000.502,1100.0834,554.81775,138.65625,122.01836,0.0,-0.46307683,3.0,90.91034,38.67327,-2.2499971,-2.9999962,7.536,0.0,12.4609375,1.0233154,0.0,0.0,0.0,0.0,0.0,0.79296875,0.7998047,77.54364,2.3437505,263.9917,290.6198,0.0,108.999954,99.90234,0.0,264.68103,271.48856,520.125,538.5,-2.8068273,397.6875,0.0,430.28125,79.82713,62.999996,203.40576,0.0,109.4,307.0,5.593872,4.748535,55.200195,68.800354,2.614746,109.68,109.68,107.29,107.37,0
251619.02,-0.32376733,3.3351784,1.4375923,1.5998667,101.4911,24.060139,13.684743,23.455027,380.00055,269.04486,127.485,0.956,7.643,24.84,44.72,0.0,94.049545,0.0,0.0,293.25,195.0,5046.0,0.0,-2.609375,1.4258423,537.0153,20127.334,20000.502,1100.0834,557.20575,137.36337,121.318924,0.0,-0.52671146,3.0,90.286255,38.64053,-1.8749976,-2.9999962,7.52,0.0,12.3984375,1.0215454,0.0,0.0,0.0,0.0,0.0,0.79296875,0.7998047,77.54364,2.3437505,263.16403,291.28827,0.0,108.999954,99.90234,0.0,263.65283,270.9164,520.875,538.5,-2.870462,397.15625,0.0,429.28125,79.82713,63.0,203.22876,0.0,109.77,306.46875,5.8135986,5.783081,55.31006,70.17059,2.6123047,110.35,110.06,107.75,107.94,0
251619.05,-0.33901387,3.3028216,1.4316481,1.5999092,101.4911,24.060139,13.680882,23.348034,378.34677,268.67026,127.485,0.999,7.643,24.84,44.72,0.0,94.03663,0.0,0.0,293.25,195.0,5061.0,0.0,-2.6796875,1.4244385,536.5013,20168.195,20000.502,1100.0834,557.20575,135.98572,120.64069,0.0,-0.5776191,3.0,89.541626,38.61106,-1.8749976,-2.9999962,7.496,0.0,12.484375,1.0297852,0.0,0.0,0.0,0.0,0.0,0.7949219,0.7998047,77.70386,2.3437505,262.42654,291.6873,0.0,108.999954,99.90234,0.0,263.17194,270.535,520.875,538.875,-2.9213696,390.6875,0.0,427.78125,79.82713,63.0,202.81982,0.0,110.43,308.9375,5.9936523,5.41687,54.785156,69.46564,2.6220703,110.65,110.43,108.26,107.9,0
251619.1,-0.33121112,3.3086288,1.432299,1.5999514,101.4911,24.060139,13.684039,23.394194,380.30917,271.02432,127.485,1.026,7.643,24.84,44.72,0.0,94.02629,0.0,0.0,293.625,195.0,5079.0,0.0,-2.7265625,1.4243774,536.4764,20259.47,20000.502,1100.0834,557.20575,132.48857,119.64454,0.0,-0.77459526,3.0,87.85553,38.58454,-1.8749976,-2.9999962,7.468,0.0,12.703125,1.0339355,0.0,0.0,0.0,0.0,0.0,0.79296875,0.7998047,77.70386,2.3437505,262.74472,291.8719,0.0,108.999954,99.90234,0.0,263.3958,270.00433,521.25,538.875,-3.1183457,385.90625,0.0,426.5,79.82713,63.0,203.2959,0.0,111.07,310.1875,6.262207,2.545166,54.522705,66.59393,2.631836,110.82,110.86,108.56,108.68,0
251619.14,-0.2849689,3.2922015,1.4227047,1.5999515,101.4911,24.060139,13.668671,23.126513,378.83533,270.82446,127.485,1.076,7.643,24.84,44.72,0.0,94.01802,0.0,0.0,294.75,195.75,5095.0,0.0,-2.7578125,1.4246216,536.57587,20185.176,20000.502,1100.0834,558.7978,133.08203,120.08963,0.0,-0.9321761,3.0,88.07068,38.485485,-1.4999981,-2.2499971,7.404,0.0,12.9375,1.0340576,0.0,0.0,0.0,0.0,0.0,0.7919922,0.7998047,77.70386,2.3437505,260.89963,291.69565,0.0,108.999954,99.90234,0.0,261.62967,269.58975,521.25,538.875,-3.2759266,389.9375,0.0,426.1875,79.82713,63.0,202.45361,0.0,111.26,310.21875,6.500244,5.6030273,54.5166,69.877625,2.631836,111.26,111.51,109.01,109.22,0
251619.16,-0.24797513,3.2668805,1.4253156,1.5999942,101.4911,24.060139,13.669632,23.12239,377.33356,270.33325,127.485,1.117,7.643,24.84,44.72,0.0,94.011406,0.0,0.0,296.25,195.75,5106.0,0.0,-2.7421875,1.4282227,537.9274,20253.633,20000.502,1100.0834,558.7978,131.11092,119.70812,0.0,-1.0582409,3.0,87.12158,38.396336,-1.4999981,-2.2499971,7.356,0.0,13.015625,1.0452881,0.0,0.0,0.0,0.0,0.0,0.796875,0.7998047,77.81677,2.3437505,260.87122,291.228,0.0,108.999954,99.90234,0.0,261.62967,269.29123,521.625,538.875,-3.4019914,391.4375,0.0,425.5,79.82713,63.0,202.92969,0.0,111.55,313.59375,6.652832,4.5928955,53.808594,68.3548,2.6342773,111.72,111.51,109.46,109.38,0
251619.2,-0.2583801,3.219252,1.415222,1.6000364,101.4911,24.060139,13.676164,22.98745,374.1041,269.48932,127.485,1.146,7.643,24.84,44.72,0.0,93.85574,0.0,0.0,296.625,195.75,5134.0,0.0,-2.7734375,1.427185,537.5211,20110.352,20000.502,1100.0834,560.65515,130.60223,119.34781,0.0,-1.1590927,3.0,86.79352,38.3161,-1.4999981,-2.2499971,7.304,0.0,12.578125,1.0447998,0.0,0.0,0.0,0.0,0.0,0.79296875,0.7998047,77.81677,2.3437505,259.94107,292.15466,0.0,108.999954,99.90234,0.0,260.7093,268.6196,521.625,538.875,-3.5028431,387.1875,0.0,423.6875,79.82713,63.0,202.49023,0.0,111.85,313.4375,6.9122314,5.0720215,53.83911,69.10553,2.6293945,112.13,112.21,109.85,110.18,0
251619.25,-0.26670405,3.200201,1.4084309,1.6000788,101.4911,24.060139,13.674877,22.886503,374.24792,271.11575,127.485,1.2,7.643,24.84,44.72,0.0,93.73121,0.0,0.0,294.375,196.125,5163.0,0.0,-2.734375,1.428833,538.1513,20110.352,20000.502,1100.0834,560.65515,129.09741,117.99134,0.0,-1.239774,3.0,85.99701,38.24389,-1.1249986,-1.8749976,7.348,0.0,12.546875,1.0327148,0.0,0.0,0.0,0.0,0.0,0.7949219,0.7998047,77.941895,2.3437505,259.24527,292.924,0.0,108.999954,99.90234,0.0,259.96304,267.90652,522.0,538.875,-3.5835245,387.84375,0.0,422.375,79.82713,63.0,202.30713,0.0,112.33,309.8125,7.1533203,5.770874,54.60205,70.82062,2.6367188,112.61,112.61,110.52,110.35,0
251619.28,-0.25336325,3.1925805,1.4056771,1.6001209,101.4911,24.060139,13.685695,22.797169,374.16522,271.58084,127.485,1.236,7.643,24.84,44.72,0.0,93.631584,0.0,0.0,295.875,196.125,5173.0,0.0,-2.703125,1.4298096,538.5244,20157.582,20000.502,1100.0834,560.65515,128.48276,118.648384,0.0,-1.3043191,3.0,85.70099,38.178898,-1.1249986,-1.8749976,7.292,0.0,12.53125,1.0393677,0.0,0.0,0.0,0.0,0.0,0.7939453,0.7998047,77.941895,2.3437505,258.6295,292.7707,0.0,108.999954,99.90234,0.0,259.42407,267.608,522.0,538.875,-3.6480696,387.09375,0.0,421.1875,79.82713,63.0,202.16675,0.0,112.86,311.8125,7.30896,6.173706,54.18091,70.96405,2.6342773,112.97,112.97,110.31,110.92,0
251619.33,-0.2426906,3.2082825,1.3992976,1.6001637,101.4911,24.060139,13.663971,22.707863,376.32974,274.4192,127.485,1.267,7.643,24.84,44.72,0.0,93.55188,0.0,0.0,295.125,196.125,5197.0,0.0,-2.7109375,1.4299316,538.5742,20093.371,20000.502,1100.0834,562.24713,127.59258,118.05493,0.0,-1.3559554,3.0,85.18982,38.120407,-1.1249986,-1.8749976,7.296,0.0,12.546875,1.0302124,0.0,0.0,0.0,0.0,0.0,0.796875,0.7998047,77.941895,2.3437505,258.01392,293.26895,0.0,108.999954,99.90234,0.0,258.7773,267.0359,522.375,538.875,-3.6997058,380.21875,0.0,419.875,79.82713,63.0,202.00195,0.0,113.31,309.0625,7.58667,7.019043,54.760742,72.66693,2.6586914,113.33,113.36,111.3,111.68,0
251619.36,-0.19415247,3.233313,1.3954096,1.6002059,101.4911,24.060139,13.666342,22.64839,378.2002,276.41992,127.485,1.315,7.643,24.84,44.72,0.0,93.48812,0.0,0.0,295.125,196.125,5209.0,0.0,-2.921875,1.4320068,539.35364,20242.488,20000.502,1100.0834,562.24713,123.69274,117.22833,0.0,-1.3972642,3.0,83.31146,38.067764,-1.1249986,-1.8749976,7.288,0.0,12.4140625,1.0244751,0.0,0.0,0.0,0.0,0.0,0.7949219,0.7998047,78.05481,2.3437505,257.60397,293.62363,0.0,108.999954,99.90234,0.0,258.08908,266.68762,522.375,538.875,-3.7410147,377.9375,0.0,419.28125,79.82713,63.0,202.01416,0.0,113.67,307.34375,7.7667236,7.6782227,55.126953,73.88458,2.6757812,114.05,113.9,111.95,111.72,0
251619.4,-0.17532198,3.2433252,1.394484,1.6002482,101.4911,24.060139,13.656282,22.693497,378.2991,277.65997,127.485,1.355,7.643,24.84,44.72,0.0,93.43711,0.0,0.0,297.0,196.5,5231.0,0.0,-2.8046875,1.4309082,538.939,20143.254,20000.502,1100.0834,563.8392,122.82375,116.06262,0.0,-1.5865614,3.0,82.810974,38.020386,-0.74999905,-1.4999981,7.192,0.0,12.265625,1.02948,0.0,0.0,0.0,0.0,0.0,0.79003906,0.7998047,78.05481,2.3437505,257.9149,294.28976,0.0,108.999954,99.90234,0.0,258.6944,266.1155,522.75,538.875,-3.930312,378.5,0.0,417.28125,79.82713,63.0,202.33154,0.0,113.92,308.84375,7.9711914,6.1431885,54.80957,72.23663,2.7050781,114.45,114.31,112.08,112.38,0
251619.44,-0.14025758,3.19108,1.385531,1.6002905,101.4911,24.060139,13.649241,22.53249,373.40176,275.68964,127.485,1.399,7.643,24.84,44.72,0.0,93.3963,0.0,0.0,296.25,196.5,5262.0,0.0,-2.765625,1.4320068,539.35364,19962.824,20000.502,1100.0834,563.8392,124.90084,116.44412,0.0,-1.737999,3.0,83.740234,37.977745,-0.74999905,-1.4999981,7.2,0.0,12.25,1.0263672,0.0,0.0,0.0,0.0,0.0,0.7949219,0.7998047,78.17993,2.3437505,256.80508,294.56686,0.0,108.999954,99.90234,0.0,257.6082,265.61798,522.75,538.875,-4.0817494,376.875,0.0,416.28125,79.82713,63.0,202.15454,0.0,114.56,307.90625,8.099365,8.609009,55.004883,75.02594,2.7148438,114.77,114.62,112.74,112.61,0
251619.48,-0.112206064,3.151432,1.3870186,1.6003331,101.4911,24.060139,13.656032,22.599737,371.85577,275.43518,127.485,1.426,7.643,24.84,44.72,0.0,93.363655,0.0,0.0,294.375,196.5,5279.0,0.0,-2.6796875,1.4328003,539.6438,19863.59,20000.502,1100.0834,563.8392,124.392166,114.854515,0.0,-1.859149,3.0,83.49457,37.93937,-0.74999905,-1.4999981,7.224,0.0,12.109375,1.0349731,0.0,0.0,0.0,0.0,0.0,0.7949219,0.7998047,78.17993,2.3437505,257.26862,295.23932,0.0,108.999954,99.90234,0.0,258.04764,264.74738,523.125,538.875,-4.2028995,374.65625,0.0,413.59375,79.82713,63.0,202.73438,0.0,115.06,310.5,8.233643,6.164551,54.46167,72.18475,2.7392578,115.32,115.13,113.27,113.01,0
251619.52,-0.089764856,3.135573,1.378497,1.6003755,101.4911,24.060139,13.637347,22.41767,372.10107,275.93015,127.485,1.481,7.643,24.84,44.72,0.0,93.33754,0.0,0.0,294.375,196.875,5285.0,0.0,-3.015625,1.4321289,539.3868,19524.49,20000.502,1100.0834,565.96185,129.62727,115.3208,0.0,-1.956069,3.0,85.935974,37.90483,-0.37499952,-1.1249986,7.212,0.0,11.8203125,1.0285034,0.0,0.0,0.0,0.0,0.0,0.7949219,0.7998047,78.17993,2.3437505,256.01364,295.5384,0.0,108.999954,99.90234,0.0,256.4805,264.46545,523.125,539.25,-4.2998195,377.1875,0.0,413.1875,79.82713,63.0,201.80054,0.0,115.49,308.5625,8.389282,9.606934,54.870605,76.1673,2.7563477,115.6,115.6,113.45,113.67,0
251619.56,-0.051811885,3.1667292,1.3740742,1.5976624,101.4911,24.060139,13.659424,22.427103,375.52197,280.0476,127.485,1.515,7.643,24.84,44.72,0.0,93.31665,0.0,0.0,292.5,196.875,5315.0,0.0,-3.0625,1.4332275,539.81793,19922.494,20000.502,1100.0834,565.96185,127.42302,115.70231,0.0,-2.033605,3.0,84.791565,37.873745,-0.37499952,-1.1249986,7.264,0.0,11.8359375,1.0358276,0.0,0.0,0.0,0.0,0.0,0.7988281,0.7998047,78.32031,2.3437505,256.07867,296.06052,0.0,108.999954,99.90234,0.0,256.3727,263.97623,523.125,539.25,-4.3773556,373.53125,0.0,412.28125,79.82713,63.0,202.19727,0.0,115.92,310.75,8.483887,10.241699,54.40674,76.45111,2.758789,116.08,116.02,113.82,113.77,0
251619.61,-0.02144951,3.1416917,1.3658246,1.6004602,101.4911,24.060139,13.6573,22.323547,372.23526,279.21564,127.485,1.55,7.643,24.84,44.72,0.0,92.99918,0.0,0.0,293.625,197.25,5346.0,0.0,-3.109375,1.4315796,539.19604,20191.545,20000.502,1100.0834,568.08453,122.35747,114.09151,0.0,-2.095634,3.0,82.27997,37.845768,0.0,-0.74999905,7.192,0.0,11.640625,1.0410156,0.0,0.0,0.0,0.0,0.0,0.79296875,0.7998047,78.32031,2.3437505,255.36488,297.6419,0.0,108.999954,99.90234,0.0,256.0991,263.17194,523.5,539.25,-4.4393845,372.75,0.0,409.375,79.82713,63.0,201.97144,0.0,116.39,312.3125,8.627319,9.051514,54.07715,75.086975,2.788086,116.63,116.54,114.36,114.22,0
251619.62,0.0028403904,3.1129267,1.3642216,1.5839708,101.4911,24.060139,13.661673,22.30177,370.72818,279.02145,127.485,1.601,7.643,24.84,44.72,0.0,92.74521,0.0,0.0,295.5,197.25,5364.0,0.0,-3.40625,1.4317627,539.2541,20202.69,20000.502,1100.0834,568.08453,121.14937,113.60403,0.0,-2.145257,3.0,81.69708,37.82059,0.0,-0.74999905,7.1,0.0,11.4609375,1.0413208,0.0,0.0,0.0,0.0,0.0,0.7910156,0.7998047,78.4668,2.3437505,255.21475,294.7739,0.0,108.999954,99.90234,0.0,256.04932,262.72418,523.875,539.625,-4.4890075,375.15625,0.0,408.375,79.82713,63.0,202.20337,0.0,116.88,312.40625,8.673096,8.157349,54.058838,74.21417,2.7929688,116.88,117.07,114.7,115.04,0
251619.69,0.022272311,3.1201708,1.3637925,1.5954583,101.4911,24.060139,13.670592,22.32396,372.69876,281.49817,127.485,1.626,7.643,24.84,44.72,0.0,92.54203,0.0,0.0,297.375,197.25,5383.0,0.0,-3.125,1.4336548,539.9672,19980.338,20000.502,1100.0834,568.08453,122.76017,114.04912,0.0,-2.1849556,3.0,82.39136,37.79793,0.0,-0.74999905,7.032,0.0,11.515625,1.0444336,0.0,0.0,0.0,0.0,0.0,0.7949219,0.7998047,78.4668,2.3437505,255.3677,297.20935,0.0,108.999954,99.90234,0.0,255.72595,262.24326,524.25,539.25,-4.528706,366.78125,0.0,406.59375,79.82713,63.0,202.7771,0.0,117.32,313.34375,8.810425,8.816528,53.863525,74.827576,2.7978516,117.28,117.59,115.28,115.32,0
251619.73,0.03781785,3.1230683,1.3582654,1.5917704,101.49193,24.060139,13.659258,22.268055,372.89346,282.3254,127.485,1.676,7.643,24.84,44.72,0.0,92.379486,0.0,0.0,296.625,197.25,5396.0,0.0,-3.1171875,1.4328613,539.677,20014.3,20000.502,1100.0834,569.6766,121.84879,113.43446,0.0,-2.2167144,3.0,81.95343,37.77754,0.0,-0.74999905,7.04,0.0,11.375,1.0341797,0.0,0.0,0.0,0.0,0.0,0.79589844,0.7998047,78.4668,2.3437505,254.9832,297.2551,0.0,108.999954,99.90234,0.0,255.24501,261.87012,524.25,539.25,-4.560465,367.53125,0.0,405.59375,79.82713,63.0,202.34985,0.0,117.82,310.25,8.981323,9.3688965,54.510498,76.197815,2.7978516,117.7,117.88,115.84,115.7,0
251619.78,0.03025428,3.1242275,1.3530087,1.5668453,101.492676,24.060139,13.663043,22.194307,372.86414,283.7681,127.485,1.716,7.643,24.84,44.72,0.0,92.24945,0.0,0.0,295.125,197.625,5424.0,0.0,-3.6015625,1.4356079,540.0833,19990.951,20000.502,1100.0834,569.6766,121.65804,113.03177,0.0,-2.2421212,3.0,81.79016,37.759182,0.37499952,-0.37499952,7.052,0.0,11.1328125,1.0405273,0.0,0.0,0.0,0.0,0.0,0.796875,0.7998047,78.57971,2.3437505,254.47562,293.3325,0.0,108.999954,99.90234,0.0,255.29478,261.1985,524.625,539.625,-4.5858717,369.65625,0.0,403.6875,79.82713,63.0,202.36816,0.0,118.12,312.15625,9.106445,7.9040527,54.107666,74.479675,2.8076172,118.34,118.25,115.91,116.36,0
251619.8,0.044203423,3.105941,1.3571688,1.5626913,101.492516,24.060139,13.671552,22.272724,371.28674,283.34903,127.485,1.757,7.643,24.84,44.72,0.0,92.145424,0.0,0.0,294.0,197.625,5439.0,0.0,-3.421875,1.4365234,540.4233,19997.318,20000.502,1100.0834,571.53394,122.251495,113.54044,0.0,-2.4186969,3.0,82.0755,37.74266,0.37499952,-0.37499952,7.084,0.0,11.0546875,1.0430908,0.0,0.0,0.0,0.0,0.0,0.7949219,0.7998047,78.57971,2.3437505,255.01598,292.41962,0.0,108.999954,99.90234,0.0,255.51866,260.80878,524.625,539.625,-4.7624474,369.125,0.0,402.59375,79.82713,63.0,203.26538,0.0,118.48,312.9375,9.210205,8.029175,53.948975,74.54376,2.8027344,118.51,118.64,116.48,116.25,0
251619.84,0.03536274,3.0986266,1.3591734,1.5437855,101.49237,24.060139,13.677508,22.381771,371.57202,284.0881,127.485,1.786,7.643,24.84,44.72,0.0,92.0622,0.0,0.0,294.75,197.625,5449.0,0.0,-3.0859375,1.4373169,540.10815,20239.836,20000.502,1100.0834,571.53394,117.07997,111.33618,0.0,-2.5599575,3.0,79.50134,37.727795,0.37499952,-0.37499952,7.04,0.0,11.0,1.0473633,0.0,0.0,0.0,0.0,0.0,0.7919922,0.7998047,78.71246,2.3437505,255.76749,289.4378,0.0,108.999954,99.90234,0.0,256.57172,260.44394,524.625,539.25,-4.903708,372.75,0.0,401.59375,79.82713,63.0,203.76587,0.0,118.98,314.21875,9.317017,1.0772705,53.674316,67.44232,2.7929688,119.06,118.89,116.78,116.96,0
251619.89,0.028290192,3.0957007,1.3488431,1.535477,101.49224,24.060139,13.675818,22.164652,371.7203,285.76617,127.485,1.826,7.643,24.84,44.72,0.0,91.99563,0.0,0.0,296.625,198.0,5479.0,0.0,-3.1171875,1.4396362,540.9871,19752.148,20000.502,1100.0834,571.53394,122.61181,112.62907,0.0,-2.672966,3.0,82.08618,37.714413,0.74999905,0.0,6.952,0.0,10.875,1.0421753,0.0,0.0,0.0,0.0,0.0,0.7949219,0.7998047,78.71246,2.3437505,254.27077,288.37683,0.0,108.999954,99.90234,0.0,254.70607,259.7806,525.0,539.25,-5.0167165,368.65625,0.0,399.5,79.82713,63.0,203.1189,0.0,119.36,312.65625,9.503174,5.0109863,54.003906,71.9162,2.7685547,119.67,119.63,117.28,117.53,0
251619.92,0.022632154,3.0570302,1.3475512,1.531026,101.49295,24.060139,13.662916,22.152632,368.39154,284.13754,127.485,1.879,7.643,24.84,44.72,0.0,91.94237,0.0,0.0,294.0,198.0,5497.0,0.0,-3.2890625,1.4412231,540.9622,19952.21,20000.502,1100.0834,573.1259,120.068436,111.357376,0.0,-2.763373,3.0,80.859375,37.70237,0.74999905,0.0,7.02,0.0,10.8125,1.0449829,0.0,0.0,0.0,0.0,0.0,0.7998047,0.7998047,78.71246,2.3437505,254.18863,287.8255,0.0,108.999954,99.90234,0.0,255.22014,259.30798,525.0,539.25,-5.1071234,368.0625,0.0,398.375,79.82713,63.0,203.43628,0.0,119.84,313.5,9.631348,3.5003662,53.826904,70.36896,2.7636719,119.84,119.97,117.86,117.62,0
251619.97,-0.0018942766,3.041562,1.3391968,1.5223787,101.49359,24.060139,13.671463,22.076162,368.64423,285.72903,127.485,1.907,7.643,24.84,44.72,0.0,91.89976,0.0,0.0,297.375,198.0,5524.0,0.0,-3.765625,1.4413452,540.99536,20231.875,20000.502,1100.0834,573.1259,115.53275,110.446,0.0,-2.6794481,3.0,78.6026,37.691532,0.74999905,0.0,6.888,0.0,10.75,1.0311279,0.0,0.0,0.0,0.0,0.0,0.796875,0.7998047,78.82385,2.3437505,253.66217,287.47836,0.0,108.999954,99.90234,0.0,254.70607,258.61145,525.375,540.0,-5.0231986,364.65625,0.0,396.59375,79.82713,63.0,202.97852,0.0,120.37,309.34375,9.8602295,1.7456055,54.70581,69.71588,2.7685547,120.51,120.46,118.25,118.27,0
251620.02,-0.021515422,3.0353749,1.3336554,1.5180126,101.49334,24.060139,13.659867,21.966204,368.72003,286.61554,127.485,1.956,7.643,24.84,44.72,0.0,91.715294,0.0,0.0,296.25,198.0,5540.0,0.0,-3.625,1.44281,540.9208,19980.338,20000.502,1100.0834,575.2486,116.9316,110.000916,0.0,-2.7685585,3.0,79.19464,37.681778,0.74999905,0.0,6.904,0.0,10.7421875,1.0341797,0.0,0.0,0.0,0.0,0.0,0.7939453,0.7998047,78.82385,2.3437505,252.90399,287.00827,0.0,108.999954,99.90234,0.0,253.93494,258.21347,525.75,539.625,-5.112309,361.71875,0.0,394.875,79.82713,63.0,202.66724,0.0,120.76,310.25,10.009766,3.378296,54.510498,71.315,2.7685547,120.92,120.92,118.51,118.89,0
251620.03,-0.037212335,3.0328999,1.3238823,1.5136039,101.49311,24.060139,13.65761,21.746944,368.86124,287.50162,127.485,1.997,7.643,24.84,44.72,0.0,91.567726,0.0,0.0,297.375,198.0,5555.0,0.0,-3.5859375,1.4423828,540.76324,19826.441,20000.502,1100.0834,575.2486,119.814095,110.46719,0.0,-2.8398466,3.0,80.58472,37.673,0.74999905,0.0,6.86,0.0,10.734375,1.0372925,0.0,0.0,0.0,0.0,0.0,0.79785156,0.7998047,78.96423,2.3437505,251.39244,286.50223,0.0,108.999954,99.90234,0.0,251.7542,257.81546,525.75,539.625,-5.183597,361.5,0.0,393.875,79.82713,63.0,201.45264,0.0,121.05,311.1875,10.119629,5.810547,54.315186,73.6496,2.7636719,121.22,121.28,119.1,118.86,0
251620.08,-0.06976987,3.03191,1.3200189,1.5099585,101.492905,24.060139,13.667748,21.685585,369.0148,288.29443,127.485,2.026,7.643,24.84,44.72,0.0,91.44967,0.0,0.0,295.125,198.0,5568.0,0.0,-3.515625,1.4445801,540.9788,19660.873,20000.502,1100.0834,575.2486,122.6542,110.61556,0.0,-2.7406273,3.0,81.881714,37.6651,0.74999905,0.0,6.912,0.0,10.671875,1.036438,0.0,0.0,0.0,0.0,0.0,0.8027344,0.7998047,78.96423,2.3437505,250.96928,286.17963,0.0,108.999954,99.90234,0.0,251.59665,257.44232,525.75,539.625,-5.084378,358.125,0.0,392.59375,79.82713,63.0,201.26343,0.0,121.5,310.9375,10.299683,5.267334,54.370117,73.34747,2.7661133,121.67,121.45,119.21,119.63,0
251620.11,-0.0958159,3.012764,1.3107363,1.4904593,101.49272,24.060139,13.663127,21.578423,367.46698,288.83823,127.485,2.066,7.643,24.84,44.72,0.0,91.355225,0.0,0.0,295.5,198.75,5602.0,0.0,-3.4296875,1.4430542,540.4067,19699.08,20000.502,1100.0834,576.84064,122.90853,109.53463,0.0,-2.817502,3.0,81.92291,37.5828,1.1249986,0.74999905,6.876,0.0,10.6640625,1.0350952,0.0,0.0,0.0,0.0,0.0,0.7998047,0.7998047,78.96423,2.3437505,250.23044,283.3241,0.0,108.999954,99.90234,0.0,250.9499,256.5883,526.125,539.625,-5.1612525,362.6875,0.0,391.59375,79.82713,63.0,200.93994,0.0,122.01,310.53125,10.4522705,5.3375244,54.449463,73.661804,2.7685547,122.17,122.12,119.8,120.03,0
251620.16,-0.11665272,2.9863558,1.3144461,1.4717231,101.49255,24.060139,13.665751,21.597383,365.8685,288.09512,127.485,2.106,7.643,24.84,44.72,0.0,91.27967,0.0,0.0,295.875,198.75,5612.0,0.0,-3.40625,1.4415894,540.4813,20273.268,20000.502,1100.0834,576.84064,116.63488,108.729225,0.0,-2.8790016,3.0,78.89862,37.50873,1.1249986,0.74999905,6.832,0.0,10.6640625,1.03302,0.0,0.0,0.0,0.0,0.0,0.7998047,0.7998047,79.07562,2.3437505,250.36096,279.66235,0.0,108.999954,99.90234,0.0,251.23181,256.21515,526.125,539.625,-5.222752,361.53125,0.0,389.59375,79.82713,63.0,201.30005,0.0,122.4,309.90625,10.60791,3.8604736,54.58374,72.47467,2.7685547,122.39,122.63,120.33,120.11,0
251620.2,-0.09332218,2.9757924,1.3072569,1.4690527,101.4924,24.060139,13.667588,21.436424,366.1256,289.11954,127.485,2.15,7.643,24.84,44.72,0.0,91.21922,0.0,0.0,296.625,198.75,5628.0,0.0,-3.4375,1.44104,540.274,20315.191,20000.502,1100.0834,578.1673,114.706154,108.814,0.0,-2.9282012,3.0,77.96936,37.44207,1.1249986,0.74999905,6.804,0.0,10.65625,1.0371704,0.0,0.0,0.0,0.0,0.0,0.796875,0.7998047,79.07562,2.3437505,249.25134,279.02356,0.0,108.999954,99.90234,0.0,249.49883,255.89177,526.125,539.625,-5.2719517,361.34375,0.0,388.875,79.82713,63.0,201.76392,0.0,122.67,311.15625,10.760498,1.8585205,54.32129,70.33234,2.770996,122.81,122.81,120.64,120.64,0
251620.23,-0.074657746,3.009067,1.3107184,1.4646864,101.49226,24.060139,13.657155,21.581377,369.77075,292.36118,127.485,2.189,7.643,24.84,44.72,0.0,91.17087,0.0,0.0,298.875,198.75,5635.0,0.0,-3.4296875,1.4395142,539.70184,20368.258,20000.502,1100.0834,578.1673,111.929634,108.09338,0.0,-2.9675608,3.0,76.55029,37.382072,1.1249986,0.74999905,6.728,0.0,10.59375,1.03479,0.0,0.0,0.0,0.0,0.0,0.79785156,0.7998047,79.174805,2.3437505,250.25035,279.00076,0.0,108.999954,99.90234,0.0,250.96649,255.5518,526.5,539.625,-5.3113112,359.34375,0.0,387.59375,79.82713,63.0,201.27563,0.0,123.02,310.4375,10.891724,1.2451172,54.473877,69.99664,2.7734375,123.23,122.95,120.95,121.4,0
251620.28,-0.039726198,3.022377,1.3019472,1.456802,101.49214,24.060139,13.661571,21.477509,370.00644,294.15695,127.485,2.226,7.643,24.84,44.72,0.0,91.13219,0.0,0.0,300.0,198.75,5666.0,0.0,-3.375,1.4452515,540.61395,20171.91,20000.502,1100.0834,578.1673,110.000916,106.63094,0.0,-2.9990487,3.0,75.54932,37.328075,1.1249986,0.74999905,6.66,0.0,10.3671875,1.0250854,0.0,0.0,0.0,0.0,0.0,0.79785156,0.7998047,79.174805,2.3437505,249.53427,278.15323,0.0,108.999954,99.90234,0.0,250.328,255.046,526.5,539.25,-5.342799,355.25,0.0,386.09375,79.82713,63.0,200.12207,0.0,123.4,307.53125,11.080933,5.9936523,55.08423,75.57526,2.7734375,123.69,123.56,121.58,121.86,0
251620.31,0.008219041,3.008951,1.2869827,1.4518,101.492035,24.060139,13.647083,21.221552,368.29337,293.46683,127.485,2.276,7.643,24.84,44.72,0.0,91.10124,0.0,0.0,300.375,198.75,5679.0,0.0,-3.34375,1.4419556,539.3702,20191.545,20000.502,1100.0834,575.7793,110.424805,107.902626,0.0,-3.024239,3.0,75.753784,37.27948,1.1249986,0.74999905,6.648,0.0,9.6953125,1.020935,0.0,0.0,0.0,0.0,0.0,0.80078125,0.7998047,79.174805,2.3437505,247.76988,278.91827,0.0,108.999954,99.90234,0.0,248.16388,254.63142,526.875,539.25,-5.3679895,355.03125,0.0,384.78125,79.82713,63.0,199.6643,0.0,123.8,306.28125,11.21521,5.4473877,55.34668,75.401306,2.7783203,123.92,124.11,121.86,121.73,0
251620.38,0.06657523,2.9848304,1.2817433,1.4458231,101.491936,24.060139,13.648662,21.110891,366.69672,293.17215,127.485,2.306,7.643,24.84,44.72,0.0,91.076485,0.0,0.0,299.625,198.75,5698.0,0.0,-3.296875,1.4440308,539.5278,20082.758,20000.502,1100.0834,575.7793,109.13193,107.33037,0.0,-3.0443912,3.0,75.04883,37.235744,1.1249986,0.74999905,6.652,0.0,9.4375,1.0140381,0.0,0.0,0.0,0.0,0.0,0.8017578,0.7998047,78.99933,2.3437505,247.007,278.0534,0.0,108.999954,99.90234,0.0,247.35956,254.13391,526.875,539.25,-5.3881416,353.28125,0.0,383.28125,79.82713,63.0,199.38965,0.0,124.32,304.21875,11.419678,5.92041,55.786133,76.52435,2.7856445,124.39,124.21,122.12,122.58,0
251620.42,0.13326019,2.9564323,1.2844044,1.4375572,101.49185,24.060139,13.643907,21.322823,365.13898,293.4125,127.485,2.351,7.643,24.84,44.72,0.0,90.9063,0.0,0.0,299.25,198.75,5727.0,0.0,-3.2265625,1.4411011,538.4415,19911.88,20000.502,1100.0834,577.3713,110.10689,106.63094,0.0,-3.060513,3.0,75.5188,37.19638,1.1249986,0.74999905,6.648,0.0,9.203125,1.0258179,0.0,0.0,0.0,0.0,0.0,0.8017578,0.7998047,78.99933,2.3437505,248.46774,277.5919,0.0,108.999954,99.90234,0.0,249.56516,253.38766,527.25,539.25,-5.4042635,349.875,0.0,381.09375,79.82713,63.0,200.59814,0.0,124.79,307.75,11.602783,1.0772705,55.041504,71.10748,2.8027344,124.96,124.82,122.67,123.18,0
251620.44,0.18660815,2.9450731,1.2792227,1.4325975,101.491776,24.060139,13.646438,21.220129,365.3603,294.41058,127.485,2.4,7.643,24.84,44.72,0.0,90.77016,0.0,0.0,298.125,198.75,5743.0,0.0,-3.203125,1.4402466,538.12646,19869.957,20000.502,1100.0834,577.3713,109.61941,105.52882,0.0,-3.0734105,3.0,75.2121,37.160954,1.1249986,0.74999905,6.652,0.0,9.046875,1.0230103,0.0,0.0,0.0,0.0,0.0,0.8027344,0.7998047,79.11835,2.3437505,247.75981,276.94662,0.0,108.999954,99.90234,0.0,248.91841,252.98965,527.25,539.25,-5.417161,350.625,0.0,379.6875,79.82713,63.0,200.29907,0.0,125.2,306.90625,11.682129,1.4251709,55.218506,71.699524,2.8027344,125.25,125.44,123.18,123.14,0
251620.48,0.22928652,2.9217794,1.271252,1.4275109,101.49171,24.060139,13.654069,21.155426,363.6871,294.13394,127.485,2.426,7.643,24.84,44.72,0.0,90.66124,0.0,0.0,298.875,199.125,5764.0,0.0,-3.171875,1.4380493,537.30554,19904.451,20000.502,1100.0834,577.3713,109.449844,105.93151,0.0,-3.0837283,3.0,75.04883,37.12907,1.4999981,1.1249986,6.616,0.0,8.765625,1.013855,0.0,0.0,0.0,0.0,0.0,0.80078125,0.7998047,79.11835,2.3437505,247.31375,276.83524,0.0,108.999954,99.90234,0.0,248.39604,252.25998,527.25,539.25,-5.427479,347.4375,0.0,378.28125,79.82713,63.0,199.96338,0.0,125.63,304.15625,11.825562,2.5726318,55.79834,73.55194,2.8051758,125.73,125.73,123.46,123.69,0
251620.53,0.26342922,2.8937118,1.2645563,1.4222969,101.491646,24.060139,13.641832,21.002403,362.01996,293.49677,127.485,2.483,7.643,24.84,44.72,0.0,90.574104,0.0,0.0,299.625,199.125,5778.0,0.0,-3.1171875,1.4377441,536.58417,20026.506,20000.502,1100.0834,579.22864,107.33037,104.786995,0.0,-3.0919828,3.0,74.02649,37.100372,1.4999981,1.1249986,6.576,0.0,8.53125,1.015625,0.0,0.0,0.0,0.0,0.0,0.80078125,0.7998047,79.11835,2.3437505,246.25891,276.4963,0.0,108.999954,99.90234,0.0,247.24348,251.77907,527.625,539.25,-5.4357333,345.84375,0.0,376.59375,79.82713,63.0,199.18213,0.0,126.09,304.6875,11.990356,4.46167,55.682373,75.4776,2.8100586,126.17,125.84,123.74,124.21,0
251620.56,0.29074338,2.8637347,1.2641538,1.4188634,101.491585,24.060139,13.644985,21.03848,360.4229,292.75827,127.485,2.515,7.643,24.84,44.72,0.0,90.504395,0.0,0.0,298.875,199.125,5789.0,0.0,-3.2734375,1.4368896,536.8578,20047.732,20000.502,1100.0834,579.22864,106.67333,104.447876,0.0,-2.942336,3.0,73.71063,37.074547,1.4999981,1.1249986,6.576,0.0,8.3046875,1.0155029,0.0,0.0,0.0,0.0,0.0,0.8027344,0.7998047,79.244995,2.3437505,246.50755,276.2175,0.0,108.999954,99.90234,0.0,246.86206,251.36447,527.625,539.25,-5.2860866,344.15625,0.0,375.875,79.82713,63.0,199.56665,0.0,126.38,304.65625,12.127686,4.8309326,55.69458,75.98419,2.8198242,126.46,126.56,124.25,124.11,0
251620.6,0.3125947,2.832994,1.258669,1.4125473,101.492355,24.060139,13.647193,20.994152,358.66635,292.33798,127.485,2.551,7.643,24.84,44.72,0.0,90.44863,0.0,0.0,300.375,199.125,5809.0,0.0,-3.3125,1.4327393,535.31555,19945.844,20000.502,1100.0834,580.55536,107.076035,103.85442,0.0,-2.822619,3.0,73.82355,37.051304,1.4999981,1.1249986,6.528,0.0,8.03125,1.0155029,0.0,0.0,0.0,0.0,0.0,0.8027344,0.7998047,79.244995,2.3437505,246.20276,275.90042,0.0,108.999954,99.90234,0.0,247.17715,250.61821,528.0,539.25,-5.1663694,344.03125,0.0,374.375,79.82713,63.0,199.4751,0.0,126.59,304.65625,12.27417,4.208374,55.69458,75.49591,2.8271484,126.89,126.75,124.34,124.78,0
251620.64,0.3100758,2.8019476,1.253447,1.4087323,101.49306,24.060139,13.648738,20.885618,357.11942,291.67844,127.485,2.586,7.643,24.84,44.72,0.0,90.40402,0.0,0.0,300.75,199.125,5821.0,0.0,-3.3671875,1.4301147,534.3288,19985.645,20000.502,1100.0834,580.55536,107.47874,104.596245,0.0,-2.7268453,3.0,74.017334,37.030384,1.4999981,1.1249986,6.504,0.0,7.8125,1.0202026,0.0,0.0,0.0,0.0,0.0,0.80371094,0.7998047,79.33502,2.3437505,245.45535,275.54767,0.0,108.999954,99.90234,0.0,245.70122,249.95488,528.0,539.25,-5.0705957,343.34375,0.0,372.78125,79.82713,63.0,198.76709,0.0,127.18,306.0625,12.408447,5.630493,55.395508,76.734924,2.8320312,127.1,126.95,124.82,125.25,0
251620.69,0.28806064,2.7707791,1.2576237,1.3906742,101.49368,24.060139,13.655679,21.102966,355.57346,291.21402,127.485,2.626,7.643,24.84,44.72,0.0,90.36833,0.0,0.0,300.0,199.125,5837.0,0.0,-3.21875,1.4277344,533.4416,19993.074,20000.502,1100.0834,580.55536,106.50378,103.51531,0.0,-2.650226,3.0,73.47565,37.011555,1.4999981,1.1249986,6.516,0.0,7.4375,1.0239258,0.0,0.0,0.0,0.0,0.0,0.80078125,0.7998047,79.33502,2.3437505,246.95413,272.79257,0.0,108.999954,99.90234,0.0,247.82391,249.55687,528.0,539.25,-4.9939766,344.4375,0.0,372.09375,79.82713,63.0,199.6643,0.0,127.51,307.1875,12.515259,0.63171387,55.15747,71.598816,2.8393555,127.64,127.55,125.35,125.63,0
251620.72,0.2704485,2.7395616,1.2573882,1.3845701,101.49342,24.060139,13.654678,21.199804,353.79382,290.74933,127.485,2.676,7.643,24.84,44.72,0.0,90.33978,0.0,0.0,299.25,199.125,5857.0,0.0,-3.2734375,1.4238281,532.5875,20020.137,20000.502,1100.0834,581.882,107.09723,104.27832,0.0,-2.5889306,3.0,73.680115,36.99461,1.4999981,1.1249986,6.516,0.0,7.3046875,1.0244751,0.0,0.0,0.0,0.0,0.0,0.80078125,0.7998047,79.33502,2.3437505,247.62137,272.425,0.0,108.999954,99.90234,0.0,248.27165,248.78574,528.0,539.25,-4.932681,343.9375,0.0,370.875,79.82713,63.0,200.1709,0.0,127.7,307.34375,12.561035,0.2532959,55.126953,71.20514,2.836914,127.7,127.89,125.63,125.59,0
251620.77,0.2363588,2.6895747,1.2496234,1.3754141,101.49319,24.060139,13.6715555,21.132107,350.2362,289.25076,127.485,2.706,7.643,24.84,44.72,0.0,90.31694,0.0,0.0,299.625,199.125,5886.0,0.0,-3.3359375,1.4207153,531.435,20177.748,20000.502,1100.0834,581.882,103.85442,102.794685,0.0,-2.539894,3.0,72.117615,36.97936,1.4999981,1.1249986,6.484,0.0,7.0390625,1.0185547,0.0,0.0,0.0,0.0,0.0,0.8017578,0.7998047,79.426575,2.3437505,247.1545,271.86407,0.0,108.999954,99.90234,0.0,247.95656,247.79073,528.375,539.25,-4.8836446,341.71875,0.0,368.59375,79.82713,63.0,199.94507,0.0,128.13,305.5625,12.600708,0.1159668,55.499268,71.45538,2.8344727,128.35,128.44,126.02,126.22,0
251620.8,0.20908704,2.66958,1.2414571,1.3729979,101.49297,24.060139,13.68337,20.8903,350.4749,289.69382,127.485,2.757,7.643,24.84,44.72,0.0,90.29867,0.0,0.0,300.75,199.125,5891.0,0.0,-3.3671875,1.4197388,531.0701,20170.848,20000.502,1100.0834,583.47406,104.80819,103.85442,0.0,-2.5006652,3.0,72.49451,36.965633,1.4999981,1.1249986,6.428,0.0,7.0234375,1.0246582,0.0,0.0,0.0,0.0,0.0,0.80078125,0.7998047,79.426575,2.3437505,245.48755,271.27258,0.0,108.999954,99.90234,0.0,246.59674,247.4093,528.375,539.25,-4.8444157,340.75,0.0,367.09375,79.82713,63.0,199.1272,0.0,128.54,307.40625,12.609863,0.64086914,55.114746,71.59271,2.8320312,128.65,128.54,126.41,126.56,0
251620.83,0.16726963,2.6803322,1.2436874,1.3711327,101.49278,24.060139,13.674062,20.936872,352.39905,291.97647,127.485,2.786,7.643,24.84,44.72,0.0,90.28405,0.0,0.0,303.0,199.125,5905.0,0.0,-3.3203125,1.4193115,530.9126,20068.43,20000.502,1100.0834,583.47406,105.25328,103.70606,0.0,-2.4692822,3.0,72.709656,36.95328,1.4999981,1.1249986,6.368,0.0,7.1796875,1.029541,0.0,0.0,0.0,0.0,0.0,0.80371094,0.7998047,79.5517,2.3437505,245.80836,270.88022,0.0,108.999954,99.90234,0.0,246.86206,247.05276,528.75,539.25,-4.8130326,340.25,0.0,366.5,79.82713,63.0,199.51172,0.0,128.86,308.875,12.619019,0.076293945,54.803467,70.713806,2.8222656,128.9,129.05,126.95,126.65,0
251620.88,0.1338157,2.684633,1.2382768,1.3635875,101.49261,24.060139,13.685124,20.94667,352.63876,293.26364,127.485,2.826,7.643,24.84,44.72,0.0,90.272354,0.0,0.0,304.125,199.5,5927.0,0.0,-3.2421875,1.4158936,530.2244,19869.957,20000.502,1100.0834,583.47406,104.61744,102.41318,0.0,-2.4441757,3.0,72.33124,36.942165,1.8749976,1.4999981,6.316,0.0,7.0546875,1.0231934,0.0,0.0,0.0,0.0,0.0,0.8027344,0.7998047,79.5517,2.3437505,245.87573,270.18628,0.0,108.999954,99.90234,0.0,246.86206,246.29822,528.75,539.25,-4.787926,341.0625,0.0,365.09375,79.82713,63.0,198.58398,0.0,129.2,306.96875,12.652588,2.0355225,55.2063,73.08502,2.8271484,129.25,129.46,127.39,127.19,0
251620.92,0.08705257,2.6676035,1.2335321,1.3468858,101.493286,24.060139,13.67529,20.79147,350.96085,292.21295,127.485,2.877,7.643,24.84,44.72,0.0,90.263,0.0,0.0,299.625,199.5,5934.0,0.0,-3.21875,1.4142456,529.6191,19800.97,20000.502,1100.0834,584.8007,106.31302,102.87946,0.0,-2.4240904,3.0,73.14911,36.93216,1.8749976,1.4999981,6.44,0.0,6.625,1.0278931,0.0,0.0,0.0,0.0,0.0,0.80566406,0.7998047,79.5517,2.3437505,244.80663,267.11835,0.0,108.999954,99.90234,0.0,245.89192,245.93338,528.75,539.25,-4.767841,340.53125,0.0,364.1875,79.82713,63.0,198.7854,0.0,129.65,308.375,12.689209,1.6052246,54.907227,72.38617,2.824707,129.66,129.46,127.49,127.89,0
251620.95,0.04964206,2.6607914,1.2270994,1.3415872,101.4939,24.060139,13.691844,20.647932,351.2753,293.31265,127.485,2.907,7.643,24.84,44.72,0.0,90.255516,0.0,0.0,299.625,199.5,5951.0,0.0,-3.2734375,1.4135132,529.34546,20048.793,20000.502,1100.0834,584.8007,103.26097,101.73495,0.0,-2.408022,3.0,71.67816,36.923153,1.8749976,1.4999981,6.42,0.0,6.5625,1.0214233,0.0,0.0,0.0,0.0,0.0,0.8046875,0.7998047,79.64325,2.3437505,243.81784,266.50537,0.0,108.999954,99.90234,0.0,244.28333,245.28662,529.125,539.25,-4.7517724,338.78125,0.0,362.59375,79.82713,63.0,198.28491,0.0,129.98,306.4375,12.716675,1.3092041,55.316162,72.51434,2.8222656,130.02,129.87,128.09,128.14,0
251621.02,-2.863519E-4,2.6393166,1.2223759,1.3358221,101.493614,24.060139,13.685853,20.620455,349.34436,292.58264,127.485,2.956,7.643,24.84,44.72,0.0,90.24953,0.0,0.0,300.0,199.5,5969.0,0.0,-3.2265625,1.4135742,528.7568,20116.19,20000.502,1100.0834,585.86206,102.603935,101.586586,0.0,-2.3951674,3.0,71.27991,36.915047,1.8749976,1.4999981,6.388,0.0,6.46875,1.0167847,0.0,0.0,0.0,0.0,0.0,0.8046875,0.7998047,79.64325,2.3437505,243.62817,266.21957,0.0,108.999954,99.90234,0.0,243.89362,244.74765,529.125,539.25,-4.738918,338.59375,0.0,361.875,79.82713,63.0,198.13843,0.0,130.24,305.03125,12.774658,1.9927979,55.60913,73.542786,2.8222656,130.38,130.49,128.59,128.14,0
251621.06,-0.040229082,2.6307268,1.2169904,1.3288703,101.49336,24.060139,13.68166,20.563831,349.64227,293.8624,127.485,2.997,7.643,24.84,44.72,0.0,90.244736,0.0,0.0,300.375,199.5,5990.0,0.0,-3.1796875,1.411499,527.97736,20224.977,20000.502,1100.0834,585.86206,100.90835,101.05672,0.0,-2.3848839,3.0,70.391846,36.907753,1.8749976,1.4999981,6.364,0.0,6.15625,1.0128784,0.0,0.0,0.0,0.0,0.0,0.8017578,0.7998047,79.71954,2.3437505,243.23761,265.4823,0.0,108.999954,99.90234,0.0,244.28333,243.91019,529.125,539.25,-4.7286344,336.40625,0.0,360.5,79.82713,63.0,198.0957,0.0,130.63,303.875,12.7960205,0.3692627,55.859375,72.17255,2.8222656,130.65,130.95,128.75,128.9,0
251621.1,-0.07218327,2.608541,1.2103014,1.3193326,101.49313,24.060139,13.678724,20.498453,347.78094,293.37155,127.485,3.035,7.643,24.84,44.72,0.0,90.240906,0.0,0.0,303.0,199.5,6012.0,0.0,-3.2734375,1.4082031,526.7419,20027.566,20000.502,1100.0834,585.86206,100.844765,100.654015,0.0,-2.376657,3.0,70.3598,36.901188,1.8749976,1.4999981,6.272,0.0,6.0078125,1.0084229,0.0,0.0,0.0,0.0,0.0,0.8027344,0.7998047,79.71954,2.3437505,242.78674,264.6052,0.0,108.999954,99.90234,0.0,243.82727,243.16393,529.5,539.25,-4.7204075,334.78125,0.0,358.0,79.82713,63.0,197.7356,0.0,131.05,302.53125,12.783813,-0.20446777,56.140137,71.84296,2.8173828,131.27,131.21,128.95,129.56,0
251621.12,-0.117746614,2.5809164,1.2079747,1.3156871,101.49293,24.060139,13.66495,20.435926,346.249,292.46793,127.485,3.076,7.643,24.84,44.72,0.0,90.23784,0.0,0.0,300.0,199.5,6020.0,0.0,-3.2421875,1.4073486,526.43506,20102.922,20000.502,1100.0834,587.98474,100.33609,100.6964,0.0,-2.3700752,3.0,70.033264,36.89528,1.8749976,1.4999981,6.348,0.0,5.9296875,1.0100098,0.0,0.0,0.0,0.0,0.0,0.8076172,0.7998047,79.71954,2.3437505,242.35553,263.85733,0.0,108.999954,99.90234,0.0,243.37952,242.7908,529.5,539.25,-4.7138257,334.09375,0.0,356.375,79.82713,63.0,197.50977,0.0,131.41,303.0,12.771606,-0.23803711,56.04248,71.69342,2.8173828,131.65,131.42,129.51,129.62,0
251621.17,-0.15419729,2.5886168,1.2059109,1.3062342,101.492744,24.060139,13.678746,20.393312,348.1138,294.97113,127.485,3.115,7.643,24.84,44.72,0.0,90.23538,0.0,0.0,302.25,199.5,6039.0,0.0,-3.2421875,1.4052734,526.2609,20389.486,20000.502,1100.0834,587.98474,96.711784,101.37463,0.0,-2.20856,3.0,68.28766,36.88996,1.8749976,1.4999981,6.272,0.0,5.875,1.0131836,0.0,0.0,0.0,0.0,0.0,0.8046875,0.7998047,79.85382,2.3437505,242.06163,262.11224,0.0,108.999954,99.90234,0.0,242.67473,242.0943,529.5,539.25,-4.5523105,333.75,0.0,356.09375,79.82713,63.0,197.47314,0.0,131.76,303.96875,12.77771,0.0579834,55.841064,71.78192,2.8198242,131.86,131.9,129.96,129.66,0
251621.22,-0.18335783,2.5729468,1.1983128,1.2828778,101.49258,24.060139,13.676684,20.320251,346.47418,294.60272,127.485,3.156,7.643,24.84,44.72,0.0,90.23342,0.0,0.0,300.75,199.5,6060.0,0.0,-3.1796875,1.4017944,524.9591,19966.01,20000.502,1100.0834,589.0461,99.382324,100.50565,0.0,-2.0793476,3.0,69.1864,36.885178,1.8749976,1.4999981,6.292,0.0,5.265625,1.0047607,0.0,0.0,0.0,0.0,0.0,0.8017578,0.7998047,79.85382,2.3437505,241.55786,258.51804,0.0,108.999954,99.90234,0.0,242.80739,241.37291,529.5,539.25,-4.423098,332.9375,0.0,352.5,79.82713,63.0,196.80786,0.0,132.02,301.4375,12.786865,-0.015258789,56.37207,72.23053,2.8173828,132.17,132.33,130.18,130.28,0
251621.25,-0.20668627,2.5291786,1.2014791,1.2657946,101.492424,24.060139,13.68696,20.356985,342.78906,292.09457,127.485,3.2,7.643,24.84,44.72,0.0,90.23185,0.0,0.0,300.0,199.875,6073.0,0.0,-3.1796875,1.4017944,524.9591,20103.453,20000.502,1100.0834,589.0461,97.390015,100.18773,0.0,-1.9759779,3.0,68.22662,36.88087,2.2499971,1.8749976,6.292,0.0,5.625,1.0133057,0.0,0.0,0.0,0.0,0.0,0.8027344,0.7998047,79.937744,2.3437505,241.8109,254.63062,0.0,108.999954,99.90234,0.0,243.05615,241.00807,529.5,539.25,-4.3197284,336.09375,0.0,350.6875,79.82713,63.0,197.33887,0.0,132.56,304.0,12.774658,-1.2817383,55.828857,70.39642,2.8173828,132.71,132.6,130.44,130.8,0
251621.3,-0.24534902,2.5304215,1.1996287,1.2554939,101.49229,24.060139,13.694153,20.252985,344.85587,294.82346,127.485,3.236,7.643,24.84,44.72,0.0,90.23059,0.0,0.0,301.875,199.875,6093.0,0.0,-3.2421875,1.399292,524.6109,19706.51,20000.502,1100.0834,589.0461,102.39198,100.82357,0.0,-1.8932819,3.0,70.24841,36.876995,2.2499971,1.8749976,6.22,0.0,5.7890625,1.0223999,0.0,0.0,0.0,0.0,0.0,0.80078125,0.7998047,79.937744,2.3437505,241.0939,252.33772,0.0,108.999954,99.90234,0.0,242.35963,240.1789,529.5,539.25,-4.2370324,335.0,0.0,348.6875,79.82713,63.0,197.5769,0.0,132.86,306.71875,12.747192,-3.1860352,55.267334,67.90314,2.8076172,132.98,132.81,131.06,130.85,0
251621.31,-0.2562792,2.5121686,1.1970025,1.2490507,101.493,24.060139,13.68161,20.248985,343.08557,293.79138,127.485,3.276,7.643,24.84,44.72,0.0,90.22958,0.0,0.0,298.125,199.875,6103.0,0.0,-3.25,1.3969727,523.74854,19795.133,20000.502,1100.0834,590.37274,101.73495,100.44206,0.0,-1.8271255,3.0,69.93103,36.873505,2.2499971,1.8749976,6.32,0.0,5.625,1.0185547,0.0,0.0,0.0,0.0,0.0,0.8046875,0.7998047,79.937744,2.3437505,241.06705,251.47635,0.0,108.999954,99.90234,0.0,242.16064,239.78918,529.5,539.25,-4.170876,334.0625,0.0,347.1875,79.82713,63.0,197.41821,0.0,133.17,305.5625,12.72583,-3.4423828,55.548096,67.881775,2.7783203,133.3,133.32,131.12,131.12,0
251621.36,-0.24502337,2.5048676,1.1908216,1.2410815,101.49364,24.060139,13.690408,20.084064,343.2362,294.7391,127.485,3.306,7.643,24.84,44.72,0.0,90.22878,0.0,0.0,299.25,200.25,6120.0,0.0,-3.2265625,1.3950806,523.03546,19712.879,20000.502,1100.0834,590.37274,102.77349,99.65786,0.0,-1.7742004,3.0,70.043945,36.870365,2.2499971,2.2499971,6.264,0.0,5.453125,1.0094604,0.0,0.0,0.0,0.0,0.0,0.8027344,0.7998047,80.03235,2.3437505,239.93091,250.04597,0.0,108.999954,99.90234,0.0,241.19879,239.19218,529.5,539.25,-4.117951,335.28125,0.0,345.1875,79.82713,63.0,196.8872,0.0,133.48,302.84375,12.686157,-2.999878,56.14624,68.86444,2.7441406,133.58,133.74,131.48,131.74,0
251621.39,-0.21601869,2.520697,1.1875223,1.2228965,101.49338,24.060139,13.690707,19.993155,345.3554,297.1888,127.485,3.356,7.643,24.84,44.72,0.0,89.92739,0.0,0.0,297.0,200.25,6133.0,0.0,-3.21875,1.383606,518.7403,19883.754,20000.502,1100.0834,591.43414,102.794685,100.50565,0.0,-1.7318602,3.0,70.05463,36.86754,2.2499971,2.2499971,6.32,0.0,5.3203125,0.99560547,0.0,0.0,0.0,0.0,0.0,0.8066406,0.7998047,80.03235,2.3437505,239.30402,246.47089,0.0,108.999954,99.90234,0.0,240.61008,238.71126,529.5,539.25,-4.0756106,336.40625,0.0,343.1875,79.82713,63.0,196.54541,0.0,133.89,298.6875,12.670898,-2.2521973,57.18994,70.536804,2.7319336,133.95,133.79,131.9,132.03,0
251621.44,-0.17281495,2.527029,1.1842299,1.2026343,101.49315,24.060139,13.679198,19.976768,345.4002,298.09973,127.485,3.386,7.643,24.84,44.72,0.0,89.68628,0.0,0.0,298.5,199.875,6151.0,0.0,-3.2421875,1.37146,513.5828,19672.547,20000.502,1100.0834,591.43414,105.041336,99.59428,0.0,-1.697988,3.0,70.7489,36.864994,2.2499971,1.8749976,6.264,0.0,5.1875,0.97802734,0.0,0.0,0.0,0.0,0.0,0.80859375,0.7998047,80.12848,2.3437505,239.19084,242.94292,0.0,108.999954,99.90234,0.0,240.23694,238.03963,529.5,539.25,-4.0417385,335.3125,0.0,341.1875,79.82713,63.0,196.39282,0.0,134.24,293.40625,12.637329,-3.942871,58.459473,69.89288,2.734375,134.39,134.33,132.38,132.12,0
251621.48,-0.07825196,2.5295618,1.1762357,1.199455,101.49294,24.060139,13.68286,19.7465,345.59595,298.75357,127.485,3.426,7.643,24.84,44.72,0.0,89.493385,0.0,0.0,298.5,200.25,6161.0,0.0,-3.1953125,1.3735962,513.2097,19774.967,20000.502,1100.0834,591.43414,105.55001,99.36113,0.0,-1.6708903,3.0,70.99304,36.862705,2.2499971,2.2499971,6.244,0.0,4.9140625,0.9725952,0.0,0.0,0.0,0.0,0.0,0.8046875,0.7998047,80.12848,2.3437505,237.60341,242.32713,0.0,108.999954,99.90234,0.0,238.74443,237.62505,529.5,539.25,-4.014641,332.84375,0.0,340.1875,79.82713,63.0,195.44067,0.0,134.58,291.78125,12.585449,-1.8066406,58.770752,72.28241,2.734375,134.78,134.84,132.69,132.48,0
251621.53,-0.022601567,2.5305748,1.17386,1.1952585,101.49275,24.060139,13.661986,19.684757,345.85,299.45847,127.485,3.481,7.643,24.84,44.72,0.0,89.33907,0.0,0.0,301.125,200.625,6171.0,0.0,-3.21875,1.3735962,512.6376,20075.328,20000.502,1100.0834,592.4955,102.307205,99.46711,0.0,-1.6492121,3.0,69.43054,36.860645,2.6249967,2.6249967,6.16,0.0,4.65625,0.9692383,0.0,0.0,0.0,0.0,0.0,0.80371094,0.7998047,80.12848,2.3437505,237.17764,241.4729,0.0,108.999954,99.90234,0.0,238.36302,237.24362,529.5,539.25,-3.9929626,334.375,0.0,338.59375,79.82713,63.0,195.26978,0.0,134.73,290.78125,12.573242,-0.8300781,58.97827,73.40546,2.7294922,134.78,135.01,132.92,133.13,0
251621.56,0.021918746,2.53098,1.1696317,1.1787689,101.492584,24.060139,13.664953,19.642885,345.992,300.6009,127.485,3.517,7.643,24.84,44.72,0.0,89.21562,0.0,0.0,300.375,200.625,6192.0,0.0,-3.3046875,1.3612671,508.6078,19761.17,20000.502,1100.0834,592.4955,104.63863,99.0856,0.0,-1.6318696,3.0,70.166016,36.85879,2.9999962,2.6249967,6.172,0.0,4.1875,0.9602051,0.0,0.0,0.0,0.0,0.0,0.8017578,0.7998047,80.207825,2.3437505,236.88885,238.7045,0.0,108.999954,99.90234,0.0,238.09769,236.53053,529.5,539.25,-3.97562,332.75,0.0,337.0,79.82713,63.0,195.26978,0.0,135.15,288.0625,12.567139,-0.73547363,59.70459,74.116516,2.7441406,135.22,135.17,133.3,133.74,0
251621.6,0.077534996,2.512392,1.1670574,1.1644835,101.49243,24.060139,13.66117,19.580168,344.1248,299.94434,127.485,3.556,7.643,24.84,44.72,0.0,89.11686,0.0,0.0,298.5,201.0,6212.0,0.0,-3.3515625,1.3517456,505.05893,19713.408,20000.502,1100.0834,594.08746,104.786995,98.2802,0.0,-1.6179955,3.0,69.85016,36.857124,2.9999962,2.9999962,6.188,0.0,4.0859375,0.951416,0.0,0.0,0.0,0.0,0.0,0.8027344,0.7998047,80.207825,2.3437505,236.45639,235.96782,0.0,108.999954,99.90234,0.0,237.59187,235.80914,529.5,539.25,-3.961746,333.75,0.0,334.375,79.82713,63.0,195.17212,0.0,135.58,285.4375,12.564087,-0.86364746,60.369873,74.57123,2.7539062,135.67,135.53,133.79,133.52,0
251621.62,0.12202799,2.486207,1.1630552,1.1546493,101.492294,24.060139,13.652662,19.539642,342.36334,299.08154,127.485,3.586,7.643,24.84,44.72,0.0,89.03785,0.0,0.0,298.125,201.0,6226.0,0.0,-3.3828125,1.3478394,503.02744,20075.328,20000.502,1100.0834,594.08746,101.98929,98.23781,0.0,-1.6068964,3.0,68.50128,36.85562,2.9999962,2.9999962,6.192,0.0,3.7890625,0.9387207,0.0,0.0,0.0,0.0,0.0,0.7998047,0.7998047,80.336,2.3437505,236.17693,234.43057,0.0,108.999954,99.90234,0.0,237.4592,235.4526,529.5,539.625,-3.9506469,334.375,0.0,332.78125,79.82713,63.0,195.23315,0.0,135.87,281.625,12.564087,-0.16174316,61.206055,76.04828,2.7685547,135.9,135.9,133.85,134.12,0
251621.69,0.1776224,2.4757328,1.1640012,1.1479517,101.49217,24.060139,13.658426,19.56236,342.58792,299.99878,127.485,3.626,7.643,24.84,44.72,0.0,88.97464,0.0,0.0,301.5,201.0,6241.0,0.0,-3.359375,1.3458862,501.72565,20430.877,20000.502,1100.0834,594.08746,96.478645,98.00467,0.0,-1.598017,3.0,65.45868,36.85427,2.9999962,2.9999962,6.092,0.0,3.859375,0.9378052,0.0,0.0,0.0,0.0,0.0,0.7949219,0.7998047,80.336,2.3437505,236.33339,233.16705,0.0,108.999954,99.90234,0.0,237.52553,234.73122,529.5,539.25,-3.9417675,333.0625,0.0,330.5,79.82713,63.0,195.50171,0.0,136.25,281.34375,12.530518,-3.3813477,61.2854,72.84393,2.7905273,136.28,136.46,134.29,134.5,0
251621.72,0.22209792,2.4715433,1.1599946,1.1447301,101.49206,24.060139,13.650742,19.45516,342.75754,300.6282,127.485,3.68,7.643,24.84,44.72,0.0,88.92407,0.0,0.0,301.125,201.0,6251.0,0.0,-3.28125,1.3443604,501.1535,19761.701,20000.502,1100.0834,595.4142,101.79853,97.66555,0.0,-1.5909135,3.0,68.022156,36.853054,2.9999962,2.9999962,6.08,0.0,3.921875,0.9356079,0.0,0.0,0.0,0.0,0.0,0.7949219,0.7998047,80.336,2.3437505,235.59436,232.50244,0.0,108.999954,99.90234,0.0,236.88708,234.28346,529.5,539.25,-3.934664,336.8125,0.0,328.875,79.82713,63.0,195.01953,0.0,136.45,280.6875,12.484741,-1.9287109,61.43799,74.37897,2.7929688,136.49,136.59,134.73,134.61,0
251621.77,0.2776783,2.4698675,1.1588237,1.1393465,101.49196,24.060139,13.657082,19.440773,342.92432,301.83307,127.485,3.706,7.643,24.84,44.72,0.0,88.88362,0.0,0.0,297.375,201.0,6273.0,0.0,-3.359375,1.3443604,500.58966,20048.264,20000.502,1100.0834,595.4142,101.26866,97.11449,0.0,-1.5852308,3.0,67.378235,36.85196,2.9999962,2.9999962,6.168,0.0,4.0703125,0.9319458,0.0,0.0,0.0,0.0,0.0,0.80371094,0.7998047,80.43213,2.3437505,235.49509,231.55461,0.0,108.999954,99.90234,0.0,236.62175,233.62012,529.5,539.25,-3.9289813,331.65625,0.0,326.59375,79.82713,63.0,195.09888,0.0,137.04,279.59375,12.4053955,-1.9897461,61.66382,74.446106,2.7954102,136.98,136.98,135.11,135.03,0
251621.8,0.30214265,2.450447,1.1660424,1.1406182,101.49187,24.060139,13.6498,19.600103,341.08856,300.98303,127.485,3.757,7.643,24.84,44.72,0.0,88.85126,0.0,0.0,297.75,201.0,6289.0,0.0,-3.2109375,1.3482666,502.049,19945.844,20000.502,1100.0834,596.74084,102.87946,97.79272,0.0,-1.5806847,3.0,68.15491,36.850975,2.9999962,2.9999962,6.14,0.0,4.2578125,0.9382324,0.0,0.0,0.0,0.0,0.0,0.7988281,0.7998047,80.43213,2.3437505,236.59325,231.50865,0.0,108.999954,99.90234,0.0,237.81575,232.97337,529.5,539.25,-3.9244351,331.59375,0.0,325.6875,79.82713,63.0,196.45386,0.0,137.25,281.46875,12.359619,-4.8309326,61.23047,71.11969,2.7954102,137.32,137.39,135.29,135.33,0
251621.84,0.30171412,2.4239287,1.167536,1.1238743,101.49178,24.060139,13.6388445,19.656061,338.98938,299.749,127.485,3.786,7.643,24.84,44.72,0.0,88.82537,0.0,0.0,298.5,201.0,6302.0,0.0,-3.109375,1.3369141,497.82022,20117.781,20000.502,1100.0834,596.74084,100.88715,97.91988,0.0,-1.5770476,3.0,67.1936,36.85009,2.9999962,2.9999962,6.112,0.0,4.359375,0.9242554,0.0,0.0,0.0,0.0,0.0,0.7949219,0.7998047,80.53589,2.3437505,236.97888,228.25209,0.0,108.999954,99.90234,0.0,237.9816,232.42612,529.5,539.25,-3.920798,331.96875,0.0,323.1875,79.82713,63.0,196.67358,0.0,137.65,277.28125,12.271118,-5.267334,62.231445,71.528625,2.8027344,137.61,137.8,135.18,135.79,0
251621.89,0.2813713,2.4133215,1.1519539,1.1172616,101.491714,24.060139,13.642894,19.24103,339.09607,301.12796,127.485,3.826,7.643,24.84,44.72,0.0,88.80466,0.0,0.0,299.625,201.375,6329.0,0.0,-3.046875,1.333252,497.01593,20054.63,20000.502,1100.0834,596.74084,98.57693,96.711784,0.0,-1.7303877,3.0,65.693665,36.849293,3.3749957,3.3749957,6.06,0.0,4.4453125,0.9230957,0.0,0.0,0.0,0.0,0.0,0.7939453,0.7998047,80.53589,2.3437505,234.11804,227.16666,0.0,108.999954,99.90234,0.0,235.52722,231.47256,529.5,539.25,-4.074138,332.5625,0.0,321.0,79.82713,63.0,195.08667,0.0,137.97,276.9375,12.216187,-1.1108398,62.34131,75.746155,2.8076172,138.12,138.25,135.56,136.18,0
251621.92,0.24509704,2.4090786,1.1572226,1.1083175,101.49248,24.060139,13.63987,19.40701,339.38672,302.00513,127.485,3.876,7.643,24.84,44.72,0.0,88.788086,0.0,0.0,297.75,201.375,6342.0,0.0,-3.0546875,1.3289795,495.42392,19869.957,20000.502,1100.0834,598.0675,99.891,96.39386,0.0,-1.8530598,3.0,65.937805,36.848576,3.3749957,3.3749957,6.088,0.0,4.390625,0.9140625,0.0,0.0,0.0,0.0,0.0,0.796875,0.7998047,80.53589,2.3437505,235.26288,225.47717,0.0,108.999954,99.90234,0.0,236.10767,231.02481,529.5,538.875,-4.1968102,330.96875,0.0,318.1875,79.82713,63.0,196.23413,0.0,138.37,274.21875,12.136841,-3.125,62.939453,74.18976,2.8076172,138.37,138.27,136.34,136.07,0
251621.97,0.21607763,2.4073815,1.1497148,1.1076392,101.493164,24.060139,13.649471,19.241222,339.67322,302.26007,127.485,3.906,7.643,24.84,44.72,0.0,88.77483,0.0,0.0,294.75,201.375,6342.0,0.0,-2.8984375,1.3284302,495.2249,20088.594,20000.502,1100.0834,598.0675,101.01433,96.94492,0.0,-1.7949476,3.0,66.47949,36.847927,3.3749957,3.3749957,6.16,0.0,4.4375,0.9140625,0.0,0.0,0.0,0.0,0.0,0.7998047,0.7998047,80.6488,2.3437505,234.12082,225.6724,0.0,108.999954,99.90234,0.0,234.63171,230.65167,529.5,538.875,-4.138698,334.84375,0.0,317.59375,79.82713,63.0,195.22705,0.0,138.75,274.21875,12.033081,-0.91552734,62.945557,76.29547,2.8149414,138.79,138.58,136.81,136.46,0
251622.02,0.1728621,2.4067025,1.1461306,1.1043752,101.49295,24.060139,13.638614,19.151344,402.3882,359.0272,127.485,3.956,7.643,24.84,44.72,0.0,88.76423,0.0,0.0,298.875,201.375,6359.0,0.0,-2.8515625,1.3283691,495.20004,19822.197,20000.502,1100.0834,598.8635,103.17619,96.860146,0.0,-1.7484579,4.0,67.52167,36.847343,3.3749957,3.3749957,6.044,0.0,4.3671875,0.91345215,0.0,0.0,0.0,0.0,0.0,0.7949219,0.7998047,80.6488,2.3437505,233.50108,225.06071,0.0,108.999954,99.90234,0.0,234.11763,230.3283,529.5,538.875,-4.0922084,329.53125,0.0,316.5,79.82713,63.0,195.19653,0.0,138.88,274.03125,11.984253,-0.59814453,62.98828,76.60675,2.8271484,139.1,138.89,137.14,136.88,0
251622.03,0.11828968,2.387681,1.1442362,1.1008569,101.49276,24.060139,13.631014,19.110859,400.12256,357.96008,127.485,4.0,7.643,24.84,44.72,0.0,88.755745,0.0,0.0,298.5,201.375,6376.0,0.0,-2.953125,1.3267212,494.57816,20123.088,20000.502,1100.0834,598.8635,99.36113,95.8216,0.0,-1.867516,4.0,65.29541,36.84682,3.3749957,3.3749957,6.036,0.0,4.375,0.911438,0.0,0.0,0.0,0.0,0.0,0.79589844,0.7998047,80.72052,2.3437505,233.22183,224.48006,0.0,108.999954,99.90234,0.0,234.50734,229.77275,529.5,538.875,-4.2112665,331.125,0.0,315.0,79.82713,63.0,195.57495,0.0,139.11,273.4375,11.917114,-1.8005371,63.134766,75.4776,2.8271484,139.1,139.32,137.15,137.44,0
251622.08,0.07463175,2.3613224,1.1448467,1.090641,101.49259,24.060139,13.643272,19.151037,397.91864,357.105,127.485,4.026,7.643,24.84,44.72,0.0,88.74896,0.0,0.0,297.375,201.375,6396.0,0.0,-3.078125,1.3215942,492.67105,19946.375,20000.502,1100.0834,598.8635,101.45941,96.33028,0.0,-1.9627628,4.0,66.30554,36.846348,3.3749957,3.3749957,6.048,0.0,4.671875,0.90631104,0.0,0.0,0.0,0.0,0.0,0.7949219,0.7998047,80.72052,2.3437505,233.4986,222.5467,0.0,108.999954,99.90234,0.0,234.24202,228.99333,529.5,539.25,-4.3065133,328.75,0.0,311.5,79.82713,63.0,195.29419,0.0,139.46,271.90625,11.773682,-1.4648438,63.500977,75.98114,2.8320312,139.58,139.79,137.55,137.78,0
251622.11,0.019705404,2.332029,1.1433191,1.0896237,101.49244,24.060139,13.6342745,19.111362,395.60355,355.36047,127.485,4.077,7.643,24.84,44.72,0.0,88.74353,0.0,0.0,297.375,201.375,6402.0,0.0,-3.0234375,1.3215942,492.67105,19746.842,20000.502,1100.0834,600.1902,103.9816,95.80041,0.0,-2.03896,4.0,67.13257,36.845924,3.3749957,3.3749957,6.036,0.0,4.640625,0.90667725,0.0,0.0,0.0,0.0,0.0,0.79589844,0.7998047,80.72052,2.3437505,233.22498,222.43053,0.0,108.999954,99.90234,0.0,233.72794,228.72798,529.5,539.25,-4.3827105,330.5,0.0,311.0,79.82713,63.0,196.05713,0.0,139.93,272.0,11.66687,-3.07312,63.476562,74.253845,2.8271484,140.0,139.85,138.05,137.7,0
251622.16,-0.024235675,2.3203118,1.1555399,1.0901322,101.4923,24.060139,13.639695,19.362883,396.12317,353.60397,127.485,4.106,7.643,24.84,44.72,0.0,88.73919,0.0,0.0,296.625,201.375,6362.0,0.0,-3.1796875,1.3157349,490.47372,19903.92,20000.502,1100.0834,600.1902,103.19739,96.39386,0.0,-2.099918,4.0,67.53082,36.845543,3.3749957,3.3749957,6.072,0.0,4.7890625,0.9020386,0.0,0.0,0.0,0.0,0.0,0.796875,0.7998047,80.81665,2.3437505,234.95854,221.79694,0.0,108.999954,99.90234,0.0,236.0496,228.75287,529.5,539.25,-4.4436684,328.65625,0.0,312.5,79.82713,63.0,195.87402,0.0,140.06,270.625,11.51123,-5.230713,63.824463,72.221375,2.8320312,140.21,140.0,138.22,138.05,0
251622.2,-0.07938854,2.2781248,1.1438233,1.1037394,101.49301,24.060139,13.64349,19.025888,391.3109,349.5828,127.485,4.151,7.643,24.84,44.72,0.0,88.73572,0.0,0.0,298.5,201.375,6367.0,0.0,-3.21875,1.3265381,494.5118,20313.6,20000.502,1100.0834,598.8635,99.382324,96.60581,0.0,-2.148684,4.0,65.693665,36.8452,3.3749957,3.3749957,6.056,0.0,4.796875,0.91522217,0.0,0.0,0.0,0.0,0.0,0.79589844,0.7998047,80.81665,2.3437505,232.63638,224.53326,0.0,108.999954,99.90234,0.0,233.91862,229.05136,529.5,539.25,-4.4924345,328.53125,0.0,316.375,79.82713,63.0,194.89746,0.0,139.91,274.5625,11.434937,-0.87280273,62.902832,75.679016,2.8344727,139.79,139.95,138.11,138.68,0
251622.23,-0.08351083,2.1299999,1.1561445,1.0940746,101.49364,24.060139,13.640286,19.448952,374.2565,334.7146,127.485,4.187,7.643,24.84,44.72,0.0,88.73294,0.0,0.0,301.5,201.375,6374.0,0.0,-3.3828125,1.3214722,492.05746,19920.902,20000.502,1100.0834,598.8635,100.14534,95.440094,0.0,-2.187697,4.0,65.6723,36.84489,3.3749957,3.3749957,5.948,0.0,3.859375,0.90478516,0.0,0.0,0.0,0.0,0.0,0.79296875,0.7998047,80.72052,2.3437505,235.55315,223.11284,0.0,108.999954,99.90234,0.0,236.53055,229.00162,529.5,539.25,-4.5314474,330.90625,0.0,313.375,79.82713,63.0,196.29517,0.0,139.89,271.4375,11.306763,-5.630493,63.598633,71.495056,2.8344727,139.95,140.21,138.68,138.79,0
251622.28,-0.08680867,1.9207499,1.1657084,1.1687651,101.4942,24.060139,13.720076,19.47259,356.20984,298.78244,127.485,4.226,7.643,24.84,44.72,0.0,88.73071,0.0,0.0,0.0,185.25,5978.0,0.0,-4.3046875,1.3063965,485.8884,22167.768,20000.502,1100.0834,598.8635,0.0,82.80801,0.0,-1.2814076,4.0,0.0,36.844612,2.2499971,-13.874982,0.0,0.0,2.2890625,0.8867798,0.0,0.0,0.0,0.0,0.0,0.80078125,1.0,57.22046,2.3437505,235.71664,236.40907,0.0,108.999954,99.90234,0.0,236.74612,243.51218,720.0,540.0,-3.625158,-67.65625,0.0,327.59375,79.82713,63.0,190.60059,0.0,140.29,266.03125,11.087036,-4.7973633,65.2832,73.3963,2.866211,140.38,140.59,139.05,139.1,0
251622.31,-0.069446936,1.7808001,1.223882,1.442008,101.49389,24.060139,13.770068,20.025682,351.89395,270.37622,127.485,4.276,7.643,24.84,44.72,0.0,88.728935,0.0,0.0,0.0,183.0,5476.0,0.0,-7.3125,1.3618774,506.53485,22235.693,20000.502,1100.0834,583.7394,0.0,84.800316,0.0,-0.556376,4.0,0.0,36.84436,0.74999905,-14.999981,0.0,0.0,2.96875,0.739563,0.0,0.0,0.0,0.0,0.0,1.0351562,1.0,57.22046,2.3437505,239.52873,281.40683,0.0,108.999954,99.90234,0.0,239.91357,258.95142,720.0,543.0,-2.9001265,-62.3125,0.0,374.59375,79.82713,63.0,186.88965,0.0,140.68,221.875,11.087036,2.4383545,79.19922,93.55316,2.890625,140.7,140.38,139.32,138.89,0
251622.38,-0.05555755,1.7248201,1.2545582,1.6002907,101.49361,24.060139,13.723032,19.546833,358.5766,244.31711,127.485,4.306,7.643,24.84,44.72,0.0,88.72751,0.0,0.0,361.875,189.375,4856.0,0.0,-5.859375,1.4078369,504.72726,19784.52,20000.502,1100.0834,583.7394,71.74433,86.601875,0.0,0.023649216,4.0,59.56421,36.844135,-2.6249967,-13.124983,5.22,0.0,7.6640625,0.5440674,0.0,0.0,0.0,0.0,0.0,1.9999695,0.8310547,73.54126,2.3437505,236.2278,298.4125,0.0,108.999954,99.90234,0.0,236.58858,272.6411,523.5,542.25,-2.3201013,196.96875,0.0,432.28125,79.82713,63.0,174.91455,0.0,140.98,163.21875,11.001587,36.584473,85.36377,99.998474,3.0493164,140.96,140.75,139.52,139.32,0
251622.4,-0.06444604,1.721178,1.284304,1.6007993,101.493355,24.060139,13.672528,20.07345,363.55573,238.98676,127.485,4.356,7.643,24.84,44.72,0.0,88.72637,0.0,0.0,327.75,189.0,4685.0,0.0,-4.078125,1.4108276,498.1602,18994.348,20000.502,1100.0834,543.14294,127.57139,111.442154,0.0,0.48766947,4.0,87.22229,36.843933,-3.3749957,-9.374988,6.744,0.0,11.3984375,0.4572754,0.0,0.0,0.0,0.0,0.0,1.9999695,0.7998047,79.566956,2.3437505,239.85747,296.50052,0.0,108.999954,99.90234,0.0,240.07112,275.60956,518.25,540.375,-1.856081,297.5,0.0,437.375,79.82713,63.0,174.40186,0.0,141.25,137.1875,10.9375,33.14514,88.256836,99.998474,3.1298828,141.24,141.45,139.47,139.79,0
251622.45,-0.07155684,1.7384713,1.3394549,1.6012232,101.493126,24.060139,13.68991,21.831636,368.48767,234.36995,127.485,4.386,7.643,24.84,44.72,0.0,88.725464,0.0,0.0,315.0,194.25,4533.0,0.0,-2.8671875,1.3496094,483.31796,19074.48,20000.502,1100.0834,543.14294,133.84505,116.59249,0.0,0.85888565,4.0,91.00189,36.84375,-3.7499952,-3.7499952,7.276,0.0,12.4140625,0.62042236,0.0,0.0,0.0,0.0,0.0,1.0966797,0.7998047,76.71814,2.3437505,251.97623,299.70367,0.0,108.999954,99.90234,0.0,251.97807,277.89807,516.375,538.875,-1.4848648,367.78125,0.0,439.6875,79.82713,63.0,180.68237,0.0,141.52,186.125,10.830688,33.151245,82.84912,99.998474,3.3740234,141.61,141.77,139.68,140.11,0
251622.5,-0.077245474,1.8016386,1.3934597,1.6013929,101.49292,24.060139,13.702078,23.152506,377.9416,237.7845,127.485,4.436,7.643,24.84,44.72,0.0,88.72473,0.0,0.0,311.625,194.25,4484.0,0.0,-2.8125,1.2931519,478.79895,19170.0,20000.502,1100.0834,543.14294,138.8894,121.085785,0.0,1.1558586,4.0,93.585205,36.843586,-3.7499952,-3.7499952,7.524,0.0,12.59375,0.7863159,0.0,0.0,0.0,0.0,0.0,0.82128906,0.7998047,76.71814,2.3437505,261.08063,298.83542,0.0,108.999954,99.90234,0.0,261.3063,278.65262,515.25,538.875,-1.1878918,383.90625,0.0,440.375,79.82713,63.0,186.95068,0.0,141.87,235.90625,10.745239,22.503662,74.4812,99.998474,3.3764648,141.94,142.22,140.27,140.32,0
251622.53,-0.08179638,1.8644055,1.4446526,1.6014352,101.49274,24.060139,13.687158,24.515392,383.27972,240.82034,127.485,4.482,7.643,24.84,44.72,0.0,89.0249,0.0,0.0,308.625,194.25,4478.0,0.0,-2.8515625,1.2781372,481.40256,19574.904,20000.502,1100.0834,537.0402,140.90291,125.04921,0.0,1.3934369,4.0,94.6991,36.843437,-3.7499952,-3.7499952,7.668,0.0,12.671875,0.88446045,0.0,0.0,0.0,0.0,0.0,0.77441406,0.7998047,76.71814,2.3437505,270.47467,298.941,0.0,108.999954,99.90234,0.0,270.56818,279.0092,514.875,538.875,-0.9503135,395.75,0.0,440.0,79.82713,63.0,194.67773,0.0,142.29,265.34375,10.760498,9.115601,65.73486,87.58087,3.3789062,142.22,142.16,140.7,140.21,0
251622.58,-0.1254371,1.8895123,1.4775655,1.6013505,101.49257,24.060139,13.70601,25.518286,383.46616,242.01358,127.485,4.516,7.643,24.84,44.72,0.0,89.26504,0.0,0.0,303.375,194.25,4498.0,0.0,-3.1953125,1.3146362,492.87836,19735.697,20000.502,1100.0834,537.0402,142.00504,126.15134,0.0,1.1147497,4.0,95.08667,36.843304,-3.7499952,-3.7499952,7.852,0.0,13.40625,0.88812256,0.0,0.0,0.0,0.0,0.0,0.75878906,0.7998047,76.29089,2.3437505,277.38733,299.89108,0.0,108.999954,99.90234,0.0,277.6825,279.16672,514.875,539.25,-1.2290008,402.53125,0.0,440.1875,79.82713,63.0,199.78638,0.0,142.39,266.4375,10.830688,-0.051879883,65.08179,77.94647,3.1689453,142.64,142.49,140.8,140.63,0
251622.61,-0.18034968,1.899555,1.5078261,1.6012657,101.49242,24.060139,13.701629,26.272284,383.66147,243.05199,127.485,4.556,7.643,24.84,44.72,0.0,89.457146,0.0,0.0,303.0,194.25,4515.0,0.0,-3.2578125,1.3460693,502.92795,19865.713,20000.502,1100.0834,537.83624,142.64087,127.38063,0.0,0.7355499,4.0,95.24078,36.843185,-3.7499952,-3.7499952,7.836,0.0,13.453125,0.87457275,0.0,0.0,0.0,0.0,0.0,0.7753906,0.7998047,76.29089,2.3437505,282.5844,299.53604,0.0,108.999954,99.90234,0.0,282.74048,279.15015,514.875,539.25,-1.6082006,408.125,0.0,439.875,79.82713,63.0,203.26538,0.0,142.86,262.375,10.7421875,-3.729248,66.156006,75.31586,2.944336,143.21,143.1,141.02,141.08,0
251622.66,-0.24427974,1.9410721,1.520486,1.6012232,101.49228,24.060139,13.71028,26.5692,388.81302,247.35208,127.485,4.6,7.643,24.84,44.72,0.0,89.61083,0.0,0.0,298.5,194.25,4534.0,0.0,-3.1484375,1.3677979,510.48172,19956.457,20000.502,1100.0834,537.83624,144.40004,129.64847,0.0,0.74469006,4.0,96.08765,36.84308,-3.7499952,-3.7499952,7.98,0.0,13.4765625,0.8546753,0.0,0.0,0.0,0.0,0.0,0.7939453,0.7998047,76.34735,2.3437505,284.6309,299.3832,0.0,108.999954,99.90234,0.0,284.94608,279.05893,514.875,539.25,-1.5990604,407.75,0.0,439.6875,79.82713,63.0,204.47388,0.0,143.37,256.40625,10.4522705,-6.524658,68.07861,74.116516,2.836914,143.36,143.6,141.18,141.61,0
251622.69,-0.3154238,2.051429,1.5317318,1.6011809,101.49216,24.060139,13.716337,26.761776,402.03253,256.43887,127.485,4.636,7.643,24.84,44.72,0.0,89.73378,0.0,0.0,294.375,194.25,4546.0,0.0,-2.9453125,1.3860474,516.68396,19921.432,20000.502,1100.0834,537.83624,146.71027,131.42883,0.0,0.7520021,4.0,97.04895,36.842983,-3.7499952,-3.7499952,8.092,0.0,12.625,0.84381104,0.0,0.0,0.0,0.0,0.0,0.79589844,0.7998047,76.34735,2.3437505,285.95816,298.48355,0.0,108.999954,99.90234,0.0,286.37225,278.8931,515.25,538.875,-1.5917484,411.1875,0.0,439.5,79.82713,63.0,205.05981,0.0,143.67,253.15625,10.174561,-7.623291,69.19556,73.77777,2.7856445,143.7,144.1,141.83,141.77,0
251622.73,-0.35233903,2.1518216,1.5352815,1.4721471,101.492874,24.060139,13.691279,26.905455,409.43378,261.5045,127.485,4.679,7.643,24.84,44.72,0.0,89.83214,0.0,96.02966,294.75,194.25,4552.0,0.0,-2.8828125,1.3429565,500.63943,19854.037,20000.502,1100.0834,538.63226,148.27869,132.08588,0.0,0.7578517,4.0,97.80426,36.842896,-3.7499952,-3.7499952,8.088,0.0,13.21875,0.75720215,0.0,0.0,0.0,0.0,0.0,0.7949219,0.7998047,76.34735,2.3437505,286.94925,275.51343,0.0,108.999954,39.453125,0.0,287.3341,278.75214,515.25,538.875,-1.5858988,411.125,0.0,180.96875,79.82713,63.0,205.18799,0.0,144.01,227.15625,9.87854,-8.547974,77.85034,80.7785,2.7783203,144.22,144.22,142.28,141.83,0
251622.77,-0.36187124,2.2294788,1.503326,1.2514246,101.493515,24.060139,13.66788,26.07468,414.79062,264.63492,127.485,4.716,7.643,24.84,44.72,0.0,89.91083,0.0,99.99237,295.5,193.5,4547.0,0.0,-2.9765625,1.2531738,467.16562,19838.117,20000.502,1100.0834,538.63226,145.50217,128.48276,0.0,0.7625314,4.0,96.466064,36.842815,-3.7499952,-5.2499933,8.052,0.0,13.046875,0.8722534,0.0,0.0,0.0,0.0,0.0,0.7939453,0.7998047,76.416016,2.3437505,281.22345,235.6298,0.0,108.999954,0.0,0.0,281.53815,266.3394,515.25,538.875,-1.5812191,403.78125,0.0,-48.28125,69.55698,63.0,203.50952,0.0,144.34,261.6875,9.75647,-9.130859,66.95557,68.37311,2.8295898,144.56,144.27,142.55,142.22,0
251622.8,-0.369497,2.2792916,1.3079059,1.1319284,101.49327,24.060139,13.692516,20.995947,417.87286,264.4906,127.485,4.757,7.643,24.84,44.72,0.0,89.97378,0.0,99.998474,308.625,191.25,4511.0,0.0,-3.03125,1.1325684,422.20773,19881.633,20000.502,1100.0834,538.3669,122.548225,105.67718,0.0,0.76627517,4.0,85.71167,36.842743,-3.7499952,-6.7499914,7.58,0.0,13.0703125,1.1986084,0.0,0.0,0.0,0.0,0.0,0.7939453,0.7998047,76.416016,2.3437505,246.21605,214.07014,0.0,108.999954,0.0,0.0,249.66467,239.82236,515.25,539.25,-1.5774753,341.75,0.0,-48.09375,39.680157,63.0,181.37817,0.0,144.6,359.59375,9.738159,-32.46765,51.641846,30.308533,2.7319336,144.67,144.73,142.38,142.76,0
251622.84,-0.35559762,2.2804668,1.0642314,0.8761075,101.49305,24.060139,13.703902,14.490282,415.82407,263.48553,127.485,4.786,7.643,24.84,44.72,0.0,90.02414,0.0,99.998474,351.75,190.875,4516.0,0.0,-4.296875,0.8189087,310.93243,20048.264,20000.502,1100.0834,538.3669,105.02014,89.88706,0.0,0.9255202,4.0,77.11182,36.842678,0.74999905,-7.4999905,6.012,0.0,11.4765625,1.2212524,0.0,0.0,0.0,0.0,0.0,0.8330078,0.7998047,76.39618,2.3437505,201.37299,167.42148,0.0,108.999954,0.0,0.0,237.6582,182.42685,514.5,540.0,-1.4182303,289.21875,0.0,-43.5,24.741743,63.0,160.35156,0.0,144.46,366.375,9.677124,-59.6344,54.89502,4.937744,1.9140625,144.17,144.22,142.76,143.15,0
251622.89,-0.3244781,2.1496868,0.83935964,0.6586914,101.49285,24.060139,13.723591,8.562445,398.8916,253.26007,127.485,4.836,7.643,24.84,44.72,0.0,90.06442,0.0,99.998474,376.875,189.75,4525.0,0.0,-4.6328125,0.54052734,229.14258,20940.322,20000.502,1100.0834,538.3669,77.93321,73.35513,0.0,1.3654162,4.0,64.05945,36.84262,5.2499933,-8.2499895,5.088,0.0,7.6796875,1.2973633,0.0,0.0,0.0,0.0,0.0,0.84765625,0.7998047,74.305725,2.3437505,160.51285,128.24399,0.0,108.999954,0.0,0.0,228.28024,134.22688,515.25,540.375,-0.9783343,228.53125,0.0,-40.6875,20.07349,63.0,152.09961,0.0,144.26,389.21875,8.456421,-59.188843,7.4035645,0.0,1.7236328,144.27,144.61,143.21,143.27,0
251622.92,-0.2595825,1.8723748,0.6291404,0.4628516,101.492676,24.060139,13.725654,3.3047931,367.55087,231.09239,127.485,4.877,7.643,24.84,44.72,0.0,90.09665,0.0,99.998474,408.0,192.0,4481.0,0.0,-9.0,0.21221924,164.00256,20468.555,19750.557,1100.0834,538.10156,62.227875,56.039,0.0,1.873583,4.0,56.87256,36.84257,14.999981,-4.874994,3.98,0.0,2.3125,1.199585,0.0,0.0,0.0,0.0,0.0,0.86035156,0.7998047,67.98248,2.3437505,124.272255,94.18587,0.0,108.999954,0.0,0.0,217.61705,101.53251,514.875,543.75,-0.4701675,170.59375,0.0,-31.6875,16.805714,63.0,144.76318,0.0,144.29,359.875,7.235718,-61.367798,0.0,0.0,1.5112305,144.1,144.22,143.44,143.21,0
251622.97,-0.187666,1.5927,0.4697196,0.33373302,101.492516,24.060139,13.738817,-0.62712556,341.05365,215.19829,127.485,4.917,7.643,24.84,44.72,0.0,90.12244,0.0,99.998474,419.25,197.25,4497.0,0.0,-12.71875,0.13781738,143.81215,19774.967,19302.668,1100.0834,538.10156,48.917553,42.665092,0.0,2.4363666,4.0,51.531982,36.842525,17.249977,-1.1249986,3.544,0.0,-3.9609375,0.7522583,0.0,0.0,0.0,0.0,0.0,0.8300781,0.7998047,63.65509,2.3437505,97.16981,73.18445,0.0,108.999954,0.0,0.0,203.1894,101.499344,514.5,548.625,0.09261596,122.46875,0.0,-28.1875,14.004761,63.0,135.9375,0.0,144.15,225.6875,6.0150146,-60.57434,0.0,0.0,1.2670898,144.05,143.82,143.48,143.32,0
251623.02,-0.0901328,1.25583,0.3480787,0.20660672,101.49237,24.060139,13.742172,-3.5065243,301.44775,189.70016,127.485,4.956,7.643,24.84,44.72,0.0,90.14307,0.0,99.998474,444.75,196.125,4485.0,0.0,-11.3125,0.10015869,132.36954,19501.672,18854.781,1100.0834,537.57086,33.085052,30.923185,0.0,2.4178433,4.0,44.248962,36.842484,20.624973,-2.9999962,2.524,0.0,-10.984375,0.48583984,0.0,0.0,0.0,0.0,0.0,0.7871094,0.7998047,60.83374,2.3437505,77.32228,49.144222,0.0,108.999954,0.0,0.0,190.69373,101.49105,512.625,547.875,0.07409277,74.125,0.0,-28.1875,11.203809,63.0,126.88599,0.0,143.98,145.75,4.7943115,-61.169434,15.100098,0.0,1.0375977,143.93,143.76,143.36,143.27,0
251623.06,-0.052106243,0.89608204,0.23256087,0.109534614,101.49224,24.060139,13.762098,-6.321952,254.33963,157.48572,127.485,5.0,7.643,24.84,44.72,0.0,90.15957,0.0,99.998474,456.0,195.0,4413.0,0.0,-6.484375,0.07409668,122.610146,19211.393,18413.262,1100.0834,537.57086,18.905745,20.516548,0.0,2.0905247,4.0,38.456726,36.842445,29.624962,0.0,2.036,0.0,-19.179688,0.26593018,0.0,0.0,0.0,0.0,0.0,0.7626953,0.7998047,58.911133,2.3437505,57.915714,33.650898,0.0,108.999954,0.0,0.0,179.80666,101.49105,510.75,543.375,-0.25322574,26.5625,0.0,-28.28125,7.469206,63.0,117.73682,0.0,143.9,79.78125,3.5736084,-64.730835,30.096436,0.0,0.80322266,143.7,143.82,143.04,143.21,0
251623.1,0.038315002,0.56468284,0.1573981,0.09312987,101.49213,24.060139,13.781906,-8.316989,202.85529,124.41145,127.485,5.036,7.643,24.84,44.72,0.0,90.17277,0.0,99.998474,463.5,211.875,4371.0,0.0,-5.8828125,0.06726074,114.74127,18179.766,17978.111,1100.0834,537.57086,17.612864,14.476035,0.0,1.6724199,4.0,38.47046,36.84241,38.99995,13.124983,1.672,0.0,-19.929688,0.053649902,0.0,0.0,0.0,0.0,0.0,0.8144531,0.7998047,58.135986,2.3437505,44.164024,31.525457,0.0,108.999954,0.0,0.0,171.55637,101.49105,507.75,541.875,-0.6713306,15.59375,0.0,-30.0,6.06873,63.0,111.48682,0.0,143.56,16.09375,2.3529053,-66.80603,78.22876,13.775635,0.52734375,143.21,143.54,143.1,143.27,0
251623.14,0.090652004,0.24462314,0.12464622,0.09346898,101.49202,24.060139,13.789912,-9.484202,105.5818,66.101585,127.485,5.076,7.643,24.84,44.72,0.0,90.18333,0.0,99.998474,477.0,215.625,4462.0,0.0,-6.0078125,0.06512451,110.57052,17440.541,17539.775,1100.0834,533.5908,18.503044,12.059831,0.0,1.8066859,4.0,39.29901,36.84238,40.12495,17.624977,0.976,0.0,-16.742188,0.03643799,0.0,0.0,0.0,0.0,0.0,0.7890625,0.7998047,58.042908,2.3437505,36.118446,30.519794,0.0,108.999954,0.0,0.0,163.38898,101.49105,502.875,542.25,-0.5370645,4.3125,0.0,-31.59375,5.6019044,63.0,102.752686,0.0,143.23,10.9375,1.1322021,-62.30774,85.10742,23.931885,0.44921875,142.72,142.94,143.1,143.1,0
251623.17,0.1125216,-0.070900746,0.11961577,0.09338419,101.49192,24.060139,13.795517,-10.091164,0.0,0.0,127.485,5.117,7.643,24.84,44.72,0.0,90.19177,0.0,99.998474,481.125,212.625,4442.0,0.0,-7.4375,0.0647583,108.81267,17411.885,17208.637,1100.0834,533.5908,13.501076,10.258274,0.0,1.132849,4.0,36.738586,36.842354,40.12495,13.124983,0.828,0.0,-9.0625,0.0335083,0.0,0.0,0.0,0.0,0.0,0.75683594,0.86816406,57.621765,2.3437505,31.934631,26.756655,0.0,108.999954,0.0,0.0,158.14859,101.49105,503.625,543.0,-1.2109015,-0.0625,0.0,-31.78125,5.6019044,63.0,97.43652,0.0,143.14,10.0625,0.2166748,-63.29651,86.2854,23.205566,0.4736328,143.15,143.04,143.04,142.88,0
251623.2,0.15001728,-0.2721103,0.10778864,0.09346898,101.49184,24.060139,13.79358,-10.490522,0.0,0.0,127.485,5.147,7.643,24.84,44.72,0.0,90.19853,0.0,99.998474,488.25,211.875,4475.0,0.0,-9.2578125,0.06536865,108.14932,17171.49,16765.525,1100.0834,536.5095,9.686015,9.283314,0.0,1.0625293,4.0,33.91266,36.767143,40.12495,13.874982,0.568,0.0,-6.8515625,0.03277588,0.0,0.0,0.0,0.0,0.0,0.7861328,0.87597656,57.16095,2.3437505,29.181807,26.361656,0.0,108.999954,0.0,0.0,150.95964,101.49105,503.625,545.25,-1.2812212,-5.65625,0.0,-32.375,6.06873,63.0,90.319824,0.0,143.06,9.84375,0.0,-61.66382,86.61499,24.951172,0.5444336,142.98,142.76,142.55,142.88,0
251623.23,0.120013826,-0.46509415,0.10327854,0.09363854,101.49176,24.060139,13.757069,-10.625676,0.0,0.0,127.485,5.189,7.643,24.84,44.72,0.0,90.20394,0.0,99.998474,489.375,212.25,4487.0,0.0,-10.3125,0.06524658,107.45282,16487.453,16320.822,1100.0834,536.5095,11.296818,9.050171,0.0,0.5375235,4.0,33.969116,36.69945,40.12495,14.249982,0.524,0.0,-6.6640625,0.03302002,0.0,0.0,0.0,0.0,0.0,0.78027344,0.88378906,57.167053,2.3437505,28.250132,26.358301,0.0,108.999954,0.0,0.0,144.64133,101.49105,503.625,546.375,-1.806227,-7.0,0.0,-32.375,6.535555,63.0,83.19702,0.0,142.98,9.90625,0.0,-61.068726,86.50513,25.436401,0.6542969,143.04,143.15,142.43,142.55,0
251623.28,0.07601106,-0.5797877,0.09887459,0.09363854,101.49169,24.060139,13.784245,-10.742535,0.0,0.0,127.485,5.226,7.643,24.84,44.72,0.0,90.20827,0.0,99.998474,489.75,212.625,4482.0,0.0,-10.0078125,0.065979004,107.021645,16208.851,15760.963,1100.0834,536.5095,5.341085,8.711055,0.0,0.4300189,4.0,30.006409,36.63853,40.12495,14.249982,0.524,0.0,-7.8046875,0.03173828,0.0,0.0,0.0,0.0,0.0,0.8496094,0.8769531,57.10907,2.3437505,27.444576,26.422558,0.0,108.999954,0.0,0.0,138.83711,101.49105,504.0,546.375,-1.9137316,-8.46875,0.0,-32.5,6.535555,63.0,76.623535,0.0,142.75,9.53125,0.0,-61.61194,87.06055,25.448608,0.6591797,142.82,142.88,142.16,142.28,0
251623.31,0.02080885,-0.6444151,0.095786154,0.09346898,101.49163,24.060139,13.773971,-10.830685,0.0,0.0,127.485,5.277,7.643,24.84,44.72,0.0,90.21173,0.0,99.998474,489.75,212.25,4475.0,0.0,-9.3046875,0.06585693,106.82265,15336.425,15426.64,1100.0834,536.7749,10.766949,8.817029,0.0,0.65651524,4.0,32.67517,36.583702,40.12495,14.249982,0.512,0.0,-7.96875,0.03125,0.0,0.0,0.0,0.0,0.0,0.86816406,0.88183594,57.02362,2.3437505,26.8369,26.384558,0.0,108.999954,0.0,0.0,135.17215,101.49105,503.625,545.625,-1.6872352,-9.34375,0.0,-32.375,6.535555,63.0,72.55859,0.0,142.73,9.375,0.0,-62.112427,87.25586,25.143433,0.67626953,142.55,142.6,142.28,142.1,0
251623.36,-0.02335292,-0.7452661,0.09433264,0.09346898,101.49158,24.060139,13.778498,-10.869747,0.0,0.0,127.485,5.306,7.643,24.84,44.72,0.0,90.2145,0.0,99.998474,487.125,211.5,4466.0,0.0,-9.375,0.065979004,106.52414,15072.681,14985.12,1100.0834,536.7749,8.838223,8.20238,0.0,0.8377123,4.0,31.039429,36.534355,40.12495,13.124983,0.608,0.0,-7.703125,0.029541016,0.0,0.0,0.0,0.0,0.0,0.8642578,0.8886719,56.910706,2.3437505,26.567593,26.400974,0.0,108.999954,0.0,0.0,131.4989,101.49105,503.625,545.625,-1.5060382,-10.5625,0.0,-32.28125,6.535555,63.0,68.20068,0.0,142.75,8.875,0.0,-62.77466,87.95776,25.183105,0.63720703,142.64,142.64,142.22,142.1,0
251623.39,-0.038682334,-0.8418565,0.09447933,0.09346898,101.492355,24.060139,13.787526,-10.880775,0.0,0.0,127.485,5.35,7.643,24.84,44.72,0.0,90.21671,0.0,99.998474,487.125,210.375,4457.0,0.0,-10.0234375,0.066223145,106.38319,14189.112,14543.601,1100.0834,536.2442,14.603204,8.223575,0.0,0.20142007,4.0,33.58307,36.414757,40.12495,11.624985,0.608,0.0,-6.8046875,0.028930664,0.0,0.0,0.0,0.0,0.0,0.8105469,0.8955078,56.91986,2.3437505,26.492357,26.287678,0.0,108.999954,0.0,0.0,128.05783,101.499344,503.625,545.625,-2.1423304,-11.6875,0.0,-32.375,7.0023804,63.0,63.909912,0.0,142.59,8.6875,0.0,-61.09619,88.220215,27.124023,0.6567383,142.64,142.38,141.89,142.0,0
251623.44,-0.07094587,-0.9554926,0.09600913,0.09346898,101.49306,24.060139,13.782127,-10.8349695,0.0,0.0,127.485,5.387,7.643,24.84,44.72,0.0,90.21848,0.0,99.998474,487.125,208.125,4462.0,0.0,-10.9609375,0.066223145,106.41635,13949.779,13991.702,1100.0834,536.2442,13.013596,7.9904323,0.0,-0.62011385,4.0,32.084656,36.307117,40.12495,9.749988,0.608,0.0,-7.4140625,0.028137207,0.0,0.0,0.0,0.0,0.0,0.7871094,0.89746094,56.770325,2.3437505,26.808794,26.324827,0.0,108.999954,0.0,0.0,125.10597,101.499344,503.625,547.125,-2.9638643,-13.34375,0.0,-32.375,7.0023804,63.0,59.942627,0.0,142.31,8.4375,0.0,-54.730225,88.5376,33.807373,0.63720703,142.28,142.32,141.77,141.89,0
251623.48,-0.056756694,-1.038447,0.09622708,0.09346898,101.49368,24.060139,13.784207,-10.82364,0.0,0.0,127.485,5.435,7.643,24.84,44.72,0.0,90.2199,0.0,99.998474,487.875,206.625,4458.0,0.0,-10.78125,0.066589355,106.44952,13695.587,13550.183,1100.0834,536.2442,10.978896,8.138796,0.0,-1.2773409,4.0,30.46112,36.21024,40.12495,8.2499895,0.576,0.0,-8.0546875,0.028015137,0.0,0.0,0.0,0.0,0.0,0.79296875,0.9042969,56.76117,2.3437505,26.887514,26.356556,0.0,108.999954,0.0,0.0,122.70964,101.499344,503.625,546.75,-3.6210914,-14.59375,0.0,-32.375,7.469206,63.0,56.61621,0.0,142.31,8.40625,0.0,-50.741577,88.60474,37.86316,0.6665039,142.16,142.22,141.5,141.83,0
251623.52,-0.025405355,-1.0716288,0.096345924,0.09338419,101.49508,24.060139,13.779804,-10.818042,0.0,0.0,127.485,5.481,7.643,24.84,44.72,0.0,90.22104,0.0,99.998474,487.5,205.5,4439.0,0.0,-10.109375,0.066589355,106.4661,13115.031,13108.663,1100.0834,535.9789,12.568505,7.7996793,0.0,-1.8031225,4.0,31.01654,36.12305,40.12495,7.124991,0.588,0.0,-7.5703125,0.025939941,0.0,0.0,0.0,0.0,0.0,0.8066406,0.91015625,56.736755,2.3437505,26.927502,26.345587,0.0,109.09995,0.0,0.0,120.61183,101.50763,503.25,546.375,-4.146873,-15.59375,0.0,-32.28125,7.469206,63.0,53.656006,0.0,141.87,7.78125,0.0,-47.77527,89.44702,41.671753,0.64941406,141.61,141.94,141.5,141.4,0
251623.56,-3.2428466E-4,-1.1411515,0.0949681,0.09338419,101.49633,24.060139,13.782581,-10.86777,0.0,0.0,127.485,5.515,7.643,24.84,44.72,0.0,90.22195,0.0,99.998474,486.375,204.0,4435.0,0.0,-9.75,0.06652832,106.38319,12601.341,12601.341,1100.0834,535.9789,12.186999,7.948043,0.0,-2.2237477,4.0,30.097961,36.044582,40.12495,5.9999924,0.624,0.0,-6.984375,0.026123047,0.0,0.0,0.0,0.0,0.0,0.8144531,0.89746094,54.336548,2.3437505,26.585972,26.280783,0.0,109.18996,0.0,0.0,118.85397,101.50763,503.25,545.625,-4.567498,-17.1875,0.0,-32.1875,7.469206,63.0,51.14746,0.0,141.79,7.84375,0.0,-43.948364,89.37378,45.425415,0.6152344,141.56,141.61,141.4,141.02,0
251623.6,0.019740572,-1.2439606,0.09110638,0.09338419,101.49829,24.060139,13.790385,-10.823264,0.0,0.0,127.485,5.556,7.643,24.84,44.72,0.0,90.22267,0.0,99.998474,486.375,204.375,4428.0,0.0,-9.6875,0.06652832,106.32514,12221.91,12221.91,1100.0834,535.18286,10.512611,7.0790567,0.0,-1.3102481,4.0,28.894043,35.898773,40.12495,6.374992,0.62,0.0,-7.53125,0.024597168,0.0,0.0,0.0,0.0,0.0,0.8066406,1.0,54.336548,2.3437505,26.894705,27.365051,0.0,109.27096,0.0,0.0,117.66827,101.50763,503.25,545.625,-3.6539986,-21.21875,0.0,-32.1875,7.469206,63.0,49.310303,0.0,141.6,7.375,0.0,-41.549683,89.990234,48.44055,0.5957031,141.29,141.24,141.08,141.24,0
251623.64,0.015792457,-1.3975843,0.086944744,0.09321464,101.50005,24.060139,13.819285,-10.662944,0.0,0.0,127.485,5.587,7.643,24.84,44.72,0.0,90.22325,0.0,99.998474,0.0,204.0,4399.0,0.0,-9.7578125,0.06713867,105.777885,11411.574,11411.574,1100.0834,535.18286,9.389288,6.6339664,0.0,-0.57944846,4.0,27.871704,35.767544,40.12495,5.9999924,0.0,0.0,-7.6171875,0.022460938,0.0,0.0,0.0,0.0,0.0,0.82910156,1.0,53.88336,2.3437505,28.001541,29.232248,0.0,109.34386,0.0,0.0,116.059654,101.51592,720.0,545.625,-2.923199,-27.5,0.0,-32.0,7.469206,63.0,46.728516,0.0,140.9,6.75,0.0,-38.519287,90.88135,52.36206,0.6347656,140.75,140.48,140.7,140.63,0
251623.7,0.012633966,-1.5902838,0.08816639,0.09312987,101.50164,24.060139,13.845375,-10.486562,0.0,0.0,127.485,5.636,7.643,24.84,44.72,0.0,90.22372,0.0,99.998474,0.0,204.0,4369.0,0.0,-10.2734375,0.06744385,105.73643,10905.3125,10905.3125,1100.0834,535.18286,0.0,6.4220185,0.0,0.005191326,4.0,0.0,35.649437,40.12495,5.9999924,0.0,0.0,-7.953125,0.020202637,0.0,0.0,0.0,0.0,0.0,0.96972656,1.0,53.88336,2.3437505,29.21891,30.200914,0.0,109.40947,0.0,0.0,114.77444,101.51592,720.0,546.375,-2.3385592,-30.25,0.0,-31.78125,7.469206,63.0,44.641113,0.0,140.47,6.0625,0.0,-36.312866,91.80298,55.490112,0.6591797,140.27,140.38,140.0,140.27,0
251623.73,0.030107174,-1.8361136,0.08992659,0.0929603,101.502235,24.060139,13.851918,-10.441509,0.0,0.0,127.485,5.676,7.643,24.84,44.72,0.0,90.22409,0.0,99.998474,0.0,204.0,4345.0,0.0,-10.3984375,0.06744385,105.728134,10956.257,10956.257,1100.0834,533.5908,0.0,6.676356,0.0,0.47290313,4.0,0.0,35.54314,40.12495,5.9999924,0.0,0.0,-7.7265625,0.019042969,0.0,0.0,0.0,0.0,0.0,1.390625,1.0,53.88336,2.3437505,29.530048,30.14705,0.0,109.46852,0.0,0.0,113.845764,101.50763,720.0,546.375,-1.8708473,-30.0625,0.0,-31.6875,7.469206,63.0,43.46924,0.0,139.81,5.71875,0.0,-34.329224,92.27905,57.94983,0.65185547,139.41,139.73,139.68,139.52,0
251623.78,0.00408574,-2.1406956,0.090161696,0.0929603,101.50278,24.060139,13.862358,-10.451757,0.0,0.0,127.485,5.717,7.643,24.84,44.72,0.0,90.22439,0.0,99.998474,0.0,204.0,4337.0,0.0,-11.0390625,0.0680542,105.71155,10990.751,10990.751,1100.0834,533.5908,0.0,6.7187457,0.0,0.8470726,4.0,0.0,35.44747,40.12495,5.9999924,0.0,0.0,-7.0625,0.016967773,0.0,0.0,0.0,0.0,0.0,1.9999695,1.0,53.38745,2.3437505,29.459955,30.00734,0.0,109.52167,0.0,0.0,113.16584,101.50763,720.0,547.125,-1.4966779,-30.0,0.0,-31.59375,7.469206,63.0,41.89453,0.0,139.17,5.09375,0.0,-32.58667,93.133545,60.546875,0.5786133,138.84,138.79,139.16,138.79,0
251623.81,0.023268592,-2.5250282,0.08995908,0.0929603,101.502426,24.060139,13.863807,-10.459863,0.0,0.0,127.485,5.756,7.643,24.84,44.72,0.0,90.224625,0.0,99.998474,0.0,204.0,4325.0,0.0,-11.4453125,0.06939697,105.728134,11024.714,11024.714,1100.0834,532.26416,0.0,6.951888,0.0,1.1464082,4.0,0.0,35.36137,40.12495,5.9999924,0.0,0.0,-6.96875,0.015014648,0.0,0.0,0.0,0.0,0.0,1.9999695,1.0,53.38745,2.3437505,29.403736,29.981253,0.0,109.569496,0.0,0.0,112.28691,101.499344,720.0,547.5,-1.1973423,-29.9375,0.0,-31.5,7.469206,63.0,40.594482,0.0,138.73,4.5,0.0,-30.801392,93.951416,63.150024,0.6665039,138.32,138.35,138.6,138.27,0
251623.86,0.018614873,-2.8662615,0.09020571,0.092875525,101.50212,24.060139,13.876539,-10.45892,0.0,0.0,127.485,5.797,7.643,24.84,44.72,0.0,90.224815,0.0,99.998474,0.0,204.0,4310.0,0.0,-12.203125,0.070007324,105.71155,11059.208,11059.208,1100.0834,532.26416,0.0,6.8035245,0.0,1.3858767,4.0,0.0,35.28388,40.12495,5.9999924,0.0,0.0,-7.3515625,0.0126953125,0.0,0.0,0.0,0.0,0.0,1.9999695,1.0,52.91748,2.3437505,29.409924,29.938225,0.0,109.61254,0.0,0.0,111.55724,101.499344,720.0,548.25,-0.9578738,-29.84375,0.0,-31.375,7.469206,63.0,39.385986,0.0,138.18,3.8125,0.0,-29.638672,94.89746,65.25879,0.64208984,137.7,138.17,137.55,137.72,0
251623.89,0.014891899,-3.1340046,0.091046676,0.092875525,101.50185,24.060139,13.879593,-10.448161,0.0,0.0,127.485,5.836,7.643,24.84,44.72,0.0,90.22497,0.0,99.998474,0.0,204.0,4293.0,0.0,-12.1953125,0.07098389,105.73643,11093.171,11093.171,1100.0834,532.26416,0.0,7.142641,0.0,1.5774515,4.0,0.0,35.214138,40.12495,5.9999924,0.0,0.0,-7.2265625,0.010925293,0.0,0.0,0.0,0.0,0.0,1.9999695,1.0,52.91748,2.3437505,29.48381,29.845749,0.0,109.65128,0.0,0.0,110.910484,101.499344,720.0,548.25,-0.76629907,-29.78125,0.0,-31.375,7.469206,63.0,38.34839,0.0,137.56,3.28125,0.0,-27.664185,95.62378,67.959595,0.60302734,137.5,137.34,137.14,137.03,0
251623.94,0.011913519,-3.2973518,0.09222214,0.092790745,101.502426,24.060139,13.875871,-10.4197,0.0,0.0,127.485,5.876,7.643,24.84,44.72,0.0,90.22509,0.0,99.998474,0.0,204.0,4281.0,0.0,-12.1328125,0.07165527,105.74472,11127.134,11127.134,1100.0834,531.2028,0.0,7.163836,0.0,1.7307112,4.0,0.0,35.15137,40.12495,5.9999924,0.0,0.0,-7.34375,0.008972168,0.0,0.0,0.0,0.0,0.0,1.9999695,1.0,52.912903,2.3437505,29.680573,29.790714,0.0,109.68615,0.0,0.0,110.45443,101.50763,720.0,548.25,-0.61303926,-29.6875,0.0,-31.1875,7.469206,63.0,37.76245,0.0,137.26,2.6875,0.0,-26.489258,96.41113,69.921875,0.5932617,136.88,136.82,136.82,136.59,0
251623.97,0.009530815,-3.418941,0.0918756,0.092790745,101.502945,24.060139,13.884984,-10.426023,0.0,0.0,127.485,5.915,7.643,24.84,44.72,0.0,90.22519,0.0,99.998474,0.0,204.0,4266.0,0.0,-12.03125,0.072265625,105.71984,11161.627,11161.627,1100.0834,531.2028,0.0,6.8035245,0.0,1.853319,4.0,0.0,35.09488,40.12495,5.9999924,0.0,0.0,-7.5,0.0072021484,0.0,0.0,0.0,0.0,0.0,1.9999695,1.0,52.452087,2.3437505,29.637506,29.78338,0.0,109.71753,0.0,0.0,109.94865,101.50763,720.0,548.25,-0.4904314,-29.5625,0.0,-31.09375,7.469206,63.0,36.883545,0.0,136.75,2.15625,0.0,-24.884033,97.125244,72.24121,0.625,136.67,136.53,136.59,136.07,0
251624.0,0.0076246522,-3.4863267,0.090107255,0.0925788,101.50424,24.060139,13.873786,-10.48479,0.0,0.0,127.485,5.947,7.643,24.84,44.72,0.0,90.225266,0.0,99.998474,0.0,204.375,4248.0,0.0,-11.765625,0.0736084,105.753006,11195.591,11195.591,1100.0834,530.1415,0.0,6.761135,0.0,1.9514053,4.0,0.0,35.044037,40.12495,6.374992,0.0,0.0,-7.3828125,0.0036010742,0.0,0.0,0.0,0.0,0.0,1.9999695,1.0,52.452087,2.3437505,29.233725,29.719738,0.0,109.74577,0.0,0.0,109.31018,101.51592,720.0,547.875,-0.39234513,-29.46875,0.0,-31.0,7.469206,63.0,35.534668,0.0,136.12,1.09375,0.0,-23.30017,98.57178,75.27161,0.6201172,135.98,135.98,135.82,135.37,0
251624.03,-0.013900278,-3.5507808,0.08943688,0.0925788,101.50541,24.060139,13.871806,-10.499171,0.0,0.0,127.485,5.997,7.643,24.84,44.72,0.0,90.22533,0.0,99.998474,0.0,204.375,4238.0,0.0,-11.6484375,0.073913574,105.753006,11215.226,11215.226,1100.0834,530.1415,0.0,6.761135,0.0,2.0298743,4.0,0.0,34.99828,40.12495,6.374992,0.0,0.0,-7.3671875,0.0020751953,0.0,0.0,0.0,0.0,0.0,1.9999695,1.0,51.986694,2.3437505,29.135761,29.740114,0.0,109.771194,0.0,0.0,108.9785,101.51592,720.0,547.5,-0.31387612,-29.4375,0.0,-30.875,7.469206,63.0,34.936523,0.0,135.79,0.625,0.0,-22.091675,99.176025,77.08435,0.6176758,135.39,135.62,135.39,135.17,0
251624.08,-0.031120222,-3.6140623,0.08958235,0.09249402,101.50646,24.060139,13.882139,-10.49897,0.0,0.0,127.485,6.026,7.643,24.84,44.72,0.0,90.22537,0.0,99.998474,0.0,204.375,4212.0,0.0,-11.640625,0.07519531,105.7613,11264.047,11264.047,1100.0834,530.1415,0.0,6.8459144,0.0,2.0926495,4.0,0.0,34.9571,40.12495,6.374992,0.0,0.0,-7.5,0.0,0.0,0.0,0.0,0.0,0.0,1.9999695,1.0,51.986694,2.3437505,29.13821,29.720736,0.0,109.794075,0.0,0.0,108.52246,101.51592,720.0,547.875,-0.2511009,-29.28125,0.0,-30.78125,7.469206,63.0,34.14917,0.0,135.11,0.0,0.0,-20.526123,99.998474,79.47235,0.6542969,134.68,134.61,134.88,134.29,0
251624.12,-0.044896178,-3.6393752,0.09164518,0.09249402,101.50658,24.060139,13.877653,-10.452386,0.0,0.0,127.485,6.077,7.643,24.84,44.72,0.0,90.22541,0.0,99.998474,0.0,204.375,4191.0,0.0,-12.328125,0.0758667,105.753006,11273.6,11273.6,1100.0834,528.8148,0.0,6.8459144,0.0,2.1428697,4.0,0.0,34.920036,40.12495,6.374992,0.0,0.0,-7.65625,0.0,0.0,0.0,0.0,0.0,0.0,1.9999695,1.0,51.986694,2.3437505,29.459421,29.61993,0.0,109.81467,0.0,0.0,108.01666,101.50763,720.0,548.25,-0.20088072,-29.125,0.0,-30.6875,7.469206,63.0,33.52661,0.0,134.47,0.0,0.0,-19.250488,99.998474,80.747986,0.63964844,134.23,133.91,134.45,133.91,0
251624.17,-0.055916943,-3.6495004,0.09080595,0.092324466,101.50668,24.060139,13.886232,-10.481084,0.0,0.0,127.485,6.117,7.643,24.84,44.72,0.0,90.22544,0.0,99.998474,0.0,204.375,4179.0,0.0,-12.234375,0.07647705,105.73643,11298.541,11298.541,1100.0834,528.8148,0.0,6.930693,0.0,2.1830459,4.0,0.0,34.88668,40.12495,6.374992,0.0,0.0,-7.6015625,0.0,0.0,0.0,0.0,0.0,0.0,1.9999695,1.0,51.93634,2.3437505,29.261713,29.57182,0.0,109.8332,0.0,0.0,107.73474,101.50763,720.0,548.25,-0.16070458,-29.0625,0.0,-30.59375,7.469206,63.0,32.684326,0.0,134.08,0.0,0.0,-18.173218,99.998474,81.82526,0.69091797,134.06,133.74,133.75,133.19,0
251624.2,-0.06473355,-3.6723003,0.089991294,0.092324466,101.50595,24.060139,13.87466,-10.496909,0.0,0.0,127.485,6.156,7.643,24.84,44.72,0.0,90.225464,0.0,99.998474,0.0,204.375,4170.0,0.0,-11.6953125,0.07745361,105.7613,11332.504,11332.504,1100.0834,527.4881,0.0,6.570382,0.0,2.2151868,4.0,0.0,34.85666,40.12495,6.374992,0.0,0.0,-7.59375,0.0,0.0,0.0,0.0,0.0,0.0,1.9999695,1.0,51.93634,2.3437505,29.151897,29.6212,0.0,109.84988,0.0,0.0,107.3782,101.499344,720.0,547.875,-0.12856367,-29.0,0.0,-30.59375,7.469206,63.0,32.214355,0.0,133.71,0.0,0.0,-17.172241,99.998474,82.82623,0.6225586,133.68,133.62,132.92,132.81,0
251624.25,-0.09178684,-3.7376704,0.08955544,0.092324466,101.505295,24.060139,13.878277,-10.514029,0.0,0.0,127.485,6.197,7.643,24.84,44.72,0.0,90.22549,0.0,99.998474,0.0,204.375,4162.0,0.0,-11.65625,0.078125,105.74472,11355.854,11355.854,1100.0834,527.4881,0.0,6.549187,0.0,2.2408996,4.0,0.0,34.82964,40.12495,6.374992,0.0,0.0,-7.5390625,0.0,0.0,0.0,0.0,0.0,0.0,1.9999695,1.0,51.472473,2.3437505,29.033241,29.567896,0.0,109.86488,0.0,0.0,107.05482,101.499344,720.0,547.875,-0.10285094,-28.96875,0.0,-30.59375,7.469206,63.0,31.469727,0.0,133.51,0.0,0.0,-15.722656,99.998474,84.27582,0.5883789,133.19,133.25,132.65,132.48,0
251624.28,-0.093429476,-3.8200684,0.09079214,0.09223969,101.5047,24.060139,13.886668,-10.481188,0.0,0.0,127.485,6.236,7.643,24.84,44.72,0.0,90.2255,0.0,99.998474,0.0,204.375,4148.0,0.0,-11.6796875,0.07940674,105.777885,11386.102,11386.102,1100.0834,527.4881,0.0,6.697551,0.0,2.2614698,4.0,0.0,34.80532,40.12495,6.374992,0.0,0.0,-7.5078125,0.0,0.0,0.0,0.0,0.0,0.0,1.9999695,1.0,51.472473,2.3437505,29.259008,29.548111,0.0,109.878395,0.0,0.0,106.772896,101.499344,720.0,547.875,-0.08228075,-28.875,0.0,-30.5,7.469206,63.0,30.969238,0.0,132.98,0.0,0.0,-14.910889,99.998474,85.087585,0.6738281,132.54,132.77,132.33,132.12,0
251624.31,-0.09474358,-3.8717775,0.09036793,0.09223969,101.503334,24.060139,13.874965,-10.508537,0.0,0.0,127.485,6.276,7.643,24.84,44.72,0.0,90.22552,0.0,99.998474,0.0,204.375,4136.0,0.0,-11.78125,0.079711914,105.76959,11400.961,11400.961,1100.0834,526.69214,0.0,6.697551,0.0,2.277926,4.0,0.0,34.783436,40.12495,6.374992,0.0,0.0,-7.1796875,0.0,0.0,0.0,0.0,0.0,0.0,1.9999695,1.0,51.472473,2.3437505,29.069128,29.430996,0.0,109.89056,0.0,0.0,106.731445,101.49105,720.0,547.875,-0.0658246,-28.8125,0.0,-30.375,7.469206,63.0,30.706787,0.0,132.51,0.0,0.0,-14.419556,99.998474,85.57892,0.6689453,132.23,132.38,131.6,132.01,0
251624.38,-0.07579487,-3.892461,0.08977081,0.09202773,101.502106,24.060139,13.87849,-10.532521,0.0,0.0,127.485,6.306,7.643,24.84,44.72,0.0,90.225525,0.0,99.998474,0.0,204.375,4112.0,0.0,-11.7890625,0.0803833,105.74472,11434.924,11434.924,1100.0834,526.69214,0.0,6.506798,0.0,2.2910907,4.0,0.0,34.76374,40.12495,6.374992,0.0,0.0,-7.2578125,0.0,0.0,0.0,0.0,0.0,0.0,1.9999695,1.0,51.020813,2.3437505,28.90258,29.34451,0.0,109.9015,0.0,0.0,106.40806,101.49105,720.0,547.875,-0.05265968,-28.65625,0.0,-30.09375,7.469206,63.0,30.096436,0.0,131.82,0.0,0.0,-13.296509,99.998474,86.701965,0.65185547,131.53,131.48,131.17,131.59,0
251624.4,-0.040635895,-3.9007344,0.08982053,0.09202773,101.501,24.060139,13.880959,-10.535762,0.0,0.0,127.485,6.356,7.643,24.84,44.72,0.0,90.22553,0.0,99.998474,0.0,204.375,4097.0,0.0,-11.8203125,0.08135986,105.777885,11434.924,11434.924,1100.0834,525.3654,0.0,6.464408,0.0,2.3016226,4.0,0.0,34.746014,40.12495,6.374992,0.0,0.0,-7.1953125,0.0,0.0,0.0,0.0,0.0,0.0,1.9999695,1.0,51.020813,2.3437505,28.879139,29.311432,0.0,109.91135,0.0,0.0,106.09299,101.49105,720.0,547.875,-0.042127743,-28.59375,0.0,-30.09375,7.469206,63.0,29.333496,0.0,131.15,0.0,0.0,-12.548828,99.998474,87.449646,0.65185547,130.8,131.01,131.21,130.8,0
251624.45,-0.012508716,-3.8665438,0.08959135,0.09194294,101.50001,24.060139,13.882687,-10.569485,0.0,0.0,127.485,6.387,7.643,24.84,44.72,0.0,90.22554,0.0,99.998474,0.0,204.375,4067.0,0.0,-11.921875,0.081970215,105.7613,11469.417,11469.417,1100.0834,525.3654,0.0,6.506798,0.0,2.3100483,4.0,0.0,34.73006,40.12495,6.374992,0.0,0.0,-6.6328125,0.0,0.0,0.0,0.0,0.0,0.0,1.9999695,1.0,50.546265,2.3437505,28.645699,29.109894,0.0,109.92021,0.0,0.0,105.92713,101.49105,720.0,547.875,-0.033702195,-28.40625,0.0,-29.875,7.0023804,63.0,28.985596,0.0,130.48,0.0,0.0,-11.499023,99.998474,88.49945,0.5493164,130.02,130.28,130.23,130.13,0
251624.5,0.029993026,-3.8528676,0.08914262,0.09177339,101.499115,24.060139,13.889755,-10.586867,0.0,0.0,127.485,6.436,7.643,24.84,44.72,0.0,90.22555,0.0,99.998474,0.0,204.375,4044.0,0.0,-11.9453125,0.0826416,105.7613,11494.89,11494.89,1100.0834,525.3654,0.0,6.549187,0.0,2.3167887,4.0,0.0,34.715702,40.12495,6.374992,0.0,0.0,-6.4609375,0.0,0.0,0.0,0.0,0.0,0.0,1.9999695,1.0,50.546265,2.3437505,28.524992,29.037569,0.0,109.928185,0.0,0.0,105.76131,101.49105,720.0,547.875,-0.026961757,-28.28125,0.0,-29.78125,7.0023804,63.0,28.668213,0.0,129.65,0.0,0.0,-10.476685,99.998474,89.52179,0.64453125,129.1,129.46,129.56,129.46,0
251624.53,0.06399442,-3.8286471,0.08849231,0.09168862,101.49831,24.060139,13.882985,-10.60997,0.0,0.0,127.485,6.481,7.643,24.84,44.72,0.0,90.225555,0.0,99.998474,0.0,204.375,4026.0,0.0,-12.0,0.08294678,105.7613,11503.38,11503.38,1100.0834,523.77344,0.0,6.6339664,0.0,2.322181,4.0,0.0,34.702778,40.12495,6.374992,0.0,0.0,-6.703125,0.0,0.0,0.0,0.0,0.0,0.0,1.9999695,1.0,50.546265,2.3437505,28.364937,28.982086,0.0,109.93536,0.0,0.0,105.686676,101.49105,720.0,547.875,-0.021569407,-28.15625,0.0,-30.0,7.0023804,63.0,28.497314,0.0,129.12,0.0,0.0,-10.073853,99.998474,89.92462,0.6616211,128.65,128.9,128.5,129.1,0
251624.58,0.111195534,-3.837709,0.08863432,0.09164623,101.49758,24.060139,13.884105,-10.607421,0.0,0.0,127.485,6.515,7.643,24.84,44.72,0.0,90.225555,0.0,99.998474,0.0,204.375,4014.0,0.0,-12.234375,0.084228516,105.777885,11537.343,11537.343,1100.0834,523.77344,0.0,6.506798,0.0,2.326495,4.0,0.0,34.691147,40.12495,6.374992,0.0,0.0,-6.7890625,0.0,0.0,0.0,0.0,0.0,0.0,1.9999695,1.0,50.065613,2.3437505,28.381779,28.970264,0.0,109.941826,0.0,0.0,105.44622,101.49105,720.0,548.25,-0.017255526,-28.09375,0.0,-29.875,7.0023804,63.0,27.954102,0.0,128.89,0.0,0.0,-8.80127,99.998474,91.197205,0.5810547,128.69,128.59,128.04,127.95,0
251624.61,0.18895642,-3.8413339,0.08900829,0.09164623,101.49693,24.060139,13.884889,-10.596716,0.0,0.0,127.485,6.556,7.643,24.84,44.72,0.0,90.225555,0.0,99.998474,0.0,204.375,4002.0,0.0,-12.3203125,0.08459473,105.777885,11546.364,11546.364,1100.0834,522.4467,0.0,6.506798,0.0,2.329946,4.0,0.0,34.68068,40.12495,6.374992,0.0,0.0,-6.7890625,0.0,0.0,0.0,0.0,0.0,0.0,1.9999695,1.0,50.065613,2.3437505,28.454927,28.977913,0.0,109.94764,0.0,0.0,105.44622,101.49105,720.0,548.25,-0.013804421,-28.0,0.0,-29.78125,7.0023804,63.0,28.00293,0.0,128.08,0.0,0.0,-8.5998535,99.998474,91.39862,0.5493164,127.79,128.14,127.85,127.64,0
251624.64,0.21116515,-3.8802836,0.089899,0.09151906,101.496346,24.060139,13.885438,-10.600224,0.0,0.0,127.485,6.587,7.643,24.84,44.72,0.0,90.225555,0.0,99.998474,0.0,204.375,3983.0,0.0,-12.3984375,0.08618164,105.78618,11571.837,11571.837,1100.0834,522.4467,0.0,6.73994,0.0,2.332707,4.0,0.0,34.671257,40.12495,6.374992,0.0,0.0,-6.0859375,0.0,0.0,0.0,0.0,0.0,0.0,1.9999695,1.0,49.60022,2.3437505,28.430159,28.74272,0.0,109.95287,0.0,0.0,105.12283,101.49105,720.0,548.625,-0.0110435365,-27.90625,0.0,-29.6875,7.0023804,63.0,27.374268,0.0,127.71,0.0,0.0,-7.1624756,99.998474,92.836,0.6298828,127.49,127.49,127.3,127.34,0
251624.69,0.2689321,-3.8958635,0.09017902,0.0913071,101.49582,24.060139,13.891682,-10.591345,0.0,0.0,127.485,6.635,7.643,24.84,44.72,0.0,90.225555,0.0,99.998474,0.0,204.375,3966.0,0.0,-12.515625,0.08685303,105.78618,11605.8,11605.8,1100.0834,522.4467,0.0,6.6551614,0.0,2.3349156,4.0,0.0,34.662777,40.12495,5.9999924,0.0,0.0,-6.1328125,0.0,0.0,0.0,0.0,0.0,0.0,1.9999695,1.0,49.60022,2.3437505,28.490831,28.71737,0.0,109.95758,0.0,0.0,105.08138,101.49105,720.0,548.625,-0.00883483,-27.84375,0.0,-29.6875,7.0023804,63.0,27.2583,0.0,127.36,0.0,0.0,-6.665039,99.998474,93.333435,0.60546875,126.95,126.71,126.6,126.89,0
251624.73,0.23514569,-3.9208455,0.090287715,0.091264725,101.495346,24.060139,13.878474,-10.590597,0.0,0.0,127.485,6.676,7.643,24.84,44.72,0.0,90.225555,0.0,99.998474,0.0,204.0,3951.0,0.0,-12.5078125,0.0871582,105.78618,11614.291,11614.291,1100.0834,522.4467,0.0,6.8035245,0.0,2.3366826,4.0,0.0,34.655148,40.12495,5.9999924,0.0,0.0,-6.1875,0.0,0.0,0.0,0.0,0.0,0.0,1.9999695,1.0,49.60022,2.3437505,28.495518,28.698666,0.0,109.96182,0.0,0.0,104.79946,101.49105,720.0,548.625,-0.007067864,-27.8125,0.0,-29.59375,7.0023804,63.0,26.721191,0.0,126.79,0.0,0.0,-5.654907,99.998474,94.34357,0.63964844,126.08,126.46,126.41,125.93,0
251624.77,0.22811654,-3.9308386,0.09060802,0.09109517,101.49492,24.060139,13.880947,-10.587794,0.0,0.0,127.485,6.715,7.643,24.84,44.72,0.0,90.225555,0.0,99.998474,0.0,204.0,3930.0,0.0,-12.546875,0.087768555,105.76959,11640.294,11640.294,1100.0834,522.4467,0.0,6.8247194,0.0,2.3380961,4.0,0.0,34.64828,40.12495,5.9999924,0.0,0.0,-5.765625,0.0,0.0,0.0,0.0,0.0,0.0,1.9999695,1.0,49.59259,2.3437505,28.5144,28.611378,0.0,109.96564,0.0,0.0,104.79946,101.49105,720.0,548.625,-0.0056542912,-27.6875,0.0,-29.5,7.0023804,63.0,26.721191,0.0,126.03,0.0,0.0,-5.130005,99.998474,94.86847,0.6298828,125.73,125.97,126.02,125.53,0
251624.81,0.26249325,-3.9160855,0.08972006,0.09105277,101.49453,24.060139,13.882678,-10.622697,0.0,0.0,127.485,6.757,7.643,24.84,44.72,0.0,90.225555,0.0,99.998474,0.0,204.0,3905.0,0.0,-12.609375,0.08911133,105.79447,11653.029,11653.029,1100.0834,522.4467,0.0,6.549187,0.0,2.339227,4.0,0.0,34.6421,39.74995,5.9999924,0.0,0.0,-5.828125,0.0,0.0,0.0,0.0,0.0,0.0,1.9999695,1.0,49.59259,2.3437505,28.273438,28.530415,0.0,109.96907,0.0,0.0,104.51754,101.49105,720.0,548.625,-0.0045234333,-27.59375,0.0,-29.375,7.0023804,63.0,26.135254,0.0,125.34,0.0,0.0,-4.8187256,99.998474,95.17975,0.57128906,124.91,125.06,124.68,125.35,0
251624.84,0.2699946,-3.8914342,0.08935221,0.090840824,101.49419,24.060139,13.88389,-10.629929,0.0,0.0,127.485,6.801,7.643,24.84,44.72,0.0,90.225555,0.0,99.998474,0.0,204.0,3892.0,0.0,-12.703125,0.089416504,105.78618,11674.257,11674.257,1100.0834,522.4467,0.0,6.464408,0.0,2.3401318,4.0,0.0,34.63654,39.74995,5.9999924,0.0,0.0,-5.703125,0.0,0.0,0.0,0.0,0.0,0.0,1.9999695,1.0,49.172974,2.3437505,28.223244,28.50842,0.0,109.97216,0.0,0.0,104.47609,101.49105,720.0,548.625,-0.0036187468,-27.53125,0.0,-29.375,7.0023804,63.0,25.952148,0.0,125.22,0.0,0.0,-3.6651611,99.998474,96.33331,0.64941406,124.49,124.72,124.45,124.49,0
251624.89,0.29599565,-3.919074,0.08876852,0.09079844,101.49387,24.060139,13.890598,-10.653067,0.0,0.0,127.485,6.836,7.643,24.84,44.72,0.0,90.225555,0.0,99.998474,0.0,204.0,3879.0,0.0,-12.8125,0.09008789,105.78618,11708.22,11708.22,1100.0834,522.4467,0.0,6.6127715,0.0,2.3408556,4.0,0.0,34.63153,39.74995,5.9999924,0.0,0.0,-5.53125,0.0,0.0,0.0,0.0,0.0,0.0,1.9999695,1.0,49.172974,2.3437505,28.063444,28.463226,0.0,109.974945,0.0,0.0,104.47609,101.49105,720.0,549.0,-0.0028949974,-27.5,0.0,-29.1875,7.0023804,63.0,25.817871,0.0,124.57,0.0,0.0,-3.378296,99.998474,96.62018,0.64941406,124.25,124.78,124.16,123.74,0
251624.92,0.3767965,-3.9488797,0.08821101,0.09067126,101.49359,24.060139,13.877715,-10.670691,0.0,0.0,127.485,6.877,7.643,24.84,44.72,0.0,90.225555,0.0,99.998474,0.0,204.0,3863.0,0.0,-12.890625,0.09069824,105.78618,11708.22,11708.22,1100.0834,522.4467,0.0,6.485603,0.0,2.3414345,4.0,0.0,34.702213,39.74995,5.9999924,0.0,0.0,-5.3828125,0.0,0.0,0.0,0.0,0.0,0.0,1.9999695,1.0,49.172974,2.3437505,27.94168,28.435839,0.0,109.97745,0.0,0.0,104.23562,101.49105,720.0,549.0,-0.0023159978,-27.4375,0.0,-29.09375,7.0023804,63.0,25.408936,0.0,123.87,0.0,0.0,-2.8625488,99.998474,97.135925,0.63964844,123.74,123.69,123.56,123.59,0
251624.95,0.38143724,-3.979552,0.088386066,0.09062888,101.49334,24.060139,13.880416,-10.670496,0.0,0.0,127.485,6.915,7.643,24.84,44.72,0.0,90.225555,0.0,99.998474,0.0,204.0,3849.0,0.0,-12.8828125,0.091674805,105.80276,11725.731,11725.731,1100.0834,522.4467,0.0,6.570382,0.0,2.3418977,4.0,0.0,34.765827,39.74995,5.9999924,0.0,0.0,-5.25,0.0,0.0,0.0,0.0,0.0,0.0,1.9999695,1.0,48.75183,2.3437505,27.942768,28.39401,0.0,109.9797,0.0,0.0,104.23562,101.49105,720.0,549.0,-0.0018527983,-27.40625,0.0,-29.09375,7.0023804,63.0,25.360107,0.0,123.69,0.0,0.0,-2.1942139,99.998474,97.80426,0.6640625,122.99,123.46,123.18,122.95,0
251625.02,0.4051498,-3.973071,0.08885377,0.09041693,101.49311,24.060139,13.864729,-10.6716385,0.0,0.0,127.485,6.95,7.643,24.84,44.72,0.0,89.924805,0.0,99.998474,0.0,203.625,3827.0,0.0,-12.84375,0.09234619,105.80276,11742.713,11742.713,1100.0834,522.4467,0.0,6.549187,0.0,2.3422682,4.0,0.0,34.82308,39.74995,5.624993,0.0,0.0,-4.7734375,0.0,0.0,0.0,0.0,0.0,0.0,1.9999695,1.0,48.75183,2.3437505,27.934673,28.245214,0.0,109.98173,0.0,0.0,104.161,101.49105,720.0,549.0,-0.0014822386,-27.28125,0.0,-29.1875,7.0023804,63.0,25.08545,0.0,122.69,0.0,0.0,-1.7242432,99.998474,98.27423,0.6542969,122.3,122.99,122.53,122.22,0
251625.06,0.42411983,-3.9704785,0.0888349,0.090247385,101.492905,24.060139,13.8713255,-10.678745,0.0,0.0,127.485,6.998,7.643,24.84,44.72,0.0,89.684204,0.0,99.998474,0.0,203.625,3802.0,0.0,-13.0390625,0.09295654,105.78618,11772.431,11772.431,1100.0834,522.4467,0.0,6.7187457,0.0,2.3425646,4.0,0.0,34.874603,39.74995,5.624993,0.0,0.0,-4.515625,0.0,0.0,0.0,0.0,0.0,0.0,1.9999695,1.0,48.332214,2.3437505,27.885473,28.179306,0.0,109.98355,0.0,0.0,104.161,101.49105,720.0,549.0,-0.001185791,-27.1875,0.0,-29.09375,7.0023804,63.0,25.201416,0.0,121.96,0.0,0.0,-1.7211914,99.998474,98.27728,0.64208984,121.26,122.03,121.95,121.76,0
251625.1,0.41929585,-3.9506917,0.0894461,0.0901626,101.49272,24.060139,13.875943,-10.678209,0.0,0.0,127.485,7.035,7.643,24.84,44.72,0.0,89.49173,0.0,99.998474,0.0,203.625,3783.0,0.0,-13.359375,0.09399414,105.81105,11776.677,11776.677,1100.0834,522.4467,0.0,6.676356,0.0,2.3428018,4.0,0.0,34.92098,39.74995,5.624993,0.0,0.0,-4.171875,0.0,0.0,0.0,0.0,0.0,0.0,1.9999695,1.0,48.332214,2.3437505,27.888985,28.031303,0.0,109.98519,0.0,0.0,103.9537,101.49105,720.0,549.375,-9.486328E-4,-27.125,0.0,-29.0,7.0023804,63.0,24.75586,0.0,121.71,0.0,0.0,-1.3214111,99.998474,98.67706,0.6591797,121.0,121.11,121.08,121.45,0
251625.12,0.43543667,-3.9615269,0.08821631,0.09007782,101.49338,24.060139,13.873317,-10.715432,0.0,0.0,127.485,7.076,7.643,24.84,44.72,0.0,89.337746,0.0,3.968811,0.0,203.625,3768.0,0.0,-13.2578125,0.09460449,105.81934,11806.925,11806.925,1100.0834,522.4467,0.0,6.6127715,0.0,2.3429916,4.0,0.0,34.962715,39.74995,5.624993,0.0,0.0,-4.2265625,0.0,0.0,0.0,0.0,0.0,0.0,1.9999695,1.0,48.332214,2.3437505,27.633068,28.00574,0.0,109.98667,0.0,0.0,103.83762,101.499344,720.0,549.375,-7.5890624E-4,-27.0625,0.0,-29.09375,7.0023804,63.0,24.371338,0.0,121.18,0.0,0.0,-0.73547363,99.998474,99.263,0.61279297,120.29,120.86,120.77,120.29,0
251625.17,0.40834934,-3.9658608,0.08804088,0.08999302,101.49397,24.060139,13.889056,-10.715688,0.0,0.0,127.485,7.115,7.643,24.84,44.72,0.0,89.21456,0.0,0.0061035156,0.0,203.625,3751.0,0.0,-12.84375,0.09490967,105.81105,11811.17,11811.17,1100.0834,522.4467,0.0,6.549187,0.0,2.3431435,4.0,0.0,35.00028,39.74995,5.624993,0.0,0.0,-4.25,0.0,0.0,0.0,0.0,0.0,0.0,1.9999695,1.0,48.332214,2.3437505,27.631907,28.030441,0.0,109.988,0.0,0.0,103.83762,101.499344,720.0,549.0,-6.07125E-4,-26.96875,0.0,-29.0,7.0023804,63.0,23.52295,0.0,120.21,0.0,0.0,-0.72631836,99.998474,99.272156,0.6542969,120.6,120.43,120.37,119.71,0
251625.22,0.38667947,-3.9675946,0.0880518,0.08978109,101.49368,24.060139,13.888355,-10.722649,0.0,0.0,127.485,7.156,7.643,24.84,44.72,0.0,89.11601,0.0,0.0,0.0,203.625,3733.0,0.0,-13.2578125,0.09625244,105.82764,11845.133,11845.133,1100.0834,522.4467,0.0,6.6551614,0.0,2.3432648,4.0,0.0,35.034084,39.74995,5.624993,0.0,0.0,-4.3671875,0.0,0.0,0.0,0.0,0.0,0.0,1.9999695,1.0,48.332214,2.3437505,27.583632,27.942493,0.0,109.9892,0.0,0.0,103.79616,101.49105,720.0,549.0,-4.857E-4,-26.90625,0.0,-29.09375,6.535555,63.0,22.753906,0.0,119.82,0.0,0.0,-0.7171631,99.998474,99.28131,0.61279297,119.46,119.23,119.31,119.5,0
251625.25,0.34934357,-3.968288,0.08934627,0.0897387,101.49342,24.060139,13.8937235,-10.696907,0.0,0.0,127.485,7.201,7.643,24.84,44.72,0.0,89.03717,0.0,0.0,0.0,203.625,3718.0,0.0,-13.8828125,0.09686279,105.81934,11853.624,11853.624,1100.0834,522.4467,0.0,6.78233,0.0,2.3433619,4.0,0.0,35.06451,39.37495,5.624993,0.0,0.0,-4.234375,0.0,0.0,0.0,0.0,0.0,0.0,1.9999695,1.0,47.91107,2.3437505,27.760813,27.841465,0.0,109.99027,0.0,0.0,105.12283,101.49105,720.0,549.75,-3.8856E-4,-26.84375,0.0,-29.0,6.535555,63.0,24.68872,0.0,119.56,0.0,0.0,-6.3842773,99.998474,93.6142,0.6591797,118.86,118.85,119.1,118.67,0
251625.3,0.29947487,-3.9685655,0.09022948,0.08961153,101.49319,24.060139,13.897481,-10.681187,0.0,0.0,127.485,7.235,7.643,24.84,44.72,0.0,88.9741,0.0,0.0,0.0,203.25,3704.0,0.0,-13.875,0.09753418,105.81934,11879.627,11879.627,1100.0834,522.4467,0.0,6.7187457,0.0,2.3434396,4.0,0.0,35.091892,39.37495,5.2499933,0.0,0.0,-3.5703125,0.0,0.0,0.0,0.0,0.0,0.0,1.9999695,1.0,47.91107,2.3437505,27.868927,27.751518,0.0,109.99124,0.0,0.0,104.79946,101.49105,720.0,550.125,-3.10848E-4,-26.78125,0.0,-29.0,6.535555,63.0,23.529053,0.0,118.85,0.0,0.0,-4.9957275,99.998474,95.00275,0.6201172,118.66,118.76,118.64,118.08,0
251625.33,0.2395799,-3.9499264,0.090174004,0.08956914,101.49297,24.060139,13.894252,-10.670535,0.0,0.0,127.485,7.276,7.643,24.84,44.72,0.0,88.923645,0.0,0.0,0.0,203.25,3684.0,0.0,-13.9375,0.09814453,105.81934,11879.627,11879.627,1100.0834,522.4467,0.0,6.8247194,0.0,2.3435018,4.0,0.0,35.11654,39.37495,5.2499933,0.0,0.0,-3.4609375,0.0,0.0,0.0,0.0,0.0,0.0,1.9999695,1.0,47.91107,2.3437505,27.942139,27.82629,0.0,109.99211,0.0,0.0,104.75801,101.49105,720.0,550.125,-2.486784E-4,-26.71875,0.0,-28.875,6.535555,63.0,23.016357,0.0,117.92,0.0,0.0,-4.6905518,99.998474,95.30792,0.64453125,118.21,118.13,117.54,117.77,0
251625.36,0.15166393,-3.9799707,0.0907696,0.089399576,101.49278,24.060139,13.897851,-10.658225,0.0,0.0,127.485,7.315,7.643,24.84,44.72,0.0,88.88328,0.0,0.0,0.0,203.25,3677.0,0.0,-13.9765625,0.099487305,105.82764,11909.345,11909.345,1100.0834,522.4467,0.0,6.8247194,0.0,2.3435516,4.0,0.0,35.13872,39.37495,5.2499933,0.0,0.0,-3.46875,0.0,0.0,0.0,0.0,0.0,0.0,1.9999695,1.0,47.491455,2.3437505,28.026796,27.748566,0.0,109.9929,0.0,0.0,104.75801,101.49105,720.0,550.125,-1.9894273E-4,-26.6875,0.0,-28.875,6.535555,63.0,22.814941,0.0,118.15,0.0,0.0,-4.4158936,99.998474,95.58258,0.64941406,117.54,117.86,117.77,117.11,0
251625.4,0.101331145,-3.9919884,0.09084542,0.0893148,101.49261,24.060139,13.900371,-10.652075,0.0,0.0,127.485,7.351,7.643,24.84,44.72,0.0,88.85098,0.0,0.0,0.0,203.25,3658.0,0.0,-13.96875,0.100097656,105.82764,11913.59,11913.59,1100.0834,522.4467,0.0,6.951888,0.0,2.3435912,4.0,0.0,35.23387,39.37495,5.2499933,0.0,0.0,-3.4375,0.0,0.0,0.0,0.0,0.0,0.0,1.9999695,1.0,47.491455,2.3437505,28.069014,27.752272,0.0,109.99361,0.0,0.0,104.47609,101.49105,720.0,550.125,-1.5915418E-4,-26.625,0.0,-28.78125,6.535555,63.0,22.198486,0.0,117.41,0.0,0.0,-3.842163,99.998474,96.15631,0.64697266,117.3,117.5,116.88,116.78,0
251625.44,0.08106492,-4.0155454,0.09148037,0.08918764,101.492455,24.060139,13.902134,-10.648397,0.0,0.0,127.485,7.387,7.643,24.84,44.72,0.0,88.82515,0.0,0.0,0.0,203.25,3637.0,0.0,-13.8828125,0.10107422,105.81934,11943.308,11943.308,1100.0834,522.4467,0.0,6.9094987,0.0,2.3436232,4.0,0.0,35.319508,39.37495,5.2499933,0.0,0.0,-2.9375,0.0,0.0,0.0,0.0,0.0,0.0,1.9999695,1.0,47.491455,2.3437505,28.094208,27.630323,0.0,109.99424,0.0,0.0,104.47609,101.49105,720.0,550.125,-1.2732335E-4,-26.5625,0.0,-28.78125,6.535555,63.0,21.966553,0.0,116.56,0.0,0.0,-3.390503,99.998474,96.60797,0.63964844,116.31,116.54,116.0,116.31,0
251625.48,0.084851936,-4.024968,0.0923497,0.08914525,101.49232,24.060139,13.903369,-10.667385,0.0,0.0,127.485,7.436,7.643,24.84,44.72,0.0,88.80448,0.0,0.0,0.0,203.25,3620.0,0.0,-13.8359375,0.10241699,105.844215,11947.553,11947.553,1100.0834,522.4467,0.0,6.9942775,0.0,2.3436487,4.0,0.0,35.39658,38.99995,5.2499933,0.0,0.0,-2.453125,0.0,0.0,0.0,0.0,0.0,0.0,1.9999695,1.0,47.491455,2.3437505,27.963194,27.333916,0.0,109.99481,0.0,0.0,104.47609,101.49105,720.0,549.75,-1.01858685E-4,-26.4375,0.0,-28.6875,6.535555,63.0,21.899414,0.0,116.28,0.0,0.0,-3.277588,99.998474,96.72089,0.64941406,115.55,115.74,115.84,115.55,0
251625.53,0.12788154,-4.0474873,0.0921398,0.0889333,101.49303,24.060139,13.898374,-10.667936,0.0,0.0,127.485,7.481,7.643,24.84,44.72,0.0,88.78795,0.0,0.0,0.0,203.25,3599.0,0.0,-13.8359375,0.103027344,105.85251,11970.372,11970.372,1100.0834,522.4467,0.0,7.163836,0.0,2.343669,4.0,0.0,35.465942,38.99995,5.2499933,0.0,0.0,-2.59375,0.0,0.0,0.0,0.0,0.0,0.0,1.9999695,1.0,47.491455,2.3437505,27.960106,27.335724,0.0,109.99533,0.0,0.0,104.301956,101.499344,720.0,549.75,-8.148695E-5,-26.375,0.0,-28.59375,6.535555,63.0,21.728516,0.0,115.47,0.0,0.0,-3.0548096,99.998474,96.943665,0.63720703,115.32,115.51,115.45,114.87,0
251625.56,0.12230523,-4.0564947,0.09159347,0.0888909,101.49365,24.060139,13.900737,-10.644533,0.0,0.0,127.485,7.517,7.643,24.84,44.72,0.0,88.77472,0.0,0.0,0.0,203.25,3584.0,0.0,-14.3203125,0.10369873,105.844215,11982.047,11982.047,1100.0834,522.4467,0.0,6.9942775,0.0,2.3436854,4.0,0.0,35.52837,39.37495,5.2499933,0.0,0.0,-2.703125,0.0,0.0,0.0,0.0,0.0,0.0,1.9999695,1.0,47.07184,2.3437505,28.12205,27.591196,0.0,109.9958,0.0,0.0,104.23562,101.499344,720.0,550.5,-6.518956E-5,-26.3125,0.0,-28.5,6.535555,63.0,21.368408,0.0,114.94,0.0,0.0,-2.6153564,99.998474,97.38312,0.64941406,114.87,114.54,114.31,114.45,0
251625.6,0.13784418,-4.078848,0.091674015,0.08876374,101.49339,24.060139,13.9023905,-10.6421585,0.0,0.0,127.485,7.556,7.643,24.84,44.72,0.0,88.76414,0.0,0.0,0.0,202.875,3571.0,0.0,-14.0703125,0.10430908,105.83593,12016.01,12016.01,1100.0834,522.4467,0.0,7.0366673,0.0,2.3436983,4.0,0.0,35.584557,38.99995,4.874994,0.0,0.0,-3.3359375,0.0,0.0,0.0,0.0,0.0,0.0,1.9999695,1.0,47.07184,2.3437505,28.138155,27.5521,0.0,109.996216,0.0,0.0,104.161,101.49105,720.0,550.5,-5.215165E-5,-26.28125,0.0,-28.5,6.535555,63.0,21.136475,0.0,114.65,0.0,0.0,-2.1026611,99.998474,97.89581,0.64941406,114.08,114.45,114.41,113.73,0
251625.64,0.13027534,-4.0877895,0.0919164,0.08855179,101.49316,24.060139,13.909408,-10.641698,0.0,0.0,127.485,7.587,7.643,24.84,44.72,0.0,88.75568,0.0,0.0,0.0,202.875,3549.0,0.0,-14.3125,0.105651855,105.85251,12016.01,12016.01,1100.0834,522.4467,0.0,6.973083,0.0,2.3437088,4.0,0.0,35.635124,38.62495,4.874994,0.0,0.0,-2.6953125,0.0,0.0,0.0,0.0,0.0,0.0,1.9999695,1.0,47.07184,2.3437505,28.14109,27.4762,0.0,109.99659,0.0,0.0,104.161,101.49105,720.0,550.5,-4.172132E-5,-26.1875,0.0,-28.375,6.535555,63.0,21.185303,0.0,113.83,0.0,0.0,-1.6845703,99.998474,98.3139,0.64453125,113.77,113.82,113.64,113.14,0
251625.7,0.12422027,-4.110116,0.09241357,0.088509396,101.49295,24.060139,13.908461,-10.625565,0.0,0.0,127.485,7.636,7.643,24.84,44.72,0.0,88.7489,0.0,0.0,0.0,202.875,3533.0,0.0,-14.8203125,0.10626221,105.85251,12041.481,12041.481,1100.0834,522.4467,0.0,7.057862,0.0,2.343717,4.0,0.0,35.680634,38.62495,4.874994,0.0,0.0,-2.4453125,0.0,0.0,0.0,0.0,0.0,0.0,1.9999695,1.0,47.07184,2.3437505,28.252094,27.570915,0.0,109.996925,0.0,0.0,104.161,101.49105,720.0,550.875,-3.3377055E-5,-26.09375,0.0,-28.28125,6.535555,63.0,21.136475,0.0,113.42,0.0,0.0,-1.6815186,99.998474,98.316956,0.64453125,113.09,112.87,112.68,112.91,0
251625.73,0.13937622,-4.1190467,0.09207117,0.08846701,101.49276,24.060139,13.896078,-10.633797,0.0,0.0,127.485,7.677,7.643,24.84,44.72,0.0,88.743484,0.0,0.0,0.0,202.875,3522.0,0.0,-14.953125,0.106933594,105.85251,12050.503,12050.503,1100.0834,522.4467,0.0,6.9942775,0.0,2.3437238,4.0,0.0,35.721592,38.62495,4.874994,0.0,0.0,-1.9375,0.0,0.0,0.0,0.0,0.0,0.0,1.9999695,1.0,47.07184,2.3437505,28.19516,27.478327,0.0,109.99723,0.0,0.0,104.161,101.49105,720.0,551.25,-2.6701644E-5,-26.0625,0.0,-28.59375,6.535555,63.0,20.959473,0.0,113.2,0.0,0.0,-1.5594482,99.998474,98.439026,0.6347656,112.47,112.87,112.65,111.95,0
251625.78,0.11150098,-4.141369,0.09081443,0.088339835,101.49259,24.060139,13.904989,-10.68842,0.0,0.0,127.485,7.717,7.643,24.84,44.72,0.0,88.73915,0.0,0.0,0.0,202.875,3496.0,0.0,-14.8671875,0.10821533,105.8608,12071.73,12071.73,1100.0834,522.4467,0.0,7.0154724,0.0,2.343729,4.0,0.0,35.758457,38.99995,4.874994,0.0,0.0,-1.5390625,0.0,0.0,0.0,0.0,0.0,0.0,1.9999695,1.0,46.650696,2.3437505,27.818476,27.321587,0.0,109.997505,0.0,0.0,103.87908,101.49105,720.0,550.875,-2.1361315E-5,-25.96875,0.0,-28.5,6.535555,63.0,20.446777,0.0,112.14,0.0,0.0,-0.9613037,99.998474,99.03717,0.64453125,112.13,112.16,111.95,111.64,0
251625.81,0.10920079,-4.131548,0.09173407,0.08821268,101.49244,24.060139,13.893648,-10.694369,0.0,0.0,127.485,7.757,7.643,24.84,44.72,0.0,88.73569,0.0,0.0,0.0,202.875,3476.0,0.0,-14.390625,0.10852051,105.8608,12084.466,12084.466,1100.0834,522.4467,0.0,6.973083,0.0,2.3437333,4.0,0.0,35.791634,38.62495,4.874994,0.0,0.0,-1.4375,0.0,0.0,0.0,0.0,0.0,0.0,1.9999695,1.0,46.650696,2.3437505,27.777315,27.089073,0.0,109.99775,0.0,0.0,103.83762,101.49105,720.0,550.5,-1.7089053E-5,-25.90625,0.0,-28.1875,6.535555,63.0,20.446777,0.0,111.74,0.0,0.0,-0.7751465,99.998474,99.22333,0.64941406,110.74,111.16,111.21,111.3,0
251625.86,0.12736064,-4.1276193,0.0915665,0.08817029,101.4923,24.060139,13.8974285,-10.699865,0.0,0.0,127.485,7.799,7.643,24.84,44.72,0.0,88.73291,0.0,0.0,0.0,202.875,3459.0,0.0,-14.6796875,0.109191895,105.85251,12084.466,12084.466,1100.0834,522.4467,0.0,7.0154724,0.0,2.343737,4.0,0.0,35.821495,38.62495,4.874994,0.0,0.0,-1.34375,0.0,0.0,0.0,0.0,0.0,0.0,1.9999695,1.0,46.650696,2.3437505,27.739292,27.082159,0.0,109.99797,0.0,0.0,103.83762,101.49105,720.0,550.875,-1.3671242E-5,-25.84375,0.0,-28.09375,6.535555,63.0,20.355225,0.0,111.16,0.0,0.0,-0.72631836,99.998474,99.272156,0.63964844,110.65,110.65,110.99,110.39,0
251625.89,0.16188851,-4.0885477,0.091587186,0.08795833,101.49218,24.060139,13.900075,-10.673673,0.0,0.0,127.485,7.836,7.643,24.84,44.72,0.0,88.73069,0.0,0.0,0.0,202.5,3428.0,0.0,-15.1171875,0.10949707,105.85251,12118.43,12118.43,1100.0834,522.4467,0.0,7.0366673,0.0,2.3437395,4.0,0.0,35.84837,38.62495,4.4999943,0.0,0.0,-0.828125,0.0,0.0,0.0,0.0,0.0,0.0,1.9999695,1.0,46.650696,2.3437505,27.919716,27.19821,0.0,109.99817,0.0,0.0,103.83762,101.49105,720.0,551.25,-1.0936994E-5,-25.75,0.0,-28.09375,6.535555,63.0,20.422363,0.0,109.9,0.0,0.0,-0.73547363,99.998474,99.263,0.6347656,110.1,109.72,109.93,110.06,0
251625.94,0.1295108,-4.072919,0.09168944,0.08783117,101.492065,24.060139,13.884349,-10.659222,0.0,0.0,127.485,7.876,7.643,24.84,44.72,0.0,88.72891,0.0,0.0,0.0,202.5,3409.0,0.0,-15.4296875,0.10986328,105.85251,12118.43,12118.43,1100.0834,522.4467,0.0,7.0154724,0.0,2.3437417,4.0,0.0,35.947742,38.24995,4.4999943,0.0,0.0,-0.7109375,0.0,0.0,0.0,0.0,0.0,0.0,1.9999695,1.0,46.650696,2.3437505,28.01921,27.248566,0.0,109.99835,0.0,0.0,103.7547,101.49105,720.0,551.625,-8.7495955E-6,-25.6875,0.0,-28.28125,6.06873,63.0,20.202637,0.0,109.94,0.0,0.0,-0.6744385,99.998474,99.324036,0.64941406,108.89,108.81,109.51,109.3,0
251625.97,0.103608645,-4.010418,0.09268431,0.087619215,101.49197,24.060139,13.890919,-10.663017,0.0,0.0,127.485,7.917,7.643,24.84,44.72,0.0,88.72749,0.0,0.0,0.0,202.5,3379.0,0.0,-15.171875,0.11047363,105.844215,12141.248,12141.248,1100.0834,522.4467,0.0,7.2274203,0.0,2.3437436,4.0,0.0,36.037178,37.87495,4.4999943,0.0,0.0,-0.625,0.0,0.0,0.0,0.0,0.0,0.0,1.9999695,1.0,46.23108,2.3437505,27.99295,26.98871,0.0,109.99851,0.0,0.0,103.83762,101.49105,720.0,551.25,-6.9996763E-6,-25.5625,0.0,-28.1875,6.06873,63.0,20.336914,0.0,108.55,0.0,0.0,-0.8666992,99.998474,99.131775,0.64453125,109.34,109.8,108.89,108.43,0
251626.02,0.06288692,-4.041667,0.09340148,0.087619215,101.491875,24.060139,13.889659,-10.666755,0.0,0.0,127.485,7.956,7.643,24.84,44.72,0.0,88.72636,0.0,0.0,0.0,202.5,3365.0,0.0,-14.84375,0.11077881,105.844215,12152.923,12152.923,1100.0834,522.4467,0.0,7.2698097,0.0,2.343745,4.0,0.0,36.117672,37.87495,4.4999943,0.0,0.0,0.1484375,0.0,0.0,0.0,0.0,0.0,0.0,1.9999695,1.0,46.23108,2.3437505,27.967096,26.814867,0.0,109.99866,0.0,0.0,103.61374,101.49105,720.0,550.875,-5.599741E-6,-25.53125,0.0,-28.09375,6.06873,63.0,19.89746,0.0,108.99,0.0,0.0,-0.6225586,99.998474,99.375916,0.6347656,107.45,107.58,107.94,108.15,0
251626.05,0.11030954,-4.016667,0.09271332,0.08749205,101.49179,24.060139,13.894636,-10.653164,0.0,0.0,127.485,7.999,7.643,24.84,44.72,0.0,88.72545,0.0,0.0,0.0,202.5,3351.0,0.0,-15.4140625,0.111083984,105.83593,12186.886,12186.886,1100.0834,522.4467,0.0,7.2698097,0.0,2.343746,4.0,0.0,36.190117,37.87495,4.4999943,0.0,0.0,0.453125,0.0,0.0,0.0,0.0,0.0,0.0,1.9999695,1.0,46.23108,2.3437505,28.060692,27.035816,0.0,109.99879,0.0,0.0,103.514244,101.49105,720.0,551.625,-4.479793E-6,-25.46875,0.0,-28.09375,6.06873,63.0,19.750977,0.0,108.2,0.0,0.0,-0.6011963,99.998474,99.39728,0.64453125,107.86,108.68,107.69,107.14,0
251626.1,0.088247634,-4.081667,0.092383854,0.087449655,101.491714,24.060139,13.903979,-10.679601,0.0,0.0,127.485,8.036,7.643,24.84,44.72,0.0,88.724724,0.0,0.0,0.0,202.5,3342.0,0.0,-15.375,0.11212158,105.8608,12186.886,12186.886,1100.0834,522.4467,0.0,7.2062254,0.0,2.343747,4.0,0.0,36.255318,37.49995,4.4999943,0.0,0.0,0.3828125,0.0,0.0,0.0,0.0,0.0,0.0,1.9999695,1.0,46.23108,2.3437505,27.878384,26.91586,0.0,109.99891,0.0,0.0,103.514244,101.49105,720.0,551.25,-3.5838345E-6,-25.4375,0.0,-28.0,6.06873,63.0,19.63501,0.0,107.08,0.0,0.0,-0.61950684,99.998474,99.37897,0.6201172,107.14,107.02,107.1,107.1,0
251626.12,0.2305981,-4.0701666,0.09165816,0.0872801,101.491646,24.060139,13.892941,-10.6889105,0.0,0.0,127.485,8.076,7.643,24.84,44.72,0.0,88.724144,0.0,0.0,0.0,202.5,3324.0,0.0,-15.6015625,0.11242676,105.8608,12204.929,12204.929,1100.0834,522.4467,0.0,7.2062254,0.0,2.3437476,4.0,0.0,36.313995,37.87495,4.1249948,0.0,0.0,0.3671875,0.0,0.0,0.0,0.0,0.0,0.0,1.9999695,1.0,46.23108,2.3437505,27.814148,26.964245,0.0,109.999016,0.0,0.0,103.514244,101.49105,720.0,551.625,-2.8670677E-6,-25.375,0.0,-28.1875,6.06873,63.0,19.659424,0.0,107.09,0.0,0.0,-0.6347656,99.998474,99.36371,0.63964844,106.34,106.31,106.63,106.63,0
251626.17,0.2844785,-4.0655665,0.09168951,0.08723771,101.491585,24.060139,13.896934,-10.6880045,0.0,0.0,127.485,8.116,7.643,24.84,44.72,0.0,88.72368,0.0,0.0,0.0,202.125,3316.0,0.0,-15.6953125,0.11273193,105.85251,12221.38,12221.38,1100.0834,522.4467,0.0,7.142641,0.0,2.343748,4.0,0.0,36.366806,37.49995,4.1249948,0.0,0.0,0.28125,0.0,0.0,0.0,0.0,0.0,0.0,1.9999695,1.0,45.809937,2.3437505,27.820332,26.932585,0.0,109.999115,0.0,0.0,103.47278,101.49105,720.0,551.625,-2.2936542E-6,-25.34375,0.0,-28.09375,6.06873,63.0,19.665527,0.0,106.35,0.0,0.0,-0.60424805,99.998474,99.394226,0.64941406,106.27,106.42,106.31,105.68,0
251626.2,0.32758278,-4.0449767,0.092096,0.08711054,101.49153,24.060139,13.88801,-10.681903,0.0,0.0,127.485,8.156,7.643,24.84,44.72,0.0,88.723305,0.0,0.0,0.0,202.125,3291.0,0.0,-15.6484375,0.11303711,105.85251,12224.563,12224.563,1100.0834,522.4467,0.0,7.2062254,0.0,2.3437486,4.0,0.0,36.414337,37.49995,4.1249948,0.0,0.0,0.1640625,0.0,0.0,0.0,0.0,0.0,0.0,1.9999695,1.0,45.809937,2.3437505,27.862333,26.87483,0.0,109.9992,0.0,0.0,103.43132,101.49105,720.0,551.625,-1.8349234E-6,-25.28125,0.0,-28.09375,6.06873,63.0,19.54956,0.0,105.57,0.0,0.0,-0.5859375,99.998474,99.41254,0.63720703,105.41,105.52,105.11,105.83,0
251626.25,0.38206622,-4.036741,0.09250969,0.087068155,101.491486,24.060139,13.893482,-10.675622,0.0,0.0,127.485,8.199,7.643,24.84,44.72,0.0,88.72301,0.0,0.0,0.0,202.125,3280.0,0.0,-15.7578125,0.11340332,105.844215,12255.343,12255.343,1100.0834,522.4467,0.0,7.2698097,0.0,2.343749,4.0,0.0,36.457115,37.124954,4.1249948,0.0,0.0,0.0859375,0.0,0.0,0.0,0.0,0.0,0.0,1.9999695,1.0,45.809937,2.3437505,27.905586,26.846704,0.0,109.999275,0.0,0.0,103.22402,101.49105,720.0,552.0,-1.4679388E-6,-25.25,0.0,-28.09375,6.06873,63.0,19.11621,0.0,105.48,0.0,0.0,-0.4852295,99.998474,99.513245,0.64941406,104.63,104.98,105.02,104.71,0
251626.28,0.40565297,-4.0334463,0.09247197,0.086898595,101.49144,24.060139,13.897312,-10.659782,0.0,0.0,127.485,8.236,7.643,24.84,44.72,0.0,88.72277,0.0,0.0,0.0,202.125,3263.0,0.0,-15.921875,0.113708496,105.844215,12255.343,12255.343,1100.0834,522.4467,0.0,7.2910047,0.0,2.3437493,4.0,0.0,36.495613,37.124954,4.1249948,0.0,0.0,0.8984375,0.0,0.0,0.0,0.0,0.0,0.0,1.9999695,1.0,45.809937,2.3437505,28.014719,26.93572,0.0,109.999344,0.0,0.0,103.22402,101.49105,720.0,552.0,-1.174351E-6,-25.1875,0.0,-28.0,6.06873,63.0,19.134521,0.0,104.52,0.0,0.0,-0.5218506,99.998474,99.47662,0.63964844,104.63,104.48,104.29,104.29,0
251626.34,0.44452238,-4.0321283,0.092532225,0.0868562,101.4914,24.060139,13.888274,-10.650072,0.0,0.0,127.485,8.276,7.643,24.84,44.72,0.0,88.72258,0.0,0.0,0.0,202.125,3245.0,0.0,-15.9921875,0.11401367,105.844215,12265.956,12265.956,1100.0834,522.4467,0.0,7.248615,0.0,2.3437495,4.0,0.0,36.60545,37.124954,4.1249948,0.0,0.0,1.3046875,0.0,0.0,0.0,0.0,0.0,0.0,1.9999695,1.0,45.809937,2.3437505,28.081612,26.97627,0.0,109.999405,0.0,0.0,103.19086,101.49105,720.0,552.0,-9.3948086E-7,-25.125,0.0,-28.1875,6.06873,63.0,19.049072,0.0,104.05,0.0,0.0,-0.5218506,99.998474,99.47662,0.64208984,103.35,103.95,103.65,103.64,0
251626.38,0.47561792,-4.0128517,0.09317168,0.08681382,101.49137,24.060139,13.893667,-10.639838,0.0,0.0,127.485,8.316,7.643,24.84,44.72,0.0,88.72243,0.0,0.0,0.0,202.125,3233.0,0.0,-16.085938,0.11431885,105.83593,12289.306,12289.306,1100.0834,522.4467,0.0,7.312199,0.0,2.3437498,4.0,0.0,36.704304,36.749954,4.1249948,0.0,0.0,1.4765625,0.0,0.0,0.0,0.0,0.0,0.0,1.9999695,1.0,45.39032,2.3437505,28.152122,26.91671,0.0,109.99946,0.0,0.0,103.19086,101.49105,720.0,552.0,-7.515847E-7,-25.09375,0.0,-28.09375,6.06873,63.0,19.146729,0.0,103.72,0.0,0.0,-0.53100586,99.998474,99.46747,0.63964844,103.8,103.69,103.46,103.16,0
251626.4,0.48049432,-4.0238905,0.093158655,0.08668665,101.49134,24.060139,13.8915825,-10.628129,0.0,0.0,127.485,8.35,7.643,24.84,44.72,0.0,88.722305,0.0,0.0,0.0,202.125,3212.0,0.0,-16.171875,0.11468506,105.83593,12304.695,12304.695,1100.0834,522.4467,0.0,7.4393682,0.0,2.3437498,4.0,0.0,36.79327,36.749954,4.1249948,0.0,0.0,1.546875,0.0,0.0,0.0,0.0,0.0,0.0,1.9999695,1.0,45.39032,2.3437505,28.232805,26.972881,0.0,109.99951,0.0,0.0,103.19086,101.49105,720.0,552.375,-6.012678E-7,-25.03125,0.0,-28.0,6.06873,63.0,19.104004,0.0,103.06,0.0,0.0,-0.53100586,99.998474,99.46747,0.6323242,102.65,102.65,102.38,102.75,0
251626.45,0.5043954,-4.0095563,0.09319275,0.08664426,101.49131,24.060139,13.895983,-10.63517,0.0,0.0,127.485,8.401,7.643,24.84,44.72,0.0,88.722206,0.0,0.0,0.0,202.125,3201.0,0.0,-16.21875,0.114990234,105.83593,12326.983,12326.983,1100.0834,522.4467,0.0,7.354589,0.0,2.34375,4.0,0.0,36.87334,36.749954,4.1249948,0.0,0.0,1.515625,0.0,0.0,0.0,0.0,0.0,0.0,1.9999695,1.0,45.39032,2.3437505,28.184238,26.899628,0.0,109.99956,0.0,0.0,103.19086,101.49105,720.0,552.375,-4.8101424E-7,-25.0,0.0,-28.09375,6.06873,63.0,19.07959,0.0,102.87,0.0,0.0,-0.53100586,99.998474,99.46747,0.63720703,102.26,102.58,102.3,101.78,0
251626.5,0.5035163,-4.003823,0.09335142,0.08643231,101.49129,24.060139,13.899063,-10.638651,0.0,0.0,127.485,8.435,7.643,24.84,44.72,0.0,88.72213,0.0,0.0,0.0,201.75,3175.0,0.0,-16.320312,0.11529541,105.83593,12333.352,12333.352,1100.0834,522.4467,0.0,7.3969784,0.0,2.34375,4.0,0.0,36.945404,36.374954,3.7499952,0.0,0.0,1.546875,0.0,0.0,0.0,0.0,0.0,0.0,1.9999695,1.0,45.39032,2.3437505,28.160227,26.817026,0.0,109.999596,0.0,0.0,103.09136,101.49105,720.0,552.375,-3.848114E-7,-24.9375,0.0,-28.0,6.06873,63.0,18.908691,0.0,101.77,0.0,0.0,-0.46691895,99.998474,99.531555,0.63964844,101.79,101.71,101.45,101.71,0
251626.53,0.50281304,-3.9827793,0.09220047,0.08630515,101.491264,24.060139,13.89536,-10.648914,0.0,0.0,127.485,8.482,7.643,24.84,44.72,0.0,88.72207,0.0,0.0,0.0,201.75,3163.0,0.0,-17.320312,0.11529541,105.83593,12357.763,12357.763,1100.0834,522.4467,0.0,7.333394,0.0,2.3437502,4.0,0.0,37.01026,36.749954,3.7499952,0.0,0.0,1.59375,0.0,0.0,0.0,0.0,0.0,0.0,1.9999695,1.0,45.39032,2.3437505,28.089457,26.945318,0.0,109.899635,0.0,0.0,103.12453,101.49105,720.0,552.75,-3.0784912E-7,-24.875,0.0,-28.0,6.06873,63.0,18.817139,0.0,101.6,0.0,0.0,-0.491333,99.998474,99.50714,0.63964844,101.06,101.33,101.08,100.92,0
251626.58,0.48225045,-3.955612,0.09260763,0.086262755,101.49124,24.060139,13.898627,-10.626069,0.0,0.0,127.485,8.515,7.643,24.84,44.72,0.0,88.722015,0.0,0.0,0.0,201.75,3139.0,0.0,-17.40625,0.115600586,105.82764,12357.763,12357.763,1100.0834,522.4467,0.0,7.4393682,0.0,2.3437502,4.0,0.0,37.068634,36.374954,3.7499952,0.0,0.0,1.6484375,0.0,0.0,0.0,0.0,0.0,0.0,1.9999695,1.0,44.969177,2.3437505,28.246902,27.01116,0.0,109.80967,0.0,0.0,102.99186,101.49105,720.0,553.5,-2.462793E-7,-24.78125,0.0,-27.875,6.06873,63.0,18.579102,0.0,100.69,0.0,0.0,-0.42419434,99.998474,99.57428,0.6347656,100.58,100.66,100.63,100.25,0
251626.61,0.50580037,-3.9072447,0.09351887,0.08605079,101.49123,24.060139,13.895055,-10.629857,0.0,0.0,127.485,8.556,7.643,24.84,44.72,0.0,88.72198,0.0,0.0,0.0,201.75,3120.0,0.0,-16.796875,0.1159668,105.82764,12380.051,12380.051,1100.0834,522.4467,0.0,7.524147,0.0,2.3437502,4.0,0.0,37.12117,35.999954,3.7499952,0.0,0.0,1.5859375,0.0,0.0,0.0,0.0,0.0,0.0,1.9999695,1.0,44.969177,2.3437505,28.22078,26.759035,0.0,109.7287,0.0,0.0,102.90065,101.49105,720.0,552.75,-1.9702345E-7,-24.75,0.0,-28.1875,6.06873,63.0,18.432617,0.0,100.31,0.0,0.0,-0.39978027,99.998474,99.598694,0.63964844,99.3,99.81,99.81,100.09,0
251626.66,0.5046403,-3.887898,0.09282648,0.08592364,101.49121,24.060139,13.898414,-10.647064,0.0,0.0,127.485,8.599,7.643,24.84,44.72,0.0,88.72195,0.0,0.0,0.0,201.75,3103.0,0.0,-16.59375,0.11627197,105.81934,12392.256,12392.256,1100.0834,522.4467,0.0,7.354589,0.0,2.3437502,4.0,0.0,37.168453,36.374954,3.7499952,0.0,0.0,1.546875,0.0,0.0,0.0,0.0,0.0,0.0,1.9999695,1.0,44.969177,2.3437505,28.102158,26.764315,0.0,109.65583,0.0,1.0,102.87576,101.49105,720.0,552.75,-1.5761877E-7,-24.65625,0.0,-28.09375,6.06873,63.0,18.273926,0.0,99.77,0.0,0.0,-0.41503906,99.998474,99.583435,0.6347656,99.29,99.41,99.73,98.96,0
251626.69,0.5237122,-3.8426595,0.09259944,0.08588124,101.491196,24.060139,13.900764,-10.656618,0.0,0.0,127.485,8.636,7.643,24.84,44.72,0.0,88.721924,0.0,0.0,0.0,201.75,3075.0,0.0,-17.054688,0.11627197,105.81934,12398.624,12398.624,1100.0834,522.4467,0.0,7.4817576,0.0,2.3437502,4.0,0.0,37.211006,35.999954,3.7499952,0.0,0.0,2.0859375,0.0,0.0,0.0,0.0,0.0,0.0,1.9999695,1.0,44.969177,2.3437505,28.036285,26.727917,0.0,109.59025,0.0,1.0,102.87576,101.49105,720.0,553.125,-1.2609502E-7,-24.5625,0.0,-28.0,6.06873,63.0,18.365479,0.0,98.6,0.0,0.0,-0.4272461,99.998474,99.57123,0.6347656,98.37,98.54,98.57,98.69,0
