Time,Accel. Lat (m/s2),Accel. Long (m/s2),Airmass (g/stk),Airmass SP (g/stk),Ambient Press (kpa),Ambient Temp (°C),Battery Volts (V),Boost (psi),Calc TQ (nm),Calc HP (hp),Calc 0-60mph (s),Calc 60-130mph (s),Calc 0-60ft (s),Calc 1/8mile (s),Calc 1/4mile (s),Comb Mode (),Coolant Temp (°C),Cruise (),DV Position (%),EOI Actual (°),EOI Limit (°),Engine Speed (rpm),Eth Content (%),Exh Cam Position (°),Exh Flow Factor (),Exh Pres Desired (kpa),FP DI (kpa),FP DI SP (kpa),FP MPI (kpa),FP MPI SP (kpa),Fuel Flow (mg/stk),Fuel Flow SP (mg/stk),Fuel Split MPI (),Fuel Trim (%),Gear (gear),HPFP Eff Vol (%),IAT (°C),Ign Table (°),Ign Avg (°),Inj PW DI (ms),Inj PW MPI (ms),Intake Cam Pos (°),Intake Flow Fact (),Knock Avg (°),Knock Cyl 1 (°),Knock Cyl 2 (°),Knock Cyl 3 (°),Knock Cyl 4 (°),knks_thd[0] (V),knks_thd[1] (V),knks_thd[2] (V),knks_thd[3] (V),nl_c42b2[0] (V),nl_c42b2[1] (V),nl_c42b2[2] (V),nl_c42b2[3] (V),nl_c42c2[0] (V),nl_c42c2[1] (V),nl_c42c2[2] (V),nl_c42c2[3] (V),nl_c4274[0] (V),nl_c4274[1] (V),nl_c4274[2] (V),nl_c4274[3] (V),nl_c429c[0] (V),nl_c429c[1] (V),nl_c429c[2] (V),nl_c429c[3] (V),Lambda (l),Lambda SP (l),LPFP Duty (%),LTFT (%),MAP (kpa),MAP SP (kpa),Misfires (),Oil Temp (°C),Pedal Pos (%),Port Flap Pos (%),PUT (kpa),PUT SP (kpa),SOI Actual (°),SOI Limit (°),STFT (%),Torque (Nm),Torque Lim (),Torque Req (Nm),TPS (%),Trans Temp (°C),Turbo Speed (rpm),Valve Lift Pos (),Vehicle Speed (km/h),WG Flow Des (kg/hr),WG I Value (%),WG P-D Value (%),WG Pos Base (%),WG Pos Final (%),WG Voltage (V),Wheel Speed FL (km/h),Wheel Speed FR (km/h),Wheel Speed RL (km/h),Wheel Speed RR (km/h),SimosTools [R2.12:2026_8_26:Patched_259L_R18.bin]
322666.22,-2.4432197,0.8802618,0.33749744,0.3367003,101.60501,19.54886,13.831947,-1.7670059,192.66345,51.22734,64.557,0.0,3.956,19.001,36.438,0.0,99.99976,0.0,0.0,451.125,212.625,1895.0,0.0,-7.6953125,0.089538574,109.036545,15743.981,15668.096,1100.0834,499.89316,12.568505,23.483816,0.0,1.0184871,3.0,40.59906,28.813616,17.249977,14.624981,1.652,0.0,-29.898438,0.09729004,0.0,0.0,0.0,0.0,0.0,1.5625,1.40625,1.5625,1.5625,0.5896849,0.5252155,0.52903026,0.5024033,0.2514687,0.34882125,0.24109255,0.31090257,0.5206378,0.4806592,0.5494011,0.47646296,0.16746776,0.23682003,0.18371862,0.22125582,0.96875,1.0,55.32074,2.3437505,89.42523,90.25983,0.0,101.947685,23.730469,1.0,112.84245,89.65872,470.625,543.75,-1.3252634,106.5625,0.0,103.8125,12.13746,43.99999,39.263916,1.0,39.79,29.1875,0.0,-72.31445,64.94141,0.0,3.671875,40.49,39.2,40.19,38.74,0
322666.28,-2.4345758,0.85835475,0.33894724,0.33559814,101.60439,19.54886,13.836659,-1.7278334,189.45775,50.18889,64.557,0.0,3.956,19.001,36.438,0.0,99.99981,0.0,0.0,451.5,212.625,1888.0,0.0,-7.671875,0.090148926,108.99509,15654.298,15668.096,1100.0834,499.89316,14.030945,23.58979,0.0,0.9710398,3.0,41.40625,28.789396,16.874979,14.624981,1.584,0.0,-29.921875,0.09454346,0.0,0.0,0.0,0.0,0.0,1.5429688,1.3867188,1.5625,1.5625,0.58106357,0.5207141,0.52903026,0.5024033,0.24719615,0.343328,0.24109255,0.31090257,0.5206378,0.48897535,0.54207677,0.5385672,0.16746776,0.24093996,0.18127719,0.25009537,0.98046875,1.0,55.31006,2.3437505,89.694626,90.333664,0.0,101.95292,23.730469,1.0,113.09952,89.94893,469.875,543.75,-1.3727107,107.21875,0.0,103.4375,12.13746,43.99999,39.630127,1.0,39.88,28.375,0.0,-72.351074,66.02173,0.0,3.671875,40.58,39.35,40.45,38.74,0
322666.3,-2.4276607,0.8308419,0.3376739,0.33491993,101.60384,19.54886,13.845818,-1.7406297,186.242,49.18022,64.557,0.0,3.956,19.001,36.438,0.0,99.99985,0.0,0.0,451.125,212.625,1882.0,0.0,-7.75,0.09112549,109.011665,15639.439,15615.028,1100.0834,499.89316,13.161959,23.335453,0.0,0.93308187,3.0,41.156006,28.7676,16.874979,14.624981,1.576,0.0,-29.9375,0.092163086,0.0,0.0,0.0,0.0,0.0,1.5820312,1.3867188,1.5625,1.5625,0.5964752,0.5207141,0.5306325,0.5069047,0.24612802,0.343328,0.23804075,0.30785078,0.70428014,0.6095216,0.54207677,0.5385672,0.22652018,0.30029756,0.18127719,0.25009537,0.9873047,1.0,55.274963,2.3437505,89.60587,90.43702,0.0,101.95763,23.730469,1.0,113.46434,90.15623,469.5,543.75,-1.4106686,106.75,0.0,103.28125,12.13746,43.99999,40.020752,1.0,40.01,27.65625,0.0,-72.369385,67.0166,0.0,3.671875,40.66,39.33,40.6,38.87,0
322666.34,-2.4221284,0.7823368,0.33560848,0.33394492,101.60417,19.54886,13.83465,-1.7602286,179.59358,47.223007,64.557,0.0,3.956,19.001,36.438,0.0,99.99988,0.0,0.0,451.125,212.625,1874.0,0.0,-8.203125,0.0914917,108.99509,15652.175,15615.028,1100.0834,499.89316,12.653284,23.399038,0.0,0.90271556,3.0,40.859985,28.747982,17.624977,14.624981,1.576,0.0,-30.203125,0.08935547,0.0,0.0,0.0,0.0,0.0,1.5820312,1.4257812,1.5820312,1.5625,0.5964752,0.5318532,0.5350576,0.5069047,0.24612802,0.34111544,0.235523,0.30785078,0.47318226,0.6095216,0.56572825,0.48477912,0.15220875,0.30029756,0.18921188,0.22514687,0.9951172,1.0,55.264282,2.3437505,89.47111,90.35711,0.0,101.96187,23.730469,1.0,113.64677,90.32206,469.5,544.125,-1.4410349,105.9375,0.0,102.9375,11.670634,43.99999,40.15503,1.0,40.13,26.8125,0.0,-72.47925,68.07251,0.0,3.671875,40.91,39.47,40.67,39.14,0
322666.38,-2.4577026,0.7254348,0.3343601,0.334708,101.60446,19.54886,13.85613,-1.754515,172.53358,45.294003,64.557,0.0,3.956,19.001,36.438,0.0,99.9999,0.0,0.0,451.5,212.625,1871.0,0.0,-8.09375,0.09173584,108.895584,15585.841,15578.412,1100.0834,499.89316,12.971206,23.229479,0.0,0.8784225,3.0,40.997314,28.730326,17.624977,14.624981,1.572,0.0,-30.351562,0.08886719,0.0,0.0,0.0,0.0,0.0,1.5429688,1.40625,1.5820312,1.5429688,0.58106357,0.52895397,0.5350576,0.5041581,0.24132143,0.33653772,0.235523,0.30365452,0.47318226,0.50888836,0.52231634,0.48477912,0.15220875,0.25070572,0.17463951,0.22514687,0.9980469,1.0,55.259705,2.3437505,89.51078,90.63231,0.0,101.96568,23.730469,1.0,113.95355,90.4796,469.5,544.125,-1.465328,105.03125,0.0,102.8125,11.670634,43.99999,40.563965,1.0,40.31,26.65625,0.0,-72.64099,68.28003,0.0,3.671875,41.11,39.77,40.94,39.21,0
322666.44,-2.486162,0.68392396,0.33500376,0.33390257,101.60473,19.54886,13.853587,-1.7377452,168.87903,44.287205,64.557,0.0,3.956,19.001,36.438,0.0,99.99992,0.0,0.0,451.125,212.625,1869.0,0.0,-8.046875,0.09197998,108.82925,15594.332,15547.102,1100.0834,499.89316,12.907621,23.038727,0.0,0.85898805,3.0,40.96222,28.714436,17.249977,14.624981,1.564,0.0,-30.289062,0.087402344,0.0,0.0,0.0,0.0,0.0,1.5429688,1.40625,1.4453125,1.40625,0.58106357,0.52895397,0.53444725,0.50125885,0.24132143,0.33653772,0.2323949,0.29877165,0.655375,0.46898603,0.52231634,0.44716564,0.21080339,0.2310216,0.17463951,0.2076753,0.9980469,1.0,55.2536,2.3437505,89.62664,90.54285,0.0,101.96912,23.730469,1.0,114.09451,90.59569,469.125,544.125,-1.4847624,105.3125,0.0,102.5625,11.670634,43.99999,40.76538,1.0,40.49,26.21875,0.0,-72.628784,68.83545,0.0,3.671875,41.3,39.9,40.91,39.23,0
322666.47,-2.5089295,0.62981963,0.33769163,0.33419928,101.60414,19.54886,13.863526,-1.7620151,161.3392,42.377857,64.557,0.0,3.956,19.001,36.438,0.0,99.99994,0.0,0.0,451.125,212.25,1872.0,0.0,-8.015625,0.09265137,108.82925,15564.614,15582.126,1100.0834,499.89316,13.56466,23.229479,0.0,0.84344053,3.0,41.337585,28.700134,17.624977,14.249982,1.564,0.0,-29.789062,0.08728027,0.0,0.0,0.0,0.0,0.0,1.40625,1.2890625,1.4453125,1.40625,0.584268,0.5259022,0.536202,0.50125885,0.23979554,0.33119708,0.23033494,0.29877165,0.655375,0.46898603,0.57579917,0.41870755,0.21080339,0.2310216,0.19256885,0.19447623,0.9980469,1.0,55.274963,2.3437505,89.45876,90.11395,0.0,101.972206,23.730469,1.0,114.218895,90.54594,469.125,544.125,-1.50031,106.40625,0.0,102.625,11.670634,43.99999,40.95459,1.0,40.68,26.1875,0.0,-72.54944,68.96973,0.0,3.671875,41.32,39.99,41.07,39.47,0
322666.5,-2.5271437,0.6081779,0.33803368,0.3337754,101.603615,19.54886,13.864625,-1.7883914,161.41042,42.487152,64.557,0.0,3.956,19.001,36.438,0.0,99.999954,0.0,0.0,451.125,212.625,1876.0,0.0,-7.96875,0.09307861,108.895584,15533.305,15618.743,1100.0834,499.89316,13.861386,23.420233,0.0,0.8310025,3.0,41.47339,28.687263,17.249977,14.624981,1.564,0.0,-29.3125,0.08709717,0.0,0.0,0.0,0.0,0.0,1.40625,1.2890625,1.4453125,1.40625,0.5822843,0.5259022,0.536202,0.49706262,0.23651484,0.33119708,0.23033494,0.29350728,0.5445182,0.49721524,0.7032883,0.41870755,0.17517357,0.2449073,0.23521782,0.19447623,1.0019531,1.0,55.281067,2.3437505,89.27643,89.91662,0.0,101.97499,23.730469,1.0,114.4179,90.446434,469.125,544.125,-1.512748,106.9375,0.0,102.84375,11.670634,43.99999,41.278076,1.0,40.74,26.125,0.0,-73.24524,69.0918,0.0,3.671875,41.45,40.12,41.1,39.69,0
322666.53,-2.521715,0.58077115,0.33720848,0.33386013,101.603966,19.54886,13.865394,-1.7967635,157.38322,41.60376,64.557,0.0,3.956,19.001,36.438,0.0,99.99996,0.0,0.0,451.125,212.625,1884.0,0.0,-7.96875,0.09338379,108.92875,15536.488,15617.682,1100.0834,499.89316,14.49723,23.420233,0.0,0.8210521,3.0,41.859436,28.67568,17.249977,14.624981,1.564,0.0,-29.53125,0.08746338,0.0,0.0,0.0,0.0,0.0,1.40625,1.2890625,1.4453125,1.40625,0.5822843,0.52445257,0.54337376,0.49912262,0.23651484,0.32684824,0.23056382,0.2914473,0.5050736,0.49721524,0.7032883,0.54474705,0.16243228,0.2449073,0.23521782,0.2529946,1.0048828,1.0,55.293274,2.3437505,89.21907,90.00819,0.0,101.97749,23.730469,1.0,114.65006,90.34693,469.125,544.125,-1.5226984,106.5,0.0,102.84375,11.670634,43.99999,41.644287,1.0,40.86,26.25,0.0,-73.97461,69.00635,0.0,3.671875,41.66,40.19,41.25,39.67,0
322666.56,-2.5373719,0.5698085,0.33537456,0.34297395,101.60428,19.54886,13.860072,-1.7925298,157.45885,41.712124,64.557,0.0,3.956,19.001,36.438,0.0,99.99997,0.0,0.0,451.5,212.625,1888.0,0.0,-7.9765625,0.09448242,109.01996,15457.418,15590.087,1100.0834,499.89316,15.811306,23.399038,0.0,0.96934175,3.0,42.279053,28.665255,17.249977,14.624981,1.576,0.0,-29.890625,0.09375,0.0,0.0,0.0,0.0,0.0,1.40625,1.2890625,1.4453125,1.40625,0.5783932,0.52460515,0.54337376,0.49912262,0.23277637,0.32349128,0.23056382,0.2914473,0.5050736,0.5287251,0.6166171,0.51583123,0.16243228,0.2604715,0.20622568,0.23956664,1.0126953,1.0,55.29785,2.3437505,89.248566,90.82329,0.0,101.979744,24.21875,1.0,114.77444,90.43814,469.5,544.125,-1.3744087,105.71875,0.0,106.25,11.670634,43.99999,41.851807,1.0,41.03,28.125,0.0,-74.41101,66.937256,0.0,3.671875,41.81,40.4,41.57,39.9,0
322666.62,-2.6098974,0.5466734,0.34826958,0.34310108,101.60539,19.54886,13.862206,-1.6470001,153.31805,40.76578,64.557,0.0,3.956,19.001,36.438,0.0,99.99998,0.0,0.0,451.125,212.25,1895.0,0.0,-8.015625,0.095214844,109.086296,15477.054,15795.457,1100.0834,499.89316,18.820965,24.458776,0.0,1.0879735,3.0,44.02771,28.655872,16.874979,14.249982,1.588,0.0,-29.820312,0.09490967,0.0,0.0,0.0,0.0,0.0,1.40625,1.2890625,1.4648438,1.4257812,0.58022434,0.52460515,0.5465019,0.49980927,0.23109789,0.32349128,0.2293431,0.288777,0.62035555,0.56015867,0.6166171,0.51583123,0.1995117,0.2759594,0.20622568,0.23956664,1.0117188,1.0,55.377197,2.3437505,90.2528,90.57209,0.0,101.98177,24.21875,1.0,114.749565,90.59569,469.5,544.125,-1.255777,111.28125,0.0,106.28125,12.604284,43.99999,42.37671,1.0,41.15,28.46875,0.0,-73.82202,66.63818,0.0,3.671875,41.9,40.56,41.48,39.86,0
322666.66,-2.687918,0.51866937,0.3465752,0.34301633,101.60639,19.54886,13.863701,-1.6347561,149.19154,39.836044,64.557,0.0,3.956,19.001,36.438,0.0,99.999985,0.0,0.0,451.125,212.25,1903.0,0.0,-8.046875,0.09527588,109.127754,15560.369,15804.478,1100.0834,499.89316,19.456808,24.458776,0.0,1.1828789,3.0,44.436646,28.647429,16.499979,14.249982,1.588,0.0,-29.898438,0.09552002,0.0,0.0,0.0,0.0,0.0,1.40625,1.2890625,1.4453125,1.4257812,0.58022434,0.5261311,0.54245824,0.49980927,0.23109789,0.3210498,0.22560464,0.288777,0.5789273,0.56015867,0.46616313,0.38651103,0.18623637,0.2759594,0.15587091,0.1794461,1.0009766,1.0,55.410767,2.3437505,90.338196,90.780205,0.0,101.9836,24.21875,1.0,114.915405,90.67031,469.5,544.125,-1.1608716,110.71875,0.0,106.59375,12.604284,43.99999,42.608643,1.0,41.27,28.65625,0.0,-74.03259,66.430664,0.0,3.671875,42.14,40.6,41.67,40.14,0
322666.7,-2.7303343,0.48871773,0.34809014,0.34403366,101.60729,19.54886,13.870606,-1.6417248,144.93631,38.862534,64.557,0.0,3.956,19.001,36.438,0.0,99.99999,0.0,0.0,450.75,212.25,1911.0,0.0,-8.0859375,0.09649658,109.426254,15690.914,15821.99,1100.0834,499.89316,18.227512,24.60714,0.0,1.2588032,3.0,43.766785,28.639828,16.874979,14.249982,1.648,0.0,-29.289062,0.09667969,0.0,0.0,0.0,0.0,0.0,1.40625,1.2890625,1.4453125,1.40625,0.58014804,0.52445257,0.54245824,0.49408713,0.22880903,0.31708246,0.22560464,0.28320745,0.5789273,0.4927138,0.44708934,0.38651103,0.18623637,0.24277104,0.15518425,0.1794461,1.0087891,1.0,55.415344,2.3437505,90.29106,90.590935,0.0,101.98524,24.21875,1.0,115.18073,90.728355,469.875,544.125,-1.0849472,111.28125,0.0,106.9375,12.604284,43.99999,43.011475,1.0,41.32,29.0,0.0,-74.55444,66.204834,0.0,3.671875,41.9,41.26,42.03,40.43,0
322666.75,-2.6642675,0.4954871,0.3500954,0.34738246,101.60894,19.54886,13.86958,-1.694257,149.17339,40.20795,64.557,0.0,3.956,19.001,36.438,0.0,99.99999,0.0,0.0,451.125,212.25,1921.0,0.0,-8.09375,0.097229004,109.500885,15764.146,15770.515,1100.0834,499.89316,17.697641,24.183245,0.0,1.1632928,3.0,43.244934,28.632988,16.874979,14.249982,1.64,0.0,-28.648438,0.09967041,0.0,0.0,0.0,0.0,0.0,1.40625,1.2890625,1.4453125,1.40625,0.58014804,0.52445257,0.53765166,0.4927901,0.22880903,0.31708246,0.22201876,0.28053713,0.52895397,0.5918975,0.44708934,0.46906233,0.17013809,0.2915999,0.15518425,0.23109789,0.99609375,1.0,55.421448,2.3437505,89.93061,90.33013,0.0,101.98672,24.414062,1.0,115.37974,90.678604,470.25,544.125,-1.1804577,112.25,0.0,108.3125,12.13746,43.99999,43.17627,1.0,41.79,29.90625,0.0,-75.18921,65.2771,0.0,3.671875,42.52,40.6,41.96,40.37,0
322666.78,-2.6514142,0.47944486,0.34832662,0.3585733,101.61042,19.54886,13.857143,-1.726711,144.84488,39.183517,64.557,0.0,3.956,19.001,36.438,0.0,99.99999,0.0,0.0,451.125,212.25,1928.0,0.0,-8.109375,0.09869385,109.61697,15825.174,15836.849,1100.0834,499.89316,16.383566,24.458776,0.0,1.0868844,3.0,42.48352,28.626831,17.249977,14.249982,1.64,0.0,-28.421875,0.1083374,0.0,0.0,0.0,0.0,0.0,1.40625,1.2890625,1.4648438,1.40625,0.577554,0.5273518,0.53704125,0.4927901,0.22583352,0.31578547,0.22003509,0.28053713,0.52895397,0.5918975,0.5259022,0.48615244,0.17013809,0.2915999,0.1825742,0.23949035,0.99609375,1.0,55.438232,2.3437505,89.70839,91.06555,0.0,101.988045,25.0,1.0,115.6119,90.80298,470.25,544.125,-1.2568661,112.0625,0.0,112.46875,12.13746,43.99999,43.707275,1.0,41.87,32.5,0.0,-75.42114,62.506104,0.0,3.671875,42.6,41.25,42.17,40.48,0
322666.8,-2.6611314,0.45427796,0.36057502,0.36980647,101.61092,19.54886,13.866015,-1.5392959,140.47157,38.099,64.557,0.0,3.956,19.001,36.438,0.0,99.99999,0.0,0.0,451.125,211.875,1933.0,0.0,-8.1015625,0.10003662,109.63355,15771.576,16051.24,1100.0834,499.89316,20.664911,25.560905,0.0,1.0257576,3.0,44.947815,28.62129,16.499979,13.874982,1.628,0.0,-28.476562,0.117492676,0.0,0.0,0.0,0.0,0.0,1.40625,1.2890625,1.4648438,1.40625,0.5815976,0.527657,0.53704125,0.49248493,0.22529946,0.3138781,0.22003509,0.27847716,0.671397,0.5347524,0.5340658,0.48615244,0.21599145,0.27786678,0.18539712,0.23949035,0.9970703,1.0,55.482483,2.3437505,91.000725,92.292564,0.0,101.98924,25.683594,1.0,115.66166,91.59899,470.25,544.125,-1.3179929,114.84375,0.0,117.0,13.07111,43.99999,44.891357,1.0,41.84,35.25,0.0,-74.56055,59.58252,0.0,3.671875,42.59,41.4,42.14,40.79,0
322666.84,-2.728905,0.44421118,0.376658,0.40588,101.611374,19.54886,13.860508,-1.2919914,140.48277,38.240017,64.557,0.0,3.956,19.001,36.438,0.0,99.99999,0.0,0.0,451.5,211.5,1940.0,0.0,-8.109375,0.10473633,109.97351,15859.138,16180.194,1100.0834,499.89316,22.890364,26.133165,0.0,0.9768561,3.0,46.287537,28.616304,15.37498,13.499983,1.664,0.0,-28.570312,0.14355469,0.0,0.0,0.0,0.0,0.0,1.40625,1.2890625,1.4648438,1.40625,0.5815976,0.527657,0.53688866,0.488365,0.22529946,0.3138781,0.21828032,0.2745861,0.56710154,0.40375373,0.5340658,0.41107804,0.18242161,0.20973526,0.18539712,0.20248722,1.0,1.0,55.586243,2.3437505,92.70582,95.58669,0.0,101.99032,28.027344,1.0,115.73628,95.09811,471.0,544.125,-1.3668944,122.4375,0.0,132.5,14.004761,43.99999,45.67871,1.0,42.05,43.0625,0.0,-69.94629,51.672363,0.0,3.671875,43.22,41.32,42.62,40.92,0
322666.9,-2.723124,0.44018447,0.40367135,0.43067792,101.61178,19.54886,13.868371,-0.8459387,140.45862,38.41081,64.557,0.0,3.956,19.001,36.438,0.0,99.99999,0.0,0.0,451.5,210.375,1949.0,0.0,-8.046875,0.10821533,110.471016,16125.535,16462.512,1100.0834,499.89316,26.175554,28.528175,0.0,0.93773496,3.0,48.3078,28.611816,13.499983,12.374984,1.664,0.0,-28.757812,0.16308594,0.0,0.0,0.0,0.0,0.0,1.40625,1.2695312,1.4453125,1.40625,0.5808347,0.52140075,0.5347524,0.488365,0.2230869,0.30861372,0.21591516,0.2745861,0.56710154,0.40375373,0.49469748,0.52925915,0.18242161,0.20973526,0.1717403,0.26070037,1.0058594,1.0,55.645752,2.3437505,95.780815,98.224556,0.0,101.99129,29.199219,1.0,115.55386,97.62709,471.0,544.125,-1.4060155,132.78125,0.0,140.46875,15.405237,43.99999,47.37549,1.0,42.19,48.9375,0.0,-43.73169,49.188232,1.399231,3.671875,42.69,41.57,42.69,41.0,0
322666.94,-2.6984992,0.4760738,0.42213833,0.45115206,101.61131,19.54886,13.862157,-0.56706566,149.34966,41.030815,64.557,0.0,3.956,19.001,36.438,0.0,99.99999,0.0,0.0,451.5,210.0,1958.0,0.0,-7.8828125,0.11071777,110.935356,16215.749,16772.424,1100.0834,499.89316,30.520485,29.990614,0.0,0.906438,3.0,50.52185,28.607777,11.999985,11.999985,1.768,0.0,-28.140625,0.17956543,0.0,0.0,0.0,0.0,0.0,1.40625,1.2695312,1.4453125,1.40625,0.58464944,0.52140075,0.5347524,0.49011979,0.22270542,0.30861372,0.21591516,0.27389944,0.66979474,0.49958038,0.531548,0.52925915,0.2154574,0.25955597,0.18455787,0.26070037,1.0126953,1.0,55.722046,2.3437505,97.70259,100.35189,0.0,101.99216,30.175781,1.0,115.55386,99.95708,472.5,544.125,-1.4373125,140.0625,0.0,147.625,16.338888,43.99999,48.083496,1.0,42.44,53.875,0.0,-17.248535,48.37036,26.704407,3.671875,42.89,41.78,42.53,41.32,0
322666.97,-2.6987994,0.4716795,0.44936705,0.5024011,101.61089,19.54886,13.857806,-0.19213362,144.73749,39.9668,64.557,0.0,3.956,19.001,36.438,0.0,99.99999,0.0,0.0,450.375,209.25,1968.0,0.0,-6.96875,0.12994385,112.61858,16619.06,17082.336,1100.0834,499.89316,34.35674,32.27965,0.0,1.0376505,3.0,52.952576,28.604141,11.249986,11.249986,1.944,0.0,-26.75,0.20831299,0.0,0.0,0.0,0.0,0.0,1.40625,1.2695312,1.4648438,1.40625,0.58464944,0.52025634,0.53459984,0.4945449,0.22270542,0.306096,0.21431296,0.274815,0.6968795,0.49958038,0.531548,0.59243155,0.23308156,0.25955597,0.18455787,0.29182878,1.0126953,1.0,55.81665,2.3437505,100.28654,105.34924,0.0,101.99294,32.8125,1.0,115.67825,105.62863,473.625,543.375,-1.3061,150.84375,0.0,165.65625,17.739363,43.99999,49.505615,1.0,42.46,62.5,0.0,-9.197998,50.567627,36.29303,3.671875,44.21,42.14,42.71,40.83,0
322667.0,-2.7990394,0.45117182,0.506441,0.50002724,101.61134,19.54886,13.86648,0.583177,140.43875,38.996532,64.557,0.0,3.956,19.001,36.438,0.0,99.99999,0.0,0.0,450.375,208.125,1979.0,0.0,-6.3359375,0.13702393,113.66334,17000.613,17392.25,1100.0834,499.89316,39.210346,36.51861,0.0,1.1426204,3.0,55.847168,28.60087,9.749988,10.124987,1.944,0.0,-25.789062,0.20404053,0.0,0.0,0.0,0.0,0.0,1.40625,1.3867188,1.6015625,1.40625,0.589456,0.51232165,0.542916,0.4945449,0.2232395,0.3025864,0.21400778,0.274815,0.6968795,0.45654994,0.6009003,0.49042496,0.23308156,0.2372015,0.20859084,0.25482565,1.0117188,1.0,55.955505,2.3437505,105.63112,105.02754,0.0,101.99365,32.617188,1.0,115.6119,105.960304,473.625,542.25,-1.20113,173.1875,0.0,165.09375,20.540316,43.99999,51.84326,1.0,42.58,61.21875,0.0,-8.926392,52.62451,38.676453,3.671875,43.03,42.02,43.43,41.4,0
322667.06,-2.8392315,0.5367187,0.49736455,0.47217736,101.61175,19.54886,13.860832,0.40534386,161.4355,45.121304,64.557,0.0,3.956,19.001,36.438,0.0,99.99999,0.0,0.0,449.625,207.375,1992.0,0.0,-6.1875,0.12768555,113.97843,17158.223,17710.121,1100.0834,499.89316,39.824993,34.907803,0.0,1.2265965,3.0,56.051636,28.597925,10.124987,9.374988,2.176,0.0,-24.554688,0.19311523,0.0,0.0,0.0,0.0,0.0,1.5039062,1.3867188,1.6015625,1.5234375,0.5848783,0.51232165,0.542916,0.49401084,0.2216373,0.3025864,0.21400778,0.27382314,0.5527581,0.52315557,0.40955216,0.49042496,0.1918822,0.27183947,0.14755474,0.25482565,1.0175781,1.0,55.93109,2.3437505,104.40574,102.01719,0.0,101.994286,31.054688,1.0,116.39963,103.10794,475.875,542.25,-1.117154,169.625,0.0,155.53125,18.673014,43.99999,50.531006,1.0,43.02,57.9375,0.0,-10.76355,51.28174,35.60028,3.6694336,43.52,42.29,43.37,41.48,0
322667.1,-2.871385,0.6646875,0.4684091,0.4690829,101.612114,19.54886,13.856879,0.027996657,179.98822,50.180523,64.557,0.0,3.956,19.001,36.438,0.0,99.99999,0.0,0.0,449.625,208.5,1987.0,0.0,-6.2734375,0.12384033,114.61689,17652.28,17535.0,1100.0834,499.89316,32.343235,32.80952,0.0,1.2937773,3.0,52.08893,28.595276,10.874986,10.499987,2.22,0.0,-24.078125,0.19030762,0.0,0.0,0.0,0.0,0.0,1.5039062,1.3867188,1.5820312,1.5429688,0.5848783,0.513695,0.5262074,0.4932479,0.2216373,0.3010605,0.2106508,0.27283132,0.7000076,0.52315557,0.40955216,0.4882124,0.25223163,0.27183947,0.14755474,0.25360495,1.0166016,1.0,55.85785,2.3437505,101.80509,101.89084,0.0,101.99486,30.859375,1.0,118.265274,102.72652,476.625,542.25,-1.0499731,158.4375,0.0,154.25,17.27254,43.99999,53.03955,1.0,43.04,57.09375,0.0,-11.3220215,50.59204,34.425354,3.671875,43.79,42.33,43.76,41.72,0
322667.12,-2.8171082,0.865875,0.45946154,0.46764162,101.61327,19.54886,13.854113,-0.01673446,205.92062,56.890377,64.557,0.0,3.956,19.001,36.438,0.0,100.15037,0.0,0.0,449.625,208.875,1969.0,0.0,-6.4609375,0.12121582,113.79601,17901.164,17411.354,1100.0834,499.89316,25.603294,32.36443,0.0,1.191272,3.0,48.693848,28.592892,10.874986,10.874986,2.22,0.0,-24.28125,0.1887207,0.0,0.0,0.0,0.0,0.0,1.5625,1.3671875,1.6015625,1.5429688,0.59929806,0.51003283,0.53009844,0.4932479,0.2231632,0.29854277,0.21011673,0.27283132,0.7000076,0.48432136,0.5573358,0.45677882,0.25223163,0.25162128,0.20080873,0.23735408,0.9941406,1.0,55.830383,2.3437505,101.497925,102.2753,0.0,101.99538,30.859375,1.0,119.699745,102.58556,476.625,542.625,-1.1524785,155.03125,0.0,153.6875,16.805714,43.99999,55.059814,1.0,43.17,56.625,0.0,-11.2854,50.097656,34.022522,3.671875,43.64,42.69,43.55,41.66,0
322667.16,-2.8136866,1.02135,0.45645678,0.46666664,101.61432,19.54886,13.852176,-0.03822948,217.6609,60.256065,64.557,0.0,3.956,19.001,36.438,0.0,100.27067,0.0,0.0,451.125,208.875,1973.0,0.0,-6.6328125,0.12005615,113.36484,17817.318,17354.041,1100.0834,499.89316,24.585945,32.00412,0.0,1.1092677,3.0,48.08197,28.590746,10.874986,10.874986,2.048,0.0,-24.851562,0.1897583,0.0,0.0,0.0,0.0,0.0,1.5625,1.3671875,1.6015625,1.5234375,0.59670407,0.51003283,0.53009844,0.48867017,0.22201876,0.29854277,0.21011673,0.27100024,0.5783169,0.45677882,0.49752042,0.45677882,0.20080873,0.23727779,0.17929351,0.23735408,0.99609375,1.0,55.81665,2.3437505,101.35081,102.34627,0.0,101.99584,30.859375,1.0,120.41283,102.519226,475.875,542.625,-1.2344828,153.71875,0.0,153.375,16.338888,43.99999,55.773926,1.0,43.15,56.9375,0.0,-11.148071,49.73755,33.781433,3.671875,43.91,42.59,42.54,41.81,0
322667.22,-2.8509493,1.06479,0.45441225,0.47120237,101.614426,19.54886,13.856679,-0.047675338,214.92273,59.709133,64.557,0.0,3.956,19.001,36.438,0.0,100.36691,0.0,0.0,451.125,209.25,1980.0,0.0,-6.8046875,0.121032715,113.30679,17671.383,17334.936,1100.0834,499.89316,23.18709,31.898146,0.0,1.0436643,3.0,47.24121,28.588814,10.874986,11.249986,2.048,0.0,-25.25,0.19433594,0.0,0.0,0.0,0.0,0.0,1.5625,1.3671875,1.5820312,1.5234375,0.59670407,0.50339514,0.5260548,0.48241398,0.22201876,0.29541466,0.20851454,0.26878768,0.63263905,0.45677882,0.49752042,0.43846798,0.21965362,0.23727779,0.17929351,0.2278172,0.99902344,1.0,55.802917,2.3437505,101.285805,102.916794,0.0,101.99626,31.054688,1.0,121.308334,102.68506,475.875,543.0,-1.3000861,152.96875,0.0,154.90625,16.338888,43.99999,57.263184,1.0,43.11,58.3125,0.0,-10.952759,49.58496,33.695984,3.671875,43.88,42.46,43.96,42.19,0
322667.25,-2.9207597,1.082166,0.46368578,0.4710328,101.614525,19.54886,13.871551,0.11279352,214.90045,59.763252,64.557,0.0,3.956,19.001,36.438,0.0,100.44391,0.0,0.0,451.125,208.875,1982.0,0.0,-6.8671875,0.121398926,113.30679,17511.65,17464.42,1100.0834,499.89316,27.807552,32.788326,0.0,1.1474315,3.0,49.84131,28.587074,10.874986,10.874986,1.992,0.0,-25.75,0.19476318,0.0,0.0,0.0,0.0,0.0,1.5625,1.3476562,1.5820312,1.5234375,0.60120547,0.49584192,0.5260548,0.48241398,0.22186618,0.292134,0.20851454,0.26878768,0.63263905,0.443122,0.5506218,0.47753108,0.21965362,0.23025864,0.19836728,0.2481117,1.0166016,1.0,55.84259,2.3437505,102.392,103.03283,0.0,101.996635,31.054688,1.0,121.565384,102.88406,475.125,543.0,-1.196319,156.59375,0.0,154.9375,16.338888,44.19999,57.836914,1.0,43.35,58.4375,0.0,-10.699463,49.63379,33.973694,3.671875,43.75,42.65,44.27,42.17,0
322667.28,-2.9366076,1.0516164,0.46268576,0.47217736,101.61462,19.54886,13.858522,0.11551305,209.06642,58.434166,64.557,0.0,3.956,19.001,36.438,0.0,100.5055,0.0,0.0,451.125,208.875,1992.0,0.0,-6.9296875,0.122924805,113.48093,17368.37,17452.215,1100.0834,499.89316,29.693888,32.936687,0.0,1.2304453,3.0,50.498962,28.58551,10.874986,10.874986,2.052,0.0,-26.1875,0.19683838,0.0,0.0,0.0,0.0,0.0,1.5625,1.3476562,1.6015625,1.5039062,0.6021973,0.49584192,0.52910656,0.48180363,0.22133212,0.292134,0.20798047,0.26771954,0.6089113,0.6129549,0.5541314,0.47753108,0.21141374,0.3184558,0.1996643,0.2481117,1.0302734,1.0,55.847168,2.3437505,102.410835,103.251396,0.0,101.99697,31.054688,1.0,122.311646,103.0416,475.875,543.0,-1.1133052,156.25,0.0,155.34375,16.338888,44.379993,58.47168,1.0,43.47,59.0625,0.0,-10.778809,49.8291,34.08966,3.671875,44.21,42.77,44.07,42.35,0
322667.3,-2.929286,1.0018966,0.4604881,0.47785753,101.61553,19.54886,13.849403,0.09890255,202.92606,57.08808,64.557,0.0,3.956,19.001,36.438,0.0,100.55478,0.0,0.0,451.125,208.875,2005.0,0.0,-6.9765625,0.124938965,113.73797,17425.15,17369.96,1100.0834,499.89316,27.934721,32.555183,0.0,1.4531063,3.0,49.501038,28.584103,10.874986,10.874986,2.052,0.0,-26.242188,0.2020874,0.0,0.0,0.0,0.0,0.0,1.5625,1.3671875,1.6015625,1.5234375,0.6021973,0.5104906,0.53223467,0.4898146,0.22133212,0.29350728,0.2075227,0.2685588,0.4979019,0.6129549,0.5541314,0.54566264,0.17288472,0.3184558,0.1996643,0.28351262,1.0273438,1.0,55.847168,2.3437505,102.29726,103.8716,0.0,101.99728,31.25,1.0,123.22373,103.33182,475.875,543.0,-0.8906442,155.53125,0.0,157.34375,15.872062,44.541996,59.98535,1.0,43.5,60.625,0.0,-10.864258,49.871826,33.937073,3.671875,44.51,43.01,43.96,42.29,0
322667.4,-2.983429,0.9445087,0.47141004,0.48391917,101.616356,19.54886,13.866457,0.21101758,196.82047,55.480892,64.557,0.0,3.956,19.001,36.438,0.0,100.5942,0.0,0.0,450.375,208.875,2009.0,0.0,-6.890625,0.12756348,113.88722,17411.354,17632.113,1100.0834,499.89316,30.647654,33.911648,0.0,1.4749851,3.0,51.045227,28.582834,10.499987,10.874986,2.076,0.0,-25.929688,0.20666504,0.0,0.0,0.0,0.0,0.0,1.5429688,1.3476562,1.6015625,1.5234375,0.58915085,0.49988556,0.53223467,0.4898146,0.21889067,0.2898451,0.2075227,0.2685588,0.4979019,0.42565042,0.55664915,0.4336614,0.17288472,0.22110322,0.20057984,0.22529946,1.0205078,1.0,55.900574,2.3437505,103.07088,104.31045,0.0,101.99755,31.542969,1.0,123.53882,103.92053,475.875,543.0,-0.86876535,159.78125,0.0,159.5,16.805714,44.687798,61.297607,1.0,43.74,62.0,0.0,-10.723877,50.128174,34.36432,3.671875,44.47,43.25,44.44,42.62,0
322667.44,-3.0667434,0.94030344,0.4804348,0.48434308,101.617096,19.54886,13.854958,0.33845472,199.85446,56.672634,64.557,0.0,3.956,19.001,36.438,0.0,100.62574,0.0,0.0,450.375,208.5,2021.0,0.0,-6.6171875,0.12884521,114.08622,17427.273,17685.18,1100.0834,500.1585,34.63227,34.060013,0.0,1.4924881,3.0,53.09906,28.581694,10.124987,10.499987,2.096,0.0,-25.601562,0.20831299,0.0,0.0,0.0,0.0,0.0,1.40625,1.3476562,1.4648438,1.40625,0.59258413,0.49988556,0.53330284,0.48699167,0.21957733,0.2898451,0.20714122,0.26634622,0.66834515,0.56824595,0.5976959,0.4336614,0.23201343,0.29526207,0.2153811,0.22529946,1.0136719,1.0,55.92041,2.3437505,103.95003,104.323654,0.0,101.997795,31.542969,1.0,124.11925,104.12782,476.25,542.625,-0.8512623,163.4375,0.0,159.9375,16.805714,44.81902,61.8042,1.0,43.98,62.5,0.0,-10.769653,50.299072,34.495544,3.671875,44.77,43.34,44.55,42.56,0
322667.47,-3.1333947,0.91987145,0.47844356,0.4851061,101.61858,19.54886,13.864486,0.29613099,196.70183,56.08224,64.557,0.0,3.956,19.001,36.438,0.0,100.65097,0.0,0.0,450.375,208.5,2032.0,0.0,-6.4921875,0.1296997,114.53397,17627.867,17612.479,1100.0834,500.1585,30.753628,33.636116,0.0,1.5064907,3.0,50.930786,28.580667,10.874986,10.499987,2.096,0.0,-24.742188,0.20965576,0.0,0.0,0.0,0.0,0.0,1.40625,1.25,1.484375,1.40625,0.59258413,0.5028611,0.5360494,0.48790723,0.21957733,0.2901503,0.2075227,0.26626992,0.6020447,0.56824595,0.5976959,0.50896466,0.21698329,0.29526207,0.2153811,0.26443884,1.0087891,1.0,55.921936,2.3437505,103.65978,104.310486,0.0,101.99802,31.542969,1.0,124.923546,104.252205,476.25,542.625,-0.8372598,162.6875,0.0,160.28125,16.338888,44.93712,62.750244,1.0,44.19,62.90625,0.0,-10.86731,50.39673,34.50775,3.671875,44.87,43.58,44.57,42.69,0
322667.5,-3.1867158,0.91169864,0.4778405,0.48942986,101.61993,19.54886,13.871156,0.2232682,196.78372,56.133198,64.557,0.0,3.956,19.001,36.438,0.0,100.67115,0.0,0.0,450.375,208.5,2033.0,0.0,-6.40625,0.13012695,114.64177,17706.938,17568.432,1100.0834,500.1585,28.86729,33.360584,0.0,1.5176926,3.0,49.874878,28.579744,10.874986,10.499987,2.136,0.0,-24.148438,0.21270752,0.0,0.0,0.0,0.0,0.0,1.40625,1.25,1.484375,1.40625,0.5929656,0.5083543,0.53749907,0.48790723,0.21942474,0.2920577,0.2073701,0.26626992,0.6020447,0.6298924,0.56893265,0.6065461,0.21698329,0.32722974,0.20500496,0.3151751,1.0019531,1.0,55.915833,2.3437505,103.15889,104.32784,0.0,101.998215,31.738281,1.0,125.83563,104.343414,477.0,542.625,-0.82605785,162.90625,0.0,161.78125,15.872062,45.043407,63.94043,1.0,44.27,63.8125,0.0,-10.9436035,50.24414,34.29718,3.671875,45.1,43.67,44.8,42.89,0
322667.56,-3.2093725,0.92717946,0.47773856,0.48968422,101.62031,19.54886,13.858247,0.22501701,200.03183,57.143932,64.557,0.0,3.956,19.001,36.438,0.0,100.687294,0.0,0.0,450.75,208.5,2036.0,0.0,-6.421875,0.12976074,114.62518,17553.574,17712.775,1100.0834,500.1585,31.940535,34.123596,0.0,1.5266542,3.0,51.567078,28.578913,10.874986,10.499987,2.1,0.0,-24.203125,0.21417236,0.0,0.0,0.0,0.0,0.0,1.40625,1.25,1.484375,1.4257812,0.59151596,0.5083543,0.53749907,0.49301898,0.21858549,0.2920577,0.2073701,0.26878768,0.56374454,0.564126,0.66735333,0.6065461,0.20309758,0.2930495,0.24048218,0.3151751,1.0078125,1.0,55.92804,2.3437505,103.171326,104.48745,0.0,101.9984,31.738281,1.0,126.11755,104.43462,477.0,542.625,-0.8170963,162.4375,0.0,161.84375,15.872062,45.13907,64.4043,1.0,44.45,64.25,0.0,-10.726929,50.03662,34.31244,3.671875,45.21,43.79,45.02,43.18,0
322667.6,-3.247498,0.9521218,0.48081964,0.49032003,101.62065,19.54886,13.84335,0.2846087,203.06354,58.4089,64.557,0.0,3.956,19.001,36.438,0.0,100.70021,0.0,0.0,450.375,208.5,2050.0,0.0,-6.4765625,0.1305542,114.68323,17589.658,17681.465,1100.0834,500.1585,32.44921,34.060013,0.0,1.5338235,3.0,51.9989,28.578165,10.874986,10.499987,2.128,0.0,-24.054688,0.21673584,0.0,0.0,0.0,0.0,0.0,1.40625,1.25,1.5039062,1.4257812,0.59151596,0.5107195,0.5430686,0.49485007,0.21858549,0.292134,0.2090486,0.26932174,0.6979477,0.564126,0.66735333,0.5365072,0.25154498,0.2930495,0.24048218,0.27878234,1.0078125,1.0,55.9494,2.3437505,103.58243,104.59551,0.0,101.99856,31.738281,1.0,126.838936,104.53412,477.0,542.625,-0.80992705,163.40625,0.0,162.15625,15.872062,45.225163,65.53955,1.0,44.65,65.03125,0.0,-10.794067,50.01831,34.239197,3.671875,45.37,44.1,45.19,43.26,0
322667.62,-3.2779984,0.94334877,0.48255152,0.4913374,101.62178,19.54886,13.844642,0.3178651,199.94118,57.81939,64.557,0.0,3.956,19.001,36.438,0.0,100.71055,0.0,0.0,450.375,208.125,2061.0,0.0,-6.4609375,0.13104248,114.815895,17704.814,17711.713,1100.0834,500.1585,31.96173,34.35674,0.0,1.5395589,3.0,51.805115,28.577492,10.499987,10.124987,2.128,0.0,-24.039062,0.21966553,0.0,0.0,0.0,0.0,0.0,1.4257812,1.2695312,1.484375,1.4257812,0.5960937,0.5130083,0.5442893,0.49485007,0.22026399,0.29137102,0.20851454,0.26932174,0.6979477,0.56366825,0.5719844,0.5445182,0.25154498,0.2776379,0.19859616,0.2682536,1.0097656,1.0,55.96924,2.3437505,103.81279,104.65416,0.0,101.9987,31.738281,1.0,127.493996,104.63362,477.0,542.625,-0.80419165,164.25,0.0,162.5,15.872062,45.302647,66.51611,1.0,44.86,65.90625,0.0,-10.806274,49.890137,34.117126,3.671875,45.53,44.32,45.06,43.34,0
322667.66,-3.3223987,0.92108953,0.48424527,0.49235475,101.6228,19.54886,13.851405,0.35874438,196.9055,57.162548,64.557,0.0,3.956,19.001,36.438,0.0,100.71882,0.0,0.0,450.375,208.125,2069.0,0.0,-6.578125,0.13195801,114.998314,17767.434,17741.432,1100.0834,500.1585,31.580223,34.58988,0.0,1.5441471,3.0,51.623535,28.576885,10.499987,10.124987,2.132,0.0,-24.078125,0.2210083,0.0,0.0,0.0,0.0,0.0,1.4257812,1.2695312,1.484375,1.4257812,0.5973907,0.513695,0.5442893,0.49698633,0.22056916,0.28976882,0.20851454,0.26924545,0.62630653,0.5284962,0.6166934,0.5445182,0.22568093,0.2603189,0.22224766,0.2682536,1.0126953,1.0,55.984497,2.3437505,104.09559,104.92563,0.0,101.99883,31.738281,1.0,128.12416,104.76629,477.375,542.625,-0.79960334,164.8125,0.0,163.0,15.872062,45.372383,67.41943,1.0,44.93,66.3125,0.0,-10.794067,50.006104,34.251404,3.671875,45.76,44.36,45.35,43.69,0
322667.72,-3.3579187,0.93093586,0.4854954,0.4923971,101.62372,19.54886,13.85614,0.375439,200.08716,58.17042,64.557,0.0,3.956,19.001,36.438,0.0,100.72543,0.0,0.0,450.375,208.125,2072.0,0.0,-6.625,0.13208008,115.10611,17823.686,17708.0,1100.0834,500.1585,30.54168,34.48391,0.0,1.5478177,3.0,51.045227,28.57634,10.499987,10.124987,2.144,0.0,-24.09375,0.2218628,0.0,0.0,0.0,0.0,0.0,1.4257812,1.2695312,1.5039062,1.4453125,0.5973907,0.513695,0.5474174,0.50431067,0.22056916,0.28976882,0.20920119,0.27229723,0.61844814,0.60921645,0.6166934,0.6675822,0.22285801,0.30014497,0.22224766,0.3289082,1.0058594,1.0,55.986023,2.3437505,104.21158,104.880905,0.0,101.998955,31.738281,1.0,128.53874,104.849205,477.375,542.625,-0.7959327,165.4375,0.0,163.1875,15.872062,45.435146,67.803955,1.0,45.09,66.5625,0.0,-10.778809,49.96338,34.23004,3.671875,45.88,44.44,45.48,43.83,0
322667.75,-3.3663352,0.95362437,0.48363936,0.49294817,101.625374,19.54886,13.836017,0.33844477,203.17105,59.23803,64.557,0.0,3.956,19.001,36.438,0.0,100.73072,0.0,0.0,450.375,208.125,2078.0,0.0,-6.6796875,0.13256836,115.2139,17794.498,17657.055,1100.0834,500.42383,30.202562,34.18718,0.0,1.5507543,3.0,50.81787,28.575848,10.874986,10.124987,2.144,0.0,-24.210938,0.22302246,0.0,0.0,0.0,0.0,0.0,1.4257812,1.2695312,1.5039062,1.4453125,0.59830624,0.51781493,0.55138475,0.50431067,0.22072175,0.2903029,0.21026932,0.27229723,0.61844814,0.60921645,0.6396582,0.6218814,0.22285801,0.30014497,0.23048753,0.30640116,1.0,1.0,55.97992,2.3437505,103.95824,104.99627,0.0,101.99906,31.738281,1.0,129.26842,104.93213,477.375,542.625,-0.79299617,164.875,0.0,163.375,15.872062,45.491634,68.71338,1.0,45.29,66.90625,0.0,-10.818481,49.987793,34.220886,3.671875,45.99,44.61,45.83,43.91,0
322667.78,-3.3330684,0.9626998,0.4821256,0.4965937,101.62687,19.54886,13.845367,0.35102963,203.19409,59.35879,64.557,0.0,3.956,19.001,36.438,0.0,100.734955,0.0,0.0,450.375,208.125,2082.0,0.0,-6.75,0.13372803,115.296814,17710.121,17712.244,1100.0834,500.42383,31.74978,34.653465,0.0,1.5531034,3.0,51.748657,28.575405,10.874986,10.124987,2.136,0.0,-24.460938,0.22625732,0.0,0.0,0.0,0.0,0.0,1.4257812,1.2695312,1.5039062,1.4648438,0.60280764,0.52460515,0.55138475,0.5093461,0.22240025,0.29243916,0.21026932,0.27405202,0.70283055,0.6757458,0.58907455,0.6218814,0.25329977,0.33287555,0.21225299,0.30640116,1.0048828,1.0,56.002808,2.3437505,104.04648,105.39837,0.0,101.99916,31.933594,1.0,129.79909,105.1643,477.375,542.625,-0.790647,164.125,0.0,164.71875,15.872062,45.542473,69.48242,1.0,45.43,67.875,0.0,-10.769653,50.006104,34.31244,3.671875,46.09,44.77,45.7,44.02,0
322667.8,-3.2464547,0.98507994,0.49018767,0.50057834,101.62738,19.54886,13.851913,0.4844991,206.34447,60.510727,64.557,0.0,3.956,19.001,36.438,0.0,100.73834,0.0,0.0,450.375,208.125,2090.0,0.0,-6.796875,0.13562012,115.4129,17764.781,17834.299,1100.0834,500.68918,32.258457,35.352894,0.0,1.5549829,3.0,52.06604,28.575006,10.874986,10.124987,2.14,0.0,-24.601562,0.22949219,0.0,0.0,0.0,0.0,0.0,1.4257812,1.2695312,1.5039062,1.4648438,0.60158694,0.52460515,0.552987,0.5139239,0.22209506,0.29243916,0.21034561,0.27634087,0.57907987,0.5741207,0.58907455,0.61501485,0.21614404,0.2983139,0.21225299,0.31952393,0.99902344,1.0,56.004333,2.3437505,104.96698,106.09604,0.0,101.999245,32.128906,1.0,130.23026,105.85251,477.75,543.0,-0.7887676,167.25,0.0,166.15625,16.338888,45.588226,70.69702,1.0,45.55,68.84375,0.0,-10.665894,50.195312,34.617615,3.671875,46.45,44.82,46.11,44.39,0
322667.88,-3.1771638,1.012782,0.49622822,0.50163805,101.62784,19.54886,13.862355,0.6109024,209.37245,61.633705,64.557,0.0,3.956,19.001,36.438,0.0,100.74105,0.0,0.0,450.375,207.75,2098.0,0.0,-6.8125,0.13720703,115.57044,17857.648,17887.896,1100.0834,500.68918,33.318195,35.268116,0.0,1.5564864,3.0,52.838135,28.574648,10.499987,9.749988,2.14,0.0,-24.6875,0.23059082,0.0,0.0,0.0,0.0,0.0,1.4257812,1.25,1.5039062,1.4648438,0.60158694,0.52674145,0.558175,0.5139239,0.22209506,0.29274434,0.21202411,0.27634087,0.6475166,0.5741207,0.6742962,0.76981765,0.24170291,0.2983139,0.24299993,0.39993897,0.99902344,1.0,56.05316,2.3437505,105.83872,106.424805,0.0,101.99932,32.128906,1.0,130.46243,106.12614,477.75,543.0,-0.78726405,169.53125,0.0,166.59375,16.338888,45.629406,70.90454,1.0,45.69,69.1875,0.0,-10.598755,50.494385,34.996033,3.671875,46.55,45.05,46.22,44.59,0
322667.9,-3.121731,1.0238628,0.49887335,0.50252813,101.62825,19.54886,13.863805,0.60987085,209.2639,62.100906,64.557,0.0,3.956,19.001,36.438,0.0,100.74322,0.0,0.0,450.0,207.75,2115.0,0.0,-6.75,0.13879395,116.043076,17980.764,17891.08,1100.0834,500.68918,30.8596,35.43767,0.0,1.5576892,3.0,51.55487,28.574326,10.499987,9.749988,2.204,0.0,-24.75,0.23303223,0.0,0.0,0.0,0.0,0.0,1.40625,1.2695312,1.5039062,1.484375,0.60357064,0.53322655,0.558175,0.52491033,0.2230869,0.29579613,0.21202411,0.2825971,0.6475166,0.6778821,0.59822994,0.6308843,0.24170291,0.35217822,0.21553369,0.3277638,1.0078125,1.0,56.056213,2.3437505,105.83202,106.128235,0.0,101.99939,32.128906,1.0,131.05945,106.38319,478.125,542.625,-0.7860612,170.59375,0.0,167.09375,16.338888,45.666466,71.61865,1.0,45.95,69.90625,0.0,-10.723877,50.683594,35.066223,3.0419922,46.71,45.42,46.41,44.59,0
322667.94,-3.0773847,1.0470452,0.5007221,0.5092682,101.629456,19.54886,13.841382,0.4849186,212.24455,63.1939,64.557,0.0,3.956,19.001,36.438,0.0,100.74495,0.0,0.0,450.375,207.75,2122.0,0.0,-6.828125,0.14007568,116.18404,17890.02,17921.33,1100.0834,500.68918,32.512794,35.564842,0.0,1.5586514,3.0,52.464294,28.574036,10.874986,9.749988,2.192,0.0,-24.8125,0.23925781,0.0,0.0,0.0,0.0,0.0,1.4453125,1.2695312,1.484375,1.484375,0.6074617,0.53322655,0.5599298,0.5294881,0.22491798,0.29579613,0.2121767,0.28488594,0.69337,0.57366294,0.59822994,0.6308843,0.25879303,0.2980087,0.21553369,0.3277638,1.0039062,1.0,56.072998,2.3437505,104.97195,106.115524,0.0,101.99945,32.421875,1.0,130.86044,106.40806,478.5,543.0,-0.78509897,171.96875,0.0,169.46875,15.872062,45.69982,71.28906,1.0,46.15,71.78125,0.0,-9.213257,50.494385,36.41205,1.8334961,46.85,45.56,46.45,44.77,0
322667.97,-3.0419078,1.0938181,0.49948314,0.509141,101.63054,19.54886,13.860843,0.38524458,218.0721,65.112595,64.557,0.0,3.956,19.001,36.438,0.0,100.74634,0.0,0.0,450.0,207.75,2128.0,0.0,-6.90625,0.13989258,116.33328,17923.982,17940.434,1100.0834,500.68918,32.343235,35.69201,0.0,1.5594213,3.0,52.37274,28.573774,11.249986,9.749988,2.208,0.0,-24.828125,0.24084473,0.0,0.0,0.0,0.0,0.0,1.4453125,1.2695312,1.5039062,1.5039062,0.6074617,0.5349813,0.5640497,0.5327687,0.22491798,0.29587242,0.21385519,0.28641185,0.6272221,0.57366294,0.655375,0.60593575,0.2419318,0.2980087,0.24460211,0.31479362,0.99902344,1.0,56.08368,2.3437505,104.28599,105.551506,0.0,101.999504,32.421875,1.0,129.34305,106.32514,478.5,543.0,-0.7843292,170.875,0.0,169.59375,16.338888,45.72984,69.48242,1.0,46.32,72.25,0.0,-7.739258,50.317383,37.73346,1.6845703,47.09,45.77,46.73,45.0,0
322668.03,-3.0135262,1.1125273,0.5033249,0.51316804,101.630684,19.54886,13.862746,0.41070876,218.13708,65.438065,64.557,0.0,3.956,19.001,36.438,0.0,100.747444,0.0,0.0,450.0,208.125,2138.0,0.0,-7.15625,0.13952637,116.34987,17955.822,18008.36,1100.0834,500.9545,34.060013,36.22188,0.0,1.5600371,3.0,53.42865,28.57354,11.249986,10.124987,2.208,0.0,-24.8125,0.2468872,0.0,0.0,0.0,0.0,0.0,1.4453125,1.2695312,1.5039062,1.5039062,0.6083009,0.5394064,0.56572825,0.5327687,0.22575723,0.2977035,0.21438926,0.28641185,0.6272221,0.6375982,0.60265505,0.5928893,0.2419318,0.33127338,0.22491798,0.30800337,1.0048828,1.0,56.118774,2.3437505,104.461655,105.63808,0.0,101.99956,32.617188,1.0,127.42765,106.17589,478.5,543.375,-0.78371334,172.40625,0.0,171.0625,16.805714,45.756855,66.72974,1.0,46.54,74.0625,0.0,-7.3547363,49.73755,37.574768,1.5234375,47.25,45.88,47.04,45.29,0
322668.06,-2.990821,1.1200109,0.5101598,0.52753806,101.63081,19.54886,13.8640785,0.4998312,218.10739,65.76579,64.557,0.0,3.956,19.001,36.438,0.0,100.74833,0.0,0.0,449.625,207.75,2149.0,0.0,-7.3203125,0.14398193,116.77275,17887.367,18093.797,1100.0834,500.9545,36.603386,36.815334,0.0,1.5605297,3.0,54.904175,28.573328,10.874986,9.749988,2.252,0.0,-24.5625,0.25708008,0.0,0.0,0.0,0.0,0.0,1.4453125,1.2695312,1.5039062,1.5039062,0.6063935,0.5430686,0.56572825,0.5353628,0.22545205,0.29907683,0.21438926,0.28747997,0.5706874,0.62493324,0.6050965,0.5928893,0.22011138,0.32471198,0.22583352,0.30800337,1.0,1.0,56.14624,2.3437505,105.076096,107.605965,0.0,101.9996,33.30078,1.0,125.81905,107.560616,478.5,543.375,-0.7832207,175.03125,0.0,176.125,17.739363,45.78117,65.112305,1.0,46.7,77.125,0.0,-7.373047,50.012207,37.886047,1.730957,47.43,46.18,47.0,45.38,0
322668.1,-2.9926567,1.1230043,0.52676094,0.5359312,101.63093,19.54886,13.870871,0.7893997,218.14355,66.05216,64.557,0.0,3.956,19.001,36.438,0.0,100.74904,0.0,0.0,449.625,207.75,2158.0,0.0,-7.40625,0.15081787,117.36976,17980.764,18237.08,1100.0834,500.9545,38.235386,37.705517,0.0,1.4046739,3.0,55.915833,28.573137,10.499987,9.749988,2.276,0.0,-23.882812,0.25933838,0.0,0.0,0.0,0.0,0.0,1.4453125,1.2695312,1.5039062,1.5039062,0.612192,0.5430686,0.5674067,0.5347524,0.22850385,0.29907683,0.21499962,0.28671703,0.74074924,0.6029602,0.6050965,0.52361333,0.28572518,0.32974747,0.22583352,0.27206835,0.9941406,1.0,56.18744,2.3437505,107.072174,108.38497,0.0,101.99964,33.691406,1.0,124.19388,108.945335,479.625,543.375,-0.93907654,180.625,0.0,179.125,18.673014,45.803055,64.39819,1.0,46.91,77.8125,0.0,-7.385254,51.52588,39.411926,1.730957,47.63,46.34,47.25,45.59,0
322668.12,-3.0141253,1.1429517,0.5325002,0.54067886,101.63021,19.54886,13.863906,0.90380365,220.98781,67.13043,64.557,0.0,3.956,19.001,36.438,0.0,100.74961,0.0,0.0,449.625,207.75,2165.0,0.0,-7.46875,0.15362549,117.88384,18145.803,18257.244,1100.0834,500.9545,36.79414,37.875072,0.0,1.2799892,3.0,55.18799,28.572966,10.124987,9.749988,2.276,0.0,-23.867188,0.26239014,0.0,0.0,0.0,0.0,0.0,1.4453125,1.2695312,1.5039062,1.5039062,0.612192,0.54566264,0.5706111,0.5347524,0.22850385,0.30060273,0.21622033,0.28671703,0.538262,0.6029602,0.6421759,0.45754176,0.21484703,0.32974747,0.23971923,0.25017166,0.99121094,1.0,56.202698,2.3437505,107.86003,109.04434,0.0,101.99968,33.88672,1.0,123.48079,109.5838,479.625,543.375,-1.0637612,183.5625,0.0,180.71875,19.13984,45.82275,63.079834,1.0,47.12,78.71875,-0.1739502,-7.684326,51.983643,39.4516,1.7822266,47.84,46.58,47.57,45.74,0
322668.2,-3.0113003,1.1509308,0.5386146,0.5414843,101.62956,19.54886,13.870749,1.0175534,221.0168,67.54239,64.557,0.0,3.956,19.001,36.438,0.0,100.75007,0.0,0.0,449.25,207.375,2178.0,0.0,-7.4453125,0.15563965,118.33989,18284.309,18300.76,1100.0834,500.9545,36.009933,37.832684,0.0,1.1802415,3.0,54.893494,28.572811,10.124987,9.374988,2.352,0.0,-23.804688,0.26428223,0.0,0.0,0.0,0.0,0.0,1.4453125,1.2695312,1.5039062,1.5039062,0.6084535,0.5494011,0.5706111,0.5308614,0.2278172,0.30289158,0.21622033,0.28488594,0.538262,0.6320287,0.7037461,0.5418479,0.21484703,0.34561685,0.26268405,0.29625392,0.9892578,1.0,56.230164,2.3437505,108.64345,109.16685,0.0,101.99971,33.88672,1.0,122.44431,109.84914,480.375,543.375,-1.163509,185.78125,0.0,181.1875,20.07349,45.840477,61.85913,1.0,47.32,79.28125,-0.37231445,-7.9956055,52.331543,39.33258,1.8164062,47.99,46.85,47.66,45.99,0
322668.22,-3.00904,1.1541224,0.53882724,0.5422897,101.62898,19.54886,13.857962,1.0272075,221.12152,67.8226,64.557,0.0,3.956,19.001,36.438,0.0,100.750435,0.0,0.0,449.625,207.375,2186.0,0.0,-7.5,0.15649414,118.68814,18280.594,18306.598,1100.0834,501.21985,35.903957,37.875072,0.0,1.1004432,3.0,54.814148,28.497484,10.124987,9.374988,2.348,0.0,-23.828125,0.2658081,0.0,0.0,0.0,0.0,0.0,1.4648438,1.2695312,1.5039062,1.5039062,0.6161593,0.5494011,0.5763333,0.53131914,0.23224232,0.30289158,0.21858549,0.2854963,0.78850996,0.59044784,0.6902419,0.5418479,0.31471732,0.3228809,0.26626992,0.29625392,0.9892578,1.0,56.243896,2.3437505,108.70941,109.24618,0.0,101.99974,33.88672,1.0,121.65659,110.031555,480.75,543.375,-1.2433072,185.875,0.0,181.5,20.07349,45.85643,61.016846,1.0,47.54,79.75,-0.592041,-8.334351,52.423096,38.883972,1.8408203,48.19,47.09,47.91,46.34,0
322668.25,-2.987232,1.211649,0.53967816,0.5422897,101.62928,19.54886,13.85487,1.0561604,229.37685,70.54778,64.557,0.0,3.956,19.001,36.438,0.0,100.750725,0.0,0.0,449.625,207.75,2192.0,0.0,-7.6953125,0.15655518,118.75448,18393.627,18297.576,1100.0834,501.21985,34.335545,37.832684,0.0,1.0366048,3.0,53.996277,28.429691,10.124987,9.749988,2.336,0.0,-23.804688,0.26696777,0.0,0.0,0.0,0.0,0.0,1.4648438,1.2890625,1.5234375,1.484375,0.6161593,0.55115587,0.58121616,0.53009844,0.23224232,0.30388343,0.22102693,0.28511482,0.6878767,0.6923018,0.6902419,0.5075151,0.2745861,0.37857634,0.26626992,0.2774853,0.99316406,1.0,56.243896,2.3437505,108.90928,109.23028,0.0,101.99977,33.88672,1.0,120.802536,110.16422,480.75,543.75,-1.3071457,186.3125,0.0,181.6875,20.540316,45.87079,59.979248,1.0,47.76,80.09375,-0.81481934,-8.346558,52.349854,38.58795,1.8408203,48.46,47.2,48.16,46.45,0
322668.28,-2.9697855,1.2534096,0.54076684,0.5423744,101.62955,19.54886,13.852706,1.0735457,232.12357,71.6857,64.557,0.0,3.956,19.001,36.438,0.0,100.75095,0.0,0.0,449.625,207.75,2201.0,0.0,-7.78125,0.15710449,118.90373,18477.475,18288.023,1100.0834,501.21985,33.593727,37.832684,0.0,0.98553383,3.0,53.622437,28.368677,10.124987,9.749988,2.336,0.0,-23.859375,0.26861572,0.0,0.0,0.0,0.0,0.0,1.4648438,1.2890625,1.5234375,1.484375,0.61921114,0.5571832,0.58251315,0.53009844,0.23437858,0.3076982,0.22178988,0.28511482,0.6878767,0.6923018,0.6108186,0.46517128,0.2745861,0.37857634,0.23567559,0.2543679,0.9951172,1.0,56.25763,2.3437505,109.02938,109.127014,0.0,101.999794,33.88672,1.0,120.28017,110.24714,480.75,543.75,-1.3582166,186.375,0.0,181.875,21.007141,45.883713,59.631348,1.0,47.93,80.59375,-1.0559082,-8.660889,52.355957,38.050842,1.8408203,48.52,47.43,48.21,46.73,0
322668.34,-2.9758284,1.2888639,0.54046917,0.54326457,101.63062,19.54886,13.833612,1.0874467,234.69254,72.84129,64.557,0.0,3.956,19.001,36.438,0.0,100.75114,0.0,0.0,449.625,207.75,2212.0,0.0,-7.90625,0.15765381,119.01152,18368.154,18298.107,1100.0834,501.48517,35.543648,37.938656,0.0,0.9446771,3.0,54.75769,28.313765,10.124987,9.749988,2.348,0.0,-23.90625,0.27142334,0.0,0.0,0.0,0.0,0.0,1.4648438,1.3085938,1.5234375,1.484375,0.62172884,0.5606165,0.58251315,0.52681774,0.23620966,0.30975816,0.22178988,0.28358892,0.67757684,0.636759,0.6179141,0.46517128,0.27046615,0.34821087,0.23834592,0.2543679,0.9970703,1.0,56.27899,2.3437505,109.126274,109.4174,0.0,101.99982,33.88672,1.0,119.70803,110.36323,481.125,544.125,-1.3990734,186.625,0.0,182.3125,21.473967,45.895344,58.984375,1.0,48.12,81.4375,-1.3000488,-8.413696,52.270508,37.99286,1.8408203,48.69,47.69,48.5,46.71,0
322668.38,-3.0006626,1.3030455,0.5401355,0.5433918,101.63159,19.54886,13.837826,1.1353378,234.8412,73.08514,64.557,0.0,3.956,19.001,36.438,0.0,100.75129,0.0,0.0,449.625,207.75,2218.0,0.0,-8.671875,0.15820312,119.160774,18391.504,18301.82,1100.0834,501.48517,33.95404,37.91746,0.0,0.9119917,3.0,53.837585,28.264343,10.124987,9.749988,2.356,0.0,-23.890625,0.27197266,0.0,0.0,0.0,0.0,0.0,1.484375,1.3085938,1.5039062,1.484375,0.6257725,0.5606165,0.5840391,0.52460515,0.24010071,0.30975816,0.22262913,0.2825971,0.71496147,0.59143966,0.6179141,0.48355842,0.31280994,0.33951324,0.23834592,0.26443884,0.99609375,1.0,56.271362,2.3437505,109.45735,109.89253,0.0,101.99984,33.88672,1.0,119.27687,110.62027,481.5,544.875,-1.4317588,186.375,0.0,182.46875,21.940792,45.90581,58.636475,1.0,48.32,81.59375,-1.5350342,-7.8063965,52.36206,38.468933,1.8359375,48.92,47.91,48.48,47.13,0
322668.4,-3.0605302,1.2712183,0.54135,0.5438157,101.63329,19.54886,13.840775,1.1586957,229.45978,71.70014,64.557,0.0,3.956,19.001,36.438,0.0,100.75141,0.0,0.0,449.625,207.75,2227.0,0.0,-9.015625,0.15905762,119.24369,18434.488,18297.045,1100.0834,501.48517,33.636116,37.875072,0.0,0.8858434,3.0,53.701782,28.219864,10.124987,9.749988,2.344,0.0,-23.820312,0.27349854,0.0,0.0,0.0,0.0,0.0,1.484375,1.3085938,1.5234375,1.484375,0.6257725,0.5619135,0.5931945,0.52796215,0.24010071,0.31128404,0.22697794,0.28496224,0.62958723,0.59143966,0.79758906,0.6029602,0.27542534,0.33951324,0.3076982,0.32974747,0.9951172,1.0,56.288147,2.3437505,109.620056,109.9941,0.0,101.999855,33.88672,1.0,118.77107,110.85244,481.5,545.25,-1.4579071,186.8125,0.0,182.71875,22.407618,45.91523,58.12378,1.0,48.5,82.0625,-1.7456055,-7.0007324,52.459717,39.186096,1.8383789,49.16,47.91,48.84,47.13,0
322668.44,-3.1484241,1.2397374,0.5406076,0.54432434,101.63483,19.54886,13.842839,1.1624136,226.8482,71.13873,64.557,0.0,3.956,19.001,36.438,0.0,100.7515,0.0,0.0,449.625,207.75,2235.0,0.0,-8.8203125,0.15997314,119.392944,18461.553,18282.717,1100.0834,501.48517,32.788326,37.81149,0.0,0.8649248,3.0,53.224182,28.179832,10.124987,9.749988,2.344,0.0,-23.5625,0.27478027,0.0,0.0,0.0,0.0,0.0,1.484375,1.3085938,1.5429688,1.484375,0.62592506,0.5676356,0.5999085,0.52796215,0.2419318,0.31570917,0.23010606,0.28496224,0.62958723,0.6942092,0.7488365,0.66201264,0.27542534,0.39856565,0.2888533,0.36202028,0.99609375,1.0,56.292725,2.3437505,109.64722,110.022285,0.0,101.99987,33.88672,1.0,118.53889,111.043144,481.5,544.875,-1.4788257,186.5625,0.0,183.0,22.407618,45.92371,57.965088,1.0,48.66,82.4375,-1.965332,-6.591797,52.58789,39.5401,1.8310547,49.41,48.19,49.26,47.47,0
322668.47,-3.2587395,1.189645,0.5427975,0.5445787,101.63621,19.54886,13.844284,1.1822671,221.29013,69.86148,64.557,0.0,3.956,19.001,36.438,0.0,100.75158,0.0,0.0,449.625,207.75,2250.0,0.0,-8.8359375,0.16046143,119.48415,18436.611,18320.926,1100.0834,501.48517,33.572533,38.12941,0.0,0.84818995,3.0,53.723145,28.143805,10.499987,9.749988,2.344,0.0,-23.460938,0.277771,0.0,0.0,0.0,0.0,0.0,1.484375,1.3085938,1.5429688,1.5039062,0.6278325,0.572137,0.5999085,0.5336843,0.24452582,0.31929502,0.23010606,0.2888533,0.67040515,0.67170215,0.48905164,0.66201264,0.2932784,0.38567176,0.1886778,0.36202028,0.9980469,1.0,56.311035,2.3437505,109.785446,109.97497,0.0,101.999886,33.88672,1.0,118.16577,111.208984,481.5,544.875,-1.4955605,187.40625,0.0,183.375,22.874443,45.93134,57.67212,1.0,48.89,83.34375,-2.1850586,-5.923462,52.471924,39.891052,1.8334961,49.6,48.48,49.24,47.62,0
322668.53,-3.3869915,1.132108,0.54261965,0.5458928,101.638275,19.54886,13.839437,1.1959733,215.52333,68.3433,64.557,0.0,3.956,19.001,36.438,0.0,100.75164,0.0,0.0,449.625,207.75,2260.0,0.0,-8.8828125,0.16143799,119.66657,18428.121,18300.76,1100.0834,501.75052,32.661156,37.663124,0.0,0.83480203,3.0,53.224182,28.11138,10.499987,9.749988,2.34,0.0,-23.429688,0.27996826,0.0,0.0,0.0,0.0,0.0,1.484375,1.3085938,1.5234375,1.5039062,0.633402,0.572137,0.5942626,0.5337606,0.24895094,0.31929502,0.22796978,0.28976882,0.7579919,0.6322576,0.48905164,0.53559166,0.33157855,0.36301214,0.1886778,0.30746928,1.0009766,1.0,56.303406,2.3437505,109.88199,110.25528,0.0,101.9999,33.88672,1.0,117.89214,111.34165,481.875,544.875,-1.5089484,187.125,0.0,183.75,23.341269,45.938206,57.27539,1.0,49.17,84.0,-2.39563,-5.517578,52.545166,40.190125,1.8310547,49.9,48.67,49.37,47.57,0
322668.56,-3.5095932,1.0903432,0.5418289,0.5468253,101.64013,19.54886,13.847762,1.1775298,212.71837,67.752304,64.557,0.0,3.956,19.001,36.438,0.0,100.751686,0.0,0.0,450.0,207.75,2270.0,0.0,-8.890625,0.16235352,119.832405,18483.842,18283.777,1100.0834,501.75052,31.368275,37.832684,0.0,0.8240917,3.0,52.508545,28.082197,10.499987,9.749988,2.316,0.0,-23.34375,0.28240967,0.0,0.0,0.0,0.0,0.0,1.484375,1.3085938,1.5234375,1.5039062,0.633402,0.57473105,0.5963989,0.5349813,0.24895094,0.3215076,0.2294194,0.2914473,0.5963226,0.6322576,0.644007,0.56244755,0.260853,0.36301214,0.25703824,0.3228809,0.99902344,1.0,56.329346,2.3437505,109.756714,110.37267,0.0,101.999916,33.88672,1.0,117.61851,111.532364,481.875,544.875,-1.5196588,186.65625,0.0,184.0,23.341269,45.944386,56.915283,1.0,49.35,84.71875,-2.6031494,-4.989624,52.581787,40.571594,1.8408203,50.05,48.89,49.86,47.93,0
322668.6,-3.6276746,1.0736374,0.54170984,0.5511491,101.6418,19.54886,13.847731,1.1889602,212.77103,68.00791,64.557,0.0,3.956,19.001,36.438,0.0,100.751724,0.0,0.0,450.0,207.75,2278.0,0.0,-8.859375,0.16436768,119.95678,18383.014,18285.9,1100.0834,502.01587,32.80952,37.64193,0.0,0.8155234,3.0,53.372192,28.055933,10.499987,9.749988,2.316,0.0,-23.28125,0.28625488,0.0,0.0,0.0,0.0,0.0,1.5039062,1.3085938,1.5234375,1.5039062,0.63149464,0.5764859,0.5985351,0.5349813,0.24956131,0.32310978,0.230869,0.2914473,0.5963226,0.6152438,0.6455329,0.6478981,0.260853,0.35324636,0.2576486,0.37201494,1.0068359,1.0,56.329346,2.3437505,109.83717,111.178635,0.0,101.99992,34.08203,1.0,117.51072,111.90549,481.875,544.875,-1.5282271,186.34375,0.0,185.59375,23.341269,45.949947,56.96411,1.0,49.6,85.875,-2.8015137,-4.6875,52.789307,40.94391,1.8383789,50.27,48.97,49.97,48.16,0
322668.7,-3.7421396,1.066955,0.5431588,0.5556,101.644135,19.54886,13.841848,1.2365681,212.67815,68.21696,64.557,0.0,3.956,19.001,36.438,0.0,100.751755,0.0,0.0,450.0,207.75,2286.0,0.0,-8.8671875,0.16656494,120.205536,18251.938,18310.842,1100.0834,502.01587,34.992584,37.896267,0.0,0.80866873,3.0,54.553223,28.032295,10.499987,9.749988,2.308,0.0,-23.210938,0.28948975,0.0,0.0,0.0,0.0,0.0,1.5039062,1.3085938,1.5234375,1.5039062,0.6321813,0.58014804,0.5985351,0.5398642,0.25215533,0.32684824,0.230869,0.29556724,0.64812696,0.6610208,0.5450523,0.6478981,0.3009842,0.39719233,0.21751736,0.37201494,1.0097656,1.0,56.352234,2.3437505,110.16766,111.78715,0.0,101.99993,34.277344,1.0,117.21222,112.78442,481.875,544.875,-1.5350817,186.71875,0.0,187.15625,24.27492,45.954952,56.89087,1.0,49.76,86.84375,-2.9663086,-3.8238525,53.094482,41.978455,1.8603516,50.4,49.26,50.06,48.06,0
322668.72,-3.8337116,1.083032,0.54574436,0.5558543,101.64624,19.54886,13.84945,1.2636969,215.65211,69.47345,64.557,0.0,3.956,19.001,36.438,0.0,100.75178,0.0,0.0,449.625,207.75,2296.0,0.0,-8.8984375,0.16870117,120.44599,18237.08,18343.213,1100.0834,502.01587,35.522453,38.1718,0.0,0.8031851,3.0,54.847717,28.01102,10.499987,9.749988,2.344,0.0,-22.992188,0.28979492,0.0,0.0,0.0,0.0,0.0,1.5234375,1.3085938,1.5039062,1.5039062,0.64354926,0.58014804,0.59578854,0.5419242,0.2604715,0.32684824,0.23018235,0.2977035,0.89593345,0.5428397,0.5450523,0.5883116,0.41611353,0.3262379,0.21751736,0.33775845,1.0117188,1.0,56.373596,2.3437505,110.356766,111.81015,0.0,101.99994,34.277344,1.0,116.97175,113.058044,482.25,544.875,-1.5405654,187.46875,0.0,187.25,24.741743,45.959457,56.73828,1.0,49.94,86.9375,-3.0853271,-2.557373,53.607178,43.711853,1.9140625,50.69,49.26,50.36,48.36,0
322668.75,-3.8869693,1.0894628,0.54791576,0.5591183,101.6473,19.54886,13.843053,1.307154,215.7315,69.74118,64.557,0.0,3.956,19.001,36.438,0.0,100.7518,0.0,0.0,449.625,207.75,2304.0,0.0,-9.0,0.17089844,120.67816,18246.63,18370.277,1100.0834,502.2812,35.564842,38.34136,0.0,0.7987982,3.0,54.927063,27.991873,10.499987,9.749988,2.356,0.0,-22.703125,0.29266357,0.0,0.0,0.0,0.0,0.0,1.5234375,1.3085938,1.5234375,1.5039062,0.64354926,0.57824063,0.5991455,0.54367894,0.2604715,0.32677194,0.23216602,0.2995346,0.6332494,0.5764859,0.6733043,0.5819028,0.29411766,0.3463798,0.2687114,0.33409628,1.0068359,1.0,56.3797,2.3437505,110.65737,112.223206,0.0,101.99995,34.375,1.0,116.77275,113.38972,482.625,544.875,-1.5449523,188.46875,0.0,188.3125,25.675394,45.963512,56.82373,1.0,50.09,87.8125,-3.1829834,-1.9256592,53.94287,44.630432,1.9677734,50.89,49.49,50.63,48.65,0
322668.78,-3.8895755,1.1107851,0.548811,0.5605596,101.648254,19.54886,13.850293,1.3727305,218.58517,70.970406,64.557,0.0,3.956,19.001,36.438,0.0,100.751816,0.0,0.0,449.625,207.75,2314.0,0.0,-9.8515625,0.17266846,120.89375,18265.205,18377.707,1100.0834,502.2812,36.497414,38.40494,0.0,0.7952887,3.0,55.46112,27.97464,10.499987,9.749988,2.356,0.0,-22.6875,0.2944336,0.0,0.0,0.0,0.0,0.0,1.5234375,1.2890625,1.5234375,1.5039062,0.6430152,0.57816434,0.5977722,0.54367894,0.26215,0.3277638,0.23193714,0.2995346,0.69962615,0.5764859,0.5720607,0.5094224,0.32494086,0.3463798,0.22835127,0.306096,1.0048828,1.0,56.404114,2.3437505,111.11034,112.83375,0.0,101.999954,34.375,1.0,116.673256,113.961845,482.625,546.0,-1.5484618,188.34375,0.0,188.5625,26.609045,45.967163,56.811523,1.0,50.32,88.34375,-3.262329,-1.4404297,54.25415,45.396423,1.9726562,51.04,49.75,50.6,48.77,0
322668.84,-3.8516605,1.1380641,0.552614,0.56022036,101.64912,19.54886,13.849502,1.4466548,221.48512,72.19166,64.557,0.0,3.956,19.001,36.438,0.0,100.75183,0.0,0.0,448.875,208.125,2323.0,0.0,-9.7421875,0.17694092,121.308334,18267.857,18423.875,1100.0834,502.2812,37.451176,38.722866,0.0,0.79248106,3.0,55.99518,27.959131,10.499987,10.124987,2.388,0.0,-22.601562,0.2937622,0.0,0.0,0.0,0.0,0.0,1.5429688,1.2890625,1.5234375,1.5039062,0.6454566,0.5803006,0.5977722,0.5419242,0.2653544,0.33028153,0.23193714,0.2998398,0.69962615,0.6273747,0.5986114,0.6508736,0.32494086,0.37705043,0.2618448,0.39116502,1.0048828,1.0,56.4209,2.3437505,111.62075,112.68044,0.0,101.99996,34.375,1.0,116.60692,114.25205,482.625,545.625,-1.5512694,189.9375,0.0,188.71875,27.542696,45.970448,56.951904,1.0,50.55,88.125,-3.3111572,-0.680542,55.3833,47.29767,1.9970703,51.35,49.96,50.83,49.07,0
322668.88,-3.7613285,1.1864758,0.5544621,0.5608139,101.64906,19.54886,13.854807,1.4809737,227.00162,74.37193,64.557,0.0,3.956,19.001,36.438,0.0,100.75184,0.0,0.0,449.25,208.125,2335.0,0.0,-9.28125,0.1809082,121.73951,18359.664,18452.531,1100.0834,502.2812,36.47622,38.977203,0.0,0.7902349,3.0,55.48401,27.945173,10.499987,10.124987,2.384,0.0,-22.539062,0.29455566,0.0,0.0,0.0,0.0,0.0,1.5429688,1.2890625,1.5234375,1.5039062,0.6478981,0.5803006,0.5978485,0.54657817,0.26840618,0.33028153,0.23346303,0.30449378,0.70145726,0.70160985,0.58472574,0.6508736,0.32578012,0.42160678,0.2558175,0.39116502,1.0078125,1.0,56.440735,2.3437505,111.857254,112.72513,0.0,101.99997,34.375,1.0,116.524,114.426186,483.0,545.25,-1.5535156,190.46875,0.0,188.9375,28.009521,45.973404,57.15332,1.0,50.73,88.375,-3.338623,-0.5859375,56.323242,48.384094,2.0605469,51.4,50.25,51.29,49.2,0
322668.9,-3.6490626,1.2433403,0.5556704,0.56132257,101.64902,19.54886,13.86438,1.5272379,232.41644,76.569916,64.557,0.0,3.956,19.001,36.438,0.0,100.75185,0.0,0.0,449.25,208.125,2348.0,0.0,-9.53125,0.18334961,122.11264,18415.385,18463.676,1100.0834,502.2812,36.497414,39.083176,0.0,0.94468796,3.0,55.574036,27.932611,10.499987,10.124987,2.4,0.0,-22.390625,0.2960205,0.0,0.0,0.0,0.0,0.0,1.5429688,1.3085938,1.5039062,1.5039062,0.65171283,0.5854887,0.5971618,0.5464256,0.27214465,0.33493552,0.23460746,0.30640116,0.7367056,0.6733806,0.58472574,0.5439841,0.34210727,0.40466926,0.2558175,0.34187838,1.0097656,1.0,56.45752,2.3437505,112.1761,113.034195,0.0,101.99998,34.375,1.0,116.524,114.62518,483.375,545.625,-1.3990625,190.78125,0.0,189.15625,28.943172,45.976067,57.348633,1.0,50.96,88.8125,-3.363037,-0.62561035,56.829834,48.88153,2.109375,51.53,50.47,51.41,49.43,0
322668.94,-3.5592504,1.3035861,0.5585436,0.56208557,101.6498,19.54886,13.859363,1.5763953,237.80101,78.54407,64.557,0.0,3.956,19.001,36.438,0.0,100.751854,0.0,0.0,449.25,208.5,2354.0,0.0,-9.5546875,0.18572998,122.469185,18465.268,18504.537,1100.0834,502.54654,36.073517,39.125565,0.0,1.0682504,3.0,55.358887,27.921305,10.499987,10.499987,2.4,0.0,-22.054688,0.29589844,0.0,0.0,0.0,0.0,0.0,1.5429688,1.3085938,1.5039062,1.5039062,0.65171283,0.58930343,0.60120547,0.54345006,0.27214465,0.3384451,0.23895629,0.30647746,0.5972381,0.6733806,0.6910048,0.4881361,0.29419395,0.40466926,0.32089722,0.30678263,1.0107422,1.0,56.46057,2.3437505,112.515724,112.99495,0.0,101.999985,34.375,1.0,116.6235,114.8076,483.375,545.625,-1.2755,191.75,0.0,189.375,29.409998,45.978462,57.696533,1.0,51.14,88.78125,-3.390503,-0.82702637,57.44629,49.324036,2.1191406,51.73,50.78,51.33,49.79,0
322669.0,-3.4674003,1.3651845,0.5592322,0.562679,101.650505,19.54886,13.867569,1.6006165,242.89468,80.56729,64.557,0.0,3.956,19.001,36.438,0.0,100.75186,0.0,0.0,449.25,208.5,2364.0,0.0,-9.609375,0.1873169,122.74281,18559.197,18512.498,1100.0834,502.54654,35.480064,39.252735,0.0,1.1671004,3.0,55.062866,27.911129,10.499987,10.499987,2.404,0.0,-21.9375,0.29748535,0.0,0.0,0.0,0.0,0.0,1.5429688,1.3085938,1.484375,1.5039062,0.6489662,0.5897612,0.5928893,0.54345006,0.27328908,0.33958954,0.2371252,0.30647746,0.5972381,0.5997559,0.43747616,0.55115587,0.29419395,0.3604181,0.20317388,0.34645608,1.0126953,1.0,56.484985,2.3437505,112.68338,113.19191,0.0,101.999985,34.375,1.0,116.673256,114.94027,483.75,545.625,-1.17665,191.84375,0.0,189.6875,29.876823,45.980618,57.9834,1.0,51.37,89.25,-3.4179688,-0.7873535,57.72705,49.64142,2.1240234,51.92,50.87,51.55,49.82,0
322669.03,-3.3939202,1.4085739,0.5618877,0.5672147,101.65114,19.54886,13.849876,1.6469647,245.51884,81.64441,64.557,0.0,3.956,19.001,36.438,0.0,100.75187,0.0,0.0,449.625,208.5,2370.0,0.0,-9.7265625,0.19189453,123.298355,18505.068,18555.482,1100.0834,502.54654,36.645775,39.63424,0.0,1.2461804,3.0,55.744934,27.901972,10.499987,10.499987,2.408,0.0,-21.921875,0.2998047,0.0,0.0,0.0,0.0,0.0,1.5429688,1.328125,1.484375,1.5039062,0.64934766,0.5927367,0.5928893,0.54375523,0.2758831,0.34241244,0.2371252,0.30853742,0.65735865,0.65827423,0.5643549,0.55115587,0.32387275,0.39559016,0.2620737,0.34645608,1.015625,1.0,56.495667,2.3437505,113.00349,113.80651,0.0,101.999985,34.570312,1.0,116.723,115.36315,484.125,545.625,-1.0975701,192.4375,0.0,191.15625,30.343649,45.982555,58.221436,1.0,51.5,89.9375,-3.4423828,-0.59814453,58.71582,50.898743,2.1386719,52.14,51.1,52.01,50.12,0
322669.06,-3.3551364,1.4259295,0.5635135,0.5679777,101.65254,19.54886,13.84335,1.698773,245.63503,81.958755,64.557,0.0,3.956,19.001,36.438,0.0,100.75187,0.0,0.0,449.25,208.5,2378.0,0.0,-9.71875,0.19482422,123.712944,18553.89,18566.096,1100.0834,502.54654,35.92515,39.42229,0.0,1.3094444,3.0,55.358887,27.89373,10.499987,10.499987,2.412,0.0,-21.976562,0.29925537,0.0,0.0,0.0,0.0,0.0,1.5429688,1.328125,1.4648438,1.5039062,0.64621955,0.5927367,0.59143966,0.5461967,0.27656978,0.34241244,0.23842221,0.312047,0.5877775,0.6034943,0.58449686,0.6009003,0.28953993,0.36263067,0.271458,0.37766078,1.0175781,1.0,56.513977,2.3437505,113.362,113.99036,0.0,101.999985,34.570312,1.0,116.87225,115.65336,484.125,545.625,-1.034306,193.125,0.0,191.375,31.2773,45.984303,58.43506,1.0,51.8,89.78125,-3.463745,-0.58288574,59.503174,51.722717,2.1484375,52.24,51.39,52.06,50.49,0
322669.1,-3.344109,1.4141219,0.56569445,0.56852883,101.6538,19.54886,13.850501,1.7583548,243.13023,81.49826,64.557,0.0,3.956,19.001,36.438,0.0,100.75187,0.0,0.0,449.625,208.5,2389.0,0.0,-9.7421875,0.19812012,124.135826,18696.111,18541.686,1100.0834,502.54654,34.399128,39.337513,0.0,1.5163057,3.0,54.563904,27.886312,10.499987,10.499987,2.412,0.0,-22.03125,0.29943848,0.0,0.0,0.0,0.0,0.0,1.5429688,1.328125,1.4648438,1.5039062,0.64621955,0.5931945,0.5910582,0.54573894,0.27656978,0.3434043,0.24010071,0.313344,0.6195163,0.5951781,0.58449686,0.53765166,0.30518043,0.35767147,0.271458,0.33798733,1.0195312,1.0,56.53076,2.3437505,113.77395,114.236404,0.0,101.999985,34.570312,1.0,117.0298,115.902115,484.5,545.625,-0.82744485,193.75,0.0,191.625,31.744123,45.985874,58.8562,1.0,51.98,89.84375,-3.4881592,-0.6286621,60.321045,52.537537,2.1923828,52.66,51.48,52.19,50.69,0
322669.16,-3.3552873,1.3906488,0.5676448,0.57272524,101.65577,19.54886,13.843788,1.7928132,240.56648,80.90892,64.557,0.0,3.956,19.001,36.438,0.0,100.75187,0.0,0.0,449.625,208.5,2397.0,0.0,-9.71875,0.2020874,124.72454,18620.225,18580.424,1100.0834,502.81186,35.69201,39.71902,0.0,1.6817946,3.0,55.267334,27.80445,10.499987,10.499987,2.412,0.0,-22.117188,0.30163574,0.0,0.0,0.0,0.0,0.0,1.5234375,1.328125,1.4648438,1.5039062,0.64484626,0.5932708,0.5884642,0.544213,0.27801937,0.34409094,0.24063477,0.3138781,0.650721,0.5951781,0.5394827,0.51575494,0.32059205,0.35767147,0.25055313,0.32417792,1.0214844,1.0,56.53839,2.3437505,114.013435,114.71735,0.0,101.999985,34.765625,1.0,117.20392,116.275246,484.5,545.625,-0.6619559,194.3125,0.0,193.1875,32.21095,45.98729,59.295654,1.0,52.11,90.5,-3.5125732,-0.54016113,61.12671,53.49884,2.224121,52.86,51.65,52.5,50.78,0
322669.2,-3.36423,1.3625096,0.57015187,0.58137274,101.65754,19.54886,13.850808,1.8582302,238.01343,80.41761,64.557,0.0,3.956,19.001,36.438,0.0,100.75187,2.0,0.0,449.25,208.5,2408.0,0.0,-9.9375,0.2166748,126.33314,18680.72,18608.549,1100.0834,502.81186,36.26427,39.994553,0.0,1.8141857,3.0,55.66559,27.730772,10.124987,10.499987,2.416,0.0,-22.15625,0.29925537,0.0,0.0,0.0,0.0,0.0,1.5234375,1.3085938,1.4648438,1.5039062,0.64507514,0.5933471,0.58724344,0.544213,0.28015563,0.3447776,0.24170291,0.3138781,0.650721,0.5942626,0.56389713,0.4649424,0.32059205,0.35706112,0.2618448,0.29221028,1.0234375,1.0,56.567383,2.3437505,114.46612,116.089096,0.0,101.999985,35.15625,1.0,117.32001,117.99993,484.5,546.0,-0.52956474,195.0625,0.0,196.125,33.611427,45.988564,59.729004,1.0,52.39,89.78125,-3.527832,-0.076293945,65.045166,58.085632,2.2827148,53.13,52.01,52.79,51.0,0
322669.22,-3.3913841,1.3137538,0.57295656,0.58582366,101.659134,19.54886,13.844003,1.9228691,232.81647,79.08639,64.557,0.0,3.956,19.001,36.438,0.0,100.75187,2.0,0.0,448.875,208.5,2421.0,0.0,-9.9921875,0.22546387,127.38619,18685.498,18626.062,1100.0834,503.0772,36.730556,40.206497,0.0,1.9200987,3.0,55.915833,27.664463,10.124987,10.499987,2.452,0.0,-22.203125,0.2989502,0.0,0.0,0.0,0.0,0.0,1.5429688,1.3085938,1.4648438,1.5039062,0.6476692,0.5960174,0.58724344,0.54016936,0.28458077,0.34821087,0.24170291,0.31280994,0.7058824,0.65583277,0.61562526,0.4649424,0.3667506,0.41222247,0.30327305,0.29221028,1.0253906,1.0,56.58722,2.3437505,114.91326,116.826454,0.0,101.999985,35.351562,1.0,117.585335,119.07786,484.875,546.0,-0.42365178,195.59375,0.0,197.65625,34.07825,45.989708,60.406494,1.0,52.61,89.6875,-3.527832,0.10070801,67.29736,60.60028,2.397461,53.4,52.24,52.77,51.32,0
322669.25,-3.3931074,1.2942516,0.5747973,0.58823985,101.65974,19.54886,13.839239,1.9934906,232.82047,79.47975,64.557,0.0,3.956,19.001,36.438,0.0,100.75187,2.0,0.0,448.875,208.5,2433.0,0.0,-10.15625,0.23297119,128.29828,18628.184,18666.924,1100.0834,503.0772,37.535957,40.503227,0.0,2.004829,3.0,56.391907,27.604784,10.124987,10.499987,2.472,0.0,-22.21875,0.29693604,0.0,0.0,0.0,0.0,0.0,1.5820312,1.3085938,1.4648438,1.5039062,0.6588083,0.5960174,0.5884642,0.54047453,0.29411766,0.34821087,0.24483101,0.3151751,0.9077592,0.5665675,0.5175097,0.5477226,0.47165635,0.35614556,0.25497827,0.35980773,1.0205078,1.0,56.626892,2.3437505,115.40065,117.32028,0.0,101.999985,35.351562,1.0,117.842384,119.57536,484.875,546.375,-0.33892143,195.96875,0.0,198.1875,35.0119,45.990738,60.601807,1.0,52.92,89.09375,-3.5064697,0.1586914,69.33594,62.882996,2.4853516,53.62,52.41,53.09,51.49,0
322669.3,-3.394486,1.3052006,0.5782466,0.5959972,101.66028,19.54886,13.847624,2.0651093,235.46814,80.84616,64.557,0.0,3.956,19.001,36.438,0.0,100.75187,2.0,0.0,448.875,208.125,2447.0,0.0,-10.1796875,0.24938965,130.13077,18681.252,18720.521,1100.0834,503.0772,38.023438,40.905926,0.0,2.0726132,3.0,56.69861,27.551073,10.124987,10.124987,2.484,0.0,-21.945312,0.29187012,0.0,0.0,0.0,0.0,0.0,1.5820312,1.3085938,1.4257812,1.484375,0.6551461,0.5944915,0.5848783,0.53688866,0.29465172,0.34859234,0.24536507,0.3148699,0.58594644,0.5693904,0.5175097,0.4699016,0.3044175,0.35790035,0.25497827,0.30861372,1.0185547,1.0,56.64215,2.3437505,115.89485,118.4296,0.0,101.999985,35.64453,1.0,118.19894,121.772675,485.25,546.375,-0.27113715,196.71875,0.0,200.4375,35.945553,45.991665,61.297607,1.0,53.12,87.5625,-3.4606934,0.17089844,73.84033,67.65289,2.5585938,53.75,52.63,53.36,51.68,0
322669.34,-3.375589,1.3283303,0.5833962,0.6046871,101.659935,19.54886,13.841774,2.1613057,238.11876,81.95669,64.557,0.0,3.956,19.001,36.438,0.0,100.75187,2.0,0.0,448.875,208.125,2453.0,0.0,-10.1953125,0.26031494,131.44086,18734.85,18748.646,1100.0834,503.34253,37.345203,41.13907,0.0,2.1268408,3.0,56.323242,27.502733,10.124987,10.124987,2.484,0.0,-21.890625,0.2921753,0.0,0.0,0.0,0.0,0.0,1.5820312,1.3085938,1.4453125,1.484375,0.6551461,0.5931945,0.5862516,0.5365072,0.29465172,0.34905013,0.24834058,0.3165484,0.6321813,0.5693904,0.61715114,0.5288014,0.32845044,0.35790035,0.30403602,0.34737164,1.015625,1.0,56.666565,2.3437505,116.55758,119.62011,0.0,101.999985,36.035156,0.0,118.67986,122.57697,485.25,546.375,-0.21690972,198.34375,0.0,203.4375,36.879204,45.9925,62.298584,1.0,53.33,87.65625,-3.3721924,1.473999,74.72534,70.02716,2.692871,53.82,52.94,53.43,51.84,0
322669.38,-3.3404713,1.3938322,0.5878438,0.6048143,101.65963,19.54886,13.837679,2.2435677,245.93538,84.9231,64.557,0.0,3.956,19.001,36.438,0.0,100.75187,2.0,0.0,448.5,208.5,2461.0,0.0,-10.28125,0.26379395,131.97153,18732.727,18802.244,1100.0834,503.34253,38.532112,41.22385,0.0,2.1702228,3.0,57.00531,27.459227,9.749988,10.499987,2.508,0.0,-21.335938,0.29101562,0.0,0.0,0.0,0.0,0.0,1.5625,1.3085938,1.4257812,1.484375,0.65400165,0.59502554,0.58129245,0.5365072,0.2963302,0.35156786,0.2479591,0.3165484,0.6321813,0.6349279,0.48859388,0.57663846,0.32845044,0.3990997,0.24071106,0.37880522,1.0136719,1.0,56.704712,2.3437505,117.1243,119.55411,0.0,101.999985,36.035156,0.0,119.16907,122.77598,485.625,546.375,-0.17352778,200.15625,0.0,203.46875,37.346027,45.99325,63.22632,1.0,53.6,87.3125,-3.2714844,1.5930176,75.04883,70.57648,2.7612305,54.08,53.03,53.87,52.28,0
322669.4,-3.312377,1.4575329,0.5933425,0.60498375,101.659355,19.54886,13.840672,2.3446,250.95387,86.97293,64.557,0.0,3.956,19.001,36.438,0.0,100.75187,2.0,0.0,448.125,208.5,2470.0,0.0,-10.34375,0.26623535,132.39441,18711.5,18871.232,1100.0834,503.34253,39.846188,41.4146,0.0,2.2049282,3.0,57.765198,27.42007,9.749988,10.499987,2.552,0.0,-21.171875,0.29144287,0.0,0.0,0.0,0.0,0.0,1.5625,1.2890625,1.4257812,1.5039062,0.65262836,0.5933471,0.58129245,0.538262,0.29785612,0.35164416,0.2479591,0.31967652,0.6268406,0.56137943,0.558175,0.5565728,0.32570383,0.3528649,0.27496758,0.38048372,1.015625,1.0,56.73828,2.3437505,117.82043,119.53013,0.0,101.999985,36.035156,0.0,119.80753,122.91694,486.375,546.375,-0.13882223,201.96875,0.0,203.84375,37.812855,45.993927,64.331055,1.0,53.65,87.4375,-3.1677246,1.0650635,75.18921,70.29877,2.788086,54.21,53.19,54.14,52.5,0
322669.47,-3.2699015,1.4830132,0.5993081,0.6055772,101.65828,19.54886,13.848626,2.4915817,251.02419,87.34952,64.557,0.0,3.956,19.001,36.438,0.0,100.75187,2.0,0.0,448.5,208.5,2480.0,0.0,-10.4140625,0.26818848,132.73438,18851.598,18916.871,1100.0834,503.34253,39.189148,41.668938,0.0,2.2326927,3.0,57.447815,27.38483,9.374988,10.499987,2.536,0.0,-20.9375,0.2930298,0.0,0.0,0.0,0.0,0.0,1.5625,1.2890625,1.4257812,1.5039062,0.6485847,0.59159225,0.58014804,0.53902495,0.29861906,0.3524071,0.24933241,0.3227283,0.5726711,0.5582513,0.5606928,0.5565728,0.31311512,0.3666743,0.29129472,0.38048372,1.0126953,1.0,56.79016,2.3437505,118.83248,119.72319,0.0,101.999985,36.035156,0.0,120.77767,123.01644,486.75,546.375,-0.11105778,203.53125,0.0,203.90625,38.27968,45.994537,65.875244,1.0,53.83,87.90625,-3.0639648,0.34484863,75.21973,69.755554,2.788086,54.4,53.55,54.21,52.79,0
322669.5,-3.2159212,1.5119553,0.62557805,0.6181669,101.65731,19.54886,13.848335,2.5154321,253.44405,88.54717,64.557,0.0,3.956,19.001,36.438,0.0,100.75187,2.0,0.0,448.5,207.75,2490.0,0.0,-10.3671875,0.26611328,132.7095,18900.42,19168.94,1100.0834,503.34253,43.279743,43.97917,0.0,2.2549043,3.0,59.718323,27.353115,10.124987,9.749988,2.548,0.0,-20.835938,0.31225586,0.0,0.0,0.0,0.0,0.0,1.5429688,1.2890625,1.40625,1.484375,0.64698255,0.59159225,0.57915616,0.5410086,0.30060273,0.3524071,0.2514687,0.32661936,0.6166934,0.67795837,0.5606928,0.5848783,0.3372244,0.44533455,0.29129472,0.39978638,1.0185547,1.0,56.915283,2.3437505,118.99591,117.79647,0.0,101.999985,36.035156,0.0,121.20884,121.523926,487.125,546.375,-0.08884623,210.09375,0.0,204.28125,38.27968,45.995087,67.541504,1.0,54.13,93.6875,-2.9846191,0.0,73.36426,67.82379,2.788086,54.71,53.82,54.44,52.86,0
322669.53,-3.172737,1.5235322,0.6355675,0.6288491,101.657265,19.54886,13.830553,2.4887848,253.42995,89.11119,64.557,0.0,3.956,19.001,36.438,0.0,100.75187,2.0,0.0,447.75,207.375,2506.0,0.0,-10.3359375,0.26434326,133.05775,19053.783,19264.46,1100.0834,503.60788,46.776882,45.39922,0.0,2.2726736,3.0,61.727905,27.324572,10.499987,9.374988,2.724,0.0,-20.851562,0.32995605,0.0,0.0,0.0,0.0,0.0,1.5429688,1.2890625,1.3867188,1.484375,0.64698255,0.5953307,0.57946134,0.54558635,0.30060273,0.3571374,0.254139,0.33257037,0.5673304,0.55664915,0.5865568,0.64820325,0.3102922,0.36568245,0.30472267,0.443122,1.0214844,1.0,57.214355,2.3437505,118.81219,117.72175,0.0,101.999985,36.035156,0.0,121.847305,121.11763,489.0,546.375,-0.07107698,211.90625,0.0,205.53125,35.0119,45.99558,68.55469,1.0,54.34,99.0,-2.9968262,-0.09765625,71.40503,65.94391,2.7734375,54.89,54.05,54.53,53.04,0
322669.56,-3.1581895,1.528163,0.63847643,0.62753505,101.65723,19.54886,13.841543,2.568541,253.4152,89.81715,64.557,0.0,3.956,19.001,36.438,0.0,100.75187,2.0,0.0,447.75,207.375,2526.0,0.0,-10.359375,0.26391602,133.86205,19341.408,19355.736,1100.0834,503.60788,44.742184,46.50135,0.0,2.4431388,3.0,60.64911,27.298882,10.499987,9.374988,2.724,0.0,-20.585938,0.33496094,0.0,0.0,0.0,0.0,0.0,1.5234375,1.2890625,1.3867188,1.484375,0.6429389,0.5933471,0.58136874,0.54459447,0.3010605,0.35759518,0.2576486,0.3339437,0.50766766,0.55664915,0.62348366,0.5261311,0.2776379,0.36568245,0.32394904,0.35965514,1.0078125,1.0,57.321167,2.3437505,119.3619,117.672455,0.0,101.999985,36.035156,0.0,122.817444,120.968376,489.0,546.375,0.0993884,213.0625,0.0,205.21875,35.0119,45.99602,70.67261,1.0,54.64,100.5,-3.0578613,-1.2451172,70.86182,64.24713,2.6953125,55.09,54.44,54.72,53.27,0
322669.62,-3.1865516,1.5487652,0.64125067,0.6270264,101.65719,19.54886,13.837518,2.6187809,255.89272,91.01839,64.557,0.0,3.956,19.001,36.438,0.0,100.75187,2.0,0.0,447.0,207.375,2535.0,0.0,-10.8515625,0.26239014,133.92839,19378.555,19331.324,1100.0834,503.8732,43.767223,45.950283,0.0,2.4232612,3.0,60.12726,27.27576,10.874986,9.374988,2.792,0.0,-20.46875,0.33746338,0.0,0.0,0.0,0.0,0.0,1.5234375,1.2890625,1.3867188,1.484375,0.63607234,0.5953307,0.5819028,0.54459447,0.2998398,0.3607233,0.2602426,0.3339437,0.50766766,0.63920045,0.5939574,0.79316396,0.2776379,0.419852,0.30861372,0.54215306,0.98046875,1.0,57.344055,2.3437505,119.70816,117.472595,0.0,101.999985,36.035156,0.0,123.397865,120.81083,489.75,546.75,0.07951072,214.4375,0.0,205.15625,33.1446,45.99642,71.11206,1.0,54.93,101.25,-3.1463623,-2.0721436,70.477295,62.95929,2.631836,55.4,54.88,54.9,53.51,0
322669.66,-3.2092414,1.594506,0.6428978,0.62651765,101.65799,19.54886,13.846418,2.6799212,260.6965,93.01967,64.557,0.0,3.956,19.001,36.438,0.0,100.75187,2.0,0.0,447.0,207.375,2543.0,0.0,-10.875,0.2619629,134.13568,19432.684,19304.262,1100.0834,503.8732,43.13138,45.653557,0.0,2.4073591,3.0,59.786987,27.254951,10.499987,9.374988,2.808,0.0,-20.429688,0.33966064,0.0,0.0,0.0,0.0,0.0,1.5039062,1.2890625,1.3867188,1.5039062,0.62935835,0.5973144,0.5819028,0.5552758,0.29861906,0.36377507,0.2602426,0.3445487,0.5040818,0.64156556,0.5877012,0.80888075,0.27565423,0.4213779,0.30533302,0.5529107,0.96972656,1.0,57.365417,2.3437505,120.130394,117.512375,0.0,101.999985,36.035156,0.0,124.343124,120.71962,490.125,546.75,0.06360858,214.78125,0.0,205.0,30.810474,45.99678,72.32056,1.0,55.17,101.90625,-3.2745361,-3.4698486,70.22095,61.195374,2.5683594,55.61,54.84,55.25,53.68,0
322669.7,-3.2473931,1.6503024,0.64016294,0.6260938,101.65871,19.54886,13.852649,2.6626134,265.451,94.97685,64.557,0.0,3.956,19.001,36.438,0.0,100.75187,2.0,0.0,447.375,207.375,2550.0,0.0,-11.09375,0.2617798,134.23518,19467.178,19280.38,1100.0834,503.8732,39.740215,45.123688,0.0,2.3946373,3.0,57.936096,27.236223,10.874986,9.374988,2.772,0.0,-20.453125,0.3406372,0.0,0.0,0.0,0.0,0.0,1.5039062,1.2890625,1.3867188,1.5234375,0.6343175,0.59792477,0.5821317,0.566186,0.3041886,0.36568245,0.26253146,0.35515374,0.74525064,0.6109712,0.62165254,0.80888075,0.40756848,0.4013886,0.32303348,0.5529107,0.9736328,1.0,57.26471,2.3437505,120.01181,117.74781,0.0,101.999985,36.035156,0.0,125.32984,120.78596,490.125,547.125,0.050886866,213.78125,0.0,204.9375,28.476347,45.997105,73.6084,1.0,55.41,102.1875,-3.4484863,-4.3914795,70.10498,59.97162,2.5292969,55.71,55.18,55.56,53.93,0
322669.72,-3.2979145,1.672621,0.63927174,0.6253732,101.66019,19.54886,13.845291,2.639925,265.52747,95.11598,64.557,0.0,3.956,19.001,36.438,0.0,100.75187,2.0,0.0,448.125,207.375,2553.0,0.0,-11.1875,0.26123047,134.15227,19319.65,19250.133,1100.0834,503.8732,40.206497,44.975327,0.0,2.38446,3.0,58.163452,27.219368,10.874986,9.374988,2.692,0.0,-20.453125,0.3411255,0.0,0.0,0.0,0.0,0.0,1.5039062,1.2890625,1.3867188,1.5234375,0.632105,0.59792477,0.58381015,0.56557566,0.30518043,0.36568245,0.26558328,0.35637444,0.5908293,0.59960324,0.48722056,0.55481803,0.32310978,0.39383537,0.25314718,0.37926298,0.9785156,1.0,57.273865,2.3437505,119.8569,117.637955,0.0,101.999985,36.035156,0.0,125.76101,120.81083,489.75,547.125,0.04070949,213.46875,0.0,204.78125,27.542696,45.997395,73.76709,1.0,55.59,102.34375,-3.640747,-4.9194336,70.007324,59.15985,2.4975586,56.09,55.4,55.64,54.14,0
322669.78,-3.3383317,1.6815485,0.6347595,0.62465256,101.661514,19.54886,13.846001,2.583096,265.55045,95.720375,64.557,0.0,3.956,19.001,36.438,0.0,100.75187,2.0,0.0,447.75,207.75,2569.0,0.0,-11.6171875,0.26184082,134.28493,19271.36,19206.617,1100.0834,503.8732,40.43964,45.123688,0.0,2.376318,3.0,58.288574,27.204199,10.874986,9.749988,2.708,0.0,-20.429688,0.34405518,0.0,0.0,0.0,0.0,0.0,1.5039062,1.2890625,1.3867188,1.5234375,0.63485163,0.59800106,0.5789273,0.5774777,0.3089952,0.36713207,0.26497293,0.36751354,0.69626915,0.6501869,0.48722056,0.8426032,0.3807126,0.42710003,0.25314718,0.57595176,0.98339844,1.0,57.287598,2.3437505,119.466515,117.902985,0.0,101.999985,36.035156,0.0,126.27509,120.86887,489.75,547.5,0.032567594,212.46875,0.0,204.625,27.07587,45.997658,74.3103,1.0,55.88,103.21875,-3.8452148,-5.429077,69.75708,58.21991,2.4804688,56.21,55.49,56.06,54.4,0
322669.8,-3.3906655,1.6663694,0.63216335,0.6225331,101.66271,19.54886,13.834779,2.5644855,263.3355,95.06977,64.557,0.0,3.956,19.001,36.438,0.0,100.75187,2.0,0.0,447.75,207.75,2573.0,0.0,-12.1875,0.26184082,134.26006,19157.266,19136.568,1100.0834,504.13855,41.26624,44.59382,0.0,2.3698046,3.0,58.718872,27.190546,10.874986,9.749988,2.724,0.0,-20.429688,0.3427124,0.0,0.0,0.0,0.0,0.0,1.5039062,1.3085938,1.3867188,1.5429688,0.63485163,0.60021365,0.58113986,0.5819791,0.3089952,0.37018389,0.26733807,0.37254903,0.48867017,0.6501869,0.6308843,0.68284124,0.26718548,0.42710003,0.31082627,0.46677348,0.98339844,1.0,57.2937,2.3437505,119.33943,117.84398,0.0,101.999985,36.035156,0.0,126.56531,120.87717,490.125,548.25,0.026054075,211.8125,0.0,204.59375,26.609045,45.997894,74.401855,1.0,56.02,102.8125,-4.0618896,-5.69458,69.89746,57.878113,2.4560547,56.45,55.69,56.27,54.71,0
322669.84,-3.4525325,1.6227977,0.6286238,0.62160057,101.66296,19.54886,13.8445015,2.5097108,258.63303,93.88012,64.557,0.0,3.956,19.001,36.438,0.0,100.75187,2.0,0.0,447.75,207.75,2587.0,0.0,-12.3984375,0.26190186,134.29323,19215.107,19099.951,1100.0834,504.13855,39.76141,44.254704,0.0,2.3645937,3.0,57.913208,27.178259,10.874986,9.749988,2.724,0.0,-20.523438,0.34375,0.0,0.0,0.0,0.0,0.0,1.5039062,1.3085938,1.40625,1.5429688,0.627451,0.6018921,0.5864042,0.588159,0.30685893,0.37270162,0.2713817,0.37880522,0.59571224,0.6397345,0.70405126,0.72526133,0.32578012,0.42023346,0.34683758,0.49576563,0.9785156,1.0,57.30896,2.3437505,118.96212,117.83936,0.0,101.999985,36.035156,0.0,126.814064,120.91033,490.125,548.625,0.02084326,210.53125,0.0,204.46875,25.675394,45.998108,74.468994,1.0,56.23,103.125,-4.2785645,-5.633545,69.7876,57.637024,2.434082,56.83,56.0,56.27,54.95,0
322669.88,-3.482026,1.6053691,0.62606025,0.6210071,101.66318,19.54886,13.851307,2.475673,258.68402,94.225296,64.557,0.0,3.956,19.001,36.438,0.0,100.75187,2.0,0.0,447.0,208.125,2596.0,0.0,-12.078125,0.26342773,134.45906,19193.88,19065.988,1100.0834,504.13855,39.3799,43.89439,0.0,2.360425,3.0,57.70874,27.1672,11.249986,10.124987,2.724,0.0,-20.9375,0.3449707,0.0,0.0,0.0,0.0,0.0,1.5039062,1.3085938,1.3867188,1.5429688,0.62584877,0.60036623,0.58144504,0.588159,0.30785078,0.3728542,0.2698558,0.37880522,0.59571224,0.57236594,0.4884413,0.7109941,0.32578012,0.3759823,0.24063477,0.48599985,0.9765625,1.0,57.29828,2.3437505,118.72772,117.89829,0.0,101.999985,36.035156,0.0,126.93844,120.97667,489.75,548.25,0.016674608,209.5625,0.0,204.34375,25.675394,45.9983,74.63379,1.0,56.53,103.5,-4.5043945,-5.557251,69.7876,57.5058,2.4316406,56.99,56.12,56.64,55.18,0
322669.94,-3.465621,1.5983977,0.62351894,0.62787414,101.662544,19.54886,13.844352,2.4442463,258.6437,94.573524,64.557,0.0,3.956,19.001,36.438,0.0,100.75187,2.0,0.0,447.75,208.125,2606.0,0.0,-12.03125,0.27313232,135.39603,19102.074,19093.053,1100.0834,504.40387,40.100525,43.830807,0.0,2.3570902,3.0,58.084106,27.157248,11.249986,10.124987,2.684,0.0,-21.101562,0.34552002,0.0,0.0,0.0,0.0,0.0,1.484375,1.3085938,1.3867188,1.5625,0.6238651,0.5976196,0.58144504,0.59342337,0.30846113,0.3729305,0.2698558,0.38422218,0.586099,0.54558635,0.66514075,0.82902265,0.32051575,0.3729305,0.3276875,0.56672007,0.97753906,1.0,57.2937,2.3437505,118.51047,119.257645,0.0,101.999985,36.42578,0.0,127.21207,122.10435,490.125,548.25,0.013339686,208.5,0.0,206.9375,25.208569,45.99847,75.01221,1.0,56.71,103.65625,-4.714966,-5.3222656,70.53223,58.39691,2.4267578,57.18,56.42,56.91,55.22,0
322669.97,-3.432497,1.6143591,0.62595934,0.63300323,101.66197,19.54886,13.851202,2.501064,261.13495,95.77757,64.557,0.0,3.956,19.001,36.438,0.0,100.75187,2.0,0.0,447.75,208.125,2614.0,0.0,-12.4609375,0.2789917,136.05107,19053.783,19151.957,1100.0834,504.40387,41.09668,43.830807,0.0,2.3544223,3.0,58.639526,27.14829,11.249986,10.124987,2.664,0.0,-21.15625,0.34674072,0.0,0.0,0.0,0.0,0.0,1.484375,1.3085938,1.40625,1.5820312,0.6208896,0.59220266,0.5850309,0.60357064,0.30853742,0.37102312,0.27275503,0.39345387,0.5652705,0.49034867,0.53261614,0.82902265,0.30914778,0.33524072,0.26237887,0.56672007,0.9814453,1.0,57.284546,2.3437505,118.901535,120.00268,0.0,101.999985,36.71875,0.0,127.21207,122.89206,489.75,548.25,0.010671749,209.375,0.0,208.8125,25.675394,45.998623,75.146484,1.0,56.94,104.03125,-4.8797607,-4.2999268,70.892334,59.657288,2.4267578,57.42,56.68,57.1,55.58,0
322670.03,-3.3459976,1.6582437,0.6243171,0.6321131,101.66146,19.54886,13.83256,2.55408,265.8571,97.95716,64.557,0.0,3.956,19.001,36.438,0.0,100.75187,2.0,0.0,447.75,208.125,2626.0,0.0,-12.8515625,0.28564453,137.0378,19053.783,19101.545,1100.0834,504.66922,40.12172,43.322132,0.0,2.3522878,3.0,58.117676,27.06504,11.249986,10.124987,2.66,0.0,-21.1875,0.34051514,0.0,0.0,0.0,0.0,0.0,1.4648438,1.3085938,1.3867188,1.6015625,0.6144045,0.59220266,0.58236057,0.61036086,0.30655375,0.37102312,0.27222094,0.39986268,0.4927138,0.57679105,0.57579917,0.76096743,0.26939803,0.39429313,0.2836652,0.52018005,0.984375,1.0,57.26471,2.3437505,119.26646,120.53871,0.0,101.999985,36.71875,0.0,127.17061,123.80415,490.125,549.0,0.0085374,208.84375,0.0,208.6875,26.14222,45.99876,75.146484,1.0,57.24,102.15625,-4.992676,-2.468872,72.0459,62.590027,2.4316406,57.59,56.91,57.23,55.82,0
322670.06,-3.216798,1.7132976,0.62805295,0.6314773,101.661835,19.54886,13.837089,2.6234884,270.4676,100.073395,64.557,0.0,3.956,19.001,36.438,0.0,100.75187,2.0,0.0,448.5,208.125,2637.0,0.0,-12.90625,0.28759766,137.38605,19053.783,19149.836,1100.0834,504.66922,40.418446,43.25855,0.0,2.3505805,3.0,58.288574,26.990116,11.249986,10.124987,2.628,0.0,-21.125,0.3400879,0.0,0.0,0.0,0.0,0.0,1.4648438,1.3085938,1.3867188,1.6015625,0.60578316,0.59143966,0.5820554,0.616083,0.3041886,0.37216756,0.27283132,0.40535593,0.4442664,0.5117876,0.57579917,0.7440299,0.2603189,0.37483788,0.2836652,0.5085832,0.9873047,1.0,57.25708,2.3437505,119.745255,120.326416,0.0,101.999985,36.71875,0.0,127.2867,123.97828,490.5,549.0,0.0068299198,210.3125,0.0,208.53125,26.609045,45.998886,75.494385,1.0,57.33,102.03125,-5.0689697,-2.255249,72.247314,62.934875,2.487793,57.82,57.1,57.4,55.99,0
322670.12,-3.0534384,1.7728192,0.63097084,0.6307143,101.66217,19.54886,13.840259,2.6619546,275.11005,102.21571,64.557,0.0,3.956,19.001,36.438,0.0,100.75187,2.0,0.0,448.5,208.125,2648.0,0.0,-12.7265625,0.28808594,137.59334,19165.225,19155.672,1100.0834,504.66922,39.76141,43.237354,0.0,2.3492143,3.0,57.946777,26.922684,11.249986,10.124987,2.636,0.0,-20.734375,0.34069824,0.0,0.0,0.0,0.0,0.0,1.4648438,1.2890625,1.3867188,1.6015625,0.6064698,0.587396,0.5752651,0.62264436,0.3072404,0.37232015,0.27100024,0.4133669,0.6210422,0.51415277,0.44846267,0.7689021,0.36392766,0.37659267,0.23674372,0.5631342,0.99316406,1.0,57.30896,2.3437505,120.010735,119.96059,0.0,101.999985,36.71875,0.0,127.33646,123.89536,490.875,548.625,0.005463936,211.46875,0.0,208.375,27.07587,45.999,75.62866,1.0,57.57,102.21875,-5.151367,-2.508545,72.229004,62.599182,2.5390625,57.92,57.59,57.57,56.41,0
322670.16,-2.8627505,1.8341277,0.62968093,0.630036,101.6633,19.54886,13.830759,2.6616316,279.56882,104.38229,64.557,0.0,3.956,19.001,36.438,0.0,100.601494,2.0,0.0,448.875,208.125,2661.0,0.0,-12.6484375,0.28857422,137.84209,19190.697,19150.365,1100.0834,504.66922,39.040787,43.152573,0.0,2.3481216,3.0,57.56073,26.861996,11.624985,10.124987,2.632,0.0,-20.671875,0.34375,0.0,0.0,0.0,0.0,0.0,1.4648438,1.2890625,1.3867188,1.6015625,0.6064698,0.58365756,0.57480735,0.625391,0.3072404,0.37254903,0.27237353,0.41786832,0.4322118,0.51415277,0.5660334,0.6862745,0.25322348,0.37659267,0.29877165,0.5026322,0.9951172,1.0,57.313538,2.3437505,120.009636,120.085815,0.0,101.999985,36.71875,0.0,127.552025,123.82903,491.25,548.625,0.004371149,211.03125,0.0,208.21875,27.07587,45.999104,75.97656,1.0,57.89,103.125,-5.2459717,-2.6428223,71.97266,62.14447,2.553711,58.13,57.7,57.82,56.62,0
322670.2,-2.6302004,1.8961511,0.6286968,0.62956977,101.664314,19.54886,13.835828,2.6916559,284.03723,106.24993,64.557,0.0,3.956,19.001,36.438,0.0,100.48119,2.0,0.0,448.875,208.125,2666.0,0.0,-13.1953125,0.2883911,137.95818,19208.74,19110.035,1100.0834,504.66922,38.850033,42.87704,0.0,2.3472474,3.0,57.470703,26.807373,11.249986,10.124987,2.632,0.0,-20.210938,0.34436035,0.0,0.0,0.0,0.0,0.0,1.4453125,1.3085938,1.3671875,1.6015625,0.5976196,0.5849546,0.572137,0.62829024,0.30449378,0.37644008,0.27252614,0.42236972,0.4445716,0.61371785,0.5229267,0.6920729,0.2604715,0.44953078,0.2760357,0.5069047,0.99902344,1.0,57.34253,2.3437505,120.217606,120.417244,0.0,101.999985,36.71875,0.0,128.00807,123.82074,491.25,549.375,0.0034969193,210.8125,0.0,208.125,26.609045,45.999195,76.28174,1.0,58.02,103.3125,-5.3741455,-3.6132812,71.899414,60.99701,2.5488281,58.31,57.86,58.1,56.91,0
322670.22,-2.3841603,1.9584606,0.6286377,0.6291034,101.66523,19.54886,13.839376,2.732958,288.5541,108.18249,64.557,0.0,3.956,19.001,36.438,0.0,100.38496,2.0,0.0,448.875,208.125,2672.0,0.0,-13.625,0.28863525,138.06596,19176.9,19137.1,1100.0834,504.93454,39.824993,43.110184,0.0,2.346548,3.0,57.992554,26.758213,11.249986,10.124987,2.624,0.0,-20.25,0.34509277,0.0,0.0,0.0,0.0,0.0,1.4257812,1.3085938,1.3671875,1.6015625,0.5898375,0.58365756,0.56900895,0.62829024,0.30228123,0.37811857,0.27237353,0.42236972,0.6176852,0.5596246,0.51110095,0.6976425,0.361944,0.40985733,0.2697795,0.51094836,1.0058594,1.0,57.36084,2.3437505,120.50321,120.63727,0.0,101.999985,36.71875,0.0,128.36462,123.945114,491.25,549.75,0.0027975354,210.625,0.0,208.0,26.609045,45.999275,77.02026,1.0,58.25,103.53125,-5.5267334,-4.119873,71.850586,60.295105,2.5463867,58.55,58.26,58.16,57.47,0
322670.28,-2.1073282,2.0021343,0.6292481,0.6355467,101.66522,19.54886,13.847719,2.7430048,290.7435,109.65603,64.557,0.0,3.956,19.001,36.438,0.0,100.30797,2.0,0.0,448.875,208.125,2688.0,0.0,-13.421875,0.29351807,138.79564,19243.234,19142.406,1100.0834,504.93454,38.807644,43.21616,0.0,2.3459885,3.0,57.447815,26.71397,11.624985,10.124987,2.608,0.0,-20.460938,0.35040283,0.0,0.0,0.0,0.0,0.0,1.4257812,1.3085938,1.3671875,1.6015625,0.5910582,0.584268,0.5639734,0.63126576,0.30533302,0.38117036,0.27115282,0.42687115,0.6176852,0.5978485,0.47051194,0.7592889,0.361944,0.43785763,0.24834058,0.55611503,1.0097656,1.0,57.38678,2.3437505,120.57246,121.556984,0.0,101.999985,37.109375,0.0,128.57191,124.72454,491.25,549.375,0.0022380284,210.9375,0.0,210.53125,26.609045,45.999348,77.34985,1.0,58.55,105.125,-5.670166,-3.7872314,71.746826,60.44159,2.5390625,58.73,58.52,58.48,57.82,0
322670.3,-1.8058625,2.0196037,0.6293048,0.64220184,101.665215,19.54886,13.841841,2.8426514,290.78412,110.283356,64.557,0.0,3.956,19.001,36.438,0.0,100.246376,2.0,0.0,448.875,208.125,2703.0,0.0,-13.6015625,0.3059082,140.77737,19193.88,19160.979,1100.0834,504.93454,40.07933,43.724834,0.0,2.345541,3.0,58.140564,26.674152,11.624985,10.124987,2.624,0.0,-21.0625,0.34466553,0.0,0.0,0.0,0.0,0.0,1.4257812,1.3085938,1.3671875,1.6015625,0.58899826,0.5875486,0.5639734,0.636759,0.30624858,0.38643473,0.27115282,0.43343252,0.55123216,0.661326,0.65270466,0.70626384,0.3229572,0.48439765,0.32478827,0.5172808,1.0107422,1.0,57.46765,2.3437505,121.2593,123.42644,0.0,101.999985,37.5,0.0,128.83727,127.535446,491.625,549.75,0.0017904228,211.03125,0.0,213.0,27.07587,45.999413,77.83203,1.0,58.76,103.40625,-5.786133,-2.3010254,73.309326,63.471985,2.5317383,58.94,58.76,58.68,58.1,0
322670.34,-1.5246902,2.0078416,0.63288677,0.64131165,101.664375,19.54886,13.831866,2.935559,288.70605,109.98133,64.557,0.0,3.956,19.001,36.438,0.0,100.197105,2.0,0.0,448.5,208.125,2715.0,0.0,-13.703125,0.31030273,141.60655,19196.004,19251.193,1100.0834,505.1999,41.075485,44.318287,0.0,2.345183,3.0,58.685303,26.638317,11.624985,10.124987,2.648,0.0,-21.164062,0.3411255,0.0,0.0,0.0,0.0,0.0,1.4257812,1.3085938,1.3671875,1.6015625,0.59159225,0.58258945,0.5677882,0.6397345,0.30998704,0.38498512,0.27389944,0.43770504,0.6488899,0.48935685,0.72510874,0.70626384,0.38017854,0.35843444,0.36079958,0.5172808,1.0097656,1.0,57.52411,2.3437505,121.898865,123.316414,0.0,101.999985,37.5,0.0,128.92847,127.61836,492.0,549.75,0.0014323383,212.40625,0.0,212.8125,28.009521,45.999474,78.21655,1.0,59.02,102.34375,-5.810547,-0.72631836,73.98682,65.73639,2.5585938,59.2,59.12,58.76,58.35,0
322670.38,-1.2797521,2.0031366,0.63482565,0.6403791,101.66362,19.54886,13.836603,3.0233932,288.7682,110.53173,64.557,0.0,3.956,19.001,36.438,0.0,100.157684,2.0,0.0,448.125,208.125,2728.0,0.0,-14.1875,0.31170654,142.0543,19190.697,19276.666,1100.0834,505.1999,41.351017,44.55143,0.0,2.3448963,3.0,58.833313,26.606064,11.624985,10.124987,2.668,0.0,-21.078125,0.34197998,0.0,0.0,0.0,0.0,0.0,1.4257812,1.2890625,1.3867188,1.5820312,0.5864805,0.57595176,0.57457846,0.6366064,0.3088426,0.3822385,0.27832457,0.4369421,0.4914168,0.45235372,0.741207,0.57785916,0.28793773,0.33127338,0.36881056,0.42320898,1.0058594,1.0,57.57141,2.3437505,122.50354,123.421425,0.0,101.999985,37.5,0.0,129.16063,127.692986,492.0,550.125,0.0011458707,212.96875,0.0,212.625,28.943172,45.999527,78.59497,1.0,59.36,102.59375,-5.8410645,-0.78430176,74.02954,65.71503,2.6123047,59.4,59.38,58.97,58.65,0
322670.44,-1.0238017,2.0200047,0.6387413,0.641566,101.66294,19.54886,13.822341,3.099323,290.9571,111.77782,64.557,0.0,3.956,19.001,36.438,0.0,100.12615,2.0,0.0,447.75,208.125,2738.0,0.0,-14.1953125,0.31329346,142.39426,19264.46,19297.893,1100.0834,505.4652,41.05429,44.82696,0.0,2.3446672,3.0,58.67462,26.577038,11.249986,10.124987,2.688,0.0,-20.5625,0.34454346,0.0,0.0,0.0,0.0,0.0,1.40625,1.2890625,1.3867188,1.5820312,0.5806821,0.57595176,0.5817502,0.6351568,0.3071641,0.3822385,0.28290227,0.43732357,0.47188526,0.6552224,0.6033417,0.6076143,0.2764935,0.47989625,0.30022126,0.44502938,1.0107422,1.0,57.633972,2.3437505,123.02624,123.523315,0.0,101.999985,37.597656,0.0,129.35963,127.717865,492.375,550.125,9.1669656E-4,214.625,0.0,213.125,29.409998,45.999577,78.930664,1.0,59.52,103.375,-5.8807373,-0.8605957,73.92578,65.52582,2.631836,59.58,59.58,59.2,58.92,0
322670.47,-0.8190414,2.026752,0.642032,0.6554698,101.66316,19.54886,13.829935,3.1759458,291.0884,112.236694,64.557,0.0,3.956,19.001,36.438,0.0,100.10092,2.0,0.0,447.75,208.125,2748.0,0.0,-14.3046875,0.32336426,144.1604,19255.969,19309.568,1100.0834,505.4652,42.11403,45.03891,0.0,2.3444839,3.0,59.24225,26.55091,11.249986,10.124987,2.708,0.0,-20.179688,0.34851074,0.0,0.0,0.0,0.0,0.0,1.4257812,1.2890625,1.3867188,1.5820312,0.58571756,0.57938504,0.58266574,0.641413,0.3122759,0.38719767,0.2838178,0.4441901,0.6973373,0.75417715,0.6033417,0.7814908,0.4085603,0.55237657,0.30022126,0.57236594,1.0097656,1.0,57.696533,2.3437505,123.55461,125.777725,0.0,101.999985,38.378906,0.0,129.8903,130.81068,492.75,550.5,7.333573E-4,215.875,0.0,218.28125,29.409998,45.99962,79.76074,1.0,59.74,104.5625,-5.935669,-1.4007568,74.40796,65.51666,2.6367188,59.85,59.91,59.35,59.33,0
322670.5,-0.6352331,2.0482008,0.6514621,0.7323644,101.66336,19.54886,13.805954,3.4097579,293.2114,113.5901,64.557,0.0,3.956,19.001,36.438,0.0,100.08074,2.0,0.0,447.75,207.75,2761.0,0.0,-14.3515625,0.3908081,155.41231,19259.154,19496.895,1100.0834,505.4652,44.890545,46.798077,0.0,2.3443372,3.0,60.74066,26.527397,11.249986,9.749988,2.724,0.0,-20.039062,0.34716797,0.0,0.0,0.0,0.0,0.0,1.40625,1.3085938,1.3867188,1.5625,0.5864042,0.58686197,0.58236057,0.63721675,0.31433585,0.39559016,0.2839704,0.44243535,0.602121,0.72442204,0.57694364,0.5583276,0.3527886,0.5305562,0.2870985,0.40894178,1.0048828,1.0,57.83081,2.3437505,125.16645,138.54022,0.0,101.999985,43.554688,0.0,129.94005,146.54843,493.125,550.5,5.8668584E-4,217.75,0.0,252.375,35.478725,45.999657,80.78613,1.0,60.07,104.15625,-5.819702,16.012573,79.42505,88.679504,2.6855469,60.08,60.12,59.66,59.53,0
322670.53,-0.46818653,2.0567803,0.6720036,0.8744542,101.664375,19.54886,13.800886,3.9039133,293.2453,114.34386,64.557,0.0,3.956,19.001,36.438,0.0,100.0646,2.0,0.0,445.875,207.375,2779.0,0.0,-14.3515625,0.4840088,175.43689,19413.58,19691.652,1100.0834,505.73056,49.044724,48.112152,0.0,2.34422,3.0,62.965393,26.506237,9.749988,9.374988,2.884,0.0,-19.226562,0.31433105,0.0,0.0,0.0,0.0,0.0,1.40625,1.328125,1.40625,1.5234375,0.5864042,0.5927367,0.5841917,0.6341649,0.31433585,0.4024567,0.2853437,0.4413672,0.55573356,0.63607234,0.6243992,0.5764096,0.32562754,0.48401618,0.31067368,0.42214084,1.0048828,1.0,58.111572,2.3437505,128.57362,162.0395,0.0,101.999985,52.441406,0.0,129.74106,175.51982,494.25,550.5,4.6934868E-4,224.90625,0.0,309.46875,65.82237,45.99969,80.83496,1.0,60.27,94.3125,-5.6884766,72.6593,86.242676,99.998474,3.0029297,60.36,60.31,59.91,59.83,0
322670.6,-0.35454923,2.0414622,0.6863634,1.1869924,101.66528,19.54886,13.809057,4.112987,291.1325,114.37786,64.557,0.0,3.956,19.001,36.438,0.0,100.05168,2.0,0.0,445.5,207.375,2800.0,0.0,-12.265625,0.6425171,220.23723,19813.707,19826.973,1100.0834,505.73056,46.289402,49.065918,0.0,2.344126,3.0,61.47766,26.48719,9.749988,9.374988,2.912,0.0,-17.703125,0.0,0.0,0.0,0.0,0.0,0.0,1.3867188,1.328125,1.3867188,1.5429688,0.5848783,0.5945678,0.58571756,0.63942933,0.3149462,0.40657663,0.28648815,0.44708934,0.5146105,0.63607234,0.6189059,0.757229,0.30151826,0.48401618,0.30792707,0.55458915,1.0,1.0,58.216858,2.3437505,130.01566,213.54736,0.0,101.999985,75.68359,0.0,130.9102,239.02635,495.0,548.25,3.7547896E-4,229.09375,0.0,439.875,75.62571,45.99972,82.57446,1.0,60.59,0.0,-4.772949,72.369385,99.998474,99.998474,3.2836914,60.74,60.7,60.08,60.1,0
322670.62,-0.2836394,2.0353348,0.7183736,1.2748235,101.66527,19.54886,13.803059,4.420324,291.15106,114.875374,64.557,0.0,3.956,19.001,36.438,0.0,100.04134,2.0,0.0,445.5,206.25,2812.0,0.0,-8.0,0.71588135,244.61499,20276.453,20000.502,1100.0834,505.9959,45.335636,51.65168,0.0,2.344051,3.0,60.94513,26.47005,8.999989,8.2499895,2.912,0.0,-13.4375,0.0,0.0,0.0,0.0,0.0,0.0,1.3671875,1.328125,1.3671875,1.5429688,0.58129245,0.59388113,0.5828183,0.64271003,0.31425956,0.40840772,0.2852674,0.4509804,0.57244223,0.58144504,0.5282673,0.7159533,0.3353933,0.44243535,0.26283666,0.5243763,0.9970703,1.0,58.57086,2.3437505,132.13408,223.6479,0.0,101.999985,99.90234,0.0,132.85046,252.02782,495.0,544.125,3.0038317E-4,239.9375,0.0,439.5,77.95983,45.999752,85.772705,1.0,61.0,0.0,-3.552246,71.76514,99.998474,99.998474,3.5424805,61.01,61.03,60.47,60.27,0
322670.66,-0.22691153,2.070384,0.7449173,1.2804614,101.66526,19.54886,13.804719,5.0907903,295.37512,117.24656,64.557,0.0,3.956,19.001,36.438,2.0,100.03307,2.0,0.0,445.5,205.875,2829.0,0.0,-5.984375,0.7270508,248.94328,20397.977,20000.502,1100.0834,505.9959,45.505196,54.428196,0.0,2.3439908,3.0,61.001587,26.454624,8.2499895,7.87499,2.968,0.0,0.015625,0.0,0.0,0.0,0.0,0.0,0.0,1.3476562,1.328125,1.3867188,1.5625,0.5808347,0.59929806,0.58457315,0.6517891,0.31532767,0.41664758,0.28747997,0.46105134,0.7396048,0.7206073,0.62294954,0.8537423,0.43335623,0.5705348,0.3288319,0.64965284,0.99902344,1.0,58.857727,2.3437505,136.75552,226.67857,0.0,101.999985,99.90234,0.0,136.9383,254.30804,496.125,541.875,2.4030653E-4,244.90625,0.0,439.78125,78.893486,45.99978,88.80005,1.0,61.24,0.0,-2.331543,71.04797,99.998474,99.998474,3.6328125,61.31,61.42,60.7,60.54,0
322670.7,-0.18152922,2.1031537,0.7595656,1.286608,101.66525,19.54886,13.788303,5.5708165,297.52704,118.5182,64.557,0.0,3.956,19.001,36.438,2.0,100.02646,2.0,0.0,446.625,205.125,2839.0,0.0,-6.3046875,0.73706055,253.17207,20042.426,20000.502,1100.0834,505.9959,50.3588,55.933025,0.0,2.3439426,3.0,63.601685,26.440739,5.624993,7.124991,2.976,0.0,3.328125,0.0,0.0,0.0,0.0,0.0,0.0,1.3476562,1.3085938,1.3671875,1.5625,0.5876249,0.5973144,0.5886168,0.6517891,0.32135502,0.4180209,0.2899977,0.46105134,0.6634623,0.56054014,0.67803466,0.94605935,0.38872358,0.44388494,0.33737698,0.71992064,0.9980469,1.0,59.095764,2.3437505,140.06429,229.63696,0.0,101.999985,99.90234,0.0,140.80225,259.14215,497.625,542.25,1.9224522E-4,253.90625,0.0,439.5,78.893486,45.9998,94.63501,1.0,61.54,0.0,-1.1108398,68.79578,99.998474,99.998474,3.6523438,61.75,61.75,60.83,60.95,0
322670.75,-0.16522337,2.1350117,0.7916352,1.3030976,101.66441,19.54886,13.770953,6.4108777,299.61334,120.10598,64.557,0.0,3.956,19.001,36.438,2.0,100.02117,2.0,0.0,458.625,203.625,2857.0,0.0,-7.1171875,0.74938965,258.20517,19840.24,20000.502,1100.0834,506.26123,55.42435,57.94653,0.0,2.3439043,3.0,66.28113,26.428242,2.9999962,5.624993,2.292,0.0,2.7265625,0.0,0.0,0.0,0.0,0.0,0.0,1.328125,1.328125,1.3867188,1.5625,0.5909056,0.6130312,0.6019684,0.6644541,0.32478827,0.4354925,0.2980087,0.4741741,0.6634623,0.9624628,0.89898527,0.89570457,0.38872358,0.76211184,0.44731823,0.6815442,0.984375,1.0,59.362793,2.3437505,145.8539,233.10895,0.0,101.999985,99.90234,0.0,146.56502,262.9895,497.625,543.0,1.5379618E-4,263.96875,0.0,439.375,78.893486,45.999825,100.653076,1.0,61.9,0.0,0.0,67.3645,99.998474,99.998474,3.6523438,62.03,62.0,61.37,61.11,0
322670.78,-0.1521787,2.2040048,0.8304998,1.3308626,101.66366,19.54886,13.770527,7.3583846,305.81866,123.23715,64.557,0.0,3.956,19.001,36.438,2.0,100.01694,2.0,0.0,456.375,201.75,2872.0,0.0,-6.9453125,0.7662964,265.15366,19993.074,20000.502,1100.0834,506.26123,55.487934,59.57853,0.0,2.1876235,3.0,66.3147,26.416996,1.1249986,3.7499952,2.476,0.0,2.0390625,0.0,0.0,0.0,0.0,0.0,0.0,1.328125,1.328125,1.40625,1.5625,0.60471505,0.62027925,0.61501485,0.6743725,0.3368429,0.4448768,0.3057908,0.48470283,0.9130236,0.7825589,0.9060807,0.86213475,0.5616846,0.6196689,0.4509041,0.65606165,0.97558594,1.0,59.62372,2.3437505,152.3842,237.73172,0.0,101.999985,99.90234,0.0,152.55165,268.53668,499.125,543.0,-0.15612695,270.125,0.0,439.875,79.36031,45.999844,106.20117,1.0,62.19,0.0,0.0,66.659546,99.998474,99.998474,3.6499023,62.32,62.39,61.84,61.54,0
322670.8,-0.121742964,2.269102,0.868338,1.3435794,101.662155,19.54886,13.75851,8.246792,309.86523,125.43303,64.557,0.0,3.956,19.001,36.438,2.0,100.01355,2.0,0.0,453.75,200.625,2885.0,0.0,-6.796875,0.7750244,269.0176,19897.553,20000.502,1100.0834,507.85324,59.53614,62.397434,0.0,2.062599,3.0,68.4494,26.406876,-0.37499952,2.6249967,2.64,0.0,1.0859375,0.0,0.0,0.0,0.0,0.0,0.0,1.3085938,1.328125,1.3867188,1.6015625,0.60906386,0.63126576,0.62020296,0.6824598,0.3418021,0.45616847,0.30777448,0.49340048,0.706569,0.87586784,0.7362478,0.8638895,0.43465325,0.6665141,0.3450828,0.65735865,0.96972656,1.0,59.976196,2.3437505,158.5064,239.23866,0.0,101.999985,99.90234,0.0,158.77048,269.05908,499.875,543.0,-0.28115153,279.375,0.0,439.875,79.36031,45.99986,111.24878,1.0,62.56,0.0,0.0,66.19568,99.998474,99.998474,3.6523438,62.81,62.79,61.82,62.07,0
322670.84,-0.077394366,2.3513908,0.91362673,1.3513368,101.6608,19.54886,13.761816,9.348575,315.8704,128.75032,64.557,0.0,3.956,19.001,36.438,2.0,100.01084,2.0,0.0,451.5,199.5,2905.0,0.0,-6.1640625,0.7785034,271.95288,19947.967,20000.502,1100.0834,507.85324,61.67681,65.06798,0.0,1.9625793,3.0,69.59534,26.397766,-2.2499971,1.4999981,2.82,0.0,1.359375,0.0,0.0,0.0,0.0,0.0,0.0,1.2695312,1.3476562,1.3867188,1.6210938,0.60936904,0.63706416,0.6223392,0.6902419,0.34279394,0.46379796,0.30807966,0.5017166,0.61577785,0.76661325,0.66987103,0.76089114,0.36079958,0.60700387,0.31395438,0.5790036,0.9746094,1.0,60.35309,2.3437505,166.0995,240.23874,0.0,101.999985,99.90234,0.0,165.97601,269.341,500.625,542.25,-0.38117123,285.84375,0.0,440.0,79.36031,45.999874,116.711426,1.0,62.98,0.0,0.0,64.364624,99.998474,99.998474,3.647461,63.11,63.11,62.45,62.32,0
322670.9,-0.021915495,2.4405563,0.9571179,1.3679111,101.65958,19.54886,13.758271,10.454355,321.71054,131.85303,64.557,0.0,3.956,19.001,36.438,2.0,100.008675,2.0,0.0,448.875,198.375,2921.0,0.0,-6.1640625,0.7844238,275.48517,19970.254,20000.502,1100.0834,507.85324,64.87722,68.54392,0.0,1.8825636,3.0,71.276855,26.389568,-2.9999962,0.37499952,3.016,0.0,2.0078125,0.031677246,0.0,0.0,0.0,0.0,0.0,1.2695312,1.3867188,1.4257812,1.6210938,0.6050965,0.6491951,0.62806135,0.69329363,0.34096286,0.4772259,0.3104448,0.50560766,0.52460515,0.91920346,0.755169,0.7517357,0.30739298,0.7278553,0.3540093,0.5719844,0.9785156,1.0,60.81543,2.3437505,173.7203,243.3882,0.0,101.999985,99.90234,0.0,173.52151,269.5317,501.75,542.25,-0.46118695,297.46875,0.0,439.59375,79.36031,45.99989,120.581055,1.0,63.28,9.5,0.0,63.528442,99.468994,99.998474,3.647461,63.42,63.54,62.66,62.74,0
322670.94,0.022467602,2.5324726,0.9845685,1.3749477,101.6593,19.54886,13.74993,11.224886,327.35443,135.13074,64.557,0.0,3.956,19.001,36.438,2.0,100.00694,2.0,0.0,445.125,198.0,2942.0,0.0,-6.4140625,0.78637695,277.6742,20051.447,20000.502,1100.0834,508.3839,66.40325,71.19327,0.0,1.818551,3.0,72.0932,26.38219,-4.874994,0.0,3.188,0.0,2.4921875,0.082092285,0.0,0.0,0.0,0.0,0.0,1.2890625,1.3867188,1.4257812,1.640625,0.62142366,0.6552987,0.62806135,0.6958114,0.3529412,0.4848554,0.3104448,0.50896466,0.98512244,0.79201955,0.9576562,0.9228656,0.5771725,0.6271458,0.44884413,0.7022202,0.9814453,1.0,61.434937,2.3437505,179.03122,245.73587,0.0,101.999985,99.90234,0.0,179.62425,269.65607,501.75,542.625,-0.52519953,312.0625,0.0,439.59375,79.36031,45.9999,125.90332,1.0,63.81,24.625,0.0,61.932373,98.63281,99.998474,3.6499023,63.97,63.92,62.87,63.08,0
322670.97,0.05797408,2.6254892,1.0304142,1.3819844,101.65906,19.54886,13.755811,12.437634,332.9956,138.44058,64.557,0.0,3.956,19.001,36.438,2.0,100.005554,2.0,0.0,442.5,196.875,2963.0,0.0,-6.53125,0.7897339,280.6758,20023.852,20000.502,1100.0834,508.3839,70.599815,75.09311,0.0,1.7673409,3.0,74.30725,26.37555,-5.9999924,-1.1249986,3.344,0.0,3.15625,0.17028809,0.0,0.0,0.0,0.0,0.0,1.328125,1.40625,1.4648438,1.640625,0.63912416,0.6602579,0.6422522,0.7055772,0.36575875,0.4911879,0.31746396,0.51880676,1.0332646,0.7701991,0.7692073,0.8484016,0.6054017,0.6098268,0.3605707,0.6456092,0.984375,1.0,62.261963,2.3437505,187.39032,247.70886,0.0,101.999985,99.90234,0.0,187.95746,269.73898,502.125,542.625,-0.57640964,325.75,0.0,439.59375,79.82713,45.999912,131.23169,1.0,64.05,51.09375,0.0,61.09619,96.74072,99.998474,3.6547852,64.31,64.29,63.29,63.44,0
322671.0,0.12637927,2.7376957,1.0808899,1.3755835,101.65884,19.54886,13.754067,13.704155,340.37918,142.13112,64.557,0.0,3.956,19.001,36.438,2.0,100.00445,2.0,0.0,438.75,196.125,2976.0,0.0,-6.5703125,0.7915039,282.83167,19911.88,20000.502,1100.0834,508.64926,75.62298,78.717415,0.0,1.5701227,3.0,76.963806,26.369572,-6.7499914,-1.8749976,3.532,0.0,3.6484375,0.26800537,0.0,0.0,0.0,0.0,0.0,1.328125,1.4257812,1.5039062,1.6601562,0.6455329,0.66704816,0.6477455,0.71168077,0.37064165,0.4991989,0.31967652,0.5252155,0.7883574,0.81887543,0.9709316,0.7987335,0.4619669,0.64843214,0.45510033,0.5849546,0.98535156,1.0,62.991333,2.3437505,196.12009,246.57614,0.0,101.999985,99.90234,0.0,196.67207,269.79703,502.125,542.625,-0.7736277,343.90625,0.0,440.375,79.82713,45.999924,136.2976,1.0,64.56,80.40625,0.0,60.180664,93.10303,99.998474,3.6523438,64.73,64.85,63.69,63.89,0
322671.06,0.20110342,2.8388286,1.1338137,1.3960577,101.657814,19.54886,13.752847,15.048825,345.8466,145.6758,64.557,0.0,3.956,19.001,36.438,2.0,100.00356,2.0,0.0,436.125,195.375,3002.0,0.0,-6.5546875,0.7969971,286.98584,20023.852,20000.502,1100.0834,508.64926,78.7598,83.634605,0.0,1.4123484,3.0,78.6438,26.364193,-7.124991,-2.6249967,3.7,0.0,4.078125,0.33673096,0.0,0.0,0.0,0.0,0.0,1.328125,1.4453125,1.5429688,1.640625,0.6509499,0.6758984,0.66163117,0.71541923,0.37476158,0.50896466,0.32654306,0.5282673,0.77172506,0.8729686,0.848249,0.7486839,0.45220113,0.6912337,0.39757383,0.5483329,0.9863281,0.99121094,63.970947,2.3437505,205.38773,250.55267,0.0,101.999985,99.90234,0.0,205.93396,269.8385,502.875,542.625,-0.9314021,352.0,0.0,439.375,79.82713,45.99993,141.29639,1.0,65.13,101.03125,0.0,58.981323,90.74097,99.998474,3.6523438,65.24,65.24,64.26,64.29,0
322671.1,0.26088274,2.9355316,1.184742,1.4083084,101.65689,19.54886,13.751992,16.427246,351.11725,149.12753,64.557,0.0,3.956,19.001,36.438,2.0,100.00285,2.0,0.0,433.125,194.625,3027.0,0.0,-6.5234375,0.803772,291.3556,20065.244,20000.502,1100.0834,508.64926,82.78681,88.19148,0.0,1.2861289,3.0,80.76782,26.359352,-7.4999905,-3.3749957,3.888,0.0,4.8046875,0.41485596,0.0,0.0,0.0,0.0,0.0,1.3476562,1.4453125,1.5625,1.640625,0.66536963,0.6798657,0.66964215,0.7168689,0.3850614,0.5140002,0.33012894,0.52925915,0.9866484,0.7679103,1.1427481,1.041886,0.57808805,0.60807204,0.5686275,0.76310366,0.9863281,0.98046875,64.94293,2.3437505,214.8881,253.44312,0.0,101.999985,99.90234,0.0,215.41972,270.0292,504.0,542.625,-1.0576216,364.75,0.0,439.6875,79.82713,45.99994,146.38062,1.0,65.6,124.46875,0.0,58.050537,88.03711,99.998474,3.647461,65.84,65.97,64.82,64.58,0
322671.12,0.24870619,3.0117128,1.2469909,1.4289519,101.65688,19.54886,13.745535,17.911802,354.57498,152.38713,64.557,0.0,3.956,19.001,36.438,2.0,100.00228,2.0,0.0,430.5,194.25,3063.0,0.0,-6.5390625,0.81726074,297.55783,20195.791,20000.502,1100.0834,508.91458,86.347534,94.57111,0.0,1.1851532,3.0,82.14722,26.354996,-7.4999905,-3.7499952,4.056,0.0,4.8125,0.4729004,0.0,0.0,0.0,0.0,0.0,1.3476562,1.6210938,1.6015625,1.6796875,0.6686503,0.69527733,0.6899367,0.73083085,0.38757914,0.52018005,0.34225985,0.54116124,0.7409781,0.80300605,0.91355765,0.9373617,0.43411916,0.63584346,0.45456627,0.6865034,0.9814453,0.96777344,66.18042,2.3437505,225.12099,256.31738,0.0,101.999985,99.90234,0.0,225.65175,270.7257,505.125,542.625,-1.1585972,379.90625,0.0,439.5,79.82713,45.999947,152.05688,0.0,66.14,141.875,0.0,56.466675,84.96704,99.998474,3.647461,66.51,66.46,65.0,65.26,0
322671.16,0.21896495,3.117185,1.3237048,1.4339964,101.65688,19.54886,13.729296,19.779226,361.4878,156.77827,64.557,0.0,3.956,19.001,36.438,2.0,100.00182,2.0,0.0,424.875,193.875,3091.0,0.0,-6.7109375,0.8267822,303.38693,20129.457,20000.502,1100.0834,508.91458,94.2108,100.82357,0.0,1.1043727,3.0,85.78644,26.351074,-7.4999905,-4.1249948,4.336,0.0,5.1640625,0.5477905,0.0,0.0,0.0,0.0,0.0,1.4648438,1.6210938,1.875,1.8945312,0.6610208,0.6989395,0.7643244,0.7566186,0.38597697,0.5229267,0.35782406,0.5485618,0.60791945,0.724651,1.0895704,1.2460517,0.35622185,0.57373923,0.54215306,0.9125658,0.9716797,0.953125,67.67883,2.3437505,237.99294,256.92438,0.0,101.999985,99.90234,0.0,237.9816,271.51343,505.5,542.625,-1.2393777,405.84375,0.0,439.5,79.82713,45.999954,158.06274,0.0,66.84,164.34375,0.0,54.534912,80.0293,99.998474,3.6425781,66.95,66.89,65.53,65.69,0
322671.22,0.19517195,3.2531242,1.2873785,1.5979592,101.65606,19.54886,13.729648,21.642307,369.9637,161.59633,64.557,0.0,3.956,19.001,36.438,2.0,99.85108,2.0,0.0,417.0,193.5,3113.0,0.0,-6.8046875,0.8432007,310.79974,20095.492,20000.502,1100.0834,508.91458,95.65205,101.9257,0.0,0.8834983,3.0,86.416626,26.347546,-6.7499914,-5.2499933,4.72,0.0,5.3125,0.61260986,0.0,0.0,0.0,0.0,0.0,1.5234375,1.7382812,1.953125,1.9921875,0.69520104,0.75852597,0.8162051,0.81780726,0.39414054,0.54367894,0.36942092,0.56702524,0.9341573,1.1758603,1.1792172,1.16701,0.5473411,0.9311055,0.5867857,0.8547341,0.95410156,0.91308594,68.48602,2.3437505,250.83414,310.64362,0.0,101.999985,99.90234,0.0,250.00464,272.10214,505.5,543.0,-1.4602522,430.46875,0.0,440.0,79.82713,45.99996,161.75537,0.0,67.23,183.78125,0.0,47.076416,75.06714,99.998474,3.6425781,67.44,67.47,66.11,66.08,0
322671.25,0.19613758,3.4199998,1.353479,1.5928725,101.65531,19.54886,13.735753,23.460918,380.1039,164.79881,64.557,0.0,3.956,19.001,36.438,2.0,99.73049,2.0,0.0,413.25,190.5,3090.0,0.0,-6.3359375,0.8483887,311.6538,20054.63,20000.502,1100.0834,508.91458,101.03552,106.84289,0.0,0.8630487,3.0,89.40735,26.344368,-7.124991,-7.4999905,4.888,0.0,5.265625,0.5848999,0.0,0.0,0.0,0.0,0.0,1.6015625,1.7382812,2.0703125,2.0703125,0.7369345,0.7549401,0.85435265,0.8614481,0.40474555,0.54543376,0.3790341,0.5815976,1.029221,0.7301442,1.1215382,0.9958038,0.6030365,0.57808805,0.55809873,0.72938126,0.93652344,0.921875,69.06891,2.3437505,263.36887,309.53732,0.0,101.999985,99.90234,0.0,262.81537,272.26797,505.5,542.25,-1.4807018,395.875,0.0,440.0,79.82713,45.999966,167.03491,0.0,67.8,175.46875,0.0,30.090332,75.79346,99.998474,3.6425781,67.97,68.0,66.62,67.14,0
322671.28,0.23691006,3.5805001,1.4017192,1.5980017,101.65464,19.54886,13.734168,24.768446,388.1909,169.99352,64.557,0.0,3.956,19.001,36.438,2.0,99.63402,2.0,0.0,408.75,190.125,3121.0,0.0,-6.40625,0.87109375,318.92566,19993.074,20000.502,1100.0834,508.91458,103.133804,109.216705,0.0,0.690439,3.0,90.38544,26.34151,-7.4999905,-7.87499,5.164,0.0,5.2890625,0.5950928,0.0,0.0,0.0,0.0,0.0,1.6015625,1.71875,2.03125,2.109375,0.73525596,0.75074387,0.8507668,0.878233,0.4057374,0.54673076,0.3806363,0.58907455,0.7235828,0.72159916,0.82558936,0.9395743,0.42397192,0.57137406,0.41077286,0.6881819,0.90625,0.9404297,70.433044,2.3437505,272.38083,310.0364,0.0,101.999985,99.90234,0.0,272.89816,272.49185,505.5,542.625,-1.6533115,406.125,0.0,440.0,79.82713,45.99997,172.47314,0.0,68.06,178.53125,0.04272461,1.4984131,73.809814,73.6496,3.4594727,68.45,68.45,67.31,67.52,0
322671.3,0.26952803,3.6447,1.4517738,1.598468,101.653206,19.54886,13.738917,25.909147,388.0101,173.61642,64.557,0.0,3.956,19.001,36.438,2.0,99.55684,2.0,0.0,399.375,190.5,3189.0,0.0,-6.4765625,0.8956909,328.6519,20066.836,20000.502,1100.0834,508.91458,104.51147,111.10304,0.0,0.55235124,3.0,89.96582,26.33894,-7.124991,-7.4999905,5.62,0.0,5.5234375,0.62176514,0.0,0.0,0.0,0.0,0.0,1.5820312,1.7382812,2.0117188,2.1289062,0.7271687,0.75600827,0.85893035,0.8859388,0.40505072,0.5508507,0.38445106,0.59411,0.7615778,0.7929351,0.9161517,0.80102235,0.46845198,0.6278325,0.45586327,0.5867094,0.90234375,0.93359375,70.80231,2.3437505,280.24213,308.22455,0.0,101.999985,99.90234,0.0,280.76703,274.21655,505.5,542.625,-1.7913992,421.0,0.0,439.875,79.82713,45.999973,176.2207,0.0,68.69,186.53125,-0.29907227,-8.255005,71.68579,61.5036,2.8588867,69.04,69.06,67.73,68.0,0
322671.4,0.31562242,3.6328802,1.4570905,1.5988919,101.65192,19.54886,13.753961,25.845959,384.8472,175.81906,64.557,0.0,3.956,19.001,36.438,2.0,99.495094,2.0,0.0,396.75,190.5,3256.0,0.0,-6.546875,0.91156006,337.51578,19926.74,20000.502,1100.0834,508.91458,106.86408,111.23021,0.0,0.44188106,3.0,90.08179,26.336624,-7.124991,-7.4999905,5.652,0.0,5.6640625,0.66308594,0.0,0.0,0.0,0.0,0.0,1.5820312,1.71875,1.9726562,2.0898438,0.7314412,0.74982834,0.84924084,0.89456016,0.40825513,0.55130845,0.38467994,0.6018921,1.0020599,0.70634013,0.7815671,1.0293736,0.6163882,0.55931944,0.38887617,0.7539483,0.91503906,0.9267578,71.32568,2.3437505,279.8053,306.92804,0.0,101.999985,99.90234,0.0,280.36902,276.11536,505.875,542.625,-1.9018694,422.25,0.0,439.875,79.82713,45.999977,176.36108,0.0,69.62,198.9375,-0.74157715,-5.3222656,71.520996,64.35394,2.5073242,69.93,69.76,68.48,68.51,0
322671.44,0.37249795,3.7031522,1.4158528,1.5988494,101.65159,19.54886,13.741054,24.822605,391.42072,178.05331,64.557,0.0,3.956,19.001,36.438,2.0,99.4457,2.0,0.0,396.375,190.5,3242.0,0.0,-6.6328125,0.90893555,338.45276,19839.178,20000.502,1100.0834,508.91458,105.35925,108.30533,0.0,0.3535049,3.0,89.29901,26.334541,-7.124991,-7.4999905,5.568,0.0,5.953125,0.6524658,0.0,0.0,0.0,0.0,0.0,1.640625,1.7382812,1.9921875,2.0507812,0.76523995,0.76348513,0.86243993,0.8797589,0.41886014,0.55786985,0.38925764,0.60021365,1.1645685,0.8593118,0.95490956,0.77637905,0.71633476,0.6803998,0.47516593,0.5686275,0.92871094,0.9267578,70.510864,2.3437505,272.7511,307.30185,0.0,101.999985,99.90234,0.0,273.3957,276.32266,506.25,542.625,-1.9902456,411.1875,0.0,440.0,79.82713,45.99998,173.39478,0.0,70.3,195.75,-0.72631836,1.7913818,71.59424,71.580505,2.4560547,70.61,70.55,68.94,69.0,0
322671.47,0.41799837,3.900011,1.4084772,1.5988919,101.65129,19.54886,13.743737,24.506594,405.42264,184.93462,64.557,0.0,3.956,19.001,36.438,2.0,99.40619,2.0,0.0,399.0,190.5,3251.0,0.0,-6.7734375,0.89575195,334.3069,19926.74,20000.502,1100.0834,508.91458,104.57505,107.16081,0.0,0.439054,3.0,88.890076,26.332664,-7.124991,-7.4999905,5.456,0.0,5.3046875,0.68322754,0.0,0.0,0.0,0.0,0.0,1.7382812,1.7382812,1.9921875,2.03125,0.81513697,0.76401925,0.8641184,0.8716716,0.43396658,0.56038755,0.3916228,0.60006106,0.75097275,0.7752346,0.87586784,0.8149081,0.4619669,0.61379415,0.43579766,0.59685665,0.9423828,0.9267578,70.63904,2.3437505,270.57257,306.4877,0.0,101.999985,99.90234,0.0,271.21494,276.43045,506.25,543.0,-1.9046965,409.78125,0.0,439.875,79.82713,45.999985,172.24731,0.0,70.82,204.96875,-0.46691895,4.598999,70.184326,73.59772,2.5292969,71.33,71.11,69.56,69.82,0
322671.5,0.45439872,4.0350046,1.3995234,1.5990614,101.651024,19.54886,13.733897,24.102453,410.04416,188.65367,64.557,0.0,3.956,19.001,36.438,2.0,99.37458,2.0,0.0,399.0,190.5,3279.0,0.0,-6.875,0.8955078,334.59708,19963.887,20000.502,1100.0834,508.91458,104.65983,108.75042,0.0,0.66374326,3.0,88.801575,26.330978,-7.124991,-7.4999905,5.456,0.0,4.96875,0.710083,0.0,0.0,0.0,0.0,0.0,1.71875,1.71875,1.9921875,1.9726562,0.807126,0.76539254,0.86472875,0.85709924,0.4354162,0.5631342,0.39368278,0.5976959,1.0610361,0.7752346,0.8692302,0.75532156,0.65270466,0.61379415,0.43251696,0.55321586,0.9482422,0.9238281,70.68176,2.3437505,267.78662,305.06778,0.0,101.999985,99.90234,0.0,268.18015,276.6626,506.25,543.0,-1.6800072,405.46875,0.0,440.0,79.82713,45.99999,170.1477,0.0,71.24,213.03125,-0.18005371,10.119629,69.53125,79.08783,2.614746,71.45,71.35,70.18,70.39,0
322671.53,0.50351894,4.126502,1.3928202,1.5993156,101.6516,19.54886,13.727009,23.875341,413.14966,191.82156,64.557,0.0,3.956,19.001,36.438,2.0,99.34929,2.0,0.0,397.125,190.5,3309.0,0.0,-6.84375,0.89941406,336.42957,19949.027,20000.502,1100.0834,508.91458,103.53651,107.81785,0.0,0.84349465,3.0,87.66937,26.32946,-7.124991,-7.4999905,5.46,0.0,5.875,0.7270508,0.0,0.0,0.0,0.0,0.0,1.8554688,1.7578125,1.953125,2.0117188,0.88357365,0.77943087,0.85885406,0.87251085,0.46120393,0.5710689,0.39436942,0.6052491,1.1966125,0.64927137,0.8175021,0.9801633,0.7360952,0.5320821,0.40680552,0.745861,0.9423828,0.9199219,70.96405,2.3437505,266.22174,304.79526,0.0,101.999985,99.90234,0.0,266.80374,277.54984,506.25,543.0,-1.5002558,407.75,0.0,440.0,79.82713,45.999992,170.3003,0.0,71.94,218.125,0.3692627,13.28125,69.055176,82.54852,2.8515625,72.06,72.13,70.83,71.05,0
322671.6,0.48281515,4.1631007,1.3930926,1.599443,101.65213,19.54886,13.733906,23.96423,413.34818,192.89967,64.557,0.0,3.956,19.001,36.438,2.0,99.329056,2.0,0.0,397.5,190.5,3326.0,0.0,-6.765625,0.9022217,337.86404,19900.205,20000.502,1100.0834,508.91458,104.53266,107.05484,0.0,0.98729575,3.0,88.18512,26.328094,-7.124991,-7.4999905,5.444,0.0,6.6015625,0.72906494,0.0,0.0,0.0,0.0,0.0,1.8945312,1.71875,1.9335938,1.9726562,0.91371024,0.76317996,0.8481727,0.85542077,0.47295338,0.56908524,0.39391166,0.6029602,1.1246662,0.65621424,0.93377584,0.7357137,0.69184405,0.53780425,0.46463722,0.5598535,0.93066406,0.9199219,71.34247,2.3437505,266.83496,305.64993,0.0,101.999985,99.90234,0.0,267.35928,277.96442,506.625,543.0,-1.3564547,407.625,0.0,440.0,79.82713,45.999996,170.72754,0.0,72.52,218.71875,0.7385254,11.947632,69.11621,81.68182,2.9638672,72.64,72.57,71.53,71.43,0
322671.62,0.44625214,4.17774,1.4037293,1.5996547,101.653435,19.54886,13.738734,24.153887,413.39935,194.8377,64.557,0.0,3.956,19.001,36.438,2.0,99.312874,2.0,0.0,397.875,190.5,3359.0,0.0,-6.65625,0.90789795,340.38474,20013.77,20000.502,1100.0834,508.91458,103.769646,108.4113,0.0,0.94608665,3.0,87.646484,26.326862,-7.124991,-7.4999905,5.388,0.0,6.8359375,0.74102783,0.0,0.0,0.0,0.0,0.0,1.9335938,1.6992188,1.953125,1.9140625,0.93163955,0.749218,0.85885406,0.8426032,0.4819562,0.5696956,0.39749753,0.60143435,1.0572213,0.74517435,0.799115,0.75310904,0.6503395,0.61066604,0.39765012,0.5731289,0.9199219,0.9169922,71.5744,2.3437505,268.14355,304.83032,0.0,101.999985,99.90234,0.0,268.744,278.86823,506.625,542.625,-1.3976638,408.5,0.0,439.875,79.82713,45.999996,171.7041,0.0,72.97,222.3125,0.95825195,10.78186,69.104004,80.82733,3.0126953,73.21,73.29,71.91,72.0,0
322671.66,0.4370017,4.127346,1.4270059,1.5999516,101.65461,19.54886,13.753833,24.653776,408.81567,195.25867,64.557,0.0,3.956,19.001,36.438,2.0,99.29993,2.0,0.0,395.625,190.875,3404.0,0.0,-6.4140625,0.92510986,346.83572,19963.887,20000.502,1100.0834,508.91458,104.829384,108.814,0.0,0.91311944,3.0,87.11853,26.325756,-6.7499914,-7.124991,5.452,0.0,7.140625,0.7520752,0.0,0.0,0.0,0.0,0.0,1.9140625,1.6601562,1.9140625,1.9140625,0.922179,0.7360189,0.8513771,0.83558404,0.48424506,0.5675593,0.39757383,0.60128176,0.8561837,0.64393073,0.86648357,0.7286183,0.52666515,0.527657,0.43114367,0.55443656,0.92089844,0.91015625,72.20917,2.3437505,271.5904,303.6286,0.0,101.999985,99.90234,0.0,272.1851,280.04565,506.625,542.625,-1.430631,415.5,0.0,439.875,79.82713,45.999996,174.00513,0.0,73.82,225.625,1.1169434,6.826782,69.592285,77.656555,3.005371,74.11,74.22,72.13,72.51,0
322671.72,0.38960135,4.0509386,1.4450111,1.6001636,101.65566,19.54886,13.758542,25.032505,404.55756,194.92783,64.557,0.0,3.956,19.001,36.438,2.0,99.289566,2.0,0.0,393.75,190.875,3434.0,0.0,-6.1875,0.9448242,354.23196,19808.93,20000.502,1100.0834,508.91458,107.96621,110.043304,0.0,0.8867456,3.0,88.59863,26.32476,-6.7499914,-7.124991,5.496,0.0,7.703125,0.77093506,0.0,0.0,0.0,0.0,0.0,1.9335938,1.6796875,1.8945312,1.8554688,0.9285878,0.7411307,0.8550393,0.82223237,0.4900435,0.5710689,0.4008545,0.5989166,0.9736782,0.7769131,0.8670176,0.8828107,0.5989929,0.6366064,0.43144885,0.67177844,0.91503906,0.90722656,72.517395,2.3437505,274.202,302.82733,0.0,101.999985,99.90234,0.0,274.79697,280.33585,507.0,542.25,-1.4570049,424.3125,0.0,439.875,79.82713,45.999996,175.1831,0.0,74.39,231.28125,1.260376,4.992676,70.01953,76.60065,3.010254,74.87,75.09,72.95,72.95,0
322671.75,0.3116811,3.9828758,1.4618262,1.6005449,101.65745,19.54886,13.75598,25.34576,401.3516,196.4804,64.557,0.0,3.956,19.001,36.438,2.0,99.28128,2.0,0.0,389.625,190.875,3489.0,0.0,-5.796875,0.9590454,359.55527,19695.367,20000.502,1100.0834,508.91458,112.20517,111.654106,0.0,0.8656465,3.0,89.67438,26.323864,-6.7499914,-7.124991,5.656,0.0,7.7890625,0.7873535,0.0,0.0,0.0,0.0,0.0,1.9140625,1.640625,1.875,1.8554688,0.92248416,0.72495615,0.8519875,0.8348211,0.49393454,0.5675593,0.40146488,0.6056306,1.0145724,0.6118105,0.8304723,0.87014574,0.6532387,0.50133514,0.41321433,0.6621653,0.9121094,0.9003906,73.04077,2.3437505,276.363,301.85757,0.0,101.999985,99.90234,0.0,277.02747,280.53485,507.0,541.875,-1.478104,428.59375,0.0,440.0,79.82713,45.999996,176.44653,0.0,75.66,236.21875,1.3641357,2.871704,70.147705,74.98627,2.9980469,75.68,75.53,73.19,73.37,0
322671.78,0.20934486,3.9181504,1.473891,1.6005874,101.65905,19.54886,13.765904,25.589077,398.58963,195.6316,64.557,0.0,3.956,19.001,36.438,0.0,99.27465,2.0,0.0,383.25,190.875,3498.0,0.0,-5.4921875,0.975708,365.80725,19740.473,20000.502,1100.0834,508.91458,114.133896,112.4807,0.0,0.8487673,3.0,90.65552,26.323055,-6.7499914,-7.124991,5.86,0.0,8.0703125,0.78125,0.0,0.0,0.0,0.0,0.0,1.9335938,1.6601562,1.8945312,1.8945312,0.9340047,0.7280079,0.87319756,0.8599222,0.50202185,0.5699245,0.4068818,0.61486226,0.7480736,0.9880217,1.0213627,1.0355536,0.48165104,0.80972,0.5082017,0.7879759,0.90722656,0.9003906,73.85559,2.3437505,278.04178,301.39236,0.0,101.999985,99.90234,0.0,278.51166,280.65924,507.375,541.5,-1.4949832,436.65625,0.0,440.0,79.82713,45.999996,177.30103,0.0,76.0,234.375,1.4312744,0.3265381,70.93506,73.490906,2.9345703,76.07,75.59,73.88,73.93,0
322671.8,0.12747589,3.9672604,1.4860058,1.6006722,101.65966,19.54886,13.766993,25.855545,404.88647,199.23346,64.557,0.0,3.956,19.001,36.438,0.0,99.26935,2.0,0.0,357.75,190.875,3507.0,0.0,-5.3046875,0.98217773,368.22842,19838.648,20000.502,1100.0834,508.91458,116.5501,114.76974,0.0,0.83526385,3.0,91.88385,26.322327,-6.7499914,-7.124991,7.112,0.0,8.1171875,0.7843628,0.0,0.0,0.0,0.0,0.0,1.9140625,1.71875,1.8945312,1.8945312,0.92149234,0.76050967,0.8750286,0.8532082,0.5081254,0.5821317,0.4086366,0.61478597,0.9964904,1.0566872,0.88799876,0.8061341,0.64164186,0.8659495,0.44190127,0.6134127,0.90234375,0.9003906,74.3103,2.3437505,279.87912,300.86087,0.0,101.999985,99.90234,0.0,280.24466,280.74216,507.375,541.5,-1.5084866,442.40625,0.0,440.0,79.82713,45.999996,178.05176,0.0,76.33,235.3125,1.4221191,-0.29907227,71.08154,72.91107,2.866211,76.96,78.13,74.43,74.51,0
322671.84,0.10198071,4.024404,1.4912293,1.6009265,101.66021,19.54886,13.767754,25.899717,407.74557,203.61534,64.557,0.0,3.956,19.001,36.438,0.0,99.26511,2.0,0.0,354.75,190.5,3559.0,0.0,-5.015625,0.9935913,372.0758,19976.092,20000.502,1100.0834,508.91458,115.85067,115.638725,0.0,0.8244611,3.0,90.42969,26.321674,-6.374992,-7.4999905,7.164,0.0,8.71875,0.80236816,0.0,0.0,0.0,0.0,0.0,2.0117188,1.7773438,1.9140625,1.8945312,0.95712215,0.79751277,0.89013505,0.8613718,0.5217823,0.5965515,0.4130617,0.6190585,1.2064545,0.71725035,0.9957275,0.91828793,0.7768368,0.60906386,0.49546045,0.6987106,0.9033203,0.89746094,74.3103,2.3437505,280.18414,300.27887,0.0,101.999985,99.90234,0.0,280.68408,280.7919,507.375,541.125,-1.5192894,437.03125,0.0,440.0,79.82713,45.999996,178.91235,0.0,77.56,240.71875,1.3671875,-0.82092285,70.86792,72.46857,2.8027344,77.21,76.69,74.71,74.96,0
322671.9,0.021584567,4.0285115,1.4975083,1.601096,101.660706,19.54886,13.780005,26.007479,406.42096,203.98032,64.557,0.0,3.956,19.001,36.438,0.0,99.26171,2.0,0.0,354.0,190.5,3577.0,0.0,-4.59375,1.0074463,377.28302,19941.598,20000.502,1100.0834,508.91458,117.52506,116.9316,0.0,0.8158189,3.0,91.2735,26.321087,-6.374992,-7.4999905,7.144,0.0,9.0546875,0.8007202,0.0,0.0,0.0,0.0,0.0,1.9921875,1.7773438,1.9335938,1.875,0.95048445,0.77782863,0.8940261,0.83360034,0.5262074,0.597467,0.41680017,0.6133364,0.9040207,0.7103075,0.92484933,0.8352026,0.608835,0.6031891,0.4881361,0.6844434,0.9003906,0.8955078,74.3103,2.3437505,280.92743,299.96866,0.0,101.999985,99.90234,0.0,281.44693,280.83337,507.75,540.75,-1.5279316,433.53125,0.0,440.0,79.82713,45.999996,179.20532,0.0,78.01,240.21875,1.3092041,-0.491333,71.1853,73.06976,2.7539062,78.25,77.86,75.59,75.26,0
322671.94,-0.122732334,4.011405,1.5043542,1.6011809,101.66198,19.54886,13.776863,26.13196,405.24228,204.18478,64.557,0.0,3.956,19.001,36.438,0.0,98.95824,2.0,0.0,352.125,190.875,3591.0,0.0,-4.3828125,1.0143433,379.85345,19903.39,20000.502,1100.0834,508.91458,118.13971,117.07997,0.0,0.80890524,3.0,91.03699,26.320557,-6.374992,-7.124991,7.212,0.0,9.328125,0.8036499,0.0,0.0,0.0,0.0,0.0,2.0117188,1.8164062,2.03125,1.875,0.9620813,0.8002594,0.9333181,0.8338292,0.5351339,0.6083772,0.43244067,0.61692226,0.79316396,0.95712215,1.1812009,0.6508736,0.5582513,0.8127718,0.6575875,0.53337914,0.8984375,0.8925781,74.3103,2.3437505,281.78674,299.41312,0.0,101.999985,99.90234,0.0,282.1932,280.86652,507.75,540.375,-1.5348452,437.8125,0.0,440.0,79.82713,45.999996,179.60815,0.0,78.22,241.09375,1.2695312,-1.7028809,71.12427,71.977234,2.7612305,78.34,78.34,76.07,76.27,0
322671.97,-0.21818587,4.079562,1.5054535,1.6012232,101.66313,19.54886,13.780522,26.165318,411.4605,207.6643,64.557,0.0,3.956,19.001,36.438,0.0,98.715454,2.0,0.0,350.25,190.875,3597.0,0.0,-4.28125,1.0150757,380.56656,19924.617,20000.502,1100.0834,508.91458,118.75436,117.88537,0.0,0.8033743,3.0,91.345215,26.32008,-6.374992,-7.124991,7.268,0.0,9.6328125,0.8076172,0.0,0.0,0.0,0.0,0.0,1.9921875,1.796875,1.9921875,1.8359375,0.9409476,0.79217213,0.9140154,0.8080415,0.5362783,0.61028457,0.43251696,0.6143282,0.95048445,0.73548484,0.77882046,0.78759444,0.6689555,0.6456092,0.4335851,0.6454566,0.8964844,0.8925781,74.3103,2.3437505,282.01782,299.48187,0.0,101.999985,99.90234,0.0,282.58295,280.8997,507.75,540.375,-1.5403762,438.53125,0.0,440.0,79.82713,45.999996,179.79736,0.0,78.47,242.28125,1.1932373,-2.0080566,70.97168,71.284485,2.7612305,78.66,78.91,76.92,76.61,0
322672.03,-0.2945487,4.125575,1.5082586,1.6014352,101.66499,19.54886,13.777225,26.021025,413.02087,210.53807,64.557,0.0,3.956,19.001,36.438,0.0,98.52124,2.0,0.0,349.125,191.25,3633.0,0.0,-4.1640625,1.0210571,383.2365,19885.877,20000.502,1100.0834,508.91458,118.47882,117.05878,0.0,0.7989495,3.0,91.07971,26.319649,-5.9999924,-6.7499914,7.272,0.0,9.75,0.83081055,0.0,0.0,0.0,0.0,0.0,1.953125,1.8554688,1.9921875,1.8164062,0.92584115,0.8114748,0.91355765,0.8019379,0.5444419,0.62149996,0.43633172,0.6147097,0.81185627,0.81803614,0.91050583,0.7592889,0.57145035,0.74311435,0.5069047,0.6221866,0.8964844,0.890625,74.3103,2.3437505,281.0251,297.9823,0.0,101.999985,99.90234,0.0,281.2894,280.8997,507.75,540.375,-1.544801,442.15625,0.0,440.0,79.82713,45.999996,179.73633,0.0,79.0,249.25,1.1749268,0.13427734,70.06836,72.96295,2.7612305,79.34,79.31,77.16,77.16,0
322672.06,-0.37563896,4.1252303,1.5069231,1.60152,101.66667,19.54886,13.774917,25.994652,411.69028,210.61075,64.557,0.0,3.956,19.001,36.438,0.0,98.36586,2.0,0.0,349.125,191.25,3646.0,0.0,-4.0859375,1.0286255,386.08057,19868.896,20000.502,1100.0834,508.91458,118.62719,116.88921,0.0,0.7954097,3.0,91.15448,26.319263,-5.9999924,-6.7499914,7.24,0.0,9.75,0.8256836,0.0,0.0,0.0,0.0,0.0,1.953125,1.875,1.9921875,1.8359375,0.92271304,0.81231403,0.9060044,0.80735487,0.54901963,0.6276799,0.4383154,0.6199741,0.9007401,0.79629207,0.852903,0.8451972,0.63393605,0.7233539,0.47478446,0.7177081,0.8935547,0.890625,74.3103,2.3437505,280.84497,298.14572,0.0,101.999985,99.90234,0.0,281.0904,280.8997,508.125,540.0,-1.5483408,441.40625,0.0,440.0,79.82713,45.999996,180.01709,0.0,79.34,247.71875,1.1627197,-0.72631836,70.288086,72.28546,2.7490234,79.62,79.16,77.69,77.6,0
322672.1,-0.38051116,4.1250925,1.5058954,1.6016471,101.66818,19.54886,13.7791605,25.920752,411.9868,211.80295,64.557,0.0,3.956,19.001,36.438,0.0,98.24156,2.0,0.0,348.375,191.25,3664.0,0.0,-4.015625,1.0338745,388.06232,19881.633,20000.502,1100.0834,508.91458,118.796745,117.101166,0.0,0.79257786,3.0,90.69672,26.318916,-5.9999924,-6.7499914,7.252,0.0,9.859375,0.8331909,0.0,0.0,0.0,0.0,0.0,1.7773438,1.6992188,1.8164062,1.71875,0.92362857,0.8091096,0.9140154,0.82444495,0.5548943,0.6368353,0.45197222,0.64049745,0.9443809,0.76424813,1.1274891,0.8026245,0.664683,0.71648735,0.66063935,0.704509,0.89453125,0.8876953,74.3103,2.3437505,280.3371,297.62262,0.0,101.999985,99.90234,0.0,280.76703,280.8997,508.125,540.0,-1.5511726,441.125,0.0,440.0,79.82713,45.999996,179.87671,0.0,79.9,249.96875,1.1352539,0.44250488,69.98291,73.23761,2.7514648,80.27,80.12,78.7,78.38,0
322672.12,-0.38440895,4.162537,1.5170547,1.6017742,101.670364,19.54886,13.776272,25.996586,415.05112,215.4166,64.557,0.0,3.956,19.001,36.438,0.0,98.14212,2.0,0.0,347.25,191.25,3699.0,0.0,-4.5,1.0407104,390.1767,19839.178,20000.502,1100.0834,508.91458,121.74282,119.0087,0.0,0.9465624,3.0,91.62445,26.318604,-5.9999924,-6.7499914,7.288,0.0,10.0625,0.85375977,0.0,0.0,0.0,0.0,0.0,1.796875,1.6796875,1.796875,1.71875,0.9298848,0.8015564,0.90264744,0.82116425,0.5664912,0.63591975,0.44953078,0.6459144,0.8358892,0.66071564,0.6895552,0.7818723,0.61226827,0.6193637,0.4039826,0.6863508,0.890625,0.8857422,74.3103,2.3437505,280.862,296.34064,0.0,101.999985,99.90234,0.0,281.48843,280.8997,507.75,540.375,-1.3971881,436.4375,0.0,440.0,79.82713,45.999996,180.32227,0.0,80.58,256.125,1.0986328,0.0,69.08569,72.099304,2.7514648,81.0,80.65,78.97,79.02,0
322672.2,-0.38752717,4.158765,1.5220513,1.6021558,101.67233,19.54886,13.791827,25.942959,413.51517,217.75255,64.557,0.0,3.956,19.001,36.438,0.0,98.06256,2.0,0.0,343.125,191.625,3753.0,0.0,-4.4296875,1.0576782,396.52817,19813.176,20000.502,1100.0834,508.91458,122.95092,119.34781,0.0,0.91349995,3.0,91.555786,26.318321,-5.624993,-6.374992,7.352,0.0,10.6875,0.87719727,0.0,0.0,0.0,0.0,0.0,2.03125,1.71875,1.9335938,1.953125,0.94911116,0.8081178,0.8817426,0.83886474,0.5830472,0.6490425,0.44968337,0.65751123,1.1171893,0.7986572,0.73533225,0.9625391,0.8501564,0.79316396,0.45235372,0.87441826,0.8876953,0.8798828,74.3103,2.3437505,280.49432,294.67664,0.0,101.999985,99.90234,0.0,280.93286,280.8997,508.5,540.375,-1.4302505,439.5625,0.0,440.0,79.82713,45.999996,180.79834,0.0,81.09,263.15625,1.1169434,0.17700195,67.926025,70.92743,2.7490234,81.36,81.55,79.56,79.43,0
322672.22,-0.37002173,4.101006,1.5306742,1.6023254,101.67328,19.54886,13.7909975,26.000713,409.16946,216.7846,64.557,0.0,3.956,19.001,36.438,0.0,97.99892,2.0,0.0,340.5,191.625,3776.0,0.0,-4.4375,1.0734253,401.97586,19868.896,20000.502,1100.0834,508.91458,124.15903,120.6195,0.0,0.88705003,3.0,92.02881,26.24288,-5.624993,-6.374992,7.416,0.0,10.828125,0.87457275,0.0,0.0,0.0,0.0,0.0,2.0117188,1.953125,1.9726562,1.9335938,0.9397269,0.82658124,0.8853285,0.83421075,0.5885405,0.67475396,0.45525292,0.6623179,0.8738842,0.9642176,0.7755398,0.8016327,0.69192034,1.0180056,0.4993515,0.7515068,0.8847656,0.8798828,74.3103,2.3437505,280.89337,294.14417,0.0,101.999985,99.90234,0.0,281.33087,280.8997,508.5,540.375,-1.4567004,438.25,0.0,440.0,79.82713,45.999996,181.2561,0.0,82.16,262.375,1.1047363,-0.02746582,67.95044,70.72296,2.7490234,82.14,82.07,79.9,80.12,0
322672.25,-0.33601737,4.1154027,1.5304911,1.602283,101.67413,19.54886,13.784557,26.048393,412.57248,218.0087,64.557,0.0,3.956,19.001,36.438,0.0,97.948,2.0,0.0,339.375,191.625,3766.0,0.0,-4.5,1.0787354,403.96588,19941.598,20000.502,1100.0834,508.91458,122.37866,119.53857,0.0,0.86589015,3.0,91.2735,26.174982,-5.624993,-6.374992,7.456,0.0,11.4375,0.86157227,0.0,0.0,0.0,0.0,0.0,2.0117188,1.8945312,1.9726562,2.0117188,0.9395743,0.81071186,0.8844129,0.8708324,0.5963989,0.679942,0.46608683,0.6823072,0.93842983,0.69939727,0.97390705,0.86984056,0.74303806,0.7769131,0.62706953,0.81544214,0.87890625,0.8798828,74.3103,2.3437505,281.22287,294.0616,0.0,101.999985,99.90234,0.0,281.6128,280.8997,508.5,540.375,-1.4778603,438.5,0.0,440.0,79.82713,45.999996,181.64673,0.0,82.26,258.46875,1.0894775,-0.20751953,68.5791,71.24786,2.7441406,82.57,82.57,81.0,80.62,0
322672.28,-0.2688139,4.1961613,1.5385587,1.6024525,101.6749,19.54886,13.791768,26.110731,418.63464,222.91547,64.557,0.0,3.956,19.001,36.438,0.0,97.90727,2.0,0.0,339.75,191.625,3795.0,0.0,-4.5859375,1.0819702,405.19305,19894.37,20000.502,1100.0834,508.91458,124.45575,120.979805,0.0,0.8489622,3.0,92.17529,26.113874,-5.624993,-6.374992,7.436,0.0,11.484375,0.8763428,0.0,0.0,0.0,0.0,0.0,1.953125,1.8945312,1.9726562,1.9921875,0.9075303,0.8027772,0.88548106,0.8671702,0.59357595,0.68543524,0.47158006,0.6942092,1.021973,0.7470054,0.8928054,0.8429084,0.8091859,0.78866255,0.57488364,0.7902647,0.87402344,0.8779297,74.3103,2.3437505,281.65332,293.02145,0.0,101.999985,99.90234,0.0,282.1352,280.8997,508.5,540.75,-1.4947883,437.4375,0.0,439.875,79.82713,45.999996,182.20825,0.0,82.9,262.90625,1.071167,-0.7141113,67.79785,69.93561,2.7490234,82.98,82.98,81.26,81.53,0
322672.34,-0.19505113,4.2097144,1.5433477,1.6027492,101.67641,19.54886,13.773378,25.995768,417.23203,225.0957,64.557,0.0,3.956,19.001,36.438,0.0,97.874695,2.0,0.0,336.0,192.0,3845.0,0.0,-4.6171875,1.0984497,411.34555,19813.176,20000.502,1100.0834,507.32257,126.49045,121.55207,0.0,0.8354198,3.0,92.100525,26.058878,-5.2499933,-5.9999924,7.512,0.0,11.5703125,0.885376,0.0,0.0,0.0,0.0,0.0,1.9921875,1.9140625,2.0117188,2.0703125,0.9062333,0.81010145,0.90119785,0.8841077,0.60700387,0.6992447,0.4806592,0.70954454,0.79667354,0.6755169,1.0112916,1.0025177,0.65285724,0.7503624,0.6511025,0.9956512,0.875,0.8730469,74.3103,2.3437505,280.8624,291.35336,0.0,101.999985,99.90234,0.0,281.1816,280.8997,508.875,540.75,-1.5083307,429.96875,0.0,439.78125,79.82713,45.999996,182.62329,0.0,83.24,265.625,1.05896,0.5157471,67.1936,70.40863,2.7441406,83.64,83.71,81.91,81.91,0
322672.38,-0.1560409,4.158886,1.5510933,1.6028341,101.67777,19.54886,13.778084,26.038609,412.84515,224.17719,64.557,0.0,3.956,19.001,36.438,0.0,97.84863,2.0,0.0,333.75,192.0,3870.0,0.0,-4.6875,1.1101685,415.73187,19915.596,20000.502,1100.0834,507.32257,126.40567,122.103134,0.0,0.8245859,3.0,92.0578,26.00938,-5.2499933,-5.9999924,7.552,0.0,11.5625,0.87945557,0.0,0.0,0.0,0.0,0.0,1.9335938,1.875,2.03125,2.0507812,0.880827,0.79324025,0.91927975,0.8747997,0.6064698,0.70183873,0.49202716,0.7191577,0.7031357,0.9276722,1.046006,0.8095674,0.59708554,1.087129,0.7044327,0.89921415,0.8720703,0.8730469,74.20502,2.3437505,281.15906,290.50778,0.0,101.999985,99.90234,0.0,281.505,280.8997,508.875,540.75,-1.5191646,428.21875,0.0,439.875,79.82713,45.999996,183.52051,0.0,83.7,263.84375,1.0253906,0.10986328,67.43164,70.28046,2.7294922,84.34,84.34,82.25,82.27,0
322672.4,-0.12483273,4.101054,1.5565792,1.6029189,101.67818,19.54886,13.781377,26.13375,410.23956,223.22281,64.557,0.0,3.956,19.001,36.438,0.0,97.827774,2.0,0.0,331.5,192.375,3878.0,0.0,-4.78125,1.1242676,420.5411,19710.756,20000.502,1100.0834,507.32257,129.58488,121.50968,0.0,0.6596688,3.0,93.07709,25.964832,-4.874994,-5.624993,7.612,0.0,12.09375,0.8682251,0.0,0.0,0.0,0.0,0.0,1.8945312,1.9140625,1.953125,1.9921875,0.85877776,0.7940795,0.8738842,0.8486305,0.60601205,0.72747386,0.49401084,0.7201495,0.7044327,0.68261236,0.7070268,0.7597467,0.59815365,0.84199286,0.497673,0.89028764,0.8642578,0.8701172,74.20502,2.3437505,281.81528,289.84998,0.0,101.999985,99.90234,0.0,282.21808,280.8997,508.875,540.75,-1.6840817,431.28125,0.0,440.0,79.82713,45.999996,184.3628,0.0,84.54,260.46875,0.96435547,-0.80566406,67.993164,69.96307,2.709961,84.76,84.77,83.28,83.05,0
322672.44,-0.079866186,4.134172,1.5572984,1.603046,101.67853,19.54886,13.783683,26.061583,414.8466,226.89378,64.557,0.0,3.956,19.001,36.438,0.0,97.8111,2.0,0.0,331.125,192.375,3898.0,0.0,-4.890625,1.131897,422.90424,19754.271,20000.502,1100.0834,507.32257,130.96255,121.78521,0.0,0.5277351,3.0,93.75,25.92474,-4.874994,-5.624993,7.608,0.0,12.5234375,0.8701782,0.0,0.0,0.0,0.0,0.0,1.8554688,1.875,1.8945312,1.953125,0.8326085,0.77195394,0.84443426,0.8295567,0.6032654,0.7292287,0.491722,0.73785,0.7491417,0.65918976,0.63828486,0.77424276,0.63614863,0.81315327,0.4492256,0.9073777,0.86621094,0.8701172,74.20502,2.3437505,281.31818,289.33188,0.0,101.999985,99.90234,0.0,281.505,280.8997,509.25,540.75,-1.8160154,430.3125,0.0,439.78125,79.82713,45.999996,184.63745,0.0,85.16,261.0625,0.9094238,0.28686523,67.82837,70.817566,2.7050781,85.31,85.29,83.54,83.75,0
322672.5,-0.0038929544,4.1661687,1.5728925,1.6032156,101.67885,19.54886,13.791156,26.18023,416.53195,229.27667,64.557,0.0,3.956,19.001,36.438,0.0,97.797745,2.0,0.0,329.625,192.375,3923.0,0.0,-4.9140625,1.1434326,426.74332,19753.74,20000.502,1100.0834,507.32257,133.37875,123.4384,0.0,0.42218816,3.0,94.374084,25.888657,-4.874994,-5.624993,7.636,0.0,12.9921875,0.8720703,0.0,0.0,0.0,0.0,0.0,1.8164062,1.8359375,1.9140625,1.9335938,0.8147555,0.7578393,0.8408484,0.81795985,0.60822463,0.7335012,0.4959182,0.7442588,0.7629511,0.60936904,0.7883574,0.7370108,0.66971844,0.7847715,0.5774014,0.86366063,0.8642578,0.86816406,74.20502,2.3437505,282.13632,287.27832,0.0,101.999985,99.90234,0.0,282.50003,280.8997,509.25,541.125,-1.9215623,428.71875,0.0,440.0,79.82713,45.999996,186.19995,0.0,85.47,261.625,0.87890625,-0.9277344,67.64526,69.38324,2.692871,85.82,85.74,84.2,84.23,0
322672.53,0.07688563,4.1414676,1.5778118,1.6034274,101.678314,19.54886,13.778809,26.123968,413.68292,229.8561,64.557,0.0,3.956,19.001,36.438,0.0,97.63669,2.0,0.0,329.625,192.75,3960.0,0.0,-4.890625,1.1560669,431.45303,19794.07,20000.502,1100.0834,507.32257,133.95102,123.226456,0.0,0.33775067,3.0,94.529724,25.85618,-4.4999943,-5.2499933,7.604,0.0,12.921875,0.8770752,0.0,0.0,0.0,0.0,0.0,1.8554688,1.6601562,1.7382812,1.953125,0.823682,0.7331197,0.8332189,0.81010145,0.61684597,0.7390707,0.504921,0.7514305,0.8861677,0.61738,0.81361103,0.6829938,0.7779049,0.79499507,0.59586483,0.8425269,0.8613281,0.8652344,74.20502,2.3437505,281.748,286.12454,0.0,101.999985,99.90234,0.0,281.91132,280.8997,509.25,541.125,-2.0059998,426.65625,0.0,440.0,79.82713,45.999996,187.20703,0.0,86.1,263.125,0.8605957,-0.09460449,67.24243,69.825745,2.6904297,86.31,86.35,84.79,84.85,0
322672.56,0.1415085,4.131587,1.5810107,1.603597,101.67783,19.54886,13.781884,26.066063,413.8848,231.42007,64.557,0.0,3.956,19.001,36.438,0.0,97.50784,2.0,0.0,327.0,193.125,3985.0,0.0,-4.96875,1.1655884,435.50772,19935.23,20000.502,1100.0834,507.32257,134.05699,124.45575,0.0,0.27020073,3.0,94.0506,25.826952,-4.4999943,-4.874994,7.64,0.0,12.90625,0.8800659,0.0,0.0,0.0,0.0,0.0,1.6992188,1.640625,1.7578125,1.7773438,0.81864655,0.7235828,0.8396277,0.8052186,0.6178378,0.73723966,0.51583123,0.770428,0.7448692,0.54566264,0.9830625,0.84138244,0.65384907,0.70267797,0.7199969,1.0379187,0.85546875,0.86328125,74.20502,2.3437505,281.34836,285.26144,0.0,101.999985,99.90234,0.0,281.53815,280.8997,509.625,541.125,-2.0735497,428.53125,0.0,439.875,79.82713,45.999996,187.76245,0.0,86.62,264.03125,0.8300781,0.21362305,66.97388,69.841,2.6953125,86.9,86.81,85.46,85.43,0
322672.6,0.2132068,4.108885,1.586519,1.6036395,101.6774,19.54886,13.784038,26.10081,412.48856,232.20207,64.557,0.0,3.956,19.001,36.438,0.0,97.40477,2.0,0.0,325.5,193.5,4012.0,0.0,-4.96875,1.1760864,439.42142,19707.041,20000.502,1100.0834,507.58792,137.78726,125.00681,0.0,0.059910774,3.0,95.3125,25.800648,-4.4999943,-4.4999943,7.656,0.0,13.5859375,0.8835449,0.0,0.0,0.0,0.0,0.0,1.6015625,1.5039062,1.7578125,1.640625,0.8226902,0.71213853,0.8326848,0.79324025,0.6341649,0.73388267,0.51682305,0.76852065,0.9957275,0.65278095,0.8126192,0.5686275,0.90455484,0.64827955,0.6433967,0.73228043,0.8535156,0.86035156,74.20502,2.3437505,281.58743,284.49564,0.0,101.999985,99.90234,0.0,281.9362,280.8997,509.625,541.125,-2.2838397,426.65625,0.0,439.875,79.82713,45.999996,188.66577,0.0,87.27,265.0625,0.8117676,-0.2532959,66.656494,69.00787,2.692871,87.58,87.66,85.88,86.07,0
322672.7,0.29056543,4.099804,1.5800232,1.6034274,101.67618,19.54886,13.779686,26.04853,412.5291,234.65596,64.557,0.0,3.956,19.001,36.438,0.0,97.32231,2.0,0.0,324.0,193.5,4054.0,0.0,-4.9296875,1.1917725,444.2638,19813.176,20000.502,1100.0834,507.58792,136.34602,123.54438,0.0,-0.10832119,3.0,94.46411,25.776974,-4.4999943,-4.4999943,7.688,0.0,13.8359375,0.88549805,0.0,0.0,0.0,0.0,0.0,1.6015625,1.5039062,1.7773438,1.640625,0.82887006,0.7100786,0.8380255,0.790341,0.64362556,0.72938126,0.53597313,0.77988863,0.96688795,0.7316701,0.97825587,0.9198138,0.82108796,0.7266346,0.77454793,1.2389563,0.8544922,0.859375,74.21265,2.3437505,281.22586,285.26245,0.0,101.999985,99.90234,0.0,281.53815,280.8997,509.625,541.125,-2.4520717,425.53125,0.0,439.875,79.82713,45.999996,189.22119,0.0,87.84,265.65625,0.79956055,-0.12512207,66.38794,68.8858,2.6879883,88.21,88.15,86.39,86.7,0
322672.72,0.33245236,4.096172,1.5736904,1.6033428,101.67508,19.54886,13.788358,25.930372,412.76743,235.7761,64.557,0.0,3.956,19.001,36.438,0.0,97.25635,2.0,0.0,323.25,193.5,4071.0,0.0,-4.9921875,1.1989746,446.44452,19949.559,20000.502,1100.0834,507.58792,135.73137,124.201416,0.0,-0.24290681,3.0,94.0155,25.755667,-4.4999943,-4.4999943,7.668,0.0,13.8984375,0.8858032,0.0,0.0,0.0,0.0,0.0,1.6210938,1.5039062,1.7382812,1.640625,0.84016174,0.7064164,0.8360418,0.7904936,0.6580453,0.72449833,0.540856,0.8095674,1.1682308,0.6375982,0.7987335,0.6894026,0.9920653,0.6331731,0.63241017,0.9286641,0.8496094,0.8574219,74.21265,2.3437505,280.4103,285.49255,0.0,101.999985,99.90234,0.0,280.62607,280.8997,510.375,541.125,-2.5866573,424.75,0.0,440.0,79.82713,45.999996,188.97705,0.0,88.61,265.75,0.8026123,0.9033203,66.29639,69.844055,2.692871,89.16,89.03,87.01,87.2,0
322672.75,0.36596188,4.113469,1.5682943,1.6031307,101.67492,19.54886,13.78271,25.91658,414.2744,239.48514,64.557,0.0,3.956,19.001,36.438,0.0,97.20357,2.0,0.0,322.125,193.5,4120.0,0.0,-4.9453125,1.2107544,450.33337,19974.5,20000.502,1100.0834,508.3839,135.03195,123.67155,0.0,-0.35057545,3.0,93.53485,25.73649,-4.4999943,-4.4999943,7.648,0.0,13.875,0.89923096,0.0,0.0,0.0,0.0,0.0,1.6796875,1.5039062,1.7382812,1.6015625,0.872816,0.7143511,0.83428705,0.78667885,0.69619286,0.7315175,0.54673076,0.8174258,1.2862593,0.8741894,1.0865949,0.71541923,1.0922408,0.86816204,0.8904402,0.96368355,0.8466797,0.8564453,74.21265,2.3437505,280.3151,286.26385,0.0,101.999985,99.90234,0.0,280.39392,280.8997,510.375,541.125,-2.694326,423.25,0.0,439.875,79.82713,45.999996,189.59961,0.0,89.19,269.78125,0.8117676,1.0009766,65.18555,68.81561,2.6831055,89.43,90.11,87.55,87.8,0
322672.78,0.3327695,4.101638,1.5596968,1.6028341,101.674774,19.54886,13.790475,25.841873,412.75092,242.13718,64.557,0.0,3.956,19.001,36.438,0.0,97.16135,2.0,0.0,321.75,193.875,4181.0,0.0,-4.8828125,1.2243652,455.89713,19896.49,20000.502,1100.0834,508.3839,134.92598,122.67539,0.0,-0.43671036,3.0,93.177795,25.71923,-4.1249948,-4.1249948,7.624,0.0,13.625,0.914978,0.0,0.0,0.0,0.0,0.0,1.875,1.6796875,1.9726562,1.6210938,0.91012436,0.73746854,0.88807505,0.7938506,0.7113756,0.73968107,0.5850309,0.8382544,1.1714351,0.89906156,1.1884489,1.0319676,0.99473566,0.8928817,0.97390705,1.3289845,0.84765625,0.8535156,74.26758,2.3437505,279.8,287.22574,0.0,101.999985,99.90234,0.0,280.2198,280.8997,510.75,540.75,-2.7804608,425.03125,0.0,439.5,79.82713,45.999996,190.22827,0.0,90.65,274.5,0.8300781,0.43945312,64.11743,67.2287,2.6831055,90.68,90.78,88.1,88.23,0
322672.84,0.24621563,4.040655,1.5558056,1.6027492,101.675476,19.54886,13.790051,25.780514,408.44284,240.69873,64.557,0.0,3.956,19.001,36.438,0.0,97.12758,2.0,0.0,319.5,193.875,4200.0,0.0,-4.8046875,1.2323608,459.40454,19788.764,20000.502,1100.0834,509.44525,136.8971,122.67539,0.0,-0.50561833,3.0,93.974304,25.62851,-4.1249948,-4.1249948,7.616,0.0,14.03125,0.9137573,0.0,0.0,0.0,0.0,0.0,1.875,1.6992188,2.0117188,1.8359375,0.9109636,0.7537194,0.90371555,0.8300908,0.7201495,0.745861,0.597467,0.8766308,0.96513313,0.95574886,1.0129702,0.8751812,0.8471809,0.94911116,0.8300908,1.1270313,0.85058594,0.85253906,74.26758,2.3437505,279.37775,287.55573,0.0,101.999985,99.90234,0.0,279.80518,280.8997,511.5,540.75,-2.8493688,420.8125,0.0,440.09375,79.82713,45.999996,190.25879,0.0,90.96,274.125,0.8453369,0.6347656,64.09302,67.44537,2.6757812,91.67,91.31,88.64,88.78,0
322672.88,0.17697251,4.053762,1.5568645,1.6027492,101.6761,19.54886,13.789755,25.752079,411.81754,242.34077,64.557,0.0,3.956,19.001,36.438,0.0,97.100555,2.0,0.0,320.625,193.875,4194.0,0.0,-4.625,1.2311401,459.4709,19871.549,20000.502,1100.0834,509.44525,137.68129,123.60796,0.0,-0.5607445,3.0,94.3512,25.546862,-4.1249948,-4.1249948,7.592,0.0,13.9921875,0.9135132,0.0,0.0,0.0,0.0,0.0,1.875,1.7382812,2.0507812,1.8359375,0.91477835,0.7781338,0.923476,0.82314795,0.7255665,0.7566949,0.6112764,0.8828107,0.94125277,0.7723354,1.1700618,0.8351263,0.82619977,0.767071,0.9935912,1.0754559,0.8535156,0.85253906,74.3454,2.3437505,279.18237,287.0666,0.0,101.999985,99.90234,0.0,279.6062,280.8997,511.875,540.75,-2.904495,420.9375,0.0,440.09375,79.82713,45.999996,190.17334,0.0,91.4,274.0625,0.86364746,0.8453369,64.123535,67.69867,2.6660156,92.21,91.59,89.27,89.45,0
322672.9,0.141578,4.1340046,1.557034,1.6027068,101.67667,19.54886,13.789547,25.802544,417.94806,246.82803,64.557,0.0,3.956,19.001,36.438,0.0,97.07893,2.0,0.0,320.25,193.875,4209.0,0.0,-4.59375,1.2346191,461.29507,19774.967,20000.502,1100.0834,509.44525,139.24971,123.69274,0.0,-0.6048455,3.0,95.10803,25.473377,-4.1249948,-4.1249948,7.584,0.0,14.0234375,0.9169922,0.0,0.0,0.0,0.0,0.0,1.953125,1.7578125,2.109375,1.8359375,0.95689327,0.77988863,0.96047914,0.8220035,0.7444877,0.7582208,0.64194703,0.8997482,1.1457237,0.7922484,1.003891,0.80323493,1.0057222,0.78675514,0.85244524,1.034409,0.85253906,0.85253906,74.3454,2.3437505,279.5308,287.3851,0.0,101.999985,99.90234,0.0,280.00418,280.8997,511.875,540.75,-2.948596,420.1875,0.0,440.0,79.82713,45.999996,190.82031,0.0,91.52,275.09375,0.87890625,0.41809082,63.879395,67.04254,2.6586914,91.72,92.07,89.78,90.08,0
322672.94,0.11326241,4.1848516,1.553744,1.6025374,101.678,19.54886,13.777682,25.796053,419.41098,249.69283,64.557,0.0,3.956,19.001,36.438,0.0,97.061646,2.0,0.0,318.375,193.875,4243.0,0.0,-4.578125,1.2405396,463.50067,19862.527,20000.502,1100.0834,509.44525,138.52908,123.39601,0.0,-0.64012647,3.0,94.618225,25.407242,-4.1249948,-4.1249948,7.636,0.0,14.0625,0.9298706,0.0,0.0,0.0,0.0,0.0,1.9921875,1.71875,2.0898438,1.8554688,0.98367286,0.76394296,0.94590676,0.8352026,0.76409554,0.75272757,0.6457618,0.91470206,1.0061036,0.8014038,0.90112156,0.9276722,0.8831922,0.7959106,0.76523995,1.1946288,0.8535156,0.8515625,74.3454,2.3437505,279.4874,287.979,0.0,101.999985,99.90234,0.0,279.93787,280.8997,511.875,540.75,-2.983877,419.125,0.0,439.875,79.82713,45.999996,191.156,0.0,92.54,278.96875,0.89416504,0.4333496,63.067627,66.2796,2.6367188,92.28,92.39,90.11,90.41,0
322673.0,0.110609934,4.1676908,1.5485469,1.6024101,101.67921,19.54886,13.781096,25.690823,416.76013,249.5181,64.557,0.0,3.956,19.001,36.438,0.0,97.047806,2.0,0.0,318.375,193.875,4267.0,0.0,-4.5625,1.248291,466.92517,20096.555,20000.502,1100.0834,509.44525,135.05315,122.42105,0.0,-0.6683512,3.0,92.7887,25.34772,-4.1249948,-4.1249948,7.608,0.0,14.2265625,0.9301758,0.0,0.0,0.0,0.0,0.0,2.03125,1.71875,2.0117188,1.8554688,1.0045015,0.767834,0.9188983,0.83886474,0.77660793,0.7546349,0.6519417,0.92477304,1.2318609,0.79514766,0.7690547,0.82116425,1.0813305,0.7896544,0.6530861,1.0575265,0.85058594,0.8496094,74.35913,2.3437505,278.76324,288.18866,0.0,101.999985,99.90234,0.0,279.00092,280.8997,512.25,540.75,-3.0121017,414.5625,0.0,439.78125,79.82713,45.999996,191.13159,0.0,92.88,279.0625,0.94299316,1.9897461,62.95166,67.80548,2.631836,92.9,92.9,90.89,90.89,0
322673.03,0.16848794,4.1420765,1.5434688,1.6022406,101.67946,19.54886,13.765908,25.681374,415.43253,250.99657,64.557,0.0,3.956,19.001,36.438,0.0,96.88637,2.0,0.0,318.375,193.875,4306.0,0.0,-4.4453125,1.2576904,470.44916,19990.42,20000.502,1100.0834,510.24127,136.0705,122.39986,0.0,-0.69093084,3.0,93.125916,25.29415,-4.1249948,-4.1249948,7.544,0.0,15.09375,0.94018555,0.0,0.0,0.0,0.0,0.0,1.875,1.5820312,1.8554688,1.71875,1.01915,0.7680629,0.93507284,0.860914,0.80216676,0.75532156,0.67475396,0.9700923,1.1276417,0.9588769,1.2958724,1.3716335,0.9898527,0.95231557,1.1004807,1.6919967,0.85253906,0.8486328,74.35913,2.3437505,278.69836,288.90765,0.0,101.999985,99.90234,0.0,279.10867,280.8997,512.625,540.375,-3.0346813,413.53125,0.0,439.875,79.82713,45.999996,191.61987,0.0,93.43,282.0625,1.0253906,1.0040283,62.249756,66.23688,2.6269531,93.83,93.4,91.7,91.56,0
322673.06,0.23479034,4.150581,1.5407822,1.6022406,101.67969,19.54886,13.755277,25.594841,417.28464,251.82281,64.557,0.0,3.956,19.001,36.438,0.0,96.75722,2.0,0.0,319.125,193.875,4301.0,0.0,-4.3046875,1.2573242,470.84717,19964.418,20000.502,1100.0834,510.24127,136.76991,122.590614,0.0,-0.7089946,3.0,93.463135,25.245937,-4.1249948,-4.1249948,7.508,0.0,15.265625,0.9390259,0.0,0.0,0.0,0.0,0.0,1.8945312,1.6015625,1.8359375,1.7382812,1.0328069,0.77866787,0.9198901,0.87464714,0.82108796,0.76844436,0.6736095,0.99481195,1.3376058,0.8330663,0.7927062,0.8918898,1.1741054,0.8273442,0.67315173,1.1002518,0.8535156,0.8486328,74.41559,2.3437505,278.10214,288.74188,0.0,101.999985,99.90234,0.0,278.51166,280.8997,513.0,540.375,-3.052745,409.09375,0.0,440.0,79.82713,45.999996,191.1438,0.0,93.7,281.71875,1.1108398,1.5380859,62.322998,66.94794,2.6171875,93.94,94.15,92.35,92.18,0
322673.1,0.32783228,4.2102327,1.535948,1.6021982,101.6799,19.54886,13.771272,25.572296,421.79462,255.84651,64.557,0.0,3.956,19.001,36.438,0.0,96.6539,2.0,0.0,317.625,193.875,4323.0,0.0,-4.171875,1.2588501,471.96655,19804.154,20000.502,1100.0834,510.24127,138.59267,122.590614,0.0,-0.72344565,3.0,94.18793,25.202545,-4.1249948,-4.1249948,7.556,0.0,15.328125,0.9475708,0.0,0.0,0.0,0.0,0.0,1.9140625,1.6015625,1.8359375,1.7382812,1.0389105,0.7756161,0.9163806,0.8799878,0.8358892,0.7656214,0.67605096,1.0108339,1.1447319,0.6744488,0.85008013,0.9813077,1.0048829,0.66979474,0.72182804,1.2105745,0.85253906,0.8486328,74.41559,2.3437505,277.94696,289.11823,0.0,101.999985,99.90234,0.0,278.37073,280.8997,513.0,540.375,-3.0671961,408.75,0.0,439.875,79.82713,45.999996,191.28418,0.0,94.36,284.28125,1.1932373,2.545166,61.8042,67.51251,2.6171875,94.4,94.34,92.58,92.9,0
322673.16,0.40226582,4.234093,1.5300943,1.6019864,101.67926,19.54886,13.770749,25.48301,421.96796,257.9647,64.557,0.0,3.956,19.001,36.438,0.0,96.57124,2.0,0.0,316.875,193.875,4357.0,0.0,-3.96875,1.2680054,475.93,20139.008,20000.502,1100.0834,510.77194,134.54446,122.01836,0.0,-0.7350066,3.0,92.09442,25.163492,-4.1249948,-4.1249948,7.548,0.0,14.59375,0.9543457,0.0,0.0,0.0,0.0,0.0,1.9335938,1.5820312,1.8164062,1.7382812,1.0549325,0.76981765,0.9126421,0.87785155,0.8564126,0.7602808,0.67803466,1.0119784,1.4120699,0.7565423,1.0193789,0.90714884,1.2395667,0.7513542,0.89486533,1.1190203,0.8544922,0.8466797,74.41559,2.3437505,277.33087,289.9882,0.0,102.09998,99.90234,0.0,277.7157,280.8997,513.0,540.0,-3.078757,411.90625,0.0,439.59375,79.82713,45.999996,191.82129,0.0,94.72,286.3125,1.2695312,3.3843994,61.2854,67.951965,2.6220703,94.95,95.03,93.23,93.23,0
322673.2,0.46181265,4.1873875,1.5259699,1.6018168,101.67868,19.54886,13.770384,25.467293,417.5478,257.25443,64.557,0.0,3.956,19.001,36.438,0.0,96.50511,2.0,0.0,316.125,194.25,4391.0,0.0,-3.921875,1.277771,480.15878,20033.404,20000.502,1100.0834,510.77194,136.0493,122.31508,0.0,-0.7442553,3.0,92.666626,25.128345,-3.7499952,-3.7499952,7.516,0.0,14.3671875,0.9592285,0.0,0.0,0.0,0.0,0.0,1.9335938,1.5820312,1.796875,1.7382812,1.0595102,0.7751583,0.9171435,0.8773175,0.86465245,0.76676583,0.69481957,1.0184634,1.1172656,0.89448386,0.915465,0.8423743,0.98069733,0.8883802,0.8036164,1.0390631,0.85058594,0.84472656,74.435425,2.3437505,277.22195,290.62036,0.0,102.18999,99.90234,0.0,277.73224,280.8997,513.75,540.0,-3.0880058,414.53125,0.0,440.0,79.82713,45.999996,192.34619,0.0,95.35,287.78125,1.361084,2.557373,60.87036,66.86859,2.619629,95.65,95.62,93.55,94.08,0
322673.22,0.46945012,4.112455,1.5154238,1.6016896,101.678986,19.54886,13.764269,25.340513,413.3807,256.3691,64.557,0.0,3.956,19.001,36.438,0.0,96.45221,2.0,0.0,314.625,194.25,4420.0,0.0,-3.7109375,1.2850342,482.88678,19979.807,20000.502,1100.0834,511.56796,135.58301,121.29773,0.0,-0.59540415,3.0,92.28821,25.096714,-3.7499952,-3.7499952,7.532,0.0,15.234375,0.9645386,0.0,0.0,0.0,0.0,0.0,1.8945312,1.5820312,1.796875,1.7578125,1.0574502,0.78675514,0.9150835,0.88822764,0.87113756,0.78065157,0.6986343,1.0375372,0.9722286,1.0054933,0.8693828,1.130541,0.8831922,0.9985504,0.76317996,1.3945984,0.85546875,0.84375,74.435425,2.3437505,276.3484,291.6804,0.0,102.27099,99.90234,0.0,276.7953,280.83337,513.75,540.0,-2.9391546,413.53125,0.0,440.0,79.82713,45.999996,191.99829,0.0,96.0,289.375,1.486206,4.147339,60.455322,68.22357,2.6220703,96.68,96.37,94.36,94.4,0
322673.25,0.4955601,4.101232,1.5115738,1.6016471,101.67926,19.54886,13.759988,25.27342,414.9302,258.08694,64.557,0.0,3.956,19.001,36.438,0.0,96.40988,2.0,0.0,314.625,194.25,4433.0,0.0,-3.5703125,1.2869873,484.1803,20154.928,20000.502,1100.0834,511.56796,134.67163,122.27269,0.0,-0.47632337,3.0,91.85028,25.068245,-3.7499952,-3.7499952,7.512,0.0,15.1015625,0.9711304,0.0,0.0,0.0,0.0,0.0,1.9140625,1.5820312,1.796875,1.7578125,1.0682842,0.7883574,0.9098955,0.8950179,0.8873121,0.7825589,0.7044327,1.0539407,1.1759366,0.82436866,0.85580224,1.1203173,1.0682842,0.81872284,0.7512779,1.3819333,0.8535156,0.84375,74.49951,2.3437505,275.8862,291.8971,0.0,102.34389,99.90234,0.0,276.44702,280.70068,514.125,539.625,-2.8200738,412.8125,0.0,440.09375,79.82713,45.999996,191.96777,0.0,96.54,291.34375,1.5991211,4.321289,60.040283,68.11981,2.619629,96.59,96.68,94.59,95.18,0
322673.3,0.5364481,4.115493,1.5079585,1.60152,101.679504,19.54886,13.762851,25.278496,416.7128,260.83286,64.557,0.0,3.956,19.001,36.438,0.0,96.37602,2.0,0.0,314.625,194.25,4461.0,0.0,-3.4296875,1.2918701,486.56003,19925.678,20000.502,1100.0834,511.56796,136.66394,121.93357,0.0,-0.3810587,3.0,92.655945,25.042624,-3.7499952,-3.7499952,7.488,0.0,15.3671875,0.9758301,0.0,0.0,0.0,0.0,0.0,1.9335938,1.6210938,1.796875,1.7773438,1.0774395,0.8082704,0.91676205,0.9005112,0.9052415,0.8059052,0.71633476,1.0645456,1.177615,1.1490043,0.92370486,1.0234226,1.0697337,1.1410697,0.81078815,1.2624552,0.8535156,0.84277344,74.49951,2.3437505,275.92142,292.5292,0.0,102.4095,99.90234,0.0,276.39728,280.50998,514.125,539.625,-2.7248092,412.40625,0.0,439.875,79.82713,45.999996,192.39502,0.0,97.06,292.75,1.7333984,4.058838,59.692383,67.674255,2.614746,97.33,97.43,95.54,95.39,0
322673.34,0.5691585,4.121197,1.4982902,1.6013929,101.6789,19.54886,13.747276,25.20066,416.74295,262.07968,64.557,0.0,3.956,19.001,36.438,0.0,96.04819,2.0,0.0,314.625,194.25,4482.0,0.0,-3.4375,1.296814,488.43396,19881.633,20000.502,1100.0834,512.09863,136.55797,121.318924,0.0,-0.304847,3.0,92.46216,25.019564,-3.7499952,-3.7499952,7.44,0.0,15.4296875,0.9789429,0.0,0.0,0.0,0.0,0.0,1.9335938,1.6210938,1.7578125,1.7773438,1.0766766,0.8052949,0.9118791,0.9139391,0.9082933,0.8027772,0.7221332,1.0853742,1.1249714,0.74952316,0.81551844,1.0547799,1.021973,0.7444114,0.74082553,1.2361333,0.85253906,0.8408203,74.49951,2.3437505,275.3843,293.77368,0.0,102.46855,99.90234,0.0,275.8417,280.2115,514.125,539.625,-2.6485975,411.34375,0.0,440.0,79.82713,45.999996,192.1936,0.0,97.59,293.6875,1.864624,4.7821045,59.44214,68.33954,2.6171875,97.86,97.94,95.65,96.29,0
322673.38,0.5753268,4.085979,1.5003093,1.6012232,101.67836,19.54886,13.753953,25.113266,414.04672,262.6498,64.557,0.0,3.956,19.001,36.438,0.0,95.78592,2.0,0.0,313.5,194.25,4521.0,0.0,-3.4765625,1.3067627,492.16525,19925.678,20000.502,1100.0834,512.09863,137.17262,122.35747,0.0,-0.24387765,3.0,92.60559,24.99881,-3.7499952,-3.7499952,7.46,0.0,15.140625,0.98187256,0.0,0.0,0.0,0.0,0.0,1.953125,1.6210938,1.7773438,1.7773438,1.0930037,0.8036927,0.9233234,0.91371024,0.9327077,0.80109864,0.73983365,1.0843824,1.4100099,0.8302434,0.66407263,0.90890366,1.2809186,0.82452124,0.6032654,1.065156,0.8535156,0.83984375,74.53461,2.3437505,274.78137,292.73932,0.0,102.5217,99.90234,0.0,275.29446,279.84665,514.875,539.625,-2.5876281,410.34375,0.0,439.875,79.82713,45.999996,193.0542,0.0,98.25,294.5625,1.9958496,5.0109863,59.124756,68.43109,2.614746,98.6,98.6,96.53,96.59,0
322673.4,0.5802614,4.034392,1.5030557,1.6011809,101.678696,19.54886,13.746907,25.092909,411.13913,262.2476,64.557,0.0,3.956,19.001,36.438,0.0,95.5761,2.0,0.0,310.875,194.25,4546.0,0.0,-3.65625,1.3167725,495.9463,20024.383,20000.502,1100.0834,512.89465,136.17647,122.18791,0.0,-0.038851976,3.0,91.97235,24.904943,-3.7499952,-3.7499952,7.496,0.0,14.9296875,0.98687744,0.0,0.0,0.0,0.0,0.0,1.9726562,1.6210938,1.7578125,1.796875,1.1017014,0.80659187,0.91004807,0.92576486,0.9451438,0.80437934,0.7376211,1.0998703,1.134966,0.870985,0.9092851,1.2114137,1.0309758,0.8650339,0.8260471,1.4196231,0.8496094,0.8388672,74.53461,2.3437505,274.6414,292.0641,0.0,102.56953,99.90234,0.0,275.1535,279.3823,514.875,539.625,-2.3826025,413.0625,0.0,439.59375,79.82713,45.999996,193.95752,0.0,98.82,296.0625,2.1362305,4.5166016,58.6792,67.73529,2.6171875,98.96,99.41,96.94,97.28,0
322673.47,0.52420914,3.995007,1.504448,1.601096,101.679,19.54886,13.736116,24.989786,409.96475,262.59143,64.557,0.079,3.956,19.001,36.438,0.0,95.40825,2.0,0.0,308.25,194.25,4565.0,0.0,-3.609375,1.3261719,499.48688,20101.861,20000.502,1100.0834,512.89465,136.70633,123.565575,0.0,0.12516856,3.0,92.22717,24.820463,-3.3749957,-3.7499952,7.584,0.0,14.484375,0.9916382,0.0,0.0,0.0,0.0,0.0,1.953125,1.640625,1.7578125,1.796875,1.0959792,0.8239109,0.9132525,0.93347067,0.9456779,0.82421607,0.7455558,1.1097124,0.9623865,0.94949263,0.8950179,1.1042191,0.8742657,0.94293123,0.8130007,1.2940414,0.84765625,0.8388672,74.58954,2.3437505,273.93088,290.98102,0.0,102.61257,99.90234,0.0,274.51508,279.0092,515.25,539.625,-2.218582,412.53125,0.0,439.375,79.82713,45.999996,194.25049,0.0,99.56,297.5,2.29187,4.458618,58.258057,67.48505,2.619629,99.98,99.68,97.71,97.76,0
322673.5,0.4593673,3.960503,1.5088096,1.6010114,101.679276,19.54886,13.740281,24.97178,408.42538,263.61118,64.557,0.121,3.956,19.001,36.438,0.0,95.273964,2.0,0.0,309.0,194.625,4600.0,0.0,-3.6015625,1.3386841,504.1966,19888.0,20000.502,1100.0834,512.89465,138.35953,123.09929,0.0,0.2563851,3.0,92.87109,24.744432,-3.3749957,-3.3749957,7.504,0.0,14.5546875,0.9934082,0.0,0.0,0.0,0.0,0.0,1.9726562,1.6601562,1.7578125,1.8164062,1.1004044,0.827039,0.9017319,0.940795,0.9529259,0.82757306,0.7434195,1.1181811,0.9118791,0.89692533,0.703212,1.0813305,0.828336,0.8907454,0.638819,1.2671854,0.84375,0.83691406,74.58954,2.3437505,273.80704,289.98694,0.0,102.65131,99.90234,0.0,274.38242,278.55313,515.625,539.625,-2.0873654,415.6875,0.0,438.875,79.82713,45.999996,195.63599,0.0,100.07,298.03125,2.4047852,4.3273926,57.97119,67.26532,2.614746,100.09,100.42,98.01,98.14,0
322673.53,0.40749383,3.9467015,1.5107754,1.6008841,101.678696,19.54886,13.731478,24.908548,408.45007,265.9768,64.557,0.159,3.956,19.001,36.438,0.0,95.166534,2.0,0.0,306.0,194.625,4641.0,0.0,-3.59375,1.3510742,508.87314,19896.49,20000.502,1100.0834,513.6906,139.05896,123.62916,0.0,0.36135817,3.0,92.91229,24.676004,-3.3749957,-3.3749957,7.572,0.0,14.640625,0.99664307,0.0,0.0,0.0,0.0,0.0,2.0117188,1.6601562,1.7578125,1.8164062,1.100557,0.8285649,0.9130236,0.9440757,0.95925844,0.82902265,0.76112,1.1218433,1.3170062,0.85458153,1.1641108,1.0163271,1.1963836,0.8487068,1.0914016,1.1909666,0.8417969,0.83496094,74.58954,2.3437505,273.3706,289.1555,0.0,102.68618,99.90234,0.0,274.00925,277.8815,515.625,539.625,-1.9823923,415.0,0.0,438.59375,79.82713,45.999996,196.74683,0.0,100.29,299.0,2.496338,4.3914795,57.592773,67.134094,2.6123047,101.24,100.92,98.45,98.6,0
322673.56,0.36599505,3.9036808,1.5064188,1.6008841,101.67818,19.54886,13.748753,24.757675,405.72083,265.16733,64.557,0.195,3.956,19.001,36.438,0.0,95.0806,2.0,0.0,303.375,194.625,4658.0,0.0,-3.5234375,1.3552246,510.43198,19990.951,20000.502,1100.0834,513.6906,137.36337,122.90853,0.0,0.44533658,3.0,92.09442,24.614418,-3.3749957,-3.3749957,7.632,0.0,14.765625,1.0095825,0.0,0.0,0.0,0.0,0.0,2.2070312,1.8554688,2.03125,2.03125,1.1153582,0.8505379,0.97268635,0.9652857,0.9716945,0.8373388,0.7941558,1.1307698,1.3087664,1.0483711,1.1533532,1.0424963,1.226978,1.041123,1.0812542,1.2216372,0.8359375,0.83496094,74.63837,2.3437505,272.33014,288.69373,0.0,102.71756,99.90234,0.0,272.88156,277.41714,516.75,539.625,-1.8984139,414.625,0.0,438.5,79.82713,45.999996,196.07544,0.0,101.16,302.875,2.697754,5.5145264,56.732178,67.689514,2.6123047,102.11,102.09,99.17,99.37,0
322673.62,0.31279606,3.9052224,1.5107645,1.6007571,101.67687,19.54886,13.749126,24.685568,407.2287,268.4955,64.557,0.239,3.956,19.001,36.438,0.0,95.01184,2.0,0.0,303.75,195.0,4699.0,0.0,-3.375,1.3657837,514.39545,20076.389,20000.502,1100.0834,514.48663,137.51173,123.904686,0.0,0.35626936,3.0,92.01355,24.55899,-2.9999962,-2.9999962,7.604,0.0,14.625,1.0060425,0.0,0.0,0.0,0.0,0.0,2.2460938,1.9335938,2.1289062,2.0898438,1.1355764,0.9005112,1.0215915,0.9998474,0.9831388,0.85900664,0.8248264,1.1472496,1.2768749,1.0772107,1.2644389,1.3364614,1.1970702,1.06981,1.1854734,1.566186,0.83496094,0.8330078,74.63837,2.3437505,271.83182,287.4634,0.0,102.745804,99.90234,0.0,272.53333,276.9694,516.75,539.25,-1.9874811,417.40625,0.0,438.0,79.82713,45.999996,197.84546,0.0,102.39,301.8125,2.8625488,4.0802,56.799316,66.53595,2.6123047,101.96,102.26,99.53,99.93,0
322673.66,0.29023683,3.905839,1.5080466,1.6006722,101.675705,19.54886,13.743529,24.526817,407.4418,269.77942,64.557,0.28,3.956,19.001,36.438,0.0,94.95684,2.0,0.0,301.5,195.0,4719.0,0.0,-3.21875,1.3695679,515.8216,20072.143,20000.502,1100.0834,514.48663,137.51173,123.904686,0.0,0.28501558,3.0,91.859436,24.509106,-2.9999962,-2.9999962,7.636,0.0,14.5546875,1.0240479,0.0,0.0,0.0,0.0,0.0,2.2460938,1.9726562,2.0898438,2.1875,1.1330587,0.91462576,1.0051118,1.0603495,0.99031055,0.86648357,0.8252842,1.1799802,1.0885786,0.95689327,0.88990617,1.188983,1.0205234,0.95033187,0.83428705,1.3933775,0.83203125,0.83203125,74.694824,2.3437505,270.7364,286.71704,0.0,102.771225,99.90234,0.0,271.33932,276.60455,517.125,539.25,-2.058735,417.375,0.0,437.875,79.82713,45.999996,197.7478,0.0,102.67,307.21875,3.0426025,5.697632,55.621338,67.19818,2.614746,103.69,103.08,100.09,100.09,0
322673.7,0.31218946,3.8873358,1.5049753,1.6006298,101.67465,19.54886,13.751329,24.425308,405.9822,269.83832,64.557,0.32,3.956,19.001,36.438,0.0,94.91284,2.0,0.0,303.0,195.0,4737.0,0.0,-3.09375,1.3717041,516.6342,19935.23,20000.502,1100.0834,514.48663,139.03777,124.03186,0.0,0.22801256,3.0,92.453,24.46421,-2.9999962,-2.9999962,7.548,0.0,14.5390625,1.0368652,0.0,0.0,0.0,0.0,0.0,2.3046875,2.0117188,2.1289062,2.2070312,1.1394675,0.9410239,1.043412,1.0659189,0.9964141,0.8814374,0.8551919,1.1857786,0.8986038,1.0888075,1.2822156,1.1240559,0.8923476,1.0813305,1.2733654,1.3172351,0.8300781,0.8310547,74.694824,2.3437505,270.03564,286.49057,0.0,102.794106,99.90234,0.0,270.6511,276.1651,517.5,539.25,-2.115738,420.40625,0.0,437.59375,79.82713,45.999996,197.93091,0.0,103.0,311.0625,3.2226562,5.9539795,54.785156,66.83502,2.6123047,103.13,103.76,100.38,100.82,0
322673.72,0.32975155,3.8799343,1.5037011,1.6006298,101.67454,19.54886,13.75679,24.406248,406.4223,270.58704,64.557,0.359,3.956,19.001,36.438,0.0,94.727264,2.0,0.0,300.75,195.0,4745.0,0.0,-2.9296875,1.371582,516.5845,19973.438,20000.502,1100.0834,514.752,137.46935,122.86614,0.0,0.18241024,3.0,91.69617,24.423803,-2.9999962,-2.9999962,7.612,0.0,14.3984375,1.0366211,0.0,0.0,0.0,0.0,0.0,2.0898438,1.875,1.953125,2.0507812,1.1380942,0.9552148,1.0455482,1.0874342,1.0103761,0.91020066,0.86694133,1.2154574,1.3785763,1.1565576,1.1451133,1.4050508,1.3691157,1.2210269,1.1371787,1.6465248,0.82910156,0.8310547,74.694824,2.3437505,269.90414,286.5807,0.0,102.8147,99.90234,0.0,270.51843,275.87488,517.5,538.875,-2.1613402,420.1875,0.0,437.375,79.82713,45.999996,197.89429,0.0,103.91,311.0,3.3874512,4.9987793,54.80957,66.075134,2.602539,103.59,103.25,101.21,101.28,0
322673.78,0.38380125,3.8957238,1.5010412,1.6006298,101.67443,19.54886,13.754753,24.342087,408.2213,271.7275,64.557,0.4,3.956,19.001,36.438,0.0,94.578804,2.0,0.0,301.125,195.0,4744.0,0.0,-2.765625,1.3730469,517.1317,20007.932,20000.502,1100.0834,514.752,137.06665,122.76017,0.0,0.14592838,3.0,91.50238,24.387438,-2.9999962,-2.9999962,7.596,0.0,14.171875,1.0343628,0.0,0.0,0.0,0.0,0.0,2.0898438,1.875,1.9335938,2.0703125,1.1319906,0.9643702,1.039826,1.0959792,1.0104524,0.9266041,0.87899595,1.2333105,1.0138857,1.1679255,0.8535897,1.3095293,1.0068666,1.2330053,0.84771496,1.5345998,0.8261719,0.8300781,74.72229,2.3437505,269.4618,286.5416,0.0,102.83323,99.90234,0.0,270.08725,275.6759,517.5,538.875,-2.197822,420.25,0.0,437.5,79.82713,45.999996,197.59521,0.0,103.83,310.3125,3.540039,5.114746,54.919434,66.459656,2.5976562,103.88,103.92,101.66,102.01,0
322673.8,0.46704102,3.9207897,1.5041507,1.600545,101.67517,19.54886,13.753327,24.336102,409.87372,274.32266,64.557,0.44,3.956,19.001,36.438,0.0,94.46004,2.0,0.0,299.625,195.0,4770.0,0.0,-2.6171875,1.3756714,518.1267,19916.656,20000.502,1100.0834,515.01733,138.29594,122.95092,0.0,0.11674285,3.0,91.94183,24.35471,-2.9999962,-2.9999962,7.636,0.0,14.0078125,1.038208,0.0,0.0,0.0,0.0,0.0,2.0898438,1.9335938,1.953125,2.0898438,1.1348897,0.99145496,1.0472267,1.1166552,1.0262455,0.96932936,0.8954757,1.2645152,1.3341726,1.1043717,1.3106737,1.5237659,1.3250172,1.1659418,1.3016709,1.7856871,0.82910156,0.82910156,74.72229,2.3437505,269.42126,285.90863,0.0,102.84991,99.90234,0.0,270.0375,275.4686,517.5,538.875,-2.2270076,416.3125,0.0,437.28125,79.82713,45.999996,198.40698,0.0,103.94,311.46875,3.6956787,4.2938232,54.63867,65.53192,2.5878906,104.18,104.18,102.13,102.47,0
322673.84,0.5136328,3.8933158,1.4991508,1.60046,101.67583,19.54886,13.752329,24.137821,407.15228,274.0437,64.557,0.479,3.956,19.001,36.438,0.0,94.36502,2.0,0.0,300.75,195.0,4797.0,0.0,-2.625,1.3800049,519.7519,19979.807,20000.502,1100.0834,515.01733,140.26706,125.557884,0.0,0.09339452,3.0,92.89093,24.325253,-2.9999962,-2.9999962,7.56,0.0,13.75,1.0498047,0.0,0.0,0.0,0.0,0.0,2.109375,1.9335938,1.9726562,2.1484375,1.1503776,0.99465936,1.0634012,1.1432822,1.0543221,0.97726405,0.9286641,1.3056382,1.1932555,1.0117495,1.1725032,1.3476769,1.1850157,1.0681316,1.1644922,1.5793087,0.8261719,0.8125,74.74365,2.3437505,268.0552,285.40836,0.0,102.864914,99.90234,0.0,268.70255,275.19498,517.875,538.5,-2.250356,414.375,0.0,437.0,79.82713,45.999996,198.35205,0.0,104.46,314.9375,3.9001465,6.0699463,53.845215,66.74957,2.5830078,104.82,104.86,102.94,103.08,0
322673.88,0.5709062,3.8635764,1.4980776,1.6004179,101.67642,19.54886,13.75163,24.082792,405.61072,273.97363,64.557,0.52,3.956,19.001,36.438,0.0,94.28901,2.0,0.0,295.875,195.0,4814.0,0.0,-2.6171875,1.3813477,520.2577,20151.213,20000.502,1100.0834,515.01733,138.02042,125.19757,0.0,0.07471585,3.0,91.65497,24.298742,-2.6249967,-2.9999962,7.72,0.0,13.6171875,1.0617676,0.0,0.0,0.0,0.0,0.0,2.109375,1.953125,2.0117188,2.1484375,1.1439688,1.0055696,1.0813305,1.1425955,1.0524148,0.9980163,0.96627754,1.3065537,1.0238041,1.2320898,1.2800031,1.4794384,1.0167849,1.3007553,1.3514153,1.7337301,0.8222656,0.81347656,74.74365,2.3437505,267.67648,285.11923,0.0,102.878426,99.90234,0.0,268.37915,274.90475,518.25,538.5,-2.2690346,413.5625,0.0,436.78125,79.82713,45.999996,198.68164,0.0,104.94,318.53125,4.122925,5.5267334,53.668213,66.27655,2.5878906,105.14,105.26,103.09,103.65,0
322673.94,0.596725,3.8329306,1.4970988,1.6003332,101.676125,19.54886,13.751141,23.985552,404.4257,274.76205,64.557,0.559,3.956,19.001,36.438,0.0,94.228195,2.0,0.0,296.625,195.375,4842.0,0.0,-2.6796875,1.3843994,521.4103,20048.264,20000.502,1100.0834,515.548,138.76222,125.19757,0.0,0.05977273,3.0,91.859436,24.274883,-2.6249967,-2.6249967,7.66,0.0,13.5390625,1.0741577,0.0,0.0,0.0,0.0,0.0,2.1289062,1.9726562,2.0117188,2.1679688,1.1557183,1.0171664,1.0792706,1.1635004,1.0745404,1.0189974,0.9729915,1.3385214,1.3517967,1.2915999,1.2278935,1.3064011,1.3424888,1.3636225,1.2963302,1.531014,0.8154297,0.8144531,74.74365,2.3437505,267.00592,284.54898,0.0,102.89059,99.90234,0.0,267.6329,274.5731,518.625,538.875,-2.2839777,416.125,0.0,436.59375,79.82713,45.999996,198.63892,0.0,105.65,322.25,4.370117,6.726074,53.4729,67.552185,2.5830078,105.59,105.49,103.95,103.99,0
322673.97,0.61738,3.7831721,1.4932494,1.6002481,101.67586,19.54886,13.750798,23.869171,401.3632,274.08932,64.557,0.6,3.956,19.001,36.438,0.0,94.17955,2.0,0.0,294.75,195.375,4867.0,0.0,-2.7265625,1.3917236,524.1797,20156.52,20000.502,1100.0834,515.548,136.38841,124.201416,0.0,0.047818422,3.0,90.57312,24.25341,-2.6249967,-2.6249967,7.668,0.0,13.3203125,1.0738525,0.0,0.0,0.0,0.0,0.0,2.1289062,1.9726562,2.0117188,2.2460938,1.153048,1.022736,1.0878919,1.2036316,1.0756085,1.0287633,1.0001526,1.3964294,1.3584344,1.1468681,1.1374838,1.7649348,1.3490502,1.2108034,1.200885,2.068284,0.81347656,0.8173828,74.77875,2.3437505,266.20346,284.31094,0.0,102.90153,99.90234,0.0,266.87006,274.19168,519.0,538.875,-2.295932,416.0,0.0,436.1875,79.82713,45.999996,199.11499,0.0,105.95,322.15625,4.574585,5.718994,53.381348,66.72516,2.5878906,106.31,106.27,104.25,104.56,0
322674.03,0.633904,3.763269,1.4893733,1.6002482,101.67479,19.54886,13.756418,23.733923,401.72327,275.01163,64.557,0.639,3.956,19.001,36.438,0.0,93.99026,2.0,0.0,295.5,195.375,4879.0,0.0,-2.7109375,1.3932495,524.7435,19922.494,20000.502,1100.0834,516.0787,137.53293,122.972115,0.0,0.038254976,3.0,91.12396,24.234083,-2.6249967,-2.6249967,7.636,0.0,13.1953125,1.0668335,0.0,0.0,0.0,0.0,0.0,2.1289062,2.0117188,2.0117188,2.2460938,1.1593804,1.0408179,1.0906386,1.2061493,1.0902572,1.0563058,1.0186923,1.4006256,1.111696,1.3454642,1.0388342,1.3675135,1.1040665,1.4204624,1.0967422,1.6025788,0.8105469,0.8203125,74.77875,2.3437505,265.27014,283.98294,0.0,102.91138,99.90234,0.0,265.90817,273.8517,519.0,538.875,-2.3054955,415.5,0.0,436.1875,79.82713,45.999996,199.11499,0.0,106.48,320.0625,4.8065186,4.9957275,53.43628,66.30707,2.5830078,106.66,106.66,104.96,105.17,0
322674.06,0.6271232,3.7740579,1.4855487,1.6001635,101.67383,19.54886,13.748633,23.608698,403.53812,277.44305,64.557,0.679,3.956,19.001,36.438,0.0,93.83882,2.0,0.0,296.25,195.375,4900.0,0.0,-2.671875,1.3973999,526.319,19881.633,20000.502,1100.0834,516.0787,141.94145,126.80837,0.0,-0.12564588,3.0,93.0954,24.21669,-2.6249967,-2.6249967,7.588,0.0,13.1328125,1.074585,0.0,0.0,0.0,0.0,0.0,2.1679688,2.03125,2.0117188,2.265625,1.1646448,1.0550088,1.0885786,1.2166781,1.1024643,1.0761425,1.02327,1.4163424,1.2832837,1.3118181,1.0507362,1.2961776,1.2744335,1.3849851,1.1092546,1.5189593,0.81152344,0.7998047,74.82147,2.3437505,264.406,283.7552,0.0,102.92024,99.90234,0.0,265.04587,273.5532,519.0,538.875,-2.4693964,413.90625,0.0,436.0,79.82713,45.999996,198.97461,0.0,106.91,322.375,5.0476074,6.930542,53.302002,68.3609,2.5854492,107.1,107.22,105.59,105.64,0
322674.12,0.6016985,3.7783732,1.4882958,1.6001209,101.67296,19.54886,13.754903,23.56125,403.55118,278.7544,64.557,0.721,3.956,19.001,36.438,0.0,93.717674,2.0,0.0,290.25,195.375,4923.0,0.0,-2.5390625,1.3999634,527.2891,19979.807,20000.502,1100.0834,516.0787,140.58498,126.40567,0.0,-0.10051656,3.0,92.44232,24.201036,-2.6249967,-2.6249967,7.78,0.0,13.6171875,1.086731,0.0,0.0,0.0,0.0,0.0,2.1875,2.0703125,2.0507812,2.3046875,1.1777676,1.0773633,1.1033798,1.2430762,1.1252766,1.1076524,1.054017,1.4539559,1.0296788,1.3289082,1.2421607,1.2121004,1.087129,1.4029908,1.3113604,1.4204624,0.8105469,0.7998047,74.82147,2.3437505,264.0781,282.93506,0.0,102.928215,99.90234,0.0,264.84686,273.20496,519.375,538.5,-2.444267,412.21875,0.0,435.6875,79.82713,45.999996,199.69482,0.0,107.35,326.03125,5.3222656,5.984497,53.14331,67.57355,2.5805664,107.5,107.78,105.83,106.31,0
322674.16,0.5613588,3.7425995,1.4872173,1.6000364,101.67301,19.54886,13.753432,23.454283,400.63,278.14188,64.557,0.76,3.956,19.001,36.438,0.0,93.62076,2.0,0.0,286.875,195.75,4948.0,0.0,-2.453125,1.4017334,527.95245,20082.758,20000.502,1100.0834,516.8747,139.6736,126.51164,0.0,-0.0804131,3.0,91.85028,24.186947,-2.2499971,-2.2499971,7.86,0.0,13.859375,1.1004028,0.0,0.0,0.0,0.0,0.0,2.1875,2.0703125,2.0507812,2.3046875,1.174258,1.0808728,1.1068895,1.2449836,1.1341268,1.1135272,1.0640879,1.4567788,1.264744,1.2858015,1.1859312,1.2881666,1.3352407,1.3574426,1.2520027,1.509575,0.7998047,0.7998047,74.82147,2.3437505,263.34082,282.25565,0.0,102.935394,99.90234,0.0,264.09232,272.9396,519.375,538.5,-2.4241636,418.625,0.0,435.59375,79.82713,45.999996,199.85352,0.0,107.67,330.125,5.532837,6.0272217,53.00293,67.71088,2.5830078,107.9,108.02,106.38,106.5,0
322674.2,0.48908705,3.6532898,1.4856008,1.5999093,101.67306,19.54886,13.740684,23.31672,394.36923,275.95334,64.557,0.792,3.956,19.001,36.438,0.0,93.54322,2.0,0.0,288.75,195.75,4987.0,0.0,-2.25,1.4117432,531.7252,20185.176,20000.502,1100.0834,516.8747,136.8971,125.11279,0.0,-0.22058034,3.0,90.35797,24.174267,-2.2499971,-2.2499971,7.74,0.0,13.8984375,1.1011353,0.0,0.0,0.0,0.0,0.0,2.2070312,2.0898438,2.03125,2.34375,1.1812772,1.087663,1.0968947,1.2649729,1.1532006,1.1250477,1.0693523,1.4847028,1.1848631,1.2542154,1.0175478,1.6963454,1.2508583,1.3241016,1.1302358,1.987869,0.79296875,0.8027344,74.86267,2.3437505,262.39267,281.51694,0.0,102.94186,99.90234,0.0,263.1222,272.30115,519.75,538.125,-2.5643308,418.25,0.0,435.1875,79.82713,45.999996,200.37231,0.0,108.49,330.34375,5.8563232,6.311035,52.996826,68.39142,2.5854492,108.93,108.85,106.82,107.06,0
322674.22,0.41126966,3.598816,1.4767848,1.5999092,101.67227,19.54886,13.73176,23.175007,393.02676,275.84116,64.557,0.839,3.956,19.001,36.438,0.0,93.48119,2.0,0.0,290.625,195.75,5002.0,0.0,-2.109375,1.4157104,532.5958,20190.482,20000.502,1100.0834,517.40533,135.15912,124.476944,0.0,-0.33271432,3.0,89.37836,24.162855,-2.2499971,-2.2499971,7.672,0.0,13.234375,1.1030884,0.0,0.0,0.0,0.0,0.0,2.2070312,2.1484375,2.0117188,2.5390625,1.1875334,1.101854,1.089952,1.2617686,1.1657892,1.1596856,1.0823988,1.4919509,1.3718624,1.2576486,0.96177614,1.2566568,1.6076143,1.6195925,1.1864653,1.6926833,0.7919922,0.8046875,74.86267,2.3437505,261.41507,281.15018,0.0,102.94767,99.90234,0.0,262.21008,271.9363,520.125,538.125,-2.6764648,416.25,0.0,435.0,79.82713,45.999996,200.23804,0.0,108.97,330.9375,6.1401367,7.055664,52.978516,69.45038,2.5878906,109.3,109.3,107.37,107.5,0
322674.25,0.34901574,3.5770264,1.4745451,1.5998667,101.67156,19.54886,13.719654,23.088022,393.20547,276.90448,64.557,0.879,3.956,19.001,36.438,0.0,93.43157,2.0,0.0,292.5,195.75,5019.0,0.0,-2.078125,1.4178467,533.40015,20174.033,20000.502,1100.0834,517.40533,133.188,123.24765,0.0,-0.42242146,3.0,88.427734,24.152584,-2.2499971,-2.2499971,7.592,0.0,13.359375,1.0946655,0.0,0.0,0.0,0.0,0.0,2.2460938,2.1484375,2.03125,2.5195312,1.2091249,1.1020828,1.0968947,1.2589456,1.2179751,1.1732662,1.1058214,1.4986649,1.5138476,0.99809265,1.2516975,1.2056916,1.7740139,1.2853438,1.5440605,1.624094,0.7910156,0.7998047,74.86267,2.3437505,260.8148,281.7994,0.0,102.9529,99.90234,0.0,261.56332,271.67096,520.5,538.125,-2.766172,413.90625,0.0,434.6875,79.82713,45.999996,199.76807,0.0,109.34,328.40625,6.3690186,7.9711914,53.063965,70.68024,2.5976562,109.85,109.85,107.82,107.9,0
322674.3,0.2792126,3.5870605,1.4648052,1.5998669,101.67092,19.54886,13.717039,22.905928,394.74457,279.9823,64.557,0.914,3.956,19.001,36.438,0.0,93.39188,2.0,0.0,291.375,196.125,5055.0,0.0,-2.0546875,1.4194946,534.03033,20100.27,20000.502,1100.0834,517.40533,133.10323,123.77752,0.0,-0.49418712,3.0,88.23395,24.143341,-1.8749976,-1.8749976,7.576,0.0,13.3828125,1.1048584,0.0,0.0,0.0,0.0,0.0,2.2070312,2.1484375,2.03125,2.5,1.185092,1.1039902,1.0972762,1.2481117,1.2095064,1.2017243,1.1309224,1.5038528,0.7973602,1.4046693,1.1127641,1.2724499,0.9343862,1.8088808,1.3726254,1.7139696,0.796875,0.7998047,74.905396,2.3437505,259.559,282.2083,0.0,102.95761,99.90234,0.0,260.27814,270.6428,520.5,538.125,-2.8379376,414.09375,0.0,432.375,79.82713,45.999996,199.40186,0.0,110.05,331.46875,6.7871094,10.134888,52.960205,73.18268,2.6220703,110.23,110.43,108.07,108.59,0
322674.34,0.24337007,3.5723243,1.4576029,1.5999092,101.66952,19.54886,13.709349,22.796974,393.52936,280.11426,64.557,0.96,3.956,19.001,36.438,0.0,93.360115,2.0,0.0,291.0,196.125,5073.0,0.0,-2.109375,1.4199829,534.2127,20144.314,20000.502,1100.0834,518.73206,131.5772,123.01451,0.0,-0.70784974,3.0,87.4176,24.135021,-1.8749976,-1.8749976,7.568,0.0,12.84375,1.1147461,0.0,0.0,0.0,0.0,0.0,2.2070312,2.1679688,2.03125,2.4609375,1.183566,1.1140612,1.0987259,1.224384,1.2168307,1.2393378,1.151522,1.4895095,1.6488899,1.0610361,1.1351186,0.9483482,1.8315403,1.3663691,1.3302052,1.2774091,0.7939453,0.7998047,74.905396,2.3437505,258.80658,282.80722,0.0,102.96185,99.90234,0.0,259.5816,270.17847,520.875,538.125,-3.0516002,404.84375,0.0,430.28125,79.82713,45.999996,199.24316,0.0,110.68,334.4375,7.080078,10.916138,52.856445,74.15924,2.6586914,110.82,110.74,108.93,108.85,0
322674.38,0.19469605,3.5664296,1.4606558,1.5999515,101.66825,19.54886,13.715685,22.899618,393.70444,281.23325,64.557,1.0,3.956,19.001,36.438,0.0,93.33471,2.0,0.0,291.375,196.125,5091.0,0.0,-2.2421875,1.423645,534.959,20047.732,20000.502,1100.0834,518.73206,131.68317,122.18791,0.0,-0.72252965,3.0,87.39624,24.127533,-1.8749976,-1.8749976,7.54,0.0,12.9453125,1.0997925,0.0,0.0,0.0,0.0,0.0,2.2460938,2.1679688,2.03125,2.4414062,1.2039368,1.1207751,1.095674,1.2092012,1.2529945,1.2717632,1.1548791,1.4771496,1.2117952,0.87754637,1.1248951,1.0486763,1.3459983,1.1300832,1.3182269,1.4125277,0.79589844,0.7998047,75.009155,2.3437505,259.51282,283.00354,0.0,102.96567,99.90234,0.0,260.17862,269.7639,521.25,538.5,-3.0662801,402.21875,0.0,429.375,79.82713,45.999996,199.92676,0.0,111.16,329.9375,7.3303223,8.642578,53.009033,72.29462,2.6904297,111.51,111.47,109.3,109.38,0
322674.4,0.17575684,3.564072,1.4491943,1.599994,101.667114,19.54886,13.725979,22.704388,393.854,282.169,64.557,1.038,3.956,19.001,36.438,0.0,93.314384,2.0,0.0,291.375,196.5,5106.0,0.0,-2.328125,1.4243164,535.216,20036.588,20000.502,1100.0834,518.73206,132.14946,122.548225,0.0,-0.8905237,3.0,87.620544,24.120794,-1.4999981,-1.4999981,7.52,0.0,13.0234375,1.0959473,0.0,0.0,0.0,0.0,0.0,2.2265625,2.1875,2.0703125,2.4023438,1.1989013,1.1229877,1.0987259,1.1944762,1.2516212,1.2838178,1.1719692,1.4691386,1.2589456,1.1718166,1.1395438,1.0716411,1.3984131,1.509041,1.3354696,1.380026,0.7939453,0.7998047,75.009155,2.3437505,258.166,282.92157,0.0,102.9691,99.90234,0.0,258.94315,269.46536,521.25,538.5,-3.2342741,406.21875,0.0,428.5,79.82713,45.999996,199.73145,0.0,111.53,328.78125,7.5317383,10.458374,53.045654,74.38507,2.7148438,111.47,111.47,109.68,109.76,0
322674.47,0.16060548,3.5443788,1.4465615,1.6000364,101.66526,19.54886,13.709747,22.645046,392.35474,282.85654,64.557,1.072,3.956,19.001,36.438,0.0,92.997375,2.0,0.0,289.875,196.5,5138.0,0.0,-2.4296875,1.4281006,536.0203,20006.871,20000.502,1100.0834,520.0587,131.70436,121.84879,0.0,-1.0249188,3.0,87.324524,24.039541,-1.4999981,-1.4999981,7.52,0.0,13.1484375,1.1021729,0.0,0.0,0.0,0.0,0.0,2.3046875,2.2460938,2.0507812,2.4023438,1.2198062,1.14168,1.0908675,1.2138551,1.2870222,1.3287556,1.174258,1.5066758,1.0283055,1.2004273,0.94483864,1.0833906,1.1422141,1.4807355,1.107271,1.3952087,0.7890625,0.80078125,75.086975,2.3437505,257.7551,283.7849,0.0,102.97219,99.90234,0.0,258.57,268.5284,521.625,538.5,-3.3686693,404.125,0.0,425.78125,79.82713,45.999996,199.96338,0.0,112.1,330.65625,7.9101562,12.5,52.98462,76.76239,2.7783203,112.25,112.04,110.35,110.14,0
322674.5,0.16848439,3.5365016,1.4576468,1.6000788,101.6636,19.54886,13.710104,22.849682,392.47803,283.49612,64.557,1.12,3.956,19.001,36.438,0.0,92.74377,2.0,0.0,289.5,196.5,5148.0,0.0,-2.421875,1.4285889,536.21936,20299.803,20000.502,1100.0834,520.0587,126.7024,120.068436,0.0,-1.2886851,3.0,84.91516,23.966413,-1.4999981,-1.4999981,7.524,0.0,13.234375,1.1101074,0.0,0.0,0.0,0.0,0.0,2.2851562,2.2460938,2.0507812,2.4023438,1.2087435,1.142443,1.0880445,1.2073702,1.2814527,1.3381399,1.1819638,1.5011826,1.1832608,1.1103227,0.96955824,1.0141146,1.3144121,1.3696498,1.1361867,1.3059434,0.7861328,0.8017578,75.086975,2.3437505,259.16397,283.31747,0.0,102.974976,99.90234,0.0,259.72256,268.1387,522.0,538.5,-3.6324356,403.625,0.0,425.0,79.82713,45.999996,201.26343,0.0,112.48,333.03125,8.139038,7.8704834,52.905273,72.30682,2.8125,112.97,112.78,110.43,110.86,0
322674.53,0.19478752,3.533351,1.4443235,1.600121,101.662926,19.54886,13.704494,22.635616,392.8246,285.4,64.557,1.159,3.956,19.001,36.438,0.0,92.54088,2.0,0.0,293.25,196.875,5178.0,0.0,-2.3359375,1.4282227,536.07007,20100.27,20000.502,1100.0834,521.3854,128.14365,120.40755,0.0,-1.4996979,3.0,85.53772,23.900599,-1.1249986,-1.1249986,7.38,0.0,13.140625,1.1201172,0.0,0.0,0.0,0.0,0.0,2.2851562,2.2265625,2.0507812,2.34375,1.2048523,1.1363393,1.0874342,1.1813534,1.2838178,1.3376821,1.1859312,1.4729534,1.2745098,1.0420386,1.2172122,0.8783856,1.415732,1.2854201,1.4264134,1.1312276,0.78515625,0.80371094,75.086975,2.3437505,257.68777,284.15244,0.0,102.97748,99.90234,0.0,258.51196,267.49194,521.625,538.5,-3.8434484,408.125,0.0,423.59375,79.82713,45.999996,200.72632,0.0,112.82,336.03125,8.319092,12.530518,52.807617,77.049255,2.8271484,112.97,113.14,111.26,111.34,0
322674.6,0.19583002,3.4945908,1.4408594,1.6002059,101.662315,19.54886,13.724006,22.648685,389.6009,285.08047,64.557,1.2,3.956,19.001,36.438,0.0,92.37857,2.0,0.0,291.0,196.875,5215.0,0.0,-2.3828125,1.4265137,536.0535,20239.836,20000.502,1100.0834,521.3854,125.706245,119.83529,0.0,-1.668508,3.0,84.28192,23.841366,-1.1249986,-1.1249986,7.404,0.0,12.5546875,1.1385498,0.0,0.0,0.0,0.0,0.0,2.2851562,2.2265625,2.0507812,2.3242188,1.21149,1.1313802,1.0932326,1.1677729,1.2942703,1.334783,1.2026398,1.4602884,1.3154039,0.9921416,1.0975051,0.9577325,1.3887236,1.2238499,1.286183,1.2333105,0.79003906,0.7998047,75.18463,2.3437505,257.77725,284.98843,0.0,102.97973,99.90234,0.0,258.57,266.57153,522.375,538.5,-4.0122585,396.8125,0.0,421.1875,79.82713,45.999996,201.33057,0.0,113.53,341.5625,8.465576,11.303711,52.61841,75.78583,2.8271484,113.67,113.73,111.6,111.68,0
322674.62,0.17666401,3.4415865,1.4403884,1.6002482,101.6626,19.54886,13.7259445,22.609713,386.48712,283.34436,64.557,1.239,3.956,19.001,36.438,0.0,92.24872,2.0,0.0,291.375,197.25,5225.0,0.0,-2.3515625,1.4257812,535.7633,20253.633,20000.502,1100.0834,522.9774,124.582924,120.13202,0.0,-1.9598064,3.0,83.65784,23.788057,-0.74999905,-0.74999905,7.384,0.0,12.53125,1.1412354,0.0,0.0,0.0,0.0,0.0,2.3046875,2.2070312,2.0507812,2.3242188,1.2217135,1.1240559,1.0902572,1.1707485,1.3062485,1.3318074,1.2010376,1.4705882,1.0002289,1.1203936,1.1471733,1.3717098,1.0560006,1.3820096,1.2742809,1.7664607,0.79003906,0.7998047,75.18463,2.3437505,257.50888,284.78577,0.0,102.98176,99.90234,0.0,258.2964,266.19843,522.75,538.5,-4.303557,399.34375,0.0,419.5,79.82713,45.999996,201.42822,0.0,113.92,342.375,8.59375,11.203003,52.593994,75.79498,2.8271484,114.65,114.45,111.91,112.29,0
322674.66,0.14133121,3.3828847,1.4365292,1.6003331,101.66286,19.54886,13.721442,22.614868,383.3353,283.40027,64.557,1.28,3.956,19.001,36.438,0.0,92.14484,2.0,0.0,291.0,197.25,5269.0,0.0,-2.3515625,1.4290161,536.3686,20207.465,20000.502,1100.0834,522.9774,122.69659,119.26303,0.0,-2.1928449,3.0,82.67822,23.740078,-0.74999905,-0.74999905,7.36,0.0,12.5390625,1.1443481,0.0,0.0,0.0,0.0,0.0,2.5390625,2.421875,2.2460938,2.3632812,1.2258335,1.1268787,1.0659952,1.1881437,1.3030442,1.3431754,1.1863127,1.5037003,1.3329519,1.161059,1.0047303,1.2542154,1.4806592,1.4951552,1.1773862,1.6150912,0.7919922,0.7998047,75.29602,2.3437505,257.54468,285.71387,0.0,102.98358,99.90234,0.0,258.34613,265.12048,522.75,538.5,-4.5365953,396.90625,0.0,417.1875,79.82713,45.999996,201.94702,0.0,115.04,343.3125,8.700562,9.796143,52.563477,74.48883,2.8173828,114.05,114.59,112.52,112.52,0
322674.7,0.13306497,3.340654,1.4386579,1.6003331,101.663086,19.54886,13.72415,22.749813,381.7846,282.25385,64.557,1.32,3.956,19.001,36.438,0.0,92.06174,2.0,0.0,290.625,197.25,5269.0,0.0,-2.703125,1.4310303,536.5178,19945.844,20000.502,1100.0834,522.9774,123.947075,118.45763,0.0,-2.3792758,3.0,83.280945,23.696898,-0.74999905,-0.74999905,7.36,0.0,12.0,1.1405029,0.0,0.0,0.0,0.0,0.0,2.4804688,2.4023438,2.2851562,2.5976562,1.2006562,1.1101701,1.0865186,1.1903563,1.2970169,1.3445487,1.1992829,1.5078202,1.1223774,1.0910964,0.83657587,1.1483177,1.2466621,1.4050508,0.98039216,1.4787518,0.79296875,0.7998047,75.29602,2.3437505,258.47507,286.39264,0.0,102.98522,99.90234,0.0,259.14215,264.8303,523.125,538.875,-4.7230263,396.125,0.0,416.1875,79.82713,45.999996,202.22778,0.0,114.97,342.15625,8.792114,2.709961,52.600098,67.54913,2.7978516,115.42,115.09,112.68,112.91,0
322674.75,0.12645198,3.3612618,1.4360557,1.5966027,101.66246,19.54886,13.714327,22.77367,385.40646,285.74265,64.557,1.359,3.956,19.001,36.438,0.0,91.84488,2.0,0.0,291.75,197.25,5284.0,0.0,-3.109375,1.4309692,536.5013,19822.197,20000.502,1100.0834,524.03876,124.85845,117.60984,0.0,-2.5284204,3.0,83.638,23.658035,-0.37499952,-0.74999905,7.316,0.0,11.78125,1.130188,0.0,0.0,0.0,0.0,0.0,2.5390625,2.3828125,2.2265625,2.4804688,1.233463,1.1064317,1.0556954,1.134966,1.3147173,1.3469138,1.190814,1.4800488,1.6234837,0.8705272,1.0585947,0.9734493,1.8033875,1.1210803,1.2405585,1.2536049,0.7949219,0.7998047,75.29602,2.3437505,258.6389,286.42963,0.0,102.9867,99.90234,0.0,259.2748,264.5981,523.125,539.25,-4.872171,395.90625,0.0,416.1875,79.82713,45.999996,202.4231,0.0,115.31,339.0625,8.908081,-0.3173828,52.703857,64.72931,2.7929688,116.12,115.51,113.33,113.58,0
322674.78,0.16116159,3.3882546,1.4252648,1.5732036,101.661896,19.54886,13.725029,22.51459,387.20337,288.48743,64.557,1.4,3.956,19.001,36.438,0.0,91.671394,2.0,0.0,289.125,197.625,5310.0,0.0,-3.09375,1.4319458,536.8495,20036.588,20000.502,1100.0834,524.03876,124.41336,119.093475,0.0,-2.647736,3.0,83.42285,23.623058,-0.37499952,-0.37499952,7.356,0.0,11.625,1.1480103,0.0,0.0,0.0,0.0,0.0,2.5390625,2.2851562,2.1875,2.5,1.2265202,1.0506599,1.0410467,1.1400778,1.3144121,1.3243306,1.188983,1.4814985,1.3512627,0.8670176,0.8345159,1.0761425,1.5009537,1.1165026,0.9779507,1.3859006,0.7949219,0.7998047,75.36621,2.3437505,256.8525,282.41937,0.0,102.98803,99.90234,0.0,257.177,264.05084,523.5,539.25,-4.9914865,395.78125,0.0,413.78125,79.82713,45.999996,201.5747,0.0,115.67,344.40625,9.039307,9.494019,52.526855,74.50714,2.775879,115.58,115.79,113.95,113.82,0
322674.8,0.20892927,3.380302,1.4297689,1.5866835,101.662224,19.54886,13.720801,22.66879,385.9763,288.0606,64.557,1.44,3.956,19.001,36.438,0.0,91.53261,2.0,0.0,292.875,197.625,5319.0,0.0,-3.078125,1.4314575,536.6671,20060.469,20000.502,1100.0834,525.3654,122.442245,117.3555,0.0,-2.7431889,3.0,82.39136,23.59158,-0.37499952,-0.37499952,7.224,0.0,11.6484375,1.1412354,0.0,0.0,0.0,0.0,0.0,2.3046875,2.0117188,2.0117188,2.3242188,1.2232395,1.0112916,1.0486,1.1655604,1.3057908,1.2989242,1.1995118,1.519646,0.87144274,0.8520638,1.022736,1.0483711,0.96795607,1.0972762,1.1360341,1.3501183,0.7949219,0.7998047,75.36621,2.3437505,257.91574,285.07172,0.0,102.98923,99.90234,0.0,258.43735,263.6943,523.5,539.25,-5.0869393,390.75,0.0,412.6875,79.82713,45.999996,202.27051,0.0,116.17,342.375,9.140015,-0.21362305,52.593994,64.97345,2.770996,116.25,116.35,114.54,114.54,0
322674.84,0.24714342,3.3958707,1.4187522,1.5825294,101.66252,19.54886,13.711983,22.372633,387.55777,290.2197,64.557,1.479,3.956,19.001,36.438,0.0,91.42158,2.0,0.0,293.25,197.625,5337.0,0.0,-3.0703125,1.4329224,537.22266,20048.264,20000.502,1100.0834,525.3654,123.565575,118.41524,0.0,-2.819551,3.0,82.933044,23.56325,-0.37499952,-0.37499952,7.204,0.0,12.3359375,1.1489258,0.0,0.0,0.0,0.0,0.0,2.3046875,1.9921875,2.03125,2.3046875,1.2161441,0.99816895,1.0511178,1.1528192,1.2971694,1.2823682,1.2010376,1.5014114,1.0460823,0.78728926,1.2177463,0.96360725,1.1043717,1.0138857,1.352636,1.24094,0.796875,0.7998047,75.4715,2.3437505,255.87465,284.32593,0.0,102.9903,99.90234,0.0,256.3727,263.37094,523.5,539.25,-5.1633015,390.625,0.0,412.1875,79.82713,45.999996,201.28784,0.0,116.46,344.6875,9.277344,9.643555,52.51465,74.88251,2.758789,116.78,116.73,114.62,115.13,0
322674.9,0.2977147,3.4020982,1.4072886,1.5588762,101.66279,19.54886,13.711669,22.156723,387.824,291.8883,64.557,1.52,3.956,19.001,36.438,0.0,91.33275,2.0,0.0,293.625,198.0,5364.0,0.0,-3.0859375,1.4342651,537.1231,20139.008,20000.502,1100.0834,525.3654,120.937416,117.07997,0.0,-2.880641,3.0,81.59485,23.537752,0.0,0.0,7.164,0.0,12.1953125,1.1531982,0.0,0.0,0.0,0.0,0.0,2.2851562,1.9921875,2.03125,2.265625,1.2106508,0.991989,1.055314,1.1342794,1.2903029,1.2745861,1.2037079,1.4759289,1.2356756,0.88700694,0.8874647,0.9677272,1.3044938,1.1422904,0.9857328,1.2462044,0.796875,0.7998047,75.4715,2.3437505,254.38667,280.7043,0.0,102.99127,99.90234,0.0,255.19527,262.74075,523.875,539.25,-5.2243915,392.28125,0.0,410.59375,79.82713,45.999996,200.54321,0.0,116.89,345.96875,9.448242,10.2508545,52.471924,75.642395,2.7685547,117.16,117.07,115.42,115.28,0
322674.94,0.31817177,3.3858395,1.4010445,1.5528567,101.66386,19.54886,13.699731,22.062725,386.44586,292.04398,64.557,1.56,3.956,19.001,36.438,0.0,91.26169,2.0,0.0,291.75,198.0,5386.0,0.0,-3.21875,1.434021,537.0153,20099.738,20000.502,1100.0834,526.69214,120.32277,116.52891,0.0,-2.929513,3.0,81.21796,23.514805,0.0,0.0,7.196,0.0,11.7578125,1.152771,0.0,0.0,0.0,0.0,0.0,2.34375,2.0117188,2.0117188,2.2265625,1.2165256,0.98619056,1.0458534,1.1313039,1.2970169,1.2674906,1.1901274,1.4709697,1.2816052,0.92721444,1.0285344,1.1663996,1.3530174,1.1437399,1.1425192,1.5020218,0.796875,0.7998047,75.4715,2.3437505,253.73982,280.22064,0.0,102.99214,99.90234,0.0,254.06761,262.12717,524.25,539.25,-5.2732635,389.8125,0.0,408.5,79.82713,45.999996,200.1831,0.0,117.46,345.84375,9.558105,9.49707,52.478027,75.00458,2.770996,117.62,117.65,115.88,115.91,0
322674.97,0.33453745,3.360586,1.3927788,1.5493383,101.66482,19.54886,13.708952,21.974468,385.00043,291.92398,64.557,1.599,3.956,19.001,36.438,0.0,91.20484,2.0,0.0,294.0,198.0,5404.0,0.0,-3.3125,1.4343262,537.1397,20157.05,20000.502,1100.0834,526.69214,117.821785,115.80828,0.0,-2.9686103,3.0,80.01251,23.494152,0.0,0.0,7.108,0.0,11.1640625,1.1329956,0.0,0.0,0.0,0.0,0.0,2.3242188,2.0117188,2.03125,2.1875,1.21149,0.9867247,1.0605783,1.111162,1.2909132,1.2639048,1.2067597,1.4436561,1.3237201,1.0647745,1.0350194,0.9613184,1.3974975,1.3134203,1.149691,1.2379644,0.79785156,0.7998047,75.56305,2.3437505,253.13243,280.25378,0.0,102.99293,99.90234,0.0,253.9598,261.62967,524.25,539.25,-5.312361,386.21875,0.0,407.28125,79.82713,45.999996,199.8291,0.0,117.8,339.90625,9.664917,9.674072,52.67334,75.4715,2.7734375,118.08,118.17,116.35,116.48,0
322675.0,0.32762995,3.3692346,1.3963987,1.5285677,101.66652,19.54886,13.721266,22.14812,386.7496,294.55264,64.557,1.639,3.956,19.001,36.438,0.0,91.00899,2.0,0.0,292.125,198.375,5428.0,0.0,-3.2421875,1.4356079,537.0071,20177.217,20000.502,1100.0834,528.2841,116.23218,114.83332,0.0,-2.9998884,3.0,79.174805,23.475565,0.37499952,0.37499952,7.152,0.0,11.25,1.1415405,0.0,0.0,0.0,0.0,0.0,2.3242188,1.9726562,2.0507812,2.1875,1.2056916,0.9665064,1.0618753,1.104448,1.2845044,1.2344549,1.2059205,1.4343481,1.006714,0.75890744,1.0231937,1.0096895,1.0627909,0.936141,1.1365682,1.3002212,0.79785156,0.7998047,75.56305,2.3437505,254.3311,277.58752,0.0,102.99364,99.90234,0.0,255.09578,261.0907,524.625,539.25,-5.343639,389.71875,0.0,405.78125,79.82713,45.999996,200.99487,0.0,118.36,342.46875,9.7229,6.0394287,52.58789,71.80939,2.7783203,118.5,118.51,116.82,116.73,0
322675.06,0.32210398,3.3539438,1.3834187,1.5224636,101.668045,19.54886,13.706449,21.83095,385.1845,294.65778,64.557,1.679,3.956,19.001,36.438,0.0,90.8523,2.0,0.0,291.75,198.375,5452.0,0.0,-3.09375,1.4369507,537.5046,20065.244,20000.502,1100.0834,528.2841,117.27072,115.3208,0.0,-3.024911,3.0,79.592896,23.458836,0.37499952,0.37499952,7.128,0.0,11.1953125,1.1331177,0.0,0.0,0.0,0.0,0.0,2.3242188,2.03125,2.0507812,2.1679688,1.206073,0.99473566,1.0524148,1.0941482,1.2859541,1.2711529,1.1940185,1.4199283,1.4631113,1.2064545,1.0386053,1.0634012,1.5446708,1.4882888,1.0965133,1.3117418,0.79589844,0.7998047,75.660706,2.3437505,252.14641,276.70602,0.0,102.99427,99.90234,0.0,252.5585,260.4771,524.625,539.25,-5.3686614,384.71875,0.0,404.09375,79.82713,45.999996,199.68262,0.0,118.85,339.9375,9.909058,11.019897,52.67334,77.08588,2.7807617,119.06,119.01,117.07,117.45,0
322675.1,0.3176832,3.3290777,1.3792318,1.5201744,101.66942,19.54886,13.707795,21.770596,383.8396,294.11365,64.557,1.721,3.956,19.001,36.438,0.0,90.72696,2.0,0.0,292.875,198.375,5461.0,0.0,-3.203125,1.4368286,537.44653,20270.615,20000.502,1100.0834,528.2841,113.3073,114.621376,0.0,-3.0449286,3.0,77.68402,23.443779,0.37499952,0.37499952,7.088,0.0,11.125,1.1304932,0.0,0.0,0.0,0.0,0.0,2.3046875,2.03125,2.0703125,2.1679688,1.2037079,0.9967193,1.0594339,1.0955215,1.2791638,1.2718395,1.1946288,1.4152743,1.1878386,1.0411993,1.2306402,1.1596093,1.1795987,1.2843518,1.2992294,1.430457,0.79785156,0.7998047,75.660706,2.3437505,251.73177,276.25592,0.0,102.99484,99.90234,0.0,252.07756,260.1952,525.0,539.25,-5.388679,386.75,0.0,403.1875,79.82713,45.999996,200.78125,0.0,119.07,339.15625,10.037231,3.2958984,52.703857,69.50836,2.7978516,119.23,119.4,117.64,117.62,0
322675.12,0.29414654,3.3191311,1.3858775,1.4996154,101.66982,19.54886,13.714597,21.940369,383.95966,295.55252,64.557,1.751,3.956,19.001,36.438,0.0,90.62668,2.0,0.0,293.25,198.75,5486.0,0.0,-3.4921875,1.4382324,537.3802,20231.875,20000.502,1100.0834,529.34546,112.078,113.879555,0.0,-3.0609426,3.0,77.00958,23.43023,0.74999905,0.74999905,7.06,0.0,11.09375,1.1456909,0.0,0.0,0.0,0.0,0.0,2.34375,2.0898438,2.0703125,2.2265625,1.2264439,1.0354773,1.061799,1.1289388,1.2977035,1.3238727,1.1905088,1.4606699,1.7508202,1.458381,1.012665,1.9330891,1.7387656,1.7989624,1.0691234,2.3846037,0.796875,0.7998047,75.660706,2.3437505,252.9024,272.99124,0.0,102.99536,99.90234,0.0,253.67787,259.5899,525.0,539.625,-5.404693,387.21875,0.0,401.875,79.82713,45.999996,200.72021,0.0,119.52,343.71875,10.079956,1.8157959,52.55127,67.9306,2.8076172,119.67,119.6,118.03,118.08,0
322675.16,0.27531722,3.2964025,1.3756468,1.4939775,101.67019,19.54886,13.719358,21.713823,382.4781,295.5927,64.557,1.792,3.956,19.001,36.438,0.0,90.546455,2.0,0.0,294.75,198.75,5508.0,0.0,-3.4765625,1.4395752,537.8694,20334.295,20000.502,1100.0834,529.34546,108.729225,112.58668,0.0,-3.2300043,3.0,75.32501,23.418034,0.74999905,0.74999905,6.976,0.0,11.3515625,1.1326904,0.0,0.0,0.0,0.0,0.0,2.4023438,2.0898438,2.0898438,2.3632812,1.2545205,1.0373083,1.0653086,1.2077516,1.322652,1.3234149,1.1901274,1.5646601,1.3497368,0.90142673,0.84153503,1.6839094,1.3404288,1.1120012,0.8883802,2.0772107,0.7949219,0.7998047,75.737,2.3437505,251.34122,272.35544,0.0,102.99583,99.90234,0.0,252.25998,259.03433,525.375,539.625,-5.573755,384.5625,0.0,400.09375,79.82713,45.999996,200.0061,0.0,120.21,339.8125,10.220337,8.87146,52.679443,75.26703,2.8051758,120.3,120.2,118.5,118.76,0
322675.22,0.24025378,3.268561,1.3777678,1.5030916,101.669685,19.54886,13.710973,21.80698,381.0647,295.3024,64.557,1.839,3.956,19.001,36.438,0.0,90.48228,2.0,0.0,295.125,198.75,5523.0,0.0,-3.4609375,1.4408569,537.745,20191.014,20000.502,1100.0834,530.4068,109.36507,113.158936,0.0,-3.3652534,3.0,75.63019,23.407057,0.74999905,0.74999905,6.952,0.0,11.359375,1.1360474,0.0,0.0,0.0,0.0,0.0,2.4023438,2.0898438,2.0898438,2.3828125,1.2519264,1.035935,1.0663767,1.2174411,1.3131151,1.3186847,1.1861601,1.57496,1.7766842,1.1651789,1.2247654,1.0272373,1.764477,1.4373236,1.2930496,1.2671092,0.79785156,0.7998047,75.737,2.3437505,251.98282,274.26685,0.0,102.99625,99.90234,0.0,252.57507,258.61145,525.375,539.625,-5.709004,380.40625,0.0,398.875,79.82713,45.999996,200.40283,0.0,120.45,340.8125,10.293579,0.0,52.642822,66.43829,2.8076172,120.86,120.92,119.02,119.21,0
322675.25,0.21220303,3.2386746,1.3568221,1.496945,101.669235,19.54886,13.710962,21.45653,379.54877,295.2993,64.557,1.879,3.956,19.001,36.438,0.0,90.43094,2.0,0.0,293.625,198.75,5545.0,0.0,-3.4140625,1.4385986,537.4963,19928.861,20000.502,1100.0834,530.4068,111.018265,113.07416,0.0,-3.4734526,3.0,76.345825,23.397179,0.74999905,0.74999905,6.984,0.0,10.625,1.137085,0.0,0.0,0.0,0.0,0.0,2.4414062,2.0703125,2.0898438,2.3632812,1.277638,1.0204471,1.0749981,1.2088197,1.33608,1.2955673,1.1911955,1.5573357,1.3466086,0.7783627,1.0384527,0.90363926,1.3373007,0.96017396,1.0963607,1.1147479,0.7988281,0.7998047,75.82245,2.3437505,249.56676,274.6028,0.0,102.99662,99.90234,0.0,250.36949,258.0559,525.75,539.625,-5.817203,376.21875,0.0,397.0,79.82713,45.999996,198.84033,0.0,120.9,341.125,10.397339,9.939575,52.63672,76.475525,2.7954102,121.04,121.07,119.67,119.46,0
322675.28,0.18976241,3.2267199,1.3537817,1.4914767,101.66883,19.54886,13.710955,21.50152,379.81427,296.51837,64.557,1.92,3.956,19.001,36.438,0.0,90.38986,2.0,0.0,295.5,198.75,5564.0,0.0,-3.4609375,1.4371948,536.9739,19815.828,20000.502,1100.0834,530.4068,111.2514,111.84486,0.0,-3.5600119,3.0,76.457214,23.388288,0.74999905,0.74999905,6.908,0.0,10.0546875,1.1276855,0.0,0.0,0.0,0.0,0.0,2.421875,2.109375,2.109375,2.3046875,1.2712291,1.0423437,1.0788891,1.1761655,1.3242543,1.3236438,1.1931792,1.5104142,1.4199283,1.1609827,1.1987487,0.9391928,1.4101626,1.4321355,1.2655833,1.1586175,0.7988281,0.7998047,75.82245,2.3437505,249.87646,274.6202,0.0,102.996956,99.90234,0.0,250.6514,257.58328,525.75,539.625,-5.9037623,373.03125,0.0,395.6875,79.82713,45.999996,199.1333,0.0,121.53,338.3125,10.565186,10.626221,52.72827,77.38495,2.8125,121.53,121.31,120.03,120.16,0
322675.3,0.17180993,3.2219381,1.3440363,1.4868987,101.6693,19.54886,13.70509,21.332573,379.85556,297.7765,64.557,1.959,3.956,19.001,36.438,0.0,90.357,2.0,0.0,296.25,198.75,5587.0,0.0,-3.6484375,1.435669,536.41003,19781.865,20000.502,1100.0834,531.7335,112.24756,112.28995,0.0,-3.4730096,3.0,76.86615,23.380287,0.74999905,0.74999905,6.872,0.0,9.984375,1.1222534,0.0,0.0,0.0,0.0,0.0,2.4414062,2.109375,2.0898438,2.265625,1.2661936,1.0497444,1.0788891,1.1655604,1.3139544,1.3305867,1.1886778,1.4917983,1.0869001,1.1916534,0.8845655,1.1976043,1.0794232,1.4699779,0.93392843,1.4773022,0.7998047,0.7998047,75.82245,2.3437505,248.7124,274.1175,0.0,102.99726,99.90234,0.0,249.18373,256.99457,526.125,539.625,-5.81676,373.71875,0.0,394.09375,79.82713,45.999996,198.34595,0.0,121.83,336.6875,10.748291,11.37085,52.783203,78.35541,2.8222656,122.17,122.17,120.3,120.51,0
322675.4,0.13744794,3.2012753,1.3498244,1.4660853,101.669716,19.54886,13.718562,21.522764,378.26962,297.43552,64.557,2.0,3.956,19.001,36.438,0.0,90.33072,2.0,0.0,295.5,199.125,5604.0,0.0,-3.75,1.4327393,535.92914,19924.617,20000.502,1100.0834,531.7335,108.8352,110.12808,0.0,-3.5596576,3.0,75.14038,23.373085,1.1249986,1.1249986,6.852,0.0,10.0546875,1.1251831,0.0,0.0,0.0,0.0,0.0,2.421875,2.109375,2.0898438,2.2851562,1.2546731,1.0525674,1.066682,1.1748683,1.2969406,1.3328756,1.1708248,1.5001144,1.2356756,0.9005112,0.9388113,1.3942168,1.2272068,1.1108568,0.9911498,1.7198443,0.7988281,0.7998047,75.912476,2.3437505,250.02379,271.101,0.0,102.997536,99.90234,0.0,250.85039,256.48877,526.125,539.625,-5.903408,374.25,0.0,392.28125,79.82713,45.999996,199.35913,0.0,122.07,337.5625,10.818481,3.100586,52.752686,70.12482,2.8344727,122.42,122.48,120.77,120.6,0
322675.44,0.10995835,3.1742601,1.3345288,1.4573954,101.66926,19.54886,13.722134,21.256628,376.68164,298.0896,64.557,2.039,3.956,19.001,36.438,0.0,90.30969,2.0,0.0,297.0,199.125,5640.0,0.0,-3.8671875,1.4307251,535.18286,19780.805,20000.502,1100.0834,533.0602,111.442154,111.03946,0.0,-3.6289759,3.0,76.31531,23.366604,1.1249986,1.1249986,6.792,0.0,9.828125,1.1294556,0.0,0.0,0.0,0.0,0.0,2.4414062,2.0898438,2.0898438,2.2851562,1.267338,1.047303,1.0637064,1.1810483,1.3067063,1.3234912,1.1639582,1.5040056,1.3356222,1.0719463,1.142443,1.2061493,1.3263905,1.3222705,1.2061493,1.4878309,0.796875,0.7998047,75.912476,2.3437505,248.18887,270.60434,0.0,102.99778,99.90234,0.0,249.24179,255.61815,526.5,540.0,-5.9727263,370.3125,0.0,390.1875,79.82713,45.999996,198.63281,0.0,122.94,338.84375,10.9313965,8.47168,52.70996,75.54169,2.824707,122.99,122.95,121.08,121.4,0
322675.47,0.08796668,3.1259542,1.3282012,1.449723,101.668846,19.54886,13.707056,21.186733,373.38617,296.5295,64.557,2.079,3.956,19.001,36.438,0.0,90.29287,2.0,0.0,294.375,199.125,5660.0,0.0,-3.890625,1.4278564,534.70197,20088.594,20000.502,1100.0834,533.0602,107.6059,109.59821,0.0,-3.6844306,3.0,74.46594,23.360771,1.1249986,1.1249986,6.836,0.0,9.8671875,1.1328735,0.0,0.0,0.0,0.0,0.0,2.4414062,2.109375,2.0898438,2.3046875,1.2640574,1.0528725,1.065156,1.1901274,1.3009843,1.3284504,1.1629664,1.5130847,1.2101167,0.8674754,0.938735,1.1330587,1.2017243,1.0701152,0.9910735,1.3976501,0.8017578,0.7998047,76.01013,2.3437505,247.7067,269.90662,0.0,102.998,99.90234,0.0,248.7194,255.12064,526.5,540.0,-6.028181,369.09375,0.0,387.78125,79.82713,45.999996,198.16895,0.0,123.31,339.875,11.087036,9.106445,52.679443,76.283264,2.8271484,123.74,123.65,121.43,121.83,0
322675.5,0.07037335,3.1066318,1.3234096,1.4417963,101.66848,19.54886,13.7082205,21.082623,373.4303,297.87445,64.557,2.12,3.956,19.001,36.438,0.0,90.27941,2.0,0.0,293.25,199.125,5685.0,0.0,-3.84375,1.427002,534.38684,19860.936,20000.502,1100.0834,533.0602,110.55198,110.488396,0.0,-3.5725446,3.0,75.81482,23.355522,1.1249986,1.1249986,6.864,0.0,9.8671875,1.1367798,0.0,0.0,0.0,0.0,0.0,2.4804688,2.0703125,2.0507812,2.265625,1.2831311,1.040589,1.0489051,1.1766995,1.3193713,1.3103685,1.1438162,1.4942397,1.7692835,0.98710614,0.8794537,0.9253834,1.7570764,1.21767,0.9285115,1.1415274,0.80078125,0.7998047,76.01013,2.3437505,246.98871,268.68958,0.0,102.9982,99.90234,0.0,247.40933,254.449,526.875,540.0,-5.916295,366.90625,0.0,386.59375,79.82713,45.999996,197.9126,0.0,123.73,341.03125,11.242676,9.973145,52.63672,77.25067,2.8320312,123.92,124.34,121.86,121.72,0
322675.53,0.016298681,3.0614028,1.3279253,1.4338692,101.66898,19.54886,13.709036,21.327856,370.13208,296.59384,64.557,2.15,3.956,19.001,36.438,0.0,89.967896,2.0,0.0,294.0,199.125,5711.0,0.0,-3.546875,1.4216309,532.98553,20142.723,20000.502,1100.0834,534.91754,106.65214,109.36507,0.0,-3.4830356,3.0,73.854065,23.350798,1.1249986,1.1249986,6.8,0.0,9.4921875,1.1556396,0.0,0.0,0.0,0.0,0.0,2.5,2.03125,2.03125,2.265625,1.286717,1.0241855,1.04242,1.1739528,1.3191425,1.2875563,1.1327535,1.486839,1.2986953,1.0407416,0.9800107,1.2571145,1.2897688,1.2838178,1.0346379,1.550698,0.8027344,0.7998047,76.01013,2.3437505,248.67957,268.2265,0.0,102.99838,99.90234,0.0,249.36615,253.61154,527.25,539.625,-5.826786,363.625,0.0,383.09375,79.82713,45.999996,198.9685,0.0,124.55,346.6875,11.3342285,-0.2319336,52.44751,66.93573,2.8320312,124.58,124.31,122.17,122.3,0
322675.6,-0.006961054,3.043311,1.3227944,1.4318769,101.66943,19.54886,13.721325,21.241219,370.1998,297.16754,64.557,2.2,3.956,19.001,36.438,0.0,89.71868,2.0,0.0,295.875,199.125,5721.0,0.0,-3.4375,1.4208374,532.6871,20026.506,20000.502,1100.0834,534.91754,107.35156,108.89878,0.0,-3.4114285,3.0,74.191284,23.346544,1.1249986,1.1249986,6.748,0.0,9.3984375,1.1534424,0.0,0.0,0.0,0.0,0.0,2.5,2.0703125,2.0898438,2.265625,1.2886244,1.0411993,1.0702678,1.1719692,1.3172351,1.3098345,1.1642634,1.4813459,1.3198291,1.1934844,1.5977722,1.3694972,1.31075,1.4722667,1.6868086,1.6893263,0.8017578,0.7998047,76.13678,2.3437505,248.08284,268.22055,0.0,102.99854,99.90234,0.0,248.78575,253.35449,527.25,539.625,-5.755179,362.53125,0.0,383.59375,79.82713,45.999996,198.57178,0.0,124.78,346.03125,11.37085,-0.0579834,52.471924,67.1402,2.8173828,125.02,124.78,122.36,122.86,0
322675.62,-0.045568842,3.0360746,1.310885,1.429164,101.66984,19.54886,13.729927,20.970623,370.5404,297.6489,64.557,2.239,3.956,19.001,36.438,0.0,89.51931,2.0,0.0,295.125,199.125,5725.0,0.0,-3.40625,1.420166,532.43,19870.488,20000.502,1100.0834,534.91754,108.09338,108.13577,0.0,-3.3541427,3.0,74.54834,23.342716,1.1249986,1.1249986,6.748,0.0,9.3046875,1.1395874,0.0,0.0,0.0,0.0,0.0,2.5195312,2.0703125,2.0703125,2.265625,1.2963302,1.0485237,1.0645456,1.1758603,1.3229572,1.3192188,1.1564813,1.4843976,1.2596322,0.93347067,0.9578088,1.0904098,1.2509346,1.1514457,1.0112153,1.3450828,0.8046875,0.7998047,76.13678,2.3437505,246.21805,268.04388,0.0,102.99869,99.90234,0.0,247.50052,253.12233,527.25,539.625,-5.697893,361.875,0.0,381.875,79.82713,45.999996,197.71118,0.0,124.94,341.875,11.404419,5.9539795,52.612305,73.32611,2.8027344,125.02,125.21,122.99,122.9,0
322675.66,-0.036455076,3.05193,1.3020337,1.4269174,101.671036,19.54886,13.71837,20.862307,372.5405,299.8828,64.557,2.271,3.956,19.001,36.438,0.0,89.35981,2.0,0.0,295.125,199.125,5737.0,0.0,-3.25,1.4197998,532.3139,19883.754,20000.502,1100.0834,535.4482,108.13577,108.13577,0.0,-3.3083143,3.0,74.49646,23.339272,1.1249986,1.1249986,6.744,0.0,8.40625,1.1225586,0.0,0.0,0.0,0.0,0.0,2.5195312,2.0898438,2.0703125,2.2460938,1.2975509,1.0582894,1.0662241,1.1645685,1.321889,1.3309681,1.1563287,1.4677653,1.1866941,1.3550011,0.90348667,0.78393227,1.1785306,1.6714733,0.95391774,0.96704054,0.80371094,0.7998047,76.171875,2.3437505,245.47264,268.64883,0.0,102.99882,99.90234,0.0,246.72939,252.79895,527.25,539.25,-5.652065,359.28125,0.0,381.5,79.82713,45.999996,196.84448,0.0,125.24,336.78125,11.6241455,9.069824,52.783203,76.81427,2.8076172,125.3,125.39,123.41,123.56,0
322675.72,-0.029164061,3.0582721,1.2982389,1.4194994,101.672104,19.54886,13.716141,20.855429,372.51694,301.1183,64.557,2.32,3.956,19.001,36.438,0.0,89.23221,2.0,0.0,296.625,199.5,5761.0,0.0,-3.140625,1.4216309,532.37195,19863.59,20000.502,1100.0834,535.4482,107.88143,107.81785,0.0,-3.2716513,3.0,74.29199,23.336172,1.4999981,1.4999981,6.68,0.0,8.2265625,1.1256104,0.0,0.0,0.0,0.0,0.0,2.5195312,2.0507812,2.0507812,2.2460938,1.3016709,1.0577554,1.0461586,1.1699855,1.3234149,1.3287556,1.1320668,1.4768444,1.3975738,0.9621576,0.9340047,1.7200732,1.3879607,1.1868467,0.98603797,2.1218433,0.8046875,0.7998047,76.171875,2.3437505,245.4263,268.0058,0.0,102.99894,99.90234,0.0,246.406,252.39265,527.25,539.25,-5.6154017,356.28125,0.0,380.5,79.82713,45.999996,197.11914,0.0,125.75,337.6875,11.767578,9.069824,52.752686,76.908875,2.8173828,125.78,125.59,123.59,124.07,0
322675.75,-0.02333125,3.042059,1.2903976,1.4156842,101.6739,19.54886,13.702861,20.738697,371.11237,300.5557,64.557,2.36,3.956,19.001,36.438,0.0,89.13013,2.0,0.0,297.0,199.5,5772.0,0.0,-3.1796875,1.4198608,531.7169,20089.125,20000.502,1100.0834,536.5095,104.72341,106.84289,0.0,-3.242321,3.0,72.77069,23.333382,1.4999981,1.4999981,6.656,0.0,7.78125,1.12323,0.0,0.0,0.0,0.0,0.0,2.5585938,2.03125,2.0507812,2.2070312,1.3070115,1.054551,1.0417334,1.1503013,1.3311207,1.3237201,1.1249714,1.4492257,1.395285,0.87922484,1.147097,0.98359656,1.473106,1.084535,1.2110323,1.2133211,0.8046875,0.7998047,76.171875,2.3437505,244.62347,268.02786,0.0,102.99905,99.90234,0.0,245.05447,251.88686,527.625,539.25,-5.5860715,356.53125,0.0,378.375,79.82713,45.999996,196.19751,0.0,125.94,336.96875,11.962891,10.043335,52.7771,78.11432,2.8344727,126.22,126.32,124.16,124.34,0
322675.78,-0.038664997,3.0168238,1.292128,1.4100463,101.675514,19.54886,13.7111435,20.817253,369.58347,300.35464,64.557,2.4,3.956,19.001,36.438,0.0,89.04846,2.0,0.0,296.625,199.5,5792.0,0.0,-3.28125,1.4194336,531.5594,19795.133,20000.502,1100.0834,536.5095,107.33037,106.3766,0.0,-3.2188568,3.0,73.94562,23.330872,1.4999981,1.4999981,6.644,0.0,7.5703125,1.1211548,0.0,0.0,0.0,0.0,0.0,2.5976562,2.03125,2.03125,2.1875,1.33196,1.0543221,1.0358588,1.1422141,1.3688868,1.3222705,1.117113,1.4364843,2.0962844,0.8863966,0.8507668,1.1630427,2.2131686,1.0934615,0.89814603,1.4346533,0.8017578,0.7998047,76.24817,2.3437505,245.16658,267.31973,0.0,102.999146,99.90234,0.0,246.46407,251.26497,527.625,539.25,-5.5626073,356.75,0.0,377.5,79.82713,45.999996,197.01538,0.0,126.16,336.34375,12.011719,5.5114746,52.79541,73.64349,2.8393555,126.35,126.75,124.88,124.64,0
322675.8,-0.050931998,2.9879797,1.281035,1.4038152,101.67613,19.54886,13.716941,20.611258,367.99893,300.1512,64.557,2.439,3.956,19.001,36.438,0.0,88.98313,2.0,0.0,295.5,199.5,5813.0,0.0,-3.3359375,1.4173584,530.77997,19877.387,20000.502,1100.0834,537.57086,108.66564,107.92382,0.0,-3.2000856,3.0,74.58954,23.328611,1.4999981,1.4999981,6.664,0.0,7.828125,1.1338501,0.0,0.0,0.0,0.0,0.0,2.578125,2.03125,2.03125,2.2070312,1.3189899,1.0526437,1.0334172,1.1511406,1.3590448,1.3196765,1.1135272,1.4467841,1.33608,1.197528,1.1878386,1.3244832,1.4106203,1.4772259,1.2540628,1.6338598,0.80566406,0.7998047,76.24817,2.3437505,243.74728,266.86182,0.0,102.99923,99.90234,0.0,244.9964,250.48555,528.0,539.25,-5.543836,353.75,0.0,375.59375,79.82713,45.999996,196.06934,0.0,126.85,340.15625,12.121582,4.7576904,52.667236,72.865295,2.8320312,126.75,126.75,125.06,125.35,0
322675.84,-0.060745597,2.9764419,1.2847354,1.3996186,101.6767,19.54886,13.720999,20.698185,368.181,300.9713,64.557,2.479,3.956,19.001,36.438,0.0,88.93087,2.0,0.0,298.5,199.5,5826.0,0.0,-3.4296875,1.4195557,530.99554,20136.885,20000.502,1100.0834,537.57086,105.63479,107.224396,0.0,-3.1850686,3.0,73.057556,23.326578,1.4999981,1.4999981,6.568,0.0,7.96875,1.1351929,0.0,0.0,0.0,0.0,0.0,2.5585938,2.03125,2.0507812,2.265625,1.3097582,1.0468452,1.0388342,1.1918823,1.3510338,1.3116655,1.1186389,1.5048448,1.1374075,0.82093537,0.978027,1.0696574,1.2008088,1.012665,1.032578,1.3195239,0.8046875,0.7998047,76.24817,2.3437505,244.34703,265.918,0.0,102.999306,99.90234,0.0,245.50221,250.00462,528.0,539.25,-5.528819,355.0625,0.0,374.59375,79.82713,45.999996,196.59424,0.0,126.8,340.5625,12.200928,3.4210205,52.65503,71.58966,2.8271484,127.39,127.34,125.44,125.53,0
322675.9,-0.06859648,2.971827,1.2749294,1.383129,101.6772,19.54886,13.729699,20.528511,368.3298,301.81647,64.557,2.514,3.956,19.001,36.438,0.0,88.88906,2.0,0.0,298.5,199.5,5840.0,0.0,-3.375,1.4176636,530.2907,19822.197,20000.502,1100.0834,537.57086,108.09338,106.67333,0.0,-3.1730547,3.0,74.24164,23.324747,1.4999981,1.4999981,6.552,0.0,7.90625,1.1265259,0.0,0.0,0.0,0.0,0.0,2.5585938,2.0507812,2.0507812,2.2460938,1.3050278,1.0598154,1.0482948,1.1779965,1.3508812,1.3285267,1.128252,1.4842451,1.0466163,1.3477532,1.0642405,1.2010376,1.104982,1.6625468,1.1235981,1.4815748,0.80371094,0.7998047,76.31836,2.3437505,243.178,263.1667,0.0,102.999374,99.90234,0.0,244.35796,249.48224,528.0,539.25,-5.516805,353.40625,0.0,373.1875,79.82713,45.999996,195.79468,0.0,127.31,337.96875,12.319946,4.5776367,52.74048,72.95685,2.8149414,127.55,127.79,125.97,125.78,0
322675.94,-0.054877188,2.951231,1.268385,1.3757957,101.67848,19.54886,13.724071,20.378298,366.88342,301.71234,64.557,2.55,3.956,19.001,36.438,0.0,88.85561,2.0,0.0,296.25,199.5,5861.0,0.0,-3.40625,1.4156494,529.5362,20423.979,20000.502,1100.0834,538.63226,101.628975,106.12227,0.0,-3.0071936,3.0,71.04492,23.3231,1.4999981,1.4999981,6.596,0.0,7.7109375,1.1177979,0.0,0.0,0.0,0.0,0.0,2.6367188,2.03125,2.03125,2.2265625,1.3469901,1.058671,1.0411993,1.1798276,1.4055848,1.3257039,1.1194018,1.483711,1.4940871,0.9205768,0.8280308,1.0627909,1.5774014,1.1355764,0.8742657,1.3110552,0.80566406,0.7998047,76.31836,2.3437505,242.14388,262.5162,0.0,102.999435,99.90234,0.0,243.18881,248.69453,528.375,539.625,-5.350944,351.3125,0.0,371.5,79.82713,45.999996,195.21484,0.0,127.75,335.34375,12.515259,5.0842285,52.825928,73.731995,2.8173828,128.0,128.09,126.41,126.46,0
322675.97,-0.043901753,2.9242425,1.2605052,1.3708785,101.679634,19.54886,13.73185,20.337486,365.12564,301.0865,64.557,2.599,3.956,19.001,36.438,0.0,88.82886,2.0,0.0,298.125,199.5,5877.0,0.0,-3.4296875,1.4124146,528.33386,20212.24,20000.502,1100.0834,538.63226,102.05287,105.44403,0.0,-3.030755,3.0,71.24939,23.321617,1.4999981,1.4999981,6.524,0.0,7.46875,1.1174927,0.0,0.0,0.0,0.0,0.0,2.6757812,2.03125,2.0703125,2.2460938,1.3601129,1.057679,1.0654612,1.189517,1.4234378,1.3238727,1.1477073,1.4949263,1.4998093,0.88792247,1.0362402,1.2632945,1.5834287,1.0952926,1.0939956,1.5584038,0.7998047,0.7998047,76.40228,2.3437505,241.86372,262.91476,0.0,102.99949,99.90234,0.0,242.16064,248.12239,528.375,539.625,-5.3745055,350.65625,0.0,370.6875,79.82713,45.999996,194.72656,0.0,128.43,335.25,12.680054,5.883789,52.83203,74.67804,2.8173828,128.39,128.18,126.56,127.1,0
322676.03,-0.035121404,2.8946972,1.2602723,1.36452,101.6815,19.54886,13.725575,20.355341,363.60544,300.85327,64.557,2.639,3.956,19.001,36.438,0.0,88.80745,2.0,0.0,298.5,199.5,5897.0,0.0,-3.4453125,1.4085083,527.47156,20020.668,20000.502,1100.0834,539.9589,102.20123,104.17235,0.0,-2.893354,3.0,71.23871,23.320282,1.4999981,1.4999981,6.5,0.0,6.9921875,1.1154175,0.0,0.0,0.0,0.0,0.0,2.65625,2.0117188,2.0898438,2.265625,1.3575189,1.047303,1.0799572,1.2037842,1.4229801,1.3091478,1.1635004,1.5129321,1.1570916,1.305333,1.3209735,1.4920272,1.2216372,1.6102083,1.3945984,1.8405433,0.8046875,0.7998047,76.40228,2.3437505,241.98865,261.92105,0.0,102.99954,99.90234,0.0,243.13077,247.39273,528.75,539.625,-5.2371044,348.5,0.0,369.0,79.82713,45.999996,195.22705,0.0,128.64,334.625,12.8479,4.4647217,52.85034,73.3963,2.8173828,128.84,128.84,127.1,127.39,0
322676.06,-0.028097123,2.864129,1.2581768,1.3596874,101.68319,19.54886,13.715324,20.33816,361.97473,300.2658,64.557,2.68,3.956,19.001,36.438,0.0,88.79032,2.0,0.0,298.875,199.5,5912.0,0.0,-3.4296875,1.4074707,527.08185,20020.668,20000.502,1100.0834,539.9589,101.777336,104.12996,0.0,-2.783433,3.0,71.03424,23.31908,1.4999981,1.4999981,6.472,0.0,6.96875,1.1156006,0.0,0.0,0.0,0.0,0.0,2.6367188,2.0117188,2.0703125,2.2851562,1.3418784,1.0556191,1.0640116,1.2067597,1.4109255,1.320058,1.1493095,1.5233845,1.1963073,1.0039674,0.9408713,1.4865339,1.3288319,1.2384986,1.0451667,1.9143206,0.80859375,0.7998047,76.4801,2.3437505,241.87192,261.22394,0.0,102.99959,99.90234,0.0,242.93176,246.84547,528.75,539.625,-5.1271834,347.65625,0.0,367.5,79.82713,45.999996,195.3247,0.0,128.94,334.6875,13.015747,4.071045,52.85034,73.158264,2.8173828,129.25,129.35,127.64,127.45,0
322676.1,-0.0224777,2.8519018,1.2505693,1.341333,101.68471,19.54886,13.719868,20.218393,362.00217,301.15207,64.557,2.72,3.956,19.001,36.438,0.0,88.77662,2.0,0.0,297.0,199.875,5929.0,0.0,-3.34375,1.4022827,525.7303,20089.125,20000.502,1100.0834,539.9589,101.94689,104.99895,0.0,-2.6954966,3.0,71.04492,23.317999,1.8749976,1.8749976,6.524,0.0,6.984375,1.1269531,0.0,0.0,0.0,0.0,0.0,2.6367188,1.9921875,2.0898438,2.2851562,1.3396658,1.0427252,1.059968,1.2156863,1.4173342,1.3026627,1.1464866,1.5385672,1.455024,1.0759137,0.89578086,1.4153506,1.6162356,1.3272297,0.99496454,1.8226901,0.8046875,0.7998047,76.4801,2.3437505,241.0479,258.42856,0.0,102.999626,99.90234,0.0,242.22699,246.19041,528.75,539.25,-5.039247,349.15625,0.0,366.59375,79.82713,45.999996,194.68384,0.0,129.35,338.09375,13.122559,4.7210693,52.734375,73.77472,2.8173828,129.51,129.25,127.64,128.18,0
322676.12,0.0020178389,2.8470109,1.2446935,1.3302268,101.686905,19.54886,13.711329,20.189322,362.14163,302.99573,64.557,2.75,3.956,19.001,36.438,0.0,88.765656,2.0,0.0,298.5,199.875,5963.0,0.0,-3.2578125,1.3991089,524.53625,20219.14,20000.502,1100.0834,540.75494,98.364975,103.45172,0.0,-2.6251473,3.0,69.236755,23.317026,1.8749976,1.8749976,6.444,0.0,6.78125,1.1253052,0.0,0.0,0.0,0.0,0.0,2.6367188,1.9921875,2.0703125,2.2851562,1.3337148,1.0471504,1.0593576,1.2218661,1.4180973,1.3077744,1.1517509,1.5524529,0.95559627,1.0213627,1.2052338,1.4091706,1.0614939,1.2599374,1.3387502,1.8146791,0.80566406,0.7998047,76.47247,2.3437505,240.8497,257.31677,0.0,103.09966,99.90234,0.0,241.71289,244.93007,529.125,539.25,-4.968898,348.0,0.0,364.1875,79.82713,45.999996,194.75708,0.0,130.03,337.59375,13.348389,4.6844482,52.75879,73.95172,2.8149414,130.08,129.77,128.14,128.65,0
322676.2,0.02161427,2.8450544,1.2402108,1.3275986,101.68887,19.54886,13.717072,20.116629,362.5207,303.7198,64.557,2.8,3.956,19.001,36.438,0.0,88.75689,2.0,0.0,298.125,199.875,5971.0,0.0,-3.171875,1.3967896,523.6739,20231.346,20000.502,1100.0834,540.75494,97.62316,103.11261,0.0,-2.5688677,3.0,68.8797,23.31615,1.8749976,1.8749976,6.444,0.0,6.53125,1.1224976,0.0,0.0,0.0,0.0,0.0,2.6171875,2.0117188,2.0703125,2.265625,1.3194476,1.0575265,1.0553902,1.2103456,1.4096284,1.3212787,1.1497673,1.5396353,1.0941482,1.1608301,1.0600443,1.0641642,1.2153811,1.4319066,1.1775388,1.3703364,0.80566406,0.7998047,76.54266,2.3437505,240.3506,257.18008,0.0,103.1897,99.90234,0.0,241.52217,244.60669,529.125,539.25,-4.912618,345.6875,0.0,363.0,79.82713,45.999996,194.32983,0.0,130.22,336.75,13.479614,4.345703,52.807617,73.77472,2.8198242,130.65,130.59,128.8,128.75,0
322676.22,0.037291415,2.844272,1.2366499,1.3225967,101.69064,19.54886,13.715231,20.050514,362.70407,304.7386,64.557,2.839,3.956,19.001,36.438,0.0,88.74988,2.0,0.0,298.125,199.875,5988.0,0.0,-3.203125,1.3948364,522.9525,20211.18,20000.502,1100.0834,541.8163,97.644356,102.96424,0.0,-2.5238438,3.0,68.818665,23.315363,1.8749976,1.8749976,6.436,0.0,6.171875,1.1251831,0.0,0.0,0.0,0.0,0.0,2.5976562,2.03125,2.0507812,2.2851562,1.3048753,1.069276,1.049134,1.2174411,1.3990234,1.336614,1.1458763,1.5523003,1.2468147,1.0769818,1.1374838,1.3765163,1.3849088,1.3285267,1.2635233,1.7726406,0.8066406,0.7998047,76.54266,2.3437505,239.89665,256.5956,0.0,103.27073,99.90234,0.0,241.06612,244.00969,529.5,539.25,-4.8675942,344.25,0.0,361.6875,79.82713,45.999996,194.06738,0.0,130.58,337.5625,13.598633,4.4067383,52.789307,73.924255,2.8222656,130.8,131.12,129.25,129.16,0
322676.25,0.049833134,2.8439589,1.2312028,1.3166196,101.692245,19.54886,13.708083,20.015095,362.58563,305.6057,64.557,2.88,3.956,19.001,36.438,0.0,88.74426,2.0,0.0,298.5,199.875,6007.0,0.0,-3.171875,1.3930664,522.2726,19864.12,20000.502,1100.0834,541.8163,100.611626,103.43053,0.0,-2.487825,3.0,70.24841,23.314653,1.8749976,1.8749976,6.412,0.0,6.2734375,1.1235352,0.0,0.0,0.0,0.0,0.0,2.5976562,2.0507812,2.0507812,2.2851562,1.3042649,1.0851454,1.0492866,1.2178988,1.40383,1.3579004,1.147097,1.5538262,1.3566034,1.1701381,1.0025177,1.2285038,1.5068284,1.4435035,1.1135272,1.581979,0.80566406,0.7998047,76.54266,2.3437505,239.65411,256.25677,0.0,103.34366,99.90234,0.0,240.87543,243.34634,529.5,539.25,-4.8315754,342.71875,0.0,360.1875,79.82713,45.999996,193.87817,0.0,131.0,337.0625,13.684082,4.232788,52.825928,73.84796,2.8198242,131.17,130.91,129.16,129.71,0
322676.28,0.059866507,2.8063335,1.2284036,1.3020802,101.69368,19.54886,13.70894,19.95755,359.18906,304.00287,64.557,2.914,3.956,19.001,36.438,0.0,88.73978,2.0,0.0,298.875,199.875,6032.0,0.0,-3.2890625,1.3903198,521.25275,20006.871,20000.502,1100.0834,541.8163,98.30139,102.3284,0.0,-2.4590096,3.0,69.05365,23.314014,1.8749976,1.8749976,6.376,0.0,6.21875,1.1187134,0.0,0.0,0.0,0.0,0.0,2.4609375,2.0703125,1.9726562,2.2460938,1.2761883,1.0962844,1.0633249,1.2011139,1.3771267,1.3682765,1.161822,1.5320821,1.110399,1.2752727,1.1211567,1.3504235,0.97474635,1.4944686,1.1134509,1.6658274,0.8066406,0.7998047,76.612854,2.3437505,239.2589,253.63237,0.0,103.409294,99.90234,0.0,240.42766,242.39279,529.5,539.25,-4.80276,341.78125,0.0,357.375,79.82713,45.999996,193.93921,0.0,131.71,335.625,13.815308,4.067993,52.89917,73.87543,2.824707,131.59,131.38,129.66,130.18,0
322676.3,0.06789321,2.7912836,1.2219402,1.3010627,101.69498,19.54886,13.69782,19.892942,359.44418,304.21878,64.557,2.959,3.956,19.001,36.438,0.0,88.73618,2.0,0.0,297.375,199.875,6032.0,0.0,-3.296875,1.3890991,520.7884,20109.291,20000.502,1100.0834,542.8776,98.55573,103.36694,0.0,-2.2797074,3.0,69.17572,23.388628,1.8749976,1.8749976,6.404,0.0,5.8515625,1.1228027,0.0,0.0,0.0,0.0,0.0,2.421875,2.0507812,1.9726562,2.265625,1.2552835,1.0890363,1.061265,1.2078279,1.3333334,1.3516442,1.1544213,1.5393301,1.0209812,0.9332418,1.0569161,1.3575952,0.8962386,1.0936141,1.0496681,1.6747539,0.80566406,0.7998047,76.612854,2.3437505,238.81487,254.19579,0.0,103.46836,99.90234,0.0,240.02966,242.15234,529.5,539.25,-4.623458,340.96875,0.0,356.09375,79.82713,45.999996,193.35938,0.0,131.52,336.84375,13.88855,3.7994385,52.86255,73.62518,2.824707,132.01,132.07,130.08,130.02,0
322676.38,0.09431456,2.7852635,1.2209607,1.296951,101.69614,19.54886,13.707614,19.934969,359.6154,304.8178,64.557,2.992,3.956,19.001,36.438,0.0,88.73331,2.0,0.0,299.625,199.875,6041.0,0.0,-3.21875,1.3886719,520.63086,19741.535,20000.502,1100.0834,542.8776,100.52685,101.968094,0.0,-2.1362658,3.0,70.12634,23.45578,1.8749976,1.8749976,6.336,0.0,5.59375,1.1115723,0.0,0.0,0.0,0.0,0.0,2.4023438,2.0703125,1.9726562,2.2851562,1.2429999,1.1019303,1.0630198,1.2265202,1.2996109,1.361944,1.1465629,1.561532,1.199817,1.3413444,1.2845807,1.4042115,1.053254,1.5718318,1.2757305,1.7322042,0.8017578,0.7998047,76.68915,2.3437505,239.10571,253.91434,0.0,103.52152,99.90234,0.0,240.23694,241.82896,529.5,539.25,-4.480016,343.0,0.0,355.28125,79.82713,45.999996,193.5852,0.0,132.17,333.46875,13.986206,3.7261963,52.996826,73.77167,2.8320312,132.12,132.07,130.34,130.65,0
322676.4,0.13545164,2.7828555,1.2159646,1.2706269,101.69719,19.54886,13.702751,19.817326,359.61163,306.2779,64.557,3.031,3.956,19.001,36.438,0.0,88.73101,2.0,0.0,297.75,200.25,6070.0,0.0,-3.21875,1.3809204,517.72046,20108.76,20000.502,1100.0834,543.40826,97.17807,101.141495,0.0,-2.0215125,3.0,68.12439,23.516216,2.2499971,2.2499971,6.36,0.0,5.640625,1.0840454,0.0,0.0,0.0,0.0,0.0,2.3828125,2.0898438,2.0117188,2.34375,1.232166,1.103151,1.0862135,1.2525368,1.269398,1.3568323,1.160525,1.5934234,1.5202564,1.0894941,1.0689708,1.7650111,1.3344778,1.2767986,1.0615702,2.1772335,0.80371094,0.7998047,76.68915,2.3437505,238.29585,249.03246,0.0,103.56937,99.90234,0.0,239.39119,241.00807,529.5,539.25,-4.365263,342.71875,0.0,352.6875,79.82713,45.999996,193.12134,0.0,132.5,325.21875,14.123535,3.817749,53.39966,74.33014,2.8320312,132.44,132.44,130.59,131.12,0
322676.44,0.16836132,2.7443924,1.2146733,1.2529507,101.698135,19.54886,13.6993475,19.787817,356.39343,304.08707,64.557,3.079,3.956,19.001,36.438,0.0,88.72917,2.0,0.0,298.125,200.25,6081.0,0.0,-3.2578125,1.3771973,515.7387,20116.19,20000.502,1100.0834,543.40826,98.174225,102.18004,0.0,-1.9297099,3.0,68.21594,23.57061,2.2499971,2.2499971,6.34,0.0,5.640625,1.0586548,0.0,0.0,0.0,0.0,0.0,2.421875,2.0898438,2.0117188,2.265625,1.2508583,1.1120775,1.0814831,1.2354467,1.2700847,1.3628595,1.1482414,1.5675594,1.0394446,0.9812314,0.94460976,1.0855268,0.91241324,1.1498436,0.93804836,1.3390554,0.8046875,0.7998047,76.72424,2.3437505,238.0934,245.58974,0.0,103.61243,99.90234,0.0,238.42934,240.4774,529.5,539.25,-4.2734604,342.375,0.0,350.5,79.82713,45.999996,193.10913,0.0,132.94,317.59375,14.193726,3.036499,53.771973,73.93036,2.8320312,132.87,132.74,131.27,131.53,0
322676.5,0.19468907,2.729007,1.2122716,1.2471856,101.69899,19.54886,13.702825,19.729279,356.59042,304.85556,64.557,3.12,3.956,19.001,36.438,0.0,88.7277,2.0,0.0,298.875,200.25,6093.0,0.0,-3.34375,1.3737183,514.4369,19952.742,20000.502,1100.0834,543.40826,98.364975,101.16269,0.0,-1.8562679,3.0,68.307495,23.619564,2.2499971,2.2499971,6.304,0.0,5.09375,1.0546875,0.0,0.0,0.0,0.0,0.0,2.4023438,2.0507812,2.0703125,2.265625,1.2429236,1.1102464,1.1148242,1.2312505,1.2465096,1.3557642,1.1799039,1.5580987,1.152285,1.2352941,1.560998,1.2407111,1.0114442,1.4476234,1.5502403,1.5304799,0.8017578,0.7998047,76.72424,2.3437505,237.69077,244.52998,0.0,103.651184,99.90234,0.0,238.81906,240.15402,529.5,539.25,-4.2000184,341.28125,0.0,350.0,79.82713,45.999996,192.98706,0.0,133.04,316.40625,14.291382,3.1982422,53.875732,74.287415,2.8344727,133.41,133.46,131.74,131.65,0
322676.53,0.23575126,2.704103,1.2063875,1.2380718,101.69975,19.54886,13.69354,19.634352,354.94662,304.39648,64.557,3.16,3.956,19.001,36.438,0.0,88.726524,2.0,0.0,298.875,200.25,6112.0,0.0,-3.375,1.3692627,512.77026,20116.72,20000.502,1100.0834,544.2043,96.669395,100.6964,0.0,-1.797514,3.0,67.10205,23.663622,2.2499971,2.2499971,6.284,0.0,4.7890625,1.0493774,0.0,0.0,0.0,0.0,0.0,2.421875,2.0507812,2.0703125,2.2851562,1.2509346,1.1104753,1.118944,1.2404059,1.240177,1.3517205,1.1787595,1.5687801,1.1348897,1.375906,1.3556879,1.5716792,0.99626154,1.6124208,1.3463798,1.9388113,0.8027344,0.7998047,76.72424,2.3437505,237.0372,243.29863,0.0,103.686066,99.90234,0.0,237.9816,239.4741,529.5,539.625,-4.1412644,341.25,0.0,347.5,79.82713,45.999996,192.76123,0.0,133.32,314.8125,14.343262,1.9287109,54.04663,73.20404,2.8320312,133.58,133.75,132.08,132.17,0
322676.56,0.28860098,2.6941414,1.209204,1.2170466,101.70044,19.54886,13.698759,19.731018,354.98947,305.2302,64.557,3.2,3.956,19.001,36.438,0.0,88.725586,2.0,0.0,295.875,200.25,6128.0,0.0,-3.5234375,1.355835,507.73715,20027.037,20000.502,1100.0834,544.2043,99.06441,102.22243,0.0,-1.7505112,3.0,68.25714,23.703274,2.2499971,2.2499971,6.348,0.0,4.578125,1.0327148,0.0,0.0,0.0,0.0,0.0,2.3828125,2.0898438,2.0898438,2.2460938,1.2350652,1.1312276,1.1272602,1.218204,1.2059968,1.3753719,1.1824216,1.5375754,1.0109102,1.2412452,1.3803312,1.1917297,0.8873121,1.4546425,1.3707942,1.4701304,0.80078125,0.7998047,76.77307,2.3437505,237.7042,239.24466,0.0,103.71746,99.90234,0.0,239.06783,238.78589,529.5,539.625,-4.0942616,342.90625,0.0,345.0,79.82713,45.999996,193.87207,0.0,133.83,309.8125,14.370728,0.7446289,55.291748,73.24371,2.8344727,133.91,133.79,132.28,132.81,0
322676.6,0.33088076,2.6714067,1.2097018,1.212511,101.701065,19.54886,13.702413,19.75949,353.29877,304.66876,64.557,3.239,3.956,19.001,36.438,0.0,88.72483,2.0,0.0,298.125,200.25,6146.0,0.0,-3.515625,1.3522339,506.38562,20123.088,20000.502,1100.0834,544.2043,96.58462,101.523,0.0,-1.7129087,3.0,66.67328,23.738962,2.2499971,2.2499971,6.28,0.0,4.5859375,1.0370483,0.0,0.0,0.0,0.0,0.0,2.3828125,2.0898438,2.109375,2.2460938,1.2333868,1.1317617,1.1396201,1.2260624,1.1983672,1.372015,1.1906614,1.5472648,1.2020295,1.0531777,1.265507,1.2410163,1.0550851,1.2341497,1.2567331,1.5308614,0.7998047,0.7998047,76.77307,2.3437505,237.90108,238.87784,0.0,103.74571,99.90234,0.0,239.00977,238.164,529.5,539.625,-4.056659,341.34375,0.0,344.375,79.82713,45.999996,193.70728,0.0,133.88,311.125,14.385986,0.5554199,55.08423,72.76459,2.8320312,134.24,134.29,132.84,132.65,0
322676.62,0.3647046,2.662313,1.207404,1.2034396,101.701614,19.54886,13.699111,19.706234,353.4849,305.52365,64.557,3.271,3.956,19.001,36.438,0.0,88.72423,2.0,0.0,296.625,200.25,6160.0,0.0,-3.640625,1.3482056,504.8765,19787.703,20000.502,1100.0834,545.0003,100.25131,101.48061,0.0,-1.839077,3.0,68.44025,23.77108,2.2499971,2.2499971,6.3,0.0,4.8125,1.0321655,0.0,0.0,0.0,0.0,0.0,2.4023438,2.0703125,2.1679688,2.2070312,1.2707714,1.1346608,1.1740291,1.2174411,1.2255284,1.367895,1.2250706,1.5333028,1.652018,1.1743343,1.6353856,0.8956283,1.4501412,1.3044938,1.624094,1.1048294,0.7988281,0.7998047,76.77307,2.3437505,237.53455,236.82,0.0,103.77114,99.90234,0.0,238.6864,237.6665,529.5,539.625,-4.1828275,341.3125,0.0,341.875,79.82713,45.999996,193.7622,0.0,134.23,309.65625,14.3585205,-1.0375977,55.45044,71.46149,2.8320312,134.67,134.73,133.03,133.09,0
322676.7,0.3917637,2.6586752,1.2096249,1.1983104,101.70212,19.54886,13.708518,19.77159,353.6253,306.1908,64.557,3.314,3.956,19.001,36.438,0.0,88.72375,2.0,0.0,294.75,200.25,6171.0,0.0,-3.9453125,1.3444824,503.4918,19596.662,20000.502,1100.0834,545.0003,104.3631,101.43822,0.0,-1.7837615,3.0,70.42236,23.799988,2.2499971,2.2499971,6.34,0.0,4.6484375,1.0320435,0.0,0.0,0.0,0.0,0.0,2.4023438,2.0703125,2.1875,2.1875,1.261387,1.134966,1.1889067,1.2067597,1.2064545,1.3576715,1.2366674,1.5182726,1.451133,1.131838,1.3121233,1.3716335,1.2738231,1.2572671,1.3030442,1.6919204,0.8017578,0.7998047,76.82953,2.3437505,237.98553,235.80052,0.0,103.79403,99.90234,0.0,239.00977,237.08607,529.5,540.0,-4.127512,340.0625,0.0,339.375,79.82713,45.999996,194.05518,0.0,134.86,309.625,14.318848,-2.2491455,55.511475,70.259094,2.8320312,134.95,134.88,133.32,133.68,0
322676.75,0.39341098,2.6384702,1.1965418,1.1794047,101.702576,19.54886,13.709244,19.48879,351.76257,306.10797,64.557,3.35,3.956,19.001,36.438,0.0,88.72336,2.0,0.0,293.625,200.625,6202.0,0.0,-3.75,1.3345947,499.78537,19734.105,20000.502,1100.0834,545.53094,104.87177,100.99313,0.0,-1.7395091,3.0,70.27893,23.826004,2.6249967,2.6249967,6.336,0.0,4.4765625,1.0185547,0.0,0.0,0.0,0.0,0.0,2.4414062,2.0507812,2.1875,2.2070312,1.2937362,1.1290914,1.1921111,1.2170596,1.2261387,1.341497,1.2364385,1.528954,1.906157,0.96040285,1.0697337,1.2011139,1.673228,1.0668346,1.0624094,1.4816511,0.7998047,0.7998047,76.82953,2.3437505,236.03668,232.7391,0.0,103.81463,99.90234,0.0,237.33484,236.14911,529.5,540.0,-4.0832596,342.375,0.0,337.0,79.82713,45.999996,193.0603,0.0,135.24,305.5625,14.300537,-0.7751465,56.49414,72.673035,2.8271484,135.32,135.33,133.58,134.04,0
322676.78,0.39472878,2.611638,1.1967252,1.1735126,101.70299,19.54886,13.739049,19.508411,350.13135,305.57275,64.557,3.4,3.956,19.001,36.438,0.0,88.72305,2.0,0.0,295.125,200.625,6220.0,0.0,-3.8046875,1.3328857,499.1469,20122.557,20000.502,1100.0834,545.53094,100.59043,99.74264,0.0,-1.8603573,3.0,67.82684,23.849419,2.6249967,2.6249967,6.28,0.0,4.328125,1.0117798,0.0,0.0,0.0,0.0,0.0,2.4609375,2.0117188,2.2070312,2.1484375,1.304036,1.1190966,1.198825,1.2066071,1.2322423,1.3217365,1.240177,1.5146868,1.273518,1.092546,1.4859998,1.3486687,1.1178759,1.21355,1.4757763,1.6636149,0.7998047,0.7998047,76.87836,2.3437505,236.17235,231.63968,0.0,103.83317,99.90234,0.0,237.33484,235.52722,529.5,540.0,-4.2041078,341.75,0.0,335.0,79.82713,45.999996,193.24341,0.0,135.37,303.53125,14.285278,-1.1810303,56.933594,72.63031,2.8222656,135.79,135.77,134.06,134.09,0
322676.8,0.395783,2.5821552,1.2010188,1.1641445,101.703354,19.54886,13.765772,19.695442,348.4704,304.36765,64.557,3.43,3.956,19.001,36.438,0.0,88.72281,2.0,0.0,297.0,200.625,6225.0,0.0,-3.6171875,1.3285522,496.9579,20129.457,20000.502,1100.0834,545.53094,99.55189,98.97963,0.0,-1.9570355,3.0,67.32788,23.870491,2.6249967,2.6249967,6.22,0.0,4.125,0.9994507,0.0,0.0,0.0,0.0,0.0,2.4804688,2.03125,2.2070312,2.109375,1.3096819,1.1328298,1.1932555,1.1810483,1.2297245,1.33196,1.2297245,1.480583,1.1927215,1.3033494,1.1866179,0.89257646,1.0469978,1.447776,1.1784543,1.101091,0.79785156,0.7998047,76.87836,2.3437505,237.4619,230.23799,0.0,103.84985,99.90234,0.0,238.62834,235.17897,529.5,539.625,-4.300786,340.40625,0.0,333.375,79.82713,45.999996,194.281,0.0,135.81,299.84375,14.263916,-3.4881592,57.74536,71.058655,2.8222656,136.28,136.18,134.4,134.4,0
322676.88,0.4366264,2.5891123,1.2039274,1.1577013,101.703674,19.54886,13.7727585,19.78792,350.49744,307.12173,64.557,3.472,3.956,19.001,36.438,0.0,88.72261,2.0,0.0,296.25,200.625,6245.0,0.0,-3.5859375,1.3259888,495.99603,19775.498,20000.502,1100.0834,546.32697,104.53266,100.844765,0.0,-2.034378,3.0,69.33899,23.889458,2.6249967,2.6249967,6.22,0.0,3.5546875,1.0025024,0.0,0.0,0.0,0.0,0.0,2.421875,2.03125,2.2070312,2.1484375,1.2746624,1.1364156,1.2027924,1.2084383,1.1873045,1.3269246,1.2364385,1.5178912,1.2001221,1.3161669,1.3881896,1.1838713,1.0534829,1.4620432,1.3786526,1.4603647,0.79785156,0.7998047,76.92108,2.3437505,238.09966,228.9933,0.0,103.86487,99.90234,0.0,239.02634,234.57367,529.5,539.625,-4.3781285,339.3125,0.0,331.1875,79.82713,45.999996,194.67773,0.0,136.29,300.75,14.224243,-4.336548,57.598877,70.0058,2.8222656,136.59,136.64,134.78,134.93,0
322676.9,0.48930112,2.591895,1.1877414,1.1542253,101.703964,19.54886,13.789369,19.405811,350.45844,307.7268,64.557,3.52,3.956,19.001,36.438,0.0,88.72245,2.0,0.0,295.125,200.625,6258.0,0.0,-3.515625,1.3251953,495.68924,20034.465,20000.502,1100.0834,546.32697,101.37463,99.99698,0.0,-2.0962524,3.0,67.81769,23.906527,2.6249967,2.6249967,6.24,0.0,3.59375,0.9939575,0.0,0.0,0.0,0.0,0.0,2.4023438,2.03125,2.2265625,2.1484375,1.2706951,1.1333638,1.2108034,1.2064545,1.1774625,1.3202869,1.2417029,1.5127032,1.1451133,1.0833143,1.2128633,1.1917297,1.0051881,1.2034028,1.2044709,1.4701304,0.796875,0.7998047,76.92108,2.3437505,235.46611,228.89404,0.0,103.87838,99.90234,0.0,236.43103,234.17567,529.5,539.625,-4.440003,340.15625,0.0,330.1875,79.82713,45.999996,193.87817,0.0,136.65,298.1875,14.193726,-4.3640137,58.129883,70.47882,2.8173828,136.67,136.64,134.84,135.33,0
322676.94,0.53144085,2.593008,1.2039989,1.1500288,101.70422,19.54886,13.795136,19.877106,350.77646,308.54742,64.557,3.55,3.956,19.001,36.438,0.0,88.72232,2.0,0.0,297.75,200.625,6269.0,0.0,-3.4453125,1.3232422,494.95956,19851.914,20000.502,1100.0834,546.85767,101.332245,98.11064,0.0,-2.145752,3.0,67.796326,23.921888,2.6249967,2.6249967,6.156,0.0,3.4765625,0.9929199,0.0,0.0,0.0,0.0,0.0,2.3632812,2.03125,2.2265625,2.1484375,1.245365,1.1364919,1.2058442,1.2061493,1.1490806,1.318761,1.2338445,1.5117877,1.0189974,1.3136492,1.3290608,1.0366217,0.89448386,1.459144,1.3199054,1.2787824,0.796875,0.7998047,76.92108,2.3437505,238.71495,228.16373,0.0,103.89054,99.90234,0.0,239.50728,233.62012,529.5,539.625,-4.4895024,337.71875,0.0,328.78125,79.82713,45.999996,195.3003,0.0,136.84,297.875,14.123535,-6.768799,58.221436,68.07709,2.8149414,136.98,136.93,135.37,135.56,0
322676.97,0.56515265,2.5559533,1.1867174,1.1418052,101.70447,19.54886,13.810892,19.470367,347.07538,306.7042,64.557,3.592,3.956,19.001,36.438,0.0,88.72222,2.0,0.0,295.875,200.625,6298.0,0.0,-3.4921875,1.3215942,494.36258,20082.227,20000.502,1100.0834,546.85767,100.39967,99.02202,0.0,-2.1853514,3.0,66.960144,23.935715,2.6249967,2.6249967,6.188,0.0,3.375,0.99157715,0.0,0.0,0.0,0.0,0.0,2.3828125,2.03125,2.1875,2.0898438,1.2565042,1.1555657,1.209659,1.1935607,1.1549554,1.335317,1.2271305,1.4966812,1.0587473,1.2809949,1.3746853,1.212253,0.92935073,1.4229038,1.2887007,1.5610743,0.7988281,0.7998047,76.96991,2.3437505,235.91159,227.07599,0.0,103.90149,99.90234,0.0,236.81245,232.59195,529.5,539.625,-4.529102,336.28125,0.0,325.875,79.82713,45.999996,193.87207,0.0,137.4,297.46875,14.053345,-3.869629,58.3313,70.98541,2.8076172,137.45,137.45,135.71,135.92,0
322677.03,0.5521221,2.5223813,1.175934,1.131674,101.70468,19.54886,13.816062,19.233671,345.32648,305.74014,64.557,3.639,3.956,19.001,36.438,0.0,88.72214,2.0,0.0,295.5,200.625,6310.0,0.0,-3.546875,1.3151855,491.96625,19781.336,20000.502,1100.0834,547.6537,102.13765,97.4324,0.0,-2.217031,3.0,67.40875,23.948158,2.6249967,2.6249967,6.176,0.0,2.9765625,0.9795532,0.0,0.0,0.0,0.0,0.0,2.3632812,2.0507812,2.1875,2.0703125,1.2410163,1.1651789,1.2092775,1.1875334,1.136263,1.3434806,1.2181277,1.4949263,1.7203021,1.1000992,1.1325246,1.0968947,1.5100328,1.2220187,1.0617228,1.4125277,0.7998047,0.7998047,76.96991,2.3437505,234.28029,225.53625,0.0,103.91134,99.90234,0.0,234.63171,232.16907,529.5,539.625,-4.5607815,338.59375,0.0,323.5,79.82713,45.999996,192.42554,0.0,137.61,293.875,13.977051,-0.48828125,59.143066,75.035095,2.8076172,137.96,137.96,136.18,136.02,0
322677.06,0.5216977,2.4902024,1.1749766,1.1239167,101.70488,19.54886,13.813822,19.208637,343.6848,304.52777,64.557,3.679,3.956,19.001,36.438,0.0,88.72208,2.0,0.0,295.125,200.625,6315.0,0.0,-3.5,1.3105469,490.2167,19993.074,20000.502,1100.0834,547.6537,100.50565,97.4324,0.0,-2.2423744,3.0,66.622925,23.959358,3.3749957,2.6249967,6.18,0.0,2.78125,0.97125244,0.0,0.0,0.0,0.0,0.0,2.3828125,2.0703125,2.2070312,2.0703125,1.2588693,1.1792935,1.2211795,1.179675,1.1504539,1.3575189,1.2228581,1.4893569,1.4184787,1.0534066,1.290608,1.2822156,1.2451361,1.1701381,1.2099642,1.651255,0.7998047,0.7998047,77.02637,2.3437505,234.10793,224.0967,0.0,103.920204,99.90234,0.0,234.50734,231.77936,529.5,539.625,-4.586125,339.75,0.0,322.375,79.82713,45.999996,192.3706,0.0,137.9,291.375,13.88855,-0.57373047,59.710693,75.35553,2.8076172,138.22,138.27,136.43,136.77,0
322677.1,0.5173582,2.514831,1.1696222,1.1171345,101.70505,19.54886,13.823972,19.079462,347.3029,309.0981,64.557,3.721,3.956,19.001,36.438,0.0,88.72202,2.0,0.0,294.0,201.375,6343.0,0.0,-3.4375,1.3076172,489.1222,20048.264,20000.502,1100.0834,547.6537,101.16269,98.30139,0.0,-2.2626495,3.0,66.55121,23.969437,3.3749957,3.3749957,6.184,0.0,2.9921875,0.9752197,0.0,0.0,0.0,0.0,0.0,2.4023438,2.0703125,2.2265625,2.0507812,1.2671092,1.1776913,1.2346075,1.1928741,1.152514,1.3519493,1.2298771,1.5123217,1.33608,1.2433814,1.2475014,1.3117418,1.1728847,1.3810941,1.1695278,1.6891737,0.796875,0.7998047,77.02637,2.3437505,233.2177,222.83713,0.0,103.928185,99.90234,0.0,234.56537,230.9336,529.5,539.625,-4.6064,338.03125,0.0,320.375,79.82713,45.999996,192.08984,0.0,138.34,292.5625,13.787842,-0.982666,59.509277,74.65057,2.8027344,138.37,138.32,136.41,137.14,0
322677.12,0.49388653,2.5059323,1.1745459,1.1138705,101.7052,19.54886,13.8134985,19.170637,345.77084,308.41382,64.557,3.76,3.956,19.001,36.438,0.0,88.721985,2.0,0.0,295.5,201.0,6357.0,0.0,-3.3984375,1.3069458,488.86514,20095.492,20000.502,1100.0834,543.40826,100.99313,98.55573,0.0,-2.2788696,3.0,66.46881,23.978508,3.3749957,2.9999962,6.14,0.0,2.9921875,0.975708,0.0,0.0,0.0,0.0,0.0,2.4023438,2.0117188,2.2460938,2.0507812,1.2699322,1.172198,1.2382696,1.1960021,1.1534295,1.342031,1.2275883,1.5182726,1.3334097,1.0174716,1.1371787,1.8285649,1.1704433,1.1301595,1.0660715,2.3548486,0.796875,0.7998047,77.02637,2.3437505,233.84631,221.95169,0.0,103.93536,99.90234,0.0,235.08777,230.46097,529.5,539.25,-4.62262,337.375,0.0,318.0,79.82713,45.999996,192.86499,0.0,138.39,292.71875,13.723755,-2.331543,59.490967,73.14606,2.8076172,138.68,138.79,137.21,137.03,0
322677.2,0.49510923,2.483623,1.1815438,1.1056468,101.70534,19.54886,13.823746,19.380466,344.09857,307.405,64.557,3.792,3.956,19.001,36.438,0.0,88.721954,2.0,0.0,295.5,201.375,6367.0,0.0,-3.3671875,1.3048096,487.51358,19596.13,20000.502,1100.0834,543.40826,104.23593,97.008514,0.0,-2.2918453,3.0,68.03131,23.986671,3.3749957,3.3749957,6.12,0.0,2.828125,0.96466064,0.0,0.0,0.0,0.0,0.0,2.4023438,2.0507812,2.2460938,2.0703125,1.2697033,1.190814,1.2425421,1.209659,1.1500725,1.3625543,1.2258335,1.5448234,1.4274052,1.5152972,1.3514153,1.1533532,1.2529945,1.6831464,1.2669566,1.4852369,0.796875,0.7998047,76.72424,2.3437505,235.29279,220.32634,0.0,103.941826,99.90234,0.0,236.13252,230.03809,529.5,539.25,-4.635596,336.09375,0.0,316.28125,79.82713,45.999996,192.21802,0.0,138.74,289.40625,13.592529,-1.1352539,60.186768,74.95575,2.8051758,139.2,139.25,137.44,137.55,0
322677.22,0.49608737,2.4746993,1.1773658,1.096957,101.704636,19.54886,13.81334,19.333021,344.24527,308.164,64.557,3.83,3.956,19.001,36.438,0.0,88.721924,2.0,0.0,295.5,201.375,6380.0,0.0,-3.3359375,1.302063,485.94644,19868.896,20000.502,1100.0834,543.93896,103.9392,98.64051,0.0,-2.302226,3.0,67.500305,23.994019,2.9999962,3.3749957,6.108,0.0,2.6640625,0.95739746,0.0,0.0,0.0,0.0,0.0,2.421875,2.0703125,2.2851562,2.109375,1.2758068,1.2072176,1.2639811,1.2275883,1.1534295,1.3791105,1.2434577,1.5732814,1.0077821,1.4575418,1.3003738,1.5828184,0.88464177,1.6189822,1.2191195,2.0383,0.7988281,0.7998047,76.72424,2.3437505,234.96504,219.0951,0.0,103.94764,99.90234,0.0,235.89206,229.53229,529.5,539.25,-4.6459765,338.75,0.0,314.875,79.82713,45.999996,193.46313,0.0,139.22,287.21875,13.473511,-5.194092,60.65674,71.21735,2.8051758,139.64,139.58,137.75,137.96,0
322677.25,0.47686988,2.4898796,1.1786408,1.0925909,101.70401,19.54886,13.806057,19.3243,346.10388,310.84763,64.557,3.879,3.956,19.001,36.438,0.0,88.7219,2.0,0.0,295.5,201.375,6401.0,0.0,-3.390625,1.302002,485.90497,19801.5,20000.502,1100.0834,543.93896,102.794685,96.01236,0.0,-2.3105307,3.0,66.56189,24.000631,3.3749957,3.3749957,6.084,0.0,2.71875,0.9552002,0.0,0.0,0.0,0.0,0.0,2.3828125,2.0507812,2.3046875,2.1289062,1.2754253,1.1986724,1.2742809,1.2638285,1.1506828,1.3677424,1.2491035,1.6291295,1.3948272,1.1782254,1.4692912,1.7318227,1.224384,1.3087664,1.3775082,2.2302587,0.79589844,0.7998047,76.73187,2.3437505,234.90431,218.32217,0.0,103.95287,99.90234,0.0,235.9667,228.83578,529.5,539.625,-4.654281,335.84375,0.0,313.0,79.82713,45.999996,192.37671,0.0,139.65,286.5625,13.397217,-1.3122559,60.791016,75.16937,2.8051758,139.64,139.64,137.86,138.32,0
322677.28,0.44149593,2.458452,1.1691452,1.0893693,101.703445,19.54886,13.812677,19.191296,405.50775,365.1106,64.557,3.912,3.956,19.001,36.438,0.0,88.721886,2.0,0.0,295.5,201.375,6417.0,0.0,-3.4765625,1.302002,485.92157,19911.88,20000.502,1100.0834,543.93896,102.307205,96.28789,0.0,-2.4734244,4.0,66.326904,24.006582,3.3749957,3.3749957,6.076,0.0,2.8984375,0.95965576,0.0,0.0,0.0,0.0,0.0,2.3632812,2.0117188,2.2851562,2.109375,1.2656596,1.1950866,1.2703136,1.2623789,1.1390097,1.3563745,1.241474,1.630045,1.4647897,0.9977874,1.2356756,1.0588236,1.330663,1.1083391,1.2271305,1.4262608,0.796875,0.7998047,76.76697,2.3437505,233.98695,218.21686,0.0,103.95759,99.90234,0.0,235.33653,228.25536,529.5,539.625,-4.817175,334.0,0.0,310.375,79.82713,45.999996,193.71948,0.0,140.07,287.90625,13.253784,-5.0476074,60.52246,70.98541,2.8125,140.06,140.0,138.43,138.79,0
322677.34,0.39319673,2.445881,1.1595049,1.0860205,101.703766,19.54886,13.805593,18.929039,405.74188,366.2892,64.557,3.96,3.956,19.001,36.438,0.0,88.72187,2.0,0.0,297.75,201.375,6434.0,0.0,-3.6015625,1.2998657,485.10898,20060.469,20000.502,1100.0834,544.4696,100.92954,96.05475,0.0,-2.6037393,4.0,65.27405,24.011938,3.3749957,3.3749957,5.996,0.0,2.7109375,0.9543457,0.0,0.0,0.0,0.0,0.0,2.3632812,2.0117188,2.2460938,2.1289062,1.2661936,1.1887541,1.2420844,1.270161,1.1419089,1.3469138,1.2153811,1.654841,1.0578316,1.0287633,0.87800413,1.4069581,0.9610132,1.1427481,0.8719005,1.8951706,0.79589844,0.7998047,76.75934,2.3437505,232.17957,217.61026,0.0,103.96183,99.90234,0.0,233.47917,227.6086,529.5,539.625,-4.9474897,333.53125,0.0,309.1875,79.82713,45.999996,192.29126,0.0,140.39,286.3125,13.134766,-2.9449463,60.87036,73.280334,2.8125,140.42,140.32,138.89,138.94,0
322677.38,0.3345574,2.4221025,1.1658418,1.0788144,101.704056,19.54886,13.806493,19.175581,403.54486,364.81543,64.557,4.0,3.956,19.001,36.438,0.0,88.72186,2.0,0.0,295.875,201.75,6443.0,0.0,-3.734375,1.2954102,483.45892,19911.88,20000.502,1100.0834,544.4696,102.09526,95.397705,0.0,-2.7079911,4.0,65.83557,24.01676,3.7499952,3.7499952,6.036,0.0,2.1796875,0.95758057,0.0,0.0,0.0,0.0,0.0,2.3632812,2.03125,2.265625,2.109375,1.2644389,1.2080568,1.2508583,1.259327,1.1426718,1.3694209,1.2275883,1.6457618,1.2938888,1.37644,1.2327001,1.059205,1.1754024,1.528954,1.2241551,1.4267949,0.796875,0.7998047,76.80206,2.3437505,233.87924,216.6712,0.0,103.965645,99.90234,0.0,234.8473,227.2106,529.5,540.0,-5.0517416,333.625,0.0,307.375,79.82713,45.999996,193.20068,0.0,140.65,287.28125,12.969971,-5.670166,60.736084,70.28046,2.8125,140.75,140.8,139.2,139.16,0
322677.4,0.30764592,2.393841,1.1616057,1.0763557,101.704315,19.54886,13.807123,19.125633,401.32397,363.65234,64.557,4.039,3.956,19.001,36.438,0.0,88.721855,2.0,0.0,294.375,201.75,6458.0,0.0,-3.765625,1.2949829,483.30136,19988.828,20000.502,1100.0834,545.0003,101.37463,94.6347,0.0,-2.7913928,4.0,65.4892,24.0211,3.7499952,3.7499952,6.068,0.0,2.0625,0.9512329,0.0,0.0,0.0,0.0,0.0,2.34375,2.03125,2.2460938,2.109375,1.2562753,1.2059205,1.2484169,1.2523842,1.1363393,1.3656825,1.227512,1.6423285,1.1422141,1.2941177,1.1179522,1.0505836,1.0376135,1.4374762,1.1102464,1.4151217,0.79589844,0.7998047,76.80206,2.3437505,233.53522,216.61836,0.0,103.96908,99.90234,0.0,234.7644,226.73798,529.5,540.0,-5.1351433,336.5,0.0,305.875,79.82713,45.999996,193.17627,0.0,140.9,285.375,12.799072,-5.8135986,61.120605,70.30792,2.8076172,141.35,141.29,139.47,139.52,0
322677.47,0.28611675,2.3825364,1.1568542,1.0674115,101.704544,19.54886,13.813423,18.897411,401.60303,362.21472,64.557,4.08,3.956,19.001,36.438,0.0,88.72185,2.0,0.0,295.5,201.375,6428.0,0.0,-3.828125,1.2871094,480.34952,19952.21,20000.502,1100.0834,545.0003,105.33806,96.98732,0.0,-2.8581142,4.0,67.78717,24.025003,3.3749957,3.3749957,6.032,0.0,2.1796875,0.95758057,0.0,0.0,0.0,0.0,0.0,2.3632812,2.03125,2.2851562,2.0898438,1.268635,1.2011902,1.2674906,1.2455939,1.1500725,1.3579767,1.2509346,1.6400397,1.463035,1.2773327,1.1826504,0.91828793,1.3290608,1.4188602,1.1744869,1.2368963,0.7949219,0.7998047,76.83716,2.3437505,231.96234,214.31279,0.0,103.97217,99.90234,0.0,233.34651,226.44775,529.5,540.0,-5.2018647,332.25,0.0,305.0,79.82713,45.999996,192.12036,0.0,141.17,287.28125,12.625122,-4.333496,60.845947,71.29669,2.8076172,141.29,141.45,139.58,140.06,0
322677.5,0.2688934,2.3780146,1.1554236,1.0900052,101.70476,19.54886,13.817834,18.844025,402.01465,361.79626,64.557,4.12,3.956,19.001,36.438,0.0,88.72184,2.0,0.0,299.25,201.375,6414.0,0.0,-3.8515625,1.2999268,484.58658,20322.621,20000.502,1100.0834,545.0003,100.654015,96.73298,0.0,-2.9114914,4.0,65.52887,24.028519,3.3749957,3.3749957,5.98,0.0,1.96875,0.95196533,0.0,0.0,0.0,0.0,0.0,2.6171875,2.2265625,2.4609375,2.2460938,1.2859541,1.2025635,1.2454413,1.2139314,1.156939,1.3565271,1.2402533,1.6258488,1.3468375,1.1668574,1.2073702,1.333486,1.2235447,1.2961776,1.1990539,1.7961395,0.796875,0.7998047,76.83716,2.3437505,231.59457,218.62234,0.0,103.97495,99.90234,0.0,232.89046,227.0116,529.5,540.0,-5.255242,333.75,0.0,311.28125,79.82713,45.999996,191.34521,0.0,141.42,285.59375,12.463379,-2.6550293,61.010742,73.02704,2.8076172,141.08,141.08,140.0,140.38,0
322677.53,0.2551147,2.338706,1.1596133,1.0837314,101.70494,19.54886,13.809202,19.050995,397.13315,359.13052,64.557,4.159,3.956,19.001,36.438,0.0,88.72183,2.0,0.0,299.625,201.75,6445.0,0.0,-3.8984375,1.300354,484.74414,19815.828,20000.502,1100.0834,544.735,103.83323,95.60966,0.0,-2.954193,4.0,66.67328,24.031681,3.7499952,3.7499952,5.94,0.0,1.8046875,0.95062256,0.0,0.0,0.0,0.0,0.0,2.65625,2.2070312,2.4414062,2.2460938,1.3083085,1.196994,1.2337682,1.2178988,1.1663996,1.3529412,1.2350652,1.629511,1.4564736,0.8950179,1.1849394,1.1408408,1.3231097,0.99412525,1.1767758,1.5367361,0.79589844,0.7998047,76.83716,2.3437505,233.02138,218.0247,0.0,103.977455,99.90234,0.0,234.50734,226.87892,529.5,540.0,-5.2979436,334.40625,0.0,308.375,79.82713,45.999996,192.63306,0.0,141.12,285.1875,12.329102,-4.8858643,61.083984,70.73517,2.8076172,141.35,141.35,140.32,140.11,0
322677.56,0.24409178,2.0792325,1.1641396,1.1103523,101.70511,19.54886,13.855894,18.999613,365.66245,323.5397,64.557,4.195,3.956,19.001,36.438,0.0,88.72183,2.0,0.0,295.125,185.625,6306.0,0.0,-3.921875,1.3009644,485.53186,20810.309,20000.502,1100.0834,544.735,19.732342,81.76946,0.0,-1.8946047,4.0,27.69928,24.034527,2.9999962,-12.749984,6.072,0.0,1.7265625,0.9354248,0.0,0.0,0.0,0.0,0.0,2.6367188,2.1289062,2.34375,2.2265625,1.275349,1.1320668,1.1761655,1.2105745,1.1557183,1.3176929,1.2098879,1.6259251,0.8628977,0.96932936,0.9054704,0.7862974,0.783856,1.0766766,0.89921415,1.0591288,0.80078125,1.0,66.56952,2.3437505,232.66737,222.05574,0.0,103.979706,99.90234,0.0,233.72794,231.43939,529.5,540.0,-4.238355,137.15625,0.0,309.375,79.82713,45.999996,190.93018,0.0,141.71,280.625,12.133789,-3.7567139,61.99341,72.51129,2.8076172,141.83,141.94,140.54,140.42,0
322677.62,0.23527342,1.9004431,1.2286078,1.3724468,101.70526,19.54886,13.906157,19.772448,360.02426,286.9788,64.557,4.239,3.956,19.001,36.438,0.0,88.72183,2.0,0.0,0.0,183.75,5681.0,0.0,-7.265625,1.3618774,508.26782,22208.1,20000.502,1100.0834,532.26416,0.0,85.56333,0.0,-1.0469337,4.0,0.0,24.037088,1.1249986,-14.624981,0.0,0.0,1.4609375,0.82507324,0.0,0.0,0.0,0.0,0.0,2.5195312,2.3242188,2.4414062,2.3046875,1.1624323,1.1075761,1.1517509,1.103685,1.1129167,1.3096056,1.2053864,1.563592,0.7338064,1.0798047,1.1042191,0.8658732,0.8599222,1.33196,1.2939651,1.1663233,0.9355469,1.0,54.68445,2.3437505,237.99458,265.51776,0.0,103.981735,99.90234,0.0,238.36302,253.67787,720.0,543.0,-3.3906841,-64.5625,0.0,360.875,79.82713,45.999996,186.76758,0.0,141.82,247.53125,12.051392,-2.9815674,71.14258,82.48749,2.8564453,142.16,142.22,140.75,140.75,0
322677.66,0.20821874,1.8476774,1.2794567,1.5999941,101.7054,19.54886,13.859309,19.804873,368.10248,263.82315,64.557,4.28,3.956,19.001,36.438,0.0,88.72183,2.0,0.0,356.625,185.625,5108.0,0.0,-6.7109375,1.4242554,515.68896,18976.836,20000.502,1100.0834,532.26416,103.9392,87.809975,0.0,-0.36879683,4.0,74.02649,24.039394,-1.4999981,-15.37498,5.236,0.0,4.984375,0.62664795,0.0,0.0,0.0,0.0,0.0,2.2851562,2.1875,2.3632812,2.34375,1.0944533,1.0195316,1.1371787,1.0624857,1.1002518,1.2736706,1.2057679,1.5322347,0.9936675,0.6647593,1.1345845,0.5989929,1.1037613,0.8560311,1.3995575,0.8406958,1.6533203,0.81640625,71.84906,2.3437505,238.21823,295.66858,0.0,103.98356,99.90234,0.0,238.62834,268.4206,525.375,543.0,-2.7125473,152.0,0.0,407.78125,79.82713,45.999996,178.9917,0.0,142.15,188.0,12.011719,35.699463,82.788086,99.998474,2.9296875,142.28,142.38,140.63,141.08,0
322677.7,0.186575,1.826571,1.3283904,1.6005449,101.70552,19.54886,13.826516,20.182302,372.35678,248.89964,64.557,4.32,3.956,19.001,36.438,0.0,88.72183,2.0,0.0,312.0,186.75,4764.0,0.0,-3.5546875,1.4655151,518.59106,19262.338,20000.502,1100.0834,532.26416,131.00494,115.49036,0.0,0.17371249,4.0,88.58185,24.04147,-2.9999962,-11.249986,7.08,0.0,8.8984375,0.55249023,0.0,0.0,0.0,0.0,0.0,2.0117188,2.1484375,2.2070312,2.03125,0.97161824,1.0131991,1.09308,0.9676509,1.0610361,1.2780194,1.2076753,1.4759289,0.5697719,0.8530556,0.78644997,0.7090105,0.70283055,0.9996948,1.0593576,1.0790417,1.9999695,0.7998047,75.94147,2.3437505,240.81993,287.95624,0.0,103.9852,99.90234,0.0,241.24854,274.50674,520.125,539.625,-2.170038,284.8125,0.0,437.28125,79.82713,45.999996,176.42212,0.0,142.65,165.75,11.92627,32.592773,85.08301,99.998474,3.0566406,142.64,142.64,140.96,141.4,0
322677.72,0.18926,1.8743784,1.372421,1.6009688,101.70563,19.54886,13.809421,21.449694,382.73438,248.04968,64.557,4.359,3.956,19.001,36.438,0.0,88.72183,2.0,0.0,309.75,193.125,4619.0,0.0,-2.703125,1.4298096,506.50998,19520.775,20000.502,1100.0834,511.3026,132.12827,116.67727,0.0,0.60772,4.0,89.72473,24.043337,-3.3749957,-4.874994,7.372,0.0,11.1328125,0.6269531,0.0,0.0,0.0,0.0,0.0,1.9140625,2.03125,2.0898438,2.0117188,0.9372091,0.9497978,1.0052644,0.9588006,1.0486,1.2361333,1.1717403,1.462272,0.69626915,0.6456855,0.68726635,0.8239872,0.8158999,0.71717405,0.76340884,1.109865,1.0488281,0.8232422,75.94147,2.3437505,249.55603,289.61688,0.0,103.98668,99.90234,0.0,249.74757,276.59628,517.875,538.5,-1.7360305,364.375,0.0,439.0,79.82713,45.999996,179.6875,0.0,143.14,188.09375,11.84082,32.82776,82.78198,99.998474,3.3276367,143.04,142.88,141.45,141.56,0
322677.78,0.151408,1.9122515,1.4229751,1.6011384,101.705734,19.54886,13.820891,22.74362,386.41492,247.3988,64.557,4.4,3.956,19.001,36.438,0.0,88.72183,2.0,0.0,307.125,194.625,4563.0,0.0,-2.8671875,1.350647,495.05908,19808.93,20000.502,1100.0834,511.3026,137.80847,123.48079,0.0,0.95492613,4.0,92.75818,24.045017,-3.3749957,-3.3749957,7.592,0.0,11.6875,0.78759766,0.0,0.0,0.0,0.0,0.0,1.8554688,2.03125,2.0703125,1.9726562,0.92584115,0.9501793,0.9954986,0.9362173,1.039826,1.2271305,1.1645685,1.432288,0.91493094,0.7672236,0.92721444,0.89616233,0.96589607,0.85229266,1.0299077,1.207065,0.7910156,0.7998047,74.47815,2.3437505,258.47504,289.68356,0.0,103.98801,99.90234,0.0,258.51196,277.384,516.0,538.875,-1.3888243,391.21875,0.0,439.28125,79.82713,45.999996,186.09619,0.0,143.28,236.28125,11.755371,23.309326,74.90234,99.998474,3.395996,143.48,143.48,141.83,141.73,0
322677.8,0.1611264,1.9836507,1.4652596,1.6012657,101.705826,19.54886,13.817202,23.934534,395.2012,250.30704,64.557,4.44,3.956,19.001,36.438,0.0,88.72183,2.0,0.0,306.375,194.25,4514.0,0.0,-3.3359375,1.3151245,491.93307,19862.527,20000.502,1100.0834,509.97595,139.22852,125.218765,0.0,0.76394093,4.0,93.59589,24.04653,-3.7499952,-3.7499952,7.684,0.0,11.5859375,0.9059448,0.0,0.0,0.0,0.0,0.0,1.8359375,1.9335938,1.953125,1.9335938,0.90913254,0.9008164,0.9276722,0.91355765,1.0295262,1.1871519,1.1246662,1.4111544,0.7923247,0.71541923,0.74792093,0.7612726,0.8364996,0.79461354,0.7895781,1.0254062,0.7636719,0.7998047,74.47815,2.3437505,266.68396,290.63168,0.0,103.989204,99.90234,0.0,266.79544,278.21317,515.625,538.875,-1.5798095,397.625,0.0,439.875,79.82713,45.999996,191.43677,0.0,143.48,271.78125,11.776733,12.243652,63.598633,89.78424,3.3984375,143.82,143.82,142.05,142.05,0
322677.84,0.14890112,2.0497103,1.5063722,1.6011809,101.7059,19.54886,13.826338,24.986818,399.9703,254.56226,64.557,4.479,3.956,19.001,36.438,0.0,88.72183,2.0,0.0,304.5,194.25,4536.0,0.0,-3.34375,1.3391113,500.90475,19979.807,20000.502,1100.0834,509.97595,140.73334,127.698555,0.0,0.4549029,4.0,94.32068,24.047892,-3.7499952,-3.7499952,7.764,0.0,11.90625,0.9268799,0.0,0.0,0.0,0.0,0.0,1.9140625,1.9726562,1.9335938,1.8554688,0.9530785,0.91691464,0.90913254,0.8673228,1.0425726,1.1849394,1.1093309,1.3672084,1.0070192,0.8818952,0.7792019,0.6770428,1.0631723,0.9795529,0.8226902,0.9120317,0.7597656,0.7998047,74.38049,2.3437505,273.93732,290.67087,0.0,103.99028,99.90234,0.0,274.19168,278.43704,515.25,539.25,-1.8888476,405.53125,0.0,439.78125,79.82713,45.999996,197.36328,0.0,143.69,278.0625,11.868286,1.3427734,62.042236,77.54059,3.2373047,143.99,144.05,142.05,142.55,0
322677.88,0.1791209,2.0573843,1.536278,1.6011384,101.70598,19.54886,13.838593,25.637638,397.70752,254.51718,64.557,4.52,3.956,19.001,36.438,0.0,88.72183,2.0,0.0,302.25,194.25,4561.0,0.0,-3.484375,1.3729248,512.38055,19896.49,20000.502,1100.0834,509.97595,143.29791,129.41533,0.0,0.20767236,4.0,95.40405,24.049118,-3.7499952,-3.7499952,7.812,0.0,12.0078125,0.92926025,0.0,0.0,0.0,0.0,0.0,1.9140625,1.9335938,1.8945312,1.875,0.95857173,0.8950179,0.88570994,0.8764782,1.0431068,1.1583886,1.0839247,1.3620965,0.9969482,0.7721065,0.8584726,0.77416646,1.0524911,0.85763335,0.9063859,1.0428015,0.78125,0.7998047,74.38049,2.3437505,278.42343,289.893,0.0,103.99125,99.90234,0.0,278.77704,278.42047,515.25,539.625,-2.1360781,410.9375,0.0,439.375,79.82713,45.999996,200.94604,0.0,144.18,278.78125,11.8927,-0.9460449,61.480713,74.90387,2.9760742,144.33,144.39,142.6,142.94,0
322677.94,0.20329672,2.0979538,1.551055,1.6011384,101.70604,19.54886,13.835452,26.071436,403.22125,257.81946,64.557,4.559,3.956,19.001,36.438,0.0,88.72183,2.0,0.0,293.25,194.25,4557.0,0.0,-3.546875,1.3813477,514.9427,19901.268,20000.502,1100.0834,510.24127,146.47713,132.4038,0.0,0.16613793,4.0,96.936035,24.125408,-3.7499952,-3.7499952,8.12,0.0,12.6640625,0.92266846,0.0,0.0,0.0,0.0,0.0,1.8945312,1.9726562,1.8945312,1.8164062,0.9500267,0.9188983,0.8895247,0.85229266,1.0373083,1.1608301,1.0779736,1.3303578,0.6865034,1.003128,0.9161517,0.77294576,0.7247273,1.1142901,0.9671931,1.041123,0.796875,0.7998047,74.38049,2.3437505,281.4136,290.24075,0.0,103.99213,99.90234,0.0,281.77036,278.3873,515.625,539.625,-2.1776125,410.90625,0.0,439.5,79.82713,45.999996,201.9165,0.0,144.85,276.8125,11.715698,-4.370117,61.791992,71.62628,2.8125,144.61,144.61,142.98,143.1,0
322677.97,0.22263739,2.1704316,1.5564237,1.6010537,101.7061,19.54886,13.850832,26.227448,410.58752,264.08493,64.557,4.599,3.956,19.001,36.438,0.0,88.72183,2.0,0.0,293.625,194.625,4584.0,0.0,-3.6796875,1.3865356,517.4717,19999.441,20000.502,1100.0834,510.24127,146.71027,133.65428,0.0,0.2891605,4.0,96.89484,24.194069,-3.3749957,-3.3749957,8.112,0.0,12.984375,0.93188477,0.0,0.0,0.0,0.0,0.0,1.953125,1.9726562,1.875,1.8359375,0.97673,0.91599905,0.8796826,0.85427636,1.0469978,1.1460289,1.0598154,1.3221942,1.1168841,0.8221561,0.8538949,1.0501258,1.1792172,0.9132525,0.901503,1.4145113,0.8017578,0.7998047,74.40796,2.3437505,282.48904,290.3663,0.0,103.99291,99.90234,0.0,282.96436,278.2712,515.625,539.625,-2.05459,414.21875,0.0,439.09375,79.82713,45.999996,202.49634,0.0,144.91,279.5625,11.514282,-4.904175,61.151123,70.32318,2.7148438,145.01,144.96,143.27,143.44,0
322678.03,0.23810992,2.2369227,1.562024,1.6010114,101.70615,19.54886,13.855739,26.2651,415.66208,268.4569,64.557,4.639,3.956,19.001,36.438,0.0,88.72183,2.0,0.0,290.25,194.625,4603.0,0.0,-3.703125,1.3909302,519.09686,19968.13,20000.502,1100.0834,510.77194,147.24014,133.84505,0.0,0.3875785,4.0,97.151184,24.255865,-3.3749957,-3.3749957,8.176,0.0,13.1796875,0.93792725,0.0,0.0,0.0,0.0,0.0,1.8164062,1.8164062,1.6992188,1.71875,0.995346,0.92591745,0.8772412,0.87899595,1.0685893,1.1525903,1.0529488,1.3199817,1.2761883,0.7671473,0.99809265,0.8847944,1.3472953,0.85214007,1.1087205,1.1918823,0.80078125,0.7998047,74.40796,2.3437505,282.74863,289.61243,0.0,103.99362,99.90234,0.0,283.12192,278.05563,516.0,539.625,-1.956172,413.8125,0.0,439.09375,79.82713,45.999996,202.51465,0.0,145.2,281.375,11.380005,-4.537964,60.717773,70.1767,2.6904297,145.59,145.59,143.7,143.88,0
322678.06,0.23048794,2.3010192,1.5601228,1.6010114,101.70619,19.54886,13.865032,26.236233,420.57175,271.9819,64.557,4.679,3.956,19.001,36.438,0.0,88.72183,2.0,0.0,288.0,194.625,4609.0,0.0,-3.828125,1.392334,519.62756,19999.441,20000.502,1100.0834,510.77194,147.70642,134.50208,0.0,0.4663129,4.0,97.232056,24.311481,-3.3749957,-3.3749957,8.252,0.0,13.1484375,0.93829346,0.0,0.0,0.0,0.0,0.0,1.8359375,1.8164062,1.6992188,1.6992188,0.99755853,0.9249256,0.8766308,0.876173,1.0704204,1.1406119,1.0454719,1.3028153,1.0494392,1.0823988,0.7675288,0.8607614,1.1656367,1.2022583,0.85259783,1.1594567,0.79785156,0.7998047,74.42932,2.3437505,282.54968,289.48877,0.0,103.994255,99.90234,0.0,283.02237,277.8898,516.0,540.0,-1.8774376,413.65625,0.0,438.875,79.82713,45.999996,202.02026,0.0,145.6,281.5,11.264038,-4.2144775,60.67505,70.37201,2.680664,146.04,145.87,143.88,144.27,0
322678.12,0.22439036,2.3641577,1.5612475,1.6009688,101.70624,19.54886,13.871538,26.201864,425.59634,275.35074,64.557,4.72,3.956,19.001,36.438,0.0,88.72183,2.0,0.0,288.75,194.625,4611.0,0.0,-3.6015625,1.3948975,519.9924,19941.068,20000.502,1100.0834,510.77194,148.13033,134.33252,0.0,0.37305033,4.0,97.43652,24.361536,-3.3749957,-3.3749957,8.216,0.0,12.734375,0.9379883,0.0,0.0,0.0,0.0,0.0,1.875,1.8164062,1.6992188,1.6992188,1.0177767,0.9233234,0.8737316,0.8764782,1.1006333,1.127718,1.0386816,1.2971694,1.4180973,0.90684366,0.8670176,0.8841077,1.5751889,1.007248,0.9630732,1.1908903,0.79589844,0.7998047,74.42932,2.3437505,282.31284,289.29803,0.0,103.99483,99.90234,0.0,282.74048,277.74884,516.0,539.625,-1.9707001,413.5625,0.0,438.875,79.82713,45.999996,201.65405,0.0,145.95,281.40625,11.166382,-4.2877197,60.66284,70.1889,2.6782227,146.11,146.21,144.17,144.73,0
322678.16,0.19951229,2.4269133,1.5579265,1.6009688,101.70628,19.54886,13.852654,26.154276,430.92102,279.15848,64.557,4.76,3.956,19.001,36.438,0.0,88.72183,2.0,0.0,288.75,194.625,4617.0,0.0,-3.578125,1.3959961,520.407,19964.947,20000.502,1100.0834,510.77194,147.60045,134.0358,0.0,0.45469034,4.0,97.1817,24.406586,-3.3749957,-3.3749957,8.212,0.0,11.828125,0.93914795,0.0,0.0,0.0,0.0,0.0,1.875,1.796875,1.6992188,1.71875,1.014725,0.9196612,0.86991686,0.8797589,1.0987259,1.1184863,1.0276189,1.2908369,0.94491494,0.8514534,0.8036164,0.91500723,1.0495918,0.9457542,0.8926528,1.2324712,0.79589844,0.7998047,74.42932,2.3437505,281.98486,289.59158,0.0,104.095345,99.90234,0.0,282.41708,277.64932,516.0,539.625,-1.8890601,413.5625,0.0,438.875,79.82713,45.999996,201.2085,0.0,146.41,281.75,11.077881,-4.1534424,60.57129,70.14923,2.6855469,146.27,146.39,144.83,144.83,0
322678.2,0.15960984,2.4332654,1.557492,1.6009265,101.706314,19.54886,13.862874,26.093573,428.55966,278.41046,64.557,4.8,3.956,19.001,36.438,0.0,88.72183,2.0,0.0,288.375,194.625,4630.0,0.0,-3.5546875,1.3994141,521.6673,20014.3,20000.502,1100.0834,510.77194,146.41354,133.33636,0.0,0.52000237,4.0,96.6095,24.44713,-3.3749957,-3.3749957,8.208,0.0,11.8984375,0.9414673,0.0,0.0,0.0,0.0,0.0,1.8554688,1.8164062,1.6992188,1.71875,1.0124362,0.9240101,0.8703746,0.8783856,1.0991837,1.1192492,1.0251011,1.2836652,1.0399023,0.8729686,0.88090336,0.8530556,1.155108,0.96963453,0.97848475,1.1490806,0.7998047,0.7998047,74.435425,2.3437505,281.56647,289.19705,0.0,104.18581,99.90234,0.0,281.8947,277.52496,516.375,539.625,-1.8237481,413.21875,0.0,438.6875,79.82713,45.999996,201.3794,0.0,146.38,282.4375,11.013794,-3.100586,60.38208,70.97931,2.680664,146.8,146.68,145.01,144.96,0
322678.22,0.14768787,2.4358063,1.5553102,1.6009265,101.706345,19.54886,13.852449,26.034153,428.76556,278.7247,64.557,4.831,3.956,19.001,36.438,0.0,88.72183,2.0,0.0,289.125,194.625,4633.0,0.0,-3.6484375,1.3999634,521.8746,19968.13,20000.502,1100.0834,511.0373,146.75266,133.2092,0.0,0.41600192,4.0,96.772766,24.48362,-3.3749957,-3.3749957,8.168,0.0,12.0703125,0.9407959,0.0,0.0,0.0,0.0,0.0,1.875,1.796875,1.6992188,1.7382812,1.0129702,0.9111162,0.8692302,0.892195,1.1011673,1.0957503,1.018616,1.2956436,0.89898527,0.7187762,0.79346913,1.1841764,0.9985504,0.7984283,0.8813611,1.5951018,0.79589844,0.7998047,74.435425,2.3437505,281.15692,289.19135,0.0,104.26722,99.90234,0.0,281.6211,277.3674,516.375,539.625,-1.9277486,413.1875,0.0,438.6875,79.82713,45.999996,201.11694,0.0,147.14,282.25,10.916138,-3.4423828,60.4187,70.588684,2.680664,147.16,146.99,145.53,145.18,0
322678.28,0.15815029,2.4368227,1.5576004,1.6008841,101.706375,19.54886,13.86273,26.031792,429.11493,279.97537,64.557,4.879,3.956,19.001,36.438,0.0,88.72183,2.0,0.0,289.875,194.625,4650.0,0.0,-3.4453125,1.4036255,523.25104,19962.824,20000.502,1100.0834,511.0373,146.2016,132.53096,0.0,0.33280158,4.0,96.35315,24.51646,-3.3749957,-3.3749957,8.136,0.0,13.0,0.944458,0.0,0.0,0.0,0.0,0.0,1.8554688,1.796875,1.6992188,1.7382812,1.0022888,0.915465,0.86976427,0.89143205,1.0917068,1.0933089,1.016556,1.2898451,0.91035324,1.0196842,0.778439,1.2618449,1.0112153,1.1326009,0.86472875,1.6997025,0.79785156,0.7998047,74.44916,2.3437505,281.1407,288.6602,0.0,104.34049,99.90234,0.0,281.5133,277.20987,516.375,539.625,-2.010949,412.84375,0.0,438.375,79.82713,45.999996,201.5747,0.0,147.34,283.34375,10.839844,-3.9276123,60.186768,69.844055,2.6855469,147.62,147.68,145.7,145.87,0
322678.3,0.18652023,2.4372292,1.5542037,1.6008418,101.706406,19.54886,13.869926,25.907595,428.9594,280.8369,64.557,4.92,3.956,19.001,36.438,0.0,88.72183,2.0,0.0,289.125,194.625,4666.0,0.0,-3.5546875,1.4064331,524.2958,20007.932,20000.502,1100.0834,511.0373,145.71411,132.4038,0.0,0.2662413,4.0,96.118164,24.546017,-3.3749957,-3.3749957,8.14,0.0,12.84375,0.95007324,0.0,0.0,0.0,0.0,0.0,1.875,1.796875,1.6992188,1.7578125,1.0203708,0.91943234,0.8664073,0.90882736,1.1174182,1.0946059,1.0080873,1.3085374,1.029984,1.3317311,0.89448386,0.94132906,1.1441214,1.4792095,0.9935912,1.2679484,0.796875,0.7998047,74.44916,2.3437505,280.28464,288.37552,0.0,104.40644,99.90234,0.0,280.65924,277.01917,516.75,539.625,-2.0775092,412.6875,0.0,438.375,79.82713,45.999996,201.26953,0.0,147.7,285.03125,10.772705,-2.5238037,59.832764,70.85724,2.6782227,148.16,147.97,145.76,146.21,0
322678.34,0.20921619,2.4561417,1.5480222,1.6008418,101.70642,19.54886,13.857386,25.758331,431.7524,282.8472,64.557,4.959,3.956,19.001,36.438,0.0,88.72183,2.0,0.0,287.25,194.625,4669.0,0.0,-3.5546875,1.4048462,524.2958,19969.193,20000.502,1100.0834,511.0373,146.26518,132.59454,0.0,0.21299314,4.0,96.38519,24.572617,-3.3749957,-3.3749957,8.192,0.0,12.8359375,0.95318604,0.0,0.0,0.0,0.0,0.0,1.875,1.8359375,1.6992188,1.7578125,1.0174716,0.93804836,0.87251085,0.91027695,1.115053,1.1116197,1.0115205,1.3065537,0.96360725,0.9578851,0.96513313,0.9752041,1.0703441,1.0640116,1.0720226,1.3135729,0.796875,0.7998047,74.44916,2.3437505,279.2558,288.43802,0.0,104.4658,99.90234,0.0,279.7057,276.8782,516.75,539.625,-2.1307573,412.59375,0.0,438.375,79.82713,45.999996,200.56152,0.0,148.02,285.96875,10.726929,-1.4678955,59.63745,71.67816,2.680664,148.1,148.28,146.21,146.52,0
322678.38,0.22737296,2.4449568,1.5489331,1.6007993,101.706436,19.54886,13.872045,25.734581,429.72247,281.99973,64.557,5.0,3.956,19.001,36.438,0.0,88.72183,2.0,0.0,291.0,194.625,4677.0,0.0,-3.5625,1.4066162,524.9591,19974.5,20000.502,1100.0834,511.0373,145.31142,131.66197,0.0,0.17039466,4.0,95.77179,24.596558,-3.3749957,-3.3749957,8.06,0.0,12.6875,0.9572754,0.0,0.0,0.0,0.0,0.0,1.8554688,1.8554688,1.71875,1.7773438,1.0095369,0.9453727,0.8861677,0.92133975,1.1069658,1.1177233,1.0273136,1.3161669,0.8927291,1.1084917,1.1903563,1.1057451,0.99160755,1.2312505,1.3222705,1.4894332,0.7949219,0.7998047,74.46442,2.3437505,279.0921,288.16452,0.0,104.51922,99.90234,0.0,279.4818,276.7538,516.75,539.625,-2.1733558,412.34375,0.0,438.09375,79.82713,45.999996,201.01318,0.0,148.24,287.1875,10.696411,-1.9805908,59.375,70.921326,2.6757812,148.39,148.33,146.57,146.75,0
322678.4,0.26189837,2.4592328,1.5451436,1.600757,101.70645,19.54886,13.864728,25.59934,432.27356,284.7656,64.557,5.031,3.956,19.001,36.438,0.0,88.72183,2.0,0.0,288.75,195.0,4695.0,0.0,-3.421875,1.4076538,525.95416,19959.64,20000.502,1100.0834,511.56796,145.96846,132.14946,0.0,0.13631582,4.0,96.08765,24.618105,-2.9999962,-2.9999962,8.12,0.0,12.5859375,0.9645386,0.0,0.0,0.0,0.0,0.0,1.875,1.8945312,1.7382812,1.7773438,1.0189974,0.97123677,0.89005876,0.9205768,1.1219959,1.1448845,1.0287633,1.3113604,0.9865721,1.4806592,1.0433357,1.3083848,1.0959029,1.6446937,1.1589227,1.7624171,0.79785156,0.7998047,74.46442,2.3437505,278.1599,287.7812,0.0,104.56729,99.90234,0.0,278.60287,276.54654,516.75,539.625,-2.2074347,415.84375,0.0,438.09375,79.82713,45.999996,200.74463,0.0,148.98,289.375,10.65979,-0.7446289,58.917236,71.71173,2.6855469,148.77,148.87,147.16,146.99,0
322678.47,0.2895187,2.4461932,1.5417666,1.600757,101.70647,19.54886,13.853747,25.512472,430.33765,283.4299,64.557,5.079,3.956,19.001,36.438,0.0,88.72183,2.0,0.0,289.875,195.0,4694.0,0.0,-3.359375,1.4069214,525.67224,19928.861,20000.502,1100.0834,511.56796,146.26518,132.12827,0.0,0.1090529,4.0,96.23108,24.637497,-2.9999962,-2.9999962,8.056,0.0,12.640625,0.967041,0.0,0.0,0.0,0.0,0.0,1.875,1.8945312,1.7382812,1.8164062,1.0185397,0.97619593,0.8918898,0.93934536,1.1228352,1.1452659,1.0290685,1.33402,1.0462348,0.9262989,0.71534294,0.9876402,1.1621271,1.0289922,0.79453725,1.3303578,0.79785156,0.7998047,74.48425,2.3437505,277.56116,287.7812,0.0,104.61056,99.90234,0.0,278.0059,276.40558,517.125,539.25,-2.2346976,415.6875,0.0,438.0,79.82713,45.999996,200.24414,0.0,149.28,290.125,10.638428,-0.60424805,58.758545,71.684265,2.6782227,149.3,149.1,147.5,147.32,0
322678.5,0.311615,2.4409773,1.5383521,1.6007148,101.70648,19.54886,13.846061,25.44593,430.3599,284.22955,64.557,5.12,3.956,19.001,36.438,0.0,88.72183,2.0,0.0,290.625,195.0,4707.0,0.0,-2.8828125,1.4078369,526.6092,20082.758,20000.502,1100.0834,511.56796,143.8066,131.21689,0.0,0.087242365,4.0,94.89288,24.65495,-2.9999962,-2.9999962,8.02,0.0,12.875,0.9697876,0.0,0.0,0.0,0.0,0.0,1.8554688,1.9335938,1.71875,1.8554688,1.0068666,0.9925231,0.88334477,0.96185243,1.1102464,1.163653,1.0159457,1.3629358,1.1950866,1.356756,0.8937972,1.3744564,1.3274586,1.5070573,0.99282825,1.8513771,0.79589844,0.7998047,74.48425,2.3437505,277.1025,287.97467,0.0,104.6495,99.90234,0.0,277.5001,276.2729,517.125,538.875,-2.256508,415.59375,0.0,437.78125,79.82713,45.999996,200.3601,0.0,149.47,290.9375,10.623169,-0.24414062,58.587646,71.86432,2.6855469,149.48,149.54,147.5,147.86,0
322678.53,0.329292,2.420141,1.5404297,1.6007147,101.7065,19.54886,13.823102,25.435028,428.2508,283.01688,64.557,5.159,3.956,19.001,36.438,0.0,88.72183,2.0,0.0,289.125,195.0,4710.0,0.0,-2.71875,1.4077148,526.55945,20093.371,20000.502,1100.0834,511.56796,142.9588,130.51746,0.0,0.06979394,4.0,94.48547,24.670656,-2.9999962,-2.9999962,8.064,0.0,12.7890625,0.97058105,0.0,0.0,0.0,0.0,0.0,1.875,1.9335938,1.71875,1.8554688,1.0135043,0.9935912,0.8818189,0.972076,1.1200122,1.158999,1.0151064,1.3758297,0.9859617,0.99031055,0.96017396,1.200351,1.0952163,1.1000229,1.1252003,1.6169223,0.79785156,0.7998047,74.48425,2.3437505,277.02737,287.38904,0.0,104.68455,99.90234,0.0,277.44202,276.14023,517.125,538.875,-2.2739565,415.4375,0.0,437.875,79.82713,45.999996,200.3601,0.0,149.68,291.1875,10.610962,-1.0986328,58.532715,70.97931,2.6831055,150.14,149.99,147.74,148.1,0
322678.6,0.34343362,2.4118063,1.5356814,1.6006722,101.70651,19.54886,13.830468,25.337317,428.34387,283.5592,64.557,5.2,3.956,19.001,36.438,0.0,88.72183,2.0,0.0,291.75,195.0,4718.0,0.0,-2.734375,1.4105835,527.04034,20071.082,20000.502,1100.0834,511.56796,143.10716,130.45387,0.0,0.055835247,4.0,94.555664,24.684793,-2.9999962,-2.9999962,7.968,0.0,12.3046875,0.97229004,0.0,0.0,0.0,0.0,0.0,1.875,1.9335938,1.71875,1.875,1.0143435,0.9918364,0.88563365,0.97932404,1.1214619,1.1542687,1.0221256,1.3809415,0.84985125,1.1029221,0.8952468,1.1446556,0.9439994,1.2250706,1.0490577,1.5418478,0.7949219,0.7998047,74.49188,2.3437505,276.35388,287.5285,0.0,104.71609,99.90234,0.0,276.74554,276.02414,517.125,538.875,-2.2879152,415.3125,0.0,437.78125,79.82713,45.999996,199.93896,0.0,149.83,291.6875,10.604858,-0.390625,58.428955,71.58966,2.6904297,150.31,150.39,147.92,148.58,0
322678.62,0.3747469,2.4084725,1.5340508,1.6006298,101.70653,19.54886,13.829765,25.255085,428.806,284.8278,64.557,5.239,3.956,19.001,36.438,0.0,88.72183,2.0,0.0,290.25,195.0,4734.0,0.0,-2.7578125,1.4150391,528.70703,19912.412,20000.502,1100.0834,511.83328,144.9723,130.7506,0.0,0.044668436,4.0,95.45441,24.697517,-2.9999962,-2.9999962,8.0,0.0,12.484375,0.9749756,0.0,0.0,0.0,0.0,0.0,1.8945312,1.9335938,1.7382812,1.9140625,1.0094606,0.9990082,0.89120317,1.0094606,1.1172656,1.1615931,1.0315099,1.4258031,1.0864424,1.0509652,1.0222019,1.0095369,1.206836,1.231632,1.1979095,1.3598077,0.796875,0.7998047,74.49188,2.3437505,275.78708,287.2364,0.0,104.74448,99.90234,0.0,276.3061,275.83344,517.5,538.875,-2.299082,414.90625,0.0,437.5,79.82713,45.999996,200.3479,0.0,150.28,292.5,10.598755,-0.34484863,58.258057,71.51337,2.6855469,150.46,150.58,148.64,148.52,0
322678.66,0.3597975,2.369639,1.5327867,1.6006299,101.70654,19.54886,13.835133,25.208635,424.71698,281.75415,64.557,5.28,3.956,19.001,36.438,0.0,88.72183,2.0,0.0,291.75,195.0,4728.0,0.0,-2.859375,1.4141846,528.37537,20065.244,20000.502,1100.0834,511.83328,142.98,130.26312,0.0,-0.12051511,4.0,94.49463,24.708967,-2.9999962,-2.9999962,7.944,0.0,12.859375,0.9717407,0.0,0.0,0.0,0.0,0.0,1.9140625,1.9335938,1.7382812,1.9335938,1.0209812,0.99603266,0.88990617,1.0145724,1.1366445,1.1585412,1.0305943,1.4272527,1.0319676,0.94003206,0.86495763,1.1263447,1.2093538,1.1015488,1.0136569,1.5172045,0.7949219,0.7998047,74.49188,2.3437505,275.46692,287.1555,0.0,104.77003,99.90234,0.0,275.991,275.74222,517.5,538.875,-2.4642656,415.03125,0.0,437.59375,79.82713,45.999996,200.15869,0.0,150.57,291.53125,10.595703,-0.19836426,58.459473,71.86432,2.680664,150.58,150.46,149.0,149.11,0
322678.7,0.387838,2.3728557,1.5350043,1.6005874,101.70656,19.54886,13.850608,25.23977,427.2749,284.71005,64.557,5.315,3.956,19.001,36.438,0.0,88.72183,2.0,0.0,291.75,195.0,4749.0,0.0,-2.96875,1.4182129,529.8927,20014.3,20000.502,1100.0834,511.83328,142.87402,129.66966,0.0,-0.25266194,4.0,94.30084,24.719273,-2.9999962,-2.9999962,7.936,0.0,12.8203125,0.9772949,0.0,0.0,0.0,0.0,0.0,1.8945312,1.9726562,1.6992188,1.9140625,1.0138094,1.0145724,0.8937972,1.005417,1.1315328,1.1850157,1.0371557,1.4119173,1.2672617,1.2272831,0.95925844,0.8370336,1.4850843,1.4382391,1.1241322,1.1274891,0.79589844,0.7998047,74.505615,2.3437505,275.68155,287.06747,0.0,104.79302,99.90234,0.0,276.14853,275.56808,517.5,538.875,-2.5964124,414.65625,0.0,437.375,79.82713,45.999996,200.76294,0.0,151.19,293.1875,10.586548,-0.15563965,58.111572,71.58661,2.6904297,150.95,150.86,149.42,149.42,0
322678.75,0.3902704,2.3553922,1.5305498,1.600545,101.70656,19.54886,13.843863,25.089735,424.9953,283.96628,64.557,5.359,3.956,19.001,36.438,0.0,88.72183,2.0,0.0,291.375,195.0,4762.0,0.0,-3.046875,1.4204102,530.7219,19941.068,20000.502,1100.0834,511.83328,144.73915,130.793,0.0,-0.3583796,4.0,95.199585,24.728548,-2.9999962,-2.9999962,7.936,0.0,12.7265625,0.98394775,0.0,0.0,0.0,0.0,0.0,1.9335938,1.953125,1.71875,1.8945312,1.0321965,1.009842,0.89898527,0.99488825,1.1624323,1.1799039,1.0448616,1.3920043,1.1991302,0.9430838,0.7913329,0.95712215,1.4052033,1.1052109,0.92736703,1.289311,0.7949219,0.7998047,74.505615,2.3437505,274.64737,286.77502,0.0,104.81372,99.90234,0.0,275.1535,275.43542,517.5,539.25,-2.70213,414.5,0.0,437.28125,79.82713,45.999996,200.47607,0.0,151.43,295.1875,10.574341,0.0,57.69043,71.32721,2.6879883,151.26,151.07,149.66,149.84,0
322678.78,0.41221634,2.3484068,1.5313278,1.600545,101.70656,19.54886,13.85086,25.111238,424.96674,284.06644,64.557,5.401,3.956,19.001,36.438,0.0,88.72183,2.0,0.0,289.125,195.0,4764.0,0.0,-3.046875,1.420044,530.58093,19973.438,20000.502,1100.0834,511.83328,142.9588,129.35175,0.0,-0.4429536,4.0,94.34204,24.736897,-2.9999962,-2.9999962,8.012,0.0,12.578125,0.982666,0.0,0.0,0.0,0.0,0.0,1.9140625,1.953125,1.6992188,1.9140625,1.029221,1.0088502,0.88883805,1.0010681,1.1613642,1.178912,1.033875,1.3992523,0.97383076,0.989929,0.8014038,1.0610361,1.1412222,1.1600671,0.9391928,1.4292363,0.7988281,0.7998047,74.513245,2.3437505,274.7956,286.6742,0.0,104.832344,99.90234,0.0,275.29446,275.33594,517.875,539.25,-2.786704,414.4375,0.0,437.28125,79.82713,45.999996,200.6897,0.0,151.22,294.8125,10.583496,0.08239746,57.769775,71.51642,2.6855469,151.81,151.81,149.66,150.08,0
322678.8,0.38977307,2.3081129,1.5297344,1.6005026,101.70656,19.54886,13.844039,25.030752,420.18384,281.69473,64.557,5.431,3.956,19.001,36.438,0.0,88.72183,2.0,0.0,290.625,195.0,4778.0,0.0,-3.078125,1.4232788,531.78326,19973.438,20000.502,1100.0834,512.09863,142.68326,128.94905,0.0,-0.5106127,4.0,94.055176,24.74441,-2.9999962,-2.9999962,7.928,0.0,12.53125,0.9864502,0.0,0.0,0.0,0.0,0.0,1.9140625,1.953125,1.6992188,1.9335938,1.0285344,1.0106813,0.8904402,1.0096895,1.1659418,1.1819638,1.0364691,1.4078736,1.1220722,1.076524,1.1132219,1.1351186,1.3149462,1.2615396,1.3044938,1.528954,0.7949219,0.7998047,74.513245,2.3437505,274.2408,286.35153,0.0,104.849106,99.90234,0.0,274.75552,275.14523,517.875,539.25,-2.8543632,414.21875,0.0,437.28125,79.82713,45.999996,200.59204,0.0,151.75,295.9375,10.598755,0.26550293,57.53174,71.51337,2.6953125,152.19,152.15,149.84,150.53,0
322678.84,0.35181844,2.273245,1.5299711,1.6004602,101.70656,19.54886,13.827546,24.99389,418.37878,281.24774,64.557,5.478,3.956,19.001,36.438,0.0,88.72183,2.0,0.0,291.75,195.0,4791.0,0.0,-3.2109375,1.4239502,532.64557,20133.701,20000.502,1100.0834,512.09863,141.11485,129.05502,0.0,-0.5647402,4.0,93.299866,24.751171,-2.9999962,-2.9999962,7.888,0.0,12.7109375,0.9929199,0.0,0.0,0.0,0.0,0.0,1.9140625,1.9335938,1.71875,1.953125,1.0252537,0.9977874,0.8983749,1.0276952,1.1696041,1.1692989,1.0484474,1.4354162,0.8894484,1.0946059,0.8688487,1.3075455,1.0971999,1.3502709,1.0181582,1.83505,0.7949219,0.7998047,74.52698,2.3437505,273.98672,286.03717,0.0,104.86419,99.90234,0.0,274.54822,274.98767,517.875,539.25,-2.9084907,414.03125,0.0,437.1875,79.82713,45.999996,200.88501,0.0,152.01,297.875,10.610962,0.6713867,57.122803,71.55914,2.6904297,152.39,152.48,150.53,150.82,0
322678.9,0.32145476,2.278048,1.5272622,1.6004602,101.70656,19.54886,13.82772,24.884123,421.16006,283.64926,64.557,5.52,3.956,19.001,36.438,0.0,88.72183,2.0,0.0,291.375,195.0,4800.0,0.0,-3.2421875,1.4256592,533.27576,19946.375,20000.502,1100.0834,512.09863,143.17075,129.5213,0.0,-0.608042,4.0,94.13757,24.757256,-2.9999962,-2.9999962,7.888,0.0,13.03125,0.9979248,0.0,0.0,0.0,0.0,0.0,1.8945312,1.953125,1.71875,1.9335938,1.0154116,1.0039674,0.90486,1.0211338,1.1622797,1.1842527,1.0579079,1.426566,0.83100635,1.0473793,1.0560006,0.9450675,1.0250248,1.2919813,1.2375066,1.3263905,0.79589844,0.7998047,74.52698,2.3437505,273.2301,285.80762,0.0,104.87777,99.90234,0.0,273.69415,274.83014,518.25,539.25,-2.9517925,413.875,0.0,437.09375,79.82713,45.999996,200.72632,0.0,152.33,299.375,10.629272,1.0070801,56.80542,71.63849,2.6953125,152.6,152.76,150.95,150.95,0
322678.94,0.2971638,2.2612193,1.5275879,1.6004602,101.70656,19.54886,13.821981,24.896399,418.89236,282.3571,64.557,5.558,3.956,19.001,36.438,0.0,88.72183,2.0,0.0,290.25,195.0,4804.0,0.0,-3.28125,1.4259033,533.37524,20110.352,20000.502,1100.0834,512.36395,140.64856,128.7159,0.0,-0.6426835,4.0,92.92145,24.762732,-2.9999962,-2.9999962,7.912,0.0,13.125,0.9994507,0.0,0.0,0.0,0.0,0.0,1.8554688,1.9335938,1.7382812,1.9335938,0.99176013,0.9977111,0.9144732,1.0167849,1.1420615,1.1818875,1.0748456,1.421149,0.6787213,0.90348667,0.8662547,1.0087739,0.8372625,1.114519,1.0685893,1.415732,0.7949219,0.7998047,74.52698,2.3437505,273.31473,285.76056,0.0,104.88999,99.90234,0.0,273.8517,274.6643,518.25,539.25,-2.986434,413.71875,0.0,437.09375,79.82713,45.999996,200.83618,0.0,152.84,299.84375,10.6414795,0.82092285,56.707764,71.3974,2.6953125,152.82,152.95,151.43,151.13,0
322678.97,0.27773106,2.2544878,1.5284377,1.600418,101.70656,19.54886,13.817965,24.875069,419.13205,283.16556,64.557,5.6,3.956,19.001,36.438,0.0,88.72183,2.0,0.0,290.625,195.0,4815.0,0.0,-3.2265625,1.4263306,534.1381,20067.898,20000.502,1100.0834,512.36395,140.75453,128.41917,0.0,-0.6703968,4.0,92.97333,24.76766,-2.6249967,-2.9999962,7.884,0.0,12.8359375,1.0032349,0.0,0.0,0.0,0.0,0.0,1.8554688,1.9140625,1.7578125,1.9140625,0.9810788,0.9892424,0.9253071,1.0068666,1.1329824,1.1739528,1.0965133,1.4077973,0.81338215,0.8315404,1.221561,0.86823833,1.0033569,1.0257877,1.5069047,1.2185855,0.7949219,0.7998047,74.54071,2.3437505,273.1677,285.4932,0.0,104.90099,99.90234,0.0,273.62784,274.52335,518.25,539.25,-3.0141473,413.53125,0.0,436.78125,79.82713,45.999996,201.07422,0.0,153.36,300.96875,10.671997,1.0284424,56.469727,71.41571,2.697754,153.22,153.12,151.69,151.47,0
322679.0,0.22218485,2.233045,1.5266746,1.6003332,101.70656,19.54886,13.8210125,24.803902,416.8037,283.0546,64.557,5.639,3.956,19.001,36.438,0.0,88.72183,2.0,0.0,290.25,195.375,4840.0,0.0,-3.078125,1.4307861,535.81305,20002.625,20000.502,1100.0834,512.6293,141.28441,128.3344,0.0,-0.69256735,4.0,93.07556,24.772097,-2.6249967,-2.6249967,7.876,0.0,12.625,1.0125122,0.0,0.0,0.0,0.0,0.0,1.8359375,1.9140625,1.7382812,1.9140625,0.9749752,0.98931867,0.91912717,1.008011,1.133669,1.1790646,1.0911727,1.4099336,1.0289922,1.0395209,0.74494547,0.8584726,1.2693217,1.2823682,0.9189746,1.2048523,0.79785156,0.7998047,74.54071,2.3437505,272.67715,285.2229,0.0,104.91089,99.90234,0.0,273.20496,274.29117,518.625,539.25,-3.0363178,416.625,0.0,436.5,79.82713,45.999996,201.43433,0.0,153.69,303.75,10.699463,1.2695312,55.88379,71.147156,2.7001953,153.63,153.52,151.87,152.04,0
322679.06,0.17774789,2.205718,1.5224644,1.6003332,101.70656,19.54886,13.811427,24.697773,414.4062,281.71713,64.557,5.679,3.956,19.001,36.438,0.0,88.72183,2.0,0.0,290.625,195.375,4845.0,0.0,-2.8984375,1.4311523,535.9457,19994.666,20000.502,1100.0834,512.6293,141.36919,128.56754,0.0,-0.8665538,4.0,93.11676,24.776089,-2.6249967,-2.6249967,7.844,0.0,12.078125,1.0148926,0.0,0.0,0.0,0.0,0.0,1.8359375,1.9335938,1.7382812,1.8945312,0.9731441,0.9906157,0.91783017,0.9956512,1.1383231,1.1830319,1.0954452,1.3930724,0.98023957,1.0389105,1.0857557,0.90707254,1.2092012,1.2816052,1.3393606,1.2729839,0.7949219,0.7998047,74.56207,2.3437505,271.94562,285.1967,0.0,104.9198,99.90234,0.0,272.44214,274.10876,518.625,538.875,-3.2103043,416.6875,0.0,436.59375,79.82713,45.999996,200.93384,0.0,154.11,304.46875,10.733032,1.675415,55.7312,71.42792,2.6953125,153.84,153.92,151.98,152.25,0
322679.1,0.12219831,2.2135372,1.5223128,1.6002907,101.70656,19.54886,13.822296,24.647964,416.71375,283.69513,64.557,5.721,3.956,19.001,36.438,0.0,88.72183,2.0,0.0,291.375,195.375,4852.0,0.0,-2.6875,1.4338989,536.3686,19935.23,20000.502,1100.0834,512.6293,141.79308,128.37679,0.0,-1.005743,4.0,93.3197,24.779682,-2.6249967,-2.6249967,7.828,0.0,12.015625,1.0165405,0.0,0.0,0.0,0.0,0.0,1.8164062,1.9335938,1.7382812,1.8945312,0.9613184,0.9967193,0.91134506,0.9902342,1.1268787,1.1957732,1.0910964,1.3856717,1.1557946,1.086366,0.89463645,0.9275196,1.4257267,1.3401237,1.1035324,1.3017472,0.79296875,0.7998047,74.56207,2.3437505,271.6023,284.82675,0.0,104.92782,99.90234,0.0,272.07727,273.9678,518.625,538.875,-3.3494935,416.65625,0.0,436.59375,79.82713,45.999996,201.0376,0.0,154.21,304.96875,10.78186,2.2705078,55.62744,71.99249,2.697754,154.51,154.51,151.94,152.51,0
322679.12,0.09775865,2.216665,1.5207111,1.6002482,101.70656,19.54886,13.8123255,24.713104,417.0989,284.77667,64.557,5.76,3.956,19.001,36.438,0.0,88.72183,2.0,0.0,289.875,195.375,4866.0,0.0,-2.4140625,1.4346313,536.6256,20121.496,20000.502,1100.0834,512.89465,139.10135,127.57139,0.0,-1.1170943,4.0,91.8808,24.858105,-2.6249967,-2.6249967,7.86,0.0,12.0625,1.0240479,0.0,0.0,0.0,0.0,0.0,1.8359375,1.953125,1.7382812,1.875,0.9788663,1.0083162,0.9130236,0.9853513,1.1581597,1.2159152,1.0952926,1.379263,1.1824979,1.1944762,1.0646982,0.9543755,1.4586862,1.4734112,1.313344,1.3394369,0.7949219,0.7998047,74.56207,2.3437505,272.0513,285.58963,0.0,104.935036,99.90234,0.0,272.50015,273.78537,519.0,538.5,-3.4608448,416.375,0.0,436.5,79.82713,45.999996,201.25122,0.0,154.44,307.21875,10.821533,1.2084961,55.151367,70.50018,2.697754,154.85,154.88,152.44,152.78,0
322679.16,0.07820692,2.217916,1.5187732,1.6002482,101.70656,19.54886,13.822925,24.606657,417.72647,285.38095,64.557,5.8,3.956,19.001,36.438,0.0,88.72183,2.0,0.0,291.75,195.375,4869.0,0.0,-2.296875,1.4329224,536.6091,20082.758,20000.502,1100.0834,512.89465,138.4867,126.95673,0.0,-1.2061753,4.0,91.58478,24.928684,-2.6249967,-2.6249967,7.776,0.0,12.046875,1.0263672,0.0,0.0,0.0,0.0,0.0,1.8359375,1.9726562,1.7382812,1.875,0.97711146,1.016556,0.915465,0.975433,1.1584649,1.229343,1.1027695,1.3657588,0.8660258,1.2600137,0.83985656,0.9708553,1.0682842,1.5543603,1.0360113,1.3625543,0.79296875,0.7998047,74.575806,2.3437505,271.31757,285.2182,0.0,104.94153,99.90234,0.0,271.81195,273.62784,519.0,538.5,-3.5499258,416.25,0.0,436.5,79.82713,45.999996,201.08032,0.0,154.72,307.90625,10.876465,2.3406982,55.004883,71.546936,2.7026367,155.09,155.21,153.02,153.01,0
322679.22,0.062565535,2.2371664,1.5151931,1.6002481,101.70656,19.54886,13.818625,24.530895,420.63834,287.60638,64.557,5.839,3.956,19.001,36.438,0.0,88.72183,2.0,0.0,291.0,195.375,4873.0,0.0,-2.09375,1.4311523,536.551,19956.457,20000.502,1100.0834,512.89465,139.2709,126.49045,0.0,-1.2774403,4.0,91.96167,24.992207,-2.6249967,-2.6249967,7.784,0.0,12.1171875,1.0296631,0.0,0.0,0.0,0.0,0.0,1.8164062,1.9921875,1.7382812,1.875,0.9667353,1.0279241,0.9163806,0.97924775,1.1503013,1.2482643,1.1068895,1.3721676,0.8784619,1.0486763,0.9020371,0.85450524,1.0836958,1.2936599,1.1126878,1.1992829,0.796875,0.7998047,74.575806,2.3437505,270.79535,285.22714,0.0,104.94737,99.90234,0.0,271.33102,273.48688,519.0,538.125,-3.6211908,416.0625,0.0,436.28125,79.82713,45.999996,200.83008,0.0,154.95,308.90625,10.949707,2.8961182,54.797363,71.97418,2.6953125,155.09,155.26,153.52,153.46,0
322679.25,0.010052431,2.2261167,1.5152981,1.6002481,101.70656,19.54886,13.815616,24.479418,418.339,286.3864,64.557,5.88,3.956,19.001,36.438,0.0,88.72183,2.0,0.0,289.875,195.375,4879.0,0.0,-2.078125,1.4313354,536.6339,19848.2,20000.502,1100.0834,512.89465,141.60233,126.89315,0.0,-1.3344522,4.0,93.08624,25.049376,-2.6249967,-2.6249967,7.82,0.0,12.4453125,1.0345459,0.0,0.0,0.0,0.0,0.0,1.8164062,1.9921875,1.7578125,1.8554688,0.9578088,1.0277715,0.920882,0.96955824,1.143511,1.2491035,1.1145953,1.3587396,0.9092851,0.9468223,0.69939727,0.9062333,1.1216145,1.1679255,0.8627451,1.2718395,0.7949219,0.7998047,74.583435,2.3437505,270.44052,284.909,0.0,104.95263,99.90234,0.0,270.9579,273.3791,519.0,538.125,-3.6782026,415.9375,0.0,436.1875,79.82713,45.999996,200.74463,0.0,155.34,310.375,11.038208,3.2806396,54.486084,72.12372,2.7001953,155.32,155.33,153.81,153.65,0
322679.28,-0.051958054,2.2029467,1.5144558,1.6002059,101.70656,19.54886,13.813509,24.477465,416.05948,285.40967,64.557,5.92,3.956,19.001,36.438,0.0,88.72183,2.0,0.0,289.875,195.375,4889.0,0.0,-2.171875,1.4326172,537.10657,20018.545,20000.502,1100.0834,512.89465,139.22852,126.17253,0.0,-1.3800616,4.0,91.94183,25.100828,-2.6249967,-2.6249967,7.812,0.0,12.3046875,1.0380859,0.0,0.0,0.0,0.0,0.0,1.796875,2.0117188,1.71875,1.8554688,0.95483327,1.038529,0.90463114,0.9701686,1.1417563,1.2675669,1.0965896,1.3602655,1.087129,1.3703364,0.81002516,0.94254977,1.3410392,1.6903944,0.99923706,1.3228046,0.79296875,0.7998047,74.583435,2.3437505,270.42706,285.0043,0.0,104.95737,99.90234,0.0,270.89157,273.2464,519.375,538.125,-3.723812,415.71875,0.0,436.09375,79.82713,45.999996,201.00098,0.0,155.78,311.4375,11.105347,2.5634766,54.260254,71.27228,2.7050781,155.55,155.49,153.92,153.97,0
322679.3,-0.08156644,2.1936786,1.5149451,1.6001635,101.70656,19.54886,13.806175,24.44604,416.30365,286.2197,64.557,5.959,3.956,19.001,36.438,0.0,88.72183,2.0,0.0,290.25,195.375,4900.0,0.0,-2.1953125,1.4338989,537.57916,19979.807,20000.502,1100.0834,513.16,140.33064,126.914345,0.0,-1.4165492,4.0,92.318726,25.147135,-2.6249967,-2.6249967,7.792,0.0,12.4375,1.045105,0.0,0.0,0.0,0.0,0.0,1.8554688,1.9921875,1.7382812,1.875,0.96284425,1.034409,0.91821164,0.9775692,1.1568627,1.2638285,1.1174182,1.372549,1.0131991,1.0193026,0.9340047,1.1371024,1.2497902,1.2574197,1.1521324,1.5958648,0.796875,0.7998047,74.583435,2.3437505,270.21045,284.73688,0.0,104.961624,99.90234,0.0,270.8501,273.09717,519.375,538.125,-3.7602997,415.5625,0.0,436.0,79.82713,45.999996,201.34277,0.0,156.14,313.53125,11.169434,2.4353027,53.8208,70.77484,2.7050781,155.91,155.8,154.26,154.39,0
322679.4,-0.12525316,2.1899714,1.5142683,1.600121,101.70656,19.54886,13.795182,24.398573,416.22556,287.10043,64.557,6.0,3.956,19.001,36.438,0.0,88.72183,2.0,0.0,290.625,195.375,4916.0,0.0,-2.328125,1.4354858,538.1845,19928.861,20000.502,1100.0834,513.16,139.90675,125.96058,0.0,-1.6019893,4.0,92.11578,25.188812,-2.6249967,-2.6249967,7.764,0.0,12.46875,1.0480957,0.0,0.0,0.0,0.0,0.0,1.8554688,2.0117188,1.7382812,1.8945312,0.9703212,1.0391394,0.918822,0.9878691,1.1764706,1.2713054,1.1197833,1.3894866,1.0997177,1.0682842,0.91668576,1.0637827,1.4162661,1.3178455,1.1308461,1.493019,0.7949219,0.7998047,74.59717,2.3437505,269.88327,284.3949,0.0,104.96546,99.90234,0.0,270.41064,272.96448,519.375,538.5,-3.9457397,415.46875,0.0,435.875,79.82713,45.999996,201.45264,0.0,156.23,314.4375,11.242676,2.8137207,53.63159,71.043396,2.7050781,156.2,156.14,154.39,154.74,0
322679.44,-0.16020252,2.1697388,1.5115802,1.600121,101.70656,19.54886,13.799206,24.27292,414.0284,285.8173,64.557,6.039,3.956,19.001,36.438,0.0,88.72183,2.0,0.0,289.125,195.375,4920.0,0.0,-2.3046875,1.4362183,538.4498,19922.494,20000.502,1100.0834,513.16,141.17844,126.95673,0.0,-1.7503414,4.0,92.72766,25.22632,-2.6249967,-2.6249967,7.804,0.0,12.6015625,1.0515747,0.0,0.0,0.0,0.0,0.0,1.875,1.9921875,1.7382812,1.8945312,0.9812314,1.0302129,0.914168,0.9956512,1.1967651,1.2616159,1.1153582,1.4019989,0.8628977,0.84008545,0.914168,1.1087968,1.1112382,1.0363165,1.1276417,1.5561913,0.7939453,0.7998047,74.59717,2.3437505,269.01715,284.14087,0.0,104.96891,99.90234,0.0,269.60635,272.82352,519.375,538.5,-4.094092,415.21875,0.0,435.78125,79.82713,45.999996,201.50146,0.0,156.47,315.46875,11.3342285,3.3691406,53.49121,71.562195,2.7001953,156.62,156.68,154.67,155.15,0
322679.47,-0.16816202,2.1616457,1.5136985,1.6000788,101.70656,19.54886,13.790303,24.290138,414.36917,286.69208,64.557,6.079,3.956,19.001,36.438,0.0,88.72183,2.0,0.0,289.125,195.375,4931.0,0.0,-2.234375,1.4375,538.9473,19962.824,20000.502,1100.0834,513.16,140.22467,126.384476,0.0,-1.8690228,4.0,92.11578,25.260078,-2.6249967,-2.6249967,7.796,0.0,12.78125,1.0586548,0.0,0.0,0.0,0.0,0.0,1.875,1.9921875,1.7578125,1.8945312,0.9830625,1.0270847,0.92797744,0.98840314,1.2075227,1.2590219,1.1361104,1.3916228,1.1573968,0.934081,1.0547036,0.8532845,1.4905013,1.1522087,1.3009843,1.197528,0.7939453,0.7998047,74.60327,2.3437505,269.13583,283.7128,0.0,104.972015,99.90234,0.0,269.77216,272.666,519.75,538.5,-4.2127733,418.75,0.0,435.78125,79.82713,45.999996,201.64795,0.0,156.65,317.59375,11.416626,3.40271,53.424072,71.62933,2.709961,157.11,157.17,155.09,155.32,0
322679.5,-0.13452962,2.1771584,1.5154557,1.6000788,101.70656,19.54886,13.807509,24.28606,417.27505,289.17096,64.557,6.12,3.956,19.001,36.438,0.0,88.72183,2.0,0.0,290.625,195.375,4939.0,0.0,-2.3125,1.4379272,539.10486,20048.793,20000.502,1100.0834,513.16,138.84702,125.85461,0.0,-1.9639683,4.0,91.45203,25.29046,-2.2499971,-2.6249967,7.736,0.0,12.8203125,1.0595703,0.0,0.0,0.0,0.0,0.0,1.875,1.9726562,1.7773438,1.8945312,0.9744411,1.0231174,0.93469137,0.9921416,1.202182,1.2545968,1.1493858,1.397345,0.866331,1.0289922,0.9639124,1.0303655,1.1156634,1.2693217,1.2412452,1.4460975,0.79296875,0.7998047,74.60327,2.3437505,269.10773,283.41016,0.0,104.97481,99.90234,0.0,269.60635,272.52502,519.75,538.5,-4.3077188,418.59375,0.0,435.6875,79.82713,45.999996,201.7334,0.0,156.86,317.875,11.502075,2.734375,53.411865,71.040344,2.7026367,157.53,157.41,155.55,155.72,0
322679.56,-0.1076237,2.1833634,1.5158311,1.6000364,101.70656,19.54886,13.796116,24.256575,417.57397,290.1984,64.557,6.159,3.956,19.001,36.438,0.0,88.72183,2.0,0.0,290.625,195.75,4953.0,0.0,-2.1640625,1.4398804,539.83453,20014.3,20000.502,1100.0834,513.4253,139.2921,125.96058,0.0,-2.0399246,4.0,91.66565,25.317804,-2.2499971,-2.2499971,7.72,0.0,12.3046875,1.06604,0.0,0.0,0.0,0.0,0.0,1.8554688,1.9921875,1.7578125,1.875,0.97138935,1.0370795,0.9261463,0.9844358,1.2009614,1.2758068,1.1437399,1.3863584,0.8593118,1.3437858,0.8142214,0.9820706,1.1066606,1.6576638,1.0485237,1.3783474,0.7919922,0.7998047,74.60327,2.3437505,268.90448,283.06567,0.0,104.977325,99.90234,0.0,269.50684,272.3592,519.75,538.125,-4.383675,421.9375,0.0,435.5,79.82713,45.999996,202.15454,0.0,157.1,319.8125,11.590576,2.911377,53.35083,71.269226,2.7075195,157.66,157.66,156.04,155.97,0
322679.6,-0.08609896,2.1670954,1.5098785,1.6000364,101.70656,19.54886,13.799859,24.166428,415.26215,288.76657,64.557,6.2,3.956,19.001,36.438,0.0,88.72183,2.0,0.0,290.25,195.75,4956.0,0.0,-2.0625,1.4403687,540.02527,19985.645,20000.502,1100.0834,513.4253,139.10135,125.49429,0.0,-2.2569394,4.0,91.5741,25.342415,-2.2499971,-2.2499971,7.72,0.0,12.1328125,1.0686035,0.0,0.0,0.0,0.0,0.0,1.8554688,1.9921875,1.7578125,1.875,0.96620125,1.0370795,0.9311818,0.9841306,1.1993592,1.2778668,1.1538873,1.3855191,0.9775692,1.2078279,1.0003815,0.98069733,1.2589456,1.4899672,1.2883192,1.3763638,0.7919922,0.7998047,74.62463,2.3437505,268.2831,283.4617,0.0,104.97959,99.90234,0.0,268.8601,272.20993,520.125,538.125,-4.60069,421.875,0.0,435.5,79.82713,45.999996,201.5503,0.0,157.64,320.59375,11.7126465,3.515625,53.320312,71.97113,2.7148438,157.77,157.83,156.14,156.2,0
322679.62,-0.06887917,2.1605883,1.5102934,1.599994,101.70656,19.54886,13.808339,24.131907,415.40143,289.50455,64.557,6.239,3.956,19.001,36.438,0.0,88.72183,2.0,0.0,291.0,195.75,4967.0,0.0,-2.1796875,1.4423218,540.75494,20048.264,20000.502,1100.0834,513.6906,137.82967,124.922035,0.0,-2.4305515,4.0,90.808105,25.364563,-2.2499971,-2.2499971,7.688,0.0,12.1328125,1.0688477,0.0,0.0,0.0,0.0,0.0,1.8554688,1.9726562,1.7578125,1.8945312,0.96810865,1.0251011,0.92790115,0.9909209,1.2066834,1.2631419,1.1548028,1.3976501,0.9945831,1.0332646,0.8113222,1.2532234,1.2808423,1.2745861,1.0447853,1.7589074,0.79296875,0.7998047,74.62463,2.3437505,268.04517,283.1879,0.0,104.98163,84.96094,0.0,268.59476,272.0607,520.125,538.125,-4.774302,421.625,0.0,435.28125,79.82713,45.999996,201.68457,0.0,158.04,320.65625,11.816406,4.2144775,53.320312,72.79205,2.7197266,157.9,158.02,156.62,156.39,0
322679.66,-0.07510334,2.1579854,1.5092627,1.3661308,101.70656,19.54886,13.790837,24.123314,415.86557,290.23648,64.557,6.28,3.956,19.001,36.438,0.0,88.72183,2.0,96.02966,291.375,195.75,4974.0,0.0,-2.2421875,1.3186035,494.35428,20071.082,20000.502,1100.0834,513.6906,137.34218,124.83726,0.0,-2.5694408,4.0,90.57312,25.384497,-2.2499971,-2.2499971,7.668,0.0,12.265625,0.9140625,0.0,0.0,0.0,0.0,0.0,1.8554688,1.9921875,1.7773438,1.875,0.9658198,1.0297551,0.93797207,0.98481727,1.2057679,1.2700084,1.1741817,1.3887236,0.78316927,1.1240559,1.1374075,0.7569238,1.008545,1.3865873,1.4647135,1.0623331,0.7949219,0.7998047,74.63837,2.3437505,267.98593,243.96461,0.0,104.98346,54.101562,0.0,268.545,271.90314,520.125,538.125,-4.9131913,421.375,0.0,245.78125,79.82713,45.999996,201.95312,0.0,158.59,274.21875,11.920166,3.0029297,63.061523,80.2475,2.7441406,158.21,158.26,156.86,156.86,0
322679.72,-0.08008267,2.1381943,1.4568145,1.1714779,101.70656,19.54886,13.807883,22.814747,413.28186,289.41907,64.557,6.32,3.956,19.001,36.438,0.0,88.72183,2.0,99.99237,291.75,195.75,4991.0,0.0,-2.2421875,1.19104,447.04984,19939.475,20000.502,1100.0834,513.6906,133.44234,119.66573,0.0,-2.6805525,4.0,88.69324,25.402437,-2.2499971,-2.2499971,7.644,0.0,12.390625,1.3567505,0.0,0.0,0.0,0.0,0.0,1.8359375,2.0117188,1.7773438,1.875,0.9589532,1.0436409,0.9355306,0.9751278,1.2012665,1.2902266,1.1727321,1.3749905,1.0129702,1.1558709,0.8839551,1.0175478,1.3044938,1.4258031,1.1383231,1.4280919,0.79003906,0.7998047,74.63837,2.3437505,258.96613,211.1037,0.0,104.98511,20.3125,0.0,258.9929,236.22374,520.125,538.125,-5.024303,419.15625,0.0,63.625,79.82713,45.999996,198.51685,0.0,158.86,407.03125,11.950684,-11.1328125,47.717285,50.328064,2.7734375,158.45,158.45,156.99,157.17,0
322679.75,-0.08406614,2.1302779,1.289962,1.0222667,101.70656,19.54886,13.831533,18.77301,413.75378,288.1821,64.557,6.36,3.956,19.001,36.438,0.0,88.72183,2.0,99.998474,318.375,195.0,4964.0,0.0,-2.3046875,1.0177612,383.31943,20076.389,20000.502,1100.0834,513.6906,116.168594,103.68487,0.0,-2.769442,4.0,80.36957,25.418583,-2.2499971,-3.3749957,6.752,0.0,12.515625,1.3691406,0.0,0.0,0.0,0.0,0.0,1.8164062,2.0117188,1.7578125,1.8359375,0.94468606,1.0434883,0.9300374,0.95605403,1.1846342,1.2898451,1.1687648,1.3476005,0.7376211,0.98695356,0.8754101,0.8332189,0.9499504,1.2174411,1.1273365,1.1693752,0.7998047,0.7998047,74.63837,2.3437505,231.10687,186.15474,0.0,104.986595,0.0,0.0,232.5671,205.54425,520.125,538.5,-5.1131926,366.8125,0.0,-55.59375,47.616188,45.999996,173.02246,0.0,159.12,410.75,11.92627,-27.716064,46.673584,31.43158,2.2827148,158.69,158.62,157.05,157.28,0
322679.78,-0.10725291,2.1083612,1.0622686,0.84261966,101.70656,19.54886,13.853949,13.394009,411.4072,286.72086,64.557,6.4,3.956,19.001,36.438,0.0,88.72183,2.0,99.998474,342.375,193.125,4967.0,0.0,-4.1796875,0.79577637,304.6141,20263.717,20000.502,1100.0834,513.6906,97.24165,87.04697,0.0,-2.5280538,4.0,71.24939,25.433115,1.4999981,-4.4999943,5.964,0.0,9.9765625,1.2606201,0.0,0.0,0.0,0.0,0.0,1.7773438,1.9921875,1.7578125,1.8164062,0.9209583,1.0297551,0.9208057,0.94827193,1.1573205,1.2726787,1.1597619,1.3363851,0.67490655,0.82757306,0.8442817,0.8516823,0.8691539,1.0209049,1.0872053,1.1953155,0.83691406,0.7998047,74.63837,2.3437505,194.03,156.7543,0.0,104.98793,0.0,0.0,220.12944,169.4005,520.125,539.25,-4.871804,287.3125,0.0,-54.875,28.009521,45.999996,154.3457,0.0,158.89,378.1875,11.856079,-37.332153,51.519775,26.043701,1.8774414,158.75,158.81,157.22,157.71,0
322679.8,-0.12580234,1.9870946,0.81980634,0.63936174,101.70656,19.54886,13.869638,7.8649397,396.3546,275.841,64.557,6.439,3.956,19.001,36.438,0.0,88.72183,2.0,99.998474,387.0,191.625,4960.0,0.0,-6.859375,0.52075195,226.90381,20981.186,20000.502,1100.0834,513.4253,68.01405,66.86953,0.0,-1.8661928,4.0,57.164,25.446194,4.874994,-6.374992,4.476,0.0,4.75,1.3878174,0.0,0.0,0.0,0.0,0.0,1.6992188,1.953125,1.6992188,1.7773438,0.9005112,1.0263218,0.9185168,0.93484396,1.1338216,1.2590219,1.1581597,1.3169299,0.77943087,1.030518,0.98352027,0.77447164,1.0037384,1.1447319,1.2665751,1.0869001,0.85546875,0.7998047,71.5744,2.3437505,155.91873,124.20017,0.0,104.989136,0.0,0.0,215.13782,129.3762,520.125,543.0,-4.2099433,213.875,0.0,-42.78125,21.473967,45.999996,144.6289,0.0,158.65,416.34375,10.919189,-38.189697,2.0996094,0.0,1.6772461,158.87,159.01,157.47,157.77,0
322679.88,-0.10064187,1.7510879,0.62202936,0.43805376,101.70656,19.54886,13.868903,3.101384,369.73752,255.8644,64.557,6.479,3.956,19.001,36.438,0.0,88.72183,2.0,99.998474,406.125,192.75,4932.0,0.0,-14.046875,0.20080566,162.45201,20742.912,19631.154,1100.0834,513.4253,52.647835,53.029343,0.0,-1.0242043,4.0,50.309753,25.457964,15.74998,-5.2499933,3.784,0.0,-1.21875,1.1166382,0.0,0.0,0.0,0.0,0.0,1.6601562,1.9335938,1.6796875,1.71875,0.89776456,1.030518,0.92729074,0.90554667,1.129244,1.2485695,1.1709774,1.273518,0.68390936,0.81795985,1.0606546,0.64934766,0.8436713,0.81231403,1.3083848,0.87464714,0.88183594,0.7998047,65.78064,2.3437505,123.08406,89.82211,0.0,104.99022,0.0,0.0,211.70503,101.706635,518.25,547.875,-3.3679547,162.25,0.0,-36.09375,17.739363,45.999996,140.59448,0.0,158.53,335.0,9.698486,-39.575195,0.0,0.0,1.472168,158.81,158.81,157.9,157.96,0
322679.9,-0.0605135,1.4504352,0.43584085,0.30507767,101.70656,19.54886,13.885966,-1.0857675,335.97412,232.78241,64.557,6.521,3.956,19.001,36.438,0.0,88.72183,2.0,99.998474,419.25,198.375,4938.0,0.0,-19.820312,0.1362915,142.70935,20053.57,19140.283,1100.0834,513.4253,36.83653,37.218037,0.0,-0.35061336,4.0,43.499756,25.468557,18.374977,0.0,3.308,0.0,-7.2578125,0.6895752,0.0,0.0,0.0,0.0,0.0,1.7578125,2.109375,1.953125,1.8359375,0.87754637,1.020676,0.9353017,0.8909743,1.0999466,1.2166781,1.1680782,1.2475777,0.701915,1.0414282,1.3469901,0.850309,0.8225376,1.0342565,1.4220645,1.0489051,0.8408203,0.7998047,60.984802,2.3437505,94.22248,69.98242,0.0,104.991196,0.0,0.0,201.6803,101.706635,517.125,555.75,-2.6943638,108.90625,0.0,-30.0,14.471586,45.999996,132.92847,0.0,158.31,206.875,8.477783,-38.76648,4.937744,0.0,1.2182617,158.62,158.51,157.9,157.9,0
322679.94,-0.0284108,1.0864241,0.33028328,0.18130016,101.70656,19.54886,13.886192,-3.8127055,289.4708,199.91234,64.557,6.559,3.956,19.001,36.438,0.0,88.72183,2.0,99.998474,446.625,195.75,4922.0,0.0,-15.1171875,0.09698486,130.23027,19990.951,18649.412,1100.0834,513.4253,21.088806,27.998306,0.0,-0.28049064,4.0,36.401367,25.478092,22.124971,-1.4999981,2.308,0.0,-15.3828125,0.4024048,0.0,0.0,0.0,0.0,0.0,1.9140625,2.2070312,2.0117188,2.0117188,0.88364995,1.0209812,0.9261463,0.8904402,1.0955215,1.2067597,1.1513695,1.2351415,0.9308766,1.0891889,1.0780499,0.92462045,1.0339513,1.081712,1.1974517,1.1906614,0.7919922,0.7998047,58.840942,2.3437505,75.425995,47.023834,0.0,104.99207,0.0,0.0,187.95746,101.706635,515.25,552.75,-2.624241,54.0,0.0,-30.09375,11.670634,45.999996,122.97363,0.0,158.13,120.71875,7.25708,-39.556885,21.496582,0.0,0.99365234,158.26,158.26,157.71,157.77,0
322679.97,0.017271359,0.69706964,0.21385871,0.11360401,101.70656,19.54886,13.909787,-7.0391126,229.63846,158.33357,64.557,6.6,3.956,19.001,36.438,0.0,88.72183,2.0,99.998474,465.375,200.25,4914.0,0.0,-2.609375,0.07598877,120.85229,19764.885,18163.316,1100.0834,513.4253,6.676356,18.48185,0.0,-0.5368924,4.0,29.702759,25.486673,30.74996,5.2499933,1.58,0.0,-18.445312,0.18267822,0.0,0.0,0.0,0.0,0.0,1.8945312,2.2460938,2.0703125,2.0117188,0.87594414,1.0146487,0.92477304,0.8774701,1.0834669,1.1846342,1.1367972,1.214084,1.0047303,0.84184027,0.77653164,0.7281605,1.2393378,0.88876176,0.81979096,0.9807736,0.78027344,0.7998047,57.144165,2.3437505,53.18672,34.319016,0.0,104.99287,0.0,0.0,178.1483,101.706635,512.25,540.0,-2.880643,23.125,0.0,-31.28125,7.469206,45.999996,114.55078,0.0,158.34,54.8125,6.036377,-39.953613,38.012695,3.9138794,0.75683594,157.71,158.02,157.83,157.71,0
322680.0,0.07381709,0.33507788,0.14651561,0.09563084,101.70656,19.54886,13.9204445,-8.838503,147.05963,100.65341,64.557,6.639,3.956,19.001,36.438,0.0,88.72183,2.0,99.998474,471.375,217.125,4878.0,0.0,-3.6640625,0.06781006,113.398,18122.453,17677.22,1100.0834,512.89465,13.458686,13.755413,0.0,-0.74201393,4.0,33.94165,25.419209,40.12495,18.374977,1.3,0.0,-18.304688,0.056884766,0.0,0.0,0.0,0.0,0.0,2.0703125,2.3046875,2.109375,2.1679688,0.8686961,0.9411002,0.94468606,0.8604562,1.0892652,1.1367972,1.1534295,1.207599,0.77889675,0.5583276,0.6641489,0.7825589,1.049134,0.68871593,0.701152,1.0540932,0.7871094,0.7998047,56.67572,2.3437505,40.78372,31.217804,0.0,104.993576,0.0,0.0,170.95935,101.706635,509.625,539.625,-3.0857644,11.9375,0.0,-33.1875,6.535555,45.999996,108.758545,0.0,158.07,17.0625,4.815674,-41.732788,76.95923,40.042114,0.5786133,157.77,157.96,157.47,157.58,0
322680.06,0.11905367,0.04028116,0.12209141,0.096012354,101.70656,19.54886,13.922046,-9.663455,0.0,0.0,64.557,6.678,3.956,19.001,36.438,0.0,88.72183,2.0,99.998474,483.75,215.625,4929.0,0.0,-7.8046875,0.06744385,110.512474,17461.236,17189.533,1100.0834,512.89465,11.593545,10.745754,0.0,-0.593611,4.0,32.70874,25.35849,40.12495,16.124979,0.808,0.0,-16.359375,0.055908203,0.0,0.0,0.0,0.0,0.0,1.9726562,2.2460938,2.2460938,2.1679688,0.8218509,0.91660947,0.9138628,0.86236364,1.0650034,1.1234455,1.1262684,1.203479,0.65590906,0.6989395,0.94361794,0.9443046,0.84466314,0.819028,1.0481422,1.2719921,0.7919922,0.8574219,56.510925,2.3437505,35.097416,30.195253,0.0,104.99422,0.0,0.0,161.90477,101.706635,507.75,543.375,-2.9373615,0.15625,0.0,-34.78125,6.535555,45.999996,99.60327,0.0,157.92,16.78125,3.5949707,-39.212036,77.33154,41.714478,0.5126953,157.47,157.66,157.53,157.41,0
322680.1,0.13524294,-0.24638756,0.10955821,0.09601235,101.70656,19.54886,13.934885,-10.234995,0.0,0.0,64.557,6.72,3.956,19.001,36.438,0.0,88.72183,2.0,99.998474,484.875,214.125,4933.0,0.0,-9.125,0.0680542,109.268715,17211.82,16697.068,1100.0834,512.89465,5.4682536,9.516457,0.0,-1.0998888,4.0,28.599548,25.303843,40.12495,16.124979,0.768,0.0,-12.03125,0.053344727,0.0,0.0,0.0,0.0,0.0,1.953125,2.1679688,2.1875,2.2070312,0.8130007,0.87472343,0.88883805,0.88220036,1.0600443,1.0952163,1.1061265,1.2057679,1.0970473,0.77195394,0.7911803,0.829633,1.4128329,0.85748076,0.92713815,1.0683604,0.76953125,0.8642578,56.324768,2.3437505,31.157852,28.693892,0.0,104.99479,0.0,0.0,154.06076,101.706635,507.75,545.25,-3.4436393,-6.625,0.0,-35.375,6.535555,45.999996,91.70532,0.0,158.1,16.0,2.3742676,-39.01367,78.411865,41.77246,0.49804688,157.77,157.71,157.17,157.47,0
322680.12,0.14819434,-0.43605503,0.104337275,0.096012354,101.70656,19.54886,13.920435,-10.474354,0.0,0.0,64.557,6.759,3.956,19.001,36.438,0.0,88.72183,2.0,99.998474,492.0,215.25,4942.0,0.0,-8.3828125,0.067871094,108.49758,16504.436,16204.6045,1100.0834,513.4253,6.5279922,9.071366,0.0,-1.661161,4.0,28.359985,25.254662,40.12495,16.874979,0.528,0.0,-8.640625,0.05291748,0.0,0.0,0.0,0.0,0.0,2.0507812,2.109375,2.1484375,2.2851562,0.8613718,0.84481573,0.8685435,0.9140154,1.0854505,1.0691997,1.0932326,1.2188907,0.95140004,0.707866,0.7113756,1.110399,1.2251469,0.7862974,0.83367664,1.4299229,0.79003906,0.87109375,56.059265,2.3437505,29.50798,27.97064,0.0,104.99531,0.0,0.0,147.95804,101.706635,507.75,544.5,-4.0049114,-7.65625,0.0,-35.78125,7.0023804,45.999996,85.43701,0.0,157.64,15.875,1.1535645,-38.59253,78.57056,41.13159,0.6713867,157.53,157.53,156.81,157.34,0
322680.2,0.13855548,-0.530672,0.103349626,0.09601235,101.70656,19.54886,13.927898,-10.498647,0.0,0.0,64.557,6.799,3.956,19.001,36.438,0.0,88.72183,2.0,99.998474,492.0,213.0,4940.0,0.0,-8.1953125,0.06878662,108.364914,15662.258,15712.141,1100.0834,513.4253,9.1773405,8.986587,0.0,-1.4851787,4.0,28.962708,25.210398,40.12495,14.999981,0.528,0.0,-9.5859375,0.051757812,0.0,0.0,0.0,0.0,0.0,1.796875,2.0703125,1.9335938,2.1289062,0.822385,0.82619977,0.8531319,0.9404898,1.0580605,1.0541695,1.0816357,1.2314031,0.6197452,0.8216983,0.9488823,0.9830625,0.7980468,0.9127184,1.1120012,1.266041,0.859375,0.84765625,56.14319,2.3437505,29.34053,27.973207,0.0,104.99577,0.0,0.0,142.0543,101.706635,507.75,544.125,-3.8289292,-9.8125,0.0,-35.78125,7.469206,45.999996,79.02832,0.0,157.52,15.53125,0.0,-38.986206,79.107666,40.12146,0.68115234,157.53,157.47,156.86,157.11,0
322680.22,0.11084439,-0.5872688,0.1015733,0.096012354,101.70656,19.54886,13.921404,-10.550058,0.0,0.0,64.557,6.84,3.956,19.001,36.438,0.0,88.72183,2.0,99.998474,489.375,213.0,4929.0,0.0,-8.078125,0.06890869,108.0747,15593.801,15219.678,1100.0834,513.4253,4.7688255,9.283314,0.0,-0.719393,4.0,25.782776,25.17056,40.12495,14.249982,0.608,0.0,-9.6953125,0.051574707,0.0,0.0,0.0,0.0,0.0,1.796875,1.875,1.9140625,2.1289062,0.82452124,0.8201724,0.8429847,0.93492025,1.0613413,1.0339513,1.0615702,1.2231632,0.6890974,0.7114519,0.8331426,0.792401,0.8873884,0.790341,0.9763485,1.0204471,0.9013672,0.8535156,56.16455,2.3437505,28.98615,27.948425,0.0,104.99619,0.0,0.0,137.65968,101.706635,507.75,543.75,-3.0631435,-11.125,0.0,-35.78125,7.469206,45.999996,74.572754,0.0,157.37,15.46875,0.0,-39.697266,79.193115,39.49585,0.59814453,157.58,157.66,156.86,157.22,0
322680.25,0.088675514,-0.6286576,0.101224706,0.09588519,101.70656,19.54886,13.922717,-10.560815,0.0,0.0,64.557,6.879,3.956,19.001,36.438,0.0,88.72183,2.0,99.998474,488.625,210.75,4916.0,0.0,-8.40625,0.0692749,108.08299,14579.156,14733.582,1100.0834,513.4253,11.847882,9.134951,0.0,-0.5755143,4.0,29.075623,25.134706,40.12495,12.374984,0.624,0.0,-9.7734375,0.049987793,0.0,0.0,0.0,0.0,0.0,1.7773438,1.8945312,1.9140625,2.109375,0.8097963,0.83085376,0.8383307,0.9233997,1.0405127,1.0357062,1.0523385,1.2064545,0.66239417,0.9240101,0.9743648,0.8439765,0.8171206,1.0263981,1.0823225,1.0869001,0.8417969,0.85839844,56.080627,2.3437505,28.912012,27.918573,0.0,104.996574,0.0,0.0,132.87535,101.706635,507.375,544.125,-2.9192648,-12.4375,0.0,-35.6875,7.469206,45.999996,69.04907,0.0,157.24,15.0,0.0,-40.377808,79.8584,39.48059,0.6738281,157.47,157.41,156.75,156.75,0
322680.28,0.07094041,-0.645213,0.099331304,0.09584279,101.70656,19.54886,13.929496,-10.621107,0.0,0.0,64.557,6.92,3.956,19.001,36.438,0.0,88.72183,2.0,99.998474,488.25,209.625,4901.0,0.0,-8.53125,0.06945801,107.89228,14209.277,14247.486,1100.0834,513.4253,10.10991,8.414328,0.0,-1.0854111,4.0,27.622986,25.102438,40.12495,10.874986,0.644,0.0,-9.671875,0.04736328,0.0,0.0,0.0,0.0,0.0,1.796875,1.8945312,1.9140625,2.109375,0.8217746,0.83535516,0.83894104,0.92698556,1.055848,1.0358588,1.0421149,1.2104219,0.81986725,0.8114748,0.7410544,0.89799345,1.0112916,0.90135044,0.82314795,1.1564813,0.8105469,0.86328125,55.98297,2.3437505,28.496424,27.83846,0.0,104.99692,0.0,0.0,130.05614,101.706635,507.375,544.875,-3.4291615,-13.96875,0.0,-35.59375,7.469206,45.999996,65.58838,0.0,157.21,14.21875,0.0,-41.394043,80.92651,39.53247,0.6323242,157.17,157.22,156.86,156.75,0
322680.34,0.076752335,-0.6705853,0.09797871,0.095927574,101.70656,19.54886,13.916662,-10.649241,0.0,0.0,64.557,6.958,3.956,19.001,36.438,0.0,88.72183,2.0,99.998474,488.625,207.75,4924.0,0.0,-8.0390625,0.06939697,107.75961,13940.227,13761.391,1100.0834,513.16,9.304509,8.181186,0.0,-1.9620786,4.0,26.657104,24.998209,40.12495,9.749988,0.624,0.0,-9.546875,0.047912598,0.0,0.0,0.0,0.0,0.0,1.7773438,1.875,1.9335938,2.1289062,0.815671,0.823682,0.84771496,0.9362173,1.0441749,1.012131,1.0429541,1.223621,0.769131,0.62806135,0.81864655,0.89921415,0.948806,0.6976425,0.9093614,1.1579309,0.796875,0.8691406,55.870056,2.3437505,28.302496,27.917421,0.0,104.99722,0.0,0.0,126.99648,101.706635,507.375,544.125,-4.305829,-15.8125,0.0,-35.59375,7.936031,45.999996,61.66382,0.0,157.19,14.375,0.0,-37.301636,80.70068,43.399048,0.64697266,156.86,156.92,156.81,156.81,0
322680.38,0.08140187,-0.6994841,0.097227104,0.096012354,101.70656,19.54886,13.925257,-10.665663,0.0,0.0,64.557,7.0,3.956,19.001,36.438,0.0,88.72183,2.0,99.998474,489.0,205.875,4926.0,0.0,-7.8203125,0.070007324,107.65182,13056.127,13273.702,1100.0834,513.16,13.47988,8.117601,0.0,-2.8196626,4.0,28.359985,24.904404,40.12495,7.87499,0.608,0.0,-9.5703125,0.047912598,0.0,0.0,0.0,0.0,0.0,1.796875,1.875,1.9140625,2.1289062,0.81673914,0.81879914,0.8454261,0.93255514,1.0424963,0.9971008,1.0352484,1.2171359,0.8923476,0.7526513,0.8440528,0.89936674,1.1007859,0.8360418,0.9375906,1.158236,0.8017578,0.8564453,55.844116,2.3437505,28.189306,27.978436,0.0,104.9975,0.0,0.0,124.20216,101.706635,507.375,543.75,-5.163413,-17.96875,0.0,-35.6875,7.936031,45.999996,58.343506,0.0,157.16,14.375,0.0,-34.109497,80.74341,46.63391,0.6542969,156.86,157.11,156.52,156.56,0
322680.4,0.10512149,-0.7485437,0.09876971,0.095927574,101.70656,19.54886,13.925414,-10.627919,0.0,0.0,64.557,7.039,3.956,19.001,36.438,0.0,88.72183,0.0,99.998474,488.625,204.75,4924.0,0.0,-8.3125,0.06994629,107.63524,13058.78,12784.423,1100.0834,513.16,8.605081,8.011627,0.0,-3.6619802,4.0,25.215149,24.819979,40.12495,5.9999924,0.624,0.0,-9.5703125,0.047058105,0.0,0.0,0.0,0.0,0.0,1.796875,1.875,1.9140625,2.0898438,0.81811243,0.82635236,0.84451056,0.9218738,1.0450904,1.0025177,1.0273136,1.2018006,0.7402151,0.7826352,0.8294804,0.8407721,0.9532311,0.8693828,0.972076,1.082704,0.8017578,0.86035156,55.802917,2.3437505,28.449469,27.917421,0.0,104.99774,0.0,0.0,122.220436,101.706635,507.375,544.5,-6.0057306,-18.875,0.0,-35.6875,7.936031,45.999996,55.45044,0.0,157.21,14.125,0.0,-32.1167,81.085205,48.968506,0.6298828,156.81,156.86,156.44,156.62,0
322680.44,0.1040972,-0.78691745,0.09403031,0.09588519,101.70656,19.54886,13.9372425,-10.609414,0.0,0.0,64.557,7.079,3.956,19.001,36.438,0.0,88.72183,0.0,99.998474,488.625,204.0,4916.0,0.0,-8.15625,0.070007324,107.718155,12504.228,12504.228,1100.0834,513.16,6.316045,7.142641,0.0,-2.460834,4.0,23.45581,24.743996,40.12495,5.9999924,0.632,0.0,-9.546875,0.04510498,0.0,0.0,0.0,0.0,0.0,1.7773438,1.875,1.9140625,2.109375,0.8130007,0.82635236,0.8425269,0.92698556,1.0371557,0.9945068,1.0162508,1.208896,0.7914855,0.874876,0.8306249,0.91027695,0.9763485,0.9717708,0.92263675,1.172198,0.8095703,1.0,53.42102,2.3437505,28.577019,28.923367,0.0,104.99796,0.0,0.0,120.180664,101.706635,507.375,544.125,-4.8045845,-23.96875,0.0,-35.59375,7.936031,45.999996,52.355957,0.0,157.13,13.53125,0.0,-30.245972,81.87256,51.626587,0.64453125,156.62,156.75,156.2,156.62,0
322680.5,0.12327776,-0.783517,0.09120629,0.09567323,101.70656,19.54886,13.951382,-10.561206,0.0,0.0,64.557,7.12,3.956,19.001,36.438,0.0,88.72183,0.0,99.998474,0.0,204.0,4894.0,0.0,-8.0546875,0.06921387,107.005066,12216.073,12216.073,1100.0834,513.16,6.8035245,6.9094987,0.0,-1.4999173,4.0,23.887634,24.675611,40.12495,5.9999924,0.0,0.0,-9.5546875,0.044128418,0.0,0.0,0.0,0.0,0.0,1.7773438,1.875,1.9335938,2.109375,0.81002516,0.82314795,0.8483253,0.9250782,1.0302892,0.98702985,1.0197605,1.2049286,0.73403525,0.81109333,0.7203784,0.90440226,0.9054704,0.9008927,0.8001831,1.1646448,0.8330078,1.0,53.42102,2.3437505,28.909315,29.742245,0.0,104.99816,0.0,0.0,118.630104,101.706635,720.0,544.125,-3.8436677,-27.1875,0.0,-35.28125,7.936031,45.999996,50.05493,0.0,156.74,13.25,0.0,-28.411865,82.214355,53.80249,0.6640625,156.52,156.56,155.91,156.39,0
322680.53,0.13862221,-0.7821568,0.089008704,0.0958428,101.70656,19.54886,13.967139,-10.334358,0.0,0.0,64.557,7.159,3.956,19.001,36.438,0.0,88.72183,0.0,99.998474,0.0,204.375,4897.0,0.0,-8.53125,0.06951904,106.490974,11555.386,11555.386,1100.0834,513.16,0.0,6.464408,0.0,-0.73118377,4.0,0.0,24.614065,40.12495,5.9999924,0.0,0.0,-9.6015625,0.04425049,0.0,0.0,0.0,0.0,0.0,1.7578125,1.8554688,1.9140625,2.0898438,0.80415046,0.8142977,0.84336615,0.9156176,1.021439,0.9700923,1.0068666,1.1914245,0.93026626,0.6610208,0.8770123,0.87777525,1.1474785,0.73426414,0.97413594,1.1303884,0.9404297,1.0,53.00293,2.3437505,30.472954,31.747738,0.0,104.998344,0.0,0.0,117.23708,101.706635,720.0,544.5,-3.0749342,-33.84375,0.0,-34.875,8.402857,45.999996,48.223877,0.0,156.49,13.28125,0.0,-26.470947,82.18384,55.71289,0.61035156,156.62,156.62,155.97,156.33,0
322680.56,0.17089777,-0.8003627,0.09328511,0.09550367,101.70656,19.54886,13.995748,-10.244828,0.0,0.0,64.557,7.201,3.956,19.001,36.438,0.0,88.72183,0.0,99.998474,0.0,204.0,4861.0,0.0,-8.3984375,0.070251465,106.59877,11599.432,11599.432,1100.0834,513.16,0.0,6.73994,0.0,-0.11619687,4.0,0.0,24.558674,40.12495,5.9999924,0.0,0.0,-9.3671875,0.04071045,0.0,0.0,0.0,0.0,0.0,1.7578125,1.8164062,1.9335938,2.0898438,0.80453193,0.7947661,0.85221636,0.92256045,1.020142,0.9418631,1.0148776,1.2013428,0.71053636,0.5665675,0.66712445,0.9606317,0.8764782,0.62928206,0.7410544,1.1849394,1.3496094,1.0,52.998352,2.3437505,31.090076,31.511189,0.0,104.998505,0.0,0.0,116.059654,101.706635,720.0,544.5,-2.4599473,-34.09375,0.0,-35.09375,7.936031,45.999996,45.941162,0.0,156.35,12.21875,0.0,-25.402832,83.654785,58.251953,0.6738281,156.44,156.56,155.91,156.2,0
322680.6,0.21671821,-0.82639515,0.09244082,0.09554607,101.70656,19.54886,14.004054,-10.273724,0.0,0.0,64.557,7.239,3.956,19.001,36.438,0.0,88.72183,0.0,99.998474,0.0,204.0,4863.0,0.0,-8.359375,0.07159424,106.59048,11645.601,11645.601,1100.0834,512.89465,0.0,6.7187457,0.0,0.37579262,4.0,0.0,24.508821,40.12495,5.9999924,0.0,0.0,-9.296875,0.03894043,0.0,0.0,0.0,0.0,0.0,1.796875,1.8164062,1.9140625,2.0898438,0.8104066,0.78759444,0.8395514,0.91477835,1.0261692,0.9329366,0.99404895,1.1858549,0.9554437,0.6241703,0.77759975,0.73968107,1.1785306,0.7314412,0.8637369,0.91241324,1.9999695,1.0,52.581787,2.3437505,30.890903,31.472328,0.0,104.99865,0.0,0.0,114.824196,101.706635,720.0,544.5,-1.9679579,-33.96875,0.0,-34.78125,7.936031,45.999996,44.213867,0.0,156.23,11.6875,0.0,-23.693848,84.436035,60.742188,0.64941406,156.33,156.33,155.72,155.97,0
322680.7,0.23337458,-0.8743081,0.091322094,0.09563084,101.70656,19.54886,14.009869,-10.288766,0.0,0.0,64.557,7.28,3.956,19.001,36.438,0.0,88.72183,0.0,99.998474,0.0,204.0,4874.0,0.0,-8.3359375,0.072143555,106.49927,11674.257,11674.257,1100.0834,512.89465,0.0,6.9094987,0.0,0.76938415,4.0,0.0,24.463955,40.12495,5.9999924,0.0,0.0,-9.421875,0.038024902,0.0,0.0,0.0,0.0,0.0,1.7773438,1.7773438,1.9140625,2.0898438,0.80987257,0.7705806,0.8407721,0.9217975,1.0216678,0.91012436,0.9908446,1.1931792,0.7768368,0.60791945,1.0141146,1.0364691,0.95826656,0.675288,1.126421,1.2785535,1.9999695,1.0,52.56958,2.3437505,30.78722,31.589617,0.0,104.99878,0.0,0.0,114.127686,101.706635,720.0,544.5,-1.5743663,-33.9375,0.0,-34.78125,7.936031,45.999996,43.255615,0.0,156.09,11.40625,0.0,-22.161865,84.83276,62.6709,0.60302734,156.04,156.04,155.91,155.62,0
322680.72,0.24669968,-0.9122232,0.09439378,0.09563084,101.70656,19.54886,14.013939,-10.207949,0.0,0.0,64.557,7.321,3.956,19.001,36.438,0.0,88.72183,0.0,99.998474,0.0,204.0,4872.0,0.0,-8.328125,0.07354736,106.59877,11719.364,11719.364,1100.0834,512.89465,0.0,7.0790567,0.0,1.0842574,4.0,0.0,24.423574,40.12495,5.9999924,0.0,0.0,-9.375,0.036315918,0.0,0.0,0.0,0.0,0.0,1.7773438,1.7578125,1.9140625,2.109375,0.8097963,0.75730526,0.8461891,0.92721444,1.0196842,0.89005876,0.99504083,1.1954681,0.8452735,0.69306475,1.0105287,0.9378195,1.0426489,0.76989394,1.12253,1.1568627,1.9999695,1.0,52.56958,2.3437505,31.344275,31.580898,0.0,104.9989,0.0,0.0,112.84245,101.706635,720.0,544.5,-1.2594931,-34.0625,0.0,-34.875,8.402857,45.999996,41.485596,0.0,155.9,10.90625,0.0,-20.455933,85.57739,65.12146,0.63720703,155.72,155.91,155.68,155.62,0
322680.75,0.25735974,-0.94613934,0.09307903,0.09563084,101.70656,19.54886,14.010929,-10.245815,0.0,0.0,64.557,7.359,3.956,19.001,36.438,0.0,88.72183,0.0,99.998474,0.0,204.0,4873.0,0.0,-8.3984375,0.07495117,106.74802,11748.0205,11748.0205,1100.0834,512.89465,0.0,6.9094987,0.0,1.336156,4.0,0.0,24.312044,40.12495,5.9999924,0.0,0.0,-9.4296875,0.034057617,0.0,0.0,0.0,0.0,0.0,1.7773438,1.7382812,1.9335938,2.109375,0.8095674,0.75280386,0.85679406,0.9262226,1.0183108,0.88258183,1.0034332,1.1894407,0.752575,0.5250629,0.935378,0.8780804,0.9283589,0.5832761,1.0389868,1.0831617,1.9999695,1.0,52.15149,2.3437505,31.083265,31.55606,0.0,104.99901,0.0,0.0,112.36154,101.706635,720.0,544.5,-1.0075945,-33.96875,0.0,-34.875,8.402857,45.999996,40.509033,0.0,155.87,10.21875,0.0,-19.586182,86.54785,66.96167,0.6347656,155.44,155.62,155.49,155.44,0
322680.78,0.24588779,-0.9597057,0.09223838,0.09563084,101.70656,19.54886,14.014682,-10.270031,0.0,0.0,64.557,7.4,3.956,19.001,36.438,0.0,88.72183,0.0,99.998474,0.0,204.0,4871.0,0.0,-8.40625,0.07550049,106.59877,11776.677,11776.677,1100.0834,512.89465,0.0,7.142641,0.0,1.5376749,4.0,0.0,24.211666,40.12495,5.9999924,0.0,0.0,-9.421875,0.03302002,0.0,0.0,0.0,0.0,0.0,1.7773438,1.71875,1.953125,2.109375,0.8062867,0.74036777,0.8607614,0.93057144,1.0123599,0.864271,1.0035095,1.1934081,0.79980165,0.7253376,0.8953994,0.9811551,0.9865721,0.80567634,0.9945831,1.2103456,1.9999695,1.0,52.15149,2.3437505,30.91635,31.55157,0.0,104.99911,0.0,0.0,111.598694,101.706635,720.0,544.5,-0.8060756,-33.875,0.0,-34.78125,8.402857,45.999996,39.453125,0.0,155.84,9.90625,0.0,-18.52417,86.9812,68.45703,0.6176758,155.32,155.39,155.15,155.39,0
322680.84,0.23671022,-0.9463823,0.094744146,0.095588446,101.70656,19.54886,14.017308,-10.20465,0.0,0.0,64.557,7.44,3.956,19.001,36.438,0.0,88.72183,0.0,99.998474,0.0,204.0,4866.0,0.0,-8.3515625,0.07684326,106.68169,11816.477,11816.477,1100.0834,512.89465,0.0,6.8883038,0.0,1.69889,4.0,0.0,24.121326,40.12495,5.9999924,0.0,0.0,-9.5,0.030395508,0.0,0.0,0.0,0.0,0.0,1.7578125,1.6992188,1.953125,2.109375,0.7991913,0.7286183,0.8657206,0.93163955,1.0021362,0.84908825,1.0076295,1.1906614,0.6333257,0.5951781,0.93698025,0.91134506,0.7812619,0.6611734,1.0407416,1.1242085,1.9999695,1.0,51.734924,2.3437505,31.36702,31.532515,0.0,104.99919,0.0,0.0,110.910484,101.706635,720.0,544.5,-0.64486045,-33.96875,0.0,-34.875,8.402857,45.999996,38.47046,0.0,155.67,9.125,0.0,-17.385864,88.07373,70.68787,0.61035156,155.32,155.44,154.79,155.26,0
322680.88,0.24936818,-0.9410529,0.094520114,0.09554607,101.70656,19.54886,14.019147,-10.215279,0.0,0.0,64.557,7.479,3.956,19.001,36.438,0.0,88.72183,0.0,99.998474,0.0,204.0,4863.0,0.0,-8.390625,0.078186035,106.78119,11834.52,11834.52,1100.0834,512.89465,0.0,7.1002517,0.0,1.827862,4.0,0.0,24.04002,40.12495,5.9999924,0.0,0.0,-9.4296875,0.028747559,0.0,0.0,0.0,0.0,0.0,1.7382812,1.6796875,1.953125,2.1289062,0.7910277,0.7168689,0.86678874,0.9342336,0.9912261,0.83215076,1.0048829,1.1907377,0.75112534,0.62470436,0.8297093,0.89585716,0.9266041,0.69390404,0.9216449,1.1051346,1.9999695,1.0,51.731873,2.3437505,31.293755,31.49227,0.0,104.99927,0.0,0.0,110.31348,101.706635,720.0,544.5,-0.5158884,-33.9375,0.0,-34.6875,8.402857,45.999996,37.48169,0.0,155.44,8.625,0.0,-16.47644,88.775635,72.299194,0.703125,155.39,155.27,154.68,155.15,0
322680.9,0.21949454,-0.9389212,0.09335761,0.09550367,101.70656,19.54886,14.026294,-10.251253,0.0,0.0,64.557,7.52,3.956,19.001,36.438,0.0,88.72183,0.0,99.998474,0.0,204.0,4858.0,0.0,-8.3203125,0.07879639,106.69827,11868.482,11868.482,1100.0834,512.89465,0.0,7.2274203,0.0,1.9310398,4.0,0.0,23.966845,40.12495,5.9999924,0.0,0.0,-9.4296875,0.026977539,0.0,0.0,0.0,0.0,0.0,1.7578125,1.6601562,1.953125,2.1289062,0.78675514,0.70763713,0.86533916,0.93385214,0.9845121,0.8221561,1.0011444,1.1883726,0.7455558,0.61486226,0.79522395,0.8423743,0.9196612,0.720531,0.88334477,1.0391394,1.9999695,1.0,51.731873,2.3437505,31.045786,31.43469,0.0,104.99934,0.0,0.0,109.84914,101.706635,720.0,544.5,-0.41271073,-33.875,0.0,-34.6875,8.402857,45.999996,36.535645,0.0,155.22,8.09375,0.0,-15.472412,89.489746,74.017334,0.64453125,155.26,155.32,154.67,154.91,0
322680.94,0.23559563,-0.9380685,0.09438799,0.09550367,101.70656,19.54886,14.013718,-10.223426,0.0,0.0,64.557,7.559,3.956,19.001,36.438,0.0,88.72183,0.0,99.998474,0.0,204.0,4853.0,0.0,-8.3984375,0.080078125,106.69827,11896.608,11896.608,1100.0834,512.6293,0.0,6.9094987,0.0,2.013582,4.0,0.0,23.900988,40.12495,5.9999924,0.0,0.0,-9.53125,0.024475098,0.0,0.0,0.0,0.0,0.0,1.7773438,1.640625,1.9726562,2.1289062,0.79507136,0.6987106,0.8704509,0.93698025,0.989929,0.81200886,1.004654,1.1904325,0.9452201,0.60021365,1.0634775,1.1110094,1.1076524,0.7033646,1.1812772,1.370489,1.9999695,1.0,51.31378,2.3437505,31.237595,31.443369,0.0,104.9994,0.0,0.0,109.31018,101.706635,720.0,544.5,-0.33016858,-33.84375,0.0,-34.59375,8.402857,45.999996,35.595703,0.0,155.05,7.34375,0.0,-14.541626,90.50293,75.9613,0.6640625,155.21,155.21,154.79,154.67,0
322681.0,0.2484765,-0.93772745,0.09224711,0.09550367,101.70656,19.54886,14.022492,-10.275207,0.0,0.0,64.557,7.599,3.956,19.001,36.438,0.0,88.72183,0.0,99.998474,0.0,204.0,4849.0,0.0,-8.4453125,0.08068848,106.64852,11918.896,11918.896,1100.0834,512.6293,0.0,6.8247194,0.0,2.0796156,4.0,0.0,23.841717,40.12495,5.9999924,0.0,0.0,-9.421875,0.022888184,0.0,0.0,0.0,0.0,0.0,1.7773438,1.6210938,1.9921875,2.1289062,0.7928588,0.69199663,0.88220036,0.9378195,0.9844358,0.8049134,1.0163271,1.1898985,0.88548106,0.6610208,1.020142,1.0490577,1.0376898,0.7747005,1.133135,1.2940414,1.9999695,1.0,51.31073,2.3437505,30.88068,31.491367,0.0,104.99946,0.0,0.0,108.9785,101.706635,720.0,544.5,-0.26413485,-33.75,0.0,-34.59375,8.402857,45.999996,35.05249,0.0,154.99,6.875,0.0,-13.8671875,91.137695,77.27051,0.5419922,155.09,155.03,154.74,154.74,0
322681.03,0.2587812,-0.956341,0.09482843,0.09550367,101.70656,19.54886,14.016916,-10.216111,0.0,0.0,64.557,7.639,3.956,19.001,36.438,0.0,88.72183,0.0,99.998474,0.0,204.0,4844.0,0.0,-8.34375,0.081970215,106.62364,11941.185,11941.185,1100.0834,512.6293,0.0,7.0790567,0.0,2.1324425,4.0,0.0,23.788372,40.12495,5.9999924,0.0,0.0,-9.15625,0.02154541,0.0,0.0,0.0,0.0,0.0,1.796875,1.6210938,2.03125,2.1484375,0.8033875,0.6855879,0.90363926,0.94621193,0.9935149,0.7984283,1.0425726,1.1987487,0.9495689,0.5349813,1.0375372,1.0265507,1.1127641,0.62699324,1.152514,1.2663462,1.9999695,1.0,51.31073,2.3437505,31.288017,31.423233,0.0,104.99951,0.0,0.0,108.34004,101.706635,720.0,544.5,-0.21130788,-33.8125,0.0,-34.59375,8.402857,45.999996,34.088135,0.0,154.94,6.46875,0.0,-12.77771,91.69922,78.92151,0.7128906,154.79,154.85,154.55,154.51,0
322681.06,0.26702496,-0.9637864,0.09376911,0.095461294,101.70656,19.54886,14.018872,-10.251589,0.0,0.0,64.557,7.679,3.956,19.001,36.438,0.0,88.72183,0.0,99.998474,0.0,204.0,4839.0,0.0,-8.25,0.08276367,106.772896,11982.047,11982.047,1100.0834,512.6293,0.0,6.9942775,0.0,2.174704,4.0,0.0,23.740362,40.12495,5.9999924,0.0,0.0,-9.171875,0.019165039,0.0,0.0,0.0,0.0,0.0,1.796875,1.6015625,2.0703125,2.1484375,0.803769,0.6824598,0.9176013,0.94354165,0.99145496,0.79499507,1.0570687,1.19234,0.8303197,0.59258413,1.1012436,0.9366751,0.9729915,0.6944381,1.2232395,1.1554132,1.9999695,1.0,51.31073,2.3437505,31.043476,31.35657,0.0,104.99956,0.0,0.0,108.05812,101.706635,720.0,544.125,-0.16904631,-33.75,0.0,-34.59375,8.402857,45.999996,33.496094,0.0,154.88,5.75,0.0,-12.219238,92.63916,80.41992,0.703125,154.56,154.67,154.26,154.26,0
322681.1,0.27361998,-0.96676457,0.09338193,0.095461294,101.70656,19.54886,14.014382,-10.262044,0.0,0.0,64.557,7.72,3.956,19.001,36.438,0.0,88.72183,0.0,99.998474,0.0,204.0,4838.0,0.0,-8.21875,0.08392334,106.60706,11992.66,11992.66,1100.0834,512.6293,0.0,7.0366673,0.0,2.2085135,4.0,0.0,23.697153,40.12495,5.9999924,0.0,0.0,-9.28125,0.018127441,0.0,0.0,0.0,0.0,0.0,1.796875,1.6015625,2.0703125,2.1484375,0.808423,0.6791028,0.9217975,0.94277865,0.99298084,0.79186696,1.0589762,1.1899748,0.8860151,0.7067979,1.0289922,0.9990082,1.0383002,0.8282597,1.142977,1.2323186,1.9999695,1.0,51.31073,2.3437505,30.971403,31.292786,0.0,104.999596,0.0,0.0,107.69329,101.706635,720.0,544.125,-0.13523705,-33.65625,0.0,-34.5,8.402857,45.999996,33.062744,0.0,154.86,5.4375,0.0,-11.428833,93.06641,81.63757,0.5541992,154.39,154.49,154.22,154.26,0
322681.16,0.27889597,-0.9867059,0.09420887,0.095461294,101.70656,19.54886,14.011239,-10.245067,0.0,0.0,64.557,7.759,3.956,19.001,36.438,0.0,88.57146,0.0,99.998474,0.0,204.0,4836.0,0.0,-8.3125,0.08502197,106.723145,12016.01,12016.01,1100.0834,512.6293,0.0,6.78233,0.0,2.235561,4.0,0.0,23.658264,40.12495,5.9999924,0.0,0.0,-9.4296875,0.015686035,0.0,0.0,0.0,0.0,0.0,1.7773438,1.5820312,2.0507812,2.1484375,0.80117494,0.6721599,0.9143969,0.9476616,0.9800107,0.78393227,1.0489814,1.1944,0.71519035,0.84206915,0.77645534,1.002594,0.8381018,0.98680097,0.8625162,1.2367437,1.9999695,1.0,50.89264,2.3437505,31.088434,31.319277,0.0,104.99963,0.0,0.0,107.42795,101.706635,720.0,544.5,-0.10818964,-33.71875,0.0,-34.5,8.402857,45.999996,32.23877,0.0,154.82,4.71875,0.0,-10.958862,94.02466,83.065796,0.6201172,154.39,154.51,153.81,154.22,0
322681.2,0.2831168,-0.99468243,0.093209,0.095461294,101.70656,19.54886,14.020758,-10.262944,0.0,0.0,64.557,7.8,3.956,19.001,36.438,0.0,88.45116,0.0,99.998474,0.0,204.0,4832.0,0.0,-8.4140625,0.08557129,106.60706,12032.991,12032.991,1100.0834,512.6293,0.0,7.0154724,0.0,2.2571988,4.0,0.0,23.623264,40.12495,5.9999924,0.0,0.0,-9.53125,0.014465332,0.0,0.0,0.0,0.0,0.0,1.7773438,1.5820312,2.03125,2.1484375,0.7974365,0.67147326,0.9008927,0.94903487,0.9735256,0.7850004,1.0307469,1.1950866,0.6163119,0.52231634,0.86976427,1.0449378,0.7222095,0.6121157,0.96612495,1.2890059,1.9999695,1.0,50.88806,2.3437505,30.965204,31.391893,0.0,104.999664,0.0,0.0,107.26211,101.706635,720.0,544.5,-0.08655172,-33.59375,0.0,-34.28125,8.402857,45.999996,32.385254,0.0,154.46,4.34375,0.0,-10.580444,94.50073,83.92029,0.64453125,154.26,154.33,153.59,154.16,0
322681.22,0.30649343,-0.997873,0.0942487,0.09533411,101.70656,19.54886,14.015702,-10.235573,0.0,0.0,64.557,7.839,3.956,19.001,36.438,0.0,88.35491,0.0,99.998474,0.0,204.0,4822.0,0.0,-8.4296875,0.0869751,106.71485,12055.81,12055.81,1100.0834,512.36395,0.0,7.1850305,0.0,2.2745092,4.0,0.0,23.591764,40.12495,5.9999924,0.0,0.0,-9.5,0.012573242,0.0,0.0,0.0,0.0,0.0,1.7382812,1.5820312,2.03125,2.1289062,0.7770657,0.675288,0.90257114,0.9388113,0.94590676,0.7907225,1.0314336,1.180972,0.5694667,0.64950025,0.9001297,0.6707103,0.66735333,0.76112,0.9999237,0.8273442,1.9999695,1.0,50.471497,2.3437505,31.153873,31.35225,0.0,104.999695,0.0,0.0,106.88899,101.706635,720.0,544.5,-0.069241375,-33.59375,0.0,-34.28125,8.402857,45.999996,31.689453,0.0,154.2,3.78125,0.0,-9.967041,95.24536,85.27832,0.71777344,154.16,154.22,153.65,153.81,0
322681.25,0.34519476,-0.98039925,0.094480984,0.09533411,101.70656,19.54886,14.023882,-10.239997,0.0,0.0,64.557,7.879,3.956,19.001,36.438,0.0,88.277916,0.0,99.998474,0.0,204.0,4818.0,0.0,-8.421875,0.08728027,106.71485,12084.466,12084.466,1100.0834,512.36395,0.0,7.0790567,0.0,2.2883573,4.0,0.0,23.563416,40.12495,5.9999924,0.0,0.0,-9.1015625,0.010803223,0.0,0.0,0.0,0.0,0.0,1.71875,1.6015625,2.0507812,2.1289062,0.77004653,0.6758984,0.9120317,0.94018465,0.93591213,0.7915618,1.041123,1.182269,0.65735865,0.6128023,1.126955,0.8052186,0.7703517,0.7181659,1.2518501,0.993286,1.9999695,1.0,50.468445,2.3437505,31.123373,31.288612,0.0,104.999725,0.0,0.0,106.731445,101.706635,720.0,544.5,-0.0553931,-33.5625,0.0,-34.28125,8.402857,45.999996,31.347656,0.0,153.94,3.25,0.0,-9.54895,95.91675,86.3678,0.63720703,154.16,154.26,153.71,153.75,0
322681.3,0.3961558,-0.9734097,0.09346496,0.09533411,101.70656,19.54886,14.029608,-10.272075,0.0,0.0,64.557,7.921,3.956,19.001,36.438,0.0,88.216324,0.0,99.998474,0.0,204.0,4813.0,0.0,-8.09375,0.08862305,106.73144,12112.062,12112.062,1100.0834,512.36395,0.0,6.951888,0.0,2.299436,4.0,0.0,23.5379,40.12495,5.9999924,0.0,0.0,-8.9296875,0.008728027,0.0,0.0,0.0,0.0,0.0,1.71875,1.5820312,2.0507812,2.1289062,0.769131,0.6711681,0.91142136,0.93934536,0.93255514,0.7860685,1.0380713,1.1800565,0.87586784,0.6424048,0.8671702,0.90913254,1.0263981,0.75280386,0.9632258,1.1214619,1.9999695,1.0,50.468445,2.3437505,30.902264,31.248373,0.0,104.99975,0.0,0.0,106.45781,101.706635,720.0,544.125,-0.04431448,-33.46875,0.0,-34.1875,8.402857,45.999996,30.847168,0.0,153.87,2.625,0.0,-8.932495,96.71631,87.78381,0.60302734,153.92,153.92,153.65,153.63,0
322681.34,0.43692467,-0.9706139,0.09250121,0.09533411,101.70656,19.54886,14.021897,-10.304147,0.0,0.0,64.557,7.96,3.956,19.001,36.438,0.0,88.167046,0.0,99.998474,0.0,204.0,4810.0,0.0,-8.2265625,0.08911133,106.59877,12123.736,12123.736,1100.0834,512.36395,0.0,6.78233,0.0,2.3082988,4.0,0.0,23.514938,40.12495,5.9999924,0.0,0.0,-8.1796875,0.007385254,0.0,0.0,0.0,0.0,0.0,1.71875,1.5820312,2.0507812,2.1289062,0.7636377,0.669337,0.91592276,0.9420157,0.9230945,0.78400856,1.0427252,1.1821927,0.7692073,0.6608682,0.9235523,1.0357062,0.90135044,0.77439535,1.025864,1.277638,1.9999695,1.0,50.05188,2.3437505,30.681202,31.21029,0.0,104.99977,0.0,0.0,106.40806,101.706635,720.0,544.125,-0.035451587,-33.4375,0.0,-34.09375,8.402857,45.999996,30.401611,0.0,153.76,2.21875,0.0,-8.657837,97.229004,88.57117,0.5908203,153.65,153.69,153.52,153.4,0
322681.38,0.46953973,-0.9507456,0.09390247,0.09529173,101.70656,19.54886,14.028218,-10.269414,0.0,0.0,64.557,8.0,3.956,19.001,36.438,0.0,88.127625,0.0,99.998474,0.0,204.0,4800.0,0.0,-9.09375,0.09051514,106.6651,12146.555,12146.555,1100.0834,512.36395,0.0,6.9942775,0.0,2.3153892,4.0,0.0,23.494272,40.12495,5.9999924,0.0,0.0,-8.7578125,0.0063476562,0.0,0.0,0.0,0.0,0.0,1.71875,1.5625,2.0703125,2.1484375,0.7676051,0.6614023,0.9207294,0.94918746,0.92721444,0.7748531,1.04654,1.1905851,0.7090105,0.5218586,1.0209812,0.98161286,0.83093005,0.6115816,1.1341268,1.2108797,1.9999695,1.0,50.047302,2.3437505,30.920612,31.181715,0.0,104.999794,0.0,0.0,106.09299,101.706635,720.0,545.25,-0.02836127,-33.40625,0.0,-34.09375,8.402857,45.999996,30.15747,0.0,153.63,1.90625,0.0,-7.7819824,97.631836,89.84985,0.5908203,153.27,153.58,153.23,153.17,0
322681.4,0.47563177,-0.94279826,0.09326703,0.09516456,101.70656,19.54886,14.020925,-10.286606,0.0,0.0,64.557,8.039,3.956,19.001,36.438,0.0,88.096085,0.0,99.998474,0.0,204.0,4798.0,0.0,-9.0,0.09118652,106.71485,12163.536,12163.536,1100.0834,512.36395,0.0,7.1002517,0.0,2.3210614,4.0,0.0,23.475672,40.12495,5.9999924,0.0,0.0,-8.8203125,0.0041503906,0.0,0.0,0.0,0.0,0.0,1.71875,1.5625,2.0703125,2.1289062,0.76844436,0.663386,0.92149234,0.9362936,0.9262989,0.77775234,1.0463111,1.1736476,0.8539712,0.6458381,0.84145874,0.6953536,1.0007629,0.7568475,0.93469137,0.85770965,1.9999695,1.0,49.630737,2.3437505,30.802103,31.161549,0.0,104.99981,0.0,0.0,106.026634,101.706635,720.0,545.25,-0.022689017,-33.375,0.0,-34.09375,8.402857,45.999996,29.70581,0.0,153.61,1.25,0.0,-7.562256,98.45581,90.893555,0.6323242,153.12,153.17,152.95,153.05,0
322681.47,0.46050543,-0.92086935,0.09341003,0.09512217,101.70656,19.54886,14.027537,-10.281287,0.0,0.0,64.557,8.079,3.956,19.001,36.438,0.0,88.070854,0.0,99.998474,0.0,204.0,4793.0,0.0,-8.96875,0.09246826,106.67339,12186.886,12186.886,1100.0834,512.36395,0.0,6.8035245,0.0,2.3255992,4.0,0.0,23.458931,40.12495,5.9999924,0.0,0.0,-8.84375,0.0018310547,0.0,0.0,0.0,0.0,0.0,1.71875,1.5625,2.0703125,2.109375,0.7658503,0.66369116,0.92156863,0.930724,0.9197375,0.7781338,1.0421149,1.165713,0.7672999,0.65270466,1.0128176,0.7629511,0.85229266,0.7648585,1.069276,0.9411002,1.9999695,1.0,49.627686,2.3437505,30.838766,31.148685,0.0,104.999825,0.0,0.0,105.869095,101.706635,720.0,545.25,-0.018151214,-33.34375,0.0,-34.0,8.402857,45.999996,29.638672,0.0,153.47,0.5625,0.0,-7.0220947,99.32251,92.300415,0.5517578,153.17,153.17,152.7,153.08,0
322681.5,0.42840436,-0.9120978,0.09226033,0.09512217,101.70656,19.54886,14.026307,-10.31475,0.0,0.0,64.557,8.12,3.956,19.001,36.438,0.0,88.050674,0.0,99.998474,0.0,204.0,4790.0,0.0,-8.796875,0.09307861,106.61535,12200.684,12200.684,1100.0834,512.36395,0.0,6.973083,0.0,2.3292296,4.0,0.0,23.443865,40.12495,5.9999924,0.0,0.0,-8.7890625,7.324219E-4,0.0,0.0,0.0,0.0,0.0,1.7578125,1.5820312,2.109375,2.109375,0.78233004,0.66605633,0.94583046,0.9308766,0.9345388,0.7814908,1.0655375,1.1651026,1.1478599,0.73105973,1.2644389,0.843595,1.2750438,0.85671777,1.3349355,1.0406653,1.9999695,1.0,49.627686,2.3437505,30.608107,31.135874,0.0,104.99984,0.0,0.0,105.76131,101.706635,720.0,544.875,-0.014520972,-33.21875,0.0,-34.09375,8.402857,45.999996,29.492188,0.0,153.15,0.21875,0.0,-6.7230225,99.731445,93.00842,0.65185547,153.05,152.96,152.55,152.95,0
322681.53,0.4027235,-0.8898392,0.09366696,0.09512217,101.70656,19.54886,14.019587,-10.289548,0.0,0.0,64.557,8.159,3.956,19.001,36.438,0.0,88.03453,0.0,99.998474,0.0,204.0,4786.0,0.0,-8.640625,0.09338379,106.60706,12221.38,12221.38,1100.0834,512.09863,0.0,6.9094987,0.0,2.3321338,4.0,0.0,23.430305,40.12495,5.9999924,0.0,0.0,-8.625,0.0,0.0,0.0,0.0,0.0,0.0,1.7578125,1.5820312,2.109375,2.1289062,0.78400856,0.6707103,0.93934536,0.9363699,0.9308003,0.7878996,1.055314,1.1724269,0.88014036,0.7312123,1.1090257,1.1573205,0.9776455,0.85694665,1.1708248,1.4276341,1.9999695,1.0,49.209595,2.3437505,30.781822,31.06183,0.0,104.999855,0.0,0.0,105.545715,101.706635,720.0,544.875,-0.011616778,-33.25,0.0,-34.09375,8.402857,45.999996,28.936768,0.0,152.93,0.0,0.0,-6.2591553,99.998474,93.73932,0.6933594,153.08,153.05,152.7,152.76,0
322681.56,0.3821788,-0.88093567,0.09471489,0.09512217,101.70656,19.54886,14.026601,-10.256607,0.0,0.0,64.557,8.2,3.956,19.001,36.438,0.0,88.021614,0.0,99.998474,0.0,204.0,4784.0,0.0,-8.625,0.09472656,106.68998,12248.975,12248.975,1100.0834,512.09863,0.0,7.1002517,0.0,2.3344572,4.0,0.0,23.418102,40.12495,5.9999924,0.0,0.0,-8.46875,0.0,0.0,0.0,0.0,0.0,0.0,1.7578125,1.5820312,2.1289062,2.109375,0.78675514,0.6723125,0.95048445,0.93041885,0.9313344,0.79011214,1.0627909,1.1642634,0.98496985,0.6530861,1.0354773,0.74006253,1.0940719,0.76531625,1.0932326,0.9129473,1.9999695,1.0,49.206543,2.3437505,31.008883,31.074717,0.0,104.99987,0.0,0.0,105.44622,101.706635,720.0,544.5,-0.009293422,-33.25,0.0,-33.875,8.402857,45.999996,29.211426,0.0,152.9,0.0,0.0,-5.770874,99.998474,94.2276,0.61035156,153.01,153.12,152.48,152.44,0
322681.62,0.38574308,-0.89612436,0.09375733,0.09512217,101.705734,19.54886,14.019793,-10.2869835,0.0,0.0,64.557,8.239,3.956,19.001,36.438,0.0,88.01128,0.0,99.998474,0.0,204.0,4779.0,0.0,-8.65625,0.095458984,106.78119,12243.668,12243.668,1100.0834,512.09863,0.0,7.0790567,0.0,2.3363156,4.0,0.0,23.40712,40.12495,5.9999924,0.0,0.0,-8.3671875,0.0,0.0,0.0,0.0,0.0,0.0,1.7773438,1.5625,2.1484375,2.109375,0.79507136,0.66277564,0.9595636,0.92362857,0.9364462,0.77889675,1.071107,1.1549554,0.79011214,0.46379796,1.0231174,0.98825055,0.87762266,0.54352635,1.0801098,1.2191195,1.9999695,1.0,49.206543,2.3437505,30.798676,31.052702,0.0,104.99988,0.0,0.0,105.44622,101.69834,720.0,544.875,-0.007434738,-33.25,0.0,-33.875,8.402857,45.999996,28.588867,0.0,152.78,0.0,0.0,-5.7250977,99.998474,94.27338,0.7080078,152.83,152.89,152.39,152.39,0
322681.66,0.36859447,-0.9021998,0.09281583,0.09507979,101.704994,19.54886,14.020885,-10.316937,0.0,0.0,64.557,8.28,3.956,19.001,36.438,0.0,88.003006,0.0,99.998474,0.0,204.0,4775.0,0.0,-8.8359375,0.09667969,106.67339,12264.895,12264.895,1100.0834,512.09863,0.0,7.1002517,0.0,2.3378026,4.0,0.0,23.397236,40.12495,5.9999924,0.0,0.0,-8.9296875,0.0,0.0,0.0,0.0,0.0,0.0,1.796875,1.5625,2.1484375,2.0898438,0.8059052,0.66369116,0.96276796,0.9156176,0.94796675,0.7801175,1.0693523,1.1448082,0.9530785,0.79545283,0.97375447,1.0368506,1.058671,0.93217367,1.0280004,1.2790875,1.9999695,1.0,49.206543,2.3437505,30.591467,31.026436,0.0,104.999886,0.0,0.0,105.39647,101.69834,720.0,544.875,-0.0059477906,-33.15625,0.0,-33.78125,8.402857,45.999996,28.430176,0.0,152.76,0.0,0.0,-5.404663,99.998474,94.59381,0.61279297,152.55,152.78,152.44,152.32,0
322681.7,0.3748756,-0.90462995,0.09328235,0.09507979,101.70433,19.54886,14.021651,-10.306513,0.0,0.0,64.557,8.32,3.956,19.001,36.438,0.0,87.99639,0.0,99.998474,0.0,204.0,4773.0,0.0,-8.9765625,0.09692383,106.60706,12299.389,12299.389,1100.0834,512.09863,0.0,7.1850305,0.0,2.3389924,4.0,0.0,23.38834,40.12495,5.9999924,0.0,0.0,-8.921875,0.0,0.0,0.0,0.0,0.0,0.0,1.8164062,1.5820312,2.1289062,2.0898438,0.81559473,0.6710918,0.9497215,0.92011905,0.9554437,0.79003584,1.0503547,1.1506065,0.8907454,0.7098497,0.8604562,0.82459754,0.98947126,0.8318456,0.9083696,1.0171664,1.9999695,1.0,49.206543,2.3437505,30.66266,31.012547,0.0,104.99989,0.0,0.0,105.12283,101.69834,720.0,544.875,-0.0047582327,-33.15625,0.0,-33.78125,8.402857,45.999996,27.972412,0.0,152.69,0.0,0.0,-4.849243,99.998474,95.14923,0.625,152.25,152.39,152.15,152.19,0
322681.72,0.3599005,-0.924352,0.09380737,0.09507979,101.70456,19.54886,14.016328,-10.271884,0.0,0.0,64.557,8.359,3.956,19.001,36.438,0.0,87.991104,0.0,99.998474,0.0,204.0,4770.0,0.0,-9.0859375,0.09832764,106.68998,12323.8,12323.8,1100.0834,512.09863,0.0,6.951888,0.0,2.339944,4.0,0.0,23.45552,40.12495,5.9999924,0.0,0.0,-8.84375,0.0,0.0,0.0,0.0,0.0,0.0,1.8359375,1.5820312,2.109375,2.0898438,0.82909894,0.67299914,0.9438468,0.915465,0.96818495,0.7924773,1.0417334,1.1434348,1.0148013,0.75555044,0.83337146,0.920882,1.1271839,0.88548106,0.8798352,1.1360341,1.9999695,1.0,48.7854,2.3437505,30.901585,31.15213,0.0,104.9999,0.0,0.0,105.12283,101.706635,720.0,545.25,-0.0038065861,-33.15625,0.0,-33.78125,8.402857,45.999996,27.954102,0.0,152.7,0.0,0.0,-4.73938,99.998474,95.259094,0.6738281,152.21,152.38,151.81,152.19,0
322681.78,0.3679204,-0.9509908,0.093839005,0.09507979,101.70477,19.54886,14.02432,-10.290083,0.0,0.0,64.557,8.4,3.956,19.001,36.438,0.0,87.98687,0.0,99.998474,0.0,204.0,4768.0,0.0,-9.015625,0.09899902,106.68998,12323.8,12323.8,1100.0834,512.09863,0.0,6.9942775,0.0,2.3407052,4.0,0.0,23.515984,40.12495,5.9999924,0.0,0.0,-8.3046875,0.0,0.0,0.0,0.0,0.0,0.0,1.8359375,1.5820312,2.109375,2.0703125,0.8248264,0.6752117,0.9375143,0.9060044,0.9610132,0.79545283,1.0308232,1.131075,0.95346,0.6505684,0.785153,0.81559473,1.0591288,0.7623407,0.82887006,1.0060273,1.9999695,1.0,48.7854,2.3437505,30.776352,31.01194,0.0,104.99991,0.0,0.0,105.0648,101.706635,720.0,544.875,-0.003045269,-33.125,0.0,-33.6875,8.402857,45.999996,28.167725,0.0,152.51,0.0,0.0,-4.5318604,99.998474,95.46661,0.6225586,152.19,152.25,151.51,151.98,0
322681.8,0.3743363,-0.9616463,0.09249653,0.094995,101.704956,19.54886,13.994758,-10.328798,0.0,0.0,64.557,8.44,3.956,19.001,36.438,0.0,87.98348,0.0,99.998474,0.0,204.0,4763.0,0.0,-8.859375,0.099975586,106.71485,12357.763,12357.763,1100.0834,511.83328,0.0,6.9942775,0.0,2.3413143,4.0,0.0,23.5704,40.12495,5.9999924,0.0,0.0,-8.0234375,0.0,0.0,0.0,0.0,0.0,0.0,1.8359375,1.6015625,2.109375,2.0507812,0.83299,0.68284124,0.9444572,0.90104526,0.9672694,0.80552375,1.0374609,1.1235981,0.89250016,0.71084154,0.99725336,0.89349204,0.99137866,0.83299,1.0527962,1.1022354,1.9999695,1.0,48.36731,2.3437505,30.509674,30.984112,0.0,104.999916,0.0,0.0,104.95701,101.706635,720.0,544.875,-0.0024362153,-33.09375,0.0,-33.6875,8.402857,45.999996,27.496338,0.0,152.24,0.0,0.0,-4.5166016,99.998474,95.48187,0.64208984,152.26,152.21,151.56,151.81,0
322681.84,0.37946904,-0.9659085,0.0928337,0.094995,101.705124,19.54886,14.009221,-10.319683,0.0,0.0,64.557,8.479,3.956,19.001,36.438,0.0,87.980774,0.0,99.998474,0.0,204.0,4760.0,0.0,-8.8359375,0.1005249,106.61535,12363.069,12363.069,1100.0834,511.83328,0.0,6.8883038,0.0,2.3418014,4.0,0.0,23.619375,40.12495,5.9999924,0.0,0.0,-8.0234375,0.0,0.0,0.0,0.0,0.0,0.0,1.8359375,1.5820312,2.1289062,2.03125,0.83245593,0.67490655,0.9515526,0.8884565,0.9645228,0.7959106,1.0422674,1.1068895,1.0351721,0.5259785,1.058671,0.7535668,1.1499199,0.6163882,1.1177233,0.9296559,1.9999695,1.0,48.365784,2.3437505,30.572672,30.981356,0.0,104.99992,0.0,0.0,104.79946,101.706635,720.0,544.875,-0.0019489722,-33.0,0.0,-33.59375,8.402857,45.999996,27.606201,0.0,152.08,0.0,0.0,-3.7658691,99.998474,96.232605,0.55908203,152.15,152.32,151.64,151.69,0
322681.88,0.40357524,-0.9863634,0.09358713,0.094952606,101.70528,19.54886,14.013486,-10.294127,0.0,0.0,64.557,8.52,3.956,19.001,36.438,0.0,87.97861,0.0,99.998474,0.0,204.0,4755.0,0.0,-8.671875,0.10192871,106.68998,12392.256,12392.256,1100.0834,511.83328,0.0,7.375784,0.0,2.3421912,4.0,0.0,23.663452,40.12495,5.9999924,0.0,0.0,-8.96875,0.0,0.0,0.0,0.0,0.0,0.0,1.875,1.6015625,2.1289062,2.03125,0.84481573,0.6811627,0.95391774,0.8832685,0.97673,0.8039979,1.0432594,1.0999466,0.9264515,0.7425803,1.0598154,0.9432364,1.0290685,0.87022203,1.118944,1.1635004,1.9999695,1.0,48.365784,2.3437505,30.74898,31.012146,0.0,104.99993,0.0,0.0,104.79946,101.706635,720.0,544.875,-0.0015591778,-33.03125,0.0,-33.59375,8.402857,45.999996,27.34375,0.0,151.89,0.0,0.0,-3.6865234,99.998474,96.31195,0.68359375,152.04,151.87,151.69,151.64,0
322681.94,0.40286022,-1.0320454,0.09228337,0.094952606,101.705414,19.54886,14.004752,-10.337893,0.0,0.0,64.557,8.559,3.956,19.001,36.438,0.0,87.976875,0.0,99.998474,0.0,204.0,4750.0,0.0,-8.6640625,0.10229492,106.7646,12397.5625,12397.5625,1100.0834,511.83328,0.0,6.867109,0.0,2.342503,4.0,0.0,23.703121,40.12495,5.9999924,0.0,0.0,-8.5078125,0.0,0.0,0.0,0.0,0.0,0.0,1.875,1.6210938,2.1289062,1.9921875,0.84969866,0.6890211,0.9561303,0.8661021,0.9797818,0.8146029,1.0428015,1.0782788,0.80766004,0.68383306,0.91172653,0.49668115,0.8971542,0.8014038,0.9625391,0.61264974,1.9999695,1.0,47.947693,2.3437505,30.447447,30.954144,0.0,104.99994,0.0,0.0,104.79946,101.706635,720.0,544.875,-0.0012473422,-32.9375,0.0,-33.59375,8.402857,45.999996,27.319336,0.0,151.89,0.0,0.0,-3.6865234,99.998474,96.31195,0.61035156,151.53,151.82,151.43,151.47,0
322681.97,0.42228818,-1.1065682,0.092910305,0.094952606,101.705536,19.54886,14.016217,-10.325489,0.0,0.0,64.557,8.6,3.956,19.001,36.438,0.0,87.97549,0.0,99.998474,0.0,204.0,4742.0,0.0,-9.03125,0.1027832,106.59877,12426.219,12426.219,1100.0834,511.83328,0.0,6.9942775,0.0,2.3427527,4.0,0.0,23.738825,40.12495,5.9999924,0.0,0.0,-7.8984375,0.0,0.0,0.0,0.0,0.0,0.0,1.875,1.640625,2.1484375,1.9726562,0.85229266,0.6958114,0.9607843,0.8614481,0.981384,0.82337683,1.046006,1.0720226,0.87235826,0.8528267,0.8799115,0.8268101,0.9689479,0.99946594,0.92896926,1.0199131,1.9999695,1.0,47.94464,2.3437505,30.533068,30.910238,0.0,104.99994,0.0,0.0,104.69167,101.706635,720.0,544.875,-9.978738E-4,-32.90625,0.0,-33.59375,8.402857,45.999996,27.380371,0.0,151.53,0.0,0.0,-3.3416748,99.998474,96.6568,0.61279297,151.09,151.32,151.13,151.19,0
322682.03,0.43783054,-1.1926273,0.09333294,0.09478305,101.70564,19.54886,14.012524,-10.31263,0.0,0.0,64.557,8.639,3.956,19.001,36.438,0.0,87.97438,0.0,99.998474,0.0,204.0,4734.0,0.0,-8.9609375,0.10418701,106.68169,12426.219,12426.219,1100.0834,511.83328,0.0,7.0154724,0.0,2.3429523,4.0,0.0,23.770958,40.12495,5.9999924,0.0,0.0,-7.9921875,0.0,0.0,0.0,0.0,0.0,0.0,1.8945312,1.640625,2.1484375,1.9726562,0.85687035,0.6991684,0.9639124,0.85694665,0.98397803,0.82764935,1.0482948,1.0654612,0.9398795,0.587396,0.8449683,0.8052186,1.0440223,0.68833447,0.8920424,0.9932097,1.9999695,1.0,47.94464,2.3437505,30.621809,30.888803,0.0,104.99994,0.0,0.0,104.525826,101.706635,720.0,545.25,-7.982991E-4,-32.84375,0.0,-33.5,8.402857,45.999996,26.87378,0.0,151.38,0.0,0.0,-2.9754639,99.998474,97.02301,0.6542969,151.09,151.13,150.76,150.88,0
322682.06,0.45026442,-1.320801,0.09185716,0.09478305,101.705734,19.54886,14.015798,-10.356092,0.0,0.0,64.557,8.679,3.956,19.001,36.438,0.0,87.973495,0.0,99.998474,0.0,204.0,4724.0,0.0,-8.890625,0.10479736,106.67339,12453.814,12453.814,1100.0834,511.83328,0.0,6.8035245,0.0,2.3431118,4.0,0.0,23.799877,40.12495,5.9999924,0.0,0.0,-8.6796875,0.0,0.0,0.0,0.0,0.0,0.0,1.8945312,1.6210938,2.1484375,1.9921875,0.8598459,0.69390404,0.9594873,0.8651102,0.98626685,0.8206302,1.0408942,1.0726329,0.91790646,0.70168614,0.9956512,0.6829938,1.0196079,0.8223087,1.0511178,0.800412,1.9999695,1.0,47.94159,2.3437505,30.322317,30.879406,0.0,104.99994,0.0,0.0,104.525826,101.706635,720.0,544.875,-6.3863926E-4,-32.71875,0.0,-33.375,8.402857,45.999996,26.64795,0.0,151.27,0.0,0.0,-2.9144287,99.998474,97.084045,0.5102539,150.76,150.8,150.14,150.71,0
322682.12,0.42021155,-1.4658206,0.09324016,0.09474067,101.705826,19.54886,14.029808,-10.327649,0.0,0.0,64.557,8.72,3.956,19.001,36.438,0.0,87.972786,0.0,0.7904053,0.0,204.0,4714.0,0.0,-8.765625,0.10534668,106.55731,12460.182,12460.182,1100.0834,511.83328,0.0,7.333394,0.0,2.3432395,4.0,0.0,23.825905,40.12495,5.9999924,0.0,0.0,-8.7890625,0.0,0.0,0.0,0.0,0.0,0.0,1.8945312,1.640625,2.1484375,1.9921875,0.86366063,0.7003128,0.9607843,0.8694591,0.98809797,0.829633,1.0410467,1.0756848,0.89242387,0.934081,1.134432,0.96696424,0.9913024,1.0946059,1.1976806,1.1332113,1.9999695,1.0,47.94159,2.3437505,30.51846,30.79687,0.0,104.99994,0.0,0.0,104.47609,101.706635,720.0,544.875,-5.109114E-4,-32.6875,0.0,-33.375,8.402857,45.999996,26.483154,0.0,150.72,0.0,0.0,-2.6245117,99.998474,97.37396,0.6738281,150.59,150.63,150.14,150.39,0
322682.16,0.37616923,-1.6175783,0.092010856,0.09474067,101.7059,19.54886,14.0220375,-10.365793,0.0,0.0,64.557,8.76,3.956,19.001,36.438,0.0,87.97221,0.0,0.0015258789,0.0,204.0,4705.0,0.0,-8.78125,0.10681152,106.69827,12479.817,12479.817,1100.0834,511.56796,0.0,7.0790567,0.0,2.3433418,4.0,0.0,23.849329,40.12495,5.9999924,0.0,0.0,-7.734375,0.0,0.0,0.0,0.0,0.0,0.0,1.9140625,1.640625,2.1484375,2.0117188,0.8659495,0.7003891,0.960708,0.8738842,0.98962384,0.8292515,1.0396734,1.0762951,0.9729915,0.74769205,0.8202487,0.9832151,1.0807202,0.8762493,0.8659495,1.1522087,1.9999695,1.0,47.525024,2.3437505,30.255615,30.767399,0.0,105.099945,0.0,0.0,104.47609,101.706635,720.0,544.875,-4.0872913E-4,-32.59375,0.0,-33.28125,8.402857,45.999996,25.738525,0.0,150.34,0.0,0.0,-2.6153564,99.998474,97.38312,0.63720703,150.27,150.53,150.03,150.08,0
322682.2,0.4209354,-1.7157813,0.09417395,0.09461351,101.70598,19.54886,14.0283165,-10.324396,0.0,0.0,64.557,8.799,3.956,19.001,36.438,0.0,87.971756,0.0,0.0,0.0,204.0,4691.0,0.0,-8.7265625,0.107421875,106.67339,12494.676,12494.676,1100.0834,511.56796,0.0,7.0154724,0.0,2.3434236,4.0,0.0,23.87041,40.12495,5.9999924,0.0,0.0,-7.28125,0.0,0.0,0.0,0.0,0.0,0.0,1.9140625,1.640625,2.1679688,1.9921875,0.86984056,0.70397496,0.96948195,0.8692302,0.98970014,0.83329517,1.0492866,1.0682079,0.85709924,0.73754483,0.82795453,0.94605935,0.90486,0.8643473,0.82223237,1.1087205,1.9999695,1.0,47.51587,2.3437505,30.541037,30.624132,0.0,105.18996,0.0,0.0,104.47609,101.706635,720.0,544.875,-3.269833E-4,-32.5625,0.0,-33.28125,8.402857,45.999996,24.707031,0.0,149.93,0.0,0.0,-2.6062012,99.998474,97.39227,0.68359375,149.9,150.08,149.75,149.78,0
322682.22,0.43674833,-1.8300626,0.09528386,0.094486326,101.70604,19.54886,14.020993,-10.304325,0.0,0.0,64.557,8.838,3.956,19.001,36.438,0.0,87.821014,0.0,0.0,0.0,204.0,4670.0,0.0,-8.890625,0.10803223,106.59877,12528.639,12528.639,1100.0834,511.3026,0.0,7.248615,0.0,2.343489,4.0,0.0,23.889385,40.12495,5.9999924,0.0,0.0,-7.3046875,0.0,0.0,0.0,0.0,0.0,0.0,1.9140625,1.6601562,2.1679688,2.0117188,0.87121385,0.70954454,0.97581446,0.8738079,0.9846647,0.8405432,1.0494392,1.0696574,0.9423209,0.6218814,1.2771038,0.90257114,0.99481195,0.7287709,1.2683299,1.0577554,1.9999695,1.0,47.099304,2.3437505,30.67945,30.520668,0.0,105.270966,0.0,0.0,106.18418,101.706635,720.0,544.875,-2.6158665E-4,-32.4375,0.0,-33.09375,8.402857,45.999996,27.91748,0.0,149.5,0.0,0.0,-7.03125,99.998474,92.967224,0.7128906,148.87,149.11,149.48,149.18,0
322682.28,0.48939866,-1.988275,0.091714285,0.09444394,101.7061,19.54886,14.027586,-10.411981,0.0,0.0,64.557,8.879,3.956,19.001,36.438,0.0,87.700424,0.0,0.0,0.0,204.0,4651.0,0.0,-8.9296875,0.10949707,106.772896,12523.332,12523.332,1100.0834,511.3026,0.0,7.1002517,0.0,2.3435411,4.0,0.0,23.906462,40.12495,5.9999924,0.0,0.0,-8.015625,0.0,0.0,0.0,0.0,0.0,0.0,1.9140625,1.6601562,2.1875,1.9726562,0.86808574,0.70603496,0.98176545,0.860914,0.9781033,0.8358129,1.0492866,1.0521859,0.81002516,0.7271687,1.2188144,0.8113985,0.8551156,0.85221636,1.2104219,0.9508659,1.9999695,1.0,47.088623,2.3437505,29.937458,30.450275,0.0,105.34387,0.0,0.0,106.09299,101.706635,720.0,544.875,-2.0926933E-4,-32.25,0.0,-33.0,7.936031,45.999996,26.379395,0.0,149.1,0.0,0.0,-8.056641,99.998474,91.94183,0.6152344,148.76,148.73,148.82,148.77,0
322682.3,0.47151893,-2.20156,0.09201479,0.09444394,101.70615,19.54886,14.032201,-10.398979,0.0,0.0,64.557,8.92,3.956,19.001,36.438,0.0,87.60394,0.0,0.0,0.0,204.0,4640.0,0.0,-8.7734375,0.109802246,106.4661,12556.765,12556.765,1100.0834,511.3026,0.0,7.0790567,0.0,2.343583,4.0,0.0,23.921831,40.12495,5.9999924,0.0,0.0,-8.234375,0.0,0.0,0.0,0.0,0.0,0.0,1.9140625,1.6601562,2.2070312,1.9726562,0.87342644,0.7154955,0.9906157,0.8606088,0.97947663,0.8484779,1.055848,1.0480659,0.7936217,0.71953917,1.1873808,0.9095903,0.83787286,0.84321356,1.1792172,1.0659189,1.9999695,1.0,47.088623,2.3437505,30.027115,30.492088,0.0,105.409485,0.0,0.0,105.869095,101.706635,720.0,544.875,-1.6741546E-4,-32.09375,0.0,-32.78125,8.402857,45.999996,25.958252,0.0,148.62,0.0,0.0,-7.8918457,99.998474,92.10663,0.69091797,148.04,148.16,147.92,148.28,0
322682.34,0.41721514,-2.399374,0.094590396,0.09423199,101.70619,19.54886,14.023712,-10.333981,0.0,0.0,64.557,8.959,3.956,19.001,36.438,0.0,87.67714,0.0,0.0,0.0,204.0,4621.0,0.0,-9.328125,0.1105957,106.57389,12556.765,12556.765,1100.0834,511.0373,0.0,7.0366673,0.0,2.3436165,4.0,0.0,24.01085,40.12495,5.9999924,0.0,0.0,-8.09375,0.0,0.0,0.0,0.0,0.0,0.0,1.953125,1.6796875,2.2460938,1.9921875,0.8740368,0.71854734,1.0102235,0.8644236,0.97734034,0.8541238,1.0716411,1.0513467,1.0988022,0.7825589,1.2030213,1.0196079,1.091249,0.965362,1.1947051,1.1948577,1.9999695,1.0,47.088623,2.3437505,30.475185,30.420626,0.0,105.46854,0.0,0.0,105.81935,101.706635,720.0,544.875,-1.3393238E-4,-32.03125,0.0,-32.6875,8.402857,45.999996,25.292969,0.0,147.96,0.0,0.0,-7.495117,99.998474,92.50336,0.6152344,147.62,147.68,147.45,147.68,0
322682.38,0.3737721,-2.6097498,0.091422945,0.094104834,101.70624,19.54886,14.023629,-10.432628,0.0,0.0,64.557,9.0,3.956,19.001,36.438,0.0,87.7357,0.0,0.0,0.0,204.0,4604.0,0.0,-9.3125,0.11187744,106.540726,12563.133,12563.133,1100.0834,511.0373,0.0,6.9942775,0.0,2.3436434,4.0,0.0,24.09097,40.12495,5.9999924,0.0,0.0,-7.3828125,0.0,0.0,0.0,0.0,0.0,0.0,1.9726562,1.6796875,2.265625,2.0117188,0.88662547,0.71641105,1.0193789,0.8800641,0.9811551,0.8531319,1.0789654,1.0691997,0.9508659,0.6623179,1.1307698,1.0798047,0.9443046,0.816968,1.1229877,1.2654307,1.9999695,1.0,47.079468,2.3437505,29.795273,30.298105,0.0,105.52168,0.0,0.0,106.09299,101.706635,720.0,545.25,-1.07145905E-4,-31.875,0.0,-32.59375,7.936031,45.999996,25.231934,0.0,147.56,0.0,0.0,-8.2977295,99.998474,91.700745,0.6665039,147.27,147.32,147.16,147.22,0
322682.44,0.3590177,-2.7689,0.09424102,0.094104834,101.70628,19.54886,14.017713,-10.352558,0.0,0.0,64.557,9.038,3.956,19.001,36.438,0.0,87.63217,0.0,0.0,0.0,204.0,4589.0,0.0,-9.390625,0.11236572,106.43293,12597.096,12597.096,1100.0834,510.77194,0.0,7.1850305,0.0,2.3436646,4.0,0.0,24.163074,40.12495,5.9999924,0.0,0.0,-8.046875,0.0,0.0,0.0,0.0,0.0,0.0,1.9726562,1.6601562,2.2851562,2.0117188,0.8830396,0.70931566,1.0357062,0.8784619,0.97253376,0.8474098,1.0914779,1.0615702,1.0422674,0.62798506,1.2923628,0.98939496,1.0350957,0.7746242,1.2834363,1.0990311,1.9999695,1.0,46.662903,2.3437505,30.347227,30.393108,0.0,105.56952,0.0,0.0,105.8608,101.706635,720.0,545.625,-8.5716725E-5,-31.8125,0.0,-32.5,8.402857,45.999996,25.115967,0.0,147.0,0.0,0.0,-7.5164795,99.998474,92.481995,0.6274414,146.99,147.16,146.86,146.63,0
322682.47,0.34721416,-2.90756,0.09315807,0.09406243,101.706314,19.54886,14.01943,-10.389432,0.0,0.0,64.557,9.079,3.956,19.001,36.438,0.0,87.54935,0.0,0.0,0.0,204.0,4580.0,0.0,-9.265625,0.11315918,106.54902,12597.096,12597.096,1100.0834,510.77194,0.0,7.0366673,0.0,2.3436818,4.0,0.0,24.22797,40.12495,5.9999924,0.0,0.0,-8.171875,0.0,0.0,0.0,0.0,0.0,0.0,1.9921875,1.640625,2.265625,2.0117188,0.8923476,0.70099944,1.025864,0.87907225,0.97398335,0.83985656,1.0785077,1.0579842,0.9472801,0.60700387,1.2287327,0.89250016,0.940795,0.7487602,1.220264,0.9913024,1.9999695,1.0,46.65222,2.3437505,30.093092,30.269403,0.0,105.612564,0.0,0.0,106.09299,101.706635,720.0,545.25,-6.857338E-5,-31.6875,0.0,-32.375,8.402857,45.999996,25.250244,0.0,146.67,0.0,0.0,-8.1604,99.998474,91.83807,0.67871094,146.39,146.63,146.52,146.21,0
322682.5,0.31777132,-3.0192742,0.09320423,0.09393526,101.706345,19.54886,14.026491,-10.39985,0.0,0.0,64.557,9.12,3.956,19.001,36.438,0.0,87.48309,0.0,0.0,0.0,204.0,4565.0,0.0,-9.8359375,0.11444092,106.50756,12631.589,12631.589,1100.0834,510.77194,0.0,7.0154724,0.0,2.3436956,4.0,0.0,24.286375,40.12495,5.9999924,0.0,0.0,-7.7578125,0.0,0.0,0.0,0.0,0.0,0.0,1.9921875,1.6210938,2.2851562,2.0117188,0.8937209,0.6943618,1.0376135,0.8797589,0.9711605,0.8329137,1.0862898,1.0525674,1.0117495,0.57015336,1.1052872,1.0932326,1.0048066,0.7033646,1.0976578,1.2143892,1.9999695,1.0,46.65222,2.3437505,30.021307,30.163841,0.0,105.651306,0.0,0.0,106.09299,101.706635,720.0,546.0,-5.485871E-5,-31.625,0.0,-32.28125,8.402857,45.999996,25.280762,0.0,146.33,0.0,0.0,-8.24585,99.998474,91.752625,0.56884766,145.87,146.04,146.04,145.81,0
322682.53,0.29421705,-3.1014597,0.09299017,0.09389288,101.706375,19.54886,14.019715,-10.404513,0.0,0.0,64.557,9.159,3.956,19.001,36.438,0.0,87.430084,0.0,0.0,0.0,204.0,4556.0,0.0,-9.5546875,0.11505127,106.50756,12631.589,12631.589,1100.0834,510.24127,0.0,7.354589,0.0,2.3437066,4.0,0.0,24.33894,40.12495,5.9999924,0.0,0.0,-7.6796875,0.0,0.0,0.0,0.0,0.0,0.0,2.0117188,1.6015625,2.2851562,2.0117188,0.9021134,0.6822309,1.0357825,0.8754864,0.9699397,0.8202487,1.0816357,1.0440223,0.97726405,0.6319524,1.3172351,0.7956817,0.9161517,0.77950716,1.2349126,0.88380253,1.9999695,1.0,46.65222,2.3437505,29.989199,30.171131,0.0,105.68617,0.0,0.0,106.09299,101.706635,720.0,545.625,-4.388697E-5,-31.53125,0.0,-32.28125,8.402857,45.999996,25.012207,0.0,146.17,0.0,0.0,-8.43811,99.998474,91.56036,0.6933594,145.7,145.7,145.24,145.53,0
322682.6,0.25537366,-3.1530838,0.09230198,0.09389288,101.706406,19.54886,14.032551,-10.423527,0.0,0.0,64.557,9.2,3.956,19.001,36.438,0.0,87.38768,0.0,0.0,0.0,204.375,4556.0,0.0,-9.5859375,0.11639404,106.53243,12653.878,12653.878,1100.0834,510.24127,0.0,6.951888,0.0,2.3437154,4.0,0.0,24.386248,40.12495,5.9999924,0.0,0.0,-7.71875,0.0,0.0,0.0,0.0,0.0,0.0,2.0117188,1.6210938,2.3242188,2.03125,0.9111162,0.6869612,1.0509652,0.8876173,0.9736019,0.8281834,1.0873579,1.0527962,0.84435797,0.79194325,1.1187915,1.0480659,0.7915618,0.9769589,1.0489051,1.1641871,1.9999695,1.0,46.64154,2.3437505,29.858171,30.171131,0.0,105.71756,0.0,0.0,105.97689,101.706635,720.0,545.625,-3.5109577E-5,-31.34375,0.0,-32.09375,7.936031,45.999996,24.938965,0.0,145.51,0.0,0.0,-8.215332,99.998474,91.78314,0.60058594,145.07,145.13,144.9,145.18,0
322682.62,0.22429892,-3.1924837,0.092578605,0.09372331,101.70642,19.54886,14.023957,-10.429886,0.0,0.0,64.557,9.239,3.956,19.001,36.438,0.0,87.35376,0.0,0.0,0.0,204.0,4522.0,0.0,-9.3125,0.1159668,106.43293,12665.553,12665.553,1100.0834,509.97595,0.0,7.2910047,0.0,2.3437223,4.0,0.0,24.428825,40.12495,5.9999924,0.0,0.0,-8.3828125,0.0,0.0,0.0,0.0,0.0,0.0,2.03125,1.6015625,2.3242188,2.0117188,0.917525,0.6813153,1.0543221,0.87930113,0.96940565,0.8235294,1.0859083,1.0402075,1.134432,0.719234,1.0459297,0.7245746,1.0635538,0.8871595,0.98054475,0.8048371,1.9999695,1.0,46.224976,2.3437505,29.814354,30.028069,0.0,105.745804,0.0,0.0,105.89397,101.706635,720.0,545.25,-2.8087661E-5,-31.3125,0.0,-32.09375,7.936031,45.999996,24.493408,0.0,144.85,0.0,0.0,-8.172607,99.998474,91.82587,0.69091797,144.67,144.96,144.67,144.73,0
322682.66,0.21943915,-3.2082436,0.09276832,0.09363854,101.706436,19.54886,14.02966,-10.435188,0.0,0.0,64.557,9.28,3.956,19.001,36.438,0.0,87.326614,0.0,0.0,0.0,204.0,4501.0,0.0,-9.2421875,0.117248535,106.43293,12675.1045,12675.1045,1100.0834,509.97595,0.0,7.121446,0.0,2.343728,4.0,0.0,24.467146,40.12495,5.9999924,0.0,0.0,-8.5078125,0.0,0.0,0.0,0.0,0.0,0.0,2.0507812,1.6015625,2.34375,2.03125,0.92248416,0.68276495,1.0591288,0.88677806,0.96932936,0.82650495,1.081712,1.0437934,0.74761575,0.71541923,1.1759366,0.9533074,0.70084685,0.88250554,1.1024643,1.0588999,1.9999695,1.0,46.214294,2.3437505,29.777815,29.935682,0.0,105.771225,0.0,0.0,105.8608,101.706635,720.0,545.25,-2.2470129E-5,-31.25,0.0,-32.09375,7.936031,45.999996,24.346924,0.0,144.41,0.0,0.0,-7.897949,99.998474,92.100525,0.60302734,144.22,144.33,144.22,144.05,0
322682.7,0.23555133,-3.2332973,0.091849975,0.09363854,101.70645,19.54886,14.033652,-10.467679,0.0,0.0,64.557,9.32,3.956,19.001,36.438,0.0,87.3049,0.0,0.0,0.0,204.0,4508.0,0.0,-9.1796875,0.11755371,106.399765,12699.516,12699.516,1100.0834,509.97595,0.0,7.2910047,0.0,2.3437326,4.0,0.0,24.501635,40.12495,5.9999924,0.0,0.0,-7.5859375,0.0,0.0,0.0,0.0,0.0,0.0,2.03125,1.5820312,2.34375,2.0117188,0.91683835,0.66735333,1.0640879,0.88105595,0.9542229,0.8091096,1.082704,1.0344853,0.9885557,0.5387198,1.4277104,0.7747005,0.9267567,0.6646067,1.3384451,0.8605325,1.9999695,1.0,46.214294,2.3437505,29.55388,29.896168,0.0,105.7941,0.0,0.0,105.95202,101.706635,720.0,545.25,-1.7976103E-5,-30.9375,0.0,-31.6875,7.936031,45.999996,24.560547,0.0,144.15,0.0,0.0,-8.255005,99.998474,91.74347,0.6616211,143.6,143.88,143.6,143.44,0
322682.75,0.22844106,-3.2620692,0.09197155,0.09346898,101.70647,19.54886,14.024729,-10.467882,0.0,0.0,64.557,9.359,3.956,19.001,36.438,0.0,87.28754,0.0,0.0,0.0,204.0,4471.0,0.0,-9.1484375,0.11785889,106.399765,12699.516,12699.516,1100.0834,509.7106,0.0,7.0366673,0.0,2.3437362,4.0,0.0,24.532673,40.12495,5.9999924,0.0,0.0,-7.5,0.0,0.0,0.0,0.0,0.0,0.0,2.0117188,1.5625,2.3632812,2.03125,0.91157395,0.6635386,1.0728618,0.8830396,0.9444572,0.8051423,1.0849928,1.0316625,0.7022965,0.59220266,0.94499123,0.94163424,0.6583505,0.7305257,0.8859388,1.0459297,1.9999695,1.0,46.214294,2.3437505,29.5525,29.851103,0.0,105.81468,0.0,0.0,105.985176,101.706635,720.0,545.25,-1.4380882E-5,-31.0,0.0,-31.78125,7.936031,45.999996,24.719238,0.0,143.67,0.0,0.0,-8.206177,99.998474,91.7923,0.5957031,143.66,143.54,142.98,143.1,0
322682.78,0.24275285,-3.3110778,0.09199165,0.09346898,101.70648,19.54886,14.030201,-10.464976,0.0,0.0,64.557,9.4,3.956,19.001,36.438,0.0,87.273636,0.0,0.0,0.0,204.0,4479.0,0.0,-9.46875,0.11853027,106.39147,12728.702,12728.702,1100.0834,509.7106,0.0,7.2910047,0.0,2.343739,4.0,0.0,24.560608,40.12495,5.9999924,0.0,0.0,-7.4609375,0.0,0.0,0.0,0.0,0.0,0.0,1.9726562,1.5429688,2.3828125,1.9921875,0.88815135,0.65491724,1.0817883,0.87228197,0.91363394,0.795758,1.0907912,1.0171664,0.6485084,0.5288014,1.1304647,0.67154956,0.60799575,0.6522469,1.0269321,0.7459373,1.9999695,1.0,46.199036,2.3437505,29.572542,29.857744,0.0,105.833206,0.0,0.0,105.95202,101.706635,720.0,545.25,-1.1504706E-5,-30.75,0.0,-31.59375,7.936031,45.999996,24.499512,0.0,143.53,0.0,0.0,-8.166504,99.998474,91.83197,0.6616211,143.21,143.54,142.38,142.88,0
322682.8,0.25420228,-3.3494313,0.09367958,0.09346898,101.7065,19.54886,14.022312,-10.416947,0.0,0.0,64.557,9.439,3.956,19.001,36.438,0.0,87.26251,0.0,0.0,0.0,204.0,4458.0,0.0,-10.21875,0.119506836,106.41635,12734.009,12734.009,1100.0834,509.7106,0.0,7.0790567,0.0,2.3437412,4.0,0.0,24.585749,40.12495,5.9999924,0.0,0.0,-7.5234375,0.0,0.0,0.0,0.0,0.0,0.0,1.9726562,1.5429688,2.3632812,2.03125,0.8852522,0.6544595,1.0760663,0.88334477,0.90684366,0.7937743,1.075227,1.0268558,0.8460365,0.64614326,0.9308766,0.9889372,0.79316396,0.7571527,0.8455787,1.098497,1.9999695,1.0,45.783997,2.3437505,29.90361,29.869442,0.0,105.849884,0.0,0.0,105.92713,101.706635,720.0,546.375,-9.203765E-6,-30.8125,0.0,-31.59375,7.936031,45.999996,24.707031,0.0,143.25,0.0,0.0,-8.2092285,99.998474,91.789246,0.5834961,142.76,142.82,142.43,142.6,0
322682.84,0.24336183,-3.4022727,0.09372014,0.09346898,101.70651,19.54886,14.028509,-10.418179,0.0,0.0,64.557,9.479,3.956,19.001,36.438,0.0,87.25362,0.0,0.0,0.0,204.0,4453.0,0.0,-10.3359375,0.11981201,106.41635,12738.254,12738.254,1100.0834,509.7106,0.0,7.4181733,0.0,2.343743,4.0,0.0,24.608376,40.12495,5.9999924,0.0,0.0,-7.6953125,0.0,0.0,0.0,0.0,0.0,0.0,1.9726562,1.5625,2.3632812,2.0117188,0.88334477,0.66048676,1.0785077,0.8807507,0.8973831,0.7994202,1.0728618,1.0216678,0.8847944,0.71046007,0.8609903,0.8325322,0.8294804,0.8326085,0.78210115,0.92477304,1.9999695,1.0,45.783997,2.3437505,29.89514,29.855135,0.0,105.8649,0.0,0.0,105.8608,101.706635,720.0,546.375,-7.363012E-6,-30.78125,0.0,-31.59375,7.936031,45.999996,24.54834,0.0,142.7,0.0,0.0,-8.071899,99.998474,91.926575,0.6689453,142.38,142.6,142.1,141.94,0
322682.9,0.27468947,-3.423409,0.09269684,0.09338419,101.70653,19.54886,14.032846,-10.438355,0.0,0.0,64.557,9.52,3.956,19.001,36.438,0.0,87.246506,0.0,0.0,0.0,204.0,4444.0,0.0,-10.375,0.12017822,106.41635,12767.972,12767.972,1100.0834,509.7106,0.0,7.142641,0.0,2.3437445,4.0,0.0,24.62874,40.12495,5.9999924,0.0,0.0,-8.3828125,0.0,0.0,0.0,0.0,0.0,0.0,1.953125,1.5625,2.34375,1.9726562,0.87121385,0.66056305,1.0663004,0.87121385,0.88250554,0.7982757,1.0525674,1.0069429,0.76333255,0.66262305,1.0453193,0.88570994,0.7156481,0.77645534,0.9496452,0.98382545,1.9999695,1.0,45.783997,2.3437505,29.756083,29.898674,0.0,105.8784,0.0,0.0,105.76131,101.706635,720.0,546.375,-5.8904097E-6,-30.6875,0.0,-31.5,7.936031,45.999996,24.07837,0.0,142.34,0.0,0.0,-7.8460693,99.998474,92.152405,0.5810547,141.94,142.22,141.89,141.67,0
322682.94,0.29975158,-3.450614,0.0923749,0.09338419,101.70737,19.54886,14.018305,-10.460385,0.0,0.0,64.557,9.559,3.956,19.001,36.438,0.0,87.240814,0.0,0.0,0.0,204.0,4432.0,0.0,-10.2109375,0.1204834,106.41635,12767.972,12767.972,1100.0834,509.44525,0.0,7.2698097,0.0,2.3437457,4.0,0.0,24.647068,40.12495,5.9999924,0.0,0.0,-8.0,0.0,0.0,0.0,0.0,0.0,0.0,1.9335938,1.5625,2.3242188,1.9726562,0.8686198,0.6599527,1.0557717,0.8683909,0.87266344,0.79530025,1.0387579,1.001831,0.93247885,0.6692607,0.8786145,0.81559473,0.8471046,0.78423744,0.7981231,0.90592813,1.9999695,1.0,45.783997,2.3437505,29.60507,29.802544,0.0,105.890564,0.0,0.0,105.8608,101.71493,720.0,546.375,-4.712328E-6,-30.59375,0.0,-31.375,7.936031,45.999996,24.316406,0.0,141.76,0.0,0.0,-8.105469,99.998474,91.893005,0.63964844,141.56,141.67,141.18,141.4,0
322682.97,0.27980128,-3.4614959,0.0922196,0.09338419,101.70812,19.54886,14.025703,-10.472998,0.0,0.0,64.557,9.599,3.956,19.001,36.438,0.0,87.23627,0.0,0.0,0.0,204.0,4414.0,0.0,-10.078125,0.120788574,106.40806,12802.466,12802.466,1100.0834,509.44525,0.0,6.78233,0.0,2.3437467,4.0,0.0,24.663563,40.12495,5.9999924,0.0,0.0,-7.34375,0.0,0.0,0.0,0.0,0.0,0.0,1.9335938,1.5820312,2.3046875,1.9726562,0.86526287,0.6675059,1.0389105,0.8695354,0.86533916,0.8046082,1.0155642,1.0000763,0.86778057,0.8352026,0.8918135,0.94453347,0.7883574,0.97879,0.81017774,1.0492103,1.9999695,1.0,45.77484,2.3437505,29.51889,29.732368,0.0,105.901505,0.0,0.0,105.76131,101.71493,720.0,546.0,-3.7698626E-6,-30.5,0.0,-31.28125,7.936031,45.999996,24.163818,0.0,141.42,0.0,0.0,-8.03833,99.998474,91.960144,0.61279297,141.02,141.12,140.48,140.96,0
322683.0,0.283841,-3.4658484,0.0915913,0.09321464,101.7088,19.54886,14.019164,-10.484718,0.0,0.0,64.557,9.639,3.956,19.001,36.438,0.0,87.23262,0.0,0.0,0.0,204.0,4395.0,0.0,-9.5546875,0.121154785,106.40806,12802.466,12802.466,1100.0834,509.17993,0.0,6.8247194,0.0,2.3437474,4.0,0.0,24.753597,40.12495,5.9999924,0.0,0.0,-7.6953125,0.0,0.0,0.0,0.0,0.0,0.0,1.9140625,1.5625,2.265625,1.9726562,0.8551919,0.66163117,1.0275426,0.8751049,0.8484016,0.79659724,1.0016022,1.0056459,0.6654459,0.6193637,0.7209888,0.99954224,0.60448617,0.6880293,0.63286793,1.1102464,1.9999695,1.0,45.358276,2.3437505,29.438784,29.764915,0.0,105.91135,0.0,0.0,105.76131,101.71493,720.0,545.625,-3.0158901E-6,-30.40625,0.0,-31.1875,7.936031,45.999996,23.944092,0.0,140.74,0.0,0.0,-8.032227,99.998474,91.96625,0.6689453,140.06,140.32,140.42,140.59,0
322683.06,0.2870728,-3.4300895,0.09209961,0.09312987,101.70859,19.54886,14.026305,-10.483444,0.0,0.0,64.557,9.678,3.956,19.001,36.438,0.0,87.229706,0.0,0.0,0.0,204.0,4372.0,0.0,-9.609375,0.12145996,106.39147,12807.772,12807.772,1100.0834,509.17993,0.0,6.951888,0.0,2.343748,4.0,0.0,24.834627,40.12495,5.9999924,0.0,0.0,-7.6875,0.0,0.0,0.0,0.0,0.0,0.0,1.9335938,1.5625,2.2265625,1.953125,0.8517586,0.6580453,1.0043489,0.86655986,0.8416876,0.78652626,0.97138935,0.9944305,0.77981234,0.6308843,0.8615244,0.99298084,0.7084001,0.70077056,0.75623715,1.1029984,1.9999695,1.0,45.347595,2.3437505,29.447348,29.652254,0.0,105.92021,0.0,0.0,105.811066,101.706635,720.0,545.625,-2.412712E-6,-30.25,0.0,-31.09375,7.936031,45.999996,24.188232,0.0,140.01,0.0,0.0,-8.126831,99.998474,91.87164,0.63720703,139.79,139.85,140.16,139.79,0
322683.1,0.26965824,-3.397036,0.091781,0.0929603,101.70839,19.54886,14.031304,-10.49823,0.0,0.0,64.557,9.72,3.956,19.001,36.438,0.0,87.22737,0.0,0.0,0.0,204.0,4350.0,0.0,-10.5546875,0.12176514,106.39147,12836.429,12836.429,1100.0834,509.17993,0.0,6.973083,0.0,2.3437486,4.0,0.0,24.907555,40.12495,5.9999924,0.0,0.0,-7.5625,0.0,0.0,0.0,0.0,0.0,0.0,1.9335938,1.5625,2.2070312,1.9726562,0.8484779,0.6577401,0.9956512,0.8760967,0.83199817,0.7833982,0.95918214,1.0037384,0.8561837,0.7488365,0.83237964,0.9677272,0.77775234,0.8317693,0.73067826,1.0749218,1.9999695,1.0,45.347595,2.3437505,29.345232,29.580723,0.0,105.92819,0.0,0.0,105.76131,101.706635,720.0,546.75,-1.9301697E-6,-30.15625,0.0,-31.0,7.936031,45.999996,23.883057,0.0,139.33,0.0,0.0,-8.0078125,99.998474,91.99066,0.6152344,138.89,139.01,139.52,139.1,0
322683.12,0.2757266,-3.3650646,0.090635866,0.0929603,101.708206,19.54886,14.023085,-10.534726,0.0,0.0,64.557,9.758,3.956,19.001,36.438,0.0,87.22551,0.0,0.0,0.0,204.0,4332.0,0.0,-10.671875,0.12176514,106.39147,12840.674,12840.674,1100.0834,508.64926,0.0,6.973083,0.0,2.343749,4.0,0.0,24.973188,40.12495,5.9999924,0.0,0.0,-7.2421875,0.0,0.0,0.0,0.0,0.0,0.0,1.9140625,1.5820312,2.1875,1.953125,0.84222174,0.66735333,0.98161286,0.86030364,0.82322425,0.78850996,0.93713284,0.9845884,0.72495615,0.7947661,0.9308003,0.6664378,0.6585794,0.83901733,0.7904173,0.7402915,1.9999695,1.0,45.347595,2.3437505,29.093483,29.546482,0.0,105.93538,0.0,0.0,105.811066,101.706635,720.0,546.75,-1.5441358E-6,-30.03125,0.0,-30.78125,7.936031,45.999996,23.779297,0.0,138.83,0.0,0.0,-8.230591,99.998474,91.76788,0.5957031,138.64,138.68,138.47,138.43,0
322683.16,0.24058127,-3.3522758,0.090057686,0.092875525,101.70805,19.54886,14.02905,-10.550767,0.0,0.0,64.557,9.799,3.956,19.001,36.438,0.0,87.224014,0.0,0.0,0.0,204.0,4319.0,0.0,-10.40625,0.12207031,106.38319,12865.085,12865.085,1100.0834,508.64926,0.0,6.78233,0.0,2.3437493,4.0,0.0,25.032259,40.12495,5.9999924,0.0,0.0,-7.0234375,0.0,0.0,0.0,0.0,0.0,0.0,1.8945312,1.5625,2.1484375,1.9335938,0.8294041,0.6628519,0.96711683,0.8486305,0.8058289,0.77950716,0.91958493,0.968719,0.72526133,0.65293354,0.6958877,0.8137636,0.6588846,0.6893263,0.5909056,0.90394443,1.9999695,1.0,45.33081,2.3437505,28.982765,29.510847,0.0,105.94183,0.0,0.0,105.76131,101.706635,720.0,546.375,-1.2353087E-6,-29.90625,0.0,-30.6875,7.936031,45.999996,23.74878,0.0,138.44,0.0,0.0,-8.139038,99.998474,91.859436,0.69091797,138.22,138.17,137.86,137.96,0
322683.22,0.23246503,-3.3659105,0.08964264,0.092875525,101.70792,19.54886,14.021506,-10.557568,0.0,0.0,64.557,9.839,3.956,19.001,36.438,0.0,87.222824,0.0,0.0,0.0,204.0,4306.0,0.0,-9.8671875,0.12237549,106.38319,12870.392,12870.392,1100.0834,508.3839,0.0,6.8247194,0.0,2.3437495,4.0,0.0,25.085423,40.12495,5.9999924,0.0,0.0,-7.1171875,0.0,0.0,0.0,0.0,0.0,0.0,1.875,1.5625,2.1289062,1.9140625,0.8202487,0.6641489,0.9510948,0.84153503,0.7938506,0.77332723,0.90096897,0.9594873,0.6489662,0.7047379,0.8507668,0.8940261,0.5696956,0.7440299,0.7224384,0.9931334,1.9999695,1.0,44.914246,2.3437505,28.935755,29.557793,0.0,105.94765,0.0,0.0,105.76131,101.706635,720.0,546.0,-9.882469E-7,-29.875,0.0,-30.6875,7.936031,45.999996,23.773193,0.0,138.13,0.0,0.0,-8.178711,99.998474,91.81976,0.64208984,137.55,137.7,137.65,137.75,0
322683.25,0.24597202,-3.3713644,0.09009772,0.092875525,101.707794,19.54886,14.027945,-10.547261,0.0,0.0,64.557,9.879,3.956,19.001,36.438,0.0,87.22186,0.0,0.0,0.0,204.0,4291.0,0.0,-10.1328125,0.123413086,106.399765,12890.026,12890.026,1100.0834,508.3839,0.0,6.6551614,0.0,2.3437498,4.0,0.0,25.13327,40.12495,5.9999924,0.0,0.0,-7.3125,0.0,0.0,0.0,0.0,0.0,0.0,1.8554688,1.5820312,2.0898438,1.9140625,0.8081941,0.6659037,0.93514913,0.83787286,0.77950716,0.77187765,0.878233,0.9533074,0.6289006,0.7050431,0.73304343,0.72640574,0.5520714,0.7443351,0.6224918,0.8068208,1.9999695,1.0,44.906616,2.3437505,29.006666,29.538656,0.0,105.95288,0.0,0.0,105.76131,101.706635,720.0,546.375,-7.9059754E-7,-29.78125,0.0,-30.59375,7.936031,45.999996,23.730469,0.0,137.41,0.0,0.0,-8.224487,99.998474,91.77399,0.5957031,137.14,137.45,137.34,137.03,0
322683.28,0.2567776,-3.373546,0.091348074,0.092790745,101.70767,19.54886,14.032452,-10.519574,0.0,0.0,64.557,9.92,3.956,19.001,36.438,0.0,87.2211,0.0,0.0,0.0,204.0,4275.0,0.0,-10.203125,0.123046875,106.37489,12904.886,12904.886,1100.0834,508.3839,0.0,6.930693,0.0,2.3437498,4.0,0.0,25.176332,40.12495,5.9999924,0.0,0.0,-7.5859375,0.0,0.0,0.0,0.0,0.0,0.0,1.8164062,1.5625,2.0703125,1.8945312,0.78675514,0.66498816,0.922179,0.8313878,0.7537194,0.76424813,0.862974,0.94499123,0.5554284,0.6396582,0.77454793,0.7102312,0.48752576,0.675288,0.6577401,0.78889143,1.9999695,1.0,44.906616,2.3437505,29.197397,29.464003,0.0,105.957596,0.0,0.0,105.57888,101.706635,720.0,546.375,-6.32478E-7,-29.6875,0.0,-30.59375,7.936031,45.999996,23.657227,0.0,136.94,0.0,0.0,-8.032227,99.998474,91.96625,0.6591797,136.64,136.82,136.91,136.59,0
322683.3,0.2854221,-3.3744185,0.091931574,0.092790745,101.707565,19.54886,14.023888,-10.503348,0.0,0.0,64.557,9.96,3.956,19.001,36.438,0.0,87.22049,0.0,0.0,0.0,204.0,4261.0,0.0,-10.4453125,0.12402344,106.399765,12904.886,12904.886,1100.0834,508.1186,0.0,6.8247194,0.0,2.34375,4.0,0.0,25.21509,40.12495,5.9999924,0.0,0.0,-7.8515625,0.0,0.0,0.0,0.0,0.0,0.0,1.796875,1.5625,2.03125,1.8554688,0.7849241,0.66506445,0.8995956,0.8149844,0.7489128,0.7611963,0.8358892,0.92469674,0.81559473,0.6668193,0.6176089,0.6173037,0.7159533,0.70397496,0.52445257,0.6856642,1.9999695,1.0,44.906616,2.3437505,29.30913,29.452549,0.0,105.96184,0.0,0.0,105.71985,101.706635,720.0,546.375,-5.059824E-7,-29.59375,0.0,-30.5,7.936031,45.999996,23.883057,0.0,136.77,0.0,0.0,-8.09021,99.998474,91.908264,0.60546875,136.49,136.34,136.02,136.24,0
322683.4,0.26833767,-3.4122674,0.09235381,0.0925788,101.70747,19.54886,14.035471,-10.49396,0.0,0.0,64.557,9.999,3.956,19.001,36.438,0.0,87.22,0.0,0.0,0.0,204.375,4251.0,0.0,-10.4375,0.12335205,106.3666,12933.542,12933.542,1100.0834,508.1186,0.0,6.930693,0.0,2.34375,4.0,0.0,25.249971,40.12495,6.374992,0.0,0.0,-7.8984375,0.0,0.0,0.0,0.0,0.0,0.0,1.8164062,1.5625,2.0117188,1.8359375,0.78644997,0.66239417,0.8908217,0.8140688,0.744564,0.75539786,0.8248264,0.92271304,0.79186696,0.6648356,0.7359426,0.79751277,0.69512475,0.70183873,0.6031128,0.8858625,1.9999695,1.0,44.89746,2.3437505,29.373749,29.424147,0.0,105.96565,0.0,0.0,105.76131,101.706635,720.0,546.375,-4.0478594E-7,-29.53125,0.0,-30.375,7.936031,45.999996,23.815918,0.0,136.27,0.0,0.0,-8.026123,99.998474,91.97235,0.6542969,136.07,135.87,135.67,135.87,0
322683.44,0.25467014,-3.4461572,0.091465995,0.0925788,101.70738,19.54886,14.026001,-10.523321,0.0,0.0,64.557,10.038,3.956,19.001,36.438,0.0,87.219604,0.0,0.0,0.0,204.375,4237.0,0.0,-10.3046875,0.12365723,106.3666,12938.849,12938.849,1100.0834,507.85324,0.0,6.9094987,0.0,2.3437502,4.0,0.0,25.281364,40.12495,6.374992,0.0,0.0,-7.7734375,0.0,0.0,0.0,0.0,0.0,0.0,1.796875,1.5820312,1.9726562,1.8164062,0.7828641,0.6665141,0.86793315,0.80575264,0.73868924,0.752575,0.79659724,0.9125658,0.7158007,0.75570303,0.5864042,0.73281455,0.62836653,0.750515,0.4805829,0.8139925,1.9999695,1.0,44.48242,2.3437505,29.171272,29.376534,0.0,105.969086,0.0,0.0,105.76131,101.706635,720.0,546.375,-3.2382874E-7,-29.4375,0.0,-30.28125,7.469206,45.999996,23.74878,0.0,135.81,0.0,0.0,-8.248901,99.998474,91.74957,0.61035156,135.43,135.79,135.58,135.27,0
322683.47,0.2837361,-3.459713,0.09014427,0.0925788,101.707306,19.54886,14.031091,-10.567095,0.0,0.0,64.557,10.079,3.956,19.001,36.438,0.0,87.2193,0.0,0.0,0.0,204.375,4223.0,0.0,-10.2578125,0.12402344,106.3666,12968.035,12968.035,1100.0834,507.85324,0.0,6.697551,0.0,2.3437502,4.0,0.0,25.309618,40.12495,6.374992,0.0,0.0,-6.9765625,0.0,0.0,0.0,0.0,0.0,0.0,1.796875,1.5820312,1.9335938,1.8164062,0.77912563,0.6654459,0.85442895,0.8004883,0.73090714,0.7469291,0.7811856,0.9050126,0.63820857,0.63256276,0.6018158,0.7725643,0.56023496,0.62821394,0.4931716,0.8581674,1.9999695,1.0,44.47174,2.3437505,28.869469,29.348845,0.0,105.97218,0.0,0.0,105.62035,101.706635,720.0,546.375,-2.59063E-7,-29.34375,0.0,-30.28125,7.469206,45.999996,23.236084,0.0,135.43,0.0,0.0,-7.8063965,99.998474,92.19208,0.6982422,135.03,135.33,135.11,134.78,0
322683.5,0.3069889,-3.4651356,0.09030914,0.09249402,101.707245,19.54886,14.034654,-10.567216,0.0,0.0,64.557,10.12,3.956,19.001,36.438,0.0,87.219055,0.0,0.0,0.0,204.375,4210.0,0.0,-10.421875,0.12402344,106.3666,12968.035,12968.035,1100.0834,507.85324,0.0,6.8247194,0.0,2.3437502,4.0,0.0,25.335047,40.12495,6.374992,0.0,0.0,-6.828125,0.0,0.0,0.0,0.0,0.0,0.0,1.7773438,1.5625,1.9140625,1.796875,0.77538717,0.66048676,0.8409247,0.79438466,0.72526133,0.7334249,0.7660029,0.8973831,0.7055772,0.5984588,0.59945065,0.6798657,0.6193637,0.5943389,0.4911879,0.75524527,1.9999695,1.0,44.47174,2.3437505,28.868572,29.29749,0.0,105.97496,0.0,0.0,105.44622,101.706635,720.0,546.375,-2.0725041E-7,-29.28125,0.0,-30.1875,7.469206,45.999996,23.19336,0.0,134.95,0.0,0.0,-7.2113037,99.998474,92.78717,0.67626953,134.53,134.57,134.4,134.4,0
322683.56,0.32559112,-3.4673045,0.091013834,0.09249402,101.707184,19.54886,14.02543,-10.557052,0.0,0.0,64.557,10.158,3.956,19.001,36.438,0.0,87.21886,0.0,0.0,0.0,204.375,4192.0,0.0,-10.625,0.12432861,106.3666,12973.342,12973.342,1100.0834,507.58792,0.0,6.8035245,0.0,2.3437502,4.0,0.0,25.357933,40.12495,6.374992,0.0,0.0,-6.8984375,0.0,0.0,0.0,0.0,0.0,0.0,1.7773438,1.5625,1.875,1.796875,0.7724117,0.65743494,0.8221561,0.7906462,0.7203784,0.72648203,0.74303806,0.8917372,0.64705884,0.60013735,0.7005417,0.78744185,0.56801707,0.5960174,0.5740444,0.87464714,1.9999695,1.0,44.47174,2.3437505,28.938576,29.225595,0.0,105.97746,0.0,0.0,105.44622,101.706635,720.0,546.75,-1.6580033E-7,-29.1875,0.0,-30.09375,7.469206,45.999996,23.12622,0.0,134.43,0.0,0.0,-7.2387695,99.998474,92.759705,0.56640625,134.01,134.0,133.75,134.17,0
322683.6,0.3604729,-3.468172,0.09158209,0.092324466,101.70712,19.54886,14.030691,-10.541256,0.0,0.0,64.557,10.201,3.956,19.001,36.438,0.0,87.21869,0.0,0.0,0.0,204.375,4177.0,0.0,-10.7421875,0.12463379,106.35831,13007.305,13007.305,1100.0834,507.58792,0.0,6.78233,0.0,2.3437502,4.0,0.0,25.37853,40.12495,6.374992,0.0,0.0,-7.28125,0.0,0.0,0.0,0.0,0.0,0.0,1.7578125,1.5429688,1.875,1.7773438,0.7627985,0.6523995,0.8191806,0.78675514,0.7067216,0.7177844,0.7370871,0.88677806,0.70183873,0.6341649,0.67734796,0.7146563,0.5959411,0.5945678,0.5363546,0.7938506,1.9999695,1.0,44.462585,2.3437505,29.047394,29.19643,0.0,105.97972,0.0,0.0,105.479385,101.706635,720.0,546.75,-1.3264027E-7,-29.0625,0.0,-30.0,7.936031,45.999996,23.29712,0.0,133.72,0.0,0.0,-7.104492,99.998474,92.89398,0.6542969,133.58,133.52,133.46,133.46,0
322683.62,0.36837834,-3.449769,0.0912402,0.09223969,101.70708,19.54886,14.028515,-10.550747,0.0,0.0,64.557,10.239,3.956,19.001,36.438,0.0,87.21857,0.0,0.0,0.0,204.375,4158.0,0.0,-10.9140625,0.12463379,106.35831,13007.305,13007.305,1100.0834,507.05725,0.0,6.9094987,0.0,2.3437505,4.0,0.0,25.472256,40.12495,6.374992,0.0,0.0,-7.859375,0.0,0.0,0.0,0.0,0.0,0.0,1.7382812,1.5429688,1.8359375,1.7773438,0.7557793,0.64637214,0.80544746,0.78644997,0.6977951,0.70160985,0.71740294,0.8858625,0.62470436,0.5508507,0.6832227,0.7421988,0.5304799,0.5163653,0.5410086,0.82444495,1.9999695,1.0,44.04602,2.3437505,28.981926,29.17516,0.0,105.98175,0.0,0.0,105.44622,101.706635,720.0,546.75,-1.0611222E-7,-28.96875,0.0,-29.875,7.469206,45.999996,23.150635,0.0,133.17,0.0,0.0,-7.107544,99.998474,92.89093,0.60791016,132.71,133.13,133.03,132.92,0
322683.66,0.35470268,-3.4424076,0.090486236,0.09223969,101.70703,19.54886,14.032851,-10.568392,0.0,0.0,64.557,10.28,3.956,19.001,36.438,0.0,87.21846,0.0,0.0,0.0,204.375,4145.0,0.0,-10.9609375,0.124938965,106.35001,13007.305,13007.305,1100.0834,507.05725,0.0,6.6551614,0.0,2.3437505,4.0,0.0,25.55661,40.12495,6.374992,0.0,0.0,-7.9609375,0.0,0.0,0.0,0.0,0.0,0.0,1.7382812,1.5234375,1.8164062,1.7773438,0.75295645,0.64499885,0.7947661,0.77943087,0.6925307,0.6954299,0.7048905,0.87685966,0.7740902,0.5037766,0.5954833,0.6902419,0.65735865,0.47226673,0.47150376,0.76676583,1.9999695,1.0,44.036865,2.3437505,28.860262,29.192295,0.0,105.98358,0.0,0.0,105.44622,101.706635,720.0,547.125,-8.488978E-8,-28.90625,0.0,-29.78125,7.469206,45.999996,23.016357,0.0,132.82,0.0,0.0,-7.095337,99.998474,92.90314,0.6689453,132.44,132.79,132.23,132.48,0
322683.72,0.38376215,-3.4582133,0.08985438,0.09223969,101.706985,19.54886,14.035887,-10.578892,0.0,0.0,64.557,10.32,3.956,19.001,36.438,0.0,87.21838,0.0,0.0,0.0,204.375,4131.0,0.0,-10.6015625,0.124938965,106.35001,13041.269,13041.269,1100.0834,507.05725,0.0,6.5279922,0.0,2.3437505,4.0,0.0,25.632526,40.12495,6.374992,0.0,0.0,-7.9453125,0.0,0.0,0.0,0.0,0.0,0.0,1.71875,1.5234375,1.8164062,1.7578125,0.7457847,0.63591975,0.7915618,0.7701228,0.6813916,0.6778821,0.69855803,0.8659495,0.59502554,0.6004425,0.65743494,0.5955596,0.5053025,0.5629816,0.5205615,0.6615549,1.9999695,1.0,44.036865,2.3437505,28.787832,29.248373,0.0,105.98523,0.0,0.0,105.44622,101.706635,720.0,546.75,-6.791182E-8,-28.8125,0.0,-29.6875,7.469206,45.999996,23.016357,0.0,132.5,0.0,0.0,-7.1258545,99.998474,92.87262,0.6738281,132.01,132.07,131.59,132.28,0
322683.75,0.40700972,-3.4832854,0.09004863,0.09202773,101.706955,19.54886,14.026293,-10.575841,0.0,0.0,64.557,10.359,3.956,19.001,36.438,0.0,87.21832,0.0,0.0,0.0,204.375,4120.0,0.0,-10.7421875,0.12530518,106.35001,13041.269,13041.269,1100.0834,506.7919,0.0,6.6127715,0.0,2.3437505,4.0,0.0,25.700851,40.12495,6.374992,0.0,0.0,-7.8515625,0.0,0.0,0.0,0.0,0.0,0.0,1.7382812,1.5234375,1.7773438,1.7382812,0.7413596,0.63836116,0.773785,0.76188296,0.6752117,0.67643243,0.67742425,0.85626,0.67841613,0.6924544,0.5683986,0.59815365,0.57610434,0.6491951,0.45006484,0.6644541,1.9999695,1.0,44.036865,2.3437505,28.808834,29.195484,0.0,105.98671,0.0,0.0,105.44622,101.706635,720.0,546.75,-5.432946E-8,-28.71875,0.0,-29.59375,7.469206,45.999996,23.016357,0.0,132.0,0.0,0.0,-7.1746826,99.998474,92.82379,0.6225586,131.65,131.86,131.42,131.65,0
322683.78,0.42560777,-3.4933143,0.0899189,0.09202773,101.706924,19.54886,14.031296,-10.596853,0.0,0.0,64.557,10.4,3.956,19.001,36.438,0.0,87.21826,0.0,0.0,0.0,204.375,4106.0,0.0,-10.65625,0.12524414,106.34172,13055.597,13055.597,1100.0834,506.7919,0.0,6.6339664,0.0,2.3437505,4.0,0.0,25.762344,40.12495,6.374992,0.0,0.0,-7.203125,0.0,0.0,0.0,0.0,0.0,0.0,1.71875,1.5234375,1.7773438,1.6992188,0.73205155,0.6395056,0.7701991,0.7470817,0.66277564,0.67277026,0.67017627,0.83886474,0.61738,0.7211414,0.70290685,0.6266117,0.5243,0.6551461,0.5348287,0.6960403,1.9999695,1.0,44.026184,2.3437505,28.663969,29.067837,0.0,105.98804,0.0,0.0,105.44622,101.706635,720.0,546.75,-4.346357E-8,-28.65625,0.0,-29.59375,7.469206,45.999996,22.86377,0.0,131.42,0.0,0.0,-7.1014404,99.998474,92.89703,0.64453125,131.12,131.53,131.17,131.12,0
322683.8,0.46048623,-3.497326,0.08957289,0.09198534,101.706894,19.54886,14.023079,-10.620593,0.0,0.0,64.557,10.44,3.956,19.001,36.438,0.0,87.218216,0.0,0.0,0.0,204.375,4091.0,0.0,-10.9765625,0.12561035,106.34172,13075.762,13075.762,1100.0834,506.7919,0.0,6.7187457,0.0,2.3437505,4.0,0.0,25.817688,40.12495,6.374992,0.0,0.0,-6.8046875,0.0,0.0,0.0,0.0,0.0,0.0,1.71875,1.5234375,1.7773438,1.6992188,0.7332723,0.64148927,0.7681392,0.74631876,0.66193634,0.66605633,0.6643015,0.8374914,0.76073855,0.6131075,0.5600061,0.6743725,0.64599067,0.5569543,0.42610818,0.7490654,1.9999695,1.0,43.611145,2.3437505,28.500303,28.965336,0.0,105.98923,0.0,0.0,105.44622,101.706635,720.0,546.75,-3.4770856E-8,-28.5625,0.0,-29.5,7.469206,45.999996,23.00415,0.0,130.98,0.0,0.0,-7.070923,99.998474,92.92755,0.6689453,130.59,130.85,130.49,130.7,0
322683.88,0.46838897,-3.5176806,0.09112418,0.09194294,101.70686,19.54886,14.029046,-10.601045,0.0,0.0,64.557,10.479,3.956,19.001,36.438,0.0,87.218185,0.0,0.0,0.0,204.375,4075.0,0.0,-11.4375,0.12561035,106.333435,13089.56,13089.56,1100.0834,506.7919,0.0,6.78233,0.0,2.3437505,4.0,0.0,25.867496,40.12495,6.374992,0.0,0.0,-6.609375,0.0,0.0,0.0,0.0,0.0,0.0,1.71875,1.5234375,1.7382812,1.6601562,0.7286946,0.64370185,0.751812,0.73868924,0.65606165,0.6642252,0.64393073,0.8281071,0.6987106,0.69321734,0.6442359,0.66399634,0.5933471,0.6297398,0.49027237,0.73754483,1.9999695,1.0,43.60504,2.3437505,28.635015,28.784431,0.0,105.99031,0.0,0.0,105.1643,101.706635,720.0,547.5,-2.7816686E-8,-28.46875,0.0,-29.375,7.469206,45.999996,22.668457,0.0,130.74,0.0,0.0,-6.3568115,99.998474,93.64166,0.63720703,130.44,130.18,129.92,130.38,0
322683.9,0.47471118,-3.5258224,0.09147724,0.09177339,101.70683,19.54886,14.033223,-10.583254,0.0,0.0,64.557,10.52,3.956,19.001,36.438,0.0,87.218155,0.0,0.0,0.0,204.375,4062.0,0.0,-11.3046875,0.12591553,106.333435,13109.725,13109.725,1100.0834,506.7919,0.0,6.73994,0.0,2.3437505,4.0,0.0,25.912327,40.12495,6.374992,0.0,0.0,-6.6953125,0.0,0.0,0.0,0.0,0.0,0.0,1.71875,1.5234375,1.7382812,1.6601562,0.72625315,0.6411078,0.7522698,0.73411155,0.6502632,0.6578164,0.64065003,0.8226139,0.70847636,0.555581,0.7512779,0.64835584,0.60166323,0.50469214,0.57167923,0.7201495,1.9999695,1.0,43.60504,2.3437505,28.757612,28.825354,0.0,105.99127,0.0,0.0,105.30526,101.706635,720.0,547.5,-2.225335E-8,-28.40625,0.0,-29.28125,7.469206,45.999996,22.814941,0.0,130.16,0.0,0.0,-6.19812,99.998474,93.800354,0.6640625,129.81,130.08,129.71,129.62,0
322683.94,0.47976893,-3.529079,0.09171889,0.09177339,101.70682,19.54886,14.024428,-10.571807,0.0,0.0,64.557,10.558,3.956,19.001,36.438,0.0,87.21814,0.0,0.0,0.0,204.375,4047.0,0.0,-11.1171875,0.12591553,106.333435,13109.725,13109.725,1100.0834,506.26123,0.0,6.6339664,0.0,2.3437505,4.0,0.0,25.952671,40.12495,6.374992,0.0,0.0,-6.6796875,0.0,0.0,0.0,0.0,0.0,0.0,1.71875,1.5234375,1.7382812,1.6601562,0.7254139,0.6398871,0.7490654,0.73388267,0.64675367,0.648661,0.63042647,0.8219272,0.7090868,0.7096971,0.690013,0.7114519,0.58106357,0.62294954,0.5053788,0.7902647,1.9999695,1.0,43.60504,2.3437505,28.836506,28.852613,0.0,105.99214,0.0,0.0,105.30526,101.706635,720.0,547.125,-1.780268E-8,-28.28125,0.0,-29.1875,7.469206,45.999996,22.790527,0.0,129.7,0.0,0.0,-6.2408447,99.998474,93.75763,0.6713867,129.1,129.81,129.41,129.16,0
322683.97,0.48381513,-3.5303817,0.09088417,0.09177339,101.7068,19.54886,14.02999,-10.619479,0.0,0.0,64.557,10.599,3.956,19.001,36.438,0.0,87.218124,0.0,0.0,0.0,204.375,4033.0,0.0,-11.296875,0.12524414,106.30026,13128.829,13128.829,1100.0834,506.26123,0.0,6.549187,0.0,2.3437505,4.0,0.0,25.988983,40.12495,6.374992,0.0,0.0,-6.5546875,0.0,0.0,0.0,0.0,0.0,0.0,1.6992188,1.5234375,1.7382812,1.640625,0.721294,0.6352331,0.7487602,0.72304875,0.6407263,0.6401923,0.62607765,0.8091859,0.7168689,0.5484092,0.7435721,0.5413138,0.5874723,0.48134583,0.54459447,0.60128176,1.9999695,1.0,43.59436,2.3437505,28.507885,28.685133,0.0,105.99292,0.0,0.0,105.1643,101.706635,720.0,547.5,-1.4242144E-8,-28.21875,0.0,-29.09375,7.469206,45.999996,22.314453,0.0,129.22,0.0,0.0,-6.274414,99.998474,93.72406,0.57373047,128.9,128.99,128.59,128.99,0
322684.03,0.4870521,-3.493403,0.08943844,0.09164623,101.70679,19.54886,14.022165,-10.661997,0.0,0.0,64.557,10.639,3.956,19.001,36.438,0.0,87.21811,0.0,0.0,0.0,204.375,4020.0,0.0,-11.4609375,0.12524414,106.30026,13144.219,13144.219,1100.0834,505.9959,0.0,6.570382,0.0,2.3437505,4.0,0.0,26.021664,40.12495,6.374992,0.0,0.0,-6.3828125,0.0,0.0,0.0,0.0,0.0,0.0,1.6992188,1.5039062,1.71875,1.640625,0.7222858,0.6345464,0.7459373,0.7224384,0.6368353,0.6353857,0.6200504,0.8081941,0.74975204,0.5582513,0.6778058,0.7113756,0.6144045,0.4900435,0.49645227,0.79018843,1.9999695,1.0,43.59436,2.3437505,28.214806,28.638147,0.0,105.99362,0.0,0.0,105.28038,101.706635,720.0,547.5,-1.1393715E-8,-28.125,0.0,-29.0,7.469206,45.999996,22.357178,0.0,128.89,0.0,0.0,-6.2591553,99.998474,93.73932,0.67871094,128.8,128.5,128.18,128.8,0
322684.06,0.4896417,-3.3848612,0.09008701,0.09164623,101.70677,19.54886,14.022547,-10.6588745,0.0,0.0,64.557,10.679,3.956,19.001,36.438,0.0,87.218094,0.0,0.0,0.0,204.375,4005.0,0.0,-11.59375,0.12524414,106.30026,13144.219,13144.219,1100.0834,505.9959,0.0,6.676356,0.0,2.3437505,4.0,0.0,26.051075,40.12495,6.374992,0.0,0.0,-6.2890625,0.0,0.0,0.0,0.0,0.0,0.0,1.71875,1.5039062,1.71875,1.6210938,0.7267109,0.6308843,0.74296176,0.71663994,0.638819,0.6244755,0.61058974,0.8014038,0.82551306,0.6363012,0.7522698,0.7615778,0.6765087,0.5585565,0.550927,0.8459602,1.9999695,1.0,43.585205,2.3437505,28.236311,28.548397,0.0,105.99426,0.0,0.0,105.12283,101.706635,720.0,547.5,-9.114973E-9,-28.0625,0.0,-29.0,7.469206,45.999996,22.302246,0.0,128.45,0.0,0.0,-5.786133,99.998474,94.21234,0.6738281,128.09,128.29,128.18,128.09,0
322684.1,0.49171335,-3.2289448,0.090414986,0.09156144,101.70676,19.54886,14.028673,-10.66077,0.0,0.0,64.557,10.72,3.956,19.001,36.438,0.0,87.21808,0.0,0.0,0.0,204.375,3994.0,0.0,-11.8828125,0.12554932,106.30026,13158.016,13158.016,1100.0834,505.9959,0.0,6.6127715,0.0,2.3437505,4.0,0.0,26.077545,40.12495,6.374992,0.0,0.0,-6.2734375,0.0,0.0,0.0,0.0,0.0,0.0,1.71875,1.5039062,1.6796875,1.640625,0.7280842,0.6330205,0.74067295,0.7155718,0.6379034,0.6231022,0.6055543,0.8001068,0.6128023,0.6810864,0.69848174,0.6602579,0.50217444,0.5978485,0.5115587,0.7334249,1.9999695,1.0,43.585205,2.3437505,28.223228,28.44745,0.0,105.99484,0.0,0.0,105.07309,101.706635,720.0,547.875,-7.291978E-9,-28.0,0.0,-28.875,7.469206,45.999996,22.253418,0.0,128.06,0.0,0.0,-5.682373,99.998474,94.3161,0.56152344,127.7,127.85,127.79,127.55,0
322684.12,0.4533707,-3.072828,0.09022067,0.091476664,101.70674,19.54886,14.021243,-10.648105,0.0,0.0,64.557,10.758,3.956,19.001,36.438,0.0,87.21808,0.0,0.0,0.0,204.375,3980.0,0.0,-11.7734375,0.12554932,106.30026,13178.182,13178.182,1100.0834,505.73056,0.0,6.7187457,0.0,2.3437505,4.0,0.0,26.101368,40.12495,6.374992,0.0,0.0,-6.3125,0.0,0.0,0.0,0.0,0.0,0.0,1.71875,1.5039062,1.6601562,1.6210938,0.717937,0.62912947,0.7338064,0.70069426,0.62363625,0.62279695,0.59822994,0.79209584,0.63843745,0.6221866,0.5497063,0.42191195,0.48584726,0.6910811,0.41832608,0.6420996,1.9999695,1.0,43.170166,2.3437505,28.310516,28.5548,0.0,105.99536,0.0,0.0,105.12283,101.706635,720.0,547.875,-5.8335825E-9,-27.9375,0.0,-28.78125,7.469206,45.999996,22.302246,0.0,127.46,0.0,0.0,-5.57251,99.998474,94.425964,0.6591797,127.19,127.1,126.81,127.49,0
322684.2,0.40269655,-2.9353814,0.09052039,0.0913071,101.706726,19.54886,14.0277605,-10.649988,0.0,0.0,64.557,10.799,3.956,19.001,36.438,0.0,87.21808,0.0,0.0,0.0,204.0,3963.0,0.0,-11.5859375,0.12554932,106.29198,13191.9795,13191.9795,1100.0834,505.73056,0.0,6.549187,0.0,2.3437505,4.0,0.0,26.12281,40.12495,5.9999924,0.0,0.0,-6.2109375,0.0,0.0,0.0,0.0,0.0,0.0,1.71875,1.484375,1.6210938,1.6015625,0.7180133,0.6244755,0.7160296,0.68833447,0.6198215,0.6251621,0.5807584,0.7871367,0.7202258,0.544976,0.5596246,0.4698253,0.54810405,0.6053254,0.4258793,0.71503776,1.9999695,1.0,43.164062,2.3437505,28.29752,28.447548,0.0,105.99582,0.0,0.0,105.12283,101.706635,720.0,547.5,-4.666866E-9,-27.875,0.0,-28.78125,7.469206,45.999996,22.363281,0.0,127.04,0.0,0.0,-5.630493,99.998474,94.36798,0.64453125,126.89,126.65,126.85,127.0,0
322684.22,0.36215723,-2.8241527,0.09093885,0.091264725,101.70671,19.54886,14.020604,-10.647777,0.0,0.0,64.557,10.839,3.956,19.001,36.438,0.0,87.21808,0.0,0.0,0.0,203.625,3951.0,0.0,-11.640625,0.12554932,106.29198,13212.145,13212.145,1100.0834,505.73056,0.0,6.570382,0.0,2.3437505,4.0,0.0,26.142109,40.12495,5.9999924,0.0,0.0,-5.5625,0.0,0.0,0.0,0.0,0.0,0.0,1.71875,1.484375,1.6210938,1.5429688,0.7180896,0.6189059,0.7103075,0.6644541,0.6161593,0.6224918,0.57457846,0.7753109,0.62943465,0.51552606,0.6040284,0.42496377,0.4789044,0.5726711,0.45967802,0.6224918,1.9999695,1.0,43.164062,2.3437505,28.312742,28.36979,0.0,105.99623,0.0,0.0,105.03992,101.706635,720.0,547.875,-3.733493E-9,-27.8125,0.0,-28.59375,7.469206,45.999996,22.052002,0.0,126.54,0.0,0.0,-5.2581787,99.998474,94.740295,0.6347656,126.46,126.46,126.65,126.32,0
322684.25,0.3097258,-2.7421613,0.0905871,0.09122233,101.706696,19.54886,14.027313,-10.670979,0.0,0.0,64.557,10.879,3.956,19.001,36.438,0.0,87.21808,0.0,0.0,0.0,204.0,3939.0,0.0,-11.6640625,0.12585449,106.28368,13212.145,13212.145,1100.0834,505.73056,0.0,6.549187,0.0,2.3437505,4.0,0.0,26.159477,40.12495,5.9999924,0.0,0.0,-5.3359375,0.0,0.0,0.0,0.0,0.0,0.0,1.71875,1.484375,1.6015625,1.5234375,0.7141985,0.6162356,0.7047379,0.65415424,0.6063935,0.62279695,0.5686275,0.7703517,0.7280079,0.51232165,0.58121616,0.46227208,0.5539788,0.56908524,0.44228274,0.67719537,1.9999695,1.0,43.164062,2.3437505,28.152798,28.27888,0.0,105.99661,0.0,0.0,105.12283,101.706635,720.0,547.875,-2.9867946E-9,-27.75,0.0,-28.59375,7.469206,45.999996,22.143555,0.0,126.23,0.0,0.0,-5.3985596,99.998474,94.599915,0.6738281,125.73,126.02,125.88,125.97,0
322684.28,0.30778062,-2.7093647,0.09018232,0.09109517,101.706696,19.54886,14.03201,-10.6869955,0.0,0.0,64.557,10.919,3.956,19.001,36.438,0.0,87.21808,0.0,0.0,0.0,204.0,3926.0,0.0,-11.8671875,0.12585449,106.28368,13225.411,13225.411,1100.0834,505.73056,0.0,6.7187457,0.0,2.3437505,4.0,0.0,26.17511,40.12495,5.9999924,0.0,0.0,-5.40625,0.0,0.0,0.0,0.0,0.0,0.0,1.71875,1.4648438,1.6015625,1.5039062,0.71862364,0.6051728,0.69848174,0.64393073,0.60723275,0.6165408,0.56221867,0.7649348,0.81788355,0.4960708,0.6878767,0.49652857,0.6223392,0.5510033,0.5037766,0.6968795,1.9999695,1.0,43.164062,2.3437505,28.042395,28.217562,0.0,105.99695,0.0,0.0,104.79946,101.706635,720.0,547.875,-2.3894358E-9,-27.71875,0.0,-28.5,7.0023804,45.999996,21.691895,0.0,125.99,0.0,0.0,-4.8675537,99.998474,95.13092,0.6640625,125.69,125.59,125.35,125.88,0
322684.34,0.3062245,-2.696246,0.09026885,0.09105277,101.706696,19.54886,14.023579,-10.683862,0.0,0.0,64.557,10.958,3.956,19.001,36.438,0.0,87.21808,0.0,0.0,0.0,204.0,3912.0,0.0,-12.2734375,0.12585449,106.28368,13246.639,13246.639,1100.0834,505.73056,0.0,6.8035245,0.0,2.3437505,4.0,0.0,26.189178,39.74995,5.9999924,0.0,0.0,-5.7109375,0.0,0.0,0.0,0.0,0.0,0.0,1.7382812,1.4453125,1.5820312,1.4648438,0.72610056,0.60357064,0.6960403,0.6224918,0.6095979,0.61600673,0.5553521,0.74853134,0.84885937,0.5738155,0.6598764,0.36110476,0.62172884,0.60578316,0.4832532,0.5068284,1.9999695,1.0,42.749023,2.3437505,28.064003,28.227295,0.0,105.99725,0.0,0.0,104.79946,101.706635,720.0,548.25,-1.9115487E-9,-27.65625,0.0,-28.5,7.0023804,45.999996,21.557617,0.0,125.38,0.0,0.0,-4.1778564,99.998474,95.82062,0.57373047,125.39,125.3,125.21,125.25,0
322684.38,0.3049796,-2.6909986,0.09078574,0.090840824,101.706696,19.54886,14.029395,-10.67816,0.0,0.0,64.557,11.0,3.956,19.001,36.438,0.0,87.21808,0.0,0.0,0.0,204.0,3901.0,0.0,-12.5,0.1251831,106.25051,13246.639,13246.639,1100.0834,505.73056,0.0,6.78233,0.0,2.3437505,4.0,0.0,26.20184,39.74995,5.9999924,0.0,0.0,-5.2265625,0.0,0.0,0.0,0.0,0.0,0.0,1.7578125,1.4453125,1.5625,1.4648438,0.73426414,0.6034943,0.68741894,0.6205844,0.6089113,0.61699855,0.54673076,0.7521935,0.7981231,0.4682994,0.52552074,0.58442056,0.58457315,0.4943923,0.38490883,0.8202487,1.9999695,1.0,42.749023,2.3437505,28.1033,28.123608,0.0,105.99753,0.0,0.0,104.79946,101.706635,720.0,548.625,-1.529239E-9,-27.625,0.0,-28.375,7.0023804,45.999996,21.66748,0.0,125.08,0.0,0.0,-3.982544,99.998474,96.01593,0.6689453,124.64,124.88,124.96,124.64,0
