Time,Accel. Lat (m/s2),Accel. Long (m/s2),Airmass (g/stk),Airmass SP (g/stk),Ambient Press (kpa),Ambient Temp (°C),Battery Volts (V),Boost (psi),Calc TQ (nm),Calc HP (hp),Calc 0-60mph (s),Calc 60-130mph (s),Calc 0-60ft (s),Calc 1/8mile (s),Calc 1/4mile (s),Comb Mode (),Coolant Temp (°C),Cruise (),DV Position (%),EOI Actual (°),EOI Limit (°),Engine Speed (rpm),Eth Content (%),Exh Cam Position (°),Exh Flow Factor (),Exh Pres Desired (kpa),FP DI (kpa),FP DI SP (kpa),FP MPI (kpa),FP MPI SP (kpa),Fuel Flow (mg/stk),Fuel Flow SP (mg/stk),Fuel Split MPI (),Fuel Trim (%),Gear (gear),HPFP Eff Vol (%),IAT (°C),Ign Table (°),Ign Avg (°),Inj PW DI (ms),Inj PW MPI (ms),Intake Cam Pos (°),Intake Flow Fact (),Knock Avg (°),Knock Cyl 1 (°),Knock Cyl 2 (°),Knock Cyl 3 (°),Knock Cyl 4 (°),Lambda (l),Lambda SP (l),LPFP Duty (%),LTFT (%),MAP (kpa),MAP SP (kpa),Misfires (),Oil Temp (°C),Pedal Pos (%),Port Flap Pos (%),PUT (kpa),PUT SP (kpa),SOI Actual (°),SOI Limit (°),STFT (%),Torque (Nm),Torque Lim (),Torque Req (Nm),TPS (%),Trans Temp (°C),Turbo Speed (rpm),Valve Lift Pos (),Vehicle Speed (km/h),WG Flow Des (kg/hr),WG I Value (%),WG P-D Value (%),WG Pos Base (%),WG Pos Final (%),WG Voltage (V),Wheel Speed FL (km/h),Wheel Speed FR (km/h),Wheel Speed RL (km/h),Wheel Speed RR (km/h),SimosTools [R2.12:2026_8_26:Patched_259L_R18.bin]
251998.42,1.2445866E-4,-0.10069883,0.1166908,0.121997155,101.4911,24.060139,13.834708,-10.265797,0.0,0.0,92.082,0.0,4.561,15.561,24.481,0.0,96.24063,0.0,0.0,461.25,218.625,2422.0,0.0,-10.9609375,0.07928467,105.156006,6632.871,6483.7524,1100.0834,511.83328,11.254429,8.2659645,0.0,4.9574137,3.0,23.422241,45.112774,29.624962,20.249973,0.852,0.0,-0.3671875,0.0,0.0,0.0,0.0,0.0,0.0,0.96875,1.0,54.98352,2.3437505,30.730082,31.81344,0.0,110.00001,5.859375,1.0,104.98188,80.86946,474.0,547.125,2.6136634,10.3125,0.0,7.65625,5.6019044,72.99998,21.533203,1.0,53.03,0.0,0.0,-73.36426,99.998474,26.634216,3.6621094,52.94,53.0,52.96,52.91,0
251998.45,9.956693E-5,-0.096529536,0.12010966,0.13051744,101.4911,24.060139,13.832733,-10.161101,0.0,0.0,92.082,0.0,4.561,15.561,24.481,0.0,96.24063,0.0,0.0,461.625,219.0,2421.0,0.0,-10.8984375,0.080566406,105.20576,6521.43,6437.053,1100.0834,511.83328,10.237079,8.181186,0.0,4.747181,3.0,22.593689,45.112774,29.624962,20.999973,0.848,0.0,-0.4296875,0.0,0.0,0.0,0.0,0.0,0.0,0.9667969,1.0,54.945374,2.3437505,31.451729,33.538452,0.0,110.00001,6.5429688,1.0,104.79946,80.86946,474.0,547.125,2.4034307,12.0625,0.0,11.53125,6.535555,72.99998,21.502686,1.0,52.98,0.0,0.0,-72.99194,99.998474,27.00653,3.6621094,53.11,53.0,52.83,52.82,0
251998.5,7.9653546E-5,-0.11361182,0.12433724,0.13903776,101.4911,24.060139,13.83721,-10.008078,0.0,0.0,92.082,0.0,4.561,15.561,24.481,0.0,96.24063,0.0,0.0,461.625,218.625,2423.0,0.0,-10.8828125,0.08190918,105.25551,6521.43,6817.0146,1100.0834,511.83328,15.811306,9.028976,0.0,4.5789948,3.0,26.135254,45.112774,29.999962,20.624973,0.848,0.0,-1.375,0.0,0.0,0.0,0.0,0.0,0.0,0.97265625,1.0,55.029297,2.3437505,32.506504,35.446243,0.0,110.00001,6.9335938,1.0,104.79946,80.86946,473.625,547.125,2.2352445,13.5625,0.0,13.875,6.535555,72.99998,21.966553,1.0,53.01,0.0,0.0,-72.976685,99.998474,27.02179,3.6621094,53.04,53.09,52.7,52.86,0
251998.53,6.372284E-5,-0.12044473,0.1296498,0.13895299,101.4911,24.060139,13.834484,-9.778875,0.0,0.0,92.082,0.0,4.561,15.561,24.481,0.0,96.24063,0.0,0.0,459.75,218.25,2429.0,0.0,-10.90625,0.08190918,105.25551,6638.1777,6893.431,1100.0834,511.83328,17.29494,8.965392,0.0,4.600696,3.0,27.157593,45.112774,29.999962,20.249973,0.94,0.0,-3.3515625,0.0,0.0,0.0,0.0,0.0,0.0,0.9824219,1.0,55.104065,2.3437505,34.086372,35.947018,0.0,110.00001,6.9335938,1.0,104.79946,80.86946,473.25,547.125,2.2569456,15.84375,0.0,14.125,6.535555,72.99998,22.10083,1.0,53.06,0.0,0.0,-73.0011,99.998474,26.997375,3.6621094,53.03,52.97,52.97,52.89,0
251998.58,5.097827E-5,-0.1231779,0.12957773,0.13929209,101.4911,24.060139,13.838435,-9.716668,0.0,0.0,92.082,0.0,4.561,15.561,24.481,0.0,96.24063,0.0,0.0,459.75,218.25,2427.0,0.0,-10.6640625,0.08190918,105.25551,6863.183,6989.483,1100.0834,511.83328,15.0694895,9.304509,0.0,4.6180573,3.0,25.99945,45.112774,29.999962,20.249973,0.928,0.0,-4.9765625,0.0,0.0,0.0,0.0,0.0,0.0,0.99121094,1.0,55.067444,2.3437505,34.515156,36.469414,0.0,110.00001,6.9335938,1.0,104.79946,80.86946,473.625,546.75,2.2743065,15.8125,0.0,14.21875,6.535555,72.99998,21.917725,1.0,53.07,0.0,0.0,-73.0011,99.998474,26.997375,3.6621094,53.03,53.03,52.94,52.73,0
251998.61,4.0782616E-5,-0.105521165,0.13281329,0.13874103,101.4911,24.060139,13.829483,-9.570325,0.0,0.0,92.082,0.0,4.561,15.561,24.481,0.0,96.24063,0.0,0.0,459.75,218.25,2425.0,0.0,-10.4609375,0.08190918,105.25551,6979.4,7201.752,1100.0834,511.83328,18.163927,9.601235,0.0,4.7881956,3.0,28.09906,45.112774,29.999962,20.249973,0.928,0.0,-6.21875,0.0,0.0,0.0,0.0,0.0,0.0,0.9902344,1.0,55.192566,2.3437505,35.523884,36.727516,0.0,110.00001,6.9335938,1.0,104.79946,80.86946,473.625,546.375,2.4444451,17.28125,0.0,14.28125,6.535555,72.99998,22.283936,1.0,53.0,0.0,0.0,-73.0011,99.998474,26.997375,3.6621094,53.03,53.03,52.63,52.79,0
251998.66,3.2626092E-5,-0.07970847,0.13285255,0.13768129,101.4911,24.060139,13.840795,-9.544445,0.0,0.0,92.082,0.0,4.561,15.561,24.481,0.0,96.24063,0.0,0.0,459.375,218.25,2426.0,0.0,-10.1875,0.08190918,105.25551,7190.6074,6966.1333,1100.0834,511.83328,13.0559845,9.071366,0.0,4.924307,3.0,25.125122,45.112774,29.999962,20.249973,0.964,0.0,-7.015625,0.0,0.0,0.0,0.0,0.0,0.0,0.98828125,1.0,55.117798,2.3437505,35.702274,36.651943,0.0,110.00001,6.9335938,1.0,104.79946,80.86946,473.625,546.375,2.5805562,17.65625,0.0,14.21875,6.535555,72.99998,21.850586,1.0,52.98,0.0,0.0,-73.0011,99.998474,26.997375,3.6621094,52.96,52.96,52.81,52.88,0
251998.69,2.6100874E-5,-0.06938339,0.1335337,0.13785085,101.4911,24.060139,13.848712,-9.507257,0.0,0.0,92.082,0.0,4.561,15.561,24.481,0.0,96.24063,0.0,0.0,459.75,218.25,2425.0,0.0,-10.2265625,0.08190918,105.25551,7198.568,7287.7207,1100.0834,511.83328,15.51458,9.770794,0.0,4.8769455,3.0,26.70288,45.112774,29.999962,20.249973,0.932,0.0,-7.359375,0.0,0.0,0.0,0.0,0.0,0.0,0.9863281,1.0,55.17578,2.3437505,35.958603,36.850895,0.0,110.00001,6.9335938,1.0,104.79946,80.86946,473.625,546.375,2.533195,17.5625,0.0,14.09375,6.535555,72.99998,22.30835,1.0,53.03,0.0,0.0,-73.0011,99.998474,26.997375,3.6621094,52.89,52.94,52.68,52.79,0
251998.72,0.02002088,-0.046503358,0.13632911,0.13666391,101.4911,24.060139,13.842536,-9.433121,0.0,0.0,92.082,0.0,4.561,15.561,24.481,0.0,96.24063,0.0,0.0,459.375,218.25,2426.0,0.0,-10.2265625,0.08190918,105.25551,7190.077,7193.261,1100.0834,511.83328,16.023254,9.262119,0.0,4.8390565,3.0,27.06604,45.112774,29.999962,20.249973,0.96,0.0,-7.1640625,0.0,0.0,0.0,0.0,0.0,0.0,0.984375,1.0,55.20935,2.3437505,36.46962,36.512173,0.0,110.00001,6.9335938,1.0,104.79946,80.86946,473.625,546.375,2.495306,19.125,0.0,14.3125,6.535555,72.99998,22.106934,1.0,52.99,0.0,0.0,-73.0011,99.998474,26.997375,3.6621094,52.94,52.94,52.82,52.68,0
251998.77,0.036016703,-0.018601343,0.1338491,0.1364096,101.4911,24.060139,13.838213,-9.503004,15.067933,5.1290593,92.082,0.0,4.561,15.561,24.481,0.0,96.24063,0.0,0.0,459.75,218.25,2426.0,0.0,-10.234375,0.08190918,105.25551,7299.3955,7164.6045,1100.0834,511.83328,11.805492,9.452872,0.0,4.8087454,3.0,24.5224,45.112774,29.999962,20.249973,0.932,0.0,-7.140625,0.0,0.0,0.0,0.0,0.0,0.0,0.98535156,1.0,55.108643,2.3437505,35.987926,36.482628,0.0,110.00001,6.9335938,1.0,104.79946,80.86946,473.25,546.375,2.4649947,17.90625,0.0,14.1875,6.535555,72.99998,21.89331,1.0,52.94,0.0,0.0,-73.0011,99.998474,26.997375,3.6621094,52.96,52.91,52.84,52.66,0
251998.81,0.028813362,-0.026190538,0.13654701,0.13755412,101.4911,24.060139,13.835186,-9.42429,0.0,0.0,92.082,0.0,4.561,15.561,24.481,0.0,96.24063,0.0,0.0,459.75,218.25,2427.0,0.0,-10.3203125,0.08190918,105.25551,7243.675,7341.3184,1100.0834,512.09863,16.383566,9.686015,0.0,4.7844963,3.0,27.39563,45.112774,29.999962,20.249973,0.932,0.0,-7.125,0.0,0.0,0.0,0.0,0.0,0.0,0.9863281,1.0,55.200195,2.3437505,36.53049,36.724087,0.0,110.00001,6.9335938,1.0,104.79946,80.86946,473.25,546.375,2.4407456,18.78125,0.0,14.3125,6.535555,72.99998,22.265625,1.0,53.02,0.0,0.0,-73.0011,99.998474,26.997375,3.6621094,52.86,53.0,52.81,52.88,0
251998.84,0.02305069,-0.029226217,0.13625744,0.13687588,101.4911,24.060139,13.844787,-9.432739,0.0,0.0,92.082,0.0,4.561,15.561,24.481,0.0,96.24063,0.0,0.0,459.375,218.25,2427.0,0.0,-10.265625,0.08190918,105.25551,7355.6465,7134.3564,1100.0834,512.09863,12.314168,9.007782,0.0,4.7650967,3.0,24.989319,45.112774,29.999962,20.249973,0.96,0.0,-7.125,0.0,0.0,0.0,0.0,0.0,0.0,0.9892578,1.0,55.16205,2.3437505,36.472256,36.587696,0.0,110.00001,6.9335938,1.0,104.79946,80.86946,473.625,546.375,2.4213464,19.125,0.0,14.40625,6.535555,72.99998,21.875,1.0,52.83,0.0,0.0,-73.0011,99.998474,26.997375,3.6621094,53.09,53.03,52.68,52.79,0
251998.89,0.018440552,-0.011690487,0.13546106,0.13742694,101.4911,24.060139,13.845648,-9.455975,15.109138,5.1430855,92.082,0.0,4.561,15.561,24.481,0.0,96.24063,0.0,0.0,459.75,218.25,2426.0,0.0,-10.3359375,0.08190918,105.25551,7285.598,7307.3555,1100.0834,512.09863,14.815152,9.601235,0.0,4.9058275,3.0,26.475525,45.112774,29.999962,20.249973,0.94,0.0,-7.125,0.0,0.0,0.0,0.0,0.0,0.0,0.99121094,1.0,55.171204,2.3437505,36.3121,36.687126,0.0,110.00001,6.9335938,1.0,104.79946,80.86946,473.25,546.375,2.562077,18.375,0.0,14.21875,6.535555,72.99998,22.167969,1.0,52.95,0.0,0.0,-73.0011,99.998474,26.997375,3.6621094,53.0,52.96,52.75,52.79,0
251998.92,0.014752442,-0.023426196,0.13682353,0.13662156,101.4911,24.060139,13.834532,-9.416223,0.0,0.0,92.082,0.0,4.561,15.561,24.481,0.0,96.24063,0.0,0.0,459.375,218.25,2428.0,0.0,-10.3671875,0.08190918,105.25551,7235.184,7254.819,1100.0834,512.09863,15.620553,9.3680935,0.0,5.018412,3.0,26.953125,45.112774,29.999962,20.249973,0.952,0.0,-7.0703125,0.0,0.0,0.0,0.0,0.0,0.0,0.9892578,1.0,55.195618,2.3437505,36.5861,36.54787,0.0,110.00001,6.9335938,1.0,104.79946,80.86946,473.25,546.375,2.6746616,19.3125,0.0,14.3125,6.535555,72.99998,22.052002,1.0,52.96,0.0,0.0,-73.0011,99.998474,26.997375,3.6621094,52.98,53.06,52.86,52.75,0
251998.97,0.011801953,-0.009370479,0.13450667,0.14030945,101.4911,24.060139,13.832609,-9.483818,15.00987,5.1135073,92.082,0.0,4.561,15.561,24.481,0.0,96.24063,0.0,0.0,459.75,218.25,2428.0,0.0,-10.4375,0.08258057,105.28038,7324.8677,7217.672,1100.0834,512.09863,11.657129,9.304509,0.0,5.1084795,3.0,24.557495,45.112774,29.999962,20.249973,0.94,0.0,-7.09375,0.0,0.0,0.0,0.0,0.0,0.0,0.9902344,1.0,55.11322,2.3437505,36.120167,37.2898,0.0,110.00001,7.1289062,1.0,104.79946,80.86946,473.25,546.375,2.7647293,18.4375,0.0,15.40625,6.535555,72.99998,21.759033,1.0,52.98,0.0,0.0,-73.0011,99.998474,26.997375,3.6621094,52.96,53.0,52.84,52.56,0
251999.02,0.009441563,-0.022498192,0.13663852,0.14005509,101.49193,24.060139,13.825404,-9.4217415,0.0,0.0,92.082,0.0,4.561,15.561,24.481,0.0,96.24063,0.0,0.0,459.75,218.25,2427.0,0.0,-10.4609375,0.08258057,105.28867,7316.377,7330.705,1100.0834,512.09863,14.8787365,9.580041,0.0,5.180534,3.0,26.612854,45.112774,29.999962,20.249973,0.94,0.0,-7.1171875,0.0,0.0,0.0,0.0,0.0,0.0,0.9892578,1.0,55.204773,2.3437505,36.548893,37.227024,0.0,110.00001,7.1289062,1.0,104.79946,80.877754,473.25,546.375,2.8367834,19.25,0.0,15.40625,6.535555,72.99998,22.070312,1.0,52.95,0.0,0.0,-72.98279,99.998474,27.015686,3.6621094,53.11,53.0,52.62,52.86,0
251999.05,0.0075532505,-0.027749278,0.13673249,0.14035185,101.492676,24.060139,13.837939,-9.416635,0.0,0.0,92.082,0.0,4.561,15.561,24.481,0.0,96.24063,0.0,0.0,459.75,218.25,2429.0,0.0,-10.421875,0.08258057,105.28867,7407.122,7172.034,1100.0834,512.09863,11.529961,9.071366,0.0,5.2381773,3.0,24.624634,45.112774,29.999962,20.249973,0.952,0.0,-7.0625,0.0,0.0,0.0,0.0,0.0,0.0,0.9902344,1.0,55.15442,2.3437505,36.58484,37.284157,0.0,110.00001,7.1289062,1.0,104.79946,80.877754,473.25,546.375,2.8944268,19.28125,0.0,15.5,6.535555,72.99998,21.813965,1.0,52.94,0.0,0.0,-72.98279,99.998474,27.015686,3.6621094,52.94,52.97,52.77,52.91,0
251999.1,0.0060426006,-0.029849712,0.13594167,0.14158113,101.49335,24.060139,13.834995,-9.442278,0.0,0.0,92.082,0.0,4.561,15.561,24.481,0.0,96.24063,0.0,0.0,459.75,218.25,2429.0,0.0,-10.3671875,0.08258057,105.28867,7330.1743,7354.0547,1100.0834,512.09863,14.030945,9.537651,0.0,5.284292,3.0,26.158142,45.112774,29.999962,20.249973,0.948,0.0,-7.0859375,0.0,0.0,0.0,0.0,0.0,0.0,0.99121094,1.0,55.16205,2.3437505,36.40875,37.531254,0.0,110.00001,7.2265625,1.0,104.79946,80.877754,473.625,546.375,2.9405415,18.9375,0.0,15.96875,6.535555,72.99998,22.088623,1.0,53.03,0.0,0.0,-72.98279,99.998474,27.015686,3.6621094,52.94,52.91,52.79,52.75,0
251999.14,0.0048340806,-0.030689886,0.13759704,0.1417507,101.49312,24.060139,13.821216,-9.393949,0.0,0.0,92.082,0.0,4.561,15.561,24.481,0.0,96.24063,0.0,0.0,459.375,218.25,2429.0,0.0,-10.3671875,0.08258057,105.28038,7273.3926,7372.0977,1100.0834,512.09863,15.133074,9.558846,0.0,5.3211837,3.0,26.782227,45.112774,29.999962,20.249973,0.952,0.0,-7.0703125,0.0,0.0,0.0,0.0,0.0,0.0,0.99121094,1.0,55.195618,2.3437505,36.741657,37.56533,0.0,110.00001,7.2265625,1.0,104.79946,80.86946,473.625,546.375,2.9774332,19.625,0.0,16.0625,6.535555,72.99998,22.106934,1.0,53.01,0.0,0.0,-72.98279,99.998474,27.015686,3.6621094,52.94,52.97,52.81,52.66,0
251999.17,0.0038672646,-0.031025955,0.13645458,0.14107247,101.49291,24.060139,13.829147,-9.427252,0.0,0.0,92.082,0.0,4.561,15.561,24.481,0.0,96.24063,0.0,0.0,459.375,218.25,2429.0,0.0,-10.3671875,0.08258057,105.28038,7279.7607,7293.0273,1100.0834,512.09863,12.759258,9.558846,0.0,5.350697,3.0,25.238037,45.112774,29.999962,20.249973,0.952,0.0,-7.0546875,0.0,0.0,0.0,0.0,0.0,0.0,0.99121094,1.0,55.133057,2.3437505,36.511898,37.42901,0.0,110.00001,7.2265625,1.0,104.7663,80.86946,473.25,546.375,3.0069466,19.15625,0.0,16.0625,6.535555,72.99998,21.917725,1.0,52.99,0.0,0.0,-72.958374,99.998474,27.0401,3.6621094,53.04,52.94,52.82,52.7,0
251999.22,0.0030938117,-0.031160384,0.13909498,0.14408211,101.49273,24.060139,13.822981,-9.361682,0.0,0.0,92.082,0.0,4.561,15.561,24.481,0.0,96.24063,0.0,0.0,459.375,218.25,2430.0,0.0,-10.3359375,0.08325195,105.30525,7251.1045,7483.5386,1100.0834,512.09863,16.659098,9.70721,0.0,5.3743076,3.0,27.690125,45.18796,29.999962,20.249973,0.952,0.0,-7.0078125,0.0,0.0,0.0,0.0,0.0,0.0,0.9892578,1.0,55.22461,2.3437505,36.963673,37.991467,0.0,110.00001,7.421875,1.0,104.79946,80.86946,473.25,546.375,3.0305574,20.4375,0.0,17.15625,6.535555,72.99998,22.149658,1.0,53.0,0.0,0.0,-72.92786,99.998474,27.070618,3.6621094,52.94,52.98,52.94,52.88,0
251999.25,0.0024750493,-0.012464154,0.142469,0.1449723,101.49256,24.060139,13.830383,-9.229465,15.046071,5.1321735,92.082,0.0,4.561,15.561,24.481,0.0,96.24063,0.0,0.0,459.375,217.875,2431.0,0.0,-10.0,0.08325195,105.30525,7369.4443,7493.6216,1100.0834,512.09863,17.33733,9.452872,0.0,5.393196,3.0,28.24707,45.25563,29.999962,19.874975,0.952,0.0,-7.5625,0.0,0.0,0.0,0.0,0.0,0.0,0.9902344,1.0,55.267334,2.3437505,37.87487,38.387737,0.0,110.00001,7.421875,1.0,104.7663,80.86946,473.25,546.0,3.0494459,21.71875,0.0,17.3125,7.0023804,72.99998,22.399902,1.0,53.01,0.0,0.0,-72.90039,99.998474,27.098083,3.6621094,53.02,53.0,52.68,52.79,0
251999.3,0.0019800395,-0.0049856617,0.14234987,0.14412451,101.49241,24.060139,13.835565,-9.190867,15.055209,5.1352906,92.082,0.0,4.561,15.561,24.481,0.0,96.24063,0.0,0.0,458.625,217.875,2431.0,0.0,-9.7421875,0.08325195,105.30525,7495.744,7600.2866,1100.0834,512.09863,15.790112,9.897963,0.0,5.408307,3.0,27.384949,45.316536,29.999962,19.874975,0.984,0.0,-8.203125,0.0,0.0,0.0,0.0,0.0,0.0,0.9902344,1.0,55.25055,2.3437505,38.140762,38.51889,0.0,110.00001,7.421875,1.0,104.79946,80.86946,472.875,545.625,3.0645568,21.71875,0.0,17.3125,7.0023804,72.99998,22.509766,1.0,52.98,0.0,0.0,-72.994995,99.998474,27.003479,3.6621094,53.05,53.0,52.79,52.7,0
251999.33,0.02158403,-0.0019942648,0.14345685,0.14403972,101.49227,24.060139,13.827474,-9.148658,15.074806,5.146205,92.082,0.0,4.561,15.561,24.481,0.0,96.24063,0.0,0.0,459.375,217.875,2433.0,0.0,-9.484375,0.08325195,105.30525,7589.6733,7618.3296,1100.0834,512.09863,15.535774,9.919157,0.0,5.420396,3.0,27.326965,45.37135,29.999962,19.874975,0.968,0.0,-8.796875,0.0,0.0,0.0,0.0,0.0,0.0,0.9902344,1.0,55.25818,2.3437505,38.43157,38.54141,0.0,110.00001,7.421875,1.0,104.79946,80.86946,473.625,545.625,3.0766456,22.09375,0.0,17.53125,7.0023804,72.99998,22.24121,1.0,53.03,0.0,0.0,-72.92786,99.998474,27.070618,3.6621094,52.96,53.03,52.91,52.77,0
251999.38,0.037267223,-7.977059E-4,0.140891,0.14433646,101.49215,24.060139,13.8335285,-9.201239,15.064044,5.1446447,92.082,0.0,4.561,15.561,24.481,0.0,96.24063,0.0,0.0,459.375,217.875,2434.0,0.0,-9.703125,0.08325195,105.30525,7703.237,7454.3516,1100.0834,512.09863,11.593545,9.537651,0.0,5.430067,3.0,25.0,45.42068,29.999962,19.874975,0.968,0.0,-8.9765625,0.0,0.0,0.0,0.0,0.0,0.0,0.9902344,1.0,55.158997,2.3437505,38.06901,38.763668,0.0,110.00001,7.421875,1.0,104.79946,80.86946,473.625,545.625,3.0863166,21.125,0.0,17.53125,6.535555,72.99998,21.966553,1.0,53.02,0.0,0.0,-72.92786,99.998474,27.070618,3.6621094,53.09,52.94,52.88,52.76,0
251999.4,0.02981378,-3.1908238E-4,0.14099592,0.14403972,101.49204,24.060139,13.8201885,-9.205583,15.046071,5.1321735,92.082,0.0,4.561,15.561,24.481,0.0,96.24063,0.0,0.0,459.75,217.875,2431.0,0.0,-9.734375,0.08325195,105.30525,7765.8564,7535.0137,1100.0834,512.09863,10.258274,9.749599,0.0,5.4378037,3.0,24.363708,45.46508,29.999962,19.874975,0.928,0.0,-9.0,0.0,0.0,0.0,0.0,0.0,0.0,0.98828125,1.0,55.233765,2.3437505,38.038963,38.652687,0.0,110.00001,7.421875,1.0,104.79946,80.86946,473.25,545.625,3.0940533,20.90625,0.0,17.25,6.535555,72.99998,22.149658,1.0,53.03,0.0,0.0,-72.92786,99.998474,27.070618,3.6621094,52.97,53.06,52.68,52.73,0
251999.45,0.023851024,-1.2763296E-4,0.14164168,0.14476033,101.49194,24.060139,13.828428,-9.196622,15.099307,5.1524506,92.082,0.0,4.561,15.561,24.481,0.0,96.24063,0.0,0.0,459.75,217.875,2432.0,0.0,-9.7890625,0.08325195,105.30525,7634.7803,7509.0107,1100.0834,512.09863,12.335362,9.66482,0.0,5.443993,3.0,25.52185,45.50504,29.999962,19.874975,0.928,0.0,-9.0625,0.0,0.0,0.0,0.0,0.0,0.0,0.984375,1.0,55.20935,2.3437505,38.10063,38.7174,0.0,110.00001,7.421875,1.0,104.79946,80.86946,473.25,546.0,3.1002426,21.4375,0.0,17.25,6.535555,72.99998,22.174072,1.0,53.07,0.0,0.0,-72.92786,99.998474,27.070618,3.6621094,53.03,53.06,52.81,53.04,0
251999.48,0.03908082,-5.1053183E-5,0.14125511,0.14488749,101.49185,24.060139,13.834196,-9.197992,15.105518,5.1524506,92.082,0.0,4.561,15.561,24.481,0.0,96.24063,0.0,0.0,459.375,218.25,2431.0,0.0,-9.765625,0.08325195,105.30525,7637.9644,7541.9126,1100.0834,512.09863,12.165804,9.643625,0.0,5.4489446,3.0,25.465393,45.541,29.999962,20.249973,0.952,0.0,-9.078125,0.0,0.0,0.0,0.0,0.0,0.0,0.98046875,1.0,55.20935,2.3437505,38.09109,38.82324,0.0,110.00001,7.421875,1.0,104.79946,80.86946,473.25,546.0,3.105194,21.21875,0.0,17.21875,6.535555,72.99998,22.174072,1.0,53.04,0.0,0.0,-72.92786,99.998474,27.070618,3.6621094,53.11,53.04,52.81,52.91,0
251999.52,0.05126466,-2.0421274E-5,0.14211714,0.14412451,101.491776,24.060139,13.832375,-9.175304,15.078061,5.143085,92.082,0.0,4.561,15.561,24.481,0.0,96.24063,0.0,0.0,459.75,217.875,2431.0,0.0,-9.7890625,0.08325195,105.30525,7589.6733,7646.455,1100.0834,512.09863,14.094529,9.728404,0.0,5.2966557,3.0,26.646423,45.573368,29.999962,19.874975,0.932,0.0,-9.1171875,0.0,0.0,0.0,0.0,0.0,0.0,0.9736328,1.0,55.20935,2.3437505,38.2474,38.669743,0.0,110.00001,7.421875,1.0,104.79946,80.86946,473.25,546.0,2.9529054,21.59375,0.0,17.53125,6.535555,72.99998,22.283936,1.0,53.08,0.0,0.0,-72.92786,99.998474,27.070618,3.6621094,53.06,53.0,52.86,52.75,0
251999.56,0.08101173,-8.168509E-6,0.14351903,0.14607444,101.49171,24.060139,13.8310995,-9.134394,15.083952,5.1493273,92.082,0.0,4.561,15.561,24.481,0.0,96.24063,0.0,0.0,459.375,217.875,2433.0,0.0,-9.796875,0.08325195,105.30525,7574.8145,7676.703,1100.0834,512.09863,14.433645,9.70721,0.0,5.1748247,3.0,26.815796,45.602497,29.999962,19.874975,0.952,0.0,-9.1328125,0.0,0.0,0.0,0.0,0.0,0.0,0.9707031,1.0,55.21698,2.3437505,38.529324,39.036644,0.0,110.00001,7.6171875,1.0,104.79946,80.86946,473.25,546.0,2.8310745,22.15625,0.0,18.71875,7.0023804,72.99998,22.283936,1.0,53.08,0.0,0.0,-72.92786,99.998474,27.070618,3.6621094,53.0,53.11,52.94,52.79,0
251999.61,0.10480938,-3.2674038E-6,0.14487293,0.14751567,101.491646,24.060139,13.818488,-9.097359,15.109778,5.1602635,92.082,0.0,4.561,15.561,24.481,0.0,96.24063,0.0,0.0,459.75,217.875,2434.0,0.0,-9.8125,0.08392334,105.33013,7646.455,7714.381,1100.0834,512.09863,14.00975,9.70721,0.0,4.92111,3.0,26.646423,45.628716,29.999962,19.874975,0.948,0.0,-9.1640625,0.0,0.0,0.0,0.0,0.0,0.0,0.96875,1.0,55.22461,2.3437505,38.784546,39.317123,0.0,110.00001,7.6171875,1.0,104.79946,80.86946,473.25,546.0,2.5773597,22.625,0.0,18.53125,7.0023804,72.99998,22.424316,1.0,53.09,0.0,0.0,-72.92786,99.998474,27.070618,3.6621094,53.05,53.05,52.97,52.86,0
251999.64,0.1038475,-1.3069615E-6,0.1472184,0.14654072,101.491585,24.060139,13.833097,-9.031392,15.065376,5.1493278,92.082,0.0,4.561,15.561,24.481,0.0,96.24063,0.0,0.0,459.75,217.875,2436.0,0.0,-9.828125,0.08325195,105.30525,7682.5405,7831.129,1100.0834,512.09863,15.47219,9.897963,0.0,4.718138,3.0,27.600098,45.65231,29.999962,19.874975,0.948,0.0,-9.296875,0.0,0.0,0.0,0.0,0.0,0.0,0.9658203,1.0,55.25818,2.3437505,39.239185,39.095665,0.0,110.00001,7.6171875,1.0,104.79946,80.86946,473.25,546.0,2.3743877,23.8125,0.0,18.65625,7.0023804,72.99998,22.473145,1.0,53.0,0.0,0.0,-72.92786,99.998474,27.070618,3.6621094,53.09,53.11,52.79,52.84,0
251999.69,0.10307801,-5.227846E-7,0.14710137,0.14649832,101.49153,24.060139,13.843325,-8.983696,15.055971,5.15245,92.082,0.0,4.561,15.561,24.481,0.0,96.24063,0.0,0.0,459.375,217.875,2439.0,0.0,-9.765625,0.08325195,105.30525,7750.9976,7847.0493,1100.0834,512.09863,15.111878,9.876768,0.0,4.5557604,3.0,27.452087,45.673546,29.999962,19.874975,0.96,0.0,-9.9765625,0.0,0.0,0.0,0.0,0.0,0.0,0.9667969,1.0,55.267334,2.3437505,39.567894,39.452805,0.0,110.00001,7.6171875,1.0,104.79946,80.86946,473.25,546.0,2.2120101,23.8125,0.0,18.6875,7.0023804,72.99998,22.558594,1.0,53.13,0.0,0.0,-72.92786,99.998474,27.070618,3.6621094,53.02,53.15,52.81,52.88,0
251999.73,0.1424624,-2.0911385E-7,0.14813885,0.14751567,101.491486,24.060139,13.832905,-8.965752,15.066448,5.1602635,92.082,0.0,4.561,15.561,24.481,0.0,96.24063,0.0,0.0,459.375,217.5,2441.0,0.0,-9.78125,0.08392334,105.33013,7803.534,7911.791,1100.0834,512.36395,15.345021,9.982741,0.0,4.2696085,3.0,27.679443,45.692657,29.999962,19.499975,0.96,0.0,-10.0234375,0.0,0.0,0.0,0.0,0.0,0.0,0.96777344,1.0,55.267334,2.3437505,39.691536,39.567547,0.0,110.00001,7.6171875,1.0,104.79946,80.86946,473.625,546.0,1.9258581,23.90625,0.0,18.78125,7.0023804,72.99998,22.540283,1.0,53.08,0.0,0.0,-72.92786,99.998474,27.070618,3.6621094,53.11,53.11,52.97,52.86,0
251999.78,0.15396991,-8.364554E-8,0.14849791,0.14692219,101.49144,24.060139,13.83733,-8.960205,15.046596,5.1555753,92.082,0.0,4.561,15.561,24.481,0.0,96.24063,0.0,0.0,459.375,217.5,2442.0,0.0,-9.796875,0.08392334,105.33013,7859.785,7927.1807,1100.0834,512.36395,14.285282,9.982741,0.0,4.040687,3.0,27.078247,45.709858,29.999962,19.499975,0.952,0.0,-10.0234375,0.0,0.0,0.0,0.0,0.0,0.0,0.9707031,1.0,55.26581,2.3437505,39.72972,39.417103,0.0,110.00001,7.6171875,1.0,104.79946,80.86946,473.25,546.0,1.6969365,24.34375,0.0,18.8125,7.0023804,72.99998,22.51587,1.0,53.05,0.0,0.0,-72.92786,99.998474,27.070618,3.6621094,53.11,53.06,52.97,52.83,0
251999.81,0.16317594,-3.3458218E-8,0.14835268,0.1465831,101.4914,24.060139,13.828709,-8.949574,15.046596,5.1555753,92.082,0.0,4.561,15.561,24.481,0.0,96.24063,0.0,0.0,459.375,217.5,2442.0,0.0,-9.8125,0.08392334,105.33013,7823.169,7878.359,1100.0834,512.36395,14.963515,9.813184,0.0,3.8575497,3.0,27.485657,45.725338,29.999962,19.499975,0.952,0.0,-10.046875,0.0,0.0,0.0,0.0,0.0,0.0,0.96777344,1.0,55.282593,2.3437505,39.80296,39.45623,0.0,110.00001,7.6171875,1.0,104.79946,80.86946,473.25,546.0,1.5137992,24.25,0.0,18.96875,7.0023804,72.99998,22.540283,1.0,53.1,0.0,0.0,-72.92786,99.998474,27.070618,3.6621094,53.13,53.19,52.84,52.83,0
251999.84,0.13054076,-1.3383287E-8,0.14850853,0.14857541,101.49137,24.060139,13.840252,-8.942535,15.103,5.1727824,92.082,0.0,4.561,15.561,24.481,0.0,96.24063,0.0,0.0,459.375,217.5,2441.0,0.0,-9.828125,0.08392334,105.33013,7877.2974,7818.9233,1100.0834,512.36395,13.924971,9.66482,0.0,3.55479,3.0,26.896667,45.73927,29.999962,19.499975,0.952,0.0,-10.0703125,0.0,0.0,0.0,0.0,0.0,0.0,0.9638672,1.0,55.23224,2.3437505,39.851448,39.867046,0.0,110.00001,7.8125,1.0,104.79946,80.86946,473.25,546.0,1.2110394,24.375,0.0,20.0625,7.0023804,72.99998,22.497559,1.0,53.12,0.0,0.0,-72.92786,99.998474,27.070618,3.6621094,53.11,53.15,52.94,53.03,0
251999.89,0.12443261,-5.353315E-9,0.14816673,0.15077965,101.49134,24.060139,13.836614,-8.952523,15.072623,5.1602635,92.082,0.0,4.561,15.561,24.481,0.0,96.24063,0.0,0.0,459.75,217.5,2440.0,0.0,-9.8359375,0.08453369,105.355,7891.0947,7833.782,1100.0834,512.36395,13.289127,9.643625,0.0,3.312582,3.0,26.51062,45.75181,29.999962,19.499975,0.94,0.0,-10.1015625,0.0,0.0,0.0,0.0,0.0,0.0,0.9628906,1.0,55.23224,2.3437505,39.78257,40.27724,0.0,110.00001,7.8125,1.0,104.79946,80.86946,473.25,546.0,0.96883154,23.90625,0.0,20.03125,7.0023804,72.99998,22.51587,1.0,53.19,0.0,0.0,-72.92786,99.998474,27.070618,3.6621094,53.11,53.04,52.86,52.88,0
251999.94,0.09954609,-2.141326E-9,0.14845401,0.15069489,101.49131,24.060139,13.828208,-8.958991,15.025651,5.1399655,92.082,0.0,4.561,15.561,24.481,0.0,96.24063,0.0,0.0,460.125,217.5,2438.0,0.0,-9.8125,0.08392334,105.33013,7856.601,7879.9507,1100.0834,512.36395,13.903776,9.643625,0.0,3.1188157,3.0,26.850891,45.763096,29.999962,19.499975,0.904,0.0,-9.8828125,0.0,0.0,0.0,0.0,0.0,0.0,0.96191406,1.0,55.21698,2.3437505,39.737957,40.17867,0.0,110.00001,7.8125,1.0,104.79946,80.86946,473.25,546.0,0.77506524,24.3125,0.0,20.03125,7.0023804,72.99998,22.558594,1.0,53.11,0.0,0.0,-72.92786,99.998474,27.070618,3.6621094,53.2,53.09,52.94,52.73,0
251999.97,0.07963687,-8.565304E-10,0.14806622,0.15001664,101.49129,24.060139,13.834043,-8.964564,15.120259,5.1680865,92.082,0.0,4.561,15.561,24.481,0.0,96.24063,0.0,0.0,460.125,217.5,2436.0,0.0,-9.828125,0.08392334,105.33013,7899.5854,7847.0493,1100.0834,512.36395,12.738063,9.601235,0.0,2.9638028,3.0,26.158142,45.773254,29.999962,19.499975,0.904,0.0,-10.328125,0.0,0.0,0.0,0.0,0.0,0.0,0.9638672,1.0,55.200195,2.3437505,39.699524,40.095524,0.0,110.00001,7.8125,1.0,104.79946,80.86946,473.25,546.0,0.6200522,23.875,0.0,20.0,7.0023804,72.99998,22.473145,1.0,53.2,0.0,0.0,-72.92786,99.998474,27.070618,3.6621094,53.13,53.22,53.0,52.91,0
252000.02,0.08370949,-3.4261216E-10,0.14815469,0.15692616,101.491264,24.060139,13.826407,-8.933037,15.143167,5.175916,92.082,0.0,4.561,15.561,24.481,0.0,96.24063,0.0,0.0,460.125,217.5,2436.0,0.0,-9.84375,0.08520508,105.37988,7885.788,7904.362,1100.0834,512.36395,13.246738,9.622431,0.0,2.6835423,3.0,26.475525,45.782394,29.999962,19.499975,0.904,0.0,-10.765625,0.0,0.0,0.0,0.0,0.0,0.0,0.96191406,1.0,55.19104,2.3437505,39.916817,41.6979,0.0,110.00001,8.203125,1.0,104.79946,80.86946,473.625,546.0,0.33979177,23.90625,0.0,21.875,7.0023804,72.99998,22.772217,1.0,53.21,0.0,0.0,-72.92786,99.998474,27.070618,3.6621094,53.11,53.15,53.11,52.96,0
252000.05,0.0669676,-1.3704486E-10,0.15319377,0.1559088,101.49124,24.060139,13.826922,-8.70698,15.094424,5.157138,92.082,0.0,4.561,15.561,24.481,0.0,96.24063,0.0,0.0,460.125,217.5,2435.0,0.0,-9.8515625,0.08520508,105.37988,7922.935,8058.787,1100.0834,512.36395,15.87489,9.834378,0.0,2.459334,3.0,28.23639,45.790623,29.624962,19.499975,0.9,0.0,-11.8125,0.0,0.0,0.0,0.0,0.0,0.0,0.9609375,1.0,55.27191,2.3437505,41.474976,42.006184,0.0,110.00001,8.203125,1.0,104.79946,80.86946,473.25,546.0,0.115583435,26.375,0.0,22.0625,7.469206,72.99998,23.065186,1.0,53.17,0.0,0.0,-72.994995,99.998474,27.003479,3.6621094,53.13,53.09,52.84,52.94,0
252000.1,0.05357408,-5.4817945E-11,0.15507998,0.15455234,101.49123,24.060139,13.827283,-8.619373,15.104899,5.164956,92.082,0.0,4.561,15.561,24.481,0.0,96.24063,0.0,0.0,460.125,217.875,2437.0,0.0,-9.8671875,0.08453369,105.355,8016.3335,8142.103,1100.0834,512.36395,16.235203,9.876768,0.0,2.1237173,3.0,28.57666,45.798027,29.249962,19.874975,0.9,0.0,-12.21875,0.0,0.0,0.0,0.0,0.0,0.0,0.9589844,1.0,55.255127,2.3437505,42.078827,41.96237,0.0,110.00001,8.203125,1.0,104.79946,80.86946,473.25,546.0,-0.22003323,27.625,0.0,22.21875,7.0023804,72.99998,22.857666,1.0,53.15,0.0,0.0,-72.92786,99.998474,27.070618,3.6621094,53.19,53.27,52.89,52.97,0
252000.12,0.042859267,-2.1927179E-11,0.1523259,0.15484905,101.49121,24.060139,13.827536,-8.667957,15.081761,5.163392,92.082,0.0,4.561,15.561,24.481,0.0,96.24063,0.0,0.0,459.75,217.5,2440.0,0.0,-9.7578125,0.08453369,105.355,8102.3022,7967.5117,1100.0834,512.36395,13.246738,9.516457,0.0,1.8552239,3.0,26.771545,45.80469,29.624962,19.499975,0.948,0.0,-12.640625,0.0,0.0,0.0,0.0,0.0,0.0,0.95996094,1.0,55.255127,2.3437505,41.743927,42.245533,0.0,110.00001,8.203125,1.0,104.81604,80.86946,473.625,546.0,-0.48852655,26.5625,0.0,22.46875,7.0023804,72.99998,22.51587,1.0,53.2,0.0,0.0,-73.013306,99.998474,26.985168,3.6621094,53.13,53.13,53.11,52.88,0
252000.17,0.034287415,-8.770872E-12,0.14940293,0.16247918,101.491196,24.060139,13.833571,-8.706835,15.046846,5.1493278,92.082,0.0,4.561,15.561,24.481,0.0,96.24063,0.0,0.0,460.125,217.5,2439.0,0.0,-9.28125,0.085876465,105.404755,8085.321,7933.549,1100.0834,512.36395,12.123415,9.558846,0.0,1.6404293,3.0,26.045227,45.810688,29.624962,19.499975,0.92,0.0,-12.9296875,0.0,0.0,0.0,0.0,0.0,0.0,0.9628906,1.0,55.18799,2.3437505,41.47593,44.128956,0.0,110.00001,8.691406,1.0,104.79946,80.86946,473.625,545.25,-0.7033212,24.6875,0.0,24.875,7.0023804,72.99998,22.589111,1.0,53.25,0.0,0.0,-72.94617,99.998474,27.052307,3.6621094,53.22,53.11,53.09,52.79,0
252000.2,0.027429933,0.01875,0.15752126,0.16307263,101.49118,24.060139,13.81436,-8.414799,49.230297,16.826855,92.082,0.0,4.561,15.561,24.481,0.0,96.24063,0.0,0.0,460.5,217.875,2436.0,0.0,-9.09375,0.085876465,105.404755,8033.8457,8324.123,1100.0834,512.36395,17.01941,10.19469,0.0,1.4685935,3.0,29.109192,45.816086,28.499964,19.874975,0.876,0.0,-13.6328125,0.0,0.0,0.0,0.0,0.0,0.0,0.96777344,1.0,55.27954,2.3437505,43.488888,44.640045,0.0,110.00001,8.691406,1.0,104.7663,80.86946,473.625,545.25,-0.875157,28.5625,0.0,25.15625,7.936031,72.99998,23.406982,1.0,53.15,0.0,0.0,-72.88208,99.998474,27.116394,3.6621094,53.11,53.2,52.94,53.04,0
252000.23,0.021943947,0.026250001,0.16191228,0.16027492,101.491165,24.060139,13.824348,-8.234379,49.21922,16.850695,92.082,0.0,4.561,15.561,24.481,0.0,96.24063,0.0,0.0,459.375,217.5,2440.0,0.0,-9.1640625,0.085876465,105.404755,8121.9375,8383.028,1100.0834,512.36395,19.9019,10.173494,0.0,1.1748749,3.0,31.00586,45.820946,27.749964,19.499975,0.96,0.0,-14.5234375,0.0,0.0,0.0,0.0,0.0,0.0,0.96972656,1.0,55.30548,2.3437505,44.73249,44.40691,0.0,110.00001,8.691406,1.0,104.79946,80.86946,473.625,545.25,-1.1688756,30.5,0.0,25.40625,7.469206,72.99998,23.321533,1.0,53.27,0.0,0.0,-72.994995,99.998474,27.003479,3.6621094,53.26,53.17,52.97,53.11,0
252000.28,0.017555159,0.029250002,0.15675798,0.1612075,101.49116,24.060139,13.825481,-8.353857,49.193115,16.855562,92.082,0.0,4.561,15.561,24.481,0.0,96.24063,0.0,0.0,459.375,217.5,2442.0,0.0,-9.15625,0.0859375,105.429634,8427.074,8166.5137,1100.0834,512.36395,12.462531,9.855573,0.0,0.93990004,3.0,26.634216,45.825317,28.124964,19.499975,0.96,0.0,-14.6171875,0.0,0.0,0.0,0.0,0.0,0.0,0.9765625,1.0,55.255127,2.3437505,43.908928,44.83397,0.0,110.00001,8.691406,1.0,104.79946,80.86946,473.625,545.25,-1.4038504,28.3125,0.0,25.34375,7.469206,72.99998,22.790527,1.0,53.25,0.0,0.0,-72.994995,99.998474,27.003479,3.6621094,53.19,53.17,52.94,52.96,0
252000.31,0.014044127,0.030450001,0.15643449,0.16226724,101.49032,24.060139,13.826274,-8.330169,49.139935,16.830444,92.082,0.0,4.561,15.561,24.481,0.0,96.24063,0.0,0.0,459.375,217.5,2441.0,0.0,-9.1484375,0.085876465,105.39646,8378.252,8257.259,1100.0834,512.36395,12.208194,10.10991,0.0,0.7519201,3.0,26.431274,45.829254,28.124964,19.499975,0.948,0.0,-15.140625,0.0,0.0,0.0,0.0,0.0,0.0,0.98046875,1.0,55.296326,2.3437505,44.071373,45.28407,0.0,110.00001,8.691406,1.0,104.79946,80.86117,473.25,545.25,-1.5918304,27.90625,0.0,25.1875,7.469206,72.99998,23.4375,1.0,53.24,0.0,0.0,-73.0011,99.998474,26.997375,3.6621094,53.22,53.17,52.94,52.81,0
252000.38,0.011235302,0.049680002,0.16055281,0.16154662,101.48956,24.060139,13.826829,-8.176671,63.23574,21.658262,92.082,0.0,4.561,15.561,24.481,0.0,96.24063,0.0,0.0,460.125,217.5,2441.0,0.0,-9.21875,0.085876465,105.39646,8261.504,8416.46,1100.0834,512.36395,15.938475,10.364247,0.0,0.60153615,3.0,28.678894,45.832794,27.749964,19.499975,0.912,0.0,-15.6484375,0.0,0.0,0.0,0.0,0.0,0.0,0.98339844,1.0,55.329895,2.3437505,45.12866,45.30403,0.0,110.00001,8.691406,1.0,104.79946,80.86117,473.25,545.25,-1.7422143,30.03125,0.0,25.34375,7.469206,72.99998,23.321533,1.0,53.27,0.0,0.0,-73.0011,99.998474,26.997375,3.6621094,53.09,53.17,53.13,52.75,0
252000.42,0.008988242,0.057372004,0.16189212,0.16642143,101.489716,24.060139,13.815499,-8.1140995,63.31626,21.694727,92.082,0.0,4.561,15.561,24.481,0.0,96.24063,0.0,0.0,459.375,217.5,2442.0,0.0,-9.25,0.08654785,105.429634,8310.856,8458.384,1100.0834,512.36395,16.722681,10.321858,0.0,0.48122895,3.0,29.257202,45.835983,27.374966,19.499975,0.948,0.0,-16.023438,0.0,0.0,0.0,0.0,0.0,0.0,0.9814453,1.0,55.337524,2.3437505,45.560112,46.493015,0.0,110.00001,9.082031,1.0,104.79946,80.86946,473.625,545.25,-1.8625215,30.46875,0.0,27.59375,7.469206,72.99998,23.321533,1.0,53.28,0.0,0.0,-73.0011,99.998474,26.997375,3.6621094,53.19,53.19,53.05,52.94,0
252000.45,0.0071905935,0.07919881,0.16355681,0.17316136,101.48985,24.060139,13.819287,-8.028117,74.196144,25.412205,92.082,0.0,4.561,15.561,24.481,0.0,96.24063,0.0,0.0,459.375,217.5,2441.0,0.0,-9.3203125,0.087890625,105.51255,8440.871,8555.496,1100.0834,512.36395,16.044449,10.491417,0.0,0.38498318,3.0,28.996277,45.838852,26.999966,19.499975,0.96,0.0,-16.109375,0.0,0.0,0.0,0.0,0.0,0.0,0.98535156,1.0,55.332947,2.3437505,46.152916,48.138794,0.0,110.00001,9.5703125,1.0,104.79946,80.86946,473.625,545.25,-1.9587673,31.3125,0.0,30.3125,7.936031,72.99998,23.754883,1.0,53.05,0.0,0.0,-73.013306,99.998474,26.985168,3.6621094,53.26,53.26,53.02,53.03,0
252000.5,0.005752475,0.087929524,0.17043486,0.17799376,101.489975,24.060139,13.827798,-7.802696,74.14716,25.416237,92.082,0.0,4.561,15.561,24.481,0.0,96.24063,0.0,0.0,459.375,217.875,2443.0,0.0,-9.34375,0.08856201,105.545715,8510.39,8876.553,1100.0834,512.36395,20.156237,11.212039,0.0,0.30798674,3.0,31.66504,45.841434,26.624966,19.874975,0.968,0.0,-16.945312,0.0041503906,0.0,0.0,0.0,0.0,0.0,0.9863281,1.0,55.436707,2.3437505,47.70684,49.23062,0.0,110.00001,9.9609375,1.0,104.79946,80.86946,473.625,545.25,-2.0357637,34.78125,0.0,32.4375,8.402857,72.99998,24.328613,1.0,53.26,1.25,0.0,-73.0011,98.498535,25.456238,3.6621094,53.24,53.26,52.94,53.13,0
252000.53,0.00460198,0.072671816,0.17630577,0.1758743,101.49008,24.060139,13.822037,-7.514855,63.369297,21.748463,92.082,0.0,4.561,15.561,24.481,0.0,96.39101,0.0,0.0,459.375,218.25,2446.0,0.0,-9.328125,0.08874512,105.753006,8739.64,9159.932,1100.0834,512.36395,22.614832,11.3815975,0.0,0.24638963,3.0,33.43506,45.843758,25.499968,20.249973,0.968,0.0,-17.953125,0.002380371,0.0,0.0,0.0,0.0,0.0,0.9892578,1.0,55.525208,2.3437505,49.691006,49.599304,0.0,110.00001,9.9609375,1.0,104.79946,80.86946,473.625,545.25,-2.0973608,37.34375,0.0,32.46875,8.402857,72.99998,24.414062,1.0,53.27,0.71875,0.0,-72.96448,99.139404,26.078796,3.6621094,53.22,53.3,53.13,53.11,0
252000.58,0.023681583,0.08531873,0.176751,0.17472976,101.49018,24.060139,13.829722,-7.4353337,74.064476,25.481422,92.082,0.0,4.561,15.561,24.481,0.0,96.51131,0.0,0.0,457.875,218.25,2452.0,0.0,-8.984375,0.08795166,105.92714,9018.242,9156.218,1100.0834,512.36395,22.932753,11.296818,0.0,0.19711185,3.0,33.946228,45.845848,25.499968,20.249973,1.048,0.0,-18.742188,0.0016479492,0.0,0.0,0.0,0.0,0.0,0.9951172,1.0,55.537415,2.3437505,50.239235,49.806564,0.0,110.00001,9.9609375,1.0,104.898964,80.86946,473.25,544.875,-2.1466386,38.0,0.0,32.5625,7.936031,72.99998,24.151611,1.0,53.39,0.5,0.0,-73.33679,99.401855,26.011658,3.6621094,53.36,53.36,53.11,52.88,0
252000.61,0.018945267,0.090377495,0.17273068,0.17608622,101.49027,24.060139,13.823383,-7.4978395,74.07812,25.486116,92.082,0.0,4.561,15.561,24.481,0.0,96.607544,0.0,0.0,458.25,218.25,2452.0,0.0,-8.734375,0.08868408,106.05981,9278.271,8925.905,1100.0834,512.89465,14.899931,11.190845,0.0,0.15768957,3.0,29.167175,45.84773,25.499968,20.249973,1.032,0.0,-19.546875,0.0025024414,0.0,0.0,0.0,0.0,0.0,0.9951172,1.0,55.49774,2.3437505,49.808483,50.503395,0.0,110.00001,9.9609375,1.0,105.08967,80.86946,473.625,544.875,-2.186061,36.0625,0.0,32.5,7.936031,72.99998,24.121094,1.0,53.33,0.75,0.0,-73.71521,99.09668,25.315857,3.6621094,53.45,53.4,52.97,52.91,0
252000.64,-0.0048437854,0.092401,0.16944654,0.17761223,101.49035,24.060139,13.830665,-7.5004244,74.19079,25.50406,92.082,0.0,4.561,15.561,24.481,0.0,96.684525,0.0,0.0,459.0,217.875,2450.0,0.0,-8.6953125,0.08862305,105.95201,9272.965,8827.731,1100.0834,512.89465,10.957702,11.021286,0.0,0.1261518,3.0,26.782227,45.849422,25.499968,19.874975,0.992,0.0,-20.5,0.0038452148,0.0,0.0,0.0,0.0,0.0,0.9941406,1.0,55.49469,2.3437505,49.79074,51.51964,0.0,110.00001,9.9609375,1.0,105.12283,80.86946,473.625,544.875,-2.2175987,34.0625,0.0,32.5,7.936031,72.99998,24.316406,1.0,53.37,1.15625,0.0,-73.70911,98.6084,24.821472,3.6621094,53.36,53.33,53.13,53.22,0
252000.69,-0.023875028,0.1119604,0.17511842,0.17723076,101.49042,24.060139,13.829903,-7.2778873,83.29806,28.611427,92.082,0.0,4.561,15.561,24.481,0.0,96.74611,0.0,0.0,459.375,218.25,2448.0,0.0,-8.7109375,0.08850098,105.81934,9145.604,9017.182,1100.0834,512.89465,13.861386,11.296818,0.0,0.10092163,3.0,28.599548,45.85095,24.749968,20.249973,0.968,0.0,-20.617188,0.0041503906,0.0,0.0,0.0,0.0,0.0,0.99316406,1.0,55.50232,2.3437505,51.324734,51.74215,0.0,110.00001,9.9609375,1.0,104.97359,80.86946,473.625,544.875,-2.2428288,36.90625,0.0,32.4375,8.402857,72.99998,24.597168,1.0,53.41,1.25,0.0,-73.44055,98.498535,24.95575,3.6621094,53.4,53.41,53.04,53.13,0
252000.73,-0.019100023,0.11978416,0.17819698,0.17532322,101.49048,24.060139,13.82937,-7.1362457,83.29486,28.633703,92.082,0.0,4.561,15.561,24.481,0.0,96.79538,0.0,0.0,459.375,218.25,2450.0,0.0,-8.7265625,0.087890625,105.8608,9008.16,9161.524,1100.0834,512.6293,19.28725,11.402792,0.0,0.08073735,3.0,31.903076,45.85232,24.37497,20.249973,0.968,0.0,-20.953125,0.0026855469,0.0,0.0,0.0,0.0,0.0,0.9941406,1.0,55.558777,2.3437505,52.301113,51.692154,0.0,110.00001,9.9609375,1.0,105.12283,80.86946,473.625,544.875,-2.2630131,38.3125,0.0,32.375,8.402857,72.99998,24.578857,1.0,53.44,0.8125,0.0,-73.79761,99.02344,25.160217,3.6621094,53.36,53.36,53.06,53.09,0
252000.77,-0.015280019,0.14166367,0.17561927,0.18134254,101.49054,24.060139,13.834855,-7.2271433,91.32405,31.406658,92.082,0.0,4.561,15.561,24.481,0.0,96.83479,0.0,0.0,458.25,218.25,2451.0,0.0,-8.6640625,0.08935547,106.08468,9180.628,8971.013,1100.0834,512.6293,14.200503,11.212039,0.0,0.06458998,3.0,28.860474,45.853558,24.749968,20.249973,1.036,0.0,-20.992188,0.0075683594,0.0,0.0,0.0,0.0,0.0,0.9970703,1.0,55.519104,2.3437505,51.67463,52.88265,0.0,110.00001,10.3515625,1.0,105.13943,80.86946,473.25,544.875,-2.2791605,37.3125,0.0,34.46875,7.936031,72.99998,24.377441,1.0,53.44,2.28125,0.0,-73.76404,97.27173,23.374939,3.6621094,53.51,53.45,53.25,53.03,0
252000.81,-0.012224015,0.13166547,0.17680822,0.186726,101.49059,24.060139,13.821117,-7.1453104,83.34196,28.673283,92.082,0.0,4.561,15.561,24.481,0.0,96.86633,0.0,0.0,458.625,218.25,2452.0,0.0,-8.671875,0.08996582,106.076385,9053.267,9134.46,1100.0834,512.6293,16.192812,11.635935,0.0,0.05167222,3.0,29.949951,45.854668,24.37497,20.249973,1.008,0.0,-21.335938,0.013000488,0.0,0.0,0.0,0.0,0.0,1.0019531,1.0,55.519104,2.3437505,52.238747,54.32652,0.0,110.00001,10.644531,1.0,105.12283,80.86946,473.625,544.875,-2.2920783,37.4375,0.0,36.25,8.402857,72.99998,25.24414,1.0,53.41,3.90625,0.0,-73.6969,95.32471,21.324158,3.6621094,53.39,53.48,53.41,53.19,0
252000.84,-0.009779212,0.14641619,0.18179382,0.18617496,101.49064,24.060139,13.823219,-6.8698077,91.41093,31.436535,92.082,0.0,4.561,15.561,24.481,0.0,96.891556,0.0,0.0,458.25,218.625,2451.0,0.0,-8.6484375,0.089660645,106.04322,8979.504,9525.034,1100.0834,512.6293,21.957792,11.911467,0.0,0.041337967,3.0,33.503723,45.855667,23.62497,20.624973,1.02,0.0,-22.34375,0.0126953125,0.0,0.0,0.0,0.0,0.0,1.0107422,1.0,55.636597,2.3437505,54.137802,55.057384,0.0,110.00001,10.644531,1.0,105.12283,80.86946,473.625,544.875,-2.3024125,40.3125,0.0,36.3125,8.869681,72.99998,25.292969,1.0,53.43,3.8125,0.0,-73.65112,95.42847,21.461487,3.6621094,53.51,53.41,53.22,53.25,0
252000.89,-0.02782337,0.15231648,0.18299559,0.18604778,101.490685,24.060139,13.83055,-6.8156986,91.373886,31.500721,92.082,0.0,4.561,15.561,24.481,0.0,96.91174,0.0,0.0,457.5,218.625,2457.0,0.0,-8.671875,0.089782715,106.242226,9296.846,9551.568,1100.0834,512.6293,23.293064,11.826688,0.0,0.18932056,3.0,34.672546,45.856567,23.62497,20.624973,1.08,0.0,-22.429688,0.0126953125,0.0,0.0,0.0,0.0,0.0,1.0126953,1.0,55.651855,2.3437505,54.510815,55.158817,0.0,110.00001,10.839844,1.0,105.263794,80.86946,473.625,544.875,-2.15443,41.28125,0.0,37.34375,8.402857,72.99998,24.768066,1.0,53.46,3.8125,0.0,-74.11194,95.42847,21.0495,3.6621094,53.53,53.55,53.22,53.36,0
252000.92,-0.022258697,0.15467659,0.18050691,0.18782814,101.49072,24.060139,13.823963,-6.888167,91.37528,31.526844,92.082,0.0,4.561,15.561,24.481,0.0,96.92789,0.0,0.0,457.5,218.625,2459.0,0.0,-8.6640625,0.089904785,106.38319,9611.534,9392.897,1100.0834,512.89465,15.896086,11.805492,0.0,0.3077066,3.0,30.325317,45.857376,23.62497,20.624973,1.08,0.0,-22.804688,0.014282227,0.0,0.0,0.0,0.0,0.0,1.0087891,1.0,55.612183,2.3437505,54.011337,55.510586,0.0,110.00001,10.839844,1.0,105.41305,80.86946,473.625,544.875,-2.036044,39.5625,0.0,37.4375,8.402857,72.99998,25.115967,1.0,53.59,4.28125,0.0,-74.44458,94.86084,20.069885,3.6621094,53.41,53.6,53.25,53.45,0
252000.97,-0.017806958,0.15562063,0.18429764,0.1944833,101.49075,24.060139,13.819352,-6.6307907,91.35422,31.468306,92.082,0.0,4.561,15.561,24.481,0.0,96.94081,0.0,0.0,457.875,218.625,2455.0,0.0,-8.6640625,0.09112549,106.27539,9679.99,9644.436,1100.0834,512.89465,17.803616,12.144609,0.0,0.4024154,3.0,31.686401,45.858105,22.874971,20.624973,1.044,0.0,-23.6875,0.020385742,0.0,0.0,0.0,0.0,0.0,1.0,1.0,55.66864,2.3437505,55.785435,57.945164,0.0,110.00001,11.230469,1.0,105.222336,80.86946,473.25,544.875,-1.9413351,41.1875,0.0,39.53125,8.869681,72.99998,25.665283,1.0,53.5,6.125,0.0,-73.950195,92.7063,18.318176,3.6621094,53.62,53.6,53.45,53.15,0
252001.02,-0.014245567,0.15599826,0.18817385,0.19507676,101.49078,24.060139,13.810266,-6.422616,91.387596,31.505447,92.082,0.0,4.561,15.561,24.481,0.0,96.95114,0.0,0.0,458.25,218.625,2457.0,0.0,-8.625,0.09118652,106.32514,9700.156,9914.548,1100.0834,512.89465,21.110003,12.335362,0.0,0.32193255,3.0,33.866882,45.85876,22.499971,20.624973,1.032,0.0,-24.179688,0.021362305,0.0,0.0,0.0,0.0,0.0,0.9980469,1.0,55.693054,2.3437505,57.22039,58.685043,0.0,110.00001,11.425781,1.0,105.363304,80.86946,473.625,544.5,-2.021818,42.8125,0.0,40.40625,8.869681,72.99998,26.013184,1.0,53.59,6.40625,0.0,-74.30115,92.3584,17.503357,3.6621094,53.66,53.72,53.25,53.25,0
252001.06,-0.031396452,0.1561493,0.1907727,0.19503435,101.490814,24.060139,13.821483,-6.2007074,91.435974,31.61193,92.082,0.0,4.561,15.561,24.481,0.0,96.95941,0.0,0.0,457.5,219.0,2464.0,0.0,-8.6171875,0.091308594,106.474396,9882.177,10219.685,1100.0834,512.89465,23.780544,12.695674,0.0,0.2575462,3.0,35.865784,45.859352,21.749971,20.999973,1.068,0.0,-25.367188,0.021972656,0.0,0.0,0.0,0.0,0.0,1.0126953,1.0,55.72815,2.3437505,58.75001,59.619358,0.0,110.00001,11.5234375,1.0,105.41305,80.86946,473.625,544.5,-2.0862043,44.375,0.0,41.03125,8.869681,72.99998,26.245117,1.0,53.7,6.59375,0.0,-74.35608,92.13867,17.228699,3.6621094,53.64,53.75,53.55,53.45,0
252001.1,-0.045117162,0.15620972,0.19200662,0.19435613,101.49084,24.060139,13.835194,-6.014906,91.43122,31.648777,92.082,0.0,4.561,15.561,24.481,0.0,96.96602,0.0,0.0,457.5,219.0,2467.0,0.0,-8.6171875,0.09112549,106.60706,10073.219,10185.722,1100.0834,512.89465,21.004028,12.780453,0.0,0.36228704,3.0,34.24225,45.859882,20.999973,20.999973,1.084,0.0,-26.21875,0.021728516,0.0,0.0,0.0,0.0,0.0,1.0146484,1.0,55.80139,2.3437505,60.030746,60.241302,0.0,110.00001,11.5234375,1.0,105.49597,80.86946,473.25,544.5,-1.9814634,45.15625,0.0,41.09375,8.869681,72.99998,26.391602,1.0,53.66,6.53125,0.0,-74.642944,92.22412,17.02118,3.6621094,53.69,53.68,53.51,53.48,0
252001.12,-0.03609373,0.17498389,0.19269505,0.19478002,101.49086,24.060139,13.821354,-5.93009,98.64399,34.18699,92.082,0.0,4.561,15.561,24.481,0.0,96.97131,0.0,0.0,457.125,219.0,2470.0,0.0,-8.65625,0.09112549,106.631935,10274.874,10117.795,1100.0834,513.16,19.583977,12.716868,0.0,0.44607973,3.0,33.67462,45.86036,20.999973,20.999973,1.088,0.0,-26.90625,0.022277832,0.0,0.0,0.0,0.0,0.0,1.0087891,1.0,55.80139,2.3437505,60.615395,61.081806,0.0,110.00001,11.5234375,1.0,105.57888,80.86946,473.625,544.875,-1.8976707,45.5,0.0,41.15625,8.869681,72.99998,26.269531,1.0,53.77,6.6875,0.0,-74.8291,92.02881,16.633606,3.6621094,53.76,53.78,53.38,53.38,0
252001.17,-0.04887498,0.18249357,0.19339398,0.19478002,101.49088,24.060139,13.829245,-5.8705688,98.68966,34.202812,92.082,0.0,4.561,15.561,24.481,0.0,96.97554,0.0,0.0,457.125,219.0,2470.0,0.0,-8.625,0.09118652,106.70656,10420.278,10123.633,1100.0834,513.16,16.574318,12.674479,0.0,0.51311386,3.0,32.01599,45.86079,20.624973,20.999973,1.088,0.0,-26.992188,0.022155762,0.0,0.0,0.0,0.0,0.0,1.0068359,1.0,55.804443,2.3437505,61.025692,61.367393,0.0,110.00001,11.5234375,1.0,105.76131,80.86946,473.625,544.5,-1.8306366,45.5625,0.0,41.1875,8.869681,72.99998,26.513672,1.0,53.79,6.65625,0.0,-75.201416,92.07153,16.304016,3.6621094,53.78,53.78,53.48,53.51,0
252001.22,-0.059099987,0.18549743,0.19233708,0.19770491,101.4909,24.060139,13.82305,-5.899935,98.709526,34.19585,92.082,0.0,4.561,15.561,24.481,0.0,96.97893,0.0,0.0,457.5,219.0,2469.0,0.0,-8.59375,0.09185791,106.723145,10420.278,10098.16,1100.0834,513.16,15.323827,12.738063,0.0,0.5667411,3.0,31.300354,45.86118,20.624973,20.999973,1.076,0.0,-27.3125,0.024902344,0.0,0.0,0.0,0.0,0.0,1.0087891,1.0,55.804443,2.3437505,60.82329,61.960155,0.0,110.00001,11.71875,1.0,105.869095,80.86946,473.625,544.5,-1.7770094,45.15625,0.0,42.40625,8.869681,72.99998,26.629639,1.0,53.92,7.46875,0.0,-75.45166,91.11328,15.034485,3.6621094,53.76,53.66,53.6,53.51,0
252001.25,-0.067279994,0.22419898,0.19348314,0.20046021,101.49091,24.060139,13.824572,-5.819223,111.68029,38.689297,92.082,0.0,4.561,15.561,24.481,0.0,96.98164,0.0,0.0,457.5,219.0,2469.0,0.0,-8.578125,0.091796875,106.69827,10269.567,10206.948,1100.0834,513.16,17.37972,12.886427,0.0,0.609643,3.0,32.481384,45.861526,20.624973,20.999973,1.072,0.0,-27.5625,0.027709961,0.0,0.0,0.0,0.0,0.0,1.015625,1.0,55.799866,2.3437505,61.379642,62.841587,0.0,110.00001,11.9140625,1.0,106.01006,80.86946,473.625,544.5,-1.7341075,45.59375,0.0,43.46875,9.336507,72.99998,27.313232,1.0,53.8,8.3125,0.0,-75.823975,90.112305,13.587952,3.6621094,53.84,53.87,53.64,53.62,0
252001.28,-0.053823996,0.2396796,0.19679411,0.2058861,101.49093,24.060139,13.825638,-5.6705537,111.66495,38.69965,92.082,0.0,4.561,15.561,24.481,0.0,96.98381,0.0,0.0,457.5,219.0,2470.0,0.0,-8.5859375,0.09313965,106.73973,10227.113,10553.478,1100.0834,513.16,20.622522,13.289127,0.0,0.8002144,3.0,34.638977,45.86184,20.624973,20.999973,1.084,0.0,-28.007812,0.03289795,0.0,0.0,0.0,0.0,0.0,1.0185547,1.0,55.85785,2.3437505,62.40442,64.34056,0.0,110.00001,12.3046875,1.0,105.97689,80.86946,473.625,544.5,-1.5435361,47.0,0.0,45.625,9.336507,72.99998,27.34375,1.0,53.86,9.875,0.0,-75.7782,88.33008,11.784363,3.6621094,53.89,53.92,53.6,53.75,0
252001.33,-0.043059196,0.22712186,0.20274055,0.21410967,101.490944,24.060139,13.820524,-5.393619,105.430084,36.59801,92.082,0.0,4.561,15.561,24.481,0.0,96.98555,0.0,0.0,456.75,219.375,2474.0,0.0,-8.5703125,0.09429932,106.90556,10409.665,10852.776,1100.0834,513.16,25.66688,13.755413,0.0,0.95267165,3.0,38.238525,45.86212,20.249973,21.374973,1.12,0.0,-28.640625,0.041015625,0.0,0.0,0.0,0.0,0.0,1.0234375,1.0,55.929565,2.3437505,64.31332,66.65683,0.0,110.00001,12.988281,1.0,106.09299,80.86946,473.625,544.5,-1.3910788,50.0625,0.0,49.28125,9.803332,72.99998,28.192139,1.0,53.92,12.3125,0.0,-75.93689,85.52246,8.604431,3.6621094,53.87,53.91,53.64,53.87,0
252001.38,-0.034447357,0.24084875,0.21078984,0.22110395,101.49096,24.060139,13.828664,-5.09926,111.618805,38.824615,92.082,0.0,4.561,15.561,24.481,0.0,96.98694,2.0,0.0,456.375,219.0,2479.0,0.0,-8.5234375,0.095825195,107.13773,10841.632,11207.266,1100.0834,513.16,26.366306,14.073335,0.0,1.0746374,3.0,39.40735,45.862377,19.874975,20.999973,1.156,0.0,-28.804688,0.047607422,0.0,0.0,0.0,0.0,0.0,1.0205078,1.0,56.03485,2.3437505,66.342316,68.5118,0.0,110.00001,13.4765625,1.0,106.09299,80.86946,473.625,544.5,-1.2691131,53.375,0.0,52.0,10.270158,72.99998,28.607178,1.0,54.03,14.28125,0.0,-75.927734,83.31299,6.214905,3.6621094,54.0,54.05,53.62,53.69,0
252001.4,-0.027557885,0.22758952,0.21795492,0.22305386,101.49097,24.060139,13.816783,-4.8367305,105.35058,36.71823,92.082,0.0,4.561,15.561,24.481,0.0,96.98805,2.0,0.0,456.375,219.0,2484.0,0.0,-8.484375,0.096069336,107.41136,11268.823,11597.84,1100.0834,513.6906,25.66688,14.624398,0.0,1.17221,3.0,39.691162,45.862606,19.874975,20.999973,1.156,0.0,-29.382812,0.049865723,0.0,0.0,0.0,0.0,0.0,1.0,1.0,56.149292,2.3437505,68.15191,69.20538,0.0,110.00001,13.671875,1.0,106.13444,80.86946,473.625,544.5,-1.1715405,56.40625,0.0,53.125,10.270158,72.99998,28.955078,1.0,54.01,14.96875,0.0,-76.1322,82.53784,5.1376343,3.6621094,54.05,54.02,53.6,53.66,0
252001.44,-0.022046309,0.24103582,0.2214495,0.23360887,101.490974,24.060139,13.826045,-4.6850767,111.64902,38.99178,92.082,0.0,4.561,15.561,24.481,0.0,96.98894,2.0,0.0,456.375,218.625,2489.0,0.0,-8.421875,0.09729004,107.70986,11742.183,11961.881,1100.0834,513.6906,26.95976,14.815152,0.0,1.0940181,3.0,41.47339,45.862812,19.874975,20.624973,1.192,0.0,-29.601562,0.059692383,0.0,0.0,0.0,0.0,0.0,0.99609375,1.0,56.178284,2.3437505,69.19725,71.779625,0.0,110.00001,14.453125,1.0,106.25052,80.86946,474.375,544.5,-1.2497324,57.71875,0.0,57.5,10.736983,72.99998,29.27246,1.0,54.12,17.90625,0.0,-76.33972,79.211426,1.4755249,3.6621094,54.1,54.1,53.92,53.82,0
252001.48,-0.017637048,0.24641433,0.23188381,0.24051838,101.49098,24.060139,13.820809,-4.36733,111.664276,38.981438,92.082,0.0,4.561,15.561,24.481,0.0,96.98964,2.0,0.0,456.375,218.625,2488.0,0.0,-8.3515625,0.098083496,107.859116,12093.487,12339.72,1100.0834,513.6906,28.06189,15.556969,0.0,1.0314646,3.0,42.84668,45.863,19.499975,20.624973,1.184,0.0,-29.695312,0.066467285,0.0,0.0,0.0,0.0,0.0,0.99609375,1.0,56.307983,2.3437505,71.38745,73.1991,0.0,110.00001,14.941406,1.0,106.25052,80.86946,474.375,544.5,-1.3122859,61.53125,0.0,60.21875,11.203809,72.99998,30.236816,1.0,54.17,19.9375,0.0,-76.31531,76.934814,0.0,3.6621094,54.21,54.16,54.0,53.84,0
252001.53,-0.0141096385,0.28606573,0.24021094,0.25488845,101.49016,24.060139,13.811285,-4.0823836,123.000084,43.007748,92.082,0.0,4.561,15.561,24.481,0.0,96.990204,2.0,0.0,456.75,218.25,2492.0,0.0,-8.3203125,0.10070801,108.182495,12494.1455,12730.294,1100.0834,513.6906,27.426046,16.31998,0.0,0.9814217,3.0,43.1427,45.863167,19.124975,20.249973,1.212,0.0,-29.921875,0.080078125,0.0,0.0,0.0,0.0,0.0,0.99902344,1.0,56.430054,2.3437505,73.35073,76.44071,0.0,110.00001,16.015625,1.0,106.38319,80.86117,475.125,544.5,-1.3623288,65.90625,0.0,66.1875,11.670634,72.99998,30.865479,1.0,54.17,24.03125,0.0,-76.605225,72.53418,0.0,3.6621094,54.33,54.29,53.79,53.92,0
252001.56,-0.011287711,0.30192629,0.25465727,0.27994063,101.48942,24.060139,13.816337,-3.6382172,123.05329,43.147213,92.082,0.0,4.561,15.561,24.481,0.0,96.99066,2.0,0.0,456.375,217.875,2499.0,0.0,-8.296875,0.10479736,108.67171,13003.591,13125.114,1100.0834,513.6906,28.46459,17.612864,0.0,0.9413874,3.0,44.595337,45.863316,18.749975,19.874975,1.26,0.0,-29.96875,0.10406494,0.0,0.0,0.0,0.0,0.0,1.0117188,1.0,56.526184,2.3437505,76.41158,81.41348,0.0,110.00001,17.96875,1.0,106.43294,80.9358,475.5,544.5,-1.4023631,71.6875,0.0,77.03125,13.07111,72.99998,32.385254,1.0,54.35,31.21875,0.0,-76.745605,64.971924,0.0,3.6621094,54.29,54.33,54.0,54.35,0
252001.61,-0.009030169,0.32702053,0.28123695,0.28896964,101.489586,24.060139,13.819873,-2.9109251,128.28252,45.052776,92.082,0.0,4.561,15.561,24.481,0.0,96.99103,2.0,0.0,455.625,216.375,2503.0,0.0,-8.2109375,0.10650635,109.078,13447.763,13524.18,1100.0834,513.956,29.206408,18.693796,0.0,1.06561,3.0,45.707703,45.86345,17.999977,18.374977,1.348,0.0,-30.070312,0.11340332,0.0,0.0,0.0,0.0,0.0,1.0224609,1.0,56.852722,2.3437505,81.4249,82.789276,0.0,110.00001,18.554688,1.0,106.43294,82.12151,475.875,544.125,-1.2781404,80.59375,0.0,80.59375,14.004761,72.99998,33.740234,1.0,54.36,34.03125,0.0,-75.20752,62.13379,0.0,3.6621094,54.44,54.48,53.98,54.19,0
252001.64,-0.007224135,0.35580823,0.28921366,0.29130104,101.48973,24.060139,13.822349,-2.6750355,133.30501,47.00372,92.082,0.0,4.561,15.561,24.481,0.0,96.99132,2.0,0.0,455.625,215.625,2513.0,0.0,-7.8515625,0.10760498,109.84084,13849.481,13923.245,1100.0834,513.956,28.252644,19.32964,0.0,1.3212382,3.0,45.73059,45.86357,17.624977,17.624977,1.348,0.0,-30.359375,0.11621094,0.0,0.0,0.0,0.0,0.0,1.0302734,1.0,57.009888,2.3437505,83.051,83.37427,0.0,110.00001,18.75,1.0,106.81436,82.95069,475.875,543.75,-1.0225123,84.9375,0.0,81.78125,14.471586,72.99998,34.30786,1.0,54.44,34.875,0.0,-74.383545,61.395264,0.0,3.6621094,54.59,54.53,54.1,54.12,0
252001.7,-0.0057793083,0.3673233,0.293453,0.29164013,101.48986,24.060139,13.829941,-2.5635037,133.26576,47.08337,92.082,0.0,4.561,15.561,24.481,0.0,96.99155,2.0,0.0,455.25,215.25,2518.0,0.0,-7.2578125,0.107666016,110.263725,14339.823,14322.311,1100.0834,513.956,28.761318,19.77473,0.0,1.5257406,3.0,46.91162,45.86368,17.624977,17.249977,1.428,0.0,-30.375,0.117492676,0.0,0.0,0.0,0.0,0.0,1.0292969,1.0,57.06787,2.3437505,83.81991,83.65899,0.0,110.00001,18.75,1.0,107.45282,83.22432,477.0,543.375,-0.81800985,86.53125,0.0,81.78125,14.471586,72.99998,35.48584,1.0,54.59,35.25,0.0,-74.60327,60.980225,0.0,3.6621094,54.67,54.7,54.19,54.08,0
252001.73,-0.0046234466,0.40942934,0.29308817,0.29172495,101.48998,24.060139,13.8176775,-2.548176,142.84471,50.447613,92.082,0.0,4.561,15.561,24.481,0.0,96.99173,2.0,0.0,455.625,215.25,2517.0,0.0,-7.0546875,0.107543945,110.46272,14661.41,14721.376,1100.0834,514.48663,29.84225,19.9019,0.0,1.6893425,3.0,48.217773,45.86378,17.624977,17.249977,1.428,0.0,-30.421875,0.11779785,0.0,0.0,0.0,0.0,0.0,1.0273438,1.0,57.118225,2.3437505,83.92568,83.80176,0.0,110.00001,18.75,1.0,108.03324,83.47307,477.375,543.0,-0.6544079,86.53125,0.0,82.125,14.471586,72.99998,36.291504,1.0,54.63,35.34375,0.0,-75.54016,60.858154,0.0,3.6621094,54.65,54.65,54.54,54.32,0
252001.78,-0.0036987574,0.48252177,0.28903994,0.29202163,101.49009,24.060139,13.820811,-2.6133828,155.88878,55.032433,92.082,0.0,4.561,15.561,24.481,0.0,96.99188,2.0,0.0,455.625,215.25,2516.0,0.0,-7.0390625,0.10656738,110.47931,15020.145,15012.715,1100.0834,514.48663,28.888487,19.9019,0.0,1.820224,3.0,48.24066,45.86387,17.624977,17.249977,1.424,0.0,-30.507812,0.119018555,0.0,0.0,0.0,0.0,0.0,1.0292969,1.0,57.122803,2.3437505,83.476326,83.89341,0.0,110.00001,18.75,1.0,108.71317,83.66378,477.375,543.0,-0.5235264,84.84375,0.0,82.0,14.004761,72.99998,36.99341,1.0,54.79,35.71875,0.0,-77.08435,60.272217,0.0,3.6621094,54.75,54.71,54.5,54.39,0
252001.81,-0.002959006,0.5492587,0.28872925,0.29164013,101.49019,24.060139,13.817146,-2.6224601,163.9819,57.912506,92.082,0.0,4.561,15.561,24.481,0.0,96.992004,2.0,0.0,456.0,215.625,2517.0,0.0,-7.1328125,0.1060791,110.37151,15400.105,15009.0,1100.0834,514.48663,23.505013,20.050262,0.0,1.9249294,3.0,45.481873,45.86395,17.624977,17.624977,1.404,0.0,-30.875,0.11987305,0.0,0.0,0.0,0.0,0.0,1.0332031,1.0,57.148743,2.3437505,83.41386,83.85855,0.0,110.00001,18.75,1.0,109.35163,83.80474,477.375,543.375,-0.4188211,84.90625,0.0,82.0,14.004761,72.99998,38.067627,1.0,54.72,35.96875,0.0,-77.230835,59.8938,0.0,3.6621094,54.89,54.91,54.52,54.61,0
252001.86,-0.0023672048,0.5759535,0.28860316,0.29202163,101.49027,24.060139,13.820439,-2.6050882,163.98346,57.959076,92.082,0.0,4.561,15.561,24.481,0.0,96.992096,2.0,0.0,456.0,215.625,2519.0,0.0,-7.1953125,0.10571289,110.33835,15564.614,14931.522,1100.0834,514.48663,20.050262,19.98668,0.0,2.0086937,3.0,43.641663,45.86402,17.624977,17.624977,1.4,0.0,-30.960938,0.121032715,0.0,0.0,0.0,0.0,0.0,1.0283203,1.0,57.148743,2.3437505,83.53368,83.99781,0.0,110.00001,18.75,1.0,109.915474,83.9457,477.375,543.375,-0.33505687,84.875,0.0,82.03125,14.004761,72.99998,38.8916,1.0,54.91,36.3125,0.0,-78.3905,59.436035,0.0,3.6621094,54.89,54.91,54.55,54.72,0
252001.89,-0.0018937638,0.60538137,0.29029787,0.29159775,101.49035,24.060139,13.828605,-2.587425,167.83841,59.415787,92.082,0.0,4.561,15.561,24.481,0.0,96.99217,2.0,0.0,456.0,215.625,2523.0,0.0,-7.25,0.10473633,110.33835,15550.286,15046.147,1100.0834,514.48663,18.926939,20.537743,0.0,2.075705,3.0,43.074036,45.864086,17.624977,17.624977,1.4,0.0,-30.898438,0.12207031,0.0,0.0,0.0,0.0,0.0,1.0214844,1.0,57.156372,2.3437505,83.65551,83.82728,0.0,110.00001,18.75,1.0,110.5954,83.98716,477.375,543.375,-0.2680455,85.40625,0.0,82.03125,14.004761,72.99998,39.923096,1.0,54.98,36.625,0.0,-80.05676,58.90503,0.0,3.6621094,55.01,55.01,54.59,54.72,0
252001.92,-0.0015150111,0.6171526,0.29030114,0.29159775,101.49042,24.060139,13.828461,-2.587611,167.86757,59.543877,92.082,0.0,4.561,15.561,24.481,0.0,96.99223,2.0,0.0,455.625,215.625,2528.0,0.0,-7.2421875,0.10479736,110.3881,15485.544,14928.338,1100.0834,514.752,17.42211,20.135042,0.0,2.129314,3.0,42.279053,45.864143,17.624977,17.624977,1.412,0.0,-30.828125,0.122680664,0.0,0.0,0.0,0.0,0.0,1.0205078,1.0,57.165527,2.3437505,83.6543,83.83782,0.0,110.00001,18.75,1.0,111.10948,84.020325,477.375,543.375,-0.21443641,85.53125,0.0,82.0625,13.537935,72.99998,40.722656,1.0,55.08,36.8125,0.0,-80.51453,58.709717,0.0,3.6621094,55.09,55.13,54.72,54.72,0
252001.97,-0.0012120089,0.603111,0.28952459,0.29164013,101.49048,24.060139,13.834219,-2.6010149,164.03122,58.298176,92.082,0.0,4.561,15.561,24.481,0.0,96.99228,2.0,0.0,456.0,215.625,2533.0,0.0,-7.2578125,0.10449219,110.421265,15319.975,15007.939,1100.0834,514.752,18.672602,20.601326,0.0,2.1722014,3.0,42.9718,45.864197,17.624977,17.624977,1.424,0.0,-30.71875,0.12414551,0.0,0.0,0.0,0.0,0.0,1.0214844,1.0,57.182312,2.3437505,83.561966,83.83882,0.0,110.00001,18.75,1.0,111.65673,84.03691,477.75,543.375,-0.17154913,85.21875,0.0,82.0625,13.537935,72.99998,41.54663,1.0,55.21,37.25,0.0,-81.95801,58.154297,0.0,3.6621094,55.12,55.2,54.95,54.84,0
252002.02,-9.696071E-4,0.61624444,0.2905451,0.29202163,101.49054,24.060139,13.832391,-2.6052299,167.88313,59.737846,92.082,0.0,4.561,15.561,24.481,0.0,96.992325,2.0,0.0,455.625,215.25,2536.0,0.0,-7.2109375,0.10412598,110.421265,15208.533,14960.709,1100.0834,515.01733,18.248707,20.622522,0.0,2.2065113,3.0,42.68799,45.864243,17.624977,17.249977,1.428,0.0,-30.375,0.1251831,0.0,0.0,0.0,0.0,0.0,1.0205078,1.0,57.185364,2.3437505,83.532974,83.67693,0.0,110.00001,18.75,1.0,112.17083,83.98716,477.75,543.375,-0.1372393,85.59375,0.0,82.09375,13.537935,72.99998,42.37671,1.0,55.15,37.5625,0.0,-82.67822,57.739258,0.0,3.6621094,55.46,55.27,55.09,54.86,0
252002.05,-7.756857E-4,0.62149775,0.29333016,0.29193687,101.49059,24.060139,13.83697,-2.563546,167.90012,59.83812,92.082,0.0,4.561,15.561,24.481,0.0,96.992355,2.0,0.0,455.625,215.25,2540.0,0.0,-7.1796875,0.10418701,110.47931,15101.338,15054.107,1100.0834,515.01733,19.28725,21.131197,0.0,2.233959,3.0,43.244934,45.864285,17.624977,17.249977,1.436,0.0,-30.375,0.12634277,0.0,0.0,0.0,0.0,0.0,1.0214844,1.0,57.211304,2.3437505,83.82035,83.69955,0.0,110.00001,18.75,1.0,112.68492,83.953995,477.75,543.375,-0.10979145,86.375,0.0,82.09375,13.537935,72.99998,43.15796,1.0,55.32,37.90625,0.0,-83.92334,57.36084,0.0,3.6621094,55.45,55.46,54.95,54.99,0
252002.1,-6.2054856E-4,0.6235991,0.28899446,0.2918945,101.49064,24.060139,13.840176,-2.6159563,167.99988,59.967964,92.082,0.0,4.561,15.561,24.481,0.0,96.992386,2.0,0.0,455.25,215.25,2544.0,0.0,-7.15625,0.10424805,110.53735,15100.807,14948.504,1100.0834,515.01733,20.050262,20.855663,0.0,2.4121673,3.0,43.733215,45.864323,17.624977,17.249977,1.48,0.0,-30.375,0.12664795,0.0,0.0,0.0,0.0,0.0,1.0214844,1.0,57.22046,2.3437505,83.45914,83.87167,0.0,110.00001,18.75,1.0,113.18242,83.9457,478.125,543.375,0.06841683,84.90625,0.0,82.125,13.07111,72.99998,43.322754,1.0,55.46,38.0,0.0,-85.58655,57.263184,0.0,3.6621094,55.4,55.49,55.31,55.22,0
252002.12,-4.964389E-4,0.62443966,0.28877375,0.30160168,101.490685,24.060139,13.8248415,-2.6462297,167.9908,60.03544,92.082,0.0,4.561,15.561,24.481,0.0,96.9924,2.0,0.0,455.25,215.625,2547.0,0.0,-7.1640625,0.105285645,110.587105,15119.911,14857.229,1100.0834,515.28265,17.655252,20.898054,0.0,2.554734,3.0,42.245483,45.864357,17.624977,17.624977,1.48,0.0,-30.710938,0.1359253,0.0,0.0,0.0,0.0,0.0,1.0205078,1.0,57.218933,2.3437505,83.25051,84.91857,0.0,110.00001,19.433594,1.0,113.82917,84.21933,478.125,543.375,0.21098346,84.9375,0.0,85.84375,13.07111,72.99998,44.293213,1.0,55.4,40.78125,0.0,-86.35559,54.351807,0.0,3.6621094,55.76,55.71,55.34,55.24,0
252002.17,0.019602848,0.6247759,0.30360663,0.30838403,101.49072,24.060139,13.825827,-2.3377209,167.90372,60.074993,92.082,0.0,4.561,15.561,24.481,0.0,96.99242,2.0,0.0,455.625,215.25,2550.0,0.0,-7.1640625,0.10662842,110.562225,15042.964,15161.304,1100.0834,515.28265,21.215975,21.936598,0.0,2.6687872,3.0,44.403076,45.864388,17.249977,17.249977,1.464,0.0,-31.085938,0.1437378,0.0,0.0,0.0,0.0,0.0,1.0126953,1.0,57.258606,2.3437505,85.37707,85.99341,0.0,110.00001,19.921875,1.0,113.97014,85.79476,478.125,543.375,0.32503676,90.40625,0.0,88.65625,14.004761,72.99998,45.983887,1.0,55.63,43.125,0.0,-83.70361,52.03247,0.0,3.6621094,55.69,55.58,55.09,55.37,0
252002.2,0.015682278,0.62491035,0.3120848,0.3094438,101.49075,24.060139,13.826516,-2.184039,167.9381,60.346497,92.082,0.0,4.561,15.561,24.481,0.0,96.99243,2.0,0.0,455.25,214.5,2561.0,0.0,-7.125,0.107177734,110.81098,15141.138,15295.563,1100.0834,515.548,24.501167,22.08496,0.0,2.6037798,3.0,46.525574,45.864414,17.249977,16.499979,1.476,0.0,-30.625,0.1459961,0.0,0.0,0.0,0.0,0.0,1.0039062,1.0,57.278442,2.3437505,86.43641,86.088936,0.0,110.00001,19.921875,1.0,114.29352,85.98547,478.125,543.0,0.2600294,92.75,0.0,88.71875,14.004761,72.99998,46.246338,1.0,55.66,43.8125,0.0,-83.27637,51.40381,0.0,3.6621094,55.82,56.02,55.31,55.56,0
252002.23,0.012545823,0.60621417,0.3140759,0.3096981,101.49078,24.060139,13.832858,-2.1641812,164.13556,59.07222,92.082,0.0,4.561,15.561,24.481,0.0,96.99245,2.0,0.0,454.875,214.125,2565.0,0.0,-7.140625,0.107666016,111.26703,15281.766,15341.201,1100.0834,515.548,22.86917,22.29691,0.0,2.551774,3.0,45.651245,45.86444,17.249977,16.124979,1.552,0.0,-30.109375,0.14654541,0.0,0.0,0.0,0.0,0.0,1.0107422,1.0,57.295227,2.3437505,86.57332,86.07295,0.0,110.00001,19.921875,1.0,114.74127,86.08498,478.875,543.375,0.20802353,93.28125,0.0,88.84375,14.004761,72.99998,46.862793,1.0,55.73,43.96875,0.0,-83.914185,51.330566,0.0,3.6621094,55.88,55.85,55.49,55.55,0
252002.28,0.0100366585,0.61748564,0.30718085,0.3096981,101.490814,24.060139,13.837297,-2.2883885,167.88683,60.492966,92.082,0.0,4.561,15.561,24.481,0.0,96.99245,2.0,0.0,455.25,214.5,2568.0,0.0,-7.1328125,0.10748291,111.43286,15417.087,15306.177,1100.0834,515.548,20.092651,22.106155,0.0,2.6664193,3.0,44.107056,45.864464,17.249977,16.499979,1.536,0.0,-30.25,0.14654541,0.0,0.0,0.0,0.0,0.0,1.0136719,1.0,57.28607,2.3437505,85.7172,86.09221,0.0,110.00001,19.921875,1.0,115.38802,86.151306,479.25,543.375,0.32266882,91.21875,0.0,88.75,13.537935,72.99998,47.357178,1.0,56.0,43.96875,0.0,-85.81543,51.28784,0.0,3.6621094,55.99,55.85,55.52,55.29,0
252002.31,-0.011970673,0.64074427,0.30642775,0.3096981,101.49084,24.060139,13.828686,-2.2722828,171.85608,61.971394,92.082,0.0,4.561,15.561,24.481,0.0,96.99245,2.0,0.0,455.625,214.5,2570.0,0.0,-7.15625,0.107299805,111.26703,15418.148,15196.858,1100.0834,516.0787,18.375875,21.555092,0.0,2.7581356,3.0,43.130493,45.864483,17.249977,16.499979,1.52,0.0,-30.273438,0.14685059,0.0,0.0,0.0,0.0,0.0,1.0195312,1.0,57.28607,2.3437505,85.82824,86.26484,0.0,110.00001,19.921875,1.0,116.059654,86.25081,479.25,543.375,0.41438502,90.96875,0.0,88.75,13.537935,72.99998,48.2666,1.0,56.13,44.0625,0.0,-86.44409,51.14746,0.0,3.6621094,56.04,56.02,55.82,55.76,0
252002.38,-0.009576539,0.66879773,0.3077645,0.30685803,101.49086,24.060139,13.828517,-2.2753909,175.42868,63.23506,92.082,0.0,4.561,15.561,24.481,0.0,96.99245,2.0,0.0,456.0,214.5,2569.0,0.0,-7.15625,0.10656738,111.21728,15414.965,15211.187,1100.0834,516.0787,18.503044,21.68226,0.0,2.8315084,3.0,43.244934,45.864502,17.249977,16.499979,1.484,0.0,-30.0625,0.14465332,0.0,0.0,0.0,0.0,0.0,1.0175781,1.0,57.299805,2.3437505,85.80684,85.65131,0.0,110.00001,19.726562,1.0,116.46595,86.176186,479.25,543.375,0.48775798,91.40625,0.0,87.6875,13.537935,72.99998,48.90747,1.0,56.12,43.40625,0.0,-87.36572,51.715088,0.0,3.6621094,56.19,56.19,55.82,55.52,0
252002.42,-0.007661231,0.66126907,0.30567285,0.3066885,101.49088,24.060139,13.82254,-2.3444338,171.85657,62.116253,92.082,0.0,4.561,15.561,24.481,0.0,96.99245,2.0,0.0,456.0,214.5,2576.0,0.0,-7.1796875,0.10626221,111.275314,15325.281,15204.818,1100.0834,516.0787,18.503044,21.618677,0.0,3.0464568,3.0,43.15338,45.864517,17.249977,16.499979,1.484,0.0,-30.0,0.14538574,0.0,0.0,0.0,0.0,0.0,1.0214844,1.0,57.307434,2.3437505,85.330956,85.50093,0.0,110.00001,19.726562,1.0,117.07125,86.06839,479.25,543.375,0.70270634,90.75,0.0,87.65625,13.537935,72.99998,49.475098,1.0,56.33,43.625,0.0,-87.45422,51.397705,0.0,3.6621094,56.27,56.12,56.02,55.84,0
252002.45,-0.026128985,0.6582576,0.3041062,0.30601022,101.4909,24.060139,13.830075,-2.3602486,171.89398,62.274483,92.082,0.0,4.561,15.561,24.481,0.0,96.99245,2.0,0.0,455.625,214.875,2582.0,0.0,-7.1015625,0.10620117,111.1924,15328.465,15159.181,1100.0834,516.0787,17.803616,21.385534,0.0,3.2184155,3.0,42.756653,45.864532,17.249977,16.874979,1.508,0.0,-30.0,0.14562988,0.0,0.0,0.0,0.0,0.0,1.0273438,1.0,57.310486,2.3437505,85.22196,85.500824,0.0,110.00001,19.726562,1.0,117.39462,85.97718,479.25,543.0,0.874665,90.59375,0.0,87.75,13.537935,72.99998,49.908447,1.0,56.34,43.6875,0.0,-87.28027,51.30005,0.0,3.6621094,56.27,56.24,56.0,56.04,0
252002.5,-0.060903188,0.65705305,0.30522406,0.30651888,101.49091,24.060139,13.835349,-2.3386207,171.9543,62.36872,92.082,0.0,4.561,15.561,24.481,0.0,96.99245,2.0,0.0,455.625,214.5,2585.0,0.0,-7.125,0.10620117,111.15094,15237.72,15192.082,1100.0834,516.0787,19.499199,21.406729,0.0,3.3559823,3.0,43.72101,45.864548,17.249977,16.499979,1.5,0.0,-30.234375,0.14654541,0.0,0.0,0.0,0.0,0.0,1.0253906,1.0,57.313538,2.3437505,85.371056,85.63903,0.0,110.00001,19.726562,1.0,117.92531,85.91084,479.25,543.0,1.012232,90.65625,0.0,87.78125,13.537935,72.99998,50.689697,1.0,56.36,43.96875,0.0,-87.323,50.994873,0.0,3.6669922,56.39,56.49,56.17,56.35,0
252002.53,-0.068722546,0.65657127,0.30822378,0.30728188,101.49093,24.060139,13.827322,-2.311194,171.88535,62.41606,92.082,0.0,4.561,15.561,24.481,0.0,96.99245,2.0,0.0,456.0,214.5,2588.0,0.0,-7.5,0.10620117,111.208984,15102.93,15221.27,1100.0834,516.344,21.80943,21.491508,0.0,3.4660358,3.0,45.01648,45.86456,17.249977,16.499979,1.496,0.0,-30.210938,0.14782715,0.0,0.0,0.0,0.0,0.0,1.0253906,1.0,57.315063,2.3437505,85.56012,85.418655,0.0,110.00001,19.726562,1.0,118.22381,85.869385,479.625,543.375,1.1222855,90.8125,0.0,87.8125,13.537935,72.99998,51.123047,1.0,56.52,44.34375,0.0,-87.19177,50.567627,0.0,3.6621094,56.58,56.55,56.09,56.06,0
252002.58,-0.07497804,0.6563785,0.30754137,0.30728188,101.490944,24.060139,13.839281,-2.3125489,171.89413,62.660442,92.082,0.0,4.561,15.561,24.481,0.0,96.99245,2.0,0.0,456.0,214.5,2598.0,0.0,-7.5,0.10595703,111.258736,15240.904,15248.864,1100.0834,516.344,20.156237,21.661066,0.0,3.7103288,3.0,44.16504,45.86457,17.249977,16.499979,1.508,0.0,-30.164062,0.14892578,0.0,0.0,0.0,0.0,0.0,1.0253906,1.0,57.328796,2.3437505,85.5508,85.5194,0.0,110.00001,19.726562,1.0,118.605225,85.81963,479.625,543.375,1.3665783,91.40625,0.0,87.8125,13.537935,72.99998,51.678467,1.0,56.59,44.6875,0.0,-87.23755,50.146484,0.0,3.6621094,56.66,56.66,56.21,56.36,0
252002.61,-0.07998243,0.6375514,0.30860245,0.3073667,101.49096,24.060139,13.830074,-2.3050842,168.18282,61.401947,92.082,0.0,4.561,15.561,24.481,0.0,96.99245,2.0,0.0,456.375,214.5,2602.0,0.0,-7.4296875,0.10601807,111.325066,15260.009,15249.395,1100.0834,516.8747,19.668756,21.639872,0.0,3.9057631,3.0,43.881226,45.864582,17.249977,16.499979,1.512,0.0,-30.09375,0.14990234,0.0,0.0,0.0,0.0,0.0,1.0253906,1.0,57.336426,2.3437505,85.602264,85.531456,0.0,110.00001,19.726562,1.0,118.89545,85.78647,480.0,543.375,1.5620127,91.5,0.0,87.84375,13.537935,72.99998,52.15454,1.0,56.69,44.96875,0.0,-87.19177,49.8291,0.0,3.6621094,56.68,56.66,56.38,56.55,0
252002.66,-0.10398594,0.6487706,0.30940858,0.30728188,101.49097,24.060139,13.82949,-2.2943234,171.90868,62.810467,92.082,0.0,4.561,15.561,24.481,0.0,96.99245,2.0,0.0,456.375,214.5,2604.0,0.0,-7.375,0.10601807,111.36652,15318.913,15272.744,1100.0834,516.8747,19.244862,21.788235,0.0,4.062111,3.0,43.676758,45.86459,17.249977,16.499979,1.5,0.0,-30.171875,0.15020752,0.0,0.0,0.0,0.0,0.0,1.0263672,1.0,57.37152,2.3437505,85.676445,85.47075,0.0,110.00001,19.726562,1.0,119.21882,85.73672,480.0,543.375,1.7183602,92.03125,0.0,87.875,13.537935,72.99998,52.63672,1.0,56.77,45.0625,0.0,-87.28027,49.77417,0.0,3.6621094,56.83,56.75,56.51,56.32,0
252002.69,-0.10318875,0.6532582,0.30828834,0.30757865,101.490974,24.060139,13.829081,-2.281619,171.90808,62.979095,92.082,0.0,4.561,15.561,24.481,0.0,96.99245,2.0,0.0,456.375,214.5,2611.0,0.0,-7.265625,0.1060791,111.40798,15405.412,15272.744,1100.0834,516.8747,17.973173,21.830624,0.0,4.1871886,3.0,42.99469,45.864597,17.249977,16.499979,1.504,0.0,-30.375,0.15136719,0.0,0.0,0.0,0.0,0.0,1.0253906,1.0,57.373047,2.3437505,85.76402,85.77958,0.0,110.00001,19.726562,1.0,119.542206,85.81135,480.0,543.375,1.8434381,91.65625,0.0,87.90625,13.07111,72.99998,53.015137,1.0,56.81,45.40625,0.0,-87.0636,49.68872,0.0,3.6621094,56.91,56.98,56.42,56.41,0
252002.72,-0.082551,0.65505326,0.3086384,0.30757865,101.49098,24.060139,13.817075,-2.274626,171.99608,63.083733,92.082,0.0,4.561,15.561,24.481,0.0,96.99245,2.0,0.0,456.375,214.5,2614.0,0.0,-7.234375,0.10681152,111.44944,15402.229,15245.681,1100.0834,517.14,18.163927,21.72465,0.0,4.443501,3.0,43.130493,45.864605,17.249977,16.499979,1.504,0.0,-30.375,0.1515503,0.0,0.0,0.0,0.0,0.0,1.0214844,1.0,57.377625,2.3437505,85.81223,85.77344,0.0,110.00001,19.726562,1.0,119.832405,85.8611,480.0,543.375,2.0997505,91.78125,0.0,87.90625,13.07111,72.99998,53.466797,1.0,56.96,45.46875,0.0,-87.23755,49.84131,0.0,3.6621094,56.96,56.99,56.81,56.64,0
252002.77,-0.06604081,0.6557713,0.3081726,0.3073667,101.49099,24.060139,13.826249,-2.2903244,171.99048,63.178204,92.082,0.0,4.561,15.561,24.481,0.0,96.99245,2.0,0.0,456.0,214.5,2618.0,0.0,-7.4453125,0.10681152,111.46603,15293.972,15248.334,1100.0834,517.14,19.075302,21.745846,0.0,4.648551,3.0,43.574524,45.864613,17.249977,16.499979,1.504,0.0,-30.078125,0.15185547,0.0,0.0,0.0,0.0,0.0,1.0195312,1.0,57.403564,2.3437505,85.70403,85.68606,0.0,110.00001,19.726562,1.0,120.180664,85.87768,480.0,543.375,2.3048003,91.625,0.0,87.84375,13.07111,72.99998,53.912354,1.0,57.06,45.5625,0.0,-87.23755,49.816895,0.0,3.6621094,57.14,57.08,56.87,56.68,0
252002.81,-0.052832644,0.65605855,0.30895808,0.3074091,101.491,24.060139,13.820952,-2.3247342,171.98674,63.321625,92.082,0.0,4.561,15.561,24.481,0.0,96.99245,2.0,0.0,456.375,214.5,2624.0,0.0,-7.9140625,0.10644531,111.44944,15234.536,15281.235,1100.0834,517.67065,20.7073,21.957792,0.0,4.8125906,3.0,44.584656,45.864616,17.249977,16.499979,1.524,0.0,-30.007812,0.15289307,0.0,0.0,0.0,0.0,0.0,1.0205078,1.0,57.40509,2.3437505,85.46686,85.29789,0.0,110.00001,19.726562,1.0,120.41283,85.73672,480.375,544.125,2.4688401,91.875,0.0,88.03125,13.07111,72.99998,54.327393,1.0,57.16,45.875,0.0,-87.10632,49.645996,0.0,3.6621094,57.26,57.18,56.75,56.79,0
252002.84,-0.042266116,0.65617347,0.30837435,0.3074091,101.491005,24.060139,13.828963,-2.336241,172.05368,63.466972,92.082,0.0,4.561,15.561,24.481,0.0,96.99245,2.0,0.0,456.375,214.5,2629.0,0.0,-7.96875,0.10656738,111.532364,15226.045,15297.687,1100.0834,517.67065,21.300755,22.127352,0.0,4.943823,3.0,44.924927,45.86462,16.874979,16.499979,1.528,0.0,-30.0,0.15362549,0.0,0.0,0.0,0.0,0.0,1.0253906,1.0,57.424927,2.3437505,85.38755,85.282555,0.0,110.00001,19.726562,1.0,120.77767,85.64551,480.75,544.125,2.6000721,91.71875,0.0,88.03125,13.07111,72.99998,54.91333,1.0,57.28,46.09375,0.0,-87.19177,49.609375,0.0,3.6621094,57.23,57.4,57.1,56.96,0
252002.89,-0.03381289,0.65621936,0.3076028,0.30749387,101.49101,24.060139,13.8287115,-2.3384712,172.0066,63.54615,92.082,0.0,4.561,15.561,24.481,0.0,96.99245,2.0,0.0,456.375,214.5,2633.0,0.0,-7.890625,0.10656738,111.532364,15281.235,15292.91,1100.0834,517.67065,20.728495,22.275715,0.0,5.048808,3.0,44.607544,45.864624,16.874979,16.499979,1.54,0.0,-30.085938,0.15447998,0.0,0.0,0.0,0.0,0.0,1.0244141,1.0,57.43866,2.3437505,85.372185,85.31457,0.0,110.00001,19.726562,1.0,120.99325,85.57918,480.75,544.125,2.7050579,91.4375,0.0,88.0625,13.07111,72.99998,55.267334,1.0,57.34,46.34375,0.0,-87.19177,49.536133,0.0,3.6621094,57.4,57.34,57.18,56.91,0
252002.92,-0.027050314,0.6562377,0.30871916,0.30749387,101.49102,24.060139,13.822676,-2.3313754,172.0247,63.721794,92.082,0.0,4.561,15.561,24.481,0.0,96.99245,2.0,0.0,456.375,214.875,2640.0,0.0,-7.7890625,0.10656738,111.557236,15268.499,15300.34,1100.0834,517.93604,20.26221,22.402884,0.0,5.132797,3.0,44.288635,45.864628,16.874979,16.874979,1.54,0.0,-30.15625,0.15551758,0.0,0.0,0.0,0.0,0.0,1.0185547,1.0,57.440186,2.3437505,85.421104,85.31817,0.0,110.00001,19.726562,1.0,121.3415,85.52943,480.75,543.75,2.7890463,92.0,0.0,88.0625,13.07111,72.99998,55.804443,1.0,57.59,46.65625,0.0,-87.10632,49.450684,0.0,3.6621094,57.52,57.62,57.1,57.04,0
252002.97,-0.021640252,0.6562451,0.30798098,0.30711237,101.49103,24.060139,13.795013,-2.3327644,172.09637,63.869076,92.082,0.0,4.561,15.561,24.481,0.0,96.99245,2.0,0.0,456.375,214.875,2645.0,0.0,-7.7421875,0.10656738,111.557236,15205.88,15280.705,1100.0834,517.93604,21.533897,22.551247,0.0,5.1999874,3.0,45.004272,45.86463,16.874979,16.874979,1.544,0.0,-30.265625,0.15582275,0.0,0.0,0.0,0.0,0.0,1.0136719,1.0,57.452393,2.3437505,85.41154,85.42021,0.0,110.00001,19.726562,1.0,121.640015,85.51284,481.125,543.75,2.8562372,91.3125,0.0,88.09375,13.07111,72.99998,56.018066,1.0,57.62,46.75,0.0,-87.0636,49.420166,0.0,3.3520508,57.63,57.57,57.34,57.26,0
252003.02,-0.017312203,0.6562481,0.3085124,0.307833,101.49103,24.060139,13.810806,-2.3625398,172.10617,63.945156,92.082,0.0,4.561,15.561,24.481,0.0,96.99245,2.0,0.0,456.375,214.875,2648.0,0.0,-7.6328125,0.10656738,111.582115,15356.06,15212.248,1100.0834,518.20135,18.460653,22.106155,0.0,5.2537403,3.0,43.29071,45.789448,16.874979,16.874979,1.564,0.0,-30.726562,0.15673828,0.0,0.0,0.0,0.0,0.0,1.0087891,1.0,57.455444,2.3437505,85.2063,85.16334,0.0,110.00001,19.726562,1.0,121.34981,85.48797,481.5,543.75,2.9099898,91.90625,0.0,88.125,13.07111,72.99998,55.76172,1.0,57.6,47.03125,0.0,-86.7157,49.34082,0.0,2.0458984,57.68,57.68,57.4,57.32,0
252003.05,-0.013849762,0.6562493,0.30755284,0.31016445,101.49103,24.060139,13.827721,-2.4383435,172.05052,64.09347,92.082,0.0,4.561,15.561,24.481,0.0,96.99245,2.0,0.0,456.375,214.875,2655.0,0.0,-7.5234375,0.107299805,111.61528,15247.272,15248.334,1100.0834,518.20135,19.880705,22.402884,0.0,5.2967424,3.0,44.02771,45.721783,17.249977,16.874979,1.564,0.0,-30.515625,0.15979004,0.0,0.0,0.0,0.0,0.0,1.0,1.0,57.48291,2.3437505,84.68379,85.01432,0.0,110.00001,19.921875,1.0,120.180664,85.388466,481.5,543.75,2.952992,91.59375,0.0,89.1875,13.537935,72.99998,54.083252,1.0,57.76,47.9375,0.0,-86.42578,49.25537,0.0,1.496582,57.82,57.82,57.29,57.57,0
252003.1,0.00892019,0.65624976,0.31400225,0.31088504,101.49103,24.060139,13.833701,-2.3896852,172.14676,64.22593,92.082,0.0,4.561,15.561,24.481,0.0,96.99245,2.0,0.0,456.375,214.5,2659.0,0.0,-7.5234375,0.107299805,111.62357,15166.079,15354.468,1100.0834,518.20135,23.801739,23.081116,0.0,5.3311443,3.0,46.377563,45.660885,16.874979,16.499979,1.532,0.0,-30.054688,0.1619873,0.0,0.0,0.0,0.0,0.0,1.0097656,1.0,57.502747,2.3437505,85.01919,84.65665,0.0,110.00001,19.921875,1.0,119.15249,85.23092,481.125,543.75,2.9873936,93.65625,0.0,89.21875,13.537935,72.99998,52.716064,1.0,57.93,48.59375,0.0,-86.31592,49.066162,0.0,1.3720703,57.88,57.9,57.62,57.55,0
252003.14,0.007136152,0.6562499,0.3146213,0.3141066,101.49103,24.060139,13.82031,-2.3957918,172.17438,64.40534,92.082,0.0,4.561,15.561,24.481,0.0,96.99245,2.0,0.0,456.0,214.5,2666.0,0.0,-7.796875,0.10821533,111.87232,15339.609,15352.346,1100.0834,518.73206,22.360495,23.335453,0.0,5.3586655,3.0,45.617676,45.606075,16.874979,16.499979,1.588,0.0,-30.007812,0.16558838,0.0,0.0,0.0,0.0,0.0,1.0146484,1.0,57.5119,2.3437505,84.9771,85.0381,0.0,110.00001,20.117188,1.0,118.1326,85.11484,481.5,543.75,3.014915,93.78125,0.0,90.4375,14.004761,72.99998,51.208496,1.0,58.05,49.6875,0.0,-86.42578,48.97461,0.0,1.1962891,58.12,58.01,57.7,57.71,0
252003.17,0.025708921,0.67499995,0.31874424,0.317625,101.49103,24.060139,13.816794,-2.3281066,175.78456,65.87913,92.082,0.0,4.561,15.561,24.481,0.0,96.99245,2.0,0.0,456.0,214.5,2671.0,0.0,-7.984375,0.10870361,111.98012,15299.278,15448.928,1100.0834,518.73206,24.543556,24.098465,0.0,5.3806825,3.0,46.865845,45.556747,16.874979,16.499979,1.604,0.0,-30.0,0.17041016,0.0,0.0,0.0,0.0,0.0,0.9980469,1.0,57.554626,2.3437505,85.44364,85.29707,0.0,110.00001,20.3125,1.0,117.32001,85.247505,481.875,544.125,3.036932,95.125,0.0,91.78125,14.471586,72.99998,50.65918,1.0,58.05,51.125,0.0,-86.42578,48.675537,0.0,1.1132812,58.2,58.18,57.62,57.7,0
252003.22,0.020567138,0.6825,0.32204154,0.3178369,101.49103,24.060139,13.808475,-2.2890482,175.88759,66.06581,92.082,0.0,4.561,15.561,24.481,0.0,96.99245,2.0,0.0,455.25,214.125,2677.0,0.0,-7.96875,0.10882568,112.15424,15408.597,15485.544,1100.0834,518.9974,24.352802,24.24683,0.0,5.2420464,3.0,46.87805,45.512352,16.874979,16.124979,1.644,0.0,-30.085938,0.17114258,0.0,0.0,0.0,0.0,0.0,0.98535156,1.0,57.559204,2.3437505,85.71287,85.113716,0.0,110.00001,20.3125,1.0,116.325,85.28896,481.875,544.125,2.8982956,96.0625,0.0,91.8125,14.471586,72.99998,49.16382,1.0,58.16,51.34375,0.0,-86.49902,48.638916,0.0,0.8251953,58.22,58.4,57.92,58.1,0
252003.25,0.016453711,0.6855,0.3212345,0.31851518,101.49103,24.060139,13.814369,-2.273973,175.8717,66.183235,92.082,0.0,4.561,15.561,24.481,0.0,96.99245,2.0,0.0,455.25,214.5,2682.0,0.0,-7.8671875,0.10900879,112.295204,15458.4795,15475.461,1100.0834,518.9974,23.144701,24.140856,0.0,5.131137,3.0,46.162415,45.472397,16.874979,16.499979,1.668,0.0,-30.359375,0.17236328,0.0,0.0,0.0,0.0,0.0,0.9736328,1.0,57.592773,2.3437505,85.81678,85.54117,0.0,110.00001,20.3125,1.0,115.73628,85.388466,482.25,543.75,2.7873867,95.96875,0.0,91.8125,14.471586,72.99998,48.547363,1.0,58.32,51.71875,0.0,-86.624146,48.57788,0.0,0.71533203,58.37,58.34,57.95,58.1,0
252003.3,0.01316297,0.70545006,0.32286915,0.31851518,101.49103,24.060139,13.824355,-2.2391956,179.42245,67.64531,92.082,0.0,4.561,15.561,24.481,0.0,96.99245,2.0,0.0,455.625,214.125,2687.0,0.0,-7.8046875,0.108947754,112.28691,15483.421,15509.424,1100.0834,518.9974,23.10231,24.225634,0.0,4.88616,3.0,46.162415,45.436436,16.874979,16.124979,1.644,0.0,-30.375,0.1730957,0.0,0.0,0.0,0.0,0.0,0.9638672,1.0,57.5943,2.3437505,86.056496,85.4085,0.0,110.00001,20.3125,1.0,114.84906,85.47138,482.25,543.75,2.5424094,96.3125,0.0,91.84375,14.938412,72.99998,47.25952,1.0,58.4,51.9375,0.0,-86.431885,48.50464,0.0,0.5126953,58.52,58.58,57.92,58.12,0
252003.33,0.010530376,0.71343005,0.32175723,0.31864232,101.49103,24.060139,13.819627,-2.269933,179.53754,67.78946,92.082,0.0,4.561,15.561,24.481,0.0,96.99245,2.0,0.0,455.25,214.125,2691.0,0.0,-7.671875,0.109069824,112.361534,15482.36,15530.12,1100.0834,519.528,23.208284,24.289219,0.0,4.690178,3.0,46.287537,45.40407,16.874979,16.124979,1.664,0.0,-30.320312,0.17340088,0.0,0.0,0.0,0.0,0.0,0.9628906,1.0,57.585144,2.3437505,85.84463,85.488495,0.0,110.00001,20.3125,1.0,114.17743,85.53772,482.25,543.75,2.3464277,95.875,0.0,91.84375,14.938412,72.99998,46.71631,1.0,58.57,52.03125,0.0,-84.61914,48.50464,0.0,0.44189453,58.52,58.61,58.22,58.4,0
252003.38,0.008424301,0.73537207,0.3217683,0.31855756,101.49103,24.060139,13.828035,-2.2964056,183.07637,69.15134,92.082,0.0,4.561,15.561,24.481,0.0,96.99245,2.0,0.0,456.0,214.125,2692.0,0.0,-7.90625,0.10870361,112.33666,15635.725,15466.439,1100.0834,519.528,20.87686,23.971296,0.0,4.533393,3.0,45.03784,45.374943,16.874979,16.124979,1.648,0.0,-30.015625,0.17370605,0.0,0.0,0.0,0.0,0.0,0.9638672,1.0,57.611084,2.3437505,85.662155,85.25682,0.0,110.00001,20.3125,1.0,113.72139,85.52943,482.625,544.125,2.1896422,96.0625,0.0,91.875,14.938412,72.99998,45.758057,1.0,58.7,52.125,0.0,-83.239746,48.394775,0.0,0.5957031,58.71,58.68,58.31,58.28,0
252003.4,0.006739441,0.74414885,0.3205865,0.3178793,101.49103,24.060139,13.816343,-2.3451211,183.06055,69.27379,92.082,0.0,4.561,15.561,24.481,0.0,96.99245,2.0,0.0,456.0,214.5,2697.0,0.0,-8.3515625,0.10870361,112.344955,15613.437,15438.314,1100.0834,519.7934,20.050262,23.844128,0.0,4.407964,3.0,44.53888,45.34873,16.874979,16.499979,1.648,0.0,-30.0,0.17382812,0.0,0.0,0.0,0.0,0.0,0.9667969,1.0,57.606506,2.3437505,85.32636,85.04446,0.0,110.00001,20.3125,1.0,113.13268,85.479675,482.625,544.5,2.0642138,95.75,0.0,91.78125,14.938412,72.99998,44.921875,1.0,58.7,52.15625,0.0,-81.8573,48.38257,0.0,0.68847656,58.79,58.88,58.31,58.35,0
252003.44,0.0053915526,0.74765956,0.31949508,0.31813362,101.49103,24.060139,13.825737,-2.3516328,183.1283,69.4279,92.082,0.0,4.561,15.561,24.481,0.0,96.99245,2.0,0.0,456.0,214.5,2702.0,0.0,-8.5546875,0.10864258,112.32837,15573.1045,15427.701,1100.0834,519.7934,20.558937,23.780544,0.0,4.3076215,3.0,44.822693,45.325134,16.874979,16.499979,1.636,0.0,-30.0,0.17468262,0.0,0.0,0.0,0.0,0.0,0.96875,1.0,57.62329,2.3437505,85.28148,85.09513,0.0,110.00001,20.3125,1.0,112.56883,85.39676,482.625,544.5,1.963871,95.40625,0.0,91.84375,14.938412,72.99998,44.226074,1.0,58.92,52.40625,0.0,-80.85022,48.29712,0.0,0.68603516,58.84,59.0,58.52,58.63,0
252003.48,0.024313241,0.74906385,0.3190074,0.31813362,101.49103,24.060139,13.832313,-2.3719082,183.15562,69.54106,92.082,0.0,4.561,15.561,24.481,0.0,96.99245,2.0,0.0,456.0,214.5,2706.0,0.0,-8.4609375,0.10864258,112.320076,15523.753,15429.293,1100.0834,519.7934,21.110003,23.780544,0.0,4.2273474,3.0,45.118713,45.3039,16.874979,16.499979,1.636,0.0,-30.078125,0.1751709,0.0,0.0,0.0,0.0,0.0,0.9707031,1.0,57.62787,2.3437505,85.14172,85.025696,0.0,110.00001,20.3125,1.0,112.1957,85.33042,482.625,544.5,1.8835968,95.28125,0.0,91.8125,14.938412,72.99998,43.83545,1.0,59.02,52.5625,0.0,-79.96521,48.254395,0.0,0.63964844,59.05,58.97,58.63,58.69,0
252003.52,0.019450594,0.74962556,0.31875074,0.31834558,101.49103,24.060139,13.825197,-2.3755352,183.1259,69.65824,92.082,0.0,4.561,15.561,24.481,0.0,96.99245,2.0,0.0,456.375,214.5,2711.0,0.0,-8.1328125,0.10864258,112.320076,15541.795,15433.538,1100.0834,520.0587,20.813274,23.716959,0.0,4.163128,3.0,44.958496,45.28479,16.874979,16.499979,1.636,0.0,-30.15625,0.17602539,0.0,0.0,0.0,0.0,0.0,0.9707031,1.0,57.624817,2.3437505,85.11672,85.08007,0.0,110.00001,20.3125,1.0,111.606995,85.28067,483.0,544.125,1.8193774,95.0625,0.0,91.875,14.938412,72.99998,43.493652,1.0,59.14,52.8125,0.0,-79.01001,48.181152,0.0,0.6738281,59.12,59.15,58.63,58.65,0
252003.56,0.015560475,0.7498503,0.31851256,0.3184304,101.49103,24.060139,13.826076,-2.3357916,183.17056,69.80374,92.082,0.0,4.561,15.561,24.481,0.0,96.99245,2.0,0.0,456.375,214.5,2716.0,0.0,-8.0546875,0.109375,112.344955,15461.664,15414.434,1100.0834,520.0587,21.449118,23.314259,0.0,4.1117525,3.0,45.300293,45.26759,16.874979,16.499979,1.628,0.0,-30.28125,0.17614746,0.0,0.0,0.0,0.0,0.0,0.9707031,1.0,57.635498,2.3437505,85.39067,85.28262,0.0,110.00001,20.3125,1.0,111.31678,85.338715,483.0,544.125,1.7680019,95.09375,0.0,91.875,15.405237,72.99998,42.86499,1.0,59.21,52.84375,0.0,-78.03345,48.339844,0.0,0.76416016,59.12,59.32,58.79,59.0,0
252003.61,0.03244838,0.74994016,0.32016745,0.3184304,101.49103,24.060139,13.820831,-2.3125975,183.18867,69.91345,92.082,0.0,4.561,15.561,24.481,0.0,96.99245,2.0,0.0,456.75,214.5,2720.0,0.0,-8.046875,0.109375,112.361534,15414.965,15465.379,1100.0834,520.32404,21.788235,23.335453,0.0,3.914402,3.0,45.526123,45.25211,16.874979,16.499979,1.6,0.0,-30.3125,0.17663574,0.0,0.0,0.0,0.0,0.0,0.9736328,1.0,57.62329,2.3437505,85.550545,85.33465,0.0,110.00001,20.3125,1.0,110.88561,85.39676,483.0,544.125,1.5706515,95.65625,0.0,92.03125,15.405237,72.99998,42.43164,1.0,59.3,53.0,0.0,-76.87683,48.303223,0.0,0.5859375,59.4,59.32,58.88,58.99,0
252003.64,0.045958705,0.7499761,0.32111254,0.31847277,101.49103,24.060139,13.828878,-2.2898796,183.18692,70.0413,92.082,0.0,4.561,15.561,24.481,0.0,96.99245,2.0,0.0,456.75,214.5,2725.0,0.0,-8.0546875,0.109436035,112.42787,15424.517,15478.6455,1100.0834,520.32404,21.449118,23.314259,0.0,3.9127717,3.0,45.32318,45.23818,16.874979,16.499979,1.596,0.0,-30.335938,0.17736816,0.0,0.0,0.0,0.0,0.0,0.98339844,1.0,57.640076,2.3437505,85.70714,85.28802,0.0,110.00001,20.3125,1.0,110.5954,85.429924,483.0,544.125,1.5690212,96.0,0.0,92.03125,15.405237,72.99998,42.144775,1.0,59.44,53.21875,0.0,-75.88196,48.254395,0.0,0.6201172,59.3,59.38,58.94,58.94,0
252003.7,0.036766965,0.73124045,0.32148528,0.31847277,101.49103,24.060139,13.834512,-2.3179104,179.71223,68.88927,92.082,0.0,4.561,15.561,24.481,0.0,96.99245,2.0,0.0,457.125,214.125,2732.0,0.0,-8.1171875,0.10949707,112.46933,15492.974,15481.299,1100.0834,520.32404,20.898054,23.335453,0.0,3.9114676,3.0,45.072937,45.22564,16.874979,16.124979,1.592,0.0,-30.039062,0.17822266,0.0,0.0,0.0,0.0,0.0,0.9892578,1.0,57.64618,2.3437505,85.51392,85.1634,0.0,110.00001,20.3125,1.0,110.20569,85.44651,483.375,544.125,1.567717,96.09375,0.0,92.03125,15.405237,72.99998,41.601562,1.0,59.42,53.46875,0.0,-75.076294,48.19336,0.0,0.61279297,59.61,59.57,59.12,59.2,0
252003.73,0.029413572,0.7237462,0.3207168,0.3190662,101.49103,24.060139,13.826736,-2.3301156,179.7317,68.97239,92.082,0.0,4.561,15.561,24.481,0.0,96.99245,2.0,0.0,457.125,214.5,2735.0,0.0,-8.1875,0.109558105,112.527374,15480.768,15459.011,1100.0834,520.85474,20.664911,23.165895,0.0,3.9104242,3.0,44.924927,45.214355,16.874979,16.499979,1.588,0.0,-30.0,0.17895508,0.0,0.0,0.0,0.0,0.0,0.9951172,1.0,57.64618,2.3437505,85.429794,85.2826,0.0,110.00001,20.3125,1.0,109.94865,85.429924,483.375,544.125,1.5666736,95.875,0.0,92.0,15.405237,72.99998,41.35742,1.0,59.57,53.6875,0.0,-74.42322,48.14453,0.0,0.56640625,59.74,59.58,59.2,59.3,0
252003.78,0.023530858,0.7394985,0.3202476,0.3190662,101.49103,24.060139,13.827153,-2.3309348,183.1937,70.378044,92.082,0.0,4.561,15.561,24.481,0.0,96.99245,2.0,0.0,457.5,214.125,2738.0,0.0,-8.1796875,0.10949707,112.4942,15594.332,15403.82,1100.0834,520.85474,18.863356,22.847973,0.0,3.7533393,3.0,43.96057,45.2042,16.874979,16.124979,1.58,0.0,-30.0,0.17913818,0.0,0.0,0.0,0.0,0.0,0.9980469,1.0,57.670593,2.3437505,85.42415,85.26456,0.0,110.00001,20.3125,1.0,109.70818,85.41334,483.75,544.125,1.4095889,95.5625,0.0,92.0625,15.872062,72.99998,41.070557,1.0,59.65,53.75,0.0,-73.965454,48.114014,0.0,0.7080078,59.74,59.68,59.12,59.26,0
252003.81,0.018824687,0.7270494,0.3197627,0.3186847,101.49103,24.060139,13.827445,-2.35467,179.84758,69.218735,92.082,0.0,4.561,15.561,24.481,0.0,96.99245,2.0,0.0,457.5,214.5,2743.0,0.0,-8.171875,0.109191895,112.485916,15541.795,15395.86,1100.0834,520.85474,19.032913,22.805584,0.0,3.7839217,3.0,44.02771,45.19506,16.874979,16.499979,1.592,0.0,-30.109375,0.17944336,0.0,0.0,0.0,0.0,0.0,1.0048828,1.0,57.670593,2.3437505,85.260544,85.21214,0.0,110.00001,20.3125,1.0,109.50918,85.429924,483.75,544.125,1.4401711,95.625,0.0,92.0625,15.872062,72.99998,40.808105,1.0,59.76,53.84375,0.0,-73.42529,48.016357,0.0,0.6567383,59.78,59.85,59.55,59.57,0
252003.86,0.01505975,0.72206974,0.31841204,0.3188119,101.49103,24.060139,13.8335085,-2.370072,179.8497,69.27002,92.082,0.0,4.561,15.561,24.481,0.0,96.99245,2.0,0.0,457.5,214.5,2745.0,0.0,-8.1328125,0.109191895,112.502495,15473.869,15378.879,1100.0834,520.85474,19.41442,22.763195,0.0,3.8083873,3.0,44.19861,45.186832,16.874979,16.499979,1.592,0.0,-30.1875,0.17974854,0.0,0.0,0.0,0.0,0.0,1.0039062,1.0,57.687378,2.3437505,85.15438,85.16893,0.0,110.00001,20.3125,1.0,109.31018,85.39676,483.75,544.125,1.4646369,95.09375,0.0,92.09375,15.872062,72.99998,40.545654,1.0,59.84,53.9375,0.0,-72.96448,47.991943,0.0,0.5908203,59.81,59.78,59.68,59.58,0
252003.89,-0.007952199,0.73882794,0.31659806,0.3188119,101.49103,24.060139,13.831893,-2.37604,183.31955,70.709335,92.082,0.0,4.561,15.561,24.481,0.0,96.99245,2.0,0.0,457.125,214.5,2749.0,0.0,-8.1484375,0.10913086,112.46104,15439.376,15368.796,1100.0834,520.85474,19.456808,22.572441,0.0,3.67171,3.0,44.20929,45.17943,16.874979,16.499979,1.592,0.0,-30.335938,0.18011475,0.0,0.0,0.0,0.0,0.0,1.0058594,1.0,57.6828,2.3437505,85.11324,85.35243,0.0,110.00001,20.3125,1.0,109.061424,85.41334,483.75,544.125,1.3279595,94.5625,0.0,92.1875,15.872062,72.99998,40.148926,1.0,59.89,54.03125,0.0,-72.57385,47.94922,0.0,0.6323242,59.98,59.97,59.53,59.53,0
252003.94,-0.0063617597,0.7455312,0.32172823,0.32822233,101.49103,24.060139,13.8249035,-2.2818625,183.39397,70.84097,92.082,0.0,4.561,15.561,24.481,0.0,96.99245,2.0,0.0,457.125,214.5,2753.0,0.0,-8.1171875,0.11126709,112.502495,15418.148,15449.989,1100.0834,521.3854,20.87686,22.975142,0.0,3.5623682,3.0,45.095825,45.172764,16.874979,16.499979,1.6,0.0,-30.375,0.19018555,0.0,0.0,0.0,0.0,0.0,1.0048828,1.0,57.684326,2.3437505,85.7624,86.658966,0.0,110.00001,20.800781,1.0,108.71317,85.95231,483.75,544.125,1.2186177,95.875,0.0,95.5,16.338888,72.99998,40.246582,1.0,60.17,57.0625,0.0,-71.14868,47.595215,0.0,0.5566406,60.12,60.05,59.74,59.83,0
252003.97,-0.04508941,0.7294625,0.32921588,0.32856148,101.49103,24.060139,13.831729,-2.114642,179.8567,69.600784,92.082,0.0,4.561,15.561,24.481,0.0,96.99245,2.0,0.0,457.5,214.125,2758.0,0.0,-8.125,0.11138916,112.65175,15514.2,15584.249,1100.0834,521.3854,21.957792,23.547401,0.0,3.3186445,3.0,45.855713,45.166767,16.499979,16.124979,1.6,0.0,-30.375,0.19152832,0.0,0.0,0.0,0.0,0.0,1.0087891,1.0,57.717896,2.3437505,86.91503,86.80521,0.0,110.00001,20.800781,1.0,108.34004,86.29227,484.125,544.125,0.97489417,98.53125,0.0,95.53125,16.805714,72.99998,40.203857,1.0,60.18,57.46875,0.0,-69.2749,47.509766,0.0,0.5761719,60.23,60.25,59.76,59.76,0
252004.02,-0.056071527,0.74178505,0.33361378,0.32860383,101.4902,24.060139,13.818929,-2.0685782,183.3264,71.14926,92.082,0.0,4.561,15.561,24.481,0.0,96.99245,2.0,0.0,456.75,214.125,2766.0,0.0,-8.53125,0.11236572,112.95854,15575.759,15633.602,1100.0834,521.6507,22.21213,23.886518,0.0,3.2799158,3.0,46.072388,45.08618,16.499979,16.124979,1.636,0.0,-30.148438,0.19250488,0.0,0.0,0.0,0.0,0.0,1.0107422,1.0,57.730103,2.3437505,87.23171,86.48865,0.0,110.00001,20.800781,1.0,108.14104,86.50785,484.125,544.5,0.93616533,100.0,0.0,95.53125,16.805714,72.99998,40.03296,1.0,60.26,57.75,0.0,-68.09082,47.662354,0.0,0.7421875,60.25,60.31,59.76,59.95,0
252004.05,-0.044857223,0.74671406,0.33214062,0.33597964,101.48945,24.060139,13.827547,-2.1603394,183.43452,71.3714,92.082,0.0,4.561,15.561,24.481,0.0,96.99245,2.0,0.0,456.375,214.125,2773.0,0.0,-9.0,0.11364746,113.2073,15622.988,15591.147,1100.0834,521.6507,21.512703,23.822933,0.0,3.2489328,3.0,45.68634,45.013657,16.874979,16.124979,1.66,0.0,-29.84375,0.20031738,0.0,0.0,0.0,0.0,0.0,1.0048828,1.0,57.75757,2.3437505,86.598465,87.11566,0.0,110.00001,21.191406,1.0,108.19078,86.58248,484.125,544.875,0.9051823,99.5625,0.0,98.125,16.805714,72.99998,39.874268,1.0,60.39,60.09375,0.0,-67.874146,47.302246,0.0,0.6567383,60.31,60.31,60.08,60.08,0
252004.1,-0.055885777,0.74868566,0.33584338,0.35590276,101.48878,24.060139,13.83358,-2.0707166,183.43207,71.42191,92.082,0.0,4.561,15.561,24.481,0.0,96.99245,2.0,0.0,456.375,214.125,2775.0,0.0,-9.0,0.116882324,113.33167,15647.93,15697.8125,1100.0834,521.6507,21.491508,24.840282,0.0,3.2241464,3.0,45.628357,44.948383,16.499979,16.124979,1.668,0.0,-29.875,0.22155762,0.0,0.0,0.0,0.0,0.0,0.99902344,1.0,57.74536,2.3437505,87.21555,90.06911,0.0,110.00001,22.265625,1.0,107.86741,89.56751,484.5,544.875,0.8803958,100.75,0.0,105.375,17.739363,72.99998,41.693115,1.0,60.43,66.46875,0.0,-63.26294,46.289062,0.0,0.5883789,60.56,60.47,60.31,60.1,0
252004.12,-0.06470862,0.7682243,0.35284397,0.36450785,101.489006,24.060139,13.820225,-1.7067955,186.79106,72.86083,92.082,0.0,4.561,15.561,24.481,0.0,96.99245,2.0,0.0,456.375,213.375,2780.0,0.0,-8.71875,0.11810303,113.51409,15555.593,15895.223,1100.0834,521.9161,27.12932,25.603294,0.0,3.204317,3.0,49.012756,44.889637,16.124979,15.37498,1.684,0.0,-29.914062,0.23132324,0.0,0.0,0.0,0.0,0.0,0.9941406,1.0,57.79724,2.3437505,89.72425,91.411705,0.0,110.00001,22.65625,1.0,107.403076,90.728355,484.5,544.875,0.8605667,105.8125,0.0,108.09375,18.206188,72.99998,40.820312,1.0,60.6,69.40625,0.0,-55.41687,45.758057,0.0,0.64453125,60.56,60.62,60.27,59.98,0
252004.17,-0.091766894,0.7760397,0.36436275,0.39401093,101.48921,24.060139,13.822595,-1.452426,186.83482,73.24491,92.082,0.0,4.561,15.561,24.481,0.0,96.99245,2.0,0.0,454.875,213.0,2794.0,0.0,-8.6953125,0.12347412,114.31839,15867.628,16058.14,1100.0834,521.9161,25.772854,26.387503,0.0,3.188454,3.0,48.501587,44.836765,15.74998,14.999981,1.772,0.0,-30.007812,0.26226807,0.0,0.0,0.0,0.0,0.0,0.99609375,1.0,57.83081,2.3437505,91.4778,95.7438,0.0,110.00001,25.0,1.0,107.05482,95.52928,484.5,544.875,0.8447034,111.1875,0.0,123.9375,19.606665,72.99998,41.656494,1.0,60.81,78.6875,0.0,-46.533203,44.488525,0.0,0.6738281,60.7,60.78,60.49,60.25,0
252004.2,-0.09341352,0.7604159,0.3960835,0.4492869,101.489395,24.060139,13.812535,-0.79350054,183.28336,72.058365,92.082,0.0,4.561,15.561,24.481,0.0,96.99245,2.0,0.0,454.875,212.25,2802.0,0.0,-8.75,0.13458252,115.421196,15983.314,16490.637,1100.0834,522.4467,32.788326,28.676538,0.0,3.1757631,3.0,52.815247,44.78918,15.37498,14.249982,1.804,0.0,-30.085938,0.31591797,0.0,0.0,0.0,0.0,0.0,0.9980469,1.0,57.86743,2.3437505,96.01988,103.710526,0.0,110.00001,33.203125,1.0,106.15102,103.903946,484.875,544.875,0.8320127,125.0,0.0,178.9375,23.341269,72.99998,43.756104,1.0,60.92,94.78125,0.0,-7.0373535,42.755127,31.239319,0.56640625,61.01,60.83,60.49,60.12,0
252004.25,-0.11473081,0.77291644,0.44317836,0.5612378,101.48956,24.060139,13.8230715,0.12086688,186.79279,73.85745,92.082,0.0,4.561,15.561,24.481,0.0,96.99245,2.0,0.0,452.25,210.75,2818.0,0.0,-10.796875,0.27294922,128.87042,16213.626,16932.688,1100.0834,522.4467,41.202652,32.512794,0.0,3.1656108,3.0,58.01544,44.746353,14.624981,12.749984,1.96,0.0,-29.015625,0.30615234,0.0,0.0,0.0,0.0,0.0,1.0068359,1.0,58.013916,2.3437505,102.322685,121.912895,0.0,110.00001,46.875,1.0,104.79946,126.04293,485.625,546.75,0.8218602,143.28125,0.0,267.75,40.613808,72.99998,43.43872,1.0,60.95,91.84375,0.0,15.707397,74.4751,87.21161,1.5087891,61.08,61.18,60.59,60.46,0
252004.28,-0.15178464,0.8154166,0.45427772,0.7765767,101.489716,24.060139,13.836307,0.33410037,193.4618,77.064415,92.082,0.0,4.561,15.561,24.481,0.0,96.99245,2.0,0.0,450.75,210.0,2839.0,0.0,-12.46875,0.46679688,163.58798,16766.586,17282.93,1100.0834,522.4467,40.672783,32.8943,0.0,3.3137386,3.0,58.19702,44.70781,14.249982,11.999985,2.112,0.0,-27.828125,0.11340332,0.0,0.0,0.0,0.0,0.0,1.0214844,1.0,58.05664,2.3437505,103.79263,159.08661,0.0,110.00001,61.914062,0.0,104.7663,171.87973,486.75,548.625,0.9699881,147.28125,0.0,366.75,64.4219,72.99998,44.42749,1.0,61.22,34.03125,0.0,72.283936,95.336914,99.998474,2.680664,61.28,61.26,60.83,60.68,0
252004.31,-0.18142772,0.85116667,0.46729124,1.1139128,101.48985,24.060139,13.822133,0.45294946,196.73349,78.20205,92.082,0.0,4.561,15.561,24.481,0.0,96.99245,2.0,0.0,450.75,210.0,2833.0,0.0,-13.421875,0.6623535,217.2522,17328.568,17474.504,1100.0834,523.77344,39.358707,34.14479,0.0,3.588491,3.0,57.87964,44.67312,13.874982,11.999985,2.14,0.0,-23.796875,0.0,0.0,0.0,0.0,0.0,0.0,1.0263672,1.0,58.084106,2.3437505,104.611984,216.4737,0.0,110.00001,75.48828,0.0,105.37988,242.63326,487.5,549.375,1.2447405,152.46875,0.0,437.78125,77.026184,72.99998,46.240234,1.0,61.49,0.0,0.0,73.03772,99.998474,99.998474,3.161621,61.52,61.54,60.9,60.65,0
252004.38,-0.20514219,0.9592167,0.48758397,1.2436674,101.489975,24.060139,13.812212,0.56000286,212.35446,84.38162,92.082,0.0,4.561,15.561,24.481,0.0,96.99245,2.0,0.0,449.25,208.875,2832.0,0.0,-12.21875,0.758667,249.85538,17852.873,17758.412,1100.0834,523.77344,37.23923,35.797985,0.0,3.8082929,3.0,56.811523,44.6419,13.874982,10.874986,2.212,0.0,-14.9765625,0.0,0.0,0.0,0.0,0.0,0.0,1.0292969,1.0,58.180237,2.3437505,105.35001,237.865,0.0,110.00001,89.74609,0.0,106.09299,268.20502,487.125,548.25,1.4645424,157.84375,0.0,437.78125,77.95983,72.99998,48.529053,1.0,61.59,0.0,0.0,72.79663,99.998474,99.998474,3.4570312,61.68,61.75,61.01,61.01,0
252004.42,-0.20411375,1.0961868,0.5076438,1.2446847,101.49008,24.060139,13.799408,0.82418907,226.73203,90.444664,92.082,0.0,4.561,15.561,24.481,0.0,96.99245,2.0,0.0,449.25,208.125,2843.0,0.0,-6.046875,0.76538086,253.06429,18472.166,18012.605,1100.0834,523.77344,33.148636,37.218037,0.0,3.9841344,3.0,54.597473,44.6138,13.499983,10.124987,2.212,0.0,-7.6328125,0.0,0.0,0.0,0.0,0.0,0.0,1.0224609,1.0,58.363342,2.3437505,107.17113,237.43958,0.0,110.00001,99.90234,0.0,107.6684,268.97617,487.125,542.25,1.640384,166.625,0.0,437.78125,78.893486,72.99998,52.39868,1.0,61.81,0.0,0.0,71.24939,99.998474,99.998474,3.6401367,61.91,61.82,61.28,61.35,0
252004.45,-0.203291,1.1884747,0.54840815,1.25613,101.49018,24.060139,13.802163,1.1581887,232.18576,93.07629,92.082,0.0,4.561,15.561,24.481,0.0,96.99245,2.0,0.0,448.125,207.75,2857.0,0.0,-2.2421875,0.7583008,251.48885,18498.17,18397.873,1100.0834,523.77344,38.46853,40.545616,0.0,4.124808,3.0,57.470703,44.588512,12.749984,9.749988,2.308,0.0,-0.5234375,0.0,0.0,0.0,0.0,0.0,0.0,1.0214844,1.0,58.56018,2.3437505,109.47345,232.0677,0.0,110.00001,99.90234,0.0,109.85744,261.85355,487.875,538.125,1.7810572,178.625,0.0,437.875,78.893486,72.99998,58.03833,1.0,61.95,0.0,0.0,70.59326,99.998474,99.998474,3.6669922,62.09,62.09,61.44,61.47,0
252004.5,-0.20263281,1.2253898,0.5682468,1.2708815,101.49027,24.060139,13.798233,1.4061396,232.17029,93.52615,92.082,0.0,4.561,15.561,24.481,0.0,96.99245,2.0,0.0,448.125,207.75,2871.0,0.0,-5.4609375,0.7623291,253.852,18243.447,18698.232,1100.0834,523.77344,48.599632,43.00421,0.0,4.237346,3.0,62.84027,44.565754,12.374984,9.749988,2.388,0.0,1.4375,0.0,0.0,0.0,0.0,0.0,0.0,1.0195312,1.0,59.049988,2.3437505,111.18264,234.23064,0.0,110.00001,99.90234,0.0,111.905495,263.71918,489.375,541.5,1.8935958,187.875,0.0,437.78125,79.36031,72.99998,62.078857,1.0,62.19,0.0,0.0,70.17517,99.998474,99.998474,3.6669922,62.39,62.4,61.58,61.84,0
252004.53,-0.18210626,1.277656,0.5882665,1.277579,101.49035,24.060139,13.783763,1.9587421,237.6285,96.09167,92.082,0.0,4.561,15.561,24.481,0.0,96.99245,2.0,0.0,445.875,207.375,2882.0,0.0,-7.3671875,0.77233887,257.71594,18475.352,18878.13,1100.0834,524.8348,51.92721,44.445454,0.0,4.3273773,3.0,64.6225,44.54527,12.374984,9.374988,2.664,0.0,1.25,0.0,0.0,0.0,0.0,0.0,0.0,0.9921875,1.0,59.2453,2.3437505,114.991745,236.71667,0.0,110.00001,99.90234,0.0,115.70311,267.13538,492.0,543.375,1.9836267,194.5,0.0,437.78125,79.36031,72.99998,67.93823,1.0,62.54,0.0,0.0,69.503784,99.998474,99.998474,3.6694336,62.74,62.62,62.0,62.05,0
252004.58,-0.145685,1.3360624,0.6105472,1.2870742,101.49042,24.060139,13.785353,2.5117176,242.8468,98.50851,92.082,0.0,4.561,15.561,24.481,0.0,96.99245,2.0,0.0,445.125,206.625,2891.0,0.0,-7.0859375,0.7748413,260.13715,19008.676,19141.875,1100.0834,524.8348,50.10446,46.16223,0.0,4.2431517,3.0,63.601685,44.526833,12.374984,8.624989,2.776,0.0,1.3359375,0.0,0.0,0.0,0.0,0.0,0.0,0.9707031,1.0,59.48639,2.3437505,118.80341,238.43149,0.0,110.00001,99.90234,0.0,119.49245,268.86008,493.5,543.0,1.8994014,201.28125,0.0,437.78125,79.36031,72.99998,73.57788,1.0,62.76,0.0,0.0,69.281006,99.998474,99.998474,3.671875,62.84,62.93,62.15,62.26,0
252004.61,-0.136548,1.471925,0.63778454,1.2916948,101.49048,24.060139,13.7688875,3.1898987,257.84045,105.06085,92.082,0.0,4.561,15.561,24.481,0.0,96.99245,2.0,0.0,444.75,206.25,2904.0,0.0,-6.21875,0.77667236,261.83694,19218.291,19382.27,1100.0834,525.3654,52.372303,47.624672,0.0,4.0195217,3.0,64.75983,44.510242,12.749984,8.2499895,2.828,0.0,1.46875,0.0,0.0,0.0,0.0,0.0,0.0,0.953125,1.0,59.701538,2.3437505,123.4781,238.54843,0.0,110.00001,99.90234,0.0,124.15241,269.142,494.25,542.25,1.6757711,211.65625,0.0,437.78125,79.36031,72.99998,79.888916,1.0,63.04,0.0,0.0,68.21594,99.998474,99.998474,3.6669922,63.05,63.12,62.53,62.45,0
252004.64,-0.14923841,1.58252,0.6672449,1.2874981,101.49054,24.060139,13.77494,3.9245393,264.9943,108.53351,92.082,0.0,4.561,15.561,24.481,0.0,96.99245,2.0,0.0,444.375,205.5,2919.0,0.0,-5.890625,0.7765503,263.13046,19370.596,19617.889,1100.0834,525.3654,56.208557,49.235477,0.0,3.8406174,3.0,66.74652,44.495308,13.124983,7.4999905,2.904,0.0,1.5078125,0.0,0.0,0.0,0.0,0.0,0.0,0.9560547,1.0,59.9411,2.3437505,128.54196,237.59239,0.0,110.00001,99.90234,0.0,128.82895,269.05908,495.375,541.875,1.496867,219.875,0.0,437.28125,79.36031,72.99998,85.809326,1.0,63.25,0.0,0.0,67.60559,99.998474,99.998474,3.6669922,63.47,63.4,62.91,62.69,0
252004.69,-0.13939072,1.664258,0.69304883,1.2853787,101.49059,24.060139,13.773317,4.63725,269.61884,110.99505,92.082,0.0,4.561,15.561,24.481,0.0,96.99245,2.0,0.0,443.25,205.5,2934.0,0.0,-6.0234375,0.7772217,264.45715,19664.588,19877.387,1100.0834,525.3654,58.942684,51.50332,0.0,3.697494,3.0,68.13049,44.48187,13.499983,7.4999905,2.992,0.0,1.765625,0.0,0.0,0.0,0.0,0.0,0.0,0.9580078,1.0,60.27069,2.3437505,133.45465,237.91011,0.0,110.00001,99.90234,0.0,133.78741,269.15857,496.125,542.25,1.3537436,229.84375,0.0,437.1875,79.36031,72.99998,91.241455,1.0,63.68,0.0,0.0,67.04712,99.998474,99.998474,3.6669922,63.74,63.77,62.96,62.84,0
252004.73,-0.13151258,1.7532034,0.72231793,1.2991554,101.49064,24.060139,13.766322,5.4178333,276.54996,114.39165,92.082,0.0,4.561,15.561,24.481,0.0,96.99245,2.0,0.0,442.125,204.0,2948.0,0.0,-6.25,0.7819824,266.9115,19858.283,20000.502,1100.0834,526.42676,61.380085,53.983105,0.0,3.5829954,3.0,69.36951,44.469772,12.374984,5.9999924,3.104,0.0,1.9765625,0.0,0.0,0.0,0.0,0.0,0.0,0.95703125,1.0,60.580444,2.3437505,138.83517,240.99129,0.0,110.00001,99.90234,0.0,139.08586,269.41562,496.875,542.25,1.2392448,236.3125,0.0,437.09375,79.36031,72.99998,96.73462,1.0,63.86,0.0,0.0,66.26587,99.998474,99.998474,3.6669922,63.99,64.11,63.28,63.32,0
252004.77,-0.12521006,1.8450315,0.75374293,1.3132286,101.490685,24.060139,13.767284,6.2267146,283.22415,117.66896,92.082,0.0,4.561,15.561,24.481,0.0,96.99245,2.0,0.0,441.0,203.25,2961.0,0.0,-6.4140625,0.7852783,269.4488,20119.904,20000.502,1100.0834,526.42676,60.38393,56.208557,0.0,3.4913964,3.0,68.83545,44.458885,11.249986,5.2499933,3.212,0.0,2.5078125,0.0,0.0,0.0,0.0,0.0,0.0,0.9589844,1.0,60.842896,2.3437505,144.41075,243.64687,0.0,110.00001,99.90234,0.0,144.61646,269.58145,498.375,542.625,1.1476458,247.03125,0.0,438.0,79.36031,72.99998,102.282715,1.0,64.14,0.0,0.0,65.65857,99.998474,99.998474,3.6669922,64.34,64.34,63.57,63.53,0
252004.81,-0.120168045,1.9380126,0.7896885,1.3325583,101.49072,24.060139,13.762099,7.1723948,289.7042,121.09286,92.082,0.0,4.561,15.561,24.481,2.0,96.99245,2.0,0.0,440.625,202.125,2979.0,0.0,-6.4375,0.79052734,272.37576,20227.1,20000.502,1100.0834,527.4881,61.019775,58.51879,0.0,3.418117,3.0,69.14215,44.3739,10.499987,4.1249948,3.288,0.0,2.734375,0.0,0.0,0.0,0.0,0.0,0.0,0.9628906,1.0,61.01532,2.3437505,150.92926,247.31248,0.0,110.00001,99.90234,0.0,150.88501,269.68924,499.5,542.625,1.0743667,252.65625,0.0,437.375,79.82713,72.99998,108.06885,1.0,64.65,0.0,0.0,64.089966,99.998474,99.998474,3.6621094,64.67,64.77,63.77,63.89,0
252004.84,-0.09613444,2.031455,0.8222445,1.3547705,101.49075,24.060139,13.746751,8.040522,296.16385,124.4578,92.082,0.0,4.561,15.561,24.481,2.0,96.99245,2.0,0.0,454.5,200.625,2995.0,0.0,-6.4453125,0.7972412,275.8666,20048.264,20000.502,1100.0834,527.4881,65.343506,60.9138,0.0,3.3594937,3.0,71.458435,44.297417,8.999989,2.6249967,2.528,0.0,3.3125,0.0,0.0,0.0,0.0,0.0,0.0,0.9736328,1.0,61.51886,2.3437505,156.9132,251.61314,0.0,110.00001,99.90234,0.0,157.0375,269.7639,500.25,542.625,1.0157434,259.8125,0.0,437.375,79.82713,72.99998,112.976074,1.0,64.86,0.0,0.0,63.95569,99.998474,99.998474,3.6621094,65.15,65.0,64.4,64.26,0
252004.89,-0.07690755,2.087582,0.86017853,1.375626,101.49078,24.060139,13.741866,9.012924,298.27063,126.01275,92.082,0.0,4.561,15.561,24.481,2.0,96.99245,2.0,0.0,452.25,199.125,3011.0,0.0,-6.453125,0.80114746,278.9843,20006.871,20000.502,1100.0834,527.4881,67.90808,62.990887,0.0,3.1563451,3.0,72.79816,44.22858,7.124991,1.1249986,2.684,0.0,3.703125,0.0,0.0,0.0,0.0,0.0,0.0,0.96777344,1.0,61.824036,2.3437505,163.61589,255.2505,0.0,110.00001,99.90234,0.0,163.67091,269.87167,501.0,542.625,0.8125947,267.15625,0.0,437.375,79.82713,72.99998,117.99927,1.0,65.2,0.0,0.0,63.15918,99.998474,99.998474,3.6621094,65.42,65.39,64.52,64.52,0
252004.92,-0.06152604,2.203783,0.8985315,1.3898689,101.490814,24.060139,13.732588,10.044506,308.45343,130.92067,92.082,0.0,4.561,15.561,24.481,2.0,96.99245,2.0,0.0,449.625,198.375,3025.0,0.0,-6.4609375,0.80755615,282.1103,20072.143,20000.502,1100.0834,528.2841,68.96782,64.83483,0.0,2.9938264,3.0,73.36578,44.166626,5.2499933,0.37499952,2.86,0.0,4.0,0.0,0.0,0.0,0.0,0.0,0.0,0.9667969,1.0,62.095642,2.3437505,170.7265,258.26187,0.0,110.00001,99.90234,0.0,170.64429,270.07895,501.75,542.625,0.6500758,273.9375,0.0,437.375,79.82713,72.99998,122.857666,1.0,65.79,0.0,0.0,62.35962,99.998474,99.998474,3.6572266,65.81,65.76,64.75,64.82,0
252004.97,-0.08922084,2.287763,0.9400022,1.3905895,101.49084,24.060139,13.731952,11.101385,312.53564,133.53038,92.082,0.0,4.561,15.561,24.481,2.0,96.99245,2.0,0.0,447.75,197.625,3045.0,0.0,-6.4296875,0.8059082,284.25784,20140.07,20000.502,1100.0834,528.2841,71.40522,68.310776,0.0,2.863811,3.0,74.1806,44.110867,3.3749957,-0.37499952,2.992,0.0,4.4375,0.0,0.0,0.0,0.0,0.0,0.0,0.97558594,0.9980469,62.530518,2.3437505,178.01147,258.22067,0.0,110.00001,99.90234,0.0,178.07368,270.37747,502.5,542.625,0.52006066,291.09375,0.0,436.59375,79.82713,72.99998,127.83203,1.0,66.14,0.0,0.0,61.49597,99.998474,99.998474,3.6572266,66.27,66.21,65.26,65.24,0
252005.02,-0.09137668,2.3776054,0.9904334,1.398474,101.49086,24.060139,13.725647,12.298261,318.3625,137.0473,92.082,0.0,4.561,15.561,24.481,2.0,96.99245,2.0,0.0,444.375,197.25,3068.0,0.0,-6.515625,0.8119507,287.9477,20099.738,20000.502,1100.0834,528.2841,75.77134,72.295395,0.0,2.759799,3.0,76.509094,44.060684,1.8749976,-0.74999905,3.16,0.0,3.96875,0.03717041,0.0,0.0,0.0,0.0,0.0,0.984375,0.9970703,63.526917,2.3437505,186.26143,258.38004,0.0,110.00001,99.90234,0.0,186.05864,270.87497,502.5,542.625,0.41604853,305.4375,0.0,437.1875,79.82713,72.99998,133.20312,0.0,66.28,11.15625,0.0,60.162354,99.37744,99.998474,3.6572266,66.62,66.68,65.47,65.6,0
252005.06,-0.07310134,2.4697924,1.0379652,1.3884276,101.49088,24.060139,13.721234,13.492506,324.1882,140.55585,92.082,0.0,4.561,15.561,24.481,2.0,96.99245,2.0,0.0,440.25,196.5,3090.0,0.0,-6.59375,0.81604004,291.28925,20017.484,20000.502,1100.0834,528.2841,81.09123,76.61913,0.0,2.6765893,3.0,78.82538,44.01552,0.37499952,-1.4999981,3.376,0.0,4.0078125,0.16699219,0.0,0.0,0.0,0.0,0.0,0.98535156,0.9941406,64.5462,2.3437505,194.49326,256.33783,0.0,110.00001,99.90234,0.0,194.29234,271.48856,502.875,542.625,0.33283883,322.65625,0.0,437.28125,79.82713,72.99998,138.15308,0.0,67.02,50.09375,0.0,59.277344,96.89331,99.998474,3.6572266,66.99,67.14,65.99,65.92,0
252005.1,-0.07848108,2.5254169,1.0077643,1.5039816,101.4909,24.060139,13.729864,14.797378,326.10596,142.3482,92.082,0.0,4.561,15.561,24.481,2.0,96.99245,2.0,0.0,435.375,195.75,3111.0,0.0,-6.109375,0.82440186,295.8746,20201.627,20000.502,1100.0834,528.2841,83.42265,82.53248,0.0,2.6100216,3.0,79.92859,43.97487,-2.6249967,-2.9999962,3.608,0.0,4.21875,0.23687744,0.0,0.0,0.0,0.0,0.0,0.9824219,0.91308594,65.55939,2.3437505,203.48761,301.92365,0.0,110.00001,99.90234,0.0,203.96883,272.10214,502.875,542.25,0.26627108,351.84375,0.0,438.875,79.82713,72.99998,142.7185,0.0,67.19,71.0625,0.0,56.87561,94.348145,99.998474,3.6621094,67.52,67.52,66.32,66.23,0
252005.12,-0.102784865,2.6226668,1.057445,1.5338662,101.49091,24.060139,13.718327,16.19756,333.7378,145.63274,92.082,0.0,4.561,15.561,24.481,2.0,96.99245,2.0,0.0,434.25,192.75,3110.0,0.0,-5.609375,0.81799316,294.8713,20157.582,20000.502,1100.0834,528.2841,85.90244,84.842705,0.0,2.5567675,3.0,81.2439,43.938286,-3.3749957,-5.2499933,3.644,0.0,4.3203125,0.20654297,0.0,0.0,0.0,0.0,0.0,0.97753906,0.921875,66.26129,2.3437505,213.13893,307.81128,0.0,110.00001,99.90234,0.0,213.62872,272.42554,502.875,541.5,0.21301687,324.6875,0.0,438.09375,79.82713,72.99998,147.55249,0.0,67.97,61.96875,0.0,57.84912,95.29419,99.998474,3.6572266,67.94,68.03,66.72,66.62,0
252005.17,-0.1022279,2.7928169,1.1023886,1.5560361,101.49093,24.060139,13.716109,17.444014,346.6441,151.7024,92.082,0.0,4.561,15.561,24.481,2.0,96.99245,2.0,0.0,428.625,192.375,3119.0,0.0,-5.40625,0.82922363,299.24106,20119.904,20000.502,1100.0834,528.2841,88.00073,86.792625,0.0,2.514164,3.0,82.35626,43.90536,-4.4999943,-5.624993,3.94,0.0,4.3984375,0.28686523,0.0,0.0,0.0,0.0,0.0,0.9404297,0.9482422,67.30499,2.3437505,221.73062,311.69556,0.0,110.00001,99.90234,0.0,222.17752,272.65768,502.875,541.5,0.1704135,338.65625,0.0,438.5,79.82713,72.99998,152.01416,0.0,68.23,86.0625,0.0,58.581543,92.72461,99.998474,3.6523438,68.36,68.36,67.33,67.37,0
252005.22,-0.10178232,2.8796268,1.1681691,1.5732461,101.490944,24.060139,13.708698,19.214407,348.30087,154.38228,92.082,0.0,4.561,15.561,24.481,2.0,96.99245,2.0,0.0,425.25,191.25,3159.0,0.0,-5.4296875,0.842041,304.2161,20071.082,20000.502,1100.0834,528.2841,93.34181,90.79844,0.0,2.4800813,3.0,84.635925,43.87573,-5.2499933,-6.7499914,4.16,0.0,4.53125,0.33789062,0.0,0.0,0.0,0.0,0.0,0.92285156,0.9482422,67.49725,2.3437505,233.93376,314.22354,0.0,110.00001,99.90234,0.0,233.47917,273.48688,503.625,541.5,0.1363308,344.40625,0.0,437.875,79.82713,72.99998,157.9834,0.0,68.49,101.375,0.0,55.355835,90.52124,99.998474,3.6523438,68.75,68.75,67.75,67.58,0
252005.25,-0.08142586,2.9143507,1.2122562,1.598468,101.49096,24.060139,13.70937,20.43284,348.3254,155.81049,92.082,0.0,4.561,15.561,24.481,2.0,96.99245,2.0,0.0,423.75,190.5,3188.0,0.0,-5.4140625,0.8564453,311.4631,20039.773,20000.502,1100.0834,528.2841,95.14337,92.239685,0.0,2.452815,3.0,85.043335,43.84906,-5.9999924,-7.4999905,4.252,0.0,4.9296875,0.44580078,0.0,0.0,0.0,0.0,0.0,0.9267578,0.9609375,68.16254,2.3437505,242.3323,318.06763,0.0,110.00001,99.90234,0.0,242.26013,274.28287,505.875,541.5,0.10906464,351.34375,0.0,437.78125,79.82713,72.99998,162.3169,0.0,69.18,133.75,0.0,52.69165,84.661865,99.998474,3.6523438,69.23,69.33,67.97,68.07,0
252005.3,-0.105140686,2.9469905,1.2617813,1.5985528,101.49097,24.060139,13.70984,21.815601,350.29053,157.27933,92.082,0.0,4.561,15.561,24.481,2.0,96.99245,2.0,0.0,420.0,190.125,3200.0,0.0,-5.3125,0.8600464,315.5758,20075.328,20000.502,1100.0834,528.2841,99.55189,97.0721,0.0,2.4310021,3.0,86.81946,43.825058,-6.374992,-7.87499,4.468,0.0,5.4296875,0.51501465,0.0,0.0,0.0,0.0,0.0,0.9345703,0.9482422,69.11774,2.3437505,251.86353,317.76974,0.0,110.00001,99.90234,0.0,252.32631,274.62283,505.875,541.5,0.087251715,363.53125,0.0,438.28125,79.82713,72.99998,166.28418,0.0,69.39,154.5,0.0,47.094727,79.90112,99.998474,3.647461,69.8,69.65,68.55,68.62,0
252005.33,-0.10411255,3.035046,1.3185287,1.5987647,101.490974,24.060139,13.710169,23.266348,357.1477,161.91164,92.082,0.0,4.561,15.561,24.481,2.0,96.99245,2.0,0.0,412.875,189.75,3231.0,0.0,-5.1875,0.8699341,321.0069,20100.799,20000.502,1100.0834,528.2841,104.49027,101.37463,0.0,2.4135518,3.0,89.40277,43.803455,-6.7499914,-8.2499895,4.788,0.0,5.609375,0.56799316,0.0,0.0,0.0,0.0,0.0,0.9423828,0.9404297,70.6192,2.3437505,261.86337,316.56824,0.0,110.00001,99.90234,0.0,262.3925,275.45203,505.875,541.125,0.069801375,372.90625,0.0,438.1875,79.82713,72.99998,171.10596,0.0,70.26,170.40625,0.0,38.66272,75.81787,99.998474,3.647461,70.31,70.31,69.02,68.77,0
252005.38,-0.10329004,3.1077685,1.3804001,1.599019,101.49098,24.060139,13.7104,24.942427,360.6512,165.32167,92.082,0.0,4.561,15.561,24.481,2.0,96.99245,2.0,0.0,403.125,189.0,3267.0,0.0,-5.1484375,0.88079834,327.59055,20058.877,20000.502,1100.0834,528.2841,109.81016,107.30917,0.0,2.3995917,3.0,91.482544,43.78401,-7.124991,-8.999989,5.228,0.0,5.421875,0.6272583,0.0,0.0,0.0,0.0,0.0,0.93066406,0.9238281,71.9223,2.3437505,273.4164,315.7376,0.0,110.00001,99.90234,0.0,273.6527,276.50507,506.25,541.125,0.0558411,377.375,0.0,438.6875,79.82713,72.99998,177.18506,0.0,70.67,188.1875,0.018310547,5.1605225,72.19849,75.86517,3.6230469,70.88,70.79,69.38,69.5,0
252005.4,-0.10263203,3.1556075,1.4312736,1.5990614,101.49099,24.060139,13.710561,26.324013,362.59064,166.46507,92.082,0.0,4.561,15.561,24.481,2.0,96.99245,2.0,0.0,394.125,189.375,3272.0,0.0,-5.1328125,0.8969116,335.11948,20002.625,20000.502,1100.0834,528.2841,113.688805,111.31499,0.0,2.2321734,3.0,93.50128,43.766514,-7.124991,-8.624989,5.676,0.0,5.2734375,0.6380005,0.0,0.0,0.0,0.0,0.0,0.91308594,0.9238281,73.44971,2.3437505,282.93954,315.57498,0.0,110.00001,99.90234,0.0,283.44525,276.72064,506.25,541.125,-0.11157711,400.03125,0.0,438.78125,79.82713,72.99998,181.20117,0.0,71.31,191.40625,-0.13122559,-5.102539,71.240234,64.70795,3.0200195,71.35,71.35,70.04,69.95,0
252005.44,-0.08210563,3.305993,1.4527493,1.5995699,101.491,24.060139,13.722392,26.609867,373.87933,176.31662,92.082,0.0,4.561,15.561,24.481,2.0,96.99245,2.0,0.0,389.25,189.0,3361.0,0.0,-5.1484375,0.91748047,343.96677,19995.195,20000.502,1100.0834,528.2841,114.83332,111.59052,0.0,2.0982387,3.0,92.80853,43.750767,-7.124991,-8.999989,5.856,0.0,5.5234375,0.6783447,0.0,0.0,0.0,0.0,0.0,0.91015625,0.9169922,74.37897,2.3437505,284.9099,313.4205,0.0,110.00001,99.90234,0.0,285.59283,278.64435,506.25,541.125,-0.24551168,403.03125,0.0,439.0,79.82713,72.99998,182.72705,0.0,71.52,203.5,-0.69885254,-10.760498,71.55151,59.288025,2.5683594,72.08,72.08,70.27,70.44,0
252005.48,-0.065684505,3.4036474,1.4099432,1.599782,101.491005,24.060139,13.718956,25.43245,377.38345,178.81631,92.082,0.0,4.561,15.561,24.481,2.0,96.99245,2.0,0.0,388.5,189.375,3377.0,0.0,-5.140625,0.9293213,349.62173,20024.914,20000.502,1100.0834,528.2841,110.70034,107.033646,0.0,1.8348411,3.0,90.67688,43.736595,-6.7499914,-8.624989,5.792,0.0,5.7109375,0.67974854,0.0,0.0,0.0,0.0,0.0,0.9121094,0.9140625,74.191284,2.3437505,276.7941,313.14584,0.0,110.00001,99.90234,0.0,277.54984,279.49838,506.625,541.125,-0.50890934,398.0625,0.0,439.28125,79.82713,72.99998,179.47998,0.0,72.22,203.9375,-0.77819824,-1.2023926,72.42432,69.792175,2.4145508,72.99,73.04,70.98,71.06,0
252005.53,-0.052547604,3.611459,1.3978804,1.5997396,101.49101,24.060139,13.698972,25.085556,391.9219,185.37515,92.082,0.0,4.561,15.561,24.481,2.0,96.99245,2.0,0.0,394.875,189.0,3371.0,0.0,-5.046875,0.91986084,346.44598,19979.807,20000.502,1100.0834,528.2841,110.95467,107.54232,0.0,1.7803731,3.0,90.808105,43.72384,-7.124991,-8.999989,5.496,0.0,5.859375,0.6925659,0.0,0.0,0.0,0.0,0.0,0.9169922,0.9140625,73.78082,2.3437505,274.403,313.2017,0.0,110.00001,99.90234,0.0,274.82184,279.6974,507.0,541.125,-0.56337744,391.25,0.0,439.28125,79.82713,72.99998,178.69263,0.0,73.46,207.78125,-0.56762695,3.668213,71.27075,73.731995,2.4975586,73.5,73.37,71.55,71.45,0
252005.56,-0.042038083,3.8070838,1.3661119,1.5997819,101.49102,24.060139,13.696702,24.200636,401.42197,190.43182,92.082,0.0,4.561,15.561,24.481,2.0,96.99245,2.0,0.0,392.625,189.375,3381.0,0.0,-4.9765625,0.9193115,346.25528,20097.615,20000.502,1100.0834,528.2841,106.84289,105.65598,0.0,1.8930485,3.0,88.68866,43.71236,-6.7499914,-8.624989,5.592,0.0,6.03125,0.6981201,0.0,0.0,0.0,0.0,0.0,0.9238281,0.91796875,73.0484,2.3437505,268.30338,313.14777,0.0,110.00001,99.90234,0.0,268.943,279.92126,506.625,541.125,-0.45070195,385.46875,0.0,439.375,79.82713,72.99998,175.26245,0.0,73.81,209.4375,-0.18005371,11.566162,71.051025,82.01141,2.6245117,74.03,73.85,72.13,72.17,0
252005.61,-0.033630468,3.9040837,1.3695086,1.5999515,101.49103,24.060139,13.683394,24.219093,403.0001,193.10304,92.082,0.0,4.561,15.561,24.481,2.0,96.99245,2.0,0.0,398.625,189.375,3415.0,0.0,-4.8984375,0.91345215,344.0331,20022.791,20000.502,1100.0834,528.2841,109.30148,106.3978,0.0,1.9831889,3.0,89.41498,43.702026,-6.7499914,-8.624989,5.288,0.0,6.140625,0.7192383,0.0,0.0,0.0,0.0,0.0,0.92578125,0.9111328,73.42377,2.3437505,268.4306,312.85468,0.0,110.00001,99.90234,0.0,269.2166,280.1949,507.0,541.125,-0.36056158,385.71875,0.0,439.28125,79.82713,72.99998,175.54321,0.0,74.23,215.78125,0.2746582,13.3758545,70.01953,83.41522,2.8735352,74.27,74.33,72.72,72.64,0
252005.64,-0.026904374,3.8866334,1.3718901,1.6001636,101.49103,24.060139,13.685798,24.243626,398.53738,191.91528,92.082,0.0,4.561,15.561,24.481,2.0,96.99245,2.0,0.0,394.875,189.75,3432.0,0.0,-4.828125,0.9213257,347.00983,20010.055,20000.502,1100.0834,528.2841,109.87374,106.0163,0.0,2.0553012,3.0,89.57825,43.692726,-6.374992,-8.2499895,5.416,0.0,6.0703125,0.7244873,0.0,0.0,0.0,0.0,0.0,0.9238281,0.9091797,73.79913,2.3437505,268.5997,312.17596,0.0,110.00001,99.90234,0.0,269.3576,280.44363,507.0,540.75,-0.28844926,391.71875,0.0,439.5,79.82713,72.99998,175.8728,0.0,74.76,217.34375,0.6713867,13.241577,70.3125,84.11102,3.022461,74.79,74.79,73.08,73.04,0
252005.7,-0.0215235,3.8609035,1.3869859,1.6002059,101.49103,24.060139,13.68748,24.555744,397.3334,191.89304,92.082,0.0,4.561,15.561,24.481,2.0,96.99245,2.0,0.0,393.75,189.375,3442.0,0.0,-4.765625,0.9269409,349.13254,19968.13,20000.502,1100.0834,528.2841,111.08185,107.563515,0.0,2.112991,3.0,90.197754,43.684357,-6.7499914,-8.624989,5.452,0.0,5.8359375,0.73236084,0.0,0.0,0.0,0.0,0.0,0.91503906,0.90722656,73.77167,2.3437505,270.7511,311.27075,0.0,110.00001,99.90234,0.0,271.31442,280.6012,507.0,540.75,-0.23075941,387.53125,0.0,439.6875,79.82713,72.99998,177.16675,0.0,74.91,219.71875,0.94299316,10.443115,70.34912,81.66962,3.0737305,75.26,75.38,73.88,73.82,0
252005.73,0.0027811993,3.8318615,1.4106419,1.6004179,101.49103,24.060139,13.7003765,25.114136,395.7607,192.7994,92.082,0.0,4.561,15.561,24.481,2.0,96.99245,2.0,0.0,391.5,189.375,3472.0,0.0,-4.6875,0.93951416,353.85052,19873.672,20000.502,1100.0834,528.2841,113.79478,108.87759,0.0,2.159143,3.0,91.033936,43.676826,-6.7499914,-8.624989,5.536,0.0,5.84375,0.74798584,0.0,0.0,0.0,0.0,0.0,0.9091797,0.9033203,74.3515,2.3437505,274.60004,310.49426,0.0,110.00001,99.90234,0.0,275.14526,280.70898,507.0,540.75,-0.18460754,393.03125,0.0,439.78125,79.82713,72.99998,178.95508,0.0,75.68,224.40625,1.0772705,4.91333,70.36743,76.39923,3.0615234,75.68,75.72,74.09,74.09,0
252005.78,0.0022249594,3.7639947,1.4347292,1.6006722,101.49103,24.060139,13.715263,25.608915,391.22617,192.5116,92.082,0.0,4.561,15.561,24.481,2.0,96.99245,2.0,0.0,387.375,189.375,3507.0,0.0,-4.6484375,0.9532471,359.0246,19831.748,20000.502,1100.0834,528.2841,116.46532,110.78512,0.0,2.1960645,3.0,91.841125,43.670048,-6.7499914,-8.624989,5.704,0.0,5.8359375,0.7614136,0.0,0.0,0.0,0.0,0.0,0.90234375,0.9003906,75.40588,2.3437505,278.0105,309.21225,0.0,110.00001,99.90234,0.0,278.43707,280.77533,507.375,540.75,-0.14768603,398.625,0.0,439.875,79.82713,72.99998,180.46265,0.0,75.82,228.4375,1.1657715,1.9104004,70.60547,73.942566,3.0322266,76.5,76.21,74.87,74.73,0
252005.81,0.0017799676,3.7180982,1.4401035,1.6008418,101.49103,24.060139,13.725684,25.764668,389.6769,193.11617,92.082,0.0,4.561,15.561,24.481,0.0,96.99245,2.0,0.0,384.0,189.0,3532.0,0.0,-4.578125,0.9645996,363.29483,19715.002,20000.502,1100.0834,526.95746,119.83529,111.696495,0.0,2.0693517,3.0,92.98401,43.663948,-6.7499914,-8.999989,5.812,0.0,6.3359375,0.7631836,0.0,0.0,0.0,0.0,0.0,0.8925781,0.89746094,75.94147,2.3437505,279.08408,309.22726,0.0,110.00001,99.90234,0.0,279.5979,280.81677,507.375,540.75,-0.2743988,404.90625,0.0,439.78125,79.82713,72.99998,181.27441,0.0,76.82,228.96875,1.2268066,0.15563965,71.032715,72.7005,2.9199219,76.86,76.92,75.04,75.07,0
252005.86,0.001423974,3.7372394,1.4465832,1.6008841,101.49103,24.060139,13.744698,25.915876,393.09763,195.25266,92.082,0.0,4.561,15.561,24.481,0.0,96.99245,2.0,0.0,357.0,189.375,3540.0,0.0,-4.53125,0.9748535,367.15878,19911.88,20000.502,1100.0834,526.95746,118.81794,112.417114,0.0,1.9679815,3.0,92.46826,43.65846,-6.7499914,-8.624989,7.072,0.0,6.8046875,0.75457764,0.0,0.0,0.0,0.0,0.0,0.890625,0.89746094,76.1673,2.3437505,280.12634,309.25952,0.0,110.00001,99.90234,0.0,280.4851,280.84995,507.375,540.75,-0.37576902,409.78125,0.0,439.375,79.82713,72.99998,181.781,0.0,77.31,226.375,1.2084961,-0.34179688,71.728516,72.984314,2.8320312,77.63,77.5,75.82,75.72,0
252005.89,0.0011391792,3.744896,1.4494576,1.6010114,101.49103,24.060139,13.746288,26.012722,393.20532,196.68542,92.082,0.0,4.561,15.561,24.481,0.0,96.99245,2.0,0.0,355.5,189.375,3565.0,0.0,-4.40625,0.9807739,369.38928,19958.58,20000.502,1100.0834,526.95746,119.66573,113.79478,0.0,1.8868853,3.0,92.352295,43.653515,-6.374992,-8.624989,7.1,0.0,7.625,0.76434326,0.0,0.0,0.0,0.0,0.0,0.8925781,0.8955078,76.283264,2.3437505,280.79388,309.32162,0.0,110.00001,99.90234,0.0,281.5133,280.88312,507.75,540.375,-0.4568652,410.46875,0.0,439.09375,79.82713,72.99998,182.2815,0.0,77.78,229.3125,1.1810303,-0.18310547,71.673584,73.10333,2.8051758,77.98,77.92,76.21,76.27,0
252005.92,9.113434E-4,3.7479584,1.4450774,1.6012232,101.49103,24.060139,13.7356825,25.904879,393.18585,198.33073,92.082,0.0,4.561,15.561,24.481,0.0,96.99245,2.0,0.0,354.375,189.375,3595.0,0.0,-4.2578125,0.98394775,370.59988,19911.88,20000.502,1100.0834,526.95746,119.771706,113.3073,0.0,1.8220084,3.0,91.856384,43.649067,-6.374992,-8.624989,7.088,0.0,8.234375,0.7763672,0.0,0.0,0.0,0.0,0.0,0.88964844,0.8925781,76.283264,2.3437505,280.05054,309.54236,0.0,110.00001,99.90234,0.0,280.6012,280.8997,507.75,540.375,-0.52174217,405.59375,0.0,438.6875,79.82713,72.99998,182.08618,0.0,78.35,232.90625,1.2176514,0.12817383,71.41113,73.43292,2.7978516,78.49,78.59,76.5,76.73,0
252005.97,7.290747E-4,3.7304335,1.4455801,1.6013505,101.49103,24.060139,13.745837,25.863226,391.95786,199.03122,92.082,0.0,4.561,15.561,24.481,0.0,96.99245,2.0,0.0,352.875,189.375,3619.0,0.0,-4.1796875,0.99365234,374.24823,19839.178,20000.502,1100.0834,526.95746,121.0222,113.54044,0.0,1.7701068,3.0,92.35535,43.645065,-6.374992,-8.624989,7.116,0.0,8.5,0.7796631,0.0,0.0,0.0,0.0,0.0,0.890625,0.890625,76.283264,2.3437505,279.76343,309.05408,0.0,110.00001,99.90234,0.0,280.04565,280.8997,507.75,540.375,-0.57364374,404.25,0.0,438.28125,79.82713,72.99998,182.16553,0.0,78.91,233.90625,1.2329102,0.9490967,71.66748,74.74518,2.7905273,79.1,78.97,77.45,77.42,0
252006.02,5.832598E-4,3.7046735,1.453004,1.6015624,101.49103,24.060139,13.741226,25.821484,390.32623,200.06479,92.082,0.0,4.561,15.561,24.481,0.0,96.99245,2.0,0.0,353.625,189.75,3653.0,0.0,-4.0859375,0.9992676,376.36264,19916.125,20000.502,1100.0834,526.95746,119.30542,112.523094,0.0,1.7285855,3.0,90.95154,43.566277,-5.9999924,-8.2499895,7.08,0.0,8.5,0.8046875,0.0,0.0,0.0,0.0,0.0,0.88964844,0.8876953,76.283264,2.3437505,279.4757,307.04626,0.0,110.00001,99.90234,0.0,279.9213,280.8997,507.75,540.0,-0.615165,409.59375,0.0,437.875,79.82713,72.99998,182.40356,0.0,79.19,241.40625,1.2451172,0.5645752,70.97168,73.76251,2.7832031,79.62,79.65,77.71,77.66,0
252006.05,4.6660783E-4,3.6943696,1.454697,1.6016896,101.49103,24.060139,13.749718,25.812466,390.5279,201.59283,92.082,0.0,4.561,15.561,24.481,0.0,96.99245,2.0,0.0,352.125,189.75,3679.0,0.0,-4.0078125,1.0101929,380.46707,19924.617,20000.502,1100.0834,526.95746,120.76786,114.07031,0.0,1.6953685,3.0,91.68091,43.49536,-5.9999924,-8.2499895,7.088,0.0,8.9609375,0.80371094,0.0,0.0,0.0,0.0,0.0,0.88671875,0.8876953,76.283264,2.3437505,279.41354,306.55762,0.0,110.00001,99.90234,0.0,280.04565,280.8997,508.125,540.0,-0.648382,410.0625,0.0,437.1875,79.82713,72.99998,182.58057,0.0,80.09,241.125,1.2756348,0.5706787,71.09375,74.11041,2.788086,80.09,80.52,78.38,78.34,0
252006.08,-0.019626712,3.690248,1.4583536,1.6018168,101.49103,24.060139,13.755662,25.785856,390.57654,202.60439,92.082,0.0,4.561,15.561,24.481,0.0,96.99245,2.0,0.0,349.5,189.75,3697.0,0.0,-3.96875,1.0159912,382.66437,19843.424,20000.502,1100.0834,526.95746,122.42105,114.64257,0.0,1.6687949,3.0,91.96167,43.43154,-5.9999924,-8.2499895,7.128,0.0,9.1796875,0.81781006,0.0,0.0,0.0,0.0,0.0,0.8847656,0.8857422,76.283264,2.3437505,279.23013,305.85184,0.0,110.00001,99.90234,0.0,279.72226,280.8997,508.125,540.0,-0.6749556,406.34375,0.0,436.78125,79.82713,72.99998,182.84302,0.0,80.36,245.34375,1.3000488,0.68359375,70.57495,73.91205,2.7832031,80.65,80.62,78.78,78.63,0
252006.12,-0.07570137,3.6885993,1.4588543,1.6018592,101.49103,24.060139,13.736385,25.812965,390.962,203.18834,92.082,0.0,4.561,15.561,24.481,0.0,96.99245,2.0,0.0,348.75,189.75,3704.0,0.0,-3.921875,1.0211792,384.62122,19830.688,20000.502,1100.0834,526.95746,123.16287,114.38823,0.0,1.647536,3.0,92.33093,43.3741,-5.9999924,-8.2499895,7.152,0.0,9.1796875,0.81396484,0.0,0.0,0.0,0.0,0.0,0.88378906,0.8857422,76.283264,2.3437505,279.417,305.834,0.0,110.00001,99.90234,0.0,279.87982,280.8997,508.125,540.0,-0.6962145,406.53125,0.0,436.6875,79.82713,72.99998,182.95898,0.0,81.11,244.1875,1.3214111,0.44250488,70.75195,73.88153,2.788086,81.17,80.91,79.5,79.46,0
252006.17,-0.12056109,3.68794,1.4660088,1.6020709,101.49103,24.060139,13.746329,25.837112,390.9762,204.7866,92.082,0.0,4.561,15.561,24.481,0.0,96.99245,2.0,0.0,347.625,190.125,3733.0,0.0,-3.84375,1.0285645,387.3907,19839.178,20000.502,1100.0834,526.95746,124.6677,115.42677,0.0,1.6305289,3.0,92.941284,43.322403,-5.624993,-7.87499,7.18,0.0,9.046875,0.8314209,0.0,0.0,0.0,0.0,0.0,0.88183594,0.8828125,76.283264,2.3437505,279.58344,304.69397,0.0,110.00001,99.90234,0.0,280.04565,280.8997,508.125,540.0,-0.7132216,411.5625,0.0,436.375,79.82713,72.99998,183.31909,0.0,81.56,249.4375,1.3336182,0.30822754,70.05005,73.16742,2.7905273,81.55,81.65,79.8,79.82,0
252006.2,-0.17644888,3.687676,1.4686875,1.602283,101.49103,24.060139,13.735712,25.829754,391.07135,206.75696,92.082,0.0,4.561,15.561,24.481,0.0,96.99245,2.0,0.0,346.125,190.125,3768.0,0.0,-3.8359375,1.0372925,390.6742,19796.193,20000.502,1100.0834,526.95746,125.38832,115.151245,0.0,1.4606732,3.0,92.76276,43.27588,-5.624993,-7.87499,7.208,0.0,8.9296875,0.8442383,0.0,0.0,0.0,0.0,0.0,0.87597656,0.8798828,76.283264,2.3437505,279.5327,304.16586,0.0,110.00001,99.90234,0.0,279.9213,280.8997,508.5,540.0,-0.88307726,412.125,0.0,435.59375,79.82713,72.99998,183.75854,0.0,81.67,253.28125,1.3671875,0.2685547,69.506836,73.04535,2.7856445,82.25,82.14,80.52,80.36,0
252006.23,-0.2411591,3.6500707,1.4692497,1.6023679,101.49103,24.060139,13.739998,25.795322,388.11053,205.89952,92.082,0.0,4.561,15.561,24.481,0.0,96.99245,2.0,0.0,344.25,190.125,3781.0,0.0,-3.84375,1.046936,394.306,19804.686,20000.502,1100.0834,526.95746,126.61762,115.7235,0.0,1.3247887,3.0,93.244934,43.23401,-5.624993,-7.87499,7.224,0.0,9.1484375,0.8411255,0.0,0.0,0.0,0.0,0.0,0.875,0.8779297,76.283264,2.3437505,279.29538,303.81058,0.0,110.00001,99.90234,0.0,279.76376,280.8997,508.5,540.0,-1.0189618,411.6875,0.0,435.5,79.82713,72.99998,183.83789,0.0,82.54,252.34375,1.385498,0.38452148,69.63501,73.3139,2.788086,82.67,82.57,80.94,80.87,0
252006.28,-0.27292728,3.6912785,1.474761,1.6024101,101.49103,24.060139,13.742998,25.816004,393.0424,209.2329,92.082,0.0,4.561,15.561,24.481,0.0,96.99245,2.0,0.0,343.125,190.5,3794.0,0.0,-3.90625,1.0541992,397.04227,19804.686,20000.502,1100.0834,526.95746,127.656166,115.80828,0.0,1.216081,3.0,93.759155,43.19632,-5.2499933,-7.4999905,7.248,0.0,9.6484375,0.8457031,0.0,0.0,0.0,0.0,0.0,0.8730469,0.8779297,76.283264,2.3437505,279.43793,302.7674,0.0,110.00001,99.90234,0.0,279.84665,280.8997,508.5,540.0,-1.1276695,416.875,0.0,435.375,79.82713,72.99998,184.12476,0.0,82.83,253.71875,1.3977051,0.2593994,69.42139,73.02399,2.788086,83.22,83.0,81.53,81.42,0
252006.34,-0.2983418,3.7077613,1.485805,1.6026646,101.49103,24.060139,13.739239,25.899809,393.0959,211.63307,92.082,0.0,4.561,15.561,24.481,0.0,96.99245,2.0,0.0,343.875,190.5,3837.0,0.0,-3.90625,1.0609741,399.6127,19860.406,20000.502,1100.0834,526.95746,128.22842,116.52891,0.0,1.129115,3.0,93.49518,43.08721,-5.2499933,-7.4999905,7.22,0.0,9.6015625,0.87042236,0.0,0.0,0.0,0.0,0.0,0.8720703,0.875,76.283264,2.3437505,280.0156,301.7087,0.0,110.00001,99.90234,0.0,280.36902,280.8997,508.875,540.0,-1.2146355,412.4375,0.0,434.78125,79.82713,72.99998,184.77783,0.0,83.32,261.125,1.4099121,-0.08544922,68.2312,71.34247,2.7832031,83.58,83.58,82.07,81.98,0
252006.38,-0.29867345,3.6956048,1.4969763,1.6029189,101.49103,24.060139,13.748326,25.996782,391.4875,212.90942,92.082,0.0,4.561,15.561,24.481,0.0,96.99245,2.0,0.0,340.125,190.5,3876.0,0.0,-3.9921875,1.0813599,407.2826,19749.494,20000.502,1100.0834,526.95746,131.68317,118.13971,0.0,1.0595421,3.0,94.10095,42.989014,-4.874994,-7.4999905,7.308,0.0,9.84375,0.88427734,0.0,0.0,0.0,0.0,0.0,0.8671875,0.8701172,76.283264,2.3437505,280.68402,299.67154,0.0,110.00001,99.90234,0.0,281.13187,280.8997,508.875,540.0,-1.2842084,409.0,0.0,434.28125,79.82713,72.99998,185.83374,0.0,83.74,265.28125,1.4129639,-0.32348633,67.40112,70.173645,2.7807617,84.23,83.99,82.46,82.31,0
252006.42,-0.27893877,3.690742,1.4965451,1.6029612,101.49103,24.060139,13.73125,25.939072,391.8134,213.58145,92.082,0.0,4.561,15.561,24.481,0.0,96.99245,2.0,0.0,337.5,190.875,3885.0,0.0,-3.9921875,1.0894775,410.33395,19779.213,20000.502,1100.0834,526.95746,131.93752,117.65223,0.0,0.8476337,3.0,94.226074,42.900642,-4.874994,-7.124991,7.356,0.0,10.296875,0.87768555,0.0,0.0,0.0,0.0,0.0,0.8642578,0.8701172,76.283264,2.3437505,280.28622,299.48853,0.0,110.00001,99.90234,0.0,280.7256,280.8997,509.25,540.0,-1.4961168,412.65625,0.0,434.0,79.82713,72.99998,185.77881,0.0,84.72,263.3125,1.4282227,0.09765625,67.67578,70.95795,2.7685547,84.85,84.93,83.45,83.03,0
252006.45,-0.24315101,3.745047,1.5031284,1.6030037,101.49103,24.060139,13.731015,26.05287,396.65817,216.61198,92.082,0.0,4.561,15.561,24.481,0.0,96.99245,2.0,0.0,337.5,190.875,3892.0,0.0,-3.9296875,1.0963135,412.9127,19732.514,20000.502,1100.0834,526.95746,134.12057,118.20329,0.0,0.678107,3.0,95.29114,42.821106,-4.874994,-7.124991,7.34,0.0,10.4609375,0.87402344,0.0,0.0,0.0,0.0,0.0,0.8652344,0.8701172,76.283264,2.3437505,281.07062,299.08728,0.0,110.00001,99.90234,0.0,281.44693,280.8997,509.25,540.0,-1.6656435,413.5625,0.0,433.875,79.82713,72.99998,186.40747,0.0,85.18,262.21875,1.4282227,-0.2746582,67.82837,70.71991,2.7612305,85.25,85.15,83.42,83.54,0
252006.5,-0.19452082,3.7855191,1.511083,1.603258,101.49103,24.060139,13.74257,26.080297,398.34216,219.71138,92.082,0.0,4.561,15.561,24.481,0.0,96.99245,2.0,0.0,336.375,190.875,3931.0,0.0,-3.984375,1.1063232,416.2128,19808.93,20000.502,1100.0834,526.95746,134.54446,118.22449,0.0,0.5424857,3.0,94.94171,42.74952,-4.874994,-7.124991,7.38,0.0,10.5,0.8963623,0.0,0.0,0.0,0.0,0.0,0.8613281,0.86816406,76.283264,2.3437505,281.25967,297.78156,0.0,110.00001,99.90234,0.0,281.57135,280.8997,509.25,540.0,-1.8012648,411.40625,0.0,433.28125,79.82713,72.99998,187.75024,0.0,85.41,268.90625,1.4160156,-0.20141602,66.51001,69.33441,2.7490234,85.74,85.95,84.09,84.27,0
252006.53,-0.13561666,3.7454576,1.5164806,1.6034698,101.49103,24.060139,13.73308,26.026243,393.62143,219.26155,92.082,0.0,4.561,15.561,24.481,0.0,96.99245,2.0,0.0,332.25,191.25,3970.0,0.0,-4.0234375,1.126648,423.8578,19823.258,20000.502,1100.0834,526.95746,135.68898,118.86033,0.0,0.4339887,3.0,94.83948,42.685097,-4.4999943,-6.7499914,7.432,0.0,10.5625,0.90289307,0.0,0.0,0.0,0.0,0.0,0.8613281,0.8652344,76.283264,2.3437505,280.8871,296.68292,0.0,110.00001,99.90234,0.0,281.21478,280.8997,509.25,540.0,-1.9097618,408.84375,0.0,432.875,79.82713,72.99998,188.80615,0.0,85.9,270.875,1.4160156,0.051879883,65.91797,68.98956,2.7294922,86.47,86.26,84.48,84.38,0
252006.58,-0.10849333,3.7106833,1.5198401,1.6036395,101.49103,24.060139,13.738155,25.929646,392.27155,219.94066,92.082,0.0,4.561,15.561,24.481,0.0,96.99245,2.0,0.0,332.25,191.25,3996.0,0.0,-4.078125,1.1403198,429.4796,19803.623,20000.502,1100.0834,526.95746,137.06665,119.19945,0.0,0.34719098,3.0,95.50629,42.627113,-4.4999943,-6.7499914,7.416,0.0,11.5390625,0.9104004,0.0,0.0,0.0,0.0,0.0,0.859375,0.86328125,76.283264,2.3437505,280.22125,294.9523,0.0,110.00001,99.90234,0.0,280.44366,280.8997,509.625,540.0,-1.9965595,407.375,0.0,432.59375,79.82713,72.99998,189.26392,0.0,87.03,273.125,1.4190674,0.72631836,65.35034,69.08722,2.6904297,87.14,87.36,85.1,85.06,0
252006.61,-0.06679466,3.7155232,1.5218593,1.6036395,101.49103,24.060139,13.735849,26.050491,393.94086,221.65047,92.082,0.0,4.561,15.561,24.481,0.0,96.99245,2.0,0.0,330.75,191.625,4010.0,0.0,-4.125,1.1468506,431.95883,19719.246,20000.502,1100.0834,526.95746,139.2709,119.49617,0.0,0.27775288,3.0,96.02661,42.49974,-4.4999943,-6.374992,7.436,0.0,11.4140625,0.9053955,0.0,0.0,0.0,0.0,0.0,0.8564453,0.86035156,76.283264,2.3437505,281.05423,295.57526,0.0,110.00001,99.90234,0.0,281.37234,280.8997,509.625,540.0,-2.0659976,410.3125,0.0,432.375,79.82713,72.99998,190.03296,0.0,87.42,271.625,1.4343262,-0.25634766,65.55176,68.32733,2.6782227,87.64,87.74,85.44,85.4,0
252006.64,-0.05343573,3.7362094,1.5116804,1.6034274,101.49103,24.060139,13.734235,25.80334,395.56705,225.11856,92.082,0.0,4.561,15.561,24.481,0.0,96.99245,2.0,0.0,329.25,192.0,4056.0,0.0,-4.1953125,1.1586304,436.39493,19779.213,20000.502,1100.0834,526.95746,139.6524,118.839134,0.0,0.22220254,3.0,96.05713,42.385105,-4.4999943,-5.9999924,7.448,0.0,11.375,0.91345215,0.0,0.0,0.0,0.0,0.0,0.85253906,0.859375,76.297,2.3437505,279.35065,295.53992,0.0,110.00001,99.90234,0.0,279.57303,280.8997,510.0,540.375,-2.121548,409.0,0.0,432.875,79.82713,72.99998,189.86206,0.0,88.08,274.03125,1.4953613,1.6235352,64.971924,69.688416,2.6660156,88.15,88.04,86.07,86.0,0
252006.69,-0.022748586,3.744484,1.5059913,1.6033851,101.49103,24.060139,13.738964,25.644804,395.6664,225.73027,92.082,0.0,4.561,15.561,24.481,0.0,96.99245,2.0,0.0,328.125,192.0,4066.0,0.0,-4.21875,1.1694946,439.4629,19906.574,20000.502,1100.0834,526.95746,138.18997,118.309265,0.0,0.02151227,3.0,95.199585,42.281933,-4.4999943,-5.9999924,7.476,0.0,11.484375,0.9053955,0.0,0.0,0.0,0.0,0.0,0.85253906,0.8574219,76.297,2.3437505,278.25787,295.37393,0.0,110.00001,99.90234,0.0,278.37073,280.8997,510.375,540.375,-2.3222382,408.40625,0.0,433.1875,79.82713,72.99998,189.2395,0.0,88.65,271.625,1.6082764,3.0578613,65.29541,71.614075,2.6757812,88.76,88.58,86.47,86.29,0
252006.72,0.0018011313,3.7665439,1.5026795,1.6033003,101.49103,24.060139,13.742274,25.607239,397.6498,227.92192,92.082,0.0,4.561,15.561,24.481,0.0,96.99245,2.0,0.0,330.0,192.0,4085.0,0.0,-4.3984375,1.1726074,440.63202,19911.88,20000.502,1100.0834,529.08014,137.44815,117.54626,0.0,-0.13904,3.0,94.84253,42.189075,-4.4999943,-5.9999924,7.376,0.0,11.484375,0.9065552,0.0,0.0,0.0,0.0,0.0,0.8457031,0.8574219,76.297,2.3437505,277.99893,295.79144,0.0,110.00001,99.90234,0.0,278.05563,280.8997,510.375,540.375,-2.4827905,407.90625,0.0,433.5,79.82713,72.99998,189.39209,0.0,89.08,271.96875,1.6876221,3.1463623,65.197754,71.684265,2.6660156,89.0,89.07,87.36,87.29,0
252006.77,0.041440904,3.7941177,1.5013254,1.6031733,101.49103,24.060139,13.738732,25.548641,399.177,230.1975,92.082,0.0,4.561,15.561,24.481,0.0,96.99245,2.0,0.0,329.625,192.0,4110.0,0.0,-4.3828125,1.1784668,442.84592,19979.807,20000.502,1100.0834,529.08014,137.21501,117.99134,0.0,-0.2674818,3.0,94.58618,42.105503,-4.4999943,-5.9999924,7.356,0.0,11.8203125,0.9142456,0.0,0.0,0.0,0.0,0.0,0.8496094,0.8564453,76.44501,2.3437505,277.59503,295.6475,0.0,110.00001,99.90234,0.0,277.6825,280.8997,510.375,540.375,-2.6112323,407.78125,0.0,433.78125,79.82713,72.99998,189.67896,0.0,89.08,274.28125,1.8066406,3.4851074,64.697266,71.665955,2.6733398,89.75,90.08,87.66,87.51,0
252006.81,0.033152726,3.7676473,1.4942805,1.6030037,101.49103,24.060139,13.730393,25.45989,396.21304,230.60078,92.082,0.0,4.561,15.561,24.481,0.0,96.99245,2.0,0.0,329.25,192.375,4148.0,0.0,-4.3828125,1.1861572,445.73145,19921.432,20000.502,1100.0834,531.7335,137.80847,117.92776,0.0,-0.37023544,3.0,94.71893,42.03029,-4.1249948,-5.624993,7.332,0.0,11.984375,0.9173584,0.0,0.0,0.0,0.0,0.0,0.85058594,0.85546875,76.44501,2.3437505,276.98328,296.24338,0.0,110.00001,99.90234,0.0,277.40887,280.8997,510.75,540.375,-2.713986,408.6875,0.0,434.59375,79.82713,72.99998,189.9292,0.0,90.09,275.21875,1.9317627,3.036499,64.42871,71.08612,2.6708984,90.34,89.99,88.33,88.15,0
252006.84,0.0065221805,3.738309,1.4937094,1.6029189,101.49103,24.060139,13.712838,25.498953,394.59332,230.37784,92.082,0.0,4.561,15.561,24.481,0.0,96.99245,2.0,0.0,328.5,192.375,4161.0,0.0,-4.3359375,1.192688,448.17752,20031.281,20000.502,1100.0834,531.7335,136.49438,117.779396,0.0,-0.45243835,3.0,93.933105,41.962597,-4.1249948,-5.624993,7.316,0.0,12.0,0.91748047,0.0,0.0,0.0,0.0,0.0,0.8515625,0.8535156,76.62659,2.3437505,277.25253,296.65207,0.0,110.00001,99.90234,0.0,277.6659,280.8997,511.125,540.375,-2.7961888,407.875,0.0,434.6875,79.82713,72.99998,190.31982,0.0,90.82,275.25,2.0080566,1.638794,64.349365,69.703674,2.680664,90.74,90.85,88.55,88.17,0
252006.89,-0.054782253,3.7453237,1.4877871,1.6028764,101.49103,24.060139,13.718127,25.33547,396.75363,232.08446,92.082,0.0,4.561,15.561,24.481,0.0,96.99245,2.0,0.0,328.5,192.375,4169.0,0.0,-4.21875,1.1923218,448.55893,20077.45,20000.502,1100.0834,531.7335,135.6254,117.41908,0.0,-0.51820064,3.0,93.515015,41.901672,-4.1249948,-5.624993,7.316,0.0,12.0078125,0.9192505,0.0,0.0,0.0,0.0,0.0,0.85058594,0.8535156,76.62659,2.3437505,276.12567,297.05643,0.0,110.00001,99.90234,0.0,276.26462,280.8997,511.5,540.375,-2.861951,405.90625,0.0,435.09375,79.82713,72.99998,190.18555,0.0,90.81,275.78125,2.1331787,2.5634766,64.25171,70.66803,2.680664,91.14,91.14,89.37,89.36,0
252006.92,-0.0838258,3.7856297,1.4879088,1.6027915,101.49103,24.060139,13.692533,25.45049,399.8511,235.24283,92.082,0.0,4.561,15.561,24.481,0.0,96.99245,2.0,0.0,328.875,192.375,4193.0,0.0,-4.1015625,1.196106,449.9851,20057.285,20000.502,1100.0834,533.0602,135.39226,117.31311,0.0,-0.57081056,3.0,93.24951,41.771656,-4.1249948,-5.624993,7.284,0.0,11.65625,0.92144775,0.0,0.0,0.0,0.0,0.0,0.85058594,0.85253906,76.62659,2.3437505,276.9185,297.4503,0.0,110.00001,99.90234,0.0,277.2679,280.8997,511.5,540.0,-2.914561,400.78125,0.0,435.59375,79.82713,72.99998,190.67383,0.0,91.5,276.4375,2.2247314,2.2003174,64.086914,70.225525,2.6855469,91.72,91.38,89.65,89.6,0
252006.97,-0.10706064,3.7830021,1.4822469,1.6026222,101.49103,24.060139,13.698054,25.275618,398.4611,235.9905,92.082,0.0,4.561,15.561,24.481,0.0,96.99245,2.0,0.0,327.75,192.375,4221.0,0.0,-3.953125,1.2052002,453.9154,20087.002,20000.502,1100.0834,533.0602,134.67163,116.9528,0.0,-0.61289835,3.0,92.90161,41.65464,-4.1249948,-5.624993,7.292,0.0,11.984375,0.9199829,0.0,0.0,0.0,0.0,0.0,0.8515625,0.85253906,76.71051,2.3437505,275.7131,297.279,0.0,110.00001,99.90234,0.0,276.12366,280.8997,511.875,540.0,-2.9566488,399.75,0.0,435.78125,79.82713,72.99998,190.58228,0.0,91.72,276.0,2.3925781,5.026245,64.0564,73.2193,2.692871,92.35,92.18,90.38,90.17,0
252007.02,-0.085648514,3.7632008,1.4774036,1.6024525,101.49103,24.060139,13.70192,25.242222,396.9612,237.05162,92.082,0.0,4.561,15.561,24.481,0.0,96.99245,2.0,0.0,327.0,192.375,4256.0,0.0,-3.546875,1.2142944,457.34818,19872.08,20000.502,1100.0834,535.71356,137.29979,117.27072,0.0,-0.64656854,3.0,93.87207,41.549324,-4.1249948,-5.624993,7.268,0.0,11.984375,0.9208374,0.0,0.0,0.0,0.0,0.0,0.85058594,0.8496094,76.71051,2.3437505,275.4829,297.8104,0.0,110.00001,99.90234,0.0,275.89148,280.8997,511.875,539.625,-2.990319,392.375,0.0,436.09375,79.82713,72.99998,190.9607,0.0,92.48,276.25,2.532959,5.126953,63.90381,73.34442,2.7050781,92.66,92.52,90.71,90.62,0
252007.05,-0.06851881,3.7177806,1.4781231,1.6024525,101.49103,24.060139,13.692906,25.254286,394.07724,235.77176,92.082,0.0,4.561,15.561,24.481,0.0,96.99245,2.0,0.0,325.5,192.75,4264.0,0.0,-3.6484375,1.2197266,459.38797,19984.053,20000.502,1100.0834,535.71356,136.28244,117.16475,0.0,-0.6735048,3.0,93.38226,41.45454,-4.1249948,-5.2499933,7.296,0.0,12.15625,0.92193604,0.0,0.0,0.0,0.0,0.0,0.8496094,0.8496094,76.89972,2.3437505,275.56607,297.75162,0.0,110.00001,99.90234,0.0,276.03244,280.8997,512.25,539.625,-3.0172553,395.53125,0.0,436.59375,79.82713,72.99998,191.19873,0.0,93.29,276.59375,2.6794434,4.269409,63.775635,72.5235,2.7172852,93.32,93.26,91.14,91.25,0
252007.1,-0.03481505,3.7183623,1.4741372,1.602283,101.49103,24.060139,13.698316,25.236399,395.7364,238.43019,92.082,0.0,4.561,15.561,24.481,0.0,96.99245,2.0,0.0,325.125,192.75,4294.0,0.0,-3.6640625,1.2245483,461.20386,19906.574,20000.502,1100.0834,535.71356,136.98187,117.03758,0.0,-0.6950538,3.0,93.56537,41.369236,-4.1249948,-5.2499933,7.292,0.0,12.7578125,0.9226074,0.0,0.0,0.0,0.0,0.0,0.8535156,0.8486328,76.89972,2.3437505,275.44278,298.4607,0.0,110.00001,99.90234,0.0,275.89148,280.8997,512.25,539.625,-3.0388043,394.71875,0.0,436.78125,79.82713,72.99998,191.60156,0.0,93.25,276.78125,2.8381348,4.772949,63.67798,73.106384,2.7197266,93.76,93.65,91.72,91.61,0
252007.14,-0.007852042,3.718595,1.4749893,1.6021982,101.49103,24.060139,13.690383,25.283932,395.95776,239.8414,92.082,0.0,4.561,15.561,24.481,0.0,96.99245,2.0,0.0,324.75,192.75,4317.0,0.0,-3.6796875,1.232544,464.21375,19843.424,20000.502,1100.0834,537.57086,138.1052,117.07997,0.0,-0.7122929,3.0,94.107056,41.29246,-4.1249948,-5.2499933,7.272,0.0,12.8203125,0.92352295,0.0,0.0,0.0,0.0,0.0,0.8486328,0.8486328,76.89972,2.3437505,275.77042,298.65515,0.0,110.00001,99.90234,0.0,276.26462,280.8997,512.625,539.625,-3.0560434,393.09375,0.0,437.28125,79.82713,72.99998,192.15698,0.0,93.88,277.0625,2.9815674,4.5806885,63.52539,72.935486,2.7294922,94.08,94.27,92.35,92.24,0
252007.17,0.033718366,3.6999383,1.4720445,1.602071,101.49103,24.060139,13.696549,25.317722,394.3641,240.31476,92.082,0.0,4.561,15.561,24.481,0.0,96.99245,2.0,0.0,322.875,192.75,4343.0,0.0,-3.8046875,1.2402344,467.11588,19985.113,20000.502,1100.0834,537.57086,136.96068,116.9528,0.0,-0.72608423,3.0,93.4021,41.223366,-4.1249948,-5.2499933,7.32,0.0,12.8671875,0.92437744,0.0,0.0,0.0,0.0,0.0,0.8496094,0.84765625,77.02637,2.3437505,276.00333,299.5513,0.0,110.00001,99.90234,0.0,276.42215,280.8997,513.0,540.0,-3.0698347,392.84375,0.0,437.59375,79.82713,72.99998,192.84668,0.0,94.59,277.3125,3.088379,4.272461,63.38501,72.63031,2.7392578,94.87,94.69,92.45,92.56,0
252007.22,0.086974695,3.6924753,1.4771533,1.6019864,101.49103,24.060139,13.689147,25.495075,394.73776,241.65019,92.082,0.0,4.561,15.561,24.481,0.0,96.99245,2.0,0.0,321.75,192.75,4363.0,0.0,-3.8828125,1.2492676,470.53207,19954.865,20000.502,1100.0834,539.6936,137.68129,117.22833,0.0,-0.7371173,3.0,93.60657,41.16118,-4.1249948,-5.2499933,7.344,0.0,12.7421875,0.92645264,0.0,0.0,0.0,0.0,0.0,0.8466797,0.8466797,77.02637,2.3437505,277.2258,299.75006,0.0,110.00001,99.90234,0.0,277.6825,280.8997,513.375,540.0,-3.0808678,395.75,0.0,438.09375,79.82713,72.99998,194.00635,0.0,95.04,277.9375,3.1707764,1.6082764,63.15918,69.85321,2.7441406,95.06,95.21,93.32,93.32,0
252007.25,0.14957976,3.70824,1.4788547,1.6019015,101.49103,24.060139,13.689825,25.58578,396.2652,243.58606,92.082,0.0,4.561,15.561,24.481,0.0,96.99245,2.0,0.0,321.375,192.75,4381.0,0.0,-3.8046875,1.2556152,472.9035,19912.412,20000.502,1100.0834,539.6936,138.9106,117.970146,0.0,-0.7459438,3.0,94.19861,41.10521,-3.7499952,-5.2499933,7.316,0.0,12.6015625,0.928833,0.0,0.0,0.0,0.0,0.0,0.8486328,0.8466797,77.178955,2.3437505,277.851,300.21686,0.0,110.00001,99.90234,0.0,278.28778,280.8997,513.375,540.0,-3.0896943,396.875,0.0,438.375,79.82713,72.99998,194.71436,0.0,95.68,278.65625,3.2592773,1.0375977,62.939453,69.17572,2.7416992,95.57,95.62,93.43,93.57,0
252007.3,0.19966382,3.695796,1.4803457,1.601732,101.49103,24.060139,13.707877,25.64672,394.92487,244.757,92.082,0.0,4.561,15.561,24.481,0.0,96.99245,2.0,0.0,320.25,193.125,4417.0,0.0,-3.6796875,1.2661743,476.89185,20062.06,20000.502,1100.0834,539.6936,137.40576,117.970146,0.0,-0.753005,3.0,93.167114,41.054836,-3.7499952,-4.874994,7.344,0.0,12.2265625,0.9320679,0.0,0.0,0.0,0.0,0.0,0.8486328,0.84375,77.178955,2.3437505,278.2711,300.3964,0.0,110.00001,99.90234,0.0,278.6941,280.86652,513.75,539.625,-3.0967555,399.53125,0.0,438.59375,79.82713,72.99998,195.81909,0.0,95.79,279.625,3.3172607,0.93078613,62.62207,68.85834,2.734375,96.17,96.22,94.27,94.19,0
252007.33,0.25973105,3.6908185,1.4852505,1.6016047,101.49103,24.060139,13.708796,25.773588,395.05026,246.27591,92.082,0.0,4.561,15.561,24.481,0.0,96.99245,2.0,0.0,318.375,193.5,4443.0,0.0,-3.6640625,1.2767944,480.89676,19922.494,20000.502,1100.0834,541.8163,139.73718,118.839134,0.0,-0.7586539,3.0,94.29016,40.934315,-3.7499952,-4.4999943,7.364,0.0,11.96875,0.9356079,0.0,0.0,0.0,0.0,0.0,0.84765625,0.84375,77.178955,2.3437505,279.14557,300.23532,0.0,110.00001,99.90234,0.0,279.6642,280.70898,513.75,539.625,-3.1024044,403.71875,0.0,439.1875,79.82713,72.99998,197.2107,0.0,96.19,280.6875,3.3721924,0.1159668,62.280273,67.811584,2.734375,96.78,96.78,94.67,94.76,0
252007.38,0.28778484,3.6888275,1.4838413,1.6014775,101.49103,24.060139,13.721157,25.747334,395.23868,247.94614,92.082,0.0,4.561,15.561,24.481,0.0,96.99245,2.0,0.0,316.875,193.5,4471.0,0.0,-3.484375,1.2877808,485.02606,19993.604,20000.502,1100.0834,541.8163,139.22852,119.02989,0.0,-0.7631731,3.0,93.89191,40.825844,-3.7499952,-4.4999943,7.372,0.0,12.0703125,0.9345703,0.0,0.0,0.0,0.0,0.0,0.84765625,0.84277344,77.33307,2.3437505,278.9646,300.35452,0.0,110.00001,99.90234,0.0,279.43207,280.42706,514.125,539.625,-3.1069236,401.8125,0.0,439.6875,79.82713,72.99998,197.62573,0.0,97.32,280.375,3.414917,0.5187988,62.20703,68.23883,2.7246094,97.13,97.13,95.28,95.39,0
252007.4,0.33022785,3.706781,1.4822435,1.6013505,101.49103,24.060139,13.718091,25.818823,396.95975,250.25117,92.082,0.0,4.561,15.561,24.481,0.0,96.99245,2.0,0.0,315.75,193.5,4493.0,0.0,-3.546875,1.2918701,486.5766,20062.592,20000.502,1100.0834,543.93896,138.16878,118.73316,0.0,-0.7667885,3.0,93.23883,40.72822,-3.7499952,-4.4999943,7.392,0.0,12.1328125,0.9312134,0.0,0.0,0.0,0.0,0.0,0.84765625,0.8408203,77.33307,2.3437505,279.45737,301.19754,0.0,110.00001,99.90234,0.0,279.88812,280.13684,514.5,539.625,-3.110539,401.78125,0.0,440.09375,79.82713,72.99998,198.15674,0.0,97.94,279.375,3.4301758,0.09460449,62.35962,68.00079,2.7197266,98.26,98.09,95.8,95.77,0
252007.45,0.40418229,3.7327123,1.4758074,1.6012657,101.49103,24.060139,13.727664,25.699696,398.52225,252.69005,92.082,0.0,4.561,15.561,24.481,0.0,96.99245,2.0,0.0,314.25,193.5,4519.0,0.0,-3.4609375,1.2998657,489.57822,20101.861,20000.502,1100.0834,543.93896,137.72368,118.75436,0.0,-0.61343074,3.0,92.87109,40.64036,-3.7499952,-4.4999943,7.412,0.0,13.078125,0.9293823,0.0,0.0,0.0,0.0,0.0,0.8457031,0.83984375,77.48108,2.3437505,278.63623,301.6398,0.0,110.00001,99.90234,0.0,279.19992,279.7803,514.875,539.625,-2.9571812,399.15625,0.0,440.1875,79.82713,72.99998,198.01636,0.0,98.4,278.8125,3.4423828,0.53100586,62.371826,68.49823,2.7050781,98.45,98.41,96.03,96.22,0
252007.48,0.48334584,3.743085,1.4738342,1.6011809,101.49103,24.060139,13.7343645,25.611975,398.7757,254.3615,92.082,0.0,4.561,15.561,24.481,0.0,96.99245,2.0,0.0,313.5,193.5,4546.0,0.0,-3.375,1.3050537,491.5268,20033.404,20000.502,1100.0834,543.93896,138.4655,118.796745,0.0,-0.4907446,3.0,93.07556,40.561287,-3.7499952,-4.4999943,7.396,0.0,12.953125,0.9379883,0.0,0.0,0.0,0.0,0.0,0.8457031,0.8388672,77.48108,2.3437505,278.0316,301.27014,0.0,110.00001,99.90234,0.0,278.55316,279.40717,515.25,539.25,-2.834495,401.8125,0.0,439.5,79.82713,72.99998,198.27881,0.0,98.66,281.40625,3.463745,0.92163086,61.78589,68.348694,2.6904297,98.93,99.01,96.74,97.01,0
252007.52,0.54667664,3.7472339,1.4771276,1.6011384,101.49103,24.060139,13.721477,25.606066,398.898,255.44696,92.082,0.081,4.561,15.561,24.481,0.0,96.99245,2.0,0.0,314.25,193.5,4564.0,0.0,-3.125,1.3114624,493.9397,19973.438,20000.502,1100.0834,546.59235,138.52908,118.28807,0.0,-0.39259553,3.0,93.10608,40.49012,-3.3749957,-4.4999943,7.356,0.0,12.6796875,0.94122314,0.0,0.0,0.0,0.0,0.0,0.8466797,0.8388672,77.48108,2.3437505,277.99084,300.6066,0.0,110.00001,99.90234,0.0,278.51166,279.0755,515.25,539.25,-2.736346,402.40625,0.0,439.59375,79.82713,72.99998,199.04175,0.0,99.62,282.375,3.4851074,0.6958008,61.51123,67.90619,2.680664,99.85,99.73,97.19,97.13,0
252007.56,0.5973413,3.7488937,1.4784751,1.6010114,101.49103,24.060139,13.718315,25.55798,399.05176,257.33716,92.082,0.119,4.561,15.561,24.481,0.0,96.99245,2.0,0.0,309.75,193.875,4596.0,0.0,-3.0078125,1.324707,498.9396,19911.88,20000.502,1100.0834,546.59235,141.15724,120.1956,0.0,-0.31407642,3.0,94.218445,40.42607,-3.3749957,-4.1249948,7.468,0.0,12.7109375,0.9442749,0.0,0.0,0.0,0.0,0.0,0.8457031,0.83691406,77.65503,2.3437505,277.6594,299.82547,0.0,110.00001,99.90234,0.0,278.1966,278.5863,515.25,539.25,-2.657827,406.03125,0.0,438.59375,79.82713,72.99998,199.84741,0.0,99.74,283.28125,3.5064697,0.64086914,61.157227,67.622375,2.6757812,99.96,100.17,97.71,97.82,0
252007.61,0.57787305,3.7120576,1.4797074,1.6009688,101.49103,24.060139,13.704383,25.528706,395.98657,256.3606,92.082,0.159,4.561,15.561,24.481,0.0,96.99245,2.0,0.0,310.125,193.875,4614.0,0.0,-2.921875,1.3325806,501.89148,19881.633,20000.502,1100.0834,548.1843,141.39038,120.08963,0.0,-0.251261,3.0,94.18793,40.368427,-3.3749957,-4.1249948,7.468,0.0,12.8125,0.9450073,0.0,0.0,0.0,0.0,0.0,0.84472656,0.8359375,77.65503,2.3437505,277.4576,299.4377,0.0,110.00001,99.90234,0.0,278.05563,278.25464,516.0,538.875,-2.5950115,405.8125,0.0,438.28125,79.82713,72.99998,200.42114,0.0,100.1,283.5,3.5186768,0.32348633,61.016846,67.189026,2.6757812,100.57,100.71,97.99,98.14,0
252007.64,0.52229846,3.6785731,1.4767647,1.6008841,101.49103,24.060139,13.706349,25.432413,394.6485,256.93405,92.082,0.2,4.561,15.561,24.481,0.0,96.99245,2.0,0.0,307.875,193.875,4640.0,0.0,-2.765625,1.3445435,506.4022,19911.88,20000.502,1100.0834,548.1843,140.5002,119.49617,0.0,-0.2010088,3.0,93.60657,40.316547,-3.3749957,-4.1249948,7.492,0.0,12.875,0.9394531,0.0,0.0,0.0,0.0,0.0,0.8388672,0.83496094,77.77405,2.3437505,276.79388,299.14505,0.0,110.00001,99.90234,0.0,277.32593,277.8069,516.375,538.875,-2.5447593,405.125,0.0,437.5,79.82713,72.99998,200.65308,0.0,101.1,281.84375,3.5308838,0.5187988,61.19995,67.659,2.6708984,101.21,101.14,98.65,98.88,0
252007.7,0.4378388,3.6651793,1.4764285,1.6008418,101.49103,24.060139,13.719444,25.384632,394.6293,257.9736,92.082,0.238,4.561,15.561,24.481,0.0,96.99245,2.0,0.0,307.125,193.875,4659.0,0.0,-2.6484375,1.3475342,507.52158,20099.207,20000.502,1100.0834,548.1843,138.50789,119.24184,0.0,-0.1608069,3.0,92.64679,40.269855,-3.3749957,-4.1249948,7.504,0.0,12.8046875,0.9439697,0.0,0.0,0.0,0.0,0.0,0.83691406,0.83496094,77.77405,2.3437505,276.46454,298.9889,0.0,110.00001,99.90234,0.0,276.95285,277.4752,516.375,538.5,-2.5045574,403.90625,0.0,437.1875,79.82713,72.99998,200.92773,0.0,101.68,283.1875,3.5461426,0.7110596,60.88257,67.57965,2.6635742,101.5,101.5,98.8,99.16,0
252007.73,0.35027105,3.6785717,1.4776928,1.6007993,101.49103,24.060139,13.716892,25.328985,396.5932,260.25906,92.082,0.28,4.561,15.561,24.481,0.0,96.84207,2.0,0.0,309.0,193.875,4677.0,0.0,-2.6015625,1.3552246,510.4237,19939.475,20000.502,1100.0834,550.5724,140.5002,119.72932,0.0,-0.12864542,3.0,93.45245,40.152645,-3.3749957,-4.1249948,7.416,0.0,12.2265625,0.9473877,0.0,0.0,0.0,0.0,0.0,0.8330078,0.8330078,77.77405,2.3437505,276.08096,298.21927,0.0,110.00001,99.90234,0.0,276.6875,277.16013,516.75,538.5,-2.472396,400.15625,0.0,437.1875,79.82713,72.99998,201.53809,0.0,101.99,284.21875,3.5583496,0.5126953,60.577393,67.11273,2.6586914,102.26,102.11,99.65,99.73,0
252007.78,0.28021684,3.683929,1.4738045,1.600757,101.49103,24.060139,13.720965,25.191528,396.84177,261.42447,92.082,0.319,4.561,15.561,24.481,0.0,96.72177,2.0,0.0,305.25,193.875,4695.0,0.0,-2.625,1.3627319,513.25946,20099.738,20000.502,1100.0834,550.5724,139.33449,120.17441,0.0,-0.10291624,3.0,92.89093,40.047153,-2.9999962,-4.1249948,7.528,0.0,12.3125,0.9493408,0.0,0.0,0.0,0.0,0.0,0.8330078,0.8330078,77.949524,2.3437505,275.13348,297.85437,0.0,110.00001,99.90234,0.0,275.8003,276.84503,517.125,538.5,-2.4466667,399.8125,0.0,436.59375,79.82713,72.99998,201.43433,0.0,102.32,284.8125,3.5766602,0.9765625,60.36377,67.46063,2.6660156,102.44,102.32,100.25,100.34,0
252007.81,0.22417347,3.6860719,1.474284,1.6007148,101.49103,24.060139,13.712097,25.134888,397.01987,262.15454,92.082,0.36,4.561,15.561,24.481,0.0,96.625534,2.0,0.0,307.125,194.25,4706.0,0.0,-2.5234375,1.3676758,515.1085,19959.64,20000.502,1100.0834,552.16437,141.7083,121.14937,0.0,-0.08233285,3.0,93.88275,39.952213,-2.9999962,-3.7499952,7.432,0.0,12.9921875,0.9533081,0.0,0.0,0.0,0.0,0.0,0.83496094,0.83203125,77.949524,2.3437505,274.74307,297.3405,0.0,110.00001,99.90234,0.0,275.33594,276.5548,517.125,538.5,-2.4260833,403.40625,0.0,436.375,79.82713,72.99998,201.78223,0.0,102.56,286.0,3.6071777,1.2969971,60.05249,67.54913,2.6660156,102.98,102.75,100.71,100.66,0
252007.86,0.17933878,3.668179,1.4751414,1.6006299,101.49103,24.060139,13.723468,25.083149,395.62494,263.06534,92.082,0.399,4.561,15.561,24.481,0.0,96.54855,2.0,0.0,306.375,194.25,4739.0,0.0,-2.578125,1.3756104,518.10187,19962.824,20000.502,1100.0834,552.16437,140.37303,119.7929,0.0,-0.06586623,3.0,93.0954,39.866764,-2.9999962,-3.7499952,7.44,0.0,12.9453125,0.9559326,0.0,0.0,0.0,0.0,0.0,0.8310547,0.83203125,78.05481,2.3437505,274.38644,296.81647,0.0,110.00001,99.90234,0.0,275.02914,276.23972,517.5,538.5,-2.4096167,406.78125,0.0,435.875,79.82713,72.99998,202.75269,0.0,103.2,286.78125,3.640747,1.159668,59.777832,67.22565,2.6586914,103.29,103.38,101.28,101.42,0
252007.89,0.14347103,3.6610217,1.4754993,1.6005872,101.49103,24.060139,13.731427,24.997076,395.58884,264.20694,92.082,0.44,4.561,15.561,24.481,0.0,96.48697,2.0,0.0,303.0,193.875,4760.0,0.0,-2.5703125,1.3825684,520.72205,19865.713,20000.502,1100.0834,552.16437,141.17844,119.45378,0.0,-0.05269289,3.0,93.4845,39.78986,-2.9999962,-4.1249948,7.528,0.0,12.921875,0.961853,0.0,0.0,0.0,0.0,0.0,0.8310547,0.8310547,78.05481,2.3437505,273.79315,296.00262,0.0,110.00001,99.90234,0.0,274.33264,275.87488,517.5,538.5,-2.3964434,398.1875,0.0,435.28125,79.82713,72.99998,202.89307,0.0,103.43,288.5625,3.6834717,1.739502,59.32007,67.44537,2.6513672,103.92,103.84,101.71,101.42,0
252007.92,0.11477683,3.6206589,1.4730881,1.6005026,101.49103,24.060139,13.713561,24.90619,392.913,263.5224,92.082,0.48,4.561,15.561,24.481,0.0,96.4377,2.0,0.0,304.125,193.875,4780.0,0.0,-2.6796875,1.3840332,521.2859,20076.389,20000.502,1100.0834,554.28705,139.39807,119.75051,0.0,-0.042154074,3.0,92.47284,39.720646,-2.9999962,-4.1249948,7.472,0.0,12.71875,0.9678955,0.0,0.0,0.0,0.0,0.0,0.8310547,0.82910156,78.05481,2.3437505,273.1667,295.8293,0.0,110.00001,99.90234,0.0,273.7937,275.53494,517.875,538.875,-2.3859046,397.90625,0.0,435.09375,79.82713,72.99998,202.9541,0.0,104.28,290.375,3.7475586,2.279663,58.917236,67.72003,2.6513672,104.25,104.21,102.44,102.44,0
252007.97,0.13182145,3.6232638,1.4707736,1.6004603,101.49103,24.060139,13.724493,24.807224,394.4917,265.5222,92.082,0.518,4.561,15.561,24.481,0.0,96.398285,2.0,0.0,304.5,193.875,4797.0,0.0,-2.703125,1.3867188,522.2809,20033.404,20000.502,1100.0834,554.28705,144.42123,124.37097,0.0,-0.033723116,3.0,94.89288,39.658356,-2.9999962,-4.1249948,7.428,0.0,12.265625,0.98760986,0.0,0.0,0.0,0.0,0.0,0.82421875,0.80371094,78.201294,2.3437505,272.48453,295.3534,0.0,110.00001,99.90234,0.0,273.1386,275.21985,517.875,538.875,-2.3774736,395.75,0.0,434.59375,79.82713,72.99998,203.33252,0.0,104.83,296.28125,3.8146973,1.84021,57.647705,66.15143,2.6416016,104.86,104.94,102.59,102.68,0
252008.02,0.14545716,3.6055555,1.4721453,1.6004179,101.49103,24.060139,13.708708,24.744326,393.21466,265.71094,92.082,0.56,4.561,15.561,24.481,0.0,96.366745,2.0,0.0,297.75,193.875,4816.0,0.0,-2.75,1.3886108,522.994,20088.064,20000.502,1100.0834,555.8791,143.8066,124.32858,0.0,-0.026978254,3.0,94.444275,39.602295,-2.6249967,-4.1249948,7.652,0.0,12.9921875,1.0009155,0.0,0.0,0.0,0.0,0.0,0.8173828,0.8027344,78.201294,2.3437505,272.05096,294.68527,0.0,110.00001,99.90234,0.0,272.72406,274.90475,518.25,538.875,-2.3707287,395.59375,0.0,434.28125,79.82713,72.99998,203.53394,0.0,104.99,300.28125,3.8787842,2.5543213,56.781006,66.14227,2.644043,105.34,105.11,103.29,103.29,0
252008.05,0.15636572,3.5609722,1.4726101,1.6003331,101.49103,24.060139,13.715236,24.671715,390.13046,265.1048,92.082,0.6,4.561,15.561,24.481,0.0,96.34152,2.0,0.0,294.75,194.25,4843.0,0.0,-2.7890625,1.3964844,525.979,19997.318,20000.502,1100.0834,555.8791,144.95111,124.773674,0.0,-0.021582365,3.0,94.84253,39.551838,-2.6249967,-3.7499952,7.712,0.0,13.0625,1.0025635,0.0,0.0,0.0,0.0,0.0,0.8066406,0.8027344,78.31268,2.3437505,271.55048,294.05878,0.0,110.00001,99.90234,0.0,272.24313,274.53992,518.625,538.875,-2.3653328,398.9375,0.0,433.78125,79.82713,72.99998,204.30908,0.0,105.61,300.78125,3.9642334,3.1311035,56.56128,66.67023,2.644043,105.64,105.75,103.73,103.84,0
252008.1,0.16509259,3.524389,1.4677296,1.6002908,101.49103,24.060139,13.713946,24.579723,388.59918,264.8276,92.082,0.638,4.561,15.561,24.481,0.0,96.321335,2.0,0.0,294.0,194.25,4857.0,0.0,-2.578125,1.3990479,526.93256,20018.545,20000.502,1100.0834,555.8791,143.04358,123.0569,0.0,-0.017265797,3.0,93.922424,39.506428,-2.6249967,-3.7499952,7.72,0.0,12.7265625,0.9942627,0.0,0.0,0.0,0.0,0.0,0.80078125,0.80371094,78.31268,2.3437505,270.91638,294.30057,0.0,110.00001,99.90234,0.0,271.48856,274.20825,518.625,538.5,-2.3610163,397.53125,0.0,433.375,79.82713,72.99998,203.94287,0.0,105.8,298.28125,4.0496826,3.5064697,57.04956,67.64984,2.6367188,106.27,106.27,104.06,103.99,0
252008.12,0.17207408,3.5097556,1.4670638,1.6002059,101.49103,24.060139,13.707184,24.402203,388.87244,266.5416,92.082,0.68,4.561,15.561,24.481,0.0,96.00443,2.0,0.0,295.125,194.625,4885.0,0.0,-2.265625,1.4056396,529.4284,20052.508,20000.502,1100.0834,557.73645,143.67941,124.053055,0.0,-0.013812542,3.0,94.08569,39.39037,-2.6249967,-3.3749957,7.656,0.0,12.84375,1.0009155,0.0,0.0,0.0,0.0,0.0,0.7988281,0.80566406,78.31268,2.3437505,269.69275,293.05035,0.0,110.00001,99.90234,0.0,270.27795,273.8683,519.0,538.5,-2.357563,400.28125,0.0,433.6875,79.82713,72.99998,204.1687,0.0,106.56,300.28125,4.1656494,4.8980713,56.61621,68.76068,2.631836,106.55,106.55,104.71,104.82,0
252008.17,0.17765927,3.4851525,1.4625206,1.6001637,101.49103,24.060139,13.70831,24.259813,387.22824,266.5556,92.082,0.718,4.561,15.561,24.481,0.0,95.750916,2.0,0.0,292.875,194.625,4906.0,0.0,-1.96875,1.4103394,531.178,20048.264,20000.502,1100.0834,557.73645,143.97615,124.37097,0.0,-0.16729999,3.0,94.07654,39.28592,-2.6249967,-3.3749957,7.692,0.0,12.3828125,1.0097656,0.0,0.0,0.0,0.0,0.0,0.79785156,0.7998047,78.44696,2.3437505,268.71127,292.81335,0.0,110.00001,99.90234,0.0,269.40732,273.51175,519.375,538.125,-2.5110505,399.65625,0.0,433.1875,79.82713,72.99998,204.13208,0.0,107.01,302.9375,4.296875,4.9804688,56.054688,68.473816,2.631836,107.1,107.14,104.86,105.02,0
252008.2,0.20212743,3.456561,1.4654425,1.600121,101.49103,24.060139,13.7032385,24.234514,385.9543,266.16605,92.082,0.76,4.561,15.561,24.481,0.0,95.548096,2.0,0.0,293.25,194.625,4915.0,0.0,-1.671875,1.4120483,531.8413,19956.457,20000.502,1100.0834,559.5938,144.5272,124.053055,0.0,-0.29008985,3.0,94.34204,39.191914,-2.6249967,-3.3749957,7.68,0.0,12.6796875,1.0094604,0.0,0.0,0.0,0.0,0.0,0.7988281,0.7998047,78.44696,2.3437505,268.5369,292.00308,0.0,110.00001,99.90234,0.0,269.28296,273.20496,519.375,537.75,-2.6338403,398.84375,0.0,433.09375,79.82713,72.99998,204.46167,0.0,107.31,302.84375,4.4311523,4.2144775,56.072998,67.866516,2.6367188,107.58,107.45,105.52,105.59,0
252008.25,0.22170195,3.4638748,1.4642528,1.6000788,101.49103,24.060139,13.69383,24.131609,387.7958,268.52423,92.082,0.799,4.561,15.561,24.481,0.0,95.38584,2.0,0.0,292.875,194.625,4935.0,0.0,-1.4921875,1.4170532,533.7152,19990.951,20000.502,1100.0834,559.5938,143.82779,123.69274,0.0,-0.38832188,3.0,93.852234,39.107307,-2.6249967,-3.3749957,7.672,0.0,13.0703125,1.0150146,0.0,0.0,0.0,0.0,0.0,0.796875,0.80078125,78.56598,2.3437505,267.82758,291.4028,0.0,110.00001,99.90234,0.0,268.545,272.91473,519.75,537.75,-2.7320724,401.625,0.0,432.6875,79.82713,72.99998,204.54102,0.0,107.84,304.5,4.5684814,4.4158936,55.725098,67.88788,2.6342773,107.94,107.99,106.07,106.1,0
252008.28,0.23736157,3.44805,1.4622399,1.599994,101.49103,24.060139,13.698962,24.015154,386.1416,269.0584,92.082,0.839,4.561,15.561,24.481,0.0,95.25604,2.0,0.0,292.5,195.0,4966.0,0.0,-1.421875,1.4234619,536.1364,20014.3,20000.502,1100.0834,559.5938,143.25552,123.31123,0.0,-0.4669075,3.0,93.421936,39.031162,-2.2499971,-2.9999962,7.664,0.0,13.0,1.0153198,0.0,0.0,0.0,0.0,0.0,0.7939453,0.8017578,78.56598,2.3437505,267.02487,290.86826,0.0,110.00001,99.90234,0.0,267.79047,272.57477,519.75,537.375,-2.810658,404.15625,0.0,432.09375,79.82713,72.99998,205.05981,0.0,108.24,304.59375,4.7180176,4.6081543,55.700684,68.26019,2.6293945,108.39,108.39,106.42,106.31,0
252008.31,0.24988925,3.3854702,1.4604828,1.5999091,101.49103,24.060139,13.684977,23.893192,381.52145,267.17743,92.082,0.879,4.561,15.561,24.481,0.0,95.1522,2.0,0.0,291.75,195.0,4991.0,0.0,-1.3359375,1.4273682,537.61237,20002.625,20000.502,1100.0834,561.4511,143.19194,123.226456,0.0,-0.52977586,3.0,93.39142,38.96263,-2.2499971,-2.9999962,7.648,0.0,12.921875,1.0249634,0.0,0.0,0.0,0.0,0.0,0.7919922,0.8027344,78.56598,2.3437505,266.1842,290.2299,0.0,110.00001,99.90234,0.0,266.9861,272.18506,520.125,537.375,-2.8735263,403.59375,0.0,431.6875,79.82713,72.99998,205.18799,0.0,108.84,307.5,4.901123,4.888916,55.096436,68.16254,2.6367188,108.81,108.77,107.06,107.02,0
252008.38,0.2799114,3.3604383,1.4542843,1.5998244,101.49103,24.060139,13.686905,23.760128,381.4396,268.5652,92.082,0.918,4.561,15.561,24.481,0.0,95.06912,2.0,0.0,292.125,195.0,5018.0,0.0,-1.5390625,1.4295044,538.4001,20105.045,20000.502,1100.0834,561.4511,141.13605,122.27269,0.0,-0.73632073,3.0,92.25769,38.900955,-2.2499971,-2.9999962,7.612,0.0,12.75,1.0291748,0.0,0.0,0.0,0.0,0.0,0.79296875,0.7998047,78.71246,2.3437505,265.267,290.3964,0.0,110.00001,99.90234,0.0,266.06573,271.60464,520.5,537.75,-3.0800712,401.3125,0.0,431.375,79.82713,72.99998,204.98657,0.0,109.53,308.75,5.0872803,5.078125,54.82788,68.28766,2.6342773,109.34,110.27,107.14,107.25,0
252008.42,0.24392912,3.3316755,1.4438232,1.5998244,101.49103,24.060139,13.682396,23.632977,380.08112,268.3553,92.082,0.959,4.561,15.561,24.481,0.0,95.00266,2.0,0.0,291.75,195.0,5032.0,0.0,-1.546875,1.4263916,537.22266,20122.027,20000.502,1100.0834,564.3698,140.24586,121.615654,0.0,-0.9015565,3.0,91.67633,38.845448,-1.8749976,-2.9999962,7.568,0.0,11.8828125,1.0344849,0.0,0.0,0.0,0.0,0.0,0.7919922,0.7998047,78.71246,2.3437505,264.39056,291.38638,0.0,110.00001,99.90234,0.0,265.16196,270.82523,520.5,537.75,-3.245307,398.96875,0.0,428.6875,79.82713,72.99998,204.46167,0.0,109.63,310.34375,5.2703857,5.114746,54.492188,68.177795,2.6269531,110.1,109.3,107.82,107.75,0
252008.45,0.1151433,3.2639203,1.4372799,1.5999515,101.49103,24.060139,13.685099,23.513428,375.1352,267.54767,92.082,1.0,4.561,15.561,24.481,0.0,94.94949,2.0,0.0,292.5,195.0,5083.0,0.0,-1.609375,1.4299316,538.5576,20036.588,20000.502,1100.0834,564.3698,140.71214,121.276535,0.0,-1.033745,3.0,91.81976,38.79549,-1.8749976,-2.9999962,7.532,0.0,12.203125,1.0372925,0.0,0.0,0.0,0.0,0.0,0.79296875,0.7998047,78.907776,2.3437505,263.56653,291.90204,0.0,110.00001,99.90234,0.0,264.35767,269.9463,520.875,537.75,-3.3774955,388.53125,0.0,427.59375,79.82713,72.99998,204.6936,0.0,110.66,311.1875,5.4595947,5.0750732,54.315186,68.13812,2.6367188,111.43,110.1,108.32,108.35,0
252008.5,0.15211464,3.2368183,1.4315997,1.5999515,101.49103,24.060139,13.681131,23.406408,375.00366,267.8748,92.082,1.038,4.561,15.561,24.481,0.0,94.90696,2.0,0.0,293.25,195.375,5091.0,0.0,-1.875,1.4277344,537.745,20110.352,20000.502,1100.0834,564.3698,138.55028,119.94126,0.0,-1.1394961,3.0,90.70587,38.750526,-1.8749976,-2.6249967,7.472,0.0,12.546875,1.0374756,0.0,0.0,0.0,0.0,0.0,0.7939453,0.7998047,78.907776,2.3437505,262.82886,292.1528,0.0,110.00001,99.90234,0.0,263.55338,269.30783,521.625,538.125,-3.4832466,390.25,0.0,424.875,79.82713,72.99998,204.21143,0.0,111.01,311.25,5.6488037,4.9346924,54.30298,68.193054,2.6391602,111.08,110.92,108.56,108.18,0
252008.53,0.10169172,3.2072272,1.4306151,1.599994,101.49103,24.060139,13.6666355,23.328203,373.96478,267.55246,92.082,1.08,4.561,15.561,24.481,0.0,94.72256,2.0,0.0,293.625,195.0,5099.0,0.0,-1.8046875,1.4281616,537.9026,20139.008,20000.502,1100.0834,566.4925,138.1052,119.98365,0.0,-1.2240968,3.0,90.49072,38.71006,-1.4999981,-2.9999962,7.448,0.0,12.53125,1.0284424,0.0,0.0,0.0,0.0,0.0,0.79296875,0.7998047,78.907776,2.3437505,262.2898,291.7865,0.0,110.00001,99.90234,0.0,263.07245,269.16687,521.25,537.75,-3.5678473,386.125,0.0,425.78125,79.82713,72.99998,204.11377,0.0,112.01,308.53125,5.844116,4.4555664,54.870605,68.45856,2.6367188,111.64,112.08,109.34,109.3,0
252008.58,0.14135338,3.251641,1.4260472,1.5999941,101.49103,24.060139,13.674067,23.202284,378.66907,271.55573,92.082,1.119,4.561,15.561,24.481,0.0,94.575035,2.0,0.0,293.625,195.375,5111.0,0.0,-1.65625,1.4304199,538.7483,20212.24,20000.502,1100.0834,566.4925,136.4096,119.53857,0.0,-1.2917774,3.0,89.67438,38.67364,-1.4999981,-2.6249967,7.42,0.0,13.0703125,1.0367432,0.0,0.0,0.0,0.0,0.0,0.79589844,0.7998047,79.04816,2.3437505,261.42184,291.64316,0.0,110.00001,99.90234,0.0,262.16034,268.8352,521.625,537.75,-3.6355278,388.5,0.0,423.6875,79.82713,72.99998,203.92456,0.0,111.42,311.03125,6.033325,4.7821045,54.345703,68.47992,2.6367188,111.86,111.72,109.3,108.89,0
252008.61,0.17308271,3.2506566,1.4165913,1.6000787,101.49103,24.060139,13.6734085,23.079388,377.42456,272.41083,92.082,1.16,4.561,15.561,24.481,0.0,94.457016,2.0,0.0,294.75,195.375,5144.0,0.0,-1.7109375,1.4298706,538.541,20161.826,20000.502,1100.0834,567.5539,135.2439,119.093475,0.0,-1.3459218,3.0,89.03046,38.64086,-1.4999981,-2.6249967,7.38,0.0,12.59375,1.0335083,0.0,0.0,0.0,0.0,0.0,0.7949219,0.7998047,79.04816,2.3437505,260.57474,292.67035,0.0,110.00001,99.90234,0.0,261.35605,268.37915,521.625,537.75,-3.6896722,384.6875,0.0,423.375,79.82713,72.99998,203.58887,0.0,112.16,310.0625,6.234741,4.9194336,54.553223,69.01398,2.6367188,112.16,112.08,109.88,110.39,0
252008.64,0.17846617,3.269013,1.4117221,1.600121,101.49103,24.060139,13.684667,22.980875,379.3601,274.49982,92.082,1.2,4.561,15.561,24.481,0.0,94.3626,2.0,0.0,297.0,195.75,5157.0,0.0,-1.765625,1.4301758,538.6488,20247.266,20000.502,1100.0834,567.5539,132.25543,117.94895,0.0,-1.3892374,3.0,87.51984,38.611362,-1.1249986,-2.2499971,7.26,0.0,12.375,1.0332031,0.0,0.0,0.0,0.0,0.0,0.7939453,0.7998047,79.13208,2.3437505,259.8957,293.30124,0.0,110.00001,99.90234,0.0,260.65955,267.83188,522.0,537.75,-3.7329879,384.84375,0.0,421.09375,79.82713,72.99998,203.25928,0.0,112.57,309.96875,6.463623,5.4504395,54.571533,69.792175,2.6367188,112.68,112.43,110.48,110.43,0
252008.69,0.14277294,3.2763553,1.4074281,1.6001211,101.49103,24.060139,13.686688,22.91392,379.3275,275.06168,92.082,1.239,4.561,15.561,24.481,0.0,94.28707,2.0,0.0,295.5,195.75,5168.0,0.0,-1.8515625,1.4295044,538.4084,20190.482,20000.502,1100.0834,567.5539,130.55984,117.143555,0.0,-1.4238899,3.0,86.701965,38.584812,-1.1249986,-2.2499971,7.324,0.0,12.265625,1.0314331,0.0,0.0,0.0,0.0,0.0,0.79589844,0.7998047,79.13208,2.3437505,259.43417,293.2877,0.0,110.00001,99.90234,0.0,260.17862,267.55826,522.0,537.75,-3.7676404,384.03125,0.0,421.1875,79.82713,72.99998,203.05176,0.0,112.67,309.4375,6.655884,5.001831,54.681396,69.63959,2.6342773,112.91,113.14,110.74,110.48,0
252008.72,0.114218354,3.3167922,1.4084743,1.6001636,101.49103,24.060139,13.670526,22.918966,383.0492,278.7278,92.082,1.28,4.561,15.561,24.481,0.0,94.22665,2.0,0.0,296.25,196.125,5186.0,0.0,-1.8515625,1.4301758,538.6654,19808.93,20000.502,1100.0834,569.4112,133.78145,116.71966,0.0,-1.4516118,3.0,88.17291,38.48573,-1.1249986,-1.8749976,7.264,0.0,12.1640625,1.0267334,0.0,0.0,0.0,0.0,0.0,0.796875,0.7998047,79.13208,2.3437505,259.46896,293.09875,0.0,110.00001,99.90234,0.0,260.17862,267.2183,522.0,538.125,-3.7953622,382.1875,0.0,420.5,79.82713,72.99998,203.32642,0.0,112.89,308.03125,6.869507,3.7567139,54.98047,68.90106,2.6464844,113.33,113.42,111.3,111.43,0
252008.77,0.13137469,3.314217,1.3969594,1.6002059,101.49103,24.060139,13.67093,22.70096,381.5043,279.04895,92.082,1.318,4.561,15.561,24.481,0.0,94.17831,2.0,0.0,295.5,196.125,5213.0,0.0,-1.859375,1.43219,539.4117,19780.805,20000.502,1100.0834,569.4112,134.92598,116.76205,0.0,-1.4737895,3.0,88.723755,38.396553,-1.1249986,-1.8749976,7.256,0.0,12.171875,1.0390625,0.0,0.0,0.0,0.0,0.0,0.8017578,0.7998047,79.26483,2.3437505,257.96628,293.7932,0.0,110.00001,99.90234,0.0,258.72757,266.55496,522.375,538.125,-3.81754,378.03125,0.0,418.5,79.82713,72.99998,202.72217,0.0,113.73,311.71875,7.070923,6.451416,54.19922,71.040344,2.6513672,113.64,113.5,111.72,111.95,0
252008.81,0.20509975,3.2756867,1.3901645,1.6002482,101.49103,24.060139,13.659494,22.56051,378.24756,277.516,92.082,1.358,4.561,15.561,24.481,0.0,93.98926,2.0,0.0,295.875,196.5,5229.0,0.0,-1.84375,1.4320679,539.36194,19985.645,20000.502,1100.0834,571.26855,133.31517,116.78324,0.0,-1.4915316,3.0,87.86621,38.316296,-0.74999905,-1.4999981,7.236,0.0,12.375,1.0317383,0.0,0.0,0.0,0.0,0.0,0.79589844,0.7998047,79.26483,2.3437505,256.99817,294.0151,0.0,110.00001,99.90234,0.0,257.70767,266.17355,522.75,537.75,-3.835282,380.78125,0.0,417.59375,79.82713,72.99998,202.2522,0.0,114.21,309.53125,7.2784424,7.394409,54.663086,72.66083,2.6733398,114.17,114.14,112.04,111.98,0
252008.84,0.2840798,3.260275,1.3864177,1.6002908,101.49103,24.060139,13.657349,22.484634,378.5493,278.85278,92.082,1.4,4.561,15.561,24.481,0.0,93.83802,2.0,0.0,296.25,196.5,5250.0,0.0,-1.8203125,1.4332275,539.81793,20322.09,20000.502,1100.0834,571.26855,128.22842,115.80828,0.0,-1.6619749,3.0,85.34393,38.244064,-0.74999905,-1.4999981,7.192,0.0,12.203125,1.0291748,0.0,0.0,0.0,0.0,0.0,0.79589844,0.7998047,79.39148,2.3437505,256.47516,294.28363,0.0,110.00001,99.90234,0.0,257.22675,265.5185,522.75,537.75,-4.0057254,379.25,0.0,415.78125,79.82713,72.99998,202.31323,0.0,114.49,308.75,7.437134,7.8704834,54.82788,73.46649,2.6855469,114.62,114.68,112.65,112.68,0
252008.89,0.36726382,3.2541099,1.3820455,1.600333,101.49103,24.060139,13.661706,22.390253,378.69177,279.91415,92.082,1.438,4.561,15.561,24.481,0.0,93.71703,2.0,0.0,297.0,196.5,5268.0,0.0,-1.875,1.4338379,540.03357,20173.502,20000.502,1100.0834,571.26855,128.88547,116.02023,0.0,-1.7983298,3.0,85.65979,38.179058,-0.74999905,-1.4999981,7.164,0.0,12.21875,1.0271606,0.0,0.0,0.0,0.0,0.0,0.7949219,0.7998047,79.39148,2.3437505,255.8246,294.5153,0.0,110.00001,99.90234,0.0,256.63803,265.15366,523.125,537.75,-4.1420803,376.625,0.0,414.875,79.82713,72.99998,202.16064,0.0,114.81,308.15625,7.58667,8.444214,54.956055,74.324036,2.7026367,115.0,115.13,113.04,113.04,0
252008.92,0.45381105,3.270394,1.3801471,1.6003754,101.49103,24.060139,13.641319,22.363522,380.3749,282.11896,92.082,1.48,4.561,15.561,24.481,0.0,93.62024,2.0,0.0,295.875,196.875,5286.0,0.0,-2.25,1.4338379,540.03357,19826.441,20000.502,1100.0834,572.8606,130.85658,114.93929,0.0,-1.9074135,3.0,86.528015,38.120552,-0.37499952,-1.1249986,7.168,0.0,12.1953125,1.0265503,0.0,0.0,0.0,0.0,0.0,0.79589844,0.7998047,79.39148,2.3437505,255.64035,294.77246,0.0,110.00001,99.90234,0.0,256.41415,264.74738,523.125,538.125,-4.251164,379.28125,0.0,413.5,79.82713,72.99998,202.32544,0.0,115.22,307.96875,7.772827,8.648682,54.992676,74.74518,2.7294922,115.46,115.51,113.23,113.27,0
252008.97,0.5230489,3.2581577,1.3802223,1.6003755,101.49103,24.060139,13.650486,22.391907,379.02365,282.1272,92.082,1.518,4.561,15.561,24.481,0.0,93.54281,2.0,0.0,295.125,196.875,5305.0,0.0,-2.265625,1.4356079,540.71344,20054.102,20000.502,1100.0834,572.8606,128.50395,114.68496,0.0,-1.9946804,3.0,85.39429,38.067894,-0.37499952,-1.1249986,7.184,0.0,11.8671875,1.0377197,0.0,0.0,0.0,0.0,0.0,0.7949219,0.7998047,79.5105,2.3437505,255.836,294.94968,0.0,110.00001,99.90234,0.0,256.69608,264.24985,523.5,538.125,-4.338431,376.53125,0.0,412.59375,79.82713,72.99998,202.83203,0.0,115.78,311.3125,7.9223633,8.447266,54.284668,73.9975,2.7441406,115.88,115.79,113.9,114.22,0
252009.02,0.6384391,3.2345133,1.3712305,1.6004602,101.49103,24.060139,13.645184,22.291628,377.32785,282.0826,92.082,1.56,4.561,15.561,24.481,0.0,93.480865,2.0,0.0,294.75,196.875,5328.0,0.0,-2.2265625,1.4349365,540.4564,20378.342,20000.502,1100.0834,575.2486,123.79871,114.34584,0.0,-2.0644941,3.0,83.04596,38.020504,-0.37499952,-1.1249986,7.164,0.0,11.46875,1.0325928,0.0,0.0,0.0,0.0,0.0,0.7939453,0.7998047,79.5105,2.3437505,255.14479,296.09128,0.0,110.00001,99.90234,0.0,255.45232,263.5036,523.5,538.125,-4.4082446,371.28125,0.0,410.1875,79.82713,72.99998,202.56348,0.0,115.91,309.78125,8.081055,10.5529785,54.608154,76.579285,2.7636719,116.16,116.31,114.08,114.36,0
252009.06,0.7307513,3.2063055,1.367105,1.6005026,101.49103,24.060139,13.647331,22.193506,375.75452,282.32993,92.082,1.599,4.561,15.561,24.481,0.0,93.431305,2.0,0.0,297.375,197.25,5355.0,0.0,-2.25,1.4368896,541.1778,19990.42,20000.502,1100.0834,575.2486,125.748634,113.54044,0.0,-2.120345,3.0,83.914185,37.97785,0.0,-0.74999905,7.064,0.0,11.828125,1.03479,0.0,0.0,0.0,0.0,0.0,0.7919922,0.7998047,79.66461,2.3437505,254.46844,296.28314,0.0,110.00001,99.90234,0.0,255.29478,263.06415,523.875,538.125,-4.4640956,369.375,0.0,409.375,79.82713,72.99998,202.79541,0.0,116.51,310.4375,8.200073,10.284424,54.473877,76.28937,2.7856445,116.78,117.07,114.5,114.62,0
252009.1,0.8046011,3.1762724,1.3592416,1.595204,101.49103,24.060139,13.660554,22.167204,374.1811,282.67026,92.082,1.639,4.561,15.561,24.481,0.0,93.39166,2.0,0.0,297.375,197.25,5384.0,0.0,-2.328125,1.4359131,540.8295,20127.334,20000.502,1100.0834,575.2486,124.476944,113.85836,0.0,-2.3212757,3.0,83.21991,37.939465,0.0,-0.74999905,7.024,0.0,11.5,1.0401001,0.0,0.0,0.0,0.0,0.0,0.7949219,0.7998047,79.66461,2.3437505,254.28716,296.80734,0.0,110.00001,99.90234,0.0,254.97139,262.22665,524.25,538.5,-4.665026,368.0625,0.0,406.5,79.82713,72.99998,202.69165,0.0,117.2,312.03125,8.309937,10.089111,54.138184,75.89874,2.7954102,117.41,117.36,114.95,115.28,0
252009.12,0.86368084,3.1455092,1.3585458,1.5885488,101.49103,24.060139,13.658091,22.159979,372.53165,282.57416,92.082,1.679,4.561,15.561,24.481,0.0,93.35995,2.0,0.0,295.5,197.25,5406.0,0.0,-2.34375,1.435669,540.73004,19986.174,20000.502,1100.0834,577.3713,125.00681,113.09535,0.0,-2.3257704,3.0,83.47473,37.904915,0.0,-0.74999905,7.06,0.0,11.4375,1.0418701,0.0,0.0,0.0,0.0,0.0,0.7919922,0.7998047,79.66461,2.3437505,254.23735,295.82208,0.0,110.00001,99.90234,0.0,254.59827,261.63794,524.25,538.5,-4.669521,365.625,0.0,405.59375,79.82713,72.99998,202.85034,0.0,117.98,312.5625,8.447266,9.988403,54.022217,75.8255,2.7954102,118.17,118.25,115.23,115.55,0
252009.17,0.89094466,3.133204,1.3575773,1.5651073,101.49103,24.060139,13.662226,22.216694,372.6678,283.93237,92.082,1.719,4.561,15.561,24.481,0.0,93.33457,2.0,0.0,297.375,197.625,5430.0,0.0,-2.40625,1.4381714,541.03687,20102.922,20000.502,1100.0834,577.3713,122.548225,111.738884,0.0,-2.4856162,3.0,82.21893,37.87382,0.37499952,-0.37499952,6.976,0.0,11.421875,1.0394897,0.0,0.0,0.0,0.0,0.0,0.7939453,0.7998047,79.82483,2.3437505,254.62828,292.2328,0.0,110.00001,99.90234,0.0,255.41086,260.93317,524.625,538.5,-4.8293667,368.625,0.0,403.09375,79.82713,72.99998,203.42407,0.0,118.16,311.84375,8.575439,7.437134,54.174805,73.55499,2.8076172,118.11,118.61,115.66,115.79,0
252009.22,0.87275577,3.1095316,1.3506528,1.5430648,101.49103,24.060139,13.653401,22.058954,371.31918,283.9469,92.082,1.76,4.561,15.561,24.481,0.0,93.01352,2.0,0.0,297.0,197.625,5450.0,0.0,-2.3515625,1.4385376,541.1861,20048.264,20000.502,1100.0834,579.494,123.50198,112.60787,0.0,-2.613493,3.0,82.595825,37.845837,0.37499952,-0.37499952,6.976,0.0,11.1484375,1.0354004,0.0,0.0,0.0,0.0,0.0,0.7949219,0.7998047,79.82483,2.3437505,253.541,288.4192,0.0,110.00001,99.90234,0.0,254.22514,260.4771,524.625,538.5,-4.9572434,369.5625,0.0,401.78125,79.82713,72.99998,203.07007,0.0,118.83,310.625,8.676147,8.178711,54.431152,74.671936,2.8051758,119.1,119.01,116.4,116.54,0
252009.25,0.81820464,3.0813127,1.3464928,1.5527296,101.49103,24.060139,13.658943,22.015623,369.40863,283.67804,92.082,1.8,4.561,15.561,24.481,0.0,92.75668,2.0,0.0,296.625,197.625,5473.0,0.0,-2.296875,1.4412842,541.6007,20070.55,20000.502,1100.0834,579.494,122.82375,112.26875,0.0,-2.715794,3.0,82.188416,37.820652,0.74999905,-0.37499952,6.96,0.0,11.1484375,1.0407104,0.0,0.0,0.0,0.0,0.0,0.7949219,0.7998047,79.96521,2.3437505,253.24232,290.7881,0.0,110.00001,99.90234,0.0,253.90175,259.93814,525.0,538.5,-5.0595446,365.46875,0.0,400.0,79.82713,72.99998,203.10669,0.0,119.32,312.21875,8.822632,8.81958,54.09546,75.1236,2.8076172,119.15,119.54,116.31,116.48,0
252009.3,0.7345637,3.0700252,1.3506001,1.5296698,101.49103,24.060139,13.662823,22.092775,369.64505,285.25995,92.082,1.839,4.561,15.561,24.481,0.0,92.55121,2.0,0.0,297.0,198.0,5500.0,0.0,-2.21875,1.4419556,541.8494,20116.19,20000.502,1100.0834,579.494,121.043396,111.10304,0.0,-2.797635,3.0,81.329346,37.797985,0.74999905,0.0,6.924,0.0,11.3203125,1.0455933,0.0,0.0,0.0,0.0,0.0,0.79589844,0.7998047,79.96521,2.3437505,253.77412,286.47452,0.0,110.00001,99.90234,0.0,254.63972,259.20847,525.0,538.5,-5.1413856,368.03125,0.0,398.5,79.82713,72.99998,204.02832,0.0,119.54,313.6875,8.901978,5.7250977,53.790283,71.821594,2.8149414,119.75,120.33,116.96,116.92,0
252009.33,0.627651,3.04676,1.3494294,1.5270838,101.49103,24.060139,13.659678,22.113144,368.2541,284.54822,92.082,1.88,4.561,15.561,24.481,0.0,92.38683,2.0,0.0,295.875,198.0,5507.0,0.0,-2.2421875,1.4411621,541.54266,20198.443,20000.502,1100.0834,582.14734,118.09732,110.424805,0.0,-2.8631082,3.0,79.83856,37.777584,0.74999905,0.0,6.948,0.0,11.296875,1.0439453,0.0,0.0,0.0,0.0,0.0,0.79589844,0.7998047,79.96521,2.3437505,253.91452,286.3995,0.0,110.00001,99.90234,0.0,254.70607,258.86023,525.375,538.125,-5.2068586,367.875,0.0,396.875,79.82713,72.99998,204.04663,0.0,120.04,313.1875,8.984375,2.4108887,53.894043,68.699646,2.8173828,120.37,120.11,117.5,117.59,0
252009.38,0.5021208,3.0187042,1.3357123,1.5244558,101.49103,24.060139,13.680916,21.838442,366.49884,283.7062,92.082,1.918,4.561,15.561,24.481,0.0,92.25533,2.0,0.0,296.25,198.0,5517.0,0.0,-2.3984375,1.4436035,541.8577,19747.373,20000.502,1100.0834,582.14734,122.781364,110.93348,0.0,-2.9154863,3.0,82.09534,37.759224,0.74999905,0.0,6.928,0.0,11.171875,1.0401001,0.0,0.0,0.0,0.0,0.0,0.7939453,0.7998047,80.16815,2.3437505,252.02103,286.56854,0.0,110.00001,99.90234,0.0,252.5585,258.57,525.375,538.5,-5.259237,364.84375,0.0,396.59375,79.82713,72.99998,202.63062,0.0,120.68,312.03125,9.057617,6.4056396,54.138184,73.02399,2.800293,120.56,120.46,117.56,117.74,0
252009.4,0.40169665,3.044982,1.3336401,1.5218277,101.49103,24.060139,13.672344,21.834473,370.4017,286.93527,92.082,1.96,4.561,15.561,24.481,0.0,92.15013,2.0,0.0,297.375,198.0,5521.0,0.0,-2.4921875,1.44281,541.54266,19826.973,20000.502,1100.0834,582.67804,122.33627,110.36122,0.0,-2.9573889,3.0,81.881714,37.7427,0.74999905,0.0,6.892,0.0,11.1015625,1.0342407,0.0,0.0,0.0,0.0,0.0,0.79785156,0.7998047,80.16815,2.3437505,251.99367,286.47733,0.0,110.00001,99.90234,0.0,252.2351,258.2881,525.75,538.5,-5.3011394,363.90625,0.0,395.5,79.82713,72.99998,202.45361,0.0,120.52,310.28125,9.14917,7.13501,54.504395,74.19281,2.8076172,120.6,120.86,118.27,118.32,0
252009.44,0.32135734,3.0367427,1.3344831,1.5180126,101.49103,24.060139,13.666344,21.872044,368.98978,286.77344,92.082,2.0,4.561,15.561,24.481,0.0,92.06597,2.0,0.0,295.125,198.0,5539.0,0.0,-2.6015625,1.444397,542.15625,20109.291,20000.502,1100.0834,582.67804,120.00485,109.76777,0.0,-2.990911,3.0,80.67627,37.72783,0.74999905,0.0,6.944,0.0,10.703125,1.0363159,0.0,0.0,0.0,0.0,0.0,0.7988281,0.7998047,80.22461,2.3437505,252.25264,285.95267,0.0,110.00001,99.90234,0.0,253.10573,257.99786,525.375,538.5,-5.3346615,361.75,0.0,395.0,79.82713,72.99998,202.81372,0.0,120.92,310.90625,9.277344,7.2296143,54.37622,74.29352,2.8027344,120.83,120.92,118.91,118.91,0
252009.48,0.2570859,3.0334473,1.3345585,1.5136039,101.49103,24.060139,13.679722,21.974823,368.88824,287.57446,92.082,2.039,4.561,15.561,24.481,0.0,91.99864,2.0,0.0,299.25,198.0,5556.0,0.0,-2.6875,1.4449463,541.73334,19781.336,20000.502,1100.0834,582.67804,123.33243,109.47104,0.0,-3.0177288,3.0,82.27997,37.714443,0.74999905,0.0,6.812,0.0,10.65625,1.0358276,0.0,0.0,0.0,0.0,0.0,0.7939453,0.7998047,80.22461,2.3437505,252.96109,286.03812,0.0,110.00001,99.90234,0.0,253.74422,257.6745,525.75,538.5,-5.3614793,362.96875,0.0,393.78125,79.82713,72.99998,203.4668,0.0,121.11,310.75,9.384155,0.9979248,54.40674,68.20526,2.8076172,121.26,120.96,118.91,118.97,0
252009.53,0.20566872,3.013379,1.3196744,1.5094923,101.49103,24.060139,13.671508,21.681158,367.45935,287.18234,92.082,2.08,4.561,15.561,24.481,0.0,91.7944,2.0,0.0,295.875,198.0,5570.0,0.0,-2.703125,1.4442139,541.468,19774.967,20000.502,1100.0834,584.0047,125.32474,109.85255,0.0,-3.0391831,3.0,83.16803,37.702396,0.74999905,0.0,6.88,0.0,10.703125,1.0327759,0.0,0.0,0.0,0.0,0.0,0.796875,0.7998047,80.22461,2.3437505,250.93689,286.08243,0.0,110.00001,99.90234,0.0,251.27327,257.33453,525.75,538.875,-5.3829336,359.25,0.0,392.5,79.82713,72.99998,202.00806,0.0,121.36,309.84375,9.521484,5.52063,54.595947,73.0484,2.8076172,121.67,121.72,119.5,119.5,0
252009.56,0.16453497,3.0053518,1.3150996,1.5035154,101.49103,24.060139,13.683336,21.584427,367.77832,288.46368,92.082,2.119,4.561,15.561,24.481,0.0,91.63101,2.0,0.0,297.0,198.375,5590.0,0.0,-2.765625,1.4450684,541.76654,19854.037,20000.502,1100.0834,584.0047,124.62531,109.76777,0.0,-3.0563464,3.0,82.83081,37.691555,1.1249986,0.37499952,6.84,0.0,10.84375,1.0321655,0.0,0.0,0.0,0.0,0.0,0.7998047,0.7998047,80.32074,2.3437505,250.27013,285.2795,0.0,110.00001,99.90234,0.0,250.62651,256.90335,526.125,538.875,-5.400097,361.6875,0.0,390.78125,79.82713,72.99998,201.79443,0.0,122.03,309.65625,9.686279,5.9570312,54.63867,73.69232,2.8027344,122.06,122.03,120.16,120.2,0
252009.61,0.13162798,3.0021408,1.3179955,1.4854149,101.49103,24.060139,13.674038,21.747242,367.80408,289.46445,92.082,2.159,4.561,15.561,24.481,0.0,91.5003,2.0,0.0,295.875,198.75,5609.0,0.0,-2.78125,1.4436646,541.25244,19918.248,20000.502,1100.0834,585.86206,122.781364,108.13577,0.0,-3.070077,3.0,81.86035,37.60661,1.1249986,0.74999905,6.84,0.0,10.484375,1.033081,0.0,0.0,0.0,0.0,0.0,0.7988281,0.7998047,80.32074,2.3437505,251.3924,282.52994,0.0,110.00001,99.90234,0.0,252.39265,256.43903,526.125,538.875,-5.4138274,361.5,0.0,389.59375,79.82713,72.99998,202.66113,0.0,122.42,309.9375,9.848022,1.5899658,54.577637,69.425964,2.8027344,122.58,122.48,120.37,120.37,0
252009.64,0.14530239,3.0008564,1.312313,1.4633723,101.49103,24.060139,13.679248,21.660343,367.92493,291.1599,92.082,2.2,4.561,15.561,24.481,0.0,91.39573,2.0,0.0,299.625,198.75,5640.0,0.0,-2.6953125,1.4430542,541.02026,20027.037,20000.502,1100.0834,585.86206,121.001,107.39395,0.0,-3.0810614,3.0,80.921936,37.53016,1.1249986,0.74999905,6.704,0.0,9.921875,1.0342407,0.0,0.0,0.0,0.0,0.0,0.79785156,0.7998047,80.46417,2.3437505,250.79341,279.06567,0.0,110.00001,99.90234,0.0,251.68787,255.63472,526.5,538.875,-5.424812,358.5625,0.0,388.09375,79.82713,72.99998,202.4292,0.0,122.87,310.28125,9.970093,1.9989014,54.504395,69.88983,2.7929688,122.86,122.99,120.86,120.83,0
252009.7,0.15624191,3.0003426,1.3024906,1.458667,101.49103,24.060139,13.677036,21.494759,368.27084,292.2604,92.082,2.239,4.561,15.561,24.481,0.0,91.31207,2.0,0.0,299.25,198.75,5656.0,0.0,-2.625,1.4412231,540.34033,20143.254,20000.502,1100.0834,585.86206,118.66958,106.71572,0.0,-3.089849,3.0,79.79736,37.461353,1.1249986,0.74999905,6.696,0.0,10.0703125,1.0333252,0.0,0.0,0.0,0.0,0.0,0.79785156,0.7998047,80.46417,2.3437505,249.65205,279.01886,0.0,110.00001,99.90234,0.0,250.59335,255.22842,526.5,538.875,-5.4335995,358.25,0.0,386.375,79.82713,72.99998,201.63574,0.0,123.06,310.0,10.113525,4.1900635,54.56543,72.26715,2.7929688,123.56,123.59,121.49,121.58,0
252009.73,0.16499352,3.000137,1.2956934,1.4514608,101.49103,24.060139,13.6754875,21.333515,368.15314,293.40674,92.082,2.28,4.561,15.561,24.481,0.0,91.24515,2.0,0.0,301.875,198.75,5680.0,0.0,-2.625,1.4407959,540.1828,20260.002,20000.502,1100.0834,587.98474,116.59249,107.11842,0.0,-3.096879,3.0,78.72467,37.39943,1.1249986,0.74999905,6.6,0.0,10.1875,1.0357056,0.0,0.0,0.0,0.0,0.0,0.80078125,0.7998047,80.46417,2.3437505,248.54062,277.8394,0.0,110.00001,99.90234,0.0,248.81062,254.58997,526.875,538.875,-5.4406295,356.125,0.0,384.375,79.82713,72.99998,201.19019,0.0,123.67,310.71875,10.284424,5.6640625,54.41284,73.74115,2.7905273,124.16,123.88,121.63,121.53,0
252009.78,0.17199484,3.0000548,1.2974877,1.4439156,101.49103,24.060139,13.680263,21.465065,368.21848,294.8021,92.082,2.319,4.561,15.561,24.481,0.0,91.191605,2.0,0.0,300.75,198.75,5706.0,0.0,-2.6328125,1.4408569,540.20764,20177.217,20000.502,1100.0834,587.98474,116.59249,107.076035,0.0,-3.1025033,3.0,78.6438,37.343697,1.1249986,0.74999905,6.624,0.0,10.28125,1.0300903,0.0,0.0,0.0,0.0,0.0,0.8027344,0.7998047,80.6488,2.3437505,249.44739,277.0378,0.0,110.00001,99.90234,0.0,250.46068,253.91833,526.875,538.5,-5.446254,355.5625,0.0,383.1875,79.82713,72.99998,202.13013,0.0,124.41,309.03125,10.427856,1.5014648,54.766846,70.088196,2.7978516,124.34,124.49,121.95,121.86,0
252009.81,0.13759588,2.9812722,1.2893181,1.4387865,101.49103,24.060139,13.677746,21.333254,366.82233,294.55933,92.082,2.36,4.561,15.561,24.481,0.0,91.14877,2.0,0.0,299.625,198.75,5723.0,0.0,-2.71875,1.4414062,539.7931,20089.125,20000.502,1100.0834,590.1074,116.42293,106.75811,0.0,-3.1070027,3.0,78.5614,37.293537,1.1249986,0.74999905,6.636,0.0,9.828125,1.03656,0.0,0.0,0.0,0.0,0.0,0.80371094,0.7998047,80.6488,2.3437505,248.53882,276.8669,0.0,110.00001,99.90234,0.0,249.62321,253.50374,527.25,538.875,-5.450753,353.40625,0.0,381.1875,79.82713,72.99998,201.54419,0.0,124.84,310.96875,10.531616,2.4047852,54.35791,70.68634,2.7929688,124.78,125.02,122.53,122.58,0
252009.86,0.1100767,2.9737592,1.2870018,1.4372181,101.49103,24.060139,13.681844,21.323809,367.00305,295.06488,92.082,2.4,4.561,15.561,24.481,0.0,91.11451,2.0,0.0,300.0,198.75,5730.0,0.0,-2.703125,1.4402466,539.34534,20102.393,20000.502,1100.0834,590.1074,115.91425,106.35541,0.0,-3.1106024,3.0,78.245544,37.248394,1.1249986,0.74999905,6.62,0.0,9.421875,1.0286255,0.0,0.0,0.0,0.0,0.0,0.8017578,0.7998047,80.80902,2.3437505,248.47372,276.94855,0.0,110.00001,99.90234,0.0,249.4325,253.18037,527.25,538.875,-5.454353,350.28125,0.0,380.6875,79.82713,72.99998,201.28174,0.0,125.08,308.59375,10.632324,1.0528564,54.864502,69.9234,2.7807617,125.16,125.06,122.9,122.86,0
252009.89,0.08806136,2.9520037,1.2742742,1.4304357,101.49103,24.060139,13.678853,21.12594,365.21045,294.69977,92.082,2.44,4.561,15.561,24.481,0.0,91.0871,2.0,0.0,301.5,198.75,5751.0,0.0,-2.71875,1.437439,538.2923,19775.498,20000.502,1100.0834,590.1074,117.16475,104.80819,0.0,-3.113482,3.0,78.84827,37.207764,1.4999981,0.74999905,6.544,0.0,9.28125,1.0183105,0.0,0.0,0.0,0.0,0.0,0.8017578,0.7998047,80.80902,2.3437505,247.10983,276.88245,0.0,110.00001,99.90234,0.0,248.01462,252.7326,527.25,538.875,-5.4572325,348.59375,0.0,378.78125,79.82713,72.99998,200.14038,0.0,125.36,305.5,10.791016,4.0039062,55.511475,73.6557,2.788086,125.39,125.3,122.99,123.05,0
252009.92,0.07044909,2.9245515,1.2656128,1.4237382,101.49103,24.060139,13.665041,20.970598,363.72092,294.62057,92.082,2.48,4.561,15.561,24.481,0.0,91.06517,2.0,0.0,297.75,199.125,5773.0,0.0,-2.71875,1.43573,537.6704,20082.227,20000.502,1100.0834,591.43414,116.10501,105.84673,0.0,-3.1157856,3.0,78.256226,37.1712,1.4999981,1.1249986,6.644,0.0,8.953125,1.0178833,0.0,0.0,0.0,0.0,0.0,0.8066406,0.7998047,80.80902,2.3437505,246.03908,276.30698,0.0,110.00001,99.90234,0.0,246.605,251.9366,527.625,538.875,-5.459536,347.46875,0.0,377.28125,79.82713,72.99998,199.59717,0.0,125.68,305.375,10.98938,5.3375244,55.541992,75.2182,2.7929688,125.84,126.02,123.79,123.59,0
252009.97,0.016359273,2.913571,1.2626286,1.4185666,101.49103,24.060139,13.667091,20.991297,363.9444,295.6697,92.082,2.519,4.561,15.561,24.481,0.0,91.04762,2.0,0.0,301.125,199.125,5790.0,0.0,-2.7265625,1.4365234,537.33875,20191.545,20000.502,1100.0834,591.43414,112.417114,104.7658,0.0,-3.1176286,3.0,76.47858,37.13829,1.4999981,1.1249986,6.52,0.0,9.0390625,1.0155029,0.0,0.0,0.0,0.0,0.0,0.8027344,0.7998047,80.92041,2.3437505,246.18175,276.17297,0.0,110.00001,99.90234,0.0,246.59674,251.3313,527.625,538.875,-5.461379,346.84375,0.0,375.78125,79.82713,72.99998,199.81079,0.0,126.47,304.65625,11.184692,4.7943115,55.69458,75.01068,2.788086,126.32,126.51,124.07,124.16,0
252010.02,-0.0069125807,2.9091785,1.2624599,1.4147515,101.49103,24.060139,13.656808,20.967676,363.9731,296.2548,92.082,2.56,4.561,15.561,24.481,0.0,91.033585,2.0,0.0,300.0,199.125,5801.0,0.0,-2.6875,1.4344482,536.56757,19932.047,20000.502,1100.0834,593.29144,113.646416,103.769646,0.0,-3.119103,3.0,76.989746,37.108673,1.4999981,1.1249986,6.544,0.0,9.0,1.0177002,0.0,0.0,0.0,0.0,0.0,0.8046875,0.7998047,80.92041,2.3437505,246.01894,275.2746,0.0,110.00001,99.90234,0.0,247.24348,250.84209,527.625,538.875,-5.4628534,346.1875,0.0,374.375,79.82713,72.99998,199.89014,0.0,126.4,305.3125,11.312866,2.2583008,55.5542,72.45026,2.800293,126.81,126.56,124.21,124.34,0
252010.05,-0.0055300645,2.9261713,1.2566892,1.4098768,101.49103,24.060139,13.661328,20.896198,366.0909,298.85184,92.082,2.6,4.561,15.561,24.481,0.0,91.022354,2.0,0.0,301.125,199.125,5818.0,0.0,-2.5859375,1.4324951,535.82965,20198.443,20000.502,1100.0834,593.29144,110.424805,103.9392,0.0,-2.9640322,3.0,75.4364,37.082016,1.4999981,1.1249986,6.5,0.0,9.0,1.0219727,0.0,0.0,0.0,0.0,0.0,0.80566406,0.7998047,81.06384,2.3437505,245.52625,275.09204,0.0,110.00001,99.90234,0.0,246.72939,250.30313,528.0,538.5,-5.3077826,343.34375,0.0,373.375,79.82713,72.99998,199.57275,0.0,126.89,306.59375,11.4227295,3.0181885,55.27954,73.020935,2.8027344,126.85,127.0,124.91,124.88,0
252010.1,-0.024424052,2.9142187,1.2555141,1.3919036,101.49103,24.060139,13.670352,20.905844,364.59894,298.29892,92.082,2.638,4.561,15.561,24.481,0.0,91.013374,2.0,0.0,302.625,199.125,5831.0,0.0,-2.546875,1.4297485,534.80975,20259.47,20000.502,1100.0834,593.29144,106.71572,103.324554,0.0,-2.8399758,3.0,73.57788,37.058025,1.4999981,1.1249986,6.44,0.0,8.9453125,1.0209961,0.0,0.0,0.0,0.0,0.0,0.80371094,0.7998047,81.06384,2.3437505,245.59273,272.0511,0.0,110.00001,99.90234,0.0,246.53867,249.76416,528.0,538.5,-5.1837263,344.5625,0.0,372.28125,79.82713,72.99998,199.46289,0.0,127.11,306.3125,11.520386,0.96435547,55.34668,71.1319,2.800293,127.19,127.49,125.53,125.39,0
252010.12,-0.09953924,2.8719375,1.2505225,1.3870288,101.49103,24.060139,13.65909,20.87236,361.11755,296.21063,92.082,2.68,4.561,15.561,24.481,0.0,90.85581,2.0,0.0,300.75,199.125,5846.0,0.0,-2.5546875,1.4254761,533.823,19986.705,20000.502,1100.0834,594.3528,108.75042,102.794685,0.0,-2.7407308,3.0,74.55902,37.036434,1.4999981,1.1249986,6.484,0.0,8.8828125,1.0194702,0.0,0.0,0.0,0.0,0.0,0.8046875,0.7998047,81.06384,2.3437505,245.36194,271.86765,0.0,110.00001,99.90234,0.0,246.27335,249.2252,528.375,538.5,-5.0844812,341.5625,0.0,370.875,79.82713,72.99998,199.24927,0.0,127.46,305.84375,11.618042,0.88500977,55.438232,71.21124,2.7954102,127.55,127.79,125.78,125.63,0
252010.17,-0.13963139,2.855025,1.245766,1.3824083,101.49103,24.060139,13.668785,20.77859,361.23267,297.06534,92.082,2.719,4.561,15.561,24.481,0.0,90.72977,2.0,0.0,300.0,199.125,5861.0,0.0,-2.4921875,1.4263916,533.5494,19809.992,20000.502,1100.0834,594.3528,110.25525,102.66752,0.0,-2.6613345,3.0,75.201416,37.017002,1.4999981,1.1249986,6.484,0.0,8.8671875,1.0163574,0.0,0.0,0.0,0.0,0.0,0.8066406,0.7998047,81.15997,2.3437505,244.71558,271.33093,0.0,110.00001,99.90234,0.0,245.63489,248.66136,528.375,538.5,-5.005085,340.1875,0.0,370.09375,79.82713,72.99998,198.90137,0.0,127.91,304.90625,11.715698,0.9277344,55.63965,71.55304,2.8027344,128.14,127.85,125.97,125.93,0
252010.2,-0.23170511,2.81076,1.2356969,1.3775336,101.49103,24.060139,13.657993,20.531874,357.98285,295.14624,92.082,2.76,4.561,15.561,24.481,0.0,90.62893,2.0,0.0,300.75,199.125,5876.0,0.0,-2.40625,1.4262695,533.49963,20109.291,20000.502,1100.0834,595.6795,107.05484,102.074066,0.0,-2.5978174,3.0,73.65875,36.99951,1.4999981,1.1249986,6.452,0.0,8.65625,1.0101929,0.0,0.0,0.0,0.0,0.0,0.8046875,0.7998047,81.15997,2.3437505,243.015,270.72327,0.0,110.00001,99.90234,0.0,244.02626,248.16386,528.375,538.5,-4.941568,340.21875,0.0,369.09375,79.82713,72.99998,198.13843,0.0,128.33,303.0625,11.856079,4.8309326,56.030273,75.97504,2.8076172,128.35,128.35,126.71,126.56,0
252010.23,-0.3453641,2.7743042,1.2344991,1.3713447,101.49103,24.060139,13.64458,20.589886,356.31845,294.7739,92.082,2.799,4.561,15.561,24.481,0.0,90.548256,2.0,0.0,301.5,199.125,5896.0,0.0,-2.2890625,1.4249268,533.00214,20123.088,20000.502,1100.0834,595.6795,106.3766,101.88331,0.0,-2.5470037,3.0,73.25134,36.983772,1.4999981,1.1249986,6.416,0.0,8.4921875,1.0116577,0.0,0.0,0.0,0.0,0.0,0.8046875,0.7998047,81.26373,2.3437505,243.41487,270.262,0.0,110.00001,99.90234,0.0,244.53207,247.4093,528.75,538.5,-4.890754,339.0,0.0,367.5,79.82713,72.99998,198.64502,0.0,128.71,303.5,11.99646,3.8208008,55.932617,75.001526,2.824707,128.69,128.84,127.15,126.95,0
252010.28,-0.41629127,2.7597218,1.2264044,1.367572,101.49103,24.060139,13.646909,20.518562,356.3651,295.56253,92.082,2.838,4.561,15.561,24.481,0.0,90.48372,2.0,0.0,302.625,199.125,5911.0,0.0,-2.28125,1.4215088,531.7252,20083.287,20000.502,1100.0834,595.6795,105.91032,101.39583,0.0,-2.506353,3.0,73.02551,36.969604,1.4999981,1.1249986,6.368,0.0,8.2734375,1.0012207,0.0,0.0,0.0,0.0,0.0,0.8027344,0.7998047,81.26373,2.3437505,242.92325,270.70276,0.0,110.00001,99.90234,0.0,243.82727,246.87035,528.75,538.5,-4.8501034,337.34375,0.0,366.09375,79.82713,72.99998,198.06519,0.0,128.99,300.375,12.139893,4.333496,56.5979,76.29242,2.8320312,129.25,129.1,127.19,127.15,0
252010.34,-0.413033,2.7538888,1.2212647,1.3488357,101.49103,24.060139,13.636821,20.468992,356.49722,296.52246,92.082,2.88,4.561,15.561,24.481,0.0,90.43209,2.0,0.0,301.125,199.5,5928.0,0.0,-2.28125,1.4185791,530.6307,20219.14,20000.502,1100.0834,597.53687,103.74845,100.82357,0.0,-2.4738321,3.0,71.91315,36.956856,1.8749976,1.4999981,6.392,0.0,7.875,1.0047607,0.0,0.0,0.0,0.0,0.0,0.8046875,0.7998047,81.26373,2.3437505,242.58156,267.7668,0.0,110.00001,99.90234,0.0,242.9981,246.25676,528.75,538.5,-4.8175826,337.59375,0.0,364.78125,79.82713,72.99998,197.64404,0.0,129.35,301.4375,12.261963,5.0476074,56.37207,76.87225,2.836914,129.46,129.25,127.55,127.49,0
252010.38,-0.39042643,2.7140555,1.2196976,1.3414601,101.49103,24.060139,13.635618,20.459467,353.14792,294.92584,92.082,2.919,4.561,15.561,24.481,0.0,90.390785,2.0,0.0,302.625,199.5,5952.0,0.0,-2.375,1.4179077,530.39026,19877.387,20000.502,1100.0834,597.53687,107.18201,101.289856,0.0,-2.4478154,3.0,73.48633,36.94538,1.8749976,1.4999981,6.332,0.0,6.9453125,1.008606,0.0,0.0,0.0,0.0,0.0,0.80566406,0.7998047,81.399536,2.3437505,242.5159,266.61215,0.0,110.00001,99.90234,0.0,243.37952,245.35295,529.125,538.5,-4.791566,337.09375,0.0,363.0,79.82713,72.99998,198.0957,0.0,129.91,302.59375,12.390137,4.46167,56.12793,76.15814,2.849121,129.87,130.02,128.18,128.14,0
252010.42,-0.39234114,2.6793723,1.2134863,1.3345082,101.49103,24.060139,13.634776,20.448257,351.3213,294.43552,92.082,2.959,4.561,15.561,24.481,0.0,90.35774,2.0,0.0,299.25,199.5,5973.0,0.0,-2.5546875,1.4141846,528.98895,19774.967,20000.502,1100.0834,599.39417,108.79281,100.44206,0.0,-2.427002,3.0,74.261475,36.935055,1.8749976,1.4999981,6.412,0.0,6.78125,1.0039673,0.0,0.0,0.0,0.0,0.0,0.8066406,0.7998047,81.399536,2.3437505,242.43864,266.56204,0.0,110.00001,99.90234,0.0,243.57024,244.57353,529.125,538.5,-4.7707524,336.84375,0.0,361.6875,79.82713,72.99998,197.94922,0.0,130.38,301.1875,12.469482,2.8778076,56.4209,74.946594,2.8588867,130.38,130.7,128.39,128.35,0
252010.45,-0.39387292,2.6654992,1.2101032,1.3290399,101.49103,24.060139,13.640046,20.395866,351.3102,295.01776,92.082,3.0,4.561,15.561,24.481,0.0,90.33131,2.0,0.0,301.125,199.5,5985.0,0.0,-2.65625,1.411499,527.9939,20129.457,20000.502,1100.0834,599.39417,105.50762,100.314896,0.0,-2.2541013,3.0,72.60742,36.92576,1.8749976,1.4999981,6.348,0.0,6.5703125,1.0026855,0.0,0.0,0.0,0.0,0.0,0.8046875,0.7998047,81.55975,2.3437505,242.07751,265.83987,0.0,110.00001,99.90234,0.0,243.18881,243.82727,529.5,538.875,-4.5978518,334.6875,0.0,359.375,79.82713,72.99998,197.63184,0.0,130.58,300.8125,12.512207,1.5319824,56.500244,73.69232,2.8588867,130.8,130.65,128.44,128.44,0
252010.5,-0.37509835,2.6599498,1.208126,1.3229358,101.49103,24.060139,13.655454,20.39879,351.60867,296.30444,92.082,3.039,4.561,15.561,24.481,0.0,90.31016,2.0,0.0,301.125,199.5,6006.0,0.0,-2.6796875,1.4111938,527.86127,20253.633,20000.502,1100.0834,599.39417,103.60009,99.99698,0.0,-2.1157808,3.0,71.68884,36.917393,1.8749976,1.4999981,6.336,0.0,6.0390625,1.00354,0.0,0.0,0.0,0.0,0.0,0.8027344,0.7998047,81.55975,2.3437505,242.09767,265.07205,0.0,110.00001,99.90234,0.0,243.18881,243.37123,529.5,538.875,-4.4595313,334.71875,0.0,358.78125,79.82713,72.99998,197.9187,0.0,130.89,301.0625,12.533569,1.0223389,56.451416,73.161316,2.8588867,131.12,131.06,129.05,129.16,0
252010.53,-0.38007867,2.63898,1.2074711,1.3161958,101.49103,24.060139,13.648662,20.374884,349.99783,295.5854,92.082,3.081,4.561,15.561,24.481,0.0,90.29324,2.0,0.0,301.5,199.5,6019.0,0.0,-2.6171875,1.4103394,527.54614,20587.957,20000.502,1100.0834,600.9862,99.31874,100.06056,0.0,-2.0051246,3.0,69.54346,36.909863,1.8749976,1.4999981,6.312,0.0,5.9765625,1.0068359,0.0,0.0,0.0,0.0,0.0,0.8017578,0.7998047,81.55975,2.3437505,241.93288,263.72968,0.0,110.00001,99.90234,0.0,242.9981,242.89859,529.5,538.875,-4.348875,333.9375,0.0,356.78125,79.82713,72.99998,197.96753,0.0,131.24,302.0625,12.545776,0.21972656,56.237793,72.13898,2.8588867,131.42,131.69,129.51,129.51,0
252010.58,-0.40406293,2.6118422,1.207852,1.3022072,101.49103,24.060139,13.661485,20.345432,347.99374,295.26004,92.082,3.119,4.561,15.561,24.481,0.0,90.27971,2.0,0.0,301.875,199.5,6047.0,0.0,-2.6171875,1.4089355,527.6374,20205.873,20000.502,1100.0834,600.9862,100.48446,100.33609,0.0,-1.9165993,3.0,70.10498,36.903088,1.8749976,1.4999981,6.268,0.0,6.0703125,1.0134277,0.0,0.0,0.0,0.0,0.0,0.7998047,0.7998047,81.68793,2.3437505,241.72987,260.62555,0.0,110.00001,99.90234,0.0,242.86543,241.82896,529.5,538.5,-4.2603498,333.75,0.0,354.6875,79.82713,72.99998,198.47412,0.0,131.89,304.03125,12.539673,-0.36621094,55.822754,71.138,2.8613281,131.94,132.07,129.66,129.56,0
252010.61,-0.40325034,2.600987,1.205986,1.2843614,101.49103,24.060139,13.658742,20.293877,348.18765,295.61996,92.082,3.16,4.561,15.561,24.481,0.0,90.26888,2.0,0.0,301.125,199.5,6051.0,0.0,-2.6171875,1.4077148,527.17303,20091.78,20000.502,1100.0834,602.84357,101.50181,100.92954,0.0,-1.8457794,3.0,70.207214,36.896988,1.8749976,1.4999981,6.276,0.0,6.046875,1.0148926,0.0,0.0,0.0,0.0,0.0,0.8027344,0.7998047,81.68793,2.3437505,241.37451,256.99097,0.0,110.00001,99.90234,0.0,241.63824,241.37291,529.5,538.5,-4.18953,335.65625,0.0,351.78125,79.82713,72.99998,198.04077,0.0,132.08,304.46875,12.533569,0.033569336,55.7312,71.42792,2.8588867,132.48,132.01,129.87,130.13,0
252010.64,-0.38260028,2.5966449,1.201049,1.2777909,101.49103,24.060139,13.668541,20.264853,348.5088,296.8217,92.082,3.2,4.561,15.561,24.481,0.0,90.26022,2.0,0.0,300.0,199.875,6070.0,0.0,-2.9921875,1.4060669,526.54285,19924.617,20000.502,1100.0834,602.84357,101.75614,99.42471,0.0,-1.7891235,3.0,70.329285,36.8915,2.2499971,1.8749976,6.296,0.0,6.125,1.010376,0.0,0.0,0.0,0.0,0.0,0.8017578,0.7998047,81.832886,2.3437505,241.17445,256.52173,0.0,110.00001,99.90234,0.0,242.28502,241.02466,529.5,539.25,-4.132874,336.375,0.0,351.0,79.82713,72.99998,197.97363,0.0,132.5,303.125,12.55188,-0.34179688,56.018066,71.33942,2.8564453,132.54,132.38,130.49,130.53,0
252010.69,-0.3860802,2.5949082,1.1998175,1.2580796,101.49103,24.060139,13.675401,20.229141,348.6712,297.69388,92.082,3.238,4.561,15.561,24.481,0.0,90.253296,2.0,0.0,298.5,199.875,6085.0,0.0,-2.9453125,1.4055176,526.3522,19924.086,20000.502,1100.0834,602.84357,103.19739,100.52685,0.0,-1.7437987,3.0,70.63599,36.88656,2.2499971,1.8749976,6.324,0.0,6.15625,1.0153198,0.0,0.0,0.0,0.0,0.0,0.8027344,0.7998047,81.832886,2.3437505,240.9283,252.57356,0.0,110.00001,99.90234,0.0,241.84557,240.45253,529.5,538.875,-4.087549,336.03125,0.0,348.78125,79.82713,72.99998,198.12012,0.0,132.91,304.59375,12.539673,-0.5493164,55.700684,70.7962,2.8613281,132.65,133.09,130.85,130.85,0
252010.72,-0.42886418,2.5942135,1.1961313,1.2530777,101.49103,24.060139,13.674343,20.144365,348.67993,298.19058,92.082,3.279,4.561,15.561,24.481,0.0,90.24775,2.0,0.0,299.625,199.875,6095.0,0.0,-3.0390625,1.4033203,525.52295,20088.594,20000.502,1100.0834,603.9049,100.611626,99.42471,0.0,-1.7075386,3.0,69.39087,36.882114,2.2499971,1.8749976,6.28,0.0,6.1171875,1.0119629,0.0,0.0,0.0,0.0,0.0,0.8017578,0.7998047,81.832886,2.3437505,240.34395,251.75885,0.0,110.00001,99.90234,0.0,241.44753,240.04623,529.5,539.25,-4.051289,334.90625,0.0,347.5,79.82713,72.99998,197.66846,0.0,133.18,303.59375,12.527466,-0.66223145,55.914307,70.8786,2.8515625,133.13,133.58,130.95,131.01,0
252010.77,-0.46309134,2.5939355,1.1958619,1.2455748,101.49103,24.060139,13.685321,20.151306,348.68872,299.07874,92.082,3.319,4.561,15.561,24.481,0.0,90.24332,2.0,0.0,300.75,199.875,6113.0,0.0,-3.125,1.4039307,525.7468,20007.932,20000.502,1100.0834,603.9049,101.31105,100.18773,0.0,-1.6785307,3.0,69.33899,36.878113,2.2499971,1.8749976,6.232,0.0,6.09375,0.9992676,0.0,0.0,0.0,0.0,0.0,0.7998047,0.7998047,81.91986,2.3437505,240.39178,250.36827,0.0,110.00001,99.90234,0.0,241.71289,239.52385,529.5,539.25,-4.022281,333.90625,0.0,345.78125,79.82713,72.99998,198.00415,0.0,133.4,299.78125,12.521362,-0.045776367,56.71997,72.276306,2.8417969,133.66,133.52,131.12,131.33,0
252010.81,-0.47047308,2.5563242,1.1935747,1.2225574,101.49103,24.060139,13.681287,20.149658,345.3393,297.07803,92.082,3.36,4.561,15.561,24.481,0.0,90.23977,2.0,0.0,298.125,199.875,6131.0,0.0,-3.1875,1.3895874,520.3821,19835.994,20000.502,1100.0834,605.76227,103.21858,100.08176,0.0,-1.6553245,3.0,70.259094,36.87451,2.2499971,1.8749976,6.276,0.0,5.796875,0.9827881,0.0,0.0,0.0,0.0,0.0,0.80078125,0.7998047,81.91986,2.3437505,240.38043,246.18695,0.0,110.00001,99.90234,0.0,241.77092,238.61176,529.5,539.25,-3.999075,335.8125,0.0,343.28125,79.82713,72.99998,198.19946,0.0,133.94,294.84375,12.496948,-3.6956787,57.910156,69.73114,2.8271484,133.85,133.7,131.86,131.86,0
252010.84,-0.47637847,2.5412798,1.1985711,1.2008115,101.49103,24.060139,13.684322,20.37737,345.3877,298.18585,92.082,3.4,4.561,15.561,24.481,0.0,90.23693,2.0,0.0,296.25,200.25,6153.0,0.0,-3.21875,1.3760376,514.7271,19850.322,20000.502,1100.0834,605.76227,102.603935,98.19542,0.0,-1.6367595,3.0,69.573975,36.871273,2.2499971,2.2499971,6.316,0.0,5.3203125,0.9645386,0.0,0.0,0.0,0.0,0.0,0.8027344,0.7998047,82.055664,2.3437505,241.95003,242.41507,0.0,110.00001,99.90234,0.0,242.80739,237.85721,529.5,539.25,-3.98051,336.34375,0.0,341.1875,79.82713,72.99998,198.9502,0.0,134.32,289.375,12.438965,-5.630493,59.240723,68.75763,2.8173828,134.06,134.5,132.12,132.23,0
252010.89,-0.48110276,2.535262,1.1870933,1.1983529,101.49103,24.060139,13.686447,20.043169,345.33768,298.5303,92.082,3.439,4.561,15.561,24.481,0.0,90.23466,2.0,0.0,298.125,200.25,6161.0,0.0,-3.2265625,1.375,514.3291,19712.879,20000.502,1100.0834,605.76227,106.22824,99.0856,0.0,-1.6219075,3.0,71.321106,36.868355,2.2499971,2.2499971,6.252,0.0,5.2109375,0.96624756,0.0,0.0,0.0,0.0,0.0,0.80078125,0.7998047,82.055664,2.3437505,239.64641,241.87129,0.0,110.00001,99.90234,0.0,240.80908,237.53383,529.5,539.25,-3.965658,336.3125,0.0,339.78125,79.82713,72.99998,197.5647,0.0,134.36,289.875,12.37793,-4.159546,59.143066,70.069885,2.8076172,134.84,134.88,132.12,132.44,0
252010.92,-0.4648822,2.532855,1.1836363,1.191952,101.49103,24.060139,13.676216,19.954853,345.42395,299.38034,92.082,3.48,4.561,15.561,24.481,0.0,90.23284,2.0,0.0,298.5,200.25,6177.0,0.0,-3.09375,1.3718872,513.1766,19638.053,20000.502,1100.0834,607.0889,108.432495,99.80622,0.0,-1.6100259,3.0,71.99402,36.86573,2.2499971,2.2499971,6.224,0.0,5.15625,0.9661255,0.0,0.0,0.0,0.0,0.0,0.8027344,0.7998047,82.055664,2.3437505,239.03766,240.70015,0.0,110.00001,99.90234,0.0,240.42766,236.9617,529.5,539.25,-3.9537764,335.5,0.0,337.5,79.82713,72.99998,197.5769,0.0,134.77,289.84375,12.322998,-3.9642334,59.197998,70.23468,2.8076172,135.03,134.78,132.38,132.71,0
252010.97,-0.4519058,2.531892,1.1740915,1.1892815,101.49103,24.060139,13.680773,19.750965,345.86548,300.2968,92.082,3.519,4.561,15.561,24.481,0.0,90.231384,2.0,0.0,298.5,200.25,6188.0,0.0,-2.96875,1.3726807,512.88635,20123.088,20000.502,1100.0834,607.0889,102.87946,98.64051,0.0,-1.6005206,3.0,69.31915,36.86337,2.2499971,2.2499971,6.22,0.0,5.1015625,0.96173096,0.0,0.0,0.0,0.0,0.0,0.8027344,0.7998047,82.16095,2.3437505,237.63228,240.66571,0.0,110.00001,99.90234,0.0,238.74443,236.63832,529.5,538.875,-3.944271,332.4375,0.0,336.78125,79.82713,72.99998,196.82007,0.0,135.3,288.53125,12.258911,-3.0151367,59.46045,71.36383,2.800293,135.32,135.03,133.09,133.41,0
252011.02,-0.44152462,2.5127568,1.172934,1.1729616,101.49103,24.060139,13.660525,19.732038,344.1129,299.69254,92.082,3.56,4.561,15.561,24.481,0.0,90.230225,2.0,0.0,301.5,201.0,6207.0,0.0,-2.9609375,1.3615723,508.7156,20041.365,20000.502,1100.0834,608.15027,103.23978,98.958435,0.0,-1.5929165,3.0,69.4931,36.861244,2.9999962,2.9999962,6.116,0.0,4.953125,0.95318604,0.0,0.0,0.0,0.0,0.0,0.80078125,0.7998047,82.16095,2.3437505,237.50182,237.5841,0.0,110.00001,99.90234,0.0,238.6864,235.96669,529.5,538.875,-3.936667,335.09375,0.0,335.09375,79.82713,72.99998,196.32568,0.0,135.3,285.96875,12.228394,-2.1759033,60.13794,72.74017,2.7905273,135.47,135.71,133.46,133.52,0
252011.05,-0.43321973,2.486353,1.1669375,1.1520635,101.49103,24.060139,13.652211,19.638456,342.2258,298.96136,92.082,3.6,4.561,15.561,24.481,0.0,90.229294,2.0,0.0,300.375,201.0,6226.0,0.0,-2.8671875,1.3499756,503.81516,20150.684,20000.502,1100.0834,608.15027,101.79853,98.64051,0.0,-1.5868332,3.0,68.40973,36.85933,2.9999962,2.9999962,6.14,0.0,4.890625,0.9348755,0.0,0.0,0.0,0.0,0.0,0.8017578,0.7998047,82.25708,2.3437505,236.85677,233.83371,0.0,110.00001,99.90234,0.0,237.33484,235.27847,529.5,538.875,-3.9305837,335.875,0.0,332.875,79.82713,72.99998,196.14868,0.0,135.88,280.46875,12.210083,-0.3692627,61.419678,75.72479,2.8027344,135.84,136.23,133.66,133.68,0
252011.1,-0.3865758,2.4757912,1.1634873,1.1486723,101.49103,24.060139,13.658111,19.545023,342.3664,299.61264,92.082,3.638,4.561,15.561,24.481,0.0,90.228546,2.0,0.0,299.625,201.0,6237.0,0.0,-2.84375,1.3469238,502.6875,19787.703,20000.502,1100.0834,608.15027,104.3631,98.19542,0.0,-1.5819666,3.0,69.64569,36.85761,2.9999962,2.9999962,6.132,0.0,4.7421875,0.9354248,0.0,0.0,0.0,0.0,0.0,0.8027344,0.7998047,82.25708,2.3437505,236.21274,233.26257,0.0,110.00001,99.90234,0.0,237.40117,234.82243,529.5,538.875,-3.925717,334.40625,0.0,330.28125,79.82713,72.99998,195.6726,0.0,136.17,280.625,12.188721,-0.69885254,61.419678,75.28839,2.8027344,136.34,136.13,133.95,134.0,0
252011.14,-0.30926064,2.4903164,1.1632544,1.1463834,101.49103,24.060139,13.650521,19.54317,344.66208,301.91177,92.082,3.68,4.561,15.561,24.481,0.0,90.22795,2.0,0.0,298.875,201.0,6243.0,0.0,-2.7734375,1.345398,502.11536,20033.936,20000.502,1100.0834,609.7423,103.68487,98.49215,0.0,-1.5780733,3.0,68.93005,36.85606,2.9999962,2.9999962,6.152,0.0,4.609375,0.9354248,0.0,0.0,0.0,0.0,0.0,0.8027344,0.7998047,82.25708,2.3437505,236.19998,232.82643,0.0,110.00001,99.90234,0.0,237.4592,234.46588,529.5,538.875,-3.9218237,334.03125,0.0,329.1875,79.82713,72.99998,195.79468,0.0,136.42,280.625,12.139893,-2.5360107,61.43799,73.42682,2.8051758,136.7,136.13,134.53,134.57,0
252011.17,-0.24740851,2.4961267,1.1746682,1.142102,101.49103,24.060139,13.656927,19.88676,344.846,302.89548,92.082,3.719,4.561,15.561,24.481,0.0,90.22748,2.0,0.0,299.625,201.0,6260.0,0.0,-2.8828125,1.3444214,501.75052,19731.982,20000.502,1100.0834,609.7423,105.804344,97.199265,0.0,-1.5749586,3.0,69.95239,36.854664,2.9999962,2.9999962,6.124,0.0,4.3671875,0.93133545,0.0,0.0,0.0,0.0,0.0,0.7988281,0.7998047,82.3761,2.3437505,238.5683,231.97699,0.0,110.00001,99.90234,0.0,239.34973,234.03471,529.5,538.875,-3.918709,332.59375,0.0,328.5,79.82713,72.99998,197.41821,0.0,136.8,279.40625,12.081909,-5.810547,61.70044,70.35065,2.8051758,136.62,136.77,135.05,134.93,0
252011.22,-0.23792681,2.4797008,1.157321,1.1369305,101.49103,24.060139,13.649693,19.458319,342.85513,301.9646,92.082,3.759,4.561,15.561,24.481,0.0,90.2271,2.0,0.0,297.75,201.0,6277.0,0.0,-2.921875,1.3433228,500.75552,19555.799,20000.502,1100.0834,610.5383,109.57702,97.77152,0.0,-1.5724669,3.0,71.38214,36.85341,2.9999962,2.9999962,6.152,0.0,4.0625,0.93292236,0.0,0.0,0.0,0.0,0.0,0.80078125,0.7998047,82.3761,2.3437505,235.6151,231.51826,0.0,110.00001,99.90234,0.0,236.81245,233.39624,529.5,538.875,-3.9162173,332.3125,0.0,326.5,79.82713,72.99998,195.4895,0.0,137.18,279.875,12.030029,-2.3925781,61.621094,73.63129,2.8125,136.93,137.39,135.11,134.97,0
252011.25,-0.25034145,2.4356303,1.1569507,1.1335816,101.49103,24.060139,13.644629,19.449953,339.1072,299.18707,92.082,3.8,4.561,15.561,24.481,0.0,90.22679,2.0,0.0,300.0,201.0,6288.0,0.0,-2.9375,1.3427734,500.5648,20307.762,20000.502,1100.0834,610.5383,101.18388,96.6482,0.0,-1.5704734,3.0,67.337036,36.85228,2.9999962,2.9999962,6.084,0.0,3.7421875,0.9272461,0.0,0.0,0.0,0.0,0.0,0.7988281,0.7998047,82.45697,2.3437505,235.55743,230.80447,0.0,110.00001,99.90234,0.0,236.69637,233.00653,529.5,538.875,-3.914224,330.1875,0.0,324.59375,79.82713,72.99998,195.61768,0.0,137.38,278.1875,11.990356,-3.024292,61.975098,73.29559,2.8076172,137.5,137.55,135.22,135.47,0
252011.3,-0.26027316,2.3992522,1.1528516,1.1201441,101.49103,24.060139,13.646943,19.352228,337.31577,298.88437,92.082,3.839,4.561,15.561,24.481,0.0,90.22655,2.0,0.0,302.625,201.0,6315.0,0.0,-2.8359375,1.3359985,498.02753,20136.885,20000.502,1100.0834,610.5383,100.78118,96.181915,0.0,-1.5688787,3.0,66.75568,36.85126,3.3749957,2.9999962,5.988,0.0,3.4140625,0.9173584,0.0,0.0,0.0,0.0,0.0,0.796875,0.7998047,82.45697,2.3437505,234.88383,228.33047,0.0,110.00001,99.90234,0.0,236.0496,231.99493,529.5,538.875,-3.9126291,332.53125,0.0,322.0,79.82713,72.99998,195.54443,0.0,137.66,275.21875,11.935425,-1.5686035,62.65869,75.312805,2.8173828,137.9,137.55,135.67,135.9,0
252011.33,-0.26821852,2.3659508,1.1571413,1.1104369,101.49103,24.060139,13.630985,19.62633,397.3277,353.22974,92.082,3.88,4.561,15.561,24.481,0.0,90.376724,2.0,0.0,299.25,201.375,6336.0,0.0,-2.7890625,1.3303833,495.938,20219.14,20000.502,1100.0834,612.3957,99.149185,95.18576,0.0,-1.5676029,4.0,65.58075,36.850346,3.3749957,3.3749957,6.056,0.0,3.0,0.9100952,0.0,0.0,0.0,0.0,0.0,0.79785156,0.7998047,82.45697,2.3437505,236.77318,227.30222,0.0,110.00001,99.90234,0.0,237.81575,231.15747,529.5,538.875,-3.9113533,330.1875,0.0,320.0,79.82713,72.99998,196.65527,0.0,137.95,273.03125,11.807251,-5.3009033,63.171387,71.910095,2.8198242,138.48,138.01,136.38,136.23,0
252011.36,-0.27457482,2.3526304,1.1634864,1.1065794,101.49103,24.060139,13.643252,19.817938,397.44885,353.95087,92.082,3.919,4.561,15.561,24.481,0.0,90.49687,2.0,0.0,298.5,201.375,6347.0,0.0,-2.8046875,1.3309326,495.58145,20296.617,20000.502,1100.0834,612.3957,96.75417,94.69828,0.0,-1.5665822,4.0,64.427185,36.84952,3.3749957,3.3749957,6.056,0.0,2.859375,0.90448,0.0,0.0,0.0,0.0,0.0,0.7949219,0.7998047,82.59277,2.3437505,238.09392,226.61775,0.0,110.00001,99.90234,0.0,238.86879,230.70972,529.5,538.875,-3.9103327,329.15625,0.0,317.28125,79.82713,72.99998,197.71729,0.0,138.55,271.34375,11.657715,-6.5460205,63.50708,70.851135,2.8222656,138.27,138.84,136.52,136.49,0
252011.4,-0.29965985,2.3660522,1.1446403,1.1056893,101.49103,24.060139,13.6401205,19.332584,399.74484,356.27603,92.082,3.958,4.561,15.561,24.481,0.0,90.59299,2.0,0.0,300.375,201.375,6352.0,0.0,-2.8828125,1.333435,495.9463,19070.234,20000.502,1100.0834,613.72235,110.02211,95.77921,0.0,-1.7220154,4.0,70.82062,36.84878,3.3749957,3.3749957,6.012,0.0,2.546875,0.9055176,0.0,0.0,0.0,0.0,0.0,0.79589844,0.7998047,82.59277,2.3437505,234.74843,226.8715,0.0,110.00001,99.90234,0.0,235.27849,230.41951,529.5,538.875,-4.065766,330.40625,0.0,317.09375,79.82713,72.99998,196.32568,0.0,138.67,271.65625,11.520386,-3.0700684,63.415527,74.10431,2.8271484,138.79,138.89,136.43,136.62,0
252011.44,-0.27972788,2.352671,1.1459697,1.1080631,101.49103,24.060139,13.632069,19.331783,398.02124,352.00336,92.082,3.999,4.561,15.561,24.481,0.0,90.669876,2.0,0.0,295.875,201.0,6303.0,0.0,-2.890625,1.3254395,493.5417,20128.926,20000.502,1100.0834,613.72235,102.3284,96.16072,0.0,-1.6901121,4.0,67.889404,36.848114,2.9999962,2.9999962,6.152,0.0,2.578125,0.899353,0.0,0.0,0.0,0.0,0.0,0.8027344,0.7998047,82.69653,2.3437505,234.7429,227.07231,0.0,110.00001,99.90234,0.0,235.92525,230.65997,529.5,538.875,-4.0338626,329.125,0.0,319.1875,79.82713,72.99998,194.6167,0.0,139.07,269.8125,11.398315,-2.7435303,63.90381,74.687195,2.824707,139.1,138.89,136.88,136.98,0
252011.48,-0.2237823,2.3285685,1.1486943,1.1210343,101.49103,24.060139,13.644011,19.296553,395.9051,350.74292,92.082,4.038,4.561,15.561,24.481,0.0,90.73139,2.0,0.0,301.125,201.0,6314.0,0.0,-2.7890625,1.3364258,497.62952,19966.54,20000.502,1100.0834,613.72235,104.08757,96.43625,0.0,-1.6645894,4.0,68.348694,36.847515,3.3749957,2.9999962,6.032,0.0,3.0703125,0.91937256,0.0,0.0,0.0,0.0,0.0,0.7939453,0.7998047,82.69653,2.3437505,234.50006,228.9068,0.0,110.00001,99.90234,0.0,235.65991,230.92531,529.5,538.875,-4.00834,331.75,0.0,322.375,79.82713,72.99998,195.11108,0.0,138.7,275.8125,11.26709,-1.4770508,62.530518,74.601746,2.8271484,138.89,138.43,137.34,137.39,0
252011.52,-0.17902584,2.1501775,1.1520313,1.110776,101.49103,24.060139,13.623073,19.399483,373.67984,331.41998,92.082,4.08,4.561,15.561,24.481,0.0,90.7806,2.0,0.0,299.25,201.375,6321.0,0.0,-2.75,1.329956,495.2249,19929.393,20000.502,1100.0834,612.661,104.08757,96.43625,0.0,-1.8004212,4.0,68.348694,36.846973,3.3749957,3.3749957,6.056,0.0,3.1875,0.9091797,0.0,0.0,0.0,0.0,0.0,0.7949219,0.7998047,82.69653,2.3437505,235.20955,226.89084,0.0,110.00001,99.90234,0.0,236.373,230.89214,529.5,538.875,-4.1441717,331.0,0.0,319.375,79.82713,72.99998,195.55054,0.0,138.94,272.75,11.141968,-3.9642334,63.23242,72.63031,2.8271484,138.94,139.1,137.45,137.7,0
252011.56,-0.14322068,1.9288211,1.1538132,1.112175,101.49103,24.060139,13.631854,19.434362,352.73953,311.75897,92.082,4.119,4.561,15.561,24.481,0.0,90.81997,2.0,0.0,300.75,201.0,6299.0,0.0,-2.7421875,1.3265381,494.50354,20020.137,20000.502,1100.0834,612.661,104.00279,96.56342,0.0,-1.9090867,4.0,68.69507,36.846485,2.9999962,-12.749984,6.032,0.0,3.09375,0.9067383,0.0,0.0,0.0,0.0,0.0,0.7998047,0.7998047,82.62482,2.3437505,235.44997,227.04582,0.0,110.00001,99.90234,0.0,236.5637,231.04138,529.5,538.875,-4.252837,329.78125,0.0,320.59375,79.82713,72.99998,195.44067,0.0,139.25,272.03125,11.04126,-4.2175293,63.415527,72.447205,2.8295898,139.16,139.52,137.7,137.5,0
252011.61,-0.11457654,1.8027785,1.1901939,1.2148424,101.49103,24.060139,13.702454,19.922688,350.39975,289.0417,92.082,4.159,4.561,15.561,24.481,0.0,90.85146,2.0,0.0,0.0,185.25,5879.0,0.0,-4.7734375,1.324707,493.8319,22324.848,20000.502,1100.0834,606.0276,0.0,82.97757,0.0,-1.0585194,4.0,0.0,36.846046,1.4999981,-14.249982,0.0,0.0,1.9375,0.90423584,0.0,0.0,0.0,0.0,0.0,0.8017578,1.0,59.124756,2.3437505,238.81595,243.80978,0.0,110.00001,99.90234,0.0,239.39119,247.15227,720.0,540.0,-3.4022698,-66.65625,0.0,337.375,79.82713,72.99998,192.30957,0.0,139.52,271.28125,10.946655,-3.6193848,63.59253,73.00568,2.8564453,139.47,139.68,137.75,138.05,0
252011.64,-0.071661234,1.7898614,1.2543035,1.5846913,101.49103,24.060139,13.728436,20.147074,362.7344,261.55356,92.082,4.199,4.561,15.561,24.481,0.0,90.87666,2.0,0.0,0.0,192.375,5139.0,0.0,-7.2734375,1.4416504,516.27765,21236.969,20000.502,1100.0834,606.0276,37.32401,86.55949,0.0,-0.37806535,4.0,41.844177,36.845654,-0.74999905,-5.624993,0.0,0.0,4.15625,0.50653076,0.0,0.0,0.0,0.0,0.0,1.2421875,1.0,58.580017,2.3437505,240.36261,303.09225,0.0,110.00001,99.90234,0.0,240.71788,264.99612,720.0,543.375,-2.7218158,117.03125,0.0,396.875,79.82713,72.99998,184.49097,0.0,139.83,151.96875,10.9313965,23.257446,86.61499,99.998474,2.9418945,139.95,139.73,138.17,138.22,0
252011.7,-0.017328989,1.8221946,1.2699006,1.6004603,101.49103,24.060139,13.69389,19.881279,372.17792,250.24226,92.082,4.239,4.561,15.561,24.481,0.0,90.89682,2.0,0.0,362.625,183.0,4792.0,0.0,-4.734375,1.545166,523.052,19091.992,20000.502,1100.0834,606.0276,122.61181,105.88912,0.0,0.16629767,4.0,84.384155,36.8453,-2.9999962,-11.999985,5.364,0.0,8.0859375,0.35424805,0.0,0.0,0.0,0.0,0.0,1.9999695,0.7998047,82.08008,2.3437505,238.53052,298.0379,0.0,110.00001,99.90234,0.0,238.6698,274.39066,520.875,541.125,-2.1774528,222.90625,0.0,434.5,79.82713,72.99998,175.57373,0.0,140.07,106.28125,10.845947,35.910034,91.052246,99.998474,3.1079102,140.54,140.0,138.47,138.68,0
252011.73,0.046136808,1.8538778,1.3200485,1.6010537,101.49103,24.060139,13.657989,21.179436,377.52344,242.92444,92.082,4.28,4.561,15.561,24.481,0.0,90.91295,2.0,0.0,316.125,190.875,4586.0,0.0,-2.8359375,1.5768433,515.14996,19256.5,20000.502,1100.0834,554.28705,131.9799,115.002884,0.0,0.60178816,4.0,89.79645,36.84498,-3.3749957,-6.374992,7.128,0.0,11.171875,0.2756958,0.0,0.0,0.0,0.0,0.0,1.9999695,0.7998047,82.08008,2.3437505,247.47858,298.41522,0.0,110.00001,99.90234,0.0,247.44249,277.46692,518.25,538.875,-1.7419623,326.6875,0.0,438.28125,79.82713,72.99998,178.75366,0.0,140.6,82.71875,10.760498,32.95288,93.31055,99.998474,3.2958984,140.54,140.7,138.64,138.84,0
252011.78,0.09690945,1.9040511,1.3686088,1.3321767,101.49103,24.060139,13.685592,22.580673,384.129,241.83905,92.082,4.319,4.561,15.561,24.481,0.0,90.92585,2.0,0.0,315.0,194.25,4487.0,0.0,-2.140625,1.2764893,456.6268,19437.459,20000.502,1100.0834,554.28705,136.36722,118.987495,0.0,0.95018065,4.0,92.370605,36.844692,-3.7499952,-3.7499952,7.384,0.0,12.3046875,0.5559082,0.0,0.0,0.0,0.0,0.0,0.84375,0.7998047,78.19519,2.3437505,257.13715,250.47476,0.0,110.00001,65.52734,0.0,256.63803,278.66092,515.25,538.5,-1.3935698,373.5,0.0,332.34375,79.82713,72.99998,183.39233,0.0,140.93,166.78125,10.675049,27.96936,84.973145,99.998474,3.4033203,140.75,141.29,138.68,138.89,0
252011.81,0.11752756,1.9428706,1.4290241,1.1502408,101.49103,24.060139,13.663898,23.963287,387.9016,241.60168,92.082,4.359,4.561,15.561,24.481,0.0,90.93617,2.0,99.20807,313.875,194.25,4439.0,0.0,-2.4453125,1.0800781,404.47168,19456.564,20000.502,1100.0834,543.14294,143.7218,124.243805,0.0,1.2288946,4.0,96.21124,36.844433,-3.7499952,-4.4999943,7.488,0.0,11.828125,0.7874756,0.0,0.0,0.0,0.0,0.0,0.7714844,0.7998047,78.19519,2.3437505,266.66736,216.52718,0.0,110.00001,0.0,0.0,266.2896,242.83226,514.875,538.5,-1.1148559,388.28125,0.0,-46.6875,79.82713,72.99998,192.12036,0.0,141.03,236.25,10.690308,-6.2957764,72.37549,76.06964,3.4082031,141.12,141.29,139.16,139.37,0
252011.84,0.17402205,1.9771483,1.4020414,0.9935689,101.49103,24.060139,13.660432,23.207273,391.04697,242.90233,92.082,4.399,4.561,15.561,24.481,0.0,90.94443,2.0,99.99695,310.875,190.875,4427.0,0.0,-3.265625,0.9564209,362.29984,19788.764,20000.502,1100.0834,543.14294,133.97221,116.04143,0.0,0.9831158,4.0,91.51306,36.8442,-3.7499952,-7.4999905,7.64,0.0,11.3828125,1.3320923,0.0,0.0,0.0,0.0,0.0,0.75683594,0.7998047,77.41699,2.3437505,261.45624,188.30768,0.0,110.00001,0.0,0.0,266.09894,208.1064,513.75,539.25,-1.3606347,359.0,0.0,-46.28125,47.14936,72.99998,187.30469,0.0,141.25,399.625,9.597778,-65.25574,49.316406,0.0,3.0810547,141.5,141.08,139.52,139.73,0
252011.89,0.21921764,1.9533594,1.1440061,0.81705874,101.49103,24.060139,13.681443,16.474014,386.4345,240.09148,92.082,4.439,4.561,15.561,24.481,0.0,90.951035,2.0,99.998474,330.375,190.5,4428.0,0.0,-4.125,0.77856445,300.5014,20155.459,20000.502,1100.0834,543.14294,106.588554,92.578804,0.0,0.7864927,4.0,78.31726,36.84399,-2.2499971,-7.4999905,6.908,0.0,9.8828125,1.3936157,0.0,0.0,0.0,0.0,0.0,0.8046875,0.7998047,77.41699,2.3437505,215.04462,156.53215,0.0,110.00001,0.0,0.0,246.92839,169.01079,514.125,539.625,-1.5572578,311.5625,0.0,-44.6875,24.741743,72.99998,165.12451,0.0,141.44,418.09375,8.377075,-63.986206,41.68701,0.0,1.9213867,141.73,141.08,140.06,140.06,0
252011.94,0.25537413,1.8875937,0.8458367,0.5859933,101.49103,24.060139,13.684432,8.823449,378.62842,234.44469,92.082,4.48,4.561,15.561,24.481,0.0,90.956314,2.0,99.998474,383.25,189.375,4413.0,0.0,-6.0546875,0.46118164,215.26218,20613.959,20000.502,1100.0834,542.3469,80.0103,72.38017,0.0,1.2541943,4.0,65.66162,36.843803,4.874994,-8.999989,4.924,0.0,7.140625,1.4912109,0.0,0.0,0.0,0.0,0.0,0.8544922,0.7998047,74.97711,2.3437505,162.3101,115.69457,0.0,110.00001,0.0,0.0,238.0728,118.746185,514.125,541.875,-1.0895562,232.15625,0.0,-40.28125,18.206188,72.99998,156.48804,0.0,141.45,447.375,7.156372,-64.730835,0.0,0.0,1.5820312,141.4,141.61,140.21,140.0,0
252011.97,0.2642993,1.7487875,0.5887427,0.39244255,101.49103,24.060139,13.715821,2.2414017,362.44202,222.74393,92.082,4.519,4.561,15.561,24.481,0.0,90.96054,2.0,99.998474,409.125,189.75,4380.0,0.0,-8.1484375,0.16607666,159.11044,20478.107,19674.139,1100.0834,542.3469,56.65365,51.588097,0.0,1.9408555,4.0,55.01709,36.843636,15.74998,-8.2499895,3.976,0.0,1.0859375,1.2546997,0.0,0.0,0.0,0.0,0.0,0.87402344,0.7998047,67.70172,2.3437505,116.940765,83.184685,0.0,110.00001,0.0,0.0,223.68663,101.49105,514.125,544.125,-0.402895,152.78125,0.0,-30.6875,14.938412,72.99998,146.55762,0.0,141.17,376.40625,5.935669,-66.36047,0.0,0.0,1.3769531,140.91,141.24,139.89,140.16,0
252012.02,0.31143945,1.5245152,0.40633318,0.26404458,101.49103,24.060139,13.737794,-2.1773648,336.58276,205.38776,92.082,4.56,4.561,15.561,24.481,0.0,90.96392,2.0,99.998474,429.375,192.75,4349.0,0.0,-9.3828125,0.11834717,139.00293,19707.041,19243.764,1100.0834,539.1629,42.77107,36.539803,0.0,2.6464343,4.0,49.276733,36.843483,18.374977,-5.2499933,3.196,0.0,-4.6015625,0.67333984,0.0,0.0,0.0,0.0,0.0,0.8203125,0.7998047,62.887573,2.3437505,86.48269,59.599453,0.0,110.00001,0.0,0.0,208.15616,101.49105,512.25,545.625,0.30268392,83.59375,0.0,-27.0,11.670634,72.99998,137.59766,0.0,141.03,202.0,4.714966,-67.89551,5.4382324,0.0,1.2207031,140.59,140.59,140.21,140.32,0
252012.05,0.38915157,1.1535561,0.2966194,0.13632482,101.49103,24.060139,13.753175,-4.9190006,284.48856,174.39743,92.082,4.6,4.561,15.561,24.481,0.0,90.96663,2.0,99.998474,441.75,194.25,4369.0,0.0,-9.1875,0.08227539,125.96001,19252.256,18808.613,1100.0834,539.1629,31.474249,26.726618,0.0,2.5858977,4.0,44.291687,36.843346,24.37497,-4.1249948,2.64,0.0,-13.640625,0.34643555,0.0,0.0,0.0,0.0,0.0,0.77441406,0.7998047,60.29663,2.3437505,67.58489,35.864334,0.0,110.00001,0.0,0.0,196.52283,101.49105,510.75,545.25,0.24214713,44.75,0.0,-27.5,8.869681,72.99998,129.43115,0.0,140.45,103.9375,3.4942627,-66.90369,24.285889,0.0,1.0400391,140.59,140.48,140.0,139.89,0
252012.1,0.45132124,0.66767246,0.18531255,0.097199254,101.49103,24.060139,13.7698,-7.6203585,200.00671,121.4577,92.082,4.638,4.561,15.561,24.481,0.0,90.968796,2.0,99.998474,463.875,202.5,4328.0,0.0,-7.15625,0.06854248,117.57705,18955.078,18376.646,1100.0834,539.1629,17.42211,16.553123,0.0,2.0687182,4.0,38.03253,36.843224,35.249954,7.4999905,1.632,0.0,-19.359375,0.10644531,0.0,0.0,0.0,0.0,0.0,0.76171875,0.7998047,58.891296,2.3437505,48.964725,31.555483,0.0,110.00001,0.0,0.0,186.59761,101.49105,506.625,543.375,-0.27503228,17.34375,0.0,-28.78125,6.06873,72.99998,122.01538,0.0,140.47,31.9375,2.2735596,-68.933105,56.99463,0.0,0.8666992,140.38,140.42,140.06,140.11,0
252012.12,0.501057,0.22956899,0.13659754,0.092875525,101.49185,24.060139,13.76386,-8.994673,0.0,0.0,92.082,4.68,4.561,15.561,24.481,0.0,90.97053,2.0,99.998474,470.625,213.375,4316.0,0.0,-6.34375,0.064575195,111.31677,18055.59,17947.863,1100.0834,538.3669,17.888395,13.098374,0.0,2.4362247,4.0,38.967896,36.843113,40.12495,17.249977,1.268,0.0,-18.109375,0.03173828,0.0,0.0,0.0,0.0,0.0,0.84277344,0.7998047,58.77838,2.3437505,39.49255,30.843985,0.0,110.00001,0.0,0.0,176.25778,101.499344,503.625,542.25,0.09247415,11.0,0.0,-30.28125,5.135079,72.99998,114.61792,0.0,140.34,9.53125,1.0528564,-69.52515,86.99951,18.527222,0.57128906,140.16,140.21,139.58,139.79,0
252012.17,0.46084562,-0.11442242,0.122198716,0.09321464,101.4926,24.060139,13.788999,-9.973161,0.0,0.0,92.082,4.719,4.561,15.561,24.481,0.0,90.97191,2.0,99.998474,481.875,214.5,4390.0,0.0,-6.9296875,0.064208984,109.01996,17747.799,17514.303,1100.0834,538.3669,14.285282,10.788143,0.0,2.5739799,4.0,37.413025,36.843014,40.12495,13.874982,0.788,0.0,-11.03125,0.03302002,0.0,0.0,0.0,0.0,0.0,0.78515625,0.8378906,58.67157,2.3437505,32.748688,27.03212,0.0,110.00001,0.0,0.0,166.92957,101.499344,502.875,543.0,0.2302293,1.09375,0.0,-31.59375,5.135079,72.99998,106.40259,0.0,140.42,9.90625,0.0,-65.86609,86.4563,20.59021,0.5419922,140.11,140.48,139.16,139.58,0
252012.2,0.42867652,-0.38326898,0.106678724,0.09321464,101.49245,24.060139,13.794877,-10.539698,0.0,0.0,92.082,4.76,4.561,15.561,24.481,0.0,90.973015,2.0,99.998474,486.375,213.0,4404.0,0.0,-9.015625,0.06402588,108.157616,17211.82,17079.152,1100.0834,541.2856,14.030945,9.66482,0.0,1.902934,4.0,37.034607,36.767735,40.12495,15.37498,0.62,0.0,-5.4140625,0.03186035,0.0,0.0,0.0,0.0,0.0,0.7441406,0.84375,58.14209,2.3437505,28.843464,26.21707,0.0,110.00001,0.0,0.0,158.38077,101.49105,502.875,545.25,-0.4408165,-4.78125,0.0,-32.0,5.6019044,72.99998,97.7478,0.0,140.18,9.5625,0.0,-65.17334,86.93237,21.759033,0.5175781,140.0,140.16,139.68,139.64,0
252012.23,0.4229412,-0.5283076,0.101360485,0.09321464,101.49231,24.060139,13.810711,-10.693003,0.0,0.0,92.082,4.799,4.561,15.561,24.481,0.0,90.9739,2.0,99.998474,487.125,214.875,4408.0,0.0,-10.4609375,0.06378174,107.14603,17122.668,16644.002,1100.0834,541.2856,7.9692373,8.795834,0.0,1.0535973,4.0,33.21991,36.699986,40.12495,16.874979,0.584,0.0,-5.59375,0.031433105,0.0,0.0,0.0,0.0,0.0,0.7675781,0.8720703,57.933044,2.3437505,27.786606,26.167736,0.0,110.00001,0.0,0.0,150.84357,101.49105,502.875,546.375,-1.2901531,-5.59375,0.0,-32.09375,6.06873,72.99998,91.24756,0.0,140.18,9.4375,0.0,-65.12451,87.091064,21.966553,0.56396484,139.89,140.11,139.79,139.95,0
252012.28,0.45835298,-0.6050731,0.09982515,0.09321464,101.49219,24.060139,13.815935,-10.720917,0.0,0.0,92.082,4.838,4.561,15.561,24.481,0.0,90.97461,2.0,99.998474,489.0,214.5,4406.0,0.0,-10.140625,0.06451416,106.80606,16542.113,16208.851,1100.0834,541.2856,7.6089263,8.732249,0.0,0.6866281,4.0,32.447815,36.63901,40.12495,16.124979,0.512,0.0,-7.1015625,0.030395508,0.0,0.0,0.0,0.0,0.0,0.8125,0.8798828,57.810974,2.3437505,27.594076,26.291767,0.0,110.00001,0.0,0.0,145.51196,101.49105,502.875,546.375,-1.6571224,-6.5,0.0,-32.1875,6.535555,72.99998,84.00879,0.0,140.04,9.125,0.0,-65.07568,87.54883,22.473145,0.6640625,139.85,139.89,139.58,139.73,0
252012.31,0.4866824,-0.6545293,0.09860251,0.09321464,101.49207,24.060139,13.807873,-10.750902,0.0,0.0,92.082,4.879,4.561,15.561,24.481,0.0,90.8248,2.0,99.998474,489.0,213.375,4402.0,0.0,-9.5234375,0.064819336,106.68998,15892.569,15773.699,1100.0834,539.1629,9.749599,8.68986,0.0,1.0180526,4.0,33.026123,36.584133,40.12495,14.999981,0.508,0.0,-7.671875,0.02947998,0.0,0.0,0.0,0.0,0.0,0.875,0.8876953,57.78961,2.3437505,27.38728,26.327965,0.0,110.00001,0.0,0.0,139.86528,101.49105,502.875,545.625,-1.3256979,-7.6875,0.0,-32.09375,6.535555,72.99998,77.856445,0.0,139.83,8.84375,0.0,-65.390015,87.93945,22.549438,0.7397461,139.52,139.95,139.32,139.58,0
252012.38,0.4893459,-0.6930617,0.095460795,0.09321464,101.491974,24.060139,13.772933,-10.837976,0.0,0.0,92.082,4.919,4.561,15.561,24.481,0.0,90.704956,2.0,99.998474,486.75,212.625,4391.0,0.0,-9.2890625,0.06500244,106.49927,15422.925,15338.548,1100.0834,539.1629,10.173494,8.774639,0.0,1.5956922,4.0,32.685852,36.534744,40.12495,14.624981,0.608,0.0,-7.6484375,0.028625488,0.0,0.0,0.0,0.0,0.0,0.89746094,0.8964844,57.676697,2.3437505,26.78698,26.342688,0.0,110.00001,0.0,0.0,135.31311,101.49105,502.875,545.25,-0.7480583,-9.0,0.0,-32.0,6.535555,72.99998,72.54028,0.0,139.68,8.59375,0.0,-66.20178,88.29346,22.091675,0.7080078,139.47,139.68,138.94,139.16,0
252012.42,0.47147673,-0.7272247,0.0946742,0.09312987,101.49271,24.060139,13.766053,-10.865323,0.0,0.0,92.082,4.958,4.561,15.561,24.481,0.0,90.60908,2.0,99.998474,486.375,211.875,4381.0,0.0,-9.6796875,0.06488037,106.308556,15110.89,14903.396,1100.0834,538.3669,8.923002,8.2659645,0.0,1.7453039,4.0,31.67572,36.49029,40.12495,13.499983,0.612,0.0,-7.515625,0.027038574,0.0,0.0,0.0,0.0,0.0,0.8417969,0.90527344,57.56836,2.3437505,26.59922,26.2919,0.0,110.00001,0.0,0.0,131.4989,101.499344,502.875,545.625,-0.59844667,-10.15625,0.0,-32.0,6.535555,72.99998,68.43872,0.0,139.57,8.125,0.0,-66.94031,88.934326,21.994019,0.6591797,139.37,139.52,139.01,139.37,0
252012.45,0.47718138,-0.7596399,0.092967905,0.09312987,101.49336,24.060139,13.778815,-10.923896,0.0,0.0,92.082,5.0,4.561,15.561,24.481,0.0,90.53238,2.0,99.998474,486.375,211.125,4364.0,0.0,-10.0625,0.06512451,106.192474,14574.911,14468.245,1100.0834,538.3669,9.050171,7.736095,0.0,0.9274932,4.0,31.221008,36.450287,40.12495,12.749984,0.6,0.0,-7.2265625,0.024963379,0.0,0.0,0.0,0.0,0.0,0.7988281,0.90722656,57.33795,2.3437505,26.196138,26.228338,0.0,110.00001,0.0,0.0,128.32317,101.499344,502.5,546.0,-1.4162573,-11.28125,0.0,-31.875,6.535555,72.99998,64.03198,0.0,139.38,7.5,0.0,-65.83252,89.79492,23.962402,0.6933594,139.37,139.2,138.89,139.16,0
252012.5,0.4417451,-0.753856,0.093615025,0.09312987,101.49396,24.060139,13.787748,-10.905582,0.0,0.0,92.082,5.038,4.561,15.561,24.481,0.0,90.471016,2.0,99.998474,487.5,210.0,4355.0,0.0,-10.28125,0.06567383,106.05151,14129.677,14033.095,1100.0834,538.3669,9.410482,7.9904323,0.0,0.11699486,4.0,30.880737,36.41428,40.12495,11.249986,0.572,0.0,-7.2734375,0.024658203,0.0,0.0,0.0,0.0,0.0,0.7841797,0.91503906,57.089233,2.3437505,26.322966,26.221485,0.0,110.00001,0.0,0.0,125.429344,101.499344,502.5,546.375,-2.2267556,-12.59375,0.0,-31.6875,7.0023804,72.99998,60.69336,0.0,139.33,7.40625,0.0,-60.69336,89.9353,29.241943,0.63720703,139.1,139.01,138.84,138.94,0
252012.53,0.4133961,-0.7702924,0.096395046,0.0929603,101.49367,24.060139,13.788142,-10.828906,0.0,0.0,92.082,5.081,4.561,15.561,24.481,0.0,90.42193,2.0,99.998474,486.75,207.0,4339.0,0.0,-10.1953125,0.066101074,106.18418,13940.758,13604.312,1100.0834,537.57086,6.2524605,7.7149,0.0,-0.531404,4.0,28.894043,36.306686,40.12495,8.999989,0.576,0.0,-7.3984375,0.022705078,0.0,0.0,0.0,0.0,0.0,0.81933594,0.9238281,57.2937,2.3437505,26.8512,26.176481,0.0,110.100006,0.0,0.0,123.32324,101.49105,502.125,546.375,-2.8751545,-14.1875,0.0,-31.59375,7.0023804,72.99998,57.41577,0.0,139.04,6.8125,0.0,-56.5094,90.74707,34.23767,0.6347656,138.43,138.68,138.37,138.47,0
252012.58,0.3507169,-0.814367,0.09525222,0.0929603,101.49341,24.060139,13.788418,-10.86169,0.0,0.0,92.082,5.118,4.561,15.561,24.481,0.0,90.38266,2.0,99.998474,486.75,206.25,4322.0,0.0,-9.46875,0.0657959,106.192474,13119.808,13175.528,1100.0834,537.57086,10.63978,7.9904323,0.0,-0.7376232,4.0,30.732727,36.209854,40.12495,7.87499,0.588,0.0,-7.4140625,0.022399902,0.0,0.0,0.0,0.0,0.0,0.8623047,0.9189453,57.12738,2.3437505,26.624964,26.171247,0.0,110.19,0.0,0.0,121.2503,101.49105,502.125,545.625,-3.0813737,-15.0625,0.0,-31.5,7.0023804,72.99998,54.47998,0.0,138.49,6.71875,0.0,-53.15857,90.86304,37.704468,0.61279297,138.32,138.43,138.12,138.31,0
252012.61,0.28057352,-0.9257468,0.09437488,0.092875525,101.49317,24.060139,13.776893,-10.881453,0.0,0.0,92.082,5.159,4.561,15.561,24.481,0.0,90.50162,2.0,99.998474,485.625,204.75,4298.0,0.0,-10.0234375,0.06573486,106.101265,12694.739,12694.739,1100.0834,535.9789,9.601235,7.4605627,0.0,-0.9025986,4.0,29.80194,36.122704,40.12495,6.7499914,0.62,0.0,-7.515625,0.020202637,0.0,0.0,0.0,0.0,0.0,0.85546875,0.9267578,57.148743,2.3437505,26.488506,26.194838,0.0,110.270996,0.0,0.0,119.45928,101.49105,501.75,546.0,-3.246349,-16.53125,0.0,-31.375,7.0023804,72.99998,51.9104,0.0,138.15,6.0625,0.0,-50.128174,91.760254,41.63208,0.60058594,138.11,137.96,137.86,138.17,0
252012.64,0.22445881,-1.0452987,0.09134736,0.092790745,101.49296,24.060139,13.786403,-10.832514,0.0,0.0,92.082,5.199,4.561,15.561,24.481,0.0,90.59679,2.0,99.998474,485.25,204.375,4279.0,0.0,-10.171875,0.06555176,105.85251,12123.736,12234.646,1100.0834,535.9789,11.148455,6.78233,0.0,-0.2533288,4.0,30.517578,36.04427,40.12495,6.374992,0.612,0.0,-7.5234375,0.018127441,0.0,0.0,0.0,0.0,0.0,0.83496094,1.0,54.743958,2.3437505,26.825623,27.102182,0.0,110.3439,0.0,0.0,117.75947,101.49105,501.375,546.375,-2.5970793,-20.84375,0.0,-31.1875,7.0023804,72.99998,49.16382,0.0,137.54,5.4375,0.0,-46.554565,92.596436,46.04187,0.64453125,137.5,137.39,137.6,137.55,0
252012.69,0.17956705,-1.2431195,0.088300504,0.092875525,101.49277,24.060139,13.79892,-10.774485,0.0,0.0,92.082,5.239,4.561,15.561,24.481,0.0,90.67292,2.0,99.998474,486.0,204.0,4304.0,0.0,-10.234375,0.066467285,105.67838,11771.9,11771.9,1100.0834,535.9789,5.2351108,6.379629,0.0,0.26608706,4.0,26.487732,35.97368,40.12495,5.9999924,0.596,0.0,-7.5625,0.018310547,0.0,0.0,0.0,0.0,0.0,0.8466797,1.0,54.743958,2.3437505,27.225414,28.116575,0.0,110.409515,0.0,0.0,116.51571,101.49105,501.375,546.375,-2.0776634,-24.40625,0.0,-31.28125,7.0023804,72.99998,47.15576,0.0,137.45,5.5,0.0,-42.074585,92.54761,50.473022,0.7373047,137.08,137.15,137.14,137.19,0
252012.73,0.14365365,-1.5097479,0.087536275,0.092875525,101.4926,24.060139,13.825259,-10.524784,0.0,0.0,92.082,5.279,4.561,15.561,24.481,0.0,90.733826,2.0,99.998474,488.25,204.0,4288.0,0.0,-10.1953125,0.066467285,105.67838,11215.756,11215.756,1100.0834,535.18286,0.0,6.379629,0.0,0.68161976,4.0,0.0,35.834957,40.12495,5.9999924,0.504,0.0,-7.3671875,0.01727295,0.0,0.0,0.0,0.0,0.0,0.94628906,1.0,54.315186,2.3437505,28.946407,29.99727,0.0,110.46857,0.0,0.0,115.13098,101.49105,501.375,546.375,-1.6621307,-29.6875,0.0,-31.1875,7.469206,72.99998,45.22705,0.0,137.0,5.1875,0.0,-39.108276,92.96875,53.860474,0.5834961,136.74,137.03,136.23,136.67,0
252012.77,0.11492292,-1.8226492,0.089090474,0.092790745,101.49245,24.060139,13.849556,-10.483064,0.0,0.0,92.082,5.319,4.561,15.561,24.481,0.0,90.78255,2.0,99.998474,0.0,204.0,4271.0,0.0,-10.421875,0.06707764,105.661804,11264.047,11264.047,1100.0834,535.18286,0.0,6.4220185,0.0,1.0140458,4.0,0.0,35.71011,40.12495,5.9999924,0.0,0.0,-7.5,0.014892578,0.0,0.0,0.0,0.0,0.0,1.3212891,1.0,54.283142,2.3437505,29.233835,29.954094,0.0,110.52171,0.0,0.0,114.127686,101.49105,720.0,546.375,-1.3297046,-29.625,0.0,-31.09375,7.0023804,72.99998,43.450928,0.0,136.78,4.46875,0.0,-36.87744,93.951416,57.073975,0.6567383,136.64,136.73,136.18,136.28,0
252012.8,0.09193834,-2.1353097,0.08957072,0.092790745,101.49231,24.060139,13.848986,-10.476632,0.0,0.0,92.082,5.359,4.561,15.561,24.481,0.0,90.821526,2.0,99.998474,0.0,204.0,4261.0,0.0,-10.734375,0.068359375,105.686676,11298.541,11298.541,1100.0834,534.38684,0.0,6.78233,0.0,1.2799867,4.0,0.0,35.597748,40.12495,5.9999924,0.0,0.0,-7.3671875,0.013305664,0.0,0.0,0.0,0.0,0.0,1.9599609,1.0,53.855896,2.3437505,29.278023,29.915821,0.0,110.569534,0.0,0.0,113.16584,101.49105,720.0,546.75,-1.0637637,-29.5625,0.0,-31.0,7.0023804,72.99998,42.108154,0.0,136.3,4.0,0.0,-34.51538,94.6167,60.10132,0.625,136.23,136.18,136.07,136.07,0
252012.84,0.07355067,-2.410374,0.09059082,0.0925788,101.49219,24.060139,13.860306,-10.454884,0.0,0.0,92.082,5.399,4.561,15.561,24.481,0.0,90.85271,2.0,99.998474,0.0,204.0,4249.0,0.0,-10.875,0.06903076,105.661804,11332.504,11332.504,1100.0834,534.38684,0.0,6.8883038,0.0,1.4927394,4.0,0.0,35.49662,40.12495,6.374992,0.0,0.0,-6.8125,0.011352539,0.0,0.0,0.0,0.0,0.0,1.9999695,1.0,53.822327,2.3437505,29.42781,29.819942,0.0,110.61258,0.0,0.0,112.52738,101.49105,720.0,546.75,-0.851011,-29.5,0.0,-31.0,7.469206,72.99998,41.082764,0.0,135.94,3.40625,0.0,-32.955933,95.42236,62.46643,0.71777344,135.67,135.71,135.77,135.73,0
252012.89,0.05884054,-2.6516497,0.09149886,0.0925788,101.49207,24.060139,13.874089,-10.429099,0.0,0.0,92.082,5.439,4.561,15.561,24.481,0.0,90.877655,2.0,99.998474,0.0,204.375,4239.0,0.0,-10.8828125,0.070007324,105.686676,11380.795,11380.795,1100.0834,534.38684,0.0,6.676356,0.0,1.6629417,4.0,0.0,35.405605,40.12495,6.374992,0.0,0.0,-6.8671875,0.008850098,0.0,0.0,0.0,0.0,0.0,1.9999695,1.0,53.822327,2.3437505,29.605427,29.816498,0.0,110.65132,0.0,0.0,111.77283,101.49105,720.0,547.125,-0.6808088,-29.40625,0.0,-30.875,7.469206,72.99998,39.801025,0.0,135.71,2.65625,0.0,-31.445312,96.44165,64.99634,0.5957031,135.22,135.61,134.84,135.01,0
252012.92,0.067072436,-2.84191,0.09094745,0.09249402,101.491974,24.060139,13.866159,-10.449545,0.0,0.0,92.082,5.48,4.561,15.561,24.481,0.0,90.89761,2.0,99.998474,0.0,204.375,4223.0,0.0,-10.78125,0.070617676,105.686676,11405.206,11405.206,1100.0834,533.5908,0.0,6.73994,0.0,1.7991035,4.0,0.0,35.323692,40.12495,6.374992,0.0,0.0,-7.015625,0.006652832,0.0,0.0,0.0,0.0,0.0,1.9999695,1.0,53.39508,2.3437505,29.464401,29.764828,0.0,110.68619,0.0,0.0,111.13436,101.49105,720.0,546.75,-0.54464704,-29.34375,0.0,-30.6875,7.469206,72.99998,38.64746,0.0,135.16,2.0,0.0,-29.702759,97.33276,67.630005,0.6640625,134.78,135.17,134.48,134.73,0
252012.97,0.073657945,-2.9742641,0.09052553,0.09249402,101.49188,24.060139,13.878186,-10.46391,0.0,0.0,92.082,5.518,4.561,15.561,24.481,0.0,90.91358,2.0,99.998474,0.0,204.375,4206.0,0.0,-10.9765625,0.07196045,105.69497,11434.924,11434.924,1100.0834,533.5908,0.0,6.7187457,0.0,1.9080329,4.0,0.0,35.24997,40.12495,6.374992,0.0,0.0,-7.6640625,0.004272461,0.0,0.0,0.0,0.0,0.0,1.9999695,1.0,53.363037,2.3437505,29.36529,29.758518,0.0,110.717575,0.0,0.0,110.5954,101.49105,720.0,547.125,-0.43571764,-29.21875,0.0,-30.59375,7.469206,72.99998,37.786865,0.0,134.54,1.28125,0.0,-28.189087,98.291016,70.10193,0.6616211,134.44,134.57,134.29,134.61,0
252013.02,0.118926354,-3.1022058,0.08987384,0.092324466,101.49263,24.060139,13.869027,-10.48973,0.0,0.0,92.082,5.56,4.561,15.561,24.481,0.0,90.92635,2.0,99.998474,0.0,204.375,4191.0,0.0,-11.0078125,0.0725708,105.70326,11469.417,11469.417,1100.0834,532.26416,0.0,6.676356,0.0,1.9951763,4.0,0.0,35.18362,40.12495,6.374992,0.0,0.0,-7.6015625,0.0017700195,0.0,0.0,0.0,0.0,0.0,1.9999695,1.0,52.93579,2.3437505,29.188068,29.66985,0.0,110.74582,0.0,0.0,109.94865,101.499344,720.0,547.125,-0.34857413,-29.125,0.0,-30.59375,7.469206,72.99998,36.627197,0.0,134.54,0.53125,0.0,-26.400757,99.298096,72.89734,0.6274414,133.95,133.91,133.91,133.91,0
252013.06,0.15514109,-3.2283823,0.089835495,0.092324466,101.4933,24.060139,13.880194,-10.495727,0.0,0.0,92.082,5.6,4.561,15.561,24.481,0.0,90.93657,2.0,99.998474,0.0,204.375,4181.0,0.0,-11.15625,0.07354736,105.71155,11503.38,11503.38,1100.0834,532.26416,0.0,6.8459144,0.0,2.064891,4.0,0.0,35.123905,40.12495,6.374992,0.0,0.0,-7.1875,3.0517578E-4,0.0,0.0,0.0,0.0,0.0,1.9999695,1.0,52.885437,2.3437505,29.147396,29.629604,0.0,110.77124,0.0,0.0,109.50918,101.499344,720.0,547.125,-0.27885932,-29.0625,0.0,-30.5,7.469206,72.99998,35.821533,0.0,133.8,0.09375,0.0,-24.719238,99.87793,75.15869,0.6640625,133.25,133.7,133.18,133.13,0
252013.1,0.18411286,-3.3726032,0.09001808,0.092324466,101.49391,24.060139,13.88801,-10.502664,0.0,0.0,92.082,5.639,4.561,15.561,24.481,0.0,90.94475,2.0,99.998474,0.0,204.375,4163.0,0.0,-11.2890625,0.07421875,105.71155,11533.098,11533.098,1100.0834,532.26416,0.0,6.5915766,0.0,2.120663,4.0,0.0,35.07016,40.12495,6.374992,0.0,0.0,-6.9609375,0.0,0.0,0.0,0.0,0.0,0.0,1.9999695,1.0,52.885437,2.3437505,29.100197,29.545029,0.0,110.79411,0.0,0.0,108.9785,101.499344,720.0,547.5,-0.22308746,-28.96875,0.0,-30.5,7.469206,72.99998,35.01587,0.0,133.46,0.0,0.0,-23.202515,99.998474,76.79596,0.64697266,133.09,133.25,132.48,132.65,0
252013.12,0.16729029,-3.4865413,0.08965826,0.09223969,101.49363,24.060139,13.881763,-10.510427,0.0,0.0,92.082,5.679,4.561,15.561,24.481,0.0,90.95129,2.0,99.998474,0.0,204.375,4143.0,0.0,-11.171875,0.0748291,105.70326,11551.672,11551.672,1100.0834,530.9375,0.0,6.6339664,0.0,2.1652806,4.0,0.0,35.02179,40.12495,6.374992,0.0,0.0,-6.9140625,0.0,0.0,0.0,0.0,0.0,0.0,1.9999695,1.0,52.459717,2.3437505,29.046396,29.554129,0.0,110.8147,0.0,0.0,108.69658,101.49105,720.0,547.125,-0.17846997,-28.84375,0.0,-30.28125,7.469206,72.99998,34.41162,0.0,132.64,0.0,0.0,-22.125244,99.998474,77.87323,0.6738281,132.07,132.74,132.28,132.6,0
252013.17,0.19383223,-3.5508666,0.08999815,0.09202773,101.49337,24.060139,13.88325,-10.517586,0.0,0.0,92.082,5.719,4.561,15.561,24.481,0.0,90.95652,2.0,99.998474,0.0,204.375,4117.0,0.0,-11.4140625,0.07611084,105.71155,11571.837,11571.837,1100.0834,530.9375,0.0,6.6127715,0.0,2.2009745,4.0,0.0,34.978256,40.12495,6.374992,0.0,0.0,-6.9375,0.0,0.0,0.0,0.0,0.0,0.0,1.9999695,1.0,52.404785,2.3437505,28.996798,29.406878,0.0,110.83322,0.0,0.0,108.34004,101.49105,720.0,547.5,-0.14277598,-28.71875,0.0,-30.1875,7.469206,72.99998,33.78296,0.0,131.84,0.0,0.0,-21.188354,99.998474,78.81012,0.64941406,131.69,131.65,132.01,131.99,0
252013.22,0.1950658,-3.5765967,0.08962179,0.09202773,101.49314,24.060139,13.872572,-10.528233,0.0,0.0,92.082,5.759,4.561,15.561,24.481,0.0,90.96071,2.0,99.998474,0.0,204.375,4102.0,0.0,-11.3359375,0.07678223,105.71155,11605.8,11605.8,1100.0834,529.08014,0.0,6.506798,0.0,2.2295296,4.0,0.0,34.93908,40.12495,6.374992,0.0,0.0,-6.9609375,0.0,0.0,0.0,0.0,0.0,0.0,1.9999695,1.0,52.404785,2.3437505,28.92318,29.398897,0.0,110.8499,0.0,0.0,108.01666,101.49105,720.0,547.5,-0.11422079,-28.65625,0.0,-30.28125,7.0023804,72.99998,33.20923,0.0,131.39,0.0,0.0,-19.754028,99.998474,80.244446,0.6689453,131.01,131.27,131.06,131.17,0
252013.25,0.23605263,-3.5868888,0.08929781,0.09198534,101.492935,24.060139,13.882675,-10.542208,0.0,0.0,92.082,5.799,4.561,15.561,24.481,0.0,90.96406,2.0,99.998474,0.0,204.375,4090.0,0.0,-11.375,0.07775879,105.71984,11640.294,11640.294,1100.0834,529.08014,0.0,6.6339664,0.0,2.252374,4.0,0.0,34.90382,40.12495,6.374992,0.0,0.0,-7.0,0.0,0.0,0.0,0.0,0.0,0.0,1.9999695,1.0,52.331543,2.3437505,28.826641,29.36175,0.0,110.864914,0.0,0.0,107.59379,101.49105,720.0,547.5,-0.09137663,-28.53125,0.0,-30.09375,7.0023804,72.99998,32.41577,0.0,130.92,0.0,0.0,-18.4021,99.998474,81.596375,0.7128906,130.49,130.65,130.38,130.44,0
252013.3,0.22884211,-3.6097558,0.08943431,0.09194294,101.492744,24.060139,13.889748,-10.550337,0.0,0.0,92.082,5.839,4.561,15.561,24.481,0.0,90.966736,2.0,99.998474,0.0,204.375,4066.0,0.0,-11.6796875,0.078430176,105.71984,11653.029,11653.029,1100.0834,529.08014,0.0,6.6551614,0.0,2.2706492,4.0,0.0,34.872086,40.12495,6.374992,0.0,0.0,-6.9453125,0.0,0.0,0.0,0.0,0.0,0.0,1.9999695,1.0,52.331543,2.3437505,28.770428,29.270178,0.0,110.87842,0.0,0.0,107.328445,101.49105,720.0,547.5,-0.073101304,-28.40625,0.0,-29.875,7.0023804,72.99998,31.80542,0.0,130.5,0.0,0.0,-17.355347,99.998474,82.64313,0.60791016,130.02,130.23,130.13,130.23,0
252013.33,0.20307368,-3.6189027,0.09008309,0.09177339,101.49258,24.060139,13.87712,-10.549677,0.0,0.0,92.082,5.88,4.561,15.561,24.481,0.0,90.96888,2.0,99.998474,0.0,204.375,4053.0,0.0,-11.484375,0.07904053,105.71984,11674.257,11674.257,1100.0834,527.7535,0.0,6.5279922,0.0,2.2852695,4.0,0.0,34.843525,40.12495,6.374992,0.0,0.0,-6.546875,0.0,0.0,0.0,0.0,0.0,0.0,1.9999695,1.0,51.905823,2.3437505,28.7748,29.100805,0.0,110.89058,0.0,0.0,107.05482,101.49105,720.0,547.5,-0.058481045,-28.28125,0.0,-29.78125,7.0023804,72.99998,31.292725,0.0,129.47,0.0,0.0,-16.26892,99.998474,83.72955,0.64453125,129.31,129.51,129.56,129.77,0
252013.38,0.22245894,-3.6038113,0.0891968,0.09177339,101.492424,24.060139,13.885859,-10.584361,0.0,0.0,92.082,5.919,4.561,15.561,24.481,0.0,90.9706,2.0,99.998474,0.0,204.375,4036.0,0.0,-11.40625,0.08001709,105.728134,11708.22,11708.22,1100.0834,527.7535,0.0,6.485603,0.0,2.2969656,4.0,0.0,34.817818,40.12495,6.374992,0.0,0.0,-6.2578125,0.0,0.0,0.0,0.0,0.0,0.0,1.9999695,1.0,51.861572,2.3437505,28.535572,29.041483,0.0,110.90152,0.0,0.0,106.731445,101.49105,720.0,547.5,-0.046784837,-28.21875,0.0,-29.6875,7.0023804,72.99998,30.603027,0.0,129.27,0.0,0.0,-15.24353,99.998474,84.754944,0.68847656,128.99,129.1,128.65,128.84,0
252013.4,0.23796716,-3.6165247,0.08879053,0.09168862,101.49229,24.060139,13.874397,-10.593447,0.0,0.0,92.082,5.96,4.561,15.561,24.481,0.0,90.97197,2.0,99.998474,0.0,204.375,4024.0,0.0,-11.390625,0.08068848,105.728134,11718.303,11718.303,1100.0834,526.16144,0.0,6.379629,0.0,2.3063226,4.0,0.0,34.79468,40.12495,6.374992,0.0,0.0,-6.3984375,0.0,0.0,0.0,0.0,0.0,0.0,1.9999695,1.0,51.435852,2.3437505,28.472807,29.045296,0.0,110.91136,0.0,0.0,106.40806,101.49105,720.0,547.5,-0.03742787,-28.15625,0.0,-30.0,7.0023804,72.99998,30.029297,0.0,128.91,0.0,0.0,-13.983154,99.998474,86.01532,0.5859375,128.65,128.84,128.18,128.44,0
252013.44,0.25037372,-3.65911,0.08857617,0.09164623,101.492165,24.060139,13.883953,-10.604303,0.0,0.0,92.082,5.999,4.561,15.561,24.481,0.0,90.97307,2.0,99.998474,0.0,204.375,4009.0,0.0,-11.375,0.08129883,105.71984,11746.959,11746.959,1100.0834,526.16144,0.0,6.3372393,0.0,2.3138082,4.0,0.0,34.77386,40.12495,6.374992,0.0,0.0,-6.4453125,0.0,0.0,0.0,0.0,0.0,0.0,1.9999695,1.0,51.376343,2.3437505,28.397856,29.002407,0.0,110.92023,0.0,0.0,106.09299,101.49105,720.0,547.5,-0.029942295,-28.03125,0.0,-29.78125,7.0023804,72.99998,29.406738,0.0,128.21,0.0,0.0,-12.979126,99.998474,87.01935,0.68603516,127.85,128.54,128.09,128.24,0
252013.48,0.28029898,-3.694894,0.088751696,0.09156144,101.49206,24.060139,13.884783,-10.596071,0.0,0.0,92.082,6.039,4.561,15.561,24.481,0.0,90.973946,2.0,99.998474,0.0,204.375,3995.0,0.0,-11.546875,0.08227539,105.753006,11772.431,11772.431,1100.0834,526.16144,0.0,6.6127715,0.0,2.3197966,4.0,0.0,34.755123,40.12495,6.374992,0.0,0.0,-6.8203125,0.0,0.0,0.0,0.0,0.0,0.0,1.9999695,1.0,51.376343,2.3437505,28.454489,28.998936,0.0,110.92821,0.0,0.0,106.09299,101.49105,720.0,547.875,-0.023953836,-27.96875,0.0,-29.78125,7.0023804,72.99998,29.302979,0.0,127.98,0.0,0.0,-12.167358,99.998474,87.831116,0.703125,127.45,128.09,127.55,127.74,0
252013.52,0.3242392,-3.7279577,0.089216314,0.09151906,101.49196,24.060139,13.873645,-10.578061,0.0,0.0,92.082,6.081,4.561,15.561,24.481,0.0,90.97465,2.0,99.998474,0.0,204.375,3987.0,0.0,-11.7421875,0.08294678,105.753006,11780.922,11780.922,1100.0834,525.3654,0.0,6.485603,0.0,2.3245873,4.0,0.0,34.73826,40.12495,6.374992,0.0,0.0,-6.796875,0.0,0.0,0.0,0.0,0.0,0.0,1.9999695,1.0,50.950623,2.3437505,28.578539,29.03294,0.0,110.93538,0.0,0.0,105.76131,101.49105,720.0,547.5,-0.01916307,-27.90625,0.0,-29.6875,7.0023804,72.99998,28.833008,0.0,127.7,0.0,0.0,-10.769653,99.998474,89.22882,0.6201172,127.74,127.59,126.56,126.85,0
252013.56,0.33939135,-3.7599335,0.08982517,0.091476664,101.49187,24.060139,13.877567,-10.571907,0.0,0.0,92.082,6.118,4.561,15.561,24.481,0.0,90.975204,2.0,99.998474,0.0,204.375,3968.0,0.0,-11.8828125,0.08325195,105.728134,11811.17,11811.17,1100.0834,525.3654,0.0,6.8035245,0.0,2.32842,4.0,0.0,34.72308,40.12495,6.374992,0.0,0.0,-6.6875,0.0,0.0,0.0,0.0,0.0,0.0,1.9999695,1.0,50.92163,2.3437505,28.620869,28.943708,0.0,110.94183,0.0,0.0,105.52085,101.49105,720.0,547.875,-0.015330456,-27.84375,0.0,-29.6875,7.0023804,72.99998,28.399658,0.0,126.94,0.0,0.0,-9.707642,99.998474,90.29083,0.6152344,126.6,127.24,126.46,126.65,0
252013.61,0.3515131,-3.7914734,0.090531975,0.091264725,101.49178,24.060139,13.874454,-10.571081,0.0,0.0,92.082,6.159,4.561,15.561,24.481,0.0,90.975655,2.0,99.998474,0.0,204.0,3950.0,0.0,-12.0,0.08453369,105.7613,11845.133,11845.133,1100.0834,525.3654,0.0,6.7187457,0.0,2.3314862,4.0,0.0,34.70942,40.12495,5.9999924,0.0,0.0,-6.046875,0.0,0.0,0.0,0.0,0.0,0.0,1.9999695,1.0,50.497437,2.3437505,28.626469,28.77168,0.0,110.94765,0.0,0.0,105.44622,101.49105,720.0,547.875,-0.012264365,-27.8125,0.0,-29.59375,7.0023804,72.99998,28.22876,0.0,126.43,0.0,0.0,-8.679199,99.998474,91.319275,0.68847656,125.93,126.41,126.32,126.41,0
252013.64,0.38121048,-3.7665894,0.09060946,0.09113756,101.491714,24.060139,13.883992,-10.570383,0.0,0.0,92.082,6.2,4.561,15.561,24.481,0.0,90.97601,2.0,99.998474,0.0,204.0,3932.0,0.0,-12.0,0.08520508,105.74472,11845.133,11845.133,1100.0834,525.3654,0.0,6.7187457,0.0,2.333939,4.0,0.0,34.697124,40.12495,5.9999924,0.0,0.0,-6.0390625,0.0,0.0,0.0,0.0,0.0,0.0,1.9999695,1.0,50.497437,2.3437505,28.63122,28.72391,0.0,110.95288,0.0,0.0,105.23893,101.49105,720.0,547.875,-0.009811493,-27.71875,0.0,-29.5,7.0023804,72.99998,27.905273,0.0,125.7,0.0,0.0,-8.26416,99.998474,91.734314,0.68359375,125.25,125.44,125.69,125.59,0
252013.7,0.3649684,-3.7566357,0.090641245,0.09105277,101.491646,24.060139,13.88481,-10.583958,0.0,0.0,92.082,6.239,4.561,15.561,24.481,0.0,90.9763,2.0,99.998474,0.0,204.0,3911.0,0.0,-11.9375,0.08581543,105.74472,11870.605,11870.605,1100.0834,525.3654,0.0,6.570382,0.0,2.3359013,4.0,0.0,34.686058,39.74995,5.9999924,0.0,0.0,-5.75,0.0,0.0,0.0,0.0,0.0,0.0,1.9999695,1.0,50.497437,2.3437505,28.537575,28.609104,0.0,110.957596,0.0,0.0,105.205765,101.49105,720.0,547.875,-0.007849194,-27.625,0.0,-29.375,7.0023804,72.99998,27.416992,0.0,125.29,0.0,0.0,-7.156372,99.998474,92.8421,0.60302734,125.12,125.02,124.91,124.96,0
252013.73,0.33197471,-3.7339044,0.08775246,0.09079844,101.491585,24.060139,13.867805,-10.655123,0.0,0.0,92.082,6.279,4.561,15.561,24.481,0.0,90.97653,2.0,99.998474,0.0,204.0,3888.0,0.0,-11.8671875,0.0871582,105.76959,11879.627,11879.627,1100.0834,525.3654,0.0,6.485603,0.0,2.337471,4.0,0.0,34.751286,40.12495,5.9999924,0.0,0.0,-5.71875,0.0,0.0,0.0,0.0,0.0,0.0,1.9999695,1.0,50.071716,2.3437505,28.046984,28.649542,0.0,110.96184,0.0,0.0,105.12283,101.49105,720.0,547.875,-0.0062793554,-27.53125,0.0,-29.28125,7.0023804,72.99998,27.062988,0.0,124.48,0.0,0.0,-6.7871094,99.998474,93.211365,0.6347656,124.31,124.45,124.64,124.58,0
252013.77,0.2655798,-3.7248118,0.087678164,0.09075605,101.49153,24.060139,13.873479,-10.662088,0.0,0.0,92.082,6.318,4.561,15.561,24.481,0.0,90.976715,2.0,99.998474,0.0,204.0,3873.0,0.0,-11.7109375,0.087768555,105.7613,11913.59,11913.59,1100.0834,525.3654,0.0,6.379629,0.0,2.338727,4.0,0.0,34.80999,39.74995,5.9999924,0.0,0.0,-5.7109375,0.0,0.0,0.0,0.0,0.0,0.0,1.9999695,1.0,50.071716,2.3437505,27.998913,28.60414,0.0,110.96565,0.0,0.0,104.79946,101.49105,720.0,547.875,-0.0050234846,-27.5,0.0,-29.28125,7.0023804,72.99998,26.5625,0.0,124.08,0.0,0.0,-5.8929443,99.998474,94.10553,0.68115234,123.65,123.98,124.02,123.88,0
252013.81,0.21246384,-3.739925,0.08788621,0.09067126,101.491486,24.060139,13.865732,-10.660256,0.0,0.0,92.082,6.359,4.561,15.561,24.481,0.0,90.97686,2.0,99.998474,0.0,204.0,3859.0,0.0,-11.6875,0.088134766,105.7613,11923.142,11923.142,1100.0834,525.3654,0.0,6.29485,0.0,2.3397317,4.0,0.0,34.862827,39.74995,5.9999924,0.0,0.0,-5.0859375,0.0,0.0,0.0,0.0,0.0,0.0,1.9999695,1.0,50.071716,2.3437505,28.011496,28.55956,0.0,110.969086,0.0,0.0,104.79946,101.49105,720.0,547.875,-0.0040187878,-27.4375,0.0,-29.09375,7.0023804,72.99998,26.403809,0.0,123.73,0.0,0.0,-5.1239014,99.998474,94.87457,0.6347656,123.46,123.18,123.05,123.14,0
252013.86,0.14997108,-3.72722,0.08841124,0.09041693,101.49144,24.060139,13.877888,-10.659781,0.0,0.0,92.082,6.399,4.561,15.561,24.481,0.0,90.976974,2.0,99.998474,0.0,203.625,3837.0,0.0,-11.7421875,0.08874512,105.74472,11947.553,11947.553,1100.0834,525.3654,0.0,6.4220185,0.0,2.3405354,4.0,0.0,34.910378,39.74995,5.624993,0.0,0.0,-4.734375,0.0,0.0,0.0,0.0,0.0,0.0,1.9999695,1.0,50.071716,2.3437505,28.014729,28.403622,0.0,110.97218,0.0,0.0,104.47609,101.49105,720.0,547.875,-0.0032150303,-27.3125,0.0,-29.0,7.0023804,72.99998,25.909424,0.0,122.83,0.0,0.0,-4.4555664,99.998474,95.54291,0.6542969,122.81,122.99,122.67,122.9,0
252013.89,0.07997687,-3.722138,0.08953601,0.09037453,101.4914,24.060139,13.880537,-10.651093,0.0,0.0,92.082,6.439,4.561,15.561,24.481,0.0,90.977066,2.0,99.998474,0.0,203.625,3812.0,0.0,-13.0703125,0.09008789,105.76959,11977.801,11977.801,1100.0834,525.3654,0.0,6.8459144,0.0,2.3411784,4.0,0.0,34.953175,39.74995,5.624993,0.0,0.0,-4.6484375,0.0,0.0,0.0,0.0,0.0,0.0,1.9999695,1.0,50.071716,2.3437505,28.07458,28.242706,0.0,110.97496,0.0,0.0,104.47609,101.49105,720.0,548.625,-0.0025720242,-27.25,0.0,-29.0,7.0023804,72.99998,26.000977,0.0,122.64,0.0,0.0,-3.540039,99.998474,96.458435,0.6689453,121.86,121.99,122.39,122.36,0
252013.92,0.043981496,-3.7201052,0.09060047,0.090247385,101.49137,24.060139,13.870672,-10.632695,0.0,0.0,92.082,6.48,4.561,15.561,24.481,0.0,90.97714,2.0,99.998474,0.0,203.625,3799.0,0.0,-13.375,0.09039307,105.76959,11982.047,11982.047,1100.0834,525.3654,0.0,6.973083,0.0,2.341693,4.0,0.0,34.99169,39.74995,5.624993,0.0,0.0,-4.8515625,0.0,0.0,0.0,0.0,0.0,0.0,1.9999695,1.0,49.647522,2.3437505,28.201363,28.146997,0.0,110.97746,0.0,0.0,104.47609,101.49105,720.0,549.375,-0.0020576194,-27.15625,0.0,-29.09375,7.0023804,72.99998,26.019287,0.0,121.85,0.0,0.0,-3.3477783,99.998474,96.650696,0.68847656,121.45,121.63,121.08,121.45,0
252013.97,0.0351852,-3.7755423,0.09083499,0.0901626,101.49134,24.060139,13.881346,-10.62272,0.0,0.0,92.082,6.519,4.561,15.561,24.481,0.0,90.9772,2.0,99.998474,0.0,203.625,3784.0,0.0,-13.265625,0.09100342,105.7613,12016.01,12016.01,1100.0834,525.3654,0.0,6.867109,0.0,2.3421044,4.0,0.0,35.026356,39.74995,5.624993,0.0,0.0,-4.7890625,0.0,0.0,0.0,0.0,0.0,0.0,1.9999695,1.0,49.647522,2.3437505,28.27009,28.135698,0.0,110.97972,0.0,0.0,104.31854,101.49105,720.0,549.375,-0.0016460955,-27.125,0.0,-29.0,7.0023804,72.99998,25.610352,0.0,121.5,0.0,0.0,-3.1433105,99.998474,96.85516,0.6567383,121.31,121.31,120.73,120.73,0
252014.02,0.00814816,-3.853967,0.08993158,0.09007782,101.49131,24.060139,13.877098,-10.648707,0.0,0.0,92.082,6.559,4.561,15.561,24.481,0.0,90.97725,2.0,99.998474,0.0,203.625,3772.0,0.0,-12.7109375,0.09234619,105.78618,12016.01,12016.01,1100.0834,525.3654,0.0,6.761135,0.0,2.3424337,4.0,0.0,35.057556,39.74995,5.624993,0.0,0.0,-4.703125,0.0,0.0,0.0,0.0,0.0,0.0,1.9999695,1.0,49.223328,2.3437505,28.090925,28.125355,0.0,110.98175,0.0,0.0,104.161,101.49105,720.0,548.625,-0.0013168765,-27.0625,0.0,-29.0,7.0023804,72.99998,25.036621,0.0,121.14,0.0,0.0,-2.0690918,99.998474,97.92938,0.6567383,120.73,121.0,120.68,120.68,0
252014.05,-0.013481472,-3.904087,0.08955877,0.09003542,101.49129,24.060139,13.885843,-10.676505,0.0,0.0,92.082,6.599,4.561,15.561,24.481,0.0,90.97729,2.0,99.998474,0.0,203.625,3757.0,0.0,-13.109375,0.09265137,105.76959,12037.236,12037.236,1100.0834,525.3654,0.0,6.78233,0.0,2.342697,4.0,0.0,35.085636,39.74995,5.624993,0.0,0.0,-4.1953125,0.0,0.0,0.0,0.0,0.0,0.0,1.9999695,1.0,49.223328,2.3437505,27.899302,27.994465,0.0,110.98358,0.0,0.0,104.161,101.49105,720.0,549.375,-0.0010535013,-27.03125,0.0,-29.0,7.0023804,72.99998,25.219727,0.0,120.3,0.0,0.0,-1.7150879,99.998474,98.28339,0.65185547,119.84,120.33,119.8,119.95,0
252014.1,-0.030785177,-3.9241352,0.089696966,0.08982348,101.491264,24.060139,13.886106,-10.671819,0.0,0.0,92.082,6.638,4.561,15.561,24.481,0.0,90.97732,2.0,99.998474,0.0,203.625,3739.0,0.0,-13.1640625,0.09326172,105.76959,12054.749,12054.749,1100.0834,525.3654,0.0,6.73994,0.0,2.3429077,4.0,0.0,35.11091,39.37495,5.624993,0.0,0.0,-4.1328125,0.0,0.0,0.0,0.0,0.0,0.0,1.9999695,1.0,49.223328,2.3437505,27.931578,27.951868,0.0,110.98523,0.0,0.0,104.161,101.49105,720.0,549.0,-8.42801E-4,-26.9375,0.0,-28.875,7.0023804,72.99998,25.195312,0.0,119.89,0.0,0.0,-1.7120361,99.998474,98.28644,0.6591797,119.76,119.65,119.54,119.4,0
252014.12,-0.06462814,-3.9321542,0.08947324,0.0897387,101.49124,24.060139,13.88043,-10.6849165,0.0,0.0,92.082,6.68,4.561,15.561,24.481,0.0,90.97734,2.0,99.998474,0.0,203.625,3719.0,0.0,-13.0625,0.09362793,105.76959,12071.73,12071.73,1100.0834,525.3654,0.0,6.676356,0.0,2.3430762,4.0,0.0,35.20884,39.37495,5.624993,0.0,0.0,-3.90625,0.0,0.0,0.0,0.0,0.0,0.0,1.9999695,1.0,48.799133,2.3437505,27.84128,27.891987,0.0,110.98671,0.0,0.0,103.90395,101.49105,720.0,549.0,-6.742408E-4,-26.875,0.0,-28.875,6.535555,72.99998,24.609375,0.0,119.1,0.0,0.0,-1.2512207,99.998474,98.74725,0.63720703,119.06,119.06,119.15,119.15,0
252014.17,-0.07170251,-3.9166117,0.0892778,0.08961153,101.49123,24.060139,13.888176,-10.6979065,0.0,0.0,92.082,6.719,4.561,15.561,24.481,0.0,90.97736,2.0,99.998474,0.0,203.25,3705.0,0.0,-13.1796875,0.09490967,105.78618,12084.466,12084.466,1100.0834,525.3654,0.0,6.73994,0.0,2.3432112,4.0,0.0,35.296978,39.37495,5.2499933,0.0,0.0,-3.5703125,0.0,0.0,0.0,0.0,0.0,0.0,1.9999695,1.0,48.799133,2.3437505,27.751728,27.830091,0.0,110.98804,0.0,0.0,103.87908,101.49105,720.0,549.375,-5.3939264E-4,-26.8125,0.0,-28.78125,6.535555,72.99998,24.438477,0.0,118.8,0.0,0.0,-0.7446289,99.998474,99.253845,0.6542969,117.88,118.61,118.37,118.21,0
252014.2,-0.07736201,-3.9103947,0.09007734,0.08956914,101.49121,24.060139,13.887738,-10.704195,0.0,0.0,92.082,6.759,4.561,15.561,24.481,0.0,90.97738,2.0,0.15716553,0.0,203.25,3687.0,0.0,-13.5234375,0.095581055,105.78618,12106.755,12106.755,1100.0834,525.3654,0.0,6.973083,0.0,2.343319,4.0,0.0,35.3763,39.37495,5.2499933,0.0,0.0,-3.3125,0.0,0.0,0.0,0.0,0.0,0.0,1.9999695,1.0,48.799133,2.3437505,27.708363,27.6196,0.0,110.98923,0.0,0.0,103.83762,101.49105,720.0,549.75,-4.315141E-4,-26.71875,0.0,-28.6875,6.535555,72.99998,24.060059,0.0,118.38,0.0,0.0,-0.72631836,99.998474,99.272156,0.6713867,118.21,118.17,117.88,117.7,0
252014.23,-0.041889608,-3.907908,0.09061824,0.08935718,101.491196,24.060139,13.893291,-10.687891,0.0,0.0,92.082,6.799,4.561,15.561,24.481,0.0,90.977394,2.0,0.0,0.0,203.25,3669.0,0.0,-13.609375,0.09588623,105.777885,12118.43,12118.43,1100.0834,525.3654,0.0,6.951888,0.0,2.3434052,4.0,0.0,35.447693,39.37495,5.2499933,0.0,0.0,-3.2890625,0.0,0.0,0.0,0.0,0.0,0.0,1.9999695,1.0,48.799133,2.3437505,27.820728,27.574768,0.0,110.99031,0.0,0.0,103.83762,101.49105,720.0,549.75,-3.452113E-4,-26.65625,0.0,-28.6875,6.535555,72.99998,23.254395,0.0,117.55,0.0,0.0,-0.73547363,99.998474,99.263,0.6640625,117.7,117.77,117.65,117.5,0
252014.28,-0.053511687,-3.9069133,0.09159114,0.08931481,101.49118,24.060139,13.897179,-10.669544,0.0,0.0,92.082,6.839,4.561,15.561,24.481,0.0,90.9774,2.0,0.0,0.0,203.25,3655.0,0.0,-13.6015625,0.09753418,105.80276,12148.678,12148.678,1100.0834,525.3654,0.0,6.9094987,0.0,2.3434744,4.0,0.0,35.511948,39.37495,5.2499933,0.0,0.0,-3.1640625,0.0,0.0,0.0,0.0,0.0,0.0,1.9999695,1.0,48.799133,2.3437505,27.94717,27.490877,0.0,110.99127,0.0,0.0,104.79946,101.49105,720.0,549.75,-2.7616904E-4,-26.625,0.0,-28.59375,6.535555,72.99998,24.249268,0.0,117.99,0.0,0.0,-4.483032,99.998474,95.51544,0.6689453,116.69,117.02,116.88,116.73,0
252014.34,-0.06280935,-3.9252656,0.09217435,0.08923002,101.491165,24.060139,13.89404,-10.656829,0.0,0.0,92.082,6.879,4.561,15.561,24.481,0.0,90.97741,2.0,0.0,0.0,203.25,3644.0,0.0,-13.6640625,0.09814453,105.80276,12152.923,12152.923,1100.0834,525.3654,0.0,7.0366673,0.0,2.3435295,4.0,0.0,35.569775,38.99995,5.2499933,0.0,0.0,-2.8671875,0.0,0.0,0.0,0.0,0.0,0.0,1.9999695,1.0,48.37494,2.3437505,28.034801,27.444519,0.0,110.99214,0.0,0.0,104.79946,101.49105,720.0,549.75,-2.2093524E-4,-26.5625,0.0,-28.78125,6.535555,72.99998,23.85254,0.0,117.1,0.0,0.0,-4.8095703,99.998474,95.1889,0.6738281,116.88,116.59,116.21,116.12,0
252014.38,-0.05024748,-3.9138563,0.09232162,0.08914525,101.49116,24.060139,13.903563,-10.662392,0.0,0.0,92.082,6.919,4.561,15.561,24.481,0.0,90.97742,2.0,0.0,0.0,203.25,3619.0,0.0,-13.65625,0.09881592,105.78618,12170.966,12170.966,1100.0834,525.3654,0.0,7.121446,0.0,2.3435738,4.0,0.0,35.62182,38.99995,5.2499933,0.0,0.0,-2.7265625,0.0,0.0,0.0,0.0,0.0,0.0,1.9999695,1.0,48.37494,2.3437505,27.99645,27.369703,0.0,110.99292,0.0,0.0,104.47609,101.49105,720.0,549.75,-1.7674819E-4,-26.46875,0.0,-28.6875,6.535555,72.99998,22.845459,0.0,115.99,0.0,0.0,-3.894043,99.998474,96.10443,0.6591797,115.74,115.84,116.27,116.12,0
252014.4,-0.060197983,-3.8905425,0.092473686,0.0889333,101.49115,24.060139,13.898509,-10.665357,0.0,0.0,92.082,6.958,4.561,15.561,24.481,0.0,90.977425,2.0,0.0,0.0,203.25,3606.0,0.0,-13.6328125,0.100097656,105.81105,12186.886,12186.886,1100.0834,525.3654,0.0,7.1002517,0.0,2.343609,4.0,0.0,35.66866,38.99995,5.2499933,0.0,0.0,-2.8125,0.0,0.0,0.0,0.0,0.0,0.0,1.9999695,1.0,47.950745,2.3437505,27.976007,27.269516,0.0,110.99362,0.0,0.0,104.51754,101.49105,720.0,549.75,-1.4139856E-4,-26.40625,0.0,-28.59375,6.535555,72.99998,22.540283,0.0,115.5,0.0,0.0,-3.5003662,99.998474,96.49811,0.6738281,114.95,115.19,115.51,115.23,0
252014.45,-0.06815839,-3.8624673,0.09249518,0.08889089,101.49114,24.060139,13.900831,-10.664004,0.0,0.0,92.082,6.999,4.561,15.561,24.481,0.0,90.97743,2.0,0.0,0.0,203.25,3586.0,0.0,-13.7421875,0.10076904,105.80276,12212.358,12212.358,1100.0834,525.3654,0.0,7.142641,0.0,2.3436375,4.0,0.0,35.710815,38.99995,5.2499933,0.0,0.0,-2.9140625,0.0,0.0,0.0,0.0,0.0,0.0,1.9999695,1.0,47.950745,2.3437505,27.98532,27.270079,0.0,110.99426,0.0,0.0,104.47609,101.49105,720.0,549.75,-1.1311885E-4,-26.3125,0.0,-28.5,6.535555,72.99998,22.161865,0.0,115.01,0.0,0.0,-3.2470703,99.998474,96.7514,0.6542969,115.04,114.62,114.72,114.62,0
252014.5,-0.07452671,-3.832487,0.09152183,0.08876374,101.491135,24.060139,13.902456,-10.677506,0.0,0.0,92.082,7.038,4.561,15.561,24.481,0.0,90.97743,2.0,0.0,0.0,202.875,3567.0,0.0,-14.0234375,0.101379395,105.80276,12221.38,12221.38,1100.0834,525.3654,0.0,7.163836,0.0,2.3436599,4.0,0.0,35.748756,38.99995,4.874994,0.0,0.0,-2.4609375,0.0,0.0,0.0,0.0,0.0,0.0,1.9999695,1.0,47.950745,2.3437505,27.892246,27.349182,0.0,110.99484,0.0,0.0,104.442924,101.49105,720.0,550.125,-9.049508E-5,-26.25,0.0,-28.5,6.535555,72.99998,21.905518,0.0,114.56,0.0,0.0,-3.0090332,99.998474,96.98944,0.6738281,114.26,114.54,114.5,114.45,0
252014.53,-0.079621375,-3.857995,0.09206635,0.088678956,101.49113,24.060139,13.897735,-10.649364,0.0,0.0,92.082,7.081,4.561,15.561,24.481,0.0,90.97743,2.0,0.0,0.0,202.875,3553.0,0.0,-14.2890625,0.10205078,105.80276,12239.423,12239.423,1100.0834,525.3654,0.0,7.2698097,0.0,2.343678,4.0,0.0,35.782906,38.62495,4.874994,0.0,0.0,-2.3671875,0.0,0.0,0.0,0.0,0.0,0.0,1.9999695,1.0,47.950745,2.3437505,28.086216,27.400745,0.0,110.99536,0.0,0.0,104.393166,101.49105,720.0,550.5,-7.239606E-5,-26.21875,0.0,-28.375,6.535555,72.99998,21.697998,0.0,113.85,0.0,0.0,-2.8411865,99.998474,97.15729,0.6591797,113.42,113.5,113.36,113.54,0
252014.56,-0.083697096,-3.868198,0.09314979,0.088509396,101.49112,24.060139,13.90029,-10.62527,0.0,0.0,92.082,7.119,4.561,15.561,24.481,0.0,90.97743,2.0,0.0,0.0,202.875,3539.0,0.0,-14.453125,0.10333252,105.81934,12255.343,12255.343,1100.0834,525.3654,0.0,7.2698097,0.0,2.3436925,4.0,0.0,35.813637,38.62495,4.874994,0.0,0.0,-2.34375,0.0,0.0,0.0,0.0,0.0,0.0,1.9999695,1.0,47.950745,2.3437505,28.252287,27.326984,0.0,110.99582,0.0,0.0,104.368286,101.49105,720.0,550.5,-5.791685E-5,-26.125,0.0,-28.28125,6.535555,72.99998,21.643066,0.0,113.4,0.0,0.0,-2.6275635,99.998474,97.37091,0.6689453,113.42,113.18,112.97,113.09,0
252014.61,-0.066957675,-3.8535295,0.09340866,0.08838224,101.49111,24.060139,13.890359,-10.625137,0.0,0.0,92.082,7.159,4.561,15.561,24.481,0.0,90.97743,2.0,0.0,0.0,202.875,3517.0,0.0,-14.484375,0.104003906,105.81934,12268.079,12268.079,1100.0834,525.3654,0.0,7.248615,0.0,2.3437042,4.0,0.0,35.916485,38.62495,4.874994,0.0,0.0,-1.9765625,0.0,0.0,0.0,0.0,0.0,0.0,1.9999695,1.0,47.52655,2.3437505,28.253193,27.239033,0.0,110.99623,0.0,0.0,104.161,101.49105,720.0,550.5,-4.6333484E-5,-26.0625,0.0,-28.59375,6.535555,72.99998,21.264648,0.0,112.99,0.0,0.0,-1.8280029,99.998474,98.17047,0.6591797,112.21,112.78,112.87,112.68,0
252014.66,-0.07356614,-3.8289118,0.09316035,0.088339835,101.491104,24.060139,13.895126,-10.642206,0.0,0.0,92.082,7.199,4.561,15.561,24.481,0.0,90.97743,2.0,0.0,0.0,202.875,3503.0,0.0,-14.5546875,0.10461426,105.81105,12289.306,12289.306,1100.0834,525.3654,0.0,7.2274203,0.0,2.3437135,4.0,0.0,36.00905,38.62495,4.874994,0.0,0.0,-1.546875,0.0,0.0,0.0,0.0,0.0,0.0,1.9999695,1.0,47.52655,2.3437505,28.135534,27.174963,0.0,110.99661,0.0,0.0,104.161,101.49105,720.0,550.5,-3.7066788E-5,-26.0,0.0,-28.28125,6.535555,72.99998,21.099854,0.0,112.33,0.0,0.0,-1.6784668,99.998474,98.32001,0.6640625,112.16,112.34,111.68,111.95,0
252014.69,-0.05885291,-3.8378148,0.09162744,0.08821268,101.4911,24.060139,13.898463,-10.684286,0.0,0.0,92.082,7.239,4.561,15.561,24.481,0.0,90.97743,2.0,0.0,0.0,202.875,3482.0,0.0,-14.5234375,0.105285645,105.81105,12304.695,12304.695,1100.0834,525.3654,0.0,7.0366673,0.0,2.343721,4.0,0.0,36.092354,38.62495,4.874994,0.0,0.0,-1.5625,0.0,0.0,0.0,0.0,0.0,0.0,1.9999695,1.0,47.52655,2.3437505,27.845472,27.141922,0.0,110.99695,0.0,0.0,104.161,101.49105,720.0,550.5,-2.965343E-5,-25.90625,0.0,-28.1875,6.06873,72.99998,21.032715,0.0,111.85,0.0,0.0,-1.675415,99.998474,98.32306,0.6542969,111.95,111.72,111.47,111.77,0
252014.73,-0.027082331,-3.822626,0.09123338,0.08817029,101.4911,24.060139,13.894939,-10.696402,0.0,0.0,92.082,7.28,4.561,15.561,24.481,0.0,90.97743,2.0,0.0,0.0,202.875,3465.0,0.0,-14.4765625,0.10656738,105.83593,12323.8,12323.8,1100.0834,525.3654,0.0,6.9094987,0.0,2.3437266,4.0,0.0,36.167328,38.62495,4.874994,0.0,0.0,-1.484375,0.0,0.0,0.0,0.0,0.0,0.0,1.9999695,1.0,47.52655,2.3437505,27.761961,27.15777,0.0,110.99725,0.0,0.0,104.161,101.49105,720.0,550.5,-2.3722745E-5,-25.875,0.0,-28.1875,6.06873,72.99998,20.941162,0.0,110.86,0.0,0.0,-1.6326904,99.998474,98.36578,0.6567383,110.52,111.03,110.99,111.13,0
252014.77,-0.021665866,-3.8165507,0.09147591,0.088000715,101.4911,24.060139,13.904192,-10.696744,0.0,0.0,92.082,7.32,4.561,15.561,24.481,0.0,90.97743,2.0,0.0,0.0,202.875,3453.0,0.0,-14.4609375,0.10723877,105.82764,12323.8,12323.8,1100.0834,525.3654,0.0,7.1002517,0.0,2.3437314,4.0,0.0,36.234806,38.62495,4.4999943,0.0,0.0,-0.9765625,0.0,0.0,0.0,0.0,0.0,0.0,1.9999695,1.0,47.52655,2.3437505,27.759604,27.068575,0.0,110.99753,0.0,0.0,103.90395,101.49105,720.0,550.5,-1.8978197E-5,-25.8125,0.0,-28.09375,6.06873,72.99998,20.471191,0.0,110.88,0.0,0.0,-0.75683594,99.998474,99.24164,0.6640625,110.48,110.52,110.1,110.27,0
252014.81,0.002667306,-3.8141203,0.09138252,0.088000715,101.4911,24.060139,13.89895,-10.685387,0.0,0.0,92.082,7.358,4.561,15.561,24.481,0.0,90.97743,2.0,0.0,0.0,202.5,3438.0,0.0,-14.890625,0.107543945,105.82764,12349.271,12349.271,1100.0834,525.3654,0.0,7.057862,0.0,2.3437352,4.0,0.0,36.295536,38.62495,4.4999943,0.0,0.0,-0.78125,0.0,0.0,0.0,0.0,0.0,0.0,1.9999695,1.0,47.102356,2.3437505,27.837893,27.161024,0.0,110.99777,0.0,0.0,103.87079,101.49105,720.0,550.875,-1.5182558E-5,-25.75,0.0,-28.28125,6.06873,72.99998,20.458984,0.0,110.11,0.0,0.0,-0.72631836,99.998474,99.272156,0.64941406,110.27,110.18,109.76,110.18,0
252014.84,0.002133845,-3.8506482,0.092436194,0.087873556,101.4911,24.060139,13.901139,-10.667877,0.0,0.0,92.082,7.4,4.561,15.561,24.481,0.0,90.97743,2.0,0.0,0.0,202.5,3421.0,0.0,-14.8828125,0.10821533,105.81934,12357.763,12357.763,1100.0834,525.3654,0.0,7.2698097,0.0,2.3437383,4.0,0.0,36.350193,38.24995,4.4999943,0.0,0.0,-0.5234375,0.0,0.0,0.0,0.0,0.0,0.0,1.9999695,1.0,47.102356,2.3437505,27.958582,27.054626,0.0,110.998,0.0,0.0,103.83762,101.49105,720.0,550.875,-1.2146046E-5,-25.71875,0.0,-28.28125,6.06873,72.99998,20.385742,0.0,109.48,0.0,0.0,-0.73547363,99.998474,99.263,0.6640625,109.14,109.27,109.34,109.38,0
252014.88,0.021707075,-3.8465095,0.09302312,0.08783117,101.4911,24.060139,13.902673,-10.654117,0.0,0.0,92.082,7.44,4.561,15.561,24.481,0.0,90.97743,2.0,0.0,0.0,202.5,3408.0,0.0,-14.859375,0.109191895,105.844215,12383.766,12383.766,1100.0834,525.3654,0.0,7.354589,0.0,2.3437407,4.0,0.0,36.399384,37.87495,4.4999943,0.0,0.0,-0.4609375,0.0,0.0,0.0,0.0,0.0,0.0,1.9999695,1.0,47.102356,2.3437505,28.053432,27.02797,0.0,110.9982,0.0,0.0,103.83762,101.49105,720.0,550.875,-9.716837E-6,-25.65625,0.0,-28.28125,6.535555,72.99998,20.52002,0.0,109.31,0.0,0.0,-0.73547363,99.998474,99.263,0.6591797,109.09,108.85,108.77,108.77,0
252014.92,0.03736566,-3.826104,0.09374645,0.087619215,101.4911,24.060139,13.892027,-10.6340475,0.0,0.0,92.082,7.479,4.561,15.561,24.481,0.0,90.97743,2.0,0.0,0.0,202.5,3382.0,0.0,-14.890625,0.109802246,105.844215,12392.256,12392.256,1100.0834,525.3654,0.0,7.3969784,0.0,2.3437426,4.0,0.0,36.443657,37.87495,4.4999943,0.0,0.0,-0.421875,0.0,0.0,0.0,0.0,0.0,0.0,1.9999695,1.0,47.102356,2.3437505,28.191769,26.982584,0.0,110.99838,0.0,0.0,103.83762,101.49105,720.0,550.875,-7.773469E-6,-25.59375,0.0,-28.1875,6.535555,72.99998,20.52002,0.0,108.69,0.0,0.0,-0.7293701,99.998474,99.269104,0.6567383,107.75,108.35,108.56,108.64,0
252014.97,0.029892528,-3.7804418,0.093723334,0.087619215,101.4911,24.060139,13.896294,-10.647662,0.0,0.0,92.082,7.518,4.561,15.561,24.481,0.0,90.97743,2.0,0.0,0.0,202.5,3368.0,0.0,-14.9609375,0.11016846,105.83593,12410.299,12410.299,1100.0834,525.3654,0.0,7.2698097,0.0,2.3437443,4.0,0.0,36.4835,37.87495,4.4999943,0.0,0.0,-0.046875,0.0,0.0,0.0,0.0,0.0,0.0,1.9999695,1.0,47.102356,2.3437505,28.09792,26.882647,0.0,110.99855,0.0,0.0,103.83762,101.49105,720.0,550.875,-6.2187755E-6,-25.53125,0.0,-28.09375,6.06873,72.99998,20.3125,0.0,107.96,0.0,0.0,-0.8026123,99.998474,99.19586,0.6542969,107.69,107.58,107.33,107.61,0
252015.02,0.023914022,-3.7621768,0.09177237,0.087449655,101.4911,24.060139,13.887562,-10.681774,0.0,0.0,92.082,7.559,4.561,15.561,24.481,0.0,90.97743,2.0,0.0,0.0,202.5,3346.0,0.0,-15.0546875,0.11047363,105.83593,12426.219,12426.219,1100.0834,525.3654,0.0,7.2274203,0.0,2.3437455,4.0,0.0,36.519363,37.87495,4.4999943,0.0,0.0,0.0,0.0,0.0,0.0,0.0,0.0,0.0,1.9999695,1.0,46.67816,2.3437505,27.862793,27.022623,0.0,110.99869,0.0,0.0,103.61374,101.49105,720.0,551.25,-4.9750206E-6,-25.46875,0.0,-28.09375,6.06873,72.99998,19.903564,0.0,107.35,0.0,0.0,-0.61035156,99.998474,99.38812,0.6640625,107.18,107.25,107.29,107.18,0
252015.05,0.039131217,-3.754871,0.09215876,0.087449655,101.4911,24.060139,13.893168,-10.676244,0.0,0.0,92.082,7.599,4.561,15.561,24.481,0.0,90.97743,2.0,0.0,0.0,202.5,3330.0,0.0,-15.1640625,0.11077881,105.82764,12433.648,12433.648,1100.0834,525.3654,0.0,7.2698097,0.0,2.3437464,4.0,0.0,36.55164,37.49995,4.4999943,0.0,0.0,0.1015625,0.0,0.0,0.0,0.0,0.0,0.0,1.9999695,1.0,46.67816,2.3437505,27.900908,26.982464,0.0,110.998825,0.0,0.0,103.514244,101.49105,720.0,551.25,-3.9800166E-6,-25.40625,0.0,-28.0,6.06873,72.99998,19.665527,0.0,106.71,0.0,0.0,-0.6164551,99.998474,99.38202,0.6591797,106.31,106.58,106.71,106.5,0
252015.1,0.031304974,-3.7706985,0.092461824,0.08723771,101.4911,24.060139,13.897093,-10.67312,0.0,0.0,92.082,7.639,4.561,15.561,24.481,0.0,90.97743,2.0,0.0,0.0,202.125,3314.0,0.0,-15.25,0.111083984,105.82764,12460.182,12460.182,1100.0834,525.3654,0.0,7.354589,0.0,2.3437474,4.0,0.0,36.580685,37.49995,4.1249948,0.0,0.0,0.5078125,0.0,0.0,0.0,0.0,0.0,0.0,1.9999695,1.0,46.67816,2.3437505,27.922445,26.900293,0.0,110.99895,0.0,0.0,103.514244,101.49105,720.0,551.25,-3.1840134E-6,-25.375,0.0,-28.0,6.06873,72.99998,19.708252,0.0,106.41,0.0,0.0,-0.6347656,99.998474,99.36371,0.6567383,106.34,106.04,105.75,105.91,0
252015.14,0.04504398,-3.7582793,0.09257834,0.08711054,101.4911,24.060139,13.89398,-10.655238,0.0,0.0,92.082,7.679,4.561,15.561,24.481,0.0,90.97743,2.0,0.0,0.0,202.125,3295.0,0.0,-15.5,0.111450195,105.82764,12463.366,12463.366,1100.0834,525.3654,0.0,7.2274203,0.0,2.3437479,4.0,0.0,36.682014,37.49995,4.1249948,0.0,0.0,0.59375,0.0,0.0,0.0,0.0,0.0,0.0,1.9999695,1.0,46.67816,2.3437505,28.0457,26.97088,0.0,110.999054,0.0,0.0,103.514244,101.49105,720.0,551.625,-2.5472107E-6,-25.28125,0.0,-27.875,6.06873,72.99998,19.763184,0.0,105.56,0.0,0.0,-0.6347656,99.998474,99.36371,0.6640625,105.56,105.64,105.87,105.75,0
252015.17,0.036035184,-3.7533116,0.092960075,0.08711054,101.4911,24.060139,13.903521,-10.649916,0.0,0.0,92.082,7.719,4.561,15.561,24.481,0.0,90.97743,2.0,0.0,0.0,202.125,3280.0,0.0,-15.6171875,0.11242676,105.844215,12486.186,12486.186,1100.0834,525.3654,0.0,7.2698097,0.0,2.3437483,4.0,0.0,36.773212,37.49995,4.1249948,0.0,0.0,0.65625,0.0,0.0,0.0,0.0,0.0,0.0,1.9999695,1.0,46.67816,2.3437505,28.08239,26.96303,0.0,110.999146,0.0,0.0,103.47278,101.49105,720.0,551.625,-2.0377686E-6,-25.25,0.0,-27.875,6.06873,72.99998,19.720459,0.0,105.44,0.0,0.0,-0.6134033,99.998474,99.38507,0.6640625,105.05,105.29,104.75,104.9,0
252015.2,0.028828148,-3.7513247,0.092991285,0.087068155,101.4911,24.060139,13.898479,-10.661124,0.0,0.0,92.082,7.759,4.561,15.561,24.481,0.0,90.97743,2.0,0.0,0.0,202.125,3271.0,0.0,-15.4765625,0.11273193,105.844215,12494.676,12494.676,1100.0834,525.3654,0.0,7.2698097,0.0,2.3437488,4.0,0.0,36.85529,37.124954,4.1249948,0.0,0.0,0.78125,0.0,0.0,0.0,0.0,0.0,0.0,1.9999695,1.0,46.253967,2.3437505,28.005129,26.845068,0.0,110.99924,0.0,0.0,103.514244,101.49105,720.0,551.25,-1.6302149E-6,-25.21875,0.0,-28.0,6.06873,72.99998,19.622803,0.0,105.13,0.0,0.0,-0.7537842,99.998474,99.24469,0.6542969,105.24,105.11,104.6,104.67,0
252015.25,0.023062518,-3.76928,0.092426255,0.086898595,101.4911,24.060139,13.90081,-10.660313,0.0,0.0,92.082,7.799,4.561,15.561,24.481,0.0,90.97743,2.0,0.0,0.0,202.125,3258.0,0.0,-15.6484375,0.11303711,105.83593,12504.228,12504.228,1100.0834,525.3654,0.0,7.2910047,0.0,2.3437493,4.0,0.0,36.929157,37.124954,4.1249948,0.0,0.0,1.125,0.0,0.0,0.0,0.0,0.0,0.0,1.9999695,1.0,46.253967,2.3437505,28.010721,26.921415,0.0,110.99931,0.0,0.0,103.356705,101.49105,720.0,551.625,-1.304172E-6,-25.15625,0.0,-28.0,6.06873,72.99998,19.403076,0.0,104.43,0.0,0.0,-0.54626465,99.998474,99.45221,0.6591797,104.03,104.56,104.25,104.25,0
252015.3,0.038450014,-3.813962,0.09293768,0.0868562,101.4911,24.060139,13.902442,-10.63922,0.0,0.0,92.082,7.838,4.561,15.561,24.481,0.0,90.97743,2.0,0.0,0.0,202.125,3248.0,0.0,-16.132812,0.113342285,105.83593,12528.639,12528.639,1100.0834,525.3654,0.0,7.312199,0.0,2.3437495,4.0,0.0,36.99564,37.124954,4.1249948,0.0,0.0,1.125,0.0,0.0,0.0,0.0,0.0,0.0,1.9999695,1.0,46.253967,2.3437505,28.156115,26.973478,0.0,110.999374,0.0,0.0,103.22402,101.49105,720.0,552.375,-1.0433376E-6,-25.125,0.0,-27.875,6.06873,72.99998,19.189453,0.0,104.51,0.0,0.0,-0.49743652,99.998474,99.50104,0.6591797,104.16,104.29,103.38,103.57,0
252015.33,0.05076001,-3.8318348,0.09323672,0.08681383,101.4911,24.060139,13.897725,-10.628284,0.0,0.0,92.082,7.88,4.561,15.561,24.481,0.0,90.97743,2.0,0.0,0.0,202.125,3234.0,0.0,-16.203125,0.113708496,105.83593,12535.007,12535.007,1100.0834,525.3654,0.0,7.2910047,0.0,2.3437495,4.0,0.0,37.055473,36.749954,4.1249948,0.0,0.0,1.015625,0.0,0.0,0.0,0.0,0.0,0.0,1.9999695,1.0,46.253967,2.3437505,28.23149,26.960167,0.0,110.999435,0.0,0.0,103.19086,101.49105,720.0,552.0,-8.346701E-7,-25.0625,0.0,-28.09375,6.06873,72.99998,19.06128,0.0,103.85,0.0,0.0,-0.5126953,99.998474,99.48578,0.6591797,103.61,103.8,103.55,103.42,0
252015.36,0.060608007,-3.838984,0.09324369,0.08668665,101.4911,24.060139,13.900283,-10.650565,0.0,0.0,92.082,7.918,4.561,15.561,24.481,0.0,90.97743,2.0,0.0,0.0,202.125,3221.0,0.0,-15.7265625,0.11401367,105.82764,12554.642,12554.642,1100.0834,525.3654,0.0,7.163836,0.0,2.3437498,4.0,0.0,37.109325,36.749954,4.1249948,0.0,0.0,0.8515625,0.0,0.0,0.0,0.0,0.0,0.0,1.9999695,1.0,46.253967,2.3437505,28.077911,26.790167,0.0,110.9995,0.0,0.0,103.19086,101.49105,720.0,551.625,-6.677361E-7,-25.03125,0.0,-28.0,6.06873,72.99998,19.06128,0.0,103.09,0.0,0.0,-0.5187988,99.998474,99.479675,0.6640625,102.86,102.77,102.56,102.59,0
252015.4,0.0884864,-3.823094,0.09234733,0.08668665,101.4911,24.060139,13.890354,-10.649534,0.0,0.0,92.082,7.959,4.561,15.561,24.481,0.0,90.97743,2.0,0.0,0.0,202.125,3203.0,0.0,-16.195312,0.11431885,105.82764,12563.133,12563.133,1100.0834,525.3654,0.0,7.248615,0.0,2.34375,4.0,0.0,37.15779,36.749954,4.1249948,0.0,0.0,0.71875,0.0,0.0,0.0,0.0,0.0,0.0,1.9999695,1.0,45.828247,2.3437505,28.085012,26.952944,0.0,110.99954,0.0,0.0,103.19086,101.49105,720.0,552.375,-5.341889E-7,-24.96875,0.0,-28.09375,6.06873,72.99998,19.128418,0.0,102.85,0.0,0.0,-0.53100586,99.998474,99.46747,0.6591797,102.86,102.59,102.38,102.47,0
252015.44,0.11078912,-3.8354878,0.09315381,0.0864747,101.4911,24.060139,13.889263,-10.634607,0.0,0.0,92.082,7.999,4.561,15.561,24.481,0.0,90.97743,2.0,0.0,0.0,201.75,3184.0,0.0,-16.398438,0.11462402,105.81934,12585.421,12585.421,1100.0834,525.3654,0.0,7.354589,0.0,2.34375,4.0,0.0,37.201412,36.374954,3.7499952,0.0,0.0,0.2890625,0.0,0.0,0.0,0.0,0.0,0.0,1.9999695,1.0,45.828247,2.3437505,28.187904,26.893332,0.0,110.99959,0.0,0.0,103.19086,101.49105,720.0,552.375,-4.2735115E-7,-24.9375,0.0,-28.0,6.06873,72.99998,19.152832,0.0,101.86,0.0,0.0,-0.53100586,99.998474,99.46747,0.6591797,101.5,101.79,101.92,101.84,0
252015.48,0.1086313,-3.7841952,0.093197666,0.08634753,101.4911,24.060139,13.894359,-10.641337,0.0,0.0,92.082,8.038,4.561,15.561,24.481,0.0,90.97743,2.0,0.0,0.0,201.75,3167.0,0.0,-16.273438,0.114990234,105.81934,12597.096,12597.096,1100.0834,525.3654,0.0,7.2062254,0.0,2.3437502,4.0,0.0,37.24067,36.374954,3.7499952,0.0,0.0,0.1015625,0.0,0.0,0.0,0.0,0.0,0.0,1.9999695,1.0,45.828247,2.3437505,28.141521,26.806011,0.0,110.99963,0.0,0.0,103.19086,101.49105,720.0,552.375,-3.4188093E-7,-24.875,0.0,-28.0,6.06873,72.99998,18.939209,0.0,101.67,0.0,0.0,-0.53100586,99.998474,99.46747,0.6542969,101.56,101.21,101.42,101.16,0
252015.52,0.10690504,-3.7261782,0.091900915,0.086262755,101.4911,24.060139,13.886208,-10.666058,0.0,0.0,92.082,8.08,4.561,15.561,24.481,0.0,90.97743,2.0,0.0,0.0,201.75,3143.0,0.0,-16.851562,0.11529541,105.81934,12611.954,12611.954,1100.0834,525.3654,0.0,7.2062254,0.0,2.3437502,4.0,0.0,37.276,36.374954,3.7499952,0.0,0.0,1.015625,0.0,0.0,0.0,0.0,0.0,0.0,1.9999695,1.0,45.828247,2.3437505,27.971119,26.864998,0.0,110.999664,0.0,0.0,103.19086,101.49105,720.0,552.75,-2.7350475E-7,-24.78125,0.0,-27.875,6.06873,72.99998,18.945312,0.0,100.51,0.0,0.0,-0.53100586,99.998474,99.46747,0.6567383,100.22,100.58,101.16,100.82,0
252015.56,0.08552404,-3.6654716,0.09203771,0.08605079,101.4911,24.060139,13.8922205,-10.664585,0.0,0.0,92.082,8.119,4.561,15.561,24.481,0.0,90.97743,2.0,0.0,0.0,201.75,3124.0,0.0,-16.789062,0.115600586,105.81105,12626.813,12626.813,1100.0834,525.3654,0.0,7.354589,0.0,2.3437502,4.0,0.0,37.3078,36.374954,3.7499952,0.0,0.0,1.828125,0.0,0.0,0.0,0.0,0.0,0.0,1.9999695,1.0,45.828247,2.3437505,27.981272,26.82002,0.0,110.999695,0.0,0.0,103.08307,101.49105,720.0,552.75,-2.188038E-7,-24.6875,0.0,-27.78125,6.06873,72.99998,18.640137,0.0,100.15,0.0,0.0,-0.4852295,99.998474,99.513245,0.6591797,99.89,99.77,100.06,100.01,0
252015.61,0.06841923,-3.6036887,0.09179619,0.08592364,101.4911,24.060139,13.88471,-10.676228,0.0,0.0,92.082,8.158,4.561,15.561,24.481,0.0,90.97743,2.0,0.0,0.0,201.75,3095.0,0.0,-16.65625,0.1149292,105.78618,12637.957,12637.957,1100.0834,525.3654,0.0,7.248615,0.0,2.3437502,4.0,0.0,37.411606,36.374954,3.7499952,0.0,0.0,2.1796875,0.0,0.0,0.0,0.0,0.0,0.0,1.9999695,1.0,45.404053,2.3437505,27.90102,26.76852,0.0,110.999725,0.0,1.0,102.87576,101.49105,720.0,552.75,-1.7504304E-7,-24.59375,0.0,-27.6875,6.06873,72.99998,18.640137,0.0,99.16,0.0,0.0,-0.5432129,99.998474,99.45526,0.6542969,98.96,99.21,99.68,99.81,0
252015.64,0.07473539,-3.5789757,0.09172762,0.08583887,101.4911,24.060139,13.897032,-10.67817,0.0,0.0,92.082,8.199,4.561,15.561,24.481,0.0,90.97743,2.0,0.0,0.0,201.75,3076.0,0.0,-16.59375,0.115234375,105.78618,12665.553,12665.553,1100.0834,525.3654,0.0,7.248615,0.0,2.3437502,4.0,0.0,37.50503,35.999954,3.7499952,0.0,0.0,2.25,0.0,0.0,0.0,0.0,0.0,0.0,1.9999695,1.0,45.404053,2.3437505,27.887634,26.752325,0.0,110.999756,0.0,1.0,102.99186,101.49105,720.0,552.75,-1.4003443E-7,-24.53125,0.0,-27.6875,6.06873,72.99998,18.457031,0.0,98.72,0.0,0.0,-0.45166016,99.998474,99.546814,0.6542969,98.41,98.54,98.29,98.72,0
252015.7,0.09978831,-3.5690904,0.09208974,0.085626915,101.4911,24.060139,13.893938,-10.675804,0.0,0.0,92.082,8.239,4.561,15.561,24.481,0.0,90.97743,2.0,0.0,0.0,201.375,3063.0,0.0,-16.867188,0.115234375,105.78618,12665.553,12665.553,1100.0834,525.3654,0.0,7.312199,0.0,2.3437505,4.0,0.0,37.589115,35.999954,3.3749957,0.0,0.0,2.1015625,0.0,0.0,0.0,0.0,0.0,0.0,1.9999695,1.0,45.404053,2.3437505,27.903936,26.642527,0.0,110.99979,0.0,1.0,102.87576,101.49105,720.0,552.75,-1.1202754E-7,-24.5,0.0,-27.59375,6.06873,72.99998,18.28003,0.0,98.42,0.0,0.0,-0.39367676,99.998474,99.6048,0.6591797,98.29,98.22,98.26,98.41,0
252015.73,0.119830646,-3.6026363,0.09240989,0.085626915,101.4911,24.060139,13.891772,-10.625231,0.0,0.0,92.082,8.28,4.561,15.561,24.481,0.0,90.97743,2.0,0.0,0.0,201.375,3049.0,0.0,-18.078125,0.115600586,105.78618,12682.534,12682.534,1100.0834,525.3654,0.0,7.4393682,0.0,2.3437505,4.0,0.0,37.66479,35.999954,3.3749957,0.0,0.0,1.828125,0.0,0.0,0.0,0.0,0.0,0.0,1.9999695,1.0,45.404053,2.3437505,28.252542,26.932436,0.0,110.9998,0.0,1.0,102.90065,101.49105,720.0,554.25,-8.9622034E-8,-24.4375,0.0,-27.5,6.06873,72.99998,18.389893,0.0,98.03,0.0,0.0,-0.4333496,99.998474,99.565125,0.6542969,97.63,97.91,97.28,97.76,0
252015.78,0.115864515,-3.6535547,0.092111506,0.085245416,101.4911,24.060139,13.896115,-10.5056,0.0,0.0,92.082,8.318,4.561,15.561,24.481,0.0,90.97743,2.0,0.0,0.0,200.625,3039.0,0.0,-17.492188,0.11553955,105.777885,12699.516,12699.516,1100.0834,525.3654,0.0,7.0366673,0.0,2.3437505,4.0,0.0,37.7329,36.374954,2.2499971,0.0,0.0,1.6328125,0.0,0.0,0.0,0.0,0.0,0.0,1.9999695,1.0,45.404053,2.3437505,29.077145,27.69846,0.0,110.99982,0.0,1.0,102.87576,101.49105,720.0,553.5,-7.169763E-8,-25.21875,0.0,-28.28125,5.6019044,72.99998,18.487549,0.0,97.78,0.0,0.0,-0.42419434,99.998474,99.57428,0.6542969,98.01,97.71,97.17,97.33,0
252015.81,0.11269161,-3.673922,0.089052945,0.08524541,101.4911,24.060139,13.893296,-10.621195,0.0,0.0,92.082,0.0,4.561,15.561,24.481,0.0,90.97743,2.0,0.0,0.0,200.25,3025.0,0.0,-16.835938,0.11590576,105.777885,12702.699,12702.699,1100.0834,525.3654,0.0,6.358434,0.0,2.3437505,4.0,0.0,37.794193,37.49995,2.2499971,0.0,0.0,2.265625,0.0,0.0,0.0,0.0,0.0,0.0,1.9999695,1.0,44.97986,2.3437505,28.280361,27.504261,0.0,110.99983,0.0,1.0,103.09136,101.49105,720.0,552.75,-5.7358104E-8,-25.71875,0.0,-29.1875,5.135079,72.99998,18.029785,0.0,96.91,0.0,0.0,-0.680542,99.998474,99.31793,0.64453125,96.53,96.94,96.98,97.01,0
252015.84,0.1501533,-3.663319,0.086797096,0.08524541,101.4911,24.060139,13.903042,-10.690457,0.0,0.0,92.082,0.0,4.561,15.561,24.481,0.0,90.97743,2.0,0.0,0.0,200.25,3014.0,0.0,-17.171875,0.11621094,105.76959,12726.579,12726.579,1100.0834,525.3654,0.0,6.4008236,0.0,2.3437505,4.0,0.0,37.84936,38.24995,2.2499971,0.0,0.0,2.9140625,0.0,0.0,0.0,0.0,0.0,0.0,1.9999695,1.0,44.97986,2.3437505,27.802937,27.502108,0.0,110.99985,0.0,1.0,102.87576,101.49105,720.0,553.125,-4.5886484E-8,-26.1875,0.0,-29.6875,5.135079,72.99998,17.907715,0.0,96.93,0.0,0.0,-0.4058838,99.998474,99.59259,0.6542969,96.74,96.74,96.22,96.29,0
252015.89,0.16012263,-3.640328,0.08728039,0.085203014,101.4911,24.060139,13.904004,-10.66212,0.0,0.0,92.082,0.0,4.561,15.561,24.481,0.0,90.97743,2.0,0.0,0.0,200.25,2999.0,0.0,-17.6875,0.11621094,105.76959,12734.009,12734.009,1100.0834,525.3654,0.0,6.3372393,0.0,2.3437505,4.0,0.0,37.89901,37.87495,2.2499971,0.0,0.0,3.5390625,0.0,0.0,0.0,0.0,0.0,0.0,1.9999695,1.0,44.97986,2.3437505,27.998272,27.565374,0.0,110.99986,0.0,1.0,102.87576,101.49105,720.0,553.875,-3.670919E-8,-26.0625,0.0,-29.59375,5.135079,72.99998,17.8833,0.0,96.45,0.0,0.0,-0.41809082,99.998474,99.58038,0.64453125,95.77,96.06,96.17,96.14,0
252015.92,0.16809812,-3.6498814,0.08791601,0.085203014,101.4911,24.060139,13.898818,-10.656589,0.0,0.0,92.082,0.0,4.561,15.561,24.481,0.0,90.97743,2.0,0.0,0.0,200.25,2988.0,0.0,-17.632812,0.11651611,105.76959,12737.193,12737.193,1100.0834,525.3654,0.0,6.3372393,0.0,2.3437505,4.0,0.0,37.943695,37.87495,2.2499971,0.0,0.0,3.4296875,0.0,0.0,0.0,0.0,0.0,0.0,1.9999695,1.0,44.97986,2.3437505,28.03639,27.487816,0.0,110.99988,0.0,1.0,102.87576,101.49105,720.0,553.875,-2.9367351E-8,-25.90625,0.0,-29.28125,5.135079,72.99998,17.8833,0.0,95.85,0.0,0.0,-0.43029785,99.998474,99.56818,0.6542969,95.5,95.57,95.33,95.28,0
252015.97,0.1744785,-3.6349528,0.0880225,0.085033454,101.4911,24.060139,13.901048,-10.658459,0.0,0.0,92.082,0.0,4.561,15.561,24.481,0.0,90.97743,2.0,0.0,0.0,200.25,2970.0,0.0,-17.570312,0.11651611,105.76959,12767.972,12767.972,1100.0834,525.3654,0.0,6.273655,0.0,2.3437505,4.0,0.0,37.983913,37.87495,2.2499971,0.0,0.0,3.390625,0.0,0.0,0.0,0.0,0.0,0.0,1.9999695,1.0,44.97986,2.3437505,28.0235,27.432034,0.0,110.99989,0.0,1.0,102.87576,101.49105,720.0,553.5,-2.349388E-8,-25.84375,0.0,-29.09375,5.135079,72.99998,17.8833,0.0,95.08,0.0,0.0,-0.43029785,99.998474,99.56818,0.64941406,94.73,95.26,95.26,95.14,0
252016.02,0.1995828,-3.6477313,0.08796691,0.085033454,101.4911,24.060139,13.896749,-10.662621,0.0,0.0,92.082,0.0,4.561,15.561,24.481,0.0,90.97743,2.0,0.0,0.0,200.25,2955.0,0.0,-17.523438,0.11651611,105.76959,12767.972,12767.972,1100.0834,524.5694,0.0,6.2312655,0.0,2.3437505,4.0,0.0,38.020107,37.87495,2.2499971,0.0,0.0,3.3046875,0.0,0.0,0.0,0.0,0.0,0.0,1.9999695,1.0,44.555664,2.3437505,27.99481,27.38816,0.0,110.99991,0.0,1.0,102.87576,101.49105,720.0,553.5,-1.8795104E-8,-25.78125,0.0,-29.09375,5.135079,72.99998,17.791748,0.0,95.0,0.0,0.0,-0.43029785,99.998474,99.56818,0.64941406,94.4,94.44,94.27,94.4,0
252016.05,0.21966624,-3.6340928,0.087140776,0.08494867,101.4911,24.060139,13.905458,-10.681381,0.0,0.0,92.082,0.0,4.561,15.561,24.481,0.0,90.97743,2.0,0.0,0.0,200.625,2936.0,0.0,-17.421875,0.11682129,105.7613,12795.567,12795.567,1100.0834,524.5694,0.0,6.104097,0.0,2.3437505,4.0,0.0,38.05268,37.49995,2.6249967,0.0,0.0,3.1875,0.0,0.0,0.0,0.0,0.0,0.0,1.9999695,1.0,44.525146,2.3437505,27.865498,27.401648,0.0,110.99992,0.0,1.0,102.87576,101.49105,720.0,553.5,-1.5036084E-8,-25.8125,0.0,-29.09375,5.135079,72.99998,17.72461,0.0,94.05,0.0,0.0,-0.43029785,99.998474,99.56818,0.64941406,93.97,94.15,93.97,94.27,0
252016.1,0.255733,-3.6286373,0.085447684,0.08494867,101.4911,24.060139,13.87054,-10.731688,0.0,0.0,92.082,0.0,4.561,15.561,24.481,0.0,90.97743,2.0,0.0,0.0,200.625,2920.0,0.0,-17.335938,0.11682129,105.7613,12802.466,12802.466,1100.0834,524.5694,0.0,5.9557333,0.0,2.3437505,4.0,0.0,38.082,38.24995,2.6249967,0.0,0.0,3.4765625,0.0,0.0,0.0,0.0,0.0,0.0,1.9999695,1.0,44.525146,2.3437505,27.518742,27.398888,0.0,110.99992,0.0,1.0,102.87576,101.49105,720.0,553.5,-1.2028868E-8,-25.9375,0.0,-29.09375,5.135079,72.99998,17.565918,0.0,94.03,0.0,0.0,-0.43029785,99.998474,99.56818,1.0473633,93.47,93.62,93.23,93.32,0
252016.12,0.22458641,-3.645205,0.08524388,0.08482151,101.4911,24.060139,13.851955,-10.72705,0.0,0.0,92.082,0.0,4.561,15.561,24.481,0.0,90.97743,2.0,0.0,0.0,200.625,2906.0,0.0,-17.835938,0.1171875,105.7613,12810.956,12810.956,1100.0834,523.24274,0.0,6.0405126,0.0,2.3437505,4.0,0.0,38.108387,38.24995,2.6249967,0.0,0.0,4.0859375,0.0,0.0,0.0,0.0,0.0,0.0,1.9999695,1.0,44.525146,2.3437505,27.550709,27.460388,0.0,110.99992,0.0,1.0,102.87576,101.49105,720.0,553.875,-9.623094E-9,-25.90625,0.0,-29.5,5.135079,72.99998,17.633057,0.0,93.25,0.0,0.0,-0.43029785,99.998474,99.56818,2.8979492,93.36,93.4,93.08,93.15,0
252016.16,0.25966913,-3.651832,0.085621715,0.08482151,101.4911,24.060139,13.862384,-10.731554,0.0,0.0,92.082,0.0,4.561,15.561,24.481,0.0,90.97743,2.0,0.0,0.0,200.625,2892.0,0.0,-17.578125,0.117126465,105.753006,12836.429,12832.184,1100.0834,523.24274,0.0,6.0405126,0.0,2.3437505,4.0,0.0,38.132133,38.24995,2.6249967,0.0,0.0,4.5,0.0,0.0,0.0,0.0,0.0,0.0,1.9999695,1.0,44.49005,2.3437505,27.51966,27.343119,0.0,110.99992,0.0,1.0,102.87576,101.49105,720.0,553.5,-7.698476E-9,-25.8125,0.0,-29.28125,5.135079,72.99998,17.565918,1.0,92.84,0.0,0.0,-0.43029785,99.998474,99.56818,3.2104492,92.42,92.8,92.31,92.39,0
252016.2,0.2677353,-3.6544828,0.086705394,0.08482151,101.4911,24.060139,13.852106,-10.734018,0.0,0.0,92.082,0.0,4.561,15.561,24.481,0.0,90.97743,2.0,0.0,0.0,200.625,2880.0,0.0,-16.007812,0.11645508,105.728134,12836.429,12836.429,1100.0834,522.4467,0.0,6.104097,0.0,2.3437505,4.0,0.0,38.228695,37.87495,2.6249967,0.0,0.0,7.234375,0.0,0.0,0.0,0.0,0.0,0.0,1.9999695,1.0,44.49005,2.3437505,27.502674,27.115814,0.0,110.99992,0.0,1.0,102.87576,101.49105,720.0,552.0,-6.1587806E-9,-25.59375,0.0,-29.375,5.135079,72.99998,17.584229,1.0,92.37,0.0,0.0,-0.43029785,99.998474,99.56818,3.503418,92.35,92.35,92.03,92.07,0
252016.25,0.25418824,-3.6742933,0.08461454,0.0754958,101.4911,24.060139,13.868349,-10.89056,0.0,0.0,92.082,0.0,4.561,15.561,24.481,0.0,90.97743,2.0,0.0,0.0,200.625,2863.0,0.0,-9.6484375,0.11981201,105.82764,12856.594,12839.612,1100.0834,522.4467,0.0,5.8285646,0.0,2.3437505,4.0,0.0,38.315598,38.99995,2.2499971,0.0,0.0,9.625,0.0,0.0,0.0,0.0,0.0,0.0,1.9999695,1.0,44.456482,2.3437505,26.423655,24.636572,0.0,110.99992,0.0,1.0,103.12453,101.49105,720.0,545.625,-4.9270246E-9,-25.96875,0.0,-29.375,4.6682534,72.99998,17.211914,1.0,91.86,0.0,0.0,-0.80566406,99.998474,99.19281,3.6254883,91.38,91.77,91.38,91.61,0
252016.28,0.26335058,-3.6822176,0.077170886,0.0754958,101.4911,24.060139,13.868,-11.1033325,0.0,0.0,92.082,0.0,4.561,15.561,24.481,0.0,90.97743,2.0,0.0,0.0,199.125,2847.0,0.0,-9.0546875,0.12011719,105.82764,12870.392,12843.858,1100.0834,522.4467,0.0,5.2563057,0.0,2.5781255,4.0,0.0,38.39381,40.12495,1.1249986,0.0,0.0,10.359375,0.0,0.0,0.0,0.0,0.0,0.0,1.9999695,1.0,44.456482,2.5781255,24.957033,24.629623,0.0,110.99992,0.0,1.0,103.19086,101.49105,720.0,545.25,-3.94162E-9,-25.65625,0.0,-29.28125,4.6682534,72.99998,17.315674,1.0,91.35,0.0,0.0,-0.6286621,99.998474,99.36981,3.6328125,91.12,91.35,91.12,91.25,0
252016.31,0.27068046,-3.6853871,0.07537356,0.075707756,101.4911,24.060139,13.867756,-11.170256,0.0,0.0,92.082,0.0,4.561,15.561,24.481,0.0,90.97743,2.0,0.0,0.0,199.125,2829.0,0.0,-10.9921875,0.12011719,105.82764,12883.658,12848.104,1100.0834,521.3854,0.0,5.2563057,0.0,2.742188,4.0,0.0,38.464203,40.12495,1.1249986,0.0,0.0,12.4921875,0.0,0.0,0.0,0.0,0.0,0.0,1.9999695,1.0,44.033813,2.742188,24.495745,24.565376,0.0,110.99992,0.0,1.0,103.306946,101.49105,720.0,547.125,-3.153296E-9,-25.625,0.0,-29.375,4.6682534,72.99998,17.572021,1.0,90.76,0.0,0.0,-0.82092285,99.998474,99.17755,3.6328125,90.32,90.57,90.47,90.62,0
252016.38,0.29654437,-3.6679049,0.075137705,0.07583492,101.4911,24.060139,13.879304,-11.173315,0.0,0.0,92.082,0.0,4.561,15.561,24.481,0.0,90.97743,2.0,0.0,0.0,199.125,2816.0,0.0,-13.2734375,0.12011719,105.81934,12897.456,12852.349,1100.0834,521.3854,0.0,5.341085,0.0,2.8570316,4.0,0.0,38.527557,40.12495,1.1249986,0.0,0.0,14.1953125,0.0,0.0,0.0,0.0,0.0,0.0,1.9999695,1.0,44.00482,2.8570316,24.474655,24.611824,0.0,110.99992,0.0,1.0,103.31523,101.49105,720.0,549.375,-2.522637E-9,-25.59375,0.0,-29.375,4.6682534,72.99998,17.596436,1.0,90.34,0.0,0.0,-0.6713867,99.998474,99.32709,3.6328125,90.21,90.28,90.17,90.01,0
252016.42,0.3372355,-3.6234121,0.076177776,0.07596209,101.4911,24.060139,13.869809,-11.157873,0.0,0.0,92.082,0.0,4.561,15.561,24.481,0.0,90.97743,2.0,0.0,0.0,199.125,2798.0,0.0,-13.0625,0.1204834,105.81934,12904.886,12856.594,1100.0834,520.32404,0.0,5.3834743,0.0,2.937422,4.0,0.0,38.584576,40.12495,1.1249986,0.0,0.0,15.421875,0.0,0.0,0.0,0.0,0.0,0.0,1.9999695,1.0,44.00482,2.937422,24.581097,24.53392,0.0,110.99992,0.0,1.0,103.514244,101.49105,720.0,549.0,-2.0181097E-9,-25.5625,0.0,-29.375,4.6682534,72.99998,17.913818,1.0,89.68,0.0,0.0,-0.81481934,99.998474,99.183655,3.6328125,89.2,89.56,89.72,89.56,0
252016.45,0.28978842,-3.586865,0.07630458,0.076089256,101.4911,24.060139,13.880741,-11.15444,0.0,0.0,92.082,0.0,4.561,15.561,24.481,0.0,90.97743,2.0,0.0,0.0,199.125,2783.0,0.0,-12.0,0.1204834,105.81934,12935.664,12860.84,1100.0834,520.32404,0.0,5.341085,0.0,2.9936955,4.0,0.0,38.63589,40.12495,1.1249986,0.0,0.0,15.5390625,0.0,0.0,0.0,0.0,0.0,0.0,1.9999695,1.0,43.969727,2.9936955,24.60476,24.573309,0.0,110.99992,0.0,1.0,103.514244,101.49105,720.0,547.875,-1.6144878E-9,-25.53125,0.0,-29.28125,4.6682534,72.99998,17.840576,1.0,89.5,0.0,0.0,-0.692749,99.998474,99.305725,3.6328125,89.65,89.39,89.03,89.07,0
252016.5,0.23183075,-3.5347462,0.0768699,0.07621643,101.4911,24.060139,13.888393,-11.150322,0.0,0.0,92.082,0.0,4.561,15.561,24.481,0.0,90.97743,2.0,0.0,0.0,199.125,2767.0,0.0,-11.28125,0.1204834,105.81934,12938.849,12865.085,1100.0834,520.32404,0.0,5.341085,0.0,3.0330868,4.0,0.0,38.682076,40.12495,1.1249986,0.0,0.0,15.4765625,0.0,0.0,0.0,0.0,0.0,0.0,1.9999695,1.0,43.969727,3.0330868,24.63314,24.528688,0.0,110.99992,0.0,1.0,103.514244,101.49105,720.0,547.5,-1.2915903E-9,-25.5,0.0,-29.28125,4.6682534,72.99998,17.8833,1.0,89.3,0.0,0.0,-0.6958008,99.998474,99.30267,3.6328125,88.27,88.76,88.56,88.65,0
252016.53,0.1854646,-3.4763985,0.07706818,0.07638598,101.4911,24.060139,13.882031,-11.151954,0.0,0.0,92.082,0.0,4.561,15.561,24.481,0.0,90.97743,2.0,0.0,0.0,199.125,2757.0,0.0,-11.4453125,0.120788574,105.81934,12938.849,12869.33,1100.0834,519.2627,0.0,5.341085,0.0,3.0606606,4.0,0.0,38.72364,40.12495,1.1249986,0.0,0.0,15.3984375,0.0,0.0,0.0,0.0,0.0,0.0,1.9999695,1.0,43.54706,3.0606606,24.621893,24.480843,0.0,110.899925,0.0,1.0,103.71324,101.49105,720.0,547.5,-1.0332722E-9,-25.46875,0.0,-29.28125,4.6682534,72.99998,18.157959,1.0,88.58,0.0,0.0,-1.0803223,99.998474,98.91815,3.6328125,88.71,88.43,88.1,88.1,0
252016.56,0.14837168,-3.4343095,0.077403314,0.076428376,101.4911,24.060139,13.883437,-11.152317,0.0,0.0,92.082,0.0,4.561,15.561,24.481,0.0,90.97743,2.0,0.0,0.0,198.75,2738.0,0.0,-11.4296875,0.120788574,105.81105,12963.26,12873.576,1100.0834,519.2627,0.0,5.3834743,0.0,3.0799625,4.0,0.0,38.76105,40.12495,0.74999905,0.0,0.0,15.0546875,0.0,0.0,0.0,0.0,0.0,0.0,1.9999695,1.0,43.515015,3.0799625,24.619389,24.412102,0.0,110.80993,0.0,1.0,103.71324,101.49105,720.0,547.5,-8.2661783E-10,-25.4375,0.0,-29.28125,4.6682534,72.99998,18.21289,1.0,87.59,0.0,0.0,-0.6652832,99.998474,99.33319,3.6328125,87.45,87.55,87.83,87.8,0
252016.61,0.15869734,-3.361224,0.07814963,0.07655554,101.4911,24.060139,13.872703,-11.147857,0.0,0.0,92.082,0.0,4.561,15.561,24.481,0.0,90.97743,2.0,0.0,0.0,198.75,2721.0,0.0,-11.3671875,0.120788574,105.81105,12973.342,12877.821,1100.0834,518.4667,0.0,5.4258637,0.0,3.0934737,4.0,0.0,38.79472,40.12495,0.74999905,0.0,0.0,14.875,0.0,0.0,0.0,0.0,0.0,0.0,1.9999695,1.0,43.515015,3.0934737,24.650131,24.370872,0.0,110.728935,0.0,1.0,103.83762,101.49105,720.0,547.5,-6.612943E-10,-25.4375,0.0,-29.375,4.6682534,72.99998,18.4021,1.0,87.37,0.0,0.0,-0.87890625,99.998474,99.11957,3.6328125,87.17,87.14,87.02,87.14,0
252016.64,0.14695787,-3.3132396,0.078406535,0.07668272,101.4911,24.060139,13.882767,-11.145544,0.0,0.0,92.082,0.0,4.561,15.561,24.481,0.0,90.97743,2.0,0.0,0.0,198.75,2708.0,0.0,-11.5234375,0.120788574,105.81105,12975.465,12975.465,1100.0834,518.4667,0.0,5.4470587,0.0,3.1029315,4.0,0.0,38.82502,40.12495,0.74999905,0.0,0.0,15.109375,0.0,0.0,0.0,0.0,0.0,0.0,1.9999695,1.0,43.484497,3.1029315,24.666075,24.336327,0.0,110.65604,0.0,1.0,103.83762,101.49105,720.0,547.5,-5.290354E-10,-25.375,0.0,-29.375,4.6682534,72.99998,18.353271,1.0,86.72,0.0,0.0,-0.8026123,99.998474,99.19586,3.6328125,86.56,86.65,86.69,86.84,0
252016.69,0.1375663,-3.2752957,0.078659534,0.076894656,101.4911,24.060139,13.883952,-11.130712,0.0,0.0,92.082,0.0,4.561,15.561,24.481,0.0,90.97743,2.0,0.0,0.0,198.75,2691.0,0.0,-11.609375,0.120788574,105.81105,13007.305,13007.305,1100.0834,518.4667,0.0,5.489448,0.0,3.109552,4.0,0.0,38.85229,40.12495,0.74999905,0.0,0.0,15.625,0.0,0.0,0.0,0.0,0.0,0.0,1.9999695,1.0,43.484497,3.109552,24.768309,24.401634,0.0,110.59043,0.0,1.0,103.88737,101.49105,720.0,547.5,-4.2322834E-10,-25.34375,0.0,-29.28125,4.6682534,72.99998,18.450928,1.0,86.48,0.0,0.0,-0.7141113,99.998474,99.28436,3.6328125,86.26,86.45,86.29,86.18,0
252016.73,0.15005304,-3.2226183,0.07894661,0.076894656,101.4911,24.060139,13.878922,-11.117721,0.0,0.0,92.082,0.0,4.561,15.561,24.481,0.0,90.97743,2.0,0.0,0.0,198.75,2677.0,0.0,-11.65625,0.12109375,105.81105,13007.305,13007.305,1100.0834,517.40533,0.0,5.4046693,0.0,3.1141863,4.0,0.0,38.876835,40.12495,0.74999905,0.0,0.0,16.6875,0.0,0.0,0.0,0.0,0.0,0.0,1.9999695,1.0,43.063354,3.1141863,24.857853,24.428432,0.0,110.53139,0.0,1.0,104.12783,101.49105,720.0,547.875,-3.385827E-10,-25.3125,0.0,-29.28125,4.6682534,72.99998,18.688965,1.0,85.76,0.0,0.0,-1.449585,99.998474,98.54889,3.6328125,85.41,85.69,85.63,85.67,0
252016.77,0.18004243,-3.2202973,0.076615095,0.077064216,101.4911,24.060139,13.881261,-11.183984,0.0,0.0,92.082,0.0,4.561,15.561,24.481,0.0,90.97743,2.0,0.0,0.0,198.75,2661.0,0.0,-11.6484375,0.12109375,105.80276,13025.348,13025.348,1100.0834,517.40533,0.0,5.2563057,0.0,3.1174304,4.0,0.0,38.898926,40.12495,0.74999905,0.0,0.0,17.164062,0.0,0.0,0.0,0.0,0.0,0.0,1.9999695,1.0,43.03131,3.1174304,24.40112,24.489492,0.0,110.47825,0.0,1.0,104.161,101.49105,720.0,547.875,-2.7086616E-10,-25.28125,0.0,-29.375,4.2014284,72.99998,18.603516,1.0,85.54,0.0,0.0,-1.2512207,99.998474,98.74725,3.6328125,85.61,85.4,85.22,85.48,0
252016.8,0.18403396,-3.2381191,0.07557443,0.077064216,101.4911,24.060139,13.877039,-11.214968,0.0,0.0,92.082,0.0,4.561,15.561,24.481,0.0,90.97743,2.0,0.0,0.0,198.75,2653.0,0.0,-11.6328125,0.12109375,105.80276,13041.269,13041.269,1100.0834,516.6093,0.0,5.2351108,0.0,3.1197014,4.0,0.0,38.993996,40.12495,0.74999905,0.0,0.0,17.132812,0.0,0.0,0.0,0.0,0.0,0.0,1.9999695,1.0,43.03131,3.1197014,24.187546,24.477554,0.0,110.43042,0.0,1.0,104.161,101.49105,720.0,547.875,-2.1669293E-10,-25.28125,0.0,-29.59375,4.2014284,72.99998,18.579102,1.0,85.22,0.0,0.0,-1.1962891,99.998474,98.802185,3.6328125,84.38,85.1,84.68,85.0,0
252016.84,0.18722716,-3.2827477,0.07551582,0.077233784,101.4911,24.060139,13.879943,-11.219581,0.0,0.0,92.082,0.0,4.561,15.561,24.481,0.0,90.97743,2.0,0.0,0.0,198.75,2638.0,0.0,-11.53125,0.12109375,105.80276,13041.269,13041.269,1100.0834,516.6093,0.0,5.2351108,0.0,3.121291,4.0,0.0,39.07956,40.12495,0.74999905,0.0,0.0,17.148438,0.0,0.0,0.0,0.0,0.0,0.0,1.9999695,1.0,43.00232,3.121291,24.155748,24.505062,0.0,110.387375,0.0,1.0,104.161,101.49105,720.0,547.5,-1.7335434E-10,-25.25,0.0,-29.59375,4.2014284,72.99998,18.554688,1.0,84.9,0.0,0.0,-1.1169434,99.998474,98.88153,3.6328125,84.83,84.76,84.41,84.48,0
252016.89,0.22978173,-3.300599,0.07600352,0.07727616,101.4911,24.060139,13.881975,-11.217696,0.0,0.0,92.082,0.0,4.561,15.561,24.481,0.0,90.97743,2.0,0.0,0.0,198.75,2623.0,0.0,-11.5625,0.12109375,105.80276,13069.394,13069.394,1100.0834,516.6093,0.0,5.3834743,0.0,3.1224036,4.0,0.0,39.156567,40.12495,0.74999905,0.0,0.0,16.78125,0.0,0.0,0.0,0.0,0.0,0.0,1.9999695,1.0,43.00232,3.1224036,24.168736,24.428112,0.0,110.34863,0.0,1.0,104.17758,101.49105,720.0,547.5,-1.3868348E-10,-25.21875,0.0,-29.5,4.2014284,72.99998,18.530273,1.0,84.62,0.0,0.0,-1.1932373,99.998474,98.80524,3.6328125,83.79,83.62,83.71,83.99,0
252016.92,0.18382539,-3.3452396,0.07647344,0.07753051,101.4911,24.060139,13.871679,-11.21672,0.0,0.0,92.082,0.0,4.561,15.561,24.481,0.0,90.82706,2.0,0.0,0.0,198.75,2602.0,0.0,-11.5390625,0.12109375,105.80276,13075.762,13075.762,1100.0834,515.548,0.0,5.4258637,0.0,3.1231825,4.0,0.0,39.225872,40.12495,0.74999905,0.0,0.0,16.695312,0.0,0.0,0.0,0.0,0.0,0.0,1.9999695,1.0,42.57965,3.1231825,24.175468,24.383568,0.0,110.31377,0.0,1.0,104.368286,101.49105,720.0,547.5,-1.10946786E-10,-25.1875,0.0,-29.28125,4.2014284,72.99998,18.87207,1.0,84.15,0.0,0.0,-1.7913818,99.998474,98.20709,3.6328125,84.51,84.3,83.79,83.54,0
252016.97,0.12706032,-3.344346,0.076231174,0.0775729,101.4911,24.060139,13.876191,-11.218871,0.0,0.0,92.082,0.0,4.561,15.561,24.481,0.0,90.70676,2.0,0.0,0.0,198.75,2597.0,0.0,-11.5703125,0.121398926,105.80276,13075.762,13075.762,1100.0834,515.548,0.0,5.4046693,0.0,3.1237278,4.0,0.0,39.288246,40.12495,0.74999905,0.0,0.0,17.46875,0.0,0.0,0.0,0.0,0.0,0.0,1.9999695,1.0,42.549133,3.1237278,24.160639,24.440979,0.0,110.28239,0.0,1.0,104.41804,101.49105,720.0,547.5,-8.875743E-11,-25.15625,0.0,-29.28125,4.2014284,72.99998,18.99414,1.0,83.08,0.0,0.0,-1.8615723,99.998474,98.1369,3.6376953,83.0,83.03,83.07,83.41,0
252017.02,0.14164826,-3.2502384,0.07706626,0.07761529,101.4911,24.060139,13.867631,-11.18947,0.0,0.0,92.082,0.0,4.561,15.561,24.481,0.0,90.61052,2.0,0.0,0.0,198.375,2586.0,0.0,-11.578125,0.121398926,105.80276,13100.173,13100.173,1100.0834,514.752,0.0,5.4682536,0.0,3.1241095,4.0,0.0,39.344383,40.12495,0.37499952,0.0,0.0,17.796875,0.0,0.0,0.0,0.0,0.0,0.0,1.9999695,1.0,42.549133,3.1241095,24.363298,24.468573,0.0,110.25414,0.0,1.0,104.47609,101.49105,720.0,547.5,-7.1005944E-11,-25.15625,0.0,-29.28125,4.2014284,72.99998,19.110107,1.0,83.2,0.0,0.0,-1.7974854,99.998474,98.20099,3.6376953,83.28,82.98,82.67,83.21,0
252017.06,0.113318615,-3.0813456,0.07719704,0.07765768,101.4911,24.060139,13.879216,-11.170508,0.0,0.0,92.082,0.0,4.561,15.561,24.481,0.0,90.53353,2.0,0.0,0.0,198.375,2584.0,0.0,-11.609375,0.121398926,105.79447,13109.725,13109.725,1100.0834,514.752,0.0,5.3834743,0.0,3.1243765,4.0,0.0,39.394905,40.12495,0.37499952,0.0,0.0,18.53125,0.0,0.0,0.0,0.0,0.0,0.0,1.9999695,1.0,42.52777,3.1243765,24.493996,24.597692,0.0,110.22873,0.0,1.0,104.47609,101.49105,720.0,547.5,-5.6804755E-11,-25.125,0.0,-29.1875,4.2014284,72.99998,19.067383,1.0,82.9,0.0,0.0,-1.8127441,99.998474,98.18573,3.6376953,82.73,82.8,82.5,82.27,0
252017.1,0.050654896,-2.9200382,0.07773022,0.07778484,101.4911,24.060139,13.887326,-11.159726,0.0,0.0,92.082,0.0,4.561,15.561,24.481,0.0,90.47194,2.0,0.0,0.0,198.375,2574.0,0.0,-11.625,0.121398926,105.79447,13132.013,13132.013,1100.0834,514.752,0.0,5.489448,0.0,3.1245635,4.0,0.0,39.440376,40.12495,0.37499952,0.0,0.0,18.453125,0.0,0.0,0.0,0.0,0.0,0.0,1.9999695,1.0,42.52777,3.1245635,24.568317,24.589842,0.0,110.20586,0.0,1.0,104.50096,101.49105,720.0,547.5,-4.5443805E-11,-25.125,0.0,-29.1875,4.2014284,72.99998,19.07959,1.0,82.7,0.0,0.0,-1.8676758,99.998474,98.1308,3.6376953,82.63,82.57,82.57,82.52,0
252017.12,0.040523916,-2.6867654,0.07802692,0.07782723,101.4911,24.060139,13.887144,-11.14614,0.0,0.0,92.082,0.0,4.561,15.561,24.481,0.0,90.42267,2.0,0.0,0.0,198.375,2569.0,0.0,-11.4921875,0.12072754,105.76959,13141.034,13141.034,1100.0834,514.48663,0.0,5.4470587,0.0,3.1246943,4.0,0.0,39.4813,40.12495,0.37499952,0.0,0.0,18.03125,0.0,0.0,0.0,0.0,0.0,0.0,1.9999695,1.0,42.10663,3.1246943,24.66196,24.616184,0.0,110.185265,0.0,1.0,104.69167,101.49105,720.0,547.5,-3.6355044E-11,-25.09375,0.0,-29.375,4.2014284,72.99998,19.439697,1.0,82.38,0.0,0.0,-2.3345947,99.998474,97.66388,3.6376953,82.14,82.2,82.18,82.01,0
252017.17,0.032419134,-2.387206,0.07821061,0.07791201,101.4911,24.060139,13.892876,-11.140683,0.0,0.0,92.082,0.0,4.561,15.561,24.481,0.0,90.38325,2.0,0.0,0.0,198.375,2559.0,0.0,-11.359375,0.121398926,105.79447,13146.341,13146.341,1100.0834,514.48663,0.0,5.489448,0.0,3.124786,4.0,0.0,39.51813,40.12495,0.37499952,0.0,0.0,18.492188,0.0,0.0,0.0,0.0,0.0,0.0,1.9999695,1.0,42.092896,3.124786,24.69958,24.605608,0.0,110.16673,0.0,1.0,104.7663,101.49105,720.0,547.5,-2.9084036E-11,-25.09375,0.0,-29.375,4.2014284,72.99998,19.500732,1.0,82.13,0.0,0.0,-2.5360107,99.998474,97.46246,3.6376953,81.91,81.98,82.01,82.1,0
252017.2,0.045935307,-2.1361325,0.07836435,0.07786962,101.4911,24.060139,13.885169,-11.131077,0.0,0.0,92.082,0.0,4.561,15.561,24.481,0.0,90.351715,2.0,0.0,0.0,198.375,2551.0,0.0,-11.4609375,0.12072754,105.76959,13163.322,13163.322,1100.0834,513.956,0.0,5.510643,0.0,3.12485,4.0,0.0,39.55128,40.12495,0.37499952,0.0,0.0,19.0,0.0,0.0,0.0,0.0,0.0,0.0,1.9999695,1.0,42.092896,3.12485,24.765795,24.673346,0.0,110.150055,0.0,1.0,104.79946,101.49105,720.0,547.5,-2.3267228E-11,-25.0625,0.0,-29.375,4.2014284,72.99998,19.580078,1.0,82.01,0.0,0.0,-2.4353027,99.998474,97.56317,3.6376953,81.85,81.85,81.59,81.61,0
252017.25,0.056748245,-1.923203,0.078758165,0.07791201,101.4911,24.060139,13.891493,-11.124414,0.0,0.0,92.082,0.0,4.561,15.561,24.481,0.0,90.326485,2.0,0.0,0.0,198.375,2546.0,0.0,-11.5,0.12072754,105.7613,13178.182,13178.182,1100.0834,513.956,0.0,5.489448,0.0,3.124895,4.0,0.0,39.581116,40.12495,0.37499952,0.0,0.0,19.117188,0.0,0.0,0.0,0.0,0.0,0.0,1.9999695,1.0,42.077637,3.124895,24.811724,24.618322,0.0,110.13505,0.0,1.0,104.79946,101.49105,720.0,547.5,-1.8613782E-11,-25.0625,0.0,-29.375,4.2014284,72.99998,19.537354,1.0,81.4,0.0,0.0,-2.3864746,99.998474,97.612,3.6376953,81.36,81.49,81.38,81.68,0
252017.3,0.0853986,-1.8005311,0.07892876,0.07799679,101.4911,24.060139,13.89592,-11.114482,0.0,0.0,92.082,0.0,4.561,15.561,24.481,0.0,90.306305,2.0,0.0,0.0,198.375,2539.0,0.0,-11.421875,0.12072754,105.7613,13180.305,13180.305,1100.0834,513.956,0.0,5.5742273,0.0,3.1249266,4.0,0.0,39.607967,40.12495,0.37499952,0.0,0.0,19.070312,0.0,0.0,0.0,0.0,0.0,0.0,1.9999695,1.0,42.077637,3.1249266,24.880182,24.671587,0.0,110.121544,0.0,1.0,104.849205,101.49105,720.0,547.5,-1.4891026E-11,-25.03125,0.0,-29.28125,4.2014284,72.99998,19.604492,1.0,81.61,0.0,0.0,-2.39563,99.998474,97.602844,3.6376953,81.42,81.22,81.29,81.13,0
252017.33,0.06831888,-1.7139626,0.079323225,0.07808158,101.4911,24.060139,13.893159,-11.107786,0.0,0.0,92.082,0.0,4.561,15.561,24.481,0.0,90.29016,2.0,0.0,0.0,198.375,2531.0,0.0,-11.421875,0.12072754,105.7613,13186.672,13186.672,1100.0834,513.6906,0.0,5.510643,0.0,3.1249485,4.0,0.0,39.632133,40.12495,0.37499952,0.0,0.0,18.78125,0.0,0.0,0.0,0.0,0.0,0.0,1.9999695,1.0,41.656494,3.1249485,24.92634,24.667078,0.0,110.10939,0.0,1.0,104.849205,101.49105,720.0,547.5,-1.19128206E-11,-25.03125,0.0,-29.28125,4.2014284,72.99998,19.604492,1.0,80.97,0.0,0.0,-2.4017334,99.998474,97.59674,3.6376953,80.78,80.87,81.17,80.94,0
252017.38,0.054655105,-1.6793351,0.07964674,0.07808158,101.4911,24.060139,13.897086,-11.108251,0.0,0.0,92.082,0.0,4.561,15.561,24.481,0.0,90.277245,2.0,0.0,0.0,198.375,2525.0,0.0,-11.453125,0.12072754,105.7613,13212.145,13212.145,1100.0834,513.6906,0.0,5.531838,0.0,2.890589,4.0,0.0,39.65388,40.12495,0.37499952,0.0,0.0,18.421875,0.0,0.0,0.0,0.0,0.0,0.0,1.9999695,1.0,41.64734,2.890589,24.923134,24.6058,0.0,110.09845,0.0,1.0,105.01505,101.49105,720.0,547.5,-9.530257E-12,-25.03125,0.0,-29.28125,4.2014284,72.99998,19.934082,1.0,81.0,0.0,0.0,-3.0395508,99.998474,96.95892,3.6376953,80.81,80.87,80.81,80.58,0
252017.4,0.063724086,-1.646734,0.07873586,0.078123964,101.4911,24.060139,13.888117,-11.135371,0.0,0.0,92.082,0.0,4.561,15.561,24.481,0.0,90.26691,2.0,0.0,0.0,198.375,2520.0,0.0,-11.3984375,0.12072754,105.7613,13212.145,13212.145,1100.0834,513.16,0.0,5.4470587,0.0,2.9609122,4.0,0.0,39.673454,40.12495,0.37499952,0.0,0.0,18.929688,0.0,0.0,0.0,0.0,0.0,0.0,1.9999695,1.0,41.64734,2.9609122,24.736198,24.592236,0.0,110.0886,0.0,1.0,105.08967,101.49105,720.0,547.5,-7.624206E-12,-25.0,0.0,-29.375,4.2014284,72.99998,19.927979,1.0,80.64,0.0,0.0,-3.0517578,99.998474,96.94672,3.6376953,80.65,80.72,80.39,80.58,0
252017.44,0.050979268,-1.6149436,0.07798377,0.07816635,101.4911,24.060139,13.893557,-11.145142,0.0,0.0,92.082,0.0,4.561,15.561,24.481,0.0,90.25864,2.0,0.0,0.0,198.375,2517.0,0.0,-11.40625,0.12072754,105.7613,13229.657,13229.657,1100.0834,513.16,0.0,5.4046693,0.0,3.0101385,4.0,0.0,39.69107,40.12495,0.37499952,0.0,0.0,19.851562,0.0,0.0,0.0,0.0,0.0,0.0,1.9999695,1.0,41.63208,3.0101385,24.668846,24.697475,0.0,110.079735,0.0,1.0,105.08967,101.49105,720.0,547.5,-6.099365E-12,-25.0,0.0,-29.375,4.2014284,72.99998,19.885254,1.0,80.73,0.0,0.0,-2.9052734,99.998474,97.0932,3.6376953,80.72,80.87,80.47,80.56,0
252017.48,0.040783416,-1.5459775,0.07737546,0.07816635,101.4911,24.060139,13.897365,-11.163254,0.0,0.0,92.082,0.0,4.561,15.561,24.481,0.0,90.25202,2.0,0.0,0.0,198.375,2518.0,0.0,-11.421875,0.12072754,105.7613,13246.639,13246.639,1100.0834,513.16,0.0,5.31989,0.0,3.044597,4.0,0.0,39.706924,40.12495,0.37499952,0.0,0.0,19.875,0.0,0.0,0.0,0.0,0.0,0.0,1.9999695,1.0,41.63208,3.044597,24.544006,24.710217,0.0,110.07176,0.0,1.0,105.12283,101.49105,720.0,547.5,-4.879492E-12,-25.0,0.0,-29.375,4.2014284,72.99998,19.854736,1.0,80.86,0.0,0.0,-2.9327393,99.998474,97.065735,3.6376953,80.72,80.84,80.15,80.47,0
252017.52,0.032626733,-1.330891,0.076836854,0.078123964,101.4911,24.060139,13.888311,-11.17929,0.0,0.0,92.082,0.0,4.561,15.561,24.481,0.0,90.246735,2.0,0.0,0.0,198.375,2520.0,0.0,-11.4140625,0.121032715,105.7613,13255.129,13255.129,1100.0834,513.16,0.0,5.31989,0.0,3.0687177,4.0,0.0,39.721195,40.12495,0.37499952,0.0,0.0,19.804688,0.0,0.0,0.0,0.0,0.0,0.0,1.9999695,1.0,41.210938,3.0687177,24.433474,24.698238,0.0,110.06458,0.0,1.0,105.12283,101.49105,720.0,547.5,-3.903594E-12,-25.0,0.0,-29.375,4.2014284,72.99998,19.836426,1.0,80.55,0.0,0.0,-2.8564453,99.998474,97.14203,3.6376953,80.75,80.75,80.36,80.3,0
252017.56,0.046101384,-1.1323564,0.076747715,0.078123964,101.4911,24.060139,13.899552,-11.181943,0.0,0.0,92.082,0.0,4.561,15.561,24.481,0.0,90.2425,2.0,0.0,0.0,198.375,2520.0,0.0,-11.390625,0.121032715,105.753006,13277.417,13277.417,1100.0834,513.16,0.0,5.298695,0.0,3.0856023,4.0,0.0,39.734035,40.12495,0.37499952,0.0,0.0,19.695312,0.0,0.0,0.0,0.0,0.0,0.0,1.9999695,1.0,41.20941,3.0856023,24.41518,24.698238,0.0,110.05812,0.0,1.0,105.12283,101.49105,720.0,547.5,-3.1228752E-12,-25.0,0.0,-29.375,4.2014284,72.99998,19.787598,1.0,80.64,0.0,0.0,-2.8564453,99.998474,97.14203,3.6376953,80.69,80.72,79.75,80.47,0
252017.6,0.036881108,-0.99669266,0.07691902,0.07816635,101.4911,24.060139,13.895702,-11.181891,0.0,0.0,92.082,0.0,4.561,15.561,24.481,0.0,90.23911,2.0,0.0,0.0,198.375,2518.0,0.0,-11.3515625,0.121032715,105.753006,13280.602,13280.602,1100.0834,513.16,0.0,5.31989,0.0,3.0974216,4.0,0.0,39.745594,40.12495,0.37499952,0.0,0.0,19.179688,0.0,0.0,0.0,0.0,0.0,0.0,1.9999695,1.0,41.20941,3.0974216,24.415535,24.68262,0.0,110.05231,0.0,1.0,105.12283,101.49105,720.0,547.5,-2.4983002E-12,-25.0,0.0,-29.375,4.2014284,72.99998,19.787598,1.0,80.56,0.0,0.0,-2.871704,99.998474,97.12677,3.6376953,80.65,80.3,80.43,80.3,0
252017.64,0.049504884,-0.88617706,0.07732594,0.07816635,101.4911,24.060139,13.904726,-11.174825,0.0,0.0,92.082,0.0,4.561,15.561,24.481,0.0,90.236404,2.0,0.0,0.0,198.375,2516.0,0.0,-11.3359375,0.121032715,105.753006,13285.908,13285.908,1100.0834,513.16,0.0,5.4046693,0.0,3.105695,4.0,0.0,39.755997,40.12495,0.37499952,0.0,0.0,19.125,0.0,0.0,0.0,0.0,0.0,0.0,1.9999695,1.0,41.210938,3.105695,24.464249,24.658247,0.0,110.04707,0.0,1.0,105.17259,101.49105,720.0,547.5,-1.9986402E-12,-25.0,0.0,-29.375,4.2014284,72.99998,19.970703,1.0,80.35,0.0,0.0,-2.9785156,99.998474,97.01996,3.6376953,80.24,80.49,79.82,79.95,0
252017.7,0.039603908,-0.8419708,0.077646464,0.07820874,101.4911,24.060139,13.905183,-11.162756,0.0,0.0,92.082,0.0,4.561,15.561,24.481,0.0,90.23424,2.0,0.0,0.0,198.375,2514.0,0.0,-11.4921875,0.121032715,105.753006,13306.6045,13306.6045,1100.0834,513.16,0.0,5.4682536,0.0,3.1114864,4.0,0.0,39.765358,40.12495,0.37499952,0.0,0.0,19.210938,0.0,0.0,0.0,0.0,0.0,0.0,1.9999695,1.0,41.210938,3.1114864,24.547428,24.654184,0.0,110.042366,0.0,1.0,105.28038,101.49105,720.0,547.5,-1.5989122E-12,-25.0,0.0,-29.375,4.2014284,72.99998,20.166016,1.0,80.49,0.0,0.0,-3.3325195,99.998474,96.665955,3.6376953,80.36,80.21,79.99,79.92,0
252017.73,0.03168313,-0.7492883,0.07820111,0.07825112,101.4911,24.060139,13.899644,-11.151292,0.0,0.0,92.082,0.0,4.561,15.561,24.481,0.0,90.232506,2.0,0.0,0.0,198.375,2509.0,0.0,-11.6640625,0.121032715,105.753006,13315.095,13315.095,1100.0834,512.89465,0.0,5.531838,0.0,3.1155405,4.0,0.0,39.773785,40.12495,0.37499952,0.0,0.0,19.460938,0.0,0.0,0.0,0.0,0.0,0.0,1.9999695,1.0,41.210938,3.1155405,24.626457,24.650145,0.0,110.038124,0.0,1.0,105.37988,101.49105,720.0,547.875,-1.2791298E-12,-25.0,0.0,-29.375,4.2014284,72.99998,20.33081,1.0,80.12,0.0,0.0,-3.3752441,99.998474,96.62323,3.6376953,80.24,80.24,79.9,80.03,0
252017.77,0.025346503,-0.71221536,0.078613214,0.07829352,101.4911,24.060139,13.907485,-11.141546,0.0,0.0,92.082,0.0,4.561,15.561,24.481,0.0,90.23112,2.0,0.0,0.0,198.375,2506.0,0.0,-11.6015625,0.121032715,105.74472,13320.401,13320.401,1100.0834,512.89465,0.0,5.531838,0.0,3.1183784,4.0,0.0,39.78137,40.12495,0.37499952,0.0,0.0,19.492188,0.0,0.0,0.0,0.0,0.0,0.0,1.9999695,1.0,41.20636,3.1183784,24.693632,24.627918,0.0,110.03431,0.0,1.0,105.44622,101.49105,720.0,547.5,-1.0233038E-12,-24.96875,0.0,-29.375,4.2014284,72.99998,20.422363,1.0,79.98,0.0,0.0,-3.5858154,99.998474,96.41266,3.6376953,79.82,79.92,79.8,79.9,0
252017.81,0.020277202,-0.6786362,0.07898574,0.0783783,101.4911,24.060139,13.901255,-11.135504,0.0,0.0,92.082,0.0,4.561,15.561,24.481,0.0,90.23001,2.0,0.0,0.0,198.375,2499.0,0.0,-11.203125,0.121032715,105.74472,13345.874,13345.874,1100.0834,512.6293,0.0,5.531838,0.0,3.120365,4.0,0.0,39.788193,40.12495,0.37499952,0.0,0.0,19.101562,0.0,0.0,0.0,0.0,0.0,0.0,1.9999695,1.0,40.785217,3.120365,24.735287,24.619566,0.0,110.030876,0.0,1.0,105.37988,101.49105,720.0,547.125,-8.1864306E-13,-24.96875,0.0,-29.375,4.2014284,72.99998,20.288086,1.0,79.86,0.0,0.0,-3.2714844,99.998474,96.72699,3.6376953,79.86,79.77,79.77,79.62,0
252017.86,-0.0037782378,-0.6277045,0.078815356,0.0783359,101.4911,24.060139,13.902753,-11.135747,0.0,0.0,92.082,0.0,4.561,15.561,24.481,0.0,90.229126,2.0,0.0,0.0,198.375,2494.0,0.0,-11.3125,0.121032715,105.74472,13349.058,13349.058,1100.0834,512.6293,0.0,5.531838,0.0,3.1217554,4.0,0.0,39.794334,40.12495,0.37499952,0.0,0.0,19.125,0.0,0.0,0.0,0.0,0.0,0.0,1.9999695,1.0,40.77301,3.1217554,24.733604,24.628983,0.0,110.02779,0.0,1.0,105.44622,101.49105,720.0,547.5,-6.5491444E-13,-24.9375,0.0,-29.375,4.2014284,72.99998,20.404053,1.0,79.71,0.0,0.0,-3.40271,99.998474,96.595764,3.6376953,79.56,79.62,79.67,79.8,0
252017.89,-0.0030225904,-0.5885818,0.07901594,0.0783783,101.4911,24.060139,13.909661,-11.129764,0.0,0.0,92.082,0.0,4.561,15.561,24.481,0.0,90.22842,2.0,0.0,0.0,198.375,2491.0,0.0,-11.9453125,0.121032715,105.74472,13357.549,13357.549,1100.0834,512.6293,0.0,5.5742273,0.0,2.8883538,4.0,0.0,39.799862,40.12495,0.37499952,0.0,0.0,19.359375,0.0,0.0,0.0,0.0,0.0,0.0,1.9999695,1.0,40.77301,2.8883538,24.77485,24.649473,0.0,110.025,0.0,1.0,105.44622,101.49105,720.0,547.875,-5.2393154E-13,-24.9375,0.0,-29.28125,4.2014284,72.99998,20.422363,1.0,79.66,0.0,0.0,-3.4362793,99.998474,96.562195,3.6376953,79.5,79.5,79.56,79.65,0
252017.92,-0.0024180724,-0.55418277,0.07893596,0.0783783,101.4911,24.060139,13.908638,-11.119689,0.0,0.0,92.082,0.0,4.561,15.561,24.481,0.0,90.227844,2.0,0.0,0.0,198.375,2487.0,0.0,-11.71875,0.121032715,105.74472,13376.653,13376.653,1100.0834,512.36395,0.0,5.5954223,0.0,2.7249727,4.0,0.0,39.880024,40.12495,0.37499952,0.0,0.0,19.65625,0.0,0.0,0.0,0.0,0.0,0.0,1.9999695,1.0,40.77301,2.7249727,24.84429,24.717459,0.0,110.0225,0.0,1.0,105.46281,101.49105,720.0,547.875,-4.1914524E-13,-24.90625,0.0,-29.28125,4.2014284,72.99998,20.458984,1.0,79.51,0.0,0.0,-3.4423828,99.998474,96.55609,3.6376953,79.46,79.52,79.1,79.43,0
252017.97,0.018065542,-0.52167314,0.07912563,0.078420684,101.4911,24.060139,13.913781,-11.111485,0.0,0.0,92.082,0.0,4.561,15.561,24.481,0.0,90.22739,2.0,0.0,0.0,198.375,2482.0,0.0,-11.6953125,0.121032715,105.74472,13383.552,13383.552,1100.0834,512.36395,0.0,5.6166167,0.0,2.6106057,4.0,0.0,39.95217,40.12495,0.37499952,0.0,0.0,19.570312,0.0,0.0,0.0,0.0,0.0,0.0,1.9999695,1.0,40.766907,2.6106057,24.900845,24.778252,0.0,110.02025,0.0,1.0,105.44622,101.49105,720.0,547.875,-3.353162E-13,-24.90625,0.0,-29.28125,4.2014284,72.99998,20.361328,1.0,79.3,0.0,0.0,-3.3477783,99.998474,96.650696,3.6376953,79.19,79.46,79.34,79.43,0
252018.0,0.034452435,-0.50866926,0.079523556,0.078420684,101.4911,24.060139,13.905663,-11.109726,0.0,0.0,92.082,0.0,4.561,15.561,24.481,0.0,90.22702,2.0,0.0,0.0,198.375,2481.0,0.0,-11.4375,0.121032715,105.74472,13393.104,13393.104,1100.0834,512.09863,0.0,5.531838,0.0,2.530549,4.0,0.0,40.017105,40.12495,0.37499952,0.0,0.0,19.21875,0.0,0.0,0.0,0.0,0.0,0.0,1.9999695,1.0,40.766907,2.530549,24.912962,24.685207,0.0,110.01822,0.0,1.0,105.52085,101.49105,720.0,547.5,-2.6825295E-13,-24.90625,0.0,-29.28125,4.2014284,72.99998,20.495605,1.0,79.27,0.0,0.0,-3.552246,99.998474,96.44623,3.6376953,79.34,79.4,79.12,79.16,0
252018.05,0.08756195,-0.52221775,0.07973931,0.07846308,101.4911,24.060139,13.911698,-11.118299,0.0,0.0,92.082,0.0,4.561,15.561,24.481,0.0,90.22673,2.0,0.0,0.0,198.375,2478.0,0.0,-11.3671875,0.121032715,105.73643,13411.146,13411.146,1100.0834,512.09863,0.0,5.5954223,0.0,2.4745092,4.0,0.0,40.075542,39.74995,0.37499952,0.0,0.0,19.046875,0.0,0.0,0.0,0.0,0.0,0.0,1.9999695,1.0,40.75775,2.4745092,24.853874,24.578186,0.0,110.016396,0.0,1.0,105.46281,101.49105,720.0,547.5,-2.1460236E-13,-24.875,0.0,-29.28125,4.2014284,72.99998,20.41626,1.0,79.19,0.0,0.0,-3.3447266,99.998474,96.65375,3.6376953,79.1,79.43,79.19,79.27,0
252018.1,0.15004957,-0.5276371,0.07969707,0.078420684,101.4911,24.060139,13.910064,-11.119558,0.0,0.0,92.082,0.0,4.561,15.561,24.481,0.0,90.2265,2.0,0.0,0.0,198.375,2478.0,0.0,-11.5546875,0.11932373,105.686676,13417.515,13417.515,1100.0834,512.09863,0.0,5.6378117,0.0,2.4352813,4.0,0.0,40.128136,40.12495,0.37499952,0.0,0.0,19.070312,0.0,0.0,0.0,0.0,0.0,0.0,1.9999695,1.0,40.75775,2.4352813,24.845188,24.635427,0.0,110.014755,0.68359375,1.0,105.52085,80.86946,720.0,547.5,-1.7168188E-13,-24.875,0.0,-25.09375,4.2014284,72.99998,20.440674,1.0,79.27,0.0,0.0,-6.878662,99.998474,93.11981,3.6376953,79.12,79.43,78.85,79.06,0
252018.12,0.24003965,-0.54855484,0.085172504,0.09647864,101.4911,24.060139,13.891341,-11.244547,0.0,0.0,92.082,0.0,4.561,15.561,24.481,0.0,90.22632,2.0,0.0,0.0,205.125,2476.0,0.0,-11.6328125,0.124694824,105.83593,13323.055,13236.024,1100.0834,512.09863,3.560723,6.316045,0.0,2.407822,4.0,31.721497,40.175472,39.74995,15.74998,0.0,0.0,19.328125,0.0,0.0,0.0,0.0,0.0,0.0,1.9999695,1.0,53.834534,2.407822,23.983658,26.31168,0.0,110.013275,5.1757812,1.0,105.44622,80.86946,720.0,547.875,-1.3734551E-13,-9.75,0.0,2.875,4.2014284,72.99998,20.53833,1.0,79.28,0.0,0.0,-69.244385,99.998474,30.75409,3.6376953,79.19,79.19,78.66,79.16,0
252018.17,0.23203173,-0.55692196,0.09029832,0.101014316,101.4911,24.060139,13.866517,-11.076446,0.0,0.0,92.082,0.0,4.561,15.561,24.481,0.0,90.226166,2.0,0.0,467.25,219.375,2501.0,0.0,-11.6640625,0.120788574,105.83593,13328.893,12992.446,1100.0834,512.09863,2.9248798,7.4393682,0.0,2.3886003,4.0,30.960083,40.218075,40.12495,19.499975,0.488,0.0,19.59375,0.0,0.0,0.0,0.0,0.0,0.0,1.9999695,0.9033203,54.696655,2.3886003,25.142366,27.348698,0.0,110.01195,10.449219,1.0,105.46281,80.86946,474.75,547.875,-1.0987641E-13,-0.21875,0.0,32.34375,5.6019044,72.99998,22.24121,1.0,79.13,0.0,0.0,-74.03259,99.998474,25.965881,3.6376953,79.06,79.12,78.97,78.76,0
252018.2,0.18562539,-0.56026876,0.10132047,0.12250582,101.4911,24.060139,13.84914,-10.765848,0.0,0.0,92.082,0.0,4.561,15.561,24.481,0.0,90.22604,2.0,0.0,466.875,218.625,2522.0,0.0,-11.15625,0.12023926,105.935425,13351.181,12744.092,1100.0834,512.89465,0.0,7.8844585,0.0,2.3751452,4.0,27.72522,40.256416,37.49995,20.624973,0.544,0.0,18.265625,0.0,0.0,0.0,0.0,0.0,0.0,1.9999695,0.9033203,54.91333,2.3751452,27.28328,31.722536,0.0,110.01075,11.230469,1.0,105.44622,80.86946,475.125,547.125,-8.790113E-14,4.15625,0.0,37.9375,5.6019044,72.99998,21.783447,1.0,79.28,0.0,0.0,-74.349976,99.998474,25.648499,3.6376953,79.06,79.36,78.82,79.02,0
252018.23,0.18850031,-0.4678575,0.11188527,0.1381052,101.4911,24.060139,13.848695,-10.490263,0.0,0.0,92.082,0.0,4.561,15.561,24.481,0.0,90.22595,2.0,0.0,466.125,218.625,2515.0,0.0,-10.8125,0.120666504,106.010056,13112.378,12495.737,1100.0834,512.89465,0.0,8.880613,0.0,2.3657265,4.0,26.986694,40.290924,32.249958,19.874975,0.6,0.0,16.257812,0.0,0.0,0.0,0.0,0.0,0.0,1.9999695,0.9033203,55.04608,2.3657265,29.182854,34.551643,0.0,110.009674,10.839844,1.0,105.44622,80.86946,475.5,546.75,-7.0320906E-14,8.6875,0.0,36.09375,6.535555,72.99998,22.723389,1.0,78.88,0.0,0.0,-74.3927,99.998474,25.605774,3.6376953,78.87,78.95,78.66,78.85,0
252018.28,0.13080026,-0.39339304,0.121981956,0.14912648,101.4911,24.060139,13.830805,-10.209546,0.0,0.0,92.082,0.0,4.561,15.561,24.481,0.0,90.225876,2.0,0.0,464.625,217.5,2514.0,0.0,-10.109375,0.11975098,106.0681,12850.757,12247.383,1100.0834,512.89465,0.0,9.537651,0.0,2.3591335,4.0,26.045227,40.32198,29.624962,19.499975,0.68,0.0,9.9140625,0.0,0.0,0.0,0.0,0.0,0.0,1.6689453,0.9033203,55.24597,2.3591335,31.117802,36.59037,0.0,110.008705,10.839844,1.0,105.37988,80.86946,475.125,546.0,-5.6256727E-14,13.03125,0.0,36.59375,7.0023804,72.99998,23.132324,1.0,79.26,0.0,0.0,-74.31946,99.998474,25.679016,3.6376953,79.06,79.62,78.55,78.78,0
252018.34,0.084640205,-0.36360723,0.13832909,0.16430193,101.4911,24.060139,13.8241415,-9.68709,0.0,0.0,92.082,0.0,4.561,15.561,24.481,0.0,90.225815,2.0,0.0,464.625,217.125,2483.0,0.0,-9.3984375,0.11981201,106.11784,12418.259,12002.212,1100.0834,512.89465,0.0,11.021286,0.0,2.3545184,4.0,26.385498,40.34993,29.624962,19.124975,0.68,0.0,3.3828125,0.0,0.0,0.0,0.0,0.0,0.0,1.2529297,0.9033203,55.410767,2.3545184,34.71904,39.908073,0.0,110.007835,11.230469,1.0,105.12283,80.86946,475.125,545.625,-4.500538E-14,19.1875,0.0,39.59375,7.936031,72.99998,23.90747,1.0,78.98,0.0,0.0,-73.794556,99.998474,26.203918,3.6376953,79.12,78.43,78.59,78.91,0
252018.38,0.047712166,-0.29544288,0.14828284,0.16782027,101.4911,24.060139,13.831196,-9.135527,0.0,0.0,92.082,0.0,4.561,15.561,24.481,0.0,90.22577,2.0,0.0,463.125,216.375,2478.0,0.0,-8.6796875,0.1182251,106.10956,12084.997,11760.226,1100.0834,512.89465,0.0,12.314168,0.0,2.3512878,4.0,26.531982,40.375088,29.624962,18.749975,0.752,0.0,-6.296875,0.0,0.0,0.0,0.0,0.0,0.0,1.0976562,0.9033203,55.6015,2.3512878,38.520905,42.441143,0.0,110.00705,11.230469,1.0,104.95701,80.86946,474.75,544.875,-3.6004304E-14,24.65625,0.0,39.96875,8.402857,72.99998,24.334717,1.0,79.12,0.0,0.0,-73.50159,99.998474,26.496887,3.6376953,78.59,79.9,78.66,79.06,0
252018.4,0.07816973,-0.23067716,0.15710011,0.17392436,101.4911,24.060139,13.812696,-8.569854,0.0,0.0,92.082,0.0,4.561,15.561,24.481,0.0,90.22573,2.0,0.0,461.25,216.75,2482.0,0.0,-8.421875,0.11755371,106.13443,11685.4,11518.239,1100.0834,512.09863,1.843946,12.801647,0.0,2.3490264,4.0,27.316284,40.397728,28.874964,19.124975,0.852,0.0,-11.96875,0.0,0.0,0.0,0.0,0.0,0.0,1.0126953,0.9033203,55.844116,2.3490264,42.42003,45.78812,0.0,110.00634,11.230469,1.0,105.01505,80.86946,473.625,544.5,-2.8803443E-14,29.03125,0.0,40.21875,8.402857,72.99998,24.578857,1.0,78.98,0.0,0.0,-73.376465,99.998474,26.62201,3.6376953,79.02,78.53,78.66,78.59,0
252018.45,0.16253579,-0.20477086,0.16012318,0.18011323,101.4911,24.060139,13.817325,-8.262793,0.0,0.0,92.082,0.0,4.561,15.561,24.481,0.0,90.2257,2.0,0.0,459.375,217.5,2484.0,0.0,-8.3671875,0.1159668,106.13443,11312.869,11276.253,1100.0834,512.09863,4.641657,13.204349,0.0,2.3474436,4.0,28.417969,40.418106,27.749964,19.124975,0.976,0.0,-15.0,0.0,0.0,0.0,0.0,0.0,0.0,0.9707031,0.9033203,55.828857,2.3474436,44.536568,48.594666,0.0,110.00571,11.425781,1.0,104.98188,80.86946,473.625,544.5,-2.3042755E-14,31.03125,0.0,41.625,8.402857,72.99998,24.481201,1.0,79.22,0.0,0.0,-73.39172,99.998474,26.60675,3.6376953,78.95,79.43,78.22,79.02,0
252018.5,0.13002864,-0.17565835,0.16700639,0.20079935,101.4911,24.060139,13.820564,-7.830725,0.0,0.0,92.082,0.0,4.561,15.561,24.481,0.0,90.22568,2.0,0.0,457.875,217.125,2481.0,0.0,-7.8828125,0.11895752,106.48268,11013.57,11034.266,1100.0834,512.09863,5.341085,14.1581135,0.0,2.3463354,4.0,28.111267,40.436443,26.624966,19.124975,1.068,0.0,-17.625,0.0,0.0,0.0,0.0,0.0,0.0,0.9589844,0.9033203,55.86853,2.3463354,47.51476,54.401062,0.0,110.005135,13.378906,1.0,104.81604,80.86946,474.0,544.125,-1.8434205E-14,34.0625,0.0,52.375,8.869681,72.99998,25.158691,1.0,78.88,0.0,0.0,-73.19031,99.998474,26.808167,3.6376953,79.06,78.85,78.61,79.19,0
252018.53,0.14402291,-0.14526334,0.17676015,0.20927724,101.4911,24.060139,13.805254,-6.8306165,0.0,0.0,92.082,0.0,4.561,15.561,24.481,0.0,90.225655,2.0,0.0,456.75,217.875,2483.0,0.0,-7.578125,0.1184082,106.59048,10814.037,10792.279,1100.0834,512.09863,6.188876,15.048294,0.0,2.3455596,4.0,28.019714,40.45295,23.62497,18.749975,1.144,0.0,-24.125,0.0016479492,0.0,0.0,0.0,0.0,0.0,0.9423828,0.9042969,56.140137,2.3455596,54.4084,61.0734,0.0,110.004616,13.4765625,1.0,104.47609,80.86946,474.0,543.75,-1.4747364E-14,37.28125,0.0,52.65625,9.803332,72.99998,26.086426,1.0,79.09,0.5,0.0,-72.49451,99.4812,26.986694,3.6376953,78.85,79.06,78.66,78.38,0
252018.56,0.13521834,-0.13310534,0.19471815,0.2130923,101.4911,24.060139,13.817974,-5.951213,0.0,0.0,92.082,0.0,4.561,15.561,24.481,0.0,90.22564,2.0,0.0,456.75,219.0,2482.0,0.0,-7.59375,0.11730957,106.79777,10486.612,10550.293,1100.0834,512.09863,9.1773405,15.980865,0.0,2.3450167,4.0,29.211426,40.467804,20.999973,20.999973,1.144,0.0,-26.78125,0.007873535,0.0,0.0,0.0,0.0,0.0,0.92578125,0.90722656,56.237793,2.3450167,60.470036,64.215775,0.0,110.00415,13.4765625,1.0,104.525826,80.86946,474.0,543.75,-1.1797891E-14,48.03125,0.0,52.6875,10.270158,72.99998,26.403809,1.0,78.94,2.375,0.0,-72.30835,97.50366,25.019836,3.6376953,78.95,78.91,78.45,78.49,0
252018.61,0.108174674,-0.12824214,0.20306775,0.22479185,101.4911,24.060139,13.8093,-5.5276604,0.0,0.0,92.082,0.0,4.561,15.561,24.481,0.0,90.225624,2.0,0.0,454.5,219.375,2487.0,0.0,-7.3984375,0.119262695,107.65182,10289.733,10624.587,1100.0834,512.36395,10.978896,16.80746,0.0,2.3446367,4.0,29.847717,40.481174,20.249973,21.374973,1.292,0.0,-27.765625,0.020385742,0.0,0.0,0.0,0.0,0.0,0.91015625,0.9091797,56.365967,2.3446367,63.389534,67.857086,0.0,110.00373,14.550781,1.0,104.64192,80.86946,474.0,543.375,-9.438313E-15,52.3125,0.0,58.59375,10.270158,72.99998,26.64795,1.0,79.01,6.125,0.0,-72.63794,93.59741,20.527649,3.6376953,78.95,78.72,78.61,78.38,0
252018.66,0.08653974,-0.07004686,0.21724336,0.23237957,101.4911,24.060139,13.814948,-4.8735213,0.0,0.0,92.082,0.0,4.561,15.561,24.481,0.0,90.22562,2.0,0.0,453.0,219.0,2480.0,0.0,-6.3203125,0.11828613,107.95862,10095.507,11015.162,1100.0834,512.36395,20.961637,17.973173,0.0,2.3443706,4.0,36.068726,40.493206,19.874975,20.999973,1.392,0.0,-29.039062,0.029907227,0.0,0.0,0.0,0.0,0.0,0.9082031,0.9091797,56.570435,2.3443706,67.898445,71.02712,0.0,110.00336,14.746094,1.0,104.559,80.86946,473.625,542.25,-7.550651E-15,57.15625,0.0,59.65625,11.203809,72.99998,27.954102,1.0,78.91,8.96875,0.0,-72.4884,90.563965,17.332458,3.6376953,78.85,78.78,78.61,78.78,0
252018.69,0.049231794,-0.028018743,0.22666758,0.22805582,101.4911,24.060139,13.818901,-4.4424887,29.976606,10.439446,92.082,0.0,4.561,15.561,24.481,0.0,90.22561,2.0,0.0,451.875,218.625,2482.0,0.0,-6.40625,0.11590576,108.20737,10282.304,11405.736,1100.0834,512.36395,24.098465,18.375875,0.0,2.3441844,4.0,38.407898,40.504036,19.499975,20.624973,1.492,0.0,-29.9375,0.028930664,0.0,0.0,0.0,0.0,0.0,0.8955078,0.9121094,56.762695,2.3441844,70.86951,71.16368,0.0,110.00302,14.550781,1.0,104.65021,80.86946,474.375,542.625,-6.0405206E-15,62.78125,0.0,58.59375,11.203809,72.99998,27.764893,1.0,78.91,8.6875,0.0,-72.683716,90.76538,17.356873,3.6376953,78.95,78.78,78.55,78.49,0
252018.72,0.039385434,-0.011207498,0.22471583,0.22708087,101.4911,24.060139,13.815808,-4.471778,29.824713,10.415843,92.082,0.0,4.561,15.561,24.481,0.0,90.2256,2.0,0.0,451.125,218.625,2489.0,0.0,-6.609375,0.114746094,108.663414,10707.902,11796.312,1100.0834,512.09863,25.285374,17.951979,0.0,2.1878042,4.0,40.145874,40.513783,19.499975,20.624973,1.564,0.0,-30.625,0.030273438,0.0,0.0,0.0,0.0,0.0,0.89746094,0.9111328,56.674194,2.3440542,70.66762,71.112946,0.0,110.002716,14.550781,1.0,105.222336,80.86946,474.75,542.625,-0.15624999,62.03125,0.0,58.5625,10.736983,72.99998,27.856445,1.0,79.3,9.09375,0.0,-74.2157,90.2771,15.312195,3.6376953,79.19,79.25,78.55,78.4,0
252018.77,0.07150835,0.033017002,0.2249628,0.22741999,101.4911,24.060139,13.831222,-4.5164337,88.31024,30.79149,92.082,0.0,4.561,15.561,24.481,0.0,90.22559,2.0,0.0,452.25,218.625,2485.0,0.0,-7.3046875,0.11273193,108.65512,11146.238,11953.921,1100.0834,512.09863,24.903868,17.99437,0.0,2.062713,4.0,40.644836,40.522552,19.499975,20.624973,1.504,0.0,-30.570312,0.033325195,0.0,0.0,0.0,0.0,0.0,0.89746094,0.9091797,56.63452,2.343963,70.35981,70.84121,0.0,110.00244,14.550781,1.0,105.30526,80.86946,474.75,543.375,-0.28124997,62.28125,0.0,58.5625,10.736983,72.99998,28.00293,1.0,79.17,10.0,0.0,-74.3103,89.19678,14.057922,3.6376953,79.19,78.7,78.59,78.97,0
252018.81,0.01720668,0.050706804,0.22332813,0.22996335,101.4911,24.060139,13.812715,-4.511383,87.79343,30.672882,92.082,0.0,4.561,15.561,24.481,0.0,90.225586,2.0,0.0,452.25,218.625,2490.0,0.0,-7.1640625,0.11102295,108.621956,11573.429,11983.107,1100.0834,512.09863,20.580132,18.057953,0.0,1.9626491,4.0,38.272095,40.605633,19.499975,20.624973,1.504,0.0,-30.679688,0.03845215,0.0,0.0,0.0,0.0,0.0,0.8964844,0.9082031,56.666565,2.343899,70.39462,71.733864,0.0,110.0022,14.746094,1.0,105.57888,80.86946,474.75,543.375,-0.38124996,61.3125,0.0,59.59375,10.736983,72.99998,28.466797,1.0,79.55,11.53125,0.0,-75.07019,87.43286,11.503601,3.6376953,79.62,79.59,78.72,77.98,0
252018.84,0.013765344,-0.01721728,0.22591989,0.24738547,101.4911,24.060139,13.817338,-4.37493,0.0,0.0,92.082,0.0,4.561,15.561,24.481,0.0,90.225586,2.0,0.0,452.625,218.625,2492.0,0.0,-6.46875,0.11273193,108.63854,11904.568,12123.205,1100.0834,512.09863,18.439459,18.693796,0.0,1.8826045,4.0,37.205505,40.680405,19.499975,20.624973,1.468,0.0,-30.90625,0.05633545,0.0,0.0,0.0,0.0,0.0,0.89941406,0.90625,56.67572,2.3438544,71.33518,75.729,0.0,110.001976,16.601562,1.0,105.65352,80.86946,474.75,542.625,-0.46124995,62.34375,0.0,69.96875,11.670634,72.99998,29.724121,1.0,79.3,16.90625,0.0,-75.00305,81.73828,5.4000854,3.6376953,78.59,78.95,78.85,78.91,0
252018.89,-0.028987724,-0.006886912,0.24315803,0.24946257,101.4911,24.060139,13.820574,-3.8663,30.050512,10.515781,92.082,0.0,4.561,15.561,24.481,0.0,90.225586,2.0,0.0,453.0,218.25,2494.0,0.0,-6.7734375,0.11206055,108.65512,11967.1875,12513.78,1100.0834,512.09863,25.391348,20.029068,0.0,1.818573,4.0,41.80298,40.7477,19.124975,20.249973,1.444,0.0,-30.773438,0.061462402,0.0,0.0,0.0,0.0,0.0,0.9003906,0.9082031,56.915283,2.343823,74.84111,76.09878,0.0,110.00178,16.210938,1.0,105.545715,80.86946,474.75,543.0,-0.52524996,70.0,0.0,67.65625,12.604284,72.99998,30.560303,1.0,79.39,18.4375,0.0,-74.7406,80.01099,3.678894,3.6376953,80.12,79.25,79.4,78.78,0
252018.92,-0.02319018,-0.0027547649,0.24875207,0.23928906,101.4911,24.060139,13.81112,-3.7006812,28.322987,9.947023,92.082,0.0,4.561,15.561,24.481,0.0,90.225586,2.0,0.0,451.875,217.875,2503.0,0.0,-6.796875,0.10992432,109.127754,12237.83,12912.846,1100.0834,512.36395,28.443396,19.9019,0.0,1.7673512,4.0,44.19861,40.808266,18.749975,19.874975,1.556,0.0,-30.671875,0.053833008,0.0,0.0,0.0,0.0,0.0,0.9013672,0.91308594,57.006836,2.343801,75.982704,74.07636,0.0,110.001595,15.527344,1.0,105.92713,80.86946,475.5,543.0,-0.57644993,72.46875,0.0,64.0625,11.670634,72.99998,29.718018,1.0,79.06,16.15625,0.0,-75.74768,82.31201,5.1986694,3.6376953,78.72,79.36,76.58,78.61,0
252018.97,-0.018552145,-0.03860191,0.23895523,0.24000968,101.4911,24.060139,13.82794,-3.9884067,0.0,0.0,92.082,0.0,4.561,15.561,24.481,0.0,90.225586,2.0,0.0,451.875,218.25,2500.0,0.0,-6.7578125,0.10858154,109.49259,12906.478,12728.172,1100.0834,512.36395,19.81712,19.160082,0.0,1.7263758,4.0,39.53247,40.862778,19.124975,20.249973,1.552,0.0,-30.679688,0.054870605,0.0,0.0,0.0,0.0,0.0,0.90722656,0.9091797,56.925964,2.3437858,73.99944,74.18436,0.0,110.001434,15.527344,1.0,106.69828,80.86946,475.5,543.0,-0.61740994,68.84375,0.0,64.0625,11.203809,72.99998,30.5542,1.0,79.48,16.46875,0.0,-77.66724,81.85425,2.82135,3.6376953,79.59,79.59,78.4,78.82,0
252019.02,-0.014841716,-0.015440764,0.23492394,0.23276107,101.4911,24.060139,13.827995,-4.1004,29.755798,10.4001255,92.082,0.0,4.561,15.561,24.481,0.0,90.225586,2.0,0.0,453.0,218.25,2491.0,0.0,-6.65625,0.10559082,109.177505,13118.216,12558.887,1100.0834,512.6293,12.8652315,19.075302,0.0,1.6935971,4.0,35.421753,40.91184,19.124975,20.249973,1.468,0.0,-31.359375,0.049682617,0.0,0.0,0.0,0.0,0.0,0.90722656,0.90527344,56.854248,2.343775,73.227486,72.76335,0.0,110.00129,14.0625,1.0,106.91385,80.86946,475.125,542.625,-0.65017796,66.65625,0.0,55.84375,11.203809,72.99998,30.944824,1.0,79.66,14.90625,0.0,-78.05176,83.343506,3.9382935,3.6425781,78.53,78.34,79.5,79.06,0
252019.05,-0.05187337,0.08757369,0.22599187,0.1713386,101.4911,24.060139,13.833894,-4.36274,122.05802,42.67835,92.082,0.0,4.561,15.561,24.481,0.0,90.225586,2.0,0.0,453.0,218.25,2492.0,0.0,-6.5,0.09436035,108.480995,13034.9,12466.55,1100.0834,512.6293,11.08487,18.693796,0.0,1.6673753,4.0,34.37805,40.95599,19.499975,20.249973,1.468,0.0,-30.945312,0.0,0.0,0.0,0.0,0.0,0.0,0.90527344,0.9033203,56.86035,2.3437676,71.419205,60.248833,0.0,110.00116,10.15625,1.0,107.32016,80.86946,475.125,542.625,-0.6763924,62.875,0.0,34.1875,9.336507,72.99998,29.077148,1.0,79.57,0.0,0.0,-78.9978,99.998474,20.95337,3.6425781,80.33,79.65,78.91,78.53,0
252019.1,-0.061498698,0.07252948,0.192302,0.17328851,101.4911,24.060139,13.838022,-5.4396405,88.42891,30.634346,92.082,0.0,4.561,15.561,24.481,0.0,90.225586,2.0,0.0,453.375,219.375,2469.0,0.0,-6.4453125,0.09362793,108.40637,12795.567,12222.972,1100.0834,512.6293,5.7861753,15.408606,0.0,1.6463985,4.0,31.00586,40.995728,20.249973,21.374973,1.452,0.0,-29.9375,0.0,0.0,0.0,0.0,0.0,0.0,0.9003906,0.8925781,56.481934,2.3437624,63.996246,60.080532,0.0,110.00104,10.15625,1.0,108.34004,80.86946,475.125,542.625,-0.6973639,50.46875,0.0,34.3125,7.936031,72.99998,28.833008,1.0,78.84,0.0,0.0,-81.63147,99.998474,18.367004,3.6425781,79.36,79.0,78.49,79.19,0
252019.12,-0.12919895,0.066511795,0.19222833,0.20385137,101.4911,24.060139,13.8350525,-6.0173287,88.75476,30.934029,92.082,0.0,4.561,15.561,24.481,0.0,90.225586,2.0,0.0,454.875,219.0,2484.0,0.0,-7.265625,0.09741211,107.469406,12384.296,11980.985,1100.0834,511.83328,6.8035245,15.853696,0.0,1.4733675,4.0,31.00586,41.03149,20.999973,20.999973,1.28,0.0,-25.617188,0.026428223,0.0,0.0,0.0,0.0,0.0,0.8857422,0.8857422,56.185913,2.3437586,60.014305,62.37535,0.0,110.00093,14.0625,1.0,108.25712,80.86946,474.0,543.375,-0.87039113,47.53125,0.0,55.625,8.869681,72.99998,30.249023,1.0,79.71,7.9375,0.0,-80.981445,90.802,9.346008,3.6425781,79.16,79.36,79.46,79.43,0
252019.17,-0.12335916,0.026604718,0.20553337,0.21394011,101.4911,24.060139,13.838834,-5.926441,30.18807,10.534269,92.082,0.0,4.561,15.561,24.481,0.0,90.225586,2.0,0.0,455.25,219.375,2487.0,0.0,-7.9921875,0.09881592,107.24552,12098.794,11738.999,1100.0834,511.83328,7.121446,17.104189,0.0,1.334943,4.0,30.6427,41.06368,20.624973,21.374973,1.232,0.0,-24.492188,0.03729248,0.0,0.0,0.0,0.0,0.0,0.890625,0.890625,56.362915,2.343756,60.64078,62.383293,0.0,110.00083,14.453125,1.0,107.80108,80.86946,473.625,544.125,-1.0088129,53.5,0.0,57.96875,9.803332,72.99998,31.103516,1.0,78.86,11.1875,0.0,-80.02014,87.10327,6.175232,3.6425781,79.25,78.85,79.06,79.36,0
252019.2,-0.11868733,-0.026858114,0.21444806,0.22729279,101.4911,24.060139,13.8297615,-5.5852942,0.0,0.0,92.082,0.0,4.561,15.561,24.481,0.0,90.225586,2.0,0.0,453.75,219.0,2500.0,0.0,-7.765625,0.10119629,107.63524,11640.824,11728.385,1100.0834,512.36395,11.148455,18.057953,0.0,1.380454,4.0,32.40204,41.092648,20.624973,20.999973,1.336,0.0,-24.710938,0.05029297,0.0,0.0,0.0,0.0,0.0,0.90234375,0.8955078,56.562805,2.3437543,62.99227,65.64056,0.0,110.00075,14.453125,1.0,107.76791,80.86946,474.0,543.75,-0.96330035,56.6875,0.0,57.84375,10.270158,72.99998,31.414795,1.0,79.68,15.09375,0.0,-79.67224,82.79419,1.890564,3.6425781,79.21,79.62,77.21,78.45,0
252019.25,-0.15494986,-0.104493245,0.22241725,0.23326977,101.4911,24.060139,13.83513,-5.140489,0.0,0.0,92.082,0.0,4.561,15.561,24.481,0.0,90.225586,2.0,0.0,453.75,218.625,2477.0,0.0,-7.140625,0.101623535,108.091286,11620.659,11993.19,1100.0834,512.36395,16.044449,18.863356,0.0,1.5731125,5.0,35.638428,41.11872,20.249973,20.624973,1.336,0.0,-26.421875,0.054382324,0.0,0.0,0.0,0.0,0.0,0.90527344,0.89746094,56.70166,2.3437529,66.058266,68.24429,0.0,110.00067,14.941406,1.0,107.80108,80.86946,474.0,543.375,-0.7706403,60.96875,0.0,60.65625,10.736983,72.99998,32.208252,1.0,78.95,16.3125,0.0,-79.74548,81.427,0.35858154,3.6425781,79.36,78.95,79.65,78.05,0
252019.3,-0.2239599,-0.0417973,0.22772548,0.22733523,101.4911,24.060139,13.833028,-4.7160673,30.058052,10.476246,92.082,0.0,4.561,15.561,24.481,0.0,90.225586,2.0,0.0,452.625,218.625,2484.0,0.0,-6.5859375,0.10076904,108.29028,11658.867,12250.566,1100.0834,512.36395,20.601326,18.693796,0.0,1.5709896,5.0,38.70392,41.142185,19.874975,20.624973,1.436,0.0,-27.65625,0.049560547,0.0,0.0,0.0,0.0,0.0,0.890625,0.9003906,56.829834,2.343752,68.98376,68.943436,0.0,110.0006,14.550781,1.0,107.82595,80.86946,474.375,542.625,-0.77276224,63.21875,0.0,58.3125,11.203809,72.99998,32.20215,1.0,79.3,14.875,0.0,-79.82178,83.00781,1.8203735,3.6425781,78.63,79.02,79.02,79.0,0
252019.33,-0.2591679,-0.01671892,0.2293662,0.2054198,101.4911,24.060139,13.837417,-4.564348,30.165726,10.484145,92.082,0.0,4.561,15.561,24.481,0.0,90.225586,2.0,0.0,451.875,218.625,2477.0,0.0,-6.640625,0.097473145,108.273705,11863.707,12294.082,1100.0834,512.09863,22.148546,18.651407,0.0,1.5692916,5.0,40.008545,41.163303,19.499975,20.624973,1.512,0.0,-28.632812,0.029907227,0.0,0.0,0.0,0.0,0.0,0.88378906,0.9013672,56.773376,2.3437514,70.02954,65.15068,0.0,110.00054,12.109375,1.0,108.116165,80.86946,474.75,542.625,-0.7744598,64.28125,0.0,44.84375,10.270158,72.99998,31.835938,1.0,79.18,8.96875,0.0,-80.755615,89.593506,7.9055786,3.6425781,79.0,78.85,78.66,79.12,0
252019.38,-0.22733432,0.049562436,0.2106894,0.19104971,101.4911,24.060139,13.852207,-4.9801154,112.90221,39.207657,92.082,0.0,4.561,15.561,24.481,0.0,90.225586,2.0,0.0,451.875,219.0,2475.0,0.0,-6.84375,0.09454346,108.29028,12143.901,12052.096,1100.0834,512.09863,13.988555,16.93463,0.0,1.4116832,5.0,35.014343,41.18231,19.874975,20.999973,1.492,0.0,-29.773438,0.015808105,0.0,0.0,0.0,0.0,0.0,0.8857422,0.8984375,56.611633,2.343751,67.163704,63.136227,0.0,110.00049,11.9140625,1.0,108.68001,80.86946,474.375,543.0,-0.93206775,56.3125,0.0,43.84375,9.336507,72.99998,31.170654,1.0,79.03,4.75,0.0,-81.90918,94.42749,12.013245,3.6425781,79.1,78.82,78.55,78.91,0
252019.4,-0.18186747,0.057324976,0.19879152,0.20554696,101.4911,24.060139,13.833263,-5.3260746,97.88379,33.923523,92.082,0.0,4.561,15.561,24.481,0.0,90.225586,2.0,0.0,454.125,219.375,2470.0,0.0,-6.8203125,0.09692383,108.016655,12133.288,11810.108,1100.0834,511.83328,9.283314,16.383566,0.0,1.2855963,5.0,31.959534,41.199413,20.249973,21.374973,1.364,0.0,-29.546875,0.028503418,0.0,0.0,0.0,0.0,0.0,0.8857422,0.890625,56.362915,2.3437505,64.779045,66.18839,0.0,110.000435,13.4765625,1.0,108.83755,80.86946,474.375,543.0,-1.0581542,50.75,0.0,52.28125,8.869681,72.99998,31.048584,1.0,79.03,8.5625,0.0,-82.2876,90.05127,7.1365356,3.6425781,78.7,79.06,79.02,78.87,0
252019.45,-0.16549397,0.041679993,0.20470686,0.22106153,101.4911,24.060139,13.825862,-5.248556,78.31771,27.076588,92.082,0.0,4.561,15.561,24.481,0.0,90.225586,2.0,0.0,454.5,219.375,2464.0,0.0,-6.8359375,0.09838867,107.469406,11992.129,11568.122,1100.0834,511.83328,8.329549,16.955824,0.0,1.0284771,5.0,31.039429,41.21481,20.249973,21.374973,1.276,0.0,-29.0625,0.043518066,0.0,0.0,0.0,0.0,0.0,0.8798828,0.88964844,56.333923,2.3437505,65.31337,68.697815,0.0,110.00039,14.2578125,1.0,108.663414,80.86946,473.625,543.0,-1.3152734,53.25,0.0,56.46875,9.803332,72.99998,32.165527,1.0,79.39,13.0625,0.0,-82.01294,84.91821,1.8936157,3.6425781,79.06,79.19,78.91,78.91,0
252019.48,-0.19239518,0.016671998,0.2186841,0.21792471,101.4911,24.060139,13.8324,-4.8382945,30.382936,10.499954,92.082,0.0,4.561,15.561,24.481,0.0,90.225586,2.0,0.0,454.5,219.0,2463.0,0.0,-6.8515625,0.09802246,107.44453,11691.769,11800.557,1100.0834,511.83328,12.377752,18.057953,0.0,0.8227817,5.0,33.242798,41.228664,19.874975,20.999973,1.276,0.0,-28.804688,0.041870117,0.0,0.0,0.0,0.0,0.0,0.88671875,0.8955078,56.549072,2.3437505,68.14126,67.9935,0.0,110.00035,13.8671875,1.0,108.43954,80.86946,473.625,543.0,-1.5209688,58.75,0.0,54.25,10.736983,72.99998,32.525635,1.0,79.0,12.5625,0.0,-81.311035,85.46753,3.0288696,3.6425781,79.0,79.1,78.97,78.72,0
252019.52,-0.25391614,-0.012081201,0.21994437,0.21694976,101.4911,24.060139,13.831118,-4.7580247,0.0,0.0,92.082,0.0,4.561,15.561,24.481,0.0,90.225586,2.0,0.0,453.75,218.625,2468.0,0.0,-6.828125,0.097839355,107.95862,11508.687,11815.415,1100.0834,511.56796,18.121538,17.803616,0.0,0.8144754,5.0,36.705017,41.241135,19.874975,20.624973,1.364,0.0,-29.414062,0.040527344,0.0,0.0,0.0,0.0,0.0,0.8955078,0.89746094,56.61316,2.3437505,68.69455,68.056946,0.0,110.00031,13.8671875,1.0,108.76292,80.86946,473.625,543.0,-1.5292751,60.0,0.0,54.28125,10.270158,72.99998,32.08618,1.0,79.4,12.15625,0.0,-81.89697,85.91919,2.9922485,3.6425781,79.25,79.56,77.69,78.76,0
252019.56,-0.2631329,-0.02358248,0.21447627,0.22000183,101.4911,24.060139,13.830219,-4.865078,0.0,0.0,92.082,0.0,4.561,15.561,24.481,0.0,90.225586,2.0,0.0,452.625,219.0,2466.0,0.0,-6.8359375,0.09869385,108.14104,11674.257,11573.429,1100.0834,511.56796,13.183153,17.634058,0.0,0.80783045,5.0,33.514404,41.252357,19.874975,20.999973,1.448,0.0,-29.882812,0.042663574,0.0,0.0,0.0,0.0,0.0,0.89160156,0.8964844,56.53534,2.3437505,67.95664,69.100555,0.0,110.00028,14.0625,1.0,108.83755,80.86946,474.375,543.0,-1.53592,57.84375,0.0,55.40625,9.803332,72.99998,32.165527,1.0,78.95,12.8125,0.0,-82.24487,85.235596,1.9607544,3.6425781,79.43,78.97,78.59,78.82,0
252019.61,-0.2905063,-0.028182995,0.21442555,0.22580919,101.4911,24.060139,13.829591,-4.7308426,0.0,0.0,92.082,0.0,4.561,15.561,24.481,0.0,90.225586,2.0,0.0,453.0,219.0,2455.0,0.0,-6.578125,0.09857178,107.99178,11608.453,11677.972,1100.0834,511.56796,11.975051,17.8672,0.0,0.80251443,5.0,32.53784,41.337646,19.874975,20.999973,1.412,0.0,-30.507812,0.04736328,0.0,0.0,0.0,0.0,0.0,0.8857422,0.89453125,56.480408,2.3437505,68.88191,71.238815,0.0,110.00025,14.453125,1.0,108.79608,80.86946,474.0,542.625,-1.541236,57.6875,0.0,57.5,10.736983,72.99998,32.93457,1.0,79.61,14.21875,0.0,-82.0343,83.59985,0.36468506,3.6425781,78.72,79.36,78.61,77.9,0
252019.64,-0.27240506,-0.030023199,0.22420953,0.22508855,101.4911,24.060139,13.84087,-4.452447,0.0,0.0,92.082,0.0,4.561,15.561,24.481,0.0,90.225586,2.0,0.0,453.0,218.25,2441.0,0.0,-6.8515625,0.09844971,107.88399,11420.596,12068.546,1100.0834,511.56796,22.445272,18.460653,0.0,0.64201164,5.0,39.23645,41.414406,19.499975,20.249973,1.428,0.0,-30.390625,0.046325684,0.0,0.0,0.0,0.0,0.0,0.8798828,0.89746094,56.60858,2.3437505,70.800865,71.00443,0.0,110.00022,14.453125,1.0,108.83755,80.86946,474.0,543.0,-1.7017388,61.75,0.0,57.375,10.736983,72.99998,32.891846,1.0,78.81,13.90625,0.0,-82.08618,83.947754,0.6729126,3.6425781,79.34,78.97,79.0,79.27,0
252019.69,-0.21792404,0.006740721,0.2281182,0.22360493,101.4911,24.060139,13.842906,-4.3901887,78.76777,26.668531,92.082,0.0,4.561,15.561,24.481,0.0,90.225586,2.0,0.0,452.625,180.0,2413.0,0.0,-6.9375,0.097961426,108.107864,11728.385,12210.767,1100.0834,511.56796,22.996338,18.248707,0.0,0.5136094,5.0,40.08789,41.48349,19.499975,-17.999977,1.48,0.0,-29.921875,0.042297363,0.0,0.0,0.0,0.0,0.0,0.8808594,0.89941406,56.62384,2.3437505,71.23,70.28372,0.0,110.0002,14.453125,1.0,109.061424,80.86946,474.375,543.0,-1.8301411,-1.09375,0.0,57.28125,10.270158,72.99998,32.989502,1.0,79.42,12.6875,0.0,-82.63855,85.31494,1.53656,3.6425781,79.1,79.19,78.72,78.66,0
252019.73,-0.21433923,0.0026962885,0.22605734,0.22309624,101.4911,24.060139,13.832612,-4.4396076,32.54544,10.470983,92.082,0.0,4.561,15.561,24.481,0.0,90.225586,0.0,0.0,452.625,181.125,2293.0,0.0,-6.703125,0.09674072,108.19079,12228.278,12059.524,1100.0834,510.24127,15.47219,17.90959,0.0,0.4108876,5.0,35.83069,41.54567,19.124975,-13.874982,1.48,0.0,-29.25,0.03112793,0.0,0.0,0.0,0.0,0.0,0.8828125,0.8955078,56.481934,2.3437505,70.889366,70.29811,0.0,110.000175,14.550781,1.0,109.48431,80.86946,474.375,542.625,-1.9328629,10.5,0.0,57.375,9.803332,72.99998,32.800293,1.0,78.88,9.34375,0.0,-83.69141,89.13574,4.5669556,3.6425781,78.91,79.12,79.02,78.61,0
252019.77,-0.17147139,0.0010785154,0.2274963,0.21889967,101.4911,24.060139,13.837125,-4.48656,33.8487,10.410601,92.082,0.0,4.561,15.561,24.481,0.0,90.225586,0.0,0.0,453.375,192.75,2192.0,0.0,-6.7890625,0.09136963,107.70157,12320.615,12030.868,1100.0834,510.24127,10.872923,18.057953,0.0,0.32871032,5.0,33.04901,41.60163,19.124975,-5.2499933,1.456,0.0,-28.359375,0.023925781,0.0,0.0,0.0,0.0,0.0,0.8876953,0.89160156,56.217957,2.3437505,70.56573,69.75597,0.0,110.00015,14.453125,1.0,110.22227,80.86946,473.625,543.0,-2.0150402,28.875,0.0,55.375,9.336507,72.99998,33.48999,1.0,79.15,7.1875,0.0,-86.04431,91.44287,4.7714233,3.6425781,78.78,79.06,78.38,78.55,0
252019.81,-0.07717711,4.3140617E-4,0.22382975,0.21750082,101.4911,24.060139,13.840284,-4.6380157,34.573387,10.4394455,92.082,0.0,4.561,15.561,24.481,0.0,90.225586,0.0,0.0,453.75,193.5,2152.0,0.0,-7.1015625,0.08770752,107.26211,12094.549,11820.723,1100.0834,504.13855,11.508766,17.655252,0.0,0.2629683,5.0,33.19702,41.651993,19.499975,-3.7499952,1.392,0.0,-27.804688,0.02331543,0.0,0.0,0.0,0.0,0.0,0.89746094,0.88964844,56.13098,2.3437505,69.52176,68.182045,0.0,110.00014,14.453125,1.0,110.62856,80.86946,472.125,543.0,-2.0807822,32.15625,0.0,54.5,8.869681,72.99998,33.465576,1.0,79.09,7.0,0.0,-86.41968,91.52832,4.5181274,3.6425781,79.21,78.95,78.49,78.7,0
252019.86,-0.061741687,1.7256248E-4,0.22183244,0.22542769,101.4911,24.060139,13.848355,-4.891026,35.40408,10.526342,92.082,0.0,4.561,15.561,24.481,0.0,90.225586,0.0,0.0,453.75,193.875,2119.0,0.0,-8.359375,0.0869751,107.10457,11920.488,11667.889,1100.0834,504.13855,10.872923,17.634058,0.0,0.3666247,5.0,32.53784,41.69732,19.124975,-4.1249948,1.392,0.0,-27.148438,0.028747559,0.0,0.0,0.0,0.0,0.0,0.9003906,0.8886719,55.732727,2.3437505,67.77779,68.54275,0.0,110.00012,15.136719,1.0,110.71977,80.86946,472.125,544.5,-1.9771258,30.9375,0.0,57.375,8.869681,72.99998,33.459473,1.0,78.84,8.625,0.0,-86.55701,89.52637,2.2872925,3.6425781,78.95,79.0,78.82,78.82,0
252019.89,-0.049393352,6.9024994E-5,0.22639103,0.22678414,101.4911,24.060139,13.8481455,-4.899167,35.775852,10.476246,92.082,0.0,4.561,15.561,24.481,0.0,90.225586,0.0,0.0,453.0,199.875,2087.0,0.0,-8.6328125,0.08648682,106.92215,11664.704,11880.688,1100.0834,504.13855,16.023254,18.39707,0.0,0.4495498,5.0,35.45685,41.738113,19.124975,1.8749976,1.392,0.0,-26.226562,0.029174805,0.0,0.0,0.0,0.0,0.0,0.89941406,0.88671875,55.75409,2.3437505,67.72167,67.78675,0.0,110.00011,15.332031,1.0,110.61198,80.86946,471.0,544.875,-1.8942007,42.90625,0.0,57.96875,9.336507,72.99998,33.825684,1.0,79.09,8.75,0.0,-86.26404,89.34326,2.3361206,3.6425781,79.06,79.02,78.63,78.63,0
252019.92,-0.039514683,2.7609998E-5,0.23188896,0.22534291,101.4911,24.060139,13.83628,-4.889409,35.959415,10.49468,92.082,0.0,4.561,15.561,24.481,0.0,90.225586,0.0,0.0,452.625,199.125,2080.0,0.0,-8.5859375,0.08538818,106.814354,11558.039,12209.705,1100.0834,502.01587,21.915403,18.71499,0.0,0.5158899,5.0,39.146423,41.774826,19.124975,1.4999981,1.424,0.0,-25.351562,0.027893066,0.0,0.0,0.0,0.0,0.0,0.8984375,0.8886719,55.796814,2.3437505,67.78893,66.45136,0.0,110.00009,15.332031,1.0,110.5954,80.86946,470.625,544.5,-1.8278606,45.3125,0.0,57.21875,9.336507,72.99998,33.740234,1.0,78.97,8.375,0.0,-86.15112,89.764404,2.9067993,3.6425781,78.91,79.06,78.95,78.7,0
252019.97,-0.07161175,1.1044E-5,0.22587891,0.22742,101.4911,24.060139,13.839693,-5.025357,36.087097,10.476246,92.082,0.0,4.561,15.561,24.481,0.0,90.225586,0.0,0.0,451.5,201.375,2069.0,0.0,-8.125,0.085510254,106.92215,11883.342,12234.116,1100.0834,502.01587,22.29691,18.227512,0.0,0.568962,5.0,39.87274,41.80787,19.499975,3.3749957,1.504,0.0,-25.445312,0.027893066,0.0,0.0,0.0,0.0,0.0,0.89941406,0.8886719,55.66864,2.3437505,66.85186,67.19826,0.0,110.00008,15.527344,1.0,110.81098,80.86946,470.625,544.125,-1.7747885,47.3125,0.0,58.03125,8.869681,72.99998,33.53882,1.0,79.19,8.375,0.0,-86.60278,89.77051,2.4917603,3.6425781,79.02,79.0,78.7,78.63,0
252020.0,-0.0772894,4.4176E-6,0.22524466,0.22890362,101.4911,24.060139,13.842082,-5.0597754,36.330696,10.455207,92.082,0.0,4.561,15.561,24.481,0.0,90.225586,0.0,0.0,451.5,203.25,2051.0,0.0,-8.3671875,0.085510254,106.91386,12174.681,12158.761,1100.0834,501.21985,17.400915,18.503044,0.0,0.6114197,5.0,37.01172,41.83761,19.499975,5.2499933,1.504,0.0,-25.476562,0.02758789,0.0,0.0,0.0,0.0,0.0,0.8964844,0.8857422,55.654907,2.3437505,66.61462,67.39852,0.0,110.00007,15.625,1.0,110.65344,80.86946,470.625,544.5,-1.7323308,48.46875,0.0,58.15625,8.869681,72.99998,33.31299,1.0,78.97,8.28125,0.0,-86.50818,89.886475,2.6535034,3.6425781,79.1,78.87,78.55,78.95,0
252020.05,-0.061831523,1.76704E-6,0.22559544,0.22831015,101.4911,24.060139,13.855473,-5.069955,36.71893,10.499955,92.082,0.0,4.561,15.561,24.481,0.0,90.225586,0.0,0.0,452.25,204.75,2038.0,0.0,-8.8046875,0.08532715,106.73973,12225.625,12237.83,1100.0834,501.21985,17.740032,18.693796,0.0,0.64538586,5.0,37.3291,41.864372,19.499975,6.7499914,1.452,0.0,-25.398438,0.026428223,0.0,0.0,0.0,0.0,0.0,0.890625,0.8857422,55.607605,2.3437505,66.54445,67.08802,0.0,110.00006,15.625,1.0,110.68661,80.86946,470.25,544.875,-1.6983646,50.71875,0.0,57.9375,8.869681,72.99998,33.221436,1.0,79.18,7.9375,0.0,-86.26099,90.30151,3.3706665,3.6425781,79.27,79.19,78.72,78.78,0
252020.1,-0.04946522,7.06816E-7,0.22802882,0.24132375,101.4911,24.060139,13.841409,-5.073665,36.797165,10.455207,92.082,0.0,4.561,15.561,24.481,0.0,90.225586,0.0,0.0,452.25,205.125,2025.0,0.0,-9.0703125,0.08666992,106.74802,12257.466,12348.741,1100.0834,501.21985,18.630213,18.693796,0.0,0.6725588,5.0,38.01117,41.88846,19.499975,6.7499914,1.452,0.0,-25.195312,0.034179688,0.0,0.0,0.0,0.0,0.0,0.8876953,0.8857422,55.62744,2.3437505,66.518875,69.32212,0.0,110.00005,17.285156,1.0,110.5954,80.86946,470.25,545.25,-1.6711917,51.375,0.0,65.90625,8.869681,72.99998,33.355713,1.0,79.04,10.25,0.0,-86.187744,87.53052,0.53253174,3.6425781,79.1,78.95,78.61,78.55,0
252020.12,-0.039572176,2.827264E-7,0.23681001,0.2559905,101.4911,24.060139,13.837423,-4.787911,37.248966,10.499954,92.082,0.0,4.561,15.561,24.481,0.0,90.225586,0.0,0.0,452.25,204.375,2009.0,0.0,-8.921875,0.08868408,106.83094,12377.397,12669.267,1100.0834,500.42383,21.936598,19.880705,0.0,0.6942971,5.0,40.44037,41.91014,19.124975,5.9999924,1.452,0.0,-25.09375,0.043762207,0.0,0.0,0.0,0.0,0.0,0.88378906,0.88671875,55.688477,2.3437505,68.48855,72.40784,0.0,110.000046,18.164062,1.0,110.34664,80.86946,470.25,544.875,-1.6494534,54.375,0.0,70.28125,9.803332,72.99998,33.996582,1.0,79.18,13.125,0.0,-86.04431,84.173584,0.0,3.6425781,79.1,79.02,78.95,78.72,0
252020.16,-0.03165774,1.13090564E-7,0.254643,0.25675356,101.4911,24.060139,13.846353,-4.2509804,37.54799,10.484145,92.082,0.0,4.561,15.561,24.481,0.0,90.225586,0.0,0.0,451.5,203.625,1990.0,0.0,-8.8359375,0.08905029,106.90556,12566.848,12989.793,1100.0834,500.42383,26.239138,21.131197,0.0,0.5554377,5.0,43.232727,41.929657,18.749975,5.624993,1.492,0.0,-25.140625,0.043395996,0.0,0.0,0.0,0.0,0.0,0.8857422,0.890625,55.74646,2.3437505,72.18955,72.59927,0.0,110.00004,18.164062,1.0,110.04814,80.86946,469.875,544.875,-1.7883128,60.8125,0.0,70.15625,10.270158,72.99998,33.917236,1.0,79.27,13.03125,0.0,-85.33325,84.332275,0.0,3.6425781,78.97,78.97,78.66,78.76,0
252020.2,-0.025326192,4.5236227E-8,0.2587798,0.25412542,101.4911,24.060139,13.835025,-4.0676208,37.813126,10.526342,92.082,0.0,4.561,15.561,24.481,0.0,90.225586,0.0,0.0,450.75,205.875,1984.0,0.0,-8.4140625,0.08905029,107.2704,12840.144,13310.319,1100.0834,499.89316,26.896177,21.004028,0.0,0.60060024,5.0,43.96057,41.94722,17.999977,9.749988,1.592,0.0,-25.742188,0.03955078,0.0,0.0,0.0,0.0,0.0,0.88964844,0.8925781,55.799866,2.3437505,73.45343,72.46885,0.0,110.00003,18.164062,1.0,110.164215,80.86946,469.875,544.5,-1.7431502,69.8125,0.0,69.6875,9.803332,72.99998,33.465576,1.0,79.18,11.875,0.0,-85.02197,85.71777,0.0,3.6425781,79.27,79.27,78.82,78.85,0
252020.25,-0.080260955,0.01875002,0.25236544,0.25442213,101.4911,24.060139,13.850533,-4.1991234,85.615974,23.737501,92.082,0.0,4.561,15.561,24.481,0.0,90.225586,0.0,0.0,450.75,212.25,1976.0,0.0,-8.5234375,0.08917236,107.44453,13240.801,13409.555,1100.0834,499.89316,26.133165,20.558937,0.0,0.6367303,5.0,44.19861,41.963028,18.374977,13.124983,1.592,0.0,-25.9375,0.037902832,0.0,0.0,0.0,0.0,0.0,0.8886719,0.89160156,55.706787,2.3437505,72.547,73.00741,0.0,110.00002,18.164062,1.0,110.47931,80.86946,469.875,544.5,-1.7070202,70.53125,0.0,69.5,9.803332,72.99998,33.709717,1.0,79.03,11.375,0.0,-85.83374,86.32202,0.0,3.6425781,79.02,79.12,78.66,78.85,0
252020.28,-0.06420877,0.026250008,0.25132772,0.25268418,101.4911,24.060139,13.855529,-4.2311044,85.90387,23.696787,92.082,0.0,4.561,15.561,24.481,0.0,90.225586,0.0,0.0,450.75,211.125,1966.0,0.0,-8.796875,0.08947754,107.38648,13461.561,13465.275,1100.0834,499.89316,22.826778,20.728495,0.0,0.6656343,5.0,42.370605,41.97725,18.374977,14.624981,1.568,0.0,-25.984375,0.035217285,0.0,0.0,0.0,0.0,0.0,0.8876953,0.890625,55.67932,2.3437505,72.32655,72.60881,0.0,110.000015,18.164062,1.0,110.47931,80.86946,469.5,544.875,-1.6781162,71.5625,0.0,69.25,9.803332,72.99998,33.73413,1.0,79.3,10.5625,0.0,-85.94055,87.30469,0.46844482,3.6425781,79.21,79.1,78.76,79.0,0
252020.31,-0.07136701,0.066750005,0.2500023,0.25086144,101.490265,24.060139,13.829729,-4.2089243,121.16436,33.04946,92.082,0.0,4.561,15.561,24.481,0.0,90.225586,0.0,0.0,451.125,214.125,1944.0,0.0,-8.78125,0.08868408,107.22894,13738.041,13475.889,1100.0834,499.89316,20.3046,20.495354,0.0,0.53250754,5.0,41.394043,41.99005,18.374977,17.624977,1.532,0.0,-26.335938,0.03173828,0.0,0.0,0.0,0.0,0.0,0.8876953,0.88964844,55.68695,2.3437505,72.47861,72.63263,0.0,110.00001,18.164062,1.0,110.31348,80.86117,469.5,544.875,-1.8112429,74.09375,0.0,68.375,9.803332,72.99998,33.40454,1.0,79.18,9.53125,0.0,-85.63843,88.51929,2.027893,3.6425781,79.36,79.4,78.7,78.59,0
252020.38,-0.05709361,0.06420001,0.24876758,0.24950495,101.48951,24.060139,13.846826,-4.196801,106.62386,28.784105,92.082,0.0,4.561,15.561,24.481,0.0,90.225586,0.0,0.0,451.125,216.0,1924.0,0.0,-8.75,0.088256836,107.14603,13942.35,13387.797,1100.0834,499.89316,14.412451,20.3046,0.0,0.42600608,5.0,38.090515,42.00157,18.749975,17.999977,1.532,0.0,-26.554688,0.028137207,0.0,0.0,0.0,0.0,0.0,0.88964844,0.88964844,55.645752,2.3437505,72.56142,72.72968,0.0,110.00001,18.164062,1.0,110.52906,80.86117,469.5,544.875,-1.9177444,73.59375,0.0,67.96875,9.336507,72.99998,33.45337,1.0,79.33,8.4375,0.0,-85.95886,89.801025,3.1051636,3.6425781,79.31,79.31,78.85,78.91,0
252020.42,-0.045674887,0.044430003,0.25059798,0.24793655,101.48966,24.060139,13.829496,-4.2463846,87.06855,23.358364,92.082,0.0,4.561,15.561,24.481,0.0,90.225586,0.0,0.0,451.5,216.0,1912.0,0.0,-8.703125,0.08856201,107.05482,13892.997,13381.429,1100.0834,499.89316,13.098374,20.452963,0.0,0.49705493,5.0,37.48932,42.01194,18.749975,17.999977,1.508,0.0,-26.132812,0.025512695,0.0,0.0,0.0,0.0,0.0,0.8925781,0.8886719,55.58014,2.3437505,72.219795,71.73435,0.0,110.00001,18.164062,1.0,110.47931,80.86946,469.125,544.875,-1.8466955,74.6875,0.0,67.34375,9.336507,72.99998,33.276367,1.0,79.66,7.65625,0.0,-85.91614,90.76538,4.1793823,3.6425781,79.31,78.85,78.87,78.95,0
252020.45,-0.056539908,0.036522,0.2485677,0.25404063,101.4898,24.060139,13.8466625,-4.3007197,87.08201,23.178696,92.082,0.0,4.561,15.561,24.481,0.0,90.225586,0.0,0.0,451.5,216.0,1897.0,0.0,-8.7265625,0.08947754,107.01336,13834.093,13237.086,1100.0834,499.89316,10.788143,20.177431,0.0,0.55389404,5.0,36.080933,42.02127,18.749975,17.999977,1.508,0.0,-25.9375,0.027404785,0.0,0.0,0.0,0.0,0.0,0.8935547,0.8876953,55.566406,2.3437505,71.845406,72.96676,0.0,110.00001,18.75,1.0,110.288605,80.86946,469.125,544.875,-1.7898564,73.96875,0.0,69.90625,9.336507,72.99998,32.86743,1.0,79.87,8.21875,0.0,-85.74524,90.11841,3.7460327,3.6425781,79.43,79.77,78.55,78.95,0
252020.5,-0.045231927,0.0146088,0.24993534,0.25662637,101.48993,24.060139,13.841101,-4.30536,39.592155,10.510504,92.082,0.0,4.561,15.561,24.481,0.0,90.225586,0.0,0.0,451.5,216.0,1892.0,0.0,-8.703125,0.0904541,106.98848,13735.918,13271.049,1100.0834,499.89316,10.067521,20.38938,0.0,0.59936535,5.0,35.58197,42.02967,18.749975,17.999977,1.492,0.0,-25.695312,0.028015137,0.0,0.0,0.0,0.0,0.0,0.89453125,0.88671875,55.558777,2.3437505,71.81355,73.20229,0.0,110.00001,19.042969,1.0,110.31348,80.86946,468.75,544.875,-1.7443851,74.71875,0.0,71.0625,9.336507,72.99998,33.09326,1.0,79.15,8.40625,0.0,-85.5072,89.94141,3.7216187,3.6425781,79.46,79.02,78.76,78.76,0
252020.53,-0.056185544,0.00584352,0.25167984,0.25675356,101.49004,24.060139,13.843067,-4.2458067,39.59796,10.534269,92.082,0.0,4.561,15.561,24.481,0.0,90.225586,0.0,0.0,451.875,216.0,1896.0,0.0,-8.796875,0.09039307,106.90556,13490.747,13472.174,1100.0834,499.89316,16.192812,20.7073,0.0,0.6357423,5.0,39.248657,42.03723,18.749975,17.999977,1.476,0.0,-25.546875,0.028320312,0.0,0.0,0.0,0.0,0.0,0.8935547,0.8876953,55.612183,2.3437505,72.22416,73.30943,0.0,110.00001,19.042969,1.0,110.13106,80.86946,468.75,544.875,-1.7080082,75.28125,0.0,71.03125,9.336507,72.99998,32.855225,1.0,79.63,8.5,0.0,-85.34546,89.83154,3.7734985,3.6425781,79.52,79.43,78.85,79.1,0
252020.58,-0.06494844,0.002337408,0.25757658,0.25895783,101.49014,24.060139,13.850303,-4.0966644,39.71835,10.560723,92.082,0.0,4.561,15.561,24.481,0.0,90.225586,0.0,0.0,451.875,216.0,1895.0,0.0,-9.3515625,0.091430664,107.01336,13537.978,13686.565,1100.0834,499.89316,17.273746,21.237171,0.0,0.6648439,5.0,39.997864,42.044037,18.374977,17.999977,1.476,0.0,-25.507812,0.02923584,0.0,0.0,0.0,0.0,0.0,0.8955078,0.8886719,55.625916,2.3437505,73.25228,73.5417,0.0,110.00001,19.238281,1.0,110.04814,80.86946,468.75,545.25,-1.6789066,77.5625,0.0,72.0,9.803332,72.99998,33.52661,1.0,79.18,8.78125,0.0,-85.03723,89.55078,3.7704468,3.6425781,79.12,79.27,79.1,78.95,0
252020.61,-0.11195875,0.038434964,0.26364794,0.25823718,101.490234,24.060139,13.849508,-3.9138615,106.94444,28.420483,92.082,0.0,4.561,15.561,24.481,0.0,90.225586,0.0,0.0,450.75,215.25,1894.0,0.0,-9.0859375,0.091796875,107.06311,13630.314,13985.864,1100.0834,499.89316,22.360495,21.745846,0.0,0.68812525,5.0,43.33496,42.050163,17.999977,17.249977,1.532,0.0,-25.585938,0.028320312,0.0,0.0,0.0,0.0,0.0,0.8964844,0.890625,55.71289,2.3437505,74.51241,73.3687,0.0,110.00001,19.238281,1.0,109.990105,80.86946,468.375,545.25,-1.6556252,79.84375,0.0,72.0625,9.803332,72.99998,33.31299,1.0,79.3,8.5,0.0,-84.75037,89.89258,4.411316,3.6425781,79.31,79.06,79.02,78.55,0
252020.64,-0.149567,0.090373985,0.25979424,0.25887302,101.49032,24.060139,13.848952,-3.9039972,135.45294,35.996616,92.082,0.0,4.561,15.561,24.481,0.0,90.225586,0.0,0.0,450.0,215.25,1894.0,0.0,-8.796875,0.09234619,107.28699,13839.93,13869.116,1100.0834,499.89316,20.198626,21.110003,0.0,0.8630003,5.0,42.26837,42.05567,17.999977,17.249977,1.584,0.0,-26.171875,0.027282715,0.0,0.0,0.0,0.0,0.0,0.90234375,0.89160156,55.706787,2.3437505,74.58049,74.419205,0.0,110.00001,19.238281,1.0,110.13106,80.86946,468.375,544.875,-1.4807502,78.4375,0.0,72.0,9.803332,72.99998,33.044434,1.0,79.21,8.1875,0.0,-85.11047,90.2832,4.4784546,3.6425781,79.1,79.36,79.21,79.06,0
252020.69,-0.1596536,0.0923996,0.2570801,0.25777087,101.490395,24.060139,13.854423,-3.9128332,122.53904,32.49597,92.082,0.0,4.561,15.561,24.481,0.0,90.225586,0.0,0.0,450.0,215.625,1890.0,0.0,-8.3828125,0.09234619,107.328445,14123.839,13682.32,1100.0834,499.89316,12.123415,21.088806,0.0,1.0029002,5.0,37.556458,42.06063,17.999977,17.624977,1.584,0.0,-26.570312,0.025634766,0.0,0.0,0.0,0.0,0.0,0.9003906,0.88964844,55.673218,2.3437505,74.51966,74.685455,0.0,110.00001,19.238281,1.0,110.147644,80.86946,468.375,544.5,-1.3408502,77.46875,0.0,71.875,9.803332,72.99998,33.148193,1.0,79.18,7.6875,0.0,-85.22034,90.875244,4.9850464,3.6425781,79.16,79.0,78.87,79.06,0
252020.72,-0.16772288,0.13070984,0.25968716,0.2574318,101.48963,24.060139,13.840673,-3.8768594,146.6908,38.921326,92.082,0.0,4.561,15.561,24.481,0.0,90.225586,0.0,0.0,450.75,215.625,1891.0,0.0,-8.625,0.09259033,107.19578,14035.217,13822.418,1100.0834,499.89316,11.614739,21.449118,0.0,1.1148202,5.0,37.1933,42.065094,17.999977,17.624977,1.54,0.0,-26.398438,0.025512695,0.0,0.0,0.0,0.0,0.0,0.8964844,0.88964844,55.65338,2.3437505,74.76686,74.3515,0.0,110.00001,19.238281,1.0,110.13106,80.86117,468.375,544.5,-1.2289302,78.6875,0.0,71.78125,9.336507,72.99998,32.86743,1.0,79.31,7.65625,0.0,-85.09827,90.92407,5.1742554,3.6425781,79.31,79.21,78.97,78.95,0
252020.77,-0.13417831,0.10853394,0.25869173,0.25751656,101.488945,24.060139,13.848627,-3.935964,122.57676,32.54037,92.082,0.0,4.561,15.561,24.481,0.0,90.225586,0.0,0.0,450.75,215.625,1892.0,0.0,-8.703125,0.09326172,107.22065,13904.672,13677.014,1100.0834,499.89316,13.267933,21.004028,0.0,1.2043563,5.0,38.15918,42.069115,17.999977,17.624977,1.544,0.0,-26.34375,0.024902344,0.0,0.0,0.0,0.0,0.0,0.89941406,0.88964844,55.66559,2.3437505,74.35877,74.184814,0.0,110.00001,19.238281,1.0,110.19739,80.86117,468.375,544.875,-1.1393942,78.28125,0.0,71.71875,9.336507,72.99998,32.922363,1.0,79.33,7.46875,0.0,-85.22949,91.16821,5.305481,3.6425781,79.59,79.56,78.95,79.1,0
252020.8,-0.08734265,0.08091357,0.2567458,0.2609501,101.48916,24.060139,13.842476,-3.9835699,107.349365,28.558214,92.082,0.0,4.561,15.561,24.481,0.0,90.225586,0.0,0.0,450.75,215.625,1896.0,0.0,-8.96875,0.093566895,107.21236,13806.497,13490.217,1100.0834,499.89316,11.784298,20.431768,0.0,1.2759851,5.0,37.13684,42.14792,17.999977,17.624977,1.544,0.0,-26.320312,0.026855469,0.0,0.0,0.0,0.0,0.0,0.9003906,0.88964844,55.612183,2.3437505,74.030846,74.93151,0.0,110.00001,19.433594,1.0,110.23055,80.86946,468.375,544.875,-1.0677654,77.1875,0.0,72.75,9.336507,72.99998,32.928467,1.0,79.37,8.0625,0.0,-85.31494,90.49072,4.5425415,3.6425781,79.43,79.43,79.0,79.0,0
252020.84,-0.06987412,0.05111543,0.25707746,0.26061103,101.48935,24.060139,13.844029,-4.0043807,87.310585,23.227287,92.082,0.0,4.561,15.561,24.481,0.0,90.225586,0.0,0.0,451.125,215.625,1896.0,0.0,-9.03125,0.09423828,107.237236,13627.13,13661.093,1100.0834,499.89316,14.433645,20.580132,0.0,1.3332882,5.0,38.635254,42.21884,17.999977,17.624977,1.508,0.0,-26.046875,0.026245117,0.0,0.0,0.0,0.0,0.0,0.9003906,0.88964844,55.60608,2.3437505,73.88759,74.62472,0.0,110.00001,19.433594,1.0,110.17252,80.86946,468.375,545.25,-1.0104623,77.34375,0.0,72.6875,9.336507,72.99998,32.86743,1.0,79.6,7.875,0.0,-85.28137,90.73486,4.789734,3.6425781,79.62,79.65,79.12,78.76,0
252020.89,0.044100694,0.03919617,0.25690317,0.26099253,101.48952,24.060139,13.845118,-4.021928,87.06131,23.185402,92.082,0.0,4.561,15.561,24.481,0.0,90.225586,0.0,0.0,451.125,215.625,1898.0,0.0,-9.0,0.09423828,107.20406,13663.216,13595.82,1100.0834,499.89316,14.391256,20.283405,0.0,1.3791306,5.0,38.70392,42.28267,18.374977,17.624977,1.508,0.0,-25.898438,0.026245117,0.0,0.0,0.0,0.0,0.0,0.9013672,0.88964844,55.60608,2.3437505,73.76681,74.58005,0.0,110.00001,19.433594,1.0,110.04814,80.86946,468.375,544.875,-0.9646198,77.21875,0.0,72.75,9.336507,72.99998,32.751465,1.0,79.48,7.875,0.0,-85.006714,90.73486,5.0582886,3.6425781,79.71,79.43,78.55,79.27,0
252020.92,0.075280555,0.03442847,0.26065254,0.26438367,101.48967,24.060139,13.8283,-3.914602,87.696686,23.35461,92.082,0.0,4.561,15.561,24.481,0.0,90.225586,0.0,0.0,450.75,215.625,1898.0,0.0,-8.7109375,0.095214844,107.237236,13632.968,13821.356,1100.0834,499.89316,16.171618,20.855663,0.0,1.5720546,5.0,39.74762,42.34012,17.999977,17.624977,1.524,0.0,-26.0625,0.028503418,0.0,0.0,0.0,0.0,0.0,0.9042969,0.890625,55.592346,2.3437505,74.506744,75.26474,0.0,110.00001,19.726562,1.0,110.00668,80.86946,468.375,544.875,-0.77169585,78.65625,0.0,74.15625,9.803332,72.99998,32.873535,1.0,79.51,8.5625,0.0,-84.8999,89.97803,4.420471,3.6425781,79.59,79.82,79.34,79.19,0
252020.97,0.14022444,0.013771388,0.26557812,0.2809156,101.48981,24.060139,13.845826,-3.725633,39.472107,10.5395565,92.082,0.0,4.561,15.561,24.481,0.0,90.225586,0.0,0.0,451.125,215.25,1903.0,0.0,-8.734375,0.09729004,107.35332,13663.216,14120.655,1100.0834,499.89316,21.555092,21.512703,0.0,1.7263937,5.0,43.130493,42.391823,17.624977,17.249977,1.52,0.0,-26.351562,0.040405273,0.0,0.0,0.0,0.0,0.0,0.90625,0.89160156,55.659485,2.3437505,75.809425,79.59417,0.0,110.00001,20.800781,1.0,109.990105,80.86946,468.75,544.875,-0.6173567,79.40625,0.0,80.71875,10.270158,72.99998,33.64868,1.0,79.6,12.125,0.0,-84.84802,85.9314,0.06561279,3.6425781,79.34,79.8,78.97,78.87,0
252021.02,0.21217954,0.005508555,0.27688715,0.27938956,101.4891,24.060139,13.817079,-3.3101015,39.612846,10.56602,92.082,0.0,4.561,15.561,24.481,0.0,90.225586,0.0,0.0,451.125,214.875,1901.0,0.0,-8.6328125,0.09741211,107.44453,13863.279,14336.108,1100.0834,499.89316,23.18709,21.703455,0.0,1.8498651,5.0,44.369507,42.438354,16.499979,16.874979,1.52,0.0,-26.78125,0.038757324,0.0,0.0,0.0,0.0,0.0,0.91015625,0.8935547,55.699158,2.3437505,78.67293,79.74745,0.0,110.00001,20.703125,1.0,109.88231,80.86117,468.75,544.875,-0.49388537,83.53125,0.0,80.15625,10.736983,72.99998,33.825684,1.0,79.57,11.625,0.0,-84.64966,86.51123,0.84991455,3.6425781,79.65,79.59,79.25,78.97,0
252021.06,0.16974364,0.0022034221,0.2830551,0.2803222,101.488464,24.060139,13.837971,-3.1324313,39.636917,10.605809,92.082,0.0,4.561,15.561,24.481,0.0,90.225586,0.0,0.0,450.75,214.5,1907.0,0.0,-8.3671875,0.09790039,107.6767,14185.928,14635.407,1100.0834,499.89316,25.242985,22.275715,0.0,1.9486421,5.0,45.970154,42.480232,16.124979,16.499979,1.564,0.0,-26.945312,0.039978027,0.0,0.0,0.0,0.0,0.0,0.9121094,0.8964844,55.786133,2.3437505,79.89696,80.20847,0.0,110.00001,20.703125,1.0,109.94865,80.86117,468.75,544.5,-0.3951083,86.9375,0.0,80.125,10.736983,72.99998,33.76465,1.0,79.6,12.0,0.0,-84.591675,86.1145,0.52337646,3.6425781,79.71,79.4,79.12,79.19,0
252021.1,0.17579493,8.813689E-4,0.28501612,0.27994063,101.48789,24.060139,13.840877,-3.0707762,39.508926,10.566019,92.082,0.0,4.561,15.561,24.481,0.0,90.225586,0.0,0.0,450.375,214.5,1906.0,0.0,-8.453125,0.098083496,107.88399,14476.736,14741.011,1100.0834,499.89316,25.242985,22.000183,0.0,2.0276637,5.0,46.343994,42.51792,16.124979,16.499979,1.588,0.0,-26.992188,0.03881836,0.0,0.0,0.0,0.0,0.0,0.9189453,0.89746094,55.792236,2.3437505,80.321365,80.27246,0.0,110.00001,20.703125,1.0,109.94865,80.86117,468.75,544.5,-0.31608665,87.65625,0.0,80.21875,10.736983,72.99998,33.66089,1.0,79.53,11.65625,0.0,-84.677124,86.52954,0.8590698,3.6425781,79.56,79.62,78.97,79.52,0
252021.12,0.14063595,0.01910255,0.2850177,0.27994063,101.48821,24.060139,13.842911,-3.0728672,87.381195,23.356415,92.082,0.0,4.561,15.561,24.481,0.0,90.225586,0.0,0.0,450.375,214.5,1905.0,0.0,-8.546875,0.09820557,108.00837,14836.532,14704.926,1100.0834,499.89316,18.545433,22.127352,0.0,2.247131,5.0,42.529297,42.55184,16.124979,16.499979,1.588,0.0,-27.210938,0.038513184,0.0,0.0,0.0,0.0,0.0,0.9199219,0.89746094,55.760193,2.3437505,80.307274,80.29925,0.0,110.00001,20.703125,1.0,110.22227,80.86946,468.75,544.5,-0.09661935,87.65625,0.0,80.21875,10.736983,72.99998,33.966064,1.0,79.57,11.5625,0.0,-85.269165,86.64551,0.39520264,3.6425781,79.4,79.8,79.02,79.1,0
252021.17,0.17250876,0.045141023,0.27936372,0.276168,101.488495,24.060139,13.844335,-3.142333,107.32338,28.641653,92.082,0.0,4.561,15.561,24.481,0.0,90.225586,0.0,0.0,450.75,214.5,1902.0,0.0,-8.8515625,0.09753418,108.00008,14889.6,14546.785,1100.0834,499.89316,16.616709,21.788235,0.0,2.422705,5.0,41.462708,42.582375,16.124979,16.499979,1.544,0.0,-27.640625,0.03540039,0.0,0.0,0.0,0.0,0.0,0.92285156,0.8964844,55.752563,2.3437505,79.828735,80.15201,0.0,110.00001,20.507812,1.0,110.26372,80.86946,468.75,544.875,0.0789545,85.625,0.0,78.84375,10.270158,72.99998,33.685303,1.0,79.33,10.625,0.0,-85.4187,87.683105,1.3137817,3.6425781,79.43,79.27,79.1,79.4,0
252021.2,0.19800702,0.07430641,0.27500626,0.27578646,101.488754,24.060139,13.839472,-3.2451825,122.45895,32.646557,92.082,0.0,4.561,15.561,24.481,0.0,90.225586,0.0,0.0,450.75,214.875,1900.0,0.0,-8.828125,0.09753418,107.95862,14992.019,14359.988,1100.0834,499.89316,9.70721,20.940443,0.0,2.563164,5.0,37.397766,42.609848,16.499979,16.874979,1.544,0.0,-27.726562,0.03466797,0.0,0.0,0.0,0.0,0.0,0.9267578,0.8955078,55.693054,2.3437505,79.12006,80.02274,0.0,110.00001,20.507812,1.0,110.5954,80.86946,468.75,544.875,0.21941358,84.0625,0.0,78.71875,9.803332,72.99998,33.81958,1.0,79.48,10.40625,0.0,-86.11755,87.93945,0.932312,3.6425781,79.21,79.56,79.12,79.0,0
252021.25,0.17840561,0.10472257,0.27050224,0.2720562,101.48898,24.060139,13.841927,-3.3190105,135.45294,35.996616,92.082,0.0,4.561,15.561,24.481,0.0,90.225586,0.0,0.0,451.125,215.25,1894.0,0.0,-8.796875,0.09667969,107.76791,14795.67,14173.191,1100.0834,499.89316,9.474067,21.088806,0.0,2.8317814,5.0,37.034607,42.634575,16.499979,17.249977,1.524,0.0,-28.078125,0.03173828,0.0,0.0,0.0,0.0,0.0,0.9296875,0.8935547,55.66559,2.3437505,78.611404,79.67436,0.0,110.00001,20.3125,1.0,110.5954,80.86946,468.75,544.875,0.48803085,82.5625,0.0,77.46875,9.803332,72.99998,33.80127,1.0,79.24,9.53125,0.0,-86.19995,88.916016,1.8447876,3.6425781,79.27,79.1,79.06,79.16,0
252021.28,0.1627245,0.13563903,0.2701663,0.25166678,101.48919,24.060139,13.843645,-3.326152,146.77959,38.96548,92.082,0.0,4.561,15.561,24.481,0.0,90.225586,0.0,0.0,451.125,215.25,1892.0,0.0,-8.796875,0.09448242,107.52744,14536.172,14138.698,1100.0834,499.89316,10.003937,21.067612,0.0,3.0466752,5.0,37.15973,42.65683,16.499979,17.249977,1.484,0.0,-28.40625,0.018127441,0.0,0.0,0.0,0.0,0.0,0.9296875,0.8935547,55.66559,2.3437505,78.562386,74.785736,0.0,110.00001,18.75,1.0,110.570526,80.86946,468.375,544.875,0.70292467,82.46875,0.0,69.25,9.803332,72.99998,33.685303,1.0,79.24,5.4375,0.0,-86.102295,93.603516,6.941223,3.6425781,79.16,79.27,79.06,79.06,0
252021.33,0.1501796,0.16675562,0.262792,0.23899235,101.48938,24.060139,13.838989,-3.5988111,156.81299,41.60704,92.082,0.0,4.561,15.561,24.481,0.0,90.225586,0.0,0.0,451.125,215.25,1891.0,0.0,-8.7578125,0.09246826,107.41136,14404.564,13951.901,1100.0834,499.89316,7.948043,20.241016,0.0,3.3748403,5.0,35.842896,42.676865,17.249977,17.249977,1.484,0.0,-27.851562,0.008972168,0.0,0.0,0.0,0.0,0.0,0.9296875,0.89160156,55.586243,2.3437505,76.68317,71.94818,0.0,110.00001,17.773438,1.0,110.85244,80.86946,468.375,544.875,1.0310897,79.84375,0.0,64.53125,8.402857,72.99998,32.977295,1.0,79.25,2.6875,0.0,-86.84387,96.80786,9.733582,3.6425781,79.21,79.02,78.87,79.06,0
252021.36,0.14014368,0.16045225,0.25103426,0.23767826,101.48955,24.060139,13.841589,-4.0877323,146.73294,38.891335,92.082,0.0,4.561,15.561,24.481,0.0,90.225586,0.0,0.0,451.125,216.0,1889.0,0.0,-8.7265625,0.09234619,107.29527,14122.247,13765.1045,1100.0834,499.89316,6.2100706,19.032913,0.0,3.637372,5.0,34.526062,42.694893,18.374977,17.999977,1.484,0.0,-26.242188,0.0072021484,0.0,0.0,0.0,0.0,0.0,0.9267578,0.8886719,55.44586,2.3437505,73.313255,70.674736,0.0,110.00001,17.675781,1.0,111.13436,80.86946,468.375,544.875,1.2936217,75.40625,0.0,63.875,7.936031,72.99998,33.03833,1.0,79.27,2.15625,0.0,-87.10632,97.43652,10.136414,3.6425781,79.25,79.34,78.95,79.0,0
252021.4,0.13211495,0.15793091,0.2442162,0.23848365,101.48887,24.060139,13.83169,-4.4415245,146.62427,38.841957,92.082,0.0,4.561,15.561,24.481,0.0,90.225586,0.0,0.0,452.25,216.0,1888.0,0.0,-8.8125,0.09210205,107.005066,13909.448,13578.309,1100.0834,499.89316,6.082902,18.566628,0.0,3.8473978,5.0,34.23004,42.71112,19.124975,17.999977,1.408,0.0,-25.46875,0.0076904297,0.0,0.0,0.0,0.0,0.0,0.92578125,0.88671875,55.426025,2.3437505,70.873924,69.704445,0.0,110.00001,17.675781,1.0,111.0929,80.86117,468.375,544.875,1.5036473,72.15625,0.0,63.65625,7.936031,72.99998,32.91626,1.0,79.31,2.3125,0.0,-86.846924,97.25952,10.224915,3.6425781,79.21,79.21,78.82,78.95,0
252021.44,0.12569197,0.13817236,0.24242927,0.23661853,101.48826,24.060139,13.836479,-4.6738167,135.61966,35.926746,92.082,0.0,4.561,15.561,24.481,0.0,90.225586,0.0,0.0,452.25,216.0,1888.0,0.0,-9.234375,0.091918945,106.79777,13563.449,13391.512,1100.0834,499.89316,7.1850305,18.460653,0.0,4.0154185,5.0,34.42383,42.725723,19.499975,17.999977,1.408,0.0,-24.015625,0.0064697266,0.0,0.0,0.0,0.0,0.0,0.921875,0.8857422,55.37262,2.3437505,69.27215,68.16248,0.0,110.00001,17.480469,1.0,110.93536,80.86117,468.375,545.25,1.6716679,71.34375,0.0,62.6875,7.936031,72.99998,32.67212,1.0,79.28,1.9375,0.0,-86.7157,97.69287,10.820007,3.6425781,79.4,79.27,79.1,79.12,0
252021.48,0.14055356,0.11151895,0.24255055,0.23610982,101.48771,24.060139,13.845692,-4.8592596,122.38971,32.45637,92.082,0.0,4.561,15.561,24.481,0.0,90.225586,0.0,0.0,453.0,216.0,1890.0,0.0,-9.546875,0.092163086,106.68169,13317.748,13204.715,1100.0834,499.89316,8.541496,18.566628,0.0,4.1498346,5.0,34.91211,42.73887,19.499975,17.999977,1.384,0.0,-23.476562,0.006225586,0.0,0.0,0.0,0.0,0.0,0.91796875,0.8857422,55.37262,2.3437505,67.99336,66.65566,0.0,110.00001,17.480469,1.0,110.910484,80.86117,468.75,545.625,1.8060844,71.34375,0.0,62.6875,7.936031,72.99998,32.65381,1.0,79.25,1.875,0.0,-86.7157,97.784424,10.91156,3.6425781,79.21,79.34,78.72,79.0,0
252021.53,0.13244285,0.08210758,0.23869215,0.23700003,101.488045,24.060139,13.834562,-4.9705234,107.47555,28.501303,92.082,0.0,4.561,15.561,24.481,0.0,90.225586,0.0,0.0,452.625,216.0,1890.0,0.0,-9.6875,0.092163086,106.70656,13148.994,13017.919,1100.0834,499.89316,7.4817576,18.227512,0.0,4.413618,5.0,33.958435,42.750694,19.499975,17.999977,1.388,0.0,-23.554688,0.0065307617,0.0,0.0,0.0,0.0,0.0,0.9160156,0.8847656,55.319214,2.3437505,67.22677,66.836395,0.0,110.00001,17.480469,1.0,110.769516,80.86946,468.75,545.625,2.0698674,69.53125,0.0,62.71875,7.936031,72.99998,32.403564,1.0,79.3,1.96875,0.0,-86.7157,97.67456,10.801697,3.6425781,79.36,79.34,79.0,79.02,0
252021.56,0.14595428,0.07034303,0.2358999,0.23742394,101.48835,24.060139,13.84435,-5.010099,107.38788,28.447918,92.082,0.0,4.561,15.561,24.481,0.0,90.225586,0.0,0.0,452.625,216.0,1888.0,0.0,-9.5078125,0.09210205,106.60706,13034.9,12831.122,1100.0834,499.89316,7.1002517,18.227512,0.0,4.6246443,5.0,33.52661,42.761337,19.499975,17.999977,1.388,0.0,-23.585938,0.0064697266,0.0,0.0,0.0,0.0,0.0,0.9121094,0.88378906,55.345154,2.3437505,66.954285,67.2911,0.0,110.00001,17.480469,1.0,110.5954,80.86946,468.75,545.625,2.2808938,68.1875,0.0,62.625,7.936031,72.99998,32.110596,1.0,79.36,1.9375,0.0,-86.257935,97.69287,11.277771,3.6425781,79.31,79.5,78.87,78.95,0
252021.6,0.15676343,0.065637216,0.23462984,0.23750868,101.488625,24.060139,13.827764,-4.9552345,107.27496,28.463161,92.082,0.0,4.561,15.561,24.481,0.0,90.225586,0.0,0.0,453.0,216.0,1891.0,0.0,-9.1328125,0.09197998,106.53243,12828.469,12661.307,1100.0834,499.89316,6.4220185,18.121538,0.0,4.7934656,5.0,32.800293,42.77092,19.499975,17.999977,1.38,0.0,-24.007812,0.0065307617,0.0,0.0,0.0,0.0,0.0,0.9121094,0.88378906,55.352783,2.3437505,67.33273,67.553314,0.0,110.00001,17.480469,1.0,110.429565,80.86946,468.75,545.25,2.449715,68.25,0.0,62.625,7.936031,72.99998,32.01294,1.0,79.34,1.96875,0.0,-86.12366,97.66846,11.381531,3.6425781,79.34,79.31,78.82,79.06,0
252021.64,0.16541076,0.04500489,0.23726675,0.23750868,101.48887,24.060139,13.84545,-4.8353915,87.413994,23.205736,92.082,0.0,4.561,15.561,24.481,0.0,90.225586,0.0,0.0,453.0,216.0,1892.0,0.0,-9.1875,0.09234619,106.53243,12580.645,12823.692,1100.0834,499.89316,11.996246,18.269901,0.0,4.928522,5.0,36.001587,42.77954,19.499975,17.999977,1.38,0.0,-24.289062,0.0065307617,0.0,0.0,0.0,0.0,0.0,0.9082031,0.88378906,55.358887,2.3437505,68.15904,68.25104,0.0,110.00001,17.480469,1.0,110.26372,80.86946,468.75,545.25,2.5847719,68.34375,0.0,62.625,8.402857,72.99998,31.976318,1.0,79.43,1.96875,0.0,-85.43701,97.67456,12.062073,3.6425781,79.31,79.4,79.0,78.78,0
252021.7,0.19232862,0.018001957,0.24154644,0.2371272,101.48909,24.060139,13.8343935,-4.7543654,39.51065,10.499954,92.082,0.0,4.561,15.561,24.481,0.0,90.225586,0.0,0.0,453.0,216.0,1894.0,0.0,-9.234375,0.09301758,106.540726,12471.326,12882.066,1100.0834,499.89316,14.348866,18.39707,0.0,5.0365677,5.0,37.261963,42.7873,19.499975,17.999977,1.38,0.0,-24.148438,0.0065307617,0.0,0.0,0.0,0.0,0.0,0.9033203,0.8847656,55.352783,2.3437505,68.717766,67.8317,0.0,110.00001,17.480469,1.0,110.26372,80.86946,468.75,545.25,2.6928174,69.96875,0.0,62.78125,8.402857,72.99998,31.933594,1.0,79.37,1.96875,0.0,-85.357666,97.680664,12.1658325,3.6425781,79.21,79.16,78.72,79.06,0
252021.73,0.17386289,0.0072007827,0.24280107,0.23738155,101.48929,24.060139,13.838372,-4.764656,39.636703,10.5501375,92.082,0.0,4.561,15.561,24.481,0.0,90.225586,0.0,0.0,452.625,216.0,1897.0,0.0,-9.3359375,0.09307861,106.61535,12503.167,12859.248,1100.0834,499.89316,15.133074,18.31229,0.0,5.1230044,5.0,37.625122,42.79428,19.499975,17.999977,1.408,0.0,-23.765625,0.0064697266,0.0,0.0,0.0,0.0,0.0,0.9033203,0.8857422,55.358887,2.3437505,68.64703,67.541275,0.0,110.00001,17.480469,1.0,110.106186,80.86946,468.75,545.25,2.779254,71.46875,0.0,62.8125,8.402857,72.99998,31.677246,1.0,79.42,1.9375,0.0,-85.180664,97.70508,12.367249,3.6425781,79.46,79.25,78.91,79.02,0
252021.77,0.19909032,0.0028803132,0.24283713,0.23678808,101.48946,24.060139,13.829438,-4.8085933,39.568165,10.526342,92.082,0.0,4.561,15.561,24.481,0.0,90.225586,0.0,0.0,452.625,216.0,1896.0,0.0,-9.6875,0.09313965,106.69827,12639.549,12959.014,1100.0834,499.89316,16.31998,18.545433,0.0,5.192154,5.0,38.487244,42.800568,19.499975,17.999977,1.408,0.0,-23.703125,0.00579834,0.0,0.0,0.0,0.0,0.0,0.90625,0.8857422,55.378723,2.3437505,68.34435,67.06076,0.0,110.00001,17.480469,1.0,110.18081,80.86946,468.75,545.625,2.8484032,71.375,0.0,62.875,8.402857,72.99998,31.829834,1.0,79.37,1.75,0.0,-85.1532,97.943115,12.632751,3.6425781,79.21,79.16,78.82,79.02,0
252021.81,0.17927225,0.0011521253,0.23978333,0.23750868,101.48879,24.060139,13.834904,-4.875996,39.84691,10.600497,92.082,0.0,4.561,15.561,24.481,0.0,90.225586,0.0,0.0,452.25,216.0,1896.0,0.0,-9.3046875,0.09320068,106.74802,12767.441,12806.711,1100.0834,499.89316,13.755413,18.227512,0.0,5.403723,5.0,36.97815,42.80623,19.499975,17.999977,1.428,0.0,-23.726562,0.00592041,0.0,0.0,0.0,0.0,0.0,0.91015625,0.8857422,55.366516,2.3437505,67.87908,67.4031,0.0,110.00001,17.480469,1.0,109.94865,80.86117,468.75,545.25,3.0599725,69.875,0.0,62.84375,8.402857,72.99998,31.274414,1.0,79.59,1.78125,0.0,-84.87244,97.90039,12.889099,3.6425781,79.31,79.5,79.1,79.1,0
252021.86,0.20341781,4.6085013E-4,0.23864333,0.23513488,101.48819,24.060139,13.838729,-4.9295077,39.50863,10.510504,92.082,0.0,4.561,15.561,24.481,0.0,90.225586,0.0,0.0,452.625,216.0,1896.0,0.0,-9.421875,0.09277344,106.68169,12847.042,12728.172,1100.0834,499.89316,11.423986,18.206316,0.0,5.5729785,5.0,35.536194,42.811317,19.499975,17.999977,1.404,0.0,-23.804688,0.004272461,0.0,0.0,0.0,0.0,0.0,0.9082031,0.8847656,55.378723,2.3437505,67.50963,66.75301,0.0,110.00001,17.285156,1.0,109.94865,80.86117,468.75,545.625,3.229228,69.40625,0.0,61.90625,8.402857,72.99998,31.317139,1.0,79.42,1.28125,0.0,-84.680176,98.480225,13.685608,3.6425781,79.27,79.34,78.76,78.95,0
252021.89,0.20273426,1.8434005E-4,0.23634543,0.2355164,101.48765,24.060139,13.853126,-4.961984,39.680622,10.539556,92.082,0.0,4.561,15.561,24.481,0.0,90.225586,0.0,0.0,452.625,216.0,1893.0,0.0,-9.3203125,0.09338379,106.61535,12767.972,12662.898,1100.0834,499.89316,11.784298,18.248707,0.0,5.7083826,5.0,35.684204,42.815903,19.499975,17.999977,1.404,0.0,-23.859375,0.004272461,0.0,0.0,0.0,0.0,0.0,0.90234375,0.88378906,55.358887,2.3437505,67.28523,67.089424,0.0,110.00001,17.285156,1.0,109.94865,80.86117,468.75,545.25,3.3646324,68.3125,0.0,61.8125,7.936031,72.99998,31.298828,1.0,79.24,1.28125,0.0,-84.64966,98.48633,13.734436,3.6425781,79.27,79.5,78.91,78.87,0
252021.92,0.20218742,7.3736024E-5,0.23375106,0.23420231,101.48799,24.060139,13.845625,-4.9834824,39.699486,10.5501375,92.082,0.0,4.561,15.561,24.481,0.0,90.225586,0.0,0.0,452.625,216.0,1894.0,0.0,-9.3359375,0.09265137,106.55731,12701.638,12532.354,1100.0834,499.89316,11.04248,17.951979,0.0,5.8167067,5.0,35.11505,42.82003,19.499975,17.999977,1.404,0.0,-23.992188,0.0032958984,0.0,0.0,0.0,0.0,0.0,0.89453125,0.8828125,55.31311,2.3437505,67.13739,67.238525,0.0,110.00001,17.089844,1.0,109.76623,80.86946,468.75,545.25,3.472956,67.1875,0.0,60.78125,7.936031,72.99998,30.944824,1.0,79.25,1.0,0.0,-84.37805,98.828125,14.353943,3.6425781,79.19,79.34,78.91,78.95,0
252021.97,0.26174992,0.018779496,0.23190562,0.2155509,101.4883,24.060139,13.857953,-4.9901834,87.69644,23.243803,92.082,0.0,4.561,15.561,24.481,0.0,90.225586,0.0,0.0,452.625,216.0,1889.0,0.0,-9.3828125,0.09063721,106.43293,12665.553,12487.246,1100.0834,499.89316,9.919157,17.740032,0.0,5.747115,5.0,34.37805,42.82374,19.499975,17.999977,1.404,0.0,-24.320312,0.0,0.0,0.0,0.0,0.0,0.0,0.8876953,0.8828125,55.319214,2.3437505,67.09151,63.758865,0.0,110.00001,15.136719,1.0,109.62526,80.86946,468.75,545.625,3.403365,66.21875,0.0,51.3125,7.936031,72.99998,30.517578,1.0,79.21,0.0,0.0,-84.00879,99.998474,15.989685,3.6425781,79.25,79.02,79.0,79.25,0
252022.02,0.28939992,0.026261799,0.22680382,0.20444486,101.48857,24.060139,13.843145,-5.338458,87.56442,23.233383,92.082,0.0,4.561,15.561,24.481,0.0,90.225586,0.0,0.0,453.0,216.0,1891.0,0.0,-9.375,0.0892334,106.32514,12539.252,12311.594,1100.0834,499.89316,8.923002,17.082993,0.0,5.6914425,5.0,33.58307,42.82708,19.874975,17.999977,1.376,0.0,-23.085938,0.0,0.0,0.0,0.0,0.0,0.0,0.8847656,0.88183594,55.26581,2.3437505,64.69116,60.13647,0.0,110.00001,14.746094,1.0,109.80768,80.86946,468.75,545.25,3.347692,64.03125,0.0,49.28125,7.0023804,72.99998,29.89502,1.0,79.3,0.0,0.0,-84.347534,99.998474,15.65094,3.6425781,79.19,79.25,78.91,78.95,0
252022.05,0.33151993,0.02925472,0.21640529,0.20575893,101.48882,24.060139,13.856217,-5.779224,87.357544,23.153978,92.082,0.0,4.561,15.561,24.481,0.0,90.225586,0.0,0.0,453.375,216.0,1889.0,0.0,-9.40625,0.08917236,106.25051,12451.691,12124.797,1100.0834,499.89316,5.4470587,16.383566,0.0,5.646904,5.0,31.187439,42.830086,20.249973,17.999977,1.344,0.0,-22.234375,0.0,0.0,0.0,0.0,0.0,0.0,0.8828125,0.8798828,55.158997,2.3437505,61.653263,59.492146,0.0,110.00001,14.746094,1.0,109.62526,80.86946,468.75,545.625,3.3031538,58.90625,0.0,49.125,7.0023804,72.99998,29.449463,1.0,79.25,0.0,0.0,-84.26514,99.998474,15.733337,3.6425781,79.27,79.25,78.66,78.95,0
252022.08,0.32521597,0.011701888,0.21174623,0.20673387,101.489044,24.060139,13.84779,-6.0320125,39.78682,10.534267,92.082,0.0,4.561,15.561,24.481,0.0,90.225586,0.0,0.0,453.375,216.0,1887.0,0.0,-9.4140625,0.08898926,106.05151,12378.989,11938.001,1100.0834,499.89316,3.2428014,16.553123,0.0,5.611274,5.0,29.837036,42.832794,20.624973,17.999977,1.344,0.0,-21.53125,0.0,0.0,0.0,0.0,0.0,0.0,0.8847656,0.8798828,55.158997,2.3437505,59.911037,58.9295,0.0,110.00001,14.746094,1.0,109.62526,80.86946,468.75,545.625,3.267523,56.71875,0.0,48.90625,7.0023804,72.99998,29.498291,1.0,79.27,0.0,0.0,-83.9386,99.998474,16.059875,3.6425781,79.31,79.36,79.06,78.85,0
252022.12,0.3201728,0.0046807555,0.20793918,0.20758165,101.48924,24.060139,13.830172,-6.187206,39.525784,10.476246,92.082,0.0,4.561,15.561,24.481,0.0,90.225586,0.0,0.0,454.125,216.0,1889.0,0.0,-9.4375,0.08911133,105.76959,12046.258,11751.204,1100.0834,499.89316,3.475944,16.192812,0.0,5.582769,5.0,29.292297,42.835228,20.999973,17.999977,1.276,0.0,-21.21875,0.0,0.0,0.0,0.0,0.0,0.0,0.88671875,0.8798828,55.10559,2.3437505,58.841507,58.753426,0.0,110.00001,14.746094,1.0,109.32676,80.86946,468.75,545.625,3.2390184,54.875,0.0,48.90625,7.0023804,72.99998,29.107666,1.0,79.19,0.0,0.0,-83.64563,99.998474,16.352844,3.6425781,79.19,79.12,78.63,78.72,0
252022.17,0.31613824,0.0018723023,0.2110888,0.2074969,101.489426,24.060139,13.835417,-6.234791,39.672787,10.526342,92.082,0.0,4.561,15.561,24.481,0.0,90.225586,0.0,0.0,454.125,216.0,1891.0,0.0,-10.0859375,0.08898926,105.67838,11841.418,11684.87,1100.0834,499.89316,5.2563057,16.341175,0.0,5.559965,5.0,30.12085,42.837418,21.374973,17.999977,1.264,0.0,-20.375,0.0,0.0,0.0,0.0,0.0,0.0,0.8857422,0.8798828,55.152893,2.3437505,58.51369,57.808273,0.0,110.00001,14.746094,1.0,109.31018,80.86946,468.75,546.0,3.216215,56.15625,0.0,48.96875,7.0023804,72.99998,29.260254,1.0,79.25,0.0,0.0,-83.239746,99.998474,16.758728,3.6425781,79.19,79.36,78.82,78.97,0
252022.2,0.3129106,-0.01800108,0.20831758,0.20787838,101.489586,24.060139,13.82151,-6.2566533,0.0,0.0,92.082,0.0,4.561,15.561,24.481,0.0,90.225586,0.0,0.0,454.125,215.625,1892.0,0.0,-10.0234375,0.08972168,105.78618,11588.818,11529.383,1100.0834,499.89316,6.082902,16.00206,0.0,5.5417223,5.0,30.187988,42.839394,21.374973,17.624977,1.264,0.0,-20.5625,0.0,0.0,0.0,0.0,0.0,0.0,0.88671875,0.8798828,55.13916,2.3437505,58.363155,58.234627,0.0,110.00001,14.746094,1.0,109.202385,80.86946,468.75,546.0,3.197972,54.75,0.0,49.0,7.0023804,72.99998,29.119873,1.0,79.36,0.0,0.0,-83.11157,99.998474,16.886902,3.6425781,79.34,79.16,78.85,78.91,0
252022.23,0.29032847,-0.025950432,0.2064959,0.21020982,101.48973,24.060139,13.823495,-6.243106,0.0,0.0,92.082,0.0,4.561,15.561,24.481,0.0,90.225586,0.0,0.0,453.75,216.0,1894.0,0.0,-10.1171875,0.08972168,105.7613,11443.945,11564.938,1100.0834,499.89316,7.926848,16.044449,0.0,5.683378,5.0,31.085205,42.84117,21.374973,17.999977,1.292,0.0,-20.9375,0.0,0.0,0.0,0.0,0.0,0.0,0.88671875,0.8798828,55.133057,2.3437505,58.45668,59.219772,0.0,110.00001,14.941406,1.0,108.9785,80.86946,468.75,546.0,3.3396277,54.21875,0.0,49.9375,7.469206,72.99998,28.9917,1.0,79.21,0.0,0.0,-82.595825,99.998474,17.402649,3.6425781,79.02,79.19,78.85,79.0,0
252022.28,0.25226277,-0.029130174,0.2122657,0.21063372,101.48986,24.060139,13.824883,-6.0818048,0.0,0.0,92.082,0.0,4.561,15.561,24.481,0.0,90.225586,0.0,0.0,453.75,216.0,1893.0,0.0,-9.9140625,0.090026855,105.73643,11407.328,11745.897,1100.0834,499.89316,10.936507,16.44715,0.0,5.6404524,5.0,33.00476,42.842766,20.999973,17.999977,1.288,0.0,-21.320312,0.0,0.0,0.0,0.0,0.0,0.0,0.8847656,0.8798828,55.152893,2.3437505,59.56864,59.241905,0.0,110.00001,14.941406,1.0,108.91217,80.86946,468.75,546.0,3.2967021,56.625,0.0,49.96875,7.469206,72.99998,29.034424,1.0,79.34,0.0,0.0,-82.40967,99.998474,17.588806,3.6425781,79.21,79.19,78.66,78.85,0
252022.31,0.22181022,-0.030402072,0.21265893,0.21029462,101.48998,24.060139,13.814137,-5.9751515,0.0,0.0,92.082,0.0,4.561,15.561,24.481,0.0,90.225586,0.0,0.0,453.75,216.0,1894.0,0.0,-9.3515625,0.090026855,105.753006,11420.064,11612.698,1100.0834,499.89316,11.106065,16.171618,0.0,5.6061125,5.0,33.04901,42.8442,20.624973,17.999977,1.288,0.0,-21.453125,0.0,0.0,0.0,0.0,0.0,0.0,0.87890625,0.8808594,55.125427,2.3437505,60.303913,59.797974,0.0,110.00001,14.941406,1.0,108.663414,80.86946,468.75,545.25,3.2623618,56.71875,0.0,50.0,7.469206,72.99998,28.619385,1.0,79.09,0.0,0.0,-81.814575,99.998474,18.183899,3.6425781,79.19,79.19,78.82,79.06,0
252022.38,0.21744817,-0.030910831,0.21471117,0.20724255,101.49009,24.060139,13.824193,-5.9392676,0.0,0.0,92.082,0.0,4.561,15.561,24.481,0.0,90.225586,0.0,0.0,453.75,216.0,1895.0,0.0,-9.484375,0.09008789,105.777885,11449.782,11567.592,1100.0834,499.89316,9.919157,16.129229,0.0,5.57864,5.0,32.266235,42.845497,20.624973,17.999977,1.3,0.0,-21.15625,0.0,0.0,0.0,0.0,0.0,0.0,0.87597656,0.88183594,55.133057,2.3437505,60.551365,59.01671,0.0,110.00001,14.746094,1.0,108.663414,80.86946,468.75,545.625,3.2348895,57.875,0.0,49.125,7.469206,72.99998,28.533936,1.0,79.19,0.0,0.0,-81.726074,99.998474,18.2724,3.6425781,79.12,79.16,78.72,78.66,0
252022.4,0.19395854,-0.031114332,0.20786668,0.20546219,101.49019,24.060139,13.819513,-6.156874,0.0,0.0,92.082,0.0,4.561,15.561,24.481,0.0,90.225586,0.0,0.0,453.75,216.0,1893.0,0.0,-9.3203125,0.090148926,105.85251,11484.276,11380.795,1100.0834,499.89316,7.545342,15.684137,0.0,5.556662,5.0,30.744934,42.846664,20.999973,17.999977,1.3,0.0,-21.039062,0.0,0.0,0.0,0.0,0.0,0.0,0.87597656,0.8828125,55.111694,2.3437505,59.051525,58.56598,0.0,110.00001,14.550781,1.0,108.663414,80.86946,468.75,545.25,3.2129116,54.78125,0.0,48.03125,7.0023804,72.99998,27.990723,1.0,79.01,0.0,0.0,-81.74744,99.998474,18.251038,3.6425781,79.16,79.1,78.78,78.72,0
252022.45,0.19516683,-0.031195734,0.20308316,0.20529264,101.49027,24.060139,13.822097,-6.305549,0.0,0.0,92.082,0.0,4.561,15.561,24.481,0.0,90.225586,0.0,0.0,453.75,215.625,1888.0,0.0,-9.375,0.089416504,105.753006,11334.627,11193.998,1100.0834,499.89316,6.1464863,15.493384,0.0,5.5390797,5.0,29.46167,42.84771,21.374973,17.624977,1.296,0.0,-21.242188,0.0,0.0,0.0,0.0,0.0,0.0,0.87402344,0.8847656,55.05829,2.3437505,58.02681,58.504955,0.0,110.00001,14.453125,1.0,108.53904,80.86946,468.75,545.25,3.1953294,52.46875,0.0,47.46875,7.0023804,72.99998,27.832031,1.0,79.21,0.0,0.0,-81.54907,99.998474,18.449402,3.6425781,79.02,79.1,78.91,78.82,0
252022.5,0.17613345,-0.031228295,0.2012738,0.20584372,101.49035,24.060139,13.829764,-6.3218865,0.0,0.0,92.082,0.0,4.561,15.561,24.481,0.0,90.225586,0.0,0.0,454.125,215.625,1887.0,0.0,-9.6171875,0.08959961,105.57888,11153.667,11007.202,1100.0834,499.89316,5.7437854,15.260242,0.0,5.368764,5.0,28.9505,42.848656,21.374973,17.624977,1.256,0.0,-21.625,0.0,0.0,0.0,0.0,0.0,0.0,0.8720703,0.8857422,55.038452,2.3437505,57.914272,58.851475,0.0,110.00001,14.453125,1.0,108.34004,80.86946,468.75,545.625,3.0250137,51.28125,0.0,47.3125,7.0023804,72.99998,27.593994,1.0,79.15,0.0,0.0,-81.08826,99.998474,18.910217,3.6425781,79.19,78.91,78.49,78.78,0
252022.53,0.18090677,-0.03124132,0.20398983,0.2058861,101.49042,24.060139,13.8175535,-6.302142,0.0,0.0,92.082,0.0,4.561,15.561,24.481,0.0,90.225586,0.0,0.0,454.125,215.625,1887.0,0.0,-10.25,0.09020996,105.59547,11014.631,11013.57,1100.0834,499.89316,6.0193176,15.387411,0.0,5.2325115,5.0,28.837585,42.849503,21.374973,17.624977,1.256,0.0,-21.523438,0.0,0.0,0.0,0.0,0.0,0.0,0.8652344,0.88671875,55.026245,2.3437505,58.050438,58.726315,0.0,110.00001,14.453125,1.0,108.30688,80.86946,468.75,546.375,2.888761,51.6875,0.0,47.375,7.0023804,72.99998,27.685547,1.0,79.18,0.0,0.0,-80.95398,99.998474,19.044495,3.6425781,79.02,79.1,78.7,78.85,0
252022.56,0.20472543,-0.031246528,0.20405598,0.20279163,101.49048,24.060139,13.832443,-6.264996,0.0,0.0,92.082,0.0,4.561,15.561,24.481,0.0,90.225586,0.0,0.0,454.5,215.625,1890.0,0.0,-10.0234375,0.089538574,105.570595,10759.908,11105.376,1100.0834,499.89316,13.289127,15.260242,0.0,4.9672594,5.0,33.094788,42.850266,21.374973,17.624977,1.244,0.0,-21.484375,0.0,0.0,0.0,0.0,0.0,0.0,0.86328125,0.8876953,55.03235,2.3437505,58.30654,58.04133,0.0,110.00001,14.2578125,1.0,108.05812,80.86946,468.75,546.0,2.623509,52.5625,0.0,46.4375,7.0023804,72.99998,27.374268,1.0,79.15,0.0,0.0,-80.40161,99.998474,19.596863,3.6425781,79.12,79.1,78.7,78.63,0
252022.61,0.20378035,-0.04999861,0.20804057,0.200545,101.49054,24.060139,13.819428,-6.2675195,0.0,0.0,92.082,0.0,4.561,15.561,24.481,0.0,90.225586,0.0,0.0,454.125,215.625,1891.0,0.0,-10.0625,0.089538574,105.570595,10802.893,11149.422,1100.0834,499.89316,14.476035,15.260242,0.0,4.7550573,5.0,33.833313,42.850952,21.374973,17.624977,1.26,0.0,-20.585938,0.0,0.0,0.0,0.0,0.0,0.0,0.86621094,0.88964844,55.038452,2.3437505,58.28921,56.780914,0.0,110.00001,14.0625,1.0,108.01666,80.86946,468.75,546.0,2.411307,53.5625,0.0,45.53125,7.0023804,72.99998,27.32544,1.0,79.1,0.0,0.0,-80.27344,99.998474,19.725037,3.6425781,79.0,79.1,78.7,78.91,0
252022.66,0.26302427,-0.057499446,0.20739746,0.19957006,101.49059,24.060139,13.839616,-6.34693,0.0,0.0,92.082,0.0,4.561,15.561,24.481,0.0,90.225586,0.0,0.0,454.125,216.0,1894.0,0.0,-10.0,0.08959961,105.58717,11002.956,11164.812,1100.0834,499.89316,12.971206,15.239047,0.0,4.585296,5.0,33.01544,42.85157,21.749971,17.999977,1.26,0.0,-20.28125,0.0,0.0,0.0,0.0,0.0,0.0,0.86816406,0.890625,55.038452,2.3437505,57.741894,56.158894,0.0,110.00001,14.0625,1.0,107.9835,80.86946,468.75,546.0,2.2415457,54.78125,0.0,45.6875,7.0023804,72.99998,27.23999,1.0,79.21,0.0,0.0,-80.20935,99.998474,19.789124,3.6425781,79.1,78.97,78.53,78.63,0
252022.69,0.27041942,-0.06049978,0.20494273,0.19643323,101.49064,24.060139,13.836168,-6.4606795,0.0,0.0,92.082,0.0,4.561,15.561,24.481,0.0,90.225586,0.0,0.0,454.125,215.625,1893.0,0.0,-9.9296875,0.08898926,105.65351,11039.573,11112.806,1100.0834,499.89316,12.017441,15.048294,0.0,4.4494867,5.0,32.437134,42.852127,21.749971,17.624977,1.268,0.0,-19.96875,0.0,0.0,0.0,0.0,0.0,0.0,0.87109375,0.89160156,55.03235,2.3437505,56.95788,55.194035,0.0,110.00001,13.671875,1.0,107.94204,80.86946,468.75,546.0,2.1057365,53.03125,0.0,43.8125,6.535555,72.99998,26.66626,1.0,79.1,0.0,0.0,-80.13611,99.998474,19.862366,3.6425781,79.02,79.21,78.76,78.7,0
252022.72,0.29633552,-0.042949915,0.20008661,0.19427136,101.490685,24.060139,13.839615,-6.6617637,0.0,0.0,92.082,0.0,4.561,15.561,24.481,0.0,90.225586,0.0,0.0,454.125,215.625,1891.0,0.0,-9.9375,0.088256836,105.55401,11084.68,10926.009,1100.0834,499.89316,8.181186,14.412451,0.0,4.34084,5.0,29.962158,42.85263,22.499971,17.624977,1.268,0.0,-19.25,0.0,0.0,0.0,0.0,0.0,0.0,0.87109375,0.8935547,54.96521,2.3437505,55.571873,54.39968,0.0,110.00001,13.4765625,1.0,107.77619,80.86946,468.75,546.0,1.9970893,50.75,0.0,42.65625,6.535555,72.99998,26.483154,1.0,79.01,0.0,0.0,-79.84924,99.998474,20.149231,3.6425781,78.97,78.97,78.82,78.72,0
252022.77,0.29706842,-0.035929967,0.19770966,0.18481848,101.49072,24.060139,13.847886,-6.802292,0.0,0.0,92.082,0.0,4.561,15.561,24.481,0.0,90.225586,0.0,0.0,454.5,215.625,1888.0,0.0,-9.8515625,0.08758545,105.48767,11057.085,10739.212,1100.0834,499.89316,6.2524605,14.412451,0.0,4.097672,5.0,28.61023,42.85308,22.874971,17.624977,1.232,0.0,-18.3125,0.0,0.0,0.0,0.0,0.0,0.0,0.86816406,0.89453125,54.959106,2.3437505,54.603264,51.952724,0.0,110.00001,12.597656,1.0,107.75133,80.86946,468.75,546.0,1.7539214,49.75,0.0,38.34375,6.535555,72.99998,26.428223,1.0,79.07,0.0,0.0,-79.663086,99.998474,20.335388,3.6425781,79.02,78.97,78.76,78.82,0
252022.81,0.27765474,-0.03312199,0.19792168,0.17218639,101.49075,24.060139,13.847817,-6.9038086,0.0,0.0,92.082,0.0,4.561,15.561,24.481,0.0,90.225586,0.0,0.0,454.875,215.625,1887.0,0.0,-9.8359375,0.08557129,105.41305,10871.35,10552.416,1100.0834,499.89316,3.878645,14.00975,0.0,3.9031377,5.0,26.907349,42.853485,23.24997,17.624977,1.192,0.0,-17.390625,0.0,0.0,0.0,0.0,0.0,0.0,0.8623047,0.8955078,54.911804,2.3437505,53.903553,48.701077,0.0,110.00001,11.425781,1.0,107.69329,80.86946,468.75,546.0,1.5593871,49.84375,0.0,32.59375,6.535555,72.99998,26.269531,1.0,78.9,0.0,0.0,-79.55017,99.998474,20.448303,3.6425781,78.85,79.34,78.66,78.66,0
252022.84,0.30212379,-0.0319988,0.1934869,0.16714205,101.49078,24.060139,13.847769,-7.161933,0.0,0.0,92.082,0.0,4.561,15.561,24.481,0.0,90.225586,0.0,0.0,454.875,215.625,1886.0,0.0,-9.8125,0.0848999,105.388176,10694.105,10365.619,1100.0834,499.89316,3.0308537,13.585855,0.0,3.5912602,5.0,26.145935,42.85385,23.99997,17.624977,1.192,0.0,-15.9453125,0.0,0.0,0.0,0.0,0.0,0.0,0.85839844,0.8964844,54.878235,2.3437505,52.12436,46.872375,0.0,110.00001,11.230469,1.0,107.66012,80.86946,468.75,546.0,1.2475097,47.71875,0.0,31.53125,6.06873,72.99998,25.665283,1.0,78.88,0.0,0.0,-79.49219,99.998474,20.506287,3.6425781,79.0,78.72,78.55,78.72,0
252022.89,0.341699,-0.03154952,0.18606114,0.1592152,101.490814,24.060139,13.853594,-7.4766645,0.0,0.0,92.082,0.0,4.561,15.561,24.481,0.0,90.225586,0.0,0.0,455.625,216.0,1884.0,0.0,-9.796875,0.084228516,105.3633,10356.598,10178.822,1100.0834,499.89316,3.3275807,12.716868,0.0,3.3417583,5.0,25.761414,42.85418,25.124968,17.999977,1.144,0.0,-14.578125,0.0,0.0,0.0,0.0,0.0,0.0,0.85546875,0.8984375,54.75769,2.3437505,49.95498,44.56202,0.0,110.00001,10.3515625,1.0,107.6767,80.86946,468.75,546.0,0.9980078,44.34375,0.0,27.15625,6.06873,72.99998,25.592041,1.0,79.01,0.0,0.0,-79.489136,99.998474,20.509338,3.6425781,78.85,79.12,78.59,78.7,0
252022.92,0.3733592,-0.03136981,0.17962596,0.14789717,101.490005,24.060139,13.845953,-7.8522263,0.0,0.0,92.082,0.0,4.561,15.561,24.481,0.0,90.225586,0.0,0.0,456.375,216.0,1881.0,0.0,-10.140625,0.08227539,105.28038,10159.1875,9992.026,1100.0834,499.89316,3.2428014,12.081025,0.0,2.9859066,5.0,25.396729,42.854477,26.624966,17.999977,1.084,0.0,-12.6328125,0.0,0.0,0.0,0.0,0.0,0.0,0.8535156,0.89941406,54.72412,2.3437505,47.365463,41.064228,0.0,110.00001,8.886719,1.0,107.43624,80.86117,468.75,546.375,0.64215624,41.4375,0.0,19.875,5.135079,72.99998,24.456787,1.0,78.79,0.0,0.0,-79.0863,99.998474,20.91217,3.6425781,78.85,78.76,78.45,78.43,0
252022.97,0.37868738,-0.031297926,0.16597739,0.14459078,101.48928,24.060139,13.858183,-8.357243,0.0,0.0,92.082,0.0,4.561,15.561,24.481,0.0,90.225586,0.0,0.0,456.375,216.375,1878.0,0.0,-10.125,0.08258057,105.28038,9933.121,9805.2295,1100.0834,499.89316,1.9499198,10.745754,0.0,2.7012255,5.0,24.250793,42.854744,28.499964,18.374977,1.084,0.0,-10.828125,0.0,0.0,0.0,0.0,0.0,0.0,0.8535156,0.9003906,54.5166,2.3437505,43.883717,39.68866,0.0,110.00001,8.886719,1.0,107.3782,80.86117,468.75,546.0,0.35747498,34.90625,0.0,19.5625,5.135079,72.99998,24.060059,1.0,78.88,0.0,0.0,-79.122925,99.998474,20.87555,3.6425781,78.97,78.91,78.76,78.82,0
252023.02,0.3629499,-0.03126917,0.1577744,0.14204744,101.489456,24.060139,13.843306,-8.712424,0.0,0.0,92.082,0.0,4.561,15.561,24.481,0.0,90.225586,0.0,0.0,457.5,216.375,1877.0,0.0,-10.1953125,0.08190918,105.263794,9737.304,9618.433,1100.0834,499.89316,2.2466466,10.364247,0.0,2.4734805,5.0,24.182129,42.85498,29.999962,18.374977,0.976,0.0,-9.078125,0.0,0.0,0.0,0.0,0.0,0.0,0.859375,0.9013672,54.44641,2.3437505,41.43566,38.35398,0.0,110.00001,8.886719,1.0,107.3782,80.86946,468.75,546.375,0.12973,31.1875,0.0,19.4375,4.6682534,72.99998,23.99292,1.0,78.85,0.0,0.0,-78.83606,99.998474,21.162415,3.6425781,78.82,78.87,78.45,78.43,0
252023.05,0.31035995,-0.06875767,0.15232891,0.14230175,101.48962,24.060139,13.856329,-8.94123,0.0,0.0,92.082,0.0,4.561,15.561,24.481,0.0,90.225586,0.0,0.0,457.5,216.375,1878.0,0.0,-10.2890625,0.08190918,105.263794,9572.795,9431.636,1100.0834,499.89316,0.5298695,9.601235,0.0,2.2912846,5.0,22.865295,42.855194,30.374962,18.374977,0.976,0.0,-7.796875,0.0,0.0,0.0,0.0,0.0,0.0,0.8642578,0.9033203,54.351807,2.3437505,39.858692,37.879208,0.0,110.00001,8.886719,1.0,107.15432,80.86946,468.75,546.375,-0.052465983,28.09375,0.0,19.15625,4.6682534,72.99998,23.553467,1.0,78.85,0.0,0.0,-78.430176,99.998474,21.568298,3.6425781,78.97,79.02,78.59,78.53,0
252023.1,0.26828796,-0.10250307,0.14711331,0.14331909,101.48976,24.060139,13.847868,-9.140053,0.0,0.0,92.082,0.0,4.561,15.561,24.481,0.0,90.225586,0.0,0.0,459.0,216.75,1880.0,0.0,-10.46875,0.08258057,105.28867,9410.409,9244.84,1100.0834,499.89316,0.33911648,9.198535,0.0,2.1455276,5.0,22.525024,42.855392,30.374962,18.749975,0.852,0.0,-6.53125,0.0,0.0,0.0,0.0,0.0,0.0,0.8671875,0.90527344,54.281616,2.3437505,38.488373,37.727097,0.0,110.00001,8.886719,1.0,107.01335,80.86946,468.75,546.375,-0.19822277,26.0625,0.0,19.03125,4.6682534,72.99998,23.199463,1.0,79.0,0.0,0.0,-78.01819,99.998474,21.980286,3.6425781,78.78,78.95,78.7,78.43,0
252023.12,0.23463036,-0.13475123,0.14889085,0.14323433,101.48989,24.060139,13.841945,-9.175369,0.0,0.0,92.082,0.0,4.561,15.561,24.481,0.0,90.225586,0.0,0.0,459.375,216.75,1885.0,0.0,-10.5625,0.08258057,105.28867,9147.727,9058.043,1100.0834,499.89316,0.84779125,9.304509,0.0,1.8726723,5.0,22.399902,42.855568,30.374962,18.749975,0.804,0.0,-5.0234375,0.0,0.0,0.0,0.0,0.0,0.0,0.8671875,0.9082031,54.26483,2.3437505,38.24507,37.12927,0.0,110.00001,8.886719,1.0,106.748024,80.86946,468.75,546.75,-0.4710782,26.65625,0.0,19.03125,5.135079,72.99998,23.12622,1.0,78.88,0.0,0.0,-77.63977,99.998474,22.358704,3.6425781,78.95,78.85,78.55,78.7,0
252023.17,0.1877043,-0.16640049,0.14982519,0.14357343,101.490005,24.060139,13.843658,-9.198497,0.0,0.0,92.082,0.0,4.561,15.561,24.481,0.0,90.225586,0.0,0.0,459.375,216.75,1887.0,0.0,-10.578125,0.08288574,105.28867,9008.16,8871.246,1100.0834,499.89316,0.78420687,9.262119,0.0,1.654388,5.0,22.116089,42.85573,30.374962,18.749975,0.804,0.0,-4.0078125,0.0,0.0,0.0,0.0,0.0,0.0,0.8730469,0.9121094,54.281616,2.3437505,38.085766,36.87575,0.0,110.00001,8.886719,1.0,106.731445,80.86946,468.75,546.75,-0.6893625,26.96875,0.0,19.125,5.135079,72.99998,23.199463,1.0,78.94,0.0,0.0,-77.36511,99.998474,22.633362,3.6425781,78.87,79.02,78.43,78.25,0
252023.2,0.13016345,-0.1978102,0.14854869,0.14387016,101.49011,24.060139,13.844857,-9.215726,0.0,0.0,92.082,0.0,4.561,15.561,24.481,0.0,90.225586,0.0,0.0,459.375,216.75,1889.0,0.0,-10.5625,0.08288574,105.28867,8763.52,8684.45,1100.0834,499.89316,0.6994278,9.028976,0.0,1.4797605,5.0,21.640015,42.855873,30.374962,18.749975,0.808,0.0,-4.109375,0.0,0.0,0.0,0.0,0.0,0.0,0.88183594,0.91503906,54.248047,2.3437505,37.967117,37.042103,0.0,110.00001,8.886719,1.0,106.731445,80.86946,468.75,546.75,-0.86398995,26.4375,0.0,19.125,5.135079,72.99998,23.175049,1.0,78.79,0.0,0.0,-77.36206,99.998474,22.636414,3.6425781,78.76,78.78,78.34,78.53,0
252023.25,0.084130764,-0.19162409,0.14710718,0.1384867,101.490204,24.060139,13.839837,-9.248541,0.0,0.0,92.082,0.0,4.561,15.561,24.481,0.0,90.225586,0.0,0.0,459.375,216.75,1888.0,0.0,-10.578125,0.082214355,105.263794,8639.343,8497.653,1100.0834,499.89316,0.42389563,8.944198,0.0,1.4963086,5.0,21.264648,42.856003,30.74996,18.749975,0.808,0.0,-4.453125,0.0,0.0,0.0,0.0,0.0,0.0,0.8886719,0.9169922,54.229736,2.3437505,37.74102,36.038406,0.0,110.00001,8.300781,1.0,106.490974,80.86946,468.75,546.75,-0.847442,25.90625,0.0,16.1875,5.135079,72.99998,22.589111,1.0,78.72,0.0,0.0,-76.89209,99.998474,23.106384,3.6425781,78.85,78.66,78.43,78.25,0
252023.3,0.04730461,-0.18914965,0.14047198,0.13488358,101.49029,24.060139,13.8480425,-9.439079,0.0,0.0,92.082,0.0,4.561,15.561,24.481,0.0,90.225586,0.0,0.0,459.375,217.125,1885.0,0.0,-10.6015625,0.08258057,105.263794,8444.056,8310.856,1100.0834,499.89316,0.0,8.308354,0.0,1.5095469,5.0,20.24231,42.856117,30.74996,19.124975,0.808,0.0,-4.4609375,0.0,0.0,0.0,0.0,0.0,0.0,0.890625,0.92089844,54.170227,2.3437505,36.427746,35.312275,0.0,110.00001,8.203125,1.0,106.40806,80.86946,468.75,546.75,-0.8342036,22.71875,0.0,15.5,4.6682534,72.99998,22.058105,1.0,78.94,0.0,0.0,-76.85547,99.998474,23.143005,3.6425781,78.45,78.53,78.43,78.28,0
252023.33,-0.02215631,-0.20690987,0.13701333,0.13649438,101.490364,24.060139,13.836207,-9.567162,0.0,0.0,92.082,0.0,4.561,15.561,24.481,0.0,90.225586,0.0,0.0,459.375,217.125,1882.0,0.0,-10.640625,0.08258057,105.263794,8235.501,8124.06,1100.0834,499.89316,0.0,8.096406,0.0,1.5201375,5.0,20.323181,42.856216,30.74996,19.124975,0.804,0.0,-4.015625,0.0,0.0,0.0,0.0,0.0,0.0,0.8955078,0.9238281,54.10919,2.3437505,35.544956,35.428764,0.0,110.00001,8.203125,1.0,106.35002,80.86946,468.75,546.75,-0.82361287,21.21875,0.0,15.28125,4.6682534,72.99998,21.984863,1.0,78.41,0.0,0.0,-76.51367,99.998474,23.484802,3.6425781,78.53,78.66,78.59,78.66,0
252023.36,0.002274951,-0.17651394,0.13416742,0.13106851,101.49043,24.060139,13.845501,-9.636539,0.0,0.0,92.082,0.0,4.561,15.561,24.481,0.0,90.225586,0.0,0.0,459.375,217.125,1876.0,0.0,-10.6484375,0.08190918,105.23063,8062.502,7937.263,1100.0834,499.89316,0.0,7.926848,0.0,1.5286102,5.0,19.448853,42.856308,30.74996,19.124975,0.804,0.0,-3.8125,0.0,0.0,0.0,0.0,0.0,0.0,0.8955078,0.92578125,54.092407,2.3437505,35.066822,34.437084,0.0,110.00001,7.8125,1.0,106.12615,80.86946,468.75,546.75,-0.8151403,19.9375,0.0,13.1875,4.6682534,72.99998,21.600342,1.0,78.75,0.0,0.0,-76.05286,99.998474,23.945618,3.6425781,78.63,78.45,78.05,77.98,0
252023.4,0.0018199608,-0.18310559,0.13471393,0.13106851,101.48966,24.060139,13.840288,-9.674198,0.0,0.0,92.082,0.0,4.561,15.561,24.481,0.0,90.225586,0.0,0.0,459.75,217.125,1873.0,0.0,-10.640625,0.08190918,105.222336,7859.2544,7750.467,1100.0834,499.89316,0.0,7.7784843,0.0,1.3791382,5.0,19.584656,42.85639,30.374962,19.124975,0.78,0.0,-2.921875,0.0,0.0,0.0,0.0,0.0,0.0,0.8935547,0.9277344,54.074097,2.3437505,34.80647,34.09285,0.0,110.00001,7.8125,1.0,106.09299,80.86117,468.75,546.75,-0.96461225,20.125,0.0,13.15625,4.6682534,72.99998,21.557617,1.0,78.46,0.0,0.0,-75.92163,99.998474,24.076843,3.6425781,78.66,78.59,78.22,78.34,0
252023.44,0.0014559686,-0.18574224,0.13367052,0.13089895,101.48897,24.060139,13.854218,-9.721379,0.0,0.0,92.082,0.0,4.561,15.561,24.481,0.0,90.225586,0.0,0.0,459.75,217.125,1871.0,0.0,-10.6484375,0.08190918,105.222336,7600.8174,7563.6704,1100.0834,499.89316,0.0,7.566537,0.0,1.2595607,5.0,19.232178,42.85647,30.74996,19.124975,0.776,0.0,-2.453125,0.0,0.0,0.0,0.0,0.0,0.0,0.8886719,0.9296875,54.022217,2.3437505,34.48056,33.92041,0.0,110.00001,7.8125,1.0,106.09299,80.86117,468.75,546.75,-1.0841898,19.71875,0.0,13.09375,4.6682534,72.99998,21.533203,1.0,78.57,0.0,0.0,-75.909424,99.998474,24.08905,3.6425781,78.55,78.7,78.19,78.38,0
252023.48,0.021164775,-0.1867969,0.13314667,0.12649043,101.48834,24.060139,13.852249,-9.753477,0.0,0.0,92.082,0.0,4.561,15.561,24.481,0.0,90.225586,0.0,0.0,459.75,217.125,1871.0,0.0,-10.640625,0.08123779,105.197464,7527.5845,7376.8735,1100.0834,499.89316,0.0,7.4181733,0.0,1.0076487,5.0,18.437195,42.856537,30.74996,19.124975,0.776,0.0,-1.9296875,0.0,0.0,0.0,0.0,0.0,0.0,0.8847656,0.9326172,54.022217,2.3437505,34.25869,32.95659,0.0,110.00001,7.421875,1.0,105.78618,80.86117,468.75,546.75,-1.3361018,19.5,0.0,11.1875,4.6682534,72.99998,21.099854,1.0,78.53,0.0,0.0,-75.338745,99.998474,24.659729,3.6425781,78.45,78.43,78.13,78.06,0
252023.52,0.01693182,-0.18721877,0.12963597,0.121573254,101.48862,24.060139,13.85673,-9.845408,0.0,0.0,92.082,0.0,4.561,15.561,24.481,0.0,90.225586,0.0,0.0,459.75,217.125,1868.0,0.0,-10.609375,0.080566406,105.172585,7287.19,7190.077,1100.0834,499.89316,0.0,6.8883038,0.0,0.6498692,5.0,17.756653,42.856598,30.74996,19.124975,0.76,0.0,-1.8828125,0.0,0.0,0.0,0.0,0.0,0.0,0.8828125,0.9345703,53.979492,2.3437505,33.625286,32.040665,0.0,110.00001,7.1289062,1.0,106.01006,80.86946,468.375,546.75,-1.6938813,17.9375,0.0,9.65625,4.2014284,72.99998,20.935059,1.0,78.57,0.0,0.0,-75.704956,99.998474,24.293518,3.6425781,78.59,78.55,78.13,78.09,0
252023.56,0.013545456,-0.16863751,0.12457748,0.12263299,101.48886,24.060139,13.859867,-10.068908,0.0,0.0,92.082,0.0,4.561,15.561,24.481,0.0,90.225586,0.0,0.0,460.125,217.5,1865.0,0.0,-10.7890625,0.080566406,105.172585,7156.6445,7003.2803,1100.0834,499.89316,0.0,6.676356,0.0,0.36364555,5.0,17.279053,42.85665,30.74996,19.499975,0.736,0.0,-0.4140625,0.0,0.0,0.0,0.0,0.0,0.0,0.88378906,0.93652344,53.918457,2.3437505,32.084976,31.703901,0.0,110.00001,7.1289062,1.0,105.76131,80.86946,468.375,546.75,-1.9801049,15.875,0.0,9.4375,4.2014284,72.99998,20.471191,1.0,78.32,0.0,0.0,-75.234985,99.998474,24.763489,3.6425781,78.15,78.3,77.86,78.22,0
252023.61,0.070836365,-0.179955,0.12434114,0.11813969,101.48825,24.060139,13.856204,-10.105251,0.0,0.0,92.082,0.0,4.561,15.561,24.481,0.0,90.225586,0.0,0.0,460.125,217.125,1862.0,0.0,-10.8515625,0.07989502,105.13942,6948.621,6816.484,1100.0834,499.89316,0.0,6.78233,0.0,-0.021583319,5.0,16.757202,42.856697,30.74996,18.749975,0.736,0.0,0.140625,0.0,0.0,0.0,0.0,0.0,0.0,0.88378906,0.93847656,53.910828,2.3437505,31.833857,30.59217,0.0,110.00001,6.7382812,1.0,105.76131,80.86117,468.375,546.75,-2.3653338,15.09375,0.0,7.40625,4.2014284,72.99998,20.880127,1.0,78.47,0.0,0.0,-75.04578,99.998474,24.952698,3.6425781,78.38,78.61,78.06,78.28,0
252023.64,0.09666909,-0.18448201,0.12263337,0.113646396,101.4877,24.060139,13.85364,-10.160453,0.0,0.0,92.082,0.0,4.561,15.561,24.481,0.0,90.225586,0.0,0.0,460.5,215.25,1863.0,0.0,-11.203125,0.07922363,105.11455,6752.803,6629.687,1100.0834,499.89316,0.0,6.4220185,0.0,-0.3297665,5.0,16.677856,42.856743,30.74996,16.874979,0.696,0.0,0.5078125,0.0,0.0,0.0,0.0,0.0,0.0,0.88964844,0.94140625,53.910828,2.3437505,31.452808,29.669004,0.0,110.00001,6.5429688,1.0,105.76131,80.86117,468.375,547.125,-2.673517,13.46875,0.0,6.4375,3.734603,72.99998,20.367432,1.0,78.25,0.0,0.0,-75.1709,99.998474,24.827576,3.6425781,78.43,78.22,78.09,77.71,0
252023.7,0.13733527,-0.20504281,0.11691582,0.115172446,101.487206,24.060139,13.863564,-10.331472,0.0,0.0,92.082,0.0,4.561,15.561,24.481,0.0,90.225586,0.0,0.0,460.5,216.375,1862.0,0.0,-11.375,0.07989502,105.13942,6577.151,6442.8906,1100.0834,499.89316,0.0,5.7649803,0.0,-0.57631326,5.0,15.463257,42.85678,31.12496,18.374977,0.696,0.0,1.375,0.0,0.0,0.0,0.0,0.0,0.0,0.8955078,0.9433594,53.753662,2.3437505,30.273493,29.943087,0.0,110.00001,6.5429688,1.0,105.44622,80.86117,468.375,547.5,-2.9200637,12.0,0.0,6.25,3.734603,72.99998,19.812012,1.0,78.37,0.0,0.0,-74.679565,99.998474,25.318909,3.6425781,78.19,78.28,78.06,78.4,0
