Time,Accel. Lat (m/s2),Accel. Long (m/s2),Airmass (g/stk),Airmass SP (g/stk),Ambient Press (kpa),Ambient Temp (°C),Battery Volts (V),Boost (psi),Calc TQ (nm),Calc HP (hp),Calc 0-60mph (s),Calc 60-130mph (s),Calc 0-60ft (s),Calc 1/8mile (s),Calc 1/4mile (s),Comb Mode (),Coolant Temp (°C),Cruise (),DV Position (%),EOI Actual (°),EOI Limit (°),Engine Speed (rpm),Eth Content (%),Exh Cam Position (°),Exh Flow Factor (),Exh Pres Desired (kpa),FP DI (kpa),FP DI SP (kpa),FP MPI (kpa),FP MPI SP (kpa),Fuel Flow (mg/stk),Fuel Flow SP (mg/stk),Fuel Split MPI (),Fuel Trim (%),Gear (gear),HPFP Eff Vol (%),IAT (°C),Ign Table (°),Ign Avg (°),Inj PW DI (ms),Inj PW MPI (ms),Intake Cam Pos (°),Intake Flow Fact (),Knock Avg (°),Knock Cyl 1 (°),Knock Cyl 2 (°),Knock Cyl 3 (°),Knock Cyl 4 (°),knks_thd[0] (V),knks_thd[1] (V),knks_thd[2] (V),knks_thd[3] (V),nl_c42b2[0] (V),nl_c42b2[1] (V),nl_c42b2[2] (V),nl_c42b2[3] (V),nl_c42c2[0] (V),nl_c42c2[1] (V),nl_c42c2[2] (V),nl_c42c2[3] (V),nl_c4274[0] (V),nl_c4274[1] (V),nl_c4274[2] (V),nl_c4274[3] (V),nl_c429c[0] (V),nl_c429c[1] (V),nl_c429c[2] (V),nl_c429c[3] (V),Lambda (l),Lambda SP (l),LPFP Duty (%),LTFT (%),MAP (kpa),MAP SP (kpa),Misfires (),Oil Temp (°C),Pedal Pos (%),Port Flap Pos (%),PUT (kpa),PUT SP (kpa),SOI Actual (°),SOI Limit (°),STFT (%),Torque (Nm),Torque Lim (),Torque Req (Nm),TPS (%),Trans Temp (°C),Turbo Speed (rpm),Valve Lift Pos (),Vehicle Speed (km/h),WG Flow Des (kg/hr),WG I Value (%),WG P-D Value (%),WG Pos Base (%),WG Pos Final (%),WG Voltage (V),Wheel Speed FL (km/h),Wheel Speed FR (km/h),Wheel Speed RL (km/h),Wheel Speed RR (km/h),SimosTools [R2.12:2026_8_31:Patched_259L_R20.bin]
568108.9,-0.24776332,-0.628,0.08843928,0.08533017,101.16858,15.037586,14.150314,-10.604498,0.0,0.0,52.359,0.0,4.721,18.281,30.6,0.0,93.98497,0.0,0.0,0.0,200.25,3052.0,0.0,-17.109375,0.09326172,105.015045,10227.645,10227.645,1100.0834,520.85474,0.0,6.506798,0.0,3.103134,3.0,0.0,28.46995,37.49995,2.2499971,0.0,0.0,3.3046875,0.0,0.0,0.0,0.0,0.0,0.0,1.6796875,1.484375,1.6601562,2.0117188,0.6957351,0.62149996,0.65499353,0.74059665,0.3054856,0.4241245,0.30487525,0.45906767,0.7828641,0.6266117,0.76218814,0.67635614,0.32356757,0.40344855,0.3259327,0.3962768,1.9999695,1.0,48.284912,3.1029315,28.072927,27.465279,0.0,110.00001,0.0,1.0,102.41972,101.16767,720.0,553.125,2.0231586E-4,-26.0625,0.0,-26.78125,5.6019044,68.999954,17.559814,0.0,67.21,0.0,0.0,-0.3753662,99.998474,99.62311,0.6689453,67.01,67.19,67.14,66.76,0
568108.94,-0.25821066,-0.6262,0.089021936,0.08533019,101.16849,15.037586,14.153267,-10.590017,0.0,0.0,52.359,0.0,4.721,18.281,30.6,0.0,93.98497,0.0,0.0,0.0,200.25,3048.0,0.0,-17.164062,0.09454346,105.03992,10227.645,10227.645,1100.0834,520.85474,0.0,6.5279922,0.0,3.1097138,3.0,0.0,28.480097,37.49995,2.2499971,0.0,0.0,3.375,0.0,0.0,0.0,0.0,0.0,0.0,1.6796875,1.484375,1.6601562,2.0117188,0.69970244,0.62279695,0.65957123,0.73723966,0.30655375,0.42389563,0.3059434,0.45586327,0.78889143,0.6512551,0.644007,0.67505914,0.3260853,0.41931793,0.27542534,0.39551386,1.9999695,1.0,47.865295,3.109552,28.172653,27.436295,0.0,110.00001,0.0,1.0,102.43631,101.16767,720.0,553.125,1.6185269E-4,-26.0,0.0,-26.6875,5.6019044,68.999954,17.694092,0.0,67.03,0.0,0.0,-0.43945312,99.998474,99.55902,0.6738281,67.1,66.99,66.86,66.86,0
568109.0,-0.2665685,-0.62548006,0.08799543,0.085330166,101.1684,15.037586,14.143615,-10.619109,0.0,0.0,52.359,0.0,4.721,18.281,30.6,0.0,93.98497,0.0,0.0,0.0,200.25,3044.0,0.0,-17.007812,0.095214844,105.031624,10238.258,10238.258,1100.0834,520.85474,0.0,6.316045,0.0,3.1143157,3.0,0.0,28.564417,37.87495,2.2499971,0.0,0.0,3.296875,0.0,0.0,0.0,0.0,0.0,0.0,1.6796875,1.484375,1.6601562,1.9921875,0.7021439,0.62294954,0.6588083,0.72510874,0.30685893,0.4229038,0.3044175,0.4475471,0.7566949,0.62706953,0.7066453,0.49813077,0.31273365,0.40375373,0.30220494,0.29190508,1.9999695,1.0,47.865295,3.1141863,27.972042,27.428331,0.0,110.00001,0.0,1.0,102.49436,101.16767,720.0,553.125,1.2948216E-4,-26.0,0.0,-26.6875,5.135079,68.999954,17.578125,0.0,67.06,0.0,0.0,-0.46081543,99.998474,99.53766,0.6689453,66.97,66.89,66.7,66.8,0
568109.0,-0.2532548,-0.643942,0.08646394,0.08533017,101.16833,15.037586,14.154436,-10.671096,0.0,0.0,52.359,0.0,4.721,18.281,30.6,0.0,93.98497,0.0,0.0,0.0,200.25,3041.0,0.0,-17.023438,0.09552002,105.031624,10238.258,10238.258,1100.0834,520.85474,0.0,6.188876,0.0,3.117534,3.0,0.0,28.640306,38.24995,2.2499971,0.0,0.0,3.0234375,0.0,0.0,0.0,0.0,0.0,0.0,1.6796875,1.484375,1.6601562,1.9726562,0.70160985,0.6240177,0.6608682,0.71709776,0.3057908,0.4225986,0.3043412,0.44167238,0.6910048,0.64721143,0.8052949,0.5672541,0.2855726,0.41672388,0.3443961,0.3323415,1.9999695,1.0,47.44568,3.1174304,27.613626,27.387634,0.0,110.00001,0.0,1.0,102.35339,101.16767,720.0,553.125,1.0358573E-4,-26.25,0.0,-27.0,5.135079,68.999954,17.358398,0.0,66.96,0.0,0.0,-0.35705566,99.998474,99.64142,0.6738281,66.84,66.76,66.91,66.68,0
568109.06,-0.26260385,-0.6513268,0.085945204,0.08524541,101.16826,15.037586,14.156152,-10.673227,0.0,0.0,52.359,0.0,4.721,18.281,30.6,0.0,93.98497,0.0,0.0,0.0,200.25,3037.0,0.0,-17.726562,0.09680176,105.0565,10238.258,10238.258,1100.0834,520.85474,0.0,6.2100706,0.0,3.1197844,3.0,0.0,28.708607,38.24995,2.2499971,0.0,0.0,2.90625,0.0,0.0,0.0,0.0,0.0,0.0,1.6796875,1.484375,1.6796875,1.9726562,0.7012284,0.624094,0.66704816,0.7130541,0.30479896,0.42160678,0.30640116,0.4381628,0.6942092,0.62592506,0.6800946,0.63714045,0.2869459,0.40299076,0.29083696,0.37331197,1.9999695,1.0,47.44568,3.1197014,27.598858,27.448648,0.0,110.00001,0.0,1.0,102.21243,101.16767,720.0,553.875,8.286858E-5,-26.28125,0.0,-27.0,5.135079,68.999954,17.08374,0.0,66.83,0.0,0.0,-0.2960205,99.998474,99.70245,0.6738281,66.76,66.76,66.62,66.62,0
568109.1,-0.29008308,-0.6542807,0.086508036,0.08524541,101.1682,15.037586,14.157353,-10.672261,0.0,0.0,52.359,0.0,4.721,18.281,30.6,0.0,93.98497,0.0,0.0,0.0,200.25,3034.0,0.0,-17.59375,0.097473145,105.0565,10244.626,10244.626,1100.0834,520.85474,0.0,6.188876,0.0,3.1213572,3.0,0.0,28.770077,38.24995,2.2499971,0.0,0.0,2.953125,0.0,0.0,0.0,0.0,0.0,0.0,1.6796875,1.484375,1.71875,1.9726562,0.70153356,0.62493324,0.6710918,0.71290153,0.3041886,0.4212253,0.3058671,0.4370947,0.7077134,0.64370185,0.7491417,0.762417,0.29251546,0.41443503,0.30960557,0.44670787,1.9999695,1.0,47.44568,3.121291,27.60546,27.35223,0.0,110.00001,0.0,1.0,102.21243,101.16767,720.0,553.5,6.6294866E-5,-26.25,0.0,-27.0,5.135079,68.999954,17.08374,0.0,66.78,0.0,0.0,-0.31433105,99.998474,99.68414,0.6689453,66.68,66.64,66.78,66.46,0
568109.1,-0.31206647,-0.65546227,0.08656382,0.08524541,101.168144,15.037586,14.158195,-10.673099,0.0,0.0,52.359,0.0,4.721,18.281,30.6,0.0,93.98497,0.0,0.0,0.0,200.25,3031.0,0.0,-17.632812,0.09777832,105.0565,10255.239,10255.239,1100.0834,520.85474,0.0,6.2312655,0.0,3.1224566,3.0,0.0,28.8254,38.24995,2.2499971,0.0,0.0,2.9765625,0.0,0.0,0.0,0.0,0.0,0.0,1.6992188,1.5039062,1.71875,1.9726562,0.7045853,0.6257725,0.6710918,0.71503776,0.30495155,0.42092013,0.3058671,0.43755245,0.77332723,0.6442359,0.56450754,0.69314104,0.31967652,0.4148165,0.23331045,0.40611887,1.9999695,1.0,47.44568,3.1224036,27.59964,27.328588,0.0,110.00001,0.0,1.0,102.23731,101.16767,720.0,553.875,5.3035892E-5,-26.21875,0.0,-26.875,5.135079,68.999954,17.175293,0.0,66.67,0.0,0.0,-0.32348633,99.998474,99.67499,0.6689453,66.76,66.62,66.56,66.32,0
568109.2,-0.30965316,-0.65593493,0.086802535,0.08524541,101.1681,15.037586,14.152924,-10.671079,0.0,0.0,52.359,0.0,4.721,18.281,30.6,0.0,93.98497,0.0,0.0,0.0,200.25,3028.0,0.0,-17.617188,0.09942627,105.081375,10255.239,10255.239,1100.0834,520.85474,0.0,6.2524605,0.0,3.123225,3.0,0.0,28.87519,38.24995,2.2499971,0.0,0.0,3.0234375,0.0,0.0,0.0,0.0,0.0,0.0,1.6796875,1.5039062,1.6992188,1.9726562,0.6955062,0.62935835,0.6656748,0.71389335,0.30052644,0.4227512,0.30220494,0.43595025,0.5259785,0.70878154,0.676585,0.72617686,0.21736477,0.45632106,0.27962157,0.42549783,1.9999695,1.0,47.44568,3.1231825,27.613522,27.287642,0.0,110.00001,0.0,1.0,102.21243,101.16767,720.0,553.5,4.2428714E-5,-26.25,0.0,-27.0,5.135079,68.999954,17.10205,0.0,66.63,0.0,0.0,-0.31433105,99.998474,99.68414,0.6689453,66.59,66.48,66.44,66.32,0
568109.2,-0.30772254,-0.656124,0.08659381,0.08524541,101.16805,15.037586,14.155093,-10.679618,0.0,0.0,52.359,0.0,4.721,18.281,30.6,0.0,93.98497,0.0,0.0,0.0,200.25,3025.0,0.0,-17.304688,0.099731445,105.081375,10272.221,10272.221,1100.0834,520.85474,0.0,6.273655,0.0,3.1237617,3.0,0.0,28.920002,38.24995,2.2499971,0.0,0.0,3.0,0.0,0.0,0.0,0.0,0.0,0.0,1.6796875,1.5039062,1.6992188,1.9726562,0.6945907,0.62607765,0.6661326,0.7144274,0.2994583,0.4196994,0.3010605,0.4354162,0.6768139,0.5643549,0.70077056,0.67490655,0.27977416,0.3633173,0.28969252,0.39543754,1.9999695,1.0,47.026062,3.1237278,27.554613,27.28116,0.0,110.00001,0.0,1.0,102.21243,101.16767,720.0,553.5,3.394297E-5,-26.21875,0.0,-26.875,5.135079,68.999954,17.150879,0.0,66.62,0.0,0.0,-0.3265381,99.998474,99.671936,0.6689453,66.44,66.44,66.4,66.44,0
568109.25,-0.30617803,-0.6561996,0.08659392,0.08524541,101.168015,15.037586,14.156612,-10.682077,0.0,0.0,52.359,0.0,4.721,18.281,30.6,0.0,93.98497,0.0,0.0,0.0,200.25,3021.0,0.0,-17.570312,0.10107422,105.11455,10272.221,10272.221,1100.0834,520.85474,0.0,6.316045,0.0,3.1241367,3.0,0.0,28.960333,38.24995,2.2499971,0.0,0.0,3.0,0.0,0.0,0.0,0.0,0.0,0.0,1.6796875,1.5039062,1.6992188,1.9726562,0.6941329,0.6342412,0.6676585,0.7124437,0.29861906,0.42504007,0.30045015,0.43335623,0.6849012,0.81559473,0.69039446,0.6668193,0.28305486,0.5251392,0.2853437,0.39070725,1.9999695,1.0,47.026062,3.1241095,27.537619,27.27949,0.0,110.00001,0.0,1.0,102.21243,101.16767,720.0,553.5,2.7154378E-5,-26.1875,0.0,-26.875,5.135079,68.999954,17.16919,0.0,66.38,0.0,0.0,-0.3265381,99.998474,99.671936,0.6689453,66.46,66.32,66.19,66.17,0
568109.3,-0.3249424,-0.65622985,0.08689442,0.08524541,101.16881,15.037586,14.151816,-10.665402,0.0,0.0,52.359,0.0,4.721,18.281,30.6,0.0,93.98497,0.0,0.0,0.0,200.25,3018.0,0.0,-17.8125,0.10168457,105.12283,10272.221,10272.221,1100.0834,520.85474,0.0,6.29485,0.0,3.1243982,3.0,0.0,28.99663,38.24995,2.2499971,0.0,0.0,3.0,0.0,0.0,0.0,0.0,0.0,0.0,1.6796875,1.5039062,1.6992188,1.9726562,0.6968795,0.63057905,0.6686503,0.7101549,0.299382,0.42183566,0.29968718,0.43121997,0.75753415,0.5620661,0.7693599,0.69062334,0.31311512,0.3618677,0.31799802,0.40466926,1.9999695,1.0,47.026062,3.1243765,27.65335,27.346123,0.0,110.00001,0.0,1.0,102.21243,101.175964,720.0,553.875,2.1723503E-5,-26.15625,0.0,-26.875,5.135079,68.999954,17.193604,0.0,66.31,0.0,0.0,-0.32348633,99.998474,99.67499,0.6689453,66.29,66.29,66.17,66.11,0
568109.3,-0.31995395,-0.65624195,0.08739803,0.08524541,101.169525,15.037586,14.154318,-10.666287,0.0,0.0,52.359,0.0,4.721,18.281,30.6,0.0,93.98497,0.0,0.0,0.0,200.25,3014.0,0.0,-17.304688,0.101989746,105.12283,10272.221,10272.221,1100.0834,520.85474,0.0,6.273655,0.0,3.1245809,3.0,0.0,29.029297,37.87495,2.2499971,0.0,0.0,2.953125,0.0,0.0,0.0,0.0,0.0,0.0,1.6601562,1.5234375,1.71875,1.9726562,0.6914626,0.63576716,0.67299914,0.70916307,0.2965591,0.42496377,0.30060273,0.42984664,0.5898375,0.7514305,0.5727474,0.7233539,0.24376288,0.4837873,0.23674372,0.42381933,1.9999695,1.0,47.026062,3.1245635,27.64796,27.226093,0.0,110.00001,0.0,1.0,102.21243,101.175964,720.0,553.5,1.7378803E-5,-26.09375,0.0,-26.78125,5.135079,68.999954,17.193604,0.0,66.37,0.0,0.0,-0.32348633,99.998474,99.67499,0.6689453,66.05,66.17,66.32,65.87,0
568109.4,-0.31596318,-0.6374968,0.08716306,0.08524541,101.169334,15.037586,14.14435,-10.667534,0.0,0.0,52.359,0.0,4.721,18.281,30.6,0.0,93.98497,0.0,0.0,0.0,200.25,3010.0,0.0,-17.710938,0.10333252,105.13113,10278.589,10278.589,1100.0834,520.85474,0.0,6.316045,0.0,3.1247082,3.0,0.0,29.058697,37.87495,2.2499971,0.0,0.0,2.984375,0.0,0.0,0.0,0.0,0.0,0.0,1.6601562,1.5039062,1.6992188,1.9726562,0.6863508,0.6323339,0.6678874,0.7097734,0.29388875,0.42198825,0.29732203,0.42954147,0.5908293,0.5685512,0.5693141,0.61852443,0.24422064,0.36606392,0.23529412,0.36240178,1.9999695,1.0,47.026062,3.1246943,27.63918,27.252201,0.0,110.00001,0.0,1.0,102.21243,101.16767,720.0,553.875,1.3903043E-5,-26.15625,0.0,-26.78125,5.135079,68.999954,17.224121,0.0,66.12,0.0,0.0,-0.34179688,99.998474,99.65668,0.6689453,66.0,65.94,65.97,66.05,0
568109.44,-0.29277053,-0.62999874,0.08732702,0.085203014,101.16917,15.037586,14.149092,-10.6652,0.0,0.0,52.359,0.0,4.721,18.281,30.6,0.0,93.98497,0.0,0.0,0.0,200.25,3006.0,0.0,-17.703125,0.103637695,105.13113,10296.102,10296.102,1100.0834,520.85474,0.0,6.273655,0.0,3.124797,3.0,0.0,29.085157,37.87495,2.2499971,0.0,0.0,3.0,0.0,0.0,0.0,0.0,0.0,0.0,1.6601562,1.5039062,1.6992188,1.953125,0.6868086,0.62829024,0.6628519,0.70511943,0.29358357,0.41863126,0.29419395,0.42610818,0.6968795,0.5530633,0.81437397,0.5789273,0.28801402,0.35606927,0.336614,0.33920807,1.9999695,1.0,46.606445,3.124786,27.655104,27.213987,0.0,110.00001,0.0,1.0,102.21243,101.16767,720.0,553.875,1.1122434E-5,-26.09375,0.0,-26.6875,5.135079,68.999954,17.16919,0.0,66.14,0.0,0.0,-0.3173828,99.998474,99.68109,0.6738281,66.21,66.13,65.92,66.05,0
568109.44,-0.29421642,-0.6457495,0.08740638,0.085203014,101.169014,15.037586,14.1524105,-10.680782,0.0,0.0,52.359,0.0,4.721,18.281,30.6,0.0,93.98497,0.0,0.0,0.0,200.25,3003.0,0.0,-17.15625,0.10424805,105.13113,10302.469,10302.469,1100.0834,520.85474,0.0,6.29485,0.0,3.1248589,3.0,0.0,29.108973,37.87495,2.2499971,0.0,0.0,3.0,0.0,0.0,0.0,0.0,0.0,0.0,1.6601562,1.484375,1.6992188,1.9335938,0.68421453,0.62371254,0.669337,0.6987106,0.29198137,0.4149691,0.2963302,0.42168307,0.6352331,0.53749907,0.68528265,0.81544214,0.26253146,0.3460746,0.28328374,0.47776,1.9999695,1.0,46.606445,3.12485,27.547546,27.099434,0.0,110.00001,0.0,1.0,102.21243,101.16767,720.0,553.125,8.897948E-6,-26.03125,0.0,-26.59375,5.135079,68.999954,17.10205,0.0,66.16,0.0,0.0,-0.3173828,99.998474,99.68109,0.6689453,65.81,65.78,65.97,65.69,0
568109.5,-0.27537313,-0.6332998,0.086779006,0.085203014,101.16888,15.037586,14.143015,-10.69903,0.0,0.0,52.359,0.0,4.721,18.281,30.6,0.0,93.98497,0.0,0.0,0.0,200.25,2999.0,0.0,-17.546875,0.105285645,105.156006,10306.715,10306.715,1100.0834,520.85474,0.0,6.379629,0.0,3.1249022,3.0,0.0,29.130405,38.24995,2.2499971,0.0,0.0,3.0,0.0,0.0,0.0,0.0,0.0,0.0,1.640625,1.5039062,1.6992188,1.953125,0.6835279,0.62615395,0.6700237,0.7037461,0.29121843,0.41618982,0.29564354,0.42450598,0.6707866,0.6811627,0.70763713,0.66964215,0.27725643,0.4385443,0.29243916,0.39238575,1.9999695,1.0,46.606445,3.124895,27.421633,27.114826,0.0,110.00001,0.0,1.0,102.21243,101.16767,720.0,553.5,7.118358E-6,-26.125,0.0,-26.6875,5.135079,68.999954,17.10205,0.0,65.87,0.0,0.0,-0.3173828,99.998474,99.68109,0.6689453,65.94,65.89,65.66,65.7,0
568109.5,-0.2802985,-0.64706993,0.086803496,0.085203014,101.168755,15.037586,14.148157,-10.687835,0.0,0.0,52.359,0.0,4.721,18.281,30.6,0.0,93.98497,0.0,0.0,0.0,200.25,2995.0,0.0,-17.8125,0.10559082,105.156006,10306.715,10306.715,1100.0834,520.85474,0.0,6.316045,0.0,3.1249323,3.0,0.0,29.149694,38.24995,2.2499971,0.0,0.0,3.0390625,0.0,0.0,0.0,0.0,0.0,0.0,1.6601562,1.5039062,1.71875,1.953125,0.6836042,0.6257725,0.67162585,0.7019913,0.29076067,0.4152743,0.29549095,0.4229038,0.6836042,0.6189059,0.54039824,0.68421453,0.2825971,0.39848936,0.22331579,0.4009308,1.9999695,1.0,46.606445,3.1249266,27.498672,27.17571,0.0,110.00001,0.0,1.0,102.21243,101.16767,720.0,553.875,5.6946865E-6,-26.09375,0.0,-26.6875,5.135079,68.999954,17.150879,0.0,65.82,0.0,0.0,-0.3173828,99.998474,99.68109,0.6689453,65.78,65.7,65.57,65.7,0
568109.56,-0.2642388,-0.633828,0.086171575,0.085203014,101.16865,15.037586,14.140038,-10.706256,0.0,0.0,52.359,0.0,4.721,18.281,30.6,0.0,93.98497,0.0,0.0,0.0,200.25,2990.0,0.0,-17.742188,0.105895996,105.156006,10306.715,10306.715,1100.0834,520.85474,0.0,6.29485,0.0,3.124953,3.0,0.0,29.167055,38.24995,2.2499971,0.0,0.0,3.046875,0.0,0.0,0.0,0.0,0.0,0.0,1.6601562,1.5039062,1.6992188,1.953125,0.68848705,0.62699324,0.66498816,0.70107573,0.29274434,0.41557947,0.29182878,0.42175937,0.79652095,0.6536202,0.6644541,0.6757458,0.3292134,0.4208438,0.2746624,0.39589533,1.9999695,1.0,46.606445,3.1249485,27.371592,27.18561,0.0,110.00001,0.0,1.0,102.21243,101.16767,720.0,553.875,4.5557495E-6,-26.15625,0.0,-26.78125,5.135079,68.999954,17.059326,0.0,65.73,0.0,0.0,-0.3173828,99.998474,99.68109,0.6689453,65.6,65.62,65.63,65.55,0
568109.6,-0.25139105,-0.6097812,0.086504176,0.085203014,101.16855,15.037586,14.151933,-10.709453,0.0,0.0,52.359,0.0,4.721,18.281,30.6,0.0,93.98497,0.0,0.0,0.0,200.25,2987.0,0.0,-17.25,0.10620117,105.156006,10306.715,10306.715,1100.0834,520.85474,0.0,6.273655,0.0,3.1249676,3.0,0.0,29.18268,38.24995,2.2499971,0.0,0.0,3.09375,0.0,0.0,0.0,0.0,0.0,0.0,1.640625,1.5039062,1.6992188,1.953125,0.6801709,0.62615395,0.66491187,0.69977874,0.28892958,0.41443503,0.29098955,0.42046234,0.52491033,0.61066604,0.589456,0.7129778,0.21698329,0.39322498,0.24361028,0.41771573,1.9999695,1.0,46.183777,3.124964,27.349455,27.105385,0.0,110.00001,0.0,1.0,102.21243,101.16767,720.0,553.125,3.6445997E-6,-26.09375,0.0,-26.6875,5.135079,68.999954,17.08374,0.0,65.63,0.0,0.0,-0.3173828,99.998474,99.68109,0.6689453,65.62,65.57,65.42,65.42,0
568109.6,-0.22111285,-0.6001625,0.08608033,0.085203014,101.16846,15.037586,14.1544,-10.721781,0.0,0.0,52.359,0.0,4.721,18.281,30.6,0.0,93.98497,0.0,0.0,0.0,200.25,2983.0,0.0,-17.335938,0.10656738,105.156006,10313.083,10313.083,1100.0834,520.85474,0.0,6.2100706,0.0,3.1249776,3.0,0.0,29.196743,38.24995,2.2499971,0.0,0.0,3.15625,0.0,0.0,0.0,0.0,0.0,0.0,1.640625,1.484375,1.6796875,1.953125,0.6822309,0.6224918,0.6610971,0.7003128,0.28953993,0.41145954,0.2885481,0.42030975,0.72732127,0.55344474,0.6711681,0.59502554,0.30060273,0.35637444,0.27740902,0.34859234,1.9999695,1.0,46.183777,3.1249747,27.26439,27.0929,0.0,110.00001,0.0,1.0,102.21243,101.16767,720.0,553.5,2.9156797E-6,-26.15625,0.0,-26.6875,5.135079,68.999954,17.034912,0.0,65.59,0.0,0.0,-0.3173828,99.998474,99.68109,0.6689453,65.47,65.42,65.6,65.32,0
568109.7,-0.23689029,-0.596315,0.08600918,0.085203014,101.16837,15.037586,14.150268,-10.708481,0.0,0.0,52.359,0.0,4.721,18.281,30.6,0.0,93.98497,0.0,0.0,0.0,200.25,2980.0,0.0,-17.875,0.10784912,105.18088,10330.064,10330.064,1100.0834,520.58936,0.0,6.273655,0.0,3.1249847,3.0,0.0,29.209398,38.24995,2.2499971,0.0,0.0,3.2734375,0.0,0.0,0.0,0.0,0.0,0.0,1.6601562,1.484375,1.6796875,1.9335938,0.68734264,0.62378883,0.6615549,0.69497216,0.2916762,0.4119173,0.28801402,0.41664758,0.80102235,0.6520943,0.65484095,0.6674296,0.33104447,0.419852,0.27061877,0.39101243,1.9999695,1.0,46.183777,3.1249824,27.35598,27.19494,0.0,110.00001,0.0,1.0,102.21243,101.16767,720.0,553.875,2.3325438E-6,-26.125,0.0,-26.6875,5.135079,68.999954,17.08374,0.0,65.52,0.0,0.0,-0.34179688,99.998474,99.65668,0.6689453,65.6,65.51,65.45,65.15,0
568109.75,-0.24951224,-0.613526,0.086247616,0.085203014,101.168304,15.037586,14.129797,-10.69904,0.0,0.0,52.359,0.0,4.721,18.281,30.6,0.0,93.98497,0.0,0.0,0.0,200.25,2978.0,0.0,-17.859375,0.10620117,105.13113,10340.678,10340.678,1100.0834,520.58936,0.0,6.273655,0.0,3.1249895,3.0,0.0,29.220789,38.24995,2.2499971,0.0,0.0,3.9140625,0.0,0.0,0.0,0.0,0.0,0.0,1.6601562,1.484375,1.6796875,1.9335938,0.6865034,0.6243992,0.6612497,0.69359887,0.29098955,0.411841,0.2870985,0.4153506,0.6712444,0.6379034,0.8767071,0.7884337,0.27740902,0.41069657,0.36240178,0.4619669,1.9999695,1.0,46.173096,3.1249876,27.42098,27.201017,0.0,110.00001,0.68359375,1.0,102.21243,80.61242,720.0,553.875,1.8660351E-6,-26.09375,0.0,-22.21875,5.135079,68.999954,17.059326,0.0,65.55,0.0,0.0,-46.902466,99.998474,53.09601,1.550293,65.34,65.42,65.24,65.3,0
568109.75,-0.2596098,-0.6391604,0.097408205,0.085033454,101.168236,15.037586,14.115467,-10.766697,0.0,0.0,52.359,0.0,4.721,18.281,30.6,0.0,93.98497,0.0,0.0,0.0,200.25,2974.0,0.0,-17.1875,0.10650635,105.12283,10340.678,10267.444,1100.0834,520.32404,0.0,7.4817576,0.0,3.1249926,3.0,0.0,29.306229,34.499954,2.2499971,0.0,0.0,4.109375,0.0,0.0,0.0,0.0,0.0,0.0,1.6601562,1.4648438,1.6992188,1.9335938,0.68947893,0.6193637,0.67048144,0.6976425,0.2920577,0.40810254,0.29091325,0.41771573,0.75532156,0.5258259,0.8658732,0.61821926,0.3121996,0.33859769,0.35790035,0.36224917,1.9999695,1.0,46.173096,3.1249912,26.954563,24.469854,0.0,110.00001,1.171875,1.0,102.11293,80.61242,720.0,553.125,1.4928281E-6,-15.09375,0.0,-19.03125,5.135079,68.999954,16.973877,0.0,65.44,0.0,0.0,-65.74707,99.998474,34.251404,2.9492188,65.42,65.3,65.34,65.09,0
568109.8,-0.24768785,-0.63066417,0.091908716,0.085203014,101.168175,15.037586,14.093718,-10.922193,0.0,0.0,52.359,0.0,4.721,18.281,30.6,0.0,93.98497,0.0,0.0,0.0,200.25,2997.0,0.0,-17.390625,0.10784912,105.14771,9840.784,9901.281,1100.0834,520.32404,8.15999,7.8420687,0.0,2.89062,3.0,26.850891,29.383123,36.374954,2.2499971,0.0,0.0,4.0078125,0.0,0.0,0.0,0.0,0.0,0.0,1.6601562,1.484375,1.71875,1.9335938,0.6901656,0.6163119,0.6787976,0.69359887,0.29198137,0.4056611,0.29358357,0.4148928,0.77309835,0.5600061,0.6767376,0.613489,0.31952393,0.3605707,0.27969787,0.3773556,1.9999695,0.9033203,55.091858,2.8906188,25.882689,24.521109,0.0,110.00001,2.6367188,1.0,102.21243,80.61242,720.0,553.5,1.1942625E-6,-10.0625,0.0,-9.0,5.135079,68.999954,17.425537,0.0,65.28,0.0,0.0,-67.62085,99.998474,32.377625,3.413086,65.32,65.21,64.85,65.14,0
568109.8,-0.25815028,-0.6272657,0.08914751,0.08995065,101.16812,15.037586,14.0843525,-10.995324,0.0,0.0,52.359,0.0,4.721,18.281,30.6,0.0,93.98497,0.0,0.0,473.625,206.625,3010.0,0.0,-17.382812,0.109802246,105.197464,9601.981,9676.807,1100.0834,520.32404,7.2274203,6.8459144,0.0,2.7265592,3.0,25.942993,29.45233,37.49995,10.874986,0.684,0.0,3.96875,0.0,0.0,0.0,0.0,0.0,0.0,1.6796875,1.4648438,1.71875,1.9140625,0.69375145,0.6129549,0.6787976,0.6895552,0.2933547,0.40306705,0.29358357,0.4129854,0.77309835,0.5508507,0.63836116,0.5485618,0.31952393,0.35469598,0.2638285,0.32135502,1.9999695,0.9033203,55.041504,2.7265582,25.378548,25.53639,0.0,110.00001,4.3945312,1.0,102.23731,80.61242,486.0,553.5,9.5541E-7,-5.03125,0.0,2.4375,5.135079,68.999954,17.156982,0.0,65.28,0.0,0.0,-67.7063,99.998474,32.292175,3.515625,65.34,65.3,65.32,64.92,0
568109.9,-0.26652023,-0.5696563,0.095308185,0.11301057,101.168076,15.037586,14.071938,-10.796161,0.0,0.0,52.359,0.0,4.721,18.281,30.6,0.0,93.98497,0.0,0.0,474.375,220.875,3017.0,0.0,-16.90625,0.10925293,105.29697,9253.861,9302.683,1100.0834,520.85474,7.375784,7.163836,0.0,2.8460915,3.0,25.386047,29.514614,35.624954,19.499975,0.66,0.0,2.9453125,0.0,0.0,0.0,0.0,0.0,0.0,1.6601562,1.4648438,1.71875,1.8945312,0.6865797,0.6144045,0.6770428,0.6823835,0.29007402,0.40375373,0.2915236,0.40833142,0.7692073,0.64629585,0.6829938,0.64698255,0.31792173,0.41611353,0.28229192,0.3790341,1.9999695,0.9033203,54.986572,2.8460908,26.751312,30.311285,0.0,110.00001,7.1289062,1.0,101.95539,80.61242,486.375,553.125,7.64328E-7,1.0625,0.0,18.15625,6.535555,68.999954,17.944336,0.0,65.36,0.0,0.0,-67.266846,99.998474,32.73163,3.6669922,65.15,65.09,65.14,64.81,0
568109.94,-0.25321618,-0.50911254,0.10271308,0.12170042,101.16803,15.037586,14.063247,-10.629565,0.0,0.0,52.359,0.0,4.721,18.281,30.6,0.0,93.98497,0.0,0.0,475.5,220.875,3018.0,0.0,-15.7421875,0.10797119,105.32184,9065.473,9078.209,1100.0834,520.85474,7.6937056,7.8844585,0.0,2.6953893,3.0,25.170898,29.570671,34.124958,23.24997,0.596,0.0,0.9140625,0.0,0.0,0.0,0.0,0.0,0.0,1.6601562,1.484375,1.71875,1.8945312,0.6901656,0.6176089,0.6770428,0.68055236,0.2915236,0.4058137,0.2915236,0.40680552,0.7692073,0.6897841,0.79316396,0.7714198,0.31792173,0.44411382,0.3278401,0.45197222,1.5664062,0.9033203,55.08728,2.6953886,27.899597,31.696539,0.0,110.00001,7.1289062,1.0,102.13781,80.61242,486.375,551.625,6.114624E-7,5.46875,0.0,19.3125,6.535555,68.999954,18.457031,0.0,65.14,0.0,0.0,-67.58728,99.998474,32.411194,3.6669922,65.21,65.24,64.98,65.06,0
568109.94,-0.26257294,-0.40989503,0.10637687,0.12114936,101.16799,15.037586,14.057163,-10.361586,0.0,0.0,52.359,0.0,4.721,18.281,30.6,0.0,93.98497,0.0,0.0,473.625,230.625,3000.0,0.0,-10.1640625,0.10406494,105.27209,9229.45,8783.686,1100.0834,520.58936,2.0558937,8.223575,0.0,2.5898974,3.0,21.661377,29.621122,33.749958,33.374958,0.72,0.0,-4.28125,0.0,0.0,0.0,0.0,0.0,0.0,1.6601562,1.4648438,1.7382812,1.9140625,0.69077593,0.6117342,0.682002,0.6844434,0.2914473,0.40161747,0.2933547,0.40909436,0.70420384,0.5024796,0.8874647,0.8003357,0.29106584,0.32356757,0.3668269,0.46890974,1.1103516,0.9033203,55.27191,2.589897,29.746712,32.697006,0.0,110.00001,7.1289062,1.0,102.13781,80.61242,486.75,546.375,4.891699E-7,11.78125,0.0,19.65625,7.0023804,68.999954,18.878174,0.0,65.24,0.0,0.0,-67.51709,99.998474,32.481384,3.6669922,65.15,65.15,65.09,64.82,0
568110.0,-0.25005835,-0.351458,0.10850808,0.13051744,101.16796,15.037586,14.064624,-10.022868,0.0,0.0,52.359,0.0,4.721,18.281,30.6,0.0,93.98497,0.0,0.0,472.5,231.0,2998.0,0.0,-7.4453125,0.10284424,105.29697,8714.167,8490.755,1100.0834,520.58936,3.475944,8.435523,0.0,2.5160532,3.0,21.923828,29.666529,33.374958,33.749958,0.76,0.0,-10.390625,0.0,0.0,0.0,0.0,0.0,0.0,1.6796875,1.4648438,1.7578125,1.9140625,0.69947356,0.6112764,0.6908522,0.6894026,0.29541466,0.4009308,0.29709315,0.41214618,0.89250016,0.6021973,1.1421378,0.706569,0.36888686,0.38773176,0.47211415,0.41397727,0.9785156,0.9033203,55.230713,2.5160527,32.08142,36.528778,0.0,110.00001,7.2265625,1.0,102.21243,80.61242,486.375,543.375,3.9133593E-7,13.15625,0.0,20.3125,7.469206,68.999954,19.63501,0.0,65.13,0.0,0.0,-67.68799,99.998474,32.310486,3.6669922,65.26,65.14,64.98,64.85,0
568110.06,-0.24004668,-0.2905832,0.109697804,0.13081418,101.16793,15.037586,14.069846,-9.30013,0.0,0.0,52.359,0.0,4.721,18.281,30.6,0.0,93.98497,0.0,0.0,472.5,231.375,2969.0,0.0,-8.171875,0.10021973,105.27209,8016.8643,8197.823,1100.0834,520.58936,9.240925,8.541496,0.0,2.4643621,3.0,24.545288,29.707394,32.999958,33.374958,0.768,0.0,-19.335938,0.0,0.0,0.0,0.0,0.0,0.0,1.6992188,1.4453125,1.796875,1.9140625,0.7100023,0.6111238,0.7102312,0.6901656,0.30022126,0.40047303,0.3059434,0.41222247,0.94460976,0.60822463,0.78538185,0.7593652,0.39040208,0.3916228,0.32463568,0.44495308,0.94628906,0.9033203,55.27954,2.464362,37.063152,41.470963,0.0,110.00001,7.2265625,1.0,102.030014,80.61242,486.375,544.125,3.1306874E-7,14.0625,0.0,20.46875,7.936031,68.999954,19.824219,0.0,65.27,0.0,0.0,-67.27295,99.998474,32.725525,3.6669922,65.11,65.21,65.15,65.0,0
568110.06,-0.21203734,-0.19123328,0.11772291,0.1307294,101.1679,15.037586,14.073502,-8.52446,0.0,0.0,52.359,0.0,4.721,18.281,30.6,0.0,93.98497,0.0,0.0,471.75,230.625,2969.0,0.0,-9.4375,0.09729004,105.21404,7523.8696,7831.6597,1100.0834,520.32404,12.928816,8.732249,0.0,2.4281785,3.0,25.897217,29.744173,32.624958,32.624958,0.792,0.0,-24.328125,0.0,0.0,0.0,0.0,0.0,0.0,1.71875,1.4453125,1.8164062,1.9335938,0.715877,0.6116579,0.7206836,0.69314104,0.302739,0.40054932,0.30975816,0.41390097,0.84664685,0.6242466,0.8813611,0.62806135,0.34996566,0.40192264,0.36430916,0.38635844,0.92578125,0.9033203,55.325317,2.4281783,42.409725,45.17454,0.0,110.00001,7.2265625,1.0,102.21243,80.61242,486.0,545.625,2.50455E-7,17.0625,0.0,20.71875,7.936031,68.999954,19.659424,0.0,65.09,0.0,0.0,-67.75513,99.998474,32.243347,3.6669922,65.14,65.06,64.98,64.73,0
568110.1,-0.18962987,-0.15149331,0.11498941,0.13098374,101.16788,15.037586,14.07606,-8.407431,0.0,0.0,52.359,0.0,4.721,18.281,30.6,0.0,93.98497,0.0,0.0,470.625,231.0,2976.0,0.0,-8.96875,0.09631348,105.21404,7547.75,7538.7285,1100.0834,520.32404,9.686015,8.626276,0.0,2.40285,3.0,23.626709,29.777273,32.999958,32.999958,0.824,0.0,-25.640625,0.0,0.0,0.0,0.0,0.0,0.0,1.71875,1.4453125,1.8164062,1.9140625,0.72167546,0.6108186,0.71992064,0.6898604,0.30525672,0.3997101,0.3088426,0.41252765,0.85099566,0.5953307,0.7054246,0.8097963,0.35172045,0.38330662,0.2915999,0.49813077,0.9375,0.90234375,55.2948,2.4028497,43.216373,46.589622,0.0,110.00001,7.2265625,1.0,102.21243,80.61242,485.625,544.875,2.00364E-7,15.625,0.0,20.6875,7.469206,68.999954,19.470215,0.0,65.08,0.0,0.0,-67.666626,99.998474,32.33185,3.6669922,65.11,65.15,64.73,64.88,0
568110.1,-0.17170389,-0.13559733,0.11828922,0.13085657,101.167854,15.037586,14.071992,-8.210833,0.0,0.0,52.359,0.0,4.721,18.281,30.6,0.0,93.98497,0.0,0.0,470.625,231.0,2980.0,0.0,-8.734375,0.09503174,105.18917,7350.8706,7319.0303,1100.0834,520.58936,9.940352,9.092561,0.0,2.3851202,3.0,23.432922,29.807064,32.999958,32.999958,0.832,0.0,-26.21875,0.0,0.0,0.0,0.0,0.0,0.0,1.7382812,1.4648438,1.8164062,1.9335938,0.7283894,0.61486226,0.71992064,0.69504845,0.30815595,0.4024567,0.3088426,0.41687647,0.8771649,0.7045853,0.8532082,0.8097963,0.36255437,0.4536507,0.352636,0.49813077,0.95214844,0.9013672,55.340576,2.38512,44.57148,47.246918,0.0,110.00001,7.2265625,1.0,102.21243,80.61242,485.625,544.875,1.6029121E-7,17.0,0.0,20.75,7.469206,68.999954,19.586182,0.0,65.15,0.0,0.0,-67.666626,99.998474,32.33185,3.6669922,65.09,65.11,65.06,64.82,0
568110.2,-0.13736312,-0.14798893,0.12196502,0.13085657,101.16783,15.037586,14.075004,-8.096298,0.0,0.0,52.359,0.0,4.721,18.281,30.6,0.0,93.98497,0.0,0.0,470.625,230.625,2978.0,0.0,-9.1328125,0.09436035,105.18917,6960.8267,7026.099,1100.0834,520.58936,11.12726,9.134951,0.0,2.372709,3.0,23.693848,29.833876,32.624958,32.624958,0.852,0.0,-26.421875,0.0,0.0,0.0,0.0,0.0,0.0,1.7578125,1.4648438,1.8164062,1.953125,0.73296714,0.6145571,0.7256428,0.70099944,0.30998704,0.40192264,0.31105515,0.42046234,0.83436334,0.60921645,0.749218,0.8326848,0.3448539,0.39230946,0.30968186,0.48790723,0.96875,0.9013672,55.381775,2.3727088,45.36093,47.596935,0.0,110.00001,7.2265625,1.0,102.49436,80.61242,486.0,545.25,1.2823297E-7,18.375,0.0,20.90625,7.469206,68.999954,19.665527,0.0,65.16,0.0,0.0,-68.53027,99.998474,31.4682,3.6669922,65.19,65.09,64.98,64.73,0
568110.25,-0.1098905,-0.13419558,0.12267241,0.13060223,101.167816,15.037586,14.077112,-8.161813,0.0,0.0,52.359,0.0,4.721,18.281,30.6,0.0,93.98497,0.0,0.0,470.25,230.25,2969.0,0.0,-9.09375,0.09307861,105.1643,6747.4966,6659.9355,1100.0834,520.0587,9.558846,9.262119,0.0,2.3640213,3.0,22.389221,29.858006,32.624958,32.249958,0.904,0.0,-25.484375,0.0,0.0,0.0,0.0,0.0,0.0,1.7578125,1.4648438,1.8359375,1.953125,0.74166477,0.6174563,0.7315938,0.70618755,0.3138781,0.40375373,0.31280994,0.42351416,0.93514913,0.6811627,0.84130615,0.92896926,0.38651103,0.4385443,0.3477531,0.57145035,0.9707031,0.9003906,55.436707,2.3640213,44.90933,46.62417,0.0,110.00001,7.2265625,1.0,102.52753,80.61242,486.375,545.25,1.0258638E-7,19.28125,0.0,21.09375,7.469206,68.999954,19.854736,0.0,65.09,0.0,0.0,-68.463135,99.998474,31.53534,3.6669922,65.0,65.14,64.88,64.82,0
568110.25,-0.0879124,-0.109928235,0.12144042,0.13323039,101.1678,15.037586,14.078588,-8.2345705,0.0,0.0,52.359,0.0,4.721,18.281,30.6,0.0,93.98497,0.0,0.0,468.75,230.625,2972.0,0.0,-9.0234375,0.09240723,105.1643,6447.1357,6367.0044,1100.0834,520.0587,9.601235,9.240925,0.0,2.3579397,3.0,22.036743,29.879723,32.624958,32.624958,0.96,0.0,-25.351562,0.0,0.0,0.0,0.0,0.0,0.0,1.7773438,1.4648438,1.8554688,1.9921875,0.7517357,0.6195926,0.74059665,0.7157244,0.3184558,0.40505072,0.316701,0.43099108,0.97611964,0.6666667,0.9418631,0.74837875,0.40344855,0.4292363,0.38933393,0.4603647,0.96484375,0.89941406,55.41382,2.3579397,44.407803,46.92729,0.0,110.00001,7.421875,1.0,102.52753,80.61242,486.0,545.25,8.20691E-8,18.875,0.0,22.09375,7.469206,68.999954,19.732666,0.0,65.13,0.0,0.0,-68.36243,99.998474,31.636047,3.6669922,65.04,65.06,65.0,64.77,0
568110.3,-0.07032993,-0.1002213,0.12401459,0.13835952,101.167786,15.037586,14.07962,-8.152545,0.0,0.0,52.359,0.0,4.721,18.281,30.6,0.0,93.98497,0.0,0.0,468.375,230.625,2974.0,0.0,-8.96875,0.09277344,105.18917,6197.72,6484.283,1100.0834,520.0587,12.674479,9.66482,0.0,2.3536828,3.0,23.614502,29.89927,32.624958,32.624958,0.976,0.0,-25.34375,0.0,0.0,0.0,0.0,0.0,0.0,1.8164062,1.484375,1.8554688,1.9921875,0.76195925,0.6265354,0.74059665,0.71709776,0.32303348,0.41000992,0.316701,0.43251696,0.9892424,0.7814145,0.8637369,0.74837875,0.40886548,0.50316626,0.35698482,0.4603647,0.9628906,0.89941406,55.438232,2.3536828,44.97318,48.022808,0.0,110.00001,7.8125,1.0,102.52753,80.61242,486.0,544.875,6.565528E-8,19.90625,0.0,24.28125,7.936031,68.999954,20.263672,0.0,65.07,0.0,0.0,-68.36243,99.998474,31.636047,3.6669922,65.14,65.06,64.81,64.75,0
568110.4,-0.07626394,-0.11508852,0.12898986,0.15226331,101.16777,15.037586,14.062765,-7.928453,0.0,0.0,52.359,0.0,4.721,18.281,30.6,0.0,93.98497,0.0,0.0,468.0,230.25,2979.0,0.0,-8.4140625,0.09509277,105.28867,6012.5156,6699.736,1100.0834,520.32404,19.478003,10.1523,0.0,2.3507028,3.0,27.485657,29.91686,32.249958,32.249958,1.0,0.0,-25.65625,0.0,0.0,0.0,0.0,0.0,0.0,1.8164062,1.5039062,1.875,1.9921875,0.76638436,0.62699324,0.745861,0.71869993,0.32478827,0.4100862,0.31876096,0.43411916,0.8657206,0.6379797,0.85687035,0.7537957,0.35782406,0.41077286,0.3541619,0.46372166,0.9638672,0.89941406,55.508423,2.3507028,46.517807,51.498703,0.0,110.00001,9.375,1.0,102.52753,80.61242,486.0,544.5,5.2524225E-8,21.96875,0.0,33.28125,8.402857,68.999954,21.014404,0.0,65.14,0.0,0.0,-68.36243,99.998474,31.636047,3.6669922,65.09,65.26,64.96,64.85,0
568110.4,-0.061011154,-0.12103541,0.1413873,0.1676931,101.167755,15.037586,14.062685,-7.3974147,0.0,0.0,52.359,0.0,4.721,18.281,30.6,0.0,93.98497,0.0,0.0,467.25,229.5,2978.0,0.0,-7.71875,0.097473145,105.388176,6258.7476,7168.85,1100.0834,520.32404,25.009842,11.318013,0.0,2.348617,3.0,31.062317,29.932693,31.49996,31.49996,1.068,0.0,-26.8125,0.014587402,0.0,0.0,0.0,0.0,0.0,1.8164062,1.5039062,1.875,2.0117188,0.7675288,0.6342412,0.7506676,0.7257191,0.32494086,0.4152743,0.32059205,0.4383154,0.792401,0.79537654,0.8315404,0.882887,0.3275349,0.51209277,0.34370947,0.5172808,0.96875,0.8984375,55.674744,2.348617,50.17818,55.814007,0.0,110.00001,10.3515625,1.0,102.22902,80.61242,486.375,543.75,4.201938E-8,27.3125,0.0,39.375,9.336507,68.999954,21.899414,0.0,65.23,4.375,0.0,-67.79175,94.696045,26.904297,3.6669922,65.11,65.0,64.9,64.88,0
568110.44,-0.048808925,-0.12341417,0.15689203,0.18252945,101.16775,15.037586,14.015755,-6.6622844,0.0,0.0,52.359,0.0,4.721,18.281,30.6,0.0,93.98497,0.0,0.0,466.125,228.375,2979.0,0.0,-7.15625,0.09954834,105.92714,6734.2295,7637.9644,1100.0834,520.32404,27.637995,12.462531,0.0,2.347157,3.0,33.084106,29.946941,29.999962,30.374962,1.156,0.0,-27.875,0.032165527,0.0,0.0,0.0,0.0,0.0,1.8164062,1.5234375,1.8945312,2.0117188,0.7681392,0.6365301,0.75417715,0.731136,0.32486457,0.41672388,0.32173648,0.4413672,0.78110933,0.6881819,0.9033341,0.8519112,0.3228809,0.443122,0.37338826,0.49912262,0.9707031,0.9013672,55.870056,2.347157,55.245346,60.72895,0.0,110.00001,11.035156,1.0,102.21243,80.61242,486.75,543.375,3.3615503E-8,34.0625,0.0,43.8125,10.270158,68.999954,22.973633,0.0,65.15,9.65625,0.0,-67.66968,88.39722,20.72754,3.5913086,65.11,65.11,64.81,64.88,0
568110.44,-0.03904714,-0.105615675,0.17220026,0.18498804,101.16774,15.037586,14.035638,-6.1279793,0.0,0.0,52.359,0.0,4.721,18.281,30.6,0.0,93.98497,0.0,0.0,464.25,226.5,2984.0,0.0,-6.6484375,0.10015869,106.57389,7184.77,8107.0786,1100.0834,520.58936,30.562874,13.755413,0.0,2.971135,3.0,35.45685,30.034954,28.124964,28.499964,1.272,0.0,-29.09375,0.03656006,0.0,0.0,0.0,0.0,0.0,1.8164062,1.5039062,1.8945312,2.0703125,0.7679866,0.63370717,0.76058596,0.74837875,0.32494086,0.41458762,0.3243305,0.4526589,0.7647059,0.5815976,0.7871367,1.1330587,0.32700083,0.3744564,0.336614,0.66384375,0.9628906,0.90625,56.103516,2.346135,58.928246,61.68569,0.0,110.00001,11.230469,1.0,102.21243,80.61242,487.125,542.625,0.62499994,40.96875,0.0,45.3125,10.270158,68.999954,23.364258,0.0,65.14,10.96875,0.0,-67.70325,86.846924,19.143677,2.3950195,65.09,65.15,64.82,64.92,0
568110.5,-0.031237712,-0.079746276,0.17565505,0.1843098,101.16773,15.037586,14.043696,-5.9149857,0.0,0.0,52.359,0.0,4.721,18.281,30.6,0.0,93.98497,0.0,0.0,462.0,225.75,2988.0,0.0,-6.296875,0.09942627,107.15431,7700.5835,8576.192,1100.0834,520.58936,31.580223,13.818997,0.0,3.2360444,3.0,36.79657,30.114166,27.749964,27.749964,1.4,0.0,-29.921875,0.03656006,0.0,0.0,0.0,0.0,0.0,1.8164062,1.5234375,1.8945312,2.0507812,0.7625696,0.64057374,0.7617304,0.7413596,0.32417792,0.41947052,0.32494086,0.44876784,0.6610208,0.79430836,1.1214619,0.6108949,0.30983445,0.5114824,0.47966737,0.3757534,0.9453125,0.9082031,56.30493,2.1110444,60.39638,62.29214,0.0,110.00001,11.230469,1.0,102.403145,80.61242,487.125,542.25,1.1249999,42.5,0.0,45.34375,9.803332,68.999954,23.35205,0.0,65.15,10.96875,0.0,-68.27698,86.8103,18.533325,1.6381836,65.24,65.14,64.96,64.9,0
568110.56,-0.02499017,-0.03189851,0.18087639,0.18447936,101.167725,15.037586,14.049337,-5.7754307,17.373713,7.2766285,52.359,0.0,4.721,18.281,30.6,0.0,93.98497,0.0,0.0,462.0,225.0,2985.0,0.0,-6.21875,0.09857178,107.278694,8176.066,8872.838,1100.0834,520.58936,31.74978,14.094529,0.0,3.3152308,3.0,37.431335,30.185455,26.999966,26.999966,1.368,0.0,-30.28125,0.037902832,0.0,0.0,0.0,0.0,0.0,1.8164062,1.5234375,1.9335938,2.0703125,0.76836807,0.6379034,0.7772183,0.74845505,0.33035782,0.41741055,0.33279926,0.4543374,0.89669645,0.5876249,0.73083085,0.9073014,0.4461738,0.37834746,0.31258106,0.55809873,0.9160156,0.9082031,56.336975,1.9464811,61.35831,62.152252,0.0,110.00001,11.230469,1.0,102.26218,80.61242,486.75,542.25,1.3687499,44.78125,0.0,45.5,10.270158,68.999954,23.431396,0.0,65.18,11.375,0.0,-67.840576,86.2854,18.444824,1.5283203,65.14,65.26,64.77,64.81,0
568110.56,-0.019992135,-0.012759404,0.18303822,0.18401305,101.16772,15.037586,14.065004,-5.7288737,17.494164,7.3148036,52.359,0.0,4.721,18.281,30.6,0.0,93.98497,0.0,0.0,462.75,225.0,2980.0,0.0,-6.8125,0.09838867,107.469406,8583.092,8969.951,1100.0834,520.58936,30.393316,13.946166,0.0,3.0825367,3.0,36.943054,30.249615,26.624966,26.999966,1.336,0.0,-30.601562,0.03717041,0.0,0.0,0.0,0.0,0.0,1.796875,1.5234375,1.9335938,2.0703125,0.7604334,0.6378271,0.7748531,0.7549401,0.3290608,0.41702908,0.33180743,0.45937285,0.61257344,0.63591975,0.83695734,0.8998245,0.30479896,0.40947586,0.35797665,0.55352104,0.8935547,0.9082031,56.297302,1.8312868,61.679214,61.892906,0.0,110.00001,11.230469,1.0,102.30364,80.61242,486.75,543.0,1.2512499,45.84375,0.0,45.5,10.270158,68.999954,23.474121,0.0,65.17,11.15625,0.0,-67.8772,86.535645,18.658447,1.3110352,65.19,65.24,65.06,64.96,0
568110.6,-0.015993709,0.03239624,0.18393059,0.18388589,101.16771,15.037586,14.075972,-5.7576475,65.67889,27.471415,52.359,0.0,4.721,18.281,30.6,0.0,93.98497,0.0,0.0,463.125,225.0,2981.0,0.0,-6.4296875,0.09814453,107.535736,9044.776,9060.696,1100.0834,520.58936,25.730463,13.9673605,0.0,2.7516508,3.0,34.547424,30.307362,26.624966,26.999966,1.312,0.0,-30.179688,0.03778076,0.0,0.0,0.0,0.0,0.0,1.796875,1.5234375,1.9335938,2.0703125,0.7566949,0.6366827,0.77752346,0.75638974,0.32967117,0.41596094,0.33310446,0.46066988,0.6865797,0.61562526,0.8383307,0.7893492,0.3416495,0.3963531,0.35851073,0.4855421,0.890625,0.90625,56.31256,1.7506508,61.480873,61.478065,0.0,110.00001,11.230469,1.0,102.27048,80.61242,486.75,542.625,1.0009999,46.25,0.0,45.5,10.270158,68.999954,23.327637,0.0,65.19,11.34375,0.0,-67.855835,86.30371,18.447876,1.1376953,65.3,65.19,64.9,64.9,0
568110.75,-0.012794967,0.0504585,0.18241566,0.18422504,101.1677,15.037586,14.077789,-5.815348,65.64005,27.50122,52.359,0.0,4.721,18.281,30.6,0.0,93.98497,0.0,0.0,463.875,225.0,2986.0,0.0,-6.34375,0.09680176,107.54403,9137.113,9117.479,1100.0834,520.58936,24.903868,14.052139,0.0,2.4950056,3.0,34.173584,30.359333,26.999966,26.999966,1.272,0.0,-30.015625,0.03967285,0.0,0.0,0.0,0.0,0.0,1.796875,1.5234375,1.9335938,2.0703125,0.7567712,0.6433204,0.7801175,0.755932,0.3321126,0.42069122,0.33440146,0.46059358,0.7582208,0.790341,0.9132525,0.7467002,0.3772793,0.50888836,0.39055467,0.45929655,0.8984375,0.90527344,56.344604,1.6942055,61.08314,61.439926,0.0,110.00001,11.230469,1.0,102.30364,80.61242,486.75,542.25,0.80079997,45.59375,0.0,45.5,10.270158,68.999954,23.339844,0.0,65.29,11.90625,0.0,-67.95044,85.54077,17.590332,0.91308594,65.19,65.21,64.88,65.09,0
568110.75,-0.010235974,0.0576834,0.18215552,0.18414022,101.167694,15.037586,14.0790615,-5.846842,65.65924,27.50926,52.359,0.0,4.721,18.281,30.6,0.0,93.98497,0.0,0.0,463.875,225.0,2986.0,0.0,-6.765625,0.09643555,107.49428,9133.929,9106.334,1100.0834,520.58936,24.840282,14.115724,0.0,2.2953339,3.0,34.150696,30.406105,26.999966,26.999966,1.26,0.0,-29.953125,0.04058838,0.0,0.0,0.0,0.0,0.0,1.796875,1.5234375,1.953125,2.109375,0.75616086,0.6423285,0.7858396,0.7701991,0.33409628,0.4196994,0.3372244,0.4711986,0.74517435,0.62355995,0.9688716,1.0875868,0.37079424,0.40146488,0.41435874,0.6690318,0.90625,0.9033203,56.352234,1.6546938,60.86605,61.255447,0.0,110.00001,11.230469,1.0,102.23731,80.61242,486.75,543.0,0.64063996,45.4375,0.0,45.5,10.270158,68.999954,23.144531,0.0,65.24,12.1875,0.0,-67.72461,85.18677,17.462158,0.7055664,65.21,65.21,65.0,64.92,0
568110.8,-0.0081887795,0.07932337,0.18087867,0.18392828,101.16769,15.037586,14.0682335,-5.8644633,76.50969,32.06601,52.359,0.0,4.721,18.281,30.6,0.0,93.98497,0.0,0.0,463.875,225.0,2987.0,0.0,-6.6328125,0.09613037,107.485985,9253.33,9223.612,1100.0834,520.58936,24.501167,14.327672,0.0,2.1395476,3.0,34.150696,30.52339,26.999966,26.999966,1.272,0.0,-29.984375,0.04156494,0.0,0.0,0.0,0.0,0.0,1.796875,1.5429688,1.9726562,2.109375,0.752575,0.64698255,0.793698,0.77088577,0.33447775,0.4229038,0.34111544,0.47180897,0.68505377,0.7502861,0.84565496,0.78644997,0.34088656,0.48310062,0.3616388,0.4837873,0.9082031,0.9013672,56.407166,1.6270356,60.74458,61.398594,0.0,110.00001,11.230469,1.0,102.21243,80.61242,486.75,542.625,0.51251197,45.03125,0.0,45.5,10.270158,68.999954,23.22998,0.0,65.22,12.46875,0.0,-67.68799,84.81445,17.126465,0.53466797,65.3,65.26,65.11,64.96,0
568110.8,-0.0065510236,0.08797935,0.18220049,0.18384352,101.16769,15.037586,14.078232,-5.8052545,76.57012,32.112823,52.359,0.0,4.721,18.281,30.6,0.0,93.98497,0.0,0.0,463.5,225.0,2989.0,0.0,-6.2109375,0.09509277,107.42794,9328.155,9288.3545,1100.0834,520.58936,24.522362,14.476035,0.0,2.1739345,3.0,34.309387,30.628946,26.999966,26.999966,1.28,0.0,-30.054688,0.043029785,0.0,0.0,0.0,0.0,0.0,1.7773438,1.5429688,1.9726562,2.109375,0.74776834,0.6479744,0.7959106,0.7708095,0.33417258,0.42336157,0.34218356,0.47188526,0.6586557,0.67017627,0.7779049,0.76997024,0.3277638,0.43152514,0.33264667,0.47364005,0.9121094,0.9003906,56.428528,1.607675,61.1527,61.48813,0.0,110.00001,11.230469,1.0,102.21243,80.61242,486.75,542.25,0.56625956,45.46875,0.0,45.53125,10.270158,68.999954,23.339844,0.0,65.27,12.90625,0.0,-67.70325,84.21631,16.513062,0.48339844,65.32,65.34,65.11,65.11,0
568110.9,-0.005240819,0.09144174,0.18263832,0.18655647,101.16769,15.037586,14.079371,-5.7386317,76.501785,32.0949,52.359,0.0,4.721,18.281,30.6,0.0,93.98497,0.0,0.0,463.875,225.0,2990.0,0.0,-6.2421875,0.09515381,107.50257,9338.769,9270.312,1100.0834,520.58936,24.946257,14.391256,0.0,2.20338,3.0,34.672546,30.723948,26.999966,26.999966,1.276,0.0,-30.359375,0.046142578,0.0,0.0,0.0,0.0,0.0,1.7578125,1.5429688,1.9726562,2.109375,0.74212253,0.64827955,0.79499507,0.77294576,0.33325705,0.42328528,0.3417258,0.47356373,0.636759,0.6543069,0.96627754,0.82001984,0.31685358,0.4213016,0.41321433,0.50438696,0.91308594,0.89941406,56.466675,1.5941224,61.611923,62.457104,0.0,110.00001,11.425781,1.0,102.170975,80.61242,486.75,542.25,0.60925764,45.5,0.0,46.625,10.270158,68.999954,23.516846,0.0,65.31,13.84375,0.0,-67.66968,83.07495,15.405273,0.53466797,65.34,65.32,64.98,65.06,0
568110.94,-0.0041926554,0.111576706,0.18666711,0.1863869,101.16852,15.037586,14.08017,-5.703987,85.57246,35.936348,52.359,0.0,4.721,18.281,30.6,0.0,93.98497,0.0,0.0,463.5,224.25,2993.0,0.0,-6.7578125,0.09490967,107.58549,9426.86,9452.332,1100.0834,520.58936,26.896177,14.560814,0.0,2.2282917,3.0,36.114502,30.809448,26.249966,26.249966,1.276,0.0,-30.03125,0.047180176,0.0,0.0,0.0,0.0,0.0,1.7578125,1.5429688,1.9921875,2.109375,0.741207,0.6544595,0.8052949,0.7693599,0.33463034,0.42771038,0.3467613,0.47142747,0.72434574,0.7916381,0.8706798,0.7401388,0.3604181,0.5097276,0.37232015,0.45525292,0.90527344,0.89941406,56.51245,1.5846356,61.851555,61.792797,0.0,110.00001,11.425781,1.0,102.170975,80.620705,486.75,543.0,0.6436561,47.40625,0.0,46.6875,10.270158,68.999954,23.54126,0.0,65.27,14.15625,0.0,-67.57202,82.684326,15.112305,0.5810547,65.3,65.37,64.88,65.19,0
568110.94,-0.0033541245,0.11963069,0.1861248,0.18676838,101.169266,15.037586,14.080728,-5.7025146,85.635445,36.010864,52.359,0.0,4.721,18.281,30.6,0.0,93.98497,0.0,0.0,463.125,224.25,2997.0,0.0,-6.328125,0.09429932,107.66011,9554.222,9627.454,1100.0834,520.58936,27.065735,14.751568,0.0,2.2491698,3.0,36.421204,30.886398,26.249966,26.249966,1.308,0.0,-30.164062,0.04840088,0.0,0.0,0.0,0.0,0.0,1.7773438,1.5625,1.9921875,2.109375,0.74502176,0.65743494,0.8052949,0.7679103,0.3398947,0.42961776,0.3467613,0.47058824,0.8297093,0.72304875,0.70962083,0.7401388,0.43793392,0.46555275,0.33257037,0.45525292,0.9042969,0.9003906,56.51245,1.577995,61.862453,62.00788,0.0,110.00001,11.425781,1.0,102.170975,80.620705,486.75,542.25,0.6711749,47.0625,0.0,46.71875,10.270158,68.999954,23.626709,0.0,65.35,14.53125,0.0,-67.55371,82.18994,14.63623,0.7714844,65.37,65.39,65.19,65.06,0
568111.0,-0.0026832996,0.12285228,0.18753031,0.20113847,101.169106,15.037586,14.0694,-5.658108,85.62381,36.03,52.359,0.0,4.721,18.281,30.6,0.0,93.98497,0.0,0.0,463.875,224.25,2999.0,0.0,-6.015625,0.09667969,107.75132,9721.383,9750.57,1100.0834,520.85474,24.903868,14.942321,0.0,2.2665365,3.0,35.229492,30.955654,26.249966,26.249966,1.296,0.0,-30.171875,0.064697266,0.0,0.0,0.0,0.0,0.0,1.7578125,1.5429688,1.9921875,2.1289062,0.7364004,0.6543832,0.800412,0.7746242,0.33806363,0.4273289,0.3460746,0.4755474,0.5752651,0.5972381,0.8327611,0.92454416,0.30365452,0.38452736,0.39032578,0.56878006,0.9033203,0.9003906,56.53534,1.5733465,62.16838,65.02228,0.0,110.00001,12.5,1.0,102.11293,80.61242,487.125,542.25,0.6931899,47.625,0.0,52.65625,10.736983,68.999954,23.87085,0.0,65.29,19.40625,0.0,-67.48352,76.40991,8.926392,0.7519531,65.45,65.57,65.14,65.06,0
568111.06,0.03785336,0.12414092,0.19794522,0.20075695,101.16896,15.037586,14.079048,-5.352782,85.53367,36.040073,52.359,0.0,4.721,18.281,30.6,0.0,93.98497,0.0,0.0,463.875,223.125,3003.0,0.0,-6.6875,0.09674072,107.81766,9686.89,10219.685,1100.0834,520.85474,32.724743,15.599359,0.0,2.2808945,3.0,40.281677,31.017984,25.124968,25.124968,1.284,0.0,-30.179688,0.0657959,0.0,0.0,0.0,0.0,0.0,1.7382812,1.5625,1.9921875,2.109375,0.73220414,0.66071564,0.8017853,0.7662318,0.3384451,0.43183032,0.34828717,0.47127488,0.65392536,0.80086976,0.8574044,0.60898757,0.34515908,0.51560235,0.40192264,0.39208058,0.9013672,0.9033203,56.652832,1.5700926,64.27282,64.87773,0.0,110.00001,12.5,1.0,101.847595,80.61242,487.125,542.625,0.71080196,51.96875,0.0,52.75,11.203809,68.999954,24.32251,0.0,65.44,19.75,0.0,-66.934204,76.01318,9.0789795,0.7128906,65.81,65.42,64.92,65.37,0
568111.06,0.07028269,0.12465637,0.19955227,0.20071456,101.16883,15.037586,14.079943,-5.2200627,85.62808,36.151943,52.359,0.0,4.721,18.281,30.6,0.0,93.98497,0.0,0.0,462.0,222.75,3009.0,0.0,-6.15625,0.09674072,108.21566,10107.182,10567.274,1100.0834,520.85474,35.37409,15.556969,0.0,2.2927065,3.0,42.80243,31.074081,24.749968,24.749968,1.356,0.0,-30.492188,0.0657959,0.0,0.0,0.0,0.0,0.0,1.7578125,1.5625,1.9921875,2.109375,0.7333486,0.66239417,0.80415046,0.7727932,0.3415732,0.43282217,0.3510338,0.4773785,0.75883114,0.7005417,0.8661784,0.9189746,0.40054932,0.4510567,0.40596628,0.59174484,0.90234375,0.90625,56.700134,1.5678148,65.18751,65.41611,0.0,110.00001,12.5,1.0,101.88905,80.61242,486.75,542.25,0.7248916,52.84375,0.0,52.8125,11.203809,68.999954,24.291992,0.0,65.48,19.75,0.0,-66.952515,76.01318,9.060669,0.63964844,65.19,65.7,65.19,65.19,0
568111.1,0.056226153,0.106112555,0.20120968,0.20037547,101.16872,15.037586,14.080569,-5.1338935,76.33249,32.24879,52.359,0.0,4.721,18.281,30.6,0.0,93.98497,0.0,0.0,462.375,222.75,3011.0,0.0,-5.46875,0.09680176,108.29028,10677.654,10623.525,1100.0834,520.85474,30.138979,15.599359,0.0,2.3023837,3.0,40.25879,31.124569,24.749968,24.749968,1.332,0.0,-30.445312,0.066101074,0.0,0.0,0.0,0.0,0.0,1.7382812,1.5625,1.9921875,2.109375,0.7287709,0.66163117,0.8068208,0.76958877,0.34241244,0.4319829,0.3538567,0.47631037,0.64370185,0.6472877,0.7659266,0.70923936,0.35835811,0.41672388,0.3590448,0.45662624,0.9003906,0.90722656,56.715393,1.5662204,65.78135,65.63582,0.0,110.00001,12.5,1.0,101.88905,80.61242,486.75,541.5,0.7361633,53.65625,0.0,52.78125,11.670634,68.999954,24.365234,0.0,65.53,19.84375,0.0,-66.970825,75.909424,8.938599,0.546875,65.55,65.47,64.88,64.96,0
568111.1,0.12498093,0.11744502,0.20416336,0.20046021,101.16861,15.037586,14.086867,-5.136917,85.51618,36.128696,52.359,0.0,4.721,18.281,30.6,0.0,93.98497,0.0,0.0,463.125,222.375,3011.0,0.0,-6.0546875,0.09588623,108.323456,10849.062,10720.108,1100.0834,520.85474,27.108124,15.684137,0.0,2.1540349,3.0,38.612366,31.170008,24.37497,24.37497,1.3,0.0,-30.0,0.06677246,0.0,0.0,0.0,0.0,0.0,1.7382812,1.5820312,1.9921875,2.0898438,0.72777903,0.6733043,0.8047608,0.76394296,0.3450828,0.44052798,0.3540856,0.47364005,0.70931566,0.9332418,0.81063557,0.6581216,0.3948272,0.6009003,0.37994966,0.42374304,0.8984375,0.90722656,56.713867,1.5651042,65.7604,65.00856,0.0,110.00001,12.5,1.0,101.88905,80.61242,486.75,542.25,0.58893067,55.21875,0.0,52.875,11.203809,68.999954,24.243164,0.0,65.54,20.03125,0.0,-66.989136,75.579834,8.590698,0.53222656,65.47,65.55,64.98,65.32,0
568111.2,0.19998473,0.14072801,0.20006229,0.20499592,101.16934,15.037586,14.073698,-5.296866,93.60916,39.534664,52.359,0.0,4.721,18.281,30.6,0.0,93.98497,0.0,0.0,462.75,222.75,3010.0,0.0,-6.03125,0.09631348,108.4727,10993.404,10632.017,1100.0834,520.85474,21.788235,15.556969,0.0,2.0354674,3.0,35.377502,31.210903,24.749968,24.749968,1.316,0.0,-29.796875,0.07196045,0.0,0.0,0.0,0.0,0.0,1.7382812,1.6015625,1.9921875,2.0898438,0.72945756,0.67833984,0.8049897,0.76073855,0.34927902,0.44403753,0.35538262,0.47249562,0.767071,0.7911803,0.7112993,0.7003128,0.42702374,0.5094224,0.33340964,0.4509041,0.90234375,0.90722656,56.704712,1.564323,64.65862,65.70767,0.0,110.00001,12.792969,1.0,101.922226,80.620705,486.75,542.25,0.47114453,53.28125,0.0,54.40625,11.203809,68.999954,24.285889,0.0,65.59,21.59375,0.0,-67.08984,73.724365,6.6345215,0.60546875,65.42,65.45,65.78,65.06,0
568111.25,0.2199878,0.1687912,0.20287628,0.20444486,101.170006,15.037586,14.076198,-5.176909,101.03762,42.629456,52.359,0.0,4.721,18.281,30.6,0.0,93.98497,0.0,0.0,463.875,222.375,3007.0,0.0,-5.46875,0.09588623,108.31516,10948.297,10907.966,1100.0834,520.85474,26.048386,15.95967,0.0,2.0969417,3.0,38.56659,31.247707,24.37497,24.37497,1.268,0.0,-29.804688,0.072509766,0.0,0.0,0.0,0.0,0.0,1.7382812,1.6015625,1.9921875,2.109375,0.7237354,0.6846723,0.8002594,0.77302206,0.34897384,0.44846267,0.35423818,0.48271915,0.6167697,0.82574195,0.709926,1.0466163,0.343328,0.5317006,0.33279926,0.67391473,0.91308594,0.90722656,56.76117,1.563776,65.48614,65.83473,0.0,110.00001,12.792969,1.0,101.81443,80.620705,486.75,541.5,0.53316563,54.34375,0.0,54.40625,11.670634,68.999954,24.377441,0.0,65.44,21.75,0.0,-66.81824,73.480225,6.6619873,0.6347656,65.57,65.51,65.34,65.37,0
568111.25,0.19599023,0.21751648,0.20405619,0.20711538,101.1706,15.037586,14.072088,-5.127416,113.95419,48.063183,52.359,0.0,4.721,18.281,30.6,0.0,93.98497,0.0,0.0,463.125,222.375,3006.0,0.0,-5.9140625,0.095947266,108.42295,10917.519,10998.181,1100.0834,520.85474,28.422201,16.086838,0.0,2.1461759,3.0,40.213013,31.280832,24.37497,24.37497,1.304,0.0,-29.914062,0.075927734,0.0,0.0,0.0,0.0,0.0,1.7382812,1.6015625,1.9726562,2.1289062,0.72938126,0.6798657,0.7956817,0.77759975,0.35538262,0.44502938,0.35317007,0.48691538,0.85427636,0.59052414,0.6578164,0.87907225,0.4755474,0.38025483,0.30830854,0.5660334,0.9199219,0.9082031,56.8161,1.5633932,65.82788,66.463066,0.0,110.00001,12.988281,1.0,101.88905,80.620705,486.75,541.875,0.5827825,55.4375,0.0,55.53125,11.670634,68.999954,24.475098,0.0,65.48,22.78125,0.0,-66.99524,72.23511,5.239868,0.6713867,65.57,65.76,65.32,65.57,0
568111.3,0.23679219,0.2370066,0.2074963,0.22652978,101.1703,15.037586,14.063353,-5.0210257,113.89556,48.054432,52.359,0.0,4.721,18.281,30.6,0.0,93.98497,0.0,0.0,462.75,222.375,3007.0,0.0,-5.8984375,0.09838867,108.5805,10962.625,11105.376,1100.0834,520.85474,27.616798,16.574318,0.0,2.1856012,3.0,39.634705,31.310644,23.99997,24.37497,1.32,0.0,-30.226562,0.097717285,0.0,0.0,0.0,0.0,0.0,1.7382812,1.6015625,1.953125,2.1484375,0.725948,0.6810864,0.78866255,0.78416115,0.35606927,0.44563973,0.35088122,0.49263752,0.66186005,0.7089341,0.9084459,0.9310292,0.3684291,0.45647365,0.425803,0.59945065,0.9169922,0.90722656,56.799316,1.5631253,66.56092,70.63408,0.0,110.00001,14.453125,1.0,101.78956,80.61242,486.75,541.875,0.622476,55.6875,0.0,63.625,12.13746,68.999954,25.256348,0.0,65.67,29.3125,0.0,-66.744995,64.59961,0.0,0.6591797,65.53,65.69,65.21,65.47,0
568111.4,0.24943376,0.22605264,0.22171912,0.22809821,101.17004,15.037586,14.068956,-4.5236483,107.67358,45.474598,52.359,0.0,4.721,18.281,30.6,0.0,93.98497,0.0,0.0,462.75,221.25,3010.0,0.0,-5.8671875,0.09820557,108.713165,11061.861,11579.797,1100.0834,520.85474,34.420322,17.846004,0.0,2.2171683,3.0,44.380188,31.337475,22.874971,23.24997,1.352,0.0,-30.257812,0.1015625,0.0,0.0,0.0,0.0,0.0,1.7382812,1.6015625,1.9726562,2.1484375,0.72854203,0.6822309,0.7937743,0.7828641,0.3601892,0.4460975,0.35469598,0.49240863,0.7858396,0.7069505,0.6051728,0.7579156,0.43747616,0.45517662,0.2836652,0.48798352,0.9091797,0.9121094,56.94275,1.5629376,69.98902,71.36384,0.0,110.00001,14.550781,1.0,101.46617,80.61242,487.125,541.875,0.6542308,61.8125,0.0,64.34375,13.07111,68.999954,26.031494,0.0,65.56,30.46875,0.0,-66.00037,63.183594,0.0,0.64453125,65.69,65.76,65.26,65.42,0
568111.4,0.219547,0.22167107,0.22863872,0.2286493,101.1698,15.037586,14.067019,-4.283494,107.66839,45.623478,52.359,0.0,4.721,18.281,30.6,0.0,93.98497,0.0,0.0,461.25,220.5,3020.0,0.0,-5.5234375,0.099365234,109.29359,11604.738,12059.524,1100.0834,520.85474,35.64962,17.99437,0.0,2.242441,3.0,46.17462,31.361622,22.499971,22.499971,1.444,0.0,-30.539062,0.1026001,0.0,0.0,0.0,0.0,0.0,1.7382812,1.6015625,1.953125,2.1484375,0.7288472,0.68543524,0.78416115,0.7892729,0.36270696,0.44815746,0.3511101,0.4979019,0.73548484,0.7567712,0.67277026,0.93156326,0.40947586,0.48729685,0.31532767,0.5998322,0.90234375,0.91796875,56.973267,1.5628064,71.64414,71.667854,0.0,110.00001,14.550781,1.0,101.43301,80.61242,487.5,541.5,0.67963463,65.96875,0.0,64.46875,13.07111,68.999954,25.720215,0.0,65.78,30.78125,0.0,-65.91797,62.96997,0.0,0.68603516,65.6,65.7,65.47,65.37,0
568111.44,0.1756376,0.21991843,0.22971182,0.22826776,101.169586,15.037586,14.077382,-4.2201223,107.60423,45.62649,52.359,0.0,4.721,18.281,30.6,0.0,93.98497,0.0,0.0,461.625,220.125,3022.0,0.0,-4.75,0.09863281,109.55892,12306.287,12489.369,1100.0834,520.85474,33.82687,18.185122,0.0,2.1064222,3.0,46.321106,31.383354,22.124971,22.124971,1.448,0.0,-30.65625,0.1027832,0.0,0.0,0.0,0.0,0.0,1.7382812,1.6015625,1.9335938,2.1679688,0.7232776,0.68513006,0.7785153,0.7923247,0.3617914,0.44861525,0.34927902,0.5007248,0.6198215,0.67933166,0.66506445,0.85999846,0.3450065,0.45754176,0.31174183,0.5537499,0.8955078,0.9189453,56.983948,1.5627145,72.08074,71.75336,0.0,110.00001,14.550781,1.0,101.524216,80.61242,487.875,540.75,0.5437077,66.46875,0.0,64.4375,13.07111,68.999954,25.817871,0.0,65.68,30.84375,0.0,-66.16211,62.799072,0.0,0.5883789,65.69,65.78,65.26,65.47,0
568111.44,0.14051008,0.25671738,0.2306076,0.23131981,101.169395,15.037586,14.084636,-4.1832576,119.68474,50.715294,52.359,0.0,4.721,18.281,30.6,0.0,93.98497,0.0,0.0,462.0,220.125,3020.0,0.0,-5.4609375,0.09906006,109.64184,12759.481,12547.743,1100.0834,520.85474,27.97711,18.057953,0.0,1.9976163,3.0,43.30139,31.402914,22.124971,22.124971,1.416,0.0,-30.929688,0.10601807,0.0,0.0,0.0,0.0,0.0,1.71875,1.6210938,1.9335938,2.1679688,0.7181659,0.6868086,0.7727169,0.79201955,0.36102846,0.45059893,0.34737164,0.50102997,0.62302583,0.7236591,0.64614326,0.78644997,0.34683758,0.48737317,0.3028153,0.50637066,0.890625,0.9199219,56.977844,1.5626501,72.334656,72.494316,0.0,110.00001,14.746094,1.0,101.65688,80.61242,487.875,541.5,0.43496618,66.46875,0.0,65.53125,13.07111,68.999954,26.086426,0.0,65.74,31.8125,0.0,-66.552734,61.694336,0.0,0.5786133,65.81,65.84,65.24,65.55,0
568111.5,0.13240807,0.29018694,0.23080085,0.23123504,101.16922,15.037586,14.077995,-4.16275,125.29736,53.04085,52.359,0.0,4.721,18.281,30.6,0.0,93.98497,0.0,0.0,463.125,220.125,3017.0,0.0,-5.40625,0.09802246,109.63355,12910.723,12545.09,1100.0834,520.85474,25.115816,18.057953,0.0,1.754328,3.0,41.93878,31.495707,22.124971,22.124971,1.376,0.0,-31.109375,0.10656738,0.0,0.0,0.0,0.0,0.0,1.71875,1.6210938,1.9140625,2.1875,0.71526664,0.6878004,0.76630807,0.80209047,0.36140993,0.45197222,0.3450828,0.50911725,0.6612497,0.7102312,0.80285347,1.0257877,0.3681239,0.47829404,0.3762875,0.66048676,0.8886719,0.9199219,56.980896,1.562605,72.47584,72.589455,0.0,110.00001,14.746094,1.0,101.65688,80.61242,488.25,541.5,0.19172297,66.625,0.0,65.59375,13.07111,68.999954,26.086426,0.0,65.77,31.96875,0.0,-66.45203,61.340332,0.0,0.5761719,65.74,65.6,65.62,65.37,0
568111.56,0.105926454,0.32232478,0.23136637,0.23157415,101.16906,15.037586,14.0792055,-4.1452065,130.61967,55.257236,52.359,0.0,4.721,18.281,30.6,0.0,93.98497,0.0,0.0,462.75,220.125,3015.0,0.0,-5.375,0.09802246,109.62526,12811.487,12555.703,1100.0834,520.85474,24.840282,18.036758,0.0,1.5597019,3.0,41.836548,31.57922,22.124971,22.124971,1.372,0.0,-30.804688,0.107299805,0.0,0.0,0.0,0.0,0.0,1.6992188,1.6210938,1.9140625,2.1679688,0.7116045,0.6890974,0.7679103,0.79667354,0.36125734,0.45357442,0.346685,0.5059892,0.64347297,0.7180896,0.6641489,0.6956588,0.35820553,0.48355842,0.31128404,0.44792858,0.8925781,0.9199219,56.97937,1.5625736,72.5966,72.610664,0.0,110.00001,14.746094,1.0,101.75639,80.61242,487.875,541.5,-0.0028716028,66.84375,0.0,65.625,13.07111,68.999954,26.263428,0.0,65.79,32.1875,0.0,-66.68396,61.07788,0.0,0.6225586,65.76,65.94,65.53,65.47,0
568111.56,0.08474117,0.33517992,0.23217104,0.23123504,101.16892,15.037586,14.068335,-4.1532035,130.62146,55.312973,52.359,0.0,4.721,18.281,30.6,0.0,93.98497,0.0,0.0,462.75,220.125,3018.0,0.0,-5.2578125,0.097717285,109.64184,12734.009,12523.862,1100.0834,520.85474,24.395193,17.973173,0.0,1.4040042,3.0,41.60919,31.65438,22.124971,22.124971,1.372,0.0,-30.226562,0.10760498,0.0,0.0,0.0,0.0,0.0,1.6992188,1.6210938,1.8945312,2.1875,0.7032883,0.69398034,0.7626459,0.7985809,0.35835811,0.45799953,0.3448539,0.50782025,0.5476463,0.80209047,0.7058824,0.84122986,0.30487525,0.54016936,0.33081558,0.541619,0.8964844,0.92089844,56.983948,1.5625515,72.54134,72.39331,0.0,110.00001,14.746094,1.0,101.70664,80.61242,487.875,541.5,-0.15854727,67.65625,0.0,65.59375,13.07111,68.999954,26.14746,0.0,65.88,32.28125,0.0,-66.500854,60.91919,0.0,0.60546875,65.87,65.89,65.51,65.76,0
568111.6,0.06779294,0.340322,0.23247175,0.23093833,101.16879,15.037586,14.066584,-4.20941,130.65312,55.36305,52.359,0.0,4.721,18.281,30.6,0.0,93.98497,0.0,0.0,462.75,219.75,3020.0,0.0,-5.4765625,0.09741211,109.67501,12579.583,12548.805,1100.0834,520.85474,26.15436,17.99437,0.0,1.2794483,3.0,42.608643,31.722025,22.124971,21.749971,1.372,0.0,-29.78125,0.10821533,0.0,0.0,0.0,0.0,0.0,1.6796875,1.6210938,1.8945312,2.1875,0.6973373,0.6915389,0.7597467,0.8020142,0.35675594,0.45685512,0.34416723,0.5107958,0.5861753,0.6456855,0.5832761,0.87907225,0.32631418,0.43480584,0.27336538,0.5660334,0.90234375,0.921875,56.985474,1.562536,72.153786,71.843285,0.0,110.00001,14.746094,1.0,101.78956,80.61242,487.875,541.5,-0.2830878,68.21875,0.0,65.59375,13.07111,68.999954,26.25122,0.0,65.91,32.46875,0.0,-66.78467,60.650635,0.0,0.6225586,65.97,65.92,65.6,65.69,0
568111.7,0.07423435,0.3611288,0.23124713,0.2313198,101.16868,15.037586,14.071218,-4.289183,135.62666,57.5086,52.359,0.0,4.721,18.281,30.6,0.0,93.98497,0.0,0.0,462.75,220.125,3022.0,0.0,-5.5,0.09741211,109.708176,12674.573,12485.124,1100.0834,520.85474,22.720804,17.761227,0.0,1.1798049,3.0,40.509033,31.782906,22.124971,22.124971,1.384,0.0,-29.875,0.108947754,0.0,0.0,0.0,0.0,0.0,1.6796875,1.6210938,1.875,2.2070312,0.69520104,0.6901656,0.75082016,0.8067445,0.3571374,0.45639735,0.34058136,0.5146868,0.6557565,0.6645304,0.79468983,0.912871,0.3649958,0.4475471,0.37247273,0.5877775,0.9082031,0.9199219,56.970215,1.5625252,71.603806,71.604065,0.0,110.00001,14.746094,1.0,101.88905,80.61242,487.875,541.5,-0.38272023,67.0625,0.0,65.59375,13.07111,68.999954,26.31836,0.0,65.96,32.6875,0.0,-67.08069,60.38208,0.0,0.6542969,65.92,66.05,65.51,65.57,0
568111.7,0.059387483,0.36945152,0.22953932,0.23140462,101.16858,15.037586,14.074462,-4.295911,135.71986,57.605247,52.359,0.0,4.721,18.281,30.6,0.0,93.98497,0.0,0.0,463.5,220.125,3025.0,0.0,-5.2109375,0.09698486,109.60867,12528.108,12414.014,1100.0834,520.85474,23.865324,17.655252,0.0,1.1000915,3.0,41.156006,31.837698,22.499971,22.124971,1.36,0.0,-29.90625,0.109680176,0.0,0.0,0.0,0.0,0.0,1.6601562,1.6210938,1.875,2.2070312,0.69314104,0.6912337,0.74502176,0.81101704,0.35751888,0.45769435,0.33913177,0.5181964,0.65461206,0.7148089,0.6010529,1.1808957,0.36438546,0.48142213,0.28168154,0.7603571,0.90527344,0.9199219,56.977844,1.5625176,71.557335,71.933464,0.0,110.00001,14.746094,1.0,101.81443,80.61242,488.25,541.125,-0.4624262,66.65625,0.0,65.5,13.07111,68.999954,26.19629,0.0,66.12,32.90625,0.0,-66.8396,60.05249,0.0,0.625,65.97,66.02,65.81,65.74,0
568111.75,0.047509987,0.37278062,0.22951543,0.23140462,101.16849,15.037586,14.076733,-4.3007565,135.69478,57.61364,52.359,0.0,4.721,18.281,30.6,0.0,93.98497,0.0,0.0,462.75,220.125,3026.0,0.0,-5.3828125,0.09698486,109.61697,12398.094,12453.283,1100.0834,520.85474,24.988646,17.697641,0.0,1.0363214,3.0,41.65497,31.88701,22.499971,22.124971,1.372,0.0,-29.898438,0.11016846,0.0,0.0,0.0,0.0,0.0,1.6796875,1.6210938,1.875,2.2460938,0.69642174,0.69047076,0.74502176,0.8268864,0.36110476,0.45754176,0.33913177,0.5304799,0.76997024,0.6758221,0.84664685,1.1808957,0.4286259,0.45517662,0.39688715,0.7603571,0.9082031,0.9199219,56.970215,1.5625123,71.52384,71.92173,0.0,110.00001,14.746094,1.0,101.922226,80.61242,487.875,541.5,-0.52619094,66.6875,0.0,65.5,13.07111,68.999954,26.348877,0.0,66.01,33.0625,0.0,-67.07764,59.87549,0.0,0.6665039,66.13,66.08,65.7,65.76,0
568111.75,0.03800799,0.35536227,0.23073262,0.23136222,101.1684,15.037586,14.066604,-4.2590737,130.67584,55.57436,52.359,0.0,4.721,18.281,30.6,0.0,93.98497,0.0,0.0,462.75,220.125,3031.0,0.0,-5.21875,0.09661865,109.57551,12387.48,12514.842,1100.0834,520.85474,26.64184,17.930784,0.0,0.98530585,3.0,42.74597,31.931393,22.124971,22.124971,1.364,0.0,-30.171875,0.111450195,0.0,0.0,0.0,0.0,0.0,1.6796875,1.6210938,1.875,2.2265625,0.6971847,0.69489586,0.7493706,0.8223087,0.36293584,0.4614328,0.34203097,0.527657,0.7145037,0.79308766,0.8081178,0.7370108,0.3978027,0.5341421,0.37880522,0.4744793,0.91015625,0.9199219,56.97174,1.5625086,71.81107,71.981026,0.0,110.00001,14.746094,1.0,101.9471,80.61242,487.875,541.125,-0.57720274,66.28125,0.0,65.5,13.07111,68.999954,26.574707,0.0,66.15,33.4375,0.0,-67.108154,59.350586,0.0,0.59814453,66.13,66.32,65.78,66.05,0
568111.8,0.07040639,0.32964492,0.23109215,0.23136222,101.16833,15.037586,14.077091,-4.1864696,125.43327,53.41518,52.359,0.0,4.721,18.281,30.6,0.0,93.98497,2.0,0.0,462.75,220.125,3035.0,0.0,-5.046875,0.09667969,109.64184,12449.038,12494.1455,1100.0834,520.85474,25.031036,17.930784,0.0,0.9444938,3.0,41.723633,31.971336,22.124971,22.124971,1.392,0.0,-30.367188,0.11187744,0.0,0.0,0.0,0.0,0.0,1.6601562,1.6210938,1.875,2.2460938,0.6914626,0.69131,0.7524224,0.8280308,0.36102846,0.45937285,0.3445487,0.5320821,0.58480203,0.6240177,0.76394296,0.7727932,0.32555124,0.42023346,0.35805294,0.4975967,0.91015625,0.9199219,56.974792,1.562506,72.31145,72.35673,0.0,110.00001,14.746094,1.0,101.9471,80.61242,488.25,541.125,-0.6180122,66.46875,0.0,65.5,13.537935,68.999954,26.66626,0.0,66.26,33.5625,0.0,-67.126465,59.2041,0.0,0.6225586,66.27,66.29,65.87,65.92,0
568111.9,0.07632512,0.319358,0.23243684,0.23144701,101.16826,15.037586,14.078573,-4.144891,125.4785,53.48726,52.359,0.0,4.721,18.281,30.6,0.0,93.98497,2.0,0.0,462.75,220.125,3038.0,0.0,-5.21875,0.09667969,109.63355,12381.112,12579.583,1100.0834,520.85474,27.298878,18.036758,0.0,0.91184443,3.0,43.15338,32.007286,22.124971,22.124971,1.4,0.0,-30.460938,0.11260986,0.0,0.0,0.0,0.0,0.0,1.6601562,1.6210938,1.875,2.2460938,0.68406194,0.6880293,0.7524224,0.8252079,0.35812923,0.45746547,0.3445487,0.5303273,0.54573894,0.62623024,0.798352,0.792401,0.30380714,0.42175937,0.37422752,0.5101854,0.9091797,0.92089844,56.983948,1.5625042,72.59798,72.363914,0.0,110.00001,14.746094,1.0,101.98026,80.61242,488.25,541.125,-0.65065974,67.09375,0.0,65.5,13.537935,68.999954,26.80664,0.0,66.31,33.78125,0.0,-67.20886,58.94165,0.0,0.56640625,66.32,66.29,66.0,66.02,0
568111.9,0.0810601,0.31524318,0.23225653,0.23148936,101.16903,15.037586,14.067892,-4.1149993,125.42926,53.57186,52.359,0.0,4.721,18.281,30.6,0.0,93.98497,2.0,0.0,462.75,220.125,3044.0,0.0,-5.3515625,0.09643555,109.73305,12494.1455,12562.071,1100.0834,520.85474,25.370153,17.803616,0.0,0.8857251,3.0,41.98456,32.03964,22.124971,22.124971,1.392,0.0,-30.757812,0.1126709,0.0,0.0,0.0,0.0,0.0,1.6601562,1.6210938,1.8554688,2.2070312,0.6846723,0.6877241,0.75440603,0.8235294,0.35965514,0.45754176,0.3460746,0.5293355,0.6977951,0.6814679,0.70962083,0.69062334,0.3884947,0.45899138,0.33257037,0.4446479,0.9082031,0.92089844,56.987,1.5625029,72.80479,72.67629,0.0,110.00001,14.746094,1.0,101.95539,80.620705,488.25,541.5,-0.6767778,67.1875,0.0,65.5,13.537935,68.999954,26.66626,0.0,66.41,33.8125,0.0,-67.10205,58.880615,0.0,0.64941406,66.35,66.46,65.97,66.19,0
568111.94,0.084848076,0.31359726,0.23332964,0.23076877,101.16972,15.037586,14.077993,-4.1238785,125.369675,53.581596,52.359,0.0,4.721,18.281,30.6,0.0,93.98497,2.0,0.0,463.125,220.125,3046.0,0.0,-5.3828125,0.09643555,109.73305,12585.951,12602.402,1100.0834,520.85474,25.327763,17.8672,0.0,0.7085798,3.0,42.13257,32.068756,22.124971,22.124971,1.368,0.0,-30.625,0.11248779,0.0,0.0,0.0,0.0,0.0,1.640625,1.6015625,1.8554688,2.2070312,0.67795837,0.6813153,0.7521172,0.81681544,0.35706112,0.45349813,0.34538797,0.5250629,0.552987,0.5618372,0.7647059,0.8440528,0.30785078,0.37842375,0.35843444,0.54345006,0.90722656,0.921875,56.980896,1.562502,72.74428,72.2028,0.0,110.00001,14.746094,1.0,102.00514,80.620705,488.25,541.5,-0.85392225,67.9375,0.0,65.46875,13.537935,68.999954,26.751709,0.0,66.39,33.75,0.0,-67.196655,58.947754,0.0,0.7348633,66.46,66.46,65.87,66.05,0
568112.0,0.087878466,0.31293893,0.23216483,0.2313198,101.16952,15.037586,14.073345,-4.114169,125.4148,53.65367,52.359,0.0,4.721,18.281,30.6,0.0,93.98497,2.0,0.0,463.125,220.125,3049.0,0.0,-5.125,0.09649658,109.76622,12634.242,12555.703,1100.0834,520.85474,23.886518,17.740032,0.0,0.56686366,3.0,41.246033,32.094963,22.124971,22.124971,1.372,0.0,-30.914062,0.11340332,0.0,0.0,0.0,0.0,0.0,1.640625,1.6015625,1.8554688,2.2070312,0.676585,0.6824598,0.7526513,0.81795985,0.3573663,0.45471886,0.3460746,0.5259785,0.65140766,0.70878154,0.6655985,0.7955291,0.36263067,0.4773022,0.3119707,0.51224536,0.9111328,0.921875,56.977844,1.5625014,72.811,72.62789,0.0,110.00001,14.746094,1.0,102.079765,80.61242,488.25,541.125,-0.9956378,67.15625,0.0,65.46875,13.537935,68.999954,26.855469,0.0,66.48,34.03125,0.0,-67.370605,58.624268,0.0,0.7446289,66.48,66.51,66.0,66.2,0
568112.0,0.09030278,0.3126756,0.2324671,0.23115025,101.169334,15.037586,14.075951,-4.108521,125.48891,53.7382,52.359,0.0,4.721,18.281,30.6,0.0,93.98497,2.0,0.0,463.125,220.125,3052.0,0.0,-5.4453125,0.09643555,109.73305,12565.786,12588.074,1100.0834,520.85474,26.048386,17.634058,0.0,0.45349073,3.0,42.62085,32.11855,22.124971,22.124971,1.36,0.0,-30.976562,0.11352539,0.0,0.0,0.0,0.0,0.0,1.6210938,1.6015625,1.8554688,2.2070312,0.67032886,0.6845197,0.74822617,0.81681544,0.35484856,0.45654994,0.34431982,0.5252918,0.5539788,0.72968644,0.76638436,0.9395743,0.30838484,0.4914168,0.35919738,0.60494393,0.9140625,0.921875,56.983948,1.562501,72.84975,72.57239,0.0,110.00001,14.746094,1.0,102.0466,80.61242,488.25,541.5,-1.1090102,67.25,0.0,65.375,13.537935,68.999954,26.824951,0.0,66.51,34.0625,0.0,-67.30957,58.569336,0.0,0.7421875,66.47,66.51,66.29,66.19,0
568112.06,0.07224222,0.31257024,0.23370172,0.23106551,101.16917,15.037586,14.077775,-4.11227,125.438835,53.751957,52.359,0.0,4.721,18.281,30.6,0.0,93.98497,2.0,0.0,462.75,220.125,3054.0,0.0,-5.375,0.09643555,109.74963,12575.338,12576.93,1100.0834,520.85474,24.670725,17.846004,0.0,0.3627925,3.0,41.690063,32.13978,22.124971,22.124971,1.396,0.0,-30.53125,0.11383057,0.0,0.0,0.0,0.0,0.0,1.6210938,1.6015625,1.8554688,2.2070312,0.6735332,0.68421453,0.7489891,0.8220798,0.35790035,0.45654994,0.3450828,0.5293355,0.7457847,0.6778821,0.682002,0.87235826,0.415198,0.45654994,0.31967652,0.5616846,0.91503906,0.921875,56.97937,1.5625006,72.82374,72.23582,0.0,110.00001,14.746094,1.0,102.0466,80.61242,488.625,541.5,-1.1997081,67.25,0.0,65.375,13.537935,68.999954,26.824951,0.0,66.49,34.15625,0.0,-67.31262,58.459473,0.0,0.7495117,66.54,66.56,66.11,66.21,0
568112.1,0.09779377,0.3125281,0.23252141,0.23068395,101.169014,15.037586,14.084911,-4.1488147,125.56322,53.822876,52.359,0.0,4.721,18.281,30.6,0.0,93.98497,2.0,0.0,463.125,220.125,3055.0,0.0,-5.46875,0.096191406,109.79109,12606.117,12473.449,1100.0834,520.85474,23.907713,17.634058,0.0,0.29023385,3.0,41.23535,32.158882,22.124971,22.124971,1.368,0.0,-30.546875,0.11352539,0.0,0.0,0.0,0.0,0.0,1.6210938,1.6015625,1.8359375,2.2265625,0.6677348,0.68383306,0.7394522,0.82589453,0.3555352,0.45647365,0.34119174,0.53231096,0.7643244,0.6768902,0.6256962,0.86343175,0.42549783,0.45586327,0.2932784,0.55596244,0.91796875,0.921875,56.97632,1.5625004,72.571686,72.17051,0.0,110.00001,14.746094,1.0,102.11293,80.61242,488.25,541.5,-1.2722665,67.53125,0.0,65.375,13.537935,69.19996,26.99585,0.0,66.63,34.0625,0.0,-67.663574,58.52661,0.0,0.6738281,66.56,66.68,66.38,66.51,0
568112.1,0.11823502,0.31251127,0.23092477,0.23123504,101.16888,15.037586,14.084047,-4.191724,125.481186,53.787712,52.359,0.0,4.721,18.281,30.6,0.0,93.98497,2.0,0.0,462.75,220.125,3055.0,0.0,-5.171875,0.09613037,109.7828,12648.04,12489.369,1100.0834,520.85474,22.16974,17.50689,0.0,0.23218703,3.0,40.133667,32.176075,22.124971,22.124971,1.376,0.0,-30.570312,0.11413574,0.0,0.0,0.0,0.0,0.0,1.6210938,1.6210938,1.8164062,2.2265625,0.67185473,0.68589306,0.7350271,0.82589453,0.35912108,0.45830473,0.33936065,0.53231096,0.7643244,0.73105973,0.6518654,0.92774856,0.42549783,0.49233234,0.3055619,0.5973144,0.9160156,0.921875,56.974792,1.5625002,72.27578,72.33332,0.0,110.00001,14.746094,1.0,102.27048,80.61242,488.25,541.125,-1.3303132,66.65625,0.0,65.375,13.07111,69.37996,27.03247,0.0,66.63,34.25,0.0,-67.892456,58.294678,0.0,0.68359375,66.64,66.59,66.4,66.21,0
568112.2,0.13458802,0.33125454,0.22962743,0.23123504,101.168755,15.037586,14.077583,-4.196407,130.80272,56.05044,52.359,0.0,4.721,18.281,30.6,0.0,93.98497,2.0,0.0,462.75,220.125,3054.0,0.0,-5.3125,0.096069336,109.69988,12501.574,12420.912,1100.0834,520.85474,24.013687,17.400915,0.0,0.18574953,3.0,41.178894,32.19155,22.124971,22.124971,1.38,0.0,-30.640625,0.11407471,0.0,0.0,0.0,0.0,0.0,1.6210938,1.6210938,1.8164062,2.2265625,0.6662089,0.68863964,0.73205155,0.8302434,0.35675594,0.46066988,0.33821622,0.53559166,0.56046385,0.74982834,0.6757458,0.8504616,0.3119707,0.5049973,0.316701,0.5476463,0.9169922,0.92089844,56.974792,1.5625001,72.24338,72.54502,0.0,110.00001,14.746094,1.0,102.27876,80.61242,488.25,541.5,-1.3767506,65.9375,0.0,65.375,13.07111,69.54196,27.03247,0.0,66.65,34.21875,0.0,-67.840576,58.306885,0.0,0.6713867,66.7,66.72,66.44,66.32,0
568112.2,0.12767042,0.33875185,0.2298118,0.23123504,101.16865,15.037586,14.0789175,-4.19068,130.84329,56.122906,52.359,0.0,4.721,18.281,30.6,0.0,93.98497,2.0,0.0,463.125,220.125,3057.0,0.0,-5.359375,0.096069336,109.65013,12480.348,12407.6455,1100.0834,520.85474,23.886518,17.37972,0.0,0.14859962,3.0,41.041565,32.20548,22.124971,22.124971,1.364,0.0,-30.78125,0.11456299,0.0,0.0,0.0,0.0,0.0,1.6015625,1.6210938,1.8164062,2.2265625,0.66262305,0.69069964,0.7338064,0.83108264,0.35545892,0.46242467,0.33943695,0.536202,0.59487295,0.7359426,0.77302206,0.75432974,0.33119708,0.49568933,0.3623255,0.48569468,0.9169922,0.92089844,56.970215,1.5625001,72.282745,72.629906,0.0,110.00001,14.746094,1.0,102.27048,80.61242,488.25,541.5,-1.4139005,66.09375,0.0,65.375,13.07111,69.68777,27.01416,0.0,66.72,34.375,0.0,-67.819214,58.129883,0.0,0.68359375,66.72,66.8,66.44,66.56,0
568112.25,0.102136336,0.34175074,0.23003577,0.2367033,101.16855,15.037586,14.079851,-4.1863546,130.77376,56.12978,52.359,0.0,4.721,18.281,30.6,0.0,93.98497,2.0,0.0,463.125,220.125,3059.0,0.0,-5.40625,0.096069336,109.683304,12374.213,12505.289,1100.0834,520.85474,26.005997,17.676447,0.0,0.118879676,3.0,42.26837,32.218014,22.124971,22.124971,1.352,0.0,-31.125,0.12121582,0.0,0.0,0.0,0.0,0.0,1.6015625,1.6210938,1.8164062,2.2265625,0.6586557,0.6941329,0.73258567,0.8271916,0.353933,0.46524757,0.33905548,0.533608,0.58457315,0.76997024,0.7096971,0.8614481,0.32539865,0.5185779,0.33264667,0.55466545,0.921875,0.92089844,56.97174,1.5625001,72.31246,73.75228,0.0,110.00001,15.136719,1.0,102.27048,80.61242,488.25,541.5,-1.4436204,66.125,0.0,67.5,13.07111,69.81899,27.124023,0.0,66.75,36.375,0.0,-67.819214,55.69458,0.0,0.6640625,66.89,66.78,66.32,66.4,0
568112.3,0.08170907,0.3429503,0.23585269,0.24505405,101.16846,15.037586,14.074646,-4.0078716,130.73235,56.16703,52.359,0.0,4.721,18.281,30.6,0.0,93.98497,2.0,0.0,463.125,220.125,3062.0,0.0,-5.0078125,0.097839355,109.7828,12527.577,12746.745,1100.0834,520.85474,26.663034,18.206316,0.0,0.09510374,3.0,42.869568,32.154106,21.749971,22.124971,1.352,0.0,-30.609375,0.13110352,0.0,0.0,0.0,0.0,0.0,1.6015625,1.6210938,1.8164062,2.2265625,0.65712976,0.69031817,0.73403525,0.8286412,0.35370412,0.46280614,0.3400473,0.53467613,0.6285954,0.61852443,0.76646066,0.7626459,0.34988937,0.4165713,0.35927367,0.4910353,0.92089844,0.921875,56.99463,1.5625001,73.54263,75.50818,0.0,110.00001,15.8203125,1.0,102.079765,80.61242,488.25,541.125,-1.4673964,68.125,0.0,71.21875,14.004761,69.937096,27.593994,0.0,66.83,39.34375,0.0,-67.42554,52.41089,0.0,0.64697266,66.8,66.91,66.27,66.51,0
568112.3,0.08536726,0.32468015,0.25981903,0.3185152,101.16837,15.037586,14.076861,-3.3193882,125.55749,54.10229,52.359,0.0,4.721,18.281,30.6,0.0,93.98497,2.0,0.0,462.0,218.625,3071.0,0.0,-5.3046875,0.11071777,110.63685,12875.698,13354.8955,1100.0834,520.85474,33.16983,19.732342,0.0,0.076082945,3.0,47.63794,32.09659,20.624973,20.624973,1.46,0.0,-30.320312,0.2140503,0.0,0.0,0.0,0.0,0.0,1.6015625,1.6210938,1.8164062,2.2265625,0.65629053,0.69131,0.7288472,0.83237964,0.3538567,0.46372166,0.33783475,0.53780425,0.70916307,0.7132067,0.63149464,0.9906157,0.3947509,0.480354,0.29602504,0.6378271,0.9189453,0.93066406,57.040405,1.5625001,78.28819,87.81928,0.0,110.00001,32.617188,1.0,101.65688,88.05012,489.0,541.5,-1.4864172,75.375,0.0,175.0625,16.338888,70.04339,30.206299,0.0,66.97,64.21875,0.0,-61.416626,42.77954,0.0,0.64453125,66.86,66.97,66.64,66.56,0
568112.4,0.06829381,0.31737208,0.3197549,0.4324159,101.168304,15.037586,14.054975,-1.9057417,125.49031,54.249424,52.359,0.0,4.721,18.281,30.6,0.0,93.98497,2.0,0.0,462.0,217.5,3081.0,0.0,-4.875,0.12872314,111.880615,13305.012,13722.651,1100.0834,520.85474,37.81149,24.16205,0.0,0.060866356,3.0,50.794983,32.12001,18.374977,19.499975,1.46,0.0,-30.429688,0.31323242,0.0,0.0,0.0,0.0,0.0,1.6015625,1.640625,1.9726562,2.2265625,0.6585794,0.69649804,0.72442204,0.83237964,0.35591668,0.46791792,0.33821622,0.53780425,0.70916307,0.8117037,0.69375145,0.76394296,0.3947509,0.54665446,0.34523538,0.49187458,0.9169922,0.9394531,57.096863,1.5625001,88.032234,104.685135,0.0,110.00001,64.25781,1.0,100.164375,104.923836,489.0,540.75,-1.5016338,85.625,0.0,382.4375,21.940792,70.139046,36.688232,0.0,66.94,93.96875,0.0,-12.042236,38.0188,25.660706,0.6298828,67.22,66.97,66.54,66.72,0
568112.4,0.054635048,0.31444883,0.37309265,0.79395646,101.168236,15.037586,14.033794,-0.7347202,125.33812,54.72881,52.359,0.0,4.721,18.281,30.6,0.0,93.98497,2.0,0.0,460.5,214.875,3112.0,0.0,-3.578125,0.54748535,175.5281,13945.533,14215.115,1100.0834,520.85474,41.160263,28.14667,0.0,0.04869306,3.0,53.507996,32.14109,16.499979,16.874979,1.564,0.0,-30.289062,0.0,0.0,0.0,0.0,0.0,0.0,1.796875,1.7578125,1.875,2.4023438,0.6770428,0.6816205,0.7067216,0.8238346,0.360647,0.46562904,0.33752957,0.5354391,0.9230945,0.5777066,0.58266574,0.8608377,0.48722056,0.4231327,0.3243305,0.5797665,0.9316406,0.9394531,57.385254,1.5625001,96.10389,173.17123,0.0,110.00001,99.90234,0.0,98.43969,189.26753,489.75,539.625,-1.513807,116.8125,0.0,440.0,48.54984,70.22514,34.28955,0.0,67.1,0.0,0.0,67.16919,99.998474,99.998474,1.6430664,66.99,67.24,66.72,66.59,0
568112.44,0.06370804,0.35077953,0.39409098,1.1769462,101.168175,15.037586,14.030687,-0.56859314,135.49664,59.696854,52.359,0.0,4.721,18.281,30.6,0.0,93.98497,2.0,0.0,453.375,214.5,3140.0,0.0,-2.65625,0.8198242,258.04764,14899.151,14838.654,1100.0834,520.85474,38.29897,29.672693,0.0,0.3514545,3.0,53.12195,32.084877,16.124979,16.499979,2.028,0.0,-26.0,0.0,0.0,0.0,0.0,0.0,0.0,1.8554688,1.7578125,1.8554688,2.2265625,0.7077897,0.6833753,0.70717937,0.8130007,0.36705577,0.4699779,0.3414969,0.53559166,0.72198063,0.56130314,0.7103075,0.70435643,0.38109407,0.44441903,0.41618982,0.49568933,0.953125,0.9394531,57.466125,1.5625001,97.248924,244.59259,0.0,110.00001,99.90234,0.0,98.95378,272.98935,491.625,538.875,-1.2110456,123.84375,0.0,439.875,74.692055,70.30263,36.37085,0.0,67.33,0.0,0.0,66.80298,99.998474,99.998474,2.9394531,67.46,67.52,66.64,66.84,0
568112.5,0.09096643,0.42156184,0.40943635,1.1792775,101.16812,15.037586,14.022653,-0.5444372,149.56087,65.66241,52.359,0.0,4.721,18.281,30.6,0.0,93.98497,2.0,0.0,453.375,213.75,3129.0,0.0,-3.8125,0.82910156,261.7209,15322.097,15212.778,1100.0834,520.85474,38.65928,30.923185,0.0,0.59366363,3.0,54.167175,32.034283,15.74998,15.74998,2.028,0.0,-21.15625,0.0,0.0,0.0,0.0,0.0,0.0,1.8359375,1.6992188,1.8359375,2.265625,0.70954454,0.6681163,0.68284124,0.8272679,0.36774242,0.46868086,0.33943695,0.5415427,0.97703516,0.56130314,0.51255053,0.92736703,0.51575494,0.44441903,0.30029756,0.65270466,0.95996094,0.9394531,57.49359,1.5625001,97.415375,247.61761,0.0,110.00001,99.90234,0.0,99.06156,273.1386,491.625,540.0,-0.9688365,132.40625,0.0,439.875,78.42666,70.37236,37.713623,0.0,67.51,0.0,0.0,38.061523,99.998474,99.998474,3.2836914,67.49,67.39,66.77,67.01,0
568112.5,0.092773154,0.5811248,0.42923322,1.1800405,101.168076,15.037586,14.028748,-0.401792,177.66124,77.8748,52.359,0.0,4.721,18.281,30.6,0.0,93.98497,2.0,0.0,452.625,213.375,3124.0,0.0,-6.1171875,0.83081055,263.03925,15610.252,15711.61,1100.0834,520.85474,42.622704,32.40682,0.0,0.78743094,3.0,57.01599,31.98875,15.37498,15.37498,2.068,0.0,-16.0625,0.0,0.0,0.0,0.0,0.0,0.0,1.9140625,1.6992188,1.8164062,2.1875,0.74296176,0.6675059,0.6888685,0.8066682,0.37529564,0.47158006,0.34393835,0.53772795,0.6331731,0.6631571,0.73105973,0.66254675,0.33424887,0.5251392,0.42832074,0.46631572,0.9707031,0.9394531,57.54547,1.5625001,98.39857,250.98221,0.0,110.00001,99.90234,0.0,99.89074,273.22153,491.625,542.25,-0.7750692,138.15625,0.0,440.0,79.36031,70.43512,39.416504,0.0,67.49,0.0,0.0,37.280273,99.998474,99.998474,3.5351562,67.55,67.65,67.19,67.22,0
568112.56,0.07421853,0.7949499,0.46304607,1.1938596,101.16803,15.037586,14.021295,-0.25905928,204.48549,89.57537,52.359,0.0,4.721,18.281,30.6,0.0,93.98497,2.0,0.0,450.75,212.25,3122.0,0.0,-6.4296875,0.8223877,263.15533,16397.77,16335.15,1100.0834,520.85474,43.385715,35.45887,0.0,0.94244474,3.0,58.332825,31.947771,14.249982,14.249982,2.184,0.0,-8.5703125,0.0,0.0,0.0,0.0,0.0,0.0,1.875,1.6796875,1.8164062,2.1289062,0.7283894,0.658732,0.6908522,0.79789424,0.37361714,0.47165635,0.34744793,0.5367361,0.7227436,0.7270924,0.7048142,0.736553,0.38147554,0.5757229,0.4129854,0.5184253,0.97753906,0.9394531,57.95288,1.5625001,99.38236,244.79842,0.0,110.00001,99.90234,0.0,100.95209,273.23813,492.0,542.625,-0.6200554,152.0,0.0,440.09375,79.82713,70.49161,43.493652,0.0,67.71,0.0,0.0,37.13379,99.998474,99.998474,3.6669922,67.79,67.77,67.16,67.24,0
568112.6,0.07937482,0.89923,0.50197136,1.2095013,101.16799,15.037586,14.021937,-0.12850304,207.57863,91.04684,52.359,0.0,4.721,18.281,30.6,0.0,93.98497,2.0,0.0,447.75,211.125,3126.0,0.0,-6.0078125,0.81256104,261.81207,16879.09,16709.273,1100.0834,520.85474,44.445454,38.320164,0.0,1.2227058,3.0,59.457397,31.910889,12.374984,13.124983,2.364,0.0,0.3359375,0.0,0.0,0.0,0.0,0.0,0.0,1.875,1.6992188,1.7773438,1.9726562,0.7283894,0.66727704,0.68070495,0.770428,0.37361714,0.47692072,0.34706646,0.53017473,0.58144504,0.7270924,0.6099031,0.57808805,0.30693522,0.5757229,0.33951324,0.4068818,0.9824219,0.9394531,58.210754,1.5625001,100.282234,235.63292,0.0,110.00001,99.90234,0.0,101.847595,266.26474,492.375,542.25,-0.33979434,162.5,0.0,440.0,79.82713,70.54244,47.60742,0.0,67.8,0.0,0.0,36.914062,99.998474,99.998474,3.6669922,67.91,67.94,67.22,67.61,0
568112.6,0.10349986,0.997192,0.51908714,1.2117057,101.16796,15.037586,14.0223875,0.28026652,216.69208,95.37857,52.359,0.0,4.721,18.281,30.6,0.0,93.98497,2.0,0.0,446.625,210.75,3137.0,0.0,-5.5,0.80944824,262.6081,17298.852,17208.105,1100.0834,520.85474,45.759533,39.930965,0.0,1.4469147,3.0,60.717773,31.877695,12.749984,12.749984,2.488,0.0,2.828125,0.0,0.0,0.0,0.0,0.0,0.0,1.8164062,1.6210938,1.6992188,1.9335938,0.7100023,0.6427863,0.6554513,0.7570001,0.37026018,0.47165635,0.34294653,0.52788585,0.5413901,0.54207677,0.4786755,0.6632334,0.30136567,0.42916,0.2664225,0.48577097,0.98046875,0.9394531,58.48236,1.5625001,103.09981,235.53993,0.0,110.00001,99.90234,0.0,104.58388,266.9281,493.5,541.5,-0.11558549,169.84375,0.0,440.0,79.82713,70.588196,52.50244,0.0,67.96,0.0,0.0,35.690308,99.998474,99.998474,3.6694336,68.14,68.09,67.64,67.69,0
568112.7,0.10279989,1.0926268,0.53445035,1.2090775,101.16793,15.037586,14.016843,0.703911,225.25998,99.27622,52.359,0.0,4.721,18.281,30.6,0.0,93.98497,2.0,0.0,445.125,210.75,3141.0,0.0,-5.53125,0.80371094,262.56662,17587.006,17706.938,1100.0834,520.85474,49.21428,41.05429,0.0,1.6262817,3.0,63.13629,31.84782,13.124983,12.749984,2.584,0.0,3.265625,0.0,0.0,0.0,0.0,0.0,0.0,1.7382812,1.6015625,1.6796875,1.875,0.6889448,0.6301976,0.6598764,0.73876554,0.3667506,0.4695201,0.3450828,0.52468145,0.68719006,0.531548,0.6910811,0.6112764,0.38254368,0.43556878,0.38475624,0.46517128,0.9628906,0.9394531,58.644104,1.5625001,106.01991,234.87729,0.0,110.00001,99.90234,0.0,107.47769,266.0989,494.25,541.5,0.06378159,176.90625,0.0,440.0,79.82713,70.62937,57.232666,0.0,68.21,0.0,0.0,35.44922,99.998474,99.998474,3.671875,68.4,68.4,67.65,67.75,0
568112.7,0.08223992,1.1870507,0.55801266,1.2084417,101.1679,15.037586,14.018821,1.3784075,233.64056,103.29752,52.359,0.0,4.721,18.281,30.6,0.0,93.98497,2.0,0.0,445.125,211.5,3151.0,0.0,-5.609375,0.7998657,262.62466,18151.64,18205.77,1100.0834,520.85474,49.87132,42.77107,0.0,1.6135254,3.0,63.005066,31.820934,13.499983,13.499983,2.648,0.0,3.265625,0.0,0.0,0.0,0.0,0.0,0.0,1.6015625,1.5820312,1.5234375,1.6796875,0.6868849,0.6178378,0.65461206,0.7441825,0.36736095,0.4677653,0.3432517,0.5314717,0.6519417,0.77660793,0.5563439,0.86526287,0.36293584,0.6364538,0.30968186,0.6584268,0.9472656,0.9394531,58.854675,1.5625001,110.66911,234.99171,0.0,110.00001,99.90234,0.0,111.75623,265.85016,495.375,541.5,0.05102527,187.0625,0.0,440.0,79.82713,70.666435,63.879395,0.0,68.5,0.0,0.0,35.34546,99.998474,99.998474,3.671875,68.6,68.69,68.05,68.12,0
568112.75,0.08579193,1.2810704,0.57901806,1.2079328,101.16788,15.037586,14.008487,1.9702489,241.50876,107.148964,52.359,0.0,4.721,18.281,30.6,0.0,93.98497,2.0,0.0,444.375,211.875,3162.0,0.0,-5.625,0.798584,263.52017,18490.74,18704.602,1100.0834,520.85474,53.24129,44.21231,0.0,1.6033204,3.0,64.61029,31.796736,13.874982,13.874982,2.724,0.0,3.578125,0.0,0.0,0.0,0.0,0.0,0.0,1.6015625,1.4453125,1.5429688,1.6796875,0.69069964,0.62462807,0.65743494,0.75524527,0.37064165,0.47631037,0.3461509,0.5432212,0.7759976,0.73853666,0.7203784,1.0021362,0.4319829,0.6052491,0.4010071,0.7625696,0.93847656,0.9394531,59.083557,1.5625001,114.74859,234.90536,0.0,110.00001,99.90234,0.0,115.78603,265.37753,496.125,541.5,0.04082022,196.78125,0.0,440.0,79.82713,70.69979,69.54956,0.0,68.65,0.0,0.0,35.177612,99.998474,99.998474,3.671875,68.92,68.85,68.03,68.21,0
568112.8,0.08863355,1.3749282,0.6082111,1.2067035,101.167854,15.037586,14.012972,2.7628906,249.1595,111.06773,52.359,0.0,4.721,18.281,30.6,0.0,93.98497,2.0,0.0,444.0,211.875,3177.0,0.0,-5.65625,0.79748535,264.75565,18915.277,19097.299,1100.0834,520.85474,56.356922,46.480156,0.0,1.3607813,3.0,65.30914,31.774958,13.499983,13.874982,2.804,0.0,4.1328125,0.0,0.0,0.0,0.0,0.0,0.0,1.640625,1.4648438,1.484375,1.6601562,0.7191577,0.6369116,0.6565194,0.7547112,0.3900206,0.4916457,0.34660867,0.54558635,1.3524071,0.80094606,0.8049134,1.0399023,0.75288016,0.6563668,0.44808117,0.82337683,0.9277344,0.9394531,59.440613,1.3281251,120.21216,234.38542,0.0,110.00001,99.90234,0.0,121.51564,265.2117,497.625,541.875,0.032656174,206.46875,0.0,440.0,79.82713,70.72981,76.971436,0.0,68.99,0.0,0.0,35.1532,99.998474,99.998474,3.671875,69.12,69.11,68.17,68.6,0
568112.8,0.11090684,1.4312212,0.62224317,1.2070004,101.16783,15.037586,14.016111,3.1559253,251.77614,112.62275,52.359,0.0,4.721,18.281,30.6,0.0,93.98497,2.0,0.0,443.25,211.125,3188.0,0.0,-5.671875,0.79711914,265.44388,19162.041,19280.912,1100.0834,520.85474,55.95422,47.624672,0.0,1.0339376,3.0,65.04059,31.755358,13.124983,13.124983,2.872,0.0,4.125,0.0,0.0,0.0,0.0,0.0,0.0,1.640625,1.4648438,1.5039062,1.6796875,0.7287709,0.6369116,0.6629282,0.7669947,0.39688715,0.4916457,0.35179675,0.5597009,0.94277865,0.88235295,0.73533225,1.0399023,0.52483404,0.72304875,0.40932328,0.82337683,0.9189453,0.9394531,59.55963,1.1640626,122.92128,234.42276,0.0,110.00001,99.90234,0.0,124.2602,265.12878,498.375,541.875,-0.13012505,215.6875,0.0,439.875,79.82713,70.75683,80.35889,0.0,69.13,0.0,0.0,35.165405,99.998474,99.998474,3.6669922,69.23,69.2,68.85,68.54,0
568112.9,0.10872547,1.5099885,0.6587933,1.2083145,101.167816,15.037586,14.012449,4.15505,259.141,116.3171,52.359,0.0,4.721,18.281,30.6,0.0,93.98497,2.0,0.0,442.875,210.0,3199.0,0.0,-5.6796875,0.79852295,266.99442,19435.867,19603.56,1100.0834,520.85474,58.857906,49.913708,0.0,0.7888689,3.0,66.47339,31.737717,11.999985,11.999985,2.924,0.0,4.0,0.0,0.0,0.0,0.0,0.0,0.0,1.6796875,1.484375,1.484375,1.640625,0.74525064,0.65293354,0.66605633,0.7756161,0.40817884,0.51003283,0.35469598,0.57015336,1.1118486,0.7747005,0.72732127,0.96704054,0.6189059,0.63485163,0.40489814,0.7656977,0.9238281,0.9394531,59.788513,1.0492189,129.80812,234.56393,0.0,110.00001,99.90234,0.0,130.76094,265.1122,499.125,541.875,-0.26035002,228.375,0.0,439.875,79.82713,70.78114,87.854004,0.0,69.35,0.0,0.0,35.1532,99.998474,99.998474,3.671875,69.56,69.56,68.71,68.85,0
568112.94,0.12698038,1.6164955,0.6881934,1.2140794,101.1678,15.037586,14.015745,4.962605,268.7093,121.13974,52.359,0.0,4.721,18.281,30.6,0.0,93.98497,2.0,0.0,441.75,209.25,3213.0,0.0,-5.7265625,0.80426025,269.73898,19489.465,19880.041,1100.0834,520.85474,64.64408,52.478275,0.0,0.60429823,3.0,68.96057,31.72184,10.874986,11.249986,3.012,0.0,3.5078125,0.0,0.0,0.0,0.0,0.0,0.0,1.6601562,1.484375,1.4648438,1.640625,0.76195925,0.66506445,0.6687266,0.7792782,0.4212253,0.5230793,0.3572137,0.57579917,1.1343557,0.93560696,0.76966506,0.86121917,0.664683,0.76676583,0.42847332,0.6819257,0.93359375,0.9394531,60.12726,0.9688282,135.3745,235.41754,0.0,110.00001,99.90234,0.0,135.91013,265.22827,499.875,541.875,-0.36453,237.59375,0.0,440.0,79.82713,70.803024,93.18237,0.0,69.65,0.0,0.0,35.1532,99.998474,99.998474,3.6767578,69.85,69.85,69.1,69.23,0
568112.94,0.1615843,1.7153482,0.71679574,1.220014,101.167786,15.037586,14.000475,5.735817,275.6053,124.67398,52.359,0.0,4.721,18.281,30.6,0.0,93.98497,2.0,0.0,439.5,208.125,3224.0,0.0,-5.859375,0.8104248,272.6411,19763.293,20000.502,1100.0834,520.85474,68.01405,55.000458,0.0,0.62093073,3.0,70.32471,31.707552,9.374988,10.124987,3.148,0.0,3.4375,0.0,0.0,0.0,0.0,0.0,0.0,1.640625,1.484375,1.484375,1.6992188,0.7625696,0.67040515,0.67307544,0.7985046,0.4229801,0.5293355,0.36079958,0.59586483,0.7768368,0.78858626,0.6788739,0.75104904,0.45517662,0.64621955,0.37788966,0.6154727,0.93652344,0.9375,60.484314,0.91255474,140.70415,236.23866,0.0,110.00001,99.90234,0.0,141.89676,266.2233,500.625,541.875,-0.291624,248.71875,0.0,439.875,79.82713,70.82272,99.07837,0.0,69.94,0.0,0.0,35.1532,99.998474,99.998474,3.6743164,70.22,70.13,69.47,69.29,0
568113.0,0.18926744,1.8111393,0.7457613,1.2397251,101.16777,15.037586,14.007363,6.532381,282.37076,128.20987,52.359,0.0,4.721,18.281,30.6,0.0,93.98497,2.0,0.0,437.625,205.875,3236.0,0.0,-5.5546875,0.821167,277.40057,20062.06,20000.502,1100.0834,520.85474,67.145065,57.58622,0.0,0.6398641,3.0,69.40613,31.694693,7.4999905,7.87499,3.268,0.0,3.78125,0.0,0.0,0.0,0.0,0.0,0.0,1.6601562,1.5039062,1.484375,1.6992188,0.78431374,0.69306475,0.6733043,0.7960632,0.43923095,0.5523003,0.3616388,0.59685665,1.2687113,1.1969177,0.6408026,0.8702983,0.74334323,0.9808499,0.37544823,0.7132067,0.9375,0.9355469,60.861206,0.8731633,146.19476,239.84659,0.0,110.00001,99.90234,0.0,147.41907,271.0408,501.375,541.5,-0.23329921,256.75,0.0,439.6875,79.82713,70.84045,104.14429,0.0,70.26,0.0,0.0,35.1532,99.998474,99.998474,3.6694336,70.52,70.49,69.59,69.85,0
568113.0,0.21141396,1.9244559,0.78799134,1.3238261,101.167755,15.037586,14.006326,7.635587,291.1264,132.87978,52.359,0.0,4.721,18.281,30.6,2.0,93.98497,2.0,0.0,436.5,203.25,3253.0,0.0,-5.2265625,0.838501,284.13348,20248.857,20000.502,1100.0834,520.85474,66.848335,60.320347,0.0,0.6589499,3.0,69.252014,31.683119,4.874994,5.2499933,3.356,0.0,3.640625,0.0,0.0,0.0,0.0,0.0,0.0,1.640625,1.5039062,1.4453125,1.6992188,0.78553444,0.69298846,0.66697186,0.7992676,0.44113833,0.552987,0.36118105,0.60273135,0.8125429,0.6910811,0.58014804,0.9656672,0.4760815,0.5663386,0.3398947,0.7914092,0.93847656,0.99316406,61.247253,0.8455893,153.79903,254.62617,0.0,110.00001,99.90234,0.0,154.64948,276.8616,502.125,541.125,-0.18663937,267.5625,0.0,439.5,79.82713,70.8564,109.88159,0.0,70.6,0.0,0.0,35.1532,99.998474,99.998474,3.6694336,70.67,70.79,69.98,70.04,0
568113.06,0.22913118,2.0260324,0.8252963,1.3502771,101.16858,15.037586,13.988022,8.596909,297.4518,136.26775,52.359,0.0,4.721,18.281,30.6,2.0,93.98497,2.0,0.0,434.25,201.375,3265.0,0.0,-5.375,0.84820557,288.91782,20297.68,20000.502,1100.0834,520.85474,64.665276,60.362736,0.0,0.676976,3.0,67.98248,31.672703,3.3749957,3.3749957,3.48,0.0,3.46875,0.0,0.0,0.0,0.0,0.0,0.0,1.6015625,1.4648438,1.4257812,1.7382812,0.78423744,0.6890974,0.66842145,0.8064393,0.44251165,0.5505455,0.36369878,0.61234456,0.9049363,0.61684597,0.7005417,0.8137636,0.55664915,0.5054551,0.41046768,0.66689557,0.94433594,0.98828125,61.21826,0.8262875,160.42613,258.93036,0.0,110.00001,99.90234,0.0,161.64772,276.93625,502.125,541.5,-0.1493115,271.8125,0.0,439.875,79.82713,70.87076,115.06348,0.0,70.86,0.0,0.0,35.1532,99.998474,99.998474,3.6694336,71.22,71.18,70.27,70.13,0
568113.1,0.26330495,2.141663,0.8763125,1.3640112,101.16932,15.037586,13.986928,10.033467,305.61813,141.16667,52.359,0.0,4.721,18.281,30.6,2.0,93.98497,2.0,0.0,451.125,200.25,3292.0,0.0,-5.390625,0.8543091,291.91113,19800.44,20000.502,1100.0834,520.85474,74.16054,63.39359,0.0,0.69332707,3.0,72.92633,31.663328,1.8749976,2.2499971,2.64,0.0,4.4375,0.0,0.0,0.0,0.0,0.0,0.0,1.5625,1.484375,1.4257812,1.7773438,0.7894255,0.69375145,0.6699474,0.80735487,0.44831008,0.55580986,0.36621654,0.6179904,0.78866255,0.79758906,0.7045853,0.8201724,0.4851606,0.6536202,0.41283283,0.6720836,0.9580078,0.98535156,61.924744,0.81277627,170.32892,262.42877,0.0,110.00001,99.90234,0.0,170.94278,277.1767,502.875,541.5,-0.1194492,282.875,0.0,439.875,79.82713,70.88368,121.33789,0.0,71.26,0.0,0.0,35.1532,99.998474,99.998474,3.6621094,71.55,71.58,70.35,70.63,0
568113.1,0.25064397,2.2629151,0.9245399,1.3777878,101.16915,15.037586,13.974443,11.310956,313.78168,145.46579,52.359,0.0,4.721,18.281,30.6,2.0,93.98497,2.0,0.0,442.875,198.375,3304.0,0.0,-4.25,0.8578491,296.81985,19751.086,20000.502,1100.0834,520.85474,79.77715,67.8021,0.0,0.707759,3.0,75.36011,31.5797,0.0,0.37499952,3.056,0.0,5.5234375,0.0,0.0,0.0,0.0,0.0,0.0,1.5234375,1.4648438,1.4453125,1.7773438,0.7824826,0.6973373,0.6756695,0.8093385,0.447776,0.5588617,0.37155718,0.6221103,0.6536965,0.713283,0.8033875,0.8526741,0.40207523,0.5647364,0.47074082,0.6987106,0.97265625,0.9794922,62.828064,0.8033184,179.13434,264.50128,0.0,110.00001,99.90234,0.0,180.20465,277.5664,503.625,540.375,-0.09555936,297.53125,0.0,439.78125,79.82713,70.89531,127.55127,0.0,71.71,0.0,0.0,35.1532,99.998474,99.998474,3.6669922,72.11,71.98,70.86,70.91,0
568113.2,0.24051517,2.330166,0.95910126,1.4062313,101.169,15.037586,13.983282,12.260575,315.88354,146.8834,52.359,0.0,4.721,18.281,30.6,2.0,93.98497,2.0,0.0,439.5,197.625,3314.0,0.0,-4.25,0.85668945,298.95084,19811.584,20000.502,1100.0834,520.85474,83.189514,70.38786,0.0,0.72025037,3.0,77.127075,31.504436,-0.74999905,-0.37499952,3.232,0.0,5.8046875,0.0,0.0,0.0,0.0,0.0,0.0,1.5234375,1.4648438,1.4648438,1.7382812,0.7824826,0.698024,0.6823835,0.800412,0.447776,0.55916685,0.3774319,0.61692226,0.87464714,0.7000839,0.83108264,0.63408864,0.5380331,0.5543603,0.48691538,0.519646,0.97753906,0.97753906,63.316345,0.79669785,185.67981,269.60153,0.0,110.00001,99.90234,0.0,186.78001,277.79858,504.0,540.375,-0.07644749,304.3125,0.0,439.875,79.82713,70.90578,131.65894,0.0,72.06,0.0,0.0,35.1532,99.998474,99.998474,3.6621094,72.26,72.21,71.26,71.35,0
568113.25,0.25241214,2.4133165,1.0199231,1.4612954,101.16886,15.037586,13.971891,13.85016,321.66693,150.65585,52.359,0.0,4.721,18.281,30.6,2.0,93.98497,2.0,0.0,434.625,195.75,3338.0,0.0,-4.375,0.86468506,304.00882,19994.666,20000.502,1100.0834,520.85474,86.114395,75.62298,0.0,0.7309055,3.0,78.50037,31.436699,-2.2499971,-2.2499971,3.428,0.0,5.9453125,0.0,0.0,0.0,0.0,0.0,0.0,1.5429688,1.4648438,1.4648438,1.6992188,0.7846189,0.69810027,0.68528265,0.7991913,0.45281148,0.55893797,0.37949187,0.6179141,0.74982834,0.76226443,0.74990463,0.77653164,0.46128023,0.60357064,0.41748685,0.6363775,0.98046875,0.9716797,64.12201,0.7920635,196.6365,279.091,0.0,110.00001,99.90234,0.0,197.21104,278.28778,503.625,540.375,-0.06115799,317.65625,0.0,439.5,79.82713,70.9152,137.40845,0.0,72.37,0.0,0.0,35.1532,99.998474,99.998474,3.6621094,72.59,72.59,71.48,71.69,0
568113.25,0.3019297,2.5215766,1.0828611,1.5122052,101.16957,15.037586,13.969777,15.521584,329.3425,155.2674,52.359,0.0,4.721,18.281,30.6,2.0,93.98497,2.0,0.0,430.5,194.25,3360.0,0.0,-4.28125,0.8773804,312.1596,19970.785,20000.502,1100.0834,520.85474,91.58265,81.17601,0.0,0.739893,3.0,80.8197,31.375736,-3.7499952,-3.7499952,3.636,0.0,5.6953125,0.09448242,0.0,0.0,0.0,0.0,0.0,1.5429688,1.4648438,1.4648438,1.6992188,0.785687,0.70145726,0.69298846,0.79644465,0.45632106,0.56252384,0.38597697,0.6175326,0.81002516,0.715877,0.8269627,0.74952316,0.5215534,0.5866331,0.48455024,0.6142519,0.97753906,0.9638672,66.06903,0.78881943,208.15816,288.08078,0.0,110.00001,99.90234,0.0,209.18433,278.8931,503.625,540.375,-0.048926394,329.09375,0.0,440.0,79.82713,70.923676,144.71436,0.0,73.07,28.34375,0.0,35.1532,98.42529,99.998474,3.6572266,73.27,73.23,71.93,72.04,0
568113.4,0.30154377,2.5836306,1.1296571,1.519157,101.17021,15.037586,13.962438,16.73034,331.10468,157.58482,52.359,0.0,4.721,18.281,30.6,2.0,93.98497,2.0,0.0,426.75,194.25,3392.0,0.0,-4.3125,0.8845825,316.0816,20073.736,20000.502,1100.0834,520.85474,94.973816,85.41496,0.0,0.7474075,3.0,82.06024,31.32087,-4.4999943,-3.7499952,3.844,0.0,5.7265625,0.15997314,0.0,0.0,0.0,0.0,0.0,1.5234375,1.4648438,1.484375,1.6796875,0.7836271,0.704509,0.6987106,0.7940795,0.45754176,0.5661097,0.39101243,0.61738,0.74502176,0.77309835,0.7580682,0.74952316,0.47974366,0.6335546,0.4441901,0.6142519,0.9746094,0.9501953,66.65497,0.7865486,216.49062,288.63507,0.0,110.00001,99.90234,0.0,217.37659,279.971,504.75,540.375,-0.039141115,341.875,0.0,439.78125,79.82713,70.931305,149.07837,0.0,73.27,48.0,0.0,35.1532,97.17407,99.998474,3.6572266,73.54,73.58,72.08,72.43,0
568113.44,0.30123502,2.6459522,1.1902303,1.5528991,101.16995,15.037586,13.9573,18.31733,335.05157,159.93343,52.359,0.0,4.721,18.281,30.6,2.0,93.98497,2.0,0.0,423.0,193.875,3402.0,0.0,-4.265625,0.89764404,323.57733,20180.4,20000.502,1100.0834,520.85474,99.149185,91.11636,0.0,0.75364614,3.0,84.2041,31.271488,-5.624993,-4.1249948,4.048,0.0,5.7265625,0.30645752,0.0,0.0,0.0,0.0,0.0,1.5429688,1.640625,1.484375,1.640625,0.78759444,0.7180133,0.7012284,0.79346913,0.46295872,0.57236594,0.39368278,0.61852443,0.87586784,0.8125429,0.7917144,0.8403906,0.5639734,0.690013,0.46387428,0.68871593,0.9638672,0.93847656,67.97943,0.784959,227.4293,294.66147,0.0,110.00001,99.90234,0.0,228.41292,280.2778,505.875,540.375,-0.031312894,364.53125,0.0,439.875,79.82713,70.93817,154.66309,0.0,73.69,91.9375,0.0,35.1532,92.13257,99.998474,3.6572266,74.27,74.06,72.7,72.7,0
568113.44,0.320988,2.764631,1.2537705,1.5495929,101.16972,15.037586,13.959563,19.95274,343.96088,166.26143,52.359,0.0,4.721,18.281,30.6,2.0,93.98497,2.0,0.0,418.125,193.875,3445.0,0.0,-4.265625,0.9100342,330.60046,20402.22,20000.502,1100.0834,520.85474,99.191574,96.43625,0.0,0.758796,3.0,84.09424,31.227047,-5.624993,-4.1249948,4.32,0.0,6.34375,0.4716797,0.0,0.0,0.0,0.0,0.0,1.7382812,1.640625,1.6601562,1.8164062,0.8226139,0.7255665,0.72854203,0.7993439,0.4760052,0.57686734,0.40215153,0.6221103,1.0678264,0.7785916,0.8408484,0.9118028,0.7191577,0.6611734,0.4927138,0.7472343,0.95214844,0.9267578,69.70825,0.7838463,238.70178,293.2622,0.0,110.00001,99.90234,0.0,239.897,280.4934,507.0,540.375,-0.025050316,389.71875,0.0,439.28125,79.82713,70.94435,160.15015,0.0,74.35,141.5,0.0,35.1532,82.82471,99.998474,3.6572266,74.71,74.68,72.87,73.27,0
568113.5,0.3567904,2.8871026,1.3404936,1.5626912,101.16952,15.037586,13.961147,22.239328,351.2543,171.41328,52.359,0.0,4.721,18.281,30.6,2.0,93.98497,2.0,0.0,411.375,193.5,3478.0,0.0,-4.21875,0.93182373,340.393,20222.324,20000.502,1100.0834,520.85474,105.67718,101.88331,0.0,0.76302713,3.0,86.8866,31.18705,-5.9999924,-4.4999943,4.592,0.0,6.65625,0.6242676,0.0,0.0,0.0,0.0,0.0,1.7578125,1.6210938,1.6992188,1.8945312,0.8269627,0.7103075,0.7499809,0.8532845,0.48111695,0.57358664,0.408484,0.64362556,1.0124362,0.6037995,0.8999771,1.132372,0.6818494,0.5127794,0.5273518,0.92797744,0.94140625,0.9121094,71.19141,0.7830674,254.46278,295.39462,0.0,110.00001,99.90234,0.0,254.15051,280.63437,507.0,540.375,-0.020040253,404.4375,0.0,439.875,79.82713,70.94991,164.17847,0.0,74.88,187.28125,0.0,35.1532,74.73755,99.998474,3.6572266,75.26,75.17,73.71,73.69,0
568113.5,0.3854323,3.0298412,1.3805324,1.5904986,101.169334,15.037586,13.944678,23.288357,359.94992,175.80829,52.359,0.0,4.721,18.281,30.6,2.0,93.98497,2.0,0.0,397.125,192.75,3481.0,0.0,-4.2578125,0.94854736,348.834,19988.297,20000.502,1100.0834,519.2627,112.69265,107.076035,0.0,0.76649,3.0,90.47089,31.15105,-6.7499914,-5.2499933,5.256,0.0,7.25,0.7106323,0.0,0.0,0.0,0.0,0.0,1.796875,1.6992188,1.7578125,1.9335938,0.8501564,0.75524527,0.78759444,0.8780804,0.49134052,0.59060043,0.41901276,0.65468836,0.8598459,0.96963453,1.0509652,1.0518807,0.57907987,0.82337683,0.61577785,0.86205846,0.9248047,0.9033203,72.36023,0.7825222,261.69345,300.3408,0.0,110.00001,99.90234,0.0,262.97293,280.72556,507.375,540.375,-0.016032202,416.40625,0.0,440.0,79.82713,70.95492,170.85571,0.0,75.48,213.1875,0.0,25.518799,72.49756,97.21832,3.6572266,76.01,75.87,73.85,74.06,0
568113.56,0.42834586,3.1994367,1.4567486,1.6007993,101.16917,15.037586,13.939009,25.22711,370.12427,183.16658,52.359,0.0,4.721,18.281,30.6,0.0,93.98497,2.0,0.0,388.5,192.75,3527.0,0.0,-4.34375,0.97039795,358.0793,19847.139,20000.502,1100.0834,519.2627,119.98365,111.76008,0.0,0.6130648,3.0,93.05878,31.118652,-6.7499914,-5.2499933,5.616,0.0,7.2421875,0.76831055,0.0,0.0,0.0,0.0,0.0,1.9921875,1.7578125,1.7578125,1.9335938,0.9621576,0.78202486,0.7994965,0.8794537,0.53002214,0.6024262,0.42397192,0.6584268,1.7375448,1.0595102,0.8827344,0.88876176,1.1702144,0.8996719,0.5172045,0.7283131,0.9033203,0.89746094,73.880005,0.78214055,275.0569,301.45175,0.0,110.00001,99.90234,0.0,276.12366,280.7919,507.375,540.375,-0.16907574,438.90625,0.0,440.0,79.82713,70.95943,177.75269,0.0,76.13,230.5,0.10681152,8.380127,71.20972,79.84161,3.5375977,76.27,76.33,74.55,74.99,0
568113.6,0.48267668,3.3610249,1.5069541,1.6008418,101.169014,15.037586,13.958478,26.694382,378.43304,188.1811,52.359,0.0,4.721,18.281,30.6,0.0,93.98497,2.0,0.0,387.375,192.375,3544.0,0.0,-4.484375,0.9991455,369.53024,19932.576,20000.502,1100.0834,519.2627,123.904686,116.48651,0.0,0.33411282,3.0,95.043945,31.089493,-6.7499914,-5.624993,5.62,0.0,8.09375,0.7718506,0.0,0.0,0.0,0.0,0.0,1.9726562,1.8164062,1.9335938,1.953125,0.94796675,0.81849396,0.89250016,0.88685435,0.53345543,0.6231785,0.44838637,0.66407263,0.8485542,0.8307012,0.8998245,0.9388113,0.5972381,0.7292287,0.55352104,0.7692836,0.89160156,0.89746094,75.07324,0.7818734,285.17047,302.48804,0.0,110.00001,99.90234,0.0,285.8582,280.82507,507.375,540.375,-0.44776058,453.78125,0.0,440.0,79.82713,70.963486,181.61621,0.0,76.56,231.5625,0.076293945,-1.4648438,72.30835,71.73004,3.0517578,77.19,77.3,74.99,75.2,0
568113.6,0.52614135,3.5194101,1.5373466,1.6012657,101.16888,15.037586,13.977965,27.211697,386.30942,195.40417,52.359,0.0,4.721,18.281,30.6,0.0,93.98497,2.0,0.0,352.125,192.75,3605.0,0.0,-4.5078125,1.0220947,378.0127,19898.613,20000.502,1100.0834,519.2627,127.55019,119.72932,0.0,0.2672279,3.0,95.75806,31.063251,-6.374992,-5.2499933,7.26,0.0,8.6328125,0.7973633,0.0,0.0,0.0,0.0,0.0,1.9921875,1.9335938,1.9335938,1.9335938,0.94583046,0.86472875,0.89341575,0.86495763,0.5396353,0.6445411,0.453727,0.6610208,0.9308003,1.1883726,1.0554665,0.97055006,0.6550698,1.0431831,0.64927137,0.8519875,0.9003906,0.8925781,75.07324,0.78168637,288.73615,300.3137,0.0,110.00001,99.90234,0.0,289.79675,280.85825,507.375,540.75,-0.5144585,454.5,0.0,440.0,79.82713,70.96713,184.375,0.0,77.49,239.21875,-0.49438477,-12.191772,71.728516,60.09674,2.7197266,77.71,77.86,75.4,75.98,0
568113.7,0.54091305,3.714014,1.5301867,1.5954157,101.168755,15.037586,13.985747,27.0312,397.51077,202.68755,52.359,0.0,4.721,18.281,30.6,0.0,93.98497,2.0,0.0,343.875,193.5,3634.0,0.0,-4.4765625,1.0368042,383.88327,19979.275,20000.502,1100.0834,519.2627,126.36328,119.326614,0.0,0.36998868,3.0,95.03479,31.039635,-5.9999924,-4.4999943,7.492,0.0,9.84375,0.7911377,0.0,0.0,0.0,0.0,0.0,2.03125,2.0117188,2.0507812,1.953125,0.96841383,0.8878462,0.94583046,0.8747997,0.5541314,0.6602579,0.47837034,0.6746014,1.150988,0.8828107,1.1705959,0.85122454,0.8429847,0.82764935,0.7537194,0.7472343,0.9082031,0.890625,75.07324,0.7815555,287.49188,299.39645,0.0,110.00001,99.90234,0.0,288.61102,280.8997,507.75,540.375,-0.4115668,461.1875,0.0,440.0,79.82713,70.97042,183.52051,0.0,78.78,237.34375,-0.8666992,-8.352661,72.058105,63.72223,2.4194336,79.16,78.95,76.29,76.44,0
568113.75,0.55273044,3.9043555,1.5126952,1.5905411,101.16865,15.037586,13.979476,26.370203,406.61996,210.29904,52.359,0.0,4.721,18.281,30.6,0.0,93.98497,2.0,0.0,345.375,193.5,3686.0,0.0,-4.4296875,1.0435791,386.81854,19860.936,20000.502,1100.0834,519.2627,126.97793,118.52122,0.0,0.45221037,3.0,94.226074,31.01838,-5.9999924,-4.4999943,7.38,0.0,10.125,0.8243408,0.0,0.0,0.0,0.0,0.0,2.0898438,2.0117188,2.03125,1.953125,0.980087,0.8872358,0.93163955,0.8630503,0.57343405,0.6687266,0.48126954,0.67635614,0.9021897,0.95483327,0.90890366,0.78088045,0.66079193,0.94827193,0.6121157,0.70939195,0.91015625,0.8857422,75.07324,0.7814638,282.93558,297.07916,0.0,110.00001,99.90234,0.0,283.96765,280.8997,508.125,540.375,-0.32925344,459.84375,0.0,440.0,79.82713,70.97338,181.5918,0.0,79.72,247.3125,-0.9765625,-2.9144287,70.8313,68.421936,2.4291992,79.62,80.24,76.84,77.45,0
568113.75,0.56218433,4.036742,1.4904616,1.6018168,101.16855,15.037586,13.975086,25.788279,411.4716,213.15465,52.359,0.0,4.721,18.281,30.6,0.0,93.98497,2.0,0.0,344.625,193.5,3692.0,0.0,-4.3828125,1.0422363,386.7605,19941.068,20000.502,1100.0834,519.2627,125.070404,117.46147,0.0,0.5179969,3.0,93.2785,30.999249,-5.9999924,-4.4999943,7.356,0.0,10.1640625,0.82714844,0.0,0.0,0.0,0.0,0.0,2.0507812,2.03125,2.03125,1.9921875,0.9633021,0.89570457,0.9288167,0.8830396,0.5783169,0.68291754,0.48790723,0.69069964,0.8458839,0.60448617,0.90890366,1.0231174,0.66979474,0.60028994,0.6121157,0.95918214,0.91308594,0.8857422,75.07324,0.78139967,278.92435,299.16852,0.0,110.00001,99.90234,0.0,279.7057,280.8997,508.125,540.375,-0.26340276,455.6875,0.0,440.0,79.82713,70.97604,179.63867,0.0,79.95,248.15625,-0.97351074,0.7598877,70.721436,72.14203,2.4707031,80.72,80.33,77.66,77.77,0
568113.8,0.54974747,4.164697,1.4790976,1.6020287,101.16846,15.037586,13.954435,25.291931,417.34927,218.54181,52.359,0.0,4.721,18.281,30.6,0.0,93.98497,2.0,0.0,345.0,193.875,3732.0,0.0,-4.265625,1.0432129,386.68588,19907.104,20000.502,1100.0834,519.2627,125.28235,117.291916,0.0,0.5706326,3.0,93.24646,30.906841,-5.624993,-4.1249948,7.32,0.0,10.21875,0.864563,0.0,0.0,0.0,0.0,0.0,2.0507812,1.9726562,1.9921875,2.0117188,0.9588769,0.84901196,0.91012436,0.8851759,0.5862516,0.6834516,0.49095902,0.70099944,0.92790115,0.7770657,0.92362857,0.9000534,0.7347219,0.77172506,0.6500343,0.8937972,0.91015625,0.8828125,75.07324,0.7813548,275.503,297.71588,0.0,110.00001,99.90234,0.0,276.52997,280.8997,508.125,540.375,-0.21072221,454.125,0.0,440.0,79.82713,70.97844,178.44849,0.0,80.93,259.375,-0.70495605,4.5959473,69.2749,74.983215,2.5708008,81.42,81.32,78.06,78.28,0
568113.8,0.53979796,4.253379,1.4656013,1.5882521,101.16837,15.037586,13.957558,24.813578,420.55502,220.63354,52.359,0.0,4.721,18.281,30.6,0.0,93.98497,2.0,0.0,344.625,193.875,3739.0,0.0,-4.25,1.0457153,387.62283,19902.86,20000.502,1100.0834,519.2627,124.053055,115.95664,0.0,0.6127455,3.0,92.63611,30.823675,-5.624993,-4.1249948,7.284,0.0,10.609375,0.86798096,0.0,0.0,0.0,0.0,0.0,2.03125,1.9335938,1.9921875,1.953125,0.9488823,0.8339055,0.91004807,0.86213475,0.5918212,0.6878004,0.50583655,0.70298314,0.8787671,0.7280842,0.89806974,0.8138399,0.6958114,0.76867324,0.6320287,0.8592355,0.89941406,0.8828125,75.07324,0.7813233,272.20566,294.15994,0.0,110.00001,99.90234,0.0,273.0723,280.8997,508.5,540.375,-0.16857778,448.4375,0.0,440.0,79.82713,70.98059,177.0813,0.0,81.36,260.40625,-0.30517578,9.301758,69.122314,79.85077,2.680664,81.74,81.53,78.72,79.12,0
568113.9,0.55183834,4.3076015,1.4612532,1.5857086,101.168304,15.037586,13.953884,24.663242,422.28687,222.37163,52.359,0.0,4.721,18.281,30.6,0.0,93.98497,2.0,0.0,345.0,193.875,3753.0,0.0,-4.5,1.0444946,386.71902,19753.74,20000.502,1100.0834,519.2627,126.61762,116.50771,0.0,0.6464391,3.0,93.37158,30.748825,-5.624993,-4.1249948,7.228,0.0,10.8125,0.8691406,0.0,0.0,0.0,0.0,0.0,2.03125,1.953125,1.9726562,1.9726562,0.9474327,0.84115356,0.88677806,0.8481727,0.59945065,0.70069426,0.5060655,0.71732664,0.88014036,0.8918898,0.72411686,0.7925536,0.721294,0.94155794,0.5096513,0.83672845,0.89160156,0.8798828,75.07324,0.7813013,271.16934,293.5203,0.0,110.00001,99.90234,0.0,272.22653,280.8997,508.125,540.375,-0.13486223,447.09375,0.0,440.0,79.82713,70.98253,176.8982,0.0,81.87,260.75,0.103759766,11.395264,69.0918,82.310486,2.8613281,82.07,82.1,79.43,79.59,0
568113.94,0.58147067,4.3480406,1.4696919,1.5866412,101.168236,15.037586,13.945453,24.840227,423.92984,223.95059,52.359,0.0,4.721,18.281,30.6,0.0,93.98497,2.0,0.0,344.625,193.875,3765.0,0.0,-4.578125,1.0490112,388.41055,19838.648,20000.502,1100.0834,519.2627,127.1051,117.07997,0.0,0.67339617,3.0,93.61267,30.681461,-5.624993,-4.1249948,7.256,0.0,10.8984375,0.86938477,0.0,0.0,0.0,0.0,0.0,1.9726562,1.9335938,1.9335938,1.9921875,0.91454947,0.83230335,0.8583963,0.85885406,0.60578316,0.70855266,0.504921,0.73098344,0.74296176,0.765774,0.6599527,0.93362325,0.608835,0.8505379,0.4833295,0.9856565,0.8828125,0.8798828,75.07324,0.78128594,272.38922,293.31726,0.0,110.00001,99.90234,0.0,273.3542,280.8997,508.5,540.75,-0.10788979,446.75,0.0,440.0,79.82713,70.984276,177.64893,0.0,82.18,260.8125,0.38757324,8.31604,69.04907,79.496765,2.9711914,82.34,82.1,79.95,80.3,0
568113.94,0.62517655,4.345466,1.4869264,1.5899476,101.168175,15.037586,13.9571295,25.154833,422.54163,225.29228,52.359,0.0,4.721,18.281,30.6,0.0,93.98497,2.0,0.0,343.5,193.875,3800.0,0.0,-4.5078125,1.0584106,391.8848,19907.104,20000.502,1100.0834,519.2627,127.529,118.1821,0.0,0.69496334,3.0,93.696594,30.620832,-5.2499933,-4.1249948,7.268,0.0,11.0234375,0.8800049,0.0,0.0,0.0,0.0,0.0,1.796875,1.7773438,1.7578125,1.8164062,0.9084459,0.8193332,0.8580148,0.8598459,0.60807204,0.7207599,0.51094836,0.741207,0.79507136,0.73220414,0.9129473,0.8827344,0.65148395,0.81330585,0.6686503,0.9319448,0.875,0.8779297,75.07324,0.78127515,274.5577,292.95255,0.0,110.00001,99.90234,0.0,275.44373,280.8997,508.5,540.75,-0.08631183,450.0625,0.0,439.875,79.82713,70.98585,179.12598,0.0,82.49,264.0,0.56152344,5.8929443,68.53027,76.63727,2.9858398,82.88,83.07,80.43,80.58,0
568114.0,0.64014125,4.2506866,1.513925,1.5948648,101.16812,15.037586,13.965303,25.625683,415.45013,223.55145,52.359,0.0,4.721,18.281,30.6,0.0,93.98497,2.0,0.0,337.5,194.25,3835.0,0.0,-4.5546875,1.083435,401.1467,19795.664,20000.502,1100.0834,519.2627,131.34406,120.40755,0.0,0.7122181,3.0,95.03021,30.566267,-5.2499933,-3.7499952,7.432,0.0,11.6953125,0.8898926,0.0,0.0,0.0,0.0,0.0,1.8164062,1.7578125,1.7578125,1.7773438,0.9111925,0.8126192,0.85702294,0.84145874,0.6176089,0.72503245,0.52330816,0.7438773,0.76112,0.8070497,0.7939269,0.61928743,0.64629585,0.9457542,0.6041047,0.7257954,0.87109375,0.875,75.07324,0.7812676,277.80316,292.14206,0.0,110.00001,99.90234,0.0,278.42047,280.8997,508.875,540.75,-0.06904947,453.34375,0.0,440.0,79.82713,70.98726,181.0852,0.0,83.39,266.96875,0.692749,2.0446777,67.82837,72.12067,2.9736328,83.75,83.62,81.2,81.68,0
568114.06,0.67211306,4.194025,1.5319611,1.6027492,101.168076,15.037586,13.982743,25.98724,414.22266,223.82089,52.359,0.0,4.721,18.281,30.6,0.0,93.98497,2.0,0.0,335.625,194.25,3851.0,0.0,-4.65625,1.098877,406.40366,19727.207,20000.502,1100.0834,519.2627,135.32867,122.12433,0.0,0.7260227,3.0,96.43402,30.517159,-5.2499933,-3.7499952,7.496,0.0,11.78125,0.8892822,0.0,0.0,0.0,0.0,0.0,1.796875,1.7578125,1.7578125,1.796875,0.90096897,0.8160525,0.8606088,0.83001447,0.6256199,0.755169,0.5330739,0.7428092,0.8532082,0.8987564,0.7833219,0.6167697,0.7489891,1.1086442,0.62020296,0.7227436,0.8671875,0.8730469,75.07324,0.7812623,280.2953,293.2096,0.0,110.00001,99.90234,0.0,280.94946,280.8997,508.875,540.75,-0.055239577,448.40625,0.0,439.875,79.82713,70.98853,181.92139,0.0,83.78,266.78125,0.7324219,-0.20446777,67.67578,69.80133,2.890625,83.86,84.27,81.85,82.01,0
568114.06,0.71769047,4.20886,1.54111,1.6029189,101.16803,15.037586,13.989092,26.072973,417.29028,227.05931,52.359,0.0,4.721,18.281,30.6,0.0,93.98497,2.0,0.0,332.625,194.625,3878.0,0.0,-4.6796875,1.1109619,410.8812,19722.96,20000.502,1100.0834,519.2627,136.49438,121.8276,0.0,0.7370669,3.0,96.450806,30.397774,-4.874994,-3.3749957,7.608,0.0,11.8984375,0.890625,0.0,0.0,0.0,0.0,0.0,1.796875,1.7578125,1.7578125,1.7773438,0.8940261,0.81086445,0.85252154,0.81971467,0.62790877,0.7615015,0.5413138,0.7444114,0.7644007,0.713283,0.77439535,0.5829709,0.6710155,0.8798352,0.6131838,0.7190814,0.8691406,0.8701172,75.07324,0.7812586,280.8862,291.65353,0.0,110.00001,99.90234,0.0,281.7123,280.8997,508.875,540.75,-0.044191662,450.90625,0.0,439.78125,79.82713,70.98968,184.46045,0.0,84.41,267.1875,0.70495605,-0.7232666,67.46216,69.04755,2.7734375,84.62,84.48,82.37,82.73,0
568114.1,0.73415244,4.214794,1.5486125,1.5872347,101.16799,15.037586,13.987677,26.0712,417.38586,229.04393,52.359,0.0,4.721,18.281,30.6,0.0,93.98497,2.0,0.0,331.125,195.0,3911.0,0.0,-4.9453125,1.1226196,414.72028,19744.719,20000.502,1100.0834,519.2627,136.8759,121.78521,0.0,0.7459027,3.0,96.07391,30.290327,-4.874994,-2.9999962,7.628,0.0,12.0703125,0.8710327,0.0,0.0,0.0,0.0,0.0,1.796875,1.7773438,1.7578125,1.7382812,0.8921187,0.8148318,0.8406195,0.80766004,0.6342412,0.7793546,0.5387198,0.74311435,0.8566415,0.9027237,0.618677,0.5407034,0.7519646,1.1136035,0.4898909,0.69634545,0.86816406,0.86816406,75.07324,0.781256,280.87393,287.55417,0.0,110.00001,99.90234,0.0,281.67914,280.8997,508.5,541.125,-0.03535333,451.875,0.0,439.875,79.82713,70.99071,185.40039,0.0,84.58,261.3125,0.67749023,-0.94299316,68.38989,69.9173,2.7197266,85.18,85.21,82.9,83.07,0
568114.1,0.76732194,4.1984177,1.5502936,1.5910922,101.16796,15.037586,13.992545,25.919626,415.97238,229.78578,52.359,0.0,4.721,18.281,30.6,0.0,93.98497,2.0,0.0,328.5,195.0,3937.0,0.0,-5.15625,1.1386108,420.61572,19837.586,20000.502,1100.0834,519.2627,137.74487,122.39986,0.0,0.7529716,3.0,96.372986,30.193624,-4.874994,-2.9999962,7.664,0.0,12.9609375,0.86987305,0.0,0.0,0.0,0.0,0.0,1.8359375,1.7773438,1.7382812,1.71875,0.90127414,0.80895704,0.83360034,0.79308766,0.66163117,0.78767073,0.5406271,0.7537957,1.0640116,0.7366293,0.70290685,0.77447164,0.99748224,0.9922179,0.57602805,0.99732965,0.8671875,0.8652344,75.07324,0.78125423,279.82913,286.93228,0.0,110.00001,99.90234,0.0,280.42706,280.8997,508.875,541.125,-0.028282663,450.46875,0.0,439.875,79.82713,70.99164,185.35156,0.0,85.58,260.96875,0.692749,0.37231445,68.33496,71.22345,2.7197266,85.86,85.69,83.28,84.11,0
568114.2,0.75385755,4.210617,1.5519087,1.6034274,101.16793,15.037586,13.984235,25.799782,417.94073,232.04596,52.359,0.0,4.721,18.281,30.6,0.0,93.98497,2.0,0.0,327.375,195.0,3957.0,0.0,-5.0703125,1.1506958,425.085,19847.139,20000.502,1100.0834,519.2627,139.37688,123.417206,0.0,0.7586269,3.0,97.16644,30.106592,-4.874994,-2.9999962,7.672,0.0,12.8203125,0.88500977,0.0,0.0,0.0,0.0,0.0,1.8359375,1.796875,1.7382812,1.7578125,0.89814603,0.8062867,0.83421075,0.79545283,0.66804,0.8142214,0.5484855,0.77096206,0.83993286,0.8284123,1.0922408,0.8986038,0.78744185,1.1158923,0.8950179,1.2104219,0.8642578,0.8652344,75.07324,0.781253,279.00302,287.96176,0.0,110.00001,99.90234,0.0,279.5896,280.8997,508.875,541.125,-0.02262613,445.25,0.0,439.875,79.82713,70.99247,185.33325,0.0,86.2,265.5,0.76293945,1.763916,67.333984,71.58661,2.709961,86.37,86.56,84.44,84.59,0
568114.25,0.74308604,4.252997,1.5531043,1.5970267,101.1679,15.037586,13.984277,25.644056,420.78912,235.63483,52.359,0.0,4.721,18.281,30.6,0.0,93.98497,2.0,0.0,327.0,195.375,3991.0,0.0,-5.0390625,1.156189,427.10815,19872.611,20000.502,1100.0834,519.2627,139.6524,123.713936,0.0,0.76315117,3.0,96.75903,30.028263,-4.4999943,-2.6249967,7.676,0.0,12.8203125,0.8898926,0.0,0.0,0.0,0.0,0.0,1.8359375,1.796875,1.7773438,1.7382812,0.90486,0.80300605,0.85214007,0.79324025,0.6842908,0.8236057,0.57923245,0.8007172,0.64476997,0.7415885,1.005417,0.66948956,0.64026856,0.9988556,0.8239109,0.9396506,0.8613281,0.86328125,75.07324,0.7812521,277.9296,285.4087,0.0,110.00001,99.90234,0.0,278.81848,280.8997,509.25,541.125,-0.018100904,446.59375,0.0,439.875,79.82713,70.993225,185.63232,0.0,86.66,266.96875,0.85754395,0.8239746,66.97388,70.39337,2.7124023,87.11,86.94,84.65,85.36,0
568114.25,0.69446886,4.251199,1.54529,1.6002482,101.16788,15.037586,13.984306,25.44888,419.631,236.57603,52.359,0.0,4.721,18.281,30.6,0.0,93.98497,2.0,0.0,325.5,195.75,4018.0,0.0,-5.0,1.163269,429.73666,19834.402,20000.502,1100.0834,519.2627,139.77957,123.24765,0.0,0.6105207,3.0,96.27228,29.957767,-4.4999943,-2.2499971,7.692,0.0,12.921875,0.9012451,0.0,0.0,0.0,0.0,0.0,1.8164062,1.6601562,1.796875,1.6601562,0.8916609,0.7955291,0.84901196,0.79995424,0.6820783,0.8284886,0.58388644,0.82772565,0.7783627,0.6556802,0.7905699,0.9497978,0.77302206,0.92019534,0.6713207,1.3329519,0.8574219,0.86035156,75.07324,0.78125143,276.58423,285.99625,0.0,110.00001,99.90234,0.0,277.49182,280.8997,509.625,541.125,-0.17073071,445.3125,0.0,439.875,79.82713,70.993904,185.26001,0.0,87.06,270.375,0.9979248,2.380371,66.18042,71.266174,2.7148438,87.45,87.74,85.5,85.59,0
568114.3,0.6155751,4.2317295,1.5396403,1.6034274,101.168686,15.037586,13.978467,25.27773,418.0977,237.70618,52.359,0.0,4.721,18.281,30.6,0.0,93.98497,2.0,0.0,325.125,195.75,4052.0,0.0,-4.9765625,1.1760254,433.94885,19750.025,20000.502,1100.0834,519.7934,141.19963,122.52703,0.0,0.48841646,3.0,96.80328,29.819134,-4.4999943,-2.2499971,7.632,0.0,13.3515625,0.9069824,0.0,0.0,0.0,0.0,0.0,1.6796875,1.6601562,1.796875,1.6601562,0.8816663,0.8049134,0.8546578,0.8067445,0.6888685,0.84130615,0.59792477,0.85694665,0.8019379,0.8515297,1.0710307,0.6880293,0.7284657,0.89906156,0.94018465,1.0078584,0.8535156,0.859375,75.10834,0.781251,275.40533,286.32968,0.0,110.00001,99.90234,0.0,275.8749,280.8997,510.0,541.125,-0.29283455,444.0625,0.0,439.6875,79.82713,70.994514,185.21729,0.0,88.13,272.09375,1.2695312,6.1920166,65.66162,74.81232,2.7172852,88.33,88.43,85.72,86.31,0
568114.3,0.5324601,4.223942,1.5326438,1.6033428,101.16941,15.037586,13.980239,25.20058,418.48145,239.45102,52.359,0.0,4.721,18.281,30.6,0.0,93.98497,2.0,0.0,324.375,195.75,4078.0,0.0,-4.9921875,1.182373,435.8062,19783.988,20000.502,1100.0834,519.7934,140.01273,121.0222,0.0,0.3907331,3.0,96.07849,29.694363,-4.4999943,-2.2499971,7.624,0.0,13.515625,0.91290283,0.0,0.0,0.0,0.0,0.0,1.6992188,1.6796875,1.8164062,1.6601562,0.88540477,0.80895704,0.8816663,0.8007172,0.6986343,0.84672314,0.6409552,0.86457616,0.96917677,0.8983749,1.2764171,0.8986801,0.88044554,0.9485008,1.1204699,1.3164722,0.8544922,0.8574219,75.10834,0.7812507,274.87427,287.02692,0.0,110.00001,99.90234,0.0,275.31937,280.8997,509.625,541.125,-0.39051762,443.0625,0.0,439.78125,79.82713,70.99506,185.52246,0.0,88.41,273.875,1.449585,4.095459,65.22217,72.47467,2.7294922,89.0,89.11,86.77,86.71,0
568114.4,0.42596808,4.202077,1.5280163,1.6031307,101.169235,15.037586,13.958042,25.152441,416.95355,240.9169,52.359,0.0,4.721,18.281,30.6,0.0,93.98497,2.0,0.0,323.625,195.75,4118.0,0.0,-5.0625,1.1972046,440.77298,19825.912,20000.502,1100.0834,522.1814,141.00888,121.954765,0.0,0.31258637,3.0,96.41571,29.58207,-4.4999943,-2.2499971,7.572,0.0,13.4140625,0.9158325,0.0,0.0,0.0,0.0,0.0,1.6992188,1.6796875,2.0703125,1.796875,0.88807505,0.8104066,0.9143206,0.8049897,0.7068742,0.84893566,0.6610971,0.90234226,1.0254825,0.84344244,1.1427481,0.80537117,0.93156326,0.8904402,1.0381476,1.1797513,0.85253906,0.8564453,75.10834,0.7812505,274.54227,287.40063,0.0,110.00001,99.90234,0.0,275.31937,280.8997,510.75,541.125,-0.4686641,441.9375,0.0,439.875,79.82713,70.99556,185.7544,0.0,89.41,274.75,1.6662598,5.026245,64.83765,73.23761,2.746582,89.33,89.69,87.01,87.36,0
568114.44,0.34077448,4.174581,1.5239332,1.6031307,101.169075,15.037586,13.960082,25.074657,415.79825,240.4244,52.359,0.0,4.721,18.281,30.6,0.0,93.98497,2.0,0.0,324.375,195.75,4121.0,0.0,-5.09375,1.2009277,441.6519,19818.482,20000.502,1100.0834,522.1814,141.39038,121.38251,0.0,0.25006902,3.0,96.598816,29.481005,-4.4999943,-2.2499971,7.544,0.0,13.453125,0.9109497,0.0,0.0,0.0,0.0,0.0,1.8945312,1.8554688,2.0507812,1.7578125,0.9041733,0.8202487,0.90486,0.7833982,0.72320133,0.85351336,0.6662089,0.9015793,0.8970016,0.80903333,0.96040285,0.63241017,0.8148318,0.8541238,0.87243456,0.8876173,0.85253906,0.8564453,75.276184,0.7812503,274.00595,287.66464,0.0,110.00001,99.90234,0.0,274.68088,280.8997,510.75,541.125,-0.5311813,441.84375,0.0,440.0,79.82713,70.996,185.5835,0.0,89.45,273.28125,1.8737793,7.220459,65.08179,75.94452,2.758789,90.89,90.38,87.64,87.83,0
568114.44,0.2926196,4.1823325,1.5192627,1.585963,101.16893,15.037586,13.949792,25.08471,417.31232,244.16899,52.359,0.0,4.721,18.281,30.6,0.0,93.98497,2.0,0.0,323.25,196.5,4170.0,0.0,-5.0,1.2069092,443.36,19852.445,20000.502,1100.0834,522.1814,140.77573,120.789055,0.0,0.20005518,3.0,95.99609,29.390047,-4.1249948,-1.4999981,7.544,0.0,13.5,0.90600586,0.0,0.0,0.0,0.0,0.0,1.9140625,1.8164062,2.2851562,1.7578125,0.9391165,0.8162814,1.0451667,0.78553444,0.7410544,0.8530556,0.7335775,0.912871,1.1838713,0.79797053,1.978561,0.82223237,1.0754559,0.8424506,1.7973602,1.1539636,0.8515625,0.8535156,75.276184,0.7812502,274.0751,285.55576,0.0,110.00001,99.90234,0.0,274.855,280.8997,510.75,541.125,-0.581195,447.5,0.0,439.78125,79.82713,70.9964,186.6333,0.0,90.63,271.8125,2.0629883,6.689453,65.29541,75.82855,2.775879,90.85,90.62,88.21,88.43,0
568114.5,0.31409568,4.166683,1.513562,1.6027068,101.1688,15.037586,13.936729,25.051308,416.04453,245.47035,52.359,0.0,4.721,18.281,30.6,0.0,93.98497,2.0,0.0,322.5,196.5,4205.0,0.0,-5.0078125,1.2249146,450.9884,19959.11,20000.502,1100.0834,523.77344,139.71599,120.789055,0.0,0.16004413,3.0,95.33234,29.308186,-4.1249948,-1.4999981,7.512,0.0,14.0078125,0.9241333,0.0,0.0,0.0,0.0,0.0,2.0703125,1.8359375,2.2460938,1.8945312,1.0269321,0.82635236,1.0309758,0.8618296,0.79011214,0.85778594,0.7392996,0.9752804,1.2011139,0.9111162,0.9317159,1.3640803,1.1260395,0.96185243,0.84634167,1.9143969,0.85253906,0.85253906,75.276184,0.7812501,273.84473,289.38583,0.0,110.00001,99.90234,0.0,274.63943,280.8997,511.5,541.125,-0.621206,442.5625,0.0,439.875,79.82713,70.99676,186.95068,0.0,90.97,277.25,2.2521973,6.970215,63.952637,74.99237,2.788086,91.61,91.61,88.95,88.95,0
568114.56,0.37127656,4.1604233,1.5162075,1.6026222,101.168686,15.037586,13.956882,25.150501,416.0923,246.66618,52.359,0.0,4.721,18.281,30.6,0.0,93.98497,2.0,0.0,322.5,196.5,4225.0,0.0,-5.015625,1.2314453,453.38474,19828.035,20000.502,1100.0834,523.77344,142.11101,121.50968,0.0,0.1280353,3.0,96.343994,29.23451,-4.1249948,-1.4999981,7.492,0.0,14.5078125,0.9286499,0.0,0.0,0.0,0.0,0.0,2.109375,1.8554688,2.2070312,1.9140625,1.0486763,0.83245593,1.0109102,0.86991686,0.807126,0.86221105,0.74319065,0.99176013,1.200885,0.80117494,0.9688716,0.98825055,1.1258106,0.8458839,0.9083696,1.3868926,0.85253906,0.8515625,75.38147,0.78125006,274.52835,289.58383,0.0,110.00001,99.90234,0.0,275.31937,280.8997,511.875,541.125,-0.65321475,442.0625,0.0,439.78125,79.82713,70.99708,187.79907,0.0,91.91,278.59375,2.420044,4.626465,63.586426,72.47467,2.8027344,92.39,92.24,89.24,89.62,0
568114.56,0.43702123,4.1954193,1.5103748,1.602495,101.16858,15.037586,13.935833,25.092394,419.31836,250.04953,52.359,0.0,4.721,18.281,30.6,0.0,93.98497,2.0,0.0,320.625,196.5,4250.0,0.0,-4.96875,1.2422485,457.37305,19886.408,20000.502,1100.0834,525.63074,141.39038,121.10698,0.0,0.10242826,3.0,95.99609,29.093014,-4.1249948,-1.4999981,7.528,0.0,14.5078125,0.9265747,0.0,0.0,0.0,0.0,0.0,1.953125,1.71875,2.0117188,1.7773438,1.06569,0.8472572,1.0023651,0.889601,0.8349737,0.8815137,0.7582208,1.0315862,1.5887693,1.1762418,0.9408713,0.9987793,1.4894332,1.2418555,0.8820478,1.4016937,0.8535156,0.8515625,75.38147,0.78125006,274.12772,290.19827,0.0,110.00001,99.90234,0.0,274.91306,280.8997,512.25,541.125,-0.6788218,441.15625,0.0,439.875,79.82713,70.99737,187.90894,0.0,92.3,277.96875,2.5848389,6.6192627,63.56201,74.64447,2.8027344,92.42,92.9,90.01,90.15,0
568114.6,0.509617,4.228168,1.5114927,1.6024101,101.16849,15.037586,13.944536,25.13205,420.92395,252.42444,52.359,0.0,4.721,18.281,30.6,0.0,93.98497,2.0,0.0,319.875,196.5,4274.0,0.0,-4.890625,1.2494507,460.00983,20076.389,20000.502,1100.0834,525.63074,139.73718,121.44609,0.0,0.08194262,3.0,95.047,28.965668,-4.1249948,-1.4999981,7.524,0.0,14.4921875,0.928833,0.0,0.0,0.0,0.0,0.0,1.9726562,1.7382812,1.9726562,1.7773438,1.0866712,0.8582437,1.0037384,0.9018082,0.87457085,0.8963912,0.7689784,1.0628672,1.0583657,0.9442283,0.98176545,1.1738765,0.9922179,0.9967956,0.9204242,1.6475166,0.85058594,0.8496094,75.50659,0.78125006,274.40097,289.8401,0.0,110.00001,99.90234,0.0,275.0872,280.8997,512.25,541.125,-0.69930744,436.5,0.0,439.78125,79.82713,70.99763,188.93433,0.0,92.88,278.65625,2.7435303,4.248047,63.31787,72.23053,2.7929688,93.32,93.05,90.51,90.95,0
568114.6,0.5476936,4.2600174,1.5197052,1.6023254,101.1684,15.037586,13.950628,25.322773,422.71698,254.03352,52.359,0.0,4.721,18.281,30.6,0.0,93.98497,2.0,0.0,319.5,196.5,4283.0,0.0,-4.6953125,1.2578125,463.10266,20001.564,20000.502,1100.0834,525.63074,140.05511,120.979805,0.0,0.06555408,3.0,95.199585,28.851055,-4.1249948,-1.4999981,7.524,0.0,14.3046875,0.9213257,0.0,0.0,0.0,0.0,0.0,1.9726562,1.7382812,1.953125,1.7773438,1.0801861,0.8579385,0.9923705,0.9053941,0.87579155,0.89662015,0.77538717,1.0762951,1.2193484,0.8528267,0.80102235,0.92813003,1.1431296,0.90035856,0.75097275,1.2501717,0.8496094,0.8496094,75.50659,0.78125006,275.7155,290.07513,0.0,110.00001,99.90234,0.0,276.43045,280.8997,512.625,540.75,-0.715696,436.3125,0.0,439.78125,79.82713,70.99786,189.71558,0.0,93.2,276.40625,2.859497,3.363037,63.653564,71.8338,2.7978516,93.65,93.97,91.21,91.29,0
568114.7,0.5781549,4.2915072,1.5179305,1.6021558,101.16833,15.037586,13.937315,25.41875,424.23126,257.20544,52.359,0.0,4.721,18.281,30.6,0.0,93.98497,2.0,0.0,318.75,196.5,4321.0,0.0,-4.578125,1.2697144,468.00308,19993.074,20000.502,1100.0834,526.95746,140.81813,121.50968,0.0,0.052443266,3.0,95.26062,28.747904,-4.1249948,-1.4999981,7.492,0.0,14.34375,0.9262085,0.0,0.0,0.0,0.0,0.0,1.9726562,1.7578125,1.9726562,1.796875,1.0872816,0.8695354,1.0009155,0.9087511,0.8972305,0.91149765,0.7927062,1.0957503,1.1136035,0.98275733,1.1905851,0.960708,1.0440223,1.0375372,1.1161975,1.2940414,0.8515625,0.84765625,75.50659,0.78125006,276.377,291.2339,0.0,110.00001,99.90234,0.0,277.0689,280.8997,512.625,540.75,-0.7288068,435.28125,0.0,440.0,79.82713,70.99808,190.52124,0.0,94.05,277.875,2.987671,2.6611328,63.1958,70.851135,2.800293,94.15,93.83,91.7,91.94,0
568114.75,0.58252394,4.266603,1.5189618,1.6020287,101.16826,15.037586,13.957293,25.45704,421.3686,257.30267,52.359,0.0,4.721,18.281,30.6,0.0,93.98497,2.0,0.0,316.125,196.5,4352.0,0.0,-4.46875,1.2785034,471.77585,20067.367,20000.502,1100.0834,526.95746,139.82198,121.74282,0.0,0.041954637,3.0,94.63806,28.65507,-4.1249948,-1.4999981,7.588,0.0,14.4453125,0.9301758,0.0,0.0,0.0,0.0,0.0,1.9921875,1.7578125,1.953125,1.796875,1.0914779,0.8728923,0.9863432,0.91172653,0.90806437,0.9165332,0.79667354,1.1069658,1.1850157,0.8437476,1.027161,0.98695356,1.1109331,0.8908217,1.0200657,1.3294423,0.8535156,0.8466797,75.598145,0.78125006,276.64087,291.268,0.0,110.00001,99.90234,0.0,277.39227,280.8997,513.0,540.375,-0.7392954,438.03125,0.0,439.78125,79.82713,70.99827,191.55273,0.0,94.38,279.0625,3.0792236,2.267456,62.823486,70.207214,2.7929688,94.95,95.03,92.1,92.42,0
568114.75,0.6460191,4.237891,1.5151688,1.5982136,101.1682,15.037586,13.959558,25.491823,419.97754,258.51572,52.359,0.0,4.721,18.281,30.6,0.0,93.98497,2.0,0.0,316.125,197.25,4387.0,0.0,-4.46875,1.2890015,476.18704,19934.7,20000.502,1100.0834,529.08014,141.28441,121.806404,0.0,0.033563733,3.0,95.1889,28.49633,-3.7499952,-0.74999905,7.5,0.0,14.8515625,0.9298706,0.0,0.0,0.0,0.0,0.0,1.9335938,1.7773438,1.953125,1.8359375,1.077287,0.8905165,0.99282825,0.93469137,0.906157,0.9388113,0.81353474,1.1554894,0.9619287,0.8982986,1.1367972,1.3743038,0.9018082,0.9483482,1.1289388,1.8511482,0.8515625,0.84472656,75.598145,0.78125006,276.88055,291.66064,0.0,110.00001,99.90234,0.0,277.6659,280.8997,513.375,540.375,-0.7476863,443.0,0.0,439.875,79.82713,70.99844,192.26074,0.0,94.96,278.96875,3.1585693,2.2094727,62.695312,70.173645,2.7832031,95.84,95.36,92.58,93.19,0
568114.8,0.7168153,4.2264066,1.5115703,1.6011809,101.168144,15.037586,13.972862,25.47826,420.26743,260.87598,52.359,0.0,4.721,18.281,30.6,0.0,93.98497,2.0,0.0,313.875,197.25,4424.0,0.0,-4.4296875,1.2999878,480.78897,19852.445,20000.502,1100.0834,529.08014,142.5137,122.060745,0.0,0.026850998,3.0,95.62836,28.353464,-3.7499952,-0.74999905,7.58,0.0,14.90625,0.93756104,0.0,0.0,0.0,0.0,0.0,1.9335938,1.7578125,1.8945312,1.8164062,1.0780499,0.8907454,0.9735256,0.9198901,0.9153124,0.9391928,0.8114748,1.1408408,1.0946059,0.88906693,0.76981765,0.9031815,1.0870527,0.9386587,0.7645533,1.2166018,0.8535156,0.84375,75.75836,0.78125006,276.78702,292.19373,0.0,110.00001,99.90234,0.0,277.53326,280.84164,513.75,540.375,-0.75439906,441.90625,0.0,439.6875,79.82713,70.9986,192.85278,0.0,95.9,281.28125,3.2440186,3.2958984,62.06665,70.765686,2.758789,96.29,96.17,93.47,93.55,0
568114.9,0.81345224,4.240563,1.5113739,1.6015624,101.1681,15.037586,13.988034,25.496359,421.73447,263.266,52.359,0.0,4.721,18.281,30.6,0.0,93.98497,2.0,0.0,310.875,197.25,4449.0,0.0,-4.4296875,1.3086548,484.53683,19852.445,20000.502,1100.0834,529.08014,142.57729,121.954765,0.0,0.021480799,3.0,95.50629,28.224886,-3.7499952,-0.74999905,7.624,0.0,15.03125,0.94122314,0.0,0.0,0.0,0.0,0.0,1.9335938,1.7773438,1.8945312,1.796875,1.0775921,0.8987564,0.9786374,0.9262226,0.92271304,0.94926375,0.8253605,1.1608301,1.0348668,1.1224537,1.0919356,1.0865949,1.0277715,1.1850157,1.0844587,1.4636453,0.85253906,0.84277344,75.75836,0.78125006,276.9117,292.8879,0.0,110.00001,99.90234,0.0,277.7157,280.65094,514.125,540.375,-0.75976926,441.40625,0.0,439.875,79.82713,70.99873,193.3899,0.0,96.41,282.375,3.3203125,2.1942139,61.712646,69.45343,2.7416992,97.33,97.19,93.72,94.34,0
568114.9,0.93076175,4.2462254,1.496107,1.6013505,101.16805,15.037586,13.969358,25.325615,422.03912,265.88406,52.359,0.0,4.721,18.281,30.6,0.0,93.98497,2.0,0.0,312.0,197.25,4490.0,0.0,-4.046875,1.3164062,487.96133,20116.19,20000.502,1100.0834,531.46814,139.46165,121.65804,0.0,0.17343462,3.0,93.86139,28.109165,-3.7499952,-0.74999905,7.516,0.0,15.4453125,0.9468384,0.0,0.0,0.0,0.0,0.0,1.953125,1.7773438,1.875,1.796875,1.0846113,0.898909,0.9842832,0.92790115,0.94590676,0.9511711,0.85236895,1.167544,1.2730602,0.72198063,1.3236438,0.8440528,1.2642863,0.76218814,1.3974212,1.0869764,0.8496094,0.8408203,75.912476,0.78125006,275.73477,294.5866,0.0,110.00001,99.90234,0.0,276.50507,280.17,514.5,540.0,-0.60781544,438.1875,0.0,439.78125,79.82713,70.998856,192.80396,0.0,97.7,284.0625,3.4667969,4.1778564,61.254883,71.180725,2.734375,97.51,97.99,94.67,94.85,0
568114.94,1.0246093,4.2672405,1.4989321,1.6012657,101.168015,15.037586,13.985582,25.269457,423.37494,268.44833,52.359,0.0,4.721,18.281,30.6,0.0,93.98497,2.0,0.0,313.125,197.25,4519.0,0.0,-4.1171875,1.3215942,490.42398,20129.986,20000.502,1100.0834,531.46814,139.52524,121.997154,0.0,0.2949977,3.0,93.73932,28.005016,-3.7499952,-0.74999905,7.464,0.0,15.5,0.9468384,0.0,0.0,0.0,0.0,0.0,1.953125,1.7773438,1.875,1.8164062,1.0926986,0.9053941,0.97611964,0.9463645,0.9620813,0.95918214,0.8532082,1.196994,0.9529259,1.0466926,0.823682,1.3569849,0.9463645,1.104982,0.8696117,1.7474632,0.85253906,0.83984375,75.912476,0.78125006,275.34763,293.69583,0.0,110.00001,99.90234,0.0,276.14853,279.87982,514.875,540.0,-0.48625237,438.78125,0.0,439.6875,79.82713,70.99897,193.49365,0.0,97.78,284.0625,3.5614014,4.4067383,61.175537,71.45538,2.7294922,99.55,98.8,94.73,95.5,0
568114.94,1.0996875,4.2568965,1.4969792,1.6008841,101.16798,15.037586,13.979361,25.220314,422.24265,269.27078,52.359,0.0,4.721,18.281,30.6,0.0,93.98497,2.0,0.0,307.875,197.25,4545.0,0.0,-4.1171875,1.3346558,495.29123,20139.54,20000.502,1100.0834,533.8562,139.6736,122.46344,0.0,0.39224815,3.0,93.65692,27.836094,-3.7499952,-0.74999905,7.584,0.0,15.6640625,0.95391846,0.0,0.0,0.0,0.0,0.0,2.1484375,1.9726562,2.0117188,2.0117188,1.1015488,0.92278934,0.9624628,0.95559627,0.9736782,0.96688795,0.86465245,1.202945,1.2130922,0.9205005,0.9282826,1.123064,1.2046998,0.9718471,0.9800107,1.4462501,0.8544922,0.8388672,75.912476,0.78125006,275.00885,293.7144,0.0,110.00001,99.90234,0.0,275.92465,279.05063,514.875,540.0,-0.3890019,440.53125,0.0,439.5,79.82713,70.99907,194.37866,0.0,98.97,286.1875,3.6468506,2.9663086,60.546875,69.53888,2.7246094,99.13,99.21,95.57,95.9,0
568115.0,1.2197499,4.252759,1.5014977,1.6010537,101.167946,15.037586,13.980865,25.103968,422.26276,272.06827,52.359,0.0,4.721,18.281,30.6,0.0,93.98497,2.0,0.0,307.125,197.625,4592.0,0.0,-4.0234375,1.3435669,499.1469,20229.223,20000.502,1100.0834,533.8562,138.1052,122.590614,0.0,0.47004852,3.0,92.74902,27.684063,-3.3749957,-0.37499952,7.6,0.0,15.640625,0.95355225,0.0,0.0,0.0,0.0,0.0,2.1484375,1.953125,2.03125,2.109375,1.0997177,0.90814066,0.9708553,1.0156405,0.9842069,0.9610132,0.87594414,1.2378881,1.2343023,0.922179,1.0292974,1.2893873,1.2258335,0.9736019,1.0866712,1.6604105,0.85058594,0.83691406,76.08795,0.78125006,274.20685,292.19485,0.0,110.00001,99.90234,0.0,275.01257,278.7024,515.625,540.0,-0.31120154,443.09375,0.0,439.09375,79.82713,70.99916,195.10498,0.0,99.66,286.0625,3.7902832,3.7384033,60.43701,70.417786,2.7246094,100.01,100.57,96.06,96.78,0
568115.06,1.2958,4.2323537,1.4961363,1.5874043,101.167915,15.037586,13.981917,25.023706,421.1222,271.03796,52.359,0.0,4.721,18.281,30.6,0.0,93.98497,2.0,0.0,305.25,197.625,4587.0,0.0,-3.8828125,1.3412476,498.84842,19979.275,20000.502,1100.0834,533.8562,139.99153,122.46344,0.0,0.5322888,3.0,93.65692,27.547234,-3.3749957,-0.37499952,7.628,0.0,15.6171875,0.9567261,0.0,0.0,0.0,0.0,0.0,2.1875,2.0507812,2.0703125,2.2070312,1.1252766,0.9612421,0.9877928,1.0704204,1.0,0.98359656,0.90112156,1.2700847,1.304036,1.3207446,1.0814831,1.2191195,1.2950332,1.3943694,1.2013428,1.5699245,0.84765625,0.83691406,76.08795,0.78125006,273.6536,289.84586,0.0,110.00001,99.90234,0.0,274.40726,278.35413,516.0,540.0,-0.24896124,442.125,0.0,439.09375,79.82713,70.999245,194.56177,0.0,99.97,287.03125,3.9215088,4.092407,60.27832,70.76874,2.7246094,100.35,100.28,96.59,97.04,0
568115.06,1.3766401,4.242942,1.4961476,1.5882944,101.168724,15.037586,13.965076,24.949282,422.8535,274.22882,52.359,0.078,4.721,18.281,30.6,0.0,93.98497,2.0,0.0,306.375,197.625,4622.0,0.0,-3.375,1.3479004,501.90805,20099.207,20000.502,1100.0834,534.6522,138.8894,122.56942,0.0,0.5820811,3.0,92.98401,27.424088,-3.3749957,-0.37499952,7.588,0.0,15.5234375,0.9661255,0.0,0.0,0.0,0.0,0.0,2.2265625,2.1289062,2.109375,2.3632812,1.1161212,1.0004578,1.0167849,1.1532006,1.0070955,1.0032806,0.9241627,1.3248646,1.2619212,1.3374532,0.90440226,1.1216145,1.2532234,1.4120699,1.0045778,1.4443427,0.8457031,0.8359375,76.14441,0.78125006,273.14142,289.41776,0.0,110.00001,99.90234,0.0,273.99268,278.02246,515.625,539.25,-0.199169,442.28125,0.0,438.59375,79.82713,70.99932,195.41016,0.0,100.68,289.84375,4.0802,4.248047,59.594727,70.42389,2.7270508,100.71,100.82,97.4,97.91,0
568115.1,1.4413121,4.265927,1.4916977,1.5890574,101.16945,15.037586,13.959147,24.839874,424.5397,275.20322,52.359,0.128,4.721,18.281,30.6,0.0,93.98497,2.0,0.0,305.25,197.625,4620.0,0.0,-3.53125,1.3475342,502.33923,20105.576,20000.502,1100.0834,534.6522,138.95299,122.80256,0.0,0.62191486,3.0,93.01453,27.31326,-3.3749957,-0.37499952,7.588,0.0,15.4296875,0.9692383,0.0,0.0,0.0,0.0,0.0,2.1679688,2.1289062,2.0898438,2.34375,1.0836195,0.9997711,0.996643,1.1492332,1.001831,1.0056459,0.93492025,1.3309681,0.85587853,0.99488825,0.9540703,1.0729381,0.90363926,1.0503547,1.0597391,1.3817044,0.8417969,0.8359375,76.14441,0.78125006,272.388,289.63004,0.0,110.00001,99.90234,0.0,273.25473,277.82346,516.0,539.625,-0.1593352,440.96875,0.0,438.78125,79.82713,70.99939,194.81201,0.0,100.8,290.78125,4.2022705,4.9316406,59.399414,71.08307,2.7246094,101.16,101.39,97.78,98.22,0
568115.2,1.5130496,4.2751207,1.4964957,1.5759168,101.169266,15.037586,13.937419,24.773836,424.90228,277.64417,52.359,0.157,4.721,18.281,30.6,0.0,93.98497,2.0,0.0,306.375,198.0,4657.0,0.0,-3.4296875,1.3511353,503.6825,19911.35,20000.502,1100.0834,535.9789,140.479,122.548225,0.0,0.6537819,3.0,93.59589,27.213512,-3.3749957,0.0,7.544,0.0,15.375,0.965271,0.0,0.0,0.0,0.0,0.0,2.1289062,2.109375,1.8945312,2.3828125,1.0602732,0.9945831,0.9921416,1.1686885,1.005951,1.0086976,0.95056075,1.3555353,0.88799876,0.89257646,1.0119784,1.3887236,0.9375143,0.9423972,1.1240559,1.7883574,0.8417969,0.83496094,76.14441,0.78125006,271.93262,285.88895,0.0,110.00001,99.90234,0.0,272.70743,277.45862,516.375,539.625,-0.12746815,444.65625,0.0,438.375,79.82713,70.99945,195.90454,0.0,101.66,289.59375,4.3670654,4.8339844,59.594727,71.33331,2.7246094,101.5,101.54,98.8,98.77,0
568115.2,1.5304396,4.2600484,1.4896644,1.5766373,101.169106,15.037586,13.933928,24.61569,423.4675,277.12256,52.359,0.208,4.721,18.281,30.6,0.0,93.98497,2.0,0.0,302.25,198.0,4664.0,0.0,-3.5234375,1.3544922,504.36243,20033.404,20000.502,1100.0834,535.9789,139.63121,122.99331,0.0,0.6792755,3.0,93.18695,27.123741,-3.3749957,0.0,7.668,0.0,15.234375,0.9682007,0.0,0.0,0.0,0.0,0.0,1.953125,1.9335938,1.8945312,2.1875,1.0729381,0.99717706,0.9938201,1.1770047,1.0328832,1.0140383,0.96047914,1.383154,1.1234455,0.89349204,1.0311284,1.155642,1.1860838,0.9433127,1.1453422,1.4882123,0.8388672,0.83496094,76.234436,0.78125006,270.84238,286.0525,0.0,110.00001,99.90234,0.0,271.69583,277.185,516.75,539.625,-0.101974525,443.28125,0.0,438.375,79.82713,70.999504,195.27588,0.0,101.9,290.46875,4.5806885,5.7006836,59.362793,72.21222,2.7246094,102.28,102.53,98.88,99.65,0
568115.25,1.5243517,4.2352695,1.4950948,1.5776546,101.16896,15.037586,13.937343,24.629303,422.3281,278.39166,52.359,0.248,4.721,18.281,30.6,0.0,93.98497,2.0,0.0,304.875,198.0,4698.0,0.0,-3.5,1.3636475,507.76205,20082.227,20000.502,1100.0834,535.9789,139.22852,123.14168,0.0,0.69967043,3.0,92.840576,27.042946,-2.9999962,0.0,7.552,0.0,15.1953125,0.9682007,0.0,0.0,0.0,0.0,0.0,1.953125,1.9140625,1.9140625,2.2070312,1.0696574,0.98481727,0.99824524,1.1860075,1.0344853,1.0048829,0.9736019,1.4036012,1.0089265,0.85259783,0.92278934,1.3862821,1.065156,0.9001297,1.0250248,1.7852293,0.8339844,0.8330078,76.234436,0.78125006,270.93607,285.27774,0.0,110.00001,99.90234,0.0,271.79538,276.93625,516.75,539.625,-0.08157962,443.34375,0.0,438.0,79.82713,70.99955,196.75293,0.0,102.44,290.46875,4.6875,4.6081543,59.228516,71.15936,2.7197266,102.09,102.17,99.77,99.93,0
568115.25,1.5194813,4.206608,1.4949155,1.5629879,101.16883,15.037586,13.922155,24.49094,420.97443,277.5584,52.359,0.278,4.721,18.281,30.6,0.0,93.98497,2.0,0.0,303.0,198.375,4699.0,0.0,-3.265625,1.3583984,505.23306,20082.227,20000.502,1100.0834,537.57086,139.2709,123.226456,0.0,0.7159864,3.0,92.86041,26.89504,-2.9999962,0.37499952,7.58,0.0,15.203125,0.9611206,0.0,0.0,0.0,0.0,0.0,1.953125,1.9335938,1.9140625,2.2460938,1.0666057,0.9970245,1.002594,1.2036316,1.0360876,1.0218967,0.9934386,1.4425117,1.0817883,1.2688639,1.1848631,1.3269246,1.1421378,1.3395895,1.3161669,1.7088579,0.8330078,0.8330078,76.234436,0.78125006,269.9822,281.84506,0.0,110.00001,99.90234,0.0,270.83353,276.62946,517.125,539.25,-0.065263696,446.09375,0.0,437.875,79.82713,70.999596,196.30737,0.0,102.27,288.34375,4.852295,5.151367,59.753418,72.33734,2.7294922,102.65,103.08,99.98,100.71,0
568115.3,1.4755851,4.195143,1.4928858,1.5632845,101.16872,15.037586,13.929102,24.423433,421.4059,279.0846,52.359,0.319,4.721,18.281,30.6,0.0,93.98497,2.0,0.0,301.5,198.375,4720.0,0.0,-3.046875,1.3633423,507.08212,20087.533,20000.502,1100.0834,537.57086,139.22852,123.268845,0.0,0.7290391,3.0,92.68646,26.761927,-2.9999962,0.37499952,7.616,0.0,15.2578125,0.96551514,0.0,0.0,0.0,0.0,0.0,1.953125,1.9335938,1.9140625,2.2851562,1.0663767,0.9956512,0.99916077,1.2322423,1.0448616,1.0255588,1.0045778,1.4972153,1.1764706,1.246357,0.97482264,1.1591516,1.2420844,1.3157854,1.1423666,1.4927901,0.8339844,0.83203125,76.33972,0.78125006,269.51678,281.7577,0.0,110.00001,99.90234,0.0,270.3443,276.30606,517.125,539.25,-0.052210957,445.96875,0.0,437.59375,79.82713,70.99963,196.63696,0.0,103.09,289.65625,5.0476074,4.928589,59.399414,71.9986,2.7294922,103.46,103.51,100.92,101.16,0
568115.4,1.360468,4.1905575,1.4929712,1.5514156,101.16861,15.037586,13.933965,24.291756,421.51288,280.92972,52.359,0.367,4.721,18.281,30.6,0.0,93.98497,2.0,0.0,301.875,198.375,4750.0,0.0,-3.0,1.3632202,507.03238,20032.873,20000.502,1100.0834,538.3669,140.35184,123.8411,0.0,0.7394813,3.0,93.08624,26.642124,-2.9999962,0.37499952,7.584,0.0,15.2734375,0.960083,0.0,0.0,0.0,0.0,0.0,2.0117188,1.953125,1.875,2.265625,1.0815594,1.0068666,0.9964141,1.2178226,1.0717174,1.0408942,1.009842,1.4832532,1.3140306,1.1145953,0.9451438,0.9486534,1.387274,1.1767758,1.1075761,1.2216372,0.8310547,0.8310547,76.33972,0.78125006,268.60904,279.06958,0.0,110.00001,99.90234,0.0,269.4405,276.08218,517.5,538.875,-0.041768767,448.65625,0.0,437.5,79.82713,70.99967,197.47314,0.0,103.52,288.03125,5.178833,5.2490234,59.74121,72.846985,2.7246094,103.46,103.89,101.39,101.85,0
568115.4,1.2083745,4.113723,1.4918522,1.5662519,101.16851,15.037586,13.93151,24.195864,415.63254,278.87677,52.359,0.401,4.721,18.281,30.6,0.0,93.98497,2.0,0.0,300.75,198.375,4782.0,0.0,-2.796875,1.3790283,513.49164,20125.742,20000.502,1100.0834,538.3669,138.99538,123.69274,0.0,0.74783504,3.0,92.27905,26.534302,-2.9999962,0.37499952,7.596,0.0,14.9453125,0.9836426,0.0,0.0,0.0,0.0,0.0,1.9921875,1.953125,1.875,2.265625,1.0773633,1.0133517,0.9986267,1.2219424,1.0736247,1.0539407,1.0292974,1.4938582,0.9985504,1.053254,1.1337453,1.1143664,1.1091783,1.1699092,1.328603,1.4350348,0.82714844,0.82910156,76.40228,0.78125006,267.94797,280.7637,0.0,110.00001,99.90234,0.0,268.8435,275.62613,517.875,538.875,-0.033415016,444.96875,0.0,437.09375,79.82713,70.9997,197.94922,0.0,103.9,295.09375,5.383301,6.4453125,58.026123,72.64862,2.7294922,104.48,104.52,101.79,102.35,0
568115.44,0.9666996,4.0079894,1.490959,1.567778,101.16843,15.037586,13.929791,24.061138,409.95718,277.08206,52.359,0.438,4.721,18.281,30.6,0.0,93.98497,2.0,0.0,299.25,198.375,4817.0,0.0,-2.6484375,1.3843994,515.4982,20087.533,20000.502,1100.0834,540.48956,138.95299,123.33243,0.0,0.75451803,3.0,92.1051,26.437262,-2.6249967,0.37499952,7.608,0.0,14.7421875,0.9998779,0.0,0.0,0.0,0.0,0.0,2.0117188,1.9726562,1.875,2.2460938,1.0816357,1.0196079,1.0028229,1.2022583,1.0929275,1.0691997,1.049134,1.476463,0.9262226,1.0244144,1.0796521,1.1916534,1.0288396,1.1378653,1.2652018,1.5345235,0.8232422,0.828125,76.40228,0.78125006,267.01923,280.1315,0.0,110.00001,99.90234,0.0,267.92313,275.0623,518.25,538.875,-0.026732013,444.03125,0.0,436.78125,79.82713,70.99973,198.48633,0.0,104.81,299.96875,5.645752,6.454468,56.921387,71.91925,2.734375,105.79,105.02,102.72,102.72,0
568115.5,0.7333597,3.9469457,1.4898655,1.5548491,101.16835,15.037586,13.928588,23.965374,408.4797,277.8029,52.359,0.487,4.721,18.281,30.6,0.0,93.98497,2.0,0.0,298.125,198.75,4847.0,0.0,-2.6015625,1.3881836,516.31915,19990.42,20000.502,1100.0834,540.48956,139.92795,123.459595,0.0,0.75986445,3.0,92.42096,26.349926,-2.6249967,0.74999905,7.62,0.0,14.59375,0.9911499,0.0,0.0,0.0,0.0,0.0,2.0117188,2.0117188,1.8945312,2.2851562,1.0795758,1.0415045,1.0131991,1.2332342,1.0961318,1.1012436,1.0737773,1.5308614,1.198291,1.5299459,1.2442206,1.9349966,1.3310444,1.6994736,1.5347524,2.4918745,0.8203125,0.82714844,76.40228,0.78125006,266.35907,277.38232,0.0,110.00001,99.90234,0.0,267.2432,274.5648,518.25,538.5,-0.02138561,446.875,0.0,436.5,79.82713,70.999756,199.05396,0.0,105.44,297.34375,5.8166504,6.7199707,57.41577,72.831726,2.7270508,105.59,106.04,103.08,103.43,0
568115.5,0.52668774,3.9037783,1.4889979,1.5557816,101.16828,15.037586,13.933605,23.808607,407.16788,278.39612,52.359,0.519,4.721,18.281,30.6,0.0,93.98497,2.0,0.0,296.25,198.75,4873.0,0.0,-2.6015625,1.3917236,517.6292,20104.514,20000.502,1100.0834,540.48956,138.99538,123.69274,0.0,0.60789156,3.0,91.82892,26.271324,-2.6249967,0.74999905,7.62,0.0,14.484375,1.0036011,0.0,0.0,0.0,0.0,0.0,1.9921875,2.0117188,1.9140625,2.3046875,1.0709544,1.0427252,1.0215153,1.2390326,1.0976578,1.1091783,1.1033036,1.5459678,1.0187685,1.1669337,1.09514,1.18822,1.1316854,1.2962539,1.3508812,1.5301747,0.82128906,0.8251953,76.55029,0.78125006,265.2784,276.62573,0.0,110.00001,99.90234,0.0,266.3228,274.10046,519.0,538.5,-0.17335847,445.84375,0.0,436.28125,79.82713,70.99978,199.26758,0.0,106.22,301.09375,6.1157227,6.539917,56.573486,72.21222,2.7319336,107.02,106.38,103.88,103.69,0
568115.56,0.3413502,3.8865113,1.486448,1.5425985,101.16822,15.037586,13.931258,23.680948,407.26007,280.002,52.359,0.568,4.721,18.281,30.6,0.0,93.98497,2.0,0.0,296.25,199.125,4900.0,0.0,-2.6171875,1.3919067,517.70386,19750.025,20000.502,1100.0834,542.3469,142.81044,123.523186,0.0,0.48631328,3.0,93.515015,26.125395,-2.6249967,1.1249986,7.604,0.0,14.4296875,0.99591064,0.0,0.0,0.0,0.0,0.0,2.03125,2.03125,1.9335938,2.2851562,1.0757611,1.0589762,1.0298314,1.2306402,1.1136798,1.1330587,1.1234455,1.5376517,1.2429236,1.1422141,1.21561,1.0732433,1.3806363,1.2687876,1.4995804,1.3820859,0.81933594,0.82421875,76.55029,0.78125006,264.3984,273.88647,0.0,110.00001,99.90234,0.0,265.34436,273.71902,519.375,538.5,-0.29493678,446.96875,0.0,436.09375,79.82713,70.9998,199.32861,0.0,106.73,298.78125,6.2957764,7.043457,57.055664,73.32306,2.7294922,106.73,107.1,104.1,104.41,0
568115.56,0.19308017,3.8608546,1.4909282,1.5440398,101.16817,15.037586,13.923756,23.659136,405.90744,280.43893,52.359,0.599,4.721,18.281,30.6,0.0,93.98497,2.0,0.0,294.375,199.125,4924.0,0.0,-2.5859375,1.3949585,518.83984,19801.5,20000.502,1100.0834,542.3469,142.1322,122.61181,0.0,0.38905066,3.0,93.18695,25.994059,-2.6249967,1.1249986,7.636,0.0,14.25,1.0084229,0.0,0.0,0.0,0.0,0.0,2.0507812,2.0703125,1.9335938,2.2851562,1.0896467,1.080415,1.0397497,1.2319372,1.1404593,1.1654078,1.152514,1.5420004,1.2349889,1.4776837,1.0215915,1.1112382,1.4473182,1.641413,1.2601663,1.430991,0.81640625,0.82421875,76.68915,0.78125006,264.24802,273.15878,0.0,110.00001,99.90234,0.0,265.25317,273.31274,519.375,538.5,-0.3921994,447.0625,0.0,435.78125,79.82713,70.99982,200.15869,0.0,107.21,302.53125,6.539917,5.606079,56.219482,71.38519,2.7368164,107.9,107.75,104.79,104.63,0
568115.6,0.054464146,3.8505921,1.4840735,1.5312805,101.16811,15.037586,13.9302225,23.508823,406.2179,281.33737,52.359,0.638,4.721,18.281,30.6,0.0,93.98497,2.0,0.0,291.75,199.125,4936.0,0.0,-2.2109375,1.3914795,517.5297,19904.982,20000.502,1100.0834,542.3469,141.45396,122.52703,0.0,0.31124055,3.0,92.707825,25.875854,-2.6249967,1.1249986,7.696,0.0,14.1484375,0.99780273,0.0,0.0,0.0,0.0,0.0,2.0898438,2.109375,1.9335938,2.265625,1.1086442,1.1008621,1.0310521,1.2259098,1.180209,1.1955444,1.148394,1.5384909,1.3930724,1.302205,1.0054933,1.2259861,1.6325628,1.446479,1.2948806,1.5787747,0.8125,0.8232422,76.68915,0.78125006,263.21188,271.2283,0.0,110.00001,99.90234,0.0,264.18353,272.96448,519.75,538.5,-0.4700095,447.40625,0.0,435.6875,79.82713,70.99983,199.6399,0.0,107.61,299.34375,6.814575,6.008911,56.9458,72.72186,2.734375,108.07,108.35,105.26,105.47,0
568115.7,-0.03642868,3.8652368,1.4851384,1.5206829,101.16807,15.037586,13.9171715,23.384954,407.78098,285.1091,52.359,0.678,4.721,18.281,30.6,0.0,93.98497,2.0,0.0,293.625,199.5,4983.0,0.0,-2.375,1.3954468,519.0057,19859.875,20000.502,1100.0834,543.67365,141.26321,121.78521,0.0,0.0927425,3.0,92.46216,25.769472,-2.2499971,1.4999981,7.584,0.0,13.9140625,0.9935303,0.0,0.0,0.0,0.0,0.0,2.0703125,2.109375,1.9335938,2.2851562,1.1023117,1.1007859,1.034409,1.231632,1.1845579,1.1968414,1.1715877,1.5512322,1.0932326,1.1790646,1.1378653,1.3617151,1.2811475,1.3096819,1.4653239,1.7535667,0.81152344,0.82128906,76.68915,0.78125006,262.358,268.69003,0.0,110.00001,99.90234,0.0,263.3792,272.49185,519.75,538.5,-0.68850756,449.6875,0.0,435.09375,79.82713,70.99985,200.47607,0.0,108.26,298.0625,7.0648193,7.147217,57.147217,74.324036,2.7392578,108.32,108.85,105.75,105.79,0
568115.7,-0.14914294,3.852345,1.4762281,1.5216581,101.16803,15.037586,13.908035,23.271236,406.47986,283.80017,52.359,0.72,4.721,18.281,30.6,0.0,93.98497,2.0,0.0,292.5,199.5,4976.0,0.0,-2.2734375,1.3956909,519.10516,19893.838,20000.502,1100.0834,543.67365,140.37303,121.17056,0.0,-0.082055986,3.0,92.03339,25.673727,-2.2499971,1.4999981,7.596,0.0,13.796875,0.99298096,0.0,0.0,0.0,0.0,0.0,2.0507812,2.1289062,1.9726562,2.2851562,1.0922408,1.1100938,1.055314,1.2295719,1.1782254,1.2116426,1.2190433,1.5503166,0.9040207,1.2429999,1.1361867,1.069276,1.0593576,1.3807126,1.4631876,1.3769741,0.8105469,0.82128906,76.77307,0.78125006,261.57413,269.12848,0.0,110.00001,99.90234,0.0,262.57495,272.06897,520.125,538.5,-0.86330605,448.15625,0.0,435.28125,79.82713,70.99986,199.823,0.0,108.47,297.90625,7.357788,8.181763,57.183838,75.730896,2.746582,109.38,108.93,106.42,106.07,0
568115.75,-0.17931435,3.847188,1.4733367,1.5179278,101.16799,15.037586,13.90164,23.152351,406.63562,286.3623,52.359,0.757,4.721,18.281,30.6,0.0,93.98497,2.0,0.0,294.0,199.5,5019.0,0.0,-2.28125,1.4013672,520.63086,19876.855,20000.502,1100.0834,541.8163,141.00888,121.276535,0.0,-0.2218948,3.0,92.196655,25.587557,-2.2499971,1.4999981,7.536,0.0,13.65625,1.0061035,0.0,0.0,0.0,0.0,0.0,2.109375,2.2070312,1.9726562,2.4609375,1.1205462,1.1445793,1.0544747,1.2254521,1.2274357,1.2590219,1.2250706,1.5493248,1.6610209,1.858854,1.088426,1.3163958,1.9465171,2.0648508,1.5275807,1.695201,0.80859375,0.8203125,76.77307,0.78125006,260.75464,268.16202,0.0,110.00001,99.90234,0.0,261.8204,271.59634,520.125,538.5,-1.0031449,446.34375,0.0,434.78125,79.82713,70.99988,200.14648,0.0,109.59,301.84375,7.647705,8.621216,56.28662,75.61798,2.7685547,109.46,108.93,106.73,107.18,0
568115.8,-0.18345147,3.8638754,1.4644657,1.5169103,101.16796,15.037586,13.908882,23.060528,408.34918,288.0274,52.359,0.799,4.721,18.281,30.6,0.0,93.98497,2.0,0.0,294.75,199.5,5027.0,0.0,-2.28125,1.4014893,520.664,19933.639,20000.502,1100.0834,541.8163,139.2709,120.02605,0.0,-0.3337658,3.0,91.20636,25.510004,-2.2499971,1.4999981,7.496,0.0,12.7734375,1.0054932,0.0,0.0,0.0,0.0,0.0,2.0898438,2.2460938,1.9726562,2.5,1.1156634,1.1574731,1.0654612,1.2467384,1.2426184,1.2939651,1.2684824,1.6103609,1.0142672,0.9546044,1.2780194,1.4872968,1.306096,1.2858778,1.7936218,2.178683,0.80859375,0.8203125,76.64032,0.78125006,260.12167,268.61044,0.0,110.00001,99.90234,0.0,261.12387,271.27298,520.875,538.5,-1.1150159,443.28125,0.0,433.5,79.82713,70.999886,199.59717,0.0,109.46,301.65625,7.952881,9.841919,56.323242,77.19269,2.7954102,110.1,109.68,107.25,107.1,0
568115.8,-0.28676116,3.8705502,1.4619817,1.5025405,101.16793,15.037586,13.9080925,22.975317,408.7458,288.99536,52.359,0.838,4.721,18.281,30.6,0.0,93.98497,2.0,0.0,295.5,199.875,5039.0,0.0,-2.2578125,1.3969727,518.9974,19955.926,20000.502,1100.0834,543.14294,138.95299,119.89887,0.0,-0.57951266,3.0,91.052246,25.365019,-1.8749976,1.8749976,7.452,0.0,12.765625,0.993103,0.0,0.0,0.0,0.0,0.0,2.0898438,2.2265625,1.953125,2.4804688,1.1118486,1.150225,1.0529488,1.2296482,1.26215,1.3147173,1.2761883,1.610132,1.2513161,1.0719463,0.8973068,1.1911192,1.6855879,1.504387,1.3144121,1.8127718,0.8095703,0.81933594,76.64032,0.78125006,259.5343,266.30194,0.0,110.00001,99.90234,0.0,260.4854,270.85837,520.875,538.5,-1.3607627,444.84375,0.0,432.375,79.82713,70.99989,199.38354,0.0,110.18,297.9375,8.309937,9.732056,57.159424,78.18451,2.8222656,110.52,110.27,108.07,107.86,0
568115.9,-0.30940893,3.8919702,1.4671694,1.4958853,101.1679,15.037586,13.889961,23.117428,410.3459,291.68124,52.359,0.887,4.721,18.281,30.6,0.0,93.98497,2.0,0.0,295.5,199.5,5066.0,0.0,-2.25,1.3990479,519.7602,19933.639,20000.502,1100.0834,543.14294,138.65625,119.284225,0.0,-0.7761101,3.0,90.82794,25.234531,-1.8749976,1.4999981,7.448,0.0,12.75,0.99298096,0.0,0.0,0.0,0.0,0.0,2.0898438,2.2265625,1.953125,2.4414062,1.1105516,1.1493858,1.0484474,1.2144655,1.2723736,1.3440146,1.2831311,1.60029,1.0861372,1.2196536,0.8217746,0.93026626,1.463035,1.7117571,1.2037079,1.4158083,0.8095703,0.8173828,76.64032,0.78125006,260.51382,265.33057,0.0,110.00001,99.90234,0.0,261.32288,270.36917,520.875,538.5,-1.5573602,437.53125,0.0,431.875,79.82713,70.9999,200.53711,0.0,110.43,297.90625,8.480835,7.507324,57.128906,76.11847,2.8417969,110.6,110.92,108.23,108.68,0
568115.9,-0.32752717,3.8817883,1.4524343,1.5240742,101.16788,15.037586,13.912426,22.868666,408.9611,292.5905,52.359,0.919,4.721,18.281,30.6,0.0,93.98497,2.0,0.0,293.625,199.5,5099.0,0.0,-2.3515625,1.4118042,524.51135,20041.365,20000.502,1100.0834,543.14294,137.51173,119.15706,0.0,-0.93338805,3.0,90.20538,25.117092,-1.4999981,1.4999981,7.452,0.0,12.734375,1.048645,0.0,0.0,0.0,0.0,0.0,2.0507812,2.2265625,1.9335938,2.421875,1.0894941,1.1522087,1.0354773,1.1972991,1.2608529,1.3623254,1.2860304,1.5987641,0.7984283,1.2361333,1.0086213,1.1352712,1.028153,1.7348745,1.4155794,1.7278553,0.8066406,0.81640625,76.73187,0.78125006,258.7991,270.86426,0.0,110.00001,99.90234,0.0,259.7806,269.5234,521.25,538.5,-1.7146381,432.1875,0.0,429.28125,79.82713,70.99991,200.04883,0.0,110.84,314.59375,8.770752,12.155151,53.59497,77.71149,2.8613281,111.51,111.3,109.01,108.77,0
568115.94,-0.36202174,3.8214655,1.4496392,1.5030916,101.167854,15.037586,13.910573,22.8499,404.4758,291.76514,52.359,0.958,4.721,18.281,30.6,0.0,93.98497,2.0,0.0,294.375,199.875,5141.0,0.0,-2.34375,1.4098511,523.77344,20007.402,20000.502,1100.0834,545.53094,137.93564,119.26303,0.0,-1.2154605,3.0,90.32745,25.011398,-1.4999981,1.8749976,7.408,0.0,12.8984375,1.0316772,0.0,0.0,0.0,0.0,0.0,2.0703125,2.265625,1.9726562,2.3828125,1.0811017,1.1557183,1.0370032,1.2014954,1.2572671,1.3933775,1.3058671,1.6228733,1.0982682,1.1538873,1.1327535,1.4223697,1.4143587,1.61944,1.5898374,2.0836194,0.8046875,0.8154297,76.73187,0.78125006,258.6697,267.5233,0.0,110.00001,99.90234,0.0,259.73087,268.65277,521.625,538.5,-1.9967105,433.90625,0.0,426.6875,79.82713,70.999916,200.84839,0.0,111.7,309.5,9.060669,11.78894,54.66919,78.66058,2.8710938,111.95,112.25,109.38,109.8,0
568116.06,-0.3496174,3.7410865,1.4509131,1.4967332,101.16783,15.037586,13.909276,22.907293,399.9596,289.46143,52.359,0.999,4.721,18.281,30.6,0.0,93.98497,2.0,0.0,293.625,199.875,5158.0,0.0,-2.4453125,1.4102783,523.9393,19899.676,20000.502,1100.0834,545.53094,137.78726,118.118515,0.0,-1.4411185,3.0,90.18555,24.916273,-1.1249986,1.8749976,7.388,0.0,12.84375,1.0302734,0.0,0.0,0.0,0.0,0.0,2.0507812,2.265625,1.953125,2.3828125,1.0650034,1.1567864,1.0311284,1.2048523,1.2500191,1.411307,1.3125048,1.6427863,0.923476,1.0677501,0.91599905,1.3249409,1.1892118,1.4382391,1.2855726,1.9408712,0.8027344,0.81347656,76.91345,0.78125006,259.0653,266.90692,0.0,110.00001,99.90234,0.0,260.16202,268.0226,522.0,538.5,-2.2223685,433.0625,0.0,424.875,79.82713,70.99992,201.41602,0.0,112.64,309.09375,9.307861,10.238647,54.75464,77.46124,2.9174805,112.68,112.65,109.8,110.23,0
568116.06,-0.37969393,3.6901846,1.4439452,1.4807098,101.167816,15.037586,13.9142275,22.753212,398.62683,289.7274,52.359,1.049,4.721,18.281,30.6,0.0,93.98497,2.0,0.0,293.625,200.25,5180.0,0.0,-2.53125,1.4084473,522.6706,19950.62,20000.502,1100.0834,547.6537,137.78726,118.56361,0.0,-1.6216447,3.0,90.18555,24.83066,-1.1249986,2.2499971,7.356,0.0,12.7734375,1.0180054,0.0,0.0,0.0,0.0,0.0,2.03125,2.3242188,1.953125,2.4023438,1.0521096,1.1831082,1.0315862,1.2139314,1.2454413,1.4688334,1.3284504,1.664683,0.94483864,1.8691539,0.8863203,0.9142443,1.2166781,2.5177386,1.2439154,1.3392843,0.8027344,0.81347656,76.91345,0.78125006,258.00323,264.32578,0.0,110.00001,99.90234,0.0,258.97632,267.4173,522.0,538.5,-2.4028947,435.4375,0.0,423.0,79.82713,70.99993,201.15967,0.0,112.93,305.40625,9.466553,11.706543,55.53589,79.83856,2.9199219,113.5,113.33,110.48,110.39,0
568116.1,-0.38375515,3.651074,1.4416764,1.5137312,101.1678,15.037586,13.911834,22.76164,397.35468,289.6948,52.359,1.087,4.721,18.281,30.6,0.0,93.98497,2.0,0.0,294.75,199.875,5196.0,0.0,-2.703125,1.4232788,528.17633,20245.143,20000.502,1100.0834,547.6537,134.73521,118.796745,0.0,-1.7660658,3.0,88.6322,24.753609,-1.1249986,1.8749976,7.284,0.0,12.6953125,1.0713501,0.0,0.0,0.0,0.0,0.0,2.0117188,2.3046875,1.9726562,2.34375,1.0393683,1.1741054,1.035401,1.1829556,1.2381933,1.4690623,1.3408103,1.6304265,0.7614252,1.0861372,0.99954224,0.8874647,0.93926907,1.4629587,1.3463798,1.2999923,0.8017578,0.8125,77.05383,0.78125006,258.0613,270.344,0.0,110.00001,99.90234,0.0,259.13385,266.78714,522.375,538.875,-2.5473158,422.46875,0.0,421.0,79.82713,70.99994,201.31836,0.0,113.38,321.40625,9.588623,10.491943,54.70581,78.09296,2.9125977,113.58,113.54,111.03,111.13,0
568116.2,-0.36700413,3.6541796,1.4407376,1.512417,101.167786,15.037586,13.910158,22.781235,399.04556,291.4875,52.359,1.129,4.721,18.281,30.6,0.0,93.98497,2.0,0.0,294.0,199.875,5206.0,0.0,-2.78125,1.4238281,528.3836,20309.354,20000.502,1100.0834,547.6537,132.53096,118.605995,0.0,-2.0378528,3.0,87.57019,24.684263,-1.1249986,1.8749976,7.328,0.0,12.625,1.0738525,0.0,0.0,0.0,0.0,0.0,1.9921875,2.2851562,1.9726562,2.34375,1.027161,1.1664759,1.0389105,1.1813534,1.2252995,1.4644846,1.3522545,1.6333257,0.99046314,1.0241855,1.1583886,0.9376669,1.2218661,1.3795682,1.5603876,1.3735409,0.8017578,0.8125,77.05383,0.78125006,258.19635,270.4967,0.0,110.00001,99.90234,0.0,258.71097,266.6047,522.375,538.875,-2.8191028,422.75,0.0,421.6875,79.82713,70.99995,201.46484,0.0,113.6,322.15625,9.7229,11.639404,54.84619,79.50287,2.9199219,113.73,114.26,111.47,111.3,0
568116.2,-0.3536033,3.655422,1.4464085,1.4935112,101.16777,15.037586,13.903126,22.937677,399.23276,292.9126,52.359,1.157,4.721,18.281,30.6,0.0,93.98497,2.0,0.0,297.375,200.25,5229.0,0.0,-2.78125,1.418457,526.96576,20197.383,20000.502,1100.0834,548.98035,130.7294,116.995186,0.0,-2.2552822,3.0,86.62109,24.621851,-0.74999905,2.2499971,7.188,0.0,12.484375,1.0532227,0.0,0.0,0.0,0.0,0.0,2.0117188,2.2851562,1.9726562,2.34375,1.0468452,1.1645685,1.035401,1.1725795,1.2585641,1.4760052,1.3498894,1.6309606,1.526131,1.4862287,1.2386512,1.2610055,1.8825055,2.0019836,1.6684978,1.8472571,0.8017578,0.81152344,77.05383,0.78125006,259.2747,267.30322,0.0,110.00001,99.90234,0.0,260.0957,266.215,522.75,538.875,-3.0365322,423.53125,0.0,419.59375,79.82713,70.999954,202.49634,0.0,114.01,315.96875,9.8602295,0.8300781,53.692627,67.67731,2.9199219,114.22,114.14,111.86,111.81,0
568116.25,-0.36288267,3.637169,1.4329398,1.4895267,101.167755,15.037586,13.915782,22.680347,397.73044,292.70325,52.359,1.199,4.721,18.281,30.6,0.0,93.98497,2.0,0.0,296.625,200.25,5245.0,0.0,-2.8671875,1.4182129,526.8745,20007.932,20000.502,1100.0834,548.98035,132.08588,116.995186,0.0,-2.4292257,3.0,87.27417,24.565681,-0.74999905,2.2499971,7.192,0.0,12.3515625,1.0561523,0.0,0.0,0.0,0.0,0.0,2.0117188,2.3046875,2.0117188,2.3046875,1.040589,1.1751735,1.0577554,1.160525,1.2540628,1.497673,1.3897917,1.622797,0.97489893,1.0965896,1.2064545,0.8638895,1.2026398,1.4770733,1.6250095,1.265507,0.8066406,0.81152344,77.13776,0.78125006,257.50092,267.22003,0.0,110.00001,99.90234,0.0,258.4954,265.8004,522.75,538.875,-3.2104757,423.21875,0.0,418.6875,79.82713,70.999954,201.47095,0.0,114.41,316.84375,9.976196,9.951782,53.85132,77.02484,2.8955078,114.77,114.72,112.08,112.52,0
568116.25,-0.37030613,3.5923676,1.4243279,1.4844824,101.16775,15.037586,13.924641,22.555414,394.7774,291.80405,52.359,1.238,4.721,18.281,30.6,0.0,93.98497,2.0,0.0,291.375,200.25,5268.0,0.0,-2.5625,1.4179077,526.775,19740.473,20000.502,1100.0834,548.98035,136.0281,117.37669,0.0,-2.5683806,3.0,89.10217,24.515127,-0.74999905,2.2499971,7.332,0.0,11.9140625,1.0616455,0.0,0.0,0.0,0.0,0.0,2.0117188,2.2851562,2.03125,2.2851562,1.0480659,1.1591516,1.0611124,1.1444266,1.2664225,1.484474,1.3993286,1.6037232,0.8015564,1.1062791,1.004654,1.1818875,0.9887083,1.4901961,1.3533226,1.6587319,0.8046875,0.8095703,77.13776,0.78125006,256.63977,266.99036,0.0,110.00001,99.90234,0.0,257.6911,265.2117,523.125,538.5,-3.3496306,421.0,0.0,417.0,79.82713,70.999954,201.0315,0.0,114.83,318.5,10.10437,10.220337,54.162598,77.73285,2.8833008,115.28,115.32,113.01,112.65,0
568116.3,-0.35624492,3.5744472,1.4342479,1.465492,101.16774,15.037586,13.907405,22.74413,395.17178,293.48172,52.359,1.278,4.721,18.281,30.6,0.0,93.98497,2.0,0.0,290.625,200.625,5293.0,0.0,-2.78125,1.4139404,525.29083,19589.762,20000.502,1100.0834,550.5724,139.2921,116.5501,0.0,-2.6797044,3.0,90.59296,24.394442,-0.37499952,2.6249967,7.328,0.0,12.1640625,1.043396,0.0,0.0,0.0,0.0,0.0,1.9921875,2.3046875,2.03125,2.2851562,1.0367743,1.171664,1.0560769,1.1471733,1.2554361,1.5126269,1.3955139,1.6083772,1.2280461,1.509575,0.9781796,1.6622416,1.5148394,2.033341,1.3176166,2.3328755,0.80859375,0.80859375,77.13776,0.78125006,257.94055,263.3686,0.0,110.00001,99.90234,0.0,258.74414,264.54007,523.125,538.875,-3.4609544,420.9375,0.0,415.28125,79.82713,70.999954,202.30103,0.0,115.45,313.03125,10.211182,2.090454,53.92456,69.48395,2.8808594,115.6,115.42,113.58,113.5,0
568116.4,-0.34499595,3.5672789,1.4221182,1.4626094,101.16773,15.037586,13.907059,22.526464,395.35712,294.28503,52.359,1.319,4.721,18.281,30.6,0.0,93.98497,2.0,0.0,291.375,200.625,5305.0,0.0,-2.9375,1.4135132,525.13324,19928.332,20000.502,1100.0834,550.5724,138.50789,117.56745,0.0,-2.7687635,3.0,90.216064,24.285824,-0.37499952,2.6249967,7.292,0.0,12.0,1.0476685,0.0,0.0,0.0,0.0,0.0,2.0117188,2.2851562,2.03125,2.3046875,1.0440223,1.1697567,1.051957,1.1581597,1.2684062,1.5168993,1.3913176,1.6293584,1.0249485,1.110399,1.3504235,1.3501183,1.2643626,1.4956893,1.819028,1.8947891,0.8046875,0.80859375,77.26288,0.78125006,256.4402,263.43506,0.0,110.00001,99.90234,0.0,256.99457,264.17523,523.5,538.875,-3.5500135,419.125,0.0,414.09375,79.82713,70.999954,201.28174,0.0,115.85,314.3125,10.385132,10.653687,53.656006,77.89154,2.8710938,115.86,115.97,113.9,114.17,0
568116.4,-0.2959968,3.6019118,1.409376,1.481176,101.16856,15.037586,13.900956,22.31957,398.6752,298.5449,52.359,1.356,4.721,18.281,30.6,0.0,93.98497,2.0,0.0,293.625,200.25,5337.0,0.0,-3.1328125,1.4243774,529.1713,20457.412,20000.502,1100.0834,552.16437,130.07237,115.36319,0.0,-2.840011,3.0,86.068726,24.188068,-0.37499952,2.2499971,7.188,0.0,11.734375,1.0841675,0.0,0.0,0.0,0.0,0.0,2.03125,2.265625,2.03125,2.34375,1.0577554,1.1503013,1.0595102,1.175784,1.2864882,1.4965286,1.4056611,1.6581216,1.0826277,0.9378195,1.1625849,1.111162,1.2687113,1.2632182,1.497139,1.5594721,0.8017578,0.8076172,77.26288,0.78125006,255.01494,267.57407,0.0,110.00001,99.90234,0.0,255.9747,263.41238,523.5,539.25,-3.621261,412.78125,0.0,412.1875,79.82713,70.999954,200.65308,0.0,116.63,325.25,10.519409,9.527588,55.41992,78.785706,2.8710938,116.59,116.69,114.68,114.41,0
568116.44,-0.25679743,3.615765,1.4132363,1.4620583,101.1693,15.037586,13.908403,22.429935,398.82367,300.05508,52.359,1.409,4.721,18.281,30.6,0.0,93.98497,2.0,0.0,297.0,200.625,5362.0,0.0,-3.265625,1.4187622,527.0901,20594.855,20000.502,1100.0834,552.16437,125.60027,114.324646,0.0,-2.8970087,3.0,83.84247,24.100088,0.0,2.6249967,7.064,0.0,11.890625,1.0697632,0.0,0.0,0.0,0.0,0.0,2.0898438,2.2460938,2.03125,2.3242188,1.0930037,1.1428244,1.0611124,1.1643397,1.3305867,1.489128,1.4059663,1.6412604,1.8539711,1.3093004,1.0963607,1.0122836,2.1726558,1.7636378,1.4119173,1.4207675,0.7998047,0.8066406,77.36206,0.78125006,255.7764,264.34213,0.0,110.00001,99.90234,0.0,256.6795,262.76562,523.875,539.25,-3.6782587,410.90625,0.0,410.875,79.82713,70.999954,200.54932,0.0,116.67,320.9375,10.65979,10.797119,54.614258,79.39606,2.878418,116.97,116.88,114.87,115.09,0
568116.5,-0.20543794,3.583806,1.4025143,1.4577769,101.16996,15.037586,13.919476,22.180166,395.7434,299.29242,52.359,1.438,4.721,18.281,30.6,0.0,93.98497,2.0,0.0,295.5,200.625,5390.0,0.0,-3.3203125,1.4191895,527.2394,20361.89,20000.502,1100.0834,552.16437,125.557884,114.5366,0.0,-2.942607,3.0,83.740234,24.020906,0.0,2.6249967,7.08,0.0,12.1953125,1.0753784,0.0,0.0,0.0,0.0,0.0,2.1289062,2.2851562,2.03125,2.3242188,1.0948348,1.1438162,1.057145,1.1866179,1.330663,1.4970627,1.3978027,1.6774243,1.2045472,1.0283055,0.90882736,1.5136187,1.4116122,1.3851377,1.170367,2.1242847,0.80078125,0.8046875,77.36206,0.78125006,254.05542,263.7571,0.0,110.00001,99.90234,0.0,255.13724,262.06082,523.875,539.25,-3.723857,409.21875,0.0,408.59375,79.82713,70.999954,200.79346,0.0,117.34,322.625,10.809326,9.454346,54.925537,78.44696,2.8881836,117.45,117.7,115.28,115.46,0
568116.5,-0.14435036,3.5522726,1.4061168,1.4547673,101.16973,15.037586,13.909648,22.314373,394.48285,298.67117,52.359,1.478,4.721,18.281,30.6,0.0,93.98497,2.0,0.0,295.5,200.625,5396.0,0.0,-3.4453125,1.4193726,527.3057,20157.05,20000.502,1100.0834,554.28705,126.08775,114.21867,0.0,-3.1353357,3.0,83.995056,23.949642,0.0,2.6249967,7.068,0.0,12.1171875,1.0718384,0.0,0.0,0.0,0.0,0.0,2.1289062,2.2851562,2.0507812,2.3046875,1.0920119,1.1477073,1.0646219,1.1790646,1.3235675,1.5016403,1.4061952,1.6661326,0.9510948,1.3360037,1.0122836,1.6974136,1.114519,1.720531,1.3036546,2.3822384,0.80566406,0.8046875,77.36206,0.78125006,254.98029,263.51038,0.0,110.00001,99.90234,0.0,255.77568,261.72916,524.25,539.625,-3.9165857,407.625,0.0,407.59375,79.82713,70.999954,201.36719,0.0,117.66,321.5625,10.946655,-0.048828125,54.730225,68.89801,2.9174805,118.22,118.11,115.91,115.86,0
568116.56,-0.0754803,3.539659,1.3959706,1.4492142,101.169525,15.037586,13.908628,22.172667,394.56778,300.06415,52.359,1.52,4.721,18.281,30.6,0.0,93.98497,2.0,0.0,292.875,201.0,5420.0,0.0,-3.828125,1.4191895,527.2559,20161.297,20000.502,1100.0834,554.28705,124.90084,113.45566,0.0,-3.1332686,3.0,83.35266,23.885506,0.37499952,2.9999962,7.132,0.0,11.6796875,1.0736084,0.0,0.0,0.0,0.0,0.0,2.1289062,2.2851562,2.0507812,2.34375,1.0885786,1.1426718,1.0708019,1.1995881,1.3170825,1.4927901,1.4137484,1.6991683,1.2867934,1.0466163,1.0917068,1.1661707,1.5079728,1.3477532,1.40589,1.6366826,0.80078125,0.80371094,77.52228,0.78125006,254.0033,263.43045,0.0,110.00001,99.90234,0.0,254.94652,261.2897,524.25,540.0,-3.9145186,409.0,0.0,406.59375,79.82713,70.999954,200.93994,0.0,118.28,322.09375,11.087036,9.103394,54.82788,78.28827,2.9101562,118.51,118.29,116.21,116.69,0
568116.6,-3.8424134E-4,3.515864,1.3843505,1.4419233,101.170166,15.037586,13.902056,21.933525,392.93317,300.5302,52.359,1.558,4.721,18.281,30.6,0.0,93.98497,2.0,0.0,295.125,200.625,5451.0,0.0,-3.6640625,1.4181519,527.45496,20236.121,20000.502,1100.0834,555.8791,123.8411,114.76974,0.0,-3.2878647,3.0,82.759094,23.827782,0.37499952,2.6249967,7.02,0.0,11.390625,1.0792847,0.0,0.0,0.0,0.0,0.0,2.109375,2.3242188,2.0898438,2.34375,1.0830091,1.1621271,1.0672923,1.1943237,1.3068589,1.5201038,1.4029145,1.6901655,0.9399558,1.1911192,0.9053178,1.4657054,1.0440223,1.5339131,1.1168078,1.9742886,0.7988281,0.8027344,77.52228,0.78125006,252.35556,262.49832,0.0,110.00001,99.90234,0.0,253.02283,260.41907,524.625,539.625,-4.0691147,401.65625,0.0,403.875,79.82713,70.999954,200.05493,0.0,118.91,323.78125,11.264038,10.565186,55.145264,80.244446,2.9199219,119.15,119.21,116.45,117.15,0
568116.6,0.059692606,3.4688456,1.382307,1.4405243,101.170746,15.037586,13.903314,21.87466,390.1576,298.84528,52.359,1.608,4.721,18.281,30.6,0.0,93.98497,2.0,0.0,296.25,200.625,5459.0,0.0,-3.375,1.4178467,527.35547,20071.082,20000.502,1100.0834,555.8791,123.65035,114.19748,0.0,-3.4115415,3.0,82.66754,23.775831,0.37499952,2.6249967,6.988,0.0,11.4140625,1.0795898,0.0,0.0,0.0,0.0,0.0,2.109375,2.3242188,2.0703125,2.3632812,1.0865186,1.161822,1.054017,1.2081331,1.3025864,1.5185015,1.3821622,1.7038987,1.326009,1.3962768,0.80537117,1.2558175,1.4729534,1.7980468,0.9935149,1.6916152,0.79785156,0.8027344,77.63519,0.78125006,251.9504,262.27103,0.0,110.00001,99.90234,0.0,252.69946,260.16202,525.0,539.25,-4.1927915,403.34375,0.0,403.1875,79.82713,70.999954,200.03052,0.0,119.21,323.875,11.38916,10.81543,55.163574,80.63202,2.927246,119.46,119.5,117.3,117.23,0
568116.7,0.10775408,3.4312882,1.3743982,1.4195839,101.171265,15.037586,13.910054,21.791162,388.5363,299.51147,52.359,1.638,4.721,18.281,30.6,0.0,93.98497,2.0,0.0,294.375,201.0,5494.0,0.0,-3.296875,1.4126587,525.41516,20184.646,20000.502,1100.0834,555.8791,121.50968,113.43446,0.0,-3.5104833,3.0,81.555176,23.729074,0.74999905,2.9999962,7.004,0.0,11.4140625,1.0639648,0.0,0.0,0.0,0.0,0.0,2.1289062,2.3046875,2.0703125,2.421875,1.0891889,1.1588464,1.0559243,1.2420081,1.3012894,1.5146868,1.3776608,1.7499809,1.3980316,0.91462576,0.97146565,1.7008469,1.5529107,1.1778439,1.198291,2.291066,0.79785156,0.80078125,77.63519,0.78125006,251.37538,259.40204,0.0,110.00001,99.90234,0.0,251.79565,259.36603,525.0,539.25,-4.2917333,404.6875,0.0,401.875,79.82713,70.999954,199.84131,0.0,119.69,319.1875,11.520386,9.823608,54.29077,78.89862,2.944336,120.03,119.6,117.56,117.98,0
568116.7,0.14620326,3.3975153,1.3802314,1.4148364,101.170906,15.037586,13.914772,22.010038,387.06192,299.4068,52.359,1.679,4.721,18.281,30.6,0.0,93.98497,2.0,0.0,292.125,201.0,5513.0,0.0,-3.140625,1.413147,525.5893,20101.861,20000.502,1100.0834,557.73645,121.59446,112.84101,0.0,-3.5896363,3.0,81.52313,23.686995,0.74999905,2.9999962,7.056,0.0,11.0625,1.0629272,0.0,0.0,0.0,0.0,0.0,2.1679688,2.3046875,2.0507812,2.4414062,1.1200885,1.157702,1.0464637,1.2574197,1.3325704,1.5120165,1.3586633,1.770657,0.97291523,1.0540932,1.0540932,1.345922,1.0806439,1.3574426,1.3002975,1.8129244,0.7988281,0.7998047,77.63519,0.78125006,252.8837,259.0329,0.0,110.00001,99.90234,0.0,253.79398,258.8022,525.375,539.25,-4.3708863,402.78125,0.0,399.28125,79.82713,70.999954,201.13525,0.0,120.0,318.875,11.605835,2.0324707,54.229736,71.138,2.9394531,120.46,120.46,117.98,118.16,0
568116.75,0.19696261,3.346506,1.3686537,1.4253066,101.17058,15.037586,13.918075,21.7607,384.10614,297.55157,52.359,1.72,4.721,18.281,30.6,0.0,93.98497,2.0,0.0,292.875,201.0,5521.0,0.0,-3.3125,1.4175415,527.2228,19950.62,20000.502,1100.0834,557.73645,123.92588,113.646416,0.0,-3.6529589,3.0,82.647705,23.649122,0.74999905,2.9999962,7.02,0.0,11.0859375,1.0845947,0.0,0.0,0.0,0.0,0.0,2.1679688,2.34375,2.0507812,2.421875,1.1194018,1.1731136,1.0531014,1.2447547,1.3244069,1.5332265,1.3617151,1.7468529,1.2713054,1.3450065,1.1726558,0.97947663,1.4121462,1.7320516,1.4465553,1.3193713,0.79785156,0.7998047,77.75421,0.78125006,251.16472,261.26254,0.0,110.00001,99.90234,0.0,252.01123,258.50366,525.375,539.25,-4.434209,397.6875,0.0,399.0,79.82713,70.999954,200.59814,0.0,120.55,325.375,11.721802,7.3394775,55.444336,77.76947,2.9370117,121.04,120.92,118.76,118.57,0
568116.8,0.2175701,3.3448524,1.363849,1.4184394,101.17029,15.037586,13.908668,21.713428,385.91785,300.20044,52.359,1.757,4.721,18.281,30.6,0.0,93.98497,2.0,0.0,290.625,201.0,5544.0,0.0,-3.84375,1.4196777,527.4218,19836.525,20000.502,1100.0834,559.0631,125.76983,113.54044,0.0,-3.703617,3.0,83.454895,23.615038,0.74999905,2.9999962,7.068,0.0,10.984375,1.0827026,0.0,0.0,0.0,0.0,0.0,2.2460938,2.3242188,2.0507812,2.4023438,1.1579309,1.1619745,1.0489051,1.2302586,1.366598,1.5166705,1.3533226,1.7204547,1.2468147,1.0840772,0.6911574,1.2123293,1.3849088,1.396048,0.85259783,1.6330205,0.79785156,0.7998047,77.75421,0.78125006,250.8386,260.6641,0.0,110.00001,99.90234,0.0,251.47226,258.08908,525.75,540.0,-4.484867,394.84375,0.0,397.0,79.82713,70.999954,199.85352,0.0,120.96,324.8125,11.904907,9.7595215,55.340576,80.28107,2.9394531,121.17,121.04,119.02,119.46,0
568116.8,0.21405607,3.3254411,1.3671575,1.4127593,101.17002,15.037586,13.919661,21.933851,384.3779,300.0812,52.359,1.799,4.721,18.281,30.6,0.0,93.98497,2.0,0.0,293.625,201.0,5564.0,0.0,-3.8203125,1.4194336,527.33057,20108.229,20000.502,1100.0834,559.0631,121.318924,111.63291,0.0,-3.7441435,3.0,81.30951,23.584362,0.74999905,2.9999962,6.96,0.0,10.3203125,1.0778198,0.0,0.0,0.0,0.0,0.0,2.265625,2.34375,2.03125,2.4023438,1.1792172,1.1829556,1.0305943,1.2289616,1.386511,1.5465782,1.3221942,1.7155719,1.1935607,1.523003,1.0224308,0.9457542,1.3257802,1.9613184,1.2612344,1.2739757,0.79589844,0.7998047,77.85187,0.78125006,252.35768,260.54312,0.0,110.00001,99.90234,0.0,253.14722,257.54184,525.75,539.625,-4.5253935,393.75,0.0,395.5,79.82713,70.999954,200.88501,0.0,121.55,323.34375,12.0147705,-0.34179688,55.065918,70.01495,2.9492188,121.67,121.67,119.37,119.9,0
568116.9,0.19124486,3.2989266,1.3567439,1.4059346,101.169785,15.037586,13.927356,21.748817,382.90552,300.16742,52.359,1.848,4.721,18.281,30.6,0.0,93.98497,2.0,0.0,293.625,201.0,5587.0,0.0,-3.90625,1.418335,526.92426,19938.414,20000.502,1100.0834,559.0631,121.954765,110.70034,0.0,-3.7765646,3.0,81.544495,23.556753,1.1249986,2.9999962,6.932,0.0,10.2421875,1.0762329,0.0,0.0,0.0,0.0,0.0,2.2851562,2.3046875,2.0117188,2.34375,1.1814297,1.1705959,1.0373083,1.2110323,1.381857,1.5294881,1.329366,1.6854353,1.2170596,1.2690928,1.1860075,1.1448082,1.351873,1.6343175,1.4629587,1.5420004,0.79589844,0.7998047,77.85187,0.78125006,251.08202,259.9545,0.0,110.00001,99.90234,0.0,252.30974,256.98627,525.75,540.0,-4.5578146,389.75,0.0,394.375,79.82713,70.999954,200.31738,0.0,121.71,322.875,12.072754,5.36499,54.974365,75.68207,2.9296875,122.0,122.22,119.9,119.86,0
568116.94,0.15299588,3.2508206,1.3452039,1.384231,101.1704,15.037586,13.926884,21.519346,379.7909,299.5376,52.359,1.879,4.721,18.281,30.6,0.0,93.98497,2.0,0.0,294.375,201.375,5621.0,0.0,-3.8203125,1.4110718,524.8265,20031.281,20000.502,1100.0834,560.65515,121.86999,111.548134,0.0,-3.8025017,3.0,81.422424,23.531904,1.1249986,3.3749957,6.884,0.0,10.2265625,1.0616455,0.0,0.0,0.0,0.0,0.0,2.2851562,2.34375,2.03125,2.34375,1.1792935,1.1934844,1.0308995,1.2105745,1.3727016,1.560998,1.3166248,1.6806287,1.1989013,1.4748608,1.1741817,1.1512932,1.3317311,1.8992904,1.4483863,1.5507743,0.7988281,0.7998047,77.96326,0.78125006,249.5009,256.56113,0.0,110.00001,99.90234,0.0,250.129,256.11566,526.125,540.0,-4.5837517,389.15625,0.0,391.28125,79.82713,70.999954,199.34082,0.0,122.39,318.5,12.280273,5.3375244,54.162598,74.97711,2.9248047,122.72,122.72,120.51,120.6,0
568116.94,0.12239671,3.2128282,1.3400829,1.3944045,101.17096,15.037586,13.9382715,21.486551,378.21182,298.6637,52.359,1.928,4.721,18.281,30.6,0.0,93.98497,2.0,0.0,297.0,201.0,5628.0,0.0,-3.78125,1.414917,526.2526,20184.646,20000.502,1100.0834,560.65515,118.71197,110.488396,0.0,-3.8232512,3.0,79.8996,23.50954,1.1249986,2.9999962,6.796,0.0,10.125,1.0803223,0.0,0.0,0.0,0.0,0.0,2.3242188,2.34375,2.0703125,2.34375,1.2018769,1.1857786,1.0476844,1.2066834,1.3990997,1.5499351,1.336614,1.6704051,1.3663691,1.04242,1.2845807,1.1892118,1.5177386,1.3424888,1.5846494,1.6018158,0.7988281,0.7998047,77.96326,0.78125006,249.27542,259.16528,0.0,110.00001,99.90234,0.0,249.75589,255.83372,526.5,540.0,-4.6045012,387.5625,0.0,390.0,79.82713,70.999954,199.03564,0.0,122.76,324.09375,12.423706,5.4473877,55.2063,76.32294,2.9199219,123.05,123.14,120.73,120.95,0
568117.0,0.07791737,3.2163815,1.3375742,1.3852909,101.17063,15.037586,13.928665,21.500343,380.09744,301.80603,52.359,1.957,4.721,18.281,30.6,0.0,93.98497,2.0,0.0,294.75,201.0,5659.0,0.0,-3.6640625,1.4143677,526.06195,20204.81,20000.502,1100.0834,562.24713,117.05878,109.407455,0.0,-3.839851,3.0,79.02222,23.414227,1.1249986,2.9999962,6.824,0.0,10.0078125,1.0778809,0.0,0.0,0.0,0.0,0.0,2.3046875,2.3046875,2.0507812,2.3632812,1.184329,1.1705959,1.0411993,1.2230107,1.3715572,1.5281148,1.3255513,1.6917678,0.73723966,1.3176166,1.0807965,1.419318,0.8189517,1.6968032,1.3331808,1.9118029,0.8027344,0.7998047,77.96326,0.78125006,249.37016,258.05637,0.0,110.00001,99.90234,0.0,250.57675,255.14551,526.5,539.625,-4.621101,382.6875,0.0,388.59375,79.82713,70.999954,199.52393,0.0,123.56,323.375,12.631226,2.481079,55.065918,73.41766,2.9199219,123.41,123.74,121.4,121.31,0
568117.0,0.042333893,3.1990528,1.3391103,1.3827899,101.170334,15.037586,13.93366,21.527578,378.6286,301.17096,52.359,2.008,4.721,18.281,30.6,0.0,93.98497,2.0,0.0,294.0,201.0,5669.0,0.0,-3.7109375,1.4118042,525.6971,20210.648,20000.502,1100.0834,562.24713,117.3555,110.31883,0.0,-3.8531308,3.0,79.09241,23.328444,1.1249986,2.9999962,6.84,0.0,9.9765625,1.0827026,0.0,0.0,0.0,0.0,0.0,2.3632812,2.3242188,2.0507812,2.3242188,1.2079042,1.1853209,1.0501258,1.214084,1.39971,1.5484092,1.3344778,1.6774243,1.7335012,1.3723965,1.2111849,1.1268787,1.9255359,1.7673762,1.4940871,1.5178912,0.80371094,0.7998047,78.07617,0.78125006,249.55759,257.57996,0.0,110.00001,99.90234,0.0,250.75919,254.84702,526.5,539.625,-4.634381,381.46875,0.0,387.0,79.82713,70.999954,199.8169,0.0,123.62,324.8125,12.722778,1.0772705,55.340576,72.36786,2.9101562,124.07,123.79,121.72,121.99,0
568117.06,-0.026132882,3.1733713,1.323836,1.3787627,101.1709,15.037586,13.925437,21.163866,377.09436,300.69135,52.359,2.038,4.721,18.281,30.6,0.0,93.98497,2.0,0.0,295.125,201.0,5683.0,0.0,-3.6640625,1.4104614,525.1913,20058.346,20000.502,1100.0834,563.8392,117.50387,109.513435,0.0,-3.8637547,3.0,79.16412,23.251238,1.1249986,2.9999962,6.788,0.0,9.921875,1.083313,0.0,0.0,0.0,0.0,0.0,2.3632812,2.3046875,2.03125,2.3046875,1.2156863,1.1750209,1.038529,1.1990539,1.4040589,1.5333028,1.3163195,1.6519417,1.3712521,0.9210346,0.892958,1.276646,1.5232319,1.1860838,1.1014725,1.7196155,0.80078125,0.7998047,78.07617,0.78125006,247.05112,257.0534,0.0,110.00001,99.90234,0.0,247.50882,254.38268,526.875,539.625,-4.6450047,380.65625,0.0,385.59375,79.82713,70.999954,198.00415,0.0,124.17,325.0,12.957764,5.883789,55.371094,77.42767,2.9052734,124.55,124.34,122.08,122.53,0
568117.1,-0.0809063,3.1630986,1.325086,1.3704969,101.1714,15.037586,13.902102,21.276457,377.0533,302.13995,52.359,2.087,4.721,18.281,30.6,0.0,93.98497,2.0,0.0,295.125,201.0,5711.0,0.0,-3.671875,1.4099121,524.9923,20054.102,20000.502,1100.0834,563.8392,117.22833,109.449844,0.0,-3.872254,3.0,78.9505,23.181753,1.1249986,2.9999962,6.78,0.0,9.84375,1.0824585,0.0,0.0,0.0,0.0,0.0,2.3632812,2.265625,2.03125,2.2851562,1.2103456,1.1591516,1.0406653,1.1931792,1.3940642,1.510872,1.3176166,1.6421759,0.98481727,1.1040665,0.77126724,1.0839247,1.0939193,1.4217594,0.95147634,1.4599832,0.8027344,0.7998047,78.07617,0.78125006,247.8277,256.19766,0.0,110.00001,99.90234,0.0,248.95985,253.77737,526.875,539.625,-4.653504,377.4375,0.0,384.375,79.82713,70.999954,199.03564,0.0,124.48,324.75,13.088989,3.4301758,55.322266,75.050354,2.9052734,124.68,124.78,122.72,122.27,0
568117.1,-0.14472504,3.1214895,1.316827,1.3648592,101.17186,15.037586,13.903347,21.204132,374.07108,300.85245,52.359,2.119,4.721,18.281,30.6,0.0,93.98497,2.0,0.0,295.125,201.0,5732.0,0.0,-3.7265625,1.4067993,524.42847,20006.871,20000.502,1100.0834,563.8392,116.78324,108.62325,0.0,-3.879053,3.0,78.663635,23.119217,1.1249986,2.9999962,6.752,0.0,9.734375,1.083313,0.0,0.0,0.0,0.0,0.0,2.4023438,2.265625,2.0117188,2.3046875,1.2298008,1.1498436,1.0290685,1.2039368,1.414435,1.4970627,1.3003738,1.6564431,1.2497139,1.1128404,0.9410239,1.4934005,1.3881896,1.433051,1.1608301,2.011597,0.8027344,0.7998047,78.17993,0.78125006,247.32964,256.2628,0.0,110.00001,99.90234,0.0,248.05608,253.27158,527.25,539.625,-4.660303,378.21875,0.0,382.09375,79.82713,70.999954,198.54126,0.0,124.71,325.0,13.284302,4.058838,55.371094,75.91095,2.902832,125.16,125.25,123.09,123.09,0
568117.2,-0.17578003,3.104846,1.3087837,1.3621036,101.1731,15.037586,13.904218,21.084154,374.40982,301.49265,52.359,2.158,4.721,18.281,30.6,0.0,93.834595,2.0,0.0,294.75,201.0,5739.0,0.0,-3.7421875,1.4058228,524.0719,19876.855,20000.502,1100.0834,565.43115,117.69462,108.008606,0.0,-3.8844924,3.0,79.10309,23.062935,1.1249986,2.9999962,6.752,0.0,8.7578125,1.0831299,0.0,0.0,0.0,0.0,0.0,2.421875,2.2460938,2.03125,2.3242188,1.2470436,1.1467918,1.0355536,1.2098879,1.4321355,1.4927138,1.3065537,1.6625468,1.0104524,0.9887846,1.3012131,1.50515,1.1223774,1.2733654,1.6050965,2.02739,0.8027344,0.7998047,78.17993,0.78125006,246.50388,256.45114,0.0,110.00001,99.90234,0.0,247.80733,252.81554,527.25,539.625,-4.6657424,376.8125,0.0,381.0,79.82713,70.999954,198.05298,0.0,125.41,324.9375,13.452148,3.4118652,55.358887,75.3891,2.9101562,125.69,125.5,123.65,123.69,0
568117.2,-0.20062403,3.1169386,1.3037305,1.3606201,101.174225,15.037586,13.916546,20.939173,376.2114,303.20728,52.359,2.208,4.721,18.281,30.6,0.0,93.714294,2.0,0.0,295.875,201.0,5744.0,0.0,-3.6953125,1.4031372,523.65735,19894.37,20000.502,1100.0834,565.43115,118.56361,109.025955,0.0,-3.888844,3.0,79.522705,23.012281,1.1249986,2.9999962,6.708,0.0,8.703125,1.0880127,0.0,0.0,0.0,0.0,0.0,2.4023438,2.2265625,1.9921875,2.3242188,1.2349126,1.1379416,1.015259,1.2056153,1.4139773,1.4804302,1.2800794,1.6565957,1.2325475,0.83375293,0.63599604,0.8896773,1.3690394,1.073701,0.7845426,1.1984435,0.8017578,0.7998047,78.29285,0.78125006,245.50566,256.0753,0.0,110.00001,99.90234,0.0,246.91182,252.61653,527.25,539.625,-4.670094,374.09375,0.0,380.6875,79.82713,70.999954,197.52808,0.0,125.63,326.40625,13.546753,4.46167,55.633545,76.80817,2.9052734,125.73,125.84,123.92,123.83,0
568117.25,-0.16049923,3.1217756,1.30085,1.3516335,101.17523,15.037586,13.919316,20.984293,376.27844,305.162,52.359,2.237,4.721,18.281,30.6,0.0,93.61805,2.0,0.0,297.75,201.375,5780.0,0.0,-3.7109375,1.4014893,523.04376,19809.46,20000.502,1100.0834,565.43115,117.3555,106.90647,0.0,-3.892325,3.0,78.85742,22.966692,1.4999981,3.3749957,6.632,0.0,8.5859375,1.0870972,0.0,0.0,0.0,0.0,0.0,2.4023438,2.1679688,1.9921875,2.265625,1.2206454,1.126421,1.0057222,1.1904325,1.3942168,1.4649425,1.2661936,1.6327916,1.2432288,0.9354543,0.7782864,0.99748224,1.3809415,1.2046998,0.9600977,1.3436332,0.8027344,0.7998047,78.29285,0.78125006,245.81767,255.24072,0.0,110.00001,99.90234,0.0,247.29323,251.70444,527.625,539.625,-4.673575,371.71875,0.0,379.1875,79.82713,70.999954,198.0896,0.0,125.8,326.125,13.671875,2.999878,55.584717,75.39215,2.902832,126.08,126.32,124.45,124.25,0
568117.3,-0.10839939,3.0674603,1.2879096,1.3420534,101.17696,15.037586,13.903678,20.727257,371.45917,302.55655,52.359,2.279,4.721,18.281,30.6,0.0,93.54105,2.0,0.0,293.625,201.375,5805.0,0.0,-3.7109375,1.3991699,522.1814,20101.861,20000.502,1100.0834,566.7579,114.55779,106.101074,0.0,-3.8951097,3.0,77.42767,22.925663,1.4999981,3.3749957,6.72,0.0,8.40625,1.0822754,0.0,0.0,0.0,0.0,0.0,2.3828125,2.1484375,1.9921875,2.2265625,1.2152286,1.1200122,1.0128176,1.160525,1.395285,1.4621958,1.274052,1.5920501,1.069276,1.138552,1.0869764,1.2094301,1.3189899,1.533608,1.3408103,1.6974136,0.80566406,0.7998047,78.39813,0.78125006,244.0477,254.15251,0.0,110.00001,99.90234,0.0,245.16225,250.76747,527.625,539.625,-4.6763597,367.875,0.0,376.28125,79.82713,70.999954,196.72241,0.0,126.5,324.6875,13.870239,5.194092,55.322266,77.51007,2.9052734,126.81,126.81,124.96,124.96,0
568117.3,-0.06671952,3.0269842,1.2861022,1.3409089,101.17852,15.037586,13.904449,20.673443,369.67703,301.2087,52.359,2.328,4.721,18.281,30.6,0.0,93.47946,2.0,0.0,296.25,201.375,5807.0,0.0,-3.6953125,1.3983765,521.8746,20211.18,20000.502,1100.0834,566.7579,113.09535,106.12227,0.0,-3.7410874,3.0,76.72424,22.888737,1.4999981,3.3749957,6.64,0.0,8.2578125,1.0824585,0.0,0.0,0.0,0.0,0.0,2.3632812,2.1484375,2.0117188,2.1875,1.2046235,1.1229877,1.0212101,1.1475548,1.3874266,1.4692912,1.2837415,1.5779355,1.0290685,1.1777676,1.1363393,0.86472875,1.2694743,1.5864805,1.4016937,1.2136263,0.80371094,0.7998047,78.39813,0.78125006,243.67831,253.99985,0.0,110.00001,99.90234,0.0,244.5901,250.51042,528.0,539.625,-4.5223374,367.21875,0.0,375.5,79.82713,70.999954,196.50879,0.0,126.85,324.75,14.007568,5.3741455,55.334473,77.83966,2.9052734,127.05,126.95,124.91,125.21,0
568117.4,-0.033375613,3.0295439,1.2796893,1.3186967,101.1791,15.037586,13.8932705,20.747261,371.5689,304.5228,52.359,2.357,4.721,18.281,30.6,0.0,93.43018,2.0,0.0,300.0,201.375,5841.0,0.0,-3.75,1.3947144,519.9177,20211.18,20000.502,1100.0834,568.34985,110.8487,104.65983,0.0,-3.6178699,3.0,75.56915,22.855503,1.4999981,3.3749957,6.508,0.0,7.703125,1.0547485,0.0,0.0,0.0,0.0,0.0,2.34375,2.1679688,2.0117188,2.2070312,1.1942474,1.129778,1.016556,1.1493095,1.3843747,1.4843976,1.2756542,1.5851072,0.98695356,1.2286564,0.9262226,1.0756848,1.2174411,1.6549935,1.1425955,1.5096513,0.8046875,0.7998047,78.39813,0.78125006,244.18771,251.6075,0.0,110.00001,99.90234,0.0,245.03786,249.4325,528.0,539.625,-4.39912,366.6875,0.0,373.875,79.82713,70.999954,196.80176,0.0,127.23,316.4375,14.175415,4.3914795,53.85742,75.468445,2.9077148,127.34,127.59,125.59,125.44,0
568117.44,0.013299508,3.0305676,1.2729023,1.311745,101.17962,15.037586,13.897164,20.648136,371.73752,305.80847,52.359,2.402,4.721,18.281,30.6,0.0,93.39076,2.0,0.0,300.0,201.375,5863.0,0.0,-3.75,1.3931885,519.34564,20190.482,20000.502,1100.0834,568.34985,110.10689,104.49027,0.0,-3.5192957,3.0,75.1297,22.825592,1.4999981,3.3749957,6.484,0.0,7.6640625,1.0517578,0.0,0.0,0.0,0.0,0.0,2.3632812,2.1679688,2.0117188,2.2070312,1.1898985,1.1464103,1.0339513,1.1628138,1.3892577,1.5145342,1.2989242,1.611429,0.90432596,1.3134203,1.0077058,1.0707256,1.1155871,1.7692072,1.2429999,1.5027084,0.8076172,0.7998047,78.50189,0.78125006,243.50496,250.91692,0.0,110.00001,99.90234,0.0,244.72278,248.58673,528.375,539.625,-4.3005457,365.96875,0.0,371.375,79.82713,70.999954,196.49048,0.0,127.63,315.53125,14.34021,4.0130615,53.71704,75.120544,2.9052734,128.24,128.09,125.88,126.08,0
568117.44,0.0706396,3.012227,1.2694975,1.3069973,101.180084,15.037586,13.89989,20.59795,369.9631,304.97168,52.359,2.438,4.721,18.281,30.6,0.0,93.35922,2.0,0.0,297.0,201.0,5875.0,0.0,-3.6484375,1.3925171,518.5247,20040.303,20000.502,1100.0834,568.34985,111.209015,104.46907,0.0,-3.4404364,3.0,75.660706,22.798672,1.4999981,2.9999962,6.564,0.0,7.7734375,1.0517578,0.0,0.0,0.0,0.0,0.0,2.34375,2.1484375,2.0117188,2.1875,1.1853209,1.1308461,1.0326543,1.1537347,1.3936064,1.4965286,1.2951095,1.6007477,0.95071334,1.0861372,1.0028229,1.0508126,1.1727321,1.463035,1.2370489,1.4747845,0.80859375,0.7998047,78.50189,0.78125006,243.15952,250.20975,0.0,110.00001,99.90234,0.0,243.75266,248.04778,528.375,539.625,-4.2216864,362.6875,0.0,370.09375,79.82713,70.999954,196.63086,0.0,128.28,315.53125,14.483643,1.0314941,53.723145,72.28851,2.9101562,128.59,128.29,125.93,126.6,0
568117.5,0.13651168,3.004891,1.2695414,1.3137373,101.17967,15.037586,13.895939,20.631102,370.33234,306.36728,52.359,2.478,4.721,18.281,30.6,0.0,93.33399,2.0,0.0,296.625,201.0,5896.0,0.0,-3.5234375,1.3934326,519.4451,19856.16,20000.502,1100.0834,569.9419,112.8834,104.40549,0.0,-3.377349,3.0,76.387024,22.774445,1.4999981,2.9999962,6.552,0.0,7.7890625,1.0755005,0.0,0.0,0.0,0.0,0.0,2.2851562,2.109375,2.03125,2.1875,1.142977,1.1106279,1.0489814,1.1515983,1.3514153,1.4719615,1.316701,1.6025788,0.94811934,1.5688564,0.8754101,0.8827344,1.1696041,2.113222,1.079881,1.23888,0.80566406,0.7998047,78.60718,0.78125006,243.3876,251.80022,0.0,110.00001,99.90234,0.0,244.45746,247.42589,528.375,539.625,-4.158599,360.25,0.0,369.09375,79.82713,70.999954,196.30127,0.0,128.84,322.65625,14.614868,0.95825195,54.99878,73.646545,2.9125977,128.9,128.54,126.65,126.89,0
568117.5,0.16920935,2.9832065,1.2630405,1.308608,101.1793,15.037586,13.91075,20.490618,368.7673,305.90042,52.359,2.528,4.721,18.281,30.6,0.0,93.31381,2.0,0.0,297.75,201.0,5912.0,0.0,-3.6015625,1.392334,519.0305,19869.426,20000.502,1100.0834,569.9419,113.96433,105.14731,0.0,-3.326879,3.0,76.90735,22.75264,1.4999981,2.9999962,6.524,0.0,7.7734375,1.0770874,0.0,0.0,0.0,0.0,0.0,2.2851562,2.1289062,2.03125,2.1679688,1.147631,1.1143664,1.0402075,1.1473259,1.361181,1.4839399,1.3036546,1.5972381,0.86236364,0.8162051,1.0412756,1.0342565,1.0637827,1.0994126,1.2844281,1.4515145,0.8046875,0.7998047,78.60718,0.78125006,242.41888,251.06746,0.0,110.00001,99.90234,0.0,243.68633,246.8123,528.75,539.625,-4.108129,359.03125,0.0,368.09375,79.82713,70.999954,196.12427,0.0,128.76,323.125,14.691162,3.8604736,55.090332,76.71051,2.915039,129.16,129.41,127.05,127.1,0
568117.56,0.21536748,2.9370327,1.2601153,1.2911435,101.17813,15.037586,13.9094,20.513346,365.3259,303.86588,52.359,2.557,4.721,18.281,30.6,0.0,93.29767,2.0,0.0,296.25,201.375,5928.0,0.0,-3.609375,1.3875732,517.2561,20157.05,20000.502,1100.0834,571.26855,110.912285,104.99895,0.0,-3.2865033,3.0,75.364685,22.733015,1.8749976,3.3749957,6.54,0.0,7.6328125,1.0526123,0.0,0.0,0.0,0.0,0.0,2.265625,2.0898438,2.03125,2.1679688,1.1351949,1.1016251,1.0225071,1.1423666,1.3517205,1.468452,1.2797742,1.5917449,1.1338216,0.87258714,0.89120317,0.88899064,1.398642,1.1753261,1.0993363,1.247654,0.8066406,0.7998047,78.60718,0.78125006,242.57439,248.5664,0.0,110.00001,99.90234,0.0,243.87703,246.25676,528.75,539.625,-4.0677533,362.3125,0.0,366.28125,79.82713,70.999954,196.1853,0.0,129.32,315.78125,14.79187,0.7965088,53.85132,72.435,2.915039,129.62,129.56,127.3,127.79,0
568117.6,0.232294,2.8810632,1.2502811,1.2840645,101.177086,15.037586,13.920174,20.325054,361.8725,302.11047,52.359,2.599,4.721,18.281,30.6,0.0,93.28475,2.0,0.0,297.375,201.375,5950.0,0.0,-3.59375,1.3856201,516.5264,20157.05,20000.502,1100.0834,571.26855,109.704185,104.3419,0.0,-3.2542024,3.0,74.783325,22.715353,1.8749976,3.3749957,6.492,0.0,7.4140625,1.0491333,0.0,0.0,0.0,0.0,0.0,2.265625,2.0898438,2.03125,2.1484375,1.1374075,1.0975814,1.0225071,1.1322957,1.3598077,1.465095,1.2780194,1.5794613,1.1928741,0.9745937,1.0149539,1.0657663,1.4714274,1.31281,1.2520027,1.4957656,0.8046875,0.7998047,78.71246,0.78125006,241.27547,247.79652,0.0,110.00001,99.90234,0.0,242.52547,245.38612,529.125,539.625,-4.0354524,358.5,0.0,364.375,79.82713,70.999954,195.35522,0.0,129.78,314.75,14.883423,4.244995,53.796387,75.914,2.9101562,130.02,129.66,127.64,128.09,0
568117.6,0.2258352,2.8399253,1.2508082,1.2794863,101.17614,15.037586,13.921856,20.3858,360.3434,301.54175,52.359,2.638,4.721,18.281,30.6,0.0,93.274414,2.0,0.0,298.875,201.375,5964.0,0.0,-3.640625,1.3848877,516.26935,19897.021,20000.502,1100.0834,571.26855,112.28995,104.70222,0.0,-3.2283616,3.0,75.94757,22.699457,1.8749976,3.3749957,6.444,0.0,7.2421875,1.0474854,0.0,0.0,0.0,0.0,0.0,2.265625,2.0507812,1.9921875,2.1289062,1.1313039,1.0870527,1.0183108,1.133669,1.3569849,1.4522774,1.2720684,1.583505,0.7694362,0.9844358,1.1074235,1.1652552,0.94918746,1.3260853,1.3661402,1.6353093,0.8066406,0.7998047,78.71246,0.78125006,241.69322,247.22229,0.0,110.00001,99.90234,0.0,243.17224,244.92178,529.125,539.625,-4.0096116,356.65625,0.0,363.78125,79.82713,70.999954,195.86182,0.0,130.16,314.25,14.978027,0.7751465,53.912354,72.64862,2.9052734,130.28,130.49,128.29,128.14,0
568117.7,0.20066816,2.82347,1.247847,1.2727466,101.17529,15.037586,13.923034,20.370611,360.59924,302.81836,52.359,2.679,4.721,18.281,30.6,0.0,92.96539,2.0,0.0,298.125,201.375,5985.0,0.0,-3.6484375,1.3829346,515.53973,20053.57,20000.502,1100.0834,572.8606,110.74273,104.12996,0.0,-3.0514393,3.0,75.1297,22.68515,1.8749976,3.3749957,6.44,0.0,7.125,1.0470581,0.0,0.0,0.0,0.0,0.0,2.2460938,2.0507812,1.9921875,2.1289062,1.1142901,1.0809491,1.0104524,1.1322194,1.3402,1.4455634,1.261387,1.5824369,1.1451133,1.1065843,0.81971467,0.98168916,1.412604,1.4905776,1.011139,1.377737,0.8076172,0.7998047,78.71246,0.78125006,241.58769,246.43114,0.0,110.00001,99.90234,0.0,242.79082,244.14235,529.125,539.625,-3.8326893,358.0,0.0,362.0,79.82713,70.999954,195.81909,0.0,130.35,314.125,15.054321,0.5584717,53.967285,72.550964,2.9003906,130.65,130.91,128.69,128.69,0
568117.75,0.20053452,2.8168883,1.2406309,1.2671511,101.17453,15.037586,13.929717,20.279854,360.54236,303.58002,52.359,2.72,4.721,18.281,30.6,0.0,92.71818,2.0,0.0,297.75,201.375,6001.0,0.0,-3.6328125,1.3789062,514.611,20239.305,20000.502,1100.0834,572.8606,107.945015,103.5577,0.0,-2.9099014,3.0,73.78235,22.672276,1.8749976,3.3749957,6.44,0.0,7.0703125,1.0466309,0.0,0.0,0.0,0.0,0.0,2.2070312,2.0507812,1.9726562,2.0898438,1.0988785,1.084535,1.0022888,1.1120012,1.3244832,1.4523537,1.2505531,1.5546654,1.0244907,1.0972762,1.077821,0.8397803,1.2638285,1.4779888,1.3295186,1.1786069,0.8046875,0.7998047,78.81012,0.78125006,240.96135,246.08948,0.0,110.00001,99.90234,0.0,242.0777,243.56194,529.5,539.625,-3.6911514,355.5,0.0,360.5,79.82713,70.999954,195.25757,0.0,130.86,314.0,15.115356,1.2329102,54.06494,73.35968,2.8930664,131.27,131.06,128.75,129.31,0
568117.75,0.18042761,2.7955055,1.236395,1.2602841,101.17384,15.037586,13.928536,20.228533,359.0177,302.90073,52.359,2.758,4.721,18.281,30.6,0.0,92.52041,2.0,0.0,298.875,201.375,6013.0,0.0,-3.640625,1.376831,513.25116,19999.973,20000.502,1100.0834,574.18726,109.57702,103.07022,0.0,-2.7966712,3.0,74.56818,22.660688,1.8749976,3.3749957,6.388,0.0,6.5,1.0414429,0.0,0.0,0.0,0.0,0.0,2.2460938,2.03125,1.953125,2.0898438,1.1172656,1.0794232,0.9902342,1.1123827,1.3542382,1.4464027,1.2343023,1.5593958,1.306096,1.0100709,0.8379492,0.99931335,1.6111238,1.3604944,1.0337224,1.4024568,0.8027344,0.7998047,78.81012,0.78125006,240.60692,245.24905,0.0,110.00001,99.90234,0.0,241.75435,242.92346,529.5,539.625,-3.5779212,354.5,0.0,358.375,79.82713,70.999954,195.00732,0.0,131.31,312.4375,15.164185,0.8087158,54.42505,73.3139,2.8833008,131.42,131.17,129.25,129.41,0
568117.8,0.1443421,2.7682023,1.2413913,1.2561722,101.173225,15.037586,13.939428,20.408312,357.46835,302.09512,52.359,2.799,4.721,18.281,30.6,0.0,92.36219,2.0,0.0,298.875,201.375,6023.0,0.0,-3.65625,1.376831,512.6708,19971.846,20000.502,1100.0834,574.18726,108.8352,102.646324,0.0,-2.7060869,3.0,74.12872,22.650259,1.8749976,3.3749957,6.38,0.0,6.3125,1.0368652,0.0,0.0,0.0,0.0,0.0,2.1679688,2.0117188,1.8554688,2.0703125,1.1136798,1.0629435,0.99031055,1.0917068,1.3358511,1.4248874,1.2336156,1.5305562,1.3602655,0.83550775,0.94125277,1.0113679,1.2752727,1.1254292,1.161059,1.4193943,0.8046875,0.7998047,78.907776,0.78125006,241.84549,244.78514,0.0,110.00001,99.90234,0.0,242.79082,242.61667,529.5,539.625,-3.4873369,353.375,0.0,358.09375,79.82713,70.999954,195.72144,0.0,131.44,311.0625,15.188599,-0.21057129,54.711914,72.612,2.8735352,131.74,132.03,129.87,129.71,0
568117.8,0.11547368,2.757281,1.2292,1.2458292,101.17267,15.037586,13.941194,20.079435,357.50824,303.2324,52.359,2.837,4.721,18.281,30.6,0.0,92.23562,2.0,0.0,300.375,201.375,6045.0,0.0,-3.7890625,1.3720093,510.87146,19794.602,20000.502,1100.0834,574.18726,111.018265,102.85827,0.0,-2.6336195,3.0,75.18158,22.640873,1.8749976,3.3749957,6.324,0.0,6.0546875,1.0325928,0.0,0.0,0.0,0.0,0.0,2.2265625,1.9921875,1.875,2.0507812,1.1407645,1.0518044,0.99610895,1.0855268,1.3369192,1.4055085,1.2287327,1.5189593,0.9301137,0.7958343,0.912871,0.8719768,0.8719768,1.0248722,1.013962,1.1745632,0.8046875,0.7998047,78.907776,0.78125006,239.57803,242.80118,0.0,110.00001,99.90234,0.0,240.72617,241.92845,529.5,539.625,-3.4148695,351.75,0.0,355.78125,79.82713,70.999954,194.51294,0.0,131.79,309.78125,15.231323,1.4831543,55.05371,74.65973,2.8710938,131.86,132.23,129.96,130.18,0
568117.9,0.092378944,2.7154126,1.2234415,1.2271776,101.173,15.037586,13.918992,19.933947,353.86105,301.03262,52.359,2.879,4.721,18.281,30.6,0.0,92.13436,2.0,0.0,296.625,201.375,6063.0,0.0,-3.7890625,1.3605957,506.63437,19855.098,20000.502,1100.0834,574.9833,111.29379,102.70991,0.0,-2.5756457,3.0,74.92523,22.632425,2.2499971,3.3749957,6.4,0.0,5.953125,1.0198975,0.0,0.0,0.0,0.0,0.0,2.2070312,1.9921875,1.8945312,2.03125,1.1380179,1.0522622,1.0171664,1.0747693,1.3093004,1.4016937,1.2442969,1.4988174,1.0379187,1.0021362,1.3099108,1.3614862,0.9730678,1.2905318,1.455024,1.8339819,0.8076172,0.7998047,78.907776,0.78125006,238.57553,239.3005,0.0,110.00001,99.90234,0.0,239.82236,241.24854,529.5,540.0,-3.3568957,352.8125,0.0,353.0,79.82713,70.999954,194.281,0.0,132.22,305.96875,15.280151,2.029419,56.036377,76.13373,2.8710938,132.44,132.28,130.13,130.75,0
568117.94,0.05390316,2.6799152,1.2232138,1.2121719,101.173294,15.037586,13.921029,19.989902,352.39526,300.28012,52.359,2.918,4.721,18.281,30.6,0.0,92.05335,2.0,0.0,295.125,201.75,6073.0,0.0,-3.75,1.3488159,502.24802,20170.318,20000.502,1100.0834,574.9833,107.77546,102.13765,0.0,-2.5292666,3.0,73.22998,22.624823,2.2499971,3.7499952,6.428,0.0,5.7265625,1.010498,0.0,0.0,0.0,0.0,0.0,2.1875,1.9726562,1.9140625,2.0703125,1.1277943,1.0350957,1.0244144,1.095674,1.2757305,1.3749905,1.2429236,1.526894,1.2581826,0.87342644,1.2314031,1.4013122,1.1795224,1.1248188,1.3678187,1.887541,0.8046875,0.7998047,78.97186,0.78125006,238.96152,236.859,0.0,110.00001,99.90234,0.0,240.14575,240.77591,529.5,539.625,-3.3105166,356.78125,0.0,351.375,79.82713,70.999954,194.47021,0.0,132.58,303.15625,15.301514,0.11291504,56.80542,74.91608,2.8710938,132.88,132.48,130.85,130.75,0
568117.94,-0.016877472,2.6657162,1.2156471,1.2042874,101.17273,15.037586,13.910736,19.848335,352.54642,301.29932,52.359,2.957,4.721,18.281,30.6,0.0,91.98855,2.0,0.0,298.5,201.75,6091.0,0.0,-3.734375,1.345459,500.99597,20101.861,20000.502,1100.0834,576.0446,108.729225,102.13765,0.0,-2.4921634,3.0,73.3017,22.61798,2.2499971,3.7499952,6.324,0.0,5.4765625,1.0065308,0.0,0.0,0.0,0.0,0.0,2.1679688,1.9335938,1.9335938,2.0507812,1.11841,1.0326543,1.0366217,1.1088731,1.2462044,1.3692683,1.2483406,1.542687,1.2233921,0.8485542,1.0666057,0.8571755,1.1468681,1.0927749,1.1847868,1.1546502,0.80078125,0.7998047,78.97186,0.78125006,237.98514,235.82973,0.0,110.00001,99.90234,0.0,239.25021,240.25352,529.5,539.625,-3.2734134,351.625,0.0,350.1875,79.82713,70.999954,193.84155,0.0,132.97,301.96875,15.325928,1.574707,57.110596,76.67694,2.8759766,133.13,133.25,131.27,131.12,0
568118.0,-0.073501974,2.6787865,1.2088752,1.1935205,101.17222,15.037586,13.91525,19.721512,354.68317,304.31985,52.359,2.999,4.721,18.281,30.6,0.0,91.93671,2.0,0.0,297.375,201.75,6115.0,0.0,-3.7109375,1.3401489,499.02252,20136.355,20000.502,1100.0834,576.0446,106.48258,100.2937,0.0,-2.4624808,3.0,71.83075,22.61182,2.2499971,3.7499952,6.336,0.0,5.0,1.0020752,0.0,0.0,0.0,0.0,0.0,2.1679688,1.9140625,1.953125,2.03125,1.1154345,1.0261692,1.0507362,1.0978867,1.2246128,1.3584344,1.2571908,1.5211719,1.2014191,0.7883574,1.0981919,1.0980393,1.1263447,1.015259,1.2198825,1.479057,0.8027344,0.7998047,79.04205,0.78125006,237.11046,234.13803,0.0,110.00001,99.90234,0.0,238.21376,239.24193,529.5,539.625,-3.2437308,350.90625,0.0,347.375,79.82713,70.999954,193.87207,0.0,133.31,300.625,15.34729,0.5432129,57.4646,75.9964,2.8759766,133.52,133.68,131.74,131.8,0
568118.06,-0.09880158,2.6652646,1.2063848,1.1902988,101.17176,15.037586,13.91255,19.653444,352.77032,303.22308,52.359,3.037,4.721,18.281,30.6,0.0,91.89523,2.0,0.0,297.375,201.75,6126.0,0.0,-3.734375,1.3426514,499.3791,20260.002,20000.502,1100.0834,576.0446,103.68487,100.14534,0.0,-2.4387348,3.0,70.4834,22.606277,2.2499971,3.7499952,6.312,0.0,4.5859375,0.99261475,0.0,0.0,0.0,0.0,0.0,2.1679688,1.9335938,1.953125,2.0117188,1.1117723,1.0344853,1.0502784,1.0820936,1.2040894,1.3681239,1.2481117,1.4957656,1.4040589,0.97375447,1.0970473,0.89120317,1.3163195,1.2539865,1.2185855,1.2004273,0.8017578,0.7998047,79.04205,0.78125006,236.64081,233.5281,0.0,110.00001,99.90234,0.0,237.19388,238.8688,529.5,539.625,-3.2199848,353.5625,0.0,345.28125,79.82713,70.999954,193.65234,0.0,133.63,297.78125,15.377808,1.7852783,58.02002,77.8183,2.8735352,134.01,133.91,131.74,132.33,0
568118.06,-0.13904126,2.641106,1.208631,1.1763103,101.17135,15.037586,13.898941,19.726732,351.11105,302.68362,52.359,3.078,4.721,18.281,30.6,0.0,91.86205,2.0,0.0,294.75,201.75,6144.0,0.0,-3.8203125,1.335022,496.5433,19780.805,20000.502,1100.0834,577.3713,109.216705,100.611626,0.0,-2.4197378,3.0,72.76001,22.60129,2.2499971,3.7499952,6.364,0.0,4.296875,0.9816284,0.0,0.0,0.0,0.0,0.0,2.1679688,1.9140625,1.953125,1.953125,1.1146716,1.0209812,1.0496681,1.0677501,1.1928741,1.347219,1.2394141,1.4734112,1.3759823,0.8673991,1.0276189,0.7441825,1.2899977,1.1170367,1.1415274,1.0024414,0.7998047,0.7998047,79.04205,0.78125006,237.14557,230.86118,0.0,110.00001,99.90234,0.0,237.70795,238.30496,529.5,540.0,-3.2009878,351.90625,0.0,344.0,79.82713,70.999954,194.25659,0.0,134.11,294.5,15.411377,0.82702637,58.81958,77.59552,2.8808594,134.33,134.06,132.44,132.17,0
568118.1,-0.17123301,2.6314425,1.2065107,1.1709692,101.17098,15.037586,13.901134,19.743431,351.39896,303.7207,52.359,3.119,4.721,18.281,30.6,0.0,91.83551,2.0,0.0,294.375,201.75,6160.0,0.0,-3.671875,1.3337402,495.50684,20160.766,20000.502,1100.0834,577.3713,106.69453,101.18388,0.0,-2.4045403,3.0,71.54541,22.5968,2.2499971,3.7499952,6.352,0.0,4.2109375,0.9824829,0.0,0.0,0.0,0.0,0.0,2.1484375,1.875,1.953125,1.953125,1.1260395,1.024033,1.0521859,1.0675212,1.1907377,1.3456931,1.2354467,1.4705882,1.152514,0.9186694,1.0559243,1.1520561,1.0804913,1.1332113,1.1728847,1.5518426,0.80078125,0.7998047,79.13208,0.78125006,237.26031,230.36763,0.0,110.00001,99.90234,0.0,237.64163,237.69966,529.5,539.625,-3.1857903,350.21875,0.0,342.375,79.82713,70.999954,194.04297,0.0,134.38,294.75,15.4296875,0.08850098,58.78296,76.81427,2.890625,134.45,134.68,132.79,132.71,0
568118.1,-0.21698642,2.608827,1.2014362,1.1661792,101.17065,15.037586,13.88509,19.668962,349.6759,302.91833,52.359,3.157,4.721,18.281,30.6,0.0,91.81427,2.0,0.0,295.875,201.75,6174.0,0.0,-3.640625,1.3328857,495.19174,20108.76,20000.502,1100.0834,578.698,105.02014,99.61547,0.0,-2.3923824,3.0,70.73822,22.59276,2.2499971,3.7499952,6.3,0.0,3.75,0.9749756,0.0,0.0,0.0,0.0,0.0,2.1679688,1.8945312,1.9726562,1.953125,1.1345845,1.0305943,1.0575265,1.0717174,1.186923,1.3482872,1.23682,1.4742504,1.2710766,0.96047914,1.2803082,1.0470741,1.1915771,1.1848631,1.4221408,1.4103914,0.7939453,0.7998047,79.13208,0.78125006,236.74667,229.86186,0.0,110.00001,99.90234,0.0,237.31827,237.20216,529.5,539.625,-3.1736324,349.3125,0.0,340.0,79.82713,70.999954,194.05518,0.0,134.66,292.5,15.447998,0.18005371,59.265137,77.394104,2.9003906,134.95,135.18,133.03,133.25,0
568118.2,-0.23358914,2.5810308,1.196789,1.16016,101.17035,15.037586,13.891438,19.551336,347.6666,302.20212,52.359,3.199,4.721,18.281,30.6,0.0,91.79728,2.0,0.0,297.0,202.125,6195.0,0.0,-3.625,1.3300781,494.14697,20108.76,20000.502,1100.0834,578.698,105.232086,99.869804,0.0,-2.5389059,3.0,70.45288,22.589123,2.6249967,4.1249948,6.252,0.0,3.7421875,0.9727783,0.0,0.0,0.0,0.0,0.0,2.1875,1.8945312,1.953125,1.9726562,1.1493858,1.0330358,1.0469978,1.0768292,1.1866941,1.3450828,1.218967,1.4800488,1.5210193,1.1210803,0.9477379,1.2536049,1.4259557,1.3828489,1.05272,1.6886396,0.7949219,0.7998047,79.22363,0.78125006,235.93558,228.75946,0.0,110.00001,99.90234,0.0,237.31827,236.53053,529.5,539.625,-3.3201559,349.6875,0.0,337.875,79.82713,70.999954,193.78662,0.0,135.21,291.84375,15.438843,-0.16479492,59.44214,77.186584,2.9101562,135.32,135.37,133.03,133.62,0
568118.25,-0.2868713,2.5511625,1.1993734,1.145493,101.17008,15.037586,13.890021,19.701775,410.18723,357.64044,52.359,3.238,4.721,18.281,30.6,0.0,91.78369,2.0,0.0,297.75,202.125,6214.0,0.0,-3.640625,1.321167,490.8303,19590.824,20000.502,1100.0834,578.698,109.36507,99.04321,0.0,-2.6561248,4.0,72.05658,22.58585,2.6249967,4.1249948,6.216,0.0,3.2890625,0.96313477,0.0,0.0,0.0,0.0,0.0,2.2070312,1.9140625,1.9335938,1.9921875,1.157702,1.0463874,1.0404364,1.0926223,1.185092,1.3573663,1.2066834,1.5022507,1.3356222,1.2208743,1.1035324,1.256199,1.2521553,1.5059892,1.2257572,1.692073,0.79589844,0.7998047,79.22363,0.78125006,236.97227,226.44328,0.0,110.00001,99.90234,0.0,238.34644,235.71794,529.5,539.625,-3.4373748,349.28125,0.0,335.78125,79.82713,70.999954,194.281,0.0,135.51,288.9375,15.411377,-3.1341553,60.17456,74.842834,2.915039,135.95,135.43,133.8,133.6,0
568118.25,-0.34949705,2.520465,1.1985611,1.1349381,101.17067,15.037586,13.877312,19.74847,408.1115,356.5178,52.359,3.279,4.721,18.281,30.6,0.0,91.622444,2.0,0.0,293.625,202.125,6226.0,0.0,-3.59375,1.3167725,489.2051,19937.354,20000.502,1100.0834,579.75934,109.32268,99.869804,0.0,-2.7498999,4.0,72.03522,22.582905,2.6249967,4.1249948,6.312,0.0,3.0,0.95288086,0.0,0.0,0.0,0.0,0.0,2.2265625,1.8945312,1.9726562,1.953125,1.1715877,1.0472267,1.0541695,1.0931563,1.1906614,1.3533989,1.2196536,1.5012589,1.4707408,0.96612495,1.0508889,1.001831,1.3788815,1.191806,1.1673151,1.3494316,0.796875,0.7998047,79.22363,0.78125006,237.29472,224.81708,0.0,110.00001,99.90234,0.0,238.41277,235.28676,529.5,539.625,-3.5311499,351.65625,0.0,333.6875,79.82713,70.999954,194.82422,0.0,135.87,285.875,15.365601,-3.363037,60.87036,75.190735,2.9125977,136.02,135.9,134.12,134.01,0
568118.3,-0.33959764,2.526936,1.1956438,1.1305295,101.171196,15.037586,13.885993,19.612274,410.65906,359.37708,52.359,3.318,4.721,18.281,30.6,0.0,91.49345,2.0,0.0,296.625,202.125,6237.0,0.0,-3.59375,1.3144531,488.32617,20013.238,20000.502,1100.0834,579.75934,105.761955,98.38617,0.0,-2.82492,4.0,70.32013,22.580254,2.6249967,4.1249948,6.22,0.0,3.2578125,0.95111084,0.0,0.0,0.0,0.0,0.0,2.3046875,1.8554688,1.953125,1.9921875,1.207065,1.0322728,1.0464637,1.1100175,1.2209506,1.3270009,1.2040131,1.5268177,1.1820401,1.1328298,0.94476235,1.6644541,1.1081102,1.3974212,1.0493629,2.242008,0.7919922,0.7998047,79.307556,0.78125006,236.35646,223.59778,0.0,110.00001,99.90234,0.0,237.00317,234.65659,529.5,539.625,-3.60617,356.78125,0.0,331.5,79.82713,70.999954,197.07031,0.0,136.32,285.34375,15.258789,-7.5897217,61.016846,71.02814,2.9101562,136.34,136.46,134.67,134.45,0
568118.4,-0.27167812,2.5295246,1.1960164,1.1300632,101.17251,15.037586,13.88621,19.593716,410.93896,357.431,52.359,3.368,4.721,18.281,30.6,0.0,91.39024,2.0,0.0,296.25,202.125,6199.0,0.0,-3.609375,1.3095093,486.50198,20129.457,20000.502,1100.0834,580.29,105.14731,99.36113,0.0,-2.884936,4.0,70.41168,22.577868,2.6249967,4.1249948,6.236,0.0,3.2890625,0.9411011,0.0,0.0,0.0,0.0,0.0,2.3046875,1.9335938,1.953125,1.9726562,1.2133974,1.05272,1.0466926,1.094377,1.2194247,1.3514153,1.202182,1.5041581,1.3836881,1.3978027,1.1402304,0.8019379,1.2971694,1.7242695,1.2665751,1.0801861,0.79589844,0.7998047,79.307556,0.78125006,236.22984,223.32751,0.0,110.00001,99.90234,0.0,236.60516,234.71463,529.5,539.625,-3.666186,352.5625,0.0,332.375,79.82713,70.999954,193.37769,0.0,136.43,282.34375,15.197754,-0.5340576,61.706543,78.70026,2.9077148,136.62,136.59,134.5,134.95,0
568118.4,-0.1973425,2.53056,1.1981806,1.1483332,101.17368,15.037586,13.898082,19.660032,411.29877,358.14792,52.359,3.401,4.721,18.281,30.6,0.0,91.307686,2.0,0.0,298.125,202.125,6206.0,0.0,-3.6484375,1.3209839,490.77225,19938.414,20000.502,1100.0834,580.29,107.6271,100.14534,0.0,-2.9329488,4.0,71.606445,22.57572,2.6249967,4.1249948,6.22,0.0,3.390625,0.96850586,0.0,0.0,0.0,0.0,0.0,2.2851562,1.9140625,1.953125,2.0507812,1.2044709,1.044709,1.051423,1.1249714,1.2040131,1.3363088,1.2044709,1.5499351,1.3504235,0.90707254,0.9164569,1.8103304,1.2659647,1.118944,1.0180056,2.4385443,0.7998047,0.7998047,79.33502,0.78125006,236.68814,226.88132,0.0,110.00001,99.90234,0.0,237.96501,234.94681,529.5,539.625,-3.7141988,348.9375,0.0,336.6875,79.82713,70.999954,193.71948,0.0,136.59,290.5625,15.127563,-3.5125732,59.84497,73.838806,2.9052734,136.59,136.23,135.05,135.17,0
568118.44,-0.077874005,2.4372241,1.207252,1.136888,101.17474,15.037586,13.900532,19.925558,399.58484,348.39627,52.359,3.438,4.721,18.281,30.6,0.0,91.24164,2.0,0.0,295.5,202.125,6214.0,0.0,-3.6953125,1.3162231,489.0061,19569.598,20000.502,1100.0834,580.29,113.26491,100.166534,0.0,-2.971359,4.0,73.93494,22.573788,2.6249967,4.1249948,6.268,0.0,3.328125,0.95288086,0.0,0.0,0.0,0.0,0.0,2.3046875,1.875,1.953125,2.0507812,1.2080568,1.0450904,1.0493629,1.1448082,1.2005799,1.3324178,1.1995881,1.5780118,1.2640574,1.0269321,0.9529259,0.93469137,1.185092,1.2667277,1.058442,1.2590219,0.79785156,0.7998047,79.33502,0.78125006,238.51944,224.75311,0.0,110.00001,99.90234,0.0,239.897,234.88046,529.5,539.625,-3.752609,351.5,0.0,334.09375,79.82713,70.999954,195.54443,0.0,136.47,285.875,15.078735,-5.484009,60.88257,72.789,2.9052734,136.62,136.52,135.51,135.01,0
568118.5,-0.022299204,2.1186397,1.2213176,1.2116632,101.174866,15.037586,13.954982,19.864328,364.48987,303.27277,52.359,3.479,4.721,18.281,30.6,0.0,91.1888,2.0,0.0,0.0,185.25,5930.0,0.0,-4.40625,1.3304443,494.8352,22347.666,20000.502,1100.0834,579.75934,0.0,83.12593,0.0,-2.2208374,4.0,0.0,22.572048,1.8749976,-13.874982,0.0,0.0,2.7265625,0.9242554,0.0,0.0,0.0,0.0,0.0,2.5,2.0703125,2.0507812,2.2851562,1.1799039,1.0124362,1.0047303,1.0988785,1.1788357,1.3140306,1.1725032,1.5430686,0.9389639,0.7159533,0.7158007,0.82627606,0.88029295,0.9220264,0.79507136,1.112993,0.7910156,1.0,56.103516,0.78125006,238.09752,236.26654,0.0,110.00001,99.90234,0.0,239.12585,245.27832,720.0,539.625,-3.0020874,-67.15625,0.0,341.0,79.82713,70.999954,191.99829,0.0,136.94,277.28125,15.0177,-1.3122559,62.45117,78.663635,2.9296875,136.98,136.98,135.58,135.51,0
568118.5,0.022160636,1.972456,1.2824794,1.3955066,101.17497,15.037586,14.022393,20.475168,366.07562,277.52304,52.359,3.528,4.721,18.281,30.6,0.0,91.14653,2.0,0.0,0.0,183.0,5403.0,0.0,-7.28125,1.3521729,502.92795,22577.447,20000.502,1100.0834,579.75934,0.0,87.11055,0.0,-1.62042,4.0,0.0,22.570482,0.0,-14.624981,0.0,0.0,2.8984375,0.8616333,0.0,0.0,0.0,0.0,0.0,2.34375,2.1484375,2.1289062,2.265625,1.0999466,0.9630732,0.99404895,1.0548562,1.1515983,1.2883955,1.1647974,1.5179675,0.7512016,0.87693596,0.66971844,0.7469291,0.9266804,1.1812009,0.8261234,1.0482185,0.9326172,1.0,56.103516,0.78125006,242.30807,263.18942,0.0,110.00001,99.90234,0.0,242.52547,260.83365,720.0,543.0,-2.40167,-61.5625,0.0,381.09375,79.82713,70.999954,187.25586,0.0,137.02,258.5,15.026855,3.9855957,67.51709,88.87787,2.9589844,137.14,137.5,135.61,136.07,0
568118.56,0.03772851,1.8952324,1.3245063,1.5031762,101.1759,15.037586,13.98755,20.490128,369.29666,249.60039,52.359,3.557,4.721,18.281,30.6,0.0,91.11272,2.0,0.0,360.0,183.0,4817.0,0.0,-6.7578125,1.3278809,488.8817,18612.264,20000.502,1100.0834,541.8163,116.08382,90.84083,0.0,-1.1400859,4.0,81.085205,22.569073,-2.6249967,-11.999985,5.432,0.0,5.3828125,0.86157227,0.0,0.0,0.0,0.0,0.0,2.0898438,2.0507812,1.9726562,2.03125,1.0255588,0.9397269,0.9485771,0.9697108,1.1348897,1.2760357,1.1518272,1.4679179,0.6524758,0.69649804,0.91378653,0.6154727,0.87891966,1.0202183,1.2309453,0.9366751,1.6503906,0.83203125,74.49036,0.78125006,242.41212,273.63504,0.0,110.00001,99.90234,0.0,242.84055,273.47028,521.625,543.0,-1.921336,233.9375,0.0,430.5,79.82713,70.999954,177.85645,0.0,137.39,258.46875,14.962769,27.792358,67.66968,99.998474,3.0932617,137.7,137.34,135.82,136.07,0
568118.56,0.05018281,1.864343,1.3787035,1.59478,101.17674,15.037586,13.933863,21.552347,372.62167,238.67238,52.359,3.599,4.721,18.281,30.6,0.0,91.08566,2.0,0.0,321.75,192.0,4565.0,0.0,-4.1640625,1.3480225,489.7109,18943.404,20000.502,1100.0834,541.8163,141.22083,119.11467,0.0,-0.7558188,4.0,94.403076,22.567804,-3.3749957,-2.9999962,6.94,0.0,8.46875,0.75457764,0.0,0.0,0.0,0.0,0.0,2.0117188,1.875,1.8945312,1.9921875,0.99282825,0.8662547,0.8904402,0.9477379,1.125124,1.2343023,1.1241322,1.4499123,0.7636377,0.5650416,0.60128176,0.5803769,0.9420157,0.6970321,0.7045853,0.8145266,1.9999695,0.7998047,76.64032,0.78125006,249.73473,287.24847,0.0,110.00001,99.90234,0.0,250.22852,277.65762,518.625,540.375,-1.5370688,352.4375,0.0,439.875,79.82713,70.999954,179.04053,0.0,137.66,226.375,14.877319,32.107544,78.19824,99.998474,3.2739258,138.32,137.7,136.34,136.23,0
568118.6,0.060146246,1.8894873,1.418127,1.5984255,101.1775,15.037586,13.954876,22.808538,379.24033,238.97408,52.359,3.638,4.721,18.281,30.6,0.0,91.06402,2.0,0.0,308.25,197.25,4491.0,0.0,-3.5546875,1.3569946,489.17194,19476.2,20000.502,1100.0834,541.8163,135.26509,116.78324,0.0,-0.4484051,4.0,91.8396,22.566664,-3.7499952,-0.74999905,7.644,0.0,11.7265625,0.7706299,0.0,0.0,0.0,0.0,0.0,1.875,1.8945312,1.8554688,1.875,0.93827724,0.87769896,0.871519,0.88349736,1.0994889,1.2286564,1.1087205,1.3994812,0.76653695,0.77111465,0.7393759,0.7550927,0.8514534,0.90371555,0.82131684,1.0596628,1.0449219,0.8408203,76.64032,0.78125006,258.39426,290.09958,0.0,110.00001,99.90234,0.0,258.5037,278.55313,515.25,539.625,-1.2296551,414.375,0.0,440.09375,79.82713,70.999954,183.47778,0.0,138.18,231.1875,14.79187,24.642944,76.708984,99.998474,3.4033203,138.43,138.43,136.62,136.59,0
568118.75,0.048116997,1.993295,1.4834257,1.6016471,101.179,15.037586,13.952006,24.22319,393.48303,244.58115,52.359,3.678,4.721,18.281,30.6,0.0,91.04671,2.0,0.0,304.5,197.25,4430.0,0.0,-3.4609375,1.2476807,469.93506,19631.686,20000.502,1100.0834,529.6108,147.007,127.29585,0.0,-0.20247406,4.0,97.79358,22.565638,-3.7499952,-0.74999905,7.872,0.0,11.953125,1.0644531,0.0,0.0,0.0,0.0,0.0,1.875,1.8554688,1.8554688,1.9335938,0.9320211,0.8527504,0.854963,0.8919661,1.0937667,1.1965362,1.0870527,1.3886473,0.848249,0.9143206,0.7948424,0.9217975,0.9421683,1.0714885,0.882887,1.2937362,0.7998047,0.7998047,75.79346,0.78125006,268.14682,288.71567,0.0,110.00001,99.90234,0.0,268.38745,279.51498,514.125,539.625,-0.9837241,432.0,0.0,440.09375,79.82713,70.999954,191.26587,0.0,139.02,319.34375,14.785767,10.534668,56.16455,83.418274,3.4033203,139.01,139.1,137.08,137.08,0
568118.75,0.078493595,2.072318,1.5246437,1.6018591,101.18035,15.037586,13.967576,25.135021,398.95926,245.68994,52.359,3.729,4.721,18.281,30.6,0.0,91.03285,2.0,0.0,301.875,197.25,4389.0,0.0,-3.53125,1.2399902,467.02466,20032.344,20000.502,1100.0834,529.6108,145.41739,129.5213,0.0,-0.31822926,4.0,97.1817,22.564713,-3.7499952,-0.74999905,8.032,0.0,11.90625,1.145935,0.0,0.0,0.0,0.0,0.0,1.875,1.875,1.8554688,1.9726562,0.9365988,0.8604562,0.8559548,0.9185168,1.089723,1.1902037,1.0781262,1.4002441,1.0420386,1.0434883,0.8630503,1.1042191,1.1574731,1.2228581,0.9111162,1.6175326,0.79003906,0.7998047,75.79346,0.78125006,274.43332,287.84888,0.0,110.00001,99.90234,0.0,274.68088,280.11197,514.125,539.625,-1.0994793,441.03125,0.0,440.28125,79.82713,70.999954,195.07446,0.0,139.1,343.78125,14.855957,3.1707764,57.1167,77.034,3.3496094,139.25,139.52,136.98,137.5,0
568118.8,0.082794875,2.1601772,1.5556813,1.6018168,101.18075,15.037586,13.972615,26.008316,406.68152,251.24438,52.359,3.757,4.721,18.281,30.6,0.0,91.021774,2.0,0.0,302.625,197.25,4403.0,0.0,-3.5703125,1.2670898,477.2235,20096.023,20000.502,1100.0834,527.2228,145.98965,131.00494,0.0,-0.41083342,4.0,97.45636,22.56388,-3.7499952,-0.74999905,8.024,0.0,11.796875,1.1035156,0.0,0.0,0.0,0.0,0.0,1.8945312,1.9140625,1.875,2.0507812,0.94125277,0.88548106,0.8643473,0.95712215,1.0892652,1.1849394,1.0640116,1.4204624,0.9735256,0.9006638,1.02533,1.0909438,1.0814068,1.0555428,1.0824751,1.5981537,0.7792969,0.7998047,75.79346,0.78125006,280.45325,287.73267,0.0,110.00001,99.90234,0.0,280.7007,280.3939,513.75,539.625,-1.1920835,440.90625,0.0,439.875,79.82713,70.999954,198.74878,0.0,139.46,331.0625,14.89563,-1.1474609,56.640625,72.36481,3.0541992,139.85,139.37,137.65,137.44,0
568118.9,0.0662359,2.270321,1.5683763,1.6016471,101.1811,15.037586,13.9702835,26.457205,416.35242,259.0884,52.359,3.799,4.721,18.281,30.6,0.0,91.01291,2.0,0.0,298.5,197.25,4435.0,0.0,-3.5859375,1.3113403,493.89822,20164.48,20000.502,1100.0834,527.2228,146.77385,132.93367,0.0,-0.32866675,4.0,97.68219,22.563133,-3.7499952,-0.74999905,8.116,0.0,12.0390625,1.0014648,0.0,0.0,0.0,0.0,0.0,2.0703125,1.875,1.9140625,2.0703125,1.0547036,0.8639658,0.887541,0.9755093,1.1395438,1.1596093,1.0662241,1.4303044,1.1478599,0.8051423,0.93812466,0.98695356,1.2750438,0.94346535,0.99038684,1.4457923,0.79589844,0.7998047,75.62561,0.78125006,283.54773,289.47302,0.0,110.00001,99.90234,0.0,284.0174,280.44363,513.75,539.625,-1.1099168,439.96875,0.0,440.0,79.82713,70.999954,201.15967,0.0,140.07,300.4375,14.678955,-3.6865234,57.946777,71.318054,2.7978516,140.63,140.21,137.96,137.86,0
568118.9,0.05298872,2.3331285,1.5745463,1.6015624,101.18059,15.037586,13.968652,26.664383,418.93695,261.69598,52.359,3.848,4.721,18.281,30.6,0.0,91.00581,2.0,0.0,295.125,197.25,4452.0,0.0,-3.625,1.3307495,501.21155,20116.19,20000.502,1100.0834,528.54944,147.91838,133.88744,0.0,-0.2629333,4.0,98.080444,22.56246,-3.7499952,-0.74999905,8.196,0.0,12.1640625,0.9473877,0.0,0.0,0.0,0.0,0.0,2.03125,1.875,1.953125,2.1484375,1.0261692,0.867628,0.9092851,1.033875,1.1283283,1.1538873,1.0630198,1.4644083,0.94155794,0.89341575,1.0173953,1.526131,1.0459297,1.0469978,1.0741588,2.235523,0.8017578,0.7998047,75.62561,0.78125006,284.97528,289.71802,0.0,110.00001,99.90234,0.0,285.4353,280.34415,514.125,539.625,-1.0441834,439.03125,0.0,439.875,79.82713,70.999954,201.3794,0.0,140.6,284.21875,14.471436,-5.3741455,61.010742,72.51129,2.697754,140.86,140.38,138.37,138.27,0
568118.94,-0.037609022,2.4332514,1.5684118,1.6014352,101.18012,15.037586,13.949931,26.594795,428.48334,268.98196,52.359,3.887,4.721,18.281,30.6,0.0,91.00014,2.0,0.0,294.75,197.25,4474.0,0.0,-3.65625,1.3657837,507.9942,20120.965,20000.502,1100.0834,528.54944,148.32108,134.75641,0.0,-0.05409664,4.0,98.27423,22.561853,-3.7499952,-0.74999905,8.196,0.0,12.5078125,0.89715576,0.0,0.0,0.0,0.0,0.0,2.03125,2.0117188,1.9726562,2.1289062,1.0251011,0.94125277,0.91332877,1.0242618,1.1286335,1.1786069,1.0621042,1.4583048,1.0920882,0.8027008,0.9624628,0.95727473,1.2130922,0.9407187,1.0691234,1.3435569,0.80859375,0.7998047,75.72327,0.78125006,284.49515,290.37265,0.0,110.00001,99.90234,0.0,285.0207,280.16174,514.125,539.625,-0.8353467,438.59375,0.0,440.0,79.82713,70.999954,200.39062,0.0,140.98,269.15625,14.315796,-3.95813,63.76953,76.44501,2.6879883,140.91,141.24,138.74,138.84,0
568118.94,-0.110087216,2.5295506,1.5658199,1.6013929,101.17971,15.037586,13.930967,26.51582,435.30655,273.87604,52.359,3.929,4.721,18.281,30.6,0.0,90.9956,2.0,0.0,293.625,197.25,4484.0,0.0,-3.640625,1.3876343,511.46844,20132.64,20000.502,1100.0834,528.54944,147.87599,134.60805,0.0,0.11297268,4.0,97.917175,22.561308,-3.7499952,-0.74999905,8.212,0.0,12.703125,0.86724854,0.0,0.0,0.0,0.0,0.0,1.8554688,1.8554688,1.7773438,1.9726562,1.0300603,0.9439994,0.9156939,1.0402838,1.1356527,1.1786069,1.0561532,1.4831007,1.3057908,1.0057222,0.84443426,1.0043489,1.4504464,1.1786069,0.93797207,1.4096284,0.8046875,0.7998047,75.72327,0.78125006,283.95038,290.23355,0.0,110.00001,99.90234,0.0,284.4486,279.971,514.125,539.625,-0.6682774,437.9375,0.0,439.875,79.82713,70.999954,199.4751,0.0,141.22,260.1875,14.221191,-3.1829834,66.69922,79.96979,2.709961,141.24,141.67,138.84,139.32,0
568119.0,-0.16806978,2.6055703,1.5579785,1.6013505,101.18017,15.037586,13.905973,26.425528,440.25473,277.54517,52.359,3.967,4.721,18.281,30.6,0.0,90.99197,2.0,0.0,292.875,197.25,4493.0,0.0,-3.7578125,1.3989868,513.3507,20184.115,20000.502,1100.0834,529.34546,145.71411,133.37875,0.0,0.24662817,4.0,96.875,22.560816,-3.7499952,-0.74999905,8.24,0.0,12.8828125,0.8527832,0.0,0.0,0.0,0.0,0.0,1.8945312,1.8554688,1.7578125,1.9921875,1.0537118,0.9442283,0.9126421,1.0477607,1.1674677,1.1731136,1.0508126,1.4943923,1.3170062,1.0920882,1.0262455,1.2146944,1.4628824,1.2797742,1.1399252,1.7048142,0.8027344,0.7998047,75.72327,0.78125006,283.32846,291.0912,0.0,110.00001,99.90234,0.0,283.80182,279.80518,514.5,540.0,-0.5346219,437.71875,0.0,440.0,79.82713,70.999954,198.46191,0.0,141.55,255.84375,14.141846,-2.56958,68.20068,81.95038,2.8027344,141.77,142.0,139.41,139.37,0
568119.06,-0.21445583,2.6359782,1.5641466,1.6013929,101.18058,15.037586,13.917775,26.429016,440.69836,277.5775,52.359,4.008,4.721,18.281,30.6,0.0,90.98906,2.0,0.0,295.125,197.25,4489.0,0.0,-4.3203125,1.4035645,513.86475,20133.17,20000.502,1100.0834,529.34546,146.51952,133.80266,0.0,0.19730258,4.0,97.26257,22.560373,-3.7499952,-0.74999905,8.152,0.0,12.28125,0.8436279,0.0,0.0,0.0,0.0,0.0,1.8945312,1.8554688,1.7578125,2.0117188,1.0534066,0.95277333,0.91050583,1.0666057,1.1672388,1.1815823,1.0457008,1.5231556,1.0854505,1.1435874,0.7800412,1.3403525,1.2056916,1.3401237,0.86648357,1.8811322,0.7939453,0.7998047,75.779724,0.78125006,283.3529,289.8804,0.0,110.00001,99.90234,0.0,283.85986,279.68082,514.875,540.375,-0.5839475,437.71875,0.0,440.0,79.82713,70.999954,198.71216,0.0,142.13,253.09375,14.0625,-3.942871,69.20166,81.45599,2.8881836,142.38,141.83,139.85,139.73,0
568119.06,-0.27156466,2.6293912,1.568841,1.6013505,101.18012,15.037586,13.9201765,26.565792,438.9901,276.74796,52.359,4.048,4.721,18.281,30.6,0.0,90.836365,2.0,0.0,293.25,197.25,4493.0,0.0,-4.3671875,1.4067993,514.4701,20184.646,20000.502,1100.0834,529.6108,145.96846,134.12057,0.0,0.1578421,4.0,96.99707,22.559975,-3.7499952,-0.74999905,8.228,0.0,11.875,0.842041,0.0,0.0,0.0,0.0,0.0,1.9140625,1.8554688,1.7578125,2.0117188,1.060502,0.95147634,0.91035324,1.0611887,1.1767758,1.174792,1.0437934,1.5143054,1.1870756,1.0688182,0.7972076,0.9606317,1.3186084,1.2525368,0.88548106,1.3482109,0.7919922,0.7998047,75.779724,0.78125006,284.29523,290.07153,0.0,110.00001,99.90234,0.0,284.73877,279.61447,514.875,540.375,-0.62340796,437.6875,0.0,440.0,79.82713,70.999954,199.469,0.0,142.53,252.625,13.928223,-5.3894043,69.37866,79.92401,2.9296875,142.55,142.32,140.48,140.27,0
568119.1,-0.3572517,2.6267567,1.5733031,1.6013505,101.17971,15.037586,13.921858,26.637241,439.39798,276.94342,52.359,4.087,4.721,18.281,30.6,0.0,90.7142,2.0,0.0,293.625,197.25,4492.0,0.0,-3.96875,1.4055786,514.6027,20076.92,20000.502,1100.0834,529.6108,146.64668,134.07819,0.0,0.12627369,4.0,97.32361,22.559616,-3.7499952,-0.74999905,8.204,0.0,11.5078125,0.8421631,0.0,0.0,0.0,0.0,0.0,1.9140625,1.875,1.7578125,2.0117188,1.0669872,0.965362,0.9054704,1.0588999,1.1853971,1.1910429,1.0352484,1.5094224,1.0643167,1.2751201,0.9233234,1.1240559,1.1821927,1.4942397,1.0256351,1.577554,0.79003906,0.7998047,75.79346,0.78125006,284.78732,289.692,0.0,110.00001,99.90234,0.0,285.25287,279.54813,514.875,540.0,-0.65497637,437.625,0.0,440.0,79.82713,70.999954,200.1648,0.0,142.68,252.65625,13.763428,-5.9539795,69.36035,79.200745,2.9492188,142.49,142.64,140.63,140.7,0
568119.2,-0.42580137,2.6257029,1.5766382,1.6012657,101.17934,15.037586,13.928894,26.75568,439.17932,277.79156,52.359,4.128,4.721,18.281,30.6,0.0,90.61648,2.0,0.0,292.125,197.25,4508.0,0.0,-3.75,1.4095459,516.0538,20023.322,20000.502,1100.0834,529.6108,147.70642,134.65044,0.0,-0.055231035,4.0,97.83478,22.559294,-3.7499952,-0.74999905,8.252,0.0,11.6640625,0.8473511,0.0,0.0,0.0,0.0,0.0,1.9140625,1.8945312,1.7773438,1.9921875,1.0700389,0.96917677,0.9160754,1.0574502,1.1894407,1.1915771,1.0476844,1.5062181,1.14168,1.1745632,0.96604866,1.0304418,1.2681773,1.37644,1.0730907,1.4461738,0.79296875,0.7998047,75.79346,0.78125006,285.60333,289.9224,0.0,110.00001,99.90234,0.0,286.1235,279.4652,514.875,539.625,-0.8364811,437.40625,0.0,440.0,79.82713,70.999954,201.32446,0.0,142.84,254.21875,13.568115,-6.7718506,68.792725,77.674866,2.9492188,142.94,143.27,140.63,141.08,0
568119.2,-0.3806411,2.6252813,1.5793581,1.6012232,101.17983,15.037586,13.92796,26.846392,439.36346,278.70944,52.359,4.168,4.721,18.281,30.6,0.0,90.5383,2.0,0.0,291.375,197.25,4521.0,0.0,-3.7421875,1.4128418,517.2561,20087.533,20000.502,1100.0834,530.1415,146.54071,134.18416,0.0,-0.20043474,4.0,97.11914,22.559004,-3.7499952,-0.74999905,8.252,0.0,11.7265625,0.85009766,0.0,0.0,0.0,0.0,0.0,1.9140625,1.875,1.7773438,2.0507812,1.0657663,0.9611658,0.9160754,1.0915542,1.1846342,1.1793698,1.0451667,1.5603876,1.1315328,0.8116274,0.876173,1.5075914,1.2568856,0.9511711,0.9732204,2.1158159,0.7919922,0.7998047,75.79346,0.78125006,286.2291,290.03183,0.0,110.00001,99.90234,0.0,286.67075,279.32425,514.875,539.625,-0.9816848,436.78125,0.0,439.78125,79.82713,70.999954,202.02637,0.0,143.11,255.03125,13.360596,-7.2753906,68.49365,76.71356,2.9516602,143.44,143.6,140.96,141.35,0
568119.25,-0.3045129,2.6063628,1.5844247,1.6012232,101.180275,15.037586,13.939025,26.9132,437.7265,278.10098,52.359,4.207,4.721,18.281,30.6,0.0,90.47575,2.0,0.0,290.625,197.25,4528.0,0.0,-3.6640625,1.4143677,517.82825,20019.076,20000.502,1100.0834,530.1415,147.57925,134.52327,0.0,-0.31659776,4.0,97.61963,22.558743,-3.7499952,-0.74999905,8.268,0.0,11.84375,0.8529053,0.0,0.0,0.0,0.0,0.0,1.9140625,1.875,1.7773438,2.0507812,1.068513,0.960708,0.9216449,1.0852216,1.1881437,1.1739528,1.0510415,1.5500877,1.0663767,1.0025177,1.2652781,0.96704054,1.1845579,1.1748683,1.4054322,1.3572137,0.7939453,0.7998047,75.82245,0.78125006,286.69003,289.69586,0.0,110.00001,99.90234,0.0,287.1268,279.17502,515.25,539.625,-1.0978478,436.59375,0.0,439.875,79.82713,70.999954,202.53296,0.0,143.53,255.875,13.143921,-7.751465,68.18237,75.75226,2.944336,143.93,143.6,141.61,141.77,0
568119.25,-0.24361031,2.5987954,1.5806068,1.6011809,101.1815,15.037586,13.946771,26.94435,438.00583,278.95447,52.359,4.248,4.721,18.281,30.6,0.0,90.42572,2.0,0.0,288.75,197.25,4539.0,0.0,-3.296875,1.416748,518.70715,19964.418,20000.502,1100.0834,530.6722,148.36346,134.7776,0.0,-0.4095282,4.0,97.99805,22.633696,-3.7499952,-0.74999905,8.32,0.0,12.078125,0.8567505,0.0,0.0,0.0,0.0,0.0,1.953125,1.875,1.8164062,2.03125,1.0872053,0.9623102,0.9391928,1.0799572,1.2125582,1.1737239,1.0711833,1.5422293,1.1853971,0.9977874,1.0,1.2768749,1.316701,1.1692989,1.1107805,1.7920958,0.7939453,0.7998047,75.82245,0.78125006,286.90598,290.62378,0.0,110.00001,99.90234,0.0,287.36725,279.0092,515.25,539.25,-1.1907783,436.40625,0.0,439.6875,79.82713,70.999954,202.45361,0.0,143.9,257.03125,12.893677,-8.074951,67.76123,74.79401,2.944336,144.56,143.88,142.16,142.0,0
568119.3,-0.23488826,2.5770183,1.5873566,1.6011384,101.1826,15.037586,13.952192,27.004559,436.07013,278.94537,52.359,4.288,4.721,18.281,30.6,0.0,90.38569,2.0,0.0,289.875,197.25,4559.0,0.0,-3.2421875,1.4216919,520.49817,19861.998,20000.502,1100.0834,530.6722,149.8683,134.98956,0.0,-0.48387247,4.0,98.57025,22.701153,-3.7499952,-0.74999905,8.256,0.0,12.1640625,0.8623657,0.0,0.0,0.0,0.0,0.0,1.9335938,1.875,1.8164062,2.03125,1.0793469,0.9561303,0.9377432,1.0774395,1.2041657,1.1621271,1.0681316,1.5373465,0.8540475,0.81857026,1.354467,1.030518,0.9486534,0.95933473,1.5045396,1.4462501,0.79296875,0.7998047,75.86365,0.78125006,287.32208,289.71997,0.0,110.00001,99.90234,0.0,287.78186,278.81018,515.25,539.25,-1.2651225,439.28125,0.0,439.5,79.82713,70.999954,203.22266,0.0,144.44,258.71875,12.631226,-8.303833,67.144775,73.72284,2.9199219,144.27,144.39,142.55,142.64,0
568119.4,-0.22791061,2.5683074,1.5854425,1.5959246,101.18359,15.037586,13.955988,26.970873,435.9601,279.36438,52.359,4.329,4.721,18.281,30.6,0.0,90.35367,2.0,0.0,287.625,197.625,4567.0,0.0,-3.3671875,1.4192505,520.1831,19930.453,20000.502,1100.0834,530.6722,149.0417,134.8624,0.0,-0.543348,4.0,98.172,22.761866,-3.3749957,-0.37499952,8.308,0.0,12.359375,0.8601074,0.0,0.0,0.0,0.0,0.0,1.953125,1.8554688,1.8359375,2.0703125,1.0926986,0.95399404,0.9588006,1.0962844,1.2214847,1.1575494,1.0929275,1.5660334,1.1968414,0.9144732,1.0283818,1.4081788,1.3294423,1.0717174,1.1422904,1.9762722,0.7988281,0.7998047,75.86365,0.78125006,287.09088,288.90704,0.0,110.00001,99.90234,0.0,287.54968,278.61118,515.25,539.25,-1.3245981,442.125,0.0,439.28125,79.82713,70.999954,203.14941,0.0,144.85,258.03125,12.417603,-8.081055,67.388916,74.02496,2.866211,144.73,145.24,142.55,143.04,0
568119.4,-0.18232849,2.583573,1.5901749,1.5959246,101.18366,15.037586,13.958645,27.013872,438.67624,281.53574,52.359,4.367,4.721,18.281,30.6,0.0,90.32805,2.0,0.0,288.375,197.625,4574.0,0.0,-3.3515625,1.4196777,520.34064,19973.969,20000.502,1100.0834,531.46814,148.91454,135.15912,0.0,-0.5909284,4.0,98.11096,22.816505,-3.3749957,-0.37499952,8.288,0.0,12.5703125,0.8602905,0.0,0.0,0.0,0.0,0.0,1.9726562,1.8945312,1.8554688,2.0507812,1.1058977,0.96833754,0.962005,1.08896,1.2379644,1.1753261,1.0957503,1.5543603,1.299916,0.9331655,1.0341802,0.952163,1.4439613,1.0935378,1.1486992,1.3363088,0.7998047,0.7998047,75.86365,0.78125006,287.38733,288.86838,0.0,110.100006,99.90234,0.0,287.83163,278.4868,515.625,539.25,-1.3721784,442.15625,0.0,439.28125,79.82713,70.999954,203.21655,0.0,145.03,258.09375,12.216187,-7.9040527,67.370605,73.95172,2.8417969,145.36,145.07,143.04,143.04,0
568119.44,-0.1458628,2.5896792,1.5844601,1.5967723,101.18372,15.037586,13.960505,26.886154,438.90796,282.23868,52.359,4.401,4.721,18.281,30.6,0.0,90.307556,2.0,0.0,288.0,197.625,4583.0,0.0,-3.390625,1.4224854,521.3771,19895.96,20000.502,1100.0834,531.46814,148.04555,133.46353,0.0,-0.62899274,4.0,97.53876,22.865683,-3.3749957,-0.37499952,8.284,0.0,12.703125,0.86468506,0.0,0.0,0.0,0.0,0.0,1.9726562,1.875,1.8359375,2.0507812,1.0994126,0.960708,0.960708,1.0913253,1.2302586,1.1624323,1.0947585,1.5569543,0.978027,0.8515297,0.8974594,1.0531777,1.0864424,0.99794,1.0517281,1.4781414,0.7988281,0.7998047,75.920105,0.78125006,286.50705,288.63748,0.0,110.19,99.90234,0.0,286.91122,278.30438,515.625,539.625,-1.4102428,441.84375,0.0,439.1875,79.82713,70.999954,203.17383,0.0,145.37,259.40625,12.011719,-6.70166,66.88843,74.49188,2.8320312,145.87,145.36,143.36,143.48,0
568119.44,-0.13669024,2.5921218,1.5810491,1.597281,101.18378,15.037586,13.967666,26.795353,439.20413,282.7989,52.359,4.438,4.721,18.281,30.6,0.0,90.29116,2.0,0.0,286.125,197.625,4589.0,0.0,-3.46875,1.423584,521.7917,19979.275,20000.502,1100.0834,531.46814,147.81241,133.99341,0.0,-0.65944415,4.0,97.42584,22.90994,-3.3749957,-0.37499952,8.324,0.0,13.375,0.86883545,0.0,0.0,0.0,0.0,0.0,1.9726562,1.8945312,1.8359375,2.0507812,1.1053635,0.96818495,0.9578851,1.0828565,1.2374303,1.1709774,1.09308,1.5425345,1.0671397,0.7782101,0.90562296,0.9596399,1.1853209,0.9119554,1.0613413,1.3467612,0.7988281,0.7998047,75.920105,0.78125006,285.88123,288.73425,0.0,110.270996,99.90234,0.0,286.27274,278.12195,516.0,539.625,-1.4406942,441.6875,0.0,439.0,79.82713,70.999954,203.00293,0.0,145.69,260.65625,11.816406,-6.365967,66.430664,74.20502,2.8173828,145.94,145.76,143.7,143.82,0
568119.5,-0.1293522,2.574349,1.5806156,1.597705,101.184654,15.037586,13.949241,26.769186,437.0927,282.17532,52.359,4.478,4.721,18.281,30.6,0.0,90.278046,2.0,0.0,286.875,197.625,4601.0,0.0,-2.9140625,1.4254761,522.4716,19950.62,20000.502,1100.0834,531.99884,147.53687,133.35756,0.0,-0.6838053,4.0,97.29309,22.949774,-3.3749957,-0.37499952,8.312,0.0,13.5390625,0.8742676,0.0,0.0,0.0,0.0,0.0,1.9921875,1.8554688,1.796875,2.0507812,1.1112382,0.9546044,0.9330129,1.0836958,1.2446784,1.151522,1.0668346,1.5427634,1.242771,0.88113225,0.7627222,0.9164569,1.3804837,1.032578,0.8937972,1.286183,0.7998047,0.7998047,75.920105,0.78125006,285.70175,288.78458,0.0,110.3439,99.90234,0.0,285.9991,277.981,516.0,538.875,-1.4650553,441.59375,0.0,439.0,79.82713,70.999954,203.125,0.0,146.09,262.28125,11.630249,-6.7504883,65.83252,73.072815,2.8125,145.87,146.45,143.99,144.33,0
568119.56,-0.123481765,2.5672398,1.5772239,1.5982983,101.18544,15.037586,13.953921,26.662516,437.04474,283.24817,52.359,4.52,4.721,18.281,30.6,0.0,90.26755,2.0,0.0,286.125,197.625,4619.0,0.0,-2.828125,1.4269409,523.6076,19950.09,20000.502,1100.0834,531.99884,147.4309,133.188,0.0,-0.7032942,4.0,97.099304,22.985624,-3.3749957,-0.37499952,8.296,0.0,13.53125,0.8820801,0.0,0.0,0.0,0.0,0.0,2.0117188,1.8945312,1.796875,2.0117188,1.1073472,0.97154194,0.9267567,1.0660715,1.2392615,1.1733425,1.0608072,1.5158312,1.0825514,1.1023117,0.8093385,0.8950179,1.2024872,1.2918288,0.9484245,1.2561227,0.80078125,0.7998047,75.9613,0.78125006,284.96725,288.695,0.0,110.409515,99.90234,0.0,285.3524,277.8069,516.0,538.875,-1.4845443,441.3125,0.0,438.875,79.82713,70.999954,203.19214,0.0,146.35,264.625,11.453247,-5.9814453,64.971924,72.846985,2.8100586,146.39,146.8,144.17,144.67,0
568119.56,-0.2187854,2.526896,1.5738767,1.5975355,101.18698,15.037586,13.945479,26.546515,432.63998,281.2433,52.359,4.558,4.721,18.281,30.6,0.0,90.259155,2.0,0.0,287.25,198.0,4633.0,0.0,-2.71875,1.4282837,524.0968,19950.62,20000.502,1100.0834,532.5295,146.87984,132.61574,0.0,-0.71888536,4.0,96.8338,23.017889,-3.3749957,0.0,8.248,0.0,13.1171875,0.887146,0.0,0.0,0.0,0.0,0.0,2.03125,1.8945312,1.796875,2.0117188,1.1207751,0.96940565,0.92805374,1.059205,1.26421,1.168536,1.06569,1.5043107,1.4804302,1.0700389,0.8688487,0.9552148,1.7348745,1.2539865,1.0181582,1.3405814,0.79785156,0.7998047,75.9613,0.78125006,284.16922,288.3851,0.0,110.46857,99.90234,0.0,284.54807,277.60788,516.0,538.875,-1.5001354,444.25,0.0,438.59375,79.82713,70.999954,202.9541,0.0,146.91,266.15625,11.260986,-5.987549,64.416504,72.12982,2.8027344,146.75,147.27,144.5,145.07,0
568119.6,-0.27502832,2.5107584,1.571726,1.5848185,101.18837,15.037586,13.945429,26.411934,433.26392,282.25684,52.359,4.607,4.721,18.281,30.6,0.0,90.25244,2.0,0.0,286.875,198.0,4643.0,0.0,-2.5390625,1.423645,522.3804,20007.402,20000.502,1100.0834,532.5295,146.15921,132.44618,0.0,-0.73135835,4.0,96.33331,23.046926,-3.3749957,0.0,8.248,0.0,13.3984375,0.8790283,0.0,0.0,0.0,0.0,0.0,2.0507812,1.8945312,1.796875,1.9921875,1.1293966,0.9756619,0.9373617,1.0572976,1.2786298,1.1738765,1.0806439,1.5007248,1.3212024,1.0177767,1.0125887,1.5655756,1.5482566,1.1927215,1.1866179,2.197223,0.80078125,0.7998047,75.990295,0.78125006,283.24295,285.57336,0.0,110.52171,99.90234,0.0,283.53647,277.40887,516.375,538.5,-1.5126084,443.96875,0.0,438.5,79.82713,70.999954,202.771,0.0,147.26,263.71875,11.129761,-4.382324,65.30762,74.44,2.8027344,147.39,147.62,145.18,145.36,0
568119.7,-0.34002265,2.5043035,1.5659561,1.5849034,101.18961,15.037586,13.957112,26.285463,433.46722,282.63257,52.359,4.649,4.721,18.281,30.6,0.0,90.24707,2.0,0.0,286.5,198.0,4647.0,0.0,-2.5078125,1.423645,522.3804,19985.113,20000.502,1100.0834,532.5295,147.19775,133.27278,0.0,-0.74133664,4.0,96.8338,23.073061,-3.3749957,0.0,8.252,0.0,13.4140625,0.88238525,0.0,0.0,0.0,0.0,0.0,2.0507812,1.8945312,1.796875,2.0703125,1.1295491,0.9745937,0.9363699,1.0946059,1.2810712,1.1710536,1.080415,1.5606928,0.91592276,0.9540703,0.91821164,1.4391546,1.0733958,1.1180285,1.07599,2.0198367,0.79785156,0.7998047,75.990295,0.78125006,282.37244,285.65005,0.0,110.569534,99.90234,0.0,282.86484,277.2845,516.375,538.5,-1.5225867,443.90625,0.0,438.5,79.82713,70.999954,202.34375,0.0,147.55,264.71875,11.04126,-3.7200928,64.94141,74.67804,2.8027344,147.97,147.39,145.64,145.41,0
568119.7,-0.39201814,2.5204716,1.5643266,1.5851576,101.19157,15.037586,13.953572,26.254766,436.2141,284.7296,52.359,4.679,4.721,18.281,30.6,0.0,90.24277,2.0,0.0,289.875,198.0,4652.0,0.0,-2.4453125,1.4240723,522.53796,19950.62,20000.502,1100.0834,533.3255,145.79889,131.49242,0.0,-0.7493194,4.0,96.15936,23.096582,-3.3749957,0.0,8.116,0.0,13.3125,0.8838501,0.0,0.0,0.0,0.0,0.0,2.0117188,1.9140625,1.8359375,2.0898438,1.1000992,0.9831388,0.9535363,1.1132983,1.2507057,1.1799802,1.104982,1.5905242,0.7514305,1.016556,0.9846647,1.5304799,0.88052183,1.1912718,1.1539636,2.1480124,0.79589844,0.7998047,75.982666,0.78125006,282.1628,285.73456,0.0,110.61258,99.90234,0.0,282.56635,277.15182,516.375,538.5,-1.5305694,443.84375,0.0,438.59375,79.82713,70.999954,202.23999,0.0,147.85,265.15625,10.9313965,-4.3304443,64.77661,73.78693,2.7978516,147.97,147.74,145.87,145.87,0
568119.75,-0.37361452,2.5269387,1.5597612,1.5849881,101.19333,15.037586,13.951095,26.100615,436.0045,285.51044,52.359,4.72,4.721,18.281,30.6,0.0,90.23933,2.0,0.0,289.125,198.0,4667.0,0.0,-2.453125,1.427185,523.6822,19900.736,20000.502,1100.0834,533.3255,146.73146,131.89513,0.0,-0.75570554,4.0,96.6095,23.117752,-3.3749957,0.0,8.116,0.0,13.2265625,0.888916,0.0,0.0,0.0,0.0,0.0,2.03125,1.9140625,1.8359375,2.0898438,1.1161975,0.9891661,0.9597925,1.1167315,1.2749676,1.186923,1.1149005,1.59411,1.0555428,1.1235981,1.069276,1.061265,1.2369726,1.316701,1.2530708,1.4894332,0.7998047,0.7998047,76.04523,0.78125006,281.10202,285.5375,0.0,110.65132,99.90234,0.0,281.48843,276.9777,516.75,538.5,-1.5369556,443.4375,0.0,438.1875,79.82713,70.999954,202.05688,0.0,148.09,266.6875,10.83374,-2.4902344,64.22119,75.0473,2.8076172,148.1,148.45,145.87,146.39,0
568119.8,-0.35889164,2.5107756,1.559647,1.5850729,101.19573,15.037586,13.931782,26.04389,434.252,284.8503,52.359,4.757,4.721,18.281,30.6,0.0,90.23657,2.0,0.0,289.875,198.0,4675.0,0.0,-2.625,1.4284058,524.14655,19955.396,20000.502,1100.0834,533.8562,146.32877,131.76794,0.0,-0.7608145,4.0,96.2616,23.136805,-3.3749957,0.0,8.08,0.0,13.2578125,0.89105225,0.0,0.0,0.0,0.0,0.0,2.03125,1.9335938,1.8359375,2.0898438,1.1161212,0.9935912,0.95811397,1.1144427,1.2787061,1.1909666,1.1142138,1.5887693,1.0601969,1.1570153,0.90577555,1.1656367,1.2423896,1.3558404,1.0614939,1.6359197,0.7998047,0.7998047,76.04523,0.78125006,280.71344,285.1834,0.0,110.68619,99.90234,0.0,281.1236,276.787,516.75,538.5,-1.5420645,443.34375,0.0,438.09375,79.82713,70.999954,201.98364,0.0,148.69,267.3125,10.726929,-3.8330078,63.989258,73.37189,2.800293,148.45,148.64,146.45,146.8,0
568119.8,-0.2871133,2.5230603,1.5593247,1.5858358,101.1979,15.037586,13.947559,25.982178,436.83456,287.0347,52.359,4.808,4.721,18.281,30.6,0.0,90.234375,2.0,0.0,289.5,198.0,4683.0,0.0,-2.625,1.4309082,524.4616,20024.383,20000.502,1100.0834,533.8562,145.14186,131.21689,0.0,-0.7649016,4.0,95.68939,23.153952,-3.3749957,0.0,8.1,0.0,13.3515625,0.89001465,0.0,0.0,0.0,0.0,0.0,2.0117188,1.9140625,1.8164062,2.109375,1.1088731,0.99031055,0.9483482,1.1229877,1.2731365,1.1857786,1.103151,1.6017395,1.0264744,0.9532311,0.76508737,1.3141832,1.2028687,1.117113,0.89662015,1.8444343,0.80078125,0.7998047,76.08032,0.78125006,280.29022,285.30963,0.0,110.717575,99.90234,0.0,280.8002,276.6875,516.75,538.5,-1.5461516,443.28125,0.0,438.1875,79.82713,70.999954,201.84937,0.0,148.59,267.0,10.668945,-2.2613525,64.09912,75.00763,2.8027344,148.87,149.06,146.86,146.8,0
568119.9,-0.22969066,2.5279741,1.5536375,1.5726104,101.19985,15.037586,13.941026,25.86471,437.0758,287.92914,52.359,4.837,4.721,18.281,30.6,0.0,90.23261,2.0,0.0,286.5,198.375,4695.0,0.0,-2.5859375,1.4277954,523.3174,19856.691,20000.502,1100.0834,533.8562,147.07059,131.36525,0.0,-0.76817125,4.0,96.61865,23.169384,-2.9999962,0.37499952,8.168,0.0,13.375,0.8835449,0.0,0.0,0.0,0.0,0.0,2.0117188,1.9335938,1.8164062,2.1289062,1.1101701,0.99465936,0.94789046,1.1393149,1.2762645,1.1896696,1.1046768,1.6275272,1.1391623,1.133135,0.82589453,1.1268024,1.3350118,1.3279164,0.9678035,1.581445,0.7998047,0.7998047,76.08032,0.78125006,279.48248,282.75916,0.0,110.74582,99.90234,0.0,280.00418,276.50507,516.75,538.5,-1.5494213,446.15625,0.0,438.0,79.82713,70.999954,201.84937,0.0,149.07,265.0625,10.614014,-2.6062012,64.81323,75.25482,2.800293,149.48,149.24,147.32,147.16,0
568119.9,-0.16375253,2.5299397,1.5505079,1.5725678,101.20244,15.037586,13.918874,25.750002,437.4178,288.95227,52.359,4.879,4.721,18.281,30.6,0.0,90.2312,2.0,0.0,286.125,198.375,4708.0,0.0,-2.84375,1.4268799,523.5744,19881.633,20000.502,1100.0834,534.6522,146.2016,130.51746,0.0,-0.77078706,4.0,96.04797,23.183273,-2.9999962,0.37499952,8.168,0.0,13.609375,0.89105225,0.0,0.0,0.0,0.0,0.0,2.03125,1.953125,1.8359375,2.1484375,1.1141375,1.0028992,0.95361257,1.1454185,1.2841992,1.1998932,1.1128404,1.6349279,1.1083391,1.2311742,1.0803387,1.2951095,1.2987716,1.4428169,1.266041,1.8175784,0.7988281,0.7998047,76.08032,0.78125006,278.6944,282.49683,0.0,110.77124,99.90234,0.0,279.0838,276.32266,517.125,538.875,-1.5520371,445.9375,0.0,437.875,79.82713,70.999954,201.46484,0.0,149.52,267.3125,10.562134,-1.4953613,63.989258,75.520325,2.8076172,150.03,149.42,147.68,147.62,0
568119.94,-0.051002026,2.530726,1.5503451,1.5730342,101.204765,15.037586,13.920946,25.629942,437.80603,289.7616,52.359,4.919,4.721,18.281,30.6,0.0,90.23007,2.0,0.0,287.25,198.375,4717.0,0.0,-3.1171875,1.4284058,524.14655,19954.865,20000.502,1100.0834,534.6522,146.15921,131.04733,0.0,-0.77287966,4.0,96.02661,23.195774,-2.9999962,0.37499952,8.116,0.0,13.3828125,0.8970947,0.0,0.0,0.0,0.0,0.0,1.9921875,1.953125,1.8554688,2.1289062,1.0878919,1.0054933,0.96276796,1.1352712,1.2555887,1.2024109,1.1324483,1.6179904,0.7990387,1.274815,1.0023651,1.0601969,0.9363699,1.4939345,1.2364385,1.4879835,0.7998047,0.7998047,76.12915,0.78125006,277.86917,281.85135,0.0,110.79411,99.90234,0.0,278.35413,276.11536,517.125,539.25,-1.5541297,445.78125,0.0,437.78125,79.82713,70.999954,201.47095,0.0,149.96,269.125,10.519409,-0.5767822,63.323975,75.779724,2.8076172,150.37,149.84,148.22,148.07,0
568120.0,0.039198376,2.5310404,1.5498283,1.5732461,101.207695,15.037586,13.922397,25.572845,437.508,290.3624,52.359,4.968,4.721,18.281,30.6,0.0,90.22917,2.0,0.0,289.5,198.375,4730.0,0.0,-3.0703125,1.4321289,525.4981,19916.656,20000.502,1100.0834,535.18286,146.94342,131.42883,0.0,-0.7745537,4.0,96.40503,23.207024,-2.9999962,0.37499952,8.032,0.0,13.3125,0.90063477,0.0,0.0,0.0,0.0,0.0,1.9726562,1.953125,1.8554688,2.1289062,1.085832,1.0094606,0.9626154,1.1317617,1.2542154,1.2069886,1.1350423,1.6118104,1.0479896,0.8673228,0.9085985,1.0661478,1.2281986,1.0164034,1.1207751,1.4962997,0.79589844,0.7998047,76.12915,0.78125006,277.47855,281.49237,0.0,110.8147,99.90234,0.0,277.98932,275.9744,517.5,539.25,-1.5558038,445.5,0.0,437.59375,79.82713,70.999954,201.98364,0.0,150.15,270.1875,10.494995,-1.5991211,62.963867,74.41559,2.8027344,150.14,150.27,147.97,148.52,0
568120.0,0.1313587,2.5311663,1.5466985,1.5737548,101.21033,15.037586,13.923412,25.505028,437.66113,290.8939,52.359,4.999,4.721,18.281,30.6,0.0,90.228455,2.0,0.0,289.875,198.375,4737.0,0.0,-2.8671875,1.43396,526.16974,19934.7,20000.502,1100.0834,535.18286,145.60814,130.26312,0.0,-0.93214303,4.0,95.617676,23.217148,-2.9999962,0.37499952,8.004,0.0,13.296875,0.89959717,0.0,0.0,0.0,0.0,0.0,1.9921875,1.9726562,1.8164062,2.0898438,1.0909438,1.0189211,0.9588769,1.1168841,1.2623026,1.2188907,1.1356527,1.5886167,0.98168916,1.2298771,0.9399558,0.97604334,1.1504539,1.4412909,1.159533,1.3698024,0.7939453,0.7998047,76.17798,0.78125006,277.0137,281.6846,0.0,110.83322,99.90234,0.0,277.4835,275.81686,517.5,538.875,-1.7133931,448.59375,0.0,437.5,79.82713,70.999954,201.62964,0.0,150.43,269.875,10.467529,-0.35705566,63.049316,75.72174,2.8076172,150.46,151.07,148.19,148.76,0
568120.06,0.20508695,2.4937167,1.5460949,1.5744332,101.213524,15.037586,13.924123,25.413239,432.8606,289.52527,52.359,5.038,4.721,18.281,30.6,0.0,90.227875,2.0,0.0,288.375,198.375,4767.0,0.0,-2.359375,1.4401855,528.45825,19933.107,20000.502,1100.0834,536.2442,145.43858,129.81804,0.0,-1.0582144,4.0,95.536804,23.226261,-2.9999962,0.37499952,8.024,0.0,13.4609375,0.90893555,0.0,0.0,0.0,0.0,0.0,2.0117188,1.953125,1.8164062,2.109375,1.0794995,1.0096895,0.95902956,1.1182574,1.2536049,1.2084383,1.1416037,1.5928893,1.1172656,0.81353474,0.86015105,0.8027008,1.3781948,1.0035858,1.0610361,1.1265736,0.7949219,0.7998047,76.17798,0.78125006,276.38422,281.19955,0.0,110.8499,99.90234,0.0,276.89478,275.51834,517.875,538.5,-1.8394645,444.875,0.0,437.28125,79.82713,70.999954,201.88599,0.0,151.36,272.6875,10.443115,-0.6439209,62.438965,74.89166,2.8100586,151.19,151.64,148.39,149.06,0
568120.06,0.28406957,2.4599867,1.5420542,1.5749418,101.2164,15.037586,13.924621,25.368292,431.5243,288.26816,52.359,5.087,4.721,18.281,30.6,0.0,90.22742,2.0,0.0,286.5,198.375,4761.0,0.0,-2.375,1.4390259,528.04364,20001.564,20000.502,1100.0834,536.2442,144.82394,129.75444,0.0,-1.1590717,4.0,95.24078,23.234463,-2.9999962,0.37499952,8.088,0.0,13.421875,0.90893555,0.0,0.0,0.0,0.0,0.0,2.0117188,1.953125,1.8164062,2.0898438,1.0791943,1.008545,0.96498054,1.1068132,1.2613107,1.2089723,1.1524377,1.5756466,1.0435646,1.0667583,1.0978867,0.8927291,1.2873274,1.315938,1.3542382,1.2529182,0.79785156,0.7998047,76.17798,0.78125006,276.07727,281.76138,0.0,110.864914,99.90234,0.0,276.5714,275.38568,517.875,538.5,-1.9403217,444.90625,0.0,437.5,79.82713,70.999954,201.47095,0.0,151.47,272.6875,10.430908,-0.8514404,62.438965,74.653625,2.8076172,151.58,151.88,149.18,149.24,0
568120.1,0.30725566,2.4464948,1.5432581,1.5755353,101.21899,15.037586,13.919109,25.367256,431.53204,289.42377,52.359,5.119,4.721,18.281,30.6,0.0,90.22705,2.0,0.0,288.375,198.375,4780.0,0.0,-2.25,1.4432983,529.59424,20099.207,20000.502,1100.0834,536.2442,143.38269,129.28816,0.0,-1.2397573,4.0,94.392395,23.241844,-2.9999962,0.37499952,8.008,0.0,12.671875,0.9133301,0.0,0.0,0.0,0.0,0.0,2.0117188,1.953125,1.8359375,2.109375,1.0848402,1.0116731,0.9756619,1.126421,1.2731365,1.2169833,1.1717403,1.6070039,1.2114137,1.0255588,1.0720226,1.9760433,1.4943923,1.2650492,1.3223468,2.7732508,0.79589844,0.7998047,76.24817,0.78125006,276.07272,281.5542,0.0,110.87842,99.90234,0.0,276.6709,275.20325,517.875,538.125,-2.0210073,444.6875,0.0,437.28125,79.82713,70.999954,202.03857,0.0,151.99,274.0,10.409546,-1.0162354,62.158203,74.24774,2.8125,152.09,151.94,149.42,149.48,0
568120.2,0.28580454,2.422348,1.539854,1.5756202,101.222145,15.037586,13.909392,25.228765,429.50696,288.4874,52.359,5.158,4.721,18.281,30.6,0.0,90.22675,2.0,0.0,290.625,198.375,4787.0,0.0,-2.046875,1.4416504,529.57764,20041.365,20000.502,1100.0834,536.5095,143.57344,128.92786,0.0,-1.3043058,4.0,94.48547,23.248487,-2.9999962,0.37499952,7.928,0.0,12.8203125,0.91937256,0.0,0.0,0.0,0.0,0.0,2.0117188,1.9726562,1.8359375,2.1484375,1.0830854,1.02327,0.9787137,1.147631,1.2784772,1.2368963,1.1797513,1.6430151,1.1995881,1.1374838,1.0931563,1.1012436,1.4797436,1.4031434,1.3484398,1.5455863,0.79296875,0.7998047,76.24817,0.78125006,275.12128,281.3125,0.0,110.89058,99.90234,0.0,275.70078,274.99597,518.25,538.125,-2.0855558,444.5625,0.0,437.1875,79.82713,70.999954,201.63574,0.0,152.13,275.8125,10.409546,-0.49438477,61.77368,74.41559,2.8125,152.38,152.39,149.9,149.78,0
568120.2,0.20864365,2.3939393,1.5332954,1.5757471,101.22499,15.037586,13.920168,25.133686,427.18256,286.9861,52.359,5.209,4.721,18.281,30.6,0.0,90.22652,2.0,0.0,290.25,198.375,4788.0,0.0,-1.9765625,1.4414673,529.5279,20096.023,20000.502,1100.0834,536.5095,142.76804,128.75829,0.0,-1.3559446,4.0,94.096375,23.254465,-2.9999962,0.37499952,7.92,0.0,12.46875,0.9213257,0.0,0.0,0.0,0.0,0.0,2.0117188,1.9726562,1.8359375,2.1289062,1.0787365,1.015259,0.9798581,1.1353475,1.2759594,1.228275,1.182803,1.6225681,0.77630275,0.86556804,1.0050355,0.9502556,0.9576562,1.0677501,1.2397193,1.3336385,0.7949219,0.7998047,76.26953,0.78125006,274.46875,281.69907,0.0,110.90152,99.90234,0.0,274.99597,274.87988,517.875,538.125,-2.1371946,444.34375,0.0,437.0,79.82713,70.999954,201.2207,0.0,152.43,276.40625,10.406494,0.0030517578,61.65161,74.83673,2.8076172,152.6,152.32,149.82,150.27,0
568120.25,0.10691492,2.3825758,1.5365328,1.5762134,101.22755,15.037586,13.915993,25.166655,427.26938,287.70392,52.359,5.237,4.721,18.281,30.6,0.0,90.226326,2.0,0.0,292.125,198.375,4799.0,0.0,-1.953125,1.4411621,529.99225,20007.402,20000.502,1100.0834,536.5095,143.3403,128.46156,0.0,-1.3972557,4.0,94.37256,23.259846,-2.9999962,0.37499952,7.86,0.0,12.6015625,0.9277954,0.0,0.0,0.0,0.0,0.0,1.9726562,1.9726562,1.8554688,2.109375,1.0630198,1.0170901,0.981384,1.1214619,1.2619212,1.2337682,1.186389,1.6015869,1.0559243,0.98626685,0.9814603,0.8616007,1.3025864,1.2166018,1.2106508,1.2092012,0.79785156,0.7998047,76.26953,0.78125006,274.69855,281.48602,0.0,110.91136,99.90234,0.0,275.2779,274.7721,518.25,538.125,-2.1785057,444.34375,0.0,437.09375,79.82713,70.999954,201.5747,0.0,152.62,278.34375,10.394287,-0.53100586,61.242676,73.88153,2.8149414,152.6,152.55,150.03,150.52,0
568120.3,0.0055319443,2.3780303,1.5356219,1.5759169,101.22902,15.037586,13.918929,25.094893,427.58148,288.454,52.359,5.278,4.721,18.281,30.6,0.0,90.22617,2.0,0.0,289.875,198.375,4808.0,0.0,-1.96875,1.4429321,530.6473,20053.04,20000.502,1100.0834,537.0402,142.9376,128.73709,0.0,-1.4303045,4.0,94.02466,23.264688,-2.9999962,0.37499952,7.912,0.0,12.71875,0.93011475,0.0,0.0,0.0,0.0,0.0,1.9726562,1.9726562,1.875,2.0898438,1.0604258,1.0254825,0.9932097,1.1177233,1.2675669,1.2503242,1.2093538,1.597696,1.1408408,0.9474327,1.2545205,1.1541924,1.4691386,1.2200351,1.615549,1.6906996,0.79785156,0.7998047,76.26953,0.78125006,274.20538,281.17673,0.0,110.92023,99.90234,0.0,274.8467,274.63113,518.25,538.125,-2.2115545,444.09375,0.0,436.875,79.82713,70.999954,201.58691,0.0,152.77,279.03125,10.388184,-0.12817383,61.09619,74.21112,2.8100586,152.72,153.14,150.41,150.63,0
568120.3,-0.055574443,2.3574622,1.5361254,1.5772732,101.23035,15.037586,13.920984,25.064625,425.78738,287.84113,52.359,5.319,4.721,18.281,30.6,0.0,90.22605,2.0,0.0,291.375,198.375,4818.0,0.0,-1.953125,1.4457397,531.6837,19996.787,20000.502,1100.0834,537.0402,143.02238,128.27081,0.0,-1.4567435,4.0,94.06586,23.269047,-2.6249967,0.37499952,7.864,0.0,12.953125,0.93499756,0.0,0.0,0.0,0.0,0.0,1.9726562,1.9921875,1.8554688,2.109375,1.0564584,1.0349431,0.9879454,1.1242847,1.2674143,1.2726024,1.2154574,1.6110475,0.98199433,1.3339437,1.02739,0.9621576,1.2645915,1.7178607,1.383917,1.4093995,0.796875,0.7998047,76.297,0.78125006,273.99808,281.1003,0.0,110.92821,99.90234,0.0,274.63943,274.49847,518.25,538.125,-2.2379935,444.0625,0.0,437.0,79.82713,70.999954,201.8982,0.0,153.01,280.5,10.38208,-0.02746582,60.784912,74.00055,2.8125,153.08,153.46,151.07,151.03,0
568120.4,-0.104459554,2.3492348,1.5348724,1.5632845,101.23237,15.037586,13.898986,24.988934,426.09665,288.70782,52.359,5.357,4.721,18.281,30.6,0.0,90.22595,2.0,0.0,290.25,198.75,4829.0,0.0,-2.078125,1.4396973,529.46985,20064.715,20000.502,1100.0834,537.57086,142.34415,128.27081,0.0,-1.4778948,4.0,93.73932,23.27297,-2.6249967,0.74999905,7.892,0.0,12.8984375,0.927063,0.0,0.0,0.0,0.0,0.0,1.953125,2.0117188,1.875,2.109375,1.0500495,1.0418097,1.0030518,1.1195544,1.2683299,1.2910658,1.2510872,1.6086824,0.9938201,0.85877776,0.97291523,0.942092,1.2797742,1.1058977,1.3105211,1.380026,0.796875,0.7998047,76.297,0.78125006,273.47836,278.30188,0.0,110.93538,99.90234,0.0,274.09216,274.32434,518.625,538.125,-2.2591448,446.96875,0.0,436.78125,79.82713,70.999954,201.88599,0.0,153.45,278.125,10.391235,0.3540039,61.291504,74.81842,2.8125,153.46,153.92,151.43,151.64,0
568120.4,-0.14356764,2.345944,1.5299754,1.5632845,101.23419,15.037586,13.901165,24.88251,426.3003,289.26453,52.359,5.409,4.721,18.281,30.6,0.0,90.225876,2.0,0.0,289.5,198.75,4836.0,0.0,-2.171875,1.4406738,529.83466,20019.076,20000.502,1100.0834,537.57086,143.17075,128.60992,0.0,-1.6510658,4.0,93.984985,23.2765,-2.6249967,0.74999905,7.884,0.0,12.796875,0.930603,0.0,0.0,0.0,0.0,0.0,1.9335938,2.0117188,1.8945312,2.0898438,1.0383002,1.0486763,1.0099946,1.1094835,1.2574197,1.3041123,1.2672617,1.5970092,0.7650111,1.2023346,1.1647974,1.0891889,0.98519874,1.5483329,1.569009,1.5955596,0.79296875,0.7998047,76.33972,0.78125006,272.7466,278.50558,0.0,110.94183,99.90234,0.0,273.40396,274.19168,518.625,538.125,-2.4323158,446.65625,0.0,436.59375,79.82713,70.999954,201.52588,0.0,153.74,279.1875,10.400391,0.5126953,61.065674,74.809265,2.8100586,153.92,153.81,151.98,151.69,0
568120.44,-0.13485411,2.3446276,1.527837,1.5637509,101.235,15.037586,13.896831,24.873802,426.67224,290.11557,52.359,5.438,4.721,18.281,30.6,0.0,90.225815,2.0,0.0,289.125,198.75,4846.0,0.0,-2.859375,1.4421997,530.39026,19928.332,20000.502,1100.0834,538.10156,142.70445,127.06271,0.0,-1.7896025,4.0,93.759155,23.279678,-2.6249967,0.74999905,7.896,0.0,11.0546875,0.93218994,0.0,0.0,0.0,0.0,0.0,1.9335938,2.0117188,1.875,2.0703125,1.0336461,1.0492103,1.0042726,1.0981919,1.2614633,1.3104448,1.269398,1.5849546,0.8206302,1.1413748,0.84992754,0.7612726,1.0568398,1.4699016,1.1448082,1.1151294,0.7939453,0.7998047,76.33972,0.78125006,272.6874,278.84717,0.0,110.94765,99.90234,0.0,273.28787,274.03412,518.625,538.875,-2.5708525,446.59375,0.0,436.59375,79.82713,70.999954,201.48315,0.0,154.03,279.65625,10.415649,0.5859375,60.961914,74.80621,2.8125,154.26,154.26,152.26,152.13,0
568120.5,-0.1478833,2.344101,1.5228329,1.5644716,101.235725,15.037586,13.899656,24.766808,426.73712,290.81833,52.359,5.487,4.721,18.281,30.6,0.0,90.22577,2.0,0.0,289.125,198.75,4857.0,0.0,-2.7734375,1.4455566,531.60913,19881.102,20000.502,1100.0834,538.10156,143.78539,127.57139,0.0,-1.9004321,4.0,94.281006,23.282537,-2.6249967,0.74999905,7.88,0.0,11.015625,0.93518066,0.0,0.0,0.0,0.0,0.0,1.8945312,2.0117188,1.8945312,2.0898438,1.0164797,1.0487525,1.0074769,1.117647,1.246357,1.3118944,1.2787061,1.6198977,0.8988327,1.0189974,1.0782025,1.55169,1.1575494,1.3122759,1.4522774,2.2729838,0.7939453,0.7998047,76.33972,0.78125006,271.95062,279.11948,0.0,110.95288,99.90234,0.0,272.47528,273.90976,518.625,538.875,-2.681682,446.40625,0.0,436.5,79.82713,70.999954,201.26343,0.0,154.32,280.5625,10.437012,1.4099121,60.772705,75.48065,2.8125,154.67,154.3,152.32,152.6,0
568120.5,-0.15830663,2.3251405,1.5247822,1.5646836,101.23638,15.037586,13.907494,24.766634,424.93213,290.24408,52.359,5.52,4.721,18.281,30.6,0.0,90.22573,2.0,0.0,290.25,198.75,4868.0,0.0,-2.6640625,1.4481812,532.5958,19911.35,20000.502,1100.0834,538.10156,143.12836,127.06271,0.0,-1.9890957,4.0,93.82019,23.28511,-2.6249967,0.74999905,7.824,0.0,10.9453125,0.93634033,0.0,0.0,0.0,0.0,0.0,1.875,2.03125,1.8945312,2.0898438,1.0035858,1.0537881,1.0138094,1.1146716,1.2359045,1.3237964,1.2964828,1.6182956,0.980087,1.1110094,1.0907149,0.98962384,1.26215,1.4307622,1.4692149,1.4496834,0.79296875,0.7998047,76.37482,0.78125006,271.9501,278.71518,0.0,110.957596,99.90234,0.0,272.59967,273.69415,519.0,538.875,-2.7703457,446.125,0.0,436.375,79.82713,70.999954,201.65405,0.0,154.72,280.90625,10.488892,1.6296387,60.699463,75.727844,2.8100586,155.03,154.74,152.95,153.08,0
568120.56,-0.16664532,2.3175564,1.527082,1.5646836,101.2378,15.037586,13.918839,24.837795,424.85995,290.49286,52.359,5.567,4.721,18.281,30.6,0.0,90.2257,2.0,0.0,289.875,198.75,4873.0,0.0,-2.6328125,1.447937,532.49634,19723.492,20000.502,1100.0834,538.63226,145.24783,126.914345,0.0,-2.0600266,4.0,94.84253,23.287426,-2.6249967,0.74999905,7.836,0.0,10.9375,0.9397583,0.0,0.0,0.0,0.0,0.0,1.875,2.03125,1.8945312,2.109375,1.0000763,1.0607309,1.0157168,1.126955,1.234226,1.3376821,1.3030442,1.6403449,0.9345388,1.1614405,1.1048294,1.401007,1.203479,1.4956893,1.4882123,2.052262,0.7939453,0.7998047,76.37482,0.78125006,272.44202,278.808,0.0,110.96184,99.90234,0.0,272.91476,273.58636,519.0,538.875,-2.8412766,446.125,0.0,436.375,79.82713,70.999954,201.78833,0.0,154.93,281.9375,10.510254,0.44555664,60.48584,74.3454,2.8100586,154.91,155.15,152.95,153.22,0
568120.6,-0.19331627,2.3332725,1.5228873,1.5511187,101.23908,15.037586,13.926782,24.696558,427.0858,293.03348,52.359,5.599,4.721,18.281,30.6,0.0,90.22568,2.0,0.0,288.0,199.125,4890.0,0.0,-2.6328125,1.4439697,531.037,19911.35,20000.502,1100.0834,538.63226,144.01854,126.7024,0.0,-2.1167715,4.0,94.25049,23.28951,-2.6249967,1.1249986,7.876,0.0,11.03125,0.9316406,0.0,0.0,0.0,0.0,0.0,1.8554688,2.0117188,1.9140625,2.1289062,0.9907683,1.0383002,1.022736,1.1299306,1.2275883,1.3115892,1.320592,1.6470588,0.86991686,0.82917523,1.0002289,1.2387275,1.1203173,1.0678264,1.3473716,1.8145266,0.79785156,0.7998047,76.423645,0.78125006,271.46976,276.3364,0.0,110.96565,99.90234,0.0,272.11874,273.3625,519.375,538.875,-2.8980215,448.90625,0.0,436.09375,79.82713,70.999954,201.78223,0.0,155.37,279.5,10.559082,1.6540527,60.998535,76.060486,2.8125,155.72,155.55,153.02,153.58,0
568120.6,-0.194653,2.3208091,1.5193514,1.5520936,101.240234,15.037586,13.932341,24.55949,425.344,292.43518,52.359,5.649,4.721,18.281,30.6,0.0,90.225655,2.0,0.0,289.875,199.125,4900.0,0.0,-2.625,1.4472046,532.231,19945.312,20000.502,1100.0834,538.63226,144.06093,127.04152,0.0,-2.1621673,4.0,94.11774,23.291388,-2.6249967,1.1249986,7.82,0.0,11.1015625,0.93518066,0.0,0.0,0.0,0.0,0.0,1.8945312,2.0117188,1.8945312,2.1289062,0.98817426,1.0422674,1.0171664,1.1326009,1.2266728,1.3189136,1.318761,1.652018,0.9391165,1.1303884,0.93499655,0.94125277,1.2093538,1.4557106,1.2594033,1.3787289,0.79589844,0.7998047,76.423645,0.78125006,270.52612,276.15622,0.0,110.969086,99.90234,0.0,270.8667,273.23813,519.375,538.5,-2.9434173,448.71875,0.0,436.0,79.82713,70.999954,201.59302,0.0,155.69,280.5625,10.60791,2.9022217,60.772705,77.15607,2.8173828,155.68,156.04,153.69,153.69,0
568120.7,-0.1957224,2.3158238,1.5200378,1.551797,101.2421,15.037586,13.9186535,24.5886,425.5297,293.45847,52.359,5.678,4.721,18.281,30.6,0.0,90.22564,2.0,0.0,289.5,199.125,4915.0,0.0,-2.7109375,1.4472656,532.8363,19836.525,20000.502,1100.0834,539.4282,144.42123,125.83341,0.0,-2.354734,4.0,94.29016,23.293076,-2.6249967,1.1249986,7.804,0.0,11.09375,0.9414673,0.0,0.0,0.0,0.0,0.0,1.875,1.9921875,1.875,2.109375,0.9763485,1.0299077,1.0039674,1.1198596,1.2211032,1.3054093,1.306096,1.6340123,0.87129015,0.87930113,0.97245747,0.94911116,1.1736476,1.1322957,1.3099108,1.3903258,0.7939453,0.7998047,76.47247,0.78125006,270.72864,276.15826,0.0,110.97218,99.90234,0.0,271.3559,272.99765,519.375,538.875,-3.135984,448.5,0.0,435.78125,79.82713,70.999954,202.13013,0.0,156.29,282.4375,10.668945,2.1240234,60.375977,76.109314,2.8271484,156.1,156.52,154.1,154.03,0
568120.7,-0.19657794,2.2950797,1.5192827,1.5525177,101.24378,15.037586,13.920792,24.515959,423.4223,292.53983,52.359,5.729,4.721,18.281,30.6,0.0,90.225624,2.0,0.0,288.75,199.125,4924.0,0.0,-2.7265625,1.4484863,533.30066,19933.639,20000.502,1100.0834,539.4282,144.63318,126.55404,0.0,-2.5087872,4.0,94.392395,23.294596,-2.6249967,1.1249986,7.812,0.0,11.125,0.94885254,0.0,0.0,0.0,0.0,0.0,1.8359375,1.9921875,1.875,2.0703125,0.958648,1.0328069,1.0043489,1.1009384,1.2020295,1.3109026,1.3090715,1.6069276,0.95124745,1.0971999,1.0135043,0.90913254,1.2813001,1.4129854,1.3651484,1.3317311,0.7919922,0.7998047,76.47247,0.78125006,270.2296,275.84888,0.0,110.97496,99.90234,0.0,270.9413,272.8567,519.375,538.875,-3.2900372,448.375,0.0,435.78125,79.82713,70.999954,201.96533,0.0,156.35,284.65625,10.714722,2.2888184,59.91211,75.89264,2.824707,156.75,156.62,154.43,154.39,0
568120.75,-0.15726236,2.2680318,1.5235573,1.5387834,101.24612,15.037586,13.90471,24.651743,421.17502,291.63727,52.359,5.758,4.721,18.281,30.6,0.0,90.37599,2.0,0.0,288.75,199.5,4935.0,0.0,-2.6875,1.4425049,531.09503,19979.275,20000.502,1100.0834,540.22424,142.08981,124.37097,0.0,-2.6320298,4.0,93.01453,23.295963,-2.6249967,1.4999981,7.788,0.0,11.203125,0.9354248,0.0,0.0,0.0,0.0,0.0,1.8554688,2.0117188,1.9335938,2.0898438,0.9717708,1.0450904,1.0348668,1.1108568,1.2318609,1.3315785,1.364767,1.627451,0.9879454,1.2648966,1.0968947,0.8973068,1.3308156,1.6289005,1.5394827,1.3144121,0.79003906,0.7998047,76.47247,0.78125006,271.1679,273.7805,0.0,110.97746,99.90234,0.0,271.5466,272.61624,519.75,538.875,-3.4132798,453.875,0.0,435.59375,79.82713,70.999954,202.6123,0.0,157.01,280.625,10.772705,0.15563965,60.760498,74.598694,2.8344727,157.05,157.22,154.67,154.74,0
568120.8,-0.1258099,2.2572126,1.5151412,1.5279318,101.24822,15.037586,13.905171,24.37681,421.00015,291.98874,52.359,5.808,4.721,18.281,30.6,0.0,90.496284,2.0,0.0,289.875,199.5,4943.0,0.0,-2.7109375,1.4376831,529.32886,19996.787,20000.502,1100.0834,540.22424,143.06477,125.38832,0.0,-2.730624,4.0,93.4845,23.297194,-2.2499971,1.4999981,7.744,0.0,11.2421875,0.9295654,0.0,0.0,0.0,0.0,0.0,1.875,2.0117188,1.9335938,2.0703125,0.9745174,1.0486763,1.0316625,1.103685,1.2438391,1.3377584,1.3646907,1.6169986,1.020142,1.2263676,0.9722286,0.9700923,1.3740749,1.5793087,1.3645381,1.4210727,0.79296875,0.7998047,76.52893,0.78125006,269.27493,271.50705,0.0,110.97972,99.90234,0.0,269.91312,272.48358,519.75,538.875,-3.511874,453.78125,0.0,435.5,79.82713,70.999954,201.77612,0.0,157.18,278.875,10.827637,3.1921387,61.132812,78.05023,2.836914,157.47,157.22,154.62,155.03,0
568120.8,-0.10064792,2.252885,1.5177112,1.5286524,101.250114,15.037586,13.911354,24.40681,420.99838,292.57822,52.359,5.837,4.721,18.281,30.6,0.0,90.592514,2.0,0.0,289.5,199.5,4953.0,0.0,-2.7421875,1.4418945,530.26587,19950.62,20000.502,1100.0834,540.22424,143.46747,125.32474,0.0,-2.8094993,4.0,93.67828,23.298302,-2.2499971,1.4999981,7.752,0.0,11.296875,0.9326782,0.0,0.0,0.0,0.0,0.0,1.875,2.03125,1.953125,2.0507812,0.9752041,1.0549325,1.0480659,1.0930037,1.2484932,1.3488213,1.399939,1.6012818,0.7962158,1.0296025,1.1799802,0.9463645,1.0724803,1.3258564,1.6559854,1.3862821,0.79296875,0.7998047,76.52893,0.78125006,269.4836,271.41364,0.0,110.98175,99.90234,0.0,270.18677,272.31772,519.375,538.875,-3.5907493,453.65625,0.0,435.5,79.82713,70.999954,202.31934,0.0,157.49,279.8125,10.900879,2.5543213,60.931396,77.223206,2.854004,157.71,157.53,154.74,155.21,0
568120.9,-0.080518335,2.2324042,1.5167819,1.5283557,101.25265,15.037586,13.898104,24.377493,419.29187,291.80408,52.359,5.879,4.721,18.281,30.6,0.0,90.6695,2.0,0.0,289.5,199.5,4960.0,0.0,-2.75,1.4407349,530.4483,19882.693,20000.502,1100.0834,540.75494,144.03973,125.17638,0.0,-3.0288494,4.0,93.800354,23.2993,-2.2499971,1.4999981,7.744,0.0,11.234375,0.9354248,0.0,0.0,0.0,0.0,0.0,1.8359375,2.0117188,1.953125,2.0703125,0.96147096,1.0492866,1.0472267,1.0986496,1.2364385,1.3424888,1.4063478,1.6123445,1.1454185,0.99046314,1.101854,1.3329519,1.5428396,1.2755016,1.5464256,1.9526207,0.79003906,0.7998047,76.564026,0.78125006,269.28406,271.28513,0.0,110.98358,99.90234,0.0,270.02094,272.1353,520.125,538.875,-3.8100994,453.5,0.0,435.375,79.82713,70.999954,202.28882,0.0,157.85,280.625,11.001587,2.1209717,60.760498,76.75629,2.878418,158.08,157.96,155.44,155.8,0
568120.94,-0.084414676,2.2242117,1.5135102,1.5292034,101.25493,15.037586,13.912266,24.352497,419.39392,292.81662,52.359,5.928,4.721,18.281,30.6,0.0,90.731094,2.0,0.0,289.875,199.5,4976.0,0.0,-2.65625,1.4439697,531.6423,19950.62,20000.502,1100.0834,540.75494,143.12836,124.6677,0.0,-3.2043295,4.0,93.3609,23.300196,-2.2499971,1.4999981,7.72,0.0,10.453125,0.94104004,0.0,0.0,0.0,0.0,0.0,1.875,2.0117188,1.9726562,2.0703125,0.97589076,1.0429541,1.0632486,1.1056688,1.2650492,1.334783,1.4361792,1.6243992,1.1198596,0.79346913,1.4202335,1.2626078,1.5084306,1.0218204,1.9932097,1.8496224,0.79003906,0.7998047,76.564026,0.78125006,269.11404,271.79938,0.0,110.98523,99.90234,0.0,269.75558,272.01093,520.125,538.875,-3.9855795,453.3125,0.0,435.28125,79.82713,70.999954,202.33765,0.0,158.07,282.3125,11.05957,3.088379,60.406494,77.445984,2.8808594,158.08,158.21,155.8,155.72,0
568120.94,-0.10753174,2.2021847,1.5121129,1.528822,101.25698,15.037586,13.91046,24.28547,417.18073,291.21286,52.359,5.957,4.721,18.281,30.6,0.0,90.780365,2.0,0.0,289.125,199.5,4975.0,0.0,-2.5546875,1.4432373,531.36035,19979.275,20000.502,1100.0834,541.2856,143.27672,125.13399,0.0,-3.3447137,4.0,93.43262,23.301003,-2.2499971,1.4999981,7.72,0.0,10.7109375,0.9411011,0.0,0.0,0.0,0.0,0.0,1.875,1.9921875,1.9726562,2.1289062,0.9753567,1.0289922,1.0637827,1.1417563,1.2668803,1.3176166,1.443885,1.6860456,0.97604334,1.004654,1.177615,1.4373236,1.3147173,1.2937362,1.652781,2.10544,0.7890625,0.7998047,76.564026,0.78125006,268.65408,271.5584,0.0,110.98671,99.90234,0.0,269.2166,271.8451,520.125,538.5,-4.1259637,453.1875,0.0,435.1875,79.82713,70.999954,202.594,0.0,158.34,282.34375,11.138916,1.3671875,60.40039,75.85907,2.8833008,158.13,158.57,155.91,156.1,0
568121.0,-0.1260254,2.193374,1.5173364,1.3601114,101.25883,15.037586,13.9033375,24.378307,417.55267,291.9998,52.359,5.999,4.721,18.281,30.6,0.0,90.81978,2.0,80.0766,290.25,199.5,4984.0,0.0,-2.4296875,1.3478394,496.2365,19865.182,20000.502,1100.0834,541.2856,144.31526,124.81606,0.0,-3.4570208,4.0,93.933105,23.30173,-2.2499971,1.4999981,7.692,0.0,11.03125,0.8775635,0.0,0.0,0.0,0.0,0.0,1.8554688,2.0117188,1.953125,2.1289062,0.9619287,1.0416571,1.0537118,1.1358815,1.253376,1.3375295,1.4322118,1.6767377,0.7097734,1.0746167,0.86213475,1.0255588,0.95605403,1.3838407,1.2099642,1.502327,0.7910156,0.7998047,76.605225,0.78125006,269.29584,242.8116,0.0,110.98804,57.421875,0.0,270.02094,271.7373,520.125,538.5,-4.2382708,453.125,0.0,263.59375,79.82713,70.999954,202.7832,0.0,158.59,263.28125,11.199951,1.7486572,65.95459,81.0379,2.8930664,158.38,158.62,156.39,156.33,0
568121.0,-0.16082032,2.1898496,1.4953032,1.1757592,101.26049,15.037586,13.898352,23.848312,417.99902,292.54654,52.359,6.038,4.721,18.281,30.6,0.0,90.85131,2.0,99.96643,289.875,199.5,4988.0,0.0,-2.4921875,1.2296143,452.7048,19904.982,20000.502,1100.0834,541.2856,140.77573,121.63685,0.0,-3.5468664,4.0,92.22717,23.302383,-2.2499971,-0.74999905,7.692,0.0,11.1640625,1.3132935,0.0,0.0,0.0,0.0,0.0,1.875,2.03125,1.9726562,2.2070312,0.9742122,1.0507362,1.0572976,1.1789883,1.2771038,1.3515679,1.4454108,1.7496758,0.9626154,1.0360876,1.3555353,1.506447,1.2966354,1.3342489,1.9024949,2.2067597,0.79296875,0.7998047,76.605225,0.78125006,265.64432,211.9032,0.0,110.98923,0.0,0.0,265.89163,237.20216,520.125,538.5,-4.3281164,453.0,0.0,-55.6875,77.026184,70.999954,202.86255,0.0,158.62,394.0,11.151123,-16.619873,50.323486,46.89789,2.9003906,158.75,158.75,156.81,156.75,0
568121.06,-0.22865625,2.16969,1.2415558,0.99903715,101.261986,15.037586,13.918299,17.683994,416.43796,289.29205,52.359,6.078,4.721,18.281,30.6,0.0,90.726166,2.0,99.998474,320.625,195.375,4951.0,0.0,-2.640625,1.012085,375.14374,19893.838,20000.502,1100.0834,541.5509,114.706154,95.440094,0.0,-3.618743,4.0,79.818726,23.302973,-2.2499971,-2.6249967,6.708,0.0,10.640625,1.4094849,0.0,0.0,0.0,0.0,0.0,1.8359375,1.9921875,1.9335938,2.1679688,0.9565881,1.0371557,1.0386816,1.1643397,1.2568856,1.3342489,1.4230564,1.7260243,0.75402457,0.823682,0.79011214,1.0153353,1.0156405,1.0606546,1.1089494,1.4872968,0.8095703,0.7998047,76.61896,0.78125006,223.15584,182.26051,0.0,110.99031,0.0,0.0,238.28838,200.75162,520.125,538.5,-4.399993,372.53125,0.0,-55.09375,35.0119,70.999954,161.59668,0.0,158.98,422.84375,11.065674,-38.12256,39.697266,13.218689,2.0776367,158.62,159.12,157.05,157.11,0
568121.1,-0.242925,2.161626,1.0581512,0.8864081,101.263336,15.037586,13.943981,13.318791,416.43628,289.58304,52.359,6.128,4.721,18.281,30.6,0.0,90.626045,2.0,99.998474,342.0,194.25,4956.0,0.0,-4.0234375,0.84375,315.60898,20126.803,20000.502,1100.0834,541.5509,103.04903,86.114395,0.0,-3.3637443,4.0,74.20044,23.303503,1.4999981,-3.7499952,5.984,0.0,9.7265625,1.1408081,0.0,0.0,0.0,0.0,0.0,1.8164062,1.9726562,1.9140625,2.1484375,0.9405661,1.0212864,1.0212864,1.1528955,1.2368963,1.313878,1.400473,1.7081712,0.6408789,0.9264515,0.8035401,0.93827724,0.86327916,1.1930267,1.127718,1.3743801,0.8408203,0.7998047,76.61896,0.78125006,193.06831,163.91864,0.0,110.99127,0.0,0.0,229.69812,178.20634,520.125,540.0,-4.1449943,300.625,0.0,-54.5,26.14222,70.999954,156.97021,0.0,158.92,342.25,11.001587,-37.875366,59.924316,33.050537,1.8115234,158.75,158.57,157.22,157.11,0
568121.1,-0.23434001,2.0459006,0.8487092,0.7176976,101.26455,15.037586,13.961959,8.374304,401.65167,279.02026,52.359,6.157,4.721,18.281,30.6,0.0,90.54595,2.0,99.998474,392.25,192.75,4951.0,0.0,-6.109375,0.61083984,244.08432,20946.691,20000.502,1100.0834,540.75494,77.04303,70.112335,0.0,-2.6909955,4.0,61.668396,23.30398,4.1249948,-5.2499933,4.296,0.0,7.4921875,1.0865479,0.0,0.0,0.0,0.0,0.0,1.71875,1.953125,1.796875,2.0507812,0.92141604,1.0128176,0.990692,1.114519,1.214084,1.300679,1.3607233,1.6500343,0.6822309,0.9140917,0.6253147,0.70412755,0.9189746,1.0153353,0.87762266,1.0314336,0.8642578,0.7998047,74.645996,0.78125006,158.98772,136.23122,0.0,110.99214,0.0,0.0,220.21237,144.1604,520.125,542.25,-3.4722455,225.46875,0.0,-42.78125,22.407618,70.999954,148.17505,0.0,158.65,325.96875,10.064697,-38.12256,44.39087,16.333008,1.6162109,158.87,158.62,157.41,157.71,0
568121.2,-0.18747202,1.7183603,0.6284633,0.4777303,101.26564,15.037586,13.986261,3.2722385,360.50137,250.18097,52.359,6.199,4.721,18.281,30.6,0.0,90.48187,2.0,99.998474,404.25,195.0,4946.0,0.0,-13.0234375,0.24371338,166.04234,20595.387,19709.695,1100.0834,540.75494,61.168137,54.385807,0.0,-1.8402965,4.0,54.470825,23.304409,15.74998,-2.2499971,3.86,0.0,-0.9765625,1.0473022,0.0,0.0,0.0,0.0,0.0,1.640625,1.8945312,1.71875,1.9921875,0.9017319,0.9957275,0.9598688,1.0774395,1.1859312,1.2597085,1.3185321,1.5916686,0.8268864,0.9160754,0.6590372,0.75280386,1.0647745,0.9098192,0.8876936,1.0565346,0.890625,0.7998047,67.515564,0.78125006,123.82082,96.51232,0.0,110.99292,0.0,0.0,208.62878,101.27547,518.25,548.625,-2.6215465,171.875,0.0,-35.875,18.206188,70.999954,139.08691,0.0,158.4,314.1875,8.538818,-38.36975,0.0,0.0,1.3598633,158.45,158.38,157.71,157.83,0
568121.25,-0.14997761,1.4748442,0.49275008,0.37315533,101.266624,15.037586,14.009132,0.028053107,341.82272,237.0265,52.359,6.248,4.721,18.281,30.6,0.0,90.43061,2.0,99.998474,413.625,199.5,4942.0,0.0,-15.3984375,0.15405273,148.8867,20270.615,19340.346,1100.0834,540.75494,49.426228,44.403065,0.0,-1.0034873,4.0,49.346924,23.304796,17.249977,0.0,3.5,0.0,-6.4765625,0.8364258,0.0,0.0,0.0,0.0,0.0,1.7382812,2.0117188,1.7578125,2.0703125,0.89768827,0.9898527,0.94590676,1.0592813,1.1772336,1.230106,1.2964065,1.5600061,0.8225376,0.9562829,0.72854203,0.7193103,1.014725,1.0096132,0.8987564,0.9688716,0.8613281,0.7998047,65.57617,0.78125006,101.45999,79.938835,0.0,110.99362,0.0,0.0,201.1828,101.27547,517.5,551.25,-1.7847373,129.71875,0.0,-30.875,16.338888,70.999954,133.1726,0.0,158.46,250.9375,7.623291,-38.568115,0.0,0.0,1.1865234,158.38,158.13,157.47,157.9,0
568121.25,-0.059982087,1.0961877,0.35574347,0.21669546,101.26751,15.037586,13.995846,-3.318277,289.09595,199.04503,52.359,6.278,4.721,18.281,30.6,0.0,90.3896,2.0,99.998474,439.125,197.25,4907.0,0.0,-14.25,0.10668945,131.9052,19876.855,18727.951,1100.0834,540.48956,31.537834,30.647654,0.0,-0.80278987,4.0,41.70227,23.305143,20.999973,-1.8749976,2.596,0.0,-14.6640625,0.44696045,0.0,0.0,0.0,0.0,0.0,1.875,2.1484375,1.953125,2.2851562,0.8818952,0.9787137,0.9219501,1.0528725,1.146334,1.2000458,1.2540628,1.5300221,0.63736933,0.8528267,0.65949494,0.89578086,0.7469291,0.90035856,0.81353474,1.1535821,0.8017578,0.7998047,60.79712,0.78125006,78.39499,52.13189,0.0,110.99426,0.0,0.0,184.989,101.27547,516.0,550.5,-1.5840399,76.09375,0.0,-29.6875,12.604284,70.999954,121.66138,0.0,158.13,134.09375,6.097412,-40.298462,18.457031,0.0,0.91552734,158.08,157.96,157.22,157.53,0
568121.4,0.012014329,0.8322251,0.27130923,0.13047504,101.2683,15.037586,14.0158415,-5.3319697,264.0004,181.47018,52.359,6.329,4.721,18.281,30.6,0.0,90.3568,2.0,99.998474,453.0,198.75,4899.0,0.0,-8.703125,0.08227539,124.21045,19917.188,18363.379,1100.0834,540.48956,17.358526,23.123507,0.0,-0.7984819,4.0,34.944153,23.305456,25.499968,-0.37499952,2.104,0.0,-20.070312,0.2952881,0.0,0.0,0.0,0.0,0.0,1.8945312,2.1679688,2.03125,2.34375,0.87884337,0.97253376,0.8988327,1.0448616,1.1370261,1.1873808,1.2117952,1.510872,0.8219272,0.8564126,0.7158007,0.7034409,0.9632258,0.95132375,0.83886474,0.9475853,0.7832031,0.7998047,60.009766,0.78125006,64.51562,37.660786,0.0,110.99484,0.0,0.0,177.70055,101.27547,514.875,546.0,-1.579732,40.1875,0.0,-30.375,9.803332,70.999954,115.52734,0.0,158.07,88.59375,5.181885,-40.69519,29.327393,0.0,0.7324219,157.9,157.96,157.28,157.53,0
568121.44,0.10961146,0.42664003,0.15498921,0.10088716,101.26902,15.037586,14.006401,-8.168279,167.4787,114.13555,52.359,6.358,4.721,18.281,30.6,0.0,90.33055,2.0,99.998474,467.25,216.375,4857.0,0.0,-6.0703125,0.06921387,114.0033,18430.244,17760.535,1100.0834,538.3669,16.31998,13.670633,0.0,-0.8731605,4.0,35.472107,23.305738,39.37495,20.999973,1.492,0.0,-23.015625,0.06488037,0.0,0.0,0.0,0.0,0.0,2.0507812,2.34375,2.2265625,2.4609375,0.8475624,0.95704585,0.9018845,1.001297,1.1132219,1.1680782,1.1973754,1.4678416,0.7037461,0.8963149,0.9588006,1.125124,0.94789046,1.0503547,1.1235981,1.648127,0.78808594,0.8251953,58.343506,1.0156251,44.96596,34.76844,0.0,110.99536,0.0,0.0,167.72557,101.27547,511.125,541.875,-1.8887856,17.0,0.0,-32.78125,6.535555,70.999954,106.15845,0.0,157.55,19.46875,3.6560059,-42.770386,73.846436,34.732056,0.6542969,157.58,157.47,156.92,157.41,0
568121.44,0.16768917,0.17065601,0.13088709,0.09563084,101.26966,15.037586,14.023231,-8.97633,75.26114,51.575054,52.359,6.409,4.721,18.281,30.6,0.0,90.309555,2.0,99.998474,479.25,219.375,4884.0,0.0,-6.5078125,0.066589355,110.71977,18021.096,17397.557,1100.0834,538.3669,13.416296,12.144609,0.0,-0.9563409,4.0,34.355164,23.305992,40.12495,21.749971,0.948,0.0,-21.359375,0.057495117,0.0,0.0,0.0,0.0,0.0,2.0117188,2.2460938,2.2070312,2.4609375,0.8295567,0.9170672,0.8954757,0.99946594,1.1048294,1.1486992,1.1872282,1.4645609,0.773785,0.63714045,0.8508431,0.8784619,0.9964904,0.7859922,0.9971008,1.2328527,0.78027344,0.828125,58.132935,1.1796876,39.396797,32.76098,0.0,110.99582,0.0,0.0,161.94621,101.27547,507.0,542.625,-2.1360285,8.6875,0.0,-33.875,6.535555,70.999954,100.177,0.0,157.58,17.25,2.7404785,-41.436768,76.61743,37.921143,0.45166016,157.34,157.77,157.22,157.41,0
568121.5,0.21415134,-0.23173761,0.11641338,0.096054725,101.27024,15.037586,14.023293,-9.88652,0.0,0.0,52.359,6.437,4.721,18.281,30.6,0.0,90.292755,2.0,99.998474,486.75,212.25,4948.0,0.0,-7.796875,0.06665039,109.16092,17148.67,16786.752,1100.0834,540.75494,11.275623,10.406637,0.0,-1.5080414,4.0,31.869507,23.306221,40.12495,14.249982,0.696,0.0,-12.8828125,0.058532715,0.0,0.0,0.0,0.0,0.0,1.9726562,2.109375,2.1679688,2.5195312,0.8207065,0.8506905,0.8739605,1.02533,1.0963607,1.1126878,1.1678492,1.4711986,0.6351568,0.97253376,0.7990387,1.0451667,0.81795985,1.1396964,0.9856565,1.4077973,0.7597656,0.8339844,58.05359,1.2945313,33.123535,29.321638,0.0,110.99623,0.0,0.0,152.97455,101.27547,507.75,543.75,-2.8025727,-5.34375,0.0,-35.28125,6.535555,70.999954,90.96069,0.0,157.61,17.5625,1.2145996,-38.272095,76.19629,39.138794,0.5175781,157.11,157.66,157.11,156.99,0
568121.5,0.27132106,-0.44894508,0.1106093,0.09605474,101.27076,15.037586,14.005757,-10.234658,0.0,0.0,52.359,6.488,4.721,18.281,30.6,0.0,90.27932,2.0,99.998474,488.625,213.0,4954.0,0.0,-8.6328125,0.06628418,108.621956,16595.71,16417.404,1100.0834,540.75494,12.229388,9.66482,0.0,-2.1171365,4.0,31.767273,23.306427,40.12495,15.37498,0.632,0.0,-9.546875,0.057373047,0.0,0.0,0.0,0.0,0.0,1.875,2.1484375,2.0898438,2.4804688,0.7799649,0.8659495,0.8380255,1.0108339,1.0722514,1.1140612,1.1469444,1.4586862,0.65712976,0.72968644,0.68505377,0.9094377,0.8851759,0.8551156,0.88227665,1.2249943,0.7832031,0.85839844,58.044434,1.3749219,30.724373,28.029552,0.0,110.99661,0.0,0.0,147.83365,101.27547,507.75,544.875,-3.4920583,-6.8125,0.0,-35.5,7.0023804,70.999954,85.87036,0.0,157.43,17.21875,0.29907227,-37.973022,76.641846,38.967896,0.68115234,156.99,157.17,156.99,157.22,0
568121.56,0.29705685,-0.5920781,0.10575019,0.09622431,101.27123,15.037586,14.02278,-10.375502,0.0,0.0,52.359,6.52,4.721,18.281,30.6,0.0,90.26857,2.0,99.998474,489.375,213.75,4960.0,0.0,-8.4609375,0.0670166,108.182495,16231.139,15924.94,1100.0834,540.75494,9.834378,9.050171,0.0,-2.299951,4.0,29.450989,23.306612,40.12495,15.74998,0.612,0.0,-8.53125,0.056518555,0.0,0.0,0.0,0.0,0.0,1.875,2.109375,2.0507812,2.4414062,0.77302206,0.84786755,0.8225376,0.99038684,1.0673686,1.0950637,1.1313802,1.4366369,0.6517891,0.8403906,0.84794384,1.0681316,0.87792784,0.98481727,1.0920119,1.4387732,0.8173828,0.8652344,57.818604,1.4311954,29.754026,27.997034,0.0,110.99695,0.0,0.0,141.78067,101.27547,507.75,544.5,-3.7311466,-8.65625,0.0,-35.78125,7.469206,70.999954,79.21753,0.0,157.34,16.96875,0.0,-37.893677,77.04468,39.151,0.72021484,157.11,157.28,156.44,156.99,0
568121.6,0.3776455,-0.68683124,0.10328653,0.09605474,101.27165,15.037586,14.022978,-10.431453,0.0,0.0,52.359,6.557,4.721,18.281,30.6,0.0,90.25997,2.0,99.998474,489.0,212.625,4956.0,0.0,-7.9921875,0.06707764,107.76791,15204.288,15309.361,1100.0834,540.75494,13.734218,8.414328,0.0,-2.1393306,4.0,30.732727,23.23159,40.12495,14.249982,0.62,0.0,-9.625,0.054382324,0.0,0.0,0.0,0.0,0.0,1.8359375,2.0703125,2.0703125,2.421875,0.75539786,0.8301671,0.8302434,0.97833216,1.054551,1.0759137,1.1277943,1.4193943,0.76317996,0.8517586,0.975433,0.9907683,1.0279241,0.99816895,1.256199,1.3345541,0.8417969,0.91015625,57.69806,1.4705868,29.368784,28.020674,0.0,110.99725,0.0,0.0,136.25838,101.27547,507.75,544.125,-3.6099174,-10.21875,0.0,-35.875,7.469206,70.999954,73.358154,0.0,157.24,16.3125,0.0,-38.412476,77.91748,39.505005,0.68603516,157.28,157.41,156.56,156.86,0
568121.6,0.44211638,-0.7247325,0.10232192,0.09601235,101.27203,15.037586,14.034834,-10.4688,0.0,0.0,52.359,6.607,4.721,18.281,30.6,0.0,90.25309,2.0,99.998474,489.0,212.25,4940.0,0.0,-8.109375,0.06732178,107.61036,15165.019,14940.013,1100.0834,540.75494,11.487571,8.24477,0.0,-2.0147734,4.0,28.916931,23.16407,40.12495,13.499983,0.62,0.0,-9.7578125,0.05267334,0.0,0.0,0.0,0.0,0.0,1.796875,2.0117188,2.0703125,2.4414062,0.73838407,0.8072023,0.8307012,0.98504615,1.0415808,1.0597391,1.1250477,1.4178683,0.61226827,0.86327916,0.83375293,1.0317388,0.8247501,1.0116731,1.0737773,1.3897154,0.8339844,0.91796875,57.47986,1.4981607,29.111742,27.944496,0.0,110.99753,0.0,0.0,132.93338,101.27547,507.75,544.125,-3.512934,-11.25,0.0,-35.875,7.469206,70.999954,69.659424,0.0,157.4,15.8125,0.0,-39.230347,78.63159,39.401245,0.67626953,157.17,157.22,156.14,156.81,0
568121.7,0.49369308,-0.777393,0.10115561,0.095885165,101.27238,15.037586,14.037274,-10.513832,0.0,0.0,52.359,6.637,4.721,18.281,30.6,0.0,90.24759,2.0,99.998474,490.5,210.375,4923.0,0.0,-8.1953125,0.06756592,107.46111,14418.362,14327.617,1100.0834,539.9589,12.886427,7.6937056,0.0,-2.6991346,4.0,29.190063,23.103302,40.12495,11.999985,0.572,0.0,-9.5,0.049865723,0.0,0.0,0.0,0.0,0.0,1.6601562,1.8554688,1.875,2.2070312,0.7439536,0.80895704,0.8260471,0.98184174,1.0458534,1.0509652,1.1139086,1.4048982,0.8429847,0.80445564,0.8319219,0.8930343,1.1354238,0.94270235,1.0262455,1.2028687,0.8125,0.93066406,57.269287,1.5174625,28.80167,27.828955,0.0,110.99777,0.0,0.0,129.285,101.27547,507.75,544.125,-4.216597,-13.15625,0.0,-35.78125,7.936031,70.999954,65.31372,0.0,157.04,14.96875,0.0,-40.222168,79.78516,39.56299,0.6738281,156.81,156.92,156.1,156.52,0
568121.7,0.51495445,-0.8172072,0.09984088,0.09588518,101.27268,15.037586,14.033123,-10.550638,0.0,0.0,52.359,6.688,4.721,18.281,30.6,0.0,90.24319,2.0,99.998474,489.75,208.875,4909.0,0.0,-8.234375,0.06781006,107.31186,13820.825,13963.046,1100.0834,539.9589,15.747722,7.7149,0.0,-3.561054,4.0,30.325317,23.04861,40.12495,10.874986,0.584,0.0,-9.578125,0.049072266,0.0,0.0,0.0,0.0,0.0,1.6601562,1.8359375,1.875,2.1875,0.7454795,0.803769,0.82627606,0.9709316,1.0437171,1.0346379,1.1094835,1.3860532,0.77988863,0.71061265,0.6823835,0.7676814,1.0043489,0.8327611,0.8417639,1.0340276,0.8203125,0.9326172,57.17926,1.5309737,28.548277,27.818678,0.0,110.998,0.0,0.0,126.9799,101.27547,507.375,544.125,-5.0920277,-14.625,0.0,-35.6875,7.936031,70.999954,62.22534,0.0,156.92,14.71875,0.0,-38.409424,80.12695,41.71753,0.6298828,156.52,156.86,156.27,156.44,0
568121.75,0.55196357,-0.8143829,0.09978945,0.09563084,101.27296,15.037586,13.989202,-10.570311,0.0,0.0,52.359,6.72,4.721,18.281,30.6,0.0,90.23966,2.0,99.998474,490.5,206.625,4882.0,0.0,-8.109375,0.067993164,107.112854,13809.682,13476.95,1100.0834,539.9589,10.915312,7.524147,0.0,-4.4081907,4.0,27.4292,22.99939,40.12495,8.624989,0.568,0.0,-9.03125,0.046875,0.0,0.0,0.0,0.0,0.0,1.6601562,1.8359375,1.875,2.1679688,0.7421988,0.80216676,0.821622,0.96017396,1.031281,1.0280004,1.0955215,1.3636988,0.74181736,0.83352405,0.8818189,0.80430305,0.9553674,0.9768063,1.0877393,1.0833906,0.83984375,0.9423828,57.087708,1.5404315,28.412952,27.659191,0.0,110.9982,0.0,0.0,124.30166,101.27547,507.375,544.125,-5.948622,-16.75,0.0,-35.375,7.936031,70.999954,59.295654,0.0,156.83,14.0625,0.0,-36.431885,81.02417,44.592285,0.60546875,156.04,156.62,156.27,156.44,0
568121.8,0.58157086,-0.7945032,0.099025056,0.09550367,101.27321,15.037586,13.993613,-10.606159,0.0,0.0,52.359,6.758,4.721,18.281,30.6,0.0,90.23685,2.0,99.998474,490.5,205.5,4854.0,0.0,-8.1953125,0.06793213,107.05482,13017.919,12992.446,1100.0834,538.63226,13.161959,7.3969784,0.0,-4.930596,4.0,28.326416,22.879902,40.12495,7.124991,0.56,0.0,-9.2109375,0.04510498,0.0,0.0,0.0,0.0,0.0,1.6601562,1.8359375,1.875,2.1679688,0.7423514,0.8007172,0.823682,0.9622339,1.0276952,1.017853,1.091249,1.3603418,0.7626459,0.74853134,0.9542229,0.9165332,0.9820706,0.8771649,1.1771573,1.1803616,0.8808594,0.9267578,56.948853,1.547052,28.166111,27.522684,0.0,110.99838,0.0,0.0,122.1541,101.27547,507.0,544.125,-6.477648,-17.8125,0.0,-35.1875,7.936031,70.999954,55.706787,0.0,156.4,13.53125,0.0,-35.214233,81.73828,46.524048,0.6738281,156.1,156.44,156.04,156.27,0
568121.8,0.64525664,-0.8240513,0.09640744,0.09563084,101.27343,15.037586,14.014279,-10.6682205,0.0,0.0,52.359,6.799,4.721,18.281,30.6,0.0,90.23459,2.0,99.998474,490.5,204.0,4874.0,0.0,-8.3125,0.06793213,106.98848,12590.197,12590.197,1100.0834,538.63226,10.745754,7.9692373,0.0,-3.6304321,4.0,26.158142,22.772364,40.12495,5.9999924,0.556,0.0,-9.28125,0.046875,0.0,0.0,0.0,0.0,0.0,1.6601562,1.8164062,1.8554688,2.1679688,0.73853666,0.79537654,0.8130007,0.9588769,1.0141909,1.0086976,1.0707256,1.3439384,0.7927062,0.6612497,0.6849012,0.6368353,0.9778744,0.815671,0.844892,0.8201724,0.92285156,1.0,54.457092,1.5516864,27.738544,27.590914,0.0,110.99855,0.0,0.0,119.95679,101.27547,507.0,544.5,-5.1821184,-18.9375,0.0,-34.875,7.936031,70.999954,52.545166,0.0,156.26,14.0625,0.0,-31.832886,81.02417,49.191284,0.6665039,155.97,156.2,155.8,155.85,0
568121.9,0.69620526,-0.8546206,0.09290756,0.0958428,101.273636,15.037586,14.034605,-10.608026,0.0,0.0,52.359,6.848,4.721,18.281,30.6,0.0,90.23279,2.0,99.998474,488.25,204.0,4897.0,0.0,-8.0625,0.068237305,106.49927,12215.012,12215.012,1100.0834,538.63226,13.183153,6.761135,0.0,-2.5907643,4.0,27.201843,22.67558,40.12495,5.9999924,0.636,0.0,-8.7890625,0.046325684,0.0,0.0,0.0,0.0,0.0,1.6796875,1.8164062,1.8554688,2.1289062,0.7409018,0.7891966,0.81345844,0.94171053,1.0123599,0.9996948,1.067979,1.3109789,0.7747005,0.6735332,0.82429236,0.92591745,0.95567256,0.83077747,1.0168612,1.19234,0.92578125,1.0,54.457092,1.5549304,28.15367,28.698988,0.0,110.99869,0.0,0.0,118.50573,101.27547,507.0,544.125,-4.1456947,-23.1875,0.0,-34.78125,7.936031,70.999954,50.250244,0.0,156.14,13.90625,0.0,-29.037476,81.26831,52.230835,0.7861328,155.26,155.21,155.49,155.8,0
568121.94,0.6569642,-1.0355983,0.09094629,0.09563084,101.27382,15.037586,14.0429735,-10.3875,0.0,0.0,52.359,6.878,4.721,18.281,30.6,0.0,90.231346,2.0,99.998474,0.0,204.0,4880.0,0.0,-8.3984375,0.068481445,105.88568,11462.519,11462.519,1100.0834,539.4282,0.0,6.506798,0.0,-1.7593545,4.0,0.0,22.588472,40.12495,5.9999924,0.0,0.0,-8.71875,0.044677734,0.0,0.0,0.0,0.0,0.0,1.6601562,1.7773438,1.8359375,2.109375,0.742504,0.7755398,0.8036927,0.9282826,1.0069429,0.9781033,1.0494392,1.2865645,0.7750057,0.755932,0.64042115,0.73075455,0.9980163,0.8858625,0.78995955,0.9411002,0.9160156,1.0,54.05426,1.5572013,29.673912,30.535555,0.0,110.998825,0.0,0.0,116.68155,101.27547,720.0,544.5,-3.3165557,-30.375,0.0,-34.78125,7.936031,70.999954,47.72339,0.0,155.61,13.40625,0.0,-26.638794,81.9458,55.307007,0.6933594,155.55,155.8,155.15,155.21,0
568121.94,0.6055713,-1.1829894,0.09316898,0.09550367,101.27398,15.037586,14.078128,-10.205691,0.0,0.0,52.359,6.928,4.721,18.281,30.6,0.0,90.230194,2.0,99.998474,0.0,204.0,4851.0,0.0,-8.3125,0.068481445,105.81105,11229.554,11229.554,1100.0834,539.4282,0.0,6.6339664,0.0,-1.0944538,4.0,0.0,22.510077,40.12495,5.9999924,0.0,0.0,-8.765625,0.042907715,0.0,0.0,0.0,0.0,0.0,1.6796875,1.7773438,1.8554688,2.1289062,0.74952316,0.77454793,0.8068208,0.9362173,1.012665,0.9734493,1.0510415,1.2939651,0.87556267,0.8364233,0.876173,1.1122301,1.1275654,0.98023957,1.0807965,1.4323643,1.1201172,1.0,54.05426,1.5587909,30.92726,31.37373,0.0,110.99895,0.0,0.0,115.81921,101.27547,720.0,544.125,-2.6532447,-33.84375,0.0,-34.78125,8.402857,70.999954,46.3562,0.0,155.72,12.875,0.0,-26.126099,82.666016,56.539917,0.6567383,155.21,155.09,154.51,154.97,0
568122.0,0.5244571,-1.3731958,0.092689596,0.09550367,101.274124,15.037586,14.085158,-10.217166,0.0,0.0,52.359,6.958,4.721,18.281,30.6,0.0,90.22927,0.0,99.998474,0.0,203.625,4848.0,0.0,-8.2421875,0.070007324,106.18418,11302.256,11302.256,1100.0834,538.63226,0.0,7.0366673,0.0,-0.56269217,4.0,0.0,22.43952,40.12495,5.9999924,0.0,0.0,-9.34375,0.041137695,0.0,0.0,0.0,0.0,0.0,1.6992188,1.7773438,1.8359375,2.109375,0.7547875,0.7695125,0.8039216,0.9240864,1.0115205,0.96353096,1.0423437,1.2700847,0.84916455,0.62500954,0.84893566,0.64957654,1.0474555,0.77096206,1.0472267,0.8364996,1.8476562,1.0,53.62854,1.5599036,30.84831,31.376629,0.0,110.999054,0.0,0.0,114.47594,101.27547,720.0,544.125,-2.1225958,-33.875,0.0,-34.875,7.936031,70.999954,44.262695,0.0,154.96,12.34375,0.0,-24.057007,83.465576,59.40857,0.5908203,154.62,154.79,154.33,154.82,0
568122.0,0.47956568,-1.5430284,0.09216504,0.095461294,101.274254,15.037586,14.101798,-10.241869,0.0,0.0,52.359,7.007,4.721,18.281,30.6,0.0,90.22853,0.0,99.998474,0.0,203.625,4843.0,0.0,-8.3984375,0.07055664,106.010056,11337.28,11337.28,1100.0834,538.63226,0.0,7.333394,0.0,-0.13739407,4.0,0.0,22.37602,40.12495,5.9999924,0.0,0.0,-9.1875,0.040283203,0.0,0.0,0.0,0.0,0.0,1.6992188,1.7578125,1.8359375,2.109375,0.759823,0.75646603,0.8058289,0.92278934,1.0148013,0.94605935,1.0425726,1.2642863,0.87243456,0.6501869,0.8218509,0.89806974,1.0762188,0.8020142,1.0138094,1.1565576,1.9999695,1.0,53.596497,1.5606825,30.678171,31.283722,0.0,110.999146,0.0,0.0,113.68822,101.27547,720.0,544.5,-1.6980766,-33.71875,0.0,-34.6875,7.936031,70.999954,43.096924,0.0,154.75,12.09375,0.0,-23.00415,83.83789,60.83374,0.5786133,154.62,154.79,154.22,154.39,0
568122.06,0.40365255,-1.7797114,0.095608436,0.09533411,101.274376,15.037586,14.107587,-10.1598215,0.0,0.0,52.359,7.038,4.721,18.281,30.6,0.0,90.227936,0.0,99.998474,0.0,204.0,4813.0,0.0,-8.4296875,0.071899414,106.15931,11400.43,11400.43,1100.0834,537.57086,0.0,7.2910047,0.0,0.20276654,4.0,0.0,22.31887,40.12495,5.9999924,0.0,0.0,-9.0,0.036315918,0.0,0.0,0.0,0.0,0.0,1.71875,1.7578125,1.8554688,2.109375,0.7672999,0.75616086,0.80972,0.93049514,1.0179293,0.94468606,1.043412,1.2684062,0.8742657,0.7783627,0.8129244,1.0616465,1.0784314,0.9600977,1.0028229,1.3672084,1.9999695,1.0,53.596497,1.5612278,31.243835,31.19277,0.0,110.99924,0.0,0.0,112.602,101.27547,720.0,544.5,-1.3584613,-33.6875,0.0,-34.6875,7.936031,70.999954,41.729736,0.0,154.05,10.90625,0.0,-21.881104,85.49805,63.616943,0.6738281,153.69,153.92,153.52,153.81,0
568122.1,0.42292204,-2.0431347,0.09436516,0.09533411,101.27448,15.037586,14.10578,-10.199475,0.0,0.0,52.359,7.087,4.721,18.281,30.6,0.0,90.22746,0.0,99.998474,0.0,204.0,4808.0,0.0,-8.46875,0.07287598,106.17589,11434.393,11434.393,1100.0834,537.57086,0.0,7.1850305,0.0,0.4748404,4.0,0.0,22.267435,40.12495,5.9999924,0.0,0.0,-8.765625,0.034240723,0.0,0.0,0.0,0.0,0.0,1.71875,1.7382812,1.8359375,2.109375,0.7675288,0.75303274,0.8059052,0.9252308,1.0145724,0.94018465,1.0343328,1.2560464,0.7644007,0.82619977,0.73197526,1.0598917,0.94293123,1.01915,0.9029526,1.3649195,1.9999695,1.0,53.137207,1.5616094,30.97061,31.155857,0.0,110.99931,0.0,0.0,111.8972,101.27547,720.0,544.5,-1.086769,-33.53125,0.0,-34.5,7.936031,70.999954,40.29541,0.0,153.77,10.28125,0.0,-20.755005,86.37695,65.62195,0.56152344,153.29,153.39,153.05,153.4,0
568122.1,0.45833763,-2.336004,0.09325346,0.09529173,101.27458,15.037586,14.1103735,-10.236313,0.0,0.0,52.359,7.128,4.721,18.281,30.6,0.0,90.22708,0.0,99.998474,0.0,204.0,4802.0,0.0,-8.4140625,0.073791504,106.0681,11468.887,11468.887,1100.0834,537.57086,0.0,6.951888,0.0,0.6924613,4.0,0.0,22.221144,40.12495,5.9999924,0.0,0.0,-8.4140625,0.03186035,0.0,0.0,0.0,0.0,0.0,1.71875,1.7382812,1.8554688,2.0898438,0.76508737,0.7489891,0.8111696,0.920882,1.0048066,0.93484396,1.0380713,1.2471199,0.7223621,0.6153201,0.7993439,0.8878462,0.8911269,0.75906,0.98603797,1.1433585,1.9999695,1.0,53.137207,1.5618765,30.71679,31.102354,0.0,110.999374,0.0,0.0,111.15924,101.27547,720.0,544.5,-0.8694152,-33.375,0.0,-34.375,7.936031,70.999954,39.245605,0.0,153.35,9.5625,0.0,-19.863892,87.36572,67.50183,0.6689453,152.89,153.08,152.82,152.89,0
568122.2,0.3666701,-2.6406517,0.09351582,0.09512217,101.273834,15.037586,14.10773,-10.24056,0.0,0.0,52.359,7.168,4.721,18.281,30.6,0.0,89.926025,0.0,99.998474,0.0,204.0,4789.0,0.0,-8.390625,0.074401855,106.00176,11516.647,11516.647,1100.0834,536.7749,0.0,7.1002517,0.0,0.8665314,4.0,0.0,22.179482,40.12495,5.9999924,0.0,0.0,-8.5390625,0.029907227,0.0,0.0,0.0,0.0,0.0,1.71875,1.71875,1.875,2.0898438,0.76539254,0.7428855,0.81849396,0.9220264,0.9978637,0.9266804,1.0468452,1.2432288,0.9333181,0.6167697,0.9597162,0.984741,1.0936904,0.76089114,1.1246662,1.2681773,1.9999695,1.0,52.711487,1.5620636,30.686775,30.975584,0.0,110.999435,0.0,0.0,110.57881,101.26717,720.0,544.5,-0.6955322,-33.28125,0.0,-34.28125,7.936031,70.999954,38.354492,0.0,152.9,8.96875,0.0,-19.02771,88.15918,69.13147,0.6567383,152.63,152.89,152.44,152.32,0
568122.25,0.3133361,-2.8000107,0.09341177,0.09507979,101.27316,15.037586,14.117599,-10.2487335,0.0,0.0,52.359,7.207,4.721,18.281,30.6,0.0,89.68518,0.0,99.998474,0.0,204.0,4772.0,0.0,-8.640625,0.07574463,106.04322,11542.119,11542.119,1100.0834,536.7749,0.0,7.163836,0.0,1.0057688,4.0,0.0,22.141985,40.12495,5.9999924,0.0,0.0,-8.5390625,0.027893066,0.0,0.0,0.0,0.0,0.0,1.7382812,1.6992188,1.875,2.109375,0.77180135,0.72938126,0.82459754,0.9230182,1.0016022,0.90905625,1.0508126,1.2419318,0.91454947,0.5964752,0.67811096,0.9456016,1.0717174,0.73579,0.79461354,1.2177463,1.9999695,1.0,52.68097,1.5621945,30.629757,30.947681,0.0,110.9995,0.0,0.0,110.147644,101.26717,720.0,544.875,-0.55642575,-33.15625,0.0,-34.1875,7.936031,70.999954,37.64038,0.0,152.8,8.375,0.0,-18.304443,89.00757,70.703125,0.72265625,152.51,152.48,151.69,152.21,0
568122.25,0.3106689,-2.9950044,0.093444556,0.094952606,101.27339,15.037586,14.112787,-10.255662,0.0,0.0,52.359,7.237,4.721,18.281,30.6,0.0,89.49251,0.0,99.998474,0.0,204.0,4754.0,0.0,-9.0,0.07702637,106.03493,11588.288,11588.288,1100.0834,535.9789,0.0,7.375784,0.0,1.1171455,4.0,0.0,22.108238,40.12495,5.9999924,0.0,0.0,-8.6875,0.025268555,0.0,0.0,0.0,0.0,0.0,1.7382812,1.6796875,1.875,2.0898438,0.77111465,0.7193866,0.82642865,0.91912717,0.99137866,0.89585716,1.0466163,1.2317083,0.73388267,0.6820783,0.8204776,0.83878845,0.86007476,0.84145874,0.96147096,1.0801861,1.9999695,1.0,52.68097,1.5622861,30.582232,30.871138,0.0,110.99954,0.0,0.0,109.46771,101.27547,720.0,544.875,-0.4451406,-33.09375,0.0,-34.09375,7.936031,70.999954,36.462402,0.0,152.08,7.59375,0.0,-17.10205,90.08789,72.98584,0.7324219,151.58,151.69,151.25,151.43,0
568122.3,0.2685351,-3.129252,0.09432848,0.09478305,101.2736,15.037586,14.10356,-10.235822,0.0,0.0,52.359,7.288,4.721,18.281,30.6,0.0,89.33837,0.0,99.998474,0.0,204.0,4728.0,0.0,-9.0,0.07763672,106.00176,11610.576,11610.576,1100.0834,535.9789,0.0,7.333394,0.0,1.2062378,4.0,0.0,22.077866,40.12495,5.9999924,0.0,0.0,-8.6484375,0.023010254,0.0,0.0,0.0,0.0,0.0,1.7578125,1.6601562,1.875,2.0703125,0.7846189,0.71541923,0.8247501,0.9079118,1.0055696,0.8905165,1.0368506,1.2148471,1.084535,0.64057374,0.798352,0.85122454,1.270924,0.79018843,0.9355306,1.0961318,1.9999695,1.0,52.25525,1.5623503,30.71919,30.800913,0.0,110.99959,0.0,0.0,108.96193,101.27547,720.0,544.875,-0.35611248,-32.875,0.0,-33.875,7.936031,70.999954,35.845947,0.0,151.68,6.90625,0.0,-16.357422,90.997314,74.63989,0.71777344,150.95,151.13,150.71,150.75,0
568122.3,0.21482809,-3.3142009,0.094385594,0.09474067,101.27378,15.037586,14.114679,-10.245809,0.0,0.0,52.359,7.319,4.721,18.281,30.6,0.0,89.21506,0.0,99.998474,0.0,204.0,4712.0,0.0,-8.84375,0.078308105,106.04322,11639.763,11639.763,1100.0834,535.9789,0.0,7.0154724,0.0,1.2775052,4.0,0.0,22.050531,40.12495,5.9999924,0.0,0.0,-8.4765625,0.019897461,0.0,0.0,0.0,0.0,0.0,1.7773438,1.6601562,1.875,2.0507812,0.7924773,0.7156481,0.82124054,0.89692533,1.0078584,0.8904402,1.029221,1.1941711,0.83199817,0.6145571,0.75623715,0.7460899,0.9749752,0.7580682,0.886244,0.9203479,1.9999695,1.0,52.22473,1.5623952,30.650532,30.726547,0.0,110.99963,0.0,0.0,108.646835,101.27547,720.0,544.875,-0.28489,-32.71875,0.0,-33.6875,7.936031,70.999954,34.86328,0.0,150.92,5.96875,0.0,-15.725708,92.230225,76.50452,0.5908203,150.2,150.41,150.25,150.22,0
568122.4,0.25186247,-3.5569305,0.09275333,0.09461351,101.27395,15.037586,14.110744,-10.308582,0.0,0.0,52.359,7.357,4.721,18.281,30.6,0.0,89.11641,0.0,99.998474,0.0,204.0,4685.0,0.0,-9.0546875,0.07891846,105.960304,11679.033,11679.033,1100.0834,534.6522,0.0,6.951888,0.0,1.3345147,4.0,0.0,22.02593,40.12495,5.9999924,0.0,0.0,-7.65625,0.016845703,0.0,0.0,0.0,0.0,0.0,1.796875,1.6601562,1.875,2.0507812,0.8036927,0.71290153,0.8181887,0.89463645,1.012665,0.88685435,1.0166323,1.1831845,0.93354696,0.5619898,0.8403143,0.9475853,1.0369269,0.69329363,0.9333944,1.1689174,1.9999695,1.0,52.22473,1.5624267,30.218012,30.561872,0.0,110.999664,0.0,0.0,108.09959,101.27547,720.0,545.25,-0.227912,-32.5,0.0,-33.5,7.936031,70.999954,33.789062,0.0,150.08,5.0625,0.0,-14.877319,93.43872,78.5614,0.7055664,149.3,149.06,149.36,149.36,0
568122.44,0.20148997,-3.6915226,0.092777304,0.09444394,101.2741,15.037586,14.119708,-10.325117,0.0,0.0,52.359,7.408,4.721,18.281,30.6,0.0,89.03749,0.0,99.998474,0.0,204.0,4654.0,0.0,-9.109375,0.079833984,105.88568,11701.321,11701.321,1100.0834,534.6522,0.0,7.057862,0.0,1.3801191,4.0,0.0,22.00379,40.12495,5.9999924,0.0,0.0,-7.3984375,0.014282227,0.0,0.0,0.0,0.0,0.0,1.796875,1.640625,1.875,2.03125,0.80567634,0.705272,0.8216983,0.8922713,1.0091554,0.8770123,1.0157931,1.1762418,0.8501564,0.64599067,0.8693065,0.8485542,0.9443046,0.7969024,0.9655909,1.0467689,1.9999695,1.0,52.168274,1.5624486,30.104198,30.41392,0.0,110.999695,0.0,0.0,108.00007,101.27547,720.0,545.25,-0.1823296,-32.1875,0.0,-33.1875,7.936031,70.999954,33.69751,0.0,149.22,4.28125,0.0,-14.7491455,94.451904,79.70276,0.6689453,149.0,149.32,149.1,149.06,0
568122.44,0.20119199,-3.8203592,0.092694685,0.09444394,101.27424,15.037586,14.120124,-10.328439,0.0,0.0,52.359,7.437,4.721,18.281,30.6,0.0,88.97436,0.0,99.998474,0.0,204.0,4649.0,0.0,-9.03125,0.0803833,105.81105,11742.183,11742.183,1100.0834,533.3255,0.0,7.121446,0.0,1.4166003,4.0,0.0,21.983862,40.12495,5.9999924,0.0,0.0,-8.375,0.012817383,0.0,0.0,0.0,0.0,0.0,1.796875,1.640625,1.8945312,2.03125,0.8083467,0.70168614,0.8326848,0.8883802,1.001831,0.8719005,1.0199894,1.1641871,0.7592889,0.480354,0.8611429,0.7924773,0.84344244,0.59250784,0.9565118,0.9775692,1.9999695,1.0,52.168274,1.562464,30.081436,30.415415,0.0,110.999725,0.0,0.0,107.444534,101.27547,720.0,545.25,-0.14586368,-32.15625,0.0,-33.1875,7.936031,70.999954,32.55005,0.0,148.41,3.84375,0.0,-13.464355,95.03174,81.56738,0.6616211,148.16,148.52,148.04,148.04,0
568122.5,0.2409536,-3.871894,0.09255313,0.09427439,101.27436,15.037586,14.114555,-10.33677,0.0,0.0,52.359,7.486,4.721,18.281,30.6,0.0,88.92385,0.0,99.998474,0.0,204.0,4630.0,0.0,-8.96875,0.08105469,105.81105,11776.1455,11776.1455,1100.0834,533.3255,0.0,7.163836,0.0,1.4457837,4.0,0.0,21.965927,40.12495,5.9999924,0.0,0.0,-8.9375,0.0107421875,0.0,0.0,0.0,0.0,0.0,1.796875,1.6210938,1.8945312,2.03125,0.80445564,0.6887922,0.8339055,0.8845655,0.9922179,0.8553445,1.0167849,1.1559472,0.7315938,0.65743494,0.8565652,0.8126955,0.8126192,0.81101704,0.95147634,1.0024414,1.9999695,1.0,51.74408,1.5624747,30.024134,30.347399,0.0,110.999756,0.0,0.0,107.13773,101.27547,720.0,544.875,-0.11669095,-32.0625,0.0,-33.09375,7.936031,70.999954,32.226562,0.0,148.38,3.21875,0.0,-13.076782,95.84961,82.77283,0.63720703,147.56,147.62,147.16,147.86,0
568122.56,0.21276288,-3.9675076,0.09317314,0.09414723,101.27447,15.037586,14.122376,-10.318305,0.0,0.0,52.359,7.52,4.721,18.281,30.6,0.0,88.883446,0.0,99.998474,0.0,204.0,4605.0,0.0,-9.34375,0.08203125,105.81105,11804.271,11804.271,1100.0834,533.3255,0.0,7.1002517,0.0,1.4691294,4.0,0.0,21.949787,40.12495,5.9999924,0.0,0.0,-9.3671875,0.008117676,0.0,0.0,0.0,0.0,0.0,1.796875,1.6210938,1.9140625,2.0117188,0.7981994,0.68863964,0.8428321,0.87922484,0.98023957,0.85671777,1.0195316,1.1436636,0.73723966,0.68513006,1.0192263,0.9502556,0.7783627,0.88235295,1.1321431,1.172198,1.9999695,1.0,51.696777,1.5624822,30.151516,30.335264,0.0,110.99979,0.0,0.0,107.03823,101.27547,720.0,545.25,-0.09335276,-31.875,0.0,-32.875,7.936031,70.999954,32.147217,0.0,147.4,2.4375,0.0,-12.713623,96.875,84.16138,0.5908203,147.16,147.22,146.57,147.09,0
568122.56,0.2302103,-4.024503,0.093324356,0.094104834,101.27457,15.037586,14.116132,-10.3281555,0.0,0.0,52.359,7.558,4.721,18.281,30.6,0.0,88.85112,0.0,99.998474,0.0,204.0,4587.0,0.0,-9.328125,0.0826416,105.79447,11827.621,11827.621,1100.0834,532.26416,0.0,7.2274203,0.0,1.4878054,4.0,0.0,21.93526,40.12495,5.9999924,0.0,0.0,-9.15625,0.0060424805,0.0,0.0,0.0,0.0,0.0,1.796875,1.6015625,1.9140625,2.0117188,0.7938506,0.6829938,0.8390936,0.87327385,0.9620813,0.85236895,1.011139,1.1309224,0.77119094,0.61570156,0.64621955,0.76195925,0.8141451,0.7928588,0.7177844,0.892958,1.9999695,1.0,51.696777,1.5624876,30.083715,30.232576,0.0,110.9998,0.0,0.0,106.71486,101.27547,720.0,545.25,-0.074682206,-31.6875,0.0,-32.6875,7.936031,70.999954,31.439209,0.0,146.99,1.8125,0.0,-12.054443,97.680664,85.62622,0.6933594,146.34,146.39,146.11,146.27,0
568122.6,0.24416825,-4.0848017,0.09281525,0.09393526,101.27466,15.037586,14.11762,-10.353843,0.0,0.0,52.359,7.599,4.721,18.281,30.6,0.0,88.82526,0.0,99.998474,0.0,204.0,4570.0,0.0,-9.4609375,0.08331299,105.79447,11867.952,11867.952,1100.0834,532.26416,0.0,7.3969784,0.0,1.5027455,4.0,0.0,21.922186,40.12495,5.9999924,0.0,0.0,-8.34375,0.003967285,0.0,0.0,0.0,0.0,0.0,1.7578125,1.5820312,1.875,1.9726562,0.7770657,0.67147326,0.82299536,0.8611429,0.9298085,0.84023803,0.9854276,1.1060503,0.73205155,0.54665446,0.7436484,0.6865034,0.7270161,0.70397496,0.7850767,0.80453193,1.9999695,1.0,51.235962,1.5624913,29.906744,30.119762,0.0,110.99982,0.0,0.0,106.43294,101.27547,720.0,545.625,-0.059745766,-31.53125,0.0,-32.5,7.936031,70.999954,30.682373,0.0,146.17,1.1875,0.0,-11.526489,98.480225,86.953735,0.6640625,145.64,145.87,145.46,145.64,0
568122.7,0.2353346,-4.1651707,0.09177765,0.09389288,101.2739,15.037586,14.1128025,-10.392805,0.0,0.0,52.359,7.649,4.721,18.281,30.6,0.0,88.804565,0.0,99.998474,0.0,204.0,4548.0,0.0,-9.453125,0.084228516,105.74472,11879.096,11879.096,1100.0834,530.9375,0.0,6.930693,0.0,1.5146973,4.0,0.0,21.91042,40.12495,5.9999924,0.0,0.0,-8.421875,7.324219E-4,0.0,0.0,0.0,0.0,0.0,1.7578125,1.5625,1.8554688,1.9726562,0.7751583,0.6642252,0.81445026,0.8559548,0.9198901,0.83215076,0.96490425,1.090486,0.8171969,0.5284199,0.73060197,0.7536431,0.8115511,0.68055236,0.7713435,0.8831922,1.9999695,1.0,51.235962,1.5624939,29.637426,30.05265,0.0,110.99983,0.0,0.0,106.39148,101.26717,720.0,545.625,-0.047796614,-31.34375,0.0,-32.28125,7.936031,70.999954,30.615234,0.0,145.45,0.21875,0.0,-11.410522,99.71924,88.308716,0.60058594,144.79,145.59,144.96,144.9,0
568122.7,0.28826767,-4.2348185,0.091707096,0.093765706,101.273224,15.037586,14.121149,-10.399326,0.0,0.0,52.359,7.688,4.721,18.281,30.6,0.0,88.78802,0.0,99.998474,0.0,204.0,4540.0,0.0,-9.296875,0.08477783,105.62034,11913.06,11913.06,1100.0834,530.9375,0.0,7.333394,0.0,1.5242584,4.0,0.0,21.89983,40.12495,5.9999924,0.0,0.0,-8.3828125,0.0,0.0,0.0,0.0,0.0,0.0,1.7578125,1.5429688,1.8554688,1.953125,0.7705043,0.65171283,0.8149844,0.8506142,0.9006638,0.818265,0.96025026,1.0798047,0.6488136,0.5273518,0.7692836,0.75097275,0.6443885,0.6791791,0.81223774,0.8800641,1.9999695,1.0,50.764465,1.5624957,29.591795,29.981125,0.0,110.99985,0.0,0.0,106.07639,101.26717,720.0,545.25,-0.038237292,-31.3125,0.0,-32.1875,7.936031,70.999954,30.023193,0.0,145.17,0.0,0.0,-10.50415,99.998474,89.49432,0.7128906,144.61,145.3,144.5,144.39,0
568122.75,0.33061415,-4.2814274,0.09224108,0.09372331,101.27261,15.037586,14.121132,-10.389223,0.0,0.0,52.359,7.728,4.721,18.281,30.6,0.0,88.77478,0.0,99.998474,0.0,204.0,4519.0,0.0,-9.1875,0.08508301,105.636925,11947.022,11947.022,1100.0834,530.9375,0.0,7.142641,0.0,1.5319072,4.0,0.0,21.890299,40.12495,5.9999924,0.0,0.0,-8.6875,0.0,0.0,0.0,0.0,0.0,0.0,1.7578125,1.5429688,1.8554688,1.9335938,0.77325094,0.64965284,0.8082704,0.8426032,0.8970016,0.81673914,0.9432364,1.0621805,0.8281071,0.6115053,0.725948,0.7067979,0.822385,0.78751814,0.76646066,0.828336,1.9999695,1.0,50.764465,1.562497,29.660831,29.933367,0.0,110.99986,0.0,0.0,105.84422,101.26717,720.0,545.25,-0.030589834,-31.15625,0.0,-32.09375,7.936031,70.999954,29.82788,0.0,144.46,0.0,0.0,-10.202026,99.998474,89.79645,0.6591797,144.22,144.61,143.82,144.1,0
568122.75,0.32449132,-4.337571,0.09278813,0.09363854,101.272896,15.037586,14.115261,-10.388202,0.0,0.0,52.359,7.769,4.721,18.281,30.6,0.0,88.76419,0.0,99.998474,0.0,204.0,4500.0,0.0,-9.671875,0.08642578,105.65351,11969.841,11969.841,1100.0834,530.1415,0.0,7.4605627,0.0,1.772401,4.0,0.0,21.881721,40.12495,5.9999924,0.0,0.0,-8.703125,0.0,0.0,0.0,0.0,0.0,0.0,1.7578125,1.5234375,1.8359375,1.9335938,0.7772183,0.6395819,0.80422676,0.83878845,0.88876176,0.8058289,0.9343862,1.0539407,0.81223774,0.64522773,0.70092314,0.7677577,0.80659187,0.83085376,0.74006253,0.8997482,1.9999695,1.0,50.34027,1.7968729,29.668154,29.834393,0.0,110.99988,0.0,0.0,105.74473,101.27547,720.0,545.625,-0.024471868,-31.0625,0.0,-32.0,7.936031,70.999954,29.534912,0.0,143.98,0.0,0.0,-9.295654,99.998474,90.70282,0.68359375,143.6,143.82,142.94,143.66,0
568122.8,0.33959305,-4.3600283,0.09333082,0.09363854,101.273155,15.037586,14.117011,-10.383772,0.0,0.0,52.359,7.808,4.721,18.281,30.6,0.0,88.755714,0.0,99.998474,0.0,204.0,4486.0,0.0,-9.734375,0.08703613,105.65351,11981.516,11981.516,1100.0834,530.1415,0.0,7.121446,0.0,1.9413584,4.0,0.0,21.874,40.12495,5.9999924,0.0,0.0,-8.1171875,0.0,0.0,0.0,0.0,0.0,0.0,1.7578125,1.5234375,1.8359375,1.9140625,0.773785,0.6387427,0.7989624,0.82780194,0.8793774,0.80567634,0.92454416,1.0374609,0.7090105,0.62294954,0.5476463,0.8048371,0.70412755,0.80216676,0.57816434,0.9431601,1.9999695,1.0,50.31128,1.960936,29.698942,29.762306,0.0,110.99989,0.0,0.0,105.74473,101.27547,720.0,545.625,-0.019577494,-30.90625,0.0,-31.78125,7.936031,70.999954,29.425049,0.0,143.75,0.0,0.0,-9.277344,99.998474,90.72113,0.6713867,142.98,143.44,142.88,142.72,0
568122.9,0.35167444,-4.3690114,0.09164208,0.09346898,101.273384,15.037586,14.112376,-10.432796,0.0,0.0,52.359,7.837,4.721,18.281,30.6,0.0,88.74893,0.0,99.998474,0.0,204.0,4448.0,0.0,-9.875,0.08770752,105.64522,12015.479,12015.479,1100.0834,528.54944,0.0,7.1850305,0.0,2.0601182,4.0,0.0,21.867052,40.12495,5.9999924,0.0,0.0,-8.0703125,0.0,0.0,0.0,0.0,0.0,0.0,1.7578125,1.5039062,1.796875,1.9140625,0.77759975,0.63401234,0.7812619,0.82589453,0.873579,0.79957277,0.89776456,1.0284581,0.9499504,0.6387427,0.71656364,0.81094074,0.94338906,0.7878996,0.7116045,0.95033187,1.9999695,1.0,50.31128,2.0757802,29.361261,29.72021,0.0,110.99991,0.0,0.0,105.42964,101.27547,720.0,546.0,-0.015661996,-30.65625,0.0,-31.6875,7.936031,70.999954,28.55835,0.0,142.53,0.0,0.0,-8.306885,99.998474,91.69159,0.7104492,141.56,141.83,142.1,141.89,0
568122.9,0.34133956,-4.3538547,0.09055046,0.09338419,101.27359,15.037586,14.114991,-10.473342,0.0,0.0,52.359,7.888,4.721,18.281,30.6,0.0,88.74351,0.0,99.998474,0.0,204.0,4427.0,0.0,-9.9375,0.088012695,105.636925,12044.135,12044.135,1100.0834,528.54944,0.0,6.9094987,0.0,2.1436415,4.0,0.0,21.860798,40.12495,5.9999924,0.0,0.0,-7.515625,0.0,0.0,0.0,0.0,0.0,0.0,1.7578125,1.5039062,1.7773438,1.8359375,0.775845,0.6285954,0.7713435,0.80086976,0.86671245,0.79201955,0.87579155,0.99305713,0.7662318,0.527657,0.64675367,0.5049973,0.71831846,0.6508736,0.6423285,0.5918212,1.9999695,1.0,49.8291,2.156171,29.081985,29.619839,0.0,110.99992,0.0,0.0,105.42964,101.27547,720.0,546.0,-0.012529597,-30.53125,0.0,-31.375,7.469206,70.999954,28.344727,0.0,141.71,0.0,0.0,-8.114624,99.998474,91.88385,0.625,140.86,141.67,141.56,141.45,0
568122.94,0.37307164,-4.329042,0.09161096,0.09321464,101.27377,15.037586,14.122682,-10.448805,0.0,0.0,52.359,7.928,4.721,18.281,30.6,0.0,88.73917,0.0,99.998474,0.0,204.0,4394.0,0.0,-9.96875,0.08935547,105.67009,12066.954,12066.954,1100.0834,528.54944,0.0,6.951888,0.0,2.2024212,4.0,0.0,21.85517,40.12495,5.9999924,0.0,0.0,-7.34375,0.0,0.0,0.0,0.0,0.0,0.0,1.7578125,1.5039062,1.7578125,1.8359375,0.769131,0.62706953,0.76180667,0.8001068,0.84657055,0.78690773,0.8607614,0.98939496,0.65255207,0.569543,0.70870525,0.78553444,0.6118105,0.6674296,0.6643778,0.9205768,1.9999695,1.0,49.8291,2.2124448,29.2513,29.54655,0.0,110.99992,0.0,0.0,105.10626,101.27547,720.0,546.0,-0.010023678,-30.34375,0.0,-31.1875,7.936031,70.999954,28.03955,0.0,140.55,0.0,0.0,-7.1990967,99.998474,92.79938,0.6542969,140.38,140.8,140.48,140.7,0
568122.94,0.41845733,-4.300367,0.09237644,0.09312987,101.27394,15.037586,14.116345,-10.424299,0.0,0.0,52.359,7.967,4.721,18.281,30.6,0.0,88.735695,0.0,99.998474,0.0,204.0,4378.0,0.0,-9.9296875,0.089660645,105.65351,12083.936,12083.936,1100.0834,527.2228,0.0,7.248615,0.0,2.2438173,4.0,0.0,21.925291,40.12495,5.9999924,0.0,0.0,-7.65625,0.0,0.0,0.0,0.0,0.0,0.0,1.7773438,1.5039062,1.7578125,1.8164062,0.76844436,0.6345464,0.7591363,0.79011214,0.8395514,0.79461354,0.8507668,0.9750515,0.75623715,0.8005646,0.6441596,0.60357064,0.7090105,0.93812466,0.6039521,0.70733196,1.9999695,1.0,49.8291,2.2518363,29.420376,29.574951,0.0,110.99992,0.0,0.0,105.10626,101.27547,720.0,546.0,-0.008018943,-30.28125,0.0,-31.1875,7.936031,70.999954,28.015137,0.0,140.63,0.0,0.0,-7.070923,99.998474,92.92755,0.6640625,139.79,139.73,139.41,139.79,0
568123.0,0.3547659,-4.3076468,0.09026204,0.09312987,101.27409,15.037586,14.12363,-10.48507,0.0,0.0,52.359,7.999,4.721,18.281,30.6,0.0,88.73292,0.0,99.998474,0.0,204.0,4359.0,0.0,-9.8515625,0.09057617,105.65351,12117.898,12117.898,1100.0834,527.2228,0.0,6.930693,0.0,2.2729952,4.0,0.0,21.988401,40.12495,5.9999924,0.0,0.0,-8.171875,0.0,0.0,0.0,0.0,0.0,0.0,1.7773438,1.5234375,1.7382812,1.7773438,0.7721065,0.6366064,0.7488365,0.7752346,0.8317693,0.7948424,0.8274205,0.95277333,0.7690547,0.58579385,0.65278095,0.5865568,0.7209888,0.6865034,0.6119631,0.68734264,1.9999695,1.0,49.77722,2.2794104,29.00165,29.54828,0.0,110.99992,0.0,0.0,104.965294,101.27547,720.0,546.0,-0.0064151543,-30.15625,0.0,-31.09375,7.469206,70.999954,27.423096,0.0,139.73,0.0,0.0,-6.7626953,99.998474,93.23578,0.63720703,139.41,139.05,138.37,138.74,0
568123.06,0.34381273,-4.3293085,0.09087322,0.0929603,101.27423,15.037586,14.122869,-10.465865,0.0,0.0,52.359,8.047,4.721,18.281,30.6,0.0,88.7307,0.0,99.998474,0.0,204.0,4343.0,0.0,-9.84375,0.09161377,105.686676,12117.898,12117.898,1100.0834,526.16144,0.0,6.951888,0.0,2.29358,4.0,0.0,22.0452,40.12495,5.9999924,0.0,0.0,-8.046875,0.0,0.0,0.0,0.0,0.0,0.0,1.7773438,1.5039062,1.71875,1.7578125,0.7690547,0.63080794,0.74174106,0.7646296,0.8234531,0.7832456,0.8083467,0.93812466,0.71183336,0.5709926,0.7000076,0.5304036,0.66727704,0.6691081,0.65621424,0.62157625,1.9999695,1.0,49.77722,2.2987123,29.134161,29.535608,0.0,110.99992,0.0,0.0,104.782875,101.27547,720.0,546.0,-0.0051321234,-30.0625,0.0,-31.09375,7.936031,70.999954,27.36206,0.0,139.04,0.0,0.0,-6.0821533,99.998474,93.91632,0.6225586,138.52,138.58,138.47,138.11,0
568123.06,0.2750502,-4.3567233,0.09188424,0.0929603,101.27435,15.037586,14.116477,-10.453041,0.0,0.0,52.359,8.088,4.721,18.281,30.6,0.0,88.72892,0.0,99.998474,0.0,204.0,4328.0,0.0,-10.0,0.091918945,105.67838,12147.086,12147.086,1100.0834,526.16144,0.0,7.0366673,0.0,2.3081176,4.0,0.0,22.09632,40.12495,5.9999924,0.0,0.0,-7.5234375,0.0,0.0,0.0,0.0,0.0,0.0,1.7773438,1.5039062,1.6992188,1.7382812,0.7669184,0.6330205,0.73403525,0.75272757,0.8162051,0.78194857,0.79453725,0.9220264,0.7679103,0.68169683,0.59021896,0.64972913,0.71984434,0.757229,0.5361257,0.7614252,1.9999695,1.0,49.354553,2.3122234,29.222677,29.422672,0.0,110.99992,0.0,0.0,104.782875,101.27547,720.0,546.0,-0.004105699,-29.9375,0.0,-30.875,7.936031,70.999954,27.36206,0.0,138.59,0.0,0.0,-5.734253,99.998474,94.26422,0.5957031,138.47,138.27,138.17,138.17,0
568123.1,0.24004015,-4.3864393,0.09171361,0.092875525,101.27446,15.037586,14.123721,-10.478798,0.0,0.0,52.359,8.117,4.721,18.281,30.6,0.0,88.7275,0.0,99.998474,0.0,204.0,4302.0,0.0,-10.5546875,0.09259033,105.67838,12186.355,12186.355,1100.0834,526.16144,0.0,6.8459144,0.0,2.318397,4.0,0.0,22.142326,40.12495,5.9999924,0.0,0.0,-6.4453125,0.0,0.0,0.0,0.0,0.0,0.0,1.7578125,1.5234375,1.6796875,1.6992188,0.7599756,0.63569087,0.71953917,0.73395896,0.8000305,0.7780575,0.76874954,0.89608604,0.62836653,0.5945678,0.66399634,0.6257725,0.58907455,0.66041046,0.6031891,0.7333486,1.9999695,1.0,49.31488,2.3216815,29.04525,29.260475,0.0,110.99992,0.0,0.0,104.73313,101.27547,720.0,546.75,-0.0032845591,-29.78125,0.0,-30.78125,7.469206,70.999954,27.09961,0.0,137.77,0.0,0.0,-5.581665,99.998474,94.41681,0.6738281,137.84,137.9,137.03,137.45,0
568123.2,0.19203213,-4.398326,0.08941509,0.092875525,101.27373,15.037586,14.117073,-10.536513,0.0,0.0,52.359,8.168,4.721,18.281,30.6,0.0,88.726364,0.0,99.998474,0.0,204.0,4290.0,0.0,-11.0078125,0.09320068,105.661804,12200.152,12200.152,1100.0834,525.1001,0.0,6.697551,0.0,2.3256743,4.0,0.0,22.183733,40.12495,5.9999924,0.0,0.0,-6.8125,0.0,0.0,0.0,0.0,0.0,0.0,1.7382812,1.5039062,1.6796875,1.6796875,0.7514305,0.63134205,0.71641105,0.724651,0.78675514,0.76958877,0.7600519,0.8816663,0.6862745,0.6284428,0.6583505,0.6536202,0.62348366,0.69810027,0.59807736,0.7660029,1.9999695,1.0,48.893738,2.328302,28.646692,29.304306,0.0,110.99992,0.0,0.0,104.55071,101.26717,720.0,547.125,-0.0026276472,-29.71875,0.0,-30.6875,7.469206,70.999954,26.489258,0.0,137.39,0.0,0.0,-4.9346924,99.998474,95.06378,0.6689453,137.09,137.5,136.3,136.82,0
568123.2,0.15362571,-4.4405804,0.0910314,0.092790745,101.27307,15.037586,14.124139,-10.504416,0.0,0.0,52.359,8.207,4.721,18.281,30.6,0.0,88.72546,0.0,99.998474,0.0,204.0,4280.0,0.0,-11.109375,0.094177246,105.686676,12220.849,12220.849,1100.0834,525.1001,0.0,7.057862,0.0,2.3308342,4.0,0.0,22.220999,40.12495,5.9999924,0.0,0.0,-6.6640625,0.0,0.0,0.0,0.0,0.0,0.0,1.71875,1.5039062,1.6601562,1.6601562,0.7401388,0.63118947,0.7113756,0.71091783,0.7661555,0.7659266,0.7499809,0.8638895,0.5899901,0.6477455,0.6175326,0.4541848,0.53589684,0.7194629,0.56099796,0.53231096,1.9999695,1.0,48.854065,2.3329363,28.867271,29.257042,0.0,110.99992,0.0,0.0,104.4595,101.26717,720.0,547.125,-0.0021021178,-29.6875,0.0,-30.6875,7.469206,70.999954,26.42212,0.0,137.34,0.0,0.0,-4.5043945,99.998474,95.49408,0.7373047,136.7,136.88,136.41,136.28,0
568123.25,0.16290057,-4.4949822,0.09238877,0.092790745,101.27331,15.037586,14.123225,-10.471703,0.0,0.0,52.359,8.238,4.721,18.281,30.6,0.0,88.574356,0.0,99.998474,0.0,204.0,4262.0,0.0,-11.125,0.09484863,105.686676,12249.505,12249.505,1100.0834,524.3041,0.0,6.867109,0.0,2.3344984,4.0,0.0,22.254538,40.12495,5.9999924,0.0,0.0,-6.625,0.0,0.0,0.0,0.0,0.0,0.0,1.71875,1.5039062,1.6601562,1.640625,0.7394522,0.63393605,0.70756084,0.70267797,0.76073855,0.76310366,0.7362478,0.85114825,0.6832227,0.67971313,0.6909285,0.5740444,0.6206607,0.7550164,0.6276799,0.67277026,1.9999695,1.0,48.854065,2.3361802,29.093,29.173124,0.0,110.99992,0.0,0.0,104.4595,101.27547,720.0,547.125,-0.0016816942,-29.5625,0.0,-30.59375,7.469206,70.999954,26.44043,0.0,136.76,0.0,0.0,-4.412842,99.998474,95.58563,0.6152344,136.13,136.34,135.67,135.67,0
568123.25,0.17032045,-4.5167427,0.09125904,0.0925788,101.27352,15.037586,14.116726,-10.497257,0.0,0.0,52.359,8.288,4.721,18.281,30.6,0.0,88.453476,0.0,99.998474,0.0,204.375,4247.0,0.0,-11.046875,0.09515381,105.67838,12254.812,12254.812,1100.0834,524.3041,0.0,6.8035245,0.0,2.3371058,4.0,0.0,22.284723,40.12495,6.374992,0.0,0.0,-6.7109375,0.0,0.0,0.0,0.0,0.0,0.0,1.71875,1.5039062,1.640625,1.6210938,0.7366293,0.63271534,0.7001602,0.7023728,0.7536431,0.75875485,0.72480357,0.8493934,0.6221103,0.6095216,0.56237125,0.6968032,0.5651179,0.6770428,0.51087207,0.81658655,1.9999695,1.0,48.432922,2.3384511,28.917068,29.17245,0.0,110.99992,0.0,0.0,104.36,101.27547,720.0,547.125,-0.0013453554,-29.5,0.0,-30.5,7.469206,70.999954,26.080322,0.0,136.27,0.0,0.0,-4.0802,99.998474,95.918274,0.6274414,135.45,136.02,134.93,135.56,0
568123.3,0.19625637,-4.525447,0.08990788,0.09249402,101.27371,15.037586,14.123896,-10.544835,0.0,0.0,52.359,8.319,4.721,18.281,30.6,0.0,88.356766,0.0,99.998474,0.0,204.375,4217.0,0.0,-10.75,0.09576416,105.67838,12284.529,12284.529,1100.0834,524.3041,0.0,6.951888,0.0,2.3389645,4.0,0.0,22.31189,40.12495,6.374992,0.0,0.0,-6.8515625,0.0,0.0,0.0,0.0,0.0,0.0,1.6796875,1.5039062,1.640625,1.6210938,0.7238117,0.630045,0.6988632,0.6977951,0.7336538,0.7470054,0.7180896,0.8426795,0.5918975,0.63599604,0.5739681,0.6117342,0.53772795,0.671397,0.5038529,0.7168689,1.9999695,1.0,48.40393,2.3400407,28.589314,29.094254,0.0,110.99992,0.0,0.0,104.14441,101.27547,720.0,546.75,-0.0010762843,-29.3125,0.0,-30.28125,7.469206,70.999954,25.793457,0.0,135.52,0.0,0.0,-3.491211,99.998474,96.50726,0.7104492,134.61,134.95,134.45,134.78,0
568123.4,0.2370051,-4.566429,0.09032788,0.092324466,101.27389,15.037586,14.117195,-10.539424,0.0,0.0,52.359,8.358,4.721,18.281,30.6,0.0,88.2794,0.0,99.998474,0.0,204.375,4183.0,0.0,-11.0234375,0.09710693,105.69497,12308.41,12308.41,1100.0834,522.7121,0.0,6.73994,0.0,2.3402927,4.0,0.0,22.33634,40.12495,6.374992,0.0,0.0,-7.015625,0.0,0.0,0.0,0.0,0.0,0.0,1.6796875,1.5039062,1.6210938,1.6015625,0.71984434,0.6256962,0.69359887,0.6900893,0.7224384,0.7383078,0.703212,0.83123523,0.7159533,0.6709392,0.7168689,0.6550698,0.65041584,0.7083238,0.62920576,0.7676814,1.9999695,1.0,48.40393,2.3411536,28.626785,29.033821,0.0,110.99992,0.0,0.0,104.14441,101.27547,720.0,547.125,-8.6102745E-4,-29.09375,0.0,-30.09375,7.469206,70.999954,25.598145,0.0,134.13,0.0,0.0,-2.9083252,99.998474,97.09015,0.67871094,133.62,133.95,133.68,133.74,0
568123.4,0.28960407,-4.601572,0.089557886,0.092324466,101.27405,15.037586,14.124224,-10.560717,0.0,0.0,52.359,8.408,4.721,18.281,30.6,0.0,88.217514,0.0,99.998474,0.0,204.375,4165.0,0.0,-11.0859375,0.09741211,105.69497,12327.514,12327.514,1100.0834,522.7121,0.0,6.6551614,0.0,2.3412437,4.0,0.0,22.358345,40.12495,6.374992,0.0,0.0,-7.0859375,0.0,0.0,0.0,0.0,0.0,0.0,1.6601562,1.5039062,1.6015625,1.6015625,0.7122148,0.6276036,0.68535894,0.68871593,0.7111467,0.7367819,0.6912337,0.8284886,0.5696193,0.56694895,0.5316243,0.6629282,0.50003815,0.5630579,0.4666209,0.7769131,1.9999695,1.0,48.349,2.3419325,28.480177,29.01624,0.0,110.99992,0.0,0.0,104.14441,101.27547,720.0,547.125,-6.8882195E-4,-29.0,0.0,-30.0,7.469206,70.999954,25.488281,0.0,133.83,0.0,0.0,-2.8015137,99.998474,97.19696,0.72265625,132.84,133.19,133.25,133.03,0
568123.44,0.27168325,-4.671879,0.08965595,0.09223969,101.274185,15.037586,14.129144,-10.567395,0.0,0.0,52.359,8.438,4.721,18.281,30.6,0.0,88.168,0.0,0.15716553,0.0,204.375,4131.0,0.0,-11.0390625,0.098083496,105.69497,12357.231,12357.231,1100.0834,521.12006,0.0,6.464408,0.0,2.3419268,4.0,0.0,22.453339,40.12495,6.374992,0.0,0.0,-6.828125,0.0,0.0,0.0,0.0,0.0,0.0,1.640625,1.5039062,1.6015625,1.5820312,0.7032883,0.627451,0.6814679,0.67933166,0.6989395,0.7258717,0.67727166,0.81536585,0.72304875,0.6924544,0.6977951,0.613489,0.634699,0.6877241,0.59258413,0.7189288,1.9999695,1.0,48.349,2.3424778,28.43428,28.92499,0.0,110.99992,0.0,0.0,104.14441,101.27547,720.0,547.125,-5.510576E-4,-28.78125,0.0,-29.78125,7.469206,70.999954,25.158691,0.0,132.78,0.0,0.0,-2.786255,99.998474,97.21222,0.6201172,131.96,132.28,131.9,131.86,0
568123.5,0.2973466,-4.7375016,0.08943475,0.09202773,101.274315,15.037586,14.126729,-10.575865,0.0,0.0,52.359,8.488,4.721,18.281,30.6,0.0,88.12839,0.0,0.0,0.0,204.375,4112.0,0.0,-11.0234375,0.09869385,105.686676,12361.478,12361.478,1100.0834,521.12006,0.0,6.506798,0.0,2.3424184,4.0,0.0,22.538832,40.12495,6.374992,0.0,0.0,-6.703125,0.0,0.0,0.0,0.0,0.0,0.0,1.6601562,1.484375,1.6015625,1.5625,0.7013047,0.6244755,0.67948425,0.6681163,0.68925,0.7177081,0.67055774,0.80125123,0.648661,0.6630045,0.64194703,0.45899138,0.5693904,0.62157625,0.5451286,0.53788054,1.9999695,1.0,47.869873,2.3428593,28.376026,28.8749,0.0,110.99992,0.0,0.0,103.945404,101.27547,720.0,547.125,-4.4084605E-4,-28.6875,0.0,-29.6875,7.469206,70.999954,23.7854,0.0,131.81,0.0,0.0,-2.3834229,99.998474,97.61505,0.68359375,131.9,131.96,130.65,130.91,0
568123.5,0.2578773,-4.838751,0.09057511,0.09202773,101.27443,15.037586,14.1308975,-10.55375,0.0,0.0,52.359,8.527,4.721,18.281,30.6,0.0,88.096695,0.0,0.0,0.0,204.375,4096.0,0.0,-11.0234375,0.1003418,105.71155,12391.726,12391.726,1100.0834,521.12006,0.0,6.570382,0.0,2.3427737,4.0,0.0,22.615776,40.12495,6.374992,0.0,0.0,-6.6640625,0.0,0.0,0.0,0.0,0.0,0.0,1.6601562,1.484375,1.6015625,1.5625,0.69657433,0.62333107,0.6800946,0.66735333,0.6813916,0.7038224,0.660029,0.7994202,0.6087587,0.5706874,0.72182804,0.60776687,0.53437096,0.5350576,0.59151596,0.7122911,1.9999695,1.0,47.869873,2.3431263,28.528578,28.800438,0.0,110.99992,0.0,0.0,105.42964,101.27547,720.0,547.125,-3.5267684E-4,-28.5625,0.0,-29.59375,7.469206,70.999954,25.88501,0.0,131.44,0.0,0.0,-6.9396973,99.998474,93.05878,0.6591797,131.06,131.17,130.02,129.92,0
568123.56,0.26630184,-4.9542503,0.08991701,0.09198534,101.27453,15.037586,14.122097,-10.576627,0.0,0.0,52.359,8.568,4.721,18.281,30.6,0.0,88.07134,0.0,0.0,0.0,204.375,4079.0,0.0,-10.9375,0.10095215,105.70326,12415.075,12415.075,1100.0834,520.0587,0.0,6.4220185,0.0,2.3430312,4.0,0.0,22.685026,40.12495,6.374992,0.0,0.0,-6.2265625,0.0,0.0,0.0,0.0,0.0,0.0,1.640625,1.484375,1.6015625,1.5234375,0.69306475,0.6221866,0.6778821,0.6584268,0.67475396,0.6967269,0.65300983,0.78728926,0.70305943,0.60135806,0.6365301,0.5485618,0.61715114,0.56374454,0.5216297,0.6428626,1.9999695,1.0,47.450256,2.3433132,28.370995,28.757942,0.0,110.99992,0.0,0.0,105.42964,101.27547,720.0,547.125,-2.8214147E-4,-28.5,0.0,-29.375,7.0023804,70.999954,25.268555,0.0,130.81,0.0,0.0,-9.268188,99.998474,90.730286,0.546875,130.08,130.34,130.08,129.87,0
568123.6,0.23304147,-5.0379505,0.088634685,0.09177339,101.27462,15.037586,14.127655,-10.631491,0.0,0.0,52.359,8.607,4.721,18.281,30.6,0.0,88.05106,0.0,0.0,0.0,204.375,4059.0,0.0,-10.9375,0.101623535,105.70326,12429.934,12429.934,1100.0834,520.0587,0.0,6.506798,0.0,2.3432186,4.0,0.0,22.74735,40.12495,6.374992,0.0,0.0,-6.015625,0.0,0.0,0.0,0.0,0.0,0.0,1.640625,1.484375,1.6015625,1.5039062,0.69077593,0.62348366,0.67803466,0.65407795,0.6662852,0.6924544,0.64820325,0.7814145,0.6400397,0.7048142,0.72732127,0.57343405,0.5618372,0.66071564,0.5960174,0.6720073,1.9999695,1.0,47.41516,2.3434443,27.99291,28.580032,0.0,110.99992,0.0,0.0,105.222336,101.27547,720.0,547.125,-2.2571317E-4,-28.34375,0.0,-29.1875,7.0023804,70.999954,24.20044,0.0,130.19,0.0,0.0,-8.850098,99.998474,91.14838,0.6640625,129.56,129.71,129.41,129.35,0
568123.6,0.22643319,-5.07143,0.089483455,0.09168862,101.274704,15.037586,14.131546,-10.608103,0.0,0.0,52.359,8.648,4.721,18.281,30.6,0.0,88.034836,0.0,0.0,0.0,204.375,4029.0,0.0,-10.84375,0.10223389,105.70326,12459.651,12459.651,1100.0834,518.73206,0.0,6.4220185,0.0,2.3433554,4.0,0.0,22.803442,40.12495,6.374992,0.0,0.0,-6.109375,0.0,0.0,0.0,0.0,0.0,0.0,1.640625,1.5039062,1.6015625,1.5039062,0.68947893,0.63073164,0.68062866,0.64629585,0.6610971,0.68871593,0.64049745,0.7715725,0.664683,0.7136645,0.69047076,0.57907987,0.5644312,0.64835584,0.54673076,0.678645,1.9999695,1.0,47.41516,2.343536,28.15421,28.587765,0.0,110.99992,0.0,0.0,105.10626,101.27547,720.0,546.75,-1.8057054E-4,-28.1875,0.0,-29.09375,7.0023804,70.999954,23.913574,0.0,129.15,0.0,0.0,-8.004761,99.998474,91.99371,0.6738281,128.65,129.25,128.09,128.84,0
568123.7,0.22114655,-5.0660725,0.09015285,0.09164623,101.27478,15.037586,14.12841,-10.589659,0.0,0.0,52.359,8.687,4.721,18.281,30.6,0.0,88.02186,0.0,0.0,0.0,204.375,4018.0,0.0,-10.8671875,0.103271484,105.71984,12459.651,12459.651,1100.0834,518.73206,0.0,6.464408,0.0,2.3434558,4.0,0.0,22.853926,40.12495,6.374992,0.0,0.0,-6.234375,0.0,0.0,0.0,0.0,0.0,0.0,1.640625,1.5039062,1.6015625,1.484375,0.687953,0.6336309,0.6802472,0.6428626,0.65598536,0.68589306,0.6350042,0.7668421,0.660029,0.6977188,0.6725414,0.5875486,0.56046385,0.63385975,0.53253984,0.68856335,1.9999695,1.0,47.41516,2.3436003,28.28142,28.557266,0.0,110.99992,0.0,0.0,105.10626,101.27547,720.0,546.75,-1.4445644E-4,-28.125,0.0,-29.0,7.0023804,70.999954,23.620605,0.0,128.99,0.0,0.0,-7.8826904,99.998474,92.11578,0.6689453,128.65,128.69,128.18,127.85,0
568123.7,0.21691725,-5.082679,0.09075946,0.09164623,101.27485,15.037586,14.132074,-10.579163,0.0,0.0,52.359,8.72,4.721,18.281,30.6,0.0,88.011475,0.0,0.0,0.0,204.375,4001.0,0.0,-11.4453125,0.10418701,105.71984,12494.1455,12494.1455,1100.0834,518.73206,0.0,6.6339664,0.0,2.3435295,4.0,0.0,22.89936,40.12495,6.374992,0.0,0.0,-6.4921875,0.0,0.0,0.0,0.0,0.0,0.0,1.640625,1.484375,1.6015625,1.484375,0.6887922,0.62462807,0.67971313,0.640116,0.6501106,0.6668193,0.6296635,0.76226443,0.6381323,0.55603874,0.56672007,0.6410315,0.5418479,0.5051499,0.44876784,0.7512016,1.9999695,1.0,47.364807,2.343645,28.353838,28.588558,0.0,110.99992,0.0,0.0,105.10626,101.27547,720.0,547.5,-1.15565155E-4,-28.0,0.0,-28.875,7.0023804,70.999954,23.35205,0.0,128.43,0.0,0.0,-7.91626,99.998474,92.082214,0.6591797,127.89,127.95,127.3,127.1,0
568123.75,0.1935338,-5.1080713,0.09087754,0.09151906,101.27491,15.037586,14.12878,-10.592301,0.0,0.0,52.359,8.767,4.721,18.281,30.6,0.0,88.00317,0.0,0.0,0.0,204.375,3986.0,0.0,-11.5703125,0.1048584,105.71155,12498.391,12498.391,1100.0834,517.93604,0.0,6.5279922,0.0,2.343584,4.0,0.0,22.940252,40.12495,6.374992,0.0,0.0,-6.03125,0.0,0.0,0.0,0.0,0.0,0.0,1.6601562,1.5039062,1.5234375,1.484375,0.68726635,0.6271458,0.6643778,0.62951094,0.6454566,0.6644541,0.60921645,0.749218,0.65827423,0.6835279,0.4853895,0.38872358,0.55901426,0.6209659,0.3978027,0.61562526,1.9999695,1.0,46.94519,2.3436766,28.263325,28.38727,0.0,110.99992,0.0,0.0,105.05651,101.27547,720.0,547.5,-9.245212E-5,-27.9375,0.0,-28.78125,7.0023804,70.999954,23.028564,0.0,127.78,0.0,0.0,-7.888794,99.998474,92.10968,0.68603516,127.39,127.45,126.65,126.85,0
568123.8,0.15482704,-5.136979,0.09024423,0.0913071,101.27496,15.037586,14.138193,-10.609066,0.0,0.0,52.359,8.808,4.721,18.281,30.6,0.0,87.99652,0.0,0.0,0.0,204.375,3967.0,0.0,-11.6015625,0.105163574,105.71155,12528.108,12528.108,1100.0834,517.93604,0.0,6.570382,0.0,2.3436246,4.0,0.0,22.977055,40.12495,5.9999924,0.0,0.0,-5.953125,0.0,0.0,0.0,0.0,0.0,0.0,1.640625,1.484375,1.5039062,1.4648438,0.6816205,0.6222629,0.655375,0.6173037,0.63584346,0.6623179,0.5985351,0.7424277,0.57656217,0.5307088,0.4867628,0.3772793,0.45647365,0.6219577,0.39887083,0.597467,1.9999695,1.0,46.917725,2.3436985,28.147831,28.351442,0.0,110.99992,0.0,0.0,105.05651,101.27547,720.0,547.5,-7.39617E-5,-27.875,0.0,-28.78125,7.0023804,70.999954,23.095703,0.0,127.46,0.0,0.0,-7.5805664,99.998474,92.41791,0.6713867,126.95,126.56,126.35,126.26,0
568123.8,0.12386163,-5.1297917,0.090509586,0.09122233,101.27501,15.037586,14.133063,-10.628479,0.0,0.0,52.359,8.838,4.721,18.281,30.6,0.0,87.9912,0.0,0.0,0.0,204.0,3940.0,0.0,-12.578125,0.10681152,105.73643,12554.111,12554.111,1100.0834,517.93604,0.0,6.867109,0.0,2.3436546,4.0,0.0,23.085363,40.12495,5.9999924,0.0,0.0,-5.7578125,0.0,0.0,0.0,0.0,0.0,0.0,1.6210938,1.4648438,1.5039062,1.4257812,0.6700237,0.61486226,0.647364,0.60013735,0.61715114,0.6570535,0.5888457,0.7369345,0.5306325,0.5282673,0.51255053,0.506981,0.42015716,0.6190585,0.42000458,0.77164876,1.9999695,1.0,46.917725,2.3437138,28.014063,28.14422,0.0,110.99992,0.0,0.0,104.90725,101.27547,720.0,548.625,-5.9169364E-5,-27.75,0.0,-28.6875,7.0023804,70.999954,22.424316,0.0,126.23,0.0,0.0,-6.8359375,99.998474,93.16254,0.68847656,125.78,125.73,125.5,125.5,0
568123.9,0.09908931,-5.126917,0.090101935,0.09105277,101.275055,15.037586,14.135332,-10.653285,0.0,0.0,52.359,8.887,4.721,18.281,30.6,0.0,87.98695,0.0,0.0,0.0,204.0,3912.0,0.0,-12.5390625,0.107421875,105.728134,12566.848,12566.848,1100.0834,517.93604,0.0,6.73994,0.0,2.3436773,4.0,0.0,23.182842,39.74995,5.9999924,0.0,0.0,-5.359375,0.0,0.0,0.0,0.0,0.0,0.0,1.6210938,1.4453125,1.484375,1.40625,0.6643778,0.6042573,0.63576716,0.5885405,0.6083009,0.64950025,0.5728237,0.7282368,0.5587854,0.48905164,0.5476463,0.49668115,0.44243535,0.5432212,0.4335851,0.72762644,1.9999695,1.0,46.917725,2.3437247,27.843128,28.031654,0.0,110.99992,0.0,0.0,104.82434,101.27547,720.0,548.625,-4.7335492E-5,-27.65625,0.0,-28.59375,7.0023804,70.999954,22.44873,0.0,125.67,0.0,0.0,-6.35376,99.998474,93.644714,0.6689453,124.82,125.06,125.02,124.68,0
568123.9,0.05927145,-5.1257668,0.090295,0.090840824,101.27509,15.037586,14.13692,-10.647245,0.0,0.0,52.359,8.927,4.721,18.281,30.6,0.0,87.98355,0.0,0.0,0.0,204.0,3891.0,0.0,-12.515625,0.107788086,105.728134,12585.951,12585.951,1100.0834,517.93604,0.0,6.676356,0.0,2.3436944,4.0,0.0,23.270573,39.74995,5.9999924,0.0,0.0,-5.359375,0.0,0.0,0.0,0.0,0.0,0.0,1.6015625,1.4648438,1.4648438,1.3867188,0.6550698,0.6054017,0.6331731,0.58388644,0.5960174,0.6520943,0.5672541,0.7281605,0.48081177,0.63134205,0.584268,0.35751888,0.36583504,0.7013047,0.46265355,0.5237659,1.9999695,1.0,46.917725,2.3437324,27.884792,28.006502,0.0,110.99992,0.0,0.0,104.782875,101.27547,720.0,548.625,-3.7868394E-5,-27.53125,0.0,-28.5,7.0023804,70.999954,22.338867,0.0,124.98,0.0,0.0,-6.1431885,99.998474,93.855286,0.67871094,124.49,124.72,123.83,124.55,0
568123.94,0.04741716,-5.106557,0.08890127,0.09067126,101.2743,15.037586,14.132172,-10.68303,0.0,0.0,52.359,8.957,4.721,18.281,30.6,0.0,87.98083,0.0,0.0,0.0,204.0,3864.0,0.0,-12.375,0.10839844,105.71155,12605.056,12605.056,1100.0834,517.93604,0.0,6.7187457,0.0,2.3437073,4.0,0.0,23.349531,39.74995,5.9999924,0.0,0.0,-5.1875,0.0,0.0,0.0,0.0,0.0,0.0,1.5429688,1.4453125,1.4648438,1.3476562,0.63385975,0.6024262,0.6256962,0.5606165,0.57022965,0.6498054,0.55802244,0.7056535,0.4587625,0.45181963,0.48592356,0.34088656,0.34912643,0.5018692,0.38475624,0.47844663,1.9999695,1.0,46.498108,2.3437376,27.637335,27.982601,0.0,110.99992,0.0,0.0,104.782875,101.26717,720.0,548.625,-3.0294716E-5,-27.46875,0.0,-28.5,7.0023804,70.999954,22.167969,0.0,123.96,0.0,0.0,-6.0791016,99.998474,93.91937,0.6347656,123.32,123.56,122.99,123.46,0
568124.06,0.05793373,-5.080123,0.08988671,0.09062888,101.27358,15.037586,14.140567,-10.6820545,0.0,0.0,52.359,9.007,4.721,18.281,30.6,0.0,87.97865,0.0,0.0,0.0,204.0,3844.0,0.0,-12.3203125,0.10870361,105.71155,12626.282,12626.282,1100.0834,517.93604,0.0,6.78233,0.0,2.343717,4.0,0.0,23.420593,39.74995,5.9999924,0.0,0.0,-4.5859375,0.0,0.0,0.0,0.0,0.0,0.0,1.5429688,1.4453125,1.4257812,1.3476562,0.63408864,0.59479666,0.62165254,0.55809873,0.5660334,0.6423285,0.5516899,0.7048142,0.6398871,0.616083,0.5465019,0.511635,0.48691538,0.65041584,0.43274587,0.68925,1.9999695,1.0,46.498108,2.3437414,27.64334,27.787289,0.0,110.99992,0.0,0.0,104.782875,101.26717,720.0,548.25,-2.4235773E-5,-27.375,0.0,-28.375,7.0023804,70.999954,22.125244,0.0,123.47,0.0,0.0,-5.9783936,99.998474,94.02008,0.6665039,122.67,122.95,122.63,122.9,0
568124.06,0.086346984,-5.0695496,0.09006317,0.09037453,101.27377,15.037586,14.134725,-10.678915,0.0,0.0,52.359,9.038,4.721,18.281,30.6,0.0,87.97691,0.0,0.0,0.0,203.625,3819.0,0.0,-12.328125,0.11004639,105.74472,12643.795,12643.795,1100.0834,517.93604,0.0,6.78233,0.0,2.3437245,4.0,0.0,23.484549,39.74995,5.624993,0.0,0.0,-4.609375,0.0,0.0,0.0,0.0,0.0,0.0,1.5429688,1.4453125,1.40625,1.3476562,0.62798506,0.5977722,0.6056306,0.5572595,0.5571832,0.6445411,0.5331502,0.70603496,0.47051194,0.6427863,0.4180209,0.47821775,0.344625,0.678645,0.33096817,0.61585414,1.9999695,1.0,46.498108,2.3437438,27.665173,27.729097,0.0,110.99992,0.0,0.0,104.58388,101.27547,720.0,548.25,-1.9388619E-5,-27.25,0.0,-28.28125,7.0023804,70.999954,21.850586,0.0,122.46,0.0,0.0,-5.114746,99.998474,94.88373,0.6640625,121.95,122.22,121.22,122.08,0
568124.1,0.1490776,-5.04657,0.091149695,0.090204984,101.27394,15.037586,14.136495,-10.667532,0.0,0.0,52.359,9.087,4.721,18.281,30.6,0.0,87.97552,0.0,0.0,0.0,203.625,3790.0,0.0,-12.453125,0.11065674,105.73643,12665.021,12665.021,1100.0834,517.93604,0.0,6.8035245,0.0,2.3437302,4.0,0.0,23.542109,39.74995,5.624993,0.0,0.0,-4.625,0.0,0.0,0.0,0.0,0.0,0.0,1.5234375,1.4257812,1.3867188,1.328125,0.6199741,0.5942626,0.60120547,0.5477989,0.5464256,0.6401923,0.5269703,0.69497216,0.55664915,0.5204852,0.51873046,0.4458686,0.40772107,0.5494774,0.41077286,0.574197,1.9999695,1.0,46.498108,2.3437457,27.743809,27.567585,0.0,110.99992,0.0,0.0,104.4595,101.27547,720.0,548.625,-1.5510896E-5,-27.15625,0.0,-28.1875,7.0023804,70.999954,21.557617,0.0,121.57,0.0,0.0,-4.5684814,99.998474,95.42999,0.6665039,121.04,121.13,120.6,121.08,0
568124.2,0.13926208,-5.0373783,0.09046933,0.09007782,101.27409,15.037586,14.137733,-10.682987,0.0,0.0,52.359,9.128,4.721,18.281,30.6,0.0,87.9744,0.0,0.0,0.0,203.625,3770.0,0.0,-12.9609375,0.11102295,105.73643,12677.758,12677.758,1100.0834,517.93604,0.0,6.8035245,0.0,2.3437347,4.0,0.0,23.593912,39.74995,5.624993,0.0,0.0,-4.5390625,0.0,0.0,0.0,0.0,0.0,0.0,1.5234375,1.4257812,1.3867188,1.328125,0.61844814,0.59052414,0.59479666,0.5497063,0.5364309,0.6356146,0.5185779,0.6967269,0.6564431,0.5303273,0.582208,0.5913634,0.48081177,0.5599298,0.4430457,0.72953385,1.9999695,1.0,46.498108,2.3437471,27.637428,27.577097,0.0,110.99992,0.0,0.0,104.4595,101.27547,720.0,549.0,-1.2408716E-5,-27.0625,0.0,-28.09375,6.535555,70.999954,21.429443,0.0,121.08,0.0,0.0,-4.3426514,99.998474,95.65582,0.67871094,120.56,120.41,120.26,120.2,0
568124.2,0.17140967,-5.033702,0.09073024,0.08982348,101.27423,15.037586,14.126882,-10.687578,0.0,0.0,52.359,9.166,4.721,18.281,30.6,0.0,87.97351,0.0,0.0,0.0,203.625,3741.0,0.0,-12.8515625,0.111328125,105.728134,12698.984,12698.984,1100.0834,517.93604,0.0,6.930693,0.0,2.343738,4.0,0.0,23.640535,39.37495,5.624993,0.0,0.0,-4.734375,0.0,0.0,0.0,0.0,0.0,0.0,1.5234375,1.40625,1.3867188,1.3476562,0.6167697,0.5819028,0.5941863,0.5549706,0.5309377,0.62378883,0.5147631,0.70138097,0.58472574,0.47791258,0.52025634,0.6301976,0.42824444,0.47463188,0.39589533,0.73846036,1.9999695,1.0,46.080017,2.343748,27.605919,27.428148,0.0,110.99992,0.0,0.0,104.4595,101.27547,720.0,549.0,-9.926974E-6,-26.96875,0.0,-28.0,6.535555,70.999954,21.606445,0.0,119.96,0.0,0.0,-4.345703,99.998474,95.65277,0.6542969,119.15,119.76,118.91,119.46,0
568124.25,0.17712775,-5.0697308,0.09092828,0.0897387,101.27435,15.037586,14.136864,-10.681431,0.0,0.0,52.359,9.208,4.721,18.281,30.6,0.0,87.97279,0.0,0.0,0.0,203.625,3720.0,0.0,-13.3515625,0.11193848,105.728134,12724.987,12724.987,1100.0834,517.93604,0.0,6.9942775,0.0,2.3437407,4.0,0.0,23.682497,39.37495,5.624993,0.0,0.0,-5.421875,0.0,0.0,0.0,0.0,0.0,0.0,1.5234375,1.4257812,1.3671875,1.328125,0.61554897,0.58793014,0.5863279,0.558175,0.5259785,0.6285191,0.5025559,0.7032883,0.59258413,0.72175175,0.50881207,0.6353857,0.41710538,0.7167925,0.38719767,0.6707866,1.9999695,1.0,46.080017,2.3437486,27.648413,27.424044,0.0,110.99992,0.0,0.0,104.4595,101.27547,720.0,549.375,-7.9415795E-6,-26.875,0.0,-27.78125,6.535555,70.999954,21.56372,0.0,119.52,0.0,0.0,-4.321289,99.998474,95.677185,0.68847656,119.1,118.89,118.22,118.66,0
568124.3,0.1617022,-5.1403923,0.0919061,0.08961153,101.27446,15.037586,14.137992,-10.660463,0.0,0.0,52.359,9.247,4.721,18.281,30.6,0.0,87.97222,0.0,0.0,0.0,203.25,3696.0,0.0,-13.5390625,0.11230469,105.728134,12737.724,12737.724,1100.0834,517.93604,0.0,6.973083,0.0,2.3437426,4.0,0.0,23.720263,39.37495,5.2499933,0.0,0.0,-5.3046875,0.0,0.0,0.0,0.0,0.0,0.0,1.5039062,1.4257812,1.3476562,1.3476562,0.6144045,0.58892196,0.57953763,0.5630579,0.5204852,0.627451,0.4945449,0.698024,0.59357595,0.7481499,0.45220113,0.59807736,0.41771573,0.70138097,0.34409094,0.63141835,1.9999695,1.0,46.080017,2.343749,27.793049,27.34302,0.0,110.99992,0.0,0.0,104.37659,101.27547,720.0,549.75,-6.353264E-6,-26.78125,0.0,-27.6875,6.535555,70.999954,21.398926,0.0,118.37,0.0,0.0,-4.0283203,99.998474,95.97015,0.64697266,118.02,118.08,117.62,117.7,0
568124.3,0.20936176,-5.1686573,0.0924147,0.089399576,101.27456,15.037586,14.132922,-10.647866,0.0,0.0,52.359,9.287,4.721,18.281,30.6,0.0,87.97176,0.0,0.0,0.0,203.25,3676.0,0.0,-13.59375,0.11230469,105.71984,12741.969,12741.969,1100.0834,517.93604,0.0,6.973083,0.0,2.3437443,4.0,0.0,23.754251,38.99995,5.2499933,0.0,0.0,-5.25,0.0,0.0,0.0,0.0,0.0,0.0,1.5039062,1.4453125,1.328125,1.3476562,0.6133364,0.59578854,0.57152665,0.56382084,0.5152972,0.63118947,0.48577097,0.69184405,0.54543376,0.7481499,0.4225223,0.5800717,0.383917,0.70138097,0.3215076,0.57610434,1.9999695,1.0,46.080017,2.3437493,27.879974,27.282663,0.0,110.99992,0.0,0.0,104.301956,101.27547,720.0,549.75,-5.082611E-6,-26.71875,0.0,-27.59375,6.535555,70.999954,21.246338,0.0,118.08,0.0,0.0,-3.7475586,99.998474,96.250916,0.69091797,117.41,118.08,116.81,117.41,0
568124.4,0.2074894,-5.1987133,0.092542246,0.0893148,101.27465,15.037586,14.141092,-10.653849,0.0,0.0,52.359,9.319,4.721,18.281,30.6,0.0,87.9714,0.0,0.0,0.0,203.25,3652.0,0.0,-13.671875,0.11291504,105.71984,12770.625,12770.625,1100.0834,517.93604,0.0,7.2698097,0.0,2.3437455,4.0,0.0,23.784842,38.99995,5.2499933,0.0,0.0,-5.234375,0.0,0.0,0.0,0.0,0.0,0.0,1.5234375,1.4648438,1.328125,1.3476562,0.61852443,0.605478,0.567483,0.56672007,0.5117876,0.634699,0.48012513,0.6868086,0.80972,0.7045853,0.39421684,0.6317998,0.5699245,0.66056305,0.2887007,0.59227896,1.9999695,1.0,46.080017,2.3437495,27.838833,27.227604,0.0,110.99992,0.0,0.0,104.14441,101.27547,720.0,549.75,-4.066089E-6,-26.59375,0.0,-27.5,6.535555,70.999954,21.063232,0.0,117.08,0.0,0.0,-2.770996,99.998474,97.22748,0.67871094,116.82,117.02,116.02,116.12,0
568124.4,0.20599154,-5.2107353,0.09287816,0.08918764,101.2739,15.037586,14.129233,-10.64837,0.0,0.0,52.359,9.367,4.721,18.281,30.6,0.0,87.97111,0.0,0.0,0.0,203.25,3633.0,0.0,-13.796875,0.113220215,105.70326,12801.935,12801.935,1100.0834,517.93604,0.0,7.2910047,0.0,2.3437462,4.0,0.0,23.812372,38.99995,5.2499933,0.0,0.0,-5.0078125,0.0,0.0,0.0,0.0,0.0,0.0,1.5234375,1.4648438,1.3085938,1.328125,0.6193637,0.6051728,0.5561913,0.5606928,0.5085832,0.6310369,0.46547645,0.673228,0.63836116,0.60006106,0.50988024,0.7917144,0.4493019,0.56260014,0.37338826,0.719234,1.9999695,1.0,45.6604,2.3437495,27.87585,27.151308,0.0,110.99992,0.0,0.0,104.14441,101.26717,720.0,549.75,-3.2528712E-6,-26.53125,0.0,-27.375,6.535555,70.999954,21.020508,0.0,116.51,0.0,0.0,-2.658081,99.998474,97.34039,0.6689453,116.24,115.97,115.6,115.6,0
568124.44,0.18479323,-5.215544,0.09284187,0.08914525,101.273224,15.037586,14.13851,-10.65409,0.0,0.0,52.359,9.409,4.721,18.281,30.6,0.0,87.97087,0.0,0.0,0.0,203.25,3616.0,0.0,-13.859375,0.113220215,105.70326,12806.181,12806.181,1100.0834,517.93604,0.0,7.2698097,0.0,2.343747,4.0,0.0,23.83715,38.99995,5.2499933,0.0,0.0,-4.953125,0.0,0.0,0.0,0.0,0.0,0.0,1.5429688,1.4648438,1.3085938,1.3476562,0.6253147,0.6109712,0.5569543,0.5706111,0.5086595,0.6342412,0.4631876,0.6755932,0.75738156,0.7409018,0.5741207,0.7071031,0.51003283,0.6945907,0.42053863,0.6423285,1.9999695,1.0,45.6604,2.3437495,27.835741,27.122602,0.0,110.99992,0.0,0.0,104.14441,101.26717,720.0,549.75,-2.602297E-6,-26.4375,0.0,-27.375,6.535555,70.999954,21.044922,0.0,116.14,0.0,0.0,-2.6489258,99.998474,97.34955,0.6738281,115.74,115.97,114.81,115.37,0
568124.5,0.18783459,-5.198718,0.09375014,0.0888909,101.273445,15.037586,14.133285,-10.632532,0.0,0.0,52.359,9.437,4.721,18.281,30.6,0.0,87.97069,0.0,0.0,0.0,203.25,3586.0,0.0,-13.875,0.11352539,105.70326,12835.898,12835.898,1100.0834,517.93604,0.0,7.2698097,0.0,2.3437474,4.0,0.0,23.934639,38.99995,5.2499933,0.0,0.0,-4.9765625,0.0,0.0,0.0,0.0,0.0,0.0,1.5429688,1.4648438,1.2890625,1.3476562,0.63065535,0.61135274,0.55474174,0.5709163,0.50431067,0.63149464,0.4587625,0.66048676,0.62149996,0.66056305,0.51361865,0.46631572,0.41855496,0.60006106,0.3761349,0.40932328,1.9999695,1.0,45.6604,2.3437495,27.98456,27.165783,0.0,110.99992,0.0,0.0,104.094666,101.26717,720.0,549.75,-2.0818377E-6,-26.3125,0.0,-27.1875,6.535555,70.999954,20.825195,0.0,114.96,0.0,0.0,-2.3529053,99.998474,97.64557,0.6665039,114.72,114.95,114.22,114.36,0
568124.5,0.15026768,-5.173238,0.09323692,0.08876374,101.27364,15.037586,14.129627,-10.630287,0.0,0.0,52.359,9.487,4.721,18.281,30.6,0.0,87.970535,0.0,0.0,0.0,202.875,3567.0,0.0,-14.265625,0.1138916,105.70326,12844.389,12844.389,1100.0834,517.93604,0.0,7.2910047,0.0,2.3437479,4.0,0.0,24.022377,38.99995,4.874994,0.0,0.0,-4.8671875,0.0,0.0,0.0,0.0,0.0,0.0,1.5234375,1.4648438,1.2890625,1.3671875,0.62333107,0.613489,0.55245286,0.5738155,0.49530786,0.6298924,0.45441368,0.6554513,0.48607615,0.7189288,0.5210956,0.63866633,0.32730603,0.6530861,0.38170442,0.5606165,1.9999695,1.0,45.6604,2.3437495,28.000227,27.1308,0.0,110.99992,0.0,0.0,103.88737,101.27547,720.0,550.125,-1.6654702E-6,-26.25,0.0,-27.1875,6.535555,70.999954,20.465088,0.0,114.39,0.0,0.0,-1.4129639,99.998474,98.58551,0.6738281,113.73,113.82,113.9,113.5,0
568124.56,0.14021415,-5.144295,0.0932833,0.088551775,101.27383,15.037586,14.132926,-10.613847,0.0,0.0,52.359,9.528,4.721,18.281,30.6,0.0,87.97041,0.0,0.0,0.0,202.875,3546.0,0.0,-14.390625,0.11419678,105.70326,12848.634,12848.634,1100.0834,517.93604,0.0,7.2910047,0.0,2.343748,4.0,0.0,24.101341,38.62495,4.874994,0.0,0.0,-4.8046875,0.0,0.0,0.0,0.0,0.0,0.0,1.5234375,1.484375,1.2890625,1.3867188,0.62027925,0.6179904,0.5508507,0.58365756,0.48943314,0.6310369,0.4507515,0.6567483,0.56374454,0.66071564,0.5210956,0.80224305,0.37964445,0.60021365,0.38170442,0.681239,1.9999695,1.0,45.6604,2.3437495,28.113737,27.193083,0.0,110.99992,0.0,0.0,103.89566,101.27547,720.0,550.5,-1.3323762E-6,-26.1875,0.0,-27.09375,6.535555,70.999954,20.532227,0.0,113.81,0.0,0.0,-1.2329102,99.998474,98.765564,0.6542969,113.58,113.58,112.84,113.18,0
568124.56,0.13217132,-5.095218,0.09173941,0.08838224,101.27399,15.037586,14.129376,-10.669711,0.0,0.0,52.359,9.557,4.721,18.281,30.6,0.0,87.97032,0.0,0.0,0.0,202.875,3517.0,0.0,-14.296875,0.11450195,105.69497,12869.861,12869.861,1100.0834,517.93604,0.0,7.142641,0.0,2.3437486,4.0,0.0,24.17241,38.62495,4.874994,0.0,0.0,-4.71875,0.0,0.0,0.0,0.0,0.0,0.0,1.5234375,1.484375,1.2695312,1.3867188,0.62180513,0.6208896,0.54367894,0.5834287,0.48599985,0.62615395,0.44007018,0.6475166,0.6556802,0.64385444,0.51865417,0.5933471,0.42214084,0.5651942,0.3649958,0.48622873,1.9999695,1.0,45.24231,2.3437495,27.728827,27.075174,0.0,110.99992,0.0,0.0,103.82103,101.27547,720.0,550.5,-1.065901E-6,-26.0625,0.0,-27.0,6.06873,70.999954,20.318604,0.0,112.73,0.0,0.0,-1.1322021,99.998474,98.86627,0.6738281,112.55,112.61,112.04,111.91,0
568124.6,0.10573705,-5.0755873,0.09168883,0.088339835,101.27413,15.037586,14.13861,-10.675352,0.0,0.0,52.359,9.608,4.721,18.281,30.6,0.0,87.970245,0.0,0.0,0.0,202.875,3497.0,0.0,-14.40625,0.11480713,105.69497,12904.3545,12904.3545,1100.0834,517.93604,0.0,7.2910047,0.0,2.3437486,4.0,0.0,24.23637,38.62495,4.874994,0.0,0.0,-4.546875,0.0,0.0,0.0,0.0,0.0,0.0,1.5234375,1.484375,1.2695312,1.3867188,0.6178378,0.6198215,0.5396353,0.58388644,0.47913328,0.6211185,0.43427175,0.63935304,0.769131,0.6004425,0.46364537,0.75539786,0.49523157,0.5271229,0.32631418,0.59815365,1.9999695,1.0,45.24231,2.3437495,27.690096,27.045862,0.0,110.99992,0.0,0.0,103.82103,101.27547,720.0,550.5,-8.527208E-7,-25.96875,0.0,-26.875,6.06873,70.999954,20.318604,0.0,112.12,0.0,0.0,-1.0620117,99.998474,98.93646,0.6640625,111.3,111.77,111.43,111.16,0
568124.7,0.124589644,-5.067735,0.09215348,0.08821268,101.27426,15.037586,14.1392145,-10.667624,0.0,0.0,52.359,9.647,4.721,18.281,30.6,0.0,87.970184,0.0,0.0,0.0,202.875,3474.0,0.0,-14.4921875,0.11517334,105.69497,12911.784,12911.784,1100.0834,517.93604,0.0,7.2274203,0.0,2.3437488,4.0,0.0,24.293936,38.62495,4.874994,0.0,0.0,-4.3046875,0.0,0.0,0.0,0.0,0.0,0.0,1.5234375,1.484375,1.2695312,1.3867188,0.6243229,0.62035555,0.54016936,0.5912871,0.47997254,0.6177615,0.4319829,0.63729304,0.769131,0.6321813,0.5527581,0.58564126,0.49523157,0.5549706,0.38902876,0.46372166,1.9999695,1.0,45.24231,2.3437495,27.743488,26.979357,0.0,110.99992,0.0,0.0,103.82103,101.27547,720.0,550.5,-6.821767E-7,-25.90625,0.0,-26.78125,6.06873,70.999954,20.29419,0.0,111.57,0.0,0.0,-1.1474609,99.998474,98.85101,0.6689453,111.26,111.47,110.43,110.52,0
568124.7,0.11967172,-5.1208444,0.09254887,0.088000715,101.27355,15.037586,14.139638,-10.662419,0.0,0.0,52.359,9.678,4.721,18.281,30.6,0.0,87.97014,0.0,0.0,0.0,202.5,3451.0,0.0,-14.5859375,0.115478516,105.67838,12938.317,12938.317,1100.0834,517.93604,0.0,7.4181733,0.0,2.343749,4.0,0.0,24.345745,38.24995,4.4999943,0.0,0.0,-4.28125,0.0,0.0,0.0,0.0,0.0,0.0,1.5429688,1.484375,1.2695312,1.4453125,0.63050276,0.6206607,0.5374228,0.5954833,0.47692072,0.6144045,0.42664224,0.6244755,0.64644843,0.57022965,0.48607615,0.6953536,0.41618982,0.5004959,0.32738233,0.5505455,1.9999695,1.0,45.24231,2.3437495,27.778654,26.893585,0.0,110.99992,0.0,0.0,103.49766,101.26717,720.0,550.5,-5.4574133E-7,-25.8125,0.0,-26.6875,6.06873,70.999954,19.665527,0.0,110.94,0.0,0.0,-0.6713867,99.998474,99.32709,0.6542969,110.27,110.35,109.38,109.59,0
568124.75,0.15573737,-5.179588,0.09282507,0.088000715,101.27291,15.037586,14.139934,-10.650401,0.0,0.0,52.359,9.728,4.721,18.281,30.6,0.0,87.9701,0.0,0.0,0.0,202.5,3435.0,0.0,-14.6875,0.11578369,105.67838,12948.932,12948.932,1100.0834,517.93604,0.0,7.248615,0.0,2.343749,4.0,0.0,24.392372,38.24995,4.4999943,0.0,0.0,-3.5703125,0.0,0.0,0.0,0.0,0.0,0.0,1.5429688,1.484375,1.2695312,1.4257812,0.6308843,0.61806667,0.5349813,0.5944152,0.4726482,0.6086061,0.42168307,0.61493856,0.6396582,0.6433967,0.52651256,0.5740444,0.39345387,0.5463493,0.3545434,0.4367895,1.9999695,1.0,45.24231,2.3437495,27.860855,26.913403,0.0,110.99992,0.0,0.0,103.52253,101.26717,720.0,550.875,-4.3659307E-7,-25.75,0.0,-26.6875,6.06873,70.999954,19.793701,0.0,110.3,0.0,0.0,-0.67749023,99.998474,99.320984,0.6689453,109.97,109.72,108.93,109.01,0
568124.8,0.1445899,-5.2593355,0.09335493,0.08783118,101.27316,15.037586,14.134281,-10.63927,0.0,0.0,52.359,9.768,4.721,18.281,30.6,0.0,87.97007,0.0,0.0,0.0,202.125,3406.0,0.0,-14.796875,0.115112305,105.661804,12968.566,12968.566,1100.0834,517.93604,0.0,7.4605627,0.0,2.3437493,4.0,0.0,24.434338,37.87495,4.4999943,0.0,0.0,-3.5078125,0.0,0.0,0.0,0.0,0.0,0.0,1.5625,1.484375,1.2695312,1.4648438,0.636759,0.6174563,0.53452355,0.5991455,0.4726482,0.59998477,0.4182498,0.6108949,0.76836807,0.5864805,0.5394064,0.70397496,0.4726482,0.49797818,0.36324102,0.53566796,1.9999695,1.0,44.822693,2.3437495,27.937836,26.876238,0.0,110.99992,0.0,0.0,103.49766,101.27547,720.0,550.875,-3.4927447E-7,-25.6875,0.0,-26.59375,6.06873,70.999954,19.702148,0.0,109.15,0.0,0.0,-0.68359375,99.998474,99.31488,0.6567383,108.77,109.22,108.15,108.56,0
568124.8,0.17567192,-5.2912345,0.09364066,0.08766162,101.27339,15.037586,14.142043,-10.612955,0.0,0.0,52.359,9.808,4.721,18.281,30.6,0.0,87.97005,0.0,0.0,0.0,202.5,3383.0,0.0,-15.2578125,0.11541748,105.661804,12975.995,12975.995,1100.0834,517.93604,0.0,7.5877314,0.0,2.3437493,4.0,0.0,24.472107,37.87495,4.4999943,0.0,0.0,-3.40625,0.0,0.0,0.0,0.0,0.0,0.0,1.5625,1.484375,1.2890625,1.4648438,0.6398871,0.61722744,0.5347524,0.6009766,0.47081712,0.5959411,0.41542688,0.60471505,0.70946825,0.6133364,0.4789044,0.656672,0.436408,0.5208667,0.30838484,0.49965668,1.9999695,1.0,44.822693,2.3437495,28.119446,26.964844,0.0,110.99992,0.0,0.0,103.49766,101.27547,720.0,551.25,-2.794196E-7,-25.59375,0.0,-26.5,6.06873,70.999954,19.793701,0.0,108.53,0.0,0.0,-0.6958008,99.998474,99.30267,0.6713867,107.82,108.02,107.99,107.69,0
568124.9,0.18053755,-5.285244,0.09437806,0.08749204,101.2736,15.037586,14.141618,-10.590709,0.0,0.0,52.359,9.848,4.721,18.281,30.6,0.0,87.970024,0.0,0.0,0.0,202.5,3357.0,0.0,-15.15625,0.11578369,105.661804,13006.774,13006.774,1100.0834,517.93604,0.0,7.5029526,0.0,2.3437493,4.0,0.0,24.581285,37.49995,4.4999943,0.0,0.0,-3.3125,0.0,0.0,0.0,0.0,0.0,0.0,1.5625,1.484375,1.3085938,1.484375,0.6413367,0.61837184,0.53322655,0.6033417,0.46791792,0.59342337,0.40756848,0.59937435,0.6733043,0.6440833,0.56122684,0.51422906,0.41420615,0.54688334,0.36133364,0.3913176,1.9999695,1.0,44.822693,2.3437495,28.272997,26.952524,0.0,110.99992,0.0,0.0,103.49766,101.27547,720.0,551.25,-2.2353568E-7,-25.53125,0.0,-26.5,6.06873,70.999954,19.836426,0.0,107.78,0.0,0.0,-0.68969727,99.998474,99.30878,0.6689453,107.29,107.54,106.38,107.14,0
568124.94,0.18443003,-5.2828474,0.09354606,0.087449655,101.27378,15.037586,14.14132,-10.625894,0.0,0.0,52.359,9.887,4.721,18.281,30.6,0.0,87.97001,0.0,0.0,0.0,202.5,3337.0,0.0,-15.0859375,0.11578369,105.65351,13014.204,13014.204,1100.0834,517.93604,0.0,7.248615,0.0,2.3437493,4.0,0.0,24.679546,37.49995,4.4999943,0.0,0.0,-2.859375,0.0,0.0,0.0,0.0,0.0,0.0,1.5625,1.484375,1.3085938,1.5039062,0.64049745,0.61829555,0.53330284,0.5988403,0.46364537,0.58899826,0.40360114,0.5888457,0.60929275,0.6179904,0.5348287,0.5883879,0.37483788,0.50644696,0.3289845,0.4476997,1.9999695,1.0,44.822693,2.3437495,28.030653,26.85106,0.0,110.99992,0.0,0.0,103.49766,101.27547,720.0,551.25,-1.7882854E-7,-25.4375,0.0,-26.375,6.06873,70.999954,19.6167,0.0,107.05,0.0,0.0,-0.7598877,99.998474,99.23859,0.6738281,106.86,106.82,105.75,105.87,0
568124.94,0.20754403,-5.3193893,0.09226944,0.0872801,101.27395,15.037586,14.146971,-10.664672,0.0,0.0,52.359,9.928,4.721,18.281,30.6,0.0,87.96999,0.0,0.0,0.0,202.125,3322.0,0.0,-15.078125,0.11608887,105.65351,13032.247,13032.247,1100.0834,517.93604,0.0,7.312199,0.0,2.3437493,4.0,0.0,24.767982,37.49995,4.1249948,0.0,0.0,-2.6875,0.0,0.0,0.0,0.0,0.0,0.0,1.5625,1.484375,1.3085938,1.5039062,0.6388953,0.6162356,0.53253984,0.59830624,0.45914397,0.5831235,0.3992523,0.5816739,0.60929275,0.5772488,0.51781493,0.39757383,0.37483788,0.47302967,0.31853208,0.3025101,1.9999695,1.0,44.822693,2.3437495,27.76353,26.805334,0.0,110.99992,0.0,0.0,103.24061,101.27547,720.0,551.25,-1.4306283E-7,-25.375,0.0,-26.375,6.06873,70.999954,19.293213,0.0,106.87,0.0,0.0,-0.6378174,99.998474,99.36066,0.6640625,106.01,106.19,104.94,105.36,0
568125.0,0.16603522,-5.446506,0.092504844,0.08711054,101.27327,15.037586,14.139208,-10.653917,0.0,0.0,52.359,9.958,4.721,18.281,30.6,0.0,87.969986,0.0,0.0,0.0,202.125,3294.0,0.0,-15.7578125,0.11639404,105.636925,13048.697,13048.697,1100.0834,517.93604,0.0,7.2910047,0.0,2.3437495,4.0,0.0,24.847574,37.49995,4.1249948,0.0,0.0,-2.546875,0.0,0.0,0.0,0.0,0.0,0.0,1.5625,1.484375,1.328125,1.484375,0.64042115,0.6189822,0.5349813,0.57785916,0.4569314,0.5818265,0.3974212,0.5530633,0.6269169,0.68055236,0.5896849,0.38651103,0.36736095,0.55771726,0.36278325,0.28305486,1.9999695,1.0,44.404602,2.3437495,27.836975,26.815548,0.0,110.99992,0.0,0.0,103.20744,101.26717,720.0,552.0,-1.14450266E-7,-25.28125,0.0,-26.28125,6.06873,70.999954,19.042969,0.0,105.61,0.0,0.0,-0.592041,99.998474,99.40643,0.6689453,105.41,105.41,104.29,104.67,0
568125.0,0.15282817,-5.5348525,0.09286632,0.087068155,101.27266,15.037586,14.145493,-10.642066,0.0,0.0,52.359,10.008,4.721,18.281,30.6,0.0,87.96998,0.0,0.0,0.0,202.125,3277.0,0.0,-15.8046875,0.11639404,105.636925,13070.985,13070.985,1100.0834,517.93604,0.0,7.2910047,0.0,2.3437495,4.0,0.0,24.919207,37.124954,4.1249948,0.0,0.0,-2.1328125,0.0,0.0,0.0,0.0,0.0,0.0,1.5625,1.4648438,1.3476562,1.484375,0.6397345,0.61486226,0.5361257,0.57785916,0.45235372,0.57465476,0.3947509,0.5530633,0.6318761,0.53772795,0.56137943,0.50644696,0.37018389,0.44060427,0.34531167,0.37094682,1.9999695,1.0,44.404602,2.3437495,27.91806,26.792946,0.0,110.99992,0.0,0.0,103.17428,101.26717,720.0,552.0,-9.156022E-8,-25.25,0.0,-26.28125,6.06873,70.999954,19.030762,0.0,105.44,0.0,0.0,-0.5859375,99.998474,99.41254,0.6640625,104.75,104.71,104.18,104.06,0
568125.06,0.14226253,-5.5701914,0.094097935,0.0868562,101.27294,15.037586,14.1440325,-10.644571,0.0,0.0,52.359,10.037,4.721,18.281,30.6,0.0,87.96997,0.0,0.0,0.0,202.125,3243.0,0.0,-15.203125,0.11669922,105.64522,13084.783,13084.783,1100.0834,517.93604,0.0,7.5029526,0.0,2.3437495,4.0,0.0,24.983677,36.749954,4.1249948,0.0,0.0,-2.0859375,0.0,0.0,0.0,0.0,0.0,0.0,1.5429688,1.4648438,1.328125,1.5234375,0.6333257,0.6118105,0.53429466,0.5709163,0.44090945,0.5685512,0.3896391,0.5351339,0.5205615,0.47074082,0.5008011,0.50896466,0.30502784,0.3727779,0.29343098,0.3727779,1.9999695,1.0,44.404602,2.3437495,27.901066,26.52602,0.0,110.99992,0.0,0.0,103.17428,101.27547,720.0,551.25,-7.3248174E-8,-25.15625,0.0,-26.1875,6.06873,70.999954,19.012451,0.0,104.24,0.0,0.0,-0.59814453,99.998474,99.40033,0.64941406,103.5,103.57,102.8,103.43,0
568125.1,0.13381003,-5.5655766,0.09341142,0.08668665,101.27319,15.037586,14.137151,-10.63847,0.0,0.0,52.359,10.088,4.721,18.281,30.6,0.0,87.96996,0.0,0.0,0.0,202.125,3213.0,0.0,-15.8828125,0.11602783,105.60376,13109.194,13109.194,1100.0834,517.93604,0.0,7.545342,0.0,2.3437495,4.0,0.0,25.041698,36.749954,4.1249948,0.0,0.0,-1.8203125,0.0,0.0,0.0,0.0,0.0,0.0,1.5429688,1.4453125,1.3476562,1.5234375,0.6341649,0.60463876,0.53337914,0.57000077,0.43793392,0.5586328,0.385214,0.5284962,0.6521706,0.55481803,0.5159075,0.5527581,0.38208592,0.43930724,0.30228123,0.40489814,1.9999695,1.0,44.404602,2.3437495,27.94338,26.45307,0.0,110.99992,0.0,0.0,103.141106,101.27547,720.0,552.0,-5.859854E-8,-25.03125,0.0,-26.0,6.06873,70.999954,18.963623,0.0,103.18,0.0,0.0,-0.579834,99.998474,99.41864,0.6689453,102.94,102.58,102.21,102.47,0
568125.1,0.12704803,-5.544981,0.09355007,0.0864747,101.27342,15.037586,14.138193,-10.647064,0.0,0.0,52.359,10.128,4.721,18.281,30.6,0.0,87.969955,0.0,0.0,0.0,201.75,3189.0,0.0,-16.492188,0.11602783,105.60376,13109.194,13109.194,1100.0834,517.93604,0.0,7.630121,0.0,2.3437495,4.0,0.0,25.093918,36.374954,3.7499952,0.0,0.0,-1.2578125,0.0,0.0,0.0,0.0,0.0,0.0,1.5429688,1.4453125,1.3476562,1.5429688,0.6256962,0.602121,0.5309377,0.5664149,0.42961776,0.55260545,0.37933928,0.52018005,0.46677348,0.5685512,0.5477989,0.4988174,0.27351797,0.45014113,0.30495155,0.36530098,1.9999695,1.0,44.404602,2.3437495,27.884367,26.544468,0.0,110.99992,0.0,0.0,103.141106,101.27547,720.0,552.375,-4.6878835E-8,-24.96875,0.0,-26.0,6.06873,70.999954,18.798828,0.0,102.34,0.0,0.0,-0.57373047,99.998474,99.42474,0.6542969,101.84,101.71,101.42,101.63,0
568125.2,0.10163843,-5.499243,0.09407572,0.08630515,101.27363,15.037586,14.127204,-10.649628,0.0,0.0,52.359,10.168,4.721,18.281,30.6,0.0,87.969955,0.0,0.0,0.0,201.75,3150.0,0.0,-16.398438,0.11633301,105.59547,13133.074,13133.074,1100.0834,517.93604,0.0,7.6513157,0.0,2.3437495,4.0,0.0,25.140917,36.374954,3.7499952,0.0,0.0,-0.7109375,0.0,0.0,0.0,0.0,0.0,0.0,1.5234375,1.4453125,1.3671875,1.5625,0.62355995,0.5985351,0.5316243,0.5686275,0.4242771,0.54222935,0.37552452,0.5159075,0.58388644,0.5631342,0.49485007,0.618677,0.32501715,0.4458686,0.27550164,0.4354162,1.9999695,1.0,43.984985,2.3437495,27.866909,26.390242,0.0,110.99992,0.0,0.0,103.01673,101.27547,720.0,552.375,-3.7503067E-8,-24.84375,0.0,-25.875,6.06873,70.999954,18.73169,0.0,101.15,0.0,0.0,-0.6713867,99.998474,99.32709,0.6640625,100.79,100.87,100.17,100.74,0
568125.2,0.08131074,-5.4621973,0.0942625,0.08626275,101.27381,15.037586,14.13123,-10.658529,0.0,0.0,52.359,10.208,4.721,18.281,30.6,0.0,87.969955,0.0,0.0,0.0,201.75,3137.0,0.0,-16.859375,0.11633301,105.59547,13143.6875,13143.6875,1100.0834,517.93604,0.0,7.630121,0.0,2.3437495,4.0,0.0,25.183216,35.999954,3.7499952,0.0,0.0,-0.0859375,0.0,0.0,0.0,0.0,0.0,0.0,1.5234375,1.4453125,1.3671875,1.5625,0.6186007,0.5985351,0.52979326,0.56549937,0.41763943,0.54222935,0.37041277,0.50782025,0.5261311,0.70916307,0.49485007,0.5072099,0.29289693,0.5396353,0.27550164,0.35698482,1.9999695,1.0,43.984985,2.3437495,27.805737,26.29495,0.0,110.99992,0.0,0.0,102.88407,101.27547,720.0,552.75,-3.0002454E-8,-24.78125,0.0,-25.78125,6.06873,70.999954,18.33496,0.0,100.86,0.0,0.0,-0.4638672,99.998474,99.53461,0.6591797,100.63,100.46,99.57,99.93,0
568125.25,0.0850486,-5.447379,0.094598964,0.08605079,101.27398,15.037586,14.139908,-10.654602,0.0,0.0,52.359,10.238,4.721,18.281,30.6,0.0,87.969955,0.0,0.0,0.0,201.75,3119.0,0.0,-16.695312,0.11633301,105.59547,13163.854,13163.854,1100.0834,517.93604,0.0,7.75729,0.0,2.3437495,4.0,0.0,25.221285,35.999954,3.7499952,0.0,0.0,-0.109375,0.0,0.0,0.0,0.0,0.0,0.0,1.5234375,1.4453125,1.3671875,1.5625,0.6198215,0.6032654,0.52986956,0.5584802,0.4147402,0.54207677,0.36583504,0.49729154,0.6466011,0.6196689,0.52994585,0.4275578,0.35996032,0.47150376,0.27969787,0.3009079,1.9999695,1.0,43.984985,2.3437495,27.832972,26.210878,0.0,110.99992,0.0,0.0,102.88407,101.27547,720.0,552.75,-2.4001963E-8,-24.75,0.0,-25.78125,6.06873,70.999954,18.33496,0.0,100.25,0.0,0.0,-0.4852295,99.998474,99.513245,0.6640625,100.01,99.81,98.18,98.96,0
568125.3,0.08803888,-5.4977016,0.094773605,0.08592364,101.274124,15.037586,14.145982,-10.659787,0.0,0.0,52.359,10.278,4.721,18.281,30.6,0.0,87.969955,0.0,0.0,0.0,201.75,3097.0,0.0,-16.554688,0.11566162,105.570595,13177.65,13177.65,1100.0834,517.93604,0.0,7.736095,0.0,2.3437495,4.0,0.0,25.255547,35.999954,3.7499952,0.0,0.0,0.4609375,0.0,0.0,0.0,0.0,0.0,0.0,1.5234375,1.4453125,1.3671875,1.5429688,0.6166934,0.59792477,0.5284962,0.55329216,0.40947586,0.52986956,0.3607233,0.488365,0.55779356,0.4854658,0.55672544,0.45670253,0.3105211,0.36942092,0.29388875,0.3214313,1.9999695,1.0,43.984985,2.3437495,27.797369,26.114363,0.0,110.99992,0.0,1.0,102.85919,101.27547,720.0,552.75,-1.920157E-8,-24.6875,0.0,-25.6875,6.06873,70.999954,18.347168,0.0,99.48,0.0,0.0,-0.49743652,99.998474,99.50104,0.6640625,98.69,98.87,97.4,98.06,0
568125.3,0.110431105,-5.574081,0.09427249,0.08583886,101.274254,15.037586,14.144375,-10.661928,0.0,0.0,52.359,10.328,4.721,18.281,30.6,0.0,87.969955,0.0,0.0,0.0,201.75,3075.0,0.0,-17.195312,0.1159668,105.570595,13211.614,13211.614,1100.0834,517.93604,0.0,7.6725106,0.0,2.3437495,4.0,0.0,25.286383,35.624954,3.7499952,0.0,0.0,0.2890625,0.0,0.0,0.0,0.0,0.0,0.0,1.5039062,1.4453125,1.3867188,1.5429688,0.61402303,0.5986877,0.52971697,0.5487144,0.40459296,0.52681774,0.3573663,0.48012513,0.56382084,0.6163882,0.5877775,0.6926833,0.3138781,0.46906233,0.29251546,0.48752576,1.9999695,1.0,43.984985,2.3437495,27.782747,26.195225,0.0,110.99992,0.0,1.0,102.85919,101.27547,720.0,553.125,-1.5361257E-8,-24.59375,0.0,-25.59375,6.06873,70.999954,18.304443,0.0,98.74,0.0,0.0,-0.49743652,99.998474,99.50104,0.6591797,98.33,98.33,96.83,97.91,0
568125.4,0.1283449,-5.6608825,0.094633624,0.0856269,101.273544,15.037586,14.131531,-10.64492,0.0,0.0,52.359,10.367,4.721,18.281,30.6,0.0,88.12033,0.0,0.0,0.0,201.375,3050.0,0.0,-17.28125,0.1159668,105.55401,13211.614,13211.614,1100.0834,517.93604,0.0,7.6725106,0.0,2.3437495,4.0,0.0,25.314135,35.624954,3.3749957,0.0,0.0,0.375,0.0,0.0,0.0,0.0,0.0,0.0,1.5039062,1.4257812,1.40625,1.5820312,0.6111238,0.59235525,0.53223467,0.5548943,0.39978638,0.5184253,0.3540856,0.4805066,0.5574121,0.47463188,0.58907455,0.57236594,0.3102922,0.36118105,0.2931258,0.38544288,1.9999695,1.0,43.984985,2.3437495,27.89927,26.213987,0.0,110.99992,0.0,1.0,102.85919,101.26717,720.0,553.5,-1.2289006E-8,-24.53125,0.0,-25.5,5.6019044,70.999954,18.249512,0.0,97.85,0.0,0.0,-0.49743652,99.998474,99.50104,0.6542969,97.43,97.43,96.71,96.94,0
568125.44,0.1426759,-5.6956034,0.094907664,0.085457355,101.2729,15.037586,14.140119,-10.664171,0.0,0.0,52.359,0.0,4.721,18.281,30.6,0.0,88.24063,0.0,0.0,0.0,201.375,3031.0,0.0,-17.195312,0.1159668,105.55401,13235.494,13235.494,1100.0834,517.93604,0.0,7.6937056,0.0,2.3437495,4.0,0.0,25.339111,35.624954,3.3749957,0.0,0.0,0.8046875,0.0,0.0,0.0,0.0,0.0,0.0,1.5039062,1.4257812,1.40625,1.6015625,0.6129549,0.59235525,0.53467613,0.55565727,0.39696345,0.5184253,0.3509575,0.47570002,0.653315,0.5037766,0.63401234,0.57236594,0.3448539,0.36896315,0.3154803,0.38544288,1.9999695,1.0,43.984985,2.3437495,27.765926,25.984974,0.0,110.99992,0.0,1.0,102.85919,101.26717,720.0,553.125,-9.831205E-9,-24.46875,0.0,-25.5,5.6019044,70.999954,18.182373,0.0,97.47,0.0,0.0,-0.49743652,99.998474,99.50104,0.64941406,96.83,96.94,95.54,96.74,0
568125.44,0.15414073,-5.6719913,0.0938762,0.085203014,101.27232,15.037586,14.14027,-10.559547,0.0,0.0,52.359,0.0,4.721,18.281,30.6,0.0,88.18649,0.0,0.0,0.0,200.25,2995.0,0.0,-17.007812,0.11529541,105.52913,13246.107,13246.107,1100.0834,517.67065,0.0,7.2910047,0.0,2.5781248,4.0,0.0,25.436779,35.999954,2.2499971,0.0,0.0,1.2109375,0.0,0.0,0.0,0.0,0.0,0.0,1.5039062,1.40625,1.4257812,1.6015625,0.6096742,0.58136874,0.53894866,0.5583276,0.3914702,0.50202185,0.34912643,0.4726482,0.54802775,0.4598306,0.41580835,0.474403,0.28931105,0.3367666,0.19493401,0.31944764,1.9999695,1.0,43.984985,2.5781248,28.48651,26.754978,0.0,110.99992,0.0,1.0,102.85919,101.26717,720.0,553.125,-7.864965E-9,-25.21875,0.0,-26.28125,5.6019044,70.999954,18.273926,0.0,96.08,0.0,0.0,-0.54626465,99.998474,99.45221,0.6542969,95.77,95.8,95.14,95.54,0
568125.5,0.18331258,-5.643797,0.09101446,0.085203014,101.27098,15.037586,14.134517,-10.63925,0.0,0.0,52.359,0.0,4.721,18.281,30.6,0.0,88.14318,0.0,0.0,0.0,200.25,2978.0,0.0,-17.585938,0.11529541,105.52084,13258.844,13258.844,1100.0834,517.67065,0.0,6.761135,0.0,2.7421873,4.0,0.0,25.524681,36.749954,2.2499971,0.0,0.0,1.390625,0.0,0.0,0.0,0.0,0.0,0.0,1.5039062,1.40625,1.40625,1.6015625,0.60730904,0.58136874,0.53269243,0.5540551,0.3867399,0.50202185,0.34126803,0.4648661,0.56382084,0.48966202,0.53879607,0.474403,0.2976272,0.35866332,0.2525368,0.31944764,1.9999695,1.0,43.566895,2.7421873,27.935793,26.787783,0.0,110.99992,0.0,1.0,102.85919,101.25888,720.0,553.5,-6.291972E-9,-25.5,0.0,-26.375,5.135079,70.999954,17.565918,0.0,95.81,0.0,0.0,-0.491333,99.998474,99.50714,0.64453125,95.14,95.09,94.15,95.06,0
568125.56,0.20665006,-5.576269,0.086769536,0.085033454,101.269775,15.037586,14.142208,-10.746075,0.0,0.0,52.359,0.0,4.721,18.281,30.6,0.0,88.108536,0.0,0.0,0.0,200.25,2946.0,0.0,-17.65625,0.115600586,105.52084,13280.07,13280.07,1100.0834,517.67065,0.0,6.549187,0.0,2.857031,4.0,0.0,25.60379,38.24995,2.2499971,0.0,0.0,1.7734375,0.0,0.0,0.0,0.0,0.0,0.0,1.484375,1.3671875,1.40625,1.6015625,0.6040284,0.5696193,0.5329213,0.55336845,0.38162813,0.48592356,0.3367666,0.45975432,0.54337376,0.4367895,0.5692378,0.5197223,0.28679332,0.3199054,0.266804,0.36583504,1.9999695,1.0,43.562317,2.857031,27.198248,26.849974,0.0,110.99992,0.0,1.0,102.85919,101.25888,720.0,553.875,-5.0335776E-9,-25.90625,0.0,-26.875,5.135079,70.999954,17.596436,0.0,94.47,0.0,0.0,-0.491333,99.998474,99.50714,0.64453125,94.19,94.15,93.01,94.04,0
568125.56,0.24532005,-5.530508,0.086383484,0.08494867,101.26951,15.037586,14.135874,-10.7620535,0.0,0.0,52.359,0.0,4.721,18.281,30.6,0.0,88.23119,0.0,0.0,0.0,200.625,2921.0,0.0,-17.5625,0.115600586,105.52084,13300.767,13300.767,1100.0834,516.8747,0.0,6.4008236,0.0,2.9374218,4.0,0.0,25.674992,37.87495,2.6249967,0.0,0.0,1.9453125,0.0,0.0,0.0,0.0,0.0,0.0,1.5039062,1.3671875,1.40625,1.6015625,0.6100557,0.5662623,0.53444725,0.5516899,0.3821622,0.47997254,0.33318076,0.45494774,0.7436484,0.50339514,0.5342184,0.5197223,0.39253834,0.36865798,0.26581216,0.36583504,1.9999695,1.0,43.562317,2.9374218,27.087845,26.760715,0.0,110.99992,0.0,1.0,102.85919,101.26717,720.0,553.5,-4.026862E-9,-25.78125,0.0,-26.875,5.135079,70.999954,17.51709,0.0,93.9,0.0,0.0,-0.491333,99.998474,99.50714,0.6542969,93.26,93.47,92.45,92.98,0
568125.6,0.25625604,-5.4747033,0.08641834,0.08482151,101.26927,15.037586,14.143158,-10.7532,0.0,0.0,52.359,0.0,4.721,18.281,30.6,0.0,88.329315,0.0,0.0,0.0,200.625,2898.0,0.0,-17.515625,0.115600586,105.52084,13314.564,13314.564,1100.0834,516.8747,0.0,6.2524605,0.0,2.9936953,4.0,0.0,25.73907,37.87495,2.6249967,0.0,0.0,2.2265625,0.0,0.0,0.0,0.0,0.0,0.0,1.5039062,1.328125,1.40625,1.5820312,0.6064698,0.5616846,0.53437096,0.55031663,0.37720302,0.47333485,0.32974747,0.45059893,0.54016936,0.47646296,0.5062181,0.5243763,0.28511482,0.34897384,0.25185016,0.36903945,1.9999695,1.0,43.530273,2.9936953,27.148636,26.839746,0.0,110.99992,0.0,1.0,102.85919,101.26717,720.0,553.5,-3.2214895E-9,-25.71875,0.0,-26.875,5.135079,70.999954,17.474365,1.0,93.05,0.0,0.0,-0.5371094,99.998474,99.461365,0.6542969,92.73,92.66,91.38,92.45,0
568125.6,0.28500485,-5.4711313,0.086627126,0.08482152,101.26906,15.037586,14.113101,-10.749587,0.0,0.0,52.359,0.0,4.721,18.281,30.6,0.0,88.407814,0.0,0.0,0.0,200.625,2883.0,0.0,-17.492188,0.115600586,105.52084,13323.055,13315.626,1100.0834,516.8747,0.0,6.082902,0.0,3.0330865,4.0,0.0,25.796741,37.87495,2.6249967,0.0,0.0,2.25,0.0,0.0,0.0,0.0,0.0,0.0,1.484375,1.328125,1.40625,1.5820312,0.5973907,0.5616846,0.5329213,0.5503929,0.3694972,0.47333485,0.32578012,0.44739452,0.4274815,0.5207904,0.5062181,0.5504692,0.22560464,0.38139924,0.25185016,0.38742656,1.9999695,1.0,43.530273,3.0330865,27.173326,26.822065,0.0,110.99992,0.0,1.0,102.85919,101.26717,720.0,553.5,-2.5771916E-9,-25.65625,0.0,-26.78125,5.135079,70.999954,17.474365,1.0,92.72,0.0,0.0,-0.48828125,99.998474,99.51019,0.6567383,92.24,92.42,90.74,91.61,0
568125.7,0.26800388,-5.4322023,0.08872173,0.0754958,101.2697,15.037586,14.121358,-10.8366165,0.0,0.0,52.359,0.0,4.721,18.281,30.6,0.0,88.47061,0.0,0.0,0.0,200.625,2855.0,0.0,-13.8203125,0.11859131,105.59547,13348.527,13320.933,1100.0834,515.81335,0.0,6.0617075,0.0,3.0606606,4.0,0.0,25.848644,37.87495,2.6249967,0.0,0.0,8.046875,0.0,0.0,0.0,0.0,0.0,0.0,1.4648438,1.328125,1.40625,1.5625,0.59166855,0.55260545,0.5329976,0.5451286,0.36369878,0.4605173,0.3227283,0.44060427,0.48462653,0.42092013,0.497673,0.4460212,0.2558175,0.30830854,0.24757764,0.3138781,1.9999695,1.0,43.08014,3.0606606,26.574083,24.038904,0.0,110.99992,0.0,1.0,102.85919,101.27547,720.0,549.75,-2.0617532E-9,-25.59375,0.0,-26.59375,5.135079,70.999954,17.138672,1.0,91.53,0.0,0.0,-0.5371094,99.998474,99.461365,2.614746,91.59,91.67,89.85,91.01,0
568125.75,0.2944031,-5.435381,0.08210231,0.075538196,101.27027,15.037586,14.097841,-11.02151,0.0,0.0,52.359,0.0,4.721,18.281,30.6,0.0,88.52085,0.0,0.0,0.0,200.625,2844.0,0.0,-9.2734375,0.11859131,105.59547,13351.711,13324.116,1100.0834,515.81335,0.0,5.722591,0.0,3.0799625,4.0,0.0,25.895359,40.12495,1.8749976,0.0,0.0,9.6796875,0.0,0.0,0.0,0.0,0.0,0.0,1.4648438,1.328125,1.3867188,1.5625,0.59166855,0.55260545,0.53116655,0.5458915,0.36369878,0.4605173,0.31891355,0.43915465,0.57694364,0.55573356,0.497673,0.56252384,0.30457008,0.4070344,0.24757764,0.4119936,1.9999695,1.0,43.08014,3.0799625,25.3002,24.05041,0.0,110.99992,0.0,1.0,102.85919,101.27547,720.0,545.25,-1.6494026E-9,-25.53125,0.0,-27.1875,4.6682534,70.999954,16.705322,1.0,91.65,0.0,0.0,-0.54016113,99.998474,99.45831,2.9467773,91.01,90.85,90.01,90.34,0
568125.75,0.3755225,-5.4179025,0.077776656,0.07583492,101.27079,15.037586,14.104816,-11.154135,0.0,0.0,52.359,0.0,4.721,18.281,30.6,0.0,88.56104,0.0,0.0,0.0,199.125,2817.0,0.0,-10.5,0.11859131,105.59547,13379.307,13328.361,1100.0834,514.752,0.0,5.4046693,0.0,3.0934737,4.0,0.0,25.9374,40.12495,1.1249986,0.0,0.0,10.28125,0.0,0.0,0.0,0.0,0.0,0.0,1.4648438,1.3085938,1.40625,1.5625,0.5909056,0.5527581,0.532845,0.54459447,0.3607233,0.45777065,0.31708246,0.43617913,0.491722,0.4520485,0.5693904,0.5198749,0.25955597,0.33104447,0.28328374,0.3807126,1.9999695,1.0,43.08014,3.0934737,24.38655,24.003746,0.0,110.99992,0.0,1.0,102.85919,101.27547,720.0,546.375,-1.3195222E-9,-25.59375,0.0,-26.6875,4.6682534,70.999954,16.729736,1.0,90.53,0.0,0.0,-0.4852295,99.998474,99.513245,3.4692383,90.01,90.21,89.13,89.88,0
568125.8,0.40041798,-5.3921614,0.07743847,0.07604688,101.271255,15.037586,14.109699,-11.177537,0.0,0.0,52.359,0.0,4.721,18.281,30.6,0.0,88.5932,0.0,0.0,0.0,199.125,2794.0,0.0,-12.859375,0.11859131,105.59547,13391.512,13333.669,1100.0834,514.752,0.0,5.5954223,0.0,3.1029315,4.0,0.0,25.975239,40.12495,1.1249986,0.0,0.0,13.1953125,0.0,0.0,0.0,0.0,0.0,0.0,1.4453125,1.2890625,1.3867188,1.5625,0.585565,0.5476463,0.5309377,0.5427634,0.35309377,0.45136186,0.31349662,0.43297476,0.5803006,0.47081712,0.4945449,0.5087358,0.30632487,0.3447776,0.24605173,0.37262532,1.9999695,1.0,43.043518,3.1029315,24.22571,23.957228,0.0,110.99992,0.0,1.0,103.08307,101.27547,720.0,549.0,-1.0556177E-9,-25.5625,0.0,-26.6875,4.6682534,70.999954,17.16919,1.0,89.78,0.0,0.0,-0.8605957,99.998474,99.13788,3.6279297,89.11,89.22,88.71,88.78,0
568125.9,0.40033442,-5.344365,0.078074075,0.07617404,101.27084,15.037586,14.107258,-11.164655,0.0,0.0,52.359,0.0,4.721,18.281,30.6,0.0,88.61893,0.0,0.0,0.0,199.125,2770.0,0.0,-12.6953125,0.118896484,105.59547,13416.984,13337.914,1100.0834,513.6906,0.0,5.489448,0.0,3.109552,4.0,0.0,26.009293,40.12495,1.1249986,0.0,0.0,14.21875,0.0,0.0,0.0,0.0,0.0,0.0,1.4453125,1.2890625,1.3867188,1.5429688,0.58373386,0.54375523,0.5306325,0.54116124,0.34988937,0.4459449,0.31166553,0.42999923,0.5495537,0.47936216,0.52475774,0.5114061,0.29007402,0.3511101,0.27702755,0.3745327,1.9999695,1.0,43.043518,3.109552,24.314093,23.961096,0.0,110.99992,0.0,1.0,103.17428,101.26717,720.0,548.625,-8.444942E-10,-25.53125,0.0,-26.59375,4.6682534,70.999954,17.340088,1.0,88.98,0.0,0.0,-0.76293945,99.998474,99.235535,3.6279297,88.49,88.65,87.42,88.21,0
568125.9,0.38026753,-5.3252463,0.078437276,0.076428376,101.27047,15.037586,14.111408,-11.166316,0.0,0.0,52.359,0.0,4.721,18.281,30.6,0.0,88.6395,0.0,0.0,0.0,199.125,2752.0,0.0,-11.890625,0.118896484,105.57888,13425.475,13342.159,1100.0834,513.6906,0.0,5.531838,0.0,3.1141863,4.0,0.0,26.039944,40.12495,1.1249986,0.0,0.0,14.046875,0.0,0.0,0.0,0.0,0.0,0.0,1.4453125,1.2890625,1.3671875,1.5625,0.58373386,0.54047453,0.5274281,0.5416953,0.34988937,0.44113833,0.30838484,0.4287022,0.46509498,0.47951478,0.46791792,0.55313957,0.24551766,0.3511864,0.24696727,0.40512702,1.9999695,1.0,42.596436,3.1141863,24.302267,23.908169,0.0,110.99992,0.0,1.0,103.17428,101.26717,720.0,547.875,-6.7559536E-10,-25.46875,0.0,-26.6875,4.6682534,70.999954,17.32788,1.0,88.18,0.0,0.0,-0.6500244,99.998474,99.34845,3.6279297,87.74,87.83,87.4,87.4,0
