Time,Accel. Lat (m/s2),Accel. Long (m/s2),Airmass (g/stk),Airmass SP (g/stk),Ambient Press (kpa),Ambient Temp (°C),Battery Volts (V),Boost (psi),Calc TQ (nm),Calc HP (hp),Calc 0-60mph (s),Calc 60-130mph (s),Calc 0-60ft (s),Calc 1/8mile (s),Calc 1/4mile (s),Comb Mode (),Coolant Temp (°C),Cruise (),DV Position (%),EOI Actual (°),EOI Limit (°),Engine Speed (rpm),Eth Content (%),Exh Cam Position (°),Exh Flow Factor (),Exh Pres Desired (kpa),FP DI (kpa),FP DI SP (kpa),FP MPI (kpa),FP MPI SP (kpa),Fuel Flow (mg/stk),Fuel Flow SP (mg/stk),Fuel Split MPI (),Fuel Trim (%),Gear (gear),HPFP Eff Vol (%),IAT (°C),Ign Table (°),Ign Avg (°),Inj PW DI (ms),Inj PW MPI (ms),Intake Cam Pos (°),Intake Flow Fact (),Knock Avg (°),Knock Cyl 1 (°),Knock Cyl 2 (°),Knock Cyl 3 (°),Knock Cyl 4 (°),Lambda (l),Lambda SP (l),LPFP Duty (%),LTFT (%),MAP (kpa),MAP SP (kpa),Misfires (),Oil Temp (°C),Pedal Pos (%),Port Flap Pos (%),PUT (kpa),PUT SP (kpa),SOI Actual (°),SOI Limit (°),STFT (%),Torque (Nm),Torque Lim (),Torque Req (Nm),TPS (%),Trans Temp (°C),Turbo Speed (rpm),Valve Lift Pos (),Vehicle Speed (km/h),WG Flow Des (kg/hr),WG I Value (%),WG P-D Value (%),WG Pos Base (%),WG Pos Final (%),WG Voltage (V),Wheel Speed FL (km/h),Wheel Speed FR (km/h),Wheel Speed RL (km/h),Wheel Speed RR (km/h),SimosTools [R2.12:2026_8_26:Patched_259L_R17.bin]
150334.06,-0.0034762614,0.17266779,0.18058372,0.18579343,101.59883,18.796984,13.959553,-7.3810534,97.369576,28.417107,207.639,0.0,6.001,21.201,52.08,0.0,99.248116,0.0,0.0,457.125,217.875,2080.0,0.0,-9.3671875,0.08874512,105.3633,9949.041,9695.38,1100.0834,501.75052,13.437491,12.9924,0.0,-3.1798425,3.0,29.60968,30.074839,36.374954,19.874975,1.056,0.0,-19.5,0.0,0.0,0.0,0.0,0.0,0.0,0.9580078,0.94140625,54.59137,3.3339128,50.722034,51.57551,0.0,103.999954,11.9140625,1.0,103.746414,80.96067,470.625,545.25,-6.5137553,41.28125,0.0,41.75,7.469206,49.99997,21.466064,1.0,45.23,0.0,0.0,-70.4895,99.998474,29.508972,3.671875,45.2,45.27,45.35,45.1,0
150334.11,-0.002781009,0.18156712,0.18680623,0.18422504,101.59883,18.796984,13.96114,-7.196291,97.301956,28.424677,207.639,0.0,6.001,21.201,52.08,0.0,99.248116,0.0,0.0,457.125,217.5,2082.0,0.0,-9.296875,0.08807373,105.338425,9819.026,9758.0,1100.0834,501.75052,16.998215,12.568505,0.0,-3.0335152,3.0,31.82373,30.074873,36.374954,19.499975,1.056,0.0,-19.414062,0.0,0.0,0.0,0.0,0.0,0.0,0.9658203,0.9433594,54.562378,3.271239,51.995583,51.496857,0.0,103.999954,11.9140625,1.0,103.962,80.96067,470.625,545.25,-6.3047543,44.21875,0.0,41.78125,7.469206,49.99997,21.466064,1.0,45.25,0.0,0.0,-70.93201,99.998474,29.066467,3.671875,45.29,45.33,45.0,44.98,0
150334.14,-0.0022248074,0.18512686,0.18073499,0.18464893,101.59883,18.796984,13.973969,-7.4063067,97.31342,28.44168,207.639,0.0,6.001,21.201,52.08,0.0,99.248116,0.0,0.0,456.375,217.875,2083.0,0.0,-9.1953125,0.087768555,105.338425,9819.026,9554.222,1100.0834,501.75052,14.00975,12.5897,0.0,-2.5195613,3.0,29.904175,30.074903,36.374954,19.874975,1.12,0.0,-19.382812,0.0,0.0,0.0,0.0,0.0,0.0,0.9794922,0.9433594,54.518127,3.4617424,50.547966,51.346523,0.0,103.999954,11.9140625,1.0,104.05319,80.96067,470.625,545.25,-5.9813037,42.21875,0.0,41.8125,7.469206,49.99997,21.23413,1.0,45.33,0.0,0.0,-71.09985,99.998474,28.89862,3.671875,45.44,45.29,45.02,45.17,0
150334.19,-0.0017798459,0.16780075,0.181451,0.18536955,101.59883,18.796984,13.971231,-7.385375,90.0951,26.306707,207.639,0.0,6.001,21.201,52.08,0.0,99.248116,0.0,0.0,457.125,217.875,2081.0,0.0,-9.1171875,0.087768555,105.338425,9832.824,9750.039,1100.0834,501.75052,15.408606,12.822843,0.0,-2.3618236,3.0,30.83496,30.074932,36.374954,19.874975,1.072,0.0,-19.171875,0.0,0.0,0.0,0.0,0.0,0.0,0.9814453,0.9433594,54.574585,3.3607197,50.692245,51.507103,0.0,103.999954,11.9140625,1.0,104.05319,80.96067,470.625,545.25,-5.7225432,41.78125,0.0,41.8125,7.469206,49.99997,21.759033,1.0,45.35,0.0,0.0,-71.08154,99.998474,28.916931,3.671875,45.27,45.29,45.19,45.12,0
150334.22,-0.0014238767,0.17962031,0.18045363,0.18477608,101.59883,18.796984,13.963455,-7.414532,97.40831,28.442078,207.639,0.0,6.001,21.201,52.08,0.0,99.248116,0.0,0.0,457.125,217.875,2081.0,0.0,-9.0703125,0.087768555,105.338425,9838.131,9546.262,1100.0834,501.75052,12.653284,12.250584,0.0,-1.8349061,3.0,29.167175,30.074957,36.374954,19.874975,1.072,0.0,-19.140625,0.0,0.0,0.0,0.0,0.0,0.0,0.98535156,0.9453125,54.493713,3.5243788,50.49127,51.387436,0.0,103.999954,11.9140625,1.0,104.05319,80.96067,470.625,545.25,-5.359285,41.625,0.0,41.8125,7.469206,49.99997,21.191406,1.0,45.42,0.0,0.0,-71.08154,99.998474,28.916931,3.671875,45.4,45.44,45.33,45.2,0
150334.27,-0.0011391015,0.18434814,0.18024535,0.18528478,101.59883,18.796984,13.969731,-7.4206214,97.344795,28.423532,207.639,0.0,6.001,21.201,52.08,0.0,99.248116,0.0,0.0,456.75,217.875,2081.0,0.0,-9.109375,0.087768555,105.338425,9825.395,9742.079,1100.0834,501.75052,13.395102,13.0559845,0.0,-1.6641128,3.0,29.666138,30.07498,36.374954,19.874975,1.084,0.0,-19.21875,0.0,0.0,0.0,0.0,0.0,0.0,0.98339844,0.9453125,54.563904,3.404565,50.449295,51.49001,0.0,103.999954,11.9140625,1.0,104.05319,80.96067,470.625,545.25,-5.068678,41.25,0.0,41.71875,7.469206,49.99997,21.820068,1.0,45.42,0.0,0.0,-71.01135,99.998474,28.987122,3.671875,45.47,45.35,45.1,45.06,0
150334.3,-9.1128115E-4,0.18623926,0.18685047,0.18452175,101.59883,18.796984,13.968265,-7.2300024,97.35479,28.508411,207.639,0.0,6.001,21.201,52.08,0.0,99.248116,0.0,0.0,456.75,217.5,2087.0,0.0,-9.3359375,0.08746338,105.338425,9711.301,9804.698,1100.0834,501.75052,17.29494,12.568505,0.0,-1.515497,3.0,32.051086,30.075,36.374954,19.499975,1.104,0.0,-19.203125,0.0,0.0,0.0,0.0,0.0,0.0,0.9824219,0.9453125,54.54712,3.3206956,51.76321,51.316166,0.0,103.999954,11.9140625,1.0,104.05319,80.96067,470.625,545.25,-4.8361926,44.15625,0.0,41.8125,7.469206,49.99997,21.5271,1.0,45.57,0.0,0.0,-71.01135,99.998474,28.987122,3.671875,45.56,45.53,45.17,45.23,0
150334.36,-7.2902493E-4,0.1682457,0.18386458,0.18469131,101.59883,18.796984,13.967238,-7.317294,90.10751,26.398832,207.639,0.0,6.001,21.201,52.08,0.0,99.248116,0.0,0.0,456.75,217.875,2088.0,0.0,-9.375,0.08746338,105.338425,9804.168,9618.964,1100.0834,501.75052,13.861386,12.568505,0.0,-0.9975922,3.0,29.98352,30.075018,36.374954,19.874975,1.104,0.0,-19.28125,0.0,0.0,0.0,0.0,0.0,0.0,0.98535156,0.9453125,54.522705,3.496362,51.16152,51.292194,0.0,103.999954,11.9140625,1.0,104.05319,80.96067,470.625,545.25,-4.493954,43.0,0.0,41.875,7.469206,49.99997,21.350098,1.0,45.44,0.0,0.0,-71.01135,99.998474,28.987122,3.671875,45.44,45.47,45.25,45.35,0
150334.4,-5.8322E-4,0.17979829,0.18595794,0.1879129,101.59883,18.796984,13.96652,-7.2211413,97.43403,28.517944,207.639,0.0,6.001,21.201,52.08,0.0,99.248116,0.0,0.0,456.75,217.875,2086.0,0.0,-9.375,0.08807373,105.3633,9769.674,9947.98,1100.0834,501.75052,16.00206,13.0559845,0.0,-0.8352101,3.0,31.243896,30.075035,36.374954,19.874975,1.092,0.0,-19.53125,0.0,0.0,0.0,0.0,0.0,0.0,0.9824219,0.9472656,54.603577,3.3849533,51.82429,52.184822,0.0,103.999954,12.109375,1.0,104.069786,80.96067,470.625,545.25,-4.2201633,43.8125,0.0,42.875,7.469206,49.99997,22.045898,1.0,45.58,0.0,0.0,-71.11206,99.998474,28.886414,3.671875,45.44,45.44,45.38,45.33,0
150334.44,-4.66576E-4,0.18441932,0.18637575,0.18685319,101.59883,18.796984,13.966017,-7.2463603,97.362076,28.551527,207.639,0.0,6.001,21.201,52.08,0.0,99.248116,0.0,0.0,456.375,217.875,2090.0,0.0,-9.328125,0.08807373,105.3633,9730.404,9760.122,1100.0834,501.75052,16.150423,12.335362,0.0,-0.30353856,3.0,31.369019,30.07505,36.374954,19.874975,1.12,0.0,-19.109375,0.0,0.0,0.0,0.0,0.0,0.0,0.984375,0.9472656,54.507446,3.5413423,51.65046,51.763683,0.0,103.999954,12.109375,1.0,104.31854,80.96067,470.625,545.25,-3.8448808,44.6875,0.0,42.90625,7.469206,49.99997,21.691895,1.0,45.51,0.0,0.0,-71.91467,99.998474,28.083801,3.671875,45.53,45.63,45.29,45.23,0
150334.47,0.019626739,0.18626773,0.184692,0.18753143,101.59883,18.796984,13.977384,-7.3402305,97.400116,28.521685,207.639,0.0,6.001,21.201,52.08,0.0,99.248116,0.0,0.0,456.375,217.875,2087.0,0.0,-9.34375,0.087768555,105.37159,9796.738,9822.741,1100.0834,501.75052,15.0271,12.907621,0.0,-0.12821507,3.0,30.665588,30.075064,36.374954,19.874975,1.12,0.0,-18.929688,0.0,0.0,0.0,0.0,0.0,0.0,0.9873047,0.9472656,54.560852,3.4164395,51.00342,51.567978,0.0,103.999954,12.109375,1.0,104.34342,80.96067,470.625,545.25,-3.5446546,43.3125,0.0,42.90625,7.469206,49.99997,22.113037,1.0,45.52,0.0,0.0,-71.84448,99.998474,28.153992,3.671875,45.56,45.56,45.27,45.38,0
150334.52,0.05570139,0.1870071,0.18845083,0.18685319,101.59883,18.796984,13.973621,-7.233253,97.48224,28.573088,207.639,0.0,6.001,21.201,52.08,0.0,99.248116,0.0,0.0,457.125,217.875,2089.0,0.0,-9.328125,0.08709717,105.338425,9732.527,10018.56,1100.0834,501.75052,20.558937,12.504921,0.0,0.024533987,3.0,34.161377,30.075075,36.374954,19.874975,1.068,0.0,-18.773438,0.0,0.0,0.0,0.0,0.0,0.0,0.9873047,0.9472656,54.56543,3.3290076,51.740807,51.391983,0.0,103.999954,12.109375,1.0,104.368286,80.96067,470.625,545.25,-3.3044736,44.8125,0.0,42.90625,7.469206,49.99997,22.24121,1.0,45.59,0.0,0.0,-71.884155,99.998474,28.114319,3.671875,45.59,45.48,45.48,45.48,0
150334.55,0.06456111,0.18730284,0.1853844,0.18693796,101.59883,18.796984,13.976848,-7.3200703,97.38262,28.571217,207.639,0.0,6.001,21.201,52.08,0.0,99.248116,0.0,0.0,456.375,217.875,2091.0,0.0,-9.2734375,0.08709717,105.338425,9849.275,9814.781,1100.0834,501.75052,16.871046,12.314168,0.0,0.54610133,3.0,31.913757,30.075087,36.374954,19.874975,1.12,0.0,-18.84375,0.0,0.0,0.0,0.0,0.0,0.0,0.99609375,0.9472656,54.501343,3.5021803,51.142384,51.469906,0.0,103.999954,12.109375,1.0,104.368286,80.96067,470.625,545.25,-2.956079,43.78125,0.0,42.90625,7.469206,49.99997,21.765137,1.0,45.56,0.0,0.0,-71.813965,99.998474,28.18451,3.671875,45.6,45.56,45.38,45.29,0
150334.6,0.071648896,0.20617115,0.18549433,0.18748903,101.59883,18.796984,13.973247,-7.2721276,104.167366,30.547186,207.639,0.0,6.001,21.201,52.08,0.0,99.248116,0.0,0.0,457.125,217.875,2090.0,0.0,-9.234375,0.0871582,105.3633,9965.492,9997.863,1100.0834,501.75052,17.782421,12.674479,0.0,0.867913,3.0,32.629395,30.075096,36.374954,19.874975,1.056,0.0,-19.0625,0.0,0.0,0.0,0.0,0.0,0.0,0.9951172,0.9472656,54.577637,3.3890262,51.472847,51.891872,0.0,103.999954,12.109375,1.0,104.368286,80.96067,470.625,545.25,-2.5211132,43.625,0.0,42.9375,7.469206,49.99997,22.30835,1.0,45.64,0.0,0.0,-71.743774,99.998474,28.2547,3.671875,45.6,45.68,45.56,45.48,0
150334.62,0.077319115,0.21371847,0.18916953,0.18681079,101.59883,18.796984,13.970726,-7.2123256,104.09533,30.584486,207.639,0.0,6.001,21.201,52.08,0.0,99.248116,0.0,0.0,457.125,217.5,2094.0,0.0,-9.171875,0.08709717,105.338425,10005.823,9902.873,1100.0834,501.75052,15.154268,12.038635,0.0,1.3710527,3.0,31.051636,30.075104,36.374954,19.499975,1.056,0.0,-18.851562,0.0,0.0,0.0,0.0,0.0,0.0,0.9970703,0.9472656,54.525757,3.5441933,51.885056,51.447437,0.0,103.999954,12.109375,1.0,104.368286,80.96067,470.625,545.25,-2.1731405,45.3125,0.0,42.9375,7.469206,49.99997,21.78955,1.0,45.72,0.0,0.0,-71.743774,99.998474,28.2547,3.671875,45.68,45.73,45.47,45.38,0
150334.67,0.0818553,0.19798739,0.18369327,0.1878705,101.59883,18.796984,13.9806795,-7.371779,97.49862,28.618929,207.639,0.0,6.001,21.201,52.08,0.0,99.248116,0.0,0.0,456.75,217.875,2092.0,0.0,-9.125,0.0871582,105.3633,10028.111,9863.604,1100.0834,501.75052,12.526115,12.483726,0.0,1.9142979,3.0,29.382324,30.075111,36.374954,19.874975,1.08,0.0,-18.773438,0.0,0.0,0.0,0.0,0.0,0.0,1.0048828,0.9472656,54.525757,3.6528103,50.78596,51.59923,0.0,103.999954,12.109375,1.0,104.40975,80.96067,470.625,545.25,-1.7385124,42.875,0.0,43.0,7.469206,49.99997,22.131348,1.0,45.63,0.0,0.0,-71.88721,99.998474,28.111267,3.671875,45.7,45.73,45.63,45.56,0
150334.7,0.08548424,0.19169496,0.18567687,0.18748903,101.59883,18.796984,13.970069,-7.3140225,97.4283,28.61196,207.639,0.0,6.001,21.201,52.08,0.0,99.248116,0.0,0.0,457.125,217.875,2093.0,0.0,-9.1328125,0.08709717,105.338425,9897.035,9859.357,1100.0834,501.75052,15.726527,12.292973,0.0,2.3380322,3.0,31.289673,30.075119,36.374954,19.874975,1.052,0.0,-18.8125,0.0,0.0,0.0,0.0,0.0,0.0,1.0087891,0.9472656,54.530334,3.7288423,51.18407,51.580566,0.0,103.999954,12.109375,1.0,104.393166,80.96067,470.625,545.25,-1.3908099,43.625,0.0,42.9375,7.469206,49.99997,22.009277,1.0,45.7,0.0,0.0,-71.865845,99.998474,28.13263,3.671875,45.7,45.65,45.44,45.42,0
150334.75,0.06838739,0.18917799,0.1836163,0.1879129,101.59883,18.796984,13.968501,-7.3764896,97.458305,28.661795,207.639,0.0,6.001,21.201,52.08,0.0,99.248116,0.0,0.0,457.125,217.875,2096.0,0.0,-9.125,0.08746338,105.3633,9961.777,9655.58,1100.0834,501.75052,12.081025,11.911467,0.0,2.8256664,3.0,29.109192,30.075125,36.374954,19.874975,1.052,0.0,-18.773438,0.0,0.0,0.0,0.0,0.0,0.0,1.0234375,0.9472656,54.449463,3.7820644,50.75349,51.60392,0.0,103.999954,12.109375,1.0,104.4595,80.96067,470.625,545.25,-0.9563979,42.84375,0.0,43.0,7.469206,49.99997,21.697998,1.0,45.82,0.0,0.0,-72.05505,99.998474,27.94342,3.671875,45.73,45.84,45.55,45.53,0
150334.78,0.09470991,0.18817121,0.18545027,0.18753143,101.59883,18.796984,13.961544,-7.320621,97.46496,28.650076,207.639,0.0,6.001,21.201,52.08,0.0,99.248116,0.0,0.0,457.5,217.875,2095.0,0.0,-9.15625,0.08679199,105.338425,9881.115,9861.48,1100.0834,502.01587,13.47988,12.526115,0.0,3.1323266,3.0,29.893494,30.07513,36.374954,19.874975,1.032,0.0,-18.75,0.0,0.0,0.0,0.0,0.0,0.0,1.0253906,0.9472656,54.560852,3.584945,51.138588,51.534336,0.0,103.999954,12.109375,1.0,104.393166,80.96067,470.625,545.25,-0.45261833,43.5625,0.0,42.9375,7.469206,49.99997,22.277832,1.0,45.75,0.0,0.0,-71.89331,99.998474,28.105164,3.671875,45.8,45.84,45.53,45.68,0
150334.83,0.09576793,0.16901848,0.18868735,0.18973567,101.59883,18.796984,13.962534,-7.228834,90.23177,26.561844,207.639,0.0,6.001,21.201,52.08,0.0,99.248116,0.0,0.0,457.125,217.875,2098.0,0.0,-9.203125,0.08746338,105.3633,9675.745,9883.238,1100.0834,502.01587,18.248707,12.144609,0.0,3.7879918,3.0,32.67517,30.075136,36.374954,19.874975,1.068,0.0,-18.75,0.0,0.0,0.0,0.0,0.0,0.0,1.0283203,0.9472656,54.530334,3.6813364,51.771263,51.954735,0.0,103.999954,12.3046875,1.0,104.62533,80.96067,470.625,545.25,0.1066553,45.125,0.0,44.0,7.469206,49.99997,22.436523,1.0,45.78,0.0,0.0,-72.491455,99.998474,27.507019,3.671875,45.74,45.68,45.76,45.67,0
150334.88,0.096614346,0.1613574,0.18591309,0.18982044,101.59883,18.796984,13.974945,-7.3071446,90.1779,26.596598,207.639,0.0,6.001,21.201,52.08,0.0,99.248116,0.0,0.0,457.125,217.875,2102.0,0.0,-9.265625,0.08746338,105.39646,9840.254,9906.057,1100.0834,502.01587,15.196658,12.568505,0.0,4.4591346,3.0,30.880737,30.07514,36.374954,19.874975,1.068,0.0,-18.75,0.0,0.0,0.0,0.0,0.0,0.0,1.0341797,0.9472656,54.530334,3.7488105,51.23148,52.017868,0.0,103.999954,12.3046875,1.0,104.69167,80.96067,470.625,545.25,0.71032417,43.96875,0.0,44.09375,7.469206,49.99997,22.546387,1.0,45.81,0.0,0.0,-72.613525,99.998474,27.384949,3.671875,45.84,45.8,45.68,45.61,0
150334.9,0.07729148,0.17704296,0.18930145,0.18990521,101.59883,18.796984,13.966055,-7.208486,97.405304,28.755545,207.639,0.0,6.001,21.201,52.08,0.0,99.248116,0.0,0.0,457.125,217.875,2104.0,0.0,-9.2578125,0.08746338,105.39646,9857.235,10055.707,1100.0834,502.2812,18.71499,12.674479,0.0,4.7549267,3.0,33.151245,30.075144,36.374954,19.874975,1.048,0.0,-18.75,0.0,0.0,0.0,0.0,0.0,0.0,1.0283203,0.9472656,54.56543,3.5616674,51.911522,51.991886,0.0,103.999954,12.3046875,1.0,104.69167,80.96067,470.625,545.25,1.1932592,45.25,0.0,44.125,7.469206,49.99997,22.589111,1.0,45.85,0.0,0.0,-72.54639,99.998474,27.452087,3.671875,45.86,45.91,45.53,45.53,0
150334.94,0.061833184,0.16456719,0.18870202,0.18994762,101.59883,18.796984,13.971551,-7.2259393,90.17655,26.659464,207.639,0.0,6.001,21.201,52.08,0.0,99.248116,0.0,0.0,456.75,217.5,2107.0,0.0,-9.21875,0.087524414,105.41305,9933.121,9851.929,1100.0834,502.2812,15.620553,12.017441,0.0,5.4008994,3.0,31.300354,30.075148,36.749954,19.499975,1.088,0.0,-18.75,0.0,0.0,0.0,0.0,0.0,0.0,1.0273438,0.9472656,54.504395,3.6650422,51.791218,52.006638,0.0,103.999954,12.3046875,1.0,104.69167,80.96067,470.625,545.25,1.7358574,45.125,0.0,44.15625,7.469206,49.99997,22.271729,1.0,45.95,0.0,0.0,-72.54639,99.998474,27.452087,3.671875,45.88,45.83,45.68,45.91,0
150334.98,0.069466546,0.17832687,0.18718787,0.18994762,101.59883,18.796984,13.95782,-7.2575,97.44154,28.766241,207.639,0.0,6.001,21.201,52.08,0.0,99.248116,0.0,0.0,457.5,217.875,2104.0,0.0,-9.1875,0.087524414,105.4628,10013.253,9859.357,1100.0834,502.2812,13.9673605,12.229388,0.0,5.9073405,3.0,30.325317,30.075151,36.374954,19.874975,1.016,0.0,-18.75,0.0,0.0,0.0,0.0,0.0,0.0,1.0195312,0.9472656,54.545593,3.7374046,51.573673,52.15602,0.0,103.999954,12.3046875,1.0,104.69167,80.96067,470.625,545.25,2.169936,44.53125,0.0,44.125,7.469206,49.99997,22.521973,1.0,45.92,0.0,0.0,-72.4762,99.998474,27.522278,3.671875,45.86,45.89,45.67,45.61,0
150335.03,0.055573236,0.18383075,0.18768844,0.18994762,101.59883,18.796984,13.954067,-7.2428956,97.500916,28.81113,207.639,0.0,6.001,21.201,52.08,0.0,99.248116,0.0,0.0,457.5,217.875,2106.0,0.0,-9.2109375,0.08746338,105.388176,9971.86,9788.778,1100.0834,502.2812,13.246738,11.932662,0.0,6.305257,3.0,29.859924,30.075155,36.749954,19.874975,1.016,0.0,-18.75,0.0,0.0,0.0,0.0,0.0,0.0,1.0107422,0.9472656,54.533386,3.7880583,51.67434,52.115925,0.0,103.999954,12.3046875,1.0,104.69167,80.96067,470.625,545.25,2.5171988,44.71875,0.0,44.1875,7.469206,49.99997,22.320557,1.0,45.85,0.0,0.0,-72.48535,99.998474,27.513123,3.671875,45.98,45.98,45.8,45.77,0
150335.08,0.04445859,0.18603231,0.18479505,0.19270293,101.59883,18.796984,13.96316,-7.327312,97.40854,28.824837,207.639,0.0,6.001,21.201,52.08,0.0,99.248116,0.0,0.0,457.125,217.875,2109.0,0.0,-9.203125,0.0881958,105.44621,9952.226,9733.589,1100.0834,502.2812,10.491417,11.932662,0.0,6.7747746,3.0,28.121948,30.075157,36.749954,19.874975,1.048,0.0,-18.75,0.0,0.0,0.0,0.0,0.0,0.0,1.0126953,0.9472656,54.489136,3.8235157,51.09247,52.672874,0.0,103.999954,12.5,1.0,104.69167,80.96067,470.625,545.25,2.9512591,43.34375,0.0,45.125,7.469206,49.99997,22.2229,1.0,45.98,0.0,0.0,-72.51282,99.998474,27.485657,3.671875,45.99,45.91,45.61,45.68,0
150335.11,0.035566874,0.18691292,0.1891309,0.19316922,101.59883,18.796984,13.963665,-7.2008104,97.47895,28.859348,207.639,0.0,6.001,21.201,52.08,0.0,99.248116,0.0,0.0,457.875,217.875,2110.0,0.0,-9.2109375,0.088134766,105.404755,9807.883,9996.802,1100.0834,502.2812,15.980865,12.441337,0.0,7.303093,3.0,31.437683,30.07516,36.749954,19.874975,1.0,0.0,-18.75,0.0,0.0,0.0,0.0,0.0,0.0,1.015625,0.9472656,54.533386,3.848336,51.964428,52.785038,0.0,103.999954,12.5,1.0,104.69167,80.96067,470.625,545.25,3.4547572,44.71875,0.0,45.125,7.469206,49.99997,22.790527,1.0,46.09,0.0,0.0,-72.51282,99.998474,27.485657,3.671875,45.98,45.98,45.83,45.78,0
150335.16,0.0284535,0.16851518,0.19188827,0.1940594,101.59883,18.796984,13.969878,-7.072256,90.18431,26.725027,207.639,0.0,6.001,21.201,52.08,0.0,99.248116,0.0,0.0,457.875,217.5,2112.0,0.0,-9.2578125,0.088134766,105.388176,9813.72,9923.038,1100.0834,502.2812,17.697641,11.996246,0.0,7.488891,3.0,32.52716,30.075161,36.749954,19.499975,1.0,0.0,-19.328125,0.0,0.0,0.0,0.0,0.0,0.0,1.0205078,0.9472656,54.534912,3.6313353,52.85054,53.305935,0.0,103.999954,12.597656,1.0,104.69167,80.96067,470.625,545.25,3.8575559,46.40625,0.0,45.75,7.469206,49.99997,22.564697,1.0,45.98,0.0,0.0,-72.51282,99.998474,27.485657,3.671875,45.99,46.01,45.77,45.78,0
150335.19,0.0427628,0.17990607,0.18834668,0.19444092,101.59883,18.796984,13.962508,-7.1457896,97.48219,28.9287,207.639,0.0,6.001,21.201,52.08,0.0,99.248116,0.0,0.0,457.125,217.875,2115.0,0.0,-9.1875,0.088256836,105.53742,9883.238,9987.78,1100.0834,502.54654,13.988555,12.165804,0.0,7.8154793,3.0,30.200195,30.075163,36.749954,19.874975,1.064,0.0,-19.765625,0.0,0.0,0.0,0.0,0.0,0.0,1.0205078,0.9472656,54.52881,3.4794347,52.34368,53.53835,0.0,103.999954,12.597656,1.0,104.77459,80.96067,470.625,545.25,4.336045,44.96875,0.0,45.84375,7.469206,49.99997,22.528076,1.0,46.09,0.0,0.0,-72.80884,99.998474,27.189636,3.671875,46.09,46.05,45.89,45.86,0
150335.23,0.034210242,0.18446243,0.18965903,0.19698429,101.59883,18.796984,13.95149,-7.022001,97.41062,28.962132,207.639,0.0,6.001,21.201,52.08,0.0,99.248116,0.0,0.0,457.875,217.875,2119.0,0.0,-9.15625,0.08856201,105.495964,9884.3,10064.197,1100.0834,502.54654,16.574318,12.292973,0.0,8.09194,3.0,31.82373,30.075165,36.749954,19.874975,1.02,0.0,-20.382812,0.0,0.0,0.0,0.0,0.0,0.0,1.0126953,0.9472656,54.58069,3.3731043,53.196945,54.65091,0.0,103.999954,12.792969,1.0,104.70825,80.96067,471.0,545.25,4.718836,45.84375,0.0,46.84375,7.469206,49.99997,22.961426,1.0,46.13,0.0,0.0,-72.543335,99.998474,27.45514,3.671875,46.16,46.16,45.76,45.89,0
150335.27,0.04736819,0.18628497,0.192645,0.19630606,101.59883,18.796984,13.967215,-6.8793216,97.47147,28.966547,207.639,0.0,6.001,21.201,52.08,0.0,99.248116,0.0,0.0,457.875,217.5,2118.0,0.0,-9.2265625,0.087890625,105.47109,10023.866,10242.503,1100.0834,502.54654,17.42211,12.420141,0.0,8.323742,3.0,32.662964,30.075167,36.749954,19.499975,1.02,0.0,-20.757812,0.0,0.0,0.0,0.0,0.0,0.0,1.0058594,0.9472656,54.5578,3.298673,54.180416,54.948788,0.0,103.999954,12.792969,1.0,104.73313,80.96067,471.0,545.25,5.0250688,46.875,0.0,46.875,7.936031,49.99997,22.88208,1.0,46.1,0.0,0.0,-72.63794,99.998474,27.360535,3.671875,46.11,46.1,45.89,45.88,0
150335.31,0.037894554,0.187014,0.19530451,0.19643323,101.59883,18.796984,13.966503,-6.7512302,97.49043,29.026897,207.639,0.0,6.001,21.201,52.08,0.0,99.248116,0.0,0.0,457.5,217.5,2122.0,0.0,-9.203125,0.08862305,105.60376,10200.58,10369.334,1100.0834,502.54654,18.206316,12.504921,0.0,8.516626,3.0,33.514404,30.075169,36.749954,19.499975,1.056,0.0,-21.0625,0.0,0.0,0.0,0.0,0.0,0.0,0.9941406,0.9472656,54.586792,3.246571,55.063335,55.342587,0.0,103.999954,12.792969,1.0,104.79946,80.96067,471.0,545.25,5.2700553,47.96875,0.0,46.90625,7.936031,49.99997,23.059082,1.0,46.17,0.0,0.0,-72.854614,99.998474,27.14386,3.671875,46.13,46.13,46.16,45.98,0
150335.34,0.05031564,0.1873056,0.19445857,0.19600931,101.59883,18.796984,13.971865,-6.7262416,97.369865,29.072973,207.639,0.0,6.001,21.201,52.08,0.0,99.248116,0.0,0.0,457.5,217.5,2128.0,0.0,-9.2109375,0.08795166,105.59547,10318.39,10304.062,1100.0834,502.54654,16.616709,12.398947,0.0,8.676144,3.0,32.652283,30.07517,36.749954,19.499975,1.052,0.0,-21.523438,0.0,0.0,0.0,0.0,0.0,0.0,0.9902344,0.9501953,54.60205,3.2100997,55.23558,55.54216,0.0,103.999954,12.792969,1.0,104.849205,80.96067,471.0,545.25,5.4660444,48.09375,0.0,46.96875,7.936031,49.99997,23.0896,1.0,46.2,0.0,0.0,-72.86377,99.998474,27.134705,3.671875,46.24,46.24,45.88,45.8,0
150335.39,0.060252514,0.20617226,0.18876746,0.19740817,101.59883,18.796984,13.975617,-6.8412633,104.11374,31.101187,207.639,0.0,6.001,21.201,52.08,0.0,99.248116,0.0,0.0,457.125,217.5,2129.0,0.0,-9.15625,0.08868408,105.67009,10436.198,10148.044,1100.0834,502.81186,13.225543,12.081025,0.0,8.963655,3.0,30.619812,30.075172,36.749954,19.499975,1.06,0.0,-21.726562,0.0,0.0,0.0,0.0,0.0,0.0,0.9873047,0.9501953,54.548645,3.1845698,54.44275,56.17243,0.0,103.999954,12.792969,1.0,105.01505,80.96067,471.0,545.25,5.7790856,45.09375,0.0,46.96875,7.936031,49.99997,23.797607,1.0,46.25,0.0,0.0,-73.47717,99.998474,26.521301,3.671875,46.27,46.24,45.93,46.07,0
150335.42,0.06820201,0.21371892,0.19252224,0.19821356,101.59883,18.796984,13.954807,-6.6809583,104.18764,31.079405,207.639,0.0,6.001,21.201,52.08,0.0,99.248116,0.0,0.0,457.125,217.5,2126.0,0.0,-9.1328125,0.08862305,105.61205,10347.576,10232.421,1100.0834,502.81186,13.140764,13.670633,0.0,9.196218,3.0,30.415344,30.075172,36.749954,19.499975,1.06,0.0,-22.265625,0.0,0.0,0.0,0.0,0.0,0.0,0.98046875,0.9501953,54.611206,3.166699,55.547714,56.68407,0.0,103.999954,12.792969,1.0,104.79946,80.96067,471.0,545.25,6.0295186,46.34375,0.0,47.03125,8.402857,49.99997,23.858643,1.0,46.27,0.0,0.0,-72.784424,99.998474,27.21405,3.671875,46.24,46.22,46.07,46.05,0
150335.47,0.07456161,0.21673757,0.19708706,0.19257575,101.59883,18.796984,13.951959,-6.544204,104.22802,31.062202,207.639,0.0,6.001,21.201,52.08,0.0,99.248116,0.0,0.0,457.875,217.5,2124.0,0.0,-9.1640625,0.08795166,105.57888,10231.359,10387.377,1100.0834,502.81186,20.241016,15.0271,0.0,9.384054,3.0,34.77478,30.075172,36.749954,19.499975,1.028,0.0,-22.257812,0.0,0.0,0.0,0.0,0.0,0.0,0.9824219,0.9501953,54.812622,3.154189,56.490345,55.58594,0.0,103.999954,12.5,1.0,104.98188,80.96067,471.0,545.25,6.229865,49.0625,0.0,45.46875,7.936031,49.99997,23.706055,1.0,46.24,0.0,0.0,-73.33679,99.998474,26.661682,3.671875,46.34,46.28,46.13,46.11,0
150335.5,0.079649284,0.23669504,0.19212079,0.1904139,101.59883,18.796984,13.961683,-6.6977525,110.39493,33.02399,207.639,0.0,6.001,21.201,52.08,0.0,99.248116,0.0,0.0,454.875,217.5,2132.0,0.0,-9.203125,0.087402344,105.70326,10301.938,10177.23,1100.0834,502.81186,17.42211,15.387411,0.0,9.691824,3.0,32.810974,30.075172,36.749954,19.499975,1.24,0.0,-21.976562,0.0,0.0,0.0,0.0,0.0,0.0,0.99609375,0.9501953,54.882812,3.1454322,55.431953,55.07593,0.0,103.999954,12.3046875,1.0,105.01505,80.96067,471.0,545.25,6.546392,46.4375,0.0,44.5,7.936031,49.99997,23.4375,1.0,46.3,0.0,0.0,-73.34595,99.998474,26.652527,3.671875,46.28,46.37,46.16,46.09,0
150335.55,0.08371943,0.24467802,0.18918383,0.19100735,101.59883,18.796984,13.97435,-6.9287567,110.37032,33.03212,207.639,0.0,6.001,21.201,52.08,0.0,99.248116,0.0,0.0,454.875,217.5,2133.0,0.0,-9.265625,0.08746338,105.728134,10265.322,9967.084,1100.0834,502.81186,14.772762,15.599359,0.0,9.938916,3.0,30.937195,30.075172,36.749954,19.499975,1.24,0.0,-21.140625,0.0,0.0,0.0,0.0,0.0,0.0,0.99316406,0.9501953,54.93622,3.1393025,53.839664,54.224174,0.0,103.999954,12.3046875,1.0,105.10626,80.96067,471.0,545.25,6.7996135,45.03125,0.0,44.53125,7.936031,49.99997,23.474121,1.0,46.4,0.0,0.0,-73.54126,99.998474,26.457214,3.671875,46.35,46.37,46.05,46.11,0
150335.6,0.086975545,0.24787122,0.18683805,0.19117689,101.59883,18.796984,13.971498,-7.0501146,110.49462,33.053814,207.639,0.0,6.001,21.201,52.08,0.0,99.248116,0.0,0.0,454.125,217.875,2132.0,0.0,-9.25,0.087402344,105.65351,10077.464,9839.723,1100.0834,502.81186,13.585855,15.790112,0.0,9.980953,3.0,29.97284,30.075172,36.749954,19.874975,1.316,0.0,-20.640625,0.0,0.0,0.0,0.0,0.0,0.0,0.9658203,0.95214844,54.94232,3.1350117,53.00316,53.86907,0.0,103.999954,12.3046875,1.0,105.031624,80.96067,471.0,545.25,6.845941,44.3125,0.0,44.53125,7.936031,49.99997,23.66333,1.0,46.3,0.0,0.0,-73.38867,99.998474,26.609802,3.671875,46.41,46.37,46.31,46.34,0
150335.62,0.069580436,0.24914849,0.18949021,0.19109213,101.59883,18.796984,13.963642,-6.9845777,110.43565,33.036175,207.639,0.0,6.001,21.201,52.08,0.0,99.248116,0.0,0.0,453.75,217.875,2132.0,0.0,-9.21875,0.08734131,105.570595,9880.585,10044.5625,1100.0834,502.81186,17.146578,15.95967,0.0,9.702511,3.0,31.970215,30.075172,36.749954,19.874975,1.344,0.0,-20.789062,0.0,0.0,0.0,0.0,0.0,0.0,0.9296875,0.95214844,54.969788,3.132008,53.4549,53.75287,0.0,103.999954,12.3046875,1.0,105.01505,80.96067,471.0,545.25,6.5705028,45.34375,0.0,44.5,7.936031,49.99997,23.773193,1.0,46.44,0.0,0.0,-73.25134,99.998474,26.747131,3.671875,46.45,46.37,46.18,46.2,0
150335.69,0.05566435,0.2496594,0.19144584,0.19189753,101.59883,18.796984,13.969862,-6.924566,110.46988,33.061913,207.639,0.0,6.001,21.201,52.08,0.0,99.248116,0.0,0.0,453.375,217.5,2133.0,0.0,-9.2265625,0.08728027,105.55401,9834.947,10096.568,1100.0834,502.81186,22.678415,15.684137,0.0,9.011309,3.0,35.513306,30.075172,36.749954,19.499975,1.38,0.0,-20.851562,0.0,0.0,0.0,0.0,0.0,0.0,0.9003906,0.95410156,54.963684,3.1299057,53.868553,53.95909,0.0,103.999954,12.3046875,1.0,105.07309,80.96067,471.0,545.25,5.8814025,46.125,0.0,44.625,7.936031,49.99997,23.937988,1.0,46.45,0.0,0.0,-73.45886,99.998474,26.539612,3.671875,46.52,46.54,46.27,46.33,0
150335.72,0.04453148,0.23111376,0.19150774,0.19151604,101.59883,18.796984,13.956637,-6.9152646,104.21256,31.23306,207.639,0.0,6.001,21.201,52.08,0.0,99.248116,0.0,0.0,453.375,217.5,2136.0,0.0,-9.1640625,0.08734131,105.61205,9952.226,10164.494,1100.0834,502.81186,21.576286,15.493384,0.0,8.146056,3.0,34.92279,30.075172,36.749954,19.499975,1.38,0.0,-20.859375,0.0,0.0,0.0,0.0,0.0,0.0,0.87890625,0.9589844,54.934692,3.128434,53.932667,53.932,0.0,103.999954,12.3046875,1.0,105.031624,80.96067,471.0,545.25,5.017622,46.03125,0.0,44.65625,7.936031,49.99997,23.815918,1.0,46.53,0.0,0.0,-73.37036,99.998474,26.628113,3.671875,46.48,46.62,46.25,46.28,0
150335.75,0.07562518,0.2049455,0.19163333,0.19177036,101.59883,18.796984,13.964958,-6.909077,97.591736,29.289845,207.639,0.0,6.001,21.201,52.08,0.0,99.248116,0.0,0.0,453.375,217.5,2139.0,0.0,-9.1015625,0.08807373,105.67838,10032.888,10264.791,1100.0834,502.81186,22.16974,15.323827,0.0,7.1415014,3.0,35.43396,30.075172,36.749954,19.499975,1.364,0.0,-20.828125,0.0,0.0,0.0,0.0,0.0,0.0,0.8642578,0.9609375,54.922485,3.1274037,53.975315,54.00899,0.0,103.999954,12.3046875,1.0,105.30526,80.96067,471.0,545.25,4.0140977,46.03125,0.0,44.625,7.936031,49.99997,24.249268,1.0,46.62,0.0,0.0,-74.04785,99.998474,25.950623,3.671875,46.54,46.58,46.45,46.48,0
150335.8,0.100500144,0.19447821,0.19251736,0.19210947,101.59883,18.796984,13.976643,-6.8955436,97.53628,29.341627,207.639,0.0,6.001,21.201,52.08,0.0,99.248116,0.0,0.0,453.75,217.5,2144.0,0.0,-9.0703125,0.08770752,105.67838,10142.737,10188.375,1100.0834,503.0772,19.138887,14.963515,0.0,6.1817107,3.0,33.56018,30.075172,36.749954,19.499975,1.324,0.0,-20.789062,0.0,0.0,0.0,0.0,0.0,0.0,0.8623047,0.96777344,54.88739,3.1266825,54.0686,53.962547,0.0,103.999954,12.3046875,1.0,105.21405,80.96067,471.0,545.25,3.0550282,46.21875,0.0,44.6875,7.936031,49.99997,24.139404,1.0,46.64,0.0,0.0,-73.776245,99.998474,26.222229,3.671875,46.71,46.64,46.47,46.4,0
150335.83,0.08040012,0.19029129,0.19259016,0.19266054,101.59883,18.796984,13.978962,-6.8909082,97.4981,29.343822,207.639,0.0,6.001,21.201,52.08,0.0,99.248116,0.0,0.0,453.75,217.5,2145.0,0.0,-9.1015625,0.087768555,105.70326,10170.332,10219.685,1100.0834,503.0772,19.541588,14.899931,0.0,5.4139504,3.0,33.91266,30.075172,36.749954,19.499975,1.324,0.0,-20.773438,0.0,0.0,0.0,0.0,0.0,0.0,0.87109375,0.9716797,54.88434,3.1261778,54.10055,54.117023,0.0,103.999954,12.3046875,1.0,105.28867,80.96067,471.0,545.25,2.2877727,46.15625,0.0,44.75,7.936031,49.99997,24.35913,1.0,46.71,0.0,0.0,-73.87085,99.998474,26.127625,3.671875,46.67,46.71,46.4,46.33,0
150335.88,0.0843201,0.20736653,0.19163969,0.19291489,101.59883,18.796984,13.980586,-6.8689933,104.249725,31.434357,207.639,0.0,6.001,21.201,52.08,0.0,99.248116,0.0,0.0,454.5,217.5,2149.0,0.0,-9.3359375,0.087768555,105.70326,10243.034,10222.338,1100.0834,503.0772,19.054108,14.666788,0.0,4.799793,3.0,33.776855,30.075172,37.124954,19.499975,1.268,0.0,-20.945312,0.0,0.0,0.0,0.0,0.0,0.0,0.8857422,0.9765625,54.867554,3.1258245,54.25161,54.513443,0.0,103.999954,12.3046875,1.0,105.33843,80.96067,471.0,545.25,1.6739682,45.5625,0.0,44.78125,7.936031,49.99997,24.456787,1.0,46.74,0.0,0.0,-74.01428,99.998474,25.984192,3.671875,46.69,46.71,46.52,46.66,0
150335.9,0.08745608,0.21419662,0.19245605,0.19338116,101.59883,18.796984,13.970004,-6.8789396,104.19999,31.419361,207.639,0.0,6.001,21.201,52.08,0.0,99.248116,0.0,0.0,454.5,217.5,2149.0,0.0,-9.375,0.087768555,105.71984,10221.807,10144.859,1100.0834,503.34253,17.252552,14.709178,0.0,4.3085017,3.0,32.458496,30.15036,37.124954,19.499975,1.264,0.0,-20.882812,0.0,0.0,0.0,0.0,0.0,0.0,0.90234375,0.98046875,54.86145,3.125577,54.18305,54.36082,0.0,103.999954,12.3046875,1.0,105.33843,80.96067,471.0,545.25,1.1829246,45.84375,0.0,44.78125,7.936031,49.99997,24.34082,1.0,46.74,0.0,0.0,-74.00818,99.998474,25.990295,3.671875,46.76,46.71,46.43,46.41,0
150335.95,0.10996486,0.21692866,0.19199933,0.19380507,101.59883,18.796984,13.962597,-6.889902,104.25677,31.451109,207.639,0.0,6.001,21.201,52.08,0.0,99.248116,0.0,0.0,454.875,217.875,2150.0,0.0,-9.375,0.087768555,105.70326,10252.586,10120.9795,1100.0834,503.34253,16.89224,14.6879835,0.0,4.0717435,3.0,32.289124,30.218029,37.124954,19.874975,1.244,0.0,-20.726562,0.0,0.0,0.0,0.0,0.0,0.0,0.91503906,0.98339844,54.870605,3.125404,54.107487,54.489834,0.0,103.999954,12.3046875,1.0,105.33843,80.96067,471.0,545.25,0.9463397,45.8125,0.0,44.8125,7.936031,49.99997,24.35913,1.0,46.8,0.0,0.0,-74.00818,99.998474,25.990295,3.671875,46.82,46.83,46.55,46.67,0
150336.0,0.12797189,0.21802148,0.19312373,0.19359311,101.59883,18.796984,13.957412,-6.8802023,104.25076,31.49318,207.639,0.0,6.001,21.201,52.08,0.0,99.248116,0.0,0.0,454.875,217.875,2153.0,0.0,-9.375,0.087768555,105.71984,10198.988,10158.657,1100.0834,503.34253,18.630213,14.6879835,0.0,3.8823545,3.0,33.39081,30.278934,37.124954,19.874975,1.244,0.0,-20.765625,0.0,0.0,0.0,0.0,0.0,0.0,0.9248047,0.98535156,54.87671,3.1252828,54.174347,54.319603,0.0,103.999954,12.3046875,1.0,105.33843,80.96067,471.0,545.25,0.7570718,46.09375,0.0,44.84375,7.936031,49.99997,24.414062,1.0,46.93,0.0,0.0,-73.94104,99.998474,26.057434,3.671875,46.92,46.9,46.58,46.61,0
150336.03,0.1623775,0.1997086,0.1923206,0.1940594,101.59883,18.796984,13.953782,-6.8963428,97.56601,29.487469,207.639,0.0,6.001,21.201,52.08,0.0,99.248116,0.0,0.0,454.5,217.875,2154.0,0.0,-9.140625,0.087768555,105.73643,10216.5,10170.332,1100.0834,503.34253,18.227512,14.624398,0.0,3.5746055,3.0,33.163452,30.333748,37.124954,19.874975,1.252,0.0,-20.757812,0.0,0.0,0.0,0.0,0.0,0.0,0.9296875,1.0,54.875183,3.125198,54.06309,54.402954,0.0,103.999954,12.3046875,1.0,105.35501,80.96067,471.0,545.25,0.44940746,45.6875,0.0,44.90625,7.936031,49.99997,24.365234,1.0,46.88,0.0,0.0,-74.00818,99.998474,25.990295,3.671875,46.94,46.71,46.61,46.66,0
150336.06,0.18990201,0.21113345,0.19261025,0.19524631,101.59883,18.796984,13.96296,-6.8953047,104.319244,31.543142,207.639,0.0,6.001,21.201,52.08,0.0,99.248116,0.0,0.0,454.5,217.875,2155.0,0.0,-9.15625,0.087768555,105.73643,10223.93,10174.577,1100.0834,503.34253,16.955824,14.560814,0.0,3.3284144,3.0,32.31201,30.38308,37.124954,19.874975,1.248,0.0,-20.75,0.0,0.0,0.0,0.0,0.0,0.0,0.9326172,1.0,54.8584,3.1251385,54.070248,54.61289,0.0,103.999954,12.3046875,1.0,105.33843,80.96067,471.0,545.25,0.203276,45.375,0.0,44.90625,7.936031,49.99997,24.34082,1.0,46.89,0.0,0.0,-73.95935,99.998474,26.039124,3.671875,46.9,46.85,46.82,46.76,0
150336.11,0.19192162,0.2157034,0.19280249,0.19524631,101.59883,18.796984,13.963525,-6.889651,104.219666,31.513031,207.639,0.0,6.001,21.201,52.08,0.0,99.248116,0.0,0.0,454.5,217.875,2155.0,0.0,-9.09375,0.08746338,105.73643,10206.418,10137.43,1100.0834,503.34253,17.485695,14.433645,0.0,2.9752178,3.0,32.662964,30.427479,37.124954,19.874975,1.248,0.0,-20.757812,0.0,0.0,0.0,0.0,0.0,0.0,0.93359375,1.0,54.8584,3.125097,54.10922,54.61289,0.0,103.999954,12.3046875,1.0,105.35501,80.96067,471.0,545.25,-0.14987917,45.46875,0.0,44.90625,7.936031,49.99997,24.316406,1.0,46.85,0.0,0.0,-74.02649,99.998474,25.971985,3.671875,46.9,46.97,46.55,46.54,0
150336.14,0.1935373,0.23628137,0.19284089,0.19524631,101.59883,18.796984,13.975639,-6.891015,110.44679,33.442425,207.639,0.0,6.001,21.201,52.08,0.0,99.248116,0.0,0.0,454.875,217.875,2158.0,0.0,-9.0625,0.08746338,105.73643,10170.332,10292.917,1100.0834,503.34253,19.583977,14.560814,0.0,2.6926646,3.0,34.03778,30.467438,37.124954,19.874975,1.236,0.0,-20.828125,0.0,0.0,0.0,0.0,0.0,0.0,0.9355469,1.0,54.86908,3.125068,54.099815,54.589226,0.0,103.999954,12.3046875,1.0,105.33843,80.96067,471.0,545.25,-0.43240333,45.46875,0.0,44.9375,7.936031,49.99997,24.475098,1.0,46.97,0.0,0.0,-73.97766,99.998474,26.020813,3.671875,46.9,46.9,46.58,46.82,0
150336.19,0.21482985,0.24451256,0.19136024,0.19524631,101.598,18.796984,13.97826,-6.8297157,110.59172,33.48631,207.639,0.0,6.001,21.201,52.08,0.0,99.248116,0.0,0.0,454.875,217.875,2158.0,0.0,-9.0390625,0.08746338,105.73643,10159.719,10246.218,1100.0834,503.34253,19.520393,14.476035,0.0,2.4666247,3.0,33.979797,30.503399,37.124954,19.874975,1.24,0.0,-21.5,0.0,0.0,0.0,0.0,0.0,0.0,0.9423828,1.0,54.852295,3.1250474,54.52151,55.298832,0.0,103.999954,12.3046875,1.0,105.35501,80.96067,471.0,545.25,-0.65842265,44.78125,0.0,44.9375,7.936031,49.99997,24.487305,1.0,46.99,0.0,0.0,-74.06311,99.998474,25.935364,3.671875,46.97,46.97,46.9,46.9,0
150336.22,0.23186389,0.24780503,0.19076447,0.19520392,101.59725,18.796984,13.968375,-6.764843,110.535255,33.484722,207.639,0.0,6.001,21.201,52.08,0.0,99.248116,0.0,0.0,454.875,217.875,2159.0,0.0,-8.78125,0.087402344,105.70326,10218.623,10036.071,1100.0834,503.34253,17.061798,14.200503,0.0,2.1295452,3.0,32.414246,30.535767,37.124954,19.874975,1.228,0.0,-22.0,0.0,0.0,0.0,0.0,0.0,0.0,0.94433594,1.0,54.833984,3.1250331,54.967926,55.895832,0.0,103.999954,12.3046875,1.0,105.42964,80.95238,471.0,544.875,-0.99548805,44.6875,0.0,44.9375,7.936031,49.99997,24.54834,1.0,46.89,0.0,0.0,-74.246216,99.998474,25.752258,3.671875,46.92,46.94,46.82,46.79,0
150336.27,0.2254911,0.24912202,0.1903336,0.19588216,101.59658,18.796984,13.967316,-6.6876526,110.57207,33.5269,207.639,0.0,6.001,21.201,52.08,0.0,99.248116,0.0,0.0,454.875,217.875,2161.0,0.0,-8.6328125,0.087402344,105.69497,10235.6045,10085.424,1100.0834,503.34253,15.175463,14.200503,0.0,1.8598827,3.0,31.210327,30.564896,37.124954,19.874975,1.228,0.0,-22.296875,4.272461E-4,0.0,0.0,0.0,0.0,0.0,0.9453125,1.0,54.840088,3.1250231,55.49932,56.62483,0.0,103.999954,12.3046875,1.0,105.39647,80.95238,471.0,544.875,-1.2651404,44.28125,0.0,44.9375,8.402857,49.99997,24.639893,1.0,47.1,0.125,0.0,-74.157715,99.84131,25.672913,3.671875,47.13,47.05,46.9,46.9,0
150336.3,0.2403929,0.24964881,0.19396126,0.19541588,101.59681,18.796984,13.960714,-6.5336137,110.488556,33.517086,207.639,0.0,6.001,21.201,52.08,0.0,99.248116,0.0,0.0,455.25,217.875,2162.0,0.0,-8.625,0.087402344,105.661804,10106.12,10205.356,1100.0834,503.34253,18.630213,14.348866,0.0,1.6441538,3.0,33.34503,30.591114,37.124954,19.874975,1.2,0.0,-22.476562,4.8828125E-4,0.0,0.0,0.0,0.0,0.0,0.9501953,1.0,54.852295,3.1250162,56.56132,56.890694,0.0,103.999954,12.3046875,1.0,105.42964,80.96067,471.0,544.5,-1.4808624,45.90625,0.0,45.0,8.402857,49.99997,24.780273,1.0,47.09,0.15625,0.0,-74.176025,99.823,25.642395,3.671875,46.97,47.2,46.73,46.81,0
150336.36,0.23231432,0.24985954,0.19541505,0.19482242,101.597015,18.796984,13.961953,-6.525793,110.539444,33.594563,207.639,0.0,6.001,21.201,52.08,0.0,99.248116,0.0,0.0,455.625,217.875,2166.0,0.0,-8.671875,0.087402344,105.71155,10087.017,10217.031,1100.0834,503.34253,19.075302,14.327672,0.0,1.4715713,3.0,33.58307,30.614708,37.124954,19.874975,1.216,0.0,-22.578125,3.0517578E-4,0.0,0.0,0.0,0.0,0.0,0.953125,1.0,54.85077,3.1250112,56.615433,56.461056,0.0,103.999954,12.3046875,1.0,105.5623,80.96067,471.375,544.875,-1.6534399,46.8125,0.0,45.03125,8.402857,49.99997,24.79248,1.0,47.07,0.09375,0.0,-74.56055,99.89014,25.32959,3.671875,47.11,47.04,47.05,46.9,0
150336.39,0.24585146,0.24994382,0.19526812,0.19482242,101.59637,18.796984,13.968679,-6.5275273,110.530396,33.591812,207.639,0.0,6.001,21.201,52.08,0.0,99.248116,0.0,0.0,455.25,217.875,2166.0,0.0,-8.734375,0.087524414,105.81934,10120.9795,10127.878,1100.0834,503.60788,18.079147,14.200503,0.0,1.333506,3.0,32.981873,30.635944,37.124954,19.874975,1.22,0.0,-22.835938,6.1035156E-5,0.0,0.0,0.0,0.0,0.0,0.9580078,1.0,54.85077,3.1250079,56.602833,56.485413,0.0,103.999954,12.3046875,1.0,105.65352,80.95238,471.375,544.875,-1.7915019,46.625,0.0,45.0625,8.402857,49.99997,25.030518,1.0,47.14,0.03125,0.0,-74.8291,99.975586,25.141907,3.671875,47.13,47.13,46.88,46.94,0
150336.44,0.23668116,0.24997753,0.19363701,0.19537348,101.59579,18.796984,13.967528,-6.523053,110.539444,33.594563,207.639,0.0,6.001,21.201,52.08,0.0,99.248116,0.0,0.0,455.25,217.875,2166.0,0.0,-8.7265625,0.0871582,105.81105,10162.902,9917.731,1100.0834,503.60788,14.751568,13.988555,0.0,1.2230539,3.0,30.82428,30.655056,37.124954,19.874975,1.22,0.0,-22.867188,3.0517578E-4,0.0,0.0,0.0,0.0,0.0,0.9628906,1.0,54.829407,3.1250055,56.63309,56.96254,0.0,103.999954,12.3046875,1.0,105.65352,80.95238,471.375,544.875,-1.9019516,45.78125,0.0,45.0625,7.936031,49.99997,24.957275,1.0,47.16,0.09375,0.0,-74.7406,99.89014,25.149536,3.671875,47.15,47.23,46.97,46.9,0
150336.48,0.24934493,0.24999103,0.19378059,0.19537348,101.59526,18.796984,13.978441,-6.518755,110.555016,33.583782,207.639,0.0,6.001,21.201,52.08,0.0,99.248116,0.0,0.0,455.625,217.875,2165.0,0.0,-8.6953125,0.0871582,105.7613,10057.299,10020.683,1100.0834,503.60788,15.345021,14.285282,0.0,1.1346925,3.0,31.085205,30.672256,37.124954,19.874975,1.196,0.0,-22.96875,9.1552734E-4,0.0,0.0,0.0,0.0,0.0,0.96484375,1.0,54.83551,3.1250038,56.662193,57.02608,0.0,103.999954,12.3046875,1.0,105.65352,80.95238,471.375,544.875,-1.9903113,45.84375,0.0,45.0625,7.936031,49.99997,24.932861,1.0,47.26,0.28125,0.0,-74.67346,99.67041,24.986267,3.671875,47.13,47.05,46.92,47.2,0
150336.52,0.25947595,0.24999642,0.19328022,0.19533108,101.59562,18.796984,13.968502,-6.533523,110.535484,33.62438,207.639,0.0,6.001,21.201,52.08,0.0,99.248116,0.0,0.0,455.625,217.875,2168.0,0.0,-8.671875,0.0871582,105.76959,9957.532,10360.3125,1100.0834,503.60788,21.978987,14.582009,0.0,0.9077537,3.0,35.342407,30.687737,37.124954,19.874975,1.2,0.0,-22.976562,0.0013427734,0.0,0.0,0.0,0.0,0.0,0.9658203,1.0,54.87671,3.1250026,56.560757,56.990505,0.0,103.999954,12.3046875,1.0,105.65352,80.96067,471.375,544.875,-2.217249,45.6875,0.0,45.0625,7.936031,49.99997,24.804688,1.0,47.16,0.40625,0.0,-74.67346,99.51172,24.821472,3.671875,47.13,47.25,47.0,46.92,0
150336.55,0.26758075,0.24999857,0.19164707,0.19550066,101.59595,18.796984,13.979123,-6.546696,110.608574,33.67765,207.639,0.0,6.001,21.201,52.08,0.0,99.248116,0.0,0.0,455.625,217.875,2170.0,0.0,-8.6484375,0.0871582,105.78618,10152.819,10305.122,1100.0834,503.60788,21.427923,14.200503,0.0,0.7262027,3.0,35.217285,30.701668,37.124954,19.874975,1.2,0.0,-23.015625,0.0013427734,0.0,0.0,0.0,0.0,0.0,0.96777344,1.0,54.859924,3.125002,56.470284,57.247345,0.0,103.999954,12.3046875,1.0,105.65352,80.96067,471.375,544.875,-2.3987992,44.96875,0.0,45.09375,7.936031,49.99997,24.804688,1.0,47.28,0.40625,0.0,-74.67346,99.51172,24.803162,3.671875,47.36,47.3,47.11,47.18,0
150336.6,0.2740646,0.26874942,0.19177614,0.19554305,101.59624,18.796984,13.980699,-6.5454345,116.39824,35.48946,207.639,0.0,6.001,21.201,52.08,0.0,99.248116,0.0,0.0,454.875,217.875,2173.0,0.0,-8.625,0.0871582,105.76959,10296.632,10369.864,1100.0834,503.8732,17.761227,14.476035,0.0,0.42471194,3.0,32.913208,30.714207,37.124954,19.874975,1.252,0.0,-23.007812,0.0018310547,0.0,0.0,0.0,0.0,0.0,0.9511719,1.0,54.882812,3.1250012,56.47927,57.22875,0.0,103.999954,12.3046875,1.0,105.67838,80.96067,471.375,544.5,-2.7002892,45.0625,0.0,45.09375,7.936031,49.99997,24.847412,1.0,47.26,0.5625,0.0,-74.75891,99.33472,24.528503,3.671875,47.3,47.32,47.02,47.06,0
150336.62,0.25925168,0.25749978,0.19286542,0.19545826,101.5965,18.796984,13.970082,-6.548344,110.54688,33.75193,207.639,0.0,6.001,21.201,52.08,0.0,99.248116,0.0,0.0,455.25,217.875,2176.0,0.0,-8.6796875,0.0871582,105.74472,10276.997,10557.191,1100.0834,503.8732,22.742,14.370061,0.0,0.027269363,3.0,36.29608,30.725494,37.124954,19.874975,1.22,0.0,-23.007812,0.0020751953,0.0,0.0,0.0,0.0,0.0,0.93359375,1.0,54.882812,3.1250007,56.459473,56.966118,0.0,103.999954,12.3046875,1.0,105.75301,80.96067,471.375,544.875,-3.0977314,45.46875,0.0,45.09375,7.936031,49.99997,24.993896,1.0,47.39,0.625,0.0,-74.98474,99.243164,24.205017,3.671875,47.27,47.27,47.21,47.06,0
150336.67,0.28740135,0.25299993,0.19228783,0.19575499,101.59673,18.796984,13.962651,-6.565366,110.62391,33.775448,207.639,0.0,6.001,21.201,52.08,0.0,99.248116,0.0,0.0,455.25,217.875,2176.0,0.0,-8.9609375,0.0871582,105.74472,10477.591,10383.662,1100.0834,503.8732,18.269901,14.030945,0.0,-0.6031847,3.0,33.59375,30.735653,37.124954,19.874975,1.216,0.0,-23.078125,0.0020751953,0.0,0.0,0.0,0.0,0.0,0.921875,1.0,54.84619,3.1250005,56.34238,57.026268,0.0,103.999954,12.3046875,1.0,105.81935,80.96067,471.375,544.875,-3.7281852,45.28125,0.0,45.15625,7.936031,49.99997,25.12207,1.0,47.32,0.625,0.0,-75.112915,99.243164,24.082947,3.671875,47.46,47.34,47.23,47.23,0
150336.7,0.28992108,0.2512,0.1928531,0.1957126,101.59695,18.796984,13.945731,-6.5487714,110.500374,33.784245,207.639,0.0,6.001,21.201,52.08,0.0,99.248116,0.0,0.0,455.25,217.875,2179.0,0.0,-9.0,0.0871582,105.76959,10611.32,10733.905,1100.0834,503.8732,20.007874,14.285282,0.0,-1.420048,3.0,35.0708,30.744793,37.124954,19.874975,1.216,0.0,-23.140625,0.0025634766,0.0,0.0,0.0,0.0,0.0,0.9082031,1.0,54.882812,3.1250002,56.456978,57.01518,0.0,103.999954,12.3046875,1.0,105.703255,80.96067,471.375,544.875,-4.545048,45.46875,0.0,45.15625,8.402857,49.99997,25.036621,1.0,47.45,0.78125,0.0,-74.923706,99.06616,24.082947,3.671875,47.43,47.46,47.0,47.06,0
150336.75,0.29193684,0.25048,0.19383016,0.19596693,101.59714,18.796984,13.957324,-6.467698,110.56228,33.849712,207.639,0.0,6.001,21.201,52.08,0.0,99.248116,0.0,0.0,455.625,217.875,2182.0,0.0,-8.78125,0.0871582,105.76959,10721.17,10659.081,1100.0834,503.8732,19.244862,13.861386,0.0,-2.229788,3.0,34.820557,30.753021,37.124954,19.874975,1.204,0.0,-23.179688,0.0025634766,0.0,0.0,0.0,0.0,0.0,0.91015625,1.0,54.83246,3.1250002,57.016,57.427094,0.0,103.999954,12.3046875,1.0,105.91056,80.96067,471.375,544.875,-5.3547883,45.6875,0.0,45.21875,8.402857,49.99997,25.524902,1.0,47.42,0.78125,0.0,-75.36926,99.06616,23.61908,3.671875,47.47,47.51,47.18,47.36,0
150336.8,0.27354947,0.25019202,0.19538091,0.19558544,101.59731,18.796984,13.965439,-6.424607,110.59067,33.92047,207.639,0.0,6.001,21.201,52.08,0.0,99.248116,0.0,0.0,456.0,217.875,2186.0,0.0,-8.7890625,0.0871582,105.78618,10885.147,10752.4795,1100.0834,503.8732,15.853696,14.1581135,0.0,-2.8775804,3.0,32.89032,30.760426,37.124954,19.874975,1.16,0.0,-23.203125,0.0029907227,0.0,0.0,0.0,0.0,0.0,0.9121094,1.0,54.855347,3.1250002,57.313198,57.364918,0.0,103.999954,12.3046875,1.0,105.92713,80.96067,471.375,544.875,-6.0025806,46.71875,0.0,45.375,8.402857,49.99997,25.524902,1.0,47.53,0.90625,0.0,-75.36926,98.913574,23.460388,3.671875,47.48,47.54,47.3,47.46,0
150336.83,0.27883956,0.25007683,0.1961252,0.19562782,101.597466,18.796984,13.97112,-6.4027376,110.49459,33.93751,207.639,0.0,6.001,21.201,52.08,0.0,99.248116,0.0,0.0,456.0,217.875,2189.0,0.0,-8.7421875,0.08691406,105.85251,10867.635,10890.454,1100.0834,503.8732,19.626368,14.073335,0.0,-3.5520642,3.0,35.513306,30.76709,37.49995,19.874975,1.16,0.0,-23.164062,0.0032348633,0.0,0.0,0.0,0.0,0.0,0.9189453,1.0,54.873657,3.1250002,57.464092,57.3705,0.0,103.999954,12.3046875,1.0,105.985176,80.96067,471.375,544.875,-6.6770644,46.9375,0.0,45.3125,8.402857,49.99997,25.634766,1.0,47.56,0.96875,0.0,-75.49744,98.82202,23.246765,3.671875,47.66,47.48,47.38,47.13,0
150336.88,0.24307165,0.25003076,0.1959325,0.19583976,101.5976,18.796984,13.980956,-6.4059324,110.545494,34.01519,207.639,0.0,6.001,21.201,52.08,0.0,99.248116,0.0,0.0,456.0,217.875,2193.0,0.0,-8.6953125,0.08691406,105.88568,10980.138,10673.939,1100.0834,503.8732,14.624398,13.755413,0.0,-3.9354012,3.0,32.36847,30.773087,37.49995,19.874975,1.168,0.0,-23.15625,0.0034179688,0.0,0.0,0.0,0.0,0.0,0.93359375,1.0,54.837036,3.1250002,57.442207,57.452663,0.0,103.999954,12.3046875,1.0,105.985176,80.96067,471.375,544.875,-7.0604014,46.875,0.0,45.40625,8.402857,49.99997,25.610352,1.0,47.56,1.03125,0.0,-75.46997,98.75488,23.200989,3.671875,47.63,47.6,47.41,47.3,0
150336.9,0.23445731,0.2500123,0.1961548,0.19588216,101.59773,18.796984,13.976122,-6.3994126,110.56096,34.004436,207.639,0.0,6.001,21.201,52.08,0.0,99.248116,0.0,0.0,456.375,217.875,2192.0,0.0,-8.671875,0.08691406,105.869095,10860.206,10457.426,1100.0834,504.13855,12.038635,13.755413,0.0,-4.242071,3.0,30.506897,30.778484,37.49995,19.874975,1.136,0.0,-23.179688,0.003540039,0.0,0.0,0.0,0.0,0.0,0.9501953,1.0,54.82483,3.1250002,57.487278,57.443146,0.0,103.999954,12.3046875,1.0,105.985176,80.96067,471.375,544.875,-7.367071,46.96875,0.0,45.40625,8.402857,49.99997,25.610352,1.0,47.63,1.0625,0.0,-75.424194,98.71216,23.20404,3.671875,47.57,47.77,47.32,47.39,0
150336.94,0.22756585,0.26875493,0.1957351,0.19588216,101.59785,18.796984,13.984457,-6.3887806,116.49369,35.780087,207.639,0.0,6.001,21.201,52.08,0.0,99.248116,0.0,0.0,456.375,217.875,2189.0,0.0,-8.6484375,0.08691406,105.88568,10690.921,10335.371,1100.0834,504.13855,10.6609745,13.691829,0.0,-4.3311567,3.0,29.46167,30.783344,37.49995,19.874975,1.12,0.0,-23.203125,0.0032348633,0.0,0.0,0.0,0.0,0.0,0.96191406,1.0,54.82025,3.1250002,57.560677,57.62966,0.0,103.999954,12.3046875,1.0,106.01834,80.96067,471.375,544.875,-7.456157,46.78125,0.0,45.40625,8.402857,49.99997,25.646973,1.0,47.59,0.96875,0.0,-75.50049,98.82202,23.23761,3.671875,47.7,47.53,47.46,47.53,0
150336.98,0.2220527,0.29500198,0.19628082,0.19562782,101.597946,18.796984,13.984432,-6.372777,122.001526,37.45466,207.639,0.0,6.001,21.201,52.08,0.0,99.248116,2.0,0.0,456.375,217.875,2188.0,0.0,-8.625,0.08691406,105.869095,10453.711,10266.384,1100.0834,504.13855,11.508766,13.670633,0.0,-4.402426,3.0,29.666138,30.787716,37.49995,19.874975,1.12,0.0,-23.226562,0.0032348633,0.0,0.0,0.0,0.0,0.0,0.9736328,1.0,54.83246,3.1250002,57.67109,57.578167,0.0,103.999954,12.3046875,1.0,106.15102,80.96067,471.375,544.5,-7.527426,46.96875,0.0,45.375,8.402857,49.99997,25.848389,1.0,47.69,0.96875,0.0,-75.909424,98.82202,22.834778,3.671875,47.69,47.68,47.39,47.43,0
150337.03,0.21764216,0.2867508,0.19602092,0.19846793,101.59804,18.796984,13.978556,-6.3634977,116.49049,35.730072,207.639,0.0,6.001,21.201,52.08,0.0,99.248116,2.0,0.0,456.375,217.875,2186.0,0.0,-8.625,0.08758545,105.89397,10318.92,10136.369,1100.0834,504.13855,11.635935,13.585855,0.0,-4.30319,3.0,29.530334,30.791653,37.124954,19.874975,1.132,0.0,-23.25,0.0048828125,0.0,0.0,0.0,0.0,0.0,0.9814453,1.0,54.811096,3.1250002,57.73514,58.239265,0.0,103.999954,12.5,1.0,106.25052,80.96067,471.375,544.5,-7.4281907,46.9375,0.0,46.40625,8.402857,49.99997,25.897217,1.0,47.69,1.46875,0.0,-76.27869,98.22388,21.83075,3.671875,47.72,47.75,47.46,47.41,0
150337.08,0.21411374,0.2834503,0.1962916,0.19859509,101.59812,18.796984,13.974442,-6.392952,116.59111,35.79365,207.639,0.0,6.001,21.201,52.08,0.0,99.248116,2.0,0.0,456.375,217.875,2188.0,0.0,-8.6796875,0.08758545,105.88568,10094.977,9935.774,1100.0834,504.13855,12.462531,13.416296,0.0,-4.2238026,3.0,29.689026,30.795193,37.49995,19.874975,1.132,0.0,-23.203125,0.0053100586,0.0,0.0,0.0,0.0,0.0,0.98828125,1.0,54.792786,3.1250002,57.5322,57.977863,0.0,103.999954,12.5,1.0,106.25052,80.96067,471.375,544.875,-7.3488026,47.0,0.0,46.4375,8.402857,49.99997,25.92163,1.0,47.78,1.59375,0.0,-76.16272,98.07129,21.781921,3.671875,47.72,47.69,47.66,47.78,0
150337.11,0.21129099,0.26338014,0.19545233,0.19846793,101.5982,18.796984,13.965703,-6.417648,110.7132,33.958057,207.639,0.0,6.001,21.201,52.08,0.0,99.248116,2.0,0.0,456.375,217.875,2186.0,0.0,-8.9609375,0.08758545,105.88568,9884.3,9833.886,1100.0834,504.13855,13.882582,13.352712,0.0,-4.1602917,3.0,30.267334,30.798382,37.124954,19.874975,1.136,0.0,-23.25,0.004760742,0.0,0.0,0.0,0.0,0.0,0.9921875,1.0,54.792786,3.1250002,57.36205,57.97355,0.0,103.999954,12.5,1.0,106.30026,80.96067,471.375,544.875,-7.285292,46.71875,0.0,46.40625,8.402857,49.99997,25.964355,1.0,47.79,1.4375,0.0,-76.22986,98.2666,21.916199,3.671875,47.82,47.68,47.57,47.57,0
150337.16,0.2090328,0.25535208,0.19272886,0.19834076,101.59827,18.796984,13.9654455,-6.4453955,110.67289,33.97675,207.639,0.0,6.001,21.201,52.08,0.0,99.248116,2.0,0.0,456.375,217.875,2188.0,0.0,-9.0,0.08758545,105.87739,9800.984,9843.4375,1100.0834,504.13855,14.645594,13.310323,0.0,-3.9532335,3.0,30.630493,30.80125,37.49995,19.874975,1.136,0.0,-23.53125,0.005004883,0.0,0.0,0.0,0.0,0.0,0.99316406,1.0,54.79431,3.1250002,57.170856,58.28814,0.0,103.999954,12.5,1.0,106.30026,80.96067,471.375,544.875,-7.0782337,45.625,0.0,46.3125,7.936031,49.99997,25.878906,1.0,47.77,1.5,0.0,-76.18408,98.18115,21.870422,3.671875,47.8,47.93,47.57,47.51,0
150337.19,0.22722624,0.25214085,0.1932367,0.19918853,101.59833,18.796984,13.965265,-6.4329624,110.63074,34.010376,207.639,0.0,6.001,21.201,52.08,0.0,99.248116,2.0,0.0,456.0,217.875,2191.0,0.0,-9.0,0.087524414,105.844215,9683.175,9878.993,1100.0834,504.13855,15.239047,13.395102,0.0,-3.787587,3.0,30.83496,30.803833,37.49995,19.874975,1.156,0.0,-23.585938,0.00592041,0.0,0.0,0.0,0.0,0.0,0.99316406,1.0,54.788208,3.1250002,57.25662,58.43231,0.0,103.999954,12.5,1.0,106.25052,80.96067,471.375,544.875,-6.912587,45.625,0.0,46.40625,8.402857,49.99997,25.982666,1.0,47.84,1.78125,0.0,-76.08032,97.84546,21.626282,3.671875,47.89,47.93,47.46,47.68,0
150337.23,0.241781,0.23210636,0.19828069,0.19872224,101.59838,18.796984,13.95342,-6.2846174,104.425476,32.132042,207.639,0.0,6.001,21.201,52.08,0.0,99.248116,2.0,0.0,456.0,217.875,2193.0,0.0,-8.8828125,0.087524414,105.81934,9573.325,10177.23,1100.0834,504.13855,21.830624,13.797802,0.0,-3.6550696,3.0,34.843445,30.806156,37.49995,19.874975,1.156,0.0,-23.664062,0.006225586,0.0,0.0,0.0,0.0,0.0,0.99609375,1.0,54.841614,3.1250002,58.279198,58.39866,0.0,103.999954,12.5,1.0,106.1676,80.96067,471.375,544.875,-6.78007,47.75,0.0,46.53125,8.402857,49.99997,26.104736,1.0,47.89,1.875,0.0,-75.927734,97.735596,21.6568,3.671875,47.82,47.75,47.54,47.62,0
150337.27,0.2534248,0.22409254,0.2005486,0.19736578,101.59843,18.796984,13.962707,-6.2179203,104.50467,32.141747,207.639,0.0,6.001,21.201,52.08,0.0,99.248116,2.0,0.0,455.25,217.875,2192.0,0.0,-8.640625,0.08691406,105.90226,9806.821,10358.189,1100.0834,504.13855,23.314259,13.9673605,0.0,-3.5490558,3.0,36.091614,30.808247,37.49995,19.874975,1.208,0.0,-23.71875,0.0051879883,0.0,0.0,0.0,0.0,0.0,0.9951172,1.0,54.852295,3.1250002,58.73898,58.10526,0.0,103.999954,12.5,1.0,106.27539,80.96067,471.375,544.875,-6.674056,49.125,0.0,46.53125,8.402857,49.99997,26.239014,1.0,47.79,1.5625,0.0,-76.1261,98.10791,21.84906,3.671875,47.99,47.89,47.78,47.7,0
150337.31,0.26273984,0.23963702,0.19853674,0.19749294,101.59847,18.796984,13.963347,-6.256868,110.6981,34.10874,207.639,0.0,6.001,21.201,52.08,0.0,99.248116,2.0,0.0,455.25,217.875,2196.0,0.0,-8.625,0.087646484,106.00176,10071.627,10145.921,1100.0834,504.13855,19.28725,13.670633,0.0,-3.4642446,3.0,33.718872,30.810127,37.49995,19.874975,1.208,0.0,-23.804688,0.005004883,0.0,0.0,0.0,0.0,0.0,0.99902344,1.0,54.847717,3.1250002,58.470562,58.245304,0.0,103.999954,12.5,1.0,106.30026,80.96067,471.375,544.5,-6.589245,48.34375,0.0,46.5625,8.402857,49.99997,26.037598,1.0,47.97,1.5,0.0,-76.16272,98.18115,21.891785,3.671875,47.8,47.93,47.69,47.68,0
150337.34,0.27019188,0.24585482,0.19718215,0.19804402,101.59851,18.796984,13.975515,-6.311959,110.64174,34.106903,207.639,0.0,6.001,21.201,52.08,0.0,99.248116,2.0,0.0,455.625,217.875,2197.0,0.0,-8.6796875,0.087646484,105.97689,10154.412,10082.24,1100.0834,504.13855,17.358526,13.670633,0.0,-3.396396,3.0,32.55005,30.811821,37.49995,19.874975,1.184,0.0,-23.890625,0.005493164,0.0,0.0,0.0,0.0,0.0,0.99902344,1.0,54.844666,3.1250002,58.090866,58.241398,0.0,103.999954,12.5,1.0,106.30026,80.96067,471.375,544.875,-6.521396,47.625,0.0,46.59375,8.402857,49.99997,26.013184,1.0,47.99,1.65625,0.0,-76.18408,98.00415,21.681213,3.671875,47.97,47.95,47.57,47.66,0
150337.39,0.2761535,0.24834195,0.19532906,0.20736973,101.59855,18.796984,13.978173,-6.3165975,110.77804,34.14892,207.639,0.0,6.001,21.201,52.08,0.0,99.248116,2.0,0.0,456.0,217.875,2197.0,0.0,-8.921875,0.08898926,106.010056,10106.12,9951.164,1100.0834,504.13855,14.666788,13.543465,0.0,-3.3421166,3.0,30.67627,30.813347,37.49995,19.874975,1.164,0.0,-23.992188,0.012817383,0.0,0.0,0.0,0.0,0.0,0.9980469,1.0,54.82025,3.1250002,58.05893,60.467403,0.0,103.999954,13.183594,1.0,106.32515,80.96067,471.375,544.875,-6.467117,46.65625,0.0,50.09375,8.402857,49.99997,26.02539,1.0,47.91,3.84375,0.0,-76.18408,95.36743,18.952942,3.671875,47.89,47.91,47.87,47.89,0
150337.42,0.2809228,0.24933678,0.20177405,0.21436402,101.59858,18.796984,13.968315,-6.1295357,110.75785,34.158237,207.639,0.0,6.001,21.201,52.08,0.0,99.248116,2.0,0.0,456.0,217.875,2198.0,0.0,-8.9921875,0.08959961,105.960304,10009.008,10278.589,1100.0834,504.13855,20.283405,14.179308,0.0,-3.2986934,3.0,34.23004,30.81472,37.49995,19.874975,1.164,0.0,-24.109375,0.019165039,0.0,0.0,0.0,0.0,0.0,0.9951172,1.0,54.881287,3.1250002,59.34836,61.904476,0.0,103.999954,13.671875,1.0,106.15102,80.96067,471.375,544.875,-6.4236937,49.5625,0.0,52.6875,8.869681,49.99997,26.452637,1.0,48.05,5.75,0.0,-76.01929,93.096924,16.63971,3.671875,47.99,48.02,47.84,47.87,0
150337.47,0.28473824,0.24973473,0.21116735,0.22352016,101.59861,18.796984,13.973133,-5.858253,110.68065,34.243137,207.639,0.0,6.001,21.201,52.08,0.0,99.248116,2.0,0.0,456.0,217.5,2205.0,0.0,-8.7734375,0.09069824,106.12614,10157.065,10628.833,1100.0834,504.13855,25.285374,14.921125,0.0,-3.2639549,3.0,37.6709,30.815956,31.87496,19.499975,1.152,0.0,-24.195312,0.027404785,0.0,0.0,0.0,0.0,0.0,0.99316406,1.0,54.95453,3.1250002,61.21831,63.74868,0.0,103.999954,14.453125,1.0,106.0681,80.96067,471.375,544.875,-6.388955,53.28125,0.0,56.84375,9.336507,49.99997,27.001953,1.0,48.07,8.21875,0.0,-75.753784,90.17334,13.798523,3.671875,48.08,48.06,47.77,47.91,0
150337.5,0.2677906,0.23114389,0.21849078,0.24301934,101.59863,18.796984,13.964787,-5.592991,104.44249,32.386406,207.639,0.0,6.001,21.201,52.08,0.0,99.248116,2.0,0.0,454.875,217.5,2210.0,0.0,-8.765625,0.09423828,106.48268,10386.846,10979.076,1100.0834,504.66922,29.291187,15.747722,0.0,-3.2361639,3.0,40.56549,30.817066,30.374962,19.499975,1.24,0.0,-24.507812,0.043395996,0.0,0.0,0.0,0.0,0.0,0.9951172,1.0,55.03235,3.1250002,63.046757,68.00626,0.0,103.999954,16.40625,1.0,106.00177,80.96067,471.375,544.875,-6.361164,55.71875,0.0,67.15625,10.270158,49.99997,27.46582,1.0,48.04,13.03125,0.0,-75.60425,84.680176,8.088684,3.671875,48.16,48.04,47.82,48.02,0
150337.55,0.27423248,0.24245757,0.24150734,0.26196748,101.598656,18.796984,13.976522,-4.8761377,110.61708,34.409718,207.639,0.0,6.001,21.201,52.08,0.0,99.248116,2.0,0.0,454.5,217.125,2217.0,0.0,-8.6875,0.09649658,106.839226,10929.193,11329.319,1100.0834,504.66922,30.138979,17.528084,0.0,-3.2139313,3.0,41.792297,30.818066,30.74996,19.124975,1.292,0.0,-24.953125,0.059753418,0.0,0.0,0.0,0.0,0.0,0.9980469,1.0,55.212402,3.1250002,67.98797,72.17583,0.0,103.999954,18.164062,1.0,105.81935,80.96067,471.75,544.875,-6.3389316,63.96875,0.0,76.6875,11.203809,49.99997,28.857422,1.0,48.12,17.9375,0.0,-75.33569,79.11377,2.3513794,3.671875,48.04,48.18,47.91,47.8,0
150337.6,0.25938597,0.24698304,0.25930282,0.2816362,101.59868,18.796984,13.978878,-4.2418375,110.55951,34.60899,207.639,0.0,6.001,21.201,52.08,0.0,99.248116,2.0,0.0,454.5,216.75,2231.0,0.0,-8.4375,0.099609375,107.36161,11397.246,11679.563,1100.0834,504.93454,31.83456,18.524239,0.0,-3.2742703,3.0,43.65387,30.818966,26.624966,18.749975,1.292,0.0,-25.625,0.076538086,0.0,0.0,0.0,0.0,0.0,1.0009766,1.0,55.40161,2.8906252,72.36015,77.436104,0.0,103.999954,19.628906,1.0,105.77789,80.96067,471.75,544.5,-6.1648955,71.96875,0.0,84.59375,11.670634,49.99997,29.266357,1.0,48.26,22.96875,0.0,-74.938965,73.620605,0.0,3.671875,48.26,48.27,47.91,47.87,0
150337.62,0.26750877,0.26754323,0.27503756,0.30240712,101.598694,18.796984,13.974668,-3.680448,116.37065,36.575035,207.639,0.0,6.001,21.201,52.08,0.0,99.248116,2.0,0.0,453.0,216.0,2240.0,0.0,-8.3125,0.103271484,108.091286,11683.278,12034.053,1100.0834,504.93454,31.050354,18.248707,0.0,-3.299104,3.0,43.608093,30.819775,22.499971,17.999977,1.436,0.0,-26.4375,0.09350586,0.0,0.0,0.0,0.0,0.0,0.9980469,1.0,55.48401,2.7265627,76.22977,81.7205,0.0,103.999954,20.800781,1.0,105.71985,81.06017,472.5,544.5,-6.0256667,79.9375,0.0,92.40625,13.07111,49.99997,30.639648,1.0,48.21,28.0625,0.0,-74.86572,68.30444,0.0,3.671875,48.39,48.36,47.91,48.06,0
150337.66,0.27400702,0.29451728,0.30019942,0.3228389,101.59871,18.796984,13.971721,-2.9231126,121.93944,38.410835,207.639,0.0,6.001,21.201,52.08,0.0,99.248116,2.0,0.0,453.0,214.875,2245.0,0.0,-8.21875,0.10681152,108.72146,12192.724,12392.787,1100.0834,504.93454,30.350925,19.541588,0.0,-3.4588144,3.0,44.02771,30.820503,19.874975,16.874979,1.46,0.0,-27.21875,0.11090088,0.0,0.0,0.0,0.0,0.0,0.9921875,1.0,55.625916,2.611719,81.45001,84.60187,0.0,103.999954,21.582031,1.0,105.67838,84.2442,472.875,544.125,-6.0705333,89.96875,0.0,98.25,14.004761,49.99997,31.82373,1.0,48.4,33.28125,0.0,-70.19653,63.024902,0.0,3.671875,48.31,48.42,48.12,48.06,0
150337.72,0.27920562,0.36155692,0.32136565,0.32610282,101.598724,18.796984,13.9637985,-2.409593,137.09827,43.185856,207.639,0.0,6.001,21.201,52.08,0.0,99.248116,2.0,0.0,452.625,213.75,2245.0,0.0,-7.6640625,0.1071167,109.359924,12654.408,12751.521,1100.0834,505.4652,29.884642,20.601326,0.0,-3.5750985,3.0,44.51599,30.82116,19.124975,15.74998,1.532,0.0,-27.710938,0.11413574,0.0,0.0,0.0,0.0,0.0,1.0009766,1.0,55.729675,2.5313282,84.98966,85.52042,0.0,103.999954,21.777344,1.0,105.87739,84.808044,473.625,543.75,-6.1064267,98.15625,0.0,99.875,14.938412,49.99997,32.56836,1.0,48.47,34.25,0.0,-67.681885,61.99951,0.0,3.671875,48.59,48.44,48.16,48.18,0
150337.75,0.2633645,0.44462278,0.3244893,0.32538226,101.59874,18.796984,13.969972,-2.2779288,150.54948,47.296238,207.639,0.0,6.001,21.201,52.08,0.0,99.248116,2.0,0.0,452.625,213.375,2239.0,0.0,-7.515625,0.10699463,109.91547,13050.82,13106.01,1100.0834,505.4652,29.630304,21.27956,0.0,-3.3475866,3.0,44.970703,30.82175,18.749975,15.37498,1.532,0.0,-28.335938,0.112976074,0.0,0.0,0.0,0.0,0.0,1.0292969,1.0,55.78003,2.4750547,85.897224,85.98184,0.0,103.999954,21.777344,1.0,106.44122,85.28067,473.625,543.75,-5.8226414,99.5,0.0,99.75,14.471586,49.99997,32.958984,1.0,48.56,33.90625,0.0,-68.359375,62.365723,0.0,3.671875,48.63,48.67,48.08,48.19,0
150337.8,0.2706916,0.5340991,0.32228002,0.32762888,101.598755,18.796984,13.974293,-2.2490833,162.89658,51.152313,207.639,0.0,6.001,21.201,52.08,0.0,99.248116,2.0,0.0,452.625,213.375,2238.0,0.0,-7.5,0.10644531,110.02326,13401.063,13460.499,1100.0834,505.1999,30.223757,21.76704,0.0,-3.0036998,3.0,45.86792,30.82228,18.374977,15.37498,1.608,0.0,-28.484375,0.1161499,0.0,0.0,0.0,0.0,0.0,1.0439453,1.0,55.847168,2.4356632,86.09607,86.71188,0.0,103.999954,21.875,1.0,107.121155,86.101555,474.375,543.375,-5.439363,98.53125,0.0,100.46875,14.471586,49.99997,34.06372,1.0,48.72,34.84375,0.0,-68.429565,61.206055,0.0,3.671875,48.69,48.74,48.31,48.31,0
150337.83,0.27655327,0.6073897,0.32594076,0.32707784,101.59876,18.796984,13.9714575,-2.1938105,170.62462,53.55511,207.639,0.0,6.001,21.201,52.08,0.0,99.248116,2.0,0.0,452.625,213.375,2237.0,0.0,-7.578125,0.10601807,109.956924,13677.014,13810.743,1100.0834,505.1999,31.96173,22.763195,0.0,-2.5684013,3.0,47.354126,30.822758,18.374977,15.37498,1.6,0.0,-28.5,0.117614746,0.0,0.0,0.0,0.0,0.0,1.0478516,1.0,55.914307,2.4080892,86.477066,86.635994,0.0,103.999954,21.875,1.0,107.58549,86.35031,474.375,543.75,-4.9764905,100.125,0.0,100.40625,14.471586,49.99997,34.93042,1.0,48.72,35.28125,0.0,-68.39905,60.638428,0.0,3.671875,48.61,48.75,48.63,48.52,0
150337.88,0.30124262,0.6742059,0.32578272,0.3302571,101.59877,18.796984,13.975332,-2.1820788,177.85475,55.949257,207.639,0.0,6.001,21.201,52.08,0.0,99.248116,2.0,0.0,451.875,213.375,2242.0,0.0,-7.65625,0.105773926,110.05643,14053.791,14165.231,1100.0834,505.1999,31.665003,22.508858,0.0,-2.0611548,3.0,47.798157,30.823189,18.374977,15.37498,1.656,0.0,-28.5,0.12145996,0.0,0.0,0.0,0.0,0.0,1.046875,1.0,55.92041,2.3887873,86.55794,87.100624,0.0,103.999954,22.070312,1.0,108.2903,86.59906,474.375,543.75,-4.449942,100.0625,0.0,101.78125,14.471586,49.99997,35.88257,1.0,48.83,36.4375,0.0,-69.65332,59.30786,0.0,3.671875,48.95,48.83,48.56,48.5,0
150337.9,0.32099408,0.7009324,0.32574373,0.33072335,101.59878,18.796984,13.966326,-2.1749873,177.85983,56.125546,207.639,0.0,6.001,21.201,52.08,0.0,99.248116,2.0,0.0,451.875,213.375,2249.0,0.0,-7.7421875,0.105529785,110.097885,14463.47,14523.966,1100.0834,505.4652,31.198717,22.975142,0.0,-1.6534276,3.0,48.12622,30.823578,18.374977,15.37498,1.656,0.0,-28.585938,0.12402344,0.0,0.0,0.0,0.0,0.0,1.0419922,1.0,55.929565,2.375276,86.60683,87.17756,0.0,103.999954,22.070312,1.0,108.89559,86.864395,474.375,543.75,-4.0287037,100.0,0.0,101.96875,14.471586,49.99997,36.798096,1.0,48.91,37.21875,0.0,-70.373535,58.398438,0.0,3.671875,49.16,48.99,48.61,48.61,0
150337.95,0.31679526,0.73037297,0.32720155,0.3314016,101.598785,18.796984,13.971741,-2.1395705,181.44905,57.385456,207.639,0.0,6.001,21.201,52.08,0.0,99.248116,2.0,0.0,452.25,213.375,2254.0,0.0,-7.3984375,0.105163574,110.10618,14856.697,14882.7,1100.0834,505.4652,31.007965,23.038727,0.0,-1.3258948,3.0,48.62671,30.823925,18.374977,15.37498,1.608,0.0,-28.625,0.1260376,0.0,0.0,0.0,0.0,0.0,1.0351562,1.0,55.96466,2.3658183,86.85096,87.33864,0.0,103.999954,22.070312,1.0,109.46771,87.0634,474.375,543.375,-3.691713,100.34375,0.0,102.09375,14.471586,49.99997,37.701416,1.0,49.08,37.8125,0.0,-71.01135,57.65381,0.0,3.671875,49.01,49.06,48.84,48.89,0
150337.98,0.3134362,0.7608992,0.33005413,0.3347927,101.59879,18.796984,13.975531,-2.0912552,184.8616,58.594414,207.639,0.0,6.001,21.201,52.08,0.0,99.248116,2.0,0.0,452.625,213.375,2259.0,0.0,-7.4765625,0.10491943,110.189095,15243.558,15241.435,1100.0834,505.73056,30.223757,23.356647,0.0,-1.062923,3.0,48.762512,30.824238,18.374977,15.37498,1.616,0.0,-28.695312,0.13031006,0.0,0.0,0.0,0.0,0.0,1.0302734,1.0,55.97229,2.3591976,87.184,87.73582,0.0,103.999954,22.265625,1.0,110.0896,87.30386,474.75,543.375,-3.4221206,101.53125,0.0,103.53125,14.471586,49.99997,38.69629,1.0,49.07,39.09375,0.0,-71.94824,56.16455,0.0,3.671875,49.2,49.26,48.84,48.86,0
150338.03,0.31074896,0.7918597,0.332393,0.33848065,101.5988,18.796984,13.966465,-2.0455635,188.23767,59.796562,207.639,0.0,6.001,21.201,52.08,0.0,99.248116,2.0,0.0,452.625,213.375,2264.0,0.0,-7.421875,0.10534668,110.2886,15606.537,15546.041,1100.0834,505.73056,29.92703,23.27187,0.0,-0.8518832,3.0,48.954773,30.82452,17.999977,15.37498,1.6,0.0,-28.757812,0.1340332,0.0,0.0,0.0,0.0,0.0,1.0253906,1.0,55.99518,2.3545632,87.498955,88.20667,0.0,103.999954,22.460938,1.0,110.82756,87.60236,474.75,543.375,-3.2064464,102.375,0.0,105.0,14.471586,49.99997,39.923096,1.0,49.32,40.21875,0.0,-73.25745,55.004883,0.0,3.671875,49.24,49.26,49.06,48.91,0
150338.06,0.32859915,0.8042439,0.33479926,0.33848065,101.59881,18.796984,13.971838,-1.9569402,188.29741,59.868378,207.639,0.0,6.001,21.201,52.08,0.0,99.248116,2.0,0.0,452.625,213.375,2266.0,0.0,-7.4453125,0.10510254,110.37151,15940.86,15612.375,1100.0834,505.73056,27.08693,23.653376,0.0,-0.68258786,3.0,47.59369,30.824776,17.999977,15.37498,1.6,0.0,-28.804688,0.1350708,0.0,0.0,0.0,0.0,0.0,1.0263672,1.0,56.00586,2.3513193,88.10983,88.52053,0.0,103.999954,22.460938,1.0,111.34995,87.98379,474.75,543.375,-3.0339072,103.25,0.0,105.0625,14.471586,49.99997,40.81421,1.0,49.44,40.53125,0.0,-73.38562,54.60205,0.0,3.671875,49.43,49.33,49.07,49.16,0
150338.11,0.32287934,0.80919755,0.33912548,0.3459412,101.598816,18.796984,13.96974,-1.8759431,188.32722,60.036407,207.639,0.0,6.001,21.201,52.08,0.0,99.248116,2.0,0.0,453.375,213.0,2272.0,0.0,-7.46875,0.10620117,110.47931,16117.574,15637.847,1100.0834,505.9959,24.098465,23.865324,0.0,-0.39057708,3.0,46.151733,30.825005,17.624977,14.999981,1.584,0.0,-28.773438,0.1427002,0.0,0.0,0.0,0.0,0.0,1.0273438,1.0,56.025696,2.3490486,88.668144,89.44396,0.0,103.999954,22.851562,1.0,112.13766,88.93733,475.125,543.375,-2.7396257,104.5,0.0,107.84375,14.471586,49.99997,41.65039,1.0,49.41,42.8125,0.0,-73.028564,52.282715,0.0,3.671875,49.58,49.52,49.22,49.28,0
150338.14,0.3383035,0.81117904,0.34840605,0.34721288,101.59882,18.796984,13.974131,-1.7487816,188.29816,60.185658,207.639,0.0,6.001,21.201,52.08,0.0,99.248116,2.0,0.0,453.0,212.625,2278.0,0.0,-7.515625,0.10601807,110.61198,16030.014,15823.582,1100.0834,505.9959,26.790203,24.861477,0.0,-0.15674186,3.0,47.740173,30.82521,17.624977,14.624981,1.596,0.0,-28.539062,0.14520264,0.0,0.0,0.0,0.0,0.0,1.0283203,1.0,56.06842,2.3474588,89.54466,89.40565,0.0,103.999954,22.949219,1.0,112.55225,89.15292,475.125,543.75,-2.5042007,107.9375,0.0,108.65625,14.938412,49.99997,43.10913,1.0,49.53,43.5625,0.0,-72.79663,51.40381,0.0,3.671875,49.64,49.62,49.33,49.24,0
150338.19,0.33064282,0.8307216,0.34649304,0.35501254,101.59883,18.796984,13.983063,-1.788937,191.59384,61.481007,207.639,0.0,6.001,21.201,52.08,0.0,99.248116,2.0,0.0,452.625,212.625,2287.0,0.0,-7.578125,0.106933594,110.86902,16059.2,15752.472,1100.0834,506.26123,23.865324,24.60714,0.0,0.03048563,3.0,46.08307,30.825397,17.624977,14.624981,1.648,0.0,-28.5,0.15289307,0.0,0.0,0.0,0.0,0.0,1.0302734,1.0,56.056213,2.3463461,89.26788,90.26959,0.0,103.999954,23.339844,1.0,113.33168,89.56751,475.5,543.75,-2.3158605,107.03125,0.0,111.4375,14.471586,49.99997,43.981934,1.0,49.72,45.875,0.0,-74.2157,49.761963,0.0,3.671875,49.73,49.76,49.33,49.41,0
150338.22,0.34451425,0.83853865,0.35614836,0.35522446,101.59883,18.796984,13.977597,-1.6426247,191.62643,61.54524,207.639,0.0,6.001,21.201,52.08,0.0,99.248116,2.0,0.0,452.625,212.625,2289.0,0.0,-7.6328125,0.10662842,110.91048,16035.32,15895.754,1100.0834,506.26123,26.196749,25.433737,0.0,0.3366289,3.0,47.491455,30.825565,17.249977,14.624981,1.648,0.0,-28.359375,0.15454102,0.0,0.0,0.0,0.0,0.0,1.0292969,1.0,56.114197,2.3455672,90.2764,90.171265,0.0,103.999954,23.339844,1.0,113.820885,89.89918,475.5,543.75,-2.0089383,111.40625,0.0,111.65625,14.938412,49.99997,45.22705,1.0,49.79,46.375,0.0,-74.087524,49.54834,0.0,3.671875,49.96,49.84,49.43,49.58,0
150338.27,0.3356114,0.8416655,0.35888013,0.35793746,101.59883,18.796984,13.97963,-1.5917993,191.59492,61.669533,207.639,0.0,6.001,21.201,52.08,0.0,99.248116,2.0,0.0,452.625,212.25,2294.0,0.0,-7.6640625,0.1071167,111.092896,16019.4,15939.269,1100.0834,506.26123,27.362461,25.645685,0.0,0.5816215,3.0,48.184204,30.825714,17.249977,14.249982,1.644,0.0,-27.679688,0.1574707,0.0,0.0,0.0,0.0,0.0,1.0253906,1.0,56.12793,2.3450222,90.62673,90.55563,0.0,103.999954,23.535156,1.0,114.451065,90.18939,475.5,543.75,-1.7634007,112.78125,0.0,113.125,14.938412,49.99997,46.21582,1.0,49.87,47.25,0.0,-74.92981,49.40796,0.0,3.671875,49.94,49.9,49.73,49.43,0
150338.3,0.3084891,0.84291625,0.3529921,0.3589548,101.59883,18.796984,13.969335,-1.663066,191.69376,61.91652,207.639,0.0,6.001,21.201,52.08,0.0,99.248116,2.0,0.0,452.625,212.625,2302.0,0.0,-7.6796875,0.107299805,111.28361,16017.277,15846.932,1100.0834,506.52658,25.539711,25.242985,0.0,0.7776699,3.0,47.105408,30.825848,17.249977,14.624981,1.696,0.0,-27.742188,0.15917969,0.0,0.0,0.0,0.0,0.0,1.0263672,1.0,56.114197,2.3446405,90.1355,90.82334,0.0,103.999954,23.535156,1.0,115.16415,90.43814,476.25,543.75,-1.5669706,109.71875,0.0,113.1875,14.471586,49.99997,46.801758,1.0,50.07,47.75,0.0,-76.09863,49.3042,0.0,3.671875,50.04,50.11,50.0,49.76,0
150338.36,0.30679128,0.8621665,0.35538694,0.3593363,101.59883,18.796984,13.973846,-1.641084,194.95943,63.02603,207.639,0.0,6.001,21.201,52.08,0.0,99.248116,2.0,0.0,452.25,212.625,2304.0,0.0,-7.3828125,0.10723877,111.22556,16024.707,15924.41,1100.0834,506.52658,25.75166,25.688074,0.0,0.9345467,3.0,47.320557,30.82597,17.249977,14.624981,1.676,0.0,-27.625,0.1605835,0.0,0.0,0.0,0.0,0.0,1.0273438,1.0,56.14319,2.3443732,90.28702,90.718994,0.0,103.999954,23.535156,1.0,115.80261,90.62056,475.875,543.375,-1.4098265,111.0,0.0,113.3125,14.471586,49.99997,47.906494,1.0,50.24,48.1875,0.0,-76.831055,49.16992,0.0,3.671875,50.25,50.23,49.82,49.94,0
150338.39,0.28543302,0.8886167,0.3573978,0.3593363,101.59883,18.796984,13.977005,-1.5991389,198.1884,64.153305,207.639,0.0,6.001,21.201,52.08,0.0,99.248116,2.0,0.0,452.25,212.25,2307.0,0.0,-7.3125,0.106933594,111.25044,16017.277,15888.8545,1100.0834,506.7919,25.66688,25.560905,0.0,1.216325,3.0,47.286987,30.82608,17.249977,14.249982,1.696,0.0,-27.609375,0.16113281,0.0,0.0,0.0,0.0,0.0,1.0273438,1.0,56.14624,2.3441863,90.57614,90.786385,0.0,103.999954,23.535156,1.0,116.416214,90.728355,475.875,543.375,-1.1278613,111.875,0.0,113.34375,14.471586,49.99997,48.736572,1.0,50.28,48.34375,0.0,-77.9541,49.053955,0.0,3.6767578,50.28,50.36,49.94,50.03,0
150338.44,0.26834643,0.89919674,0.35775077,0.3681957,101.59883,18.796984,13.9616375,-1.5874283,198.1833,64.374115,207.639,0.0,6.001,21.201,52.08,0.0,99.248116,2.0,0.0,452.25,212.25,2315.0,0.0,-7.4296875,0.10809326,111.37482,16006.664,15911.144,1100.0834,506.7919,25.9848,25.75166,0.0,1.4417664,3.0,47.468567,30.82618,17.249977,14.249982,1.696,0.0,-27.546875,0.16986084,0.0,0.0,0.0,0.0,0.0,1.0283203,1.0,56.159973,2.3440554,90.65686,91.83275,0.0,103.999954,24.023438,1.0,117.038086,91.13465,475.875,543.375,-0.90228903,111.3125,0.0,116.75,14.471586,49.99997,49.591064,1.0,50.43,50.96875,0.0,-78.96423,48.57788,0.0,3.671875,50.6,50.43,50.19,50.04,0
150338.47,0.23467714,0.9034288,0.36932787,0.37133256,101.59883,18.796984,13.962599,-1.3875369,198.23068,64.50076,207.639,0.0,6.001,21.201,52.08,0.0,99.248116,2.0,0.0,452.25,212.25,2319.0,0.0,-7.5234375,0.10882568,111.42457,16022.584,16082.02,1100.0834,506.7919,29.100433,26.705423,0.0,1.6221323,3.0,49.30725,30.826267,16.499979,14.249982,1.704,0.0,-27.5625,0.17437744,0.0,0.0,0.0,0.0,0.0,1.0273438,1.0,56.207275,2.3439636,92.03469,92.29944,0.0,103.999954,24.21875,1.0,117.3283,91.86433,476.25,543.75,-0.72183126,116.96875,0.0,118.34375,14.938412,49.99997,50.738525,1.0,50.51,52.3125,0.0,-77.58789,48.364258,0.0,3.671875,50.63,50.63,50.33,50.2,0
150338.52,0.22774172,0.90512156,0.37198642,0.3738335,101.59883,18.796984,13.951553,-1.3155606,198.24037,64.78207,207.639,0.0,6.001,21.201,52.08,0.0,99.248116,2.0,0.0,451.875,211.875,2329.0,0.0,-7.703125,0.109436035,111.6899,16137.74,16145.17,1100.0834,507.05725,28.252644,27.065735,0.0,1.7664344,3.0,48.887634,30.826347,16.499979,13.874982,1.76,0.0,-27.609375,0.17791748,0.0,0.0,0.0,0.0,0.0,1.0283203,1.0,56.219482,2.3438995,92.530815,92.73424,0.0,103.999954,24.414062,1.0,117.80093,92.187706,476.625,543.75,-0.577465,118.84375,0.0,119.90625,14.938412,49.99997,51.416016,1.0,50.65,53.375,0.0,-77.84119,48.205566,0.0,3.671875,50.75,50.75,50.36,50.36,0
150338.55,0.22219339,0.9057987,0.37266487,0.37747902,101.59883,18.796984,13.949681,-1.2542533,198.27077,64.95892,207.639,0.0,6.001,21.201,52.08,0.0,99.248116,2.0,0.0,451.875,211.875,2335.0,0.0,-7.703125,0.109680176,111.93037,16222.117,16103.777,1100.0834,507.05725,27.616798,26.917372,0.0,1.8818827,3.0,48.591614,30.82642,16.124979,13.874982,1.78,0.0,-27.65625,0.18133545,0.0,0.0,0.0,0.0,0.0,1.0273438,1.0,56.25305,2.3438547,92.9534,93.531715,0.0,103.999954,24.609375,1.0,118.44768,92.92567,477.0,543.75,-0.461972,119.0625,0.0,121.34375,14.938412,49.99997,52.36206,1.0,50.81,54.40625,0.0,-78.47595,47.973633,0.0,3.6767578,50.85,50.77,50.53,50.51,0
150338.6,0.21775472,0.92481947,0.373853,0.3806159,101.59883,18.796984,13.95423,-1.2092234,201.43628,66.080826,207.639,0.0,6.001,21.201,52.08,0.0,99.248116,2.0,0.0,451.875,211.875,2338.0,0.0,-7.6484375,0.109313965,111.95524,16295.881,16147.823,1100.0834,507.58792,26.896177,27.17171,0.0,1.9742455,3.0,48.29712,30.826485,16.124979,13.874982,1.78,0.0,-27.6875,0.18518066,0.0,0.0,0.0,0.0,0.0,1.0253906,1.0,56.259155,2.3438232,93.26379,94.091774,0.0,103.999954,24.804688,1.0,119.0364,93.39001,477.0,543.75,-0.36957762,119.84375,0.0,122.84375,14.938412,49.99997,53.277588,1.0,51.02,55.5625,0.0,-78.85437,47.558594,0.0,3.6767578,50.99,51.04,50.61,50.66,0
150338.62,0.21420377,0.95117784,0.3780132,0.3892633,101.59883,18.796984,13.957415,-1.11801,204.51746,67.26377,207.639,0.0,6.001,21.201,52.08,0.0,99.248116,2.0,0.0,451.5,211.5,2344.0,0.0,-7.1875,0.110839844,112.087906,16366.46,16234.854,1100.0834,507.58792,25.62449,27.701578,0.0,2.048139,3.0,47.60437,30.826542,15.74998,13.499983,1.784,0.0,-27.710938,0.19372559,0.0,0.0,0.0,0.0,0.0,1.0244141,1.0,56.288147,2.3438013,93.89251,95.28766,0.0,103.999954,25.292969,1.0,119.832405,94.724976,477.0,543.375,-0.2956621,120.5,0.0,126.28125,15.405237,49.99997,54.888916,1.0,51.09,58.125,0.0,-77.67334,47.192383,0.0,3.6767578,51.13,51.14,50.75,50.68,0
150338.67,0.19136302,0.9617212,0.38437992,0.39320555,101.59883,18.796984,13.959643,-0.98742616,204.56615,67.452,207.639,0.0,6.001,21.201,52.08,0.0,99.248116,2.0,0.0,451.875,211.125,2350.0,0.0,-7.3046875,0.111206055,112.14595,16303.31,16380.257,1100.0834,507.58792,29.799862,28.295033,0.0,2.1072562,3.0,50.079346,30.826595,15.37498,13.124983,1.764,0.0,-27.96875,0.19885254,0.0,0.0,0.0,0.0,0.0,1.0253906,1.0,56.31714,2.3437858,94.79261,95.84102,0.0,103.999954,25.488281,1.0,120.222115,95.28882,477.0,543.375,-0.2365297,124.78125,0.0,127.8125,15.405237,49.99997,55.596924,1.0,51.24,59.65625,0.0,-76.535034,46.844482,0.0,3.6767578,51.25,51.25,50.87,50.93,0
150338.7,0.19309041,0.96593845,0.3875072,0.39659673,101.59883,18.796984,13.955344,-0.9077684,204.60468,67.80921,207.639,0.0,6.001,21.201,52.08,0.0,99.248116,2.0,0.0,451.125,211.125,2362.0,0.0,-7.4453125,0.11218262,112.436165,16307.024,16389.809,1100.0834,507.85324,30.181368,28.401007,0.0,2.3108013,3.0,50.3067,30.751453,15.37498,13.124983,1.832,0.0,-27.921875,0.20318604,0.0,0.0,0.0,0.0,0.0,1.0273438,1.0,56.332397,2.343775,95.34168,96.422134,0.0,103.999954,25.683594,1.0,120.72791,96.05166,477.375,543.375,-0.032973766,126.34375,0.0,129.3125,15.872062,49.99997,56.469727,1.0,51.31,60.96875,0.0,-75.87891,46.710205,0.0,3.6767578,51.41,51.4,51.17,51.12,0
150338.75,0.19447234,0.98637545,0.39231217,0.39634237,101.59883,18.796984,13.964053,-0.85060847,207.63329,69.046005,207.639,0.0,6.001,21.201,52.08,0.0,99.248116,2.0,0.0,451.125,211.125,2370.0,0.0,-7.5625,0.11199951,112.593704,16463.572,16456.143,1100.0834,507.85324,29.460745,28.846096,0.0,2.4736385,3.0,50.068665,30.683826,15.37498,13.124983,1.848,0.0,-27.242188,0.20458984,0.0,0.0,0.0,0.0,0.0,1.0253906,1.0,56.376648,2.3437676,95.73568,96.246605,0.0,103.999954,25.683594,1.0,121.39126,96.184326,477.75,543.75,0.12987097,128.59375,0.0,129.53125,15.872062,49.99997,57.580566,1.0,51.54,61.375,0.0,-76.89209,46.54541,0.0,3.6767578,51.65,51.55,51.21,51.25,0
150338.78,0.19557789,0.9945502,0.39075962,0.39697823,101.59883,18.796984,13.958431,-0.9038291,207.65952,69.22955,207.639,0.0,6.001,21.201,52.08,0.0,99.248116,2.0,0.0,451.125,211.125,2376.0,0.0,-7.578125,0.11218262,112.75954,16551.133,16353.193,1100.0834,508.3839,27.214098,28.316227,0.0,2.6039093,3.0,48.81897,30.622961,15.74998,13.124983,1.848,0.0,-26.742188,0.20550537,0.0,0.0,0.0,0.0,0.0,1.0234375,1.0,56.362915,2.3437624,95.368835,96.13917,0.0,103.999954,25.683594,1.0,122.2536,96.225784,477.75,543.75,0.26014677,127.8125,0.0,129.71875,15.405237,49.99997,58.47168,1.0,51.69,61.65625,0.0,-79.071045,46.514893,0.0,3.671875,51.75,51.74,51.35,51.44,0
150338.83,0.1964623,0.99782014,0.39070094,0.3974869,101.59883,18.796984,13.948636,-0.8928912,207.64421,69.253586,207.639,0.0,6.001,21.201,52.08,0.0,99.248116,2.0,0.0,451.5,211.125,2377.0,0.0,-7.5546875,0.11224365,112.79271,16483.207,16370.705,1100.0834,508.3839,27.637995,28.443396,0.0,2.708126,3.0,49.023438,30.568184,15.74998,13.124983,1.856,0.0,-26.632812,0.20672607,0.0,0.0,0.0,0.0,0.0,1.0195312,1.0,56.402588,2.3437586,95.44423,96.25254,0.0,103.999954,25.683594,1.0,122.87548,96.29212,478.125,543.75,0.3643674,127.6875,0.0,129.8125,15.405237,49.99997,59.49707,1.0,51.76,62.03125,0.0,-80.2124,46.42334,0.0,3.6767578,51.88,51.86,51.38,51.33,0
150338.88,0.21716985,1.017878,0.39083028,0.40066612,101.59883,18.796984,13.959357,-0.88650805,210.75778,70.528595,207.639,0.0,6.001,21.201,52.08,0.0,99.248116,2.0,0.0,451.125,211.125,2385.0,0.0,-7.609375,0.11254883,112.77612,16503.373,16369.644,1100.0834,508.3839,26.323917,28.485785,0.0,2.9477499,3.0,48.27423,30.518883,15.74998,13.124983,1.836,0.0,-26.625,0.21069336,0.0,0.0,0.0,0.0,0.0,1.0205078,1.0,56.39496,2.343756,95.48823,96.80773,0.0,103.999954,25.878906,1.0,123.762695,96.482834,477.75,543.75,0.6039939,127.34375,0.0,131.15625,15.405237,49.99997,60.26001,1.0,51.95,63.21875,0.0,-81.44531,46.16089,0.0,3.671875,52.03,52.04,51.75,51.71,0
150338.9,0.23373589,1.0259013,0.39229807,0.4015139,101.59883,18.796984,13.955144,-0.8868246,210.68407,70.6813,207.639,0.0,6.001,21.201,52.08,0.0,99.248116,2.0,0.0,451.125,211.125,2391.0,0.0,-7.65625,0.11328125,112.825874,16382.911,16413.158,1100.0834,508.64926,28.358616,28.803707,0.0,3.1394494,3.0,49.386597,30.474512,15.74998,13.124983,1.84,0.0,-26.34375,0.21289062,0.0,0.0,0.0,0.0,0.0,1.0234375,1.0,56.40869,2.3437543,95.486046,96.628075,0.0,103.999954,25.878906,1.0,124.33483,96.59062,477.75,543.75,0.79569507,128.34375,0.0,131.40625,15.405237,49.99997,61.52954,1.0,52.15,63.875,0.0,-82.44629,46.14868,0.0,3.6767578,52.12,52.16,51.63,51.97,0
150338.94,0.2669887,1.0291106,0.39329982,0.4113059,101.59883,18.796984,13.963913,-0.84868807,210.76007,70.97294,207.639,0.0,6.001,21.201,52.08,0.0,99.248116,2.0,0.0,451.125,211.125,2400.0,0.0,-7.6875,0.11444092,112.966835,16469.941,16371.236,1100.0834,508.64926,27.023346,28.655344,0.0,3.292809,3.0,48.75183,30.43458,15.74998,13.124983,1.84,0.0,-26.398438,0.22271729,0.0,0.0,0.0,0.0,0.0,1.0253906,1.0,56.422424,2.3437529,95.74892,97.98753,0.0,103.999954,26.367188,1.0,124.81575,97.452965,477.75,543.75,0.949056,128.6875,0.0,134.9375,15.405237,49.99997,62.17041,1.0,52.27,66.8125,0.0,-82.90405,45.599365,0.0,3.6767578,52.2,52.32,51.92,52.07,0
150338.98,0.27359095,1.0303943,0.40622106,0.4157144,101.59883,18.796984,13.958333,-0.6143935,210.75183,71.11803,207.639,0.0,6.001,21.201,52.08,0.0,99.248116,2.0,0.0,451.5,210.75,2405.0,0.0,-7.7890625,0.115234375,113.058044,16501.25,16611.63,1100.0834,508.91458,30.202562,30.033005,0.0,3.5717468,3.0,50.63629,30.39864,14.999981,12.749984,1.864,0.0,-26.460938,0.22851562,0.0,0.0,0.0,0.0,0.0,1.0253906,1.0,56.48651,2.343752,97.363884,98.56263,0.0,103.999954,26.5625,1.0,125.08109,98.04168,478.5,543.75,1.2279948,133.34375,0.0,136.46875,15.872062,49.99997,63.34839,1.0,52.39,68.5625,0.0,-79.992676,45.300293,0.0,3.671875,52.46,52.43,51.97,52.01,0
150339.03,0.25887278,1.0309078,0.40962675,0.41622308,101.59883,18.796984,13.930989,-0.5118372,210.71869,71.46163,207.639,0.0,6.001,21.201,52.08,0.0,99.248116,2.0,0.0,451.125,210.375,2417.0,0.0,-7.8515625,0.11584473,113.29851,16513.986,16641.879,1100.0834,508.91458,32.300846,30.181368,0.0,3.794897,3.0,51.90735,30.366293,14.624981,12.374984,1.88,0.0,-26.523438,0.23071289,0.0,0.0,0.0,0.0,0.0,1.0205078,1.0,56.52466,2.3437514,98.07079,98.91705,0.0,103.999954,26.5625,1.0,125.55373,98.34847,478.5,543.75,1.4511458,135.375,0.0,136.71875,15.872062,49.99997,63.87329,1.0,52.54,69.21875,0.0,-76.34888,45.25757,0.0,3.3276367,52.63,52.56,52.06,52.12,0
150339.08,0.26709822,1.0498631,0.4171706,0.41690135,101.59883,18.796984,13.958724,-0.5534038,213.7707,72.796616,207.639,0.0,6.001,21.201,52.08,0.0,99.248116,2.0,0.0,450.0,210.375,2427.0,0.0,-7.9609375,0.1161499,113.59701,16735.277,16739.521,1100.0834,508.91458,30.287342,30.774822,0.0,3.9734178,3.0,50.87433,30.337181,14.999981,12.374984,1.96,0.0,-26.5625,0.23309326,0.0,0.0,0.0,0.0,0.0,1.0166016,1.0,56.53839,2.343751,97.78428,97.74177,0.0,103.999954,26.5625,1.0,125.6781,98.356766,478.875,544.125,1.6296667,138.5,0.0,136.875,15.872062,49.99997,64.038086,1.0,52.66,69.9375,0.0,-76.55029,45.135498,0.0,1.9970703,52.73,52.73,52.46,52.43,0
150339.11,0.29367858,1.0574453,0.41071695,0.41762188,101.59883,18.796984,13.9547,-0.8136773,213.80522,72.92837,207.639,0.0,6.001,21.201,52.08,0.0,99.248116,2.0,0.0,450.375,210.375,2431.0,0.0,-8.0078125,0.11639404,113.820885,16692.293,16670.535,1100.0834,509.44525,29.92703,30.41451,0.0,4.116234,3.0,50.63629,30.310982,15.74998,12.374984,1.988,0.0,-26.585938,0.23413086,0.0,0.0,0.0,0.0,0.0,1.0146484,1.0,56.53839,2.3437505,95.99024,96.88139,0.0,103.999954,26.5625,1.0,124.93184,97.983635,479.625,544.125,1.7724833,135.625,0.0,137.0,15.405237,49.99997,62.408447,1.0,52.79,70.25,0.0,-80.252075,45.10498,0.0,1.6552734,52.94,52.89,52.63,52.56,0
150339.16,0.31494287,1.0979781,0.41538793,0.41770673,101.59883,18.796984,13.957744,-0.8131715,219.52336,74.97122,207.639,0.0,6.001,21.201,52.08,0.0,99.248116,2.0,0.0,450.375,210.375,2434.0,0.0,-8.125,0.11633301,113.8043,16743.768,16783.568,1100.0834,509.44525,31.982924,31.113937,0.0,4.2304873,3.0,51.986694,30.287401,15.74998,12.374984,1.972,0.0,-26.625,0.2355957,0.0,0.0,0.0,0.0,0.0,1.0136719,1.0,56.600952,2.3437505,95.99373,96.31759,0.0,103.999954,26.5625,1.0,123.646614,97.361755,479.625,544.125,1.8867368,137.5,0.0,137.0625,15.872062,49.99997,60.74829,1.0,53.02,70.6875,0.0,-78.8208,44.9646,0.0,1.4453125,53.06,53.03,52.5,52.75,0
150339.19,0.3119543,1.1329412,0.41764775,0.41830012,101.59883,18.796984,13.959873,-0.82770884,222.4192,76.11624,207.639,0.0,6.001,21.201,52.08,0.0,99.248116,2.0,0.0,450.375,210.375,2439.0,0.0,-8.15625,0.11602783,113.85405,16815.408,16854.678,1100.0834,509.7106,31.643808,31.241106,0.0,4.32189,3.0,51.85089,30.26618,15.74998,12.374984,1.972,0.0,-26.625,0.23730469,0.0,0.0,0.0,0.0,0.0,0.99902344,1.0,56.604004,2.3437505,95.893524,96.016785,0.0,103.999954,26.5625,1.0,122.543816,96.914,479.625,544.125,1.9781394,138.125,0.0,137.21875,16.338888,49.99997,59.32007,1.0,53.17,71.1875,0.0,-77.05078,44.744873,0.0,1.3085938,53.19,53.17,52.73,52.79,0
150339.23,0.30956343,1.1469265,0.41887358,0.41846973,101.59883,18.796984,13.961364,-0.83790404,222.47185,76.35276,207.639,0.0,6.001,21.201,52.08,0.0,99.248116,2.0,0.0,450.0,210.375,2446.0,0.0,-8.1484375,0.116882324,113.961845,16863.17,16895.54,1100.0834,509.7106,31.51664,31.262302,0.0,4.238762,3.0,51.828003,30.24708,16.124979,12.374984,2.004,0.0,-26.726562,0.23840332,0.0,0.0,0.0,0.0,0.0,0.9892578,1.0,56.617737,2.3437505,95.82325,95.6689,0.0,103.999954,26.5625,1.0,121.11762,96.59062,479.625,544.125,1.8950115,138.625,0.0,137.25,16.338888,49.99997,57.31201,1.0,53.24,71.53125,0.0,-74.853516,44.866943,0.0,1.0058594,53.39,53.38,53.09,52.94,0
150339.27,0.30765074,1.1525207,0.42043102,0.41948703,101.59883,18.796984,13.962408,-0.82129246,222.53812,76.68775,207.639,0.0,6.001,21.201,52.08,0.0,99.248116,2.0,0.0,450.375,210.375,2456.0,0.0,-7.7421875,0.11663818,114.06135,16912.521,16959.752,1100.0834,509.7106,32.237263,31.537834,0.0,4.17226,3.0,52.304077,30.22989,15.74998,12.374984,2.0,0.0,-26.65625,0.24145508,0.0,0.0,0.0,0.0,0.0,0.9873047,1.0,56.632996,2.3437505,95.93775,95.789505,0.0,103.999954,26.5625,1.0,120.13921,96.38333,480.0,543.75,1.8285092,138.9375,0.0,137.4375,16.805714,49.99997,56.10962,1.0,53.49,72.4375,0.0,-72.961426,44.54956,0.0,0.859375,53.51,53.55,53.25,53.22,0
150339.31,0.3061206,1.1360083,0.42309684,0.41991094,101.598,18.796984,13.95142,-0.79701257,219.6565,75.879654,207.639,0.0,6.001,21.201,52.08,0.0,99.248116,2.0,0.0,450.375,210.375,2462.0,0.0,-7.796875,0.11663818,114.102806,16853.617,16965.059,1100.0834,510.24127,32.80952,31.537834,0.0,4.1190577,3.0,52.58789,30.21442,15.74998,12.374984,2.004,0.0,-26.632812,0.24291992,0.0,0.0,0.0,0.0,0.0,0.9873047,1.0,56.6391,2.3437505,96.10428,95.724754,0.0,103.999954,26.5625,1.0,119.18565,96.23408,480.375,543.75,1.7753074,139.90625,0.0,137.5625,17.27254,49.99997,55.023193,1.0,53.69,72.875,0.0,-71.19446,44.421387,0.0,0.68359375,53.66,53.72,53.17,53.45,0
150339.34,0.30489647,1.1294034,0.42204502,0.4205892,101.59725,18.796984,13.961307,-0.8282634,219.76877,76.134285,207.639,0.0,6.001,21.201,52.08,0.0,99.248116,2.0,0.0,450.375,210.375,2469.0,0.0,-7.8203125,0.116760254,114.21889,16940.117,16935.871,1100.0834,510.24127,31.601418,31.368275,0.0,4.0764966,3.0,52.04315,30.200497,15.74998,12.374984,2.004,0.0,-26.539062,0.2444458,0.0,0.0,0.0,0.0,0.0,0.9873047,1.0,56.663513,2.3437505,95.88812,95.71583,0.0,103.999954,26.5625,1.0,118.36478,96.118,480.375,543.75,1.732746,139.4375,0.0,137.71875,17.27254,49.99997,53.875732,1.0,53.78,73.34375,0.0,-68.99414,44.32373,0.0,0.5566406,53.82,53.78,53.51,53.53,0
150339.39,0.2839172,1.1455114,0.42181367,0.4210555,101.59741,18.796984,13.968227,-0.83285016,222.53854,77.40607,207.639,0.0,6.001,21.201,52.08,0.0,99.248116,2.0,0.0,450.375,210.375,2479.0,0.0,-8.25,0.1171875,114.29352,16982.04,16927.91,1100.0834,510.50662,30.774822,31.325886,0.0,4.042447,3.0,51.57776,30.187965,16.499979,12.374984,2.004,0.0,-26.523438,0.24676514,0.0,0.0,0.0,0.0,0.0,0.9863281,1.0,56.669617,2.3437505,95.85667,95.751976,0.0,103.999954,26.5625,1.0,117.41122,96.05995,480.375,544.125,1.6986969,139.21875,0.0,137.875,17.27254,49.99997,52.69165,1.0,53.95,74.03125,0.0,-67.453,44.232178,0.0,0.48339844,54.05,54.12,53.53,53.53,0
150339.42,0.28713375,1.1519547,0.42200813,0.42177615,101.59756,18.796984,13.961352,-0.8459951,222.54907,77.56586,207.639,0.0,6.001,21.201,52.08,0.0,99.248116,2.0,0.0,450.75,210.375,2484.0,0.0,-8.0703125,0.117248535,114.32668,16971.957,16953.383,1100.0834,510.50662,31.283497,31.453054,0.0,4.0152082,3.0,51.88446,30.176687,16.499979,12.374984,2.004,0.0,-26.460938,0.24829102,0.0,0.0,0.0,0.0,0.0,0.984375,1.0,56.69098,2.3437505,95.766205,95.72992,0.0,103.999954,26.5625,1.0,116.673256,95.98533,480.75,544.125,1.6714575,139.28125,0.0,138.0625,17.27254,49.99997,51.696777,1.0,54.1,74.5,0.0,-65.859985,44.122314,0.0,0.5810547,54.29,54.23,53.62,53.69,0
150339.47,0.289707,1.154532,0.422057,0.42236957,101.59769,18.796984,13.95654,-0.84152013,222.69225,77.771996,207.639,0.0,6.001,21.201,52.08,0.0,99.248116,2.0,0.0,450.375,210.375,2489.0,0.0,-7.7265625,0.11730957,114.39301,17008.572,16942.77,1100.0834,510.50662,30.817211,31.368275,0.0,3.9934165,3.0,51.623535,30.166536,16.499979,12.374984,1.996,0.0,-26.398438,0.24969482,0.0,0.0,0.0,0.0,0.0,0.984375,1.0,56.689453,2.3437505,95.79718,95.845856,0.0,103.999954,26.5625,1.0,116.05137,95.96045,480.375,543.75,1.6496661,139.21875,0.0,138.21875,17.739363,49.99997,51.202393,1.0,54.26,74.90625,0.0,-64.19983,44.018555,0.0,0.64941406,54.26,54.32,54.0,54.08,0
150339.5,0.27176562,1.1555629,0.42345828,0.42253914,101.5978,18.796984,13.953172,-0.81292135,222.68903,78.020836,207.639,0.0,6.001,21.201,52.08,0.0,99.248116,2.0,0.0,450.0,210.375,2497.0,0.0,-7.8359375,0.11804199,114.442764,16917.828,16963.467,1100.0834,510.77194,31.96173,31.43186,0.0,3.8197334,3.0,52.326965,30.082212,16.124979,12.374984,2.028,0.0,-26.34375,0.25115967,0.0,0.0,0.0,0.0,0.0,0.9814453,1.0,56.69403,2.3437505,95.99442,95.87721,0.0,103.999954,26.5625,1.0,115.230484,95.977036,480.75,543.75,1.4759829,139.6875,0.0,138.25,17.739363,49.99997,50.286865,1.0,54.41,75.34375,0.0,-62.335205,44.073486,0.0,0.6201172,54.48,54.54,54.23,54.1,0
150339.55,0.2574125,1.1559752,0.42756036,0.4307627,101.59791,18.796984,13.962533,-0.758368,222.69356,78.30364,207.639,0.0,6.001,21.201,52.08,0.0,99.248116,2.0,0.0,450.0,210.375,2506.0,0.0,-8.0859375,0.11920166,114.54227,16931.625,17017.594,1100.0834,510.77194,31.474249,31.559029,0.0,3.6807868,3.0,52.04315,30.00632,16.124979,12.374984,2.032,0.0,-26.359375,0.2600708,0.0,0.0,0.0,0.0,0.0,0.9716797,1.0,56.707764,2.3437505,96.37056,96.83032,0.0,103.999954,26.953125,1.0,114.84906,96.225784,480.75,544.125,1.3370364,140.46875,0.0,141.125,18.206188,49.99997,50.335693,1.0,54.59,78.03125,0.0,-60.14099,43.60962,0.0,0.6640625,54.72,54.65,54.29,54.23,0
150339.58,0.26593,1.1561401,0.4282244,0.43114424,101.59801,18.796984,13.957367,-0.7244331,222.7119,78.49759,207.639,0.0,6.001,21.201,52.08,0.0,99.248116,2.0,0.0,450.0,210.0,2512.0,0.0,-8.3359375,0.11932373,114.64177,16943.3,16990.0,1100.0834,511.56796,31.855755,31.283497,0.0,3.4133797,3.0,52.293396,29.938019,16.124979,11.999985,2.036,0.0,-26.335938,0.26123047,0.0,0.0,0.0,0.0,0.0,0.9658203,1.0,56.71692,2.3437505,96.60457,96.922264,0.0,103.999954,26.953125,1.0,114.285225,96.53258,481.125,544.5,1.0696291,141.1875,0.0,141.125,18.673014,49.99997,49.975586,1.0,54.73,78.375,0.0,-57.165527,43.54248,0.0,0.76416016,54.84,54.77,54.35,54.49,0
150339.62,0.272744,1.1562061,0.43198162,0.45127925,101.59809,18.796984,13.953751,-0.6688748,222.71356,78.74817,207.639,0.0,6.001,21.201,52.08,0.0,99.248116,2.0,0.0,450.0,210.0,2520.0,0.0,-8.2109375,0.12194824,114.84906,17034.045,17107.809,1100.0834,511.56796,31.643808,31.792171,0.0,3.1994538,3.0,52.22473,29.876547,15.74998,11.999985,2.036,0.0,-26.414062,0.28100586,0.0,0.0,0.0,0.0,0.0,0.96484375,1.0,56.759644,2.3437505,96.98761,99.65011,0.0,103.999954,28.027344,1.0,113.58872,98.98694,481.125,544.125,0.8557033,142.53125,0.0,148.625,19.13984,49.99997,49.95117,1.0,54.89,84.3125,0.0,-50.454712,42.5354,0.0,0.63964844,54.99,54.88,54.54,54.46,0
150339.69,0.2781952,1.1562325,0.44904765,0.460393,101.59817,18.796984,13.957078,-0.31122953,222.71236,79.06023,207.639,0.0,6.001,21.201,52.08,0.0,99.248116,2.0,0.0,450.375,209.625,2530.0,0.0,-8.2890625,0.1239624,115.05636,17077.03,17256.928,1100.0834,511.56796,35.098557,32.830715,0.0,3.0283132,3.0,54.4281,29.821222,14.999981,11.624985,2.052,0.0,-26.59375,0.29174805,0.0,0.0,0.0,0.0,0.0,0.9658203,1.0,56.806946,2.3437505,99.452896,101.05629,0.0,103.999954,28.515625,1.0,112.91709,100.48775,481.5,544.5,0.6845626,147.84375,0.0,151.90625,20.540316,49.99997,49.969482,1.0,55.16,87.53125,0.0,-32.733154,42.15088,5.3604126,0.6176758,55.1,55.22,54.63,54.59,0
150339.72,0.28255615,1.1562431,0.45767906,0.4607321,101.598236,18.796984,13.953548,-0.12649189,222.66737,79.419174,207.639,0.0,6.001,21.201,52.08,0.0,99.248116,2.0,0.0,449.625,209.625,2542.0,0.0,-8.5625,0.12554932,115.578735,17134.342,17366.246,1100.0834,511.83328,36.66697,33.33939,0.0,2.8914006,3.0,55.381775,29.771431,14.624981,11.624985,2.108,0.0,-26.617188,0.29333496,0.0,0.0,0.0,0.0,0.0,0.9658203,1.0,56.840515,2.3437505,100.72634,101.246056,0.0,103.999954,28.515625,1.0,112.49421,100.81113,481.875,544.5,0.5476501,152.03125,0.0,151.9375,21.473967,49.99997,49.95117,1.0,55.29,88.0,0.0,-27.218628,42.419434,11.222839,0.703125,55.31,55.31,54.65,54.93,0
150339.75,0.28604493,1.1562473,0.4605788,0.4608169,101.5983,18.796984,13.956937,-0.066862576,222.82474,79.72542,207.639,0.0,6.001,21.201,52.08,0.0,99.248116,2.0,0.0,450.0,209.25,2550.0,0.0,-8.9453125,0.12634277,115.96845,17305.219,17385.88,1100.0834,511.83328,35.37409,33.33939,0.0,2.7818706,3.0,54.745483,29.726618,14.624981,11.249986,2.124,0.0,-26.625,0.29382324,0.0,0.0,0.0,0.0,0.0,0.9638672,1.0,56.863403,2.3437505,101.13742,101.15771,0.0,103.999954,28.515625,1.0,112.06304,100.993546,482.625,544.875,0.4381201,153.03125,0.0,151.84375,21.940792,49.99997,49.365234,1.0,55.37,88.15625,0.0,-25.231934,42.578125,13.368225,0.61279297,55.52,55.45,55.12,55.1,0
150339.8,0.26883593,1.174999,0.4602764,0.4607321,101.59835,18.796984,13.953449,-0.06688471,225.6748,80.90348,207.639,0.0,6.001,21.201,52.08,0.0,99.248116,2.0,0.0,450.375,209.25,2555.0,0.0,-9.078125,0.12695312,116.18404,17345.02,17389.596,1100.0834,512.36395,34.377934,33.275806,0.0,2.6942465,3.0,54.177856,29.686287,14.624981,11.249986,2.12,0.0,-26.585938,0.29406738,0.0,0.0,0.0,0.0,0.0,0.9658203,1.0,56.86493,2.3437505,101.13732,101.30924,0.0,103.999954,28.515625,1.0,111.87233,101.16767,483.0,545.25,0.35049608,152.8125,0.0,151.78125,21.940792,49.99997,49.279785,1.0,55.65,88.21875,0.0,-24.169922,42.712402,14.558411,0.61035156,55.58,55.69,55.31,55.32,0
150339.83,0.27506873,1.2012496,0.46004272,0.46064734,101.59757,18.796984,13.956867,-0.064800516,228.36467,82.028,207.639,0.0,6.001,21.201,52.08,0.0,99.248116,2.0,0.0,450.375,209.25,2560.0,0.0,-9.1328125,0.12731934,116.20891,17455.93,17382.697,1100.0834,512.36395,33.191025,33.233418,0.0,2.6241474,3.0,53.666687,29.649988,14.624981,11.249986,2.112,0.0,-26.53125,0.29467773,0.0,0.0,0.0,0.0,0.0,0.9707031,1.0,56.889343,2.3437505,101.15091,101.23868,0.0,103.999954,28.515625,1.0,111.6899,101.26717,483.0,545.25,0.28039688,152.65625,0.0,151.6875,21.940792,49.99997,49.188232,1.0,55.79,88.40625,0.0,-23.529053,42.755127,15.260315,0.5932617,55.73,55.85,55.25,55.37,0
150339.88,0.280055,1.2304999,0.45964864,0.46098652,101.59687,18.796984,13.95926,-0.07841698,231.18474,83.203156,207.639,0.0,6.001,21.201,52.08,0.0,99.248116,2.0,0.0,450.375,209.25,2565.0,0.0,-9.109375,0.12780762,116.30841,17596.027,17341.836,1100.0834,512.36395,30.647654,33.000275,0.0,2.568068,3.0,52.293396,29.61732,14.624981,11.249986,2.108,0.0,-26.179688,0.29559326,0.0,0.0,0.0,0.0,0.0,0.97265625,1.0,56.889343,2.3437505,101.05635,101.28151,0.0,103.999954,28.515625,1.0,111.4992,101.316925,483.0,545.25,0.2243175,152.46875,0.0,151.71875,22.407618,49.99997,49.017334,1.0,55.82,88.6875,0.0,-23.303223,42.803955,15.534973,0.6640625,55.92,55.86,55.55,55.67,0
150339.9,0.284044,1.26095,0.4593542,0.4608593,101.59707,18.796984,13.955075,-0.102362566,233.8446,84.48855,207.639,0.0,6.001,21.201,52.08,0.0,99.248116,2.0,0.0,450.375,209.625,2575.0,0.0,-9.1171875,0.1274414,116.325,17553.574,17352.979,1100.0834,512.6293,29.56672,33.02147,0.0,2.5232046,3.0,51.679993,29.587917,14.624981,11.624985,2.108,0.0,-26.007812,0.29718018,0.0,0.0,0.0,0.0,0.0,0.97558594,1.0,56.887817,2.3437505,100.891495,101.05242,0.0,103.999954,28.515625,1.0,111.36653,101.3335,483.0,545.25,0.17945401,152.4375,0.0,151.6875,22.407618,49.99997,48.80371,1.0,56.03,89.15625,0.0,-23.181152,42.578125,15.449524,0.55908203,56.06,56.12,55.71,55.64,0
150339.95,0.2672352,1.2731299,0.45842397,0.46111363,101.59725,18.796984,13.958006,-0.10142174,233.82542,84.71127,207.639,0.0,6.001,21.201,52.08,0.0,99.248116,2.0,0.0,450.375,209.625,2582.0,0.0,-9.7109375,0.1274414,116.3167,17441.07,17338.65,1100.0834,512.6293,31.304691,32.957886,0.0,2.4873137,3.0,52.645874,29.561457,14.624981,11.624985,2.096,0.0,-25.90625,0.29937744,0.0,0.0,0.0,0.0,0.0,0.97753906,1.0,56.91223,2.3437505,100.89816,101.151596,0.0,103.999954,28.515625,1.0,111.283615,101.35009,483.0,545.625,0.14356321,151.875,0.0,151.625,22.407618,49.99997,49.041748,1.0,56.23,89.8125,0.0,-23.596191,42.39502,14.881897,0.60546875,56.27,56.36,55.73,55.69,0
150339.98,0.23378815,1.2592521,0.45842242,0.46119842,101.59741,18.796984,13.960057,-0.11362144,231.22516,83.9639,207.639,0.0,6.001,21.201,52.08,0.0,99.248116,2.0,0.0,450.375,209.625,2588.0,0.0,-9.4765625,0.12756348,116.40791,17475.033,17341.836,1100.0834,513.16,30.817211,33.000275,0.0,2.458601,3.0,52.38495,29.537642,14.624981,11.624985,2.1,0.0,-25.875,0.30041504,0.0,0.0,0.0,0.0,0.0,0.98046875,1.0,56.913757,2.3437505,100.81423,101.28768,0.0,103.999954,28.515625,1.0,111.06803,101.383255,483.375,545.625,0.11485057,151.71875,0.0,151.6875,22.407618,49.99997,48.742676,1.0,56.38,90.125,0.0,-22.973633,42.340088,15.455627,0.7080078,56.27,56.47,56.06,55.94,0
150340.03,0.18703052,1.2537009,0.457902,0.46102887,101.59756,18.796984,13.955634,-0.11931397,231.23999,84.26129,207.639,0.0,6.001,21.201,52.08,0.0,99.248116,2.0,0.0,450.375,210.0,2597.0,0.0,-9.4765625,0.12792969,116.44108,17370.492,17365.715,1100.0834,513.16,31.792171,33.063858,0.0,2.435631,3.0,52.986145,29.516209,14.624981,11.999985,2.1,0.0,-25.742188,0.30194092,0.0,0.0,0.0,0.0,0.0,0.98046875,1.0,56.93512,2.3437505,100.77514,101.23405,0.0,103.999954,28.515625,1.0,110.98511,101.41642,483.375,545.625,0.09188046,151.5,0.0,151.59375,22.407618,49.99997,48.7854,1.0,56.51,90.59375,0.0,-22.885132,42.297363,15.519714,0.60302734,56.57,56.83,56.17,56.09,0
150340.06,0.18962443,1.2702303,0.4603993,0.46141037,101.59769,18.796984,13.958397,-0.0848666,233.95366,85.51274,207.639,0.0,6.001,21.201,52.08,0.0,99.248116,2.0,0.0,450.375,209.625,2605.0,0.0,-9.546875,0.12799072,116.48254,17455.93,17375.799,1100.0834,513.16,30.796017,33.063858,0.0,2.417255,3.0,52.474976,29.496918,14.624981,11.624985,2.092,0.0,-25.625,0.303833,0.0,0.0,0.0,0.0,0.0,0.9814453,1.0,56.94275,2.3437505,101.01271,101.17422,0.0,103.999954,28.515625,1.0,110.77782,101.41642,483.375,545.625,0.07350437,152.34375,0.0,151.59375,22.874443,49.99997,48.736572,1.0,56.62,91.15625,0.0,-22.503662,42.15088,15.785217,0.6665039,56.87,56.84,56.27,56.27,0
150340.11,0.21169955,1.2580922,0.46152782,0.46162233,101.5978,18.796984,13.948612,-0.072723344,231.31874,84.809296,207.639,0.0,6.001,21.201,52.08,0.0,99.248116,2.0,0.0,450.75,209.625,2613.0,0.0,-9.609375,0.128479,116.6235,17387.473,17374.736,1100.0834,513.6906,31.87695,33.000275,0.0,2.402554,3.0,53.07617,29.40437,14.624981,11.624985,2.092,0.0,-25.21875,0.30511475,0.0,0.0,0.0,0.0,0.0,0.98339844,1.0,56.95038,2.3437505,101.09653,101.19066,0.0,103.999954,28.515625,1.0,110.68661,101.39984,483.75,545.625,0.0588035,152.65625,0.0,151.5,22.874443,49.99997,48.675537,1.0,56.82,91.53125,0.0,-22.381592,42.156982,15.937805,0.5883789,56.91,56.91,56.47,56.57,0
150340.14,0.20935965,1.271987,0.4615928,0.46145275,101.59791,18.796984,13.947622,-0.08957735,233.93881,85.96685,207.639,0.0,6.001,21.201,52.08,0.0,99.248116,2.0,0.0,450.375,209.625,2619.0,0.0,-10.0078125,0.12817383,116.68154,17403.924,17388.004,1100.0834,513.6906,31.410666,32.915493,0.0,2.3907933,3.0,52.79236,29.321075,14.624981,11.624985,2.096,0.0,-25.140625,0.30603027,0.0,0.0,0.0,0.0,0.0,0.98339844,1.0,56.980896,2.3437505,100.98046,100.98336,0.0,103.999954,28.515625,1.0,110.661736,101.3335,483.75,546.0,0.0470428,152.625,0.0,151.46875,22.874443,49.99997,48.76709,1.0,57.02,91.8125,0.0,-22.735596,42.004395,15.44342,0.71533203,57.08,57.46,56.87,56.42,0
150340.19,0.18748772,1.2587948,0.46011508,0.46136796,101.59801,18.796984,13.952788,-0.11137011,231.2921,85.31878,207.639,0.0,6.001,21.201,52.08,0.0,99.248116,2.0,0.0,450.375,210.0,2629.0,0.0,-10.125,0.1282959,116.756165,17459.113,17341.836,1100.0834,513.956,30.075394,32.661156,0.0,2.2251348,3.0,52.168274,29.24611,14.624981,11.999985,2.096,0.0,-25.125,0.3076172,0.0,0.0,0.0,0.0,0.0,0.984375,1.0,56.97174,2.3437505,100.830345,100.98214,0.0,103.999954,28.515625,1.0,110.62856,101.292046,483.75,546.0,-0.11861575,152.0,0.0,151.375,22.874443,49.99997,48.840332,1.0,57.28,92.28125,0.0,-23.181152,41.900635,14.918518,0.56640625,57.36,57.32,56.87,56.62,0
150340.22,0.24999018,1.2535179,0.458495,0.46145275,101.59809,18.796984,13.950545,-0.11466078,231.43858,85.50271,207.639,0.0,6.001,21.201,52.08,0.0,99.248116,2.0,0.0,451.125,210.0,2633.0,0.0,-10.125,0.1282959,116.77275,17416.66,17338.121,1100.0834,513.956,30.393316,32.597572,0.0,2.092608,3.0,52.326965,29.178642,14.624981,11.999985,2.084,0.0,-25.539062,0.30841064,0.0,0.0,0.0,0.0,0.0,0.98535156,1.0,56.988525,2.3437505,100.80775,101.24437,0.0,103.999954,28.515625,1.0,110.56223,101.28375,484.125,546.0,-0.2511426,151.34375,0.0,151.34375,22.874443,49.99997,48.74878,1.0,57.42,92.53125,0.0,-23.22998,41.827393,14.802551,0.703125,57.44,57.42,57.23,56.99,0
150340.27,0.25999215,1.2701571,0.4585166,0.46141037,101.59817,18.796984,13.960694,-0.08639515,234.11116,86.75285,207.639,0.0,6.001,21.201,52.08,0.0,99.248116,2.0,0.0,450.75,210.375,2641.0,0.0,-10.15625,0.1282959,116.78933,17455.93,17341.836,1100.0834,513.956,30.223757,32.597572,0.0,1.9865865,3.0,52.270508,29.11792,14.624981,12.374984,2.084,0.0,-26.1875,0.30975342,0.0,0.0,0.0,0.0,0.0,0.9863281,1.0,56.996155,2.3437505,101.002655,101.44212,0.0,103.999954,28.515625,1.0,110.48761,101.383255,484.125,546.375,-0.35716406,151.3125,0.0,151.34375,22.874443,49.99997,48.901367,1.0,57.56,92.9375,0.0,-22.77832,41.705322,15.150452,0.60058594,57.71,57.7,57.32,57.08,0
150340.3,0.26799372,1.2580628,0.45819452,0.46153754,101.598236,18.796984,13.95022,-0.06805908,231.10056,86.026344,207.639,0.0,6.001,21.201,52.08,0.0,99.248116,2.0,0.0,451.125,210.0,2653.0,0.0,-10.09375,0.12866211,116.781044,17331.223,17353.51,1100.0834,514.48663,31.410666,32.597572,0.0,1.9017692,3.0,52.871704,29.06327,14.624981,11.999985,2.064,0.0,-26.242188,0.31188965,0.0,0.0,0.0,0.0,0.0,0.9873047,1.0,56.999207,2.3437505,101.12911,101.52695,0.0,103.999954,28.515625,1.0,110.33006,101.48276,484.125,546.0,-0.44198126,151.0,0.0,151.25,23.341269,49.99997,48.66333,1.0,57.8,93.5625,0.0,-21.728516,41.61377,16.133118,0.64941406,57.9,57.86,57.29,56.51,0
150340.36,0.25439498,1.2532251,0.46003994,0.46196142,101.5983,18.796984,13.960466,-0.040283795,231.59087,86.338844,207.639,0.0,6.001,21.201,52.08,0.0,99.248116,2.0,0.0,450.75,210.0,2657.0,0.0,-10.1328125,0.1295166,116.93029,17369.43,17375.799,1100.0834,514.48663,31.622612,32.70355,0.0,1.8339155,3.0,53.144836,29.014086,14.249982,11.999985,2.076,0.0,-26.25,0.31237793,0.0,0.0,0.0,0.0,0.0,0.9902344,1.0,57.032776,2.3437505,101.320625,101.67713,0.0,103.999954,28.515625,1.0,110.213974,101.615425,484.125,546.375,-0.509835,151.65625,0.0,151.21875,23.808094,49.99997,48.62671,1.0,57.91,93.71875,0.0,-20.593262,41.79077,17.463684,0.64208984,57.95,57.95,57.63,57.78,0
150340.39,0.26351598,1.2325401,0.46213493,0.46187663,101.59835,18.796984,13.96178,0.006575794,228.92117,85.53628,207.639,0.0,6.001,21.201,52.08,0.0,99.248116,2.0,0.0,451.125,210.0,2663.0,0.0,-10.1640625,0.1296997,117.054665,17371.021,17414.006,1100.0834,514.752,31.51664,32.915493,0.0,1.7796326,3.0,53.06549,28.96982,14.249982,11.999985,2.08,0.0,-26.25,0.31329346,0.0,0.0,0.0,0.0,0.0,0.9941406,1.0,57.037354,2.3437505,101.64368,101.5566,0.0,103.999954,28.515625,1.0,110.15593,101.69005,484.5,546.375,-0.56411797,152.40625,0.0,151.1875,23.808094,49.99997,48.62671,1.0,58.06,94.0,0.0,-19.80896,41.760254,18.223572,0.6591797,58.18,58.07,57.8,57.88,0
150340.44,0.2908128,1.243016,0.46125862,0.46225816,101.598404,18.796984,13.95684,0.0057113445,231.54355,86.90599,207.639,0.0,6.001,21.201,52.08,0.0,99.248116,2.0,0.0,451.125,210.0,2675.0,0.0,-10.796875,0.13018799,117.18734,17359.879,17412.414,1100.0834,514.752,31.559029,32.873104,0.0,1.736206,3.0,53.08838,28.929981,14.249982,11.999985,2.088,0.0,-26.328125,0.3154297,0.0,0.0,0.0,0.0,0.0,0.9951172,1.0,57.05414,2.3437505,101.63777,101.791214,0.0,103.999954,28.515625,1.0,110.18081,101.77297,484.5,546.75,-0.60754436,151.90625,0.0,151.125,23.808094,49.99997,48.779297,1.0,58.26,94.625,0.0,-19.58313,41.68701,18.39447,0.6274414,58.29,58.31,57.76,57.78,0
150340.48,0.31265023,1.2472064,0.4608883,0.46204618,101.59845,18.796984,13.959241,0.012146569,231.62619,87.06701,207.639,0.0,6.001,21.201,52.08,0.0,99.248116,2.0,0.0,451.125,210.0,2679.0,0.0,-10.7421875,0.13061523,117.270256,17418.783,17396.494,1100.0834,514.752,30.817211,32.80952,0.0,1.701465,3.0,52.679443,28.894125,14.249982,11.999985,2.088,0.0,-26.304688,0.3154297,0.0,0.0,0.0,0.0,0.0,0.9951172,1.0,57.05719,2.3437505,101.682175,101.76076,0.0,103.999954,28.515625,1.0,110.213974,101.847595,484.5,546.75,-0.64228547,151.6875,0.0,151.09375,23.808094,49.99997,48.931885,1.0,58.37,94.625,0.0,-19.226074,41.796875,18.867493,0.5957031,58.37,58.46,57.99,58.2,0
150340.52,0.3101202,1.2676326,0.46151093,0.46221575,101.59766,18.796984,13.955062,-0.0011743675,234.35417,88.25686,207.639,0.0,6.001,21.201,52.08,0.0,99.248116,2.0,0.0,451.125,210.0,2684.0,0.0,-10.46875,0.13061523,117.270256,17416.66,17347.672,1100.0834,515.28265,30.753628,32.576378,0.0,1.6736721,3.0,52.668762,28.861855,14.249982,11.999985,2.08,0.0,-26.3125,0.3163452,0.0,0.0,0.0,0.0,0.0,0.9941406,1.0,57.058716,2.3437505,101.58956,101.71262,0.0,103.999954,28.515625,1.0,110.13106,101.86418,484.5,546.375,-0.6700784,151.90625,0.0,151.0625,23.808094,49.99997,48.858643,1.0,58.49,94.90625,0.0,-18.991089,41.71753,19.029236,0.71777344,58.73,58.68,58.26,58.16,0
150340.55,0.28809616,1.294553,0.46068338,0.46234286,101.59695,18.796984,13.963856,-0.004336637,236.93257,89.66004,207.639,0.0,6.001,21.201,52.08,0.0,99.248116,2.0,0.0,451.125,210.375,2697.0,0.0,-10.4921875,0.13104248,117.336586,17489.893,17353.51,1100.0834,515.28265,29.651499,32.597572,0.0,1.6514378,3.0,52.157593,28.832811,14.249982,12.374984,2.08,0.0,-26.25,0.31884766,0.0,0.0,0.0,0.0,0.0,0.99609375,1.0,57.084656,2.3437505,101.567055,101.7764,0.0,103.999954,28.515625,1.0,110.09789,101.90564,484.5,546.375,-0.6923127,151.5,0.0,151.03125,23.808094,49.99997,48.828125,1.0,58.71,95.65625,0.0,-18.945312,41.607666,19.00177,0.5908203,58.82,58.86,58.18,58.34,0
150340.6,0.27047694,1.2865713,0.46008956,0.46556452,101.596306,18.796984,13.958293,8.578085E-4,234.38622,88.86089,207.639,0.0,6.001,21.201,52.08,0.0,99.248116,2.0,0.0,450.75,210.375,2702.0,0.0,-10.5546875,0.13189697,117.46925,17499.975,17332.283,1100.0834,515.548,29.48194,32.4916,0.0,1.6336503,3.0,52.09961,28.806673,14.249982,12.374984,2.084,0.0,-26.210938,0.32208252,0.0,0.0,0.0,0.0,0.0,0.99609375,1.0,57.084656,2.3437505,101.60222,102.32126,0.0,103.999954,28.710938,1.0,110.03984,102.03831,484.5,546.75,-0.7101002,151.21875,0.0,152.28125,24.27492,49.99997,48.864746,1.0,58.89,96.625,0.0,-18.21289,41.534424,19.721985,0.7128906,58.94,59.05,58.46,58.68,0
150340.62,0.25638154,1.2646285,0.46374252,0.4658612,101.596565,18.796984,13.94854,0.051650036,231.71883,88.14224,207.639,0.0,6.001,21.201,52.08,0.0,99.248116,2.0,0.0,451.5,210.375,2711.0,0.0,-10.859375,0.13232422,117.502426,17428.334,17389.596,1100.0834,515.548,31.113937,32.788326,0.0,1.6194203,3.0,53.019714,28.783148,14.249982,12.374984,2.068,0.0,-25.804688,0.32373047,0.0,0.0,0.0,0.0,0.0,0.9980469,1.0,57.130432,2.3437505,101.95258,102.22177,0.0,103.999954,28.710938,1.0,109.85744,102.19585,485.25,546.75,-0.7243301,152.625,0.0,152.25,24.741743,49.99997,48.7854,1.0,59.03,97.125,0.0,-16.729736,41.497803,21.180725,0.6567383,59.18,59.22,58.73,58.6,0
150340.67,0.24510524,1.2558515,0.4647411,0.46607322,101.596794,18.796984,13.9592905,0.05694963,231.65262,88.507095,207.639,0.0,6.001,21.201,52.08,0.0,99.248116,2.0,0.0,451.125,210.0,2723.0,0.0,-10.875,0.13330078,117.73459,17515.896,17388.004,1100.0834,515.548,30.287342,32.661156,0.0,1.6080363,3.0,52.7359,28.761976,14.249982,11.999985,2.076,0.0,-25.664062,0.32531738,0.0,0.0,0.0,0.0,0.0,1.0048828,1.0,57.13806,2.3437505,101.98934,102.217705,0.0,103.999954,28.710938,1.0,109.77451,102.27876,484.875,546.75,-0.73571414,152.65625,0.0,152.15625,24.741743,49.99997,48.73047,1.0,59.25,97.59375,0.0,-16.156006,41.601562,21.88263,0.5810547,59.4,59.33,58.61,58.69,0
150340.7,0.25608417,1.2523406,0.4637568,0.4660308,101.597,18.796984,13.943378,0.055887055,231.768,88.68127,207.639,0.0,6.001,21.201,52.08,0.0,99.248116,2.0,0.0,450.75,210.375,2727.0,0.0,-11.0234375,0.13415527,117.85068,17444.256,17415.6,1100.0834,516.0787,31.050354,32.957886,0.0,1.5989292,3.0,53.09906,28.667734,14.249982,12.374984,2.084,0.0,-25.65625,0.3260498,0.0,0.0,0.0,0.0,0.0,1.0039062,1.0,57.139587,2.3437505,101.98222,102.31914,0.0,103.999954,28.710938,1.0,109.85744,102.36169,484.875,547.125,-0.7448213,152.375,0.0,152.15625,24.741743,49.99997,49.11499,1.0,59.33,97.8125,0.0,-15.802002,41.75415,22.395325,0.7470703,59.55,59.51,58.91,59.18,0
150340.75,0.26486734,1.2509363,0.46412072,0.46628517,101.59718,18.796984,13.943958,0.060251363,231.81236,88.99097,207.639,0.0,6.001,21.201,52.08,0.0,99.248116,2.0,0.0,451.125,210.375,2736.0,0.0,-11.1484375,0.13378906,117.85068,17530.754,17427.805,1100.0834,516.0787,30.0542,33.02147,0.0,1.5916433,3.0,52.56653,28.582916,14.249982,12.374984,2.084,0.0,-26.117188,0.32788086,0.0,0.0,0.0,0.0,0.0,1.0078125,1.0,57.170105,2.3437505,102.01249,102.3438,0.0,103.999954,28.710938,1.0,109.92377,102.41143,485.25,547.125,-0.7521071,152.40625,0.0,152.125,24.741743,49.99997,49.328613,1.0,59.59,98.375,0.0,-15.716553,41.497803,22.254944,0.60058594,59.63,59.7,59.2,59.12,0
150340.78,0.27189386,1.2691245,0.46398634,0.46636993,101.59735,18.796984,13.950224,0.08798791,234.48683,90.379585,207.639,0.0,6.001,21.201,52.08,0.0,99.248116,2.0,0.0,451.125,210.375,2747.0,0.0,-11.1640625,0.13427734,117.96676,17428.334,17391.719,1100.0834,516.6093,30.54168,32.8943,0.0,1.7420647,3.0,52.79236,28.50658,14.249982,12.374984,2.08,0.0,-26.421875,0.32946777,0.0,0.0,0.0,0.0,0.0,1.0097656,1.0,57.170105,2.3437505,102.20384,102.543236,0.0,103.999954,28.710938,1.0,109.92377,102.51093,485.625,547.125,-0.6016857,152.34375,0.0,152.03125,25.208569,49.99997,49.16992,1.0,59.77,98.84375,0.0,-15.414429,41.479492,22.557068,0.5786133,59.85,59.97,59.25,59.25,0
150340.83,0.2975151,1.2763999,0.46554172,0.46641228,101.5975,18.796984,13.9487505,0.1339742,234.6287,90.50011,207.639,0.0,6.001,21.201,52.08,0.0,99.248116,2.0,0.0,451.125,210.0,2749.0,0.0,-11.8515625,0.13549805,118.06626,17350.326,17409.762,1100.0834,516.6093,31.368275,32.97908,0.0,1.706152,3.0,53.2135,28.437878,13.874982,11.999985,2.076,0.0,-26.609375,0.3293457,0.0,0.0,0.0,0.0,0.0,1.0078125,1.0,57.19757,2.3437505,102.52097,102.77572,0.0,103.999954,28.710938,1.0,109.8906,102.66019,485.25,547.875,-0.6375986,152.78125,0.0,152.0,25.208569,49.99997,49.18213,1.0,59.89,98.8125,0.0,-14.694214,41.796875,23.594666,0.6323242,59.98,59.97,59.58,59.66,0
150340.88,0.29801208,1.27931,0.46571824,0.46658188,101.59764,18.796984,13.953578,0.1324567,234.63486,90.8317,207.639,0.0,6.001,21.201,52.08,0.0,99.248116,2.0,0.0,450.75,210.375,2759.0,0.0,-11.6640625,0.1359253,118.165764,17503.16,17395.963,1100.0834,516.6093,29.164019,32.745937,0.0,1.8336716,3.0,52.134705,28.376045,14.249982,12.374984,2.092,0.0,-26.625,0.33068848,0.0,0.0,0.0,0.0,0.0,1.0097656,1.0,57.18994,2.3437505,102.51065,102.755684,0.0,103.999954,28.710938,1.0,109.77451,102.76798,485.25,547.875,-0.51007885,152.71875,0.0,151.90625,25.675394,49.99997,48.87085,1.0,60.14,99.21875,0.0,-13.94043,41.784668,24.34845,0.5957031,60.18,60.15,59.72,59.76,0
150340.9,0.29840967,1.261724,0.46469083,0.47018498,101.59776,18.796984,13.945239,0.14391813,231.93646,90.17763,207.639,0.0,6.001,21.201,52.08,0.0,99.248116,2.0,0.0,451.5,210.375,2771.0,0.0,-11.4296875,0.13684082,118.31502,17444.785,17383.229,1100.0834,517.14,29.884642,33.297,0.0,1.9356874,3.0,52.485657,28.320396,14.249982,12.374984,2.068,0.0,-26.625,0.33599854,0.0,0.0,0.0,0.0,0.0,1.0107422,1.0,57.200623,2.3437505,102.589775,103.50168,0.0,103.999954,28.90625,1.0,109.7828,103.05819,486.0,547.5,-0.40806308,152.3125,0.0,153.21875,25.675394,49.99997,49.023438,1.0,60.25,100.8125,0.0,-12.811279,41.540527,25.300598,0.64941406,60.34,60.46,59.87,59.83,0
150340.94,0.29872772,1.2546897,0.4663404,0.47366095,101.59787,18.796984,13.939402,0.1716093,232.04237,90.38159,207.639,0.0,6.001,21.201,52.08,0.0,99.248116,2.0,0.0,451.125,210.375,2776.0,0.0,-11.7734375,0.13848877,118.464264,17471.85,17411.885,1100.0834,517.14,29.460745,33.890453,0.0,2.0173001,3.0,52.23694,28.270311,14.249982,12.374984,2.108,0.0,-26.570312,0.33996582,0.0,0.0,0.0,0.0,0.0,1.0146484,1.0,57.255554,2.3437505,102.780754,103.93873,0.0,103.999954,29.101562,1.0,109.74963,103.414734,486.375,547.875,-0.32645047,152.8125,0.0,154.5,26.14222,49.99997,49.261475,1.0,60.45,102.0,0.0,-11.190796,41.601562,27.043152,0.8642578,60.46,60.42,60.12,60.21,0
150340.98,0.29898217,1.2518759,0.46945322,0.50706387,101.59797,18.796984,13.929456,0.23544686,231.95317,90.7374,207.639,0.0,6.001,21.201,52.08,0.0,99.248116,2.0,0.0,450.375,210.375,2788.0,0.0,-11.8828125,0.15893555,119.98166,17553.043,17454.338,1100.0834,517.67065,29.48194,34.335545,0.0,2.08259,3.0,52.418518,28.225235,14.249982,12.374984,2.128,0.0,-26.492188,0.3583374,0.0,0.0,0.0,0.0,0.0,1.0126953,1.0,57.276917,2.3437505,103.22088,109.38662,0.0,103.999954,31.25,1.0,109.60868,110.60368,486.375,547.875,-0.26116037,153.40625,0.0,168.875,26.609045,49.99997,49.261475,1.0,60.65,107.5,0.0,-2.3986816,44.970703,39.375305,1.3085938,60.76,60.76,60.36,60.08,0
150341.03,0.29918572,1.2507503,0.4862055,0.6004905,101.59806,18.796984,13.904916,0.633584,232.0251,91.091095,207.639,0.0,6.001,21.201,52.08,0.0,99.248116,2.0,0.0,450.375,210.0,2798.0,0.0,-12.4453125,0.2845459,132.80899,17459.113,17756.82,1100.0834,517.67065,36.243076,36.34905,0.0,2.1348221,3.0,56.176758,28.184666,13.124983,11.999985,2.128,0.0,-26.460938,0.3447876,0.0,0.0,0.0,0.0,0.0,1.0029297,1.0,57.391357,2.3437505,105.96529,124.503815,0.0,103.999954,43.164062,0.0,109.04484,129.23526,486.375,548.625,-0.2089283,160.25,0.0,247.78125,37.346027,49.99997,50.24414,1.0,60.8,103.4375,0.0,18.069458,71.53931,87.327576,1.8896484,60.92,60.97,60.36,60.38,0
150341.08,0.29934856,1.2690501,0.5045383,0.8379569,101.598145,18.796984,13.928754,1.013902,234.69455,92.66598,207.639,0.0,6.001,21.201,52.08,0.0,99.248116,2.0,0.0,449.625,209.625,2814.0,0.0,-13.6953125,0.4631958,165.34584,17562.064,17999.338,1100.0834,517.67065,41.26624,37.32401,0.0,2.1766078,3.0,58.8562,28.148153,12.749984,11.624985,2.188,0.0,-25.382812,0.16259766,0.0,0.0,0.0,0.0,0.0,0.9980469,1.0,57.525635,2.3437505,108.58686,163.84608,0.0,103.999954,67.67578,0.0,109.078,177.75029,486.75,549.75,-0.16714264,165.875,0.0,420.0,60.22047,49.99997,50.079346,1.0,60.9,48.78125,0.0,73.43445,93.14575,99.998474,2.8198242,60.99,60.92,60.54,60.68,0
150341.11,0.27947885,1.27637,0.51181114,1.242438,101.59821,18.796984,13.916143,1.1089616,234.69345,92.96192,207.639,0.0,6.001,21.201,52.08,0.0,99.248116,2.0,0.0,447.375,209.625,2823.0,0.0,-14.0078125,0.6878662,229.76447,17723.389,18077.348,1100.0834,518.20135,42.622704,38.12941,0.0,2.1319113,3.0,59.661865,28.115294,12.374984,11.624985,2.344,0.0,-22.851562,0.0,0.0,0.0,0.0,0.0,0.0,1.0009766,1.0,57.640076,2.1093755,109.242165,231.17368,0.0,103.999954,97.65625,0.0,109.63355,260.75073,487.125,550.125,0.02253586,169.625,0.0,440.0,75.62571,49.99997,52.056885,1.0,61.2,0.0,0.0,73.513794,99.998474,99.998474,3.227539,61.21,61.26,60.97,60.65,0
150341.16,0.2635831,1.3167981,0.53694254,1.237436,101.59828,18.796984,13.919035,1.2766902,239.95752,95.3837,207.639,0.0,6.001,21.201,52.08,0.0,99.248116,2.0,0.0,447.75,209.625,2833.0,0.0,-8.3359375,0.72198486,241.16562,18376.115,18356.48,1100.0834,518.20135,38.78645,40.058136,0.0,2.1195915,3.0,57.58362,28.08572,11.999985,11.624985,2.38,0.0,-13.9453125,0.0,0.0,0.0,0.0,0.0,0.0,0.9921875,1.0,57.85675,1.9453129,110.39837,228.22595,0.0,103.999954,99.90234,0.0,110.73635,257.5584,488.25,544.5,0.17427868,177.3125,0.0,439.78125,77.95983,49.99997,55.145264,1.0,61.34,0.0,0.0,72.25647,99.998474,99.998474,3.5131836,61.37,61.56,60.92,60.78,0
150341.19,0.25086647,1.3517194,0.56215113,1.2370969,101.59834,18.796984,13.915199,1.5858787,242.63705,96.82332,207.639,0.0,6.001,21.201,52.08,0.0,99.248116,2.0,0.0,447.375,209.25,2844.0,0.0,-2.5625,0.72314453,241.79579,19028.842,18557.605,1100.0834,518.73206,34.48391,41.478188,0.0,2.126142,3.0,55.24597,28.059103,11.249986,11.249986,2.456,0.0,-6.7578125,0.0,0.0,0.0,0.0,0.0,0.0,0.9921875,1.0,58.10852,1.830469,112.52963,226.18271,0.0,103.999954,99.90234,0.0,112.759544,254.91335,489.375,538.5,0.29567292,188.59375,0.0,439.78125,78.893486,49.99997,59.32007,1.0,61.56,0.0,0.0,71.12427,99.998474,99.998474,3.6669922,61.56,61.58,61.12,61.12,0
150341.23,0.26069316,1.4219377,0.60832614,1.2490084,101.5984,18.796984,13.906655,2.0447245,250.16171,100.35251,207.639,0.0,6.001,21.201,52.08,0.0,99.248116,2.0,0.0,447.375,209.25,2859.0,0.0,-3.6328125,0.7213135,241.42267,18538.5,19007.615,1100.0834,518.73206,48.76919,44.91174,0.0,2.1428666,3.0,62.886047,28.035149,11.999985,11.249986,2.52,0.0,0.375,0.0,0.0,0.0,0.0,0.0,0.0,0.99316406,1.0,58.467102,1.7500783,115.69246,222.4854,0.0,103.999954,99.90234,0.0,115.76945,250.67625,490.875,539.625,0.39278832,203.21875,0.0,440.28125,78.893486,49.99997,65.649414,1.0,61.85,0.0,0.0,70.33386,99.998474,99.998474,3.6767578,61.91,61.96,61.26,61.18,0
150341.28,0.26855454,1.4875252,0.63256085,1.2585886,101.59844,18.796984,13.912393,2.4790125,255.11993,102.66367,207.639,0.0,6.001,21.201,52.08,0.0,99.248116,2.0,0.0,446.25,208.5,2868.0,0.0,-6.3671875,0.7293091,244.5984,18511.967,19302.668,1100.0834,518.73206,56.844402,46.840466,0.0,2.1642854,3.0,67.15546,28.013588,12.749984,10.499987,2.72,0.0,1.6796875,0.0,0.0,0.0,0.0,0.0,0.0,0.9902344,1.0,58.815002,1.6938049,118.686005,225.1746,0.0,103.999954,99.90234,0.0,119.01981,252.48386,493.5,542.25,0.47048062,212.90625,0.0,439.875,79.36031,49.99997,70.8374,1.0,62.13,0.0,0.0,69.48242,99.998474,99.998474,3.6767578,62.24,62.07,61.37,61.49,0
150341.31,0.25484362,1.5512601,0.6583953,1.2636328,101.59849,18.796984,13.904691,3.1298091,260.01935,104.854164,207.639,0.0,6.001,21.201,52.08,0.0,99.39849,2.0,0.0,443.625,208.125,2874.0,0.0,-7.140625,0.736084,247.63318,19096.238,19554.738,1100.0834,519.528,56.759624,48.302906,0.0,2.030798,3.0,67.07611,27.918997,11.999985,10.124987,2.932,0.0,1.5234375,0.0,0.0,0.0,0.0,0.0,0.0,0.96777344,1.0,59.028625,1.6544133,123.17192,226.32732,0.0,103.999954,99.90234,0.0,123.489075,254.7641,494.625,543.375,0.3763845,221.4375,0.0,440.0,78.893486,49.99997,76.85547,1.0,62.21,0.0,0.0,68.45703,99.998474,99.998474,3.6767578,62.53,62.43,61.61,61.88,0
150341.34,0.2238749,1.6517541,0.6879159,1.2661338,101.598526,18.796984,13.905158,3.8254397,269.509,109.02125,207.639,0.0,6.001,21.201,52.08,0.0,99.51879,2.0,0.0,443.625,207.75,2883.0,0.0,-6.3359375,0.73895264,249.10912,19565.352,19872.08,1100.0834,519.528,57.310688,50.48597,0.0,1.9279469,3.0,67.30194,27.833864,10.124987,9.749988,2.996,0.0,1.5,0.0,0.0,0.0,0.0,0.0,0.0,0.95410156,1.0,59.288025,1.6268393,127.966866,226.22087,0.0,103.999954,99.90234,0.0,128.26512,254.92993,495.75,542.25,0.30110762,232.34375,0.0,439.5,78.893486,49.99997,83.00781,1.0,62.61,0.0,0.0,67.9718,99.998474,99.998474,3.6816406,62.69,62.74,62.03,61.98,0
150341.39,0.21909991,1.7669518,0.7187123,1.2735095,101.59856,18.796984,13.899626,4.5921845,278.4928,113.28057,207.639,0.0,6.001,21.201,52.08,0.0,99.615036,2.0,0.0,443.25,206.625,2899.0,0.0,-5.8359375,0.7404785,250.91672,19985.113,20000.502,1100.0834,520.0587,56.92918,52.414692,0.0,1.8484236,3.0,67.05322,27.757246,8.2499895,8.624989,3.064,0.0,1.5859375,0.0,0.0,0.0,0.0,0.0,0.0,0.9511719,1.0,59.51233,1.6075375,133.25198,227.35878,0.0,103.999954,99.90234,0.0,133.54697,255.14551,496.5,541.875,0.24088609,242.09375,0.0,439.5,78.893486,49.99997,89.001465,1.0,62.93,0.0,0.0,67.14172,99.998474,99.998474,3.6791992,62.98,62.93,62.07,62.32,0
150341.42,0.21527994,1.8505309,0.7540525,1.293136,101.59859,18.796984,13.895754,5.499766,283.1104,115.67525,207.639,0.0,6.001,21.201,52.08,2.0,99.69203,2.0,0.0,443.625,205.5,2912.0,0.0,-5.9453125,0.7538452,256.24832,20180.932,20000.502,1100.0834,520.0587,55.699883,53.622795,0.0,1.786735,3.0,66.36047,27.68829,5.2499933,7.4999905,3.104,0.0,2.3125,0.0,0.0,0.0,0.0,0.0,0.0,0.9550781,1.0,59.805298,1.5940262,139.50787,231.29805,0.0,103.999954,99.90234,0.0,139.20193,260.9,497.625,541.875,0.19270888,252.28125,0.0,439.59375,79.36031,49.99997,94.84253,1.0,63.1,0.0,0.0,66.18347,99.998474,99.998474,3.6767578,63.36,63.35,62.87,62.69,0
150341.47,0.21222395,1.9214625,0.79135054,1.3078451,101.59862,18.796984,13.8930435,6.438558,287.44998,118.17433,207.639,0.0,6.001,21.201,52.08,2.0,99.753624,2.0,0.0,444.0,203.625,2930.0,0.0,-6.0390625,0.7637329,260.68442,20369.32,20000.502,1100.0834,520.0587,55.254795,57.119934,0.0,1.7387354,3.0,66.12244,27.626228,2.6249967,5.624993,3.092,0.0,2.6328125,0.0,0.0,0.0,0.0,0.0,0.0,0.96777344,1.0,60.14862,1.5845684,145.9789,234.06927,0.0,103.999954,99.90234,0.0,145.47879,264.3245,498.75,542.25,0.1541671,262.75,0.0,439.6875,79.36031,49.99997,101.09863,1.0,63.55,0.0,0.0,64.89258,99.998474,99.998474,3.6791992,63.71,63.64,63.0,62.93,0
150341.5,0.18977916,2.0060852,0.8282623,1.3248007,101.59864,18.796984,13.879427,7.398242,293.76004,121.427956,207.639,0.0,6.001,21.201,52.08,2.0,99.8029,2.0,0.0,456.0,202.5,2946.0,0.0,-6.171875,0.77801514,266.94467,19966.54,20000.502,1100.0834,520.85474,62.90611,60.21437,0.0,1.7012815,3.0,70.18585,27.570374,0.74999905,4.4999943,2.468,0.0,3.09375,0.0,0.0,0.0,0.0,0.0,0.0,0.9736328,1.0,60.568237,1.5779479,152.59392,237.61995,0.0,103.999954,99.90234,0.0,152.04587,268.3211,499.875,542.25,0.123333685,272.125,0.0,440.0,79.36031,49.99997,106.86035,1.0,63.86,0.0,0.0,64.08081,99.998474,99.998474,3.6743164,63.92,63.93,63.0,63.12,0
150341.55,0.15182333,2.077434,0.8688562,1.3413329,101.59866,18.796984,13.875755,8.439764,298.02203,123.85874,207.639,0.0,6.001,21.201,52.08,2.0,99.84232,2.0,0.0,452.25,201.0,2962.0,0.0,-6.3203125,0.7888794,271.53003,19902.328,20000.502,1100.0834,520.85474,65.89458,62.312656,0.0,1.5157304,3.0,71.7865,27.520103,-1.1249986,2.9999962,2.708,0.0,3.3828125,0.0,0.0,0.0,0.0,0.0,0.0,0.96875,1.0,60.803223,1.5733135,159.77304,240.85431,0.0,103.999954,99.90234,0.0,158.96948,269.35757,500.625,542.25,-0.057583034,274.15625,0.0,439.875,79.36031,49.99997,112.20703,1.0,64.2,0.0,0.0,62.8479,99.998474,99.998474,3.671875,64.34,64.41,63.59,63.4,0
150341.6,0.121458665,2.1622238,0.9105371,1.3551519,101.59869,18.796984,13.873185,9.472529,304.15363,127.175224,207.639,0.0,6.001,21.201,52.08,2.0,99.87386,2.0,0.0,450.0,199.875,2980.0,0.0,-6.3828125,0.79174805,274.53162,19886.94,20000.502,1100.0834,521.9161,68.39556,64.474525,0.0,1.367753,3.0,73.09265,27.474861,-2.6249967,1.8749976,2.868,0.0,3.375,0.0,0.0,0.0,0.0,0.0,0.0,0.96972656,1.0,61.117554,1.5700694,166.8918,243.17093,0.0,103.999954,99.90234,0.0,166.14185,269.54828,501.375,542.625,-0.20231642,284.28125,0.0,439.875,79.82713,49.99997,117.42554,1.0,64.63,0.0,0.0,62.161255,99.998474,99.998474,3.6743164,64.75,64.82,63.61,63.69,0
150341.62,0.09716693,2.2711396,0.95099705,1.3653255,101.5987,18.796984,13.859667,10.581792,312.2977,131.32541,207.639,0.0,6.001,21.201,52.08,2.0,99.89909,2.0,0.0,447.375,198.75,2997.0,0.0,-6.4296875,0.7960205,277.4835,19941.598,20000.502,1100.0834,521.9161,71.29924,67.865685,0.0,1.0934455,3.0,74.64752,27.434143,-4.1249948,0.74999905,3.024,0.0,3.8125,0.021972656,0.0,0.0,0.0,0.0,0.0,0.9765625,1.0,61.53412,1.5677986,174.53784,245.89973,0.0,103.999954,99.90234,0.0,173.72879,269.66437,502.125,542.625,-0.4743531,295.40625,0.0,439.5,79.82713,49.99997,122.46704,1.0,64.92,6.59375,0.0,61.257935,99.63379,99.998474,3.671875,65.06,65.09,64.16,64.21,0
150341.66,0.07773355,2.3522058,0.99947363,1.3708359,101.59872,18.796984,13.861923,11.763303,316.252,134.2751,207.639,0.0,6.001,21.201,52.08,2.0,99.91927,2.0,0.0,444.0,198.0,3026.0,0.0,-6.3984375,0.8007202,280.92456,20095.492,20000.502,1100.0834,521.9161,73.03722,71.4688,0.0,1.0304766,3.0,75.54474,27.397495,-5.624993,0.0,3.212,0.0,4.1015625,0.09954834,0.0,0.0,0.0,0.0,0.0,0.98339844,1.0,62.35962,1.566209,182.68188,246.51904,0.0,103.999954,99.90234,0.0,181.89618,269.88824,502.5,542.625,-0.53573245,312.5625,0.0,439.1875,79.82713,49.99997,127.88086,1.0,65.37,29.875,0.0,59.994507,98.33984,99.998474,3.671875,65.57,65.66,64.81,64.6,0
150341.72,0.042186838,2.4596324,1.0479957,1.3882581,101.59873,18.796984,13.857643,12.946116,324.00604,137.97647,207.639,0.0,6.001,21.201,52.08,2.0,99.93542,2.0,0.0,440.625,196.875,3035.0,0.0,-6.3359375,0.8066406,285.1202,20044.549,20000.502,1100.0834,522.4467,77.63648,75.49581,0.0,0.9802603,3.0,78.00903,27.364513,-6.7499914,-1.1249986,3.364,0.0,4.25,0.19360352,0.0,0.0,0.0,0.0,0.0,0.98535156,1.0,63.24768,1.5650963,190.8349,249.30261,0.0,103.999954,99.90234,0.0,190.26256,270.2282,502.5,542.25,-0.58483595,322.40625,0.0,439.5,79.82713,49.99997,133.07495,1.0,65.86,58.09375,0.0,59.82361,95.91675,99.998474,3.671875,66.0,66.0,64.88,64.9,0
150341.75,0.033749472,2.5588531,1.1063536,1.3903775,101.59875,18.796984,13.866365,14.369589,329.73395,141.24846,207.639,0.0,6.001,21.201,52.08,2.0,99.94833,2.0,0.0,437.25,195.75,3053.0,0.0,-6.2578125,0.81311035,288.35397,20102.922,20000.502,1100.0834,522.4467,80.98526,79.56521,0.0,0.9401986,3.0,79.28772,27.33483,-7.124991,-2.2499971,3.56,0.0,4.4921875,0.277771,0.0,0.0,0.0,0.0,0.0,0.9873047,0.9951172,64.16321,1.5643173,200.64676,249.32716,0.0,103.999954,99.90234,0.0,199.7566,270.55157,502.5,542.25,-0.62411875,341.75,0.0,441.0,79.82713,49.99997,138.3606,0.0,66.15,83.34375,0.0,57.992554,92.91992,99.998474,3.6669922,66.46,66.38,65.3,65.39,0
150341.8,0.026999578,2.6735415,1.1661003,1.4044932,101.59876,18.796984,13.860752,15.795758,337.1216,145.87949,207.639,0.0,6.001,21.201,52.08,2.0,99.95867,2.0,0.0,434.25,195.75,3084.0,0.0,-6.171875,0.819397,293.12173,20054.63,20000.502,1100.0834,522.4467,87.36488,85.41496,0.0,0.7519771,3.0,82.15485,27.308113,-7.4999905,-2.2499971,3.744,0.0,4.5,0.36547852,0.0,0.0,0.0,0.0,0.0,0.9873047,0.9794922,65.25574,1.5637721,210.4772,251.15602,0.0,103.999954,99.90234,0.0,209.46626,271.33102,503.625,542.25,-0.811795,361.25,0.0,439.59375,79.82713,49.99997,143.82935,0.0,66.64,109.65625,0.0,56.503296,89.50195,99.998474,3.6694336,66.99,66.9,65.74,65.78,0
150341.83,0.021599663,2.7756667,1.127256,1.5979593,101.59877,18.796984,13.845104,17.103865,342.51822,149.56036,207.639,0.0,6.001,21.201,52.08,2.0,99.96694,2.0,0.0,430.875,195.0,3112.0,0.0,-6.125,0.8345947,300.51797,20161.297,20000.502,1100.0834,522.4467,89.88706,89.35719,0.0,0.7577045,3.0,83.35724,27.28407,-4.874994,-3.3749957,3.96,0.0,4.5546875,0.43133545,0.0,0.0,0.0,0.0,0.0,0.984375,0.9042969,66.52222,1.5633905,219.49385,309.72382,0.0,103.999954,99.90234,0.0,218.7862,272.2431,504.75,542.25,-0.805686,383.59375,0.0,439.6875,79.82713,49.99997,147.44873,0.0,67.17,129.40625,0.0,56.765747,86.16333,99.998474,3.6669922,67.41,67.39,66.05,66.14,0
150341.88,0.017279731,2.8727667,1.1887052,1.5862174,101.59878,18.796984,13.851729,18.842571,348.16974,152.2235,207.639,0.0,6.001,21.201,52.08,2.0,99.97356,2.0,0.0,429.375,191.25,3116.0,0.0,-6.0,0.8234253,298.4782,20314.66,20000.502,1100.0834,522.4467,89.95065,93.42659,0.0,0.6060746,3.0,83.39081,27.26243,-5.9999924,-5.9999924,4.048,0.0,4.6328125,0.40704346,0.0,0.0,0.0,0.0,0.0,0.9785156,0.921875,67.222595,1.5631233,231.47856,307.7644,0.0,103.999954,99.90234,0.0,231.60522,272.5582,505.5,541.875,-0.9570488,355.125,0.0,449.875,79.82713,49.99997,154.3396,0.0,67.74,122.125,0.0,52.85034,87.6709,99.998474,3.671875,68.12,67.97,66.84,66.8,0
150341.9,0.013823785,3.024107,1.2447016,1.5962212,101.59795,18.796984,13.844648,20.389503,358.62732,157.1479,207.639,0.0,6.001,21.201,52.08,2.0,99.97884,2.0,0.0,424.125,190.875,3123.0,0.0,-6.0625,0.82769775,302.35046,20124.148,20000.502,1100.0834,522.4467,97.877495,98.619316,0.0,0.7972973,3.0,87.59766,27.242954,-6.374992,-7.124991,4.328,0.0,5.1796875,0.5050049,0.0,0.0,0.0,0.0,0.0,0.9501953,0.921875,68.57605,1.5629363,242.1406,309.70682,0.0,103.999954,99.90234,0.0,242.33476,272.7406,505.875,542.25,-0.765639,373.09375,0.0,439.78125,79.82713,49.99997,159.32617,0.0,68.3,151.5,0.0,50.39978,82.788086,99.998474,3.6669922,68.45,68.34,67.03,67.03,0
150341.95,0.031059027,3.140893,1.3054924,1.5983407,101.59721,18.796984,13.845551,22.030462,363.688,161.81488,207.639,0.0,6.001,21.201,52.08,2.0,99.98308,2.0,0.0,416.625,190.5,3171.0,0.0,-6.59375,0.8411255,308.6439,20160.766,20000.502,1100.0834,522.4467,97.96228,99.891,0.0,0.9502942,3.0,86.52344,27.225426,-6.7499914,-7.4999905,4.704,0.0,5.2578125,0.56427,0.0,0.0,0.0,0.0,0.0,0.9277344,0.94628906,69.10095,1.5628054,253.45079,309.39334,0.0,103.999954,99.90234,0.0,253.52864,273.7522,505.5,542.625,-0.6125112,383.75,0.0,439.78125,79.82713,49.99997,163.34839,0.0,68.53,169.28125,0.0,46.765137,78.045654,99.998474,3.6669922,68.78,68.79,67.56,67.73,0
150341.98,0.04484722,3.1876073,1.3749838,1.598595,101.59738,18.796984,13.846182,23.816484,363.6975,163.70726,207.639,0.0,6.001,21.201,52.08,2.0,99.986465,2.0,0.0,414.375,190.125,3208.0,0.0,-6.6328125,0.8591919,316.33035,20020.668,20000.502,1100.0834,522.4467,103.812035,104.17235,0.0,0.7602048,3.0,89.04724,27.20965,-7.124991,-7.87499,4.752,0.0,5.2734375,0.6251831,0.0,0.0,0.0,0.0,0.0,0.9169922,0.93359375,70.24536,1.5627137,265.7618,308.1912,0.0,103.999954,99.90234,0.0,265.021,274.7555,505.875,542.625,-0.80250895,394.78125,0.0,440.0,79.82713,49.99997,169.21387,0.0,69.25,187.5625,0.0,27.76184,73.20557,99.36371,3.6621094,69.4,69.5,68.3,68.01,0
150342.03,0.055877775,3.262543,1.430079,1.5987647,101.59753,18.796984,13.834906,25.21653,368.8069,167.24904,207.639,0.0,6.001,21.201,52.08,2.0,99.989174,2.0,0.0,406.5,190.125,3232.0,0.0,-6.7578125,0.8817749,325.7498,19989.889,20000.502,1100.0834,522.4467,107.521126,108.538475,0.0,0.4518925,3.0,90.423584,27.195452,-7.124991,-7.87499,5.12,0.0,5.3828125,0.6721802,0.0,0.0,0.0,0.0,0.0,0.9140625,0.9267578,71.44318,1.5626496,275.41232,307.40765,0.0,103.999954,99.90234,0.0,275.5681,275.37738,505.875,543.0,-1.1107571,406.125,0.0,440.0,79.82713,49.99997,174.8291,0.0,69.91,201.65625,0.02746582,2.8381348,70.89844,72.97821,3.4692383,70.08,69.91,68.51,68.51,0
150342.08,0.06470222,3.3675172,1.4792628,1.5989766,101.597664,18.796984,13.856309,26.465162,375.52228,171.66432,207.639,0.0,6.001,21.201,52.08,2.0,99.99134,2.0,0.0,399.375,190.125,3258.0,0.0,-6.5234375,0.8991089,333.64352,20061.0,20000.502,1100.0834,522.4467,110.46719,112.05681,0.0,0.20524895,3.0,91.95709,27.182674,-7.124991,-7.87499,5.464,0.0,5.4921875,0.6814575,0.0,0.0,0.0,0.0,0.0,0.9199219,0.9267578,72.535706,1.5626047,284.01913,306.71304,0.0,103.999954,99.90234,0.0,284.1584,276.14023,506.25,542.625,-1.3573557,421.0625,0.0,440.0,79.82713,49.99997,178.4668,0.0,70.39,204.4375,-0.25634766,-7.7178955,70.129395,61.460876,2.8759766,70.88,70.79,69.13,69.13,0
150342.11,0.091761775,3.522007,1.4926949,1.5993582,101.596954,18.796984,13.841994,26.472773,385.10614,179.23349,207.639,0.0,6.001,21.201,52.08,2.0,99.99307,2.0,0.0,388.875,190.125,3317.0,0.0,-5.9609375,0.9176636,342.08453,19919.31,20000.502,1100.0834,520.85474,114.60018,113.79478,0.0,0.16418862,3.0,93.40057,27.171175,-7.124991,-7.87499,5.888,0.0,5.1875,0.7218628,0.0,0.0,0.0,0.0,0.0,0.92285156,0.9199219,73.27881,1.5625732,284.0709,303.9058,0.0,103.999954,99.90234,0.0,284.5232,278.0639,506.625,541.875,-1.3983846,428.53125,0.0,439.875,79.82713,49.99997,178.88794,0.0,71.18,216.5625,-0.7446289,-8.786011,70.184326,60.40497,2.512207,71.72,71.53,69.72,69.8,0
150342.14,0.09340942,3.6775532,1.4628552,1.5994852,101.59631,18.796984,13.843693,25.671585,393.06598,183.76538,207.639,0.0,6.001,21.201,52.08,2.0,99.99446,2.0,0.0,389.625,190.125,3332.0,0.0,-5.6484375,0.9244385,345.40125,19937.354,20000.502,1100.0834,520.85474,110.95467,109.53463,0.0,0.1313436,3.0,91.36963,27.160826,-7.124991,-7.87499,5.796,0.0,6.09375,0.7184448,0.0,0.0,0.0,0.0,0.0,0.92285156,0.9169922,72.69745,1.5625513,278.54776,304.02606,0.0,103.999954,99.90234,0.0,279.0838,278.3873,506.625,541.875,-1.4312077,424.375,0.0,440.0,79.82713,49.99997,176.58691,0.0,71.99,215.53125,-0.81481934,-1.7822266,70.703125,67.85126,2.4121094,72.36,72.49,70.16,70.35,0
150342.19,0.074727535,3.8522716,1.4394677,1.5995699,101.596565,18.796984,13.827304,25.079603,402.5403,189.0985,207.639,0.0,6.001,21.201,52.08,2.0,99.99557,2.0,0.0,393.0,190.125,3348.0,0.0,-5.5234375,0.9175415,343.60193,19960.703,20000.502,1100.0834,520.85474,109.11073,108.771614,0.0,0.10506976,3.0,90.41443,27.15151,-7.124991,-7.87499,5.604,0.0,6.828125,0.73864746,0.0,0.0,0.0,0.0,0.0,0.92871094,0.9169922,72.77527,1.5625359,274.46753,304.48547,0.0,103.999954,99.90234,0.0,274.6477,278.71896,506.625,541.5,-1.4574661,417.25,0.0,440.0,79.82713,49.99997,174.89624,0.0,72.82,221.59375,-0.6744385,3.262329,69.65332,72.23663,2.4829102,73.31,73.05,71.0,70.94,0
150342.22,0.09978203,4.0159087,1.4183707,1.5997397,101.596794,18.796984,13.821691,24.479301,410.15234,193.99797,207.639,0.0,6.001,21.201,52.08,2.0,99.99645,2.0,0.0,393.0,190.125,3371.0,0.0,-5.34375,0.9123535,342.44107,19956.457,20000.502,1100.0834,520.85474,108.26294,108.39011,0.0,0.2403022,3.0,89.42108,27.143127,-7.124991,-7.87499,5.584,0.0,7.2109375,0.7658081,0.0,0.0,0.0,0.0,0.0,0.93652344,0.9140625,72.45331,1.5625252,270.32996,304.0575,0.0,103.999954,99.90234,0.0,270.71744,279.2082,506.625,541.5,-1.322223,412.03125,0.0,440.0,79.82713,49.99997,173.29102,0.0,73.39,229.75,-0.32348633,8.712769,68.80493,77.40021,2.5927734,73.27,73.55,71.47,71.45,0
150342.27,0.119825624,4.100114,1.4168137,1.5999515,101.597,18.796984,13.817761,24.326342,411.756,196.48972,207.639,0.0,6.001,21.201,52.08,2.0,99.99716,2.0,0.0,393.0,190.5,3401.0,0.0,-5.3125,0.9172363,344.27356,19903.39,20000.502,1100.0834,520.85474,109.513435,108.45369,0.0,0.34848928,3.0,89.523315,27.135582,-6.7499914,-7.4999905,5.56,0.0,7.3828125,0.77819824,0.0,0.0,0.0,0.0,0.0,0.9345703,0.91015625,72.68829,1.5625176,269.27582,303.18396,0.0,103.999954,99.90234,0.0,269.7224,280.1783,506.625,541.5,-1.2140284,410.0,0.0,439.875,79.82713,49.99997,172.97363,0.0,73.85,233.46875,0.12512207,12.350464,68.792725,81.72455,2.8027344,74.3,73.93,72.04,72.11,0
150342.3,0.1558605,4.1150455,1.4208256,1.6000788,101.59718,18.796984,13.809152,24.337437,410.3795,197.04204,207.639,0.0,6.001,21.201,52.08,2.0,99.997734,2.0,0.0,393.375,190.5,3422.0,0.0,-5.1796875,0.9243164,346.9352,19824.32,20000.502,1100.0834,520.85474,111.442154,109.28029,0.0,0.5912896,3.0,90.51361,27.128792,-6.7499914,-7.4999905,5.512,0.0,7.3046875,0.7852173,0.0,0.0,0.0,0.0,0.0,0.93066406,0.91015625,72.906494,1.5625123,269.35248,302.389,0.0,103.999954,99.90234,0.0,269.82193,280.42706,507.0,541.125,-0.9712227,411.0625,0.0,439.78125,79.82713,49.99997,173.27881,0.0,74.51,235.5625,0.55236816,12.084961,68.927,82.06329,2.9638672,74.66,74.73,72.64,72.49,0
150342.36,0.2046884,4.1210184,1.4339759,1.600121,101.59735,18.796984,13.814843,24.705841,410.58514,197.60165,207.639,0.0,6.001,21.201,52.08,2.0,99.99819,2.0,0.0,391.125,190.5,3430.0,0.0,-5.1015625,0.9291382,348.7428,19858.283,20000.502,1100.0834,520.85474,110.869896,108.729225,0.0,0.6292804,3.0,90.08942,27.12268,-6.7499914,-7.4999905,5.584,0.0,7.3203125,0.78845215,0.0,0.0,0.0,0.0,0.0,0.9189453,0.90722656,73.394775,1.5625086,271.89203,302.71313,0.0,103.999954,99.90234,0.0,271.9363,280.5929,507.0,541.125,-0.9332282,415.5,0.0,439.875,79.82713,49.99997,174.24927,0.0,74.94,236.53125,0.78430176,9.317017,69.04297,79.76532,3.034668,75.2,75.04,73.0,73.13,0
150342.39,0.24375072,4.1046576,1.4539597,1.6004179,101.5975,18.796984,13.836406,25.071169,409.17355,199.27618,207.639,0.0,6.001,21.201,52.08,2.0,99.99856,2.0,0.0,390.0,190.5,3471.0,0.0,-5.1015625,0.94470215,354.5885,19824.32,20000.502,1100.0834,520.85474,112.77743,110.721535,0.0,0.6596734,3.0,90.51361,27.11718,-6.7499914,-7.4999905,5.632,0.0,7.2578125,0.7989502,0.0,0.0,0.0,0.0,0.0,0.9091797,0.9033203,73.81439,1.562506,274.41034,301.24802,0.0,103.999954,99.90234,0.0,274.87158,280.70068,507.0,541.125,-0.90283257,424.5625,0.0,440.09375,79.82713,49.99997,175.81177,0.0,75.38,239.6875,0.9246826,5.3131104,69.35425,76.29242,3.0273438,75.71,75.56,73.75,73.61,0
150342.44,0.25500056,4.0231133,1.4842241,1.6006722,101.59764,18.796984,13.833921,25.625193,403.1002,198.52415,207.639,0.0,6.001,21.201,52.08,0.0,99.99885,2.0,0.0,384.0,190.5,3510.0,0.0,-5.0078125,0.96307373,361.06436,19655.566,20000.502,1100.0834,520.85474,119.093475,112.65026,0.0,0.6839881,3.0,93.177795,27.112228,-6.7499914,-7.4999905,5.852,0.0,6.8125,0.82110596,0.0,0.0,0.0,0.0,0.0,0.9033203,0.9003906,74.36371,1.5625042,278.2293,299.4325,0.0,103.999954,99.90234,0.0,278.37073,280.76703,507.375,541.125,-0.8785161,430.71875,0.0,440.0,79.82713,49.99997,177.55737,0.0,75.79,246.34375,1.0101318,1.8005371,69.348145,73.26813,3.0175781,76.27,76.33,73.9,74.14,0
150342.47,0.26400045,3.9529953,1.4860206,1.6007993,101.59776,18.796984,13.84976,25.85374,400.39703,198.2603,207.639,0.0,6.001,21.201,52.08,0.0,99.99908,2.0,0.0,354.375,190.125,3529.0,0.0,-4.96875,0.9760132,365.9233,19830.688,20000.502,1100.0834,520.85474,120.02605,114.38823,0.0,0.54719007,3.0,93.08014,27.107773,-6.7499914,-7.87499,7.196,0.0,7.5625,0.8076782,0.0,0.0,0.0,0.0,0.0,0.8964844,0.89746094,75.157166,1.5625029,279.80478,300.79028,0.0,103.999954,99.90234,0.0,280.13687,280.80847,507.375,541.125,-1.0153128,435.28125,0.0,440.0,79.82713,49.99997,178.62549,0.0,76.89,242.3125,1.0345459,-0.4486084,70.129395,71.89789,2.9248047,76.92,77.16,74.84,74.79,0
150342.52,0.27120036,3.9624481,1.5031049,1.6008419,101.59787,18.796984,13.849129,26.300768,403.4791,200.35254,207.639,0.0,6.001,21.201,52.08,0.0,99.99926,2.0,0.0,354.375,190.125,3539.0,0.0,-5.5625,0.9838867,368.88348,19958.58,20000.502,1100.0834,520.85474,120.38635,116.126205,0.0,0.59400177,3.0,93.263245,27.103764,-6.7499914,-7.87499,7.196,0.0,8.125,0.80426025,0.0,0.0,0.0,0.0,0.0,0.9013672,0.89746094,75.157166,1.562502,282.8862,300.78293,0.0,103.999954,99.90234,0.0,283.15506,280.84164,507.375,541.5,-0.96850026,438.4375,0.0,440.0,79.82713,49.99997,179.84619,0.0,77.46,241.28125,0.8666992,-2.7648926,70.4895,69.62738,2.8222656,77.42,77.19,75.07,74.99,0
150342.55,0.2569603,3.9849794,1.508799,1.6011384,101.59797,18.796984,13.872125,26.30346,405.16278,203.5194,207.639,0.0,6.001,21.201,52.08,0.0,99.99941,2.0,0.0,353.25,190.5,3580.0,0.0,-5.59375,0.9920044,371.90997,20044.018,20000.502,1100.0834,520.85474,119.92007,116.613686,0.0,0.6314512,3.0,92.48047,27.100155,-6.374992,-7.4999905,7.212,0.0,8.0859375,0.8275757,0.0,0.0,0.0,0.0,0.0,0.89941406,0.8955078,75.157166,1.5625014,282.90485,299.72192,0.0,103.999954,99.90234,0.0,283.07214,280.87482,507.375,541.875,-0.93105024,438.875,0.0,440.0,79.82713,49.99997,180.32227,0.0,77.38,248.28125,0.74157715,-1.3946533,69.940186,70.713806,2.7514648,77.86,77.9,75.79,75.82,0
150342.6,0.24556825,3.975242,1.5102154,1.6012657,101.59806,18.796984,13.888222,26.238886,403.80136,204.19533,207.639,0.0,6.001,21.201,52.08,0.0,99.999535,2.0,0.0,351.375,190.5,3604.0,0.0,-5.5859375,1.0046997,377.1089,19924.617,20000.502,1100.0834,520.85474,120.87383,116.23218,0.0,0.66141075,3.0,92.40875,27.096907,-6.374992,-7.4999905,7.236,0.0,8.1484375,0.82769775,0.0,0.0,0.0,0.0,0.0,0.9003906,0.8925781,75.157166,1.562501,282.45984,299.05148,0.0,103.999954,99.90234,0.0,282.54974,280.8997,507.75,541.5,-0.9010902,438.1875,0.0,440.0,79.82713,49.99997,180.35278,0.0,78.24,248.3125,0.6530762,0.018310547,70.15991,72.45941,2.7172852,78.43,78.4,76.35,76.35,0
150342.62,0.2164546,4.0088468,1.5039469,1.6013505,101.598145,18.796984,13.876052,26.020124,407.0358,206.40204,207.639,0.0,6.001,21.201,52.08,0.0,99.999626,2.0,0.0,349.125,190.5,3614.0,0.0,-5.578125,1.0077515,378.26144,19958.58,20000.502,1100.0834,520.85474,121.276535,116.995186,0.0,0.68537843,3.0,92.611694,27.093983,-6.374992,-7.4999905,7.292,0.0,8.1796875,0.8341675,0.0,0.0,0.0,0.0,0.0,0.8984375,0.8925781,75.157166,1.5625006,280.95203,298.65997,0.0,103.999954,99.90234,0.0,281.3806,280.8997,507.75,541.5,-0.87712216,437.875,0.0,440.0,79.82713,49.99997,179.80347,0.0,78.78,250.25,0.6439209,0.4547119,69.921875,72.64862,2.7246094,79.19,79.21,76.9,76.9,0
150342.67,0.19316368,4.0597887,1.5081934,1.60152,101.59821,18.796984,13.8792515,26.037666,410.19525,209.6157,207.639,0.0,6.001,21.201,52.08,0.0,99.9997,2.0,0.0,348.75,190.875,3642.0,0.0,-5.5703125,1.0126343,380.5168,19907.635,20000.502,1100.0834,520.85474,121.128174,116.21098,0.0,0.7045526,3.0,92.40875,27.091352,-5.9999924,-7.124991,7.272,0.0,8.2890625,0.8480835,0.0,0.0,0.0,0.0,0.0,0.89746094,0.890625,75.157166,1.5625004,281.073,297.93393,0.0,103.999954,99.90234,0.0,281.26456,280.8997,507.75,541.5,-0.85794777,441.75,0.0,440.0,79.82713,49.99997,180.07812,0.0,79.31,254.4375,0.6378174,0.08544922,69.37866,72.0108,2.7172852,79.43,79.67,77.73,77.54,0
150342.7,0.17453094,4.0614157,1.5108718,1.6016896,101.59828,18.796984,13.863914,25.987642,408.66992,210.61382,207.639,0.0,6.001,21.201,52.08,0.0,99.99976,2.0,0.0,348.375,190.875,3673.0,0.0,-5.53125,1.0206909,383.55157,19868.896,20000.502,1100.0834,520.85474,122.67539,117.24953,0.0,0.719892,3.0,92.63458,27.088985,-5.9999924,-7.124991,7.24,0.0,8.8984375,0.86395264,0.0,0.0,0.0,0.0,0.0,0.8955078,0.8876953,75.157166,1.5625002,280.72827,297.07117,0.0,103.999954,99.90234,0.0,280.82507,280.8997,508.125,541.5,-0.8426082,441.09375,0.0,440.0,79.82713,49.99997,180.29175,0.0,79.68,259.1875,0.66223145,0.1739502,68.725586,71.32416,2.7172852,80.03,79.92,77.81,78.06,0
150342.75,0.13962476,4.0433164,1.5134358,1.6018168,101.59834,18.796984,13.876615,25.961454,407.42267,211.686,207.639,0.0,6.001,21.201,52.08,0.0,99.99981,2.0,0.0,346.875,190.875,3703.0,0.0,-5.484375,1.0247192,385.0524,19928.861,20000.502,1100.0834,520.85474,121.78521,117.01639,0.0,0.73216355,3.0,91.64581,27.086855,-5.9999924,-7.124991,7.276,0.0,9.1484375,0.88256836,0.0,0.0,0.0,0.0,0.0,0.8935547,0.8857422,75.157166,1.5625001,280.54782,296.79083,0.0,103.999954,99.90234,0.0,280.82507,280.8997,508.125,541.5,-0.8303366,436.1875,0.0,440.0,79.82713,49.99997,180.51147,0.0,80.58,264.78125,0.680542,0.15563965,67.93823,70.44525,2.7172852,80.39,80.62,78.7,78.63,0
150342.78,0.11169981,4.0360765,1.516182,1.6019864,101.5984,18.796984,13.885505,25.935768,407.55438,213.3556,207.639,0.0,6.001,21.201,52.08,0.0,99.99985,2.0,0.0,345.75,191.25,3731.0,0.0,-5.453125,1.038208,389.69577,19864.65,20000.502,1100.0834,520.85474,124.18022,118.26688,0.0,0.74198085,3.0,92.69867,27.009747,-5.624993,-6.7499914,7.284,0.0,9.203125,0.8786011,0.0,0.0,0.0,0.0,0.0,0.8925781,0.8828125,75.157166,1.5625001,280.37082,296.12344,0.0,103.999954,99.90234,0.0,280.7753,280.8997,508.125,541.5,-0.82051927,440.09375,0.0,440.0,79.82713,49.99997,180.65796,0.0,81.09,263.59375,0.6713867,0.0,68.00537,70.34149,2.722168,81.65,81.38,79.19,79.21,0
150342.83,0.12935984,4.014431,1.5216942,1.602283,101.59844,18.796984,13.87415,25.870216,406.09375,214.6992,207.639,0.0,6.001,21.201,52.08,0.0,99.99988,2.0,0.0,341.625,191.25,3768.0,0.0,-5.3984375,1.0505371,394.306,19864.65,20000.502,1100.0834,520.85474,125.57908,119.15706,0.0,0.7498347,3.0,92.85736,26.94035,-5.624993,-6.7499914,7.388,0.0,9.28125,0.90270996,0.0,0.0,0.0,0.0,0.0,0.88964844,0.8798828,75.157166,1.5625001,279.91904,294.61966,0.0,103.999954,99.90234,0.0,280.1783,280.8997,508.5,541.5,-0.8126654,438.59375,0.0,439.875,79.82713,49.99997,181.34766,0.0,81.9,270.8125,0.6866455,0.08544922,66.79077,68.86749,2.7197266,81.42,81.98,79.67,79.86,0
150342.88,0.16348787,4.0057726,1.520517,1.6022406,101.59849,18.796984,13.877921,25.835573,406.25125,214.83948,207.639,0.0,6.001,21.201,52.08,0.0,99.9999,2.0,0.0,340.5,191.25,3769.0,0.0,-5.4375,1.0599976,397.4154,19940.537,20000.502,1100.0834,520.85474,124.87965,119.15706,0.0,0.75611776,3.0,92.51099,26.877892,-5.624993,-6.7499914,7.416,0.0,10.1953125,0.8876953,0.0,0.0,0.0,0.0,0.0,0.8847656,0.8798828,75.157166,1.5625001,279.68027,294.03638,0.0,103.999954,99.90234,0.0,279.913,280.8997,508.5,541.5,-0.80638236,438.8125,0.0,439.875,79.82713,49.99997,181.09741,0.0,82.21,266.3125,0.7110596,0.61035156,67.41333,70.24078,2.7197266,82.5,82.41,79.99,80.18,0
150342.9,0.15079029,4.021059,1.5302273,1.6024101,101.598526,18.796984,13.874701,25.989067,408.08658,217.06976,207.639,0.0,6.001,21.201,52.08,0.0,99.99992,2.0,0.0,340.875,191.25,3791.0,0.0,-5.3984375,1.06604,399.66248,19817.951,20000.502,1100.0834,520.85474,126.76598,119.326614,0.0,0.7611442,3.0,93.31818,26.821682,-5.624993,-6.7499914,7.388,0.0,9.9140625,0.8955078,0.0,0.0,0.0,0.0,0.0,0.87890625,0.8779297,75.157166,1.5625001,280.73834,293.60153,0.0,103.999954,99.90234,0.0,281.02405,280.8997,508.5,541.5,-0.8013559,437.15625,0.0,439.875,79.82713,49.99997,181.9336,0.0,82.49,268.65625,0.7171631,0.021362305,66.97388,69.19403,2.7172852,82.88,82.88,80.87,80.91,0
150342.94,0.14063223,4.0271735,1.5377617,1.6025797,101.59856,18.796984,13.872446,26.027264,408.21704,218.74294,207.639,0.0,6.001,21.201,52.08,0.0,99.99994,2.0,0.0,338.625,191.625,3819.0,0.0,-5.3984375,1.0762329,403.0372,19843.424,20000.502,1100.0834,520.85474,128.56754,120.64069,0.0,0.7651654,3.0,93.6615,26.771091,-5.2499933,-6.374992,7.436,0.0,9.90625,0.90185547,0.0,0.0,0.0,0.0,0.0,0.87597656,0.875,75.157166,1.5625001,281.00165,292.46985,0.0,103.999954,99.90234,0.0,281.33914,280.8997,508.5,541.5,-0.79733473,439.40625,0.0,440.0,79.82713,49.99997,182.48291,0.0,82.98,270.5625,0.7110596,-0.051879883,66.54663,68.65082,2.7197266,83.21,83.3,81.42,81.42,0
150342.98,0.112505786,3.9921196,1.5408915,1.6027492,101.59859,18.796984,13.870869,25.957674,405.3134,218.89311,207.639,0.0,6.001,21.201,52.08,0.0,99.999954,2.0,0.0,334.875,191.625,3849.0,0.0,-5.4609375,1.0859985,407.1499,19741.004,20000.502,1100.0834,520.85474,131.13211,120.87383,0.0,0.7683823,3.0,94.37561,26.72556,-5.2499933,-6.374992,7.524,0.0,9.9453125,0.9067383,0.0,0.0,0.0,0.0,0.0,0.875,0.8730469,75.157166,1.5625001,280.522,291.33328,0.0,103.999954,99.90234,0.0,280.7753,280.8997,508.875,541.5,-0.7941178,429.8125,0.0,440.0,79.82713,49.99997,182.67212,0.0,83.62,272.03125,0.7659912,0.015258789,66.17432,68.437195,2.7172852,83.81,83.96,81.95,82.1,0
150343.03,0.09000463,3.9593482,1.5422595,1.6028764,101.59862,18.796984,13.863905,25.89781,403.91608,219.38531,207.639,0.0,6.001,21.201,52.08,0.0,99.99996,2.0,0.0,335.25,191.625,3871.0,0.0,-5.5078125,1.093689,410.04373,19866.773,20000.502,1100.0834,520.85474,130.83539,121.14937,0.0,0.77095586,3.0,94.23065,26.684582,-5.2499933,-6.374992,7.504,0.0,9.9765625,0.91082764,0.0,0.0,0.0,0.0,0.0,0.8730469,0.8730469,75.157166,1.5625001,280.1094,290.71527,0.0,103.999954,99.90234,0.0,280.33588,280.8997,508.875,541.5,-0.79154426,428.4375,0.0,439.875,79.82713,49.99997,182.9834,0.0,84.27,273.25,0.78125,0.14648438,65.875244,68.2663,2.7124023,84.23,84.38,82.64,82.41,0
150343.08,0.052003708,3.9462395,1.5452571,1.6030037,101.59864,18.796984,13.882467,25.939226,404.1782,220.37836,207.639,0.0,6.001,21.201,52.08,0.0,99.99997,2.0,0.0,333.375,192.0,3886.0,0.0,-5.5546875,1.1036377,413.75845,19860.406,20000.502,1100.0834,520.85474,130.41148,120.51353,0.0,0.7730147,3.0,93.47992,26.647701,-4.874994,-5.9999924,7.536,0.0,10.3125,0.90423584,0.0,0.0,0.0,0.0,0.0,0.86621094,0.8701172,75.157166,1.5625001,280.3949,290.52023,0.0,103.999954,99.90234,0.0,280.61777,280.8997,508.875,541.5,-0.7894854,430.9375,0.0,439.875,79.82713,49.99997,183.61816,0.0,84.71,271.28125,0.79956055,0.2532959,66.10718,68.611145,2.7026367,84.93,85.18,83.07,83.07,0
150343.11,0.0016029663,3.9409962,1.5518118,1.6031733,101.59866,18.796984,13.883742,25.963144,404.24844,222.2317,207.639,0.0,6.001,21.201,52.08,0.0,99.99998,2.0,0.0,332.625,192.0,3918.0,0.0,-5.65625,1.1130981,417.3073,19682.1,20000.502,1100.0834,520.85474,134.50208,121.4037,0.0,0.6184118,3.0,94.92035,26.61451,-4.874994,-5.9999924,7.496,0.0,10.3984375,0.9119873,0.0,0.0,0.0,0.0,0.0,0.86328125,0.86816406,75.157166,1.5625001,280.55978,289.45523,0.0,103.999954,99.90234,0.0,280.82507,280.8997,509.25,541.5,-0.94408834,428.875,0.0,439.6875,79.82713,49.99997,184.94873,0.0,85.21,273.59375,0.8026123,-0.08239746,65.582275,67.72919,2.7026367,85.43,85.36,83.79,83.54,0
150343.16,-0.07871763,3.9201484,1.5542768,1.6033851,101.59869,18.796984,13.884635,25.897406,402.80222,223.47131,207.639,0.0,6.001,21.201,52.08,0.0,99.999985,2.0,0.0,330.0,192.0,3954.0,0.0,-5.7421875,1.1251831,421.8429,19828.564,20000.502,1100.0834,520.85474,134.90479,121.97596,0.0,0.49472952,3.0,94.992065,26.584637,-4.874994,-5.9999924,7.592,0.0,10.4453125,0.9182129,0.0,0.0,0.0,0.0,0.0,0.86621094,0.8652344,75.157166,1.5625001,280.1067,288.6264,0.0,103.999954,99.90234,0.0,280.14514,280.8997,509.25,541.875,-1.0677706,422.28125,0.0,439.78125,79.82713,49.99997,185.66284,0.0,85.78,275.46875,0.8117676,0.67749023,65.1062,68.04657,2.6879883,86.16,86.0,84.06,84.13,0
150343.2,-0.16297409,3.9305596,1.55756,1.6034274,101.5987,18.796984,13.88526,25.856798,404.64465,224.77734,207.639,0.0,6.001,21.201,52.08,0.0,99.99999,2.0,0.0,328.875,192.0,3959.0,0.0,-5.7578125,1.1368408,425.73172,19719.246,20000.502,1100.0834,520.85474,137.17262,121.50968,0.0,0.39578366,3.0,96.095276,26.55775,-4.4999943,-5.9999924,7.588,0.0,10.875,0.90270996,0.0,0.0,0.0,0.0,0.0,0.86035156,0.8652344,75.157166,1.5625001,279.82678,287.77396,0.0,103.999954,99.90234,0.0,279.69742,280.8997,509.25,541.875,-1.1667165,422.0625,0.0,440.09375,79.82713,49.99997,185.7544,0.0,86.42,270.8125,0.8666992,1.6815186,65.81421,69.9173,2.6879883,86.75,86.54,84.92,84.72,0
150343.23,-0.21037927,3.934724,1.564164,1.6036818,101.59872,18.796984,13.879838,25.913507,404.6147,227.14514,207.639,0.0,6.001,21.201,52.08,0.0,99.99999,2.0,0.0,326.25,192.75,4001.0,0.0,-5.7578125,1.1467896,428.9655,19757.986,20000.502,1100.0834,520.85474,138.74103,122.738976,0.0,0.31662703,3.0,95.77179,26.533554,-4.4999943,-5.2499933,7.652,0.0,11.0546875,0.9189453,0.0,0.0,0.0,0.0,0.0,0.859375,0.86035156,75.157166,1.5625001,280.2177,286.99432,0.0,103.999954,99.90234,0.0,280.54315,280.8997,509.625,541.875,-1.2458731,423.78125,0.0,439.78125,79.82713,49.99997,187.26807,0.0,86.92,275.6875,0.88500977,0.30822754,64.81323,67.51251,2.680664,87.32,87.23,85.1,85.36,0
150343.27,-0.22830342,3.9176397,1.5582254,1.6035123,101.59873,18.796984,13.881902,25.791492,403.26126,228.4223,207.639,0.0,6.001,21.201,52.08,0.0,99.99999,2.0,0.0,324.75,192.75,4037.0,0.0,-5.421875,1.157898,433.1197,19740.473,20000.502,1100.0834,520.85474,140.5002,122.548225,0.0,0.25330162,3.0,96.466064,26.511776,-4.4999943,-5.2499933,7.656,0.0,11.125,0.9221802,0.0,0.0,0.0,0.0,0.0,0.8574219,0.859375,75.157166,1.5625001,279.37668,287.2391,0.0,103.999954,99.90234,0.0,279.5979,280.8997,509.625,541.5,-1.3091985,422.0625,0.0,439.875,79.82713,49.99997,187.38403,0.0,87.52,276.65625,0.93688965,0.9613037,64.50195,67.9306,2.65625,87.66,87.74,85.88,85.79,0
150343.31,-0.24264275,3.910806,1.5642784,1.6035123,101.59875,18.796984,13.865768,25.878563,403.46823,228.70937,207.639,0.0,6.001,21.201,52.08,0.0,99.99999,2.0,0.0,324.75,192.75,4040.0,0.0,-5.203125,1.1629639,435.516,19769.66,20000.502,1100.0834,521.9161,141.19963,122.76017,0.0,0.20264125,3.0,96.80328,26.416988,-4.4999943,-5.2499933,7.636,0.0,11.359375,0.91833496,0.0,0.0,0.0,0.0,0.0,0.8544922,0.859375,75.157166,1.5625001,279.97687,286.6867,0.0,103.999954,99.90234,0.0,280.0954,280.8997,510.0,541.125,-1.3598589,421.8125,0.0,440.0,79.82713,49.99997,187.87842,0.0,88.07,275.5,0.98876953,-0.048828125,64.64844,67.16156,2.6513672,88.64,88.55,86.21,86.37,0
150343.34,-0.2741142,3.9268227,1.5592763,1.6033003,101.59876,18.796984,13.8779125,25.827917,405.10165,231.79521,207.639,0.0,6.001,21.201,52.08,0.0,99.99999,2.0,0.0,323.25,193.125,4078.0,0.0,-5.9765625,1.1699829,438.15277,19750.557,20000.502,1100.0834,521.9161,142.23817,122.69659,0.0,0.16211295,3.0,97.151184,26.33168,-4.1249948,-4.874994,7.656,0.0,11.6015625,0.9317627,0.0,0.0,0.0,0.0,0.0,0.8515625,0.8574219,75.227356,1.5625001,279.62778,287.21945,0.0,103.999954,99.90234,0.0,279.97104,280.8997,510.375,541.875,-1.4003872,424.53125,0.0,439.6875,79.82713,49.99997,188.47656,0.0,88.78,279.53125,1.0070801,0.28381348,63.824463,66.68854,2.6513672,88.94,88.74,87.08,86.81,0
150343.39,-0.25929135,3.9144793,1.5535069,1.6031307,101.59877,18.796984,13.874695,25.770473,403.5537,233.17442,207.639,0.0,6.001,21.201,52.08,0.0,99.84962,2.0,0.0,322.5,193.125,4118.0,0.0,-5.6953125,1.1862793,443.74142,19881.633,20000.502,1100.0834,524.03876,140.90291,122.37866,0.0,-0.026559591,3.0,96.36383,26.254902,-4.1249948,-4.874994,7.64,0.0,11.7109375,0.93115234,0.0,0.0,0.0,0.0,0.0,0.8535156,0.8564453,75.227356,1.5625001,279.23184,287.78928,0.0,103.999954,99.90234,0.0,279.49838,280.8997,510.375,541.875,-1.5890597,423.46875,0.0,439.875,79.82713,49.99997,188.75122,0.0,89.21,279.34375,1.0467529,0.6591797,63.653564,66.98761,2.6513672,89.56,89.67,87.17,87.32,0
150343.42,-0.26743308,3.890792,1.5539826,1.603046,101.59878,18.796984,13.878302,25.756977,402.3887,233.29172,207.639,0.0,6.001,21.201,52.08,0.0,99.72932,2.0,0.0,322.875,193.125,4132.0,0.0,-5.0859375,1.1939697,446.11285,19903.39,20000.502,1100.0834,524.03876,140.73334,122.293884,0.0,-0.17749763,3.0,96.128845,26.185802,-4.1249948,-4.874994,7.596,0.0,11.4765625,0.92840576,0.0,0.0,0.0,0.0,0.0,0.8515625,0.85546875,75.37384,1.5625001,279.13882,287.6605,0.0,103.999954,99.90234,0.0,279.41547,280.8997,510.75,541.125,-1.7399977,418.78125,0.0,440.0,79.82713,49.99997,189.19678,0.0,89.97,278.53125,1.0650635,0.5187988,63.720703,66.9754,2.644043,90.21,90.15,88.04,87.99,0
150343.47,-0.27394646,3.918817,1.548023,1.6029189,101.598785,18.796984,13.880827,25.650263,405.479,236.5626,207.639,0.0,6.001,21.201,52.08,0.0,99.63308,2.0,0.0,322.5,193.125,4158.0,0.0,-5.203125,1.2000732,448.3765,19906.574,20000.502,1100.0834,524.03876,140.5002,122.060745,0.0,-0.29824805,3.0,96.017456,26.123611,-4.1249948,-4.874994,7.58,0.0,11.6640625,0.9356079,0.0,0.0,0.0,0.0,0.0,0.8544922,0.85546875,75.37384,1.5625001,278.40326,287.9671,0.0,103.999954,99.90234,0.0,278.6775,280.8997,511.125,541.125,-1.8607482,418.5625,0.0,440.0,79.82713,49.99997,188.99536,0.0,90.39,280.6875,1.1016846,1.1779785,63.23242,67.20123,2.644043,90.81,90.81,88.33,88.55,0
150343.5,-0.29915717,3.948777,1.5445858,1.6028341,101.59879,18.796984,13.882594,25.677948,407.2364,238.67355,207.639,0.0,6.001,21.201,52.08,0.0,99.55609,2.0,0.0,321.375,193.125,4177.0,0.0,-5.2890625,1.2089233,451.6932,19872.08,20000.502,1100.0834,525.3654,141.66591,122.52703,0.0,-0.23859847,3.0,96.424866,26.06764,-4.1249948,-4.874994,7.576,0.0,11.7578125,0.93499756,0.0,0.0,0.0,0.0,0.0,0.85546875,0.8535156,75.37384,1.5625001,278.5941,288.72815,0.0,103.999954,99.90234,0.0,278.85992,280.8997,511.125,541.5,-1.8010986,417.5625,0.0,439.78125,79.82713,49.99997,189.3982,0.0,91.2,280.5,1.171875,0.70495605,63.15918,66.74957,2.6416016,91.21,91.12,89.16,88.97,0
150343.55,-0.31932575,3.9232607,1.5385308,1.6027068,101.5988,18.796984,13.88969,25.620842,404.175,238.80748,207.639,0.0,6.001,21.201,52.08,0.0,99.4945,2.0,0.0,320.25,193.5,4211.0,0.0,-5.484375,1.215332,454.6036,20037.12,20000.502,1100.0834,525.3654,139.56763,122.14552,0.0,-0.19087875,3.0,95.26062,26.017267,-3.7499952,-4.4999943,7.58,0.0,11.7578125,0.9442749,0.0,0.0,0.0,0.0,0.0,0.85253906,0.85253906,75.4715,1.5625001,278.20047,289.27655,0.0,103.999954,99.90234,0.0,278.53656,280.8997,511.875,541.5,-1.7533789,416.34375,0.0,439.875,79.82713,49.99997,189.7644,0.0,91.33,283.28125,1.2084961,1.3427734,62.54883,66.83197,2.6416016,91.72,91.9,89.27,89.49,0
150343.6,-0.3154606,3.9130545,1.5364022,1.602495,101.59881,18.796984,13.882939,25.518314,404.45578,241.12988,207.639,0.0,6.001,21.201,52.08,0.0,99.44523,2.0,0.0,319.875,193.5,4249.0,0.0,-5.5546875,1.2243042,458.47586,19779.742,20000.502,1100.0834,527.4881,142.38654,122.01836,0.0,-0.15270305,3.0,96.476746,25.971931,-3.7499952,-4.4999943,7.568,0.0,12.53125,0.9543457,0.0,0.0,0.0,0.0,0.0,0.8544922,0.8515625,75.4715,1.5625001,277.49377,288.95712,0.0,103.999954,99.90234,0.0,277.7157,280.8997,511.875,541.5,-1.7152032,415.34375,0.0,439.875,79.82713,49.99997,189.95972,0.0,92.3,286.3125,1.3031006,3.2470703,61.85913,68.17169,2.6245117,92.39,92.31,90.21,90.17,0
150343.62,-0.3323685,3.9089718,1.5296849,1.6024101,101.598816,18.796984,13.8723545,25.530767,404.3957,242.34236,207.639,0.0,6.001,21.201,52.08,0.0,99.40581,2.0,0.0,319.875,193.5,4271.0,0.0,-5.5234375,1.2295532,460.98825,19881.633,20000.502,1100.0834,527.4881,140.71214,121.234146,0.0,-0.12216246,3.0,95.51697,25.931128,-3.7499952,-4.4999943,7.54,0.0,11.78125,0.9578247,0.0,0.0,0.0,0.0,0.0,0.85546875,0.8496094,75.62561,1.5625001,277.57962,290.25266,0.0,103.999954,99.90234,0.0,277.8069,280.8997,512.25,541.5,-1.6846626,410.15625,0.0,439.6875,79.82713,49.99997,190.1062,0.0,92.91,287.34375,1.4160156,2.11792,61.590576,66.93573,2.6245117,92.9,92.94,90.28,90.62,0
150343.66,-0.3258948,3.9073386,1.5282326,1.6023254,101.59882,18.796984,13.864944,25.464079,404.82156,243.67679,207.639,0.0,6.001,21.201,52.08,0.0,99.374275,2.0,0.0,318.375,193.5,4290.0,0.0,-5.296875,1.2358398,463.3431,19999.441,20000.502,1100.0834,527.4881,139.82198,121.55207,0.0,-0.09772992,3.0,94.93408,25.894405,-3.7499952,-4.4999943,7.568,0.0,12.2734375,0.9616699,0.0,0.0,0.0,0.0,0.0,0.8574219,0.8486328,75.62561,1.5625001,277.11993,290.0504,0.0,103.999954,99.90234,0.0,277.39227,280.8997,512.625,541.5,-1.66023,409.96875,0.0,439.875,79.82713,49.99997,190.24048,0.0,93.2,288.5,1.5106201,2.9174805,61.279297,67.518616,2.6245117,93.5,93.68,91.59,91.25,0
150343.72,-0.36071584,3.9254355,1.5268294,1.6021558,101.59883,18.796984,13.848039,25.447092,406.3162,246.40082,207.639,0.0,6.001,21.201,52.08,0.0,99.349045,2.0,0.0,318.0,193.875,4322.0,0.0,-4.78125,1.2453003,466.8754,20072.143,20000.502,1100.0834,529.34546,138.65625,121.14937,0.0,-0.07818389,3.0,94.218445,25.786167,-3.3749957,-4.1249948,7.54,0.0,12.6328125,0.96673584,0.0,0.0,0.0,0.0,0.0,0.8535156,0.84765625,75.62561,1.5625001,277.00287,290.20135,0.0,103.999954,99.90234,0.0,277.25134,280.8997,512.625,540.75,-1.640684,412.96875,0.0,439.875,79.82713,49.99997,190.8081,0.0,94.05,290.03125,1.5991211,2.5482178,60.864258,66.88995,2.6245117,94.01,94.22,91.52,91.77,0
150343.75,-0.34857267,3.9326744,1.524878,1.602071,101.59883,18.796984,13.853784,25.378393,406.59714,247.42693,207.639,0.0,6.001,21.201,52.08,0.0,99.328865,2.0,0.0,317.25,193.875,4337.0,0.0,-4.71875,1.2484741,468.6001,20072.674,20000.502,1100.0834,529.34546,139.39807,122.03955,0.0,-0.06254709,3.0,94.57703,25.688753,-3.3749957,-4.1249948,7.544,0.0,12.6796875,0.9702759,0.0,0.0,0.0,0.0,0.0,0.85253906,0.84765625,75.74463,1.5625001,276.52933,289.98483,0.0,103.999954,99.90234,0.0,276.83676,280.8997,513.0,540.75,-1.6250472,412.34375,0.0,439.78125,79.82713,49.99997,190.91187,0.0,94.27,291.09375,1.7608643,3.277588,60.614014,67.56134,2.6220703,94.52,94.52,92.21,92.18,0
150343.8,-0.33885816,3.93557,1.5239502,1.6019864,101.59883,18.796984,13.863664,25.40123,406.68082,248.90442,207.639,0.0,6.001,21.201,52.08,0.0,99.31272,2.0,0.0,316.5,193.875,4362.0,0.0,-4.734375,1.2582397,472.8206,20082.758,20000.502,1100.0834,530.9375,139.6524,122.37866,0.0,-0.050037622,3.0,94.555664,25.60108,-3.3749957,-4.1249948,7.532,0.0,12.8125,0.9720459,0.0,0.0,0.0,0.0,0.0,0.85253906,0.8466797,75.74463,1.5625001,276.68674,290.40152,0.0,103.999954,99.90234,0.0,277.01917,280.8997,513.0,540.75,-1.6125377,414.90625,0.0,439.59375,79.82713,49.99997,191.69922,0.0,94.88,291.625,1.8463135,3.0670166,60.375977,67.26532,2.6293945,94.95,95.21,92.58,92.77,0
150343.83,-0.29108655,3.9367282,1.5190097,1.6018591,101.59883,18.796984,13.858861,25.377281,406.86484,250.38713,207.639,0.0,6.001,21.201,52.08,0.0,99.299805,2.0,0.0,315.375,193.875,4386.0,0.0,-5.1484375,1.2624512,474.95157,20082.758,20000.502,1100.0834,530.9375,138.9318,121.67924,0.0,-0.04003012,3.0,94.055176,25.522175,-3.3749957,-4.1249948,7.532,0.0,12.7109375,0.9777832,0.0,0.0,0.0,0.0,0.0,0.85058594,0.84472656,75.87128,1.5625001,276.52167,291.16406,0.0,103.999954,99.90234,0.0,276.89478,280.8997,513.375,541.125,-1.6025302,414.53125,0.0,439.78125,79.82713,49.99997,191.99219,0.0,95.24,293.34375,1.9622803,3.036499,59.98535,66.99066,2.631836,95.57,95.62,93.55,93.15,0
150343.88,-0.27286926,3.9371915,1.5160903,1.601732,101.59883,18.796984,13.861359,25.33651,407.09457,251.89941,207.639,0.0,6.001,21.201,52.08,0.0,99.28947,2.0,0.0,315.375,193.875,4410.0,0.0,-4.9375,1.2697144,478.2268,20082.758,20000.502,1100.0834,530.9375,139.33449,122.08194,0.0,-0.032024145,3.0,94.25049,25.45116,-3.3749957,-4.1249948,7.524,0.0,12.75,0.9815674,0.0,0.0,0.0,0.0,0.0,0.85253906,0.84472656,75.87128,1.5625001,276.24063,291.231,0.0,103.999954,99.90234,0.0,276.5631,280.87482,513.75,541.125,-1.5945243,413.65625,0.0,439.875,79.82713,49.99997,192.23022,0.0,95.96,294.46875,2.0721436,3.4210205,59.65576,67.19818,2.6293945,96.17,96.26,93.83,93.8,0
150343.9,-0.25829542,3.937377,1.5102054,1.6016471,101.59883,18.796984,13.839669,25.23719,407.2698,253.43646,207.639,0.0,6.001,21.201,52.08,0.0,99.2812,2.0,0.0,314.625,193.875,4435.0,0.0,-4.65625,1.2755127,480.39926,19980.338,20000.502,1100.0834,532.26416,140.41542,122.14552,0.0,0.13063073,3.0,94.618225,25.387247,-3.3749957,-4.1249948,7.512,0.0,12.3515625,0.9864502,0.0,0.0,0.0,0.0,0.0,0.85253906,0.84375,75.87128,1.5625001,275.55603,291.66943,0.0,103.999954,99.90234,0.0,275.96613,280.74216,513.75,540.75,-1.4318694,412.84375,0.0,440.0,79.82713,49.99997,192.27295,0.0,96.26,295.9375,2.2155762,4.901123,59.28955,68.51044,2.6269531,96.59,96.71,94.61,94.36,0
150343.95,-0.26663634,3.937451,1.5102727,1.6014775,101.59883,18.796984,13.8362055,25.246403,407.4242,255.36185,207.639,0.0,6.001,21.201,52.08,0.0,99.27458,2.0,0.0,313.5,194.25,4467.0,0.0,-4.3828125,1.2855225,484.1803,20096.555,20000.502,1100.0834,532.26416,139.2709,122.2303,0.0,0.2607546,3.0,93.91327,25.329725,-2.9999962,-3.7499952,7.52,0.0,12.46875,0.99072266,0.0,0.0,0.0,0.0,0.0,0.8535156,0.84277344,75.9613,1.5625001,275.61954,291.70355,0.0,103.999954,99.90234,0.0,276.01587,280.50998,514.125,540.375,-1.3017455,415.6875,0.0,440.0,79.82713,49.99997,193.04199,0.0,97.13,297.21875,2.3498535,4.1870117,58.892822,67.588806,2.631836,97.33,97.17,94.95,95.06,0
150344.0,-0.27330908,3.9187303,1.5060647,1.6013505,101.59883,18.796984,13.827922,25.17433,405.96103,255.75488,207.639,0.0,6.001,21.201,52.08,0.0,99.269295,2.0,0.0,313.5,194.25,4490.0,0.0,-4.2265625,1.2949219,487.7209,20155.459,20000.502,1100.0834,534.38684,137.6601,121.91238,0.0,0.36485362,3.0,92.993164,25.277956,-2.9999962,-3.7499952,7.468,0.0,12.53125,0.99102783,0.0,0.0,0.0,0.0,0.0,0.8486328,0.8408203,75.9613,1.5625001,275.12274,292.06604,0.0,103.999954,99.90234,0.0,275.41055,280.1949,514.5,540.375,-1.1976465,414.625,0.0,440.0,79.82713,49.99997,193.28613,0.0,97.45,297.3125,2.4902344,5.3619385,58.740234,68.84918,2.631836,97.82,97.99,95.33,95.28,0
150344.03,-0.29864728,3.911242,1.5030986,1.6012232,101.59883,18.796984,13.816264,25.126566,406.18494,257.7197,207.639,0.0,6.001,21.201,52.08,0.0,99.26506,2.0,0.0,311.25,194.25,4522.0,0.0,-4.0859375,1.3032837,490.87173,19980.338,20000.502,1100.0834,534.38684,139.77957,122.31508,0.0,0.448133,3.0,93.86139,25.231363,-2.9999962,-3.7499952,7.524,0.0,12.6640625,0.9934082,0.0,0.0,0.0,0.0,0.0,0.8515625,0.83984375,76.109314,1.5625001,274.79352,292.2001,0.0,103.999954,99.90234,0.0,275.18668,279.81348,514.875,540.0,-1.1143671,413.46875,0.0,439.78125,79.82713,49.99997,193.81104,0.0,98.36,298.03125,2.6306152,4.949951,58.477783,68.38837,2.631836,98.69,98.22,95.99,96.11,0
150344.06,-0.3189178,3.908247,1.5054018,1.6011809,101.59883,18.796984,13.825682,25.092878,406.27362,259.3151,207.639,0.0,6.001,21.201,52.08,0.0,99.26167,2.0,0.0,309.75,194.25,4549.0,0.0,-3.984375,1.3137817,494.8186,19934.168,20000.502,1100.0834,534.38684,140.26706,122.31508,0.0,0.51475644,3.0,93.94379,25.18943,-2.6249967,-3.7499952,7.54,0.0,12.7109375,0.9941406,0.0,0.0,0.0,0.0,0.0,0.8486328,0.8388672,76.109314,1.5625001,274.5613,291.47406,0.0,103.999954,99.90234,0.0,274.9711,279.3906,515.25,540.0,-1.0477437,416.75,0.0,439.59375,79.82713,49.99997,194.6106,0.0,98.8,298.25,2.7740479,4.473877,58.28247,67.92145,2.631836,99.42,99.24,96.41,96.44,0
150344.11,-0.31513426,3.9070487,1.5031277,1.601096,101.59883,18.796984,13.814695,25.001766,406.57217,260.64658,207.639,0.0,6.001,21.201,52.08,0.0,99.258965,2.0,0.0,307.875,194.625,4569.0,0.0,-3.8671875,1.3217773,497.82852,19866.773,20000.502,1100.0834,536.5095,141.77188,123.035706,0.0,0.56805515,3.0,94.66858,25.15169,-2.6249967,-3.3749957,7.596,0.0,12.75,1.0012207,0.0,0.0,0.0,0.0,0.0,0.8466797,0.8388672,76.109314,1.5625001,273.9333,291.10034,0.0,103.999954,99.90234,0.0,274.40726,279.0009,515.25,540.0,-0.99444497,419.9375,0.0,439.28125,79.82713,49.99997,194.72656,0.0,99.34,300.375,2.923584,4.6081543,57.739258,67.7536,2.6293945,99.29,99.68,97.17,97.13,0
150344.14,-0.3121074,3.9065695,1.5030589,1.6010114,101.59883,18.796984,13.824583,24.969248,406.52576,262.271,207.639,0.079,6.001,21.201,52.08,0.0,99.2568,2.0,0.0,306.0,194.625,4598.0,0.0,-3.7734375,1.3294678,500.72235,20036.059,20000.502,1100.0834,536.5095,139.54643,122.52703,0.0,0.6106941,3.0,93.4433,25.117723,-2.6249967,-3.3749957,7.616,0.0,12.625,1.0013428,0.0,0.0,0.0,0.0,0.0,0.84277344,0.83691406,76.2558,1.5625001,273.70914,290.97076,0.0,103.999954,99.90234,0.0,274.11703,278.5863,515.625,540.0,-0.951806,419.4375,0.0,439.0,79.82713,49.99997,195.44678,0.0,100.03,300.40625,3.0517578,4.370117,57.617188,67.5766,2.6342773,100.55,100.42,97.33,97.43,0
150344.19,-0.24968593,3.9063778,1.5034195,1.6009688,101.59883,18.796984,13.837364,24.926214,406.87704,263.35397,207.639,0.12,6.001,21.201,52.08,0.0,98.954315,2.0,0.0,306.0,194.625,4613.0,0.0,-3.578125,1.338501,504.12195,19934.168,20000.502,1100.0834,538.10156,140.30945,122.251495,0.0,0.6448053,3.0,93.6676,25.011967,-2.6249967,-3.3749957,7.588,0.0,12.71875,1.0042725,0.0,0.0,0.0,0.0,0.0,0.83984375,0.8359375,76.2558,1.5625001,273.4125,290.49878,0.0,103.999954,99.90234,0.0,273.84344,278.12195,516.0,539.625,-0.9176948,418.9375,0.0,438.78125,79.82713,49.99997,195.80688,0.0,100.4,301.28125,3.189087,4.180908,57.30591,67.28668,2.6367188,100.87,100.58,98.09,98.18,0
150344.22,-0.19974874,3.906301,1.5056617,1.6009265,101.59883,18.796984,13.834592,24.859785,406.98935,264.39746,207.639,0.161,6.001,21.201,52.08,0.0,98.712326,2.0,0.0,305.25,195.375,4630.0,0.0,-3.28125,1.341919,505.41547,19888.0,20000.502,1100.0834,538.10156,142.34415,123.37482,0.0,0.6720943,3.0,94.64874,24.916784,-2.2499971,-2.6249967,7.604,0.0,12.8671875,1.00531,0.0,0.0,0.0,0.0,0.0,0.8388672,0.8359375,76.361084,1.5625001,272.95462,289.657,0.0,103.999954,99.90234,0.0,273.4454,277.83176,516.375,539.25,-0.89040583,426.0625,0.0,438.6875,79.82713,49.99997,196.36841,0.0,100.99,301.59375,3.3172607,4.1992188,57.18994,67.33551,2.6269531,101.05,100.99,98.45,98.64,0
150344.27,-0.159799,3.9250207,1.5074695,1.6008418,101.59883,18.796984,13.838511,24.819212,408.7296,267.0191,207.639,0.2,6.001,21.201,52.08,0.0,98.51874,2.0,0.0,304.125,195.375,4656.0,0.0,-3.25,1.3497314,508.35077,19933.639,20000.502,1100.0834,538.10156,141.41158,122.80256,0.0,0.69392544,3.0,94.04602,24.831121,-2.2499971,-2.6249967,7.624,0.0,12.984375,1.008606,0.0,0.0,0.0,0.0,0.0,0.83984375,0.83496094,76.361084,1.5625001,272.67496,288.94354,0.0,103.999954,99.90234,0.0,273.03912,277.54153,516.375,539.25,-0.8685747,425.65625,0.0,438.5,79.82713,49.99997,196.96045,0.0,101.32,302.59375,3.4545898,4.092407,56.87256,67.066956,2.6269531,101.71,101.58,99.13,99.08,0
150344.3,-0.14783919,3.9137583,1.5037706,1.6007993,101.59883,18.796984,13.823677,24.653282,407.41663,267.81912,207.639,0.243,6.001,21.201,52.08,0.0,98.36386,2.0,0.0,301.875,195.375,4685.0,0.0,-3.3125,1.3549194,510.3159,20062.06,20000.502,1100.0834,539.6936,140.64856,123.37482,0.0,0.7113904,3.0,93.52417,24.754025,-2.2499971,-2.6249967,7.652,0.0,12.5625,1.019043,0.0,0.0,0.0,0.0,0.0,0.83496094,0.8330078,76.361084,1.5625001,271.53122,288.36798,0.0,103.999954,99.90234,0.0,272.01926,277.15182,516.75,539.25,-0.85110974,425.15625,0.0,438.1875,79.82713,49.99997,197.07031,0.0,101.87,305.71875,3.6560059,5.2856445,56.152344,67.80243,2.6293945,102.28,101.92,99.72,99.79,0
150344.36,-0.15827134,3.8905034,1.5034133,1.6007148,101.59883,18.796984,13.825011,24.618832,406.03293,268.10593,207.639,0.281,6.001,21.201,52.08,0.0,98.23996,2.0,0.0,304.125,195.375,4706.0,0.0,-3.25,1.3570557,511.1202,20076.389,20000.502,1100.0834,539.6936,139.18613,122.251495,0.0,0.7253623,3.0,92.666626,24.684637,-2.2499971,-2.6249967,7.576,0.0,12.171875,1.0296631,0.0,0.0,0.0,0.0,0.0,0.8300781,0.83203125,76.47247,1.5625001,271.29376,288.1456,0.0,103.999954,99.90234,0.0,271.70416,276.7953,517.125,539.25,-0.8371378,424.84375,0.0,437.875,79.82713,49.99997,197.53418,0.0,102.53,308.90625,3.8085938,5.0598145,55.462646,67.03949,2.6293945,102.75,102.72,100.17,100.17,0
150344.39,-0.14661707,3.8812013,1.4964247,1.6006299,101.59883,18.796984,13.843523,24.439611,406.22818,270.2868,207.639,0.319,6.001,21.201,52.08,0.0,98.14084,2.0,0.0,302.625,195.75,4742.0,0.0,-2.8828125,1.3633423,513.48334,19956.988,20000.502,1100.0834,541.2856,141.51755,123.459595,0.0,0.73653984,3.0,93.647766,24.622189,-1.8749976,-2.2499971,7.576,0.0,12.3125,1.0386353,0.0,0.0,0.0,0.0,0.0,0.8310547,0.83203125,76.47247,1.5625001,270.0584,287.98563,0.0,104.09995,99.90234,0.0,270.4604,276.26462,517.5,538.875,-0.8259603,431.40625,0.0,437.59375,79.82713,49.99997,197.68066,0.0,103.02,311.59375,3.9733887,6.1676025,54.80957,67.69562,2.6220703,103.13,103.32,100.85,100.99,0
150344.44,-0.117293656,3.8587308,1.4970239,1.6005449,101.59883,18.796984,13.833044,24.355915,404.76917,270.3951,207.639,0.363,6.001,21.201,52.08,0.0,98.06154,2.0,0.0,300.0,195.75,4761.0,0.0,-2.828125,1.3665771,514.694,19877.387,20000.502,1100.0834,541.2856,142.30176,123.39601,0.0,0.7454819,3.0,94.02466,24.565985,-1.8749976,-2.2499971,7.62,0.0,12.484375,1.0446777,0.0,0.0,0.0,0.0,0.0,0.8300781,0.8310547,76.58539,1.5625001,269.4815,287.32587,0.0,104.18996,99.90234,0.0,269.90485,275.8583,517.875,538.875,-0.8170182,427.25,0.0,437.09375,79.82713,49.99997,198.12622,0.0,103.7,313.40625,4.1625977,6.1828613,54.382324,67.47894,2.6293945,103.99,103.69,101.16,101.21,0
150344.48,-0.09383493,3.8684924,1.4972146,1.6005874,101.59883,18.796984,13.837427,24.356443,406.76205,271.61227,207.639,0.4,6.001,21.201,52.08,0.0,97.99811,2.0,0.0,300.75,195.75,4759.0,0.0,-2.7265625,1.3683472,515.3656,20133.701,20000.502,1100.0834,541.2856,138.99538,122.42105,0.0,0.75263554,3.0,92.43164,24.515402,-1.8749976,-2.2499971,7.608,0.0,12.6796875,1.0424805,0.0,0.0,0.0,0.0,0.0,0.82714844,0.8310547,76.58539,1.5625001,269.48514,287.33908,0.0,104.27096,99.90234,0.0,270.0458,275.60126,517.875,538.875,-0.8098646,426.09375,0.0,437.5,79.82713,49.99997,198.11401,0.0,103.97,312.75,4.321289,5.2612305,54.492188,66.81366,2.631836,104.08,104.14,101.99,101.92,0
150344.52,-0.055067945,3.9098973,1.4992543,1.6005026,101.59883,18.796984,13.834637,24.332357,409.74802,275.2734,207.639,0.443,6.001,21.201,52.08,0.0,97.94736,2.0,0.0,301.125,195.75,4788.0,0.0,-2.765625,1.3720703,516.7669,20065.244,20000.502,1100.0834,542.0816,139.61002,122.37866,0.0,0.7583584,3.0,92.57507,24.469877,-1.8749976,-2.2499971,7.568,0.0,13.2421875,1.0427856,0.0,0.0,0.0,0.0,0.0,0.8261719,0.82910156,76.58539,1.5625001,269.31912,286.7796,0.0,104.34386,99.90234,0.0,269.87997,275.33594,517.875,538.875,-0.8041417,425.6875,0.0,437.1875,79.82713,49.99997,198.83423,0.0,104.29,312.84375,4.4891357,4.1992188,54.41284,65.88287,2.6245117,104.45,104.6,102.09,102.47,0
150344.55,-0.024054356,3.9077091,1.4961196,1.6004179,101.59883,18.796984,13.838542,24.175938,408.52448,276.1137,207.639,0.481,6.001,21.201,52.08,0.0,97.90675,2.0,0.0,298.5,196.125,4817.0,0.0,-2.7265625,1.3762207,518.33405,19989.889,20000.502,1100.0834,542.0816,139.86436,121.91238,0.0,0.60668683,3.0,92.544556,24.428904,-1.4999981,-1.8749976,7.644,0.0,12.953125,1.0549927,0.0,0.0,0.0,0.0,0.0,0.8251953,0.828125,76.64795,1.5625001,268.24094,286.056,0.0,104.40947,99.90234,0.0,268.69424,275.01254,518.25,538.875,-0.9558133,429.4375,0.0,436.78125,79.82713,49.99997,199.11499,0.0,104.69,316.5,4.6936035,6.4819336,53.833008,67.796326,2.6269531,104.96,105.17,102.87,102.87,0
150344.6,7.565152E-4,3.8318338,1.4956717,1.6003331,101.59883,18.796984,13.852995,24.06183,402.55362,273.15128,207.639,0.521,6.001,21.201,52.08,0.0,97.72389,2.0,0.0,297.375,196.5,4836.0,0.0,-2.6875,1.3806763,520.009,19922.494,20000.502,1100.0834,544.2043,141.19963,122.590614,0.0,0.48534954,3.0,93.03436,24.392029,-1.4999981,-1.4999981,7.612,0.0,12.9375,1.0731201,0.0,0.0,0.0,0.0,0.0,0.8232422,0.82714844,76.64795,1.5625001,267.4544,285.47647,0.0,104.46852,99.90234,0.0,268.0475,274.53162,518.625,538.875,-1.0771506,431.46875,0.0,436.59375,79.82713,49.99997,199.59106,0.0,105.44,321.9375,4.873657,6.625366,53.54004,67.83905,2.6220703,105.49,105.49,103.35,103.57,0
150344.62,0.020605212,3.8014836,1.4893987,1.6002907,101.59883,18.796984,13.827955,23.940342,402.67355,274.47568,207.639,0.564,6.001,21.201,52.08,0.0,97.57761,2.0,0.0,298.125,196.5,4858.0,0.0,-2.640625,1.3815918,520.3655,19962.824,20000.502,1100.0834,544.2043,140.43661,122.2303,0.0,0.38827968,3.0,92.666626,24.35884,-1.4999981,-1.4999981,7.572,0.0,12.1171875,1.0716553,0.0,0.0,0.0,0.0,0.0,0.8203125,0.82714844,76.79443,1.5625001,266.617,285.48996,0.0,104.52167,99.90234,0.0,267.19345,274.22482,518.625,538.5,-1.1742204,429.25,0.0,436.375,79.82713,49.99997,199.18213,0.0,105.97,321.5,5.093384,7.9040527,53.54004,69.32526,2.6293945,106.29,106.19,103.82,103.76,0
150344.67,0.01648417,3.7893438,1.4882444,1.6002059,101.59883,18.796984,13.833865,23.839256,402.95416,276.6458,207.639,0.602,6.001,21.201,52.08,0.0,97.46059,2.0,0.0,295.875,196.875,4893.0,0.0,-2.5078125,1.3881836,522.8364,19905.512,20000.502,1100.0834,544.2043,141.15724,122.31508,0.0,0.31062376,3.0,92.87109,24.328972,-1.1249986,-1.1249986,7.624,0.0,12.28125,1.0785522,0.0,0.0,0.0,0.0,0.0,0.82128906,0.8251953,76.79443,1.5625001,265.92023,285.02963,0.0,104.569496,99.90234,0.0,266.55496,273.79367,519.0,538.875,-1.2518764,432.1875,0.0,436.1875,79.82713,49.99997,199.73145,0.0,106.44,323.5625,5.3222656,8.374023,53.375244,69.877625,2.631836,106.71,106.94,104.57,104.56,0
150344.7,0.013187336,3.7657375,1.4862076,1.600121,101.59883,18.796984,13.814565,23.71511,401.2614,277.22903,207.639,0.643,6.001,21.201,52.08,0.0,97.36696,2.0,0.0,295.125,196.875,4924.0,0.0,-2.6796875,1.3921509,524.3455,19917.188,20000.502,1100.0834,546.32697,140.9241,121.89118,0.0,0.24849904,3.0,92.60559,24.30209,-1.1249986,-1.1249986,7.6,0.0,12.265625,1.0928955,0.0,0.0,0.0,0.0,0.0,0.81933594,0.82421875,76.79443,1.5625001,265.0645,284.33154,0.0,104.61254,99.90234,0.0,265.64288,273.30444,519.375,538.875,-1.3140011,430.5625,0.0,435.6875,79.82713,49.99997,199.88403,0.0,107.1,327.875,5.5389404,8.99353,53.16162,70.51849,2.631836,107.37,107.29,104.62,104.98,0
150344.75,0.010549868,3.7187953,1.4845898,1.5999942,101.59883,18.796984,13.824492,23.576946,398.3738,277.74933,207.639,0.681,6.001,21.201,52.08,0.0,97.29207,2.0,0.0,295.125,197.25,4969.0,0.0,-2.640625,1.3988037,526.83307,20031.281,20000.502,1100.0834,546.32697,139.61002,121.70043,0.0,0.19879925,3.0,91.66565,24.277895,-0.74999905,-0.74999905,7.592,0.0,12.2890625,1.0960083,0.0,0.0,0.0,0.0,0.0,0.8154297,0.82128906,76.934814,1.5625001,264.11215,283.54645,0.0,104.65128,99.90234,0.0,264.78882,272.58307,519.75,538.875,-1.3637009,435.84375,0.0,435.28125,79.82713,49.99997,200.74463,0.0,107.8,328.8125,5.7678223,10.507202,53.05786,72.15729,2.6391602,108.68,108.11,105.44,105.44,0
150344.78,0.008439895,3.6812682,1.4814239,1.5890576,101.59883,18.796984,13.813864,23.495499,396.99484,276.95502,207.639,0.721,6.001,21.201,52.08,0.0,97.23215,2.0,0.0,295.125,197.25,4972.0,0.0,-2.6015625,1.3972778,526.2609,19973.438,20000.502,1100.0834,548.1843,140.0975,121.63685,0.0,0.0027893782,3.0,91.900635,24.25612,-0.74999905,-0.74999905,7.536,0.0,12.3984375,1.0965576,0.0,0.0,0.0,0.0,0.0,0.81152344,0.82128906,76.934814,1.5625001,263.55075,281.69424,0.0,104.68615,99.90234,0.0,264.14206,272.2514,520.125,538.875,-1.5597107,433.875,0.0,435.28125,79.82713,49.99997,200.1831,0.0,108.28,328.96875,6.0577393,10.125732,53.07007,72.084045,2.6635742,108.35,108.51,105.79,106.04,0
150344.83,0.006751916,3.6662574,1.4783561,1.5891422,101.59883,18.796984,13.800564,23.366892,397.25137,277.4684,207.639,0.762,6.001,21.201,52.08,0.0,97.18422,2.0,0.0,294.75,197.25,4978.0,0.0,-2.6015625,1.3997803,526.6092,19945.844,20000.502,1100.0834,548.1843,139.92795,121.06459,0.0,-0.15401852,3.0,91.81976,24.236523,-0.74999905,-0.74999905,7.544,0.0,12.3828125,1.0969849,0.0,0.0,0.0,0.0,0.0,0.8105469,0.82128906,77.067566,1.5625001,262.66428,281.24332,0.0,104.71753,99.90234,0.0,263.22998,272.01093,520.125,538.5,-1.7165186,433.1875,0.0,435.1875,79.82713,49.99997,199.91455,0.0,109.03,329.09375,6.314087,11.108398,53.03955,73.32306,2.709961,108.81,108.89,106.34,106.27,0
150344.88,0.0054015326,3.697753,1.4756875,1.589354,101.59883,18.796984,13.814692,23.277317,400.7542,280.53357,207.639,0.8,6.001,21.201,52.08,0.0,97.145874,2.0,0.0,295.5,197.25,4989.0,0.0,-2.5703125,1.4031372,527.86957,20041.895,20000.502,1100.0834,548.1843,139.33449,121.38251,0.0,-0.27946484,3.0,91.5329,24.218885,-0.74999905,-0.74999905,7.524,0.0,12.421875,1.0844727,0.0,0.0,0.0,0.0,0.0,0.8095703,0.8154297,77.067566,1.5625001,262.04684,281.15793,0.0,104.74577,99.90234,0.0,262.691,271.82852,520.125,538.5,-1.841965,432.78125,0.0,435.09375,79.82713,49.99997,200.354,0.0,108.97,325.34375,6.5612793,10.775757,53.16162,73.35358,2.734375,109.17,109.3,106.97,107.02,0
150344.9,0.024321226,3.6916013,1.476127,1.5864717,101.598,18.796984,13.795284,23.271635,399.01593,280.99634,207.639,0.844,6.001,21.201,52.08,0.0,97.11519,2.0,0.0,295.875,197.25,5019.0,0.0,-2.4921875,1.4064331,529.105,19979.807,20000.502,1100.0834,548.98035,139.6736,121.128174,0.0,-0.5360719,3.0,91.552734,24.203012,-0.74999905,-0.74999905,7.472,0.0,12.453125,1.102478,0.0,0.0,0.0,0.0,0.0,0.8076172,0.81933594,77.067566,1.5625001,262.00684,280.51266,0.0,104.771194,99.90234,0.0,262.691,271.52173,520.5,538.5,-2.098572,430.28125,0.0,434.375,79.82713,49.99997,200.82397,0.0,109.48,330.75,6.793213,11.859131,52.98462,74.50409,2.7539062,109.59,109.46,106.97,107.42,0
150344.94,0.03945698,3.651641,1.4706893,1.5799012,101.59725,18.796984,13.799277,23.217035,396.24045,280.43173,207.639,0.879,6.001,21.201,52.08,0.0,97.09065,2.0,0.0,294.75,197.25,5044.0,0.0,-2.5078125,1.4068604,529.2626,19979.807,20000.502,1100.0834,548.98035,138.57147,120.02605,0.0,-0.74135745,3.0,90.86914,24.188726,-0.74999905,-0.74999905,7.48,0.0,12.875,1.1038208,0.0,0.0,0.0,0.0,0.0,0.8046875,0.81933594,77.12402,1.5625001,261.62976,280.03015,0.0,104.794075,99.90234,0.0,262.21008,270.9662,520.875,538.5,-2.3038576,430.5,0.0,433.0,79.82713,49.99997,200.8606,0.0,109.82,331.15625,7.046509,12.722778,52.96631,75.608826,2.788086,110.18,110.14,107.99,107.82,0
150344.98,0.031565584,3.5981565,1.4710928,1.5903716,101.59741,18.796984,13.813791,23.212374,393.36353,279.3339,207.639,0.921,6.001,21.201,52.08,0.0,96.92064,2.0,0.0,293.625,197.25,5061.0,0.0,-2.4140625,1.414917,531.6837,20019.607,20000.502,1100.0834,550.8377,138.23236,120.04724,0.0,-0.9055859,3.0,90.623474,24.100681,-0.74999905,-0.74999905,7.496,0.0,12.625,1.1118774,0.0,0.0,0.0,0.0,0.0,0.80371094,0.8173828,77.12402,1.5625001,261.59778,281.7775,0.0,104.81467,99.90234,0.0,262.25986,270.4521,520.875,538.5,-2.468086,425.1875,0.0,431.28125,79.82713,49.99997,201.36108,0.0,110.35,333.5625,7.1990967,11.676025,52.886963,74.64752,2.8100586,110.57,110.35,108.47,108.64,0
150345.03,0.045252465,3.5767627,1.4717315,1.5979167,101.59756,18.796984,13.800513,23.176193,393.42346,280.8117,207.639,0.963,6.001,21.201,52.08,0.0,96.78464,2.0,0.0,294.375,197.625,5087.0,0.0,-2.34375,1.4179077,532.80316,19990.951,20000.502,1100.0834,550.8377,138.59267,120.15321,0.0,-1.1932186,3.0,90.797424,24.02144,-0.37499952,-0.37499952,7.456,0.0,12.671875,1.1228027,0.0,0.0,0.0,0.0,0.0,0.8046875,0.8173828,77.256775,1.5625001,261.34854,282.54984,0.0,104.8332,99.90234,0.0,262.0028,269.86337,520.875,538.5,-2.7557187,421.71875,0.0,430.0,79.82713,49.99997,202.0752,0.0,111.05,336.84375,7.373047,11.721802,52.7771,74.757385,2.8173828,110.99,111.21,108.81,108.81,0
150345.08,0.056201972,3.586955,1.4692041,1.5911767,101.59769,18.796984,13.8029375,23.186035,395.24496,283.6092,207.639,0.999,6.001,21.201,52.08,0.0,96.67583,2.0,0.0,292.875,197.625,5114.0,0.0,-2.3203125,1.4190063,533.2177,20219.14,20000.502,1100.0834,550.8377,135.30748,119.53857,0.0,-1.423325,3.0,89.14337,23.950123,-0.37499952,-0.37499952,7.448,0.0,12.59375,1.1350708,0.0,0.0,0.0,0.0,0.0,0.8046875,0.8066406,77.256775,1.5625001,261.4165,282.09735,0.0,104.84988,99.90234,0.0,262.05252,269.15857,521.25,538.5,-2.985825,422.0,0.0,427.78125,79.82713,49.99997,202.47803,0.0,111.26,340.53125,7.4890137,10.4522705,52.65503,73.43292,2.8125,111.81,111.64,109.46,109.43,0
150345.11,0.06496158,3.572282,1.4651053,1.5882944,101.5978,18.796984,13.792915,23.116198,393.605,283.59222,207.639,1.041,6.001,21.201,52.08,0.0,96.588776,2.0,0.0,291.375,197.625,5135.0,0.0,-2.234375,1.4182129,532.9275,20105.576,20000.502,1100.0834,552.9604,136.91829,120.72547,0.0,-1.6074101,3.0,89.83765,23.885939,-0.37499952,-0.37499952,7.48,0.0,12.5703125,1.1447754,0.0,0.0,0.0,0.0,0.0,0.80078125,0.8095703,77.256775,1.5625001,260.93524,281.81775,0.0,104.86488,99.90234,0.0,261.6214,268.6196,521.625,538.125,-3.1699102,419.15625,0.0,426.1875,79.82713,49.99997,202.38037,0.0,111.94,343.4375,7.650757,10.403442,52.557373,73.44208,2.8149414,111.98,112.29,109.55,110.06,0
150345.16,0.07196927,3.566413,1.4599601,1.5818938,101.59791,18.796984,13.797619,23.07605,393.83142,284.86053,207.639,1.082,6.001,21.201,52.08,0.0,96.519135,2.0,0.0,294.75,197.625,5155.0,0.0,-2.1953125,1.4175415,532.6705,20219.14,20000.502,1100.0834,552.9604,133.73906,119.05109,0.0,-1.7546781,3.0,88.23395,23.828173,-0.37499952,-0.37499952,7.352,0.0,12.6796875,1.1463623,0.0,0.0,0.0,0.0,0.0,0.80078125,0.8125,77.41089,1.5625001,260.6586,281.40335,0.0,104.878395,99.90234,0.0,261.298,268.08066,522.0,538.125,-3.3171782,417.59375,0.0,424.875,79.82713,49.99997,202.2583,0.0,112.51,343.90625,7.7819824,9.643555,52.539062,72.76459,2.7978516,112.74,112.68,110.27,110.1,0
150345.19,0.117575414,3.5453153,1.4577687,1.5753233,101.59801,18.796984,13.80677,23.033894,392.5787,285.16626,207.639,1.121,6.001,21.201,52.08,0.0,96.463425,2.0,0.0,293.25,197.625,5177.0,0.0,-2.1796875,1.4238892,533.8313,20173.502,20000.502,1100.0834,554.81775,133.65428,119.474976,0.0,-1.8724924,3.0,88.19275,23.776182,-0.37499952,-0.37499952,7.376,0.0,12.78125,1.1421509,0.0,0.0,0.0,0.0,0.0,0.8017578,0.81347656,77.41089,1.5625001,260.36813,280.4124,0.0,104.89056,99.90234,0.0,260.55173,267.5417,522.0,538.125,-3.4349926,416.3125,0.0,423.28125,79.82713,49.99997,202.28271,0.0,112.69,342.65625,7.962036,10.519409,52.581787,73.89984,2.7978516,113.33,113.04,110.86,110.99,0
150345.23,0.15406033,3.5368762,1.4537895,1.5856662,101.59809,18.796984,13.807317,22.955801,392.52344,286.00732,207.639,1.163,6.001,21.201,52.08,0.0,96.41885,2.0,0.0,295.125,198.0,5193.0,0.0,-2.3125,1.4245605,534.0884,20168.195,20000.502,1100.0834,554.81775,131.68317,118.26688,0.0,-1.9667441,3.0,87.161255,23.729391,0.0,0.0,7.292,0.0,12.5546875,1.1431885,0.0,0.0,0.0,0.0,0.0,0.80371094,0.8125,77.52991,1.5625001,259.82993,282.313,0.0,104.9015,99.90234,0.0,260.4937,267.06906,522.375,538.5,-3.5292442,410.5,0.0,421.78125,79.82713,49.99997,202.23389,0.0,113.38,342.96875,8.1085205,9.356689,52.575684,72.883606,2.7978516,113.27,113.36,110.92,111.16,0
150345.28,0.24324827,3.5147505,1.4445757,1.5777395,101.59817,18.796984,13.825278,22.838139,391.1631,286.71756,207.639,1.2,6.001,21.201,52.08,0.0,96.38321,2.0,0.0,295.875,198.0,5224.0,0.0,-2.34375,1.4248657,534.20447,20144.314,20000.502,1100.0834,554.81775,130.98375,118.09732,0.0,-2.1983953,3.0,86.743164,23.687279,0.0,0.0,7.26,0.0,12.1953125,1.1395874,0.0,0.0,0.0,0.0,0.0,0.80566406,0.7998047,77.52991,1.5625001,259.01898,281.78812,0.0,104.91135,99.90234,0.0,259.5899,266.24817,522.375,538.5,-3.7608955,408.84375,0.0,420.375,79.82713,49.99997,201.95923,0.0,113.94,341.875,8.203125,8.581543,52.612305,72.221375,2.7832031,114.08,114.05,111.86,111.6,0
150345.31,0.31459862,3.4871504,1.4434052,1.5780361,101.598236,18.796984,13.820272,22.798532,389.75607,286.34247,207.639,1.243,6.001,21.201,52.08,0.0,96.05393,2.0,0.0,295.875,198.0,5236.0,0.0,-2.28125,1.4217529,533.64886,19854.568,20000.502,1100.0834,556.6751,136.0281,120.32277,0.0,-2.383716,3.0,89.17389,23.649378,0.0,0.0,7.224,0.0,12.15625,1.1549072,0.0,0.0,0.0,0.0,0.0,0.80859375,0.7998047,77.52991,1.5625001,258.74603,281.85028,0.0,104.92021,99.90234,0.0,258.94315,265.88333,522.75,538.5,-3.9462163,408.28125,0.0,418.6875,79.82713,49.99997,201.9226,0.0,114.05,346.46875,8.364868,9.750366,52.453613,73.39935,2.7636719,114.41,114.41,112.04,112.43,0
150345.34,0.37167892,3.4948602,1.4400864,1.576171,101.5983,18.796984,13.834347,22.699251,391.6851,288.19934,207.639,1.28,6.001,21.201,52.08,0.0,95.79051,2.0,0.0,290.25,198.0,5244.0,0.0,-2.28125,1.4209595,533.3421,19979.807,20000.502,1100.0834,556.6751,134.98956,120.1956,0.0,-2.375723,3.0,88.6734,23.615267,0.0,0.0,7.384,0.0,12.25,1.1625977,0.0,0.0,0.0,0.0,0.0,0.8046875,0.7998047,77.66876,1.5625001,258.06177,281.41763,0.0,104.928185,99.90234,0.0,258.3047,265.57654,522.75,538.5,-3.9382231,407.71875,0.0,418.0,79.82713,49.99997,201.66016,0.0,114.69,348.78125,8.508301,9.835815,52.38037,73.53668,2.758789,114.81,114.5,112.61,112.68,0
150345.39,0.39734313,3.516694,1.4332076,1.5671844,101.59835,18.796984,13.83834,22.582298,393.46725,291.27728,207.639,1.321,6.001,21.201,52.08,0.0,95.57977,2.0,0.0,288.375,198.0,5276.0,0.0,-2.2890625,1.4277344,534.67706,19979.807,20000.502,1100.0834,558.0018,133.42114,118.605995,0.0,-2.3693285,3.0,87.846375,23.584568,0.0,0.0,7.42,0.0,12.3046875,1.154541,0.0,0.0,0.0,0.0,0.0,0.79785156,0.8027344,77.66876,1.5625001,257.25568,280.24075,0.0,104.93536,99.90234,0.0,257.3843,265.0044,523.125,538.5,-3.9318285,404.28125,0.0,416.375,79.82713,49.99997,201.44653,0.0,115.13,346.375,8.654785,10.238647,52.459717,74.201965,2.7661133,115.04,115.28,113.18,113.23,0
150345.42,0.41787452,3.487928,1.4185957,1.5596815,101.598404,18.796984,13.829416,22.396868,390.34006,290.222,207.639,1.363,6.001,21.201,52.08,0.0,95.41119,2.0,0.0,293.625,198.0,5299.0,0.0,-2.328125,1.4302368,534.9839,20082.758,20000.502,1100.0834,558.0018,130.7506,116.9316,0.0,-2.5204625,3.0,86.47766,23.556938,0.0,0.0,7.236,0.0,11.8125,1.1403198,0.0,0.0,0.0,0.0,0.0,0.79589844,0.8066406,77.760315,1.5625001,255.97757,280.47675,0.0,104.941826,99.90234,0.0,256.53024,264.4074,523.5,538.5,-4.0829625,400.25,0.0,414.6875,79.82713,49.99997,200.67139,0.0,115.43,342.09375,8.816528,10.125732,52.600098,74.409485,2.7685547,115.79,115.74,113.54,113.73,0
150345.47,0.45429963,3.4389212,1.4233639,1.5483636,101.59845,18.796984,13.829029,22.558125,386.99033,290.012,207.639,1.401,6.001,21.201,52.08,0.0,95.27631,2.0,0.0,291.375,198.375,5341.0,0.0,-2.4140625,1.4310303,535.28235,20163.95,20000.502,1100.0834,558.0018,127.71975,115.06647,0.0,-2.6413698,3.0,84.935,23.532072,0.37499952,0.37499952,7.272,0.0,11.8125,1.1318359,0.0,0.0,0.0,0.0,0.0,0.796875,0.7998047,77.760315,1.5625001,257.08914,278.86642,0.0,104.94764,99.90234,0.0,257.61646,263.32947,523.5,538.5,-4.20387,396.75,0.0,412.59375,79.82713,49.99997,201.97144,0.0,116.34,339.5625,8.938599,5.090332,52.685547,69.5755,2.7734375,116.48,116.31,113.77,113.86,0
150345.5,0.4834397,3.4005685,1.4082273,1.5375118,101.59849,18.796984,13.811179,22.357533,385.54797,291.69,207.639,1.443,6.001,21.201,52.08,0.0,95.16842,2.0,0.0,291.0,198.375,5392.0,0.0,-2.4921875,1.4293823,534.67706,20383.117,20000.502,1100.0834,560.65515,123.79871,115.17244,0.0,-2.7380958,3.0,82.891846,23.509691,0.37499952,0.37499952,7.24,0.0,11.2109375,1.1425781,0.0,0.0,0.0,0.0,0.0,0.7998047,0.80078125,77.760315,1.5625001,255.70651,278.3649,0.0,104.95287,99.90234,0.0,256.39758,261.895,523.875,538.5,-4.3005958,394.28125,0.0,410.09375,79.82713,49.99997,201.47705,0.0,116.69,342.78125,9.042358,7.8155518,52.581787,72.30072,2.775879,118.42,117.41,114.54,114.59,0
150345.55,0.52675176,3.3477275,1.4019089,1.5323827,101.598526,18.796984,13.804544,22.24014,382.30853,289.7756,207.639,1.48,6.001,21.201,52.08,0.0,95.0821,2.0,0.0,291.75,198.375,5402.0,0.0,-2.6875,1.4277344,534.0635,20185.176,20000.502,1100.0834,560.65515,123.65035,114.21867,0.0,-2.8154764,3.0,82.821655,23.48955,0.37499952,0.37499952,7.176,0.0,11.1796875,1.1445923,0.0,0.0,0.0,0.0,0.0,0.7988281,0.80371094,77.93579,1.5625001,254.8974,277.83755,0.0,104.95758,99.90234,0.0,255.62643,261.41406,524.625,538.875,-4.3779764,391.96875,0.0,406.5,79.82713,49.99997,201.0498,0.0,117.24,343.375,9.136963,7.080078,52.557373,71.61713,2.7783203,117.83,117.65,114.72,115.09,0
150345.6,0.5814014,3.3453412,1.3923066,1.5303478,101.59856,18.796984,13.805759,21.982855,384.25537,291.30515,207.639,1.52,6.001,21.201,52.08,0.0,95.01305,2.0,0.0,292.5,198.375,5403.0,0.0,-2.875,1.4309082,534.6356,20076.389,20000.502,1100.0834,562.77783,124.98562,114.64257,0.0,-2.8773808,3.0,83.46405,23.471422,0.37499952,0.37499952,7.152,0.0,11.265625,1.1434326,0.0,0.0,0.0,0.0,0.0,0.79785156,0.8046875,77.93579,1.5625001,253.12398,277.2992,0.0,104.96182,99.90234,0.0,253.31303,261.1902,524.625,538.875,-4.439881,389.125,0.0,406.375,79.82713,49.99997,199.70703,0.0,118.52,343.03125,9.237671,8.798218,52.56958,73.46039,2.7734375,117.41,117.83,115.28,115.19,0
150345.62,0.6651211,3.3818865,1.3960937,1.5326368,101.59859,18.796984,13.80075,22.027771,387.91135,294.1856,207.639,1.563,6.001,21.201,52.08,0.0,94.9578,2.0,0.0,295.875,198.375,5405.0,0.0,-2.890625,1.4314575,534.8429,19966.01,20000.502,1100.0834,562.77783,125.070404,113.71,0.0,-2.9269047,3.0,83.50525,23.455107,0.37499952,0.37499952,7.044,0.0,11.3671875,1.1297607,0.0,0.0,0.0,0.0,0.0,0.8027344,0.8046875,78.082275,1.5625001,253.43361,277.34088,0.0,104.96564,99.90234,0.0,254.15051,261.07413,524.25,538.875,-4.4894047,388.53125,0.0,407.09375,79.82713,49.99997,200.32959,0.0,118.28,338.9375,9.320068,8.435059,52.70996,73.35663,2.770996,117.95,118.27,115.79,115.82,0
150345.66,0.6920968,3.3777547,1.3997633,1.5291187,101.59862,18.796984,13.808962,22.056652,386.17398,293.73495,207.639,1.601,6.001,21.201,52.08,0.0,94.913605,2.0,0.0,291.375,198.375,5421.0,0.0,-2.890625,1.4328613,535.3736,20218.61,20000.502,1100.0834,562.77783,122.84495,114.02792,0.0,-2.9665236,3.0,82.36084,23.440424,0.37499952,0.37499952,7.168,0.0,12.078125,1.1401978,0.0,0.0,0.0,0.0,0.0,0.8046875,0.7998047,78.082275,1.5625001,253.63272,276.30737,0.0,104.96907,99.90234,0.0,254.28317,260.92487,524.25,538.875,-4.5290236,388.6875,0.0,406.59375,79.82713,49.99997,201.01929,0.0,118.11,342.0625,9.414673,5.657959,52.6062,70.606995,2.7783203,118.46,118.37,115.78,116.31,0
150345.72,0.6936775,3.338602,1.3852739,1.5261512,101.59864,18.796984,13.7971325,21.714165,383.18484,292.3216,207.639,1.643,6.001,21.201,52.08,0.0,94.727875,2.0,0.0,292.125,198.375,5437.0,0.0,-2.875,1.4301758,534.9756,20036.588,20000.502,1100.0834,563.3085,125.60027,115.17244,0.0,-2.998219,3.0,83.688354,23.427208,0.37499952,0.37499952,7.124,0.0,12.1484375,1.1461182,0.0,0.0,0.0,0.0,0.0,0.7998047,0.7998047,78.082275,1.5625001,251.27202,275.93155,0.0,104.97216,99.90234,0.0,251.5469,260.62637,524.625,538.875,-4.560719,386.0625,0.0,404.78125,79.82713,49.99997,199.37744,0.0,118.6,343.84375,9.628296,12.145996,52.545166,77.17438,2.7856445,118.61,118.76,116.4,116.63,0
150345.75,0.634942,3.266691,1.384875,1.5058044,101.59866,18.796984,13.794711,21.876099,378.5286,290.09726,207.639,1.68,6.001,21.201,52.08,0.0,94.57929,2.0,0.0,292.125,198.75,5462.0,0.0,-2.8671875,1.4290771,534.5693,20157.582,20000.502,1100.0834,563.3085,121.91238,112.98938,0.0,-3.0235753,3.0,81.829834,23.415314,0.74999905,0.74999905,7.116,0.0,11.578125,1.1384277,0.0,0.0,0.0,0.0,0.0,0.796875,0.7998047,78.1311,1.5625001,252.38823,273.7122,0.0,104.974945,99.90234,0.0,252.99796,260.22006,525.0,538.875,-4.5860753,389.40625,0.0,403.28125,79.82713,49.99997,200.24414,0.0,119.15,341.53125,9.832764,6.9732666,52.62451,72.30377,2.8198242,119.2,119.37,117.2,117.16,0
150345.8,0.5479536,3.2004266,1.3800775,1.5022861,101.59869,18.796984,13.822313,21.821386,375.02747,288.4665,207.639,1.72,6.001,21.201,52.08,0.0,94.46043,2.0,0.0,292.125,198.75,5482.0,0.0,-2.7890625,1.4298096,534.8346,20205.342,20000.502,1100.0834,561.1858,119.68693,112.0992,0.0,-3.04386,3.0,80.67627,23.40461,0.74999905,0.74999905,7.084,0.0,11.078125,1.1487427,0.0,0.0,0.0,0.0,0.0,0.7939453,0.7998047,78.1311,1.5625001,252.01112,273.67502,0.0,104.97745,99.90234,0.0,252.67458,259.70596,525.0,538.875,-4.60636,383.875,0.0,402.0,79.82713,49.99997,200.22583,0.0,119.28,344.625,9.863281,3.5766602,52.520752,68.80951,2.8076172,119.76,119.8,117.15,117.64,0
150345.83,0.4383629,3.1739206,1.3702794,1.5110606,101.5987,18.796984,13.8064785,21.605791,375.51984,289.53018,207.639,1.763,6.001,21.201,52.08,0.0,94.36533,2.0,0.0,293.625,198.75,5495.0,0.0,-2.7265625,1.4294434,534.68536,19990.951,20000.502,1100.0834,561.1858,122.18791,112.96818,0.0,-3.0600877,3.0,81.881714,23.394976,0.74999905,0.74999905,7.036,0.0,10.953125,1.1378784,0.0,0.0,0.0,0.0,0.0,0.79589844,0.7998047,77.97089,1.5625001,250.52505,275.54907,0.0,104.9797,99.90234,0.0,250.79236,259.31625,525.375,538.875,-4.6225877,380.40625,0.0,400.59375,79.82713,49.99997,199.27368,0.0,119.9,341.375,10.095215,12.121582,52.62451,77.726746,2.8149414,120.05,119.9,118.17,118.02,0
150345.88,0.33069032,3.1820683,1.3674116,1.5057197,101.59872,18.796984,13.807113,21.55922,377.64648,292.1766,207.639,1.8,6.001,21.201,52.08,0.0,94.28926,2.0,0.0,293.25,198.75,5514.0,0.0,-2.796875,1.4324341,535.19946,19997.318,20000.502,1100.0834,561.1858,122.67539,113.54044,0.0,-3.07307,3.0,82.04498,23.386305,0.74999905,0.74999905,7.028,0.0,11.0,1.1395874,0.0,0.0,0.0,0.0,0.0,0.80078125,0.7998047,77.97089,1.5625001,250.20407,274.74612,0.0,104.98173,99.90234,0.0,250.84209,258.8768,525.375,538.875,-4.63557,378.4375,0.0,399.78125,79.82713,49.99997,199.42627,0.0,120.32,341.875,10.247803,11.4227295,52.612305,77.14996,2.8271484,120.29,120.37,118.85,118.89,0
150345.9,0.26455227,3.1665773,1.3673944,1.4975384,101.59873,18.796984,13.8134165,21.719946,375.72668,292.16742,207.639,1.844,6.001,21.201,52.08,0.0,94.2284,2.0,0.0,294.75,198.75,5542.0,0.0,-2.796875,1.4315796,534.8761,20299.803,20000.502,1100.0834,562.77783,117.27072,111.78127,0.0,-3.239706,3.0,79.35791,23.378502,0.74999905,0.74999905,6.96,0.0,11.03125,1.1431274,0.0,0.0,0.0,0.0,0.0,0.79589844,0.7998047,77.97089,1.5625001,251.31197,274.59482,0.0,104.98355,99.90234,0.0,251.89514,258.14713,525.375,538.875,-4.802206,375.6875,0.0,398.09375,79.82713,49.99997,200.14038,0.0,120.52,342.9375,10.336304,2.8167725,52.575684,68.644714,2.836914,121.04,120.81,118.76,119.06,0
150345.95,0.21164182,3.1416311,1.3543253,1.4918158,101.59875,18.796984,13.80611,21.404171,374.15836,292.05035,207.639,1.881,6.001,21.201,52.08,0.0,94.17971,2.0,0.0,295.5,198.75,5563.0,0.0,-2.890625,1.4312744,534.77655,20161.826,20000.502,1100.0834,562.77783,118.45763,112.226364,0.0,-3.373015,3.0,79.930115,23.371479,0.74999905,0.74999905,6.904,0.0,11.0625,1.1391602,0.0,0.0,0.0,0.0,0.0,0.7949219,0.7998047,78.082275,1.5625001,249.13538,273.78116,0.0,104.98519,99.90234,0.0,249.39105,257.61646,525.75,538.875,-4.935515,374.65625,0.0,395.5,79.82713,49.99997,198.84644,0.0,121.2,341.75,10.498047,10.675049,52.612305,76.67084,2.8417969,121.31,121.17,119.25,119.15,0
150345.98,0.16931346,3.1316526,1.3537488,1.4873224,101.59876,18.796984,13.806855,21.4856,374.5541,293.2527,207.639,1.92,6.001,21.201,52.08,0.0,93.99039,2.0,0.0,292.875,198.75,5580.0,0.0,-3.0,1.4306641,534.53613,19808.93,20000.502,1100.0834,564.3698,120.28038,110.679146,0.0,-3.479662,3.0,80.737305,23.365158,0.74999905,0.74999905,6.964,0.0,11.21875,1.1383057,0.0,0.0,0.0,0.0,0.0,0.7988281,0.7998047,78.082275,1.5625001,249.69667,273.78064,0.0,104.98667,99.90234,0.0,250.41922,257.21014,525.75,538.875,-5.042162,371.15625,0.0,394.1875,79.82713,49.99997,198.57178,0.0,121.73,341.5,10.696411,11.169434,52.62451,77.388,2.8417969,121.95,121.95,119.9,119.9,0
150346.03,0.13545077,3.108911,1.3464342,1.4668908,101.59877,18.796984,13.8015175,21.266443,372.73962,292.98267,207.639,1.963,6.001,21.201,52.08,0.0,93.83893,2.0,0.0,292.125,199.125,5602.0,0.0,-3.0390625,1.4303589,534.4366,20020.668,20000.502,1100.0834,564.3698,120.04724,112.05681,0.0,-3.4087296,3.0,80.54352,23.35947,1.1249986,1.1249986,6.968,0.0,11.390625,1.1503906,0.0,0.0,0.0,0.0,0.0,0.80078125,0.7998047,78.201294,1.5625001,248.18605,269.84564,0.0,104.988,99.90234,0.0,249.18373,256.60486,526.125,539.25,-4.9712296,373.96875,0.0,392.875,79.82713,49.99997,198.84033,0.0,121.94,345.125,10.800171,10.049438,52.50244,76.20697,2.8466797,122.22,122.36,119.94,120.24,0
150346.06,0.08836061,3.0810647,1.3461914,1.4612951,101.59878,18.796984,13.8095,21.453337,371.22205,292.88364,207.639,2.0,6.001,21.201,52.08,0.0,93.71776,2.0,0.0,295.125,199.125,5623.0,0.0,-3.0625,1.4275513,533.9806,20075.328,20000.502,1100.0834,564.3698,116.74085,109.68299,0.0,-3.5082335,3.0,78.9505,23.354351,1.1249986,1.1249986,6.848,0.0,10.640625,1.149353,0.0,0.0,0.0,0.0,0.0,0.796875,0.7998047,78.201294,1.5625001,249.4743,270.2902,0.0,104.9892,99.90234,0.0,250.41922,256.09076,526.125,539.25,-5.0707335,371.25,0.0,391.0,79.82713,49.99997,198.88916,0.0,122.51,344.8125,10.879517,8.792114,52.51465,75.02289,2.8417969,122.48,122.48,120.43,120.43,0
150346.11,0.070688486,3.051176,1.3339033,1.4567173,101.598785,18.796984,13.797509,21.216398,369.7326,292.48666,207.639,2.042,6.001,21.201,52.08,0.0,93.62082,2.0,0.0,297.0,199.125,5638.0,0.0,-3.0859375,1.4255981,533.2509,20356.053,20000.502,1100.0834,566.2272,113.24371,109.937325,0.0,-3.5878367,3.0,77.18353,23.349743,1.1249986,1.1249986,6.776,0.0,10.1328125,1.1428223,0.0,0.0,0.0,0.0,0.0,0.79785156,0.7998047,78.201294,1.5625001,247.84111,270.1771,0.0,104.99027,99.90234,0.0,248.05608,255.6679,526.5,539.25,-5.1503367,369.65625,0.0,389.59375,79.82713,49.99997,198.29102,0.0,122.99,342.84375,11.053467,10.253906,52.575684,76.737976,2.8466797,123.18,123.09,121.13,120.92,0
150346.14,0.03655079,3.0579705,1.3286356,1.4518424,101.59879,18.796984,13.794975,21.167673,371.63608,294.72247,207.639,2.08,6.001,21.201,52.08,0.0,93.543274,2.0,0.0,296.625,199.125,5652.0,0.0,-3.109375,1.4227295,532.78656,20458.473,20000.502,1100.0834,566.2272,108.474884,108.580864,0.0,-3.6515193,3.0,74.88556,23.345596,1.1249986,1.1249986,6.788,0.0,9.8359375,1.137085,0.0,0.0,0.0,0.0,0.0,0.80078125,0.7998047,78.32794,1.5625001,247.50526,269.87997,0.0,104.99124,99.90234,0.0,248.36285,255.27818,526.5,539.25,-5.2140193,367.5625,0.0,388.5,79.82713,49.99997,198.48022,0.0,123.15,341.125,11.21521,10.00061,52.63672,76.70746,2.8417969,123.37,123.65,121.31,121.4,0
150346.19,-0.010759367,3.0606885,1.3299854,1.4456536,101.5988,18.796984,13.793201,21.344164,371.64517,295.92905,207.639,2.121,6.001,21.201,52.08,0.0,93.48123,2.0,0.0,295.875,199.125,5675.0,0.0,-3.078125,1.4213867,532.29736,19966.01,20000.502,1100.0834,567.5539,113.2861,109.47104,0.0,-3.5462155,3.0,77.13165,23.341864,1.1249986,1.1249986,6.788,0.0,9.6484375,1.1520386,0.0,0.0,0.0,0.0,0.0,0.8017578,0.7998047,78.32794,1.5625001,248.7218,269.92856,0.0,104.99211,99.90234,0.0,249.64809,254.72263,526.5,539.25,-5.1087155,365.5625,0.0,387.1875,79.82713,49.99997,199.09668,0.0,123.66,345.625,11.279297,0.0,52.48413,66.60004,2.8466797,123.74,123.92,121.67,121.53,0
150346.22,-0.068607494,3.0430255,1.3237314,1.4378115,101.59881,18.796984,13.79196,21.248823,370.1742,296.264,207.639,2.163,6.001,21.201,52.08,0.0,93.4316,2.0,0.0,295.875,199.125,5704.0,0.0,-3.0,1.4196167,531.62573,20219.14,20000.502,1100.0834,567.5539,110.679146,109.15312,0.0,-3.4619727,3.0,75.79346,23.338505,1.1249986,1.1249986,6.756,0.0,9.546875,1.1522827,0.0,0.0,0.0,0.0,0.0,0.80566406,0.7998047,78.41797,1.5625001,248.06464,269.04367,0.0,104.9929,99.90234,0.0,248.93501,253.9598,526.875,538.875,-5.0244727,363.28125,0.0,384.5,79.82713,49.99997,198.87695,0.0,124.25,345.6875,11.361694,4.336548,52.48413,71.01288,2.8417969,124.25,124.21,122.3,122.17,0
150346.27,-0.134886,2.9984603,1.3111894,1.4300543,101.598816,18.796984,13.796949,21.05499,366.8657,294.80002,207.639,2.201,6.001,21.201,52.08,0.0,93.3919,2.0,0.0,295.875,199.125,5727.0,0.0,-2.875,1.4191284,531.4516,20054.63,20000.502,1100.0834,567.5539,111.29379,108.32652,0.0,-3.3945785,3.0,76.091,23.335482,1.1249986,1.1249986,6.736,0.0,9.375,1.1425781,0.0,0.0,0.0,0.0,0.0,0.8027344,0.7998047,78.41797,1.5625001,246.72858,268.6985,0.0,104.99361,99.90234,0.0,247.06937,253.37108,526.875,538.875,-4.9570785,361.96875,0.0,383.28125,79.82713,49.99997,197.83936,0.0,124.76,342.78125,11.5448,9.518433,52.581787,76.46942,2.8442383,125.16,124.96,122.63,122.63,0
150346.3,-0.22790879,2.961884,1.303235,1.4248403,101.59882,18.796984,13.788724,20.875647,365.03668,294.20102,207.639,2.243,6.001,21.201,52.08,0.0,93.05939,2.0,0.0,297.75,199.125,5744.0,0.0,-2.78125,1.4180298,531.0287,20177.748,20000.502,1100.0834,569.6766,108.45369,107.11842,0.0,-3.3406625,3.0,74.65057,23.33276,1.1249986,1.1249986,6.656,0.0,9.296875,1.137085,0.0,0.0,0.0,0.0,0.0,0.8017578,0.7998047,78.41797,1.5625001,245.49239,268.04968,0.0,104.99424,99.90234,0.0,246.35628,252.9565,527.25,538.875,-4.9031625,360.28125,0.0,381.1875,79.82713,49.99997,197.19849,0.0,125.03,341.125,11.682129,8.859253,52.63672,76.008606,2.8466797,125.3,125.3,122.67,122.81,0
150346.36,-0.30232704,2.9472537,1.299036,1.420347,101.59883,18.796984,13.794684,20.798964,365.28467,295.22095,207.639,2.28,6.001,21.201,52.08,0.0,92.79337,2.0,0.0,295.125,199.5,5760.0,0.0,-2.6796875,1.4171753,530.7219,19829.627,20000.502,1100.0834,569.6766,113.11655,108.432495,0.0,-3.2975297,3.0,76.815796,23.33031,1.4999981,1.4999981,6.72,0.0,9.1875,1.1342773,0.0,0.0,0.0,0.0,0.0,0.8046875,0.7998047,78.57208,1.5625001,244.96382,267.44702,0.0,104.99481,99.90234,0.0,245.59344,252.42581,527.25,538.875,-4.8600297,358.59375,0.0,379.875,79.82713,49.99997,197.07642,0.0,125.68,340.28125,11.853027,9.4696045,52.661133,76.80817,2.8515625,125.73,125.5,123.37,123.18,0
150346.39,-0.36186162,2.9414015,1.3044847,1.4149635,101.59883,18.796984,13.798857,21.03244,365.56778,296.27045,207.639,2.32,6.001,21.201,52.08,0.0,92.58057,2.0,0.0,294.75,199.5,5776.0,0.0,-2.7109375,1.4130859,529.7932,20205.342,20000.502,1100.0834,570.7379,107.37276,106.69453,0.0,-3.2630239,3.0,74.04785,23.328108,1.4999981,1.4999981,6.724,0.0,9.0,1.1453857,0.0,0.0,0.0,0.0,0.0,0.8076172,0.7998047,78.57208,1.5625001,246.57315,267.18524,0.0,105.09534,99.90234,0.0,247.32639,251.85368,527.625,538.875,-4.825524,356.90625,0.0,378.5,79.82713,49.99997,198.00415,0.0,126.01,343.625,11.9140625,2.520752,52.55127,69.773865,2.8466797,126.17,126.02,123.79,123.74,0
150346.44,-0.3894893,2.9203107,1.2910553,1.4120387,101.59883,18.796984,13.801778,20.717348,363.68314,295.25333,207.639,2.362,6.001,21.201,52.08,0.0,92.41032,2.0,0.0,295.5,199.5,5786.0,0.0,-2.71875,1.409668,529.1216,20006.871,20000.502,1100.0834,570.7379,110.50959,108.008606,0.0,-3.2354188,3.0,75.55847,23.326124,1.4999981,1.4999981,6.688,0.0,8.7734375,1.1547852,0.0,0.0,0.0,0.0,0.0,0.8017578,0.7998047,78.656006,1.5625001,244.40126,266.96994,0.0,105.18581,99.90234,0.0,245.36957,251.35619,527.625,538.875,-4.797919,356.25,0.0,377.59375,79.82713,49.99997,196.85669,0.0,126.12,346.4375,11.984253,6.8084717,52.459717,74.02191,2.8442383,126.41,126.35,123.65,124.02,0
150346.47,-0.39159143,2.9306245,1.2920281,1.4089442,101.59883,18.796984,13.8038225,20.839476,365.79993,297.43378,207.639,2.401,6.001,21.201,52.08,0.0,92.27412,2.0,0.0,296.25,199.5,5795.0,0.0,-2.7265625,1.4109497,528.98895,20117.25,20000.502,1100.0834,570.7379,106.65214,105.71957,0.0,-3.213335,3.0,73.61908,23.324339,1.4999981,1.4999981,6.652,0.0,8.25,1.1367798,0.0,0.0,0.0,0.0,0.0,0.8046875,0.7998047,78.656006,1.5625001,245.24307,267.21857,0.0,105.26723,99.90234,0.0,246.10751,251.01622,527.625,538.875,-4.775835,353.34375,0.0,376.875,79.82713,49.99997,196.99097,0.0,126.45,341.03125,12.042236,5.7281494,52.63672,73.17047,2.836914,126.56,126.46,124.49,124.25,0
150346.52,-0.37327316,2.9347498,1.2855779,1.4058923,101.599655,18.796984,13.787676,20.702805,366.16656,298.45117,207.639,2.443,6.001,21.201,52.08,0.0,92.16516,2.0,0.0,298.875,199.5,5809.0,0.0,-2.7265625,1.4135742,529.36206,20040.834,20000.502,1100.0834,571.53394,107.945015,106.07988,0.0,-3.1956677,3.0,74.24164,23.322733,1.4999981,1.4999981,6.576,0.0,8.203125,1.126648,0.0,0.0,0.0,0.0,0.0,0.8027344,0.7998047,78.6499,1.5625001,244.30183,266.99527,0.0,105.3405,99.90234,0.0,245.46075,250.65967,528.0,538.875,-4.7581677,353.21875,0.0,376.1875,79.82713,49.99997,196.8689,0.0,126.87,338.0,12.1521,7.7178955,52.74048,75.42877,2.8393555,126.81,126.71,125.02,124.91,0
150346.55,-0.33861852,2.8989,1.2811462,1.4012294,101.6004,18.796984,13.788092,20.622965,362.72314,296.30618,207.639,2.481,6.001,21.201,52.08,0.0,92.077995,2.0,0.0,296.625,199.5,5822.0,0.0,-2.7265625,1.4130249,529.1548,20034.996,20000.502,1100.0834,571.53394,106.35541,105.21089,0.0,-3.0252843,3.0,73.47565,23.321287,1.4999981,1.4999981,6.612,0.0,8.1171875,1.1176758,0.0,0.0,0.0,0.0,0.0,0.80566406,0.7998047,78.704834,1.5625001,243.75226,266.379,0.0,105.40645,99.90234,0.0,244.74765,250.12071,528.0,538.875,-4.5877843,351.96875,0.0,374.78125,79.82713,49.99997,196.50269,0.0,127.16,335.3125,12.277222,7.6690674,52.83203,75.62103,2.8466797,127.19,127.34,125.16,125.25,0
150346.6,-0.29089484,2.8658102,1.2729372,1.3813909,101.60025,18.796984,13.794242,20.489803,360.93698,295.96124,207.639,2.521,6.001,21.201,52.08,0.0,92.00826,2.0,0.0,296.25,199.5,5844.0,0.0,-2.71875,1.4116211,528.6241,19997.85,20000.502,1100.0834,573.1259,107.39395,105.952705,0.0,-3.0452275,3.0,73.90442,23.319986,1.4999981,1.4999981,6.608,0.0,7.984375,1.1260376,0.0,0.0,0.0,0.0,0.0,0.80371094,0.7998047,78.704834,1.5625001,242.83423,263.35413,0.0,105.465805,99.90234,0.0,242.96494,249.30812,528.0,538.875,-4.6077275,353.375,0.0,373.59375,79.82713,49.99997,195.6543,0.0,127.29,337.8125,12.42981,8.1970215,52.746582,76.22223,2.8515625,127.74,127.59,125.35,125.53,0
150346.62,-0.23271587,2.852574,1.2668606,1.376389,101.60011,18.796984,13.786829,20.41886,361.3426,297.105,207.639,2.563,6.001,21.201,52.08,0.0,91.95248,2.0,0.0,296.25,199.5,5860.0,0.0,-2.7109375,1.4086914,527.53784,19747.373,20000.502,1100.0834,573.1259,109.746574,105.50762,0.0,-2.904932,3.0,74.957275,23.318815,1.4999981,1.4999981,6.596,0.0,7.7421875,1.1278076,0.0,0.0,0.0,0.0,0.0,0.8046875,0.7998047,78.81775,1.5625001,242.3451,263.13812,0.0,105.519226,99.90234,0.0,242.47574,248.76086,528.375,538.875,-4.467432,351.96875,0.0,371.78125,79.82713,49.99997,195.33081,0.0,127.83,338.34375,12.579346,7.5653076,52.72827,75.68512,2.8564453,127.89,127.74,126.08,126.22,0
150346.67,-0.18617271,2.8285298,1.2670311,1.3691828,101.59999,18.796984,13.799217,20.457497,359.77255,296.72275,207.639,2.602,6.001,21.201,52.08,0.0,91.907845,2.0,0.0,296.25,199.5,5878.0,0.0,-2.6953125,1.4075317,527.0984,20122.557,20000.502,1100.0834,573.1259,105.93151,104.299515,0.0,-2.7926955,3.0,73.11859,23.31776,1.4999981,1.4999981,6.584,0.0,7.5703125,1.1281128,0.0,0.0,0.0,0.0,0.0,0.8066406,0.7998047,78.81775,1.5625001,242.61128,261.96173,0.0,105.56731,99.90234,0.0,243.53706,247.97314,528.375,538.875,-4.3551955,350.25,0.0,369.875,79.82713,49.99997,195.94727,0.0,128.28,338.4375,12.6953125,6.35376,52.722168,74.57733,2.8710938,128.39,128.44,126.56,126.65,0
150346.7,-0.14893816,2.8001618,1.262626,1.3682077,101.59988,18.796984,13.80203,20.492153,357.73645,295.5956,207.639,2.643,6.001,21.201,52.08,0.0,91.72176,2.0,0.0,296.25,199.5,5889.0,0.0,-2.6328125,1.4019775,525.63074,20048.264,20000.502,1100.0834,574.4526,106.35541,104.04518,0.0,-2.7029061,3.0,73.24066,23.316813,1.4999981,1.4999981,6.576,0.0,7.375,1.1265259,0.0,0.0,0.0,0.0,0.0,0.80371094,0.7998047,78.81775,1.5625001,242.85007,263.03244,0.0,105.61058,99.90234,0.0,243.85216,247.63318,528.375,538.875,-4.265406,349.53125,0.0,369.5,79.82713,49.99997,196.14868,0.0,128.48,337.96875,12.814331,2.1148682,52.74048,70.45746,2.866211,128.54,128.8,126.32,126.85,0
150346.75,-0.079150535,2.7888148,1.2635236,1.3609593,101.59978,18.796984,13.815718,20.61415,358.15482,296.94638,207.639,2.681,6.001,21.201,52.08,0.0,91.5729,2.0,0.0,297.375,199.5,5909.0,0.0,-2.5546875,1.3999634,524.8596,19951.682,20000.502,1100.0834,574.4526,108.62325,105.1685,0.0,-2.631075,3.0,74.33319,23.315958,1.4999981,1.4999981,6.54,0.0,7.2578125,1.131958,0.0,0.0,0.0,0.0,0.0,0.80371094,0.7998047,78.90167,1.5625001,243.69086,262.37723,0.0,105.64952,99.90234,0.0,244.68962,246.92009,528.75,538.5,-4.193575,349.8125,0.0,368.28125,79.82713,49.99997,196.41724,0.0,128.76,339.59375,12.905884,0.7171631,52.685547,69.09027,2.8710938,129.1,128.9,127.1,127.3,0
150346.78,-0.0033204295,2.746776,1.2596323,1.3439186,101.599686,18.796984,13.831159,20.480152,354.81677,294.82602,207.639,2.72,6.001,21.201,52.08,0.0,91.45381,2.0,0.0,296.25,199.875,5922.0,0.0,-2.5,1.3998413,524.8265,20157.05,20000.502,1100.0834,575.7793,106.69453,105.232086,0.0,-2.5736098,3.0,73.332214,23.31519,1.8749976,1.8749976,6.544,0.0,7.28125,1.1331177,0.0,0.0,0.0,0.0,0.0,0.8046875,0.7998047,78.90167,1.5625001,242.76715,258.98782,0.0,105.68457,99.90234,0.0,243.71948,246.47234,528.75,538.5,-4.13611,349.5625,0.0,366.59375,79.82713,49.99997,195.92285,0.0,129.25,339.9375,13.000488,2.8625488,52.67334,71.318054,2.8613281,129.41,129.05,127.64,127.79,0
150346.83,0.07734366,2.7112105,1.2549481,1.3354833,101.5996,18.796984,13.830249,20.437449,352.99753,294.6021,207.639,2.762,6.001,21.201,52.08,0.0,91.358536,2.0,0.0,296.625,199.875,5948.0,0.0,-2.4609375,1.399353,524.04706,20177.217,20000.502,1100.0834,575.7793,105.50762,104.85058,0.0,-2.527638,3.0,72.76001,23.314497,1.8749976,1.8749976,6.508,0.0,7.1796875,1.1331177,0.0,0.0,0.0,0.0,0.0,0.8046875,0.7998047,78.9917,1.5625001,242.47272,257.9192,0.0,105.71611,99.90234,0.0,243.46245,245.5105,528.75,538.5,-4.090138,349.8125,0.0,364.875,79.82713,49.99997,195.91675,0.0,129.67,339.9375,13.092041,1.6052246,52.679443,70.140076,2.8564453,129.81,129.92,127.89,128.0,0
150346.88,0.12187493,2.6969843,1.2481565,1.3290399,101.599525,18.796984,13.841331,20.340166,353.0139,295.60638,207.639,2.8,6.001,21.201,52.08,0.0,91.28232,2.0,0.0,297.0,199.875,5968.0,0.0,-2.4296875,1.3963623,523.52466,19815.299,20000.502,1100.0834,575.7793,108.8352,104.299515,0.0,-2.4908605,3.0,74.28284,23.313875,1.8749976,1.8749976,6.492,0.0,7.125,1.133606,0.0,0.0,0.0,0.0,0.0,0.80566406,0.7998047,78.9917,1.5625001,241.80206,257.38116,0.0,105.74449,99.90234,0.0,242.82397,244.74765,529.125,538.5,-4.0533605,347.46875,0.0,363.59375,79.82713,49.99997,195.64209,0.0,129.91,340.09375,13.165283,3.4881592,52.69165,72.10846,2.836914,130.18,130.49,128.09,128.35,0
150346.9,0.19749993,2.6912937,1.2425647,1.3236566,101.59946,18.796984,13.83151,20.220135,353.3294,296.7134,207.639,2.845,6.001,21.201,52.08,0.0,91.221344,2.0,0.0,295.125,199.875,5985.0,0.0,-2.421875,1.3934326,522.4219,19924.086,20000.502,1100.0834,577.63666,107.88143,104.04518,0.0,-2.3051882,3.0,73.75183,23.313314,1.8749976,1.8749976,6.512,0.0,6.796875,1.1326904,0.0,0.0,0.0,0.0,0.0,0.80859375,0.7998047,78.9917,1.5625001,240.97464,256.73218,0.0,105.770035,99.90234,0.0,241.92847,244.05115,529.125,538.5,-3.8676884,345.0625,0.0,361.375,79.82713,49.99997,194.98901,0.0,130.38,339.8125,13.253784,3.540039,52.722168,72.26715,2.8320312,130.65,130.53,128.69,128.75,0
150346.94,0.23799995,2.6890175,1.2411892,1.3204772,101.599396,18.796984,13.836353,20.167295,353.46274,297.22214,207.639,2.88,6.001,21.201,52.08,0.0,91.17256,2.0,0.0,296.25,199.875,5993.0,0.0,-2.2890625,1.392334,522.00726,20348.094,20000.502,1100.0834,577.63666,103.49412,104.12996,0.0,-2.1566505,3.0,71.63696,23.31281,1.8749976,1.8749976,6.48,0.0,6.796875,1.1328735,0.0,0.0,0.0,0.0,0.0,0.8066406,0.7998047,79.12598,1.5625001,240.61037,255.97716,0.0,105.79303,99.90234,0.0,241.53047,243.67802,529.5,538.5,-3.7191508,344.90625,0.0,360.59375,79.82713,49.99997,194.80591,0.0,130.91,339.875,13.33313,2.6733398,52.72827,71.4798,2.8271484,130.91,130.7,128.95,129.56,0
150346.98,0.27039996,2.688107,1.2341729,1.3105155,101.59934,18.796984,13.839744,20.088331,353.42566,298.3315,207.639,2.92,6.001,21.201,52.08,0.0,91.13354,2.0,0.0,300.0,199.875,6016.0,0.0,-2.2265625,1.3895874,520.98737,20040.834,20000.502,1100.0834,578.698,104.65983,103.47292,0.0,-2.0378203,3.0,72.117615,23.312357,1.8749976,1.8749976,6.368,0.0,6.75,1.1328735,0.0,0.0,0.0,0.0,0.0,0.8046875,0.7998047,79.12598,1.5625001,240.06602,254.9142,0.0,105.81372,99.90234,0.0,240.95833,242.9981,529.5,538.125,-3.6003206,342.71875,0.0,359.5,79.82713,49.99997,194.4336,0.0,131.21,339.875,13.409424,2.4749756,52.746582,71.37604,2.8271484,131.38,131.53,129.1,129.46,0
150347.03,0.25631997,2.668993,1.2311462,1.3022497,101.5993,18.796984,13.830399,19.966887,351.8069,297.7549,207.639,2.963,6.001,21.201,52.08,0.0,91.10232,2.0,0.0,297.75,199.875,6032.0,0.0,-2.71875,1.385376,520.0007,19924.617,20000.502,1100.0834,578.698,104.61744,103.324554,0.0,-1.9427563,3.0,72.09625,23.311949,1.8749976,1.8749976,6.404,0.0,6.625,1.1309204,0.0,0.0,0.0,0.0,0.0,0.80566406,0.7998047,79.2099,1.5625001,239.22887,253.0651,0.0,105.83235,99.90234,0.0,240.18721,242.4011,529.5,538.5,-3.5052564,341.46875,0.0,356.875,79.82713,49.99997,194.32373,0.0,131.36,339.28125,13.48877,3.552246,52.79541,72.55707,2.8271484,131.59,132.01,129.56,129.62,0
150347.08,0.24505597,2.6238475,1.2305034,1.2925848,101.59925,18.796984,13.835576,19.965506,348.3363,295.7462,207.639,3.001,6.001,21.201,52.08,0.0,91.07735,2.0,0.0,296.25,199.875,6051.0,0.0,-2.46875,1.385498,519.4534,20060.469,20000.502,1100.0834,578.698,103.21858,103.07022,0.0,-1.8667051,3.0,71.03424,23.31158,1.8749976,1.8749976,6.428,0.0,6.4765625,1.1237183,0.0,0.0,0.0,0.0,0.0,0.8046875,0.7998047,79.2099,1.5625001,239.21931,251.23207,0.0,105.84912,99.90234,0.0,240.18721,241.70457,529.5,538.5,-3.4292052,344.28125,0.0,355.375,79.82713,49.99997,194.75098,0.0,132.05,337.125,13.562012,2.7893066,52.88086,71.94061,2.8271484,132.01,131.9,130.08,130.28,0
150347.11,0.19604479,2.587039,1.2278801,1.2730434,101.59921,18.796984,13.827481,19.968452,346.5849,294.94,207.639,3.043,6.001,21.201,52.08,0.0,91.057365,2.0,0.0,295.875,199.875,6065.0,0.0,-2.9453125,1.3792725,517.1069,20020.137,20000.502,1100.0834,580.02466,102.94305,102.54035,0.0,-1.805864,3.0,70.90149,23.31125,2.2499971,1.8749976,6.42,0.0,6.046875,1.09375,0.0,0.0,0.0,0.0,0.0,0.8027344,0.7998047,79.2099,1.5625001,239.23958,248.09235,0.0,105.86421,99.90234,0.0,240.12915,241.20708,529.5,538.5,-3.368364,345.15625,0.0,353.0,79.82713,49.99997,194.67163,0.0,132.4,328.125,13.598633,0.55236816,53.302002,70.210266,2.8271484,132.41,132.12,130.38,130.59,0
150347.16,0.15683584,2.5535657,1.2213662,1.2525692,101.599174,18.796984,13.833533,19.81368,344.59073,294.06494,207.639,3.08,6.001,21.201,52.08,0.0,91.04138,2.0,0.0,297.375,200.25,6082.0,0.0,-2.84375,1.373169,514.8266,20170.848,20000.502,1100.0834,580.02466,101.45941,102.49796,0.0,-1.7571913,3.0,69.79828,23.310953,2.2499971,2.2499971,6.368,0.0,6.109375,1.06427,0.0,0.0,0.0,0.0,0.0,0.8027344,0.7998047,79.29382,1.5625001,238.17273,244.2794,0.0,105.87779,99.90234,0.0,239.15903,240.56032,529.5,538.875,-3.3196914,344.15625,0.0,351.5,79.82713,49.99997,194.04907,0.0,132.64,319.28125,13.638306,2.0385742,53.759766,72.1817,2.8271484,132.77,132.81,130.38,130.7,0
150347.2,0.105468675,2.5401764,1.2112367,1.2496868,101.599144,18.796984,13.83777,19.66899,344.93954,294.7982,207.639,3.119,6.001,21.201,52.08,0.0,90.87822,2.0,0.0,297.375,200.25,6091.0,0.0,-3.265625,1.3720093,514.39545,19889.592,20000.502,1100.0834,580.8207,102.62513,100.7176,0.0,-1.718253,3.0,70.3598,23.310684,2.2499971,2.2499971,6.356,0.0,5.671875,1.0621948,0.0,0.0,0.0,0.0,0.0,0.8027344,0.7998047,79.29382,1.5625001,237.17534,244.26482,0.0,105.890015,99.90234,0.0,237.74113,240.22035,529.5,539.25,-3.2807531,343.28125,0.0,350.0,79.82713,49.99997,194.12231,0.0,132.86,318.65625,13.68103,1.05896,53.80249,71.30585,2.8198242,132.92,133.18,131.06,130.95,0
150347.23,0.08437494,2.5535707,1.211494,1.2455748,101.59911,18.796984,13.823158,19.681063,347.16913,296.99597,207.639,3.163,6.001,21.201,52.08,0.0,90.74769,2.0,0.0,296.625,200.25,6097.0,0.0,-3.1796875,1.3693848,513.40875,20089.125,20000.502,1100.0834,580.8207,101.26866,101.05672,0.0,-1.6871024,3.0,69.706726,23.310444,2.2499971,2.2499971,6.364,0.0,5.390625,1.05896,0.0,0.0,0.0,0.0,0.0,0.8046875,0.7998047,79.356384,1.5625001,237.25853,243.91946,0.0,105.90102,99.90234,0.0,238.19717,239.8721,529.5,539.25,-3.2496026,341.96875,0.0,348.5,79.82713,49.99997,193.36548,0.0,133.17,317.6875,13.726807,2.3834229,53.881836,72.73712,2.8173828,133.41,133.08,131.48,131.59,0
150347.27,0.08749996,2.5589285,1.2085632,1.2403185,101.59909,18.796984,13.824648,19.607805,347.2711,297.57043,207.639,3.201,6.001,21.201,52.08,0.0,90.643265,2.0,0.0,297.0,200.25,6107.0,0.0,-3.1953125,1.3677368,512.78687,20171.379,20000.502,1100.0834,580.8207,99.91219,100.42087,0.0,-1.662182,3.0,69.05365,23.310226,2.2499971,2.2499971,6.344,0.0,5.390625,1.0526733,0.0,0.0,0.0,0.0,0.0,0.8027344,0.7998047,79.356384,1.5625001,236.75356,242.92163,0.0,105.91092,99.90234,0.0,237.67482,239.54872,529.5,539.25,-3.224682,341.09375,0.0,347.875,79.82713,49.99997,193.03589,0.0,133.49,315.8125,13.806152,3.5614014,53.997803,74.10431,2.8198242,133.58,133.32,131.71,132.01,0
150347.31,0.089999974,2.5423214,1.206526,1.232519,101.59907,18.796984,13.813972,19.557415,345.34024,296.7397,207.639,3.242,6.001,21.201,52.08,0.0,90.55972,2.0,0.0,297.0,200.25,6124.0,0.0,-3.15625,1.3664551,511.7172,20197.912,20000.502,1100.0834,581.6167,99.1068,100.124146,0.0,-1.6422457,3.0,68.27698,23.310032,2.2499971,2.2499971,6.324,0.0,5.359375,1.0457153,0.0,0.0,0.0,0.0,0.0,0.8017578,0.7998047,79.356384,1.5625001,236.4062,241.52954,0.0,105.91983,99.90234,0.0,236.83733,239.04292,529.5,539.25,-3.2047458,341.0625,0.0,345.875,79.82713,49.99997,193.04199,0.0,133.83,313.71875,13.879395,2.8625488,54.32129,73.81439,2.8173828,133.8,134.06,131.8,132.17,0
150347.34,0.11199998,2.5169287,1.2064077,1.2087383,101.599045,18.796984,13.818218,19.575638,343.6922,296.52914,207.639,3.28,6.001,21.201,52.08,0.0,90.49289,2.0,0.0,294.75,200.25,6149.0,0.0,-3.1640625,1.352417,506.46854,19843.424,20000.502,1100.0834,581.6167,103.19739,100.42087,0.0,-1.6262966,3.0,69.859314,23.309856,2.2499971,2.2499971,6.364,0.0,5.3203125,1.0272827,0.0,0.0,0.0,0.0,0.0,0.7988281,0.7998047,79.40521,1.5625001,236.53178,236.97311,0.0,105.92784,99.90234,0.0,236.7793,238.0728,529.5,539.25,-3.1887968,341.75,0.0,344.09375,79.82713,49.99997,193.78662,0.0,133.92,308.1875,13.943481,2.6550293,55.682373,74.9588,2.8222656,134.06,134.45,132.37,132.38,0
150347.39,0.14959998,2.4880214,1.2052119,1.204457,101.59903,18.796984,13.8153305,19.544231,342.12015,295.60486,207.639,3.32,6.001,21.201,52.08,0.0,90.43942,2.0,0.0,293.625,200.25,6158.0,0.0,-3.1953125,1.3500977,505.5813,19800.44,20000.502,1100.0834,582.94336,105.761955,100.42087,0.0,-1.6135374,3.0,71.095276,23.309698,2.2499971,2.2499971,6.38,0.0,5.234375,1.0256958,0.0,0.0,0.0,0.0,0.0,0.80078125,0.7998047,79.40521,1.5625001,236.31529,236.15468,0.0,105.93506,99.90234,0.0,236.58858,237.71625,529.5,539.25,-3.1760375,341.0,0.0,341.5,79.82713,49.99997,193.7561,0.0,134.45,307.71875,13.998413,1.8127441,55.81665,74.28131,2.8271484,134.63,134.5,132.92,132.92,0
150347.42,0.17967999,2.4764585,1.2028115,1.1993703,101.599014,18.796984,13.801591,19.485968,342.2767,296.36447,207.639,3.363,6.001,21.201,52.08,0.0,90.39665,2.0,0.0,294.75,200.25,6171.0,0.0,-3.1875,1.34729,504.54483,20253.633,20000.502,1100.0834,582.94336,101.777336,100.54804,0.0,-1.60333,3.0,69.17572,23.309555,2.2499971,2.2499971,6.328,0.0,5.109375,1.0234985,0.0,0.0,0.0,0.0,0.0,0.796875,0.7998047,79.5105,1.5625001,235.91367,235.27444,0.0,105.94156,99.90234,0.0,237.02805,237.18558,529.5,539.25,-3.1658301,339.46875,0.0,339.78125,79.82713,49.99997,193.35938,0.0,134.81,307.0625,14.047241,1.5655518,55.999756,74.24774,2.8320312,134.89,134.63,133.25,133.36,0
150347.47,0.203744,2.4905834,1.198359,1.1909347,101.599,18.796984,13.7978325,19.379284,343.92758,298.9038,207.639,3.4,6.001,21.201,52.08,0.0,90.362434,2.0,0.0,298.5,200.25,6194.0,0.0,-3.171875,1.3417969,502.4885,19877.918,20000.502,1100.0834,582.94336,103.83323,100.20892,0.0,-1.751414,3.0,69.77844,23.309427,2.6249967,2.2499971,6.212,0.0,4.984375,1.0256958,0.0,0.0,0.0,0.0,0.0,0.7949219,0.7998047,79.5105,1.5625001,235.1783,233.72989,0.0,105.9474,99.90234,0.0,236.32326,236.46419,529.5,539.25,-3.313914,338.375,0.0,338.6875,79.82713,49.99997,193.09082,0.0,135.2,307.71875,14.065552,-0.08239746,55.944824,72.56317,2.8344727,135.22,135.37,133.09,133.52,0
150347.5,0.2229952,2.4774835,1.199039,1.1776243,101.59898,18.796984,13.777623,19.472256,342.28772,298.103,207.639,3.442,6.001,21.201,52.08,0.0,90.33506,2.0,0.0,294.75,200.625,6207.0,0.0,-3.171875,1.3347778,499.27957,19679.445,20000.502,1100.0834,584.27,106.3766,99.61547,0.0,-1.8698813,3.0,71.00372,23.30931,2.6249967,2.6249967,6.296,0.0,4.6796875,1.0133057,0.0,0.0,0.0,0.0,0.0,0.7988281,0.7998047,79.5105,1.5625001,235.81912,231.66722,0.0,105.95267,99.90234,0.0,236.91197,235.91693,529.5,539.25,-3.4323814,340.125,0.0,336.09375,79.82713,49.99997,193.5669,0.0,135.32,304.0,14.053345,-0.73547363,56.811523,72.709656,2.8417969,135.53,135.87,133.58,133.6,0
150347.55,0.21839616,2.4534936,1.1971836,1.1621523,101.59897,18.796984,13.7810545,19.493647,340.5454,297.73236,207.639,3.481,6.001,21.201,52.08,0.0,90.31316,2.0,0.0,295.125,200.625,6231.0,0.0,-3.09375,1.3278198,496.68427,20108.76,20000.502,1100.0834,584.27,103.36694,100.20892,0.0,-1.808405,3.0,69.16504,23.309208,2.6249967,2.6249967,6.276,0.0,4.125,1.0015259,0.0,0.0,0.0,0.0,0.0,0.7988281,0.7998047,79.58679,1.5625001,235.96655,229.13885,0.0,105.9574,99.90234,0.0,236.97,235.09605,529.5,539.25,-3.3709052,342.3125,0.0,334.09375,79.82713,49.99997,194.22607,0.0,135.85,300.46875,14.041138,-1.6784668,57.635498,72.535706,2.8393555,136.28,135.95,134.04,134.17,0
150347.6,0.19471693,2.4063976,1.1883426,1.1568111,101.59896,18.796984,13.795176,19.388098,336.75015,295.31198,207.639,3.52,6.001,21.201,52.08,0.0,90.29565,2.0,0.0,295.875,200.625,6250.0,0.0,-3.1796875,1.3242798,495.34927,19894.37,20000.502,1100.0834,585.86206,104.7658,100.14534,0.0,-1.915474,3.0,69.451904,23.309114,2.6249967,2.6249967,6.224,0.0,3.7578125,1.0031128,0.0,0.0,0.0,0.0,0.0,0.7939453,0.7998047,79.58679,1.5625001,235.23901,228.56493,0.0,105.961655,99.90234,0.0,236.32326,234.39125,529.5,539.25,-3.4779742,339.09375,0.0,330.875,79.82713,49.99997,193.18848,0.0,136.32,300.9375,13.998413,-3.3325195,57.58667,70.77179,2.836914,136.46,136.34,134.33,134.53,0
150347.62,0.17577355,2.368809,1.1880276,1.1536744,101.59895,18.796984,13.787482,19.317177,334.75656,293.79855,207.639,3.564,6.001,21.201,52.08,0.0,90.28163,2.0,0.0,295.125,200.625,6255.0,0.0,-2.9375,1.3221436,494.56985,19877.387,20000.502,1100.0834,585.86206,105.02014,99.29755,0.0,-2.0011292,3.0,69.573975,23.30903,2.6249967,2.6249967,6.24,0.0,3.453125,1.0001831,0.0,0.0,0.0,0.0,0.0,0.79589844,0.7998047,79.69971,1.5625001,234.75015,228.03314,0.0,105.965485,99.90234,0.0,235.81746,234.02641,529.5,538.875,-3.5636294,338.90625,0.0,329.59375,79.82713,49.99997,193.02368,0.0,136.71,300.0625,13.986206,-0.66833496,57.79419,73.612976,2.8417969,136.73,136.67,134.33,134.57,0
150347.69,0.14061885,2.3537736,1.1869324,1.0363823,101.598946,18.796984,13.799675,19.352753,334.99222,294.1464,207.639,3.601,6.001,21.201,52.08,0.0,90.27042,2.0,80.0766,296.25,200.625,6258.0,0.0,-3.015625,1.25354,468.89032,19843.424,20000.502,1100.0834,585.86206,105.761955,99.65786,0.0,-2.0696535,3.0,69.93103,23.308954,2.6249967,2.6249967,6.204,0.0,3.3046875,0.9824829,0.0,0.0,0.0,0.0,0.0,0.79589844,0.7998047,79.69971,1.5625001,234.99538,205.43715,0.0,105.96893,53.710938,0.0,235.41943,229.39133,529.5,539.25,-3.6321535,338.75,0.0,180.78125,79.82713,49.99997,193.396,0.0,136.82,294.75,13.952637,-0.39367676,59.832764,75.45929,2.8417969,136.82,137.15,134.68,135.11,0
150347.72,0.13249508,2.3477595,1.1649985,0.91557217,101.59894,18.796984,13.790631,18.739958,335.38223,295.3359,207.639,3.644,6.001,21.201,52.08,0.0,90.261444,2.0,99.96643,295.125,198.75,6276.0,0.0,-3.1171875,1.1105957,415.43338,19930.984,20000.502,1100.0834,586.1274,102.074066,95.71563,0.0,-2.1244726,3.0,67.76581,23.308886,2.9999962,0.74999905,6.216,0.0,3.09375,1.520935,0.0,0.0,0.0,0.0,0.0,0.79589844,0.7998047,79.69971,1.5625001,230.77142,181.79456,0.0,105.972046,0.0,0.0,232.5256,200.3785,529.5,539.25,-3.6869729,321.84375,0.0,-70.375,67.222855,49.99997,192.57812,0.0,136.89,456.28125,13.696289,-16.726685,44.647217,42.817688,2.7441406,137.14,137.21,135.37,135.39,0
150347.75,0.12599607,2.326604,0.9666639,0.76025677,101.59893,18.796984,13.819457,13.210511,333.6854,292.67117,207.639,3.68,6.001,21.201,52.08,0.0,90.25427,2.0,99.998474,317.625,198.375,6251.0,0.0,-4.4765625,0.90911865,345.19394,20299.803,20000.502,1100.0834,586.1274,82.93518,80.4342,0.0,-2.0120783,3.0,58.93097,23.308825,4.4999943,0.0,5.624,0.0,2.140625,1.6102905,0.0,0.0,0.0,0.0,0.0,0.81347656,0.7998047,79.72717,1.5625001,192.65755,151.92882,0.0,105.97484,0.0,0.0,214.19255,163.71236,529.5,540.0,-3.5745783,265.09375,0.0,-69.28125,34.07825,49.99997,160.30884,0.0,137.51,483.09375,13.623047,-23.434448,43.145752,33.33435,2.0458984,137.39,137.03,135.53,135.84,0
150347.8,0.12079686,2.2806416,0.78415096,0.61884516,101.59892,18.796984,13.845495,8.43183,330.07422,288.06815,207.639,3.72,6.001,21.201,52.08,0.0,90.248535,2.0,99.998474,371.25,196.5,6220.0,0.0,-6.8203125,0.6326294,258.47052,19850.322,20000.502,1100.0834,585.06604,70.28189,64.9832,0.0,-1.2971627,3.0,53.222656,23.30877,7.4999905,-2.2499971,4.224,0.0,-3.140625,1.5108032,0.0,0.0,0.0,0.0,0.0,0.86816406,0.7998047,79.72717,1.5625001,159.71861,126.325806,0.0,105.977356,0.0,0.0,209.16776,132.2949,529.5,541.5,-2.8596628,200.28125,0.0,-59.375,24.27492,49.99997,148.80981,0.0,137.5,453.25,12.686157,-23.883057,3.2470703,0.0,1.784668,137.24,136.98,135.77,135.98,0
150347.83,0.11663748,2.1685066,0.5767376,0.43178004,101.598915,18.796984,13.852003,3.1209,319.97577,278.17734,207.639,3.761,6.001,21.201,52.08,0.0,90.24394,2.0,99.998474,398.625,196.5,6196.0,0.0,-9.953125,0.29699707,183.26431,19842.893,19401.904,1100.0834,585.06604,51.9908,50.697914,0.0,-0.2564801,3.0,44.43817,23.30872,17.249977,-1.4999981,3.48,0.0,-7.5625,1.4315186,0.0,0.0,0.0,0.0,0.0,0.890625,0.7998047,74.45984,1.5625001,123.11094,92.06521,0.0,105.979614,0.0,0.0,209.4994,101.59884,528.0,546.0,-1.8189802,122.46875,0.0,-48.875,20.540316,49.99997,141.41846,0.0,137.21,429.46875,11.465454,-24.996948,0.0,0.0,1.5454102,136.73,137.09,135.73,135.87,0
150347.88,0.113309994,1.8986527,0.43184125,0.28328943,101.59891,18.796984,13.874136,-0.39464504,293.99036,254.88513,207.639,3.801,6.001,21.201,52.08,0.0,90.240265,2.0,99.998474,417.75,196.875,6179.0,0.0,-16.109375,0.15332031,150.89331,19494.242,18803.307,1100.0834,585.06604,34.88661,37.7691,0.0,0.5760659,3.0,35.705566,23.308676,19.499975,-1.8749976,2.944,0.0,-15.375,0.92370605,0.0,0.0,0.0,0.0,0.0,0.859375,0.7998047,69.18182,1.5625001,98.87866,69.79029,0.0,105.98166,0.0,0.0,209.36674,101.59884,526.875,551.625,-0.9864342,94.09375,0.0,-40.875,16.338888,49.99997,139.70947,0.0,136.72,277.125,10.244751,-24.996948,0.0,0.0,1.3330078,136.46,136.67,136.07,135.9,0
150347.9,0.13064799,1.4907112,0.2897098,0.14556575,101.5989,18.796984,13.877911,-3.6479895,254.38391,219.72603,207.639,3.844,6.001,21.201,52.08,0.0,90.23733,2.0,99.998474,445.5,198.0,6156.0,0.0,-18.585938,0.10107422,135.17215,18284.84,18204.709,1100.0834,582.94336,25.221788,24.458776,0.0,0.77335274,3.0,30.906677,23.308636,23.24997,-1.4999981,2.152,0.0,-23.164062,0.6144409,0.0,0.0,0.0,0.0,0.0,0.7998047,0.7998047,63.25836,1.5625001,76.453705,47.40701,0.0,105.98349,0.0,0.0,200.3536,101.59884,525.375,554.625,-0.7891474,43.09375,0.0,-37.78125,12.13746,49.99997,131.71387,0.0,136.47,184.34375,9.024048,-23.434448,8.215332,0.0,1.1669922,136.62,136.28,136.23,136.13,0
150347.95,0.16451839,0.9900345,0.18268819,0.096817754,101.5989,18.796984,13.892272,-7.040655,197.85916,169.542,207.639,3.88,6.001,21.201,52.08,0.0,90.23498,2.0,99.998474,469.5,204.0,6107.0,0.0,-15.15625,0.07702637,121.89705,17847.035,17606.11,1100.0834,582.94336,14.624398,15.832501,0.0,0.7749322,3.0,25.932312,23.3086,31.12496,3.7499952,1.436,0.0,-21.257812,0.21685791,0.0,0.0,0.0,0.0,0.0,0.796875,0.7998047,60.917664,1.5625001,53.06843,36.106445,0.0,105.98514,0.0,0.0,188.0901,101.59884,522.75,552.0,-0.7875679,9.875,0.0,-38.6875,7.469206,49.99997,121.80176,0.0,136.16,65.0625,7.8033447,-23.434448,35.168457,19.136047,0.95214844,135.95,136.34,135.9,136.13,0
150347.98,0.21161471,0.47101384,0.1281051,0.09694492,101.5989,18.796984,13.896465,-9.195307,109.80538,93.21209,207.639,3.92,6.001,21.201,52.08,0.0,90.23309,2.0,99.998474,483.375,208.5,6050.0,0.0,-8.1015625,0.07196045,114.43447,17286.645,17007.512,1100.0834,580.29,11.720714,14.00975,0.0,0.93244576,3.0,24.420166,23.308567,38.24995,10.499987,1.028,0.0,-15.7109375,0.11016846,0.0,0.0,0.0,0.0,0.0,0.81347656,0.7998047,60.723877,1.5625001,38.21665,32.250233,0.0,105.98662,0.0,0.0,178.04051,101.59884,521.25,545.625,-0.63005435,-6.59375,0.0,-42.0,7.0023804,49.99997,114.51416,0.0,136.16,33.0625,6.5826416,-23.434448,56.018066,39.16626,0.7324219,135.92,136.13,135.39,135.82,0
150348.03,0.20929179,0.01965554,0.11428526,0.096817754,101.5989,18.796984,13.887682,-9.993283,0.0,0.0,207.639,3.962,6.001,21.201,52.08,0.0,90.23159,2.0,99.998474,490.875,207.0,6096.0,0.0,-7.0546875,0.070617676,112.344955,15790.149,16408.914,1100.0834,580.29,16.89224,11.233233,0.0,1.2147067,3.0,26.289368,23.308538,38.99995,8.999989,0.804,0.0,-8.6875,0.10839844,0.0,0.0,0.0,0.0,0.0,0.8154297,0.7998047,60.601807,1.5625001,32.71628,29.51248,0.0,105.98796,0.0,0.0,166.64764,101.59884,520.875,543.0,-0.34779352,-12.375,0.0,-43.875,7.469206,49.99997,106.33545,0.0,136.22,32.53125,5.3619385,-23.434448,56.518555,38.446045,0.4638672,135.9,135.98,135.53,135.43,0
150348.06,0.22743343,-0.3108878,0.10481263,0.09690253,101.5989,18.796984,13.899112,-10.283318,0.0,0.0,207.639,4.0,6.001,21.201,52.08,0.0,90.230385,2.0,99.998474,493.125,204.375,6061.0,0.0,-8.4765625,0.070007324,110.85244,16198.768,15810.315,1100.0834,580.29,7.248615,9.262119,0.0,0.97176534,3.0,21.591187,23.308512,39.74995,6.374992,0.724,0.0,-4.6953125,0.103027344,0.0,0.0,0.0,0.0,0.0,0.7783203,0.8613281,60.6308,1.5625001,30.717112,29.302814,0.0,105.98917,0.0,0.0,158.09055,101.59884,520.125,544.5,-0.5907348,-17.46875,0.0,-44.875,7.936031,49.99997,96.47827,0.0,135.71,30.90625,4.1412354,-23.434448,58.587646,39.294434,0.47607422,135.84,135.84,135.62,135.61,0
150348.11,0.22194675,-0.53685516,0.09971582,0.09686014,101.599724,18.796984,13.871956,-10.419066,0.0,0.0,207.639,4.042,6.001,21.201,52.08,0.0,90.22942,2.0,99.998474,496.125,204.0,6078.0,0.0,-9.171875,0.07080078,109.93205,15351.814,15211.717,1100.0834,580.02466,6.9094987,8.223575,0.0,1.0117873,3.0,21.090698,23.308487,40.12495,5.9999924,0.644,0.0,-4.2890625,0.1005249,0.0,0.0,0.0,0.0,0.0,0.79003906,0.86816406,60.65674,1.7968751,29.782232,29.253372,0.0,105.99025,0.0,0.0,150.8187,101.60713,519.75,545.25,-0.7850878,-19.15625,0.0,-46.09375,8.402857,49.99997,89.25781,0.0,135.72,30.15625,2.9205322,-23.550415,59.70459,39.074707,0.6201172,135.47,135.33,135.47,135.45,0
150348.14,0.1775574,-0.7022421,0.09651785,0.096817754,101.600464,18.796984,13.905682,-10.337328,0.0,0.0,207.639,4.082,6.001,21.201,52.08,0.0,90.22865,2.0,99.998474,498.75,203.625,6095.0,0.0,-8.71875,0.07171631,109.80768,15017.491,15260.009,1100.0834,580.02466,9.1773405,6.570382,0.0,1.3328674,3.0,22.091675,23.308466,40.12495,5.9999924,0.568,0.0,-4.3203125,0.095825195,0.0,0.0,0.0,0.0,0.0,0.8076172,1.0,56.095886,1.9609376,30.346386,30.397455,0.0,105.99123,0.0,0.0,144.50867,101.60713,519.375,544.875,-0.6280703,-27.4375,0.0,-45.78125,8.402857,49.99997,82.733154,0.0,135.53,28.75,1.6998291,-23.794556,61.712646,39.61792,0.63964844,135.32,135.45,134.88,135.11,0
150348.19,0.16204591,-0.86214685,0.09494146,0.09690253,101.6003,18.796984,13.92929,-10.228099,0.0,0.0,207.639,4.121,6.001,21.201,52.08,0.0,90.228035,2.0,99.998474,0.0,204.0,6074.0,0.0,-8.546875,0.07159424,108.63854,14921.439,14921.439,1100.0834,581.3513,4.450904,6.73994,0.0,1.5733252,3.0,19.885254,23.308447,40.12495,5.9999924,0.0,0.0,-4.84375,0.095947266,0.0,0.0,0.0,0.0,0.0,0.85839844,1.0,56.095886,2.0757813,31.099125,31.463142,0.0,105.992096,0.0,0.0,139.30974,101.59884,720.0,544.5,-0.50245625,-33.375,0.0,-46.1875,8.869681,49.99997,77.18506,0.0,135.15,28.78125,0.47912598,-23.999023,61.645508,38.12561,0.6689453,134.93,135.11,134.68,134.73,0
150348.22,0.12963673,-1.0198587,0.093747966,0.09690253,101.60016,18.796984,13.939956,-9.912593,0.0,0.0,207.639,4.163,6.001,21.201,52.08,0.0,90.22754,2.0,99.998474,0.0,203.625,6071.0,0.0,-9.0390625,0.072021484,108.22395,14907.642,14907.642,1100.0834,581.3513,0.0,6.5279922,0.0,1.7542068,3.0,0.0,23.30843,40.12495,5.9999924,0.0,0.0,-4.3359375,0.0947876,0.0,0.0,0.0,0.0,0.0,1.1064453,1.0,55.708313,2.1561718,33.273735,33.860954,0.0,105.99289,0.0,0.0,134.93169,101.59884,720.0,545.25,-0.401965,-44.9375,0.0,-46.0,8.869681,49.99997,72.698975,0.0,134.88,28.4375,0.0,-24.139404,62.164307,38.024902,0.68847656,134.67,134.73,134.78,134.73,0
150348.27,0.10370939,-1.1766934,0.09744113,0.09690253,101.60003,18.796984,13.959141,-9.836586,0.0,0.0,207.639,4.201,6.001,21.201,52.08,0.0,90.22714,2.0,99.998474,0.0,203.625,6067.0,0.0,-9.0,0.074035645,108.74633,14955.402,14955.402,1100.0834,581.3513,0.0,7.142641,0.0,1.8908732,3.0,0.0,23.308414,40.12495,5.9999924,0.0,0.0,-3.984375,0.09301758,0.0,0.0,0.0,0.0,0.0,1.8173828,1.0,55.708313,2.2124453,33.797516,33.692924,0.0,105.99361,0.0,0.0,131.45746,101.59884,720.0,544.875,-0.321572,-44.90625,0.0,-46.0,8.869681,49.99997,69.19556,0.0,134.27,27.90625,0.0,-24.343872,63.134766,38.790894,0.625,134.12,134.29,134.45,134.57,0
150348.3,0.102967516,-1.3706775,0.1005268,0.09690253,101.60074,18.796984,13.960852,-9.763778,0.0,0.0,207.639,4.243,6.001,21.201,52.08,0.0,90.22683,2.0,99.998474,0.0,203.625,6069.0,0.0,-8.90625,0.075683594,108.81267,14989.896,14989.896,1100.0834,580.8207,0.0,7.6089263,0.0,1.9945792,3.0,0.0,23.308401,40.12495,5.9999924,0.0,0.0,-4.1640625,0.09094238,0.0,0.0,0.0,0.0,0.0,1.9999695,1.0,55.267334,2.2518368,34.300083,33.64326,0.0,105.99425,0.0,0.0,128.43095,101.60713,720.0,544.875,-0.2572576,-44.9375,0.0,-45.875,9.336507,49.99997,66.22925,0.0,133.96,27.28125,0.0,-23.693848,64.16626,40.472412,0.56640625,133.25,133.52,133.62,134.06,0
150348.36,0.14237401,-1.654521,0.09936216,0.09686015,101.60137,18.796984,13.979628,-9.790302,0.0,0.0,207.639,4.281,6.001,21.201,52.08,0.0,90.22658,2.0,99.998474,0.0,204.0,6080.0,0.0,-8.8203125,0.07861328,109.1858,15002.633,15002.633,1100.0834,580.8207,0.0,7.4393682,0.0,2.0736048,3.0,0.0,23.308388,40.12495,5.9999924,0.0,0.0,-4.421875,0.0869751,0.0,0.0,0.0,0.0,0.0,1.9999695,1.0,55.25055,2.2794108,34.117886,33.668198,0.0,105.99483,0.0,0.0,125.92684,101.60713,720.0,544.875,-0.20580609,-44.71875,0.0,-45.6875,9.336507,49.99997,62.45117,0.0,133.22,26.09375,0.0,-22.167969,66.08887,43.9209,0.63720703,132.98,133.3,132.98,133.13,0
150348.39,0.19389921,-2.0493085,0.09989971,0.09694492,101.602776,18.796984,13.986911,-9.789738,0.0,0.0,207.639,4.32,6.001,21.201,52.08,0.0,90.22638,2.0,99.998474,0.0,204.0,6046.0,0.0,-8.8984375,0.08026123,109.086296,15050.393,15050.393,1100.0834,579.75934,0.0,7.6937056,0.0,2.1340678,3.0,0.0,23.233189,40.12495,5.9999924,0.0,0.0,-4.375,0.08331299,0.0,0.0,0.0,0.0,0.0,1.9999695,1.0,55.25055,2.2987127,34.123177,33.582336,0.0,106.095345,0.0,0.0,123.72953,101.615425,720.0,544.875,-0.16464488,-44.53125,0.0,-45.5,9.336507,49.99997,60.150146,0.0,132.74,25.0,0.0,-20.95337,67.7063,46.75293,0.6176758,132.44,132.54,132.23,132.48,0
150348.44,0.25511938,-2.4884734,0.1020957,0.096987315,101.60404,18.796984,13.98615,-9.747355,0.0,0.0,207.639,4.361,6.001,21.201,52.08,0.0,90.22622,2.0,99.998474,0.0,203.625,6006.0,0.0,-8.8828125,0.082336426,109.268715,15064.721,15064.721,1100.0834,579.75934,0.0,8.011627,0.0,2.180508,3.0,0.0,23.16551,40.12495,5.624993,0.0,0.0,-4.4609375,0.07928467,0.0,0.0,0.0,0.0,0.0,1.9999695,1.0,54.76532,2.312224,34.41658,33.47733,0.0,106.185814,0.0,0.0,121.99655,101.615425,720.0,544.875,-0.13171591,-43.96875,0.0,-45.0,9.336507,49.99997,57.86133,0.0,132.27,23.78125,0.0,-20.007324,69.50073,49.49341,0.6201172,131.86,131.8,131.59,131.99,0
150348.47,0.26409552,-2.9641395,0.101030156,0.0970297,101.60518,18.796984,14.003196,-9.789378,0.0,0.0,207.639,4.399,6.001,21.201,52.08,0.0,90.22609,2.0,99.998474,0.0,203.625,5984.0,0.0,-8.796875,0.083984375,109.23554,15092.316,15092.316,1100.0834,579.75934,0.0,8.075212,0.0,2.216309,3.0,0.0,23.104599,40.12495,5.9999924,0.0,0.0,-5.03125,0.07562256,0.0,0.0,0.0,0.0,0.0,1.9999695,1.0,54.76532,2.3216817,34.12806,33.395134,0.0,106.267235,0.0,0.0,120.454285,101.615425,720.0,544.875,-0.10537273,-43.59375,0.0,-44.6875,9.336507,49.99997,55.50537,0.0,131.63,22.6875,0.0,-19.128418,71.08154,51.953125,0.6640625,131.27,131.33,130.8,131.12,0
150348.52,0.2712764,-3.379406,0.10018099,0.09690253,101.60537,18.796984,13.997549,-9.820898,0.0,0.0,207.639,4.442,6.001,21.201,52.08,0.0,90.22598,2.0,99.998474,0.0,204.0,5954.0,0.0,-8.8359375,0.08557129,109.102875,15126.279,15126.279,1100.0834,577.3713,0.0,7.5877314,0.0,2.244004,3.0,0.0,23.049778,40.12495,5.9999924,0.0,0.0,-5.0546875,0.07019043,0.0,0.0,0.0,0.0,0.0,1.9999695,1.0,54.327393,2.3283021,33.910984,33.312786,0.0,106.340515,0.0,0.0,119.0364,101.60713,720.0,544.875,-0.084298186,-43.5625,0.0,-44.6875,9.336507,49.99997,53.52173,0.0,130.95,21.0625,0.0,-18.00232,73.31543,55.31311,0.7470703,130.23,130.8,130.02,130.44,0
150348.55,0.27702114,-3.6767626,0.0983913,0.09677537,101.605545,18.796984,13.999456,-9.877149,0.0,0.0,207.639,4.479,6.001,21.201,52.08,0.0,90.2259,2.0,99.998474,0.0,204.0,5919.0,0.0,-9.0390625,0.08673096,108.91217,15146.976,15146.976,1100.0834,577.3713,0.0,7.375784,0.0,2.265498,3.0,0.0,23.00044,40.12495,5.9999924,0.0,0.0,-5.2421875,0.06604004,0.0,0.0,0.0,0.0,0.0,1.9999695,1.0,54.237366,2.3329365,33.52344,33.238583,0.0,106.40646,0.0,0.0,117.61851,101.60713,720.0,544.875,-0.06743855,-43.28125,0.0,-44.375,9.336507,49.99997,50.92163,0.0,130.24,19.8125,0.0,-16.711426,75.0,58.288574,0.72021484,129.96,129.96,129.71,129.77,0
150348.6,0.26161692,-3.8707051,0.09940732,0.096817754,101.60487,18.796984,14.000792,-9.845732,0.0,0.0,207.639,4.52,6.001,21.201,52.08,0.0,90.22583,2.0,99.998474,0.0,204.0,5895.0,0.0,-9.015625,0.088256836,108.73804,15160.772,15160.772,1100.0834,574.9833,0.0,7.6089263,0.0,2.28223,3.0,0.0,22.956036,40.12495,5.9999924,0.0,0.0,-5.8359375,0.06341553,0.0,0.0,0.0,0.0,0.0,1.9999695,1.0,54.237366,2.3361807,33.739323,33.26835,0.0,106.46582,0.0,0.0,116.33329,101.59884,720.0,545.25,-0.053950842,-42.9375,0.0,-44.0,9.336507,49.99997,49.517822,0.0,129.6,19.03125,0.0,-15.625,76.12915,60.50415,0.64697266,129.51,128.99,128.8,128.9,0
150348.62,0.24929354,-3.967032,0.09925701,0.09681775,101.60427,18.796984,14.001726,-9.860724,0.0,0.0,207.639,4.563,6.001,21.201,52.08,0.0,90.22578,2.0,99.998474,0.0,204.0,5864.0,0.0,-8.953125,0.09008789,108.945335,15194.735,15194.735,1100.0834,574.9833,0.0,7.4817576,0.0,2.2952907,3.0,0.0,22.91607,40.12495,5.9999924,0.0,0.0,-5.859375,0.059265137,0.0,0.0,0.0,0.0,0.0,1.9999695,1.0,53.712463,2.3384514,33.635365,33.189156,0.0,106.51924,0.0,0.0,115.42949,101.59884,720.0,544.875,-0.043160673,-42.6875,0.0,-43.6875,9.336507,49.99997,48.083496,0.0,128.99,17.78125,0.0,-14.8498535,77.84424,62.994385,0.59814453,128.44,128.69,127.85,128.18,0
150348.67,0.21943483,-4.043063,0.09761937,0.096732974,101.60373,18.796984,14.00824,-9.919096,0.0,0.0,207.639,4.602,6.001,21.201,52.08,0.0,90.22574,2.0,99.998474,0.0,204.0,5828.0,0.0,-8.609375,0.09094238,108.72975,15201.104,15201.104,1100.0834,574.9833,0.0,7.3969784,0.0,2.3055124,3.0,0.0,22.880104,40.12495,5.9999924,0.0,0.0,-5.8671875,0.055725098,0.0,0.0,0.0,0.0,0.0,1.9999695,1.0,53.712463,2.340041,33.232487,33.07944,0.0,106.56732,0.0,0.0,114.66665,101.59884,720.0,544.5,-0.03452854,-42.3125,0.0,-43.28125,9.336507,49.99997,46.862793,0.0,128.3,16.71875,0.0,-14.273071,79.23584,64.96277,0.6982422,127.85,128.18,127.39,127.45,0
150348.7,0.23554787,-4.1297255,0.09684663,0.0966482,101.60324,18.796984,14.0010805,-9.934872,0.0,0.0,207.639,4.643,6.001,21.201,52.08,0.0,90.22571,2.0,99.998474,0.0,204.0,5812.0,0.0,-8.8203125,0.092163086,108.60537,15229.2295,15229.2295,1100.0834,572.5953,0.0,7.248615,0.0,2.3135307,3.0,0.0,22.847733,40.12495,5.9999924,0.0,0.0,-5.921875,0.05291748,0.0,0.0,0.0,0.0,0.0,1.9999695,1.0,53.712463,2.3411536,33.123253,33.08001,0.0,106.61059,0.0,0.0,113.70481,101.59884,720.0,544.875,-0.027622832,-42.125,0.0,-43.1875,9.336507,49.99997,45.440674,0.0,128.06,15.875,0.0,-13.299561,80.37109,67.07153,0.63964844,127.79,127.59,126.85,126.95,0
150348.75,0.22843829,-4.2393904,0.09728672,0.09669059,101.602806,18.796984,14.001928,-9.923246,0.0,0.0,207.639,4.68,6.001,21.201,52.08,0.0,90.22568,2.0,99.998474,0.0,204.0,5797.0,0.0,-8.734375,0.093444824,108.58879,15249.395,15249.395,1100.0834,572.5953,0.0,7.3969784,0.0,2.3198342,3.0,0.0,22.8186,40.12495,5.9999924,0.0,0.0,-5.875,0.05041504,0.0,0.0,0.0,0.0,0.0,1.9999695,1.0,53.619385,2.3419325,33.202953,33.095467,0.0,106.64953,0.0,0.0,113.058044,101.59884,720.0,544.875,-0.022098266,-42.0,0.0,-43.0,9.336507,49.99997,44.610596,0.0,127.58,15.125,0.0,-12.857056,81.39038,68.533325,0.7128906,127.45,127.24,126.32,126.56,0
150348.8,0.20275062,-4.3770065,0.097726606,0.0966482,101.60241,18.796984,14.0025215,-9.93125,0.0,0.0,207.639,4.72,6.001,21.201,52.08,0.0,90.225655,2.0,99.998474,0.0,204.0,5779.0,0.0,-8.5234375,0.09454346,108.72146,15263.192,15263.192,1100.0834,571.00323,0.0,7.1002517,0.0,2.3247993,3.0,0.0,22.79238,40.12495,5.9999924,0.0,0.0,-5.828125,0.04663086,0.0,0.0,0.0,0.0,0.0,1.9999695,1.0,53.619385,2.3424778,33.147385,32.96068,0.0,106.68458,0.0,0.0,112.21229,101.59884,720.0,544.5,-0.017678613,-41.8125,0.0,-42.78125,9.336507,49.99997,43.0542,0.0,127.09,14.0,0.0,-12.127686,82.855225,70.72754,0.67626953,126.85,127.24,125.73,126.11,0
150348.83,0.2222005,-4.4883027,0.096185185,0.09656341,101.60206,18.796984,14.002936,-9.967392,0.0,0.0,207.639,4.764,6.001,21.201,52.08,0.0,90.22564,2.0,99.998474,0.0,204.0,5754.0,0.0,-8.375,0.09564209,108.46442,15283.358,15283.358,1100.0834,571.00323,0.0,7.1850305,0.0,2.3287163,3.0,0.0,22.768782,40.12495,5.9999924,0.0,0.0,-6.140625,0.044128418,0.0,0.0,0.0,0.0,0.0,1.9999695,1.0,53.126526,2.3428593,32.89791,32.964855,0.0,106.716125,0.0,0.0,111.64017,101.59884,720.0,544.5,-0.01414289,-41.53125,0.0,-42.59375,9.336507,49.99997,42.16919,0.0,126.64,13.25,0.0,-11.6241455,83.8501,72.22595,0.67626953,126.26,126.22,125.53,125.5,0
150348.88,0.1977604,-4.570321,0.094946094,0.09656342,101.60174,18.796984,14.009087,-10.002065,0.0,0.0,207.639,4.8,6.001,21.201,52.08,0.0,90.225624,2.0,99.998474,0.0,204.0,5725.0,0.0,-8.3203125,0.09631348,108.46442,15289.726,15289.726,1100.0834,571.00323,0.0,7.375784,0.0,2.331812,3.0,0.0,22.747543,40.12495,5.9999924,0.0,0.0,-6.3359375,0.041870117,0.0,0.0,0.0,0.0,0.0,1.9999695,1.0,53.126526,2.3431263,32.65859,32.9503,0.0,106.744514,0.0,0.0,111.126076,101.59884,720.0,544.5,-0.011314313,-41.3125,0.0,-42.28125,9.336507,49.99997,41.33911,0.0,126.07,12.5625,0.0,-11.224365,84.71069,73.48633,0.67626953,125.5,125.69,125.39,125.06,0
150348.9,0.21820833,-4.6593785,0.09699091,0.096605815,101.60145,18.796984,14.001673,-9.957028,0.0,0.0,207.639,4.844,6.001,21.201,52.08,0.0,90.22562,2.0,99.998474,0.0,204.0,5699.0,0.0,-8.46875,0.09790039,108.39808,15310.422,15310.422,1100.0834,568.88055,0.0,7.4393682,0.0,2.3342617,3.0,0.0,22.728428,40.12495,5.9999924,0.0,0.0,-6.3359375,0.039367676,0.0,0.0,0.0,0.0,0.0,1.9999695,1.0,52.69165,2.3433132,32.968735,32.908478,0.0,106.770065,0.0,0.0,110.54564,101.59884,720.0,544.5,-0.0090514505,-41.03125,0.0,-42.0,9.336507,49.99997,40.57007,0.0,125.7,11.8125,0.0,-10.662842,85.71777,75.05493,0.625,125.12,125.06,124.31,124.34,0
150348.94,0.23456667,-4.713752,0.0964061,0.09643625,101.60119,18.796984,14.008202,-9.987209,0.0,0.0,207.639,4.88,6.001,21.201,52.08,0.0,90.22561,2.0,99.998474,0.0,204.0,5656.0,0.0,-8.5234375,0.09857178,108.37321,15331.649,15331.649,1100.0834,568.88055,0.0,7.4393682,0.0,2.336203,3.0,0.0,22.711226,40.12495,5.9999924,0.0,0.0,-6.609375,0.03527832,0.0,0.0,0.0,0.0,0.0,1.9999695,1.0,52.612305,2.3434443,32.760445,32.80102,0.0,106.79306,0.0,0.0,110.15593,101.59884,720.0,544.5,-0.0072411606,-40.59375,0.0,-41.6875,9.336507,49.99997,39.28833,0.0,124.5,10.59375,0.0,-10.241699,87.231445,76.989746,0.64453125,124.45,124.39,123.88,123.79,0
150348.98,0.20765334,-4.735501,0.09566692,0.09639386,101.60096,18.796984,14.012773,-10.006806,0.0,0.0,207.639,4.921,6.001,21.201,52.08,0.0,90.2256,2.0,99.998474,0.0,204.0,5622.0,0.0,-8.4921875,0.099121094,108.26541,15344.386,15344.386,1100.0834,565.96185,0.0,7.121446,0.0,2.337743,3.0,0.0,22.695742,40.12495,5.9999924,0.0,0.0,-7.1171875,0.032165527,0.0,0.0,0.0,0.0,0.0,1.9999695,1.0,52.612305,2.343536,32.625134,32.761353,0.0,106.81376,0.0,0.0,109.84084,101.59884,720.0,544.5,-0.0057929284,-40.28125,0.0,-41.28125,9.336507,49.99997,38.446045,0.0,123.78,9.65625,0.0,-10.03418,88.37891,78.34473,0.703125,123.37,122.9,123.56,123.26,0
150349.03,0.16612267,-4.7254505,0.09580485,0.09639386,101.60075,18.796984,14.010113,-10.026389,0.0,0.0,207.639,4.963,6.001,21.201,52.08,0.0,90.22559,2.0,99.998474,0.0,204.0,5570.0,0.0,-8.359375,0.09967041,108.11616,15365.612,15365.612,1100.0834,565.96185,0.0,6.951888,0.0,2.338966,3.0,0.0,22.681807,40.12495,5.9999924,0.0,0.0,-7.0546875,0.028442383,0.0,0.0,0.0,0.0,0.0,1.9999695,1.0,52.064514,2.3436003,32.48995,32.595356,0.0,106.83238,0.0,0.0,109.51747,101.59884,720.0,544.5,-0.0046343426,-39.875,0.0,-41.0,9.336507,49.99997,37.738037,0.0,122.8,8.53125,0.0,-9.698486,89.74609,80.04761,0.6201172,122.12,122.17,122.67,122.58,0
150349.08,0.11289814,-4.66518,0.09479076,0.09622431,101.60056,18.796984,14.01411,-10.06329,0.0,0.0,207.639,4.999,6.001,21.201,52.08,0.0,90.225586,2.0,99.998474,0.0,204.0,5523.0,0.0,-8.2421875,0.10021973,108.03324,15371.98,15371.98,1100.0834,565.96185,0.0,6.8883038,0.0,2.3399377,3.0,0.0,22.669266,40.12495,5.9999924,0.0,0.0,-7.09375,0.024902344,0.0,0.0,0.0,0.0,0.0,1.9999695,1.0,52.064514,2.343645,32.2354,32.48541,0.0,106.849144,0.0,0.0,109.202385,101.59884,720.0,544.125,-0.003707474,-39.25,0.0,-40.09375,9.336507,49.99997,37.08496,0.0,121.62,7.46875,0.0,-9.500122,91.04004,81.53992,0.6176758,120.86,121.26,121.4,121.31,0
150349.11,0.07031852,-4.584822,0.09537416,0.09630908,101.60122,18.796984,14.005189,-10.051299,0.0,0.0,207.639,5.042,6.001,21.201,52.08,0.0,90.225586,2.0,99.998474,0.0,204.0,5454.0,0.0,-8.25,0.10083008,107.950325,15400.105,15400.105,1100.0834,561.4511,0.0,6.951888,0.0,2.3407106,3.0,0.0,22.657978,40.12495,5.9999924,0.0,0.0,-7.59375,0.02142334,0.0,0.0,0.0,0.0,0.0,1.9999695,1.0,51.628113,2.3436766,32.31871,32.497482,0.0,106.864235,0.0,0.0,108.87072,101.60713,720.0,544.5,-0.0029659793,-38.84375,0.0,-39.78125,9.336507,49.99997,36.810303,0.0,120.45,6.4375,0.0,-9.115601,92.30957,83.19397,0.71777344,120.45,120.33,120.36,120.33,0
150349.16,0.056254815,-4.552679,0.09344405,0.096266694,101.60181,18.796984,14.010663,-10.114886,0.0,0.0,207.639,5.082,6.001,21.201,52.08,0.0,90.225586,2.0,99.998474,0.0,204.0,5439.0,0.0,-8.15625,0.10205078,107.86741,15400.105,15400.105,1100.0834,561.4511,0.0,6.951888,0.0,2.3413258,3.0,0.0,22.64782,40.12495,5.9999924,0.0,0.0,-7.6953125,0.019470215,0.0,0.0,0.0,0.0,0.0,1.9999695,1.0,51.463318,2.3436985,31.880999,32.38693,0.0,106.877815,0.0,0.0,108.555626,101.60713,720.0,544.125,-0.0023727834,-38.625,0.0,-39.59375,9.336507,49.99997,35.95581,0.0,120.04,5.84375,0.0,-8.81958,93.048096,84.228516,0.6640625,119.8,119.9,118.85,119.21,0
150349.19,0.045003854,-4.5960717,0.09391327,0.096266694,101.60151,18.796984,14.014495,-10.101972,0.0,0.0,207.639,5.119,6.001,21.201,52.08,0.0,90.225586,2.0,99.998474,0.0,204.0,5425.0,0.0,-7.8046875,0.1026001,107.76791,15426.64,15426.64,1100.0834,559.3284,0.0,7.0366673,0.0,2.5761907,3.0,0.0,22.713865,40.12495,5.9999924,0.0,0.0,-8.1328125,0.018554688,0.0,0.0,0.0,0.0,0.0,1.9999695,1.0,51.463318,2.578089,31.969719,32.37733,0.0,106.89004,0.0,0.0,108.23225,101.59884,720.0,543.75,-0.0018982267,-38.46875,0.0,-39.375,9.336507,49.99997,35.69336,0.0,119.73,5.5625,0.0,-8.544922,93.38989,84.84497,0.5908203,119.51,119.54,117.74,118.27,0
150349.23,0.056003083,-4.688429,0.094585955,0.09639386,101.60124,18.796984,14.005459,-10.088762,0.0,0.0,207.639,5.163,6.001,21.201,52.08,0.0,90.225586,2.0,99.998474,0.0,204.75,5415.0,0.0,-7.859375,0.10357666,107.76791,15434.069,15434.069,1100.0834,559.3284,0.0,6.9094987,0.0,2.5062687,3.0,0.0,22.773306,40.12495,5.9999924,0.0,0.0,-7.7421875,0.016235352,0.0,0.0,0.0,0.0,0.0,1.9999695,1.0,50.953674,2.5077872,32.060505,32.378326,0.0,106.90104,0.0,0.0,107.908875,101.59884,720.0,543.75,-0.0015185814,-38.40625,0.0,-39.1875,9.336507,49.99997,34.87549,0.0,119.26,4.875,0.0,-8.172607,94.23218,86.05957,0.7421875,118.81,118.51,118.25,118.27,0
150349.28,0.08480246,-4.8003716,0.09502834,0.09630908,101.601006,18.796984,14.010852,-10.087749,0.0,0.0,207.639,5.2,6.001,21.201,52.08,0.0,90.225586,2.0,99.998474,0.0,204.0,5395.0,0.0,-7.875,0.10424805,107.75961,15461.664,15461.664,1100.0834,559.3284,0.0,6.8247194,0.0,2.4573612,3.0,0.0,22.826803,40.12495,5.9999924,0.0,0.0,-7.75,0.01361084,0.0,0.0,0.0,0.0,0.0,1.9999695,1.0,50.953674,2.4585762,32.067253,32.295437,0.0,106.910934,0.0,0.0,107.85083,101.59884,720.0,543.75,-0.0012148651,-38.09375,0.0,-39.09375,9.336507,49.99997,34.777832,0.0,118.66,4.09375,0.0,-8.2092285,95.17822,86.968994,0.67626953,118.22,118.32,117.94,117.88,0
150349.31,0.10784197,-4.845149,0.09488843,0.09635147,101.60079,18.796984,14.002909,-10.081263,0.0,0.0,207.639,5.244,6.001,21.201,52.08,0.0,90.225586,2.0,99.998474,0.0,204.0,5366.0,0.0,-7.9296875,0.1048584,107.72645,15468.032,15468.032,1100.0834,557.47107,0.0,6.761135,0.0,2.4231565,3.0,0.0,22.87495,40.12495,5.9999924,0.0,0.0,-8.1328125,0.011108398,0.0,0.0,0.0,0.0,0.0,1.9999695,1.0,50.953674,2.4241283,32.11175,32.38654,0.0,106.919846,0.0,0.0,107.58549,101.59884,720.0,544.125,-9.718921E-4,-37.84375,0.0,-38.78125,9.336507,49.99997,34.503174,0.0,117.87,3.34375,0.0,-7.9345703,96.07544,88.14087,0.6274414,117.41,117.86,116.86,116.9,0
150349.34,0.12627357,-4.8818097,0.09377352,0.09630908,101.6006,18.796984,14.009068,-10.12048,0.0,0.0,207.639,5.281,6.001,21.201,52.08,0.0,90.225586,2.0,99.998474,0.0,204.0,5335.0,0.0,-7.875,0.10510254,107.61036,15468.032,15468.032,1100.0834,557.47107,0.0,6.9942775,0.0,2.3992374,3.0,0.0,22.918283,40.12495,5.9999924,0.0,0.0,-8.4765625,0.009460449,0.0,0.0,0.0,0.0,0.0,1.9999695,1.0,50.883484,2.4000149,31.841242,32.306732,0.0,106.927864,0.0,0.0,107.38648,101.59884,720.0,544.125,-7.7751366E-4,-37.6875,0.0,-38.6875,9.336507,49.99997,33.935547,0.0,117.44,2.84375,0.0,-7.70874,96.66138,88.95264,0.6665039,117.11,116.82,116.65,116.48,0
150349.39,0.16101886,-4.915224,0.09368872,0.09639386,101.600426,18.796984,14.013378,-10.131612,0.0,0.0,207.639,5.319,6.001,21.201,52.08,0.0,90.225586,2.0,99.998474,0.0,204.0,5301.0,0.0,-7.78125,0.105773926,107.626945,15496.157,15496.157,1100.0834,555.3484,0.0,6.951888,0.0,2.6168885,3.0,0.0,22.957283,40.12495,5.9999924,0.0,0.0,-8.3515625,0.006958008,0.0,0.0,0.0,0.0,0.0,1.9999695,1.0,50.883484,2.6175106,31.764328,32.261997,0.0,106.93508,0.0,0.0,107.2704,101.59884,720.0,543.75,-6.2201096E-4,-37.5,0.0,-38.5,8.869681,49.99997,33.026123,0.0,116.71,2.09375,0.0,-7.6416016,97.55249,89.91089,0.6591797,116.25,116.35,115.88,115.93,0
150349.42,0.1488151,-4.92859,0.09430331,0.09643625,101.60027,18.796984,14.004677,-10.109256,0.0,0.0,207.639,5.361,6.001,21.201,52.08,0.0,90.225586,2.0,99.998474,0.0,204.0,5272.0,0.0,-8.1484375,0.10656738,107.45282,15502.525,15502.525,1100.0834,555.3484,0.0,6.951888,0.0,2.5348847,3.0,0.0,22.992382,40.12495,5.9999924,0.0,0.0,-8.2421875,0.005004883,0.0,0.0,0.0,0.0,0.0,1.9999695,1.0,50.372314,2.5353823,31.918274,32.313374,0.0,106.941574,0.0,0.0,106.94702,101.59884,720.0,544.125,-4.976088E-4,-37.1875,0.0,-38.1875,9.336507,49.99997,33.24585,0.0,115.97,1.5,0.0,-7.235718,98.24219,91.00647,0.71777344,115.37,115.94,114.95,115.09,0
150349.47,0.15905207,-4.933936,0.09332655,0.09639386,101.600136,18.796984,14.004445,-10.141699,0.0,0.0,207.639,5.399,6.001,21.201,52.08,0.0,90.225586,2.0,99.998474,0.0,204.0,5242.0,0.0,-8.2734375,0.10736084,107.59378,15530.12,15530.12,1100.0834,555.3484,0.0,6.78233,0.0,2.4774942,3.0,0.0,23.023972,40.12495,5.9999924,0.0,0.0,-8.3125,0.001953125,0.0,0.0,0.0,0.0,0.0,1.9999695,1.0,50.372314,2.4778924,31.69451,32.258896,0.0,106.94742,0.0,0.0,106.94702,101.59884,720.0,544.5,-3.9808705E-4,-37.03125,0.0,-38.0,8.869681,49.99997,32.580566,0.0,115.45,0.59375,0.0,-7.369995,99.31641,91.94641,0.7397461,114.95,115.23,114.72,114.41,0
150349.5,0.16724166,-4.9548244,0.09647891,0.09643625,101.600006,18.796984,13.998424,-10.063938,0.0,0.0,207.639,5.441,6.001,21.201,52.08,0.0,90.225586,2.0,99.998474,0.0,204.0,5213.0,0.0,-8.1796875,0.10760498,107.485985,15536.488,15536.488,1100.0834,553.2257,0.0,7.142641,0.0,2.4373312,3.0,0.0,23.052402,40.12495,5.9999924,0.0,0.0,-8.96875,6.1035156E-4,0.0,0.0,0.0,0.0,0.0,1.9999695,1.0,49.942017,2.4376497,32.230377,32.226154,0.0,106.952675,0.0,0.0,106.6734,101.59884,720.0,544.125,-3.1846965E-4,-36.84375,0.0,-37.78125,9.336507,49.99997,32.666016,0.0,114.96,0.1875,0.0,-7.2235107,99.78638,92.56287,0.6738281,114.72,114.59,113.73,113.95,0
150349.55,0.19379334,-4.98193,0.09230295,0.096521035,101.59989,18.796984,14.005928,-10.179595,0.0,0.0,207.639,5.479,6.001,21.201,52.08,0.0,90.225586,2.0,99.998474,0.0,204.375,5191.0,0.0,-7.84375,0.10809326,107.35332,15547.102,15547.102,1100.0834,553.2257,0.0,6.73994,0.0,2.6436,3.0,0.0,23.07799,40.12495,5.9999924,0.0,0.0,-9.25,0.0,0.0,0.0,0.0,0.0,0.0,1.9999695,1.0,49.865723,2.6438549,31.433052,32.20248,0.0,106.95741,0.0,0.0,106.62365,101.59884,720.0,543.75,-2.5477572E-4,-36.53125,0.0,-37.5,8.869681,49.99997,31.866455,0.0,114.39,0.0,0.0,-7.3669434,99.998474,92.63153,0.72998047,113.77,114.14,113.14,113.14,0
150349.58,0.19503468,-5.0115223,0.09461379,0.09647864,101.59979,18.796984,14.011181,-10.118311,0.0,0.0,207.639,5.52,6.001,21.201,52.08,0.0,90.225586,2.0,99.998474,0.0,204.0,5162.0,0.0,-8.3125,0.109436035,107.345024,15570.982,15570.982,1100.0834,550.5724,0.0,6.867109,0.0,2.5536196,3.0,0.0,23.101017,40.12495,5.9999924,0.0,0.0,-8.9921875,0.0,0.0,0.0,0.0,0.0,0.0,1.9999695,1.0,49.865723,2.5538235,31.855373,32.196712,0.0,106.96167,0.0,0.0,106.50757,101.59884,720.0,544.5,-2.0382057E-4,-36.375,0.0,-37.375,8.869681,49.99997,31.951904,0.0,113.64,0.0,0.0,-7.437134,99.998474,92.56134,0.6933594,113.33,113.27,113.04,112.74,0
150349.62,0.17602775,-5.0233593,0.09546265,0.09643625,101.5997,18.796984,14.008998,-10.105316,0.0,0.0,207.639,5.562,6.001,21.201,52.08,0.0,90.225586,2.0,99.998474,0.0,204.375,5115.0,0.0,-8.34375,0.11010742,107.36161,15570.982,15570.982,1100.0834,550.5724,0.0,7.121446,0.0,2.4906383,3.0,0.0,23.121742,40.12495,5.9999924,0.0,0.0,-9.234375,0.0,0.0,0.0,0.0,0.0,0.0,1.9999695,1.0,49.345398,2.4908013,31.94485,32.119118,0.0,106.96551,0.0,0.0,106.30026,101.59884,720.0,544.5,-1.6305647E-4,-36.15625,0.0,-37.1875,8.869681,49.99997,31.622314,0.0,112.89,0.0,0.0,-7.208252,99.998474,92.79022,0.68359375,112.29,112.65,112.04,112.25,0
150349.66,0.1808222,-4.990594,0.09474777,0.09647864,101.59962,18.796984,14.019189,-10.125438,0.0,0.0,207.639,5.601,6.001,21.201,52.08,0.0,90.225586,2.0,99.998474,0.0,204.0,5083.0,0.0,-8.1328125,0.11071777,107.35332,15587.964,15587.964,1100.0834,550.5724,0.0,6.8883038,0.0,2.4465554,3.0,0.0,23.140396,40.12495,5.9999924,0.0,0.0,-9.8515625,0.0,0.0,0.0,0.0,0.0,0.0,1.9999695,1.0,49.345398,2.4466858,31.806074,32.11933,0.0,106.968956,0.0,0.0,106.30026,101.59884,720.0,544.125,-1.3044517E-4,-36.0,0.0,-37.0,8.869681,49.99997,31.341553,0.0,112.14,0.0,0.0,-7.2998047,99.998474,92.69867,0.6591797,111.6,112.08,111.6,111.3,0
150349.72,0.16465776,-4.958738,0.094796635,0.09643624,101.59954,18.796984,14.008744,-10.137685,0.0,0.0,207.639,5.643,6.001,21.201,52.08,0.0,90.225586,2.0,99.998474,0.0,204.0,5033.0,0.0,-8.0859375,0.11126709,107.22065,15604.945,15604.945,1100.0834,547.3883,0.0,7.2062254,0.0,2.6500757,3.0,0.0,23.157185,40.12495,5.9999924,0.0,0.0,-9.625,0.0,0.0,0.0,0.0,0.0,0.0,1.9999695,1.0,49.345398,2.65018,31.721582,32.045097,0.0,106.97206,0.0,0.0,105.985176,101.59884,720.0,544.125,-1.0435614E-4,-35.4375,0.0,-36.59375,8.869681,49.99997,30.999756,0.0,111.4,0.0,0.0,-6.9732666,99.998474,93.02521,0.75439453,111.13,110.95,111.16,110.74,0
150349.75,0.19172621,-4.927245,0.09557581,0.09639386,101.59947,18.796984,14.013152,-10.128204,0.0,0.0,207.639,5.681,6.001,21.201,52.08,0.0,90.225586,2.0,99.998474,0.0,204.375,5002.0,0.0,-8.2421875,0.111694336,107.328445,15604.945,15604.945,1100.0834,547.3883,0.0,6.951888,0.0,2.5581675,3.0,0.0,23.172293,40.12495,5.9999924,0.0,0.0,-9.5546875,0.0,0.0,0.0,0.0,0.0,0.0,1.9999695,1.0,49.22638,2.558251,31.786867,31.939611,0.0,106.97485,0.0,0.0,106.026634,101.59884,720.0,544.125,-8.348491E-5,-35.4375,0.0,-36.375,8.869681,49.99997,30.505371,0.0,110.64,0.0,0.0,-6.9488525,99.998474,93.04962,0.6738281,110.27,110.57,109.76,110.02,0
150349.8,0.17338097,-4.914648,0.09475228,0.09622431,101.59941,18.796984,14.016237,-10.152019,0.0,0.0,207.639,5.721,6.001,21.201,52.08,0.0,90.225586,2.0,99.998474,0.0,204.0,4976.0,0.0,-8.3515625,0.11212158,107.112854,15639.439,15639.439,1100.0834,545.2656,0.0,7.163836,0.0,2.493834,3.0,0.0,23.261078,40.12495,5.9999924,0.0,0.0,-10.0546875,0.0,0.0,0.0,0.0,0.0,0.0,1.9999695,1.0,49.22638,2.4939008,31.622654,31.890024,0.0,106.97737,0.0,0.0,105.76131,101.59884,720.0,544.5,-6.678793E-5,-35.09375,0.0,-36.09375,8.869681,49.99997,30.505371,0.0,110.04,0.0,0.0,-6.5948486,99.998474,93.403625,0.6713867,109.63,109.76,109.43,109.06,0
150349.83,0.17870477,-4.8908596,0.09610321,0.09605474,101.59936,18.796984,14.006679,-10.125464,0.0,0.0,207.639,5.763,6.001,21.201,52.08,0.0,90.225586,2.0,99.998474,0.0,204.0,4955.0,0.0,-8.3515625,0.112854004,107.162605,15639.439,15639.439,1100.0834,545.2656,0.0,7.248615,0.0,2.448802,3.0,0.0,23.340984,40.12495,5.9999924,0.0,0.0,-9.9765625,0.0,0.0,0.0,0.0,0.0,0.0,1.9999695,1.0,48.719788,2.4488554,31.805635,31.756998,0.0,106.97964,0.0,0.0,105.65352,101.59884,720.0,544.5,-5.3430344E-5,-34.78125,0.0,-35.875,8.869681,49.99997,29.82788,0.0,109.42,0.0,0.0,-6.298828,99.998474,93.699646,0.6567383,109.06,108.56,108.89,108.81,0
150349.88,0.14296381,-4.881344,0.09504883,0.09588518,101.59931,18.796984,14.011706,-10.171038,0.0,0.0,207.639,5.801,6.001,21.201,52.08,0.0,90.225586,2.0,99.998474,0.0,204.0,4910.0,0.0,-8.375,0.11340332,107.10457,15639.439,15639.439,1100.0834,545.2656,0.0,7.1002517,0.0,2.417281,3.0,0.0,23.4129,40.12495,5.9999924,0.0,0.0,-9.5390625,0.0,0.0,0.0,0.0,0.0,0.0,1.9999695,1.0,48.719788,2.4173236,31.491455,31.645504,0.0,106.981674,0.0,0.0,105.65352,101.59884,720.0,544.5,-4.2744276E-5,-34.46875,0.0,-35.5,8.869681,49.99997,29.82788,0.0,108.33,0.0,0.0,-6.2957764,99.998474,93.7027,0.5908203,107.58,108.15,107.94,107.86,0
150349.9,0.114371054,-4.8400373,0.09401648,0.09563084,101.60009,18.796984,14.003507,-10.209593,0.0,0.0,207.639,5.844,6.001,21.201,52.08,0.0,90.225586,2.0,99.998474,0.0,204.0,4871.0,0.0,-8.3125,0.11395264,106.99677,15667.034,15667.034,1100.0834,542.8776,0.0,7.0154724,0.0,2.3952174,3.0,0.0,23.477625,40.12495,5.9999924,0.0,0.0,-9.6484375,0.0,0.0,0.0,0.0,0.0,0.0,1.9999695,1.0,48.28949,2.3952515,31.226477,31.52738,0.0,106.983505,0.0,0.0,105.65352,101.60713,720.0,544.5,-3.4195422E-5,-34.03125,0.0,-35.0,8.402857,49.99997,29.760742,0.0,107.45,0.0,0.0,-6.350708,99.998474,93.647766,0.6176758,107.45,107.06,107.45,107.22,0
150349.95,0.11149685,-4.786015,0.09406173,0.095461294,101.60079,18.796984,14.015346,-10.235996,0.0,0.0,207.639,5.881,6.001,21.201,52.08,0.0,90.225586,2.0,99.998474,0.0,204.0,4834.0,0.0,-8.2734375,0.11413574,106.839226,15673.402,15673.402,1100.0834,542.8776,0.0,6.973083,0.0,2.3797736,3.0,0.0,23.535877,40.12495,5.9999924,0.0,0.0,-9.265625,0.0,0.0,0.0,0.0,0.0,0.0,1.9999695,1.0,48.20862,2.379801,31.045183,31.310345,0.0,106.98515,0.0,0.0,105.33843,101.60713,720.0,544.5,-2.7356338E-5,-33.75,0.0,-34.78125,8.402857,49.99997,28.894043,0.0,106.64,0.0,0.0,-5.786133,99.998474,94.21234,0.7128906,105.83,106.42,106.04,106.23,0
150349.98,0.08919748,-4.745656,0.09537021,0.09529173,101.6006,18.796984,14.017773,-10.211971,0.0,0.0,207.639,5.92,6.001,21.201,52.08,0.0,90.225586,2.0,99.998474,0.0,204.0,4792.0,0.0,-8.3203125,0.114746094,106.814354,15677.647,15677.647,1100.0834,540.22424,0.0,7.248615,0.0,2.3689637,3.0,0.0,23.588305,40.12495,5.9999924,0.0,0.0,-9.4609375,0.0,0.0,0.0,0.0,0.0,0.0,1.9999695,1.0,48.20862,2.3689857,31.210592,31.208431,0.0,106.98664,0.0,0.0,105.33843,101.60713,720.0,544.5,-2.1885071E-5,-33.4375,0.0,-34.5,8.869681,49.99997,29.180908,0.0,106.08,0.0,0.0,-5.654907,99.998474,94.34357,0.6347656,105.36,105.96,105.36,105.02,0
150350.03,0.07135799,-4.7670126,0.093962155,0.094995,101.600426,18.796984,14.007753,-10.262633,0.0,0.0,207.639,5.963,6.001,21.201,52.08,0.0,90.225586,2.0,99.998474,0.0,204.0,4766.0,0.0,-8.9296875,0.115478516,106.8724,15690.384,15690.384,1100.0834,540.22424,0.0,7.121446,0.0,2.3613975,3.0,0.0,23.635489,40.12495,5.9999924,0.0,0.0,-9.265625,0.0,0.0,0.0,0.0,0.0,0.0,1.9999695,1.0,48.120117,2.361415,30.86121,31.052809,0.0,106.987976,0.0,0.0,105.33843,101.59884,720.0,544.875,-1.7508057E-5,-33.21875,0.0,-34.1875,8.402857,49.99997,28.717041,0.0,105.65,0.0,0.0,-5.7922363,99.998474,94.20624,0.68603516,105.44,105.59,104.57,104.79,0
150350.06,0.097086385,-4.813055,0.093632735,0.094952606,101.60027,18.796984,14.012459,-10.287768,0.0,0.0,207.639,6.001,6.001,21.201,52.08,0.0,90.225586,2.0,99.998474,0.0,204.0,4740.0,0.0,-9.1015625,0.115600586,106.71485,15707.365,15707.365,1100.0834,540.22424,0.0,6.9942775,0.0,2.3561013,3.0,0.0,23.677954,40.12495,5.9999924,0.0,0.0,-8.640625,0.0,0.0,0.0,0.0,0.0,0.0,1.9999695,1.0,48.120117,2.3561153,30.687803,30.931017,0.0,106.98918,0.0,0.0,105.17259,101.59884,720.0,545.25,-1.4006446E-5,-32.9375,0.0,-33.875,8.402857,49.99997,28.66211,0.0,104.94,0.0,0.0,-5.2215576,99.998474,94.77692,0.6567383,104.41,105.11,103.76,103.95,0
150350.11,0.1576691,-4.831472,0.095226355,0.09474067,101.600136,18.796984,14.004033,-10.263641,0.0,0.0,207.639,6.042,6.001,21.201,52.08,0.0,90.225586,2.0,99.998474,0.0,204.0,4708.0,0.0,-9.0078125,0.11621094,106.64852,15724.877,15724.877,1100.0834,538.3669,0.0,7.524147,0.0,2.3523943,3.0,0.0,23.716173,40.12495,5.9999924,0.0,0.0,-8.6796875,0.0,0.0,0.0,0.0,0.0,0.0,1.9999695,1.0,47.694397,2.3524055,30.853971,30.828901,0.0,106.990265,0.0,0.0,105.01505,101.59884,720.0,545.25,-1.1205157E-5,-32.75,0.0,-33.78125,8.402857,49.99997,28.35083,0.0,104.31,0.0,0.0,-4.852295,99.998474,95.14618,0.67871094,104.48,102.68,103.99,103.55,0
150350.14,0.16613528,-4.857589,0.09585937,0.09461351,101.600006,18.796984,14.015714,-10.250296,0.0,0.0,207.639,6.082,6.001,21.201,52.08,0.0,90.225586,2.0,19.921875,0.0,204.0,4683.0,0.0,-8.3984375,0.11694336,106.73973,15731.245,15731.245,1100.0834,538.3669,0.0,7.4817576,0.0,2.3497996,3.0,0.0,23.75057,40.12495,5.9999924,0.0,0.0,-8.9296875,0.0,0.0,0.0,0.0,0.0,0.0,1.9999695,1.0,47.62726,2.3498087,30.945835,30.709717,0.0,106.99124,0.0,0.0,104.91556,101.59884,720.0,544.5,-8.964125E-6,-32.71875,0.0,-33.6875,8.402857,49.99997,28.100586,0.0,104.16,0.0,0.0,-4.598999,99.998474,95.399475,0.68847656,103.28,104.1,102.81,102.98,0
150350.19,0.15290822,-4.9055357,0.09507981,0.09457111,101.59989,18.796984,14.0238905,-10.284703,0.0,0.0,207.639,6.121,6.001,21.201,52.08,0.0,90.225586,2.0,0.032043457,0.0,204.0,4672.0,0.0,-9.046875,0.11828613,106.74802,15741.858,15741.858,1100.0834,536.2442,0.0,7.312199,0.0,2.3479838,3.0,0.0,23.781528,40.12495,5.9999924,0.0,0.0,-8.1875,0.0,0.0,0.0,0.0,0.0,0.0,1.9999695,1.0,47.62726,2.347991,30.708548,30.615623,0.0,106.99212,0.0,0.0,104.90725,101.59884,720.0,544.875,-7.1713002E-6,-32.375,0.0,-33.375,8.402857,49.99997,27.355957,0.0,102.86,0.0,0.0,-4.4036865,99.998474,95.59479,0.6665039,103.01,102.86,102.26,102.44,0
150350.22,0.18232657,-4.8872147,0.09334227,0.09444394,101.59979,18.796984,14.017895,-10.34251,0.0,0.0,207.639,6.163,6.001,21.201,52.08,0.0,90.225586,2.0,0.0,0.0,204.0,4650.0,0.0,-8.9140625,0.11846924,106.656815,15741.858,15741.858,1100.0834,536.2442,0.0,7.248615,0.0,2.346713,3.0,0.0,23.809391,40.12495,5.9999924,0.0,0.0,-8.0546875,0.0,0.0,0.0,0.0,0.0,0.0,1.9999695,1.0,47.558594,2.3467188,30.309996,30.52639,0.0,106.99291,0.0,0.0,104.69167,101.59884,720.0,544.875,-5.7370403E-6,-32.1875,0.0,-33.1875,8.402857,49.99997,25.88501,0.0,102.59,0.0,0.0,-4.0740967,99.998474,95.92438,0.6738281,102.07,101.84,101.84,101.63,0
150350.27,0.16586125,-4.917386,0.09648532,0.094104834,101.5997,18.796984,14.025416,-10.269074,0.0,0.0,207.639,6.199,6.001,21.201,52.08,0.0,90.225586,2.0,0.0,0.0,204.0,4597.0,0.0,-8.578125,0.11798096,106.515854,15765.208,15765.208,1100.0834,536.2442,0.0,7.736095,0.0,2.3458235,3.0,0.0,23.834467,40.12495,5.9999924,0.0,0.0,-9.1171875,0.0,0.0,0.0,0.0,0.0,0.0,1.9999695,1.0,47.558594,2.345828,30.81609,30.372341,0.0,106.99362,0.0,0.0,106.39148,101.59884,720.0,544.5,-4.589632E-6,-31.90625,0.0,-32.875,8.402857,49.99997,28.59497,0.0,101.6,0.0,0.0,-8.92334,99.998474,91.075134,0.64453125,101.05,101.56,101.23,100.74,0
150350.3,0.212689,-4.8919544,0.09359341,0.094104834,101.59962,18.796984,14.0131035,-10.35935,0.0,0.0,207.639,6.242,6.001,21.201,52.08,0.0,90.225586,2.0,0.0,0.0,204.0,4576.0,0.0,-9.203125,0.119506836,106.71485,15780.067,15780.067,1100.0834,535.18286,0.0,7.524147,0.0,2.345201,3.0,0.0,23.857035,40.12495,5.9999924,0.0,0.0,-9.15625,0.0,0.0,0.0,0.0,0.0,0.0,1.9999695,1.0,47.1344,2.3452046,30.19374,30.380724,0.0,106.99426,0.0,0.0,106.48269,101.59884,720.0,545.25,-3.6717058E-6,-31.71875,0.0,-32.5,7.936031,49.99997,27.526855,0.0,100.82,0.0,0.0,-10.27832,99.998474,89.72015,0.64697266,100.58,100.82,100.55,100.71,0
150350.36,0.2101512,-4.881782,0.095163494,0.093765706,101.59954,18.796984,14.022063,-10.345057,0.0,0.0,207.639,6.28,6.001,21.201,52.08,0.0,90.225586,2.0,0.0,0.0,204.0,4524.0,0.0,-9.296875,0.11883545,106.41635,15775.821,15775.821,1100.0834,535.18286,0.0,7.375784,0.0,2.3447652,3.0,0.0,23.877346,40.12495,5.9999924,0.0,0.0,-8.28125,0.0,0.0,0.0,0.0,0.0,0.0,1.9999695,1.0,47.091675,2.344768,30.292189,30.03309,0.0,106.994835,0.0,0.0,106.30026,101.59884,720.0,545.25,-2.9373648E-6,-31.3125,0.0,-32.28125,8.402857,49.99997,27.038574,0.0,99.85,0.0,0.0,-10.058594,99.998474,89.93988,0.64453125,99.49,100.01,99.42,99.49,0
150350.4,0.24812096,-4.840213,0.094611086,0.09363854,101.600296,18.796984,14.028335,-10.380373,0.0,0.0,207.639,6.321,6.001,21.201,52.08,0.0,90.225586,2.0,0.0,0.0,204.0,4491.0,0.0,-9.1875,0.11920166,106.44122,15775.821,15775.821,1100.0834,532.26416,0.0,7.4817576,0.0,2.3444602,3.0,0.0,23.970814,40.12495,5.9999924,0.0,0.0,-7.59375,0.0,0.0,0.0,0.0,0.0,0.0,1.9999695,1.0,47.091675,2.3444626,30.049515,29.874104,0.0,106.99535,0.0,0.0,106.43294,101.60713,720.0,545.25,-2.349892E-6,-30.9375,0.0,-32.0,7.936031,49.99997,26.397705,0.0,99.38,0.0,0.0,-10.266113,99.998474,89.73236,0.65185547,98.93,98.93,99.05,98.77,0
150350.44,0.25849676,-4.823585,0.0935483,0.09363854,101.600975,18.796984,14.021006,-10.405286,0.0,0.0,207.639,6.363,6.001,21.201,52.08,0.0,90.225586,2.0,0.0,0.0,204.0,4495.0,0.0,-9.1171875,0.12011719,106.39147,15804.478,15804.478,1100.0834,532.26416,0.0,7.0154724,0.0,2.3442469,3.0,0.0,24.054935,40.12495,5.9999924,0.0,0.0,-7.6171875,0.0,0.0,0.0,0.0,0.0,0.0,1.9999695,1.0,46.98639,2.3442488,29.87847,29.884304,0.0,106.99582,0.0,0.0,106.30026,101.60713,720.0,545.25,-1.8799136E-6,-30.75,0.0,-31.6875,7.936031,49.99997,25.92163,0.0,98.84,0.0,0.0,-10.122681,99.998474,89.87579,0.6713867,98.09,98.22,97.71,98.09,0
150350.47,0.2867974,-4.835684,0.09208431,0.09338419,101.601585,18.796984,14.021735,-10.453112,0.0,0.0,207.639,6.401,6.001,21.201,52.08,0.0,90.225586,2.0,0.0,0.0,204.0,4453.0,0.0,-9.4453125,0.11968994,106.258804,15810.315,15810.315,1100.0834,532.26416,0.0,7.333394,0.0,2.3440976,3.0,0.0,24.130644,40.12495,5.9999924,0.0,0.0,-7.2421875,0.0,0.0,0.0,0.0,0.0,0.0,1.9999695,1.0,46.98639,2.344099,29.549425,29.810183,0.0,106.99624,0.0,0.0,106.25052,101.60713,720.0,545.625,-1.5039309E-6,-30.59375,0.0,-31.5,7.936031,49.99997,25.610352,0.0,98.05,0.0,0.0,-10.372925,99.998474,89.62555,0.7104492,97.48,97.51,97.4,97.19,0
150350.52,0.24943793,-4.8217735,0.092370994,0.09338419,101.60131,18.796984,14.010527,-10.455654,0.0,0.0,207.639,6.441,6.001,21.201,52.08,0.0,90.225586,2.0,0.0,0.0,204.0,4425.0,0.0,-9.7109375,0.120666504,106.2671,15820.929,15820.929,1100.0834,530.6722,0.0,7.057862,0.0,2.343993,3.0,0.0,24.198782,40.12495,5.9999924,0.0,0.0,-6.7734375,0.0,0.0,0.0,0.0,0.0,0.0,1.9999695,1.0,46.566772,2.3439941,29.531624,29.720839,0.0,106.99662,0.0,0.0,106.242226,101.59884,720.0,545.625,-1.2031447E-6,-30.4375,0.0,-31.28125,7.936031,49.99997,25.476074,0.0,97.23,0.0,0.0,-10.345459,99.998474,89.653015,0.61279297,96.89,96.89,96.68,96.71,0
150350.55,0.25955033,-4.8349595,0.09109608,0.09312987,101.60107,18.796984,14.0144,-10.508448,0.0,0.0,207.639,0.0,6.001,21.201,52.08,0.0,90.225586,2.0,0.0,0.0,204.0,4375.0,0.0,-9.8203125,0.12030029,106.242226,15827.297,15827.297,1100.0834,530.6722,0.0,6.930693,0.0,2.3439198,3.0,0.0,24.260107,40.12495,5.9999924,0.0,0.0,-6.3828125,0.0,0.0,0.0,0.0,0.0,0.0,1.9999695,1.0,46.51642,2.3439207,29.16748,29.562386,0.0,106.99696,0.0,0.0,106.242226,101.59884,720.0,546.0,-9.625159E-7,-30.3125,0.0,-31.1875,7.936031,49.99997,25.10376,0.0,96.72,0.0,0.0,-10.348511,99.998474,89.64996,0.6347656,95.33,96.86,95.99,95.62,0
150350.6,0.28764027,-4.840234,0.09176045,0.09312987,101.600845,18.796984,14.017111,-10.492375,0.0,0.0,207.639,0.0,6.001,21.201,52.08,0.0,90.225586,2.0,0.0,0.0,204.0,4358.0,0.0,-9.75,0.12060547,106.23393,15844.278,15844.278,1100.0834,529.08014,0.0,7.142641,0.0,2.3438687,3.0,0.0,24.315298,40.12495,5.9999924,0.0,0.0,-6.203125,0.0,0.0,0.0,0.0,0.0,0.0,1.9999695,1.0,46.51642,2.3438694,29.278042,29.535313,0.0,106.99727,0.0,0.0,106.10956,101.59884,720.0,545.625,-7.700127E-7,-30.125,0.0,-31.0,7.936031,49.99997,25.030518,0.0,96.47,0.0,0.0,-10.025024,99.998474,89.97345,0.64941406,95.57,95.96,95.14,95.43,0
150350.62,0.33011222,-4.8610935,0.09228397,0.0929603,101.60065,18.796984,14.019009,-10.484898,0.0,0.0,207.639,0.0,6.001,21.201,52.08,0.0,90.225586,2.0,0.0,0.0,204.0,4326.0,0.0,-9.703125,0.12060547,106.23393,15848.523,15848.523,1100.0834,529.08014,0.0,7.057862,0.0,2.3438327,3.0,0.0,24.364971,40.12495,5.9999924,0.0,0.0,-6.1015625,0.0,0.0,0.0,0.0,0.0,0.0,1.9999695,1.0,46.455383,2.3438334,29.329391,29.453465,0.0,106.99754,0.0,0.0,106.15931,101.59884,720.0,545.625,-6.160102E-7,-30.0,0.0,-31.0,7.936031,49.99997,24.945068,0.0,95.48,0.0,0.0,-10.070801,99.998474,89.92767,0.6347656,95.46,95.26,94.48,94.61,0
150350.67,0.3640898,-4.8881874,0.0927545,0.092875525,101.60047,18.796984,14.0261965,-10.486989,0.0,0.0,207.639,0.0,6.001,21.201,52.08,0.0,90.225586,2.0,0.0,0.0,204.0,4308.0,0.0,-9.9609375,0.120910645,106.21735,15853.83,15853.83,1100.0834,529.08014,0.0,7.142641,0.0,2.343808,3.0,0.0,24.409676,40.12495,5.9999924,0.0,0.0,-5.6796875,0.0,0.0,0.0,0.0,0.0,0.0,1.9999695,1.0,46.455383,2.3438084,29.314795,29.339602,0.0,106.99779,0.0,0.0,106.10956,101.59884,720.0,546.0,-4.9280817E-7,-29.8125,0.0,-30.875,7.936031,49.99997,24.829102,0.0,94.97,0.0,0.0,-10.0616455,99.998474,89.93683,0.6591797,94.87,94.69,93.97,94.73,0
150350.7,0.37127185,-4.917775,0.09300237,0.092790745,101.60031,18.796984,14.019509,-10.483737,0.0,0.0,207.639,0.0,6.001,21.201,52.08,0.0,90.225586,2.0,0.0,0.0,204.0,4280.0,0.0,-10.2734375,0.12121582,106.21735,15878.241,15878.241,1100.0834,527.2228,0.0,7.1002517,0.0,2.3437905,3.0,0.0,24.449911,40.12495,5.9999924,0.0,0.0,-5.640625,0.0,0.0,0.0,0.0,0.0,0.0,1.9999695,1.0,46.032715,2.343791,29.337053,29.297277,0.0,106.99801,0.0,0.0,105.985176,101.59884,720.0,546.375,-3.9424654E-7,-29.65625,0.0,-30.5,7.936031,49.99997,24.627686,0.0,94.45,0.0,0.0,-9.918213,99.998474,90.08026,0.5859375,93.94,94.27,93.23,93.55,0
150350.75,0.3570175,-4.9296103,0.090634435,0.0925788,101.60017,18.796984,14.026547,-10.568925,0.0,0.0,207.639,0.0,6.001,21.201,52.08,0.0,90.225586,2.0,0.0,0.0,204.375,4249.0,0.0,-10.265625,0.12158203,106.21735,15878.241,15878.241,1100.0834,527.2228,0.0,6.930693,0.0,2.3437784,3.0,0.0,24.486122,40.12495,6.374992,0.0,0.0,-5.5390625,0.0,0.0,0.0,0.0,0.0,0.0,1.9999695,1.0,45.973206,2.3437786,28.74972,29.125683,0.0,106.99821,0.0,0.0,106.01834,101.59884,720.0,546.375,-3.1539724E-7,-29.5625,0.0,-30.5,7.469206,49.99997,24.285889,0.0,93.88,0.0,0.0,-10.272217,99.998474,89.72626,0.7055664,93.3,93.5,93.23,93.11,0
150350.78,0.365614,-4.9343443,0.09070493,0.09249402,101.60004,18.796984,14.025615,-10.56605,0.0,0.0,207.639,0.0,6.001,21.201,52.08,0.0,90.225586,2.0,0.0,0.0,204.375,4216.0,0.0,-10.171875,0.12084961,106.18418,15897.876,15897.876,1100.0834,525.1001,0.0,6.8247194,0.0,2.3437698,3.0,0.0,24.518713,40.12495,6.374992,0.0,0.0,-5.578125,0.0,0.0,0.0,0.0,0.0,0.0,1.9999695,1.0,45.973206,2.34377,28.769411,29.112816,0.0,106.99839,0.0,0.0,105.985176,101.59884,720.0,546.375,-2.523178E-7,-29.28125,0.0,-30.28125,7.469206,49.99997,24.35913,0.0,93.08,0.0,0.0,-10.10437,99.998474,89.894104,0.63720703,92.66,92.77,92.45,92.49,0
150350.83,0.3524912,-4.917488,0.09122297,0.092324466,101.59992,18.796984,14.019102,-10.561999,0.0,0.0,207.639,0.0,6.001,21.201,52.08,0.0,90.225586,2.0,0.0,0.0,204.375,4183.0,0.0,-10.0078125,0.12084961,106.18418,15907.429,15907.429,1100.0834,525.1001,0.0,6.73994,0.0,2.5781388,3.0,0.0,24.548044,40.12495,6.374992,0.0,0.0,-5.5859375,0.0,0.0,0.0,0.0,0.0,0.0,1.9999695,1.0,45.898438,2.578139,28.797209,29.017769,0.0,106.99855,0.0,0.0,105.985176,101.59884,720.0,546.0,-2.0185423E-7,-29.09375,0.0,-30.0,7.469206,49.99997,24.163818,0.0,92.22,0.0,0.0,-10.040283,99.998474,89.95819,0.6640625,92.14,91.77,92.0,91.97,0
150350.88,0.30199298,-4.8732452,0.09205125,0.09223969,101.599815,18.796984,14.026262,-10.545182,0.0,0.0,207.639,0.0,6.001,21.201,52.08,0.0,90.225586,2.0,0.0,0.0,204.375,4147.0,0.0,-10.828125,0.12121582,106.17589,15912.735,15912.735,1100.0834,525.1001,0.0,6.9942775,0.0,2.507822,3.0,0.0,24.574442,40.12495,6.374992,0.0,0.0,-5.703125,0.0,0.0,0.0,0.0,0.0,0.0,1.9999695,1.0,45.898438,2.5078223,28.913027,28.964066,0.0,106.998695,0.0,0.0,105.93544,101.59884,720.0,546.375,-1.6148338E-7,-28.90625,0.0,-29.78125,7.469206,49.99997,24.249268,0.0,91.45,0.0,0.0,-10.058594,99.998474,89.93988,0.61035156,91.14,91.06,90.62,91.08,0
150350.9,0.24159439,-4.8180485,0.09064741,0.09202773,101.599724,18.796984,14.019555,-10.600444,0.0,0.0,207.639,0.0,6.001,21.201,52.08,0.0,90.225586,2.0,0.0,0.0,204.375,4112.0,0.0,-11.0078125,0.121520996,106.17589,15916.98,15916.98,1100.0834,522.7121,0.0,6.697551,0.0,2.6929753,3.0,0.0,24.5982,40.12495,6.374992,0.0,0.0,-5.8046875,0.0,0.0,0.0,0.0,0.0,0.0,1.9999695,1.0,45.477295,2.6929755,28.532019,28.803602,0.0,106.998825,0.0,0.0,105.985176,101.59884,720.0,547.125,-1.2918672E-7,-28.65625,0.0,-29.59375,7.469206,49.99997,24.102783,0.0,90.61,0.0,0.0,-10.144043,99.998474,89.85443,0.6640625,90.47,90.34,90.57,90.41,0
150350.94,0.2132755,-4.7584696,0.0896945,0.09194294,101.59964,18.796984,14.026579,-10.6361885,0.0,0.0,207.639,0.0,6.001,21.201,52.08,0.0,90.225586,2.0,0.0,0.0,204.375,4073.0,0.0,-10.9140625,0.12182617,106.17589,15936.085,15936.085,1100.0834,522.7121,0.0,6.6551614,0.0,2.822583,3.0,0.0,24.619583,40.12495,6.374992,0.0,0.0,-5.9765625,0.0,0.0,0.0,0.0,0.0,0.0,1.9999695,1.0,45.401,2.822583,28.28555,28.717505,0.0,106.99895,0.0,0.0,105.65352,101.59884,720.0,547.125,-1.0334937E-7,-28.5,0.0,-29.375,7.469206,49.99997,23.492432,0.0,90.0,0.0,0.0,-9.640503,99.998474,90.35797,0.68847656,89.62,89.78,89.39,89.65,0
150350.98,0.19062041,-4.678388,0.089902416,0.09177339,101.59956,18.796984,14.031496,-10.632771,0.0,0.0,207.639,0.0,6.001,21.201,52.08,0.0,90.225586,2.0,0.0,0.0,204.375,4041.0,0.0,-10.8828125,0.121154785,106.13443,15946.698,15946.698,1100.0834,520.85474,0.0,6.697551,0.0,2.9133081,3.0,0.0,24.638826,40.12495,6.374992,0.0,0.0,-6.0546875,0.0,0.0,0.0,0.0,0.0,0.0,1.9999695,1.0,45.401,2.9133081,28.30904,28.676594,0.0,106.999054,0.0,0.0,105.81935,101.59884,720.0,546.75,-8.26795E-8,-28.28125,0.0,-29.1875,7.469206,49.99997,23.614502,0.0,89.27,0.0,0.0,-9.436035,99.998474,90.56244,0.64453125,88.78,89.03,89.0,88.91,0
150351.03,0.19249633,-4.590105,0.09095746,0.09164623,101.599495,18.796984,14.023219,-10.619175,0.0,0.0,207.639,0.0,6.001,21.201,52.08,0.0,90.225586,2.0,0.0,0.0,204.375,4009.0,0.0,-11.3203125,0.12145996,106.13443,15946.698,15946.698,1100.0834,520.85474,0.0,6.73994,0.0,2.9768157,3.0,0.0,24.656147,40.12495,6.374992,0.0,0.0,-6.0546875,0.0,0.0,0.0,0.0,0.0,0.0,1.9999695,1.0,45.333862,2.9768157,28.402678,28.524136,0.0,106.99915,0.0,0.0,105.65352,101.59884,720.0,547.5,-6.61436E-8,-28.03125,0.0,-29.0,7.469206,49.99997,23.449707,0.0,88.52,0.0,0.0,-9.0789795,99.998474,90.919495,0.6298828,88.4,88.52,87.97,88.21,0
150351.08,0.23399706,-4.536042,0.09131191,0.091476664,101.599434,18.796984,14.029144,-10.605311,0.0,0.0,207.639,0.0,6.001,21.201,52.08,0.0,90.225586,2.0,0.0,0.0,204.375,3977.0,0.0,-11.4140625,0.12145996,106.12614,15956.25,15956.25,1100.0834,520.85474,0.0,6.697551,0.0,3.021271,3.0,0.0,24.671734,40.12495,6.374992,0.0,0.0,-6.0859375,0.0,0.0,0.0,0.0,0.0,0.0,1.9999695,1.0,45.333862,3.021271,28.498178,28.524445,0.0,106.99924,0.0,0.0,105.65352,101.59884,720.0,547.5,-5.291488E-8,-27.96875,0.0,-28.875,7.469206,49.99997,23.54126,0.0,88.24,0.0,0.0,-9.091187,99.998474,90.90729,0.68115234,87.55,87.89,87.74,87.64,0
150351.11,0.24719766,-4.5144167,0.091137104,0.0913071,101.59938,18.796984,14.021573,-10.626688,0.0,0.0,207.639,0.0,6.001,21.201,52.08,0.0,90.225586,2.0,0.0,0.0,204.375,3962.0,0.0,-11.28125,0.12176514,106.12614,15972.701,15972.701,1100.0834,519.2627,0.0,6.5279922,0.0,3.0523896,3.0,0.0,24.76095,40.12495,5.9999924,0.0,0.0,-5.71875,0.0,0.0,0.0,0.0,0.0,0.0,1.9999695,1.0,44.914246,3.0523896,28.350779,28.40118,0.0,106.99931,0.0,0.0,105.65352,101.59884,720.0,547.5,-4.2331905E-8,-27.875,0.0,-28.78125,7.469206,49.99997,23.364258,0.0,87.67,0.0,0.0,-9.072876,99.998474,90.9256,0.6591797,87.26,87.66,86.22,86.99,0
150351.16,0.33775812,-4.4870167,0.090683095,0.09109517,101.59933,18.796984,14.022132,-10.6574545,0.0,0.0,207.639,0.0,6.001,21.201,52.08,0.0,90.225586,2.0,0.0,0.0,204.0,3925.0,0.0,-11.5390625,0.12109375,106.101265,15981.191,15981.191,1100.0834,519.2627,0.0,6.5915766,0.0,3.0741727,3.0,0.0,24.841246,40.12495,5.9999924,0.0,0.0,-4.7421875,0.0,0.0,0.0,0.0,0.0,0.0,1.9999695,1.0,44.866943,3.0741727,28.138657,28.221537,0.0,106.99938,0.0,0.0,105.53743,101.59884,720.0,547.5,-3.3865525E-8,-27.75,0.0,-28.6875,7.0023804,49.99997,22.894287,0.0,86.96,0.0,0.0,-8.590698,99.998474,91.407776,0.65185547,87.11,86.86,86.84,86.54,0
150351.19,0.3302065,-4.457307,0.090134606,0.090840824,101.59928,18.796984,14.022524,-10.681505,0.0,0.0,207.639,0.0,6.001,21.201,52.08,0.0,90.225586,2.0,0.0,0.0,204.0,3900.0,0.0,-11.609375,0.121398926,106.09297,15985.4375,15985.4375,1100.0834,519.2627,0.0,6.73994,0.0,3.0894208,3.0,0.0,24.913511,39.74995,5.9999924,0.0,0.0,-4.6640625,0.0,0.0,0.0,0.0,0.0,0.0,1.9999695,1.0,44.866943,3.0894208,27.972836,28.1151,0.0,106.99944,0.0,0.0,105.3716,101.59884,720.0,547.5,-2.709242E-8,-27.625,0.0,-28.5,7.0023804,49.99997,22.668457,0.0,86.67,0.0,0.0,-7.8918457,99.998474,92.10663,0.6689453,86.18,86.37,85.82,86.0,0
150351.23,0.28416523,-4.370423,0.09034104,0.09079844,101.59924,18.796984,14.016938,-10.692312,0.0,0.0,207.639,0.0,6.001,21.201,52.08,0.0,90.225586,2.0,0.0,0.0,203.625,3880.0,0.0,-12.0078125,0.121398926,106.09297,16002.419,16002.419,1100.0834,519.2627,0.0,6.73994,0.0,3.1000946,3.0,0.0,24.97855,39.74995,5.9999924,0.0,0.0,-4.7421875,0.0,0.0,0.0,0.0,0.0,0.0,1.9999695,1.0,44.866943,3.1000946,27.898296,27.97715,0.0,106.999504,0.0,0.0,105.33843,101.59884,720.0,548.25,-2.1673937E-8,-27.5,0.0,-28.28125,7.0023804,49.99997,22.766113,0.0,86.14,0.0,0.0,-7.4890137,99.998474,92.50946,0.68115234,86.0,85.54,85.63,85.74,0
150351.27,0.24733219,-4.204419,0.090027586,0.09075605,101.599205,18.796984,14.024747,-10.69803,0.0,0.0,207.639,0.0,6.001,21.201,52.08,0.0,90.225586,2.0,0.0,0.0,204.0,3873.0,0.0,-12.0234375,0.1217041,106.08468,16009.849,16009.849,1100.0834,519.2627,0.0,6.5915766,0.0,3.107566,3.0,0.0,25.037085,39.74995,5.9999924,0.0,0.0,-4.8203125,0.0,0.0,0.0,0.0,0.0,0.0,1.9999695,1.0,44.866943,3.107566,27.858849,27.992285,0.0,106.99956,0.0,0.0,105.33843,101.59884,720.0,548.25,-1.733915E-8,-27.4375,0.0,-28.1875,7.0023804,49.99997,22.65625,0.0,85.32,0.0,0.0,-7.3150635,99.998474,92.68341,0.6298828,84.85,85.15,85.04,85.18,0
150351.31,0.19786575,-4.0067677,0.0903922,0.09045932,101.599174,18.796984,14.018495,-10.68713,0.0,0.0,207.639,0.0,6.001,21.201,52.08,0.0,90.225586,2.0,0.0,0.0,204.0,3838.0,0.0,-11.96875,0.1217041,106.08468,16015.155,16015.155,1100.0834,519.2627,0.0,6.676356,0.0,3.1127963,3.0,0.0,25.089766,39.74995,5.624993,0.0,0.0,-4.9453125,0.0,0.0,0.0,0.0,0.0,0.0,1.9999695,1.0,44.447327,3.1127963,27.933949,27.954952,0.0,106.9996,0.0,0.0,105.33843,101.59884,720.0,548.25,-1.3871321E-8,-27.375,0.0,-28.1875,7.0023804,49.99997,22.723389,0.0,85.01,0.0,0.0,-7.196045,99.998474,92.80243,0.64453125,85.22,83.99,84.74,84.93,0
150351.34,0.1582926,-3.8339572,0.09066774,0.09041693,101.599144,18.796984,14.025837,-10.679398,0.0,0.0,207.639,0.0,6.001,21.201,52.08,0.0,90.225586,2.0,0.0,0.0,203.625,3837.0,0.0,-12.2890625,0.12207031,106.08468,16015.155,16015.155,1100.0834,519.2627,0.0,6.930693,0.0,3.1164575,3.0,0.0,25.137178,39.74995,5.624993,0.0,0.0,-5.28125,0.0,0.0,0.0,0.0,0.0,0.0,1.9999695,1.0,44.447327,3.1164575,27.98722,27.942198,0.0,106.99964,0.0,0.0,105.13113,101.59884,720.0,548.25,-1.1097057E-8,-27.21875,0.0,-28.0,7.0023804,49.99997,22.320557,0.0,84.29,0.0,0.0,-6.6436768,99.998474,93.3548,0.68847656,83.99,84.65,83.96,84.02,0
150351.39,0.12663409,-3.727333,0.0908381,0.090204984,101.59911,18.796984,14.019258,-10.695343,0.0,0.0,207.639,0.0,6.001,21.201,52.08,0.0,90.225586,2.0,0.0,0.0,203.625,3797.0,0.0,-12.5,0.12200928,106.0681,16036.382,16036.382,1100.0834,519.2627,0.0,6.78233,0.0,3.1190202,3.0,0.0,25.179852,39.74995,5.624993,0.0,0.0,-4.9453125,0.0,0.0,0.0,0.0,0.0,0.0,1.9999695,1.0,44.447327,3.1190202,27.877285,27.760807,0.0,106.99968,0.0,0.0,105.13113,101.59884,720.0,548.625,-8.877645E-9,-27.21875,0.0,-28.0,7.0023804,49.99997,22.18628,0.0,83.87,0.0,0.0,-6.149292,99.998474,93.84918,0.6738281,83.88,83.45,83.48,83.79,0
150351.42,0.22130728,-3.6659336,0.09071717,0.0901626,101.59909,18.796984,14.014652,-10.715415,0.0,0.0,207.639,0.0,6.001,21.201,52.08,0.0,90.225586,2.0,0.0,0.0,203.625,3782.0,0.0,-12.3359375,0.12133789,106.03493,16049.118,16049.118,1100.0834,519.2627,0.0,6.78233,0.0,3.120814,3.0,0.0,25.218256,39.74995,5.624993,0.0,0.0,-3.8828125,0.0,0.0,0.0,0.0,0.0,0.0,1.9999695,1.0,44.447327,3.120814,27.738901,27.632246,0.0,106.99971,0.0,0.0,105.01505,101.59884,720.0,548.25,-7.1021162E-9,-27.15625,0.0,-28.0,7.0023804,49.99997,21.97876,0.0,83.74,0.0,0.0,-5.770874,99.998474,94.2276,0.6567383,83.41,83.14,83.03,82.98,0
150351.47,0.23704582,-3.6413736,0.09113834,0.09007782,101.59907,18.796984,14.023147,-10.722636,0.0,0.0,207.639,0.0,6.001,21.201,52.08,0.0,90.225586,2.0,0.0,0.0,203.625,3768.0,0.0,-12.328125,0.12164307,106.026634,16049.118,16049.118,1100.0834,519.2627,0.0,6.930693,0.0,3.1220698,3.0,0.0,25.252821,39.74995,5.624993,0.0,0.0,-3.1171875,0.0,0.0,0.0,0.0,0.0,0.0,1.9999695,1.0,44.447327,3.1220698,27.689104,27.48576,0.0,106.99974,0.0,0.0,105.01505,101.59884,720.0,548.25,-5.681693E-9,-27.0625,0.0,-27.875,7.0023804,49.99997,21.99707,0.0,82.96,0.0,0.0,-5.5511475,99.998474,94.44733,0.6982422,83.0,82.93,82.9,83.18,0
150351.5,0.18963666,-3.6502995,0.09071738,0.08999302,101.599045,18.796984,14.017374,-10.733863,0.0,0.0,207.639,0.0,6.001,21.201,52.08,0.0,90.225586,2.0,0.0,0.0,203.625,3746.0,0.0,-12.6953125,0.12164307,106.026634,16053.363,16053.363,1100.0834,519.2627,0.0,6.951888,0.0,3.122949,3.0,0.0,25.28393,39.37495,5.624993,0.0,0.0,-3.6015625,0.0,0.0,0.0,0.0,0.0,0.0,1.9999695,1.0,44.02771,3.122949,27.611698,27.47707,0.0,106.99977,0.0,0.0,105.01505,101.59884,720.0,548.625,-4.5453543E-9,-27.0,0.0,-27.78125,7.0023804,49.99997,22.088623,0.0,82.63,0.0,0.0,-5.5358887,99.998474,94.462585,0.6933594,82.01,82.25,81.87,82.07,0
150351.55,0.19170934,-3.65387,0.091334395,0.08978109,101.59903,18.796984,14.025052,-10.720634,0.0,0.0,207.639,0.0,6.001,21.201,52.08,0.0,90.225586,2.0,0.0,0.0,203.625,3723.0,0.0,-12.890625,0.12200928,106.026634,16075.121,16075.121,1100.0834,519.2627,0.0,6.9942775,0.0,3.1235642,3.0,0.0,25.311928,39.37495,5.624993,0.0,0.0,-3.8515625,0.0,0.0,0.0,0.0,0.0,0.0,1.9999695,1.0,44.02771,3.1235642,27.702866,27.41179,0.0,106.999794,0.0,0.0,105.01505,101.59884,720.0,549.0,-3.6362835E-9,-26.875,0.0,-27.78125,7.0023804,49.99997,22.131348,0.0,82.07,0.0,0.0,-5.5023193,99.998474,94.496155,0.68847656,81.91,81.74,81.85,81.85,0
150351.58,0.15336747,-3.6365483,0.09129739,0.08961153,101.599014,18.796984,14.024568,-10.721048,0.0,0.0,207.639,0.0,6.001,21.201,52.08,0.0,90.225586,2.0,0.0,0.0,203.25,3705.0,0.0,-12.890625,0.12194824,106.01835,16083.611,16083.611,1100.0834,519.2627,0.0,6.951888,0.0,3.1239948,3.0,0.0,25.337126,39.37495,5.2499933,0.0,0.0,-3.8671875,0.0,0.0,0.0,0.0,0.0,0.0,1.9999695,1.0,44.02771,3.1239948,27.699995,27.374758,0.0,106.99982,0.0,0.0,104.832634,101.59884,720.0,549.0,-2.9090268E-9,-26.78125,0.0,-27.6875,7.0023804,49.99997,21.685791,0.0,81.58,0.0,0.0,-4.9713135,99.998474,95.02716,0.64453125,80.87,81.22,81.2,80.91,0
150351.62,0.12269398,-3.6108694,0.090942614,0.0893148,101.599,18.796984,14.024228,-10.74247,0.0,0.0,207.639,0.0,6.001,21.201,52.08,0.0,90.225586,2.0,0.0,0.0,203.25,3660.0,0.0,-12.890625,0.121276855,105.99347,16083.611,16083.611,1100.0834,519.2627,0.0,6.951888,0.0,3.1242964,3.0,0.0,25.359804,39.37495,5.2499933,0.0,0.0,-3.7734375,0.0,0.0,0.0,0.0,0.0,0.0,1.9999695,1.0,44.02771,3.1242964,27.552324,27.240816,0.0,106.99984,0.0,0.0,104.73313,101.59884,720.0,549.0,-2.3272215E-9,-26.65625,0.0,-27.59375,6.535555,49.99997,21.411133,0.0,80.6,0.0,0.0,-4.257202,99.998474,95.74127,0.67871094,81.04,79.92,80.81,80.65,0
150351.69,0.098155186,-3.5818477,0.09168363,0.08918764,101.59898,18.796984,14.02985,-10.746073,0.0,0.0,207.639,0.0,6.001,21.201,52.08,0.0,90.225586,2.0,0.0,0.0,203.25,3641.0,0.0,-12.984375,0.121276855,105.985176,16087.857,16087.857,1100.0834,519.2627,0.0,7.121446,0.0,3.1245074,3.0,0.0,25.380215,39.37495,5.2499933,0.0,0.0,-2.8203125,0.0,0.0,0.0,0.0,0.0,0.0,1.9999695,1.0,44.02771,3.1245074,27.527472,27.047329,0.0,106.999855,0.0,0.0,104.69167,101.59884,720.0,549.0,-1.8617773E-9,-26.59375,0.0,-27.5,6.535555,49.99997,21.40503,0.0,80.41,0.0,0.0,-3.8513184,99.998474,96.147156,0.67871094,79.95,80.58,80.06,79.9,0
150351.72,0.11852415,-3.6077394,0.092460684,0.08897568,101.59897,18.796984,14.022067,-10.745092,0.0,0.0,207.639,0.0,6.001,21.201,52.08,0.0,90.225586,2.0,0.0,0.0,203.25,3612.0,0.0,-13.5859375,0.121276855,105.985176,16104.839,16104.839,1100.0834,519.2627,0.0,7.1002517,0.0,3.1246552,3.0,0.0,25.398582,38.99995,5.2499933,0.0,0.0,-2.4921875,0.0,0.0,0.0,0.0,0.0,0.0,1.9999695,1.0,44.02771,3.1246552,27.534218,26.867674,0.0,106.99987,0.0,0.0,104.69167,101.59884,720.0,549.375,-1.4894218E-9,-26.5,0.0,-27.375,6.535555,49.99997,21.496582,0.0,80.03,0.0,0.0,-3.817749,99.998474,96.180725,0.6689453,78.97,79.59,79.25,79.8,0
150351.75,0.21481931,-3.6180959,0.09203096,0.0888909,101.59896,18.796984,14.0283375,-10.739861,0.0,0.0,207.639,0.0,6.001,21.201,52.08,0.0,90.225586,2.0,0.0,0.0,203.25,3590.0,0.0,-13.953125,0.12164307,105.985176,16117.574,16117.574,1100.0834,519.2627,0.0,7.057862,0.0,3.1247587,3.0,0.0,25.415113,38.99995,5.2499933,0.0,0.0,-2.375,0.0,0.0,0.0,0.0,0.0,0.0,1.9999695,1.0,44.02771,3.1247587,27.57027,26.94647,0.0,106.999886,0.0,0.0,104.61704,101.59884,720.0,550.125,-1.1915374E-9,-26.40625,0.0,-27.1875,6.535555,49.99997,21.343994,0.0,79.83,0.0,0.0,-3.6560059,99.998474,96.34247,0.6933594,78.76,79.1,79.21,78.7,0
150351.8,0.21185544,-3.6597385,0.09333572,0.08880613,101.59895,18.796984,14.032726,-10.729298,0.0,0.0,207.639,0.0,6.001,21.201,52.08,0.0,90.225586,2.0,0.0,0.0,202.875,3580.0,0.0,-13.7890625,0.12158203,105.97689,16117.574,16117.574,1100.0834,519.2627,0.0,7.248615,0.0,3.124831,3.0,0.0,25.429993,38.99995,4.874994,0.0,0.0,-2.546875,0.0,0.0,0.0,0.0,0.0,0.0,1.9999695,1.0,44.02771,3.124831,27.643072,26.772362,0.0,106.9999,0.0,0.0,104.45121,101.59884,720.0,549.75,-9.532299E-10,-26.28125,0.0,-27.1875,6.535555,49.99997,21.057129,0.0,79.19,0.0,0.0,-3.1829834,99.998474,96.81549,0.6567383,79.59,79.31,78.13,78.38,0
150351.83,0.22948436,-3.7138953,0.09316369,0.08872135,101.598946,18.796984,14.02408,-10.726338,0.0,0.0,207.639,0.0,6.001,21.201,52.08,0.0,90.225586,2.0,0.0,0.0,202.875,3556.0,0.0,-13.71875,0.120910645,105.95201,16147.823,16147.823,1100.0834,519.2627,0.0,7.312199,0.0,3.1248817,3.0,0.0,25.443384,38.62495,4.874994,0.0,0.0,-3.0390625,0.0,0.0,0.0,0.0,0.0,0.0,1.9999695,1.0,43.608093,3.1248817,27.663456,26.792795,0.0,106.999916,0.0,0.0,104.368286,101.59884,720.0,549.75,-7.6258394E-10,-26.21875,0.0,-27.09375,6.535555,49.99997,20.904541,0.0,78.41,0.0,0.0,-2.3101807,99.998474,97.68829,0.6738281,78.55,78.19,77.86,78.63,0
150351.88,0.18358749,-3.7543082,0.092892304,0.088509396,101.59894,18.796984,14.029747,-10.750929,0.0,0.0,207.639,0.0,6.001,21.201,52.08,0.0,90.225586,2.0,0.0,0.0,202.875,3536.0,0.0,-13.65625,0.120910645,105.94372,16143.577,16143.577,1100.0834,519.2627,0.0,7.3969784,0.0,3.1249173,3.0,0.0,25.455437,38.62495,4.874994,0.0,0.0,-2.75,0.0,0.0,0.0,0.0,0.0,0.0,1.9999695,1.0,43.608093,3.1249173,27.493956,26.63905,0.0,106.99992,0.0,0.0,104.368286,101.59884,720.0,549.75,-6.1006716E-10,-26.15625,0.0,-27.09375,6.535555,49.99997,20.922852,0.0,78.05,0.0,0.0,-2.1759033,99.998474,97.82257,0.68847656,77.5,77.77,77.71,77.6,0
150351.9,0.18687001,-3.7704735,0.09407329,0.088339835,101.59893,18.796984,14.021995,-10.749263,0.0,0.0,207.639,0.0,6.001,21.201,52.08,0.0,90.225586,2.0,0.0,0.0,202.875,3506.0,0.0,-13.6328125,0.120910645,105.94372,16152.068,16152.068,1100.0834,519.2627,0.0,7.4605627,0.0,3.124942,3.0,0.0,25.466284,38.62495,4.874994,0.0,0.0,-2.1171875,0.0,0.0,0.0,0.0,0.0,0.0,1.9999695,1.0,43.608093,3.124942,27.505434,26.384861,0.0,106.99993,0.0,0.0,104.368286,101.59884,720.0,549.75,-4.8805376E-10,-26.03125,0.0,-27.0,6.535555,49.99997,20.910645,0.0,77.42,0.0,0.0,-2.1697998,99.998474,97.828674,0.6689453,76.67,77.33,77.13,77.0,0
150351.95,0.209496,-3.7581894,0.094107054,0.088297464,101.59892,18.796984,14.028287,-10.736274,0.0,0.0,207.639,0.0,6.001,21.201,52.08,0.0,90.225586,2.0,0.0,0.0,202.875,3488.0,0.0,-14.328125,0.12121582,105.94372,16152.068,16152.068,1100.0834,519.2627,0.0,7.333394,0.0,3.1249595,3.0,0.0,25.476046,38.62495,4.874994,0.0,0.0,-1.21875,0.0,0.0,0.0,0.0,0.0,0.0,1.9999695,1.0,43.608093,3.1249595,27.594957,26.45274,0.0,106.99994,0.0,0.0,104.33511,101.59884,720.0,550.5,-3.90443E-10,-25.9375,0.0,-26.78125,6.535555,49.99997,20.892334,0.0,76.97,0.0,0.0,-1.8798828,99.998474,98.11859,0.6689453,76.52,76.61,76.33,76.44,0
150352.0,0.1875968,-3.6970258,0.092763774,0.088000715,101.598915,18.796984,14.032691,-10.750907,0.0,0.0,207.639,0.0,6.001,21.201,52.08,0.0,90.225586,2.0,0.0,0.0,202.5,3439.0,0.0,-14.3828125,0.12023926,105.91055,16170.111,16170.111,1100.0834,519.2627,0.0,7.354589,0.0,3.1249716,3.0,0.0,25.56002,38.24995,4.4999943,0.0,0.0,-0.953125,0.0,0.0,0.0,0.0,0.0,0.0,1.9999695,1.0,43.608093,3.1249716,27.494083,26.560268,0.0,106.99995,0.0,0.0,104.119545,101.59884,720.0,550.5,-3.1235442E-10,-25.8125,0.0,-26.6875,6.535555,49.99997,20.33081,0.0,75.63,0.0,0.0,-1.5411377,99.998474,98.45734,0.6689453,75.12,76.01,76.37,76.07,0
150352.03,0.15007745,-3.5975604,0.092602916,0.08783117,101.59891,18.796984,14.0240555,-10.782893,0.0,0.0,207.639,0.0,6.001,21.201,52.08,0.0,90.225586,2.0,0.0,0.0,202.5,3413.0,0.0,-14.0703125,0.12023926,105.91055,16177.541,16177.541,1100.0834,519.2627,0.0,7.4605627,0.0,3.1249802,3.0,0.0,25.635597,38.24995,4.4999943,0.0,0.0,-1.0703125,0.0,0.0,0.0,0.0,0.0,0.0,1.9999695,1.0,43.188477,3.1249802,27.273596,26.349663,0.0,106.999954,0.0,0.0,104.05319,101.59884,720.0,550.125,-2.4988353E-10,-25.71875,0.0,-26.59375,6.535555,49.99997,20.019531,0.0,75.93,0.0,0.0,-0.76904297,99.998474,99.22943,0.6738281,75.26,75.42,75.12,75.38,0
150352.06,0.10006195,-3.5952742,0.09234359,0.08783117,101.5989,18.796984,14.029729,-10.785424,0.0,0.0,207.639,0.0,6.001,21.201,52.08,0.0,90.225586,2.0,0.0,0.0,202.5,3401.0,0.0,-14.1484375,0.12054443,105.90226,16186.031,16186.031,1100.0834,519.2627,0.0,7.354589,0.0,3.1249862,3.0,0.0,25.703617,37.87495,4.4999943,0.0,0.0,-1.1640625,0.0,0.0,0.0,0.0,0.0,0.0,1.9999695,1.0,43.188477,3.1249862,27.256142,26.381834,0.0,106.99996,0.0,0.0,104.05319,101.59884,720.0,550.125,-1.9990683E-10,-25.65625,0.0,-26.59375,6.535555,49.99997,20.135498,0.0,75.33,0.0,0.0,-0.7507324,99.998474,99.24774,0.68359375,75.76,75.4,74.57,74.99,0
150352.11,-0.03995043,-3.6693597,0.09233503,0.08766161,101.5989,18.796984,14.021982,-10.762295,0.0,0.0,207.639,0.0,6.001,21.201,52.08,0.0,90.225586,2.0,0.0,0.0,202.5,3387.0,0.0,-14.421875,0.12054443,105.90226,16186.031,16186.031,1100.0834,519.2627,0.0,7.5029526,0.0,3.1249902,3.0,0.0,25.764835,37.87495,4.4999943,0.0,0.0,-1.5703125,0.0,0.0,0.0,0.0,0.0,0.0,1.9999695,1.0,43.188477,3.1249902,27.415571,26.547316,0.0,106.99997,0.0,0.0,104.05319,101.59884,720.0,550.5,-1.5992546E-10,-25.59375,0.0,-26.5,6.535555,49.99997,20.220947,0.0,75.38,0.0,0.0,-0.7659912,99.998474,99.23248,0.6738281,74.87,74.87,74.66,74.6,0
150352.14,-0.15196034,-3.755244,0.0928716,0.087619215,101.5989,18.796984,14.028278,-10.725701,0.0,0.0,207.639,0.0,6.001,21.201,52.08,0.0,90.225586,2.0,0.0,0.0,202.5,3378.0,0.0,-14.796875,0.12054443,105.90226,16189.216,16189.216,1100.0834,519.2627,0.0,7.566537,0.0,3.124993,3.0,0.0,25.819931,37.87495,4.4999943,0.0,0.0,-1.578125,0.0,0.0,0.0,0.0,0.0,0.0,1.9999695,1.0,43.188477,3.124993,27.667805,26.640087,0.0,106.99998,0.0,0.0,104.05319,101.59884,720.0,550.875,-1.2794037E-10,-25.5625,0.0,-26.59375,6.535555,49.99997,20.220947,0.0,74.74,0.0,0.0,-0.8392334,99.998474,99.15924,0.68359375,74.71,74.57,73.77,74.09,0
150352.19,-0.12156828,-3.8270977,0.09345962,0.087619215,101.5989,18.796984,14.032685,-10.721705,0.0,0.0,207.639,0.0,6.001,21.201,52.08,0.0,90.225586,2.0,0.0,0.0,202.5,3363.0,0.0,-14.8671875,0.12054443,105.89397,16196.645,16196.645,1100.0834,519.2627,0.0,7.545342,0.0,3.1249952,3.0,0.0,25.869518,37.87495,4.4999943,0.0,0.0,-1.1796875,0.0,0.0,0.0,0.0,0.0,0.0,1.9999695,1.0,43.188477,3.1249952,27.695354,26.57169,0.0,106.999985,0.0,0.0,103.762985,101.59884,720.0,550.875,-1.0235229E-10,-25.53125,0.0,-26.5,6.535555,49.99997,19.677734,0.0,74.27,0.0,0.0,-0.6225586,99.998474,99.375916,0.6689453,74.18,73.9,72.82,73.42,0
150352.22,-0.25725463,-3.837089,0.09382988,0.087449655,101.5989,18.796984,14.029911,-10.719705,0.0,0.0,207.639,0.0,6.001,21.201,52.08,0.0,90.225586,2.0,0.0,0.0,202.5,3345.0,0.0,-15.3125,0.11987305,105.869095,16219.994,16219.994,1100.0834,519.2627,0.0,7.4817576,0.0,3.1249967,3.0,0.0,25.914146,37.49995,4.4999943,0.0,0.0,-0.40625,0.0,0.0,0.0,0.0,0.0,0.0,1.9999695,1.0,42.770386,3.1249967,27.709146,26.48324,0.0,106.999985,0.0,0.0,103.72982,101.59884,720.0,551.25,-8.1881835E-11,-25.46875,0.0,-26.5,6.535555,49.99997,19.604492,0.0,73.66,0.0,0.0,-0.6530762,99.998474,99.3454,0.6738281,73.29,73.19,73.1,72.62,0
150352.27,-0.36580372,-3.6910858,0.0946231,0.0872801,101.5989,18.796984,14.033828,-10.710009,0.0,0.0,207.639,0.0,6.001,21.201,52.08,0.0,90.225586,2.0,0.0,0.0,202.125,3318.0,0.0,-15.21875,0.11987305,105.8608,16219.994,16219.994,1100.0834,519.2627,0.0,7.6513157,0.0,3.1249976,3.0,0.0,25.954311,37.49995,4.1249948,0.0,0.0,0.2578125,0.0,0.0,0.0,0.0,0.0,0.0,1.9999695,1.0,42.770386,3.1249976,27.775974,26.372696,0.0,106.999985,0.0,0.0,103.72982,101.59884,720.0,551.25,-6.550547E-11,-25.375,0.0,-26.375,6.535555,49.99997,19.696045,0.0,73.0,0.0,0.0,-0.6652832,99.998474,99.33319,0.6689453,72.53,72.7,72.82,72.77,0
150352.3,-0.33264297,-3.5014343,0.094309404,0.087068155,101.5989,18.796984,14.024851,-10.735949,0.0,0.0,207.639,0.0,6.001,21.201,52.08,0.0,90.225586,2.0,0.0,0.0,202.125,3279.0,0.0,-14.9453125,0.11987305,105.8608,16227.954,16227.954,1100.0834,519.2627,0.0,7.4817576,0.0,3.1249983,3.0,0.0,25.99046,37.124954,4.1249948,0.0,0.0,0.703125,0.0,0.0,0.0,0.0,0.0,0.0,1.9999695,1.0,42.770386,3.1249983,27.597178,26.20996,0.0,106.999985,0.0,0.0,103.72982,101.59884,720.0,550.875,-5.2404376E-11,-25.28125,0.0,-26.28125,6.06873,49.99997,19.4458,0.0,72.34,0.0,0.0,-0.6652832,99.998474,99.33319,0.6640625,72.13,72.38,72.7,72.33,0
150352.36,-0.3261144,-3.2755737,0.09224524,0.0868562,101.5989,18.796984,14.030286,-10.793993,0.0,0.0,207.639,0.0,6.001,21.201,52.08,0.0,90.225586,2.0,0.0,0.0,202.125,3255.0,0.0,-14.6875,0.11920166,105.83593,16238.567,16238.567,1100.0834,519.2627,0.0,7.333394,0.0,3.1249988,3.0,0.0,26.022991,37.124954,4.1249948,0.0,0.0,1.3984375,0.0,0.0,0.0,0.0,0.0,0.0,1.9999695,1.0,42.770386,3.1249988,27.19708,26.172913,0.0,106.999985,0.0,0.0,103.68837,101.59884,720.0,550.875,-4.1923503E-11,-25.15625,0.0,-26.1875,6.06873,49.99997,19.342041,0.0,71.77,0.0,0.0,-0.64697266,99.998474,99.3515,0.6591797,71.81,71.87,71.62,72.23,0
150352.39,-0.26089153,-3.0727296,0.09234482,0.086856216,101.5989,18.796984,14.034091,-10.788862,0.0,0.0,207.639,0.0,6.001,21.201,52.08,0.0,90.225586,2.0,0.0,0.0,202.125,3239.0,0.0,-14.703125,0.11920166,105.82764,16242.813,16242.813,1100.0834,519.2627,0.0,7.354589,0.0,3.124999,3.0,0.0,26.052269,37.124954,4.1249948,0.0,0.0,1.15625,0.0,0.0,0.0,0.0,0.0,0.0,1.9999695,1.0,42.770386,3.124999,27.232449,26.17862,0.0,106.999985,0.0,0.0,103.57228,101.59884,720.0,550.875,-3.3538804E-11,-25.09375,0.0,-26.09375,6.06873,49.99997,19.140625,0.0,71.69,0.0,0.0,-0.5645752,99.998474,99.4339,0.6689453,71.76,71.27,71.72,71.6,0
150352.44,-0.22871321,-2.897842,0.09251659,0.08672905,101.5989,18.796984,14.030895,-10.7892885,0.0,0.0,207.639,0.0,6.001,21.201,52.08,0.0,90.225586,2.0,0.0,0.0,202.125,3224.0,0.0,-14.8984375,0.11920166,105.82764,16254.488,16254.488,1100.0834,519.2627,0.0,7.545342,0.0,3.1249993,3.0,0.0,26.07862,37.124954,4.1249948,0.0,0.0,1.125,0.0,0.0,0.0,0.0,0.0,0.0,1.9999695,1.0,42.35077,3.1249993,27.229507,26.11749,0.0,106.999985,0.0,0.0,103.43132,101.59884,720.0,550.875,-2.6831043E-11,-25.0625,0.0,-26.09375,6.06873,49.99997,18.896484,0.0,71.69,0.0,0.0,-0.48217773,99.998474,99.5163,0.6689453,71.06,71.35,70.73,70.94,0
150352.47,-0.28297055,-2.8091369,0.091447406,0.08668665,101.5989,18.796984,14.034517,-10.764822,0.0,0.0,207.639,0.0,6.001,21.201,52.08,0.0,90.225586,2.0,0.0,0.0,202.125,3212.0,0.0,-16.25,0.119140625,105.81934,16254.488,16254.488,1100.0834,519.2627,0.0,7.4817576,0.0,3.1249995,3.0,0.0,26.102337,36.749954,4.1249948,0.0,0.0,1.46875,0.0,0.0,0.0,0.0,0.0,0.0,1.9999695,1.0,42.35077,3.1249995,27.398159,26.406715,0.0,106.999985,0.0,0.0,103.40645,101.59884,720.0,552.375,-2.1464835E-11,-25.0,0.0,-26.0,6.06873,49.99997,18.841553,0.0,70.59,0.0,0.0,-0.5432129,99.998474,99.45526,0.6689453,70.83,70.42,70.58,70.71,0
150352.52,-0.24637644,-2.7924047,0.092722185,0.08664426,101.5989,18.796984,14.025333,-10.727052,0.0,0.0,207.639,0.0,6.001,21.201,52.08,0.0,90.225586,2.0,0.0,0.0,202.125,3200.0,0.0,-16.1875,0.119140625,105.81934,16276.776,16276.776,1100.0834,519.2627,0.0,7.524147,0.0,3.1249995,3.0,0.0,26.12368,36.749954,4.1249948,0.0,0.0,1.140625,0.0,0.0,0.0,0.0,0.0,0.0,1.9999695,1.0,42.35077,3.1249995,27.6585,26.480011,0.0,106.999985,0.0,0.0,103.40645,101.59884,720.0,552.375,-1.7171868E-11,-24.96875,0.0,-26.0,6.06873,49.99997,18.884277,0.0,70.87,0.0,0.0,-0.5493164,99.998474,99.44916,0.6689453,70.33,70.98,70.46,70.46,0
150352.55,-0.19710116,-2.7857118,0.09370642,0.0864747,101.5989,18.796984,14.030623,-10.7268305,0.0,0.0,207.639,0.0,6.001,21.201,52.08,0.0,90.225586,2.0,0.0,0.0,201.75,3185.0,0.0,-16.007812,0.119506836,105.81934,16288.451,16288.451,1100.0834,519.2627,0.0,7.736095,0.0,3.1249995,3.0,0.0,26.14289,36.374954,3.7499952,0.0,0.0,0.875,0.0,0.0,0.0,0.0,0.0,0.0,1.9999695,1.0,42.35077,3.1249995,27.66003,26.329899,0.0,106.999985,0.0,0.0,103.40645,101.59884,720.0,552.0,-1.3737495E-11,-24.9375,0.0,-25.875,6.06873,49.99997,19.018555,0.0,70.39,0.0,0.0,-0.5645752,99.998474,99.4339,0.6542969,70.08,70.13,69.5,70.04,0
150352.6,-0.23768093,-2.7830348,0.09323398,0.08643231,101.5989,18.796984,14.034327,-10.714096,0.0,0.0,207.639,0.0,6.001,21.201,52.08,0.0,90.225586,2.0,0.0,0.0,201.75,3170.0,0.0,-16.585938,0.119506836,105.81105,16288.451,16288.451,1100.0834,519.2627,0.0,7.6937056,0.0,3.1249995,3.0,0.0,26.16018,36.374954,3.7499952,0.0,0.0,0.7421875,0.0,0.0,0.0,0.0,0.0,0.0,1.9999695,1.0,42.35077,3.1249995,27.747805,26.469877,0.0,106.999985,0.0,0.0,103.40645,101.59884,720.0,552.75,-1.0989996E-11,-24.90625,0.0,-25.875,6.06873,49.99997,18.951416,0.0,69.71,0.0,0.0,-0.6225586,99.998474,99.375916,0.6640625,70.06,69.53,69.68,69.77,0
150352.62,-0.23014474,-2.763214,0.09338542,0.08630515,101.5989,18.796984,14.0252,-10.709905,0.0,0.0,207.639,0.0,6.001,21.201,52.08,0.0,90.225586,2.0,0.0,0.0,201.75,3153.0,0.0,-16.523438,0.11846924,105.78618,16288.451,16288.451,1100.0834,519.2627,0.0,7.6937056,0.0,3.1249995,3.0,0.0,26.17574,36.374954,3.7499952,0.0,0.0,0.875,0.0,0.0,0.0,0.0,0.0,0.0,1.9999695,1.0,41.931152,3.1249995,27.776691,26.416506,0.0,106.999985,0.0,0.0,103.36499,101.59884,720.0,552.75,-8.7919975E-12,-24.8125,0.0,-25.78125,6.06873,49.99997,18.786621,0.0,69.38,0.0,0.0,-0.6011963,99.998474,99.39728,0.6640625,69.1,69.35,69.02,68.85,0
150352.67,-0.2041158,-2.7552857,0.09383119,0.086262755,101.5989,18.796984,14.03053,-10.716962,0.0,0.0,207.639,0.0,6.001,21.201,52.08,0.0,90.225586,2.0,0.0,0.0,201.75,3139.0,0.0,-16.179688,0.11846924,105.78618,16305.433,16305.433,1100.0834,519.2627,0.0,7.6725106,0.0,3.1249995,3.0,0.0,26.189743,36.374954,3.7499952,0.0,0.0,1.578125,0.0,0.0,0.0,0.0,0.0,0.0,1.9999695,1.0,41.931152,3.1249995,27.72805,26.282486,0.0,106.999985,0.0,0.0,103.116234,101.59884,720.0,552.375,-7.033598E-12,-24.78125,0.0,-25.78125,6.06873,49.99997,18.365479,0.0,69.13,0.0,0.0,-0.41809082,99.998474,99.58038,0.6640625,68.77,69.06,68.81,68.97,0
150352.7,-0.18329263,-2.7333643,0.093782574,0.08605079,101.5989,18.796984,14.022543,-10.718305,0.0,0.0,207.639,0.0,6.001,21.201,52.08,0.0,90.225586,2.0,0.0,0.0,201.75,3124.0,0.0,-16.203125,0.11846924,105.78618,16311.27,16311.27,1100.0834,519.2627,0.0,7.7784843,0.0,3.1249995,3.0,0.0,26.202347,35.999954,3.7499952,0.0,0.0,2.1875,0.0,0.0,0.0,0.0,0.0,0.0,1.9999695,1.0,41.931152,3.1249995,27.718796,26.23848,0.0,106.999985,0.0,0.0,103.08307,101.59884,720.0,552.375,-5.6268787E-12,-24.75,0.0,-25.78125,6.06873,49.99997,18.328857,0.0,68.95,0.0,0.0,-0.44555664,99.998474,99.55292,0.6640625,68.6,68.51,68.69,68.58,0
150352.75,-0.1466341,-2.7058458,0.09348425,0.08600842,101.5989,18.796984,14.02867,-10.717177,0.0,0.0,207.639,0.0,6.001,21.201,52.08,0.0,90.225586,2.0,0.0,0.0,201.75,3102.0,0.0,-16.601562,0.11846924,105.78618,16318.699,16318.699,1100.0834,519.2627,0.0,7.7149,0.0,3.1249995,3.0,0.0,26.213692,35.999954,3.7499952,0.0,0.0,2.328125,0.0,0.0,0.0,0.0,0.0,0.0,1.9999695,1.0,41.931152,3.1249995,27.726562,26.318872,0.0,106.999985,0.0,0.0,103.08307,101.59884,720.0,552.75,-4.501503E-12,-24.65625,0.0,-25.6875,6.06873,49.99997,18.328857,0.0,68.44,0.0,0.0,-0.4638672,99.998474,99.53461,0.6640625,68.26,68.12,68.14,68.36,0
150352.8,-0.15730728,-2.6760883,0.094379514,0.08588125,101.5989,18.796984,14.03296,-10.697131,0.0,0.0,207.639,0.0,6.001,21.201,52.08,0.0,90.225586,2.0,0.0,0.0,201.75,3089.0,0.0,-16.71875,0.11846924,105.777885,16322.944,16322.944,1100.0834,519.2627,0.0,7.7149,0.0,3.1249995,3.0,0.0,26.29909,35.999954,3.7499952,0.0,0.0,2.40625,0.0,0.0,0.0,0.0,0.0,0.0,1.9999695,1.0,41.931152,3.1249995,27.864737,26.237923,0.0,106.999985,0.0,1.0,103.08307,101.59884,720.0,552.75,-3.6012025E-12,-24.625,0.0,-25.6875,6.06873,49.99997,18.328857,0.0,68.05,0.0,0.0,-0.4638672,99.998474,99.53461,0.6640625,68.14,68.14,68.13,68.12,0
150352.83,-0.12584583,-2.5516853,0.09336028,0.08583886,101.5989,18.796984,14.030103,-10.725286,0.0,0.0,207.639,0.0,6.001,21.201,52.08,0.0,90.225586,2.0,0.0,0.0,201.75,3077.0,0.0,-16.828125,0.118774414,105.777885,16330.374,16330.374,1100.0834,519.2627,0.0,7.630121,0.0,3.1249995,3.0,0.0,26.375948,35.624954,3.7499952,0.0,0.0,2.34375,0.0,0.0,0.0,0.0,0.0,0.0,1.9999695,1.0,41.511536,3.1249995,27.670673,26.233442,0.0,106.999985,0.0,1.0,103.08307,101.59884,720.0,552.75,-2.880962E-12,-24.5625,0.0,-25.59375,6.06873,49.99997,18.304443,0.0,67.94,0.0,0.0,-0.4638672,99.998474,99.53461,0.6591797,67.64,67.94,67.86,67.75,0
150352.88,-0.14067668,-2.3331742,0.0934743,0.085669294,101.5989,18.796984,14.033962,-10.724477,0.0,0.0,207.639,0.0,6.001,21.201,52.08,0.0,90.225586,2.0,0.0,0.0,201.375,3070.0,0.0,-16.945312,0.118774414,105.76959,16345.233,16345.233,1100.0834,519.2627,0.0,7.6937056,0.0,3.1249995,3.0,0.0,26.44512,35.624954,3.3749957,0.0,0.0,2.21875,0.0,0.0,0.0,0.0,0.0,0.0,1.9999695,1.0,41.511536,3.1249995,27.676243,26.206429,0.0,106.999985,0.0,1.0,103.08307,101.59884,720.0,552.75,-2.3047697E-12,-24.53125,0.0,-25.5,6.06873,49.99997,18.286133,0.0,67.75,0.0,0.0,-0.48217773,99.998474,99.5163,0.6640625,67.69,67.67,67.41,67.8,0
150352.9,-0.13254134,-2.0582697,0.09082485,0.08545736,101.5989,18.796984,14.024945,-10.688164,0.0,0.0,207.639,0.0,6.001,21.201,52.08,0.0,90.225586,2.0,0.0,0.0,201.0,3065.0,0.0,-16.875,0.11779785,105.74472,16356.908,16356.908,1100.0834,519.2627,0.0,7.4605627,0.0,3.1249995,3.0,0.0,26.507376,36.749954,2.6249967,0.0,0.0,1.5703125,0.0,0.0,0.0,0.0,0.0,0.0,1.9999695,1.0,41.511536,3.1249995,27.926552,26.878525,0.0,106.999985,0.0,1.0,103.049904,101.59884,720.0,553.125,-1.8438157E-12,-25.0625,0.0,-26.09375,6.06873,49.99997,18.273926,0.0,67.77,0.0,0.0,-0.4699707,99.998474,99.5285,0.6591797,67.69,67.73,67.41,67.42,0
150352.94,-0.10603308,-1.742058,0.091761544,0.08533017,101.5989,18.796984,14.036212,-10.609227,0.0,0.0,207.639,0.0,6.001,21.201,52.08,0.0,90.225586,2.0,0.0,0.0,200.25,3058.0,0.0,-16.445312,0.11779785,105.74472,16356.908,16356.908,1100.0834,519.2627,0.0,6.867109,0.0,3.1249995,3.0,0.0,26.563406,36.374954,2.2499971,0.0,0.0,2.8125,0.0,0.0,0.0,0.0,0.0,0.0,1.9999695,1.0,41.511536,3.1249995,28.470654,27.204351,0.0,106.999985,0.0,1.0,103.08307,101.59884,720.0,552.375,-1.4750526E-12,-25.5625,0.0,-26.59375,5.6019044,49.99997,17.852783,0.0,67.62,0.0,0.0,-0.5767822,99.998474,99.42169,0.6591797,67.47,67.54,67.39,67.33,0
150352.98,-0.104826465,-1.4468232,0.08674782,0.085330166,101.5989,18.796984,14.038239,-10.730282,0.0,0.0,207.639,0.0,6.001,21.201,52.08,0.0,90.225586,2.0,0.0,0.0,200.25,3053.0,0.0,-17.25,0.11779785,105.73643,16360.092,16360.092,1100.0834,519.2627,0.0,6.485603,0.0,3.1249995,3.0,0.0,26.613832,38.24995,2.2499971,0.0,0.0,3.1796875,0.0,0.0,0.0,0.0,0.0,0.0,1.9999695,1.0,41.511536,3.1249995,27.636236,27.346512,0.0,106.999985,0.0,1.0,103.08307,101.59884,720.0,553.125,-1.1800421E-12,-26.0625,0.0,-27.09375,5.135079,49.99997,17.76123,0.0,67.48,0.0,0.0,-0.5157471,99.998474,99.48273,0.6591797,67.35,67.39,67.24,67.47,0
150353.03,-0.08386117,-1.1974794,0.08614331,0.08533017,101.5989,18.796984,14.039658,-10.752641,0.0,0.0,207.639,0.0,6.001,21.201,52.08,0.0,90.225586,2.0,0.0,0.0,200.25,3049.0,0.0,-17.109375,0.11779785,105.73643,16363.275,16363.275,1100.0834,519.2627,0.0,6.4220185,0.0,3.1249995,3.0,0.0,26.659216,38.24995,2.2499971,0.0,0.0,3.71875,0.0,0.0,0.0,0.0,0.0,0.0,1.9999695,1.0,41.09192,3.1249995,27.482115,27.327969,0.0,106.999985,0.0,1.0,102.79286,101.59884,720.0,553.125,-9.440337E-13,-26.28125,0.0,-27.28125,5.6019044,49.99997,17.437744,0.0,67.4,0.0,0.0,-0.33874512,99.998474,99.65973,0.6591797,67.44,67.39,67.07,67.14,0
150353.08,-0.10708894,-1.0227418,0.08803763,0.08533019,101.5989,18.796984,14.04065,-10.71083,0.0,0.0,207.639,0.0,6.001,21.201,52.08,0.0,90.225586,2.0,0.0,0.0,200.25,3047.0,0.0,-16.875,0.11779785,105.73643,16380.257,16380.257,1100.0834,519.2627,0.0,6.5279922,0.0,3.1249995,3.0,0.0,26.700062,37.87495,2.2499971,0.0,0.0,3.75,0.0,0.0,0.0,0.0,0.0,0.0,1.9999695,1.0,41.09192,3.1249995,27.770315,27.22822,0.0,106.999985,0.0,1.0,102.76798,101.59884,720.0,552.75,-7.55227E-13,-26.0625,0.0,-27.09375,5.6019044,49.99997,17.382812,0.0,67.25,0.0,0.0,-0.3540039,99.998474,99.64447,0.6591797,67.19,67.22,66.8,66.99,0
150353.11,-0.08567115,-0.91534674,0.08799372,0.085330166,101.5989,18.796984,14.029627,-10.712096,0.0,0.0,207.639,0.0,6.001,21.201,52.08,0.0,90.225586,0.0,0.0,0.0,200.25,3045.0,0.0,-16.820312,0.11810303,105.73643,16386.625,16386.625,1100.0834,519.2627,0.0,6.4432135,0.0,3.1249995,3.0,0.0,26.736822,37.87495,2.2499971,0.0,0.0,3.5859375,0.0,0.0,0.0,0.0,0.0,0.0,1.9999695,1.0,41.09192,3.1249995,27.761591,27.244333,0.0,106.999985,0.0,1.0,102.76798,101.59884,720.0,552.75,-6.041816E-13,-26.0625,0.0,-27.09375,5.6019044,49.99997,17.401123,0.0,67.2,0.0,0.0,-0.36010742,99.998474,99.63837,0.6591797,67.14,67.24,67.16,66.95,0
150353.16,-0.048536923,-0.8348887,0.08750877,0.085330166,101.5989,18.796984,14.039489,-10.697818,0.0,0.0,207.639,0.0,6.001,21.201,52.08,0.0,90.225586,0.0,0.0,0.0,200.25,3044.0,0.0,-17.6875,0.11810303,105.73643,16391.402,16391.402,1100.0834,519.2627,0.0,6.6551614,0.0,3.1249995,3.0,0.0,26.769907,37.87495,2.2499971,0.0,0.0,3.546875,0.0,0.0,0.0,0.0,0.0,0.0,1.9999695,1.0,41.09192,3.1249995,27.86001,27.416536,0.0,106.999985,0.0,1.0,102.76798,101.59884,720.0,553.875,-4.833453E-13,-26.09375,0.0,-27.09375,5.6019044,49.99997,17.468262,0.0,67.26,0.0,0.0,-0.36621094,99.998474,99.63226,0.6640625,67.07,67.1,66.7,66.89,0
150353.19,-0.01882954,-0.8027055,0.08824386,0.085330166,101.5989,18.796984,14.040533,-10.67654,0.0,0.0,207.639,0.0,6.001,21.201,52.08,0.0,90.225586,0.0,0.0,0.0,200.25,3044.0,0.0,-17.703125,0.11810303,105.728134,16400.953,16400.953,1100.0834,519.2627,0.0,6.5279922,0.0,3.1249995,3.0,0.0,26.799685,37.49995,2.2499971,0.0,0.0,3.4453125,0.0,0.0,0.0,0.0,0.0,0.0,1.9999695,1.0,41.09192,3.1249995,28.006666,27.416536,0.0,106.999985,0.0,1.0,102.76798,101.59884,720.0,553.875,-3.8667623E-13,-26.0,0.0,-27.0,5.6019044,49.99997,17.523193,0.0,67.0,0.0,0.0,-0.36621094,99.998474,99.63226,0.6640625,66.89,66.9,66.64,66.7,0
150353.23,-0.05506363,-0.7710822,0.088907525,0.08533017,101.5989,18.796984,14.035404,-10.675244,0.0,0.0,207.639,0.0,6.001,21.201,52.08,0.0,90.225586,0.0,0.0,0.0,200.25,3042.0,0.0,-17.34375,0.11810303,105.728134,16408.383,16408.383,1100.0834,519.2627,0.0,6.6551614,0.0,3.1249995,3.0,0.0,26.826483,37.49995,2.2499971,0.0,0.0,3.3125,0.0,0.0,0.0,0.0,0.0,0.0,1.9999695,1.0,41.09192,3.1249995,28.015606,27.309635,0.0,106.999985,0.0,1.0,102.76798,101.59884,720.0,553.5,-3.0934099E-13,-25.96875,0.0,-26.875,5.6019044,49.99997,17.523193,0.0,66.91,0.0,0.0,-0.36621094,99.998474,99.63226,0.6591797,66.72,66.84,67.19,66.68,0
150353.27,-0.064050905,-0.7396829,0.08904818,0.085245416,101.5989,18.796984,14.037673,-10.676079,0.0,0.0,207.639,0.0,6.001,21.201,52.08,0.0,90.225586,0.0,0.0,0.0,200.25,3038.0,0.0,-17.351562,0.11810303,105.728134,16417.936,16417.936,1100.0834,519.2627,0.0,6.6127715,0.0,3.3593745,3.0,0.0,26.850601,37.49995,2.2499971,0.0,0.0,2.8828125,0.0,0.0,0.0,0.0,0.0,0.0,1.9999695,1.0,41.09192,3.3593745,28.009848,27.252224,0.0,106.999985,0.0,1.0,102.76798,101.59884,720.0,553.5,-2.474728E-13,-25.9375,0.0,-26.78125,5.6019044,49.99997,17.49878,0.0,66.89,0.0,0.0,-0.36621094,99.998474,99.63226,0.6591797,66.64,66.8,66.72,66.76,0
150353.31,-0.07124072,-0.72712314,0.089351825,0.08524541,101.5989,18.796984,14.033402,-10.669757,0.0,0.0,207.639,0.0,6.001,21.201,52.08,0.0,90.225586,0.0,0.0,0.0,200.25,3034.0,0.0,-17.484375,0.11810303,105.728134,16425.365,16425.365,1100.0834,519.2627,0.0,6.676356,0.0,3.523437,3.0,0.0,26.872309,37.49995,2.2499971,0.0,0.0,3.2734375,0.0,0.0,0.0,0.0,0.0,0.0,1.9999695,1.0,40.67383,3.523437,28.053429,27.262863,0.0,106.999985,0.0,1.0,102.76798,101.59884,720.0,553.5,-1.9797824E-13,-25.90625,0.0,-26.78125,5.6019044,49.99997,17.541504,0.0,66.64,0.0,0.0,-0.36621094,99.998474,99.63226,0.6591797,66.68,66.62,66.21,66.51,0
150353.34,-0.11699258,-0.7033493,0.08963767,0.08524541,101.5989,18.796984,14.036272,-10.663949,0.0,0.0,207.639,0.0,6.001,21.201,52.08,0.0,90.225586,0.0,0.0,0.0,200.25,3030.0,0.0,-17.476562,0.11810303,105.728134,16425.365,16425.365,1100.0834,519.2627,0.0,6.7187457,0.0,3.6382809,3.0,0.0,26.891846,37.124954,2.2499971,0.0,0.0,3.4453125,0.0,0.0,0.0,0.0,0.0,0.0,1.9999695,1.0,40.67383,3.6382809,28.09346,27.232851,0.0,106.999985,0.0,1.0,102.71823,101.59884,720.0,553.5,-1.583826E-13,-25.84375,0.0,-26.6875,5.6019044,49.99997,17.419434,0.0,66.61,0.0,0.0,-0.34484863,99.998474,99.653625,0.6591797,66.46,66.62,66.54,66.27,0
150353.39,-0.09359407,-0.6750897,0.08988689,0.08524541,101.5989,18.796984,14.0382805,-10.661648,0.0,0.0,207.639,0.0,6.001,21.201,52.08,0.0,90.225586,0.0,0.0,0.0,200.25,3026.0,0.0,-17.328125,0.11810303,105.71984,16435.979,16435.979,1100.0834,519.2627,0.0,6.6127715,0.0,3.7186716,3.0,0.0,26.909428,37.124954,2.2499971,0.0,0.0,3.453125,0.0,0.0,0.0,0.0,0.0,0.0,1.9999695,1.0,40.67383,3.7186716,28.109322,27.186485,0.0,106.999985,0.0,1.0,102.71823,101.59884,720.0,553.5,-1.2670609E-13,-25.8125,0.0,-26.6875,5.6019044,49.99997,17.407227,0.0,66.48,0.0,0.0,-0.37231445,99.998474,99.62616,0.6542969,66.27,66.59,66.11,66.46,0
150353.42,-0.05487526,-0.64503586,0.08991623,0.08524541,101.5989,18.796984,14.033828,-10.668147,0.0,0.0,207.639,0.0,6.001,21.201,52.08,0.0,90.225586,0.0,0.0,0.0,200.25,3019.0,0.0,-17.382812,0.11810303,105.71984,16448.715,16448.715,1100.0834,519.2627,0.0,6.697551,0.0,3.774945,3.0,0.0,26.925253,37.124954,2.2499971,0.0,0.0,3.09375,0.0,0.0,0.0,0.0,0.0,0.0,1.9999695,1.0,40.67383,3.774945,28.064522,27.13344,0.0,106.999985,0.0,1.0,102.60215,101.59884,720.0,553.5,-1.0136487E-13,-25.8125,0.0,-26.6875,5.6019044,49.99997,17.199707,0.0,66.21,0.0,0.0,-0.30517578,99.998474,99.6933,0.6591797,66.4,66.32,66.19,66.54,0
150353.47,-0.083900206,-0.6517644,0.08896311,0.08524541,101.5989,18.796984,14.03657,-10.705475,0.0,0.0,207.639,0.0,6.001,21.201,52.08,0.0,90.225586,0.0,0.0,0.0,200.25,3013.0,0.0,-17.4375,0.11810303,105.71984,16455.082,16455.082,1100.0834,519.2627,0.0,6.549187,0.0,3.8143365,3.0,0.0,26.939495,37.49995,2.2499971,0.0,0.0,3.0078125,0.0,0.0,0.0,0.0,0.0,0.0,1.9999695,1.0,40.67383,3.8143365,27.807232,27.068604,0.0,106.999985,0.0,1.0,102.76798,101.59884,720.0,553.5,-8.10919E-14,-25.84375,0.0,-26.6875,5.135079,49.99997,17.358398,0.0,66.32,0.0,0.0,-0.42114258,99.998474,99.57733,0.6591797,66.11,66.48,65.89,66.19,0
150353.5,-0.047120165,-0.6544558,0.087624356,0.085203014,101.5989,18.796984,14.03263,-10.746594,0.0,0.0,207.639,0.0,6.001,21.201,52.08,0.0,90.225586,0.0,0.0,0.0,200.25,3006.0,0.0,-17.460938,0.11810303,105.71984,16459.328,16459.328,1100.0834,519.2627,0.0,6.4432135,0.0,3.8419106,3.0,0.0,26.952312,37.87495,2.2499971,0.0,0.0,3.3046875,0.0,0.0,0.0,0.0,0.0,0.0,1.9999695,1.0,40.67383,3.8419106,27.523798,27.051369,0.0,106.999985,0.0,1.0,102.56069,101.59884,720.0,553.5,-6.487352E-14,-26.03125,0.0,-26.875,5.135079,49.99997,16.94336,0.0,66.38,0.0,0.0,-0.28686523,99.998474,99.71161,0.6591797,66.02,66.23,65.94,66.21,0
150353.55,-0.017696135,-0.6742823,0.08706254,0.085203014,101.5989,18.796984,14.041591,-10.765271,0.0,0.0,207.639,0.0,6.001,21.201,52.08,0.0,90.225586,0.0,0.0,0.0,200.25,3002.0,0.0,-17.28125,0.11810303,105.71984,16472.064,16472.064,1100.0834,519.2627,0.0,6.379629,0.0,3.8612125,3.0,0.0,26.963848,37.87495,2.2499971,0.0,0.0,3.484375,0.0,0.0,0.0,0.0,0.0,0.0,1.9999695,1.0,40.67383,3.8612125,27.395056,27.021729,0.0,106.999985,0.0,1.0,102.56069,101.59884,720.0,553.5,-5.1898817E-14,-26.0625,0.0,-27.0,5.135079,49.99997,16.900635,0.0,66.21,0.0,0.0,-0.29296875,99.998474,99.705505,0.6591797,66.23,66.05,66.11,66.0,0
150353.58,0.0058430918,-0.7009629,0.08700693,0.085203014,101.5989,18.796984,14.047863,-10.771775,0.0,0.0,207.639,0.0,6.001,21.201,52.08,0.0,90.225586,0.0,0.0,0.0,200.25,2998.0,0.0,-17.367188,0.11810303,105.71155,16476.84,16476.84,1100.0834,519.2627,0.0,6.379629,0.0,3.8747237,3.0,0.0,26.97423,37.87495,2.2499971,0.0,0.0,3.1953125,0.0,0.0,0.0,0.0,0.0,0.0,1.9999695,1.0,40.67383,3.8747237,27.350227,26.99203,0.0,106.999985,0.0,1.0,102.53581,101.59884,720.0,553.5,-4.1519055E-14,-26.09375,0.0,-27.0,5.135079,49.99997,16.8396,0.0,66.21,0.0,0.0,-0.30822754,99.998474,99.69025,0.6591797,65.92,65.94,65.92,66.13,0
150353.62,0.024674473,-0.7303852,0.08707071,0.085203014,101.5989,18.796984,14.040535,-10.772382,0.0,0.0,207.639,0.0,6.001,21.201,52.08,0.0,90.225586,0.0,0.0,0.0,200.25,2993.0,0.0,-17.429688,0.11810303,105.71155,16489.576,16489.576,1100.0834,519.2627,0.0,6.464408,0.0,3.8841815,3.0,0.0,26.983574,37.87495,2.2499971,0.0,0.0,3.0234375,0.0,0.0,0.0,0.0,0.0,0.0,1.9999695,1.0,40.67383,3.8841815,27.346045,26.984112,0.0,106.999985,0.0,1.0,102.50265,101.59884,720.0,553.5,-3.3215245E-14,-26.0625,0.0,-27.0,5.135079,49.99997,16.851807,0.0,66.25,0.0,0.0,-0.27160645,99.998474,99.72687,0.6591797,66.4,66.11,65.7,65.97,0
150353.66,0.01973958,-0.7421541,0.099436365,0.085203014,101.5989,18.796984,14.047124,-10.787424,0.0,0.0,207.639,0.0,6.001,21.201,52.08,0.0,90.225586,0.0,0.0,0.0,200.25,2985.0,0.0,-17.460938,0.11639404,105.661804,16493.82,16420.588,1100.0834,519.2627,0.0,7.1850305,0.0,3.890802,4.0,0.0,26.991983,34.124958,2.2499971,0.0,0.0,3.4609375,0.0,0.0,0.0,0.0,0.0,0.0,1.9999695,1.0,40.67383,3.890802,27.242361,24.406687,0.0,106.999985,1.953125,1.0,102.43631,80.96067,720.0,553.5,-2.6572196E-14,-21.34375,0.0,-14.28125,5.135079,49.99997,16.723633,0.0,65.85,0.0,0.0,-29.971313,99.998474,70.02716,0.6640625,65.97,66.04,65.47,65.7,0
150353.72,-0.024208335,-0.7281116,0.09305698,0.096987315,101.5989,18.796984,14.02244,-10.979044,0.0,0.0,207.639,0.0,6.001,21.201,52.08,0.0,90.225586,0.0,0.0,0.0,206.625,2995.0,0.0,-17.203125,0.12005615,105.7613,16158.967,16127.657,1100.0834,518.9974,6.464408,7.354589,0.0,3.8954363,4.0,38.931274,26.999552,36.374954,10.124987,0.0,0.0,3.359375,0.0,0.0,0.0,0.0,0.0,0.0,1.9999695,0.9033203,55.012512,3.8954363,25.92155,26.70012,0.0,106.999985,6.9335938,1.0,102.43631,80.96067,720.0,553.125,-2.1257757E-14,-4.75,0.0,17.21875,5.135079,49.99997,16.973877,0.0,66.06,0.0,0.0,-64.37378,99.998474,35.624695,0.60302734,65.74,65.62,65.47,65.66,0
150353.75,-0.059366666,-0.70374465,0.09736285,0.10406636,101.5989,18.796984,14.011021,-10.835073,0.0,0.0,207.639,0.0,6.001,21.201,52.08,0.0,90.225586,0.0,0.0,476.625,210.0,3023.0,0.0,-16.890625,0.1227417,105.83593,16277.307,15829.95,1100.0834,518.9974,1.1021286,7.6937056,0.0,3.8986804,4.0,35.694885,27.006365,34.874954,13.499983,0.52,0.0,2.5,0.0,0.0,0.0,0.0,0.0,0.0,1.9999695,0.9033203,55.08423,3.8986804,26.913916,28.251667,0.0,106.999985,11.230469,1.0,102.36998,80.96067,486.0,553.125,-1.7006206E-14,-2.0625,0.0,41.5,6.06873,49.99997,17.547607,0.0,65.66,0.0,0.0,-66.934204,99.998474,33.06427,0.63964844,65.81,65.78,65.69,65.0,0
150353.8,-0.10749333,-0.65649784,0.101782575,0.115172446,101.5989,18.796984,13.997168,-10.738617,0.0,0.0,207.639,0.0,6.001,21.201,52.08,0.0,90.225586,0.0,0.0,476.25,216.0,3033.0,0.0,-15.4140625,0.1182251,105.85251,16042.219,15530.651,1100.0834,519.2627,0.0,7.926848,0.0,3.9009514,4.0,33.843994,27.087683,34.124958,19.124975,0.552,0.0,0.3671875,0.0,0.0,0.0,0.0,0.0,0.0,1.9999695,0.9033203,55.117798,3.9009514,27.578781,30.229826,0.0,106.999985,11.425781,1.0,102.403145,80.96067,486.375,551.625,-1.36049644E-14,3.09375,0.0,43.1875,6.535555,49.99997,17.791748,0.0,65.68,0.0,0.0,-67.32178,99.998474,32.676697,0.64941406,65.51,65.76,65.34,65.47,0
150353.83,-0.08599467,-0.5438491,0.101772584,0.12593938,101.5989,18.796984,13.981611,-10.559719,0.0,0.0,207.639,0.0,6.001,21.201,52.08,0.0,90.225586,0.0,0.0,477.0,223.125,3007.0,0.0,-9.703125,0.114990234,105.85251,16058.67,15232.944,1100.0834,519.2627,0.0,8.117601,0.0,3.902541,4.0,30.34668,27.16087,34.124958,27.749964,0.528,0.0,-5.0078125,0.0,0.0,0.0,0.0,0.0,0.0,1.5292969,0.9033203,55.10559,3.902541,28.811907,33.57323,0.0,106.999985,11.425781,1.0,102.17927,80.96067,486.75,545.625,-1.0883972E-14,7.375,0.0,43.1875,7.0023804,49.99997,18.145752,0.0,65.53,0.0,0.0,-66.89453,99.998474,33.103943,0.64941406,65.42,65.39,65.32,65.55,0
150353.88,-0.06879573,-0.44253966,0.110947855,0.1380628,101.5989,18.796984,13.976581,-9.980827,0.0,0.0,207.639,0.0,6.001,21.201,52.08,0.0,90.225586,0.0,0.0,476.625,229.875,2996.0,0.0,-7.34375,0.11407471,105.90226,15574.697,14940.013,1100.0834,519.2627,0.0,8.817029,0.0,3.9036536,4.0,30.67627,27.226738,33.374958,32.999958,0.544,0.0,-11.4453125,0.0,0.0,0.0,0.0,0.0,0.0,1.1669922,0.9033203,55.221558,3.9036536,32.802147,38.253902,0.0,106.999985,11.425781,1.0,102.12122,80.96067,486.75,543.375,-8.707178E-15,14.125,0.0,43.625,7.469206,49.99997,18.914795,0.0,65.48,0.0,0.0,-66.708374,99.998474,33.2901,0.64941406,65.37,65.45,65.32,65.34,0
150353.9,-0.075036585,-0.36451587,0.11722215,0.15141551,101.5989,18.796984,13.9672,-9.078826,0.0,0.0,207.639,0.0,6.001,21.201,52.08,0.0,90.225586,0.0,0.0,476.25,198.75,2959.0,0.0,-8.0703125,0.11279297,105.92714,14523.966,14647.082,1100.0834,518.9974,3.7090867,9.580041,0.0,3.6700575,4.0,35.035706,27.286018,32.624958,0.37499952,0.56,0.0,-20.796875,0.0,0.0,0.0,0.0,0.0,0.0,1.0244141,0.9033203,55.259705,3.6700575,39.01954,46.13251,0.0,106.999985,11.71875,1.0,101.797844,80.96067,486.375,544.125,-6.9657423E-15,-7.65625,0.0,45.6875,8.402857,49.99997,19.720459,0.0,65.57,0.0,0.0,-66.09497,99.998474,33.903503,0.64941406,65.51,65.47,65.3,65.19,0
150353.95,-0.06002927,-0.31455636,0.13254876,0.1566718,101.5989,18.796984,13.972353,-7.9520435,0.0,0.0,207.639,0.0,6.001,21.201,52.08,0.0,90.225586,0.0,0.0,475.125,196.125,2847.0,0.0,-8.25,0.11022949,105.90226,14476.736,14572.257,1100.0834,518.9974,3.963424,9.940352,0.0,3.5065403,4.0,34.695435,27.33937,31.49996,-1.8749976,0.6,0.0,-25.867188,0.0,0.0,0.0,0.0,0.0,0.0,0.9736328,0.9033203,55.422974,3.5065403,46.78633,51.820595,0.0,106.999985,11.71875,1.0,101.797844,80.96067,486.0,544.125,-5.5725938E-15,-6.0,0.0,46.21875,8.869681,49.99997,19.464111,1.0,65.52,0.0,0.0,-65.95459,99.998474,34.043884,0.6347656,65.62,65.57,65.32,65.57,0
150353.98,0.011976585,-0.23832256,0.14159052,0.16230963,101.5989,18.796984,13.958382,-7.6463017,0.0,0.0,207.639,0.0,6.001,21.201,52.08,0.0,90.225586,0.0,0.0,473.25,194.25,2770.0,0.0,-7.1875,0.107910156,105.869095,14457.632,14568.012,1100.0834,514.752,4.7688255,10.703364,0.0,3.3920782,4.0,35.035706,27.387388,30.74996,-4.4999943,0.664,0.0,-25.414062,0.0,0.0,0.0,0.0,0.0,0.0,0.9394531,0.9033203,55.438232,3.3920782,48.893776,53.188892,0.0,106.999985,11.5234375,1.0,102.12122,80.96067,484.875,543.375,-4.458075E-15,-5.875,0.0,46.09375,8.402857,49.99997,19.537354,1.0,65.66,0.0,0.0,-66.94641,99.998474,33.052063,0.64941406,65.62,65.89,65.19,65.45,0
150354.03,0.029581267,-0.18907902,0.15499158,0.18494563,101.5989,18.796984,13.96032,-7.7428293,0.0,0.0,207.639,0.0,6.001,21.201,52.08,0.0,90.225586,0.0,0.0,470.25,193.125,2649.0,0.0,-7.078125,0.11505127,106.17589,14495.841,14563.767,1100.0834,514.752,6.0405126,11.784298,0.0,3.3119547,4.0,35.536194,27.430605,29.999962,-7.4999905,0.712,0.0,-23.734375,0.0,0.0,0.0,0.0,0.0,0.0,0.9550781,0.9033203,55.444336,3.3119547,48.22842,54.140408,0.0,106.999985,11.5234375,1.0,102.12122,80.96067,482.25,543.0,-3.56646E-15,-5.59375,0.0,46.40625,8.402857,49.99997,19.372559,1.0,65.73,0.0,0.0,-66.778564,99.998474,33.21991,0.6591797,65.74,65.62,65.0,65.14,0
150354.06,0.023665015,-0.16938162,0.1718233,0.19766253,101.5989,18.796984,13.93824,-7.5920663,0.0,0.0,207.639,0.0,6.001,21.201,52.08,0.0,90.225586,0.0,0.0,469.125,183.375,2565.0,0.0,-7.234375,0.11340332,106.490974,14508.046,14559.521,1100.0834,514.752,7.8632636,13.946166,0.0,3.0214932,4.0,36.421204,27.4695,29.999962,-14.624981,0.74,0.0,-21.265625,0.0010375977,0.0,0.0,0.0,0.0,0.0,0.97558594,0.9033203,55.645752,3.0214932,49.267612,54.386826,0.0,106.999985,11.71875,1.0,101.797844,80.96067,481.125,543.375,-2.8531682E-15,-17.28125,0.0,48.375,8.869681,49.99997,20.159912,1.0,65.63,0.3125,0.0,-65.982056,99.66431,33.68225,0.67871094,65.78,65.55,65.53,65.37,0
150354.11,-0.0010679867,-0.18025266,0.1817221,0.20592846,101.5989,18.796984,13.928643,-7.2604513,0.0,0.0,207.639,0.0,6.001,21.201,52.08,0.0,90.225586,0.0,0.0,461.625,183.75,2476.0,0.0,-6.9609375,0.10998535,106.64023,14554.215,14555.275,1100.0834,510.50662,8.732249,15.323827,0.0,3.0525453,4.0,36.738586,27.504505,29.249962,-14.249982,0.96,0.0,-20.960938,0.0075683594,0.0,0.0,0.0,0.0,0.0,0.9785156,0.90527344,55.76172,3.0525453,51.5534,56.3134,0.0,106.999985,12.792969,1.0,101.797844,80.96067,476.625,543.0,-2.2825346E-15,-11.09375,0.0,54.40625,9.336507,49.99997,20.6604,1.0,65.66,2.28125,0.0,-65.93628,97.51587,31.477356,2.2827148,65.47,65.76,65.42,65.21,0
150354.14,0.01914561,-0.20335108,0.18918152,0.22754714,101.5989,18.796984,13.939504,-6.7911725,0.0,0.0,207.639,0.0,6.001,21.201,52.08,0.0,90.225586,0.0,0.0,458.25,184.125,2422.0,0.0,-6.234375,0.11077881,107.096275,14573.85,14551.03,1100.0834,510.50662,9.452872,16.341175,0.0,3.0742817,4.0,37.045288,27.536009,27.749964,-13.874982,1.068,0.0,-23.96875,0.026855469,0.0,0.0,0.0,0.0,0.0,0.95410156,0.90527344,55.57251,3.0742817,54.788086,62.30707,0.0,106.999985,16.210938,1.0,101.797844,80.96067,474.0,542.25,-1.8260277E-15,-7.46875,0.0,72.5,9.803332,49.99997,21.64917,1.0,65.51,8.0625,0.0,-65.95459,91.21094,24.751282,3.0419922,65.66,65.39,64.96,65.34,0
150354.19,0.015316488,-0.21259044,0.20394877,0.24823326,101.5989,18.796984,13.941246,-5.853658,0.0,0.0,207.639,0.0,6.001,21.201,52.08,0.0,90.225586,0.0,0.0,456.75,189.0,2366.0,0.0,-6.5390625,0.109191895,107.14603,14466.123,14546.785,1100.0834,507.32257,11.657129,16.701487,0.0,3.089497,4.0,38.124084,27.564363,25.499968,-8.999989,1.128,0.0,-26.171875,0.044677734,0.0,0.0,0.0,0.0,0.0,0.94140625,0.90722656,55.667114,3.089497,61.25027,69.23399,0.0,106.999985,19.726562,1.0,101.76468,80.96067,473.25,542.625,-1.4608221E-15,10.28125,0.0,90.75,10.736983,49.99997,22.558594,1.0,65.52,13.40625,0.0,-65.91797,85.27222,18.299866,3.4594727,65.3,65.57,65.3,65.24,0
150354.22,0.05225319,-0.2350362,0.22712387,0.26052627,101.5989,18.796984,13.930747,-4.9824796,0.0,0.0,207.639,0.0,6.001,21.201,52.08,0.0,90.225586,0.0,0.0,456.75,189.0,2335.0,0.0,-6.875,0.107177734,107.394775,14387.583,14542.54,1100.0834,507.32257,14.476035,18.630213,0.0,2.865773,4.0,39.58893,27.589882,22.124971,-8.624989,1.128,0.0,-27.929688,0.05810547,0.0,0.0,0.0,0.0,0.0,0.90625,0.9091797,55.703735,2.865773,67.25521,73.82843,0.0,106.999985,20.3125,1.0,101.65688,80.96067,473.25,543.0,-1.1686577E-15,20.28125,0.0,93.125,11.670634,49.99997,23.480225,1.0,65.56,17.4375,0.0,-65.62805,80.65796,13.633728,3.6425781,65.6,65.21,65.3,65.09,0
150354.27,0.08180255,-0.24401449,0.24671288,0.27146274,101.5989,18.796984,13.923398,-4.2291675,0.0,0.0,207.639,0.0,6.001,21.201,52.08,0.0,90.225586,0.0,0.0,455.25,191.25,2306.0,0.0,-6.890625,0.10571289,107.90057,14349.905,14538.294,1100.0834,507.32257,16.659098,19.81712,0.0,2.709166,4.0,40.74707,27.612848,20.624973,-5.9999924,1.244,0.0,-28.984375,0.068847656,0.0,0.0,0.0,0.0,0.0,0.8964844,0.9121094,55.838013,2.709166,72.44771,77.361,0.0,106.999985,20.3125,1.0,101.74809,80.96067,472.875,543.0,-9.349262E-16,36.5,0.0,92.5625,12.13746,49.99997,23.834229,1.0,65.4,20.65625,0.0,-65.99121,76.92871,9.27887,3.6523438,65.76,65.47,65.34,65.26,0
150354.3,0.10544204,-0.2288558,0.2604125,0.28214493,101.5989,18.796984,13.912395,-3.703135,0.0,0.0,207.639,0.0,6.001,21.201,52.08,0.0,89.924835,0.0,0.0,453.75,193.125,2283.0,0.0,-7.3046875,0.10424805,108.44783,14361.58,14534.049,1100.0834,505.73056,17.782421,20.87686,0.0,2.5995412,4.0,41.314697,27.633518,19.874975,-4.4999943,1.396,0.0,-29.59375,0.0793457,0.0,0.0,0.0,0.0,0.0,0.9042969,0.9140625,55.934143,2.5995412,76.07359,80.26907,0.0,106.999985,20.703125,1.0,101.99685,80.96067,473.25,543.375,-7.4794095E-16,46.875,0.0,94.65625,12.604284,49.99997,24.560547,1.0,65.59,23.8125,0.0,-66.70532,73.22388,4.5913696,3.6523438,65.51,65.51,65.21,65.09,0
150354.36,0.14435363,-0.20404233,0.27841383,0.29770187,101.5989,18.796984,13.92227,-3.1545293,0.0,0.0,207.639,0.0,6.001,21.201,52.08,0.0,89.684235,0.0,0.0,452.625,195.0,2252.0,0.0,-7.0390625,0.103637695,108.87071,14462.938,14529.804,1100.0834,505.73056,17.782421,21.80943,0.0,2.5228038,4.0,41.25824,27.65212,19.499975,-2.6249967,1.496,0.0,-29.78125,0.0927124,0.0,0.0,0.0,0.0,0.0,0.89941406,0.9160156,55.934143,2.5228038,79.85507,83.107925,0.0,106.999985,20.800781,1.0,102.28706,82.403435,472.875,543.0,-5.9835276E-16,57.84375,0.0,94.875,13.537935,49.99997,25.854492,1.0,65.44,27.8125,0.0,-66.36658,68.62793,0.0,3.6523438,65.47,65.42,64.92,65.04,0
150354.39,0.1354829,-0.17536694,0.2976135,0.31105462,101.5989,18.796984,13.935041,-2.719925,0.0,0.0,207.639,0.0,6.001,21.201,52.08,0.0,89.49175,0.0,0.0,452.625,195.75,2227.0,0.0,-6.8828125,0.103393555,109.268715,14537.764,14534.049,1100.0834,504.13855,17.888395,23.038727,0.0,2.4690876,4.0,41.26892,27.668863,18.749975,-1.8749976,1.496,0.0,-29.757812,0.10394287,0.0,0.0,0.0,0.0,0.0,0.91015625,0.9189453,55.970764,2.4690876,82.85075,84.74094,0.0,106.999985,21.191406,1.0,102.62702,84.08666,472.875,543.0,-4.786822E-16,66.90625,0.0,97.09375,14.471586,49.99997,26.965332,1.0,65.41,31.1875,0.0,-62.01172,64.78882,0.17852783,3.6523438,65.53,65.42,65.15,65.15,0
150354.44,0.12838633,-0.12639678,0.31015092,0.31864232,101.5989,18.796984,13.932263,-2.407147,0.0,0.0,207.639,0.0,6.001,21.201,52.08,0.0,89.33777,0.0,0.0,451.875,197.25,2207.0,0.0,-6.7890625,0.10211182,109.708176,14383.869,14711.293,1100.0834,504.13855,22.508858,24.013687,0.0,2.4314861,4.0,43.84613,27.683931,18.374977,1.1249986,1.588,0.0,-29.914062,0.1105957,0.0,0.0,0.0,0.0,0.0,0.921875,0.92089844,55.915833,2.4314861,85.0067,85.94629,0.0,106.999985,21.777344,1.0,103.03331,85.23921,472.875,543.0,-3.8294577E-16,78.46875,0.0,100.34375,14.938412,49.99997,27.850342,1.0,65.45,33.1875,0.0,-58.825684,62.31079,0.66070557,3.6523438,65.6,65.32,65.26,65.26,0
150354.47,0.122709066,-0.06930871,0.319269,0.31792173,101.5989,18.796984,13.936178,-2.2316747,0.0,0.0,207.639,0.0,6.001,21.201,52.08,0.0,89.21458,0.0,0.0,450.75,200.25,2190.0,0.0,-7.1875,0.100097656,110.03985,14452.325,15061.537,1100.0834,504.13855,28.210253,25.05223,0.0,2.4051652,4.0,47.468567,27.697493,17.999977,1.8749976,1.688,0.0,-30.320312,0.1105957,0.0,0.0,0.0,0.0,0.0,0.93066406,0.921875,55.929565,2.4051652,86.21621,86.074486,0.0,106.999985,21.777344,1.0,103.68008,85.67039,472.875,543.375,-3.0635662E-16,84.28125,0.0,99.78125,14.938412,49.99997,28.790283,1.0,65.41,33.1875,0.0,-58.569336,61.96289,0.5935669,3.6523438,65.24,65.39,64.85,65.6,0
150354.52,0.15816726,0.009776516,0.31524977,0.31677717,101.5989,18.796984,13.933059,-2.2797651,82.43776,25.135015,207.639,0.0,6.001,21.201,52.08,0.0,89.11603,0.0,0.0,450.0,204.0,2173.0,0.0,-7.015625,0.09887695,110.19739,14780.812,15271.684,1100.0834,503.34253,29.905836,24.47997,0.0,2.5429907,4.0,48.67096,27.784885,17.999977,5.9999924,1.752,0.0,-30.140625,0.1083374,0.0,0.0,0.0,0.0,0.0,0.93847656,0.921875,55.915833,2.3867407,85.88473,86.117874,0.0,106.999985,21.777344,1.0,104.534134,85.90256,472.875,543.0,0.15624999,90.125,0.0,99.375,14.471586,49.99997,29.3396,1.0,65.46,32.5,0.0,-60.217285,62.53662,0.0,3.6523438,65.42,65.47,65.21,65.19,0
150354.55,0.1665338,0.09766061,0.31455916,0.3174978,101.5989,18.796984,13.948454,-2.3071597,116.35687,35.133995,207.639,0.0,6.001,21.201,52.08,0.0,89.037186,0.0,0.0,450.0,205.125,2152.0,0.0,-7.0,0.09753418,110.20568,15217.555,15236.128,1100.0834,503.34253,24.352802,24.543556,0.0,2.6550934,4.0,45.663452,27.863539,17.999977,6.7499914,1.752,0.0,-29.59375,0.10760498,0.0,0.0,0.0,0.0,0.0,0.9404297,0.9189453,55.863953,2.3738434,85.6959,86.27194,0.0,106.999985,21.875,1.0,105.23893,86.0601,472.875,543.0,0.28124997,90.40625,0.0,99.625,14.004761,49.99997,30.34668,1.0,65.55,32.28125,0.0,-62.11548,62.56714,0.0,3.6523438,65.34,65.39,65.06,64.9,0
150354.6,0.19322704,0.17031425,0.31332025,0.31681955,101.5989,18.796984,13.96509,-2.316632,133.72636,39.9284,207.639,0.0,6.001,21.201,52.08,0.0,88.97411,0.0,0.0,450.75,207.0,2128.0,0.0,-7.0703125,0.09667969,110.01497,15360.306,15265.315,1100.0834,502.54654,22.424078,24.755505,0.0,2.7460651,4.0,44.561768,27.934328,17.999977,8.999989,1.7,0.0,-29.617188,0.105163574,0.0,0.0,0.0,0.0,0.0,0.9355469,0.9169922,55.854797,2.3648152,85.63061,86.1192,0.0,106.999985,21.875,1.0,106.01834,86.1596,472.875,543.0,0.38124996,92.40625,0.0,99.15625,14.004761,49.99997,31.365967,1.0,65.34,31.5625,0.0,-64.23035,63.269043,0.0,3.6523438,65.37,65.37,65.24,65.21,0
150354.62,0.17458163,0.2556257,0.3124626,0.31550547,101.5989,18.796984,13.970875,-2.3551636,155.22516,45.999092,207.639,0.0,6.001,21.201,52.08,0.0,88.92365,0.0,0.0,450.75,207.375,2112.0,0.0,-7.4921875,0.09552002,109.83255,15321.036,15251.518,1100.0834,502.54654,22.720804,24.882673,0.0,2.8197455,4.0,44.69757,27.998037,17.999977,10.874986,1.684,0.0,-29.679688,0.103027344,0.0,0.0,0.0,0.0,0.0,0.93359375,0.9160156,55.78308,2.3584957,85.36501,85.91038,0.0,106.999985,21.875,1.0,106.6651,86.14301,472.5,543.375,0.46124995,94.34375,0.0,98.5,13.537935,49.99997,31.951904,1.0,65.36,30.90625,0.0,-66.33911,63.830566,0.0,3.6523438,65.34,65.45,65.24,65.32,0
150354.67,0.19966531,0.28975028,0.31038636,0.3136403,101.5989,18.796984,13.974925,-2.374589,155.30003,45.694424,207.639,0.0,6.001,21.201,52.08,0.0,88.883286,0.0,0.0,450.75,213.375,2097.0,0.0,-7.65625,0.09515381,109.79109,15371.98,15250.456,1100.0834,502.54654,21.957792,24.903868,0.0,2.879322,4.0,44.232178,28.055376,17.999977,15.74998,1.684,0.0,-30.0625,0.09967041,0.0,0.0,0.0,0.0,0.0,0.93066406,0.91308594,55.78308,2.354072,85.23112,85.64276,0.0,106.999985,21.777344,1.0,107.12945,86.02693,472.5,543.75,0.52524996,97.25,0.0,97.4375,13.07111,49.99997,32.299805,1.0,65.45,29.90625,0.0,-67.959595,64.95361,0.0,3.6523438,65.6,65.47,65.11,65.09,0
150354.7,0.21973225,0.3221501,0.31147695,0.31152087,101.5989,18.796984,13.960182,-2.3685122,162.21104,46.726433,207.639,0.0,6.001,21.201,52.08,0.0,88.85099,0.0,0.0,450.375,213.75,2053.0,0.0,-7.6484375,0.09429932,109.5838,15394.799,15296.625,1100.0834,501.48517,21.80943,25.26418,0.0,2.9274254,4.0,44.107056,28.106981,17.624977,15.74998,1.68,0.0,-30.171875,0.0927124,0.0,0.0,0.0,0.0,0.0,0.9296875,0.9111328,55.76935,2.3509755,85.273,85.41675,0.0,106.999985,21.777344,1.0,107.70986,85.92743,471.75,543.75,0.57644993,97.5,0.0,96.46875,13.07111,49.99997,32.788086,1.0,65.63,27.8125,0.0,-69.11316,67.27905,0.0,3.6523438,65.57,65.81,65.11,65.14,0
150354.75,0.23578581,0.39136004,0.30744272,0.31037638,101.5989,18.796984,13.979158,-2.4285312,179.69385,51.838158,207.639,0.0,6.001,21.201,52.08,0.0,88.82516,0.0,0.0,450.375,213.75,2056.0,0.0,-7.65625,0.09448242,109.39309,15444.683,15200.573,1100.0834,501.48517,19.77473,24.69192,0.0,2.9662178,4.0,42.98401,28.153425,17.999977,15.74998,1.692,0.0,-30.078125,0.09197998,0.0,0.0,0.0,0.0,0.0,0.9238281,0.91015625,55.68695,2.3488078,84.8593,85.27113,0.0,106.999985,21.777344,1.0,108.2903,85.803055,471.375,543.75,0.61740994,95.8125,0.0,95.9375,12.604284,49.99997,33.34961,1.0,65.57,27.59375,0.0,-70.51697,67.559814,0.0,3.6523438,65.69,65.51,65.21,65.11,0
150354.78,0.18862866,0.41904402,0.3046457,0.3025767,101.5989,18.796984,13.980723,-2.4955587,179.47516,51.951347,207.639,0.0,6.001,21.201,52.08,0.0,88.80449,0.0,0.0,450.375,213.75,2063.0,0.0,-7.578125,0.09472656,109.31017,15379.409,15175.632,1100.0834,500.9545,19.795925,24.501167,0.0,2.9974685,4.0,42.99469,28.195225,17.999977,15.74998,1.692,0.0,-30.023438,0.085998535,0.0,0.0,0.0,0.0,0.0,0.9160156,0.91015625,55.700684,2.3472905,84.397285,84.33153,0.0,106.999985,21.191406,1.0,108.72975,85.429924,471.375,543.75,0.65017796,95.28125,0.0,92.53125,12.604284,49.99997,33.624268,1.0,65.63,25.8125,0.0,-71.73767,69.70215,0.0,3.6523438,65.51,65.55,64.92,65.42,0
150354.83,0.17090292,0.3926176,0.29997945,0.3016441,101.5989,18.796984,13.9701,-2.59651,168.33807,48.68034,207.639,0.0,6.001,21.201,52.08,0.0,88.78796,0.0,0.0,450.0,214.125,2061.0,0.0,-6.9921875,0.09503174,109.27701,15301.4,15134.77,1100.0834,500.9545,18.990524,24.24683,0.0,2.8663707,4.0,42.48352,28.232845,18.374977,16.124979,1.68,0.0,-29.65625,0.08416748,0.0,0.0,0.0,0.0,0.0,0.91015625,0.9091797,55.65033,2.3462284,83.70144,84.25853,0.0,106.999985,21.191406,1.0,109.127754,85.05679,471.0,543.0,0.5201424,92.90625,0.0,92.40625,12.13746,49.99997,34.08203,1.0,65.72,25.25,0.0,-73.94104,70.391846,0.0,3.6523438,65.7,65.78,65.39,65.32,0
150354.88,0.13672234,0.40079707,0.29882938,0.3019408,101.5989,18.796984,13.968523,-2.6022224,174.14226,50.38324,207.639,0.0,6.001,21.201,52.08,0.0,88.77473,0.0,0.0,450.0,214.125,2062.0,0.0,-7.21875,0.09527588,109.16092,15211.717,15105.583,1100.0834,500.9545,19.160082,24.07727,0.0,2.7615986,4.0,42.529297,28.266703,18.374977,16.124979,1.656,0.0,-29.960938,0.083862305,0.0,0.0,0.0,0.0,0.0,0.9091797,0.9082031,55.63202,2.3454847,83.66206,84.13186,0.0,106.999985,21.191406,1.0,109.51747,84.82462,470.625,543.375,0.4161139,92.25,0.0,92.375,12.13746,49.99997,34.552002,1.0,65.78,25.15625,0.0,-75.042725,70.52612,0.0,3.6523438,65.69,65.69,65.3,65.47,0
150354.9,0.109377876,0.40406883,0.3001967,0.30172887,101.5989,18.796984,13.973278,-2.615219,174.15419,50.46,207.639,0.0,6.001,21.201,52.08,0.0,88.764145,0.0,0.0,450.0,214.125,2065.0,0.0,-7.5390625,0.095581055,109.127754,15092.316,15115.666,1100.0834,500.9545,21.427923,24.119661,0.0,2.6778555,4.0,43.789673,28.297174,18.374977,16.124979,1.656,0.0,-30.28125,0.08343506,0.0,0.0,0.0,0.0,0.0,0.90625,0.9091797,55.65033,2.3449643,83.57248,83.90412,0.0,106.999985,21.191406,1.0,109.80768,84.60904,470.625,543.75,0.33289114,92.78125,0.0,92.28125,12.13746,49.99997,34.991455,1.0,65.91,25.03125,0.0,-75.997925,70.721436,0.0,3.6523438,65.78,65.74,65.39,65.37,0
150354.94,0.0875023,0.40537754,0.30001408,0.3016865,101.5989,18.796984,13.982467,-2.5932171,174.05592,50.529217,207.639,0.0,6.001,21.201,52.08,0.0,88.75568,0.0,0.0,450.0,214.125,2069.0,0.0,-7.6484375,0.09588623,109.11946,15070.027,15107.705,1100.0834,500.9545,21.576286,24.056076,0.0,2.6109128,4.0,43.858337,28.3246,18.374977,16.124979,1.648,0.0,-30.351562,0.08331299,0.0,0.0,0.0,0.0,0.0,0.90234375,0.9082031,55.6427,2.3446,83.72414,84.00044,0.0,106.999985,21.191406,1.0,110.22227,84.484665,470.625,543.75,0.26631293,92.5,0.0,92.28125,12.13746,49.99997,35.583496,1.0,65.82,25.0,0.0,-77.22168,70.80078,0.0,3.6523438,65.92,66.0,65.42,65.3,0
150354.98,0.07000184,0.38715103,0.30067024,0.30198318,101.5989,18.796984,13.983039,-2.5810804,168.27591,48.87486,207.639,0.0,6.001,21.201,52.08,0.0,88.7489,0.0,0.0,450.0,214.125,2070.0,0.0,-7.5390625,0.09588623,109.11946,15111.42,15143.791,1100.0834,501.21985,20.813274,24.225634,0.0,2.5573955,4.0,43.426514,28.349283,18.374977,16.124979,1.656,0.0,-30.375,0.08319092,0.0,0.0,0.0,0.0,0.0,0.9013672,0.9091797,55.65033,2.344345,83.80779,84.05663,0.0,106.999985,21.191406,1.0,110.429565,84.41004,471.0,543.75,0.21305035,93.0,0.0,92.3125,12.13746,49.99997,35.858154,1.0,65.94,24.96875,0.0,-78.12805,70.843506,0.0,3.6523438,65.84,65.87,65.7,65.39,0
150355.03,0.07600147,0.37986043,0.30126035,0.30138978,101.5989,18.796984,13.971721,-2.550621,168.43542,48.89756,207.639,0.0,6.001,21.201,52.08,0.0,88.743484,0.0,0.0,450.0,214.125,2069.0,0.0,-7.453125,0.09698486,109.1858,15102.93,15110.89,1100.0834,501.21985,21.300755,23.992493,0.0,2.5146067,4.0,43.72101,28.371498,17.999977,16.124979,1.664,0.0,-30.320312,0.081726074,0.0,0.0,0.0,0.0,0.0,0.89746094,0.9091797,55.654907,2.3441665,84.017746,84.141136,0.0,106.999985,21.191406,1.0,110.71149,84.41004,471.0,543.375,0.17044029,93.28125,0.0,92.1875,12.13746,49.99997,36.254883,1.0,65.85,24.53125,0.0,-78.707886,71.49658,0.0,3.6523438,65.87,65.97,65.6,65.76,0
150355.08,0.12080118,0.35819417,0.30032092,0.3016865,101.5989,18.796984,13.981377,-2.533786,162.22093,47.252792,207.639,0.0,6.001,21.201,52.08,0.0,88.73915,0.0,0.0,450.0,214.125,2076.0,0.0,-7.015625,0.09729004,109.16921,15191.021,15082.764,1100.0834,501.21985,18.969328,23.75935,0.0,2.480394,4.0,42.41638,28.39149,17.999977,16.124979,1.664,0.0,-30.265625,0.082092285,0.0,0.0,0.0,0.0,0.0,0.8955078,0.9091797,55.625916,2.3440416,84.13379,84.27809,0.0,106.999985,21.191406,1.0,111.026566,84.41833,471.0,543.0,0.13635223,92.875,0.0,92.28125,12.13746,49.99997,36.657715,1.0,66.04,24.625,0.0,-79.27246,71.41113,0.0,3.6523438,66.05,66.17,65.53,65.57,0
150355.11,0.13664094,0.3495277,0.3025927,0.30105066,101.5989,18.796984,13.976417,-2.539391,162.25784,47.195244,207.639,0.0,6.001,21.201,52.08,0.0,88.73569,0.0,0.0,450.0,214.125,2073.0,0.0,-6.9921875,0.09729004,109.20238,15084.887,15127.341,1100.0834,501.21985,21.215975,23.992493,0.0,2.4530358,4.0,43.66455,28.409485,17.999977,16.124979,1.648,0.0,-30.21875,0.08111572,0.0,0.0,0.0,0.0,0.0,0.89746094,0.91015625,55.66101,2.343954,84.09515,84.04602,0.0,106.999985,21.191406,1.0,111.250435,84.393456,471.0,543.0,0.10908178,94.125,0.0,92.21875,12.13746,49.99997,36.920166,1.0,66.0,24.34375,0.0,-79.72107,71.75293,0.0,3.6523438,65.97,66.19,65.53,65.57,0
150355.16,0.14931275,0.3460611,0.30170405,0.30075395,101.5989,18.796984,13.978804,-2.5823767,162.32765,47.306656,207.639,0.0,6.001,21.201,52.08,0.0,88.73291,0.0,0.0,450.0,214.125,2077.0,0.0,-6.984375,0.097717285,109.26042,15050.393,15100.807,1100.0834,501.21985,21.957792,23.822933,0.0,2.4311583,4.0,44.096375,28.425678,18.374977,16.124979,1.652,0.0,-29.695312,0.08068848,0.0,0.0,0.0,0.0,0.0,0.89941406,0.91015625,55.638123,2.3438928,83.79886,83.929886,0.0,106.999985,21.191406,1.0,111.449455,84.29395,471.0,543.0,0.087265424,93.71875,0.0,92.1875,11.670634,49.99997,36.950684,1.0,66.14,24.21875,0.0,-80.49927,71.94824,0.0,3.6523438,65.97,66.08,65.78,65.7,0
150355.2,0.1994502,0.36342445,0.30205172,0.3016441,101.5989,18.796984,13.968756,-2.6432965,168.38206,49.11833,207.639,0.0,6.001,21.201,52.08,0.0,88.73069,0.0,0.0,450.0,214.125,2079.0,0.0,-7.765625,0.09838867,109.31017,15092.316,15131.055,1100.0834,501.48517,20.686106,24.056076,0.0,2.4136622,4.0,43.370056,28.440252,18.374977,16.124979,1.652,0.0,-29.8125,0.08135986,0.0,0.0,0.0,0.0,0.0,0.9042969,0.9091797,55.638123,2.34385,83.378944,83.73455,0.0,106.999985,21.191406,1.0,111.87233,84.20274,471.0,543.75,0.06981234,93.59375,0.0,92.25,11.670634,49.99997,37.683105,1.0,66.07,24.40625,0.0,-81.63757,71.80176,0.0,3.6523438,66.11,66.08,65.7,65.92,0
150355.23,0.19956017,0.35161978,0.30073994,0.30138978,101.5989,18.796984,13.961722,-2.65166,162.3928,47.257286,207.639,0.0,6.001,21.201,52.08,0.0,88.72891,0.0,0.0,450.0,214.125,2074.0,0.0,-7.953125,0.09832764,109.21896,15030.228,15129.463,1100.0834,501.48517,22.08496,24.034882,0.0,2.3996696,4.0,44.129944,28.45337,18.374977,16.124979,1.652,0.0,-30.132812,0.0803833,0.0,0.0,0.0,0.0,0.0,0.9013672,0.9091797,55.66864,2.3438199,83.3213,83.78473,0.0,106.999985,21.191406,1.0,112.1128,84.11983,471.0,544.125,0.055849876,93.0625,0.0,92.15625,11.670634,49.99997,38.03711,1.0,66.09,24.125,0.0,-82.299805,72.13745,0.0,3.6523438,66.17,66.32,65.74,65.92,0
150355.27,0.21964814,0.34689793,0.30074015,0.301305,101.5989,18.796984,13.974378,-2.6379793,162.38512,47.52846,207.639,0.0,6.001,21.201,52.08,0.0,88.72749,0.0,0.0,450.0,214.125,2086.0,0.0,-7.7890625,0.09869385,109.23554,15101.868,15119.38,1100.0834,501.48517,20.664911,23.907713,0.0,2.3884788,4.0,43.392944,28.465176,18.374977,16.124979,1.656,0.0,-30.148438,0.08123779,0.0,0.0,0.0,0.0,0.0,0.9003906,0.9091797,55.65796,2.3437989,83.415596,83.76081,0.0,106.999985,21.191406,1.0,112.41958,84.06178,471.0,543.75,0.044679902,93.0625,0.0,92.1875,11.670634,49.99997,38.458252,1.0,66.43,24.375,0.0,-83.062744,71.8811,0.0,3.6523438,66.27,66.38,65.94,65.97,0
150355.31,0.2757185,0.3450092,0.3001606,0.3016865,101.5989,18.796984,13.971518,-2.6210124,162.3519,47.4504,207.639,0.0,6.001,21.201,52.08,0.0,88.72636,0.0,0.0,450.0,214.125,2083.0,0.0,-7.4453125,0.09863281,109.20238,15187.307,15117.258,1100.0834,501.48517,19.308445,23.844128,0.0,2.3795283,4.0,42.6651,28.475801,18.374977,16.124979,1.656,0.0,-30.070312,0.08123779,0.0,0.0,0.0,0.0,0.0,0.89746094,0.9091797,55.65796,2.3437843,83.53255,83.93363,0.0,106.999985,21.191406,1.0,112.59371,84.07837,471.0,543.375,0.035743922,92.6875,0.0,92.25,11.670634,49.99997,38.50708,1.0,66.36,24.375,0.0,-83.36487,71.875,0.0,3.6523438,66.21,66.32,65.84,65.89,0
150355.34,0.3005748,0.34425372,0.30076054,0.30160168,101.5989,18.796984,13.975374,-2.6082504,162.44318,47.477077,207.639,0.0,6.001,21.201,52.08,0.0,88.72545,0.0,0.0,450.0,214.125,2083.0,0.0,-7.171875,0.09869385,109.22726,15111.42,15118.85,1100.0834,501.48517,20.664911,23.801739,0.0,2.216119,4.0,43.415833,28.485365,18.374977,16.124979,1.648,0.0,-30.046875,0.08081055,0.0,0.0,0.0,0.0,0.0,0.8964844,0.9091797,55.662537,2.3437738,83.620514,83.935715,0.0,106.999985,21.191406,1.0,112.73467,84.111534,471.0,543.375,-0.12765485,93.09375,0.0,92.21875,11.670634,49.99997,38.8916,1.0,66.14,24.25,0.0,-83.88672,72.03369,0.0,3.6523438,66.29,66.23,65.97,66.17,0
150355.39,0.32045984,0.3627015,0.3009281,0.3016441,101.5989,18.796984,13.972215,-2.5972128,168.43785,49.32367,207.639,0.0,6.001,21.201,52.08,0.0,88.724724,0.0,0.0,450.375,214.125,2087.0,0.0,-7.3515625,0.09869385,109.25213,15101.868,15117.258,1100.0834,501.48517,20.156237,23.801739,0.0,2.085393,4.0,43.10913,28.49397,18.374977,16.124979,1.636,0.0,-30.023438,0.08105469,0.0,0.0,0.0,0.0,0.0,0.89746094,0.91015625,55.651855,2.3437667,83.696594,83.909966,0.0,106.999985,21.191406,1.0,112.89221,84.10324,471.0,543.375,-0.25837386,93.09375,0.0,92.21875,11.670634,49.99997,39.074707,1.0,66.34,24.3125,0.0,-84.09119,71.94824,0.0,3.6523438,66.32,66.46,65.92,66.11,0
150355.42,0.3163679,0.3888306,0.30193192,0.3016865,101.5989,18.796984,13.970003,-2.5954695,174.23695,50.972927,207.639,0.0,6.001,21.201,52.08,0.0,88.724144,0.0,0.0,450.375,214.125,2085.0,0.0,-7.8125,0.09906006,109.268715,15062.599,15127.341,1100.0834,501.48517,21.533897,23.822933,0.0,1.9808125,4.0,43.902588,28.501717,18.374977,16.124979,1.636,0.0,-30.101562,0.08062744,0.0,0.0,0.0,0.0,0.0,0.89746094,0.91015625,55.674744,2.3437617,83.70861,83.836395,0.0,106.999985,21.191406,1.0,113.11609,84.08666,471.0,543.75,-0.36294907,93.8125,0.0,92.25,11.670634,49.99997,39.42871,1.0,66.36,24.1875,0.0,-84.54895,72.13745,0.0,3.6523438,66.23,66.17,65.84,65.92,0
150355.47,0.2930943,0.39928225,0.30096394,0.30062675,101.5989,18.796984,13.986033,-2.5914285,174.33861,51.05159,207.639,0.0,6.001,21.201,52.08,0.0,88.72368,0.0,0.0,450.375,214.125,2087.0,0.0,-7.9609375,0.09906006,109.27701,15112.481,15122.564,1100.0834,501.48517,21.385534,23.75935,0.0,1.8971488,4.0,43.858337,28.508688,18.374977,16.124979,1.636,0.0,-30.335938,0.07989502,0.0,0.0,0.0,0.0,0.0,0.8984375,0.9091797,55.680847,2.343758,83.736465,83.715866,0.0,106.999985,21.191406,1.0,113.30679,84.01203,471.0,544.125,-0.44660926,93.40625,0.0,92.125,11.670634,49.99997,39.56299,1.0,66.31,23.96875,0.0,-85.131836,72.3938,0.0,3.6523438,66.51,66.54,66.11,66.02,0
150355.5,0.27447546,0.4034629,0.29964733,0.3016865,101.5989,18.796984,13.973817,-2.606859,174.37721,51.111828,207.639,0.0,6.001,21.201,52.08,0.0,88.723305,0.0,0.0,450.0,214.125,2089.0,0.0,-7.640625,0.09979248,109.35163,15148.036,15127.871,1100.0834,501.75052,20.050262,23.780544,0.0,1.8302183,4.0,43.074036,28.514961,18.374977,16.124979,1.656,0.0,-30.375,0.08081055,0.0,0.0,0.0,0.0,0.0,0.89941406,0.91015625,55.66864,2.3437557,83.630104,83.976036,0.0,106.999985,21.191406,1.0,113.39801,84.045204,471.0,543.75,-0.5135374,92.5625,0.0,92.21875,11.670634,49.99997,39.72168,1.0,66.48,24.25,0.0,-85.47058,72.16797,0.0,3.6523438,66.44,66.44,66.11,66.27,0
150355.55,0.25958037,0.38638517,0.29940075,0.30160168,101.5989,18.796984,13.971125,-2.5928397,168.44655,49.444393,207.639,0.0,6.001,21.201,52.08,0.0,88.72301,0.0,0.0,450.75,214.125,2092.0,0.0,-7.28125,0.099731445,109.28529,15204.288,15086.479,1100.0834,501.75052,19.032913,23.58979,0.0,1.7766739,4.0,42.529297,28.520607,18.374977,16.124979,1.632,0.0,-30.3125,0.08068848,0.0,0.0,0.0,0.0,0.0,0.9013672,0.9091797,55.664062,2.3437538,83.72674,84.07033,0.0,106.999985,21.191406,1.0,113.59701,84.12812,471.375,543.375,-0.5670799,92.46875,0.0,92.21875,11.670634,49.99997,39.990234,1.0,66.64,24.21875,0.0,-85.687256,72.20459,0.0,3.6523438,66.48,66.49,66.02,66.4,0
150355.58,0.26766428,0.3795541,0.30163655,0.3016441,101.5989,18.796984,13.96924,-2.596063,168.35211,49.463913,207.639,0.0,6.001,21.201,52.08,0.0,88.72277,0.0,0.0,450.75,214.125,2094.0,0.0,-7.3359375,0.099731445,109.268715,15165.019,15133.708,1100.0834,501.75052,19.944288,23.801739,0.0,1.7338388,4.0,43.040466,28.525688,18.374977,16.124979,1.632,0.0,-29.9375,0.08111572,0.0,0.0,0.0,0.0,0.0,0.8984375,0.91015625,55.670166,2.3437526,83.70452,83.999504,0.0,106.999985,21.191406,1.0,113.81259,84.161285,471.375,543.375,-0.6099139,93.53125,0.0,92.25,11.670634,49.99997,40.307617,1.0,66.5,24.34375,0.0,-86.09314,72.058105,0.0,3.6523438,66.62,66.72,66.21,65.92,0
150355.62,0.27413142,0.35807166,0.30042985,0.30177125,101.5989,18.796984,13.967921,-2.6123657,162.42714,47.814243,207.639,0.0,6.001,21.201,52.08,0.0,88.72258,0.0,0.0,450.75,214.125,2098.0,0.0,-7.375,0.099731445,109.29359,15109.298,15113.013,1100.0834,501.75052,20.495354,23.653376,0.0,1.6995709,4.0,43.32428,28.530262,18.374977,16.124979,1.624,0.0,-29.976562,0.08166504,0.0,0.0,0.0,0.0,0.0,0.9013672,0.91015625,55.670166,2.343752,83.59215,83.969055,0.0,106.999985,21.191406,1.0,113.97014,84.13641,471.375,543.375,-0.6441811,92.90625,0.0,92.34375,11.670634,49.99997,40.551758,1.0,66.63,24.5,0.0,-86.34338,71.8689,0.0,3.6523438,66.59,66.49,66.32,66.21,0
150355.69,0.27930513,0.34947866,0.3006781,0.30177125,101.5989,18.796984,13.972857,-2.6071148,162.41667,47.856743,207.639,0.0,6.001,21.201,52.08,0.0,88.72243,0.0,0.0,450.75,214.125,2100.0,0.0,-7.3828125,0.09979248,109.34334,15135.831,15125.218,1100.0834,501.75052,20.452963,23.738155,0.0,1.6721566,4.0,43.32428,28.534378,18.374977,16.124979,1.628,0.0,-30.0,0.08166504,0.0,0.0,0.0,0.0,0.0,0.90234375,0.91015625,55.670166,2.3437514,83.62834,83.94839,0.0,106.999985,21.191406,1.0,114.04477,84.14471,471.375,543.375,-0.67159486,93.0,0.0,92.34375,11.670634,49.99997,40.649414,1.0,66.58,24.5,0.0,-86.553955,71.875,0.0,3.6523438,66.68,66.91,66.23,66.56,0
150355.72,0.2634441,0.3460415,0.30123216,0.30172887,101.5989,18.796984,13.964594,-2.6023054,162.4465,47.888325,207.639,0.0,6.001,21.201,52.08,0.0,88.722305,0.0,0.0,450.75,214.125,2101.0,0.0,-7.3828125,0.09979248,109.34334,15130.524,15137.954,1100.0834,501.75052,20.601326,23.780544,0.0,1.650225,4.0,43.403625,28.538082,18.374977,16.124979,1.628,0.0,-30.054688,0.081970215,0.0,0.0,0.0,0.0,0.0,0.9013672,0.91015625,55.68695,2.343751,83.66149,83.88409,0.0,106.999985,21.191406,1.0,114.218895,84.12812,471.375,543.375,-0.6935259,93.25,0.0,92.375,11.670634,49.99997,40.89966,1.0,66.71,24.59375,0.0,-87.00256,71.77124,0.0,3.6523438,66.78,66.76,66.38,66.29,0
150355.75,0.25075528,0.3634166,0.2993706,0.30181366,101.5989,18.796984,13.964668,-2.5981405,168.46948,49.663868,207.639,0.0,6.001,21.201,52.08,0.0,88.722206,0.0,0.0,450.75,214.125,2101.0,0.0,-7.4140625,0.09979248,109.34334,15128.401,15140.076,1100.0834,501.75052,20.898054,23.75935,0.0,1.4764298,4.0,43.585205,28.541416,18.374977,16.124979,1.628,0.0,-30.335938,0.081726074,0.0,0.0,0.0,0.0,0.0,0.9013672,0.91015625,55.69458,2.3437505,83.6902,84.12186,0.0,106.999985,21.191406,1.0,114.29352,84.15299,471.375,543.375,-0.86732066,92.46875,0.0,92.375,11.670634,49.99997,41.02173,1.0,66.82,24.53125,0.0,-86.93237,71.85669,0.0,3.6523438,66.95,66.8,66.21,66.23,0
150355.8,0.22060423,0.37036666,0.3005794,0.3019408,101.5989,18.796984,13.958861,-2.5688179,168.57826,49.743244,207.639,0.0,6.001,21.201,52.08,0.0,88.72213,0.0,0.0,450.375,214.125,2103.0,0.0,-7.484375,0.09979248,109.36822,15196.858,15148.036,1100.0834,501.75052,19.308445,23.801739,0.0,1.337394,4.0,42.68799,28.544416,18.374977,16.124979,1.64,0.0,-30.375,0.08215332,0.0,0.0,0.0,0.0,0.0,0.9013672,0.91015625,55.68695,2.3437505,83.89232,84.163025,0.0,106.999985,21.191406,1.0,114.451065,84.21933,471.375,543.375,-1.0063565,92.9375,0.0,92.40625,11.670634,49.99997,41.241455,1.0,66.79,24.65625,0.0,-86.93237,71.710205,0.0,3.6523438,66.78,66.78,66.62,66.4,0
150355.83,0.23648338,0.37314668,0.30151743,0.30198318,101.5989,18.796984,13.966516,-2.570137,168.60652,49.84621,207.639,0.0,6.001,21.201,52.08,0.0,88.72207,0.0,0.0,450.375,214.125,2107.0,0.0,-7.875,0.09979248,109.335045,15130.524,15134.239,1100.0834,501.75052,20.537743,23.67457,0.0,1.2261653,4.0,43.380737,28.547117,18.374977,16.124979,1.64,0.0,-30.375,0.08258057,0.0,0.0,0.0,0.0,0.0,0.9003906,0.9111328,55.699158,2.3437505,83.883224,84.01702,0.0,106.999985,21.191406,1.0,114.633484,84.21933,471.375,543.75,-1.1175852,93.625,0.0,92.40625,11.670634,49.99997,41.4917,1.0,66.89,24.78125,0.0,-87.020874,71.55762,0.0,3.6523438,66.76,66.7,66.51,66.62,0
150355.88,0.22918671,0.3742587,0.30181915,0.30138978,101.5989,18.796984,13.977733,-2.576248,168.42612,49.81651,207.639,0.0,6.001,21.201,52.08,0.0,88.722015,0.0,0.0,450.375,214.125,2108.0,0.0,-8.15625,0.09979248,109.359924,15111.42,15137.423,1100.0834,501.75052,20.770885,23.695765,0.0,1.1371824,4.0,43.49518,28.54955,18.374977,16.124979,1.632,0.0,-30.375,0.082092285,0.0,0.0,0.0,0.0,0.0,0.89941406,0.9111328,55.693054,2.3437505,83.8411,83.83479,0.0,106.999985,21.191406,1.0,114.824196,84.161285,471.375,544.125,-1.2065681,93.75,0.0,92.46875,11.670634,49.99997,41.82129,1.0,66.76,24.625,0.0,-87.10632,71.728516,0.0,3.6523438,66.91,66.99,66.27,66.62,0
150355.9,0.24334937,0.3747035,0.30146226,0.30134737,101.5989,18.796984,13.9738655,-2.5781784,168.54877,49.900085,207.639,0.0,6.001,21.201,52.08,0.0,89.02273,0.0,0.0,450.375,214.125,2110.0,0.0,-7.890625,0.099853516,109.40138,15103.991,15147.506,1100.0834,502.01587,20.580132,23.716959,0.0,1.065996,4.0,43.370056,28.551737,18.374977,16.124979,1.636,0.0,-30.375,0.08227539,0.0,0.0,0.0,0.0,0.0,0.90234375,0.9111328,55.699158,2.3437505,83.8278,83.945564,0.0,106.999985,21.191406,1.0,114.75786,84.13641,471.375,544.125,-1.2777544,93.59375,0.0,92.4375,11.670634,49.99997,41.68091,1.0,67.0,24.6875,0.0,-86.80115,71.673584,0.0,3.6523438,66.86,66.95,66.84,66.48,0
150355.95,0.2146795,0.37488142,0.30350566,0.30160168,101.5989,18.796984,13.9653,-2.5539095,168.71387,49.90162,207.639,0.0,6.001,21.201,52.08,0.0,89.2633,0.0,0.0,450.375,214.125,2108.0,0.0,-7.359375,0.09979248,109.39309,15135.831,15144.853,1100.0834,502.01587,20.728495,23.716959,0.0,1.0090469,4.0,43.48297,28.553705,18.374977,16.124979,1.632,0.0,-30.140625,0.08227539,0.0,0.0,0.0,0.0,0.0,0.90625,0.9111328,55.70984,2.3437505,83.99508,83.93513,0.0,106.999985,21.191406,1.0,114.99002,84.14471,471.375,543.375,-1.3347036,94.4375,0.0,92.5,11.670634,49.99997,42.053223,1.0,67.06,24.6875,0.0,-87.020874,71.66748,0.0,3.6523438,66.84,66.97,66.68,66.7,0
150355.98,0.2117436,0.3562026,0.30451512,0.3012626,101.5989,18.796984,13.965162,-2.55844,162.54355,48.16781,207.639,0.0,6.001,21.201,52.08,0.0,89.155,0.0,0.0,450.375,214.125,2112.0,0.0,-7.3671875,0.099853516,109.409676,15182.0,15155.997,1100.0834,502.01587,20.410574,23.75935,0.0,0.9634876,4.0,43.392944,28.555477,18.374977,16.124979,1.632,0.0,-29.703125,0.082458496,0.0,0.0,0.0,0.0,0.0,0.9042969,0.9121094,55.711365,2.3437505,83.96385,83.7987,0.0,106.999985,21.191406,1.0,115.09781,84.10324,471.375,543.375,-1.3802629,95.0,0.0,92.46875,11.670634,49.99997,42.1875,1.0,66.95,24.75,0.0,-86.93237,71.61255,0.0,3.6523438,67.1,66.99,66.62,66.92,0
150356.03,0.18939488,0.36748105,0.30382583,0.30151692,101.5989,18.796984,13.965067,-2.5779426,168.59999,50.03353,207.639,0.0,6.001,21.201,52.08,0.0,89.06836,0.0,0.0,450.375,214.125,2115.0,0.0,-7.4296875,0.099853516,109.44284,15103.991,15162.364,1100.0834,502.01587,21.300755,23.75935,0.0,0.9270402,4.0,43.858337,28.557072,18.374977,16.124979,1.632,0.0,-29.914062,0.08312988,0.0,0.0,0.0,0.0,0.0,0.90625,0.9121094,55.718994,2.3437505,83.82942,83.81938,0.0,106.999985,21.191406,1.0,115.16415,84.070076,471.375,543.375,-1.4167103,94.5625,0.0,92.53125,11.670634,49.99997,42.315674,1.0,67.05,24.9375,0.0,-86.93237,71.380615,0.0,3.6523438,67.06,67.1,66.64,66.89,0
150356.06,0.1915159,0.37199244,0.30289406,0.30143216,101.5989,18.796984,13.976719,-2.575493,168.74065,50.07527,207.639,0.0,6.001,21.201,52.08,0.0,88.999054,0.0,0.0,450.75,214.125,2115.0,0.0,-7.6796875,0.09991455,109.46771,15114.6045,15164.487,1100.0834,502.01587,21.110003,23.780544,0.0,0.8978822,4.0,43.756104,28.558508,18.374977,16.124979,1.632,0.0,-29.9375,0.08312988,0.0,0.0,0.0,0.0,0.0,0.90625,0.9121094,55.71747,2.3437505,83.846306,83.80677,0.0,106.999985,21.191406,1.0,115.35486,84.08666,471.75,543.75,-1.4458683,94.25,0.0,92.53125,11.670634,49.99997,42.608643,1.0,67.06,24.9375,0.0,-86.9751,71.38672,0.0,3.6523438,67.19,66.95,66.84,66.84,0
150356.11,0.19321272,0.373797,0.30250648,0.30138978,101.5989,18.796984,13.973156,-2.5798,168.72685,50.165874,207.639,0.0,6.001,21.201,52.08,0.0,89.244354,0.0,0.0,450.75,214.125,2119.0,0.0,-7.84375,0.10058594,109.46771,15118.85,15168.202,1100.0834,502.2812,21.088806,23.75935,0.0,0.8745558,4.0,43.743896,28.5598,18.374977,16.124979,1.632,0.0,-30.203125,0.08343506,0.0,0.0,0.0,0.0,0.0,0.90527344,0.9121094,55.722046,2.3437505,83.81662,83.91221,0.0,106.999985,21.191406,1.0,115.43778,84.070076,471.75,543.75,-1.4691947,94.125,0.0,92.59375,11.670634,49.99997,42.718506,1.0,67.14,25.03125,0.0,-86.93237,71.36841,0.0,3.6523438,67.21,67.34,66.95,66.89,0
150356.14,0.21457018,0.3557688,0.3010617,0.30232233,101.5989,18.796984,13.9765215,-2.5459204,162.54419,48.350452,207.639,0.0,6.001,21.201,52.08,0.0,89.4406,0.0,0.0,450.75,214.125,2120.0,0.0,-7.8046875,0.10058594,109.476006,15130.524,15155.997,1100.0834,502.2812,21.131197,23.738155,0.0,0.8558947,4.0,43.77899,28.560963,18.374977,16.124979,1.64,0.0,-30.671875,0.08416748,0.0,0.0,0.0,0.0,0.0,0.90625,0.9121094,55.7312,2.3437505,84.05015,84.19147,0.0,106.999985,21.191406,1.0,115.512405,84.13641,471.75,543.75,-1.4878558,93.1875,0.0,92.625,11.670634,49.99997,42.816162,1.0,67.32,25.25,0.0,-86.9751,71.118164,0.0,3.6523438,67.34,67.1,66.76,66.78,0
150356.19,0.23165615,0.34855753,0.30358556,0.3016865,101.5989,18.796984,13.973018,-2.5350113,162.60742,48.369267,207.639,0.0,6.001,21.201,52.08,0.0,89.597595,0.0,0.0,450.75,214.125,2120.0,0.0,-7.75,0.1005249,109.44284,15150.159,15160.772,1100.0834,502.2812,20.643717,23.716959,0.0,0.84096587,4.0,43.50586,28.56201,18.374977,16.124979,1.64,0.0,-30.460938,0.083618164,0.0,0.0,0.0,0.0,0.0,0.90527344,0.9121094,55.725098,2.3437505,84.12534,84.00013,0.0,106.999985,21.191406,1.0,115.59533,84.161285,471.75,543.75,-1.5027846,94.4375,0.0,92.625,11.670634,49.99997,42.95044,1.0,67.25,25.09375,0.0,-86.93237,71.295166,0.0,3.6523438,67.31,67.33,66.85,66.91,0
150356.22,0.24532492,0.326923,0.30349135,0.3016441,101.5989,18.796984,13.964706,-2.5350444,156.23851,46.56245,207.639,0.0,6.001,21.201,52.08,0.0,89.72319,0.0,0.0,450.75,214.125,2124.0,0.0,-7.671875,0.10058594,109.51746,15148.036,15138.484,1100.0834,502.2812,20.452963,23.547401,0.0,0.82902277,4.0,43.392944,28.562952,18.374977,16.124979,1.628,0.0,-30.429688,0.08404541,0.0,0.0,0.0,0.0,0.0,0.9042969,0.9121094,55.72357,2.3437505,84.125114,83.991165,0.0,106.999985,21.191406,1.0,115.669945,84.186165,471.75,543.75,-1.5147277,94.4375,0.0,92.6875,11.670634,49.99997,43.029785,1.0,67.32,25.21875,0.0,-86.88965,71.16089,0.0,3.6523438,67.35,67.44,67.24,66.91,0
150356.27,0.23625994,0.3182692,0.30360273,0.3016441,101.5989,18.796984,13.976466,-2.5362554,156.2807,46.575027,207.639,0.0,6.001,21.201,52.08,0.0,89.82367,0.0,0.0,450.75,214.125,2124.0,0.0,-7.59375,0.10058594,109.49259,15171.386,15168.202,1100.0834,502.2812,20.495354,23.716959,0.0,0.66321826,4.0,43.437195,28.563799,18.374977,16.124979,1.628,0.0,-30.320312,0.084228516,0.0,0.0,0.0,0.0,0.0,0.9042969,0.9121094,55.72815,2.3437505,84.11677,83.97857,0.0,106.999985,21.191406,1.0,115.72799,84.16958,471.75,543.75,-1.6805322,94.46875,0.0,92.6875,11.670634,49.99997,43.096924,1.0,67.46,25.28125,0.0,-86.75842,71.09375,0.0,3.6523438,67.39,67.31,66.97,67.14,0
150356.3,0.26900795,0.31480768,0.30346775,0.301305,101.5989,18.796984,13.97298,-2.526711,156.3074,46.648777,207.639,0.0,6.001,21.201,52.08,0.0,89.90405,0.0,0.0,450.75,214.5,2127.0,0.0,-7.609375,0.10058594,109.50917,15135.831,15187.307,1100.0834,502.2812,21.025223,23.632181,0.0,0.6868247,4.0,43.733215,28.564562,18.374977,16.499979,1.628,0.0,-30.335938,0.084228516,0.0,0.0,0.0,0.0,0.0,0.9082031,0.9121094,55.72357,2.3437505,84.182556,83.98676,0.0,106.999985,21.191406,1.0,115.835785,84.186165,471.75,543.75,-1.6569258,94.71875,0.0,92.75,11.670634,49.99997,43.2312,1.0,67.5,25.28125,0.0,-86.846924,71.09375,0.0,3.6523438,67.52,67.57,67.06,67.06,0
150356.36,0.29520637,0.3321731,0.30253553,0.30198318,101.5989,18.796984,13.982258,-2.582256,162.66968,48.547554,207.639,0.0,6.001,21.201,52.08,0.0,89.96835,0.0,0.0,450.75,214.5,2127.0,0.0,-7.8984375,0.10058594,109.51746,15040.841,15111.951,1100.0834,502.2812,21.152391,23.27187,0.0,0.7057098,4.0,43.733215,28.565248,18.749975,16.499979,1.62,0.0,-30.242188,0.084350586,0.0,0.0,0.0,0.0,0.0,0.9091797,0.9121094,55.708313,2.3437505,83.79969,83.84819,0.0,106.999985,21.191406,1.0,116.00991,84.15299,471.75,544.125,-1.6380407,94.40625,0.0,92.75,11.670634,49.99997,43.267822,1.0,67.43,25.3125,0.0,-87.0636,71.05713,0.0,3.6523438,67.44,67.35,67.16,67.06,0
150356.39,0.3161651,0.33911926,0.3030328,0.301305,101.5989,18.796984,13.988752,-2.6352963,162.66452,48.568836,207.639,0.0,6.001,21.201,52.08,0.0,90.0198,0.0,0.0,450.75,214.5,2128.0,0.0,-8.0859375,0.10064697,109.55063,15098.684,15131.055,1100.0834,502.2812,20.431768,23.208284,0.0,0.7208179,4.0,43.347168,28.565866,18.749975,16.499979,1.62,0.0,-29.695312,0.08416748,0.0,0.0,0.0,0.0,0.0,0.9111328,0.9121094,55.71289,2.3437505,83.43409,83.551125,0.0,106.999985,21.191406,1.0,116.08453,84.045204,471.75,544.125,-1.6229326,94.53125,0.0,92.78125,11.670634,49.99997,43.371582,1.0,67.52,25.25,0.0,-86.93237,71.12427,0.0,3.6523438,67.55,67.47,67.07,67.42,0
150356.44,0.35293207,0.34189773,0.29882166,0.30160168,101.5989,18.796984,13.97572,-2.7046294,162.73683,48.613262,207.639,0.0,6.001,21.201,52.08,0.0,90.06095,0.0,0.0,451.125,214.5,2129.0,0.0,-7.9140625,0.10058594,109.51746,15072.15,15144.853,1100.0834,502.2812,21.27956,23.165895,0.0,0.73290443,4.0,43.84613,28.566423,18.749975,16.499979,1.604,0.0,-29.90625,0.084228516,0.0,0.0,0.0,0.0,0.0,0.91308594,0.9111328,55.718994,2.3437505,82.956184,83.72496,0.0,106.999985,21.191406,1.0,116.13429,83.953995,471.75,544.125,-1.610846,92.78125,0.0,92.8125,11.203809,49.99997,43.310547,1.0,67.57,25.28125,0.0,-86.846924,71.09375,0.0,3.6523438,67.44,67.61,67.19,67.19,0
150356.47,0.32234564,0.3430091,0.29767632,0.30147457,101.5989,18.796984,13.972457,-2.6810734,162.67343,48.594326,207.639,0.0,6.001,21.201,52.08,0.0,90.09387,0.0,0.0,450.75,214.5,2129.0,0.0,-7.546875,0.1005249,109.44284,15103.991,15097.623,1100.0834,502.2812,19.244862,22.826778,0.0,0.7425736,4.0,42.6651,28.566923,18.749975,16.499979,1.608,0.0,-29.976562,0.084228516,0.0,0.0,0.0,0.0,0.0,0.9160156,0.9111328,55.667114,2.3437505,83.11855,83.78821,0.0,106.999985,21.191406,1.0,116.24208,83.953995,471.75,543.75,-1.6011769,92.25,0.0,92.875,11.203809,49.99997,43.499756,1.0,67.7,25.28125,0.0,-86.88965,71.08765,0.0,3.6523438,67.57,67.76,67.1,67.19,0
150356.52,0.3378765,0.34345365,0.2992201,0.3015593,101.5989,18.796984,13.9643135,-2.6715765,162.79515,48.653522,207.639,0.0,6.001,21.201,52.08,0.0,90.12021,0.0,0.0,451.5,214.5,2130.0,0.0,-7.640625,0.10046387,109.384796,15089.132,15131.055,1100.0834,502.2812,20.113848,22.86917,0.0,0.750309,4.0,43.17627,28.567373,18.749975,16.499979,1.572,0.0,-30.203125,0.084472656,0.0,0.0,0.0,0.0,0.0,0.9169922,0.9111328,55.673218,2.3437505,83.18401,83.759796,0.0,106.999985,21.191406,1.0,116.33329,83.953995,471.75,543.75,-1.5934415,92.96875,0.0,92.8125,11.203809,49.99997,43.603516,1.0,67.57,25.34375,0.0,-86.93237,70.99609,0.0,3.6523438,67.69,67.76,67.29,67.55,0
150356.55,0.31030118,0.34363148,0.29797372,0.30177125,101.5989,18.796984,13.9761915,-2.6566207,162.87999,48.67888,207.639,0.0,6.001,21.201,52.08,0.0,90.14128,0.0,0.0,451.5,214.5,2130.0,0.0,-7.8984375,0.10046387,109.36822,15047.209,15131.055,1100.0834,502.2812,21.258366,22.763195,0.0,0.75649726,4.0,43.83545,28.56778,18.749975,16.499979,1.572,0.0,-30.304688,0.08465576,0.0,0.0,0.0,0.0,0.0,0.9199219,0.9111328,55.677795,2.3437505,83.2871,83.89027,0.0,106.999985,21.191406,1.0,116.29184,83.97887,471.75,544.125,-1.5872532,92.46875,0.0,92.90625,11.203809,49.99997,43.530273,1.0,67.73,25.40625,0.0,-86.80115,70.93506,0.0,3.6523438,67.65,67.73,67.41,67.57,0
150356.6,0.32824093,0.3437026,0.300424,0.3016865,101.5989,18.796984,13.978646,-2.6329277,162.64261,48.72204,207.639,0.0,6.001,21.201,52.08,0.0,90.15814,0.0,0.0,451.125,214.5,2135.0,0.0,-7.9375,0.1005249,109.40138,15084.887,15142.199,1100.0834,502.54654,20.474157,22.763195,0.0,0.9176979,4.0,43.392944,28.568144,18.749975,16.499979,1.592,0.0,-30.335938,0.08508301,0.0,0.0,0.0,0.0,0.0,0.92578125,0.9111328,55.66101,2.3437505,83.45042,83.82912,0.0,106.999985,21.191406,1.0,116.30841,83.99545,471.75,544.125,-1.4260526,93.1875,0.0,92.90625,11.203809,49.99997,43.603516,1.0,67.66,25.53125,0.0,-86.75842,70.79468,0.0,3.6523438,67.65,67.73,67.16,67.35,0
150356.62,0.32259277,0.34373105,0.2997197,0.3016865,101.5989,18.796984,13.968646,-2.6165264,162.80649,48.793976,207.639,0.0,6.001,21.201,52.08,0.0,90.17163,0.0,0.0,451.5,214.5,2136.0,0.0,-7.8515625,0.1005249,109.409676,15098.684,15172.979,1100.0834,502.54654,20.813274,22.805584,0.0,1.0466584,4.0,43.608093,28.568472,18.749975,16.499979,1.568,0.0,-30.359375,0.08520508,0.0,0.0,0.0,0.0,0.0,0.9267578,0.9111328,55.6839,2.3437505,83.56347,83.88091,0.0,106.999985,21.191406,1.0,116.407906,84.02862,471.75,543.75,-1.2970921,93.125,0.0,92.96875,11.203809,49.99997,43.75,1.0,67.73,25.5625,0.0,-86.846924,70.75195,0.0,3.6523438,67.86,67.64,67.47,67.41,0
150356.67,0.3380742,0.34374243,0.3007666,0.301856,101.5989,18.796984,13.967505,-2.6068492,162.80133,48.81527,207.639,0.0,6.001,21.201,52.08,0.0,90.18242,0.0,0.0,451.5,214.5,2137.0,0.0,-7.578125,0.1005249,109.45113,15182.0,15169.794,1100.0834,502.54654,20.368185,22.720804,0.0,1.3060768,4.0,43.415833,28.568768,18.749975,16.499979,1.568,0.0,-30.28125,0.08532715,0.0,0.0,0.0,0.0,0.0,0.9316406,0.9121094,55.67932,2.3437505,83.63017,83.91229,0.0,106.999985,21.191406,1.0,116.38305,84.06178,471.75,543.75,-1.0376737,93.65625,0.0,93.0625,11.203809,49.99997,43.719482,1.0,67.84,25.59375,0.0,-86.80115,70.71533,0.0,3.6523438,67.75,67.77,67.49,67.42,0
150356.7,0.3304594,0.343747,0.3021315,0.30189842,101.5989,18.796984,13.9549885,-2.5915868,162.74362,48.86647,207.639,0.0,6.001,21.201,52.08,0.0,90.19105,0.0,0.0,451.5,214.5,2140.0,0.0,-7.5234375,0.1005249,109.45943,15138.484,15195.267,1100.0834,502.54654,20.050262,22.78439,0.0,1.5136116,4.0,43.188477,28.569033,18.749975,16.499979,1.584,0.0,-30.015625,0.08569336,0.0,0.0,0.0,0.0,0.0,0.93652344,0.9121094,55.667114,2.3437505,83.735374,83.90188,0.0,106.999985,21.191406,1.0,116.43279,84.0535,472.125,543.75,-0.830139,94.125,0.0,93.0625,11.670634,49.99997,43.829346,1.0,67.79,25.71875,0.0,-86.88965,70.58716,0.0,3.6523438,67.86,67.86,67.39,67.58,0
150356.75,0.3043675,0.3249988,0.30263802,0.302068,101.5989,18.796984,13.957945,-2.58182,156.41211,47.07506,207.639,0.0,6.001,21.201,52.08,0.0,90.19795,0.0,0.0,451.875,214.5,2145.0,0.0,-8.09375,0.10058594,109.51746,15020.675,15230.821,1100.0834,502.54654,22.29691,22.953947,0.0,1.6796393,4.0,44.470215,28.569273,18.749975,16.499979,1.56,0.0,-30.304688,0.08654785,0.0,0.0,0.0,0.0,0.0,0.93847656,0.91308594,55.696106,2.3437505,83.8027,83.88857,0.0,106.999985,21.191406,1.0,116.548874,84.070076,472.125,544.125,-0.6641112,94.40625,0.0,93.15625,11.670634,49.99997,44.03076,1.0,68.02,25.96875,0.0,-86.9751,70.30029,0.0,3.6523438,68.03,68.09,67.52,67.52,0
150356.78,0.28349403,0.31749952,0.3030787,0.302068,101.5989,18.796984,13.971733,-2.5710669,156.48456,47.118828,207.639,0.0,6.001,21.201,52.08,0.0,90.203476,0.0,0.0,451.875,214.5,2146.0,0.0,-8.2109375,0.10064697,109.54234,15087.009,15172.447,1100.0834,502.81186,21.406729,22.508858,0.0,1.8124615,4.0,43.98346,28.569489,18.749975,16.499979,1.56,0.0,-30.179688,0.086242676,0.0,0.0,0.0,0.0,0.0,0.94140625,0.91308594,55.673218,2.3437505,83.876816,83.84042,0.0,106.999985,21.191406,1.0,116.548874,84.0535,472.125,544.125,-0.531289,94.53125,0.0,93.1875,11.670634,49.99997,44.03076,1.0,68.07,25.875,0.0,-86.80115,70.41626,0.0,3.6523438,67.99,68.07,67.64,67.67,0
150356.83,0.24679522,0.3144998,0.30328277,0.30312774,101.5989,18.796984,13.981385,-2.5764372,156.51987,47.129456,207.639,0.0,6.001,21.201,52.08,0.0,90.20789,0.0,0.0,451.875,214.125,2146.0,0.0,-7.75,0.10064697,109.55892,15226.045,15215.432,1100.0834,502.81186,20.135042,22.678415,0.0,1.9187193,4.0,43.33496,28.569683,18.749975,16.124979,1.584,0.0,-30.070312,0.08728027,0.0,0.0,0.0,0.0,0.0,0.9423828,0.91308594,55.69763,2.3437505,83.8398,83.94444,0.0,106.999985,21.191406,1.0,116.64008,84.03691,472.5,543.75,-0.4250312,94.34375,0.0,93.25,11.670634,49.99997,44.171143,1.0,68.02,26.1875,0.0,-86.80115,70.05615,0.0,3.6523438,68.09,68.2,67.69,67.8,0
150356.88,0.21743618,0.31329992,0.3047335,0.30312774,101.5989,18.796984,13.988141,-2.5727859,156.3726,47.17288,207.639,0.0,6.001,21.201,52.08,0.0,90.211426,0.0,0.0,452.25,214.125,2150.0,0.0,-7.9140625,0.101379395,109.63355,15244.088,15244.619,1100.0834,502.81186,20.495354,22.763195,0.0,2.1599755,4.0,43.562317,28.569857,18.749975,16.124979,1.564,0.0,-30.195312,0.08770752,0.0,0.0,0.0,0.0,0.0,0.9472656,0.9140625,55.715942,2.3437505,83.86497,83.93042,0.0,106.999985,21.191406,1.0,116.723,84.0535,472.5,544.125,-0.18377496,94.875,0.0,93.28125,11.670634,49.99997,44.32373,1.0,68.28,26.3125,0.0,-86.80115,70.01343,0.0,3.6523438,68.2,68.14,67.55,67.63,0
150356.9,0.21394894,0.29406998,0.30366802,0.3025767,101.5989,18.796984,13.975292,-2.532181,149.74678,45.174065,207.639,0.0,6.001,21.201,52.08,0.0,90.21426,0.0,0.0,451.875,214.5,2150.0,0.0,-7.859375,0.10101318,109.63355,15263.192,15155.466,1100.0834,502.81186,18.609018,22.25452,0.0,2.3529806,4.0,42.46216,28.570013,18.374977,16.499979,1.564,0.0,-30.351562,0.08685303,0.0,0.0,0.0,0.0,0.0,0.9511719,0.91308594,55.656433,2.3437505,84.14485,84.03859,0.0,106.999985,21.191406,1.0,116.756165,84.12812,472.5,543.75,0.009230018,94.8125,0.0,93.34375,11.670634,49.99997,44.317627,1.0,68.12,26.0625,0.0,-86.80115,70.251465,0.0,3.6523438,68.3,68.09,67.64,67.88,0
150356.94,0.21115914,0.30512798,0.3056392,0.30261907,101.5989,18.796984,13.978017,-2.5259018,156.51233,47.280907,207.639,0.0,6.001,21.201,52.08,0.0,90.21652,0.0,0.0,451.875,214.125,2153.0,0.0,-7.8671875,0.10064697,109.55063,15226.045,15224.984,1100.0834,502.81186,19.944288,22.508858,0.0,2.6636345,4.0,43.232727,28.570154,18.374977,16.124979,1.564,0.0,-30.101562,0.08770752,0.0,0.0,0.0,0.0,0.0,0.9472656,0.9140625,55.68695,2.3437505,84.18813,83.982216,0.0,106.999985,21.191406,1.0,116.93858,84.15299,472.5,543.75,0.31988397,95.5625,0.0,93.375,11.203809,49.99997,44.647217,1.0,68.23,26.3125,0.0,-86.9751,69.90967,0.0,3.6523438,68.17,68.33,67.91,67.8,0
150356.98,0.2089273,0.3283012,0.3020793,0.30283102,101.5989,18.796984,13.968205,-2.5927722,162.60045,49.120075,207.639,0.0,6.001,21.201,52.08,0.0,90.21833,0.0,0.0,452.25,214.125,2153.0,0.0,-7.984375,0.10101318,109.62526,15204.288,15149.098,1100.0834,502.81186,19.81712,21.936598,0.0,2.9121575,4.0,43.15338,28.570282,18.749975,16.124979,1.548,0.0,-30.265625,0.08709717,0.0,0.0,0.0,0.0,0.0,0.9560547,0.9140625,55.65033,2.3437505,83.7272,84.02422,0.0,106.999985,21.191406,1.0,117.04637,84.161285,472.5,544.125,0.5684072,94.125,0.0,93.4375,11.203809,49.99997,44.555664,1.0,68.27,26.125,0.0,-86.93237,70.17212,0.0,3.6523438,68.05,68.26,67.41,67.75,0
150357.03,0.18714184,0.3375705,0.3002666,0.30215278,101.5989,18.796984,13.961337,-2.612732,162.86559,49.17732,207.639,0.0,6.001,21.201,52.08,0.0,90.21978,0.0,0.0,451.875,214.5,2152.0,0.0,-8.265625,0.1003418,109.592094,15172.447,15119.38,1100.0834,502.81186,18.587822,21.915403,0.0,3.2672262,4.0,42.404175,28.570396,18.749975,16.499979,1.544,0.0,-30.304688,0.08673096,0.0,0.0,0.0,0.0,0.0,0.96191406,0.9121094,55.621338,2.3437505,83.58962,84.039276,0.0,106.999985,21.191406,1.0,117.18735,84.161285,472.125,544.5,0.92347574,93.34375,0.0,93.375,11.203809,49.99997,44.73877,1.0,68.21,26.03125,0.0,-86.93237,70.20264,0.0,3.6523438,68.34,68.43,67.77,68.09,0
150357.08,0.16971347,0.3412782,0.30239728,0.2944803,101.5989,18.796984,13.968248,-2.6321075,163.06372,49.237144,207.639,0.0,6.001,21.201,52.08,0.0,90.22094,0.0,0.0,452.25,214.5,2152.0,0.0,-8.0078125,0.099609375,109.500885,15213.84,15124.156,1100.0834,502.81186,18.630213,21.873014,0.0,3.707531,4.0,42.46216,28.5705,18.749975,16.499979,1.516,0.0,-30.21875,0.08081055,0.0,0.0,0.0,0.0,0.0,0.96191406,0.91308594,55.644226,2.3437505,83.45607,82.982414,0.0,106.999985,20.703125,1.0,117.12101,83.90424,472.125,544.125,1.3637805,94.5,0.0,90.0625,11.203809,49.99997,44.470215,1.0,68.25,24.25,0.0,-86.7157,72.14966,0.0,3.6523438,68.13,68.26,68.14,68.05,0
