Time,Accel. Lat (m/s2),Accel. Long (m/s2),Airmass (g/stk),Airmass SP (g/stk),Ambient Press (kpa),Ambient Temp (°C),Battery Volts (V),Boost (psi),Calc TQ (nm),Calc HP (hp),Calc 0-60mph (s),Calc 60-130mph (s),Calc 0-60ft (s),Calc 1/8mile (s),Calc 1/4mile (s),Comb Mode (),Coolant Temp (°C),Cruise (),DV Position (%),EOI Actual (°),EOI Limit (°),Engine Speed (rpm),Eth Content (%),Exh Cam Position (°),Exh Flow Factor (),Exh Pres Desired (kpa),FP DI (kpa),FP DI SP (kpa),FP MPI (kpa),FP MPI SP (kpa),Fuel Flow (mg/stk),Fuel Flow SP (mg/stk),Fuel Split MPI (),Fuel Trim (%),Gear (gear),HPFP Eff Vol (%),IAT (°C),Ign Table (°),Ign Avg (°),Inj PW DI (ms),Inj PW MPI (ms),Intake Cam Pos (°),Intake Flow Fact (),Knock Avg (°),Knock Cyl 1 (°),Knock Cyl 2 (°),Knock Cyl 3 (°),Knock Cyl 4 (°),Lambda (l),Lambda SP (l),LPFP Duty (%),LTFT (%),MAP (kpa),MAP SP (kpa),Misfires (),Oil Temp (°C),Pedal Pos (%),Port Flap Pos (%),PUT (kpa),PUT SP (kpa),SOI Actual (°),SOI Limit (°),STFT (%),Torque (Nm),Torque Lim (),Torque Req (Nm),TPS (%),Trans Temp (°C),Turbo Speed (rpm),Valve Lift Pos (),Vehicle Speed (km/h),WG Flow Des (kg/hr),WG I Value (%),WG P-D Value (%),WG Pos Base (%),WG Pos Final (%),WG Voltage (V),Wheel Speed FL (km/h),Wheel Speed FR (km/h),Wheel Speed RL (km/h),Wheel Speed RR (km/h),SimosTools [R2.12:2026_7_12:CB_HSL_SP2933_5G0906259L_0002_BasicsGuide_R08.bin]
10027.368,-0.05994709,-0.034219295,0.13364892,0.13539226,101.60196,21.804527,13.76086,-9.624794,0.0,0.0,315.518,0.0,9.319,31.197,42.436,0.0,96.24155,0.0,0.0,461.625,218.25,2528.0,0.0,-10.609375,0.08068848,105.34671,7102.516,7108.3535,1100.0834,514.752,12.441337,8.520302,0.0,-2.5914392,3.0,24.85199,35.338264,36.374954,20.249973,0.872,0.0,-6.6875,0.0,0.0,0.0,0.0,0.0,0.0,0.9970703,1.0800781,54.782104,0.7812499,35.2593,35.618877,0.0,108.00004,6.7382812,1.0,105.07309,80.96067,475.125,546.75,-3.372689,15.875,0.0,17.65625,7.0023804,64.99997,22.650146,1.0,55.21,0.0,0.0,-73.358154,99.998474,26.64032,3.6621094,55.22,55.22,55.16,55.04,0
10027.405,-0.04795767,-0.03243772,0.13190022,0.13653678,101.60165,21.804527,13.757602,-9.648137,0.0,0.0,315.518,0.0,9.319,31.197,42.436,0.0,96.24136,0.0,0.0,461.625,218.25,2526.0,0.0,-10.5546875,0.08068848,105.34671,7273.3926,7014.4243,1100.0834,514.752,9.961547,8.308354,0.0,-2.6981516,3.0,23.558044,35.338272,36.749954,20.249973,0.872,0.0,-7.453125,0.0,0.0,0.0,0.0,0.0,0.0,1.0205078,1.0800781,54.77295,0.7812499,35.098087,36.007008,0.0,108.00004,6.7382812,1.0,105.07309,80.96067,475.125,546.75,-3.4794014,15.09375,0.0,17.65625,7.0023804,64.99997,22.44873,1.0,55.31,0.0,0.0,-73.358154,99.998474,26.64032,3.6621094,55.34,55.22,54.9,55.13,0
10027.445,-0.038366135,-0.012975088,0.13035852,0.13636722,101.60137,21.804527,13.7553215,-9.675,15.509932,5.486255,315.518,0.0,9.319,31.197,42.436,0.0,96.24121,0.0,0.0,462.0,218.25,2521.0,0.0,-10.4375,0.08068848,105.34671,7065.369,7000.096,1100.0834,514.752,11.3815975,8.350743,0.0,-2.7835212,3.0,24.194336,35.413467,37.49995,20.249973,0.84,0.0,-7.4453125,0.0,0.0,0.0,0.0,0.0,0.0,1.0390625,1.0800781,54.74701,0.7812499,34.912655,36.134235,0.0,108.00004,6.7382812,1.0,105.07309,80.96067,475.125,546.375,-3.5647712,14.53125,0.0,17.53125,7.0023804,64.99997,22.467041,1.0,55.21,0.0,0.0,-73.358154,99.998474,26.64032,3.6621094,55.09,55.13,54.9,54.93,0
10027.488,-0.030692909,-0.0051900353,0.13178377,0.13619766,101.60112,21.804527,13.753725,-9.634038,15.439247,5.4569197,315.518,0.0,9.319,31.197,42.436,0.0,96.24109,0.0,0.0,462.375,218.25,2519.0,0.0,-10.359375,0.08068848,105.34671,7056.8784,7099.863,1100.0834,514.752,11.678324,8.477912,0.0,-2.8518171,3.0,24.363708,35.481144,36.749954,20.249973,0.836,0.0,-7.4921875,0.0,0.0,0.0,0.0,0.0,0.0,1.0546875,1.0800781,54.74701,0.7812499,35.19475,36.05879,0.0,108.00004,6.7382812,1.0,105.07309,80.96067,475.125,546.375,-3.633067,15.03125,0.0,17.53125,7.0023804,64.99997,22.790527,1.0,55.16,0.0,0.0,-73.358154,99.998474,26.64032,3.6621094,55.04,55.13,54.72,55.03,0
10027.525,-0.024554327,-0.0020760142,0.13587049,0.1401399,101.60089,21.804527,13.752607,-9.519092,15.466898,5.4732027,315.518,0.0,9.319,31.197,42.436,0.0,96.241,0.0,0.0,462.0,217.875,2522.0,0.0,-10.2890625,0.08135986,105.37159,7090.8413,7235.715,1100.0834,514.752,14.327672,8.774639,0.0,-2.9064536,3.0,26.089478,35.542053,34.499954,19.874975,0.84,0.0,-7.5,0.0,0.0,0.0,0.0,0.0,0.0,1.0693359,1.0800781,54.80652,0.7812499,35.98683,36.81852,0.0,108.00004,7.2265625,1.0,105.07309,80.96067,474.75,546.375,-3.6877036,16.65625,0.0,20.40625,7.0023804,64.99997,22.808838,1.0,55.24,0.0,0.0,-73.40698,99.998474,26.591492,3.6621094,55.34,55.19,55.01,54.82,0
10027.566,-0.059643462,-0.019580407,0.13756299,0.14772761,101.600685,21.804527,13.763544,-9.471138,0.0,0.0,315.518,0.0,9.319,31.197,42.436,0.0,96.24092,0.0,0.0,461.25,217.875,2526.0,0.0,-9.9609375,0.08270264,105.42134,7184.77,7415.613,1100.0834,514.752,14.1581135,9.071366,0.0,-2.793913,3.0,26.06659,35.59687,33.374958,19.874975,0.872,0.0,-7.5,0.0,0.0,0.0,0.0,0.0,0.0,1.0810547,1.0800781,54.815674,0.7812499,36.31716,38.319042,0.0,108.00004,7.421875,1.0,105.07309,80.96067,474.75,546.0,-3.575163,17.15625,0.0,21.5,7.469206,64.99997,23.19336,1.0,55.11,0.0,0.0,-73.33984,99.998474,26.65863,3.6621094,54.97,55.12,54.93,54.82,0
10027.608,-0.04771477,-0.026582163,0.14295304,0.14692219,101.6005,21.804527,13.75948,-9.281583,0.0,0.0,315.518,0.0,9.319,31.197,42.436,0.0,96.24086,0.0,0.0,461.25,217.5,2528.0,0.0,-10.0078125,0.08270264,105.42134,7335.481,7605.0625,1100.0834,514.752,15.811306,9.431678,0.0,-2.7038803,3.0,27.24762,35.646206,29.999962,19.499975,0.9,0.0,-8.3515625,0.0,0.0,0.0,0.0,0.0,0.0,1.0820312,1.0800781,54.91028,0.7812499,37.62356,38.412266,0.0,108.00004,7.421875,1.0,104.90725,80.96067,475.125,546.0,-3.4851303,19.40625,0.0,21.8125,7.469206,64.99997,23.077393,1.0,55.26,0.0,0.0,-73.09265,99.998474,26.905823,3.6621094,55.25,55.13,54.95,54.89,0
10027.647,-0.058171816,-0.048132867,0.14563952,0.14628635,101.60034,21.804527,13.756637,-9.163034,0.0,0.0,315.518,0.0,9.319,31.197,42.436,0.0,96.240814,0.0,0.0,461.25,217.875,2530.0,0.0,-10.0546875,0.08270264,105.42134,7640.6177,7708.5435,1100.0834,514.752,14.751568,9.558846,0.0,-2.6318545,3.0,26.930237,35.69061,29.999962,19.874975,0.9,0.0,-9.4296875,0.0,0.0,0.0,0.0,0.0,0.0,1.0742188,1.0800781,54.93622,0.7812499,38.440544,38.594738,0.0,108.00004,7.421875,1.0,105.03992,80.96067,475.125,546.0,-3.4131043,20.9375,0.0,22.0,7.469206,64.99997,23.278809,1.0,55.22,0.0,0.0,-73.29712,99.998474,26.701355,3.6621094,55.29,55.22,55.12,54.93,0
10027.689,-0.046537455,-0.038003147,0.14387366,0.14836347,101.6002,21.804527,13.766364,-9.151553,0.0,0.0,315.518,0.0,9.319,31.197,42.436,0.0,96.24077,0.0,0.0,460.125,217.875,2533.0,0.0,-10.1171875,0.08270264,105.42134,7830.598,7642.74,1100.0834,514.752,11.869078,9.431678,0.0,-2.7304835,3.0,25.352478,35.73057,29.999962,19.874975,0.952,0.0,-10.546875,0.0,0.0,0.0,0.0,0.0,0.0,1.0664062,1.0800781,54.951477,0.7812499,38.519535,39.116318,0.0,108.00004,7.6171875,1.0,105.07309,80.96067,474.75,546.0,-3.5117335,20.8125,0.0,23.09375,7.469206,64.99997,23.309326,1.0,55.19,0.0,0.0,-73.40698,99.998474,26.591492,3.6621094,55.06,55.22,54.9,54.97,0
10027.725,-0.057229966,-0.0152012585,0.14441665,0.14959276,101.60007,21.804527,13.749736,-9.118837,15.453337,5.4944234,315.518,0.0,9.319,31.197,42.436,0.0,96.24074,0.0,0.0,460.875,217.875,2534.0,0.0,-10.125,0.0836792,105.44621,7786.5522,7661.314,1100.0834,515.01733,12.186999,9.431678,0.0,-2.8093872,3.0,25.544739,35.766537,29.999962,19.874975,0.904,0.0,-11.109375,0.0,0.0,0.0,0.0,0.0,0.0,1.0615234,1.0800781,54.934692,0.7812499,38.74491,39.785683,0.0,108.00004,7.6171875,1.0,105.07309,80.96067,474.75,546.0,-3.590637,20.15625,0.0,23.0,7.469206,64.99997,23.309326,1.0,55.16,0.0,0.0,-73.33984,99.998474,26.65863,3.6621094,55.2,55.13,54.95,55.05,0
10027.768,-0.045783974,-0.0060805036,0.14557323,0.14929603,101.599945,21.804527,13.761534,-9.042553,15.441048,5.4878874,315.518,0.0,9.319,31.197,42.436,0.0,96.24071,0.0,0.0,461.25,217.875,2533.0,0.0,-10.1171875,0.0836792,105.44621,7727.648,7772.755,1100.0834,515.01733,14.136919,9.601235,0.0,-3.02876,3.0,26.725769,35.798904,29.999962,19.874975,0.884,0.0,-11.609375,0.0,0.0,0.0,0.0,0.0,0.0,1.0576172,1.0800781,54.953003,0.7812499,39.270615,40.01507,0.0,108.00004,7.6171875,1.0,105.07309,80.96067,474.75,546.0,-3.8100097,20.625,0.0,23.09375,7.469206,64.99997,23.41919,1.0,55.13,0.0,0.0,-73.38867,99.998474,26.609802,3.6621094,55.2,55.16,54.91,55.01,0
10027.805,-0.05662718,-0.0024322015,0.14704053,0.14849061,101.59984,21.804527,13.758074,-8.971685,15.359977,5.4569187,315.518,0.0,9.319,31.197,42.436,0.0,96.24069,0.0,0.0,460.5,217.5,2532.0,0.0,-9.8515625,0.08300781,105.42134,7854.4785,7818.9233,1100.0834,515.01733,13.628244,9.643625,0.0,-3.204258,3.0,26.577759,35.828037,29.999962,19.499975,0.92,0.0,-11.953125,0.0,0.0,0.0,0.0,0.0,0.0,1.0576172,1.0800781,54.995728,0.7812499,39.758987,40.06236,0.0,108.00004,7.6171875,1.0,105.07309,80.96067,474.75,546.0,-3.9855077,21.1875,0.0,23.15625,7.469206,64.99997,23.510742,1.0,55.12,0.0,0.0,-73.38867,99.998474,26.609802,3.6621094,55.1,55.2,54.72,54.88,0
10027.847,-0.025301747,-9.7288063E-4,0.14838386,0.14925364,101.59974,21.804527,13.755651,-8.930418,15.4027195,5.4699426,315.518,0.0,9.319,31.197,42.436,0.0,96.24068,0.0,0.0,460.875,217.5,2531.0,0.0,-9.8671875,0.0836792,105.44621,7973.349,7877.2974,1100.0834,515.01733,12.208194,9.728404,0.0,-3.344656,3.0,25.88501,35.854256,29.999962,19.499975,0.904,0.0,-12.28125,0.0,0.0,0.0,0.0,0.0,0.0,1.0605469,1.0800781,54.986572,0.7812499,40.04334,40.234814,0.0,108.00004,7.6171875,1.0,105.07309,80.96067,474.75,546.0,-4.125906,21.65625,0.0,23.15625,7.469206,64.99997,23.394775,1.0,55.01,0.0,0.0,-73.33984,99.998474,26.65863,3.6621094,55.05,55.06,54.8,54.84,0
10027.885,-2.4139881E-4,-3.8915226E-4,0.14926283,0.14849061,101.599655,21.804527,13.765675,-8.902568,15.408806,5.469942,315.518,0.0,9.319,31.197,42.436,0.0,96.24066,0.0,0.0,461.25,217.5,2530.0,0.0,-9.8359375,0.08300781,105.42134,8061.971,7877.2974,1100.0834,515.01733,10.364247,9.728404,0.0,-3.4569745,3.0,24.864197,35.877853,29.999962,19.499975,0.884,0.0,-12.25,0.0,0.0,0.0,0.0,0.0,0.0,1.0644531,1.0800781,54.995728,0.7812499,40.235226,40.059483,0.0,108.00004,7.6171875,1.0,105.07309,80.96067,474.75,546.0,-4.2382245,22.28125,0.0,23.25,7.469206,64.99997,23.394775,1.0,55.09,0.0,0.0,-73.33984,99.998474,26.65863,3.6621094,55.18,55.05,54.99,54.8,0
10027.925,-1.9311905E-4,-1.556609E-4,0.14818127,0.14840586,101.59958,21.804527,13.755113,-8.890333,15.43938,5.476463,315.518,0.0,9.319,31.197,42.436,0.0,96.24065,0.0,0.0,461.25,217.5,2528.0,0.0,-9.71875,0.08300781,105.42134,8033.8457,7817.8623,1100.0834,515.01733,9.452872,9.643625,0.0,-3.5468297,3.0,24.284363,35.89909,29.999962,19.499975,0.884,0.0,-12.3125,0.0,0.0,0.0,0.0,0.0,0.0,1.0664062,1.0800781,54.986572,0.7812499,40.319477,40.37021,0.0,108.00004,7.6171875,1.0,105.07309,80.96067,474.75,545.625,-4.3280797,21.59375,0.0,23.15625,7.469206,64.99997,23.35205,1.0,55.16,0.0,0.0,-73.40698,99.998474,26.591492,3.6621094,55.1,55.16,54.9,54.84,0
10027.968,0.019845504,-6.2264364E-5,0.1471349,0.1494232,101.59951,21.804527,13.765298,-8.949321,15.384202,5.450415,315.518,0.0,9.319,31.197,42.436,0.0,96.24063,0.0,0.0,461.25,217.5,2525.0,0.0,-9.625,0.0836792,105.44621,7968.0425,7719.157,1100.0834,515.01733,8.859418,9.516457,0.0,-3.6187139,3.0,23.910522,35.918205,29.624962,19.499975,0.876,0.0,-12.2265625,0.0,0.0,0.0,0.0,0.0,0.0,1.0693359,1.0800781,54.96521,0.7812499,39.91282,40.365623,0.0,108.00004,7.6171875,1.0,105.07309,80.96067,474.75,545.625,-4.399964,21.21875,0.0,23.15625,7.469206,64.99997,23.260498,1.0,55.08,0.0,0.0,-73.33984,99.998474,26.65863,3.6621094,55.01,55.06,54.68,54.82,0
10028.005,0.015876403,0.018725095,0.14579515,0.14988948,101.59945,21.804527,13.766568,-8.98801,49.595463,17.550127,315.518,0.0,9.319,31.197,42.436,0.0,96.24063,0.0,0.0,460.875,217.5,2522.0,0.0,-9.6328125,0.0836792,105.44621,7834.313,7691.562,1100.0834,515.01733,9.834378,9.389288,0.0,-3.676221,3.0,24.409485,35.93541,29.624962,19.499975,0.892,0.0,-12.0078125,0.0,0.0,0.0,0.0,0.0,0.0,1.0703125,1.0800781,54.93927,0.7812499,39.646072,40.45139,0.0,108.00004,7.6171875,1.0,105.07309,80.96067,474.75,545.625,-4.457471,20.75,0.0,23.0625,7.469206,64.99997,23.236084,1.0,55.07,0.0,0.0,-73.33984,99.998474,26.65863,3.6621094,55.06,55.04,54.89,54.97,0
10028.045,0.052701123,0.02624004,0.14561953,0.15277198,101.59939,21.804527,13.749879,-8.993074,49.635487,17.550362,315.518,0.0,9.319,31.197,42.436,0.0,96.24063,0.0,0.0,461.25,217.5,2520.0,0.0,-9.6953125,0.0836792,105.44621,7638.495,7720.749,1100.0834,514.752,11.911467,9.452872,0.0,-3.7222266,3.0,25.4776,35.950893,29.624962,19.499975,0.884,0.0,-12.0,0.0,0.0,0.0,0.0,0.0,0.0,1.0712891,1.0800781,54.93164,0.7812499,39.611103,41.050873,0.0,108.00004,7.8125,1.0,105.07309,80.96067,474.75,545.625,-4.5034766,20.65625,0.0,23.9375,7.469206,64.99997,23.236084,1.0,55.22,0.0,0.0,-73.33984,99.998474,26.65863,3.6621094,55.1,55.13,54.95,54.95,0
10028.088,0.062160898,0.029246017,0.15066716,0.15565445,101.599335,21.804527,13.7557745,-8.859508,49.549355,17.512953,315.518,0.0,9.319,31.197,42.436,0.0,96.24063,0.0,0.0,460.5,217.125,2519.0,0.0,-9.78125,0.084350586,105.47109,7649.639,7998.8213,1100.0834,514.752,15.090684,9.897963,0.0,-3.7590313,3.0,27.485657,35.96483,29.624962,19.124975,0.904,0.0,-11.921875,0.0,0.0,0.0,0.0,0.0,0.0,1.0732422,1.0800781,54.948425,0.7812499,40.53171,41.53038,0.0,108.00004,8.0078125,1.0,105.01505,80.96067,474.375,546.0,-4.5402813,22.53125,0.0,25.1875,7.936031,64.99997,23.724365,1.0,55.09,0.0,0.0,-73.291016,99.998474,26.707458,3.6621094,54.99,55.03,54.8,54.75,0
10028.127,0.06972872,0.030448407,0.15545669,0.15531535,101.59929,21.804527,13.754042,-8.721152,49.560112,17.530664,315.518,0.0,9.319,31.197,42.436,0.0,96.24063,0.0,0.0,459.75,217.5,2521.0,0.0,-9.796875,0.084350586,105.47109,7748.875,8155.3696,1100.0834,514.752,18.036758,10.131105,0.0,-3.788475,3.0,29.393005,35.977367,29.624962,19.499975,0.96,0.0,-12.1796875,0.0,0.0,0.0,0.0,0.0,0.0,1.0761719,1.0800781,55.038452,0.7812499,41.485336,41.437187,0.0,108.00004,8.0078125,1.0,105.07309,80.96067,474.375,546.0,-4.569725,24.9375,0.0,25.5,7.936031,64.99997,23.876953,1.0,55.1,0.0,0.0,-73.38562,99.998474,26.612854,3.6621094,54.97,55.1,54.8,54.89,0
10028.167,0.07578297,0.030929364,0.15397638,0.15332304,101.59924,21.804527,13.752829,-8.671389,49.532494,17.520895,315.518,0.0,9.319,31.197,42.436,0.0,96.24063,0.0,0.0,459.75,217.5,2521.0,0.0,-9.8125,0.084350586,105.47109,8064.6245,8080.014,1100.0834,514.752,16.277592,10.046326,0.0,-3.6557798,3.0,28.61023,35.988655,29.624962,19.499975,0.96,0.0,-13.1171875,0.0,0.0,0.0,0.0,0.0,0.0,1.0820312,1.0800781,55.033875,0.7812499,41.828304,41.683605,0.0,108.00004,8.0078125,1.0,105.07309,80.96067,474.375,546.0,-4.43703,24.5625,0.0,25.46875,7.936031,64.99997,23.602295,1.0,55.1,0.0,0.0,-73.40698,99.998474,26.591492,3.6621094,55.09,55.13,54.75,54.74,0
10028.205,0.14062637,0.031121746,0.1510465,0.15489145,101.599205,21.804527,13.757839,-8.736814,49.524857,17.532091,315.518,0.0,9.319,31.197,42.436,0.0,96.24063,0.0,0.0,459.75,217.125,2523.0,0.0,-9.7890625,0.084350586,105.47109,8278.485,7902.7695,1100.0834,514.752,9.537651,9.813184,0.0,-3.549624,3.0,24.613953,35.998814,29.624962,19.124975,0.972,0.0,-13.578125,0.0,0.0,0.0,0.0,0.0,0.0,1.0849609,1.0800781,55.003357,0.7812499,41.3773,42.167046,0.0,108.00004,8.0078125,1.0,105.07309,80.96067,474.75,546.0,-4.330874,22.65625,0.0,25.28125,7.469206,64.99997,23.394775,1.0,55.07,0.0,0.0,-73.33984,99.998474,26.65863,3.6621094,54.9,55.05,54.82,54.75,0
10028.248,0.2125011,0.068698704,0.14961831,0.15573923,101.599174,21.804527,13.743769,-8.709587,74.52034,26.359728,315.518,0.0,9.319,31.197,42.436,0.0,96.24063,0.0,0.0,460.5,217.125,2521.0,0.0,-9.7265625,0.084350586,105.47109,8112.916,7985.5547,1100.0834,514.752,9.791988,9.940352,0.0,-3.4646993,3.0,24.647522,36.007954,29.624962,19.124975,0.92,0.0,-14.328125,0.0,0.0,0.0,0.0,0.0,0.0,1.0839844,1.0800781,54.995728,0.7812499,41.564938,42.78875,0.0,108.00004,8.0078125,1.0,105.07309,80.96067,474.75,545.625,-4.2459493,22.15625,0.0,25.1875,7.936031,64.99997,23.85254,1.0,54.97,0.0,0.0,-73.33984,99.998474,26.65863,3.6621094,54.93,54.99,54.8,54.8,0
10028.288,0.23000088,0.08372948,0.15471928,0.15476428,101.599144,21.804527,13.751497,-8.536283,74.548,26.33813,315.518,0.0,9.319,31.197,42.436,0.0,96.24063,0.0,0.0,460.875,217.125,2518.0,0.0,-9.6328125,0.084350586,105.47109,8042.867,8119.2837,1100.0834,514.752,13.416296,10.131105,0.0,-3.3967595,3.0,26.91803,36.016182,29.624962,19.124975,0.9,0.0,-14.59375,0.0,0.0,0.0,0.0,0.0,0.0,1.0800781,1.0800781,55.030823,0.7812499,42.759476,42.79578,0.0,108.00004,8.0078125,1.0,105.07309,80.96067,474.75,545.625,-4.1780095,24.0625,0.0,25.34375,7.936031,64.99997,23.944092,1.0,54.96,0.0,0.0,-73.33984,99.998474,26.65863,3.6621094,55.01,55.09,54.95,54.82,0
10028.325,0.24400072,0.089741796,0.15594356,0.15637507,101.59994,21.804527,13.745189,-8.500679,74.46665,26.330288,315.518,0.0,9.319,31.197,42.436,0.0,96.24063,0.0,0.0,459.75,217.5,2520.0,0.0,-9.5703125,0.084350586,105.479385,8027.4775,8222.234,1100.0834,514.48663,14.285282,10.258274,0.0,-3.4986577,3.0,27.452087,36.023586,29.624962,19.499975,0.952,0.0,-14.625,0.0,0.0,0.0,0.0,0.0,0.0,1.0761719,1.0800781,55.05371,0.7812499,43.005684,43.0921,0.0,108.00004,8.203125,1.0,105.07309,80.96067,474.375,545.625,-4.2799077,25.25,0.0,26.5625,7.936031,64.99997,23.828125,1.0,55.01,0.0,0.0,-73.33984,99.998474,26.65863,3.6621094,54.9,55.04,54.67,54.82,0
10028.367,0.25520056,0.092146724,0.15565309,0.15645985,101.600655,21.804527,13.752491,-8.509257,74.42383,26.325588,315.518,0.0,9.319,31.197,42.436,0.0,96.24063,0.0,0.0,459.75,217.5,2521.0,0.0,-9.578125,0.084350586,105.495964,8099.118,8162.799,1100.0834,514.48663,12.9924,10.173494,0.0,-3.5801759,3.0,26.70288,36.03025,29.624962,19.499975,0.96,0.0,-14.546875,0.0,0.0,0.0,0.0,0.0,0.0,1.0791016,1.0800781,55.026245,0.7812499,42.947273,43.121635,0.0,108.00004,8.203125,1.0,105.07309,80.96067,474.375,545.625,-4.361426,25.15625,0.0,26.5625,7.936031,64.99997,23.608398,1.0,54.97,0.0,0.0,-73.33984,99.998474,26.65863,3.6621094,54.95,55.12,54.59,54.89,0
10028.407,0.32416046,0.07435869,0.1556094,0.15828262,101.6013,21.804527,13.757603,-8.535453,63.62806,22.506853,315.518,0.0,9.319,31.197,42.436,0.0,96.24063,0.0,0.0,459.75,217.5,2521.0,0.0,-9.59375,0.08502197,105.52084,8145.2866,8138.919,1100.0834,514.48663,12.674479,10.1523,0.0,-3.4891405,3.0,26.55487,36.036247,29.624962,19.499975,0.96,0.0,-14.4921875,0.0,0.0,0.0,0.0,0.0,0.0,1.0849609,1.0800781,55.033875,0.7812499,42.767353,43.299263,0.0,108.00004,8.300781,1.0,105.07309,80.96067,474.375,545.625,-4.2703905,25.1875,0.0,27.125,7.936031,64.99997,23.657227,1.0,55.03,0.0,0.0,-73.33984,99.998474,26.65863,3.6621094,55.05,55.12,54.68,54.93,0
10028.447,0.35932836,0.06724348,0.15637377,0.15819785,101.60106,21.804527,13.7553215,-8.513162,63.611206,22.491964,315.518,0.0,9.319,31.197,42.436,0.0,96.24063,0.0,0.0,460.125,217.5,2520.0,0.0,-9.65625,0.08502197,105.52084,8181.3726,8144.7563,1100.0834,514.752,12.483726,10.173494,0.0,-3.4163122,3.0,26.487732,36.041645,29.624962,19.499975,0.952,0.0,-14.390625,0.0,0.0,0.0,0.0,0.0,0.0,1.0888672,1.0800781,55.05066,0.7812499,42.920765,43.26965,0.0,108.00004,8.300781,1.0,105.07309,80.96067,474.75,545.625,-4.197562,25.375,0.0,27.125,7.936031,64.99997,23.834229,1.0,55.0,0.0,0.0,-73.358154,99.998474,26.64032,3.6621094,54.91,55.03,54.63,54.89,0
10028.485,0.34746268,0.064397395,0.15695488,0.15726528,101.60084,21.804527,13.753725,-8.515957,63.620388,22.495213,315.518,0.0,9.319,31.197,42.436,0.0,96.24063,0.0,0.0,459.75,217.5,2520.0,0.0,-9.6796875,0.08502197,105.52913,8145.2866,8214.274,1100.0834,514.752,13.119569,10.300663,0.0,-3.3580499,3.0,26.850891,36.046505,29.624962,19.499975,0.956,0.0,-14.078125,0.0,0.0,0.0,0.0,0.0,0.0,1.0888672,1.0800781,55.055237,0.7812499,42.901276,42.958126,0.0,108.00004,8.300781,1.0,105.07309,80.96067,474.375,545.625,-4.1393,25.59375,0.0,27.125,7.936031,64.99997,23.7854,1.0,55.07,0.0,0.0,-73.358154,99.998474,26.64032,3.6621094,54.95,55.05,54.65,54.72,0
10028.527,0.33797017,0.06325896,0.15678546,0.16387804,101.60064,21.804527,13.746748,-8.520861,63.64949,22.49657,315.518,0.0,9.319,31.197,42.436,0.0,96.24063,0.0,0.0,460.125,217.5,2519.0,0.0,-9.7421875,0.08569336,105.55401,8170.7593,8205.783,1100.0834,514.752,13.119569,10.300663,0.0,-3.31144,3.0,26.87378,36.050877,29.624962,19.499975,0.96,0.0,-13.8828125,0.0,0.0,0.0,0.0,0.0,0.0,1.0888672,1.0800781,55.055237,0.7812499,42.86727,44.30525,0.0,108.00004,8.691406,1.0,105.08967,80.96067,474.75,545.625,-4.09269,25.8125,0.0,29.34375,7.936031,64.99997,23.779297,1.0,54.97,0.0,0.0,-73.376465,99.998474,26.62201,3.6621094,54.97,55.1,54.8,54.7,0
10028.568,0.35037613,0.06280359,0.16210599,0.17222878,101.600464,21.804527,13.753583,-8.350644,63.669453,22.521494,315.518,0.0,9.319,31.197,42.436,0.0,96.24063,0.0,0.0,459.75,217.5,2521.0,0.0,-9.8125,0.08703613,105.61205,8043.398,8480.672,1100.0834,514.752,18.460653,10.809339,0.0,-3.2741518,3.0,30.062866,36.054813,29.624962,19.499975,0.964,0.0,-14.3046875,0.0051879883,0.0,0.0,0.0,0.0,0.0,1.0878906,1.0800781,55.126953,0.7812499,44.040382,46.107494,0.0,108.00004,9.277344,1.0,105.07309,80.96067,474.375,546.0,-4.055402,27.96875,0.0,32.78125,8.402857,64.99997,24.487305,1.0,55.05,1.5625,0.0,-73.376465,98.10791,24.726868,3.6621094,54.91,55.09,54.77,54.89,0
10028.607,0.40030092,0.06262144,0.16864607,0.17502649,101.6003,21.804527,13.740789,-8.081125,63.592903,22.512262,315.518,0.0,9.319,31.197,42.436,0.0,96.24063,0.0,0.0,459.375,217.875,2523.0,0.0,-9.7890625,0.08782959,105.777885,8338.451,8782.624,1100.0834,514.752,20.241016,11.169649,0.0,-3.2443213,3.0,31.504822,36.058353,29.624962,19.874975,1.016,0.0,-15.4609375,0.0078125,0.0,0.0,0.0,0.0,0.0,1.0898438,1.0800781,55.177307,0.7812499,45.897987,47.167183,0.0,108.00004,9.5703125,1.0,105.07309,80.96067,474.75,546.0,-4.0255713,30.84375,0.0,34.40625,8.869681,64.99997,25.030518,1.0,54.98,2.34375,0.0,-73.376465,97.161865,23.768616,3.6621094,54.93,55.03,54.63,54.91,0
10028.645,0.44024074,0.081298575,0.17276897,0.17651014,101.60098,21.804527,13.749412,-7.795861,74.43622,26.403082,315.518,0.0,9.319,31.197,42.436,0.0,96.24063,0.0,0.0,459.375,218.25,2528.0,0.0,-9.328125,0.088012695,106.010056,8794.299,9063.88,1100.0834,514.752,19.923094,11.635935,0.0,-3.064207,3.0,31.755066,36.061543,28.874964,20.249973,1.016,0.0,-17.359375,0.009643555,0.0,0.0,0.0,0.0,0.0,1.0927734,1.0800781,55.215454,0.7812499,47.864964,48.635952,0.0,108.00004,9.765625,1.0,105.03992,80.96067,474.75,545.25,-3.845457,33.1875,0.0,35.53125,8.869681,64.99997,25.024414,1.0,54.94,2.90625,0.0,-73.31543,96.502686,23.170471,3.6621094,54.86,55.06,54.71,55.05,0
10028.689,0.4521926,0.088769436,0.16766608,0.18638688,101.60159,21.804527,13.749588,-7.694492,74.372375,26.443047,315.518,0.0,9.319,31.197,42.436,0.0,96.24063,0.0,0.0,458.625,218.25,2534.0,0.0,-8.4765625,0.09008789,106.20905,9089.883,8842.06,1100.0834,514.752,14.793957,11.339208,0.0,-2.920116,3.0,28.871155,36.06441,28.499964,20.249973,1.06,0.0,-20.046875,0.018310547,0.0,0.0,0.0,0.0,0.0,1.0957031,1.0800781,55.23529,0.7812499,48.564297,52.429333,0.0,108.00004,10.449219,1.0,105.07309,80.96067,474.75,544.5,-3.7013657,31.09375,0.0,39.21875,8.402857,64.99997,24.6521,1.0,55.18,5.5,0.0,-73.40698,93.41431,19.978333,3.6621094,55.06,55.16,54.65,54.95,0
10028.717,0.46175408,0.07300778,0.17067249,0.20033309,101.60132,21.804527,13.749711,-7.33381,63.5552,22.614843,315.518,0.0,9.319,31.197,42.436,0.0,96.24063,0.0,0.0,459.0,218.25,2536.0,0.0,-8.4296875,0.09246826,106.31685,9138.705,9034.693,1100.0834,515.28265,14.49723,11.826688,0.0,-2.804843,3.0,28.804016,36.066994,26.999966,20.249973,1.028,0.0,-22.078125,0.031677246,0.0,0.0,0.0,0.0,0.0,1.0888672,1.0800781,55.249023,0.7812499,51.050167,57.113533,0.0,108.00004,11.425781,1.0,104.965294,80.96067,474.75,544.5,-3.5860927,32.28125,0.0,44.59375,9.336507,64.99997,25.952148,1.0,55.13,9.5,0.0,-73.21167,88.73291,15.467834,3.6621094,55.1,55.22,54.72,54.84,0
10028.762,0.4494033,0.085453115,0.19325905,0.20351227,101.601074,21.804527,13.761517,-6.377457,74.39995,26.484169,315.518,0.0,9.319,31.197,42.436,0.0,96.24063,0.0,0.0,459.375,219.0,2537.0,0.0,-8.578125,0.09246826,106.31685,9107.3955,9533.525,1100.0834,515.28265,23.229479,13.098374,0.0,-2.8688745,3.0,34.2865,36.069317,23.62497,20.999973,1.016,0.0,-24.976562,0.036254883,0.0,0.0,0.0,0.0,0.0,1.0771484,1.0800781,55.4657,0.7812499,57.641956,59.773922,0.0,108.00004,11.9140625,1.0,104.69167,80.96067,475.125,544.5,-3.6501243,42.1875,0.0,47.28125,10.270158,64.99997,26.757812,1.0,55.1,10.875,0.0,-72.54944,87.10327,14.476013,3.6621094,54.99,55.31,54.75,54.99,0
10028.805,0.49952263,0.09043125,0.19962274,0.20508069,101.60085,21.804527,13.758061,-5.9420133,74.44325,26.614481,315.518,0.0,9.319,31.197,42.436,0.0,96.24063,0.0,0.0,457.125,219.375,2548.0,0.0,-8.53125,0.09362793,106.92215,9375.916,9932.591,1100.0834,515.28265,24.819088,12.928816,0.0,-2.9200997,3.0,35.62622,36.071407,22.124971,21.374973,1.148,0.0,-26.484375,0.03729248,0.0,0.0,0.0,0.0,0.0,1.0820312,1.0800781,55.53131,0.7812499,60.643204,61.782017,0.0,108.00004,12.3046875,1.0,104.849205,80.96067,474.75,544.5,-3.7013495,45.4375,0.0,49.4375,10.270158,64.99997,26.330566,1.0,55.31,11.1875,0.0,-72.9126,86.798096,13.813782,3.6621094,55.25,55.31,54.99,54.99,0
10028.847,0.4996181,0.0924225,0.1970571,0.2074969,101.600655,21.804527,13.755643,-5.8665624,74.352646,26.675982,315.518,0.0,9.319,31.197,42.436,0.0,96.24063,0.0,0.0,457.5,219.375,2557.0,0.0,-8.4921875,0.09460449,107.2704,9855.644,10331.656,1100.0834,515.548,27.002151,12.907621,0.0,-2.8048296,3.0,37.750244,36.073288,22.124971,21.374973,1.144,0.0,-27.351562,0.03967285,0.0,0.0,0.0,0.0,0.0,1.0820312,1.0800781,55.50995,0.7812499,61.16308,63.33323,0.0,108.00004,12.5,1.0,105.17259,80.96067,475.125,544.5,-3.5860796,44.3125,0.0,50.5625,9.803332,64.99997,26.574707,1.0,55.42,11.90625,0.0,-73.76404,86.016846,12.174988,3.6621094,55.29,55.39,54.91,55.03,0
10028.892,0.4996945,0.11196901,0.19890259,0.21232931,101.60048,21.804527,13.748091,-5.6348987,83.582634,29.928844,315.518,0.0,9.319,31.197,42.436,0.0,96.24063,0.0,0.0,458.25,219.375,2552.0,0.0,-8.21875,0.0949707,107.32015,10371.456,10674.471,1100.0834,515.548,26.938566,13.013596,0.0,-2.868864,3.0,38.612366,36.07498,20.999973,21.374973,1.108,0.0,-28.585938,0.043945312,0.0,0.0,0.0,0.0,0.0,1.0683594,1.0800781,55.563354,0.7812499,62.759735,65.51301,0.0,108.00004,12.792969,1.0,105.12283,80.96067,475.5,544.125,-3.6501138,44.96875,0.0,52.15625,10.270158,64.99997,27.038574,1.0,55.31,13.1875,0.0,-73.57178,84.539795,10.884094,3.6621094,55.22,55.46,55.05,55.16,0
10028.925,0.47975558,0.15728761,0.2081273,0.21118475,101.60114,21.804527,13.748663,-5.285504,98.96925,35.3412,315.518,0.0,9.319,31.197,42.436,0.0,96.24063,0.0,0.0,458.25,219.0,2545.0,0.0,-8.0859375,0.09429932,107.26211,10957.85,11073.536,1100.0834,515.548,24.437582,13.628244,0.0,-3.0763412,3.0,38.04474,36.076508,20.624973,20.999973,1.108,0.0,-29.476562,0.043395996,0.0,0.0,0.0,0.0,0.0,1.0605469,1.0800781,55.592346,0.7812499,65.16874,65.80706,0.0,108.00004,12.792969,1.0,105.21405,80.96067,475.5,544.125,-3.8575912,48.1875,0.0,52.1875,10.736983,64.99997,27.557373,1.0,55.43,13.03125,0.0,-73.78845,84.68628,10.813904,3.6621094,55.34,55.46,55.09,55.22,0
10028.965,0.50380445,0.21291506,0.21223778,0.21076088,101.60174,21.804527,13.760782,-5.11343,111.80403,39.908722,315.518,0.0,9.319,31.197,42.436,0.0,96.24063,0.0,0.0,457.875,219.0,2544.0,0.0,-8.03125,0.09448242,107.469406,11348.424,11409.451,1100.0834,515.548,24.268024,13.628244,0.0,-3.242323,3.0,38.783264,36.07788,20.249973,20.999973,1.104,0.0,-29.625,0.042785645,0.0,0.0,0.0,0.0,0.0,1.0634766,1.0800781,55.621338,0.7812499,66.35542,66.02116,0.0,108.00004,12.792969,1.0,105.529144,80.96067,475.125,544.125,-4.023573,50.34375,0.0,52.15625,10.736983,64.99997,27.98462,1.0,55.46,12.84375,0.0,-74.55139,84.91211,10.276794,3.6621094,55.31,55.49,54.89,55.31,0
10029.005,0.54304355,0.25391603,0.2095137,0.21856055,101.60227,21.804527,13.745829,-5.22766,117.678375,41.989067,315.518,0.0,9.319,31.197,42.436,0.0,96.24063,0.0,0.0,458.25,219.0,2543.0,0.0,-8.0078125,0.09564209,107.70157,11730.508,11230.084,1100.0834,515.548,16.828655,13.458686,0.0,-3.3751082,3.0,34.536743,36.079117,20.249973,20.999973,1.112,0.0,-29.460938,0.049560547,0.0,0.0,0.0,0.0,0.0,1.0693359,1.0800781,55.599976,0.7812499,65.56858,67.38662,0.0,108.00004,13.378906,1.0,105.81935,80.96067,475.5,544.125,-4.1563582,49.40625,0.0,55.375,9.803332,64.99997,27.679443,1.0,55.42,14.875,0.0,-75.48218,82.611084,7.032776,3.6621094,55.32,55.52,54.93,55.37,0
10029.047,0.55443484,0.27031642,0.2145957,0.22339298,101.60193,21.804527,13.74708,-5.0211916,117.78683,41.945133,315.518,0.0,9.319,31.197,42.436,0.0,96.24063,0.0,0.0,459.0,219.0,2538.0,0.0,-8.0390625,0.09625244,107.6684,11751.204,11521.954,1100.0834,515.28265,17.888395,14.052139,0.0,-3.4813366,3.0,35.546875,36.080227,20.249973,20.999973,1.064,0.0,-29.5625,0.05444336,0.0,0.0,0.0,0.0,0.0,1.0751953,1.0800781,55.625916,0.7812499,66.9914,68.7913,0.0,108.00004,13.671875,1.0,105.76959,80.96067,475.5,544.125,-4.2625866,51.25,0.0,56.96875,10.736983,64.99997,29.01001,1.0,55.49,16.34375,0.0,-75.03967,80.95093,5.8029175,3.6621094,55.52,55.62,55.1,55.45,0
10029.088,0.54354787,0.29562658,0.22375156,0.22521575,101.60162,21.804527,13.747955,-4.7516227,123.32151,43.9507,315.518,0.0,9.319,31.197,42.436,0.0,96.24063,0.0,0.0,458.625,218.625,2540.0,0.0,-8.046875,0.09631348,107.70986,11793.658,11921.02,1100.0834,515.28265,22.339298,14.49723,0.0,-3.410069,3.0,38.82904,36.081226,19.874975,20.624973,1.092,0.0,-29.554688,0.0569458,0.0,0.0,0.0,0.0,0.0,1.0849609,1.0800781,55.744934,0.7812499,68.849205,69.11546,0.0,108.00004,13.8671875,1.0,105.84422,80.96067,475.5,544.125,-4.191319,54.875,0.0,58.0625,11.203809,64.99997,29.101562,1.0,55.48,17.09375,0.0,-75.1709,80.078125,4.798889,3.6621094,55.41,55.62,55.13,55.26,0
10029.127,0.5548383,0.30575064,0.22435877,0.22758955,101.60135,21.804527,13.742709,-4.725656,123.24092,44.112194,315.518,0.0,9.319,31.197,42.436,0.0,96.24063,0.0,0.0,458.25,218.625,2551.0,0.0,-8.0390625,0.09631348,108.05812,12129.043,12092.427,1100.0834,515.548,21.406729,14.518425,0.0,-3.353055,3.0,38.89618,36.082127,19.874975,20.624973,1.148,0.0,-29.539062,0.059265137,0.0,0.0,0.0,0.0,0.0,1.0976562,1.0800781,55.744934,0.7812499,69.027916,69.7014,0.0,108.00004,14.0625,1.0,106.21735,80.96067,475.875,544.125,-4.134305,55.34375,0.0,59.125,10.736983,64.99997,29.37622,1.0,55.54,17.78125,0.0,-76.15967,79.26636,2.9922485,3.6621094,55.39,55.62,55.1,55.34,0
10029.166,0.58387065,0.29105026,0.22649209,0.23322734,101.6011,21.804527,13.744896,-4.6671515,117.813644,42.219173,315.518,0.0,9.319,31.197,42.436,0.0,96.24063,0.0,0.0,458.25,218.625,2554.0,0.0,-8.03125,0.09710693,108.19907,12439.486,12287.183,1100.0834,515.548,18.630213,14.8787365,0.0,-3.151194,3.0,37.6709,36.082935,19.874975,20.624973,1.14,0.0,-29.570312,0.06561279,0.0,0.0,0.0,0.0,0.0,1.0898438,1.0800781,55.778503,0.7812499,69.43093,70.8647,0.0,108.00004,14.453125,1.0,106.333435,80.96067,475.875,544.125,-3.932444,56.375,0.0,61.3125,11.203809,64.99997,30.12085,1.0,55.66,19.6875,0.0,-76.37329,77.13013,0.630188,3.6621094,55.58,55.73,55.37,55.47,0
10029.205,0.5870965,0.2851701,0.23326358,0.23276107,101.600876,21.804527,13.746427,-4.465509,117.77998,42.223633,315.518,0.0,9.319,31.197,42.436,0.0,96.24063,0.0,0.0,458.25,218.25,2555.0,0.0,-8.046875,0.09710693,108.248825,12573.215,12503.167,1100.0834,515.548,19.711145,15.0271,0.0,-3.1459556,3.0,38.74817,36.083664,19.874975,20.249973,1.14,0.0,-29.539062,0.06542969,0.0,0.0,0.0,0.0,0.0,1.0810547,1.0800781,55.851746,0.7812499,70.82061,70.70049,0.0,108.00004,14.453125,1.0,106.44122,80.96067,475.875,544.125,-3.9272053,58.84375,0.0,61.3125,11.670634,64.99997,30.596924,1.0,55.8,19.625,0.0,-76.623535,77.19116,0.440979,3.6621094,55.69,55.88,55.31,55.49,0
10029.248,0.5896772,0.30156803,0.23558117,0.23577075,101.60068,21.804527,13.7474985,-4.4176297,123.24157,44.26805,315.518,0.0,9.319,31.197,42.436,0.0,96.24063,0.0,0.0,458.625,218.25,2560.0,0.0,-8.0,0.09765625,108.44783,12838.0205,12528.639,1100.0834,515.81335,18.227512,14.963515,0.0,-3.1417646,3.0,38.328552,36.08432,19.499975,20.249973,1.152,0.0,-29.523438,0.06854248,0.0,0.0,0.0,0.0,0.0,1.078125,1.0800781,55.888367,0.7812499,71.15044,71.1915,0.0,108.00004,14.746094,1.0,106.81436,80.96067,476.625,544.125,-3.9230144,60.15625,0.0,62.9375,11.203809,64.99997,30.957031,1.0,55.74,20.5625,0.0,-77.456665,76.16577,0.0,3.6621094,55.73,55.84,55.22,55.61,0
10029.288,0.57174176,0.30812722,0.23620597,0.23865323,101.600494,21.804527,13.748249,-4.4494195,123.35776,44.29248,315.518,0.0,9.319,31.197,42.436,0.0,96.24063,0.0,0.0,458.625,218.25,2559.0,0.0,-8.015625,0.09777832,108.60537,12940.44,12656.531,1100.0834,515.81335,17.040604,15.196658,0.0,-3.1384115,3.0,37.84027,36.08491,19.874975,20.249973,1.164,0.0,-29.453125,0.07147217,0.0,0.0,0.0,0.0,0.0,1.078125,1.0800781,55.903625,0.7812499,70.93113,71.40861,0.0,108.00004,14.941406,1.0,107.05482,80.96067,476.625,544.125,-3.9196615,60.375,0.0,64.03125,11.670634,64.99997,31.536865,1.0,55.81,21.4375,0.0,-78.07922,75.15869,0.0,3.6669922,55.71,55.94,55.46,55.82,0
10029.327,0.5973934,0.3107509,0.2377217,0.23873802,101.600334,21.804527,13.748775,-4.40436,123.33351,44.352993,315.518,0.0,9.319,31.197,42.436,0.0,96.24063,0.0,0.0,459.0,218.25,2563.0,0.0,-8.0078125,0.097473145,108.621956,12998.814,12717.559,1100.0834,515.81335,15.281437,15.239047,0.0,-3.1357293,3.0,37.01172,36.08544,19.499975,20.249973,1.148,0.0,-29.382812,0.072143555,0.0,0.0,0.0,0.0,0.0,1.078125,1.0800781,55.911255,0.7812499,71.24156,71.45637,0.0,108.00004,14.941406,1.0,107.469406,80.96067,476.625,544.125,-3.9169793,60.8125,0.0,64.0625,11.670634,64.99997,32.141113,1.0,55.96,21.65625,0.0,-78.92761,74.89624,0.0,3.6669922,55.86,56.02,55.46,55.86,0
10029.367,0.5979147,0.33055037,0.23819365,0.24149331,101.60019,21.804527,13.755001,-4.3766785,128.58578,46.313976,315.518,0.0,9.319,31.197,42.436,0.0,96.24063,0.0,0.0,458.625,218.25,2567.0,0.0,-7.984375,0.09820557,108.69658,12938.849,12729.232,1100.0834,515.81335,14.539619,15.281437,0.0,-3.1335835,3.0,36.535645,36.085922,19.499975,20.249973,1.148,0.0,-29.320312,0.07531738,0.0,0.0,0.0,0.0,0.0,1.078125,1.0800781,55.923462,0.7812499,71.43222,72.09789,0.0,108.00004,15.136719,1.0,107.64353,80.96067,476.625,544.125,-3.9148335,61.03125,0.0,65.125,11.670634,64.99997,32.37915,1.0,56.03,22.59375,0.0,-79.39453,73.87695,0.0,3.6669922,55.91,56.06,55.49,55.63,0
10029.405,0.59833175,0.33847016,0.23864104,0.24433342,101.60006,21.804527,13.747642,-4.3658648,128.60126,46.355637,315.518,0.0,9.319,31.197,42.436,0.0,96.24063,0.0,0.0,459.0,218.25,2569.0,0.0,-8.03125,0.097839355,108.70487,13056.657,12725.519,1100.0834,515.81335,12.081025,15.281437,0.0,-3.131867,3.0,35.25238,36.086353,19.499975,20.249973,1.152,0.0,-29.25,0.078552246,0.0,0.0,0.0,0.0,0.0,1.0800781,1.0800781,55.93109,0.7812499,71.50663,72.69874,0.0,108.00004,15.332031,1.0,107.7845,80.96067,477.0,544.125,-3.913117,61.40625,0.0,66.21875,11.670634,64.99997,32.58667,1.0,56.0,23.5625,0.0,-79.714966,72.71118,0.0,3.6669922,55.86,56.15,55.55,55.94,0
10029.445,0.5786654,0.3416381,0.24489515,0.24763978,101.59994,21.804527,13.748349,-4.1796403,128.67195,46.41723,315.518,0.0,9.319,31.197,42.436,0.0,96.24063,0.0,0.0,459.0,218.25,2571.0,0.0,-8.0234375,0.09857178,108.77121,12944.155,13121.931,1100.0834,516.0787,17.973173,15.938475,0.0,-3.1304936,3.0,38.998413,36.086742,19.499975,20.249973,1.152,0.0,-29.28125,0.08258057,0.0,0.0,0.0,0.0,0.0,1.0839844,1.0800781,56.004333,0.7812499,72.79013,73.34804,0.0,108.00004,15.625,1.0,108.04983,80.96067,477.0,544.125,-3.9117436,63.875,0.0,67.84375,12.13746,64.99997,33.654785,1.0,56.18,24.78125,0.0,-80.16052,71.40503,0.0,3.6669922,56.09,56.32,55.73,55.86,0
10029.485,0.54293233,0.32415524,0.24991058,0.26162836,101.59983,21.804527,13.748844,-4.0403953,123.40057,44.619514,315.518,0.0,9.319,31.197,42.436,0.0,96.24063,0.0,0.0,459.0,217.875,2577.0,0.0,-8.0390625,0.101135254,109.01996,13075.231,13284.316,1100.0834,516.0787,18.990524,16.31998,0.0,-3.129395,3.0,39.826965,36.08709,19.124975,19.874975,1.168,0.0,-29.335938,0.09625244,0.0,0.0,0.0,0.0,0.0,1.0888672,1.0800781,56.072998,0.7812499,73.749825,76.21588,0.0,108.00004,16.601562,1.0,108.207375,80.96067,477.375,544.125,-3.910645,65.75,0.0,73.21875,12.13746,64.99997,34.47876,1.0,56.28,28.875,0.0,-80.60608,67.05322,0.0,3.6669922,56.12,56.21,55.84,55.79,0
10029.527,0.47434586,0.3171621,0.25903496,0.26523146,101.59973,21.804527,13.743331,-3.7613642,123.42129,44.765545,315.518,0.0,9.319,31.197,42.436,0.0,96.24063,0.0,0.0,458.25,217.5,2585.0,0.0,-7.9921875,0.101989746,109.21067,13441.395,13693.995,1100.0834,516.344,20.834469,16.913435,0.0,-2.9722662,3.0,41.575623,36.087402,18.749975,19.499975,1.22,0.0,-29.375,0.10095215,0.0,0.0,0.0,0.0,0.0,1.0917969,1.0800781,56.1615,0.7812499,75.67306,76.97206,0.0,108.00004,16.894531,1.0,108.30688,80.96067,477.375,544.125,-3.753516,69.15625,0.0,74.84375,12.604284,64.99997,34.942627,1.0,56.35,30.28125,0.0,-80.718994,65.57617,0.0,3.6669922,56.17,56.49,55.94,56.02,0
10029.567,0.4394767,0.31436485,0.26701546,0.2646804,101.59965,21.804527,13.751191,-3.505952,123.45239,44.846115,315.518,0.0,9.319,31.197,42.436,0.0,96.24063,0.0,0.0,458.25,217.125,2589.0,0.0,-7.9375,0.10192871,109.4843,13649.949,14046.361,1100.0834,516.344,24.734308,17.167772,0.0,-2.8465629,3.0,44.413757,36.087685,18.374977,19.124975,1.248,0.0,-29.421875,0.10083008,0.0,0.0,0.0,0.0,0.0,1.0927734,1.0800781,56.266785,0.7812499,77.4335,76.99327,0.0,108.00004,16.894531,1.0,108.54733,80.96067,477.75,544.125,-3.6278129,72.125,0.0,74.96875,13.07111,64.99997,35.668945,1.0,56.43,30.25,0.0,-81.34766,65.61279,0.0,3.6669922,56.39,56.49,56.12,56.06,0
10029.607,0.41158137,0.33199596,0.26644573,0.264638,101.59957,21.804527,13.762552,-3.5112638,128.65456,46.862244,315.518,0.0,9.319,31.197,42.436,0.0,96.24063,0.0,0.0,458.625,216.75,2596.0,0.0,-7.859375,0.101501465,109.75793,14186.989,13984.272,1100.0834,516.344,18.545433,17.040604,0.0,-2.7460003,3.0,41.223145,36.08794,18.374977,18.749975,1.268,0.0,-29.476562,0.1015625,0.0,0.0,0.0,0.0,0.0,1.0996094,1.0800781,56.282043,0.7812499,77.39681,77.07001,0.0,108.00004,16.894531,1.0,109.19409,80.96067,478.5,543.75,-3.5272503,72.21875,0.0,74.96875,12.604284,64.99997,36.07788,1.0,56.52,30.46875,0.0,-82.84302,65.29541,0.0,3.6669922,56.53,56.51,56.02,56.09,0
10029.647,0.3492651,0.3390484,0.26409036,0.2704454,101.5995,21.804527,13.747067,-3.582681,128.70052,46.878986,315.518,0.0,9.319,31.197,42.436,0.0,96.24063,0.0,0.0,458.625,217.125,2596.0,0.0,-7.8046875,0.10296631,109.93205,14246.955,13920.062,1100.0834,516.8747,14.1581135,17.061798,0.0,-2.6655502,3.0,38.545227,36.08817,18.374977,19.124975,1.252,0.0,-29.460938,0.10656738,0.0,0.0,0.0,0.0,0.0,1.1035156,1.0800781,56.26068,0.7812499,76.90447,78.17364,0.0,108.00004,17.285156,1.0,109.55064,80.96067,478.5,543.75,-3.4468002,71.1875,0.0,77.15625,12.604284,64.99997,36.61499,1.0,56.58,31.96875,0.0,-83.71582,63.824463,0.0,3.6669922,56.45,56.55,56.12,56.34,0
10029.689,0.31941208,0.37936938,0.26772878,0.27031824,101.59944,21.804527,13.753806,-3.4746194,138.59503,50.521946,315.518,0.0,9.319,31.197,42.436,0.0,96.24063,0.0,0.0,459.0,216.75,2598.0,0.0,-7.7890625,0.10253906,109.81597,14228.912,14155.149,1100.0834,516.8747,16.362371,17.485695,0.0,-2.4449406,3.0,40.190125,36.088375,18.374977,18.749975,1.232,0.0,-29.507812,0.107788086,0.0,0.0,0.0,0.0,0.0,1.1103516,1.0800781,56.341553,0.7812499,77.64927,78.15795,0.0,108.00004,17.285156,1.0,109.915474,80.96067,478.5,543.75,-3.2261903,72.25,0.0,77.15625,13.07111,64.99997,37.573242,1.0,56.71,32.34375,0.0,-84.39636,63.342285,0.0,3.6669922,56.68,56.75,56.24,56.35,0
10029.725,0.29552966,0.39549774,0.26949373,0.2731159,101.59938,21.804527,13.752665,-3.4101608,138.54936,50.563618,315.518,0.0,9.319,31.197,42.436,0.0,96.24063,0.0,0.0,458.625,216.75,2601.0,0.0,-7.7265625,0.1026001,109.890594,14291.001,14183.274,1100.0834,516.8747,15.493384,17.464499,0.0,-2.2684526,3.0,39.72473,36.088562,17.999977,18.749975,1.26,0.0,-29.484375,0.11102295,0.0,0.0,0.0,0.0,0.0,1.1103516,1.0800781,56.370544,0.7812499,78.09351,78.63456,0.0,108.00004,17.480469,1.0,110.34664,80.96067,478.5,543.75,-3.0497024,73.21875,0.0,78.25,13.07111,64.99997,38.220215,1.0,56.66,33.3125,0.0,-85.38208,62.25586,0.0,3.6669922,56.7,56.75,56.18,56.42,0
10029.768,0.25642374,0.4019491,0.27351645,0.27587125,101.59933,21.804527,13.757725,-3.3250518,138.57774,50.69064,315.518,0.0,9.319,31.197,42.436,0.0,96.24063,0.0,0.0,458.625,216.375,2607.0,0.0,-7.703125,0.10308838,110.006676,14391.829,14304.268,1100.0834,516.8747,15.175463,17.90959,0.0,-2.127262,3.0,39.71405,36.08873,17.999977,18.374977,1.26,0.0,-29.453125,0.11444092,0.0,0.0,0.0,0.0,0.0,1.1113281,1.0800781,56.391907,0.7812499,78.68011,79.70368,0.0,108.00004,17.675781,1.0,110.62027,80.96067,478.5,543.75,-2.9085119,74.0625,0.0,79.34375,13.07111,64.99997,39.12964,1.0,56.73,34.34375,0.0,-86.28235,61.175537,0.0,3.6669922,56.57,56.75,56.32,56.6,0
10029.805,0.22513899,0.42327964,0.27922675,0.27591363,101.59928,21.804527,13.761267,-3.1693401,143.28154,52.43135,315.518,0.0,9.319,31.197,42.436,0.0,96.24063,0.0,0.0,459.0,216.0,2608.0,0.0,-7.671875,0.10284424,110.10618,14478.859,14495.841,1100.0834,516.8747,18.524239,18.015564,0.0,-1.8580598,3.0,42.14325,36.08888,17.999977,17.999977,1.26,0.0,-29.351562,0.11517334,0.0,0.0,0.0,0.0,0.0,1.1123047,1.0800781,56.459045,0.7812499,79.753365,79.63626,0.0,108.00004,17.675781,1.0,110.860725,80.96067,478.875,543.75,-2.6393096,76.59375,0.0,79.4375,13.07111,64.99997,39.56909,1.0,56.97,34.5625,0.0,-86.47156,60.88867,0.0,3.6669922,56.93,56.89,56.47,56.62,0
10029.845,0.22011119,0.43181187,0.2774417,0.2759984,101.59924,21.804527,13.7520275,-3.2166004,143.20229,52.482723,315.518,0.0,9.319,31.197,42.436,0.0,96.24063,0.0,0.0,459.0,216.0,2612.0,0.0,-7.625,0.103027344,110.330055,14593.484,14397.136,1100.0834,517.14,16.362371,17.930784,0.0,-1.6426979,3.0,40.89508,36.089012,17.999977,17.999977,1.288,0.0,-29.289062,0.115600586,0.0,0.0,0.0,0.0,0.0,1.1191406,1.0800781,56.451416,0.7812499,79.42757,79.67187,0.0,108.00004,17.675781,1.0,111.42457,80.96067,479.25,543.75,-2.4239478,75.9375,0.0,79.46875,13.07111,64.99997,39.91089,1.0,56.87,34.6875,0.0,-87.49695,60.772705,0.0,3.6669922,56.84,56.96,56.35,56.7,0
10029.885,0.23608896,0.45397475,0.27548406,0.27595603,101.599205,21.804527,13.757278,-3.2589,147.64514,54.152435,315.518,0.0,9.319,31.197,42.436,0.0,96.24063,0.0,0.0,459.0,216.375,2614.0,0.0,-7.6171875,0.103027344,110.33835,14630.631,14335.047,1100.0834,517.14,11.678324,17.888395,0.0,-1.3141583,3.0,38.01117,36.089134,17.999977,18.374977,1.284,0.0,-29.226562,0.11590576,0.0,0.0,0.0,0.0,0.0,1.1132812,1.0800781,56.469727,0.7812499,79.13596,79.65708,0.0,108.00004,17.675781,1.0,111.96354,80.96067,479.25,543.75,-2.0954082,75.25,0.0,79.46875,13.07111,64.99997,40.777588,1.0,56.92,34.78125,0.0,-87.4115,60.668945,0.0,3.6669922,56.84,56.99,56.3,56.75,0
10029.924,0.22887117,0.4628399,0.276195,0.277694,101.599174,21.804527,13.743376,-3.243344,147.86316,54.21165,315.518,0.0,9.319,31.197,42.436,0.0,96.24063,0.0,0.0,459.375,216.375,2613.0,0.0,-7.640625,0.10266113,110.27202,14399.789,14298.961,1100.0834,517.40533,14.1581135,17.846004,0.0,-1.0513268,3.0,39.396667,36.089245,17.999977,18.374977,1.272,0.0,-29.25,0.11798096,0.0,0.0,0.0,0.0,0.0,1.1113281,0.9199219,56.469727,0.7812499,79.24316,79.885155,0.0,108.00004,17.773438,1.0,112.26204,80.96067,479.625,543.75,-1.8325766,75.5,0.0,80.0,13.07111,64.99997,41.19873,1.0,57.06,35.40625,0.0,-87.323,59.899902,0.0,3.6669922,57.15,57.04,56.84,56.76,0
10029.965,0.22309694,0.48513597,0.27695367,0.2776516,101.599144,21.804527,13.757082,-3.2252295,152.173,55.898544,315.518,0.0,9.319,31.197,42.436,0.0,96.24063,0.0,0.0,459.0,216.375,2618.0,0.0,-7.671875,0.10266113,110.280304,14193.888,14378.562,1100.0834,517.40533,20.558937,21.152391,0.0,-0.9973115,3.0,42.881775,36.089344,17.999977,18.374977,1.28,0.0,-29.3125,0.12219238,0.0,0.0,0.0,0.0,0.0,1.1132812,0.9199219,56.75659,0.7812499,79.36799,80.01724,0.0,108.00004,17.773438,1.0,112.643456,80.96067,479.25,543.75,-1.7785614,83.53125,0.0,80.03125,13.07111,64.99997,41.77246,1.0,56.99,36.65625,0.0,-87.19177,58.465576,0.0,3.6669922,56.98,57.08,56.78,56.91,0
10030.005,0.25847757,0.4940544,0.27727237,0.27735487,101.59911,21.804527,13.749098,-3.2153618,152.04953,56.19454,315.518,0.0,9.319,31.197,42.436,0.0,96.24063,0.0,0.0,455.25,216.375,2634.0,0.0,-7.6875,0.10241699,110.421265,14289.939,14287.286,1100.0834,517.40533,19.668756,21.152391,0.0,-0.6415992,3.0,42.43927,36.08943,17.999977,18.374977,1.528,0.0,-29.367188,0.123535156,0.0,0.0,0.0,0.0,0.0,1.1044922,0.9199219,56.759644,0.7812499,79.435974,79.88566,0.0,108.00004,17.773438,1.0,113.02487,80.96067,479.625,543.75,-1.422849,83.84375,0.0,79.96875,13.07111,64.99997,42.364502,1.0,57.16,37.0625,0.0,-87.28027,57.965088,0.0,3.6669922,57.12,57.23,56.72,56.91,0
10030.045,0.30678207,0.49762177,0.27841794,0.27981347,101.599915,21.804527,13.749369,-3.2026231,152.1296,56.266815,315.518,0.0,9.319,31.197,42.436,0.0,96.24063,0.0,0.0,455.25,216.0,2636.0,0.0,-7.6796875,0.10321045,110.512474,14288.878,14466.123,1100.0834,517.93604,21.131197,21.576286,0.0,-0.35702944,3.0,43.370056,36.08951,17.999977,17.999977,1.548,0.0,-29.46875,0.12652588,0.0,0.0,0.0,0.0,0.0,1.0351562,0.9199219,56.77185,0.7812499,79.52458,80.06036,0.0,108.00004,17.96875,1.0,113.456055,80.96067,480.0,543.75,-1.1382793,84.15625,0.0,81.0625,13.07111,64.99997,43.00537,1.0,57.35,37.96875,0.0,-87.23755,57.104492,0.0,3.6669922,57.32,57.38,56.92,56.96,0
10030.085,0.34542567,0.53654873,0.27821237,0.28023738,101.60063,21.804527,13.7495575,-3.1602087,160.42119,59.333557,315.518,0.0,9.319,31.197,42.436,0.0,96.24063,0.0,0.0,455.25,216.0,2636.0,0.0,-7.65625,0.103271484,110.57052,14413.586,14421.547,1100.0834,517.93604,21.131197,21.36434,0.0,-0.12937361,3.0,43.597412,36.089584,17.999977,17.999977,1.548,0.0,-29.585938,0.12664795,0.0,0.0,0.0,0.0,0.0,0.9892578,0.9199219,56.81305,0.7812499,79.81766,80.28976,0.0,108.00004,17.96875,1.0,113.92869,80.96067,480.0,543.75,-0.9106235,84.09375,0.0,81.0625,13.07111,64.99997,43.76831,1.0,57.39,38.0,0.0,-87.4115,57.073975,0.0,3.6669922,57.32,57.42,56.96,57.08,0
10030.125,0.37634054,0.5708695,0.27911803,0.28023738,101.60046,21.804527,13.743831,-3.124061,164.35017,60.832855,315.518,0.0,9.319,31.197,42.436,0.0,96.24063,0.0,0.0,455.625,216.0,2638.0,0.0,-7.671875,0.10357666,110.53735,14525.559,14450.203,1100.0834,517.93604,19.117693,21.555092,0.0,0.052751064,3.0,42.370605,36.08965,17.999977,17.999977,1.544,0.0,-29.976562,0.12677002,0.0,0.0,0.0,0.0,0.0,0.9746094,0.9199219,56.809998,0.7812499,80.06664,80.61215,0.0,108.00004,17.96875,1.0,114.34328,80.96067,480.0,543.75,-0.7284988,84.4375,0.0,81.09375,13.07111,64.99997,44.348145,1.0,57.46,38.03125,0.0,-87.28027,57.092285,0.0,3.6669922,57.38,57.54,56.91,57.1,0
10030.167,0.42107245,0.5845978,0.2808737,0.28044933,101.600296,21.804527,13.745682,-3.0845654,164.42583,60.907,315.518,0.0,9.319,31.197,42.436,0.0,96.24063,0.0,0.0,455.25,216.0,2640.0,0.0,-7.625,0.10357666,110.57881,14467.185,14579.687,1100.0834,517.93604,21.215975,21.68226,0.0,0.1984508,3.0,43.68744,36.089706,17.624977,17.999977,1.544,0.0,-30.0,0.1270752,0.0,0.0,0.0,0.0,0.0,0.9638672,0.9199219,56.814575,0.7812499,80.33872,80.5927,0.0,108.00004,17.96875,1.0,114.74127,80.96067,480.0,543.75,-0.5827991,85.09375,0.0,81.125,13.07111,64.99997,44.934082,1.0,57.55,38.125,0.0,-87.36572,56.988525,0.0,3.6669922,57.68,57.63,57.1,57.23,0
10030.205,0.41685796,0.59008914,0.2822891,0.2834166,101.60015,21.804527,13.752836,-3.0495746,164.4837,61.043835,315.518,0.0,9.319,31.197,42.436,0.0,96.24063,0.0,0.0,455.625,216.0,2645.0,0.0,-7.6015625,0.10437012,110.678314,14550.5,14659.287,1100.0834,517.93604,20.368185,21.936598,0.0,0.3150106,3.0,43.244934,36.08976,17.624977,17.999977,1.536,0.0,-30.148438,0.1303711,0.0,0.0,0.0,0.0,0.0,0.9667969,0.9199219,56.829834,0.7812499,80.579765,81.197975,0.0,108.00004,18.164062,1.0,115.09781,81.085045,480.0,543.75,-0.46623927,84.75,0.0,82.21875,13.07111,64.99997,45.404053,1.0,57.71,39.125,0.0,-87.23755,56.036377,0.0,3.6669922,57.62,57.63,57.29,57.42,0
10030.248,0.43348637,0.61103565,0.28095332,0.2834166,101.60002,21.804527,13.751986,-3.01843,168.264,62.564842,315.518,0.0,9.319,31.197,42.436,0.0,96.24063,0.0,0.0,455.625,216.0,2650.0,0.0,-7.53125,0.10437012,110.67002,14560.582,14609.404,1100.0834,518.20135,20.770885,21.915403,0.0,0.56450844,3.0,43.51654,36.089806,17.624977,17.999977,1.544,0.0,-30.273438,0.1307373,0.0,0.0,0.0,0.0,0.0,0.95996094,0.9199219,56.82831,0.7812499,80.79431,81.26811,0.0,108.00004,18.164062,1.0,115.537285,81.19284,480.375,543.75,-0.21674143,85.0625,0.0,82.21875,13.07111,64.99997,46.063232,1.0,57.78,39.21875,0.0,-87.28027,55.914307,0.0,3.6669922,57.65,57.86,57.18,57.4,0
10030.289,0.4267891,0.61941427,0.28115064,0.28328943,101.59991,21.804527,13.7513895,-2.9923494,168.37407,62.700264,315.518,0.0,9.319,31.197,42.436,0.0,96.24063,0.0,0.0,455.625,216.0,2654.0,0.0,-7.546875,0.10510254,110.76123,14584.993,14642.306,1100.0834,518.20135,20.495354,22.000183,0.0,0.76410675,3.0,43.35785,36.089848,17.624977,17.999977,1.552,0.0,-30.648438,0.1307373,0.0,0.0,0.0,0.0,0.0,0.9550781,0.9199219,56.851196,0.7812499,80.97397,81.344894,0.0,108.00004,18.164062,1.0,115.76945,81.317215,480.375,543.75,-0.01714316,85.875,0.0,82.25,13.07111,64.99997,46.380615,1.0,57.87,39.21875,0.0,-87.19177,56.06079,0.0,3.6669922,57.95,57.88,57.47,57.59,0
10030.316,0.4214313,0.6227657,0.28224283,0.28901204,101.5998,21.804527,13.756832,-2.9605784,168.39314,62.77825,315.518,0.0,9.319,31.197,42.436,0.0,96.24063,2.0,0.0,455.625,216.0,2657.0,0.0,-7.53125,0.10583496,110.81098,14644.959,14652.92,1100.0834,518.4667,20.368185,22.063766,0.0,0.9237853,3.0,43.426514,36.089886,17.624977,17.999977,1.552,0.0,-31.023438,0.13653564,0.0,0.0,0.0,0.0,0.0,0.9550781,0.9199219,56.852722,0.7812499,81.192856,82.1738,0.0,108.00004,18.554688,1.0,116.092834,81.60743,480.375,543.75,0.14253546,85.6875,0.0,84.375,13.07111,64.99997,46.850586,1.0,58.03,40.96875,0.0,-87.23755,54.266357,0.0,3.6669922,57.95,57.95,57.55,57.55,0
10030.361,0.41714507,0.6241063,0.29295784,0.29159775,101.59971,21.804527,13.760642,-2.7558632,168.29997,62.83797,315.518,0.0,9.319,31.197,42.436,0.0,96.24063,2.0,0.0,455.625,215.625,2661.0,0.0,-7.5,0.10656738,110.87731,14666.187,15022.268,1100.0834,518.4667,24.988646,22.805584,0.0,1.2077782,3.0,46.40045,36.08992,17.249977,17.624977,1.556,0.0,-30.851562,0.14001465,0.0,0.0,0.0,0.0,0.0,0.9511719,0.9199219,56.89392,0.7812499,82.60384,82.44504,0.0,108.00004,18.75,1.0,116.24208,82.32052,480.75,543.375,0.42652833,90.0,0.0,85.5625,13.537935,64.99997,47.979736,1.0,57.96,42.0,0.0,-86.80115,53.259277,0.0,3.6669922,57.99,58.04,57.4,57.8,0
10030.406,0.43371606,0.6246425,0.29263595,0.2915554,101.599625,21.804527,13.763309,-2.7433026,168.37373,63.030888,315.518,0.0,9.319,31.197,42.436,0.0,96.24063,2.0,0.0,455.625,215.25,2668.0,0.0,-7.4609375,0.10687256,111.20069,15004.755,15010.593,1100.0834,518.4667,22.275715,22.720804,0.0,1.4349725,3.0,45.118713,36.08995,17.249977,17.249977,1.556,0.0,-30.804688,0.14007568,0.0,0.0,0.0,0.0,0.0,0.9482422,0.9199219,56.904602,0.7812499,82.69034,82.56732,0.0,108.00004,18.75,1.0,116.7313,82.494644,480.75,543.375,0.65372264,89.90625,0.0,85.5625,13.07111,64.99997,48.242188,1.0,58.13,42.03125,0.0,-87.23755,53.308105,0.0,3.6669922,58.18,58.13,57.65,57.92,0
10030.445,0.40697286,0.624857,0.29234636,0.29159775,101.59955,21.804527,13.747597,-2.7835732,168.33017,63.132668,315.518,0.0,9.319,31.197,42.436,0.0,96.24063,2.0,0.0,455.625,215.25,2673.0,0.0,-7.453125,0.106933594,111.25044,15127.871,15010.593,1100.0834,518.73206,21.110003,22.720804,0.0,1.616728,3.0,44.53888,36.089977,17.249977,17.249977,1.616,0.0,-30.375,0.140625,0.0,0.0,0.0,0.0,0.0,0.94140625,0.9199219,56.906128,0.7812499,82.41268,82.21589,0.0,108.00004,18.75,1.0,117.12101,82.55269,481.5,543.375,0.83547807,89.78125,0.0,85.59375,13.07111,64.99997,48.724365,1.0,58.27,42.1875,0.0,-87.36572,53.137207,0.0,3.6669922,58.13,58.22,57.62,57.99,0
10030.485,0.3855783,0.64369285,0.29268315,0.29202163,101.59948,21.804527,13.760036,-2.8033693,172.17029,64.645386,315.518,0.0,9.319,31.197,42.436,0.0,96.24063,2.0,0.0,455.625,215.25,2676.0,0.0,-7.3984375,0.107666016,111.28361,15187.837,14999.9795,1100.0834,518.73206,19.965483,22.593636,0.0,1.7621323,3.0,43.902588,36.090004,17.249977,17.249977,1.588,0.0,-30.28125,0.14105225,0.0,0.0,0.0,0.0,0.0,0.93359375,0.9199219,56.921387,0.7812499,82.27616,82.18588,0.0,108.00004,18.75,1.0,117.477554,82.56927,481.125,543.375,0.9808824,89.71875,0.0,85.59375,13.07111,64.99997,49.310303,1.0,58.39,42.3125,0.0,-87.28027,53.155518,0.0,3.0664062,58.26,58.28,57.82,57.95,0
10030.525,0.38846266,0.6512271,0.29389188,0.2918945,101.59942,21.804527,13.745307,-2.8353305,172.1439,64.78041,315.518,0.0,9.319,31.197,42.436,0.0,96.24063,2.0,0.0,456.0,215.25,2682.0,0.0,-7.359375,0.107666016,111.30849,15119.911,14863.597,1100.0834,519.2627,19.562782,22.318104,0.0,1.8784558,3.0,43.608093,36.090027,17.624977,17.249977,1.568,0.0,-30.273438,0.14141846,0.0,0.0,0.0,0.0,0.0,0.9404297,0.9199219,56.92444,0.7812499,82.05579,81.82126,0.0,108.00004,18.75,1.0,117.4361,82.47806,481.5,543.375,1.0972059,90.34375,0.0,85.625,13.07111,64.99997,49.09668,1.0,58.46,42.4375,0.0,-86.75842,53.033447,0.0,1.8725586,58.52,58.5,57.84,58.28,0
10030.567,0.43077013,0.65424085,0.2901293,0.29172495,101.599365,21.804527,13.758433,-2.9767206,172.15324,64.953,315.518,0.0,9.319,31.197,42.436,0.0,96.24063,2.0,0.0,456.0,215.25,2689.0,0.0,-7.40625,0.10772705,111.349945,14949.034,14936.829,1100.0834,519.2627,21.555092,22.593636,0.0,1.9715146,3.0,44.776917,36.090046,17.624977,17.249977,1.572,0.0,-30.203125,0.14227295,0.0,0.0,0.0,0.0,0.0,0.9482422,0.9199219,56.948853,0.7812499,81.081154,81.38457,0.0,108.00004,18.75,1.0,116.78933,82.245895,481.5,543.375,1.1902647,88.96875,0.0,85.5625,13.07111,64.99997,47.86377,1.0,58.54,42.6875,0.0,-86.7157,52.764893,0.0,1.5942383,58.55,58.55,57.95,58.35,0
10030.607,0.4446161,0.65544635,0.29235125,0.29168254,101.59931,21.804527,13.767622,-2.9726918,172.21404,65.04843,315.518,0.0,9.319,31.197,42.436,0.0,96.24063,2.0,0.0,455.625,215.625,2692.0,0.0,-7.6484375,0.107666016,111.2919,14918.256,15072.15,1100.0834,519.2627,22.275715,23.250675,0.0,2.2022116,3.0,45.118713,36.090065,17.624977,17.624977,1.584,0.0,-30.171875,0.14331055,0.0,0.0,0.0,0.0,0.0,0.95410156,0.9199219,56.944275,0.7812499,81.10887,81.0387,0.0,108.00004,18.75,1.0,115.79432,81.98055,481.5,543.75,1.4209617,89.3125,0.0,85.59375,13.537935,64.99997,46.75293,1.0,58.59,43.0,0.0,-86.53259,52.404785,0.0,1.3330078,58.6,58.61,58.12,58.28,0
10030.645,0.4756929,0.65592855,0.29354182,0.29168254,101.599266,21.804527,13.756475,-2.9599695,172.27496,65.14397,315.518,0.0,9.319,31.197,42.436,0.0,96.24063,2.0,0.0,456.0,215.25,2695.0,0.0,-7.8515625,0.10772705,111.36652,14902.335,15110.89,1100.0834,519.7934,23.992493,23.356647,0.0,2.5430193,3.0,46.185303,36.09008,17.624977,17.249977,1.604,0.0,-30.101562,0.14385986,0.0,0.0,0.0,0.0,0.0,0.9482422,0.9199219,56.970215,0.7812499,81.19652,80.950066,0.0,108.00004,18.75,1.0,115.15586,81.74839,481.875,543.75,1.7617693,90.25,0.0,85.59375,13.537935,64.99997,45.599365,1.0,58.68,43.15625,0.0,-86.605835,52.23999,0.0,1.2841797,58.73,58.76,58.29,58.46,0
10030.688,0.4805543,0.65612143,0.294142,0.2918945,101.59923,21.804527,13.754533,-3.0021727,172.25659,65.306206,315.518,0.0,9.319,31.197,42.436,0.0,96.24063,2.0,0.0,456.0,215.25,2702.0,0.0,-8.3046875,0.107788086,111.416275,15085.948,15111.42,1100.0834,519.7934,22.16974,23.356647,0.0,2.6594152,3.0,45.23163,36.090096,17.624977,17.249977,1.624,0.0,-30.101562,0.14477539,0.0,0.0,0.0,0.0,0.0,0.9394531,0.9199219,57.00531,0.7812499,80.90558,80.65347,0.0,108.00004,18.75,1.0,114.542274,81.50793,482.25,544.5,1.8781655,90.53125,0.0,85.625,13.537935,64.99997,44.77539,1.0,58.82,43.4375,0.0,-86.7157,51.94702,0.0,1.0839844,58.73,58.86,58.34,58.63,0
10030.727,0.5444435,0.6561986,0.29356295,0.2918945,101.59919,21.804527,13.741454,-2.9969218,172.24347,65.37373,315.518,0.0,9.319,31.197,42.436,0.0,96.24063,2.0,0.0,456.0,215.25,2705.0,0.0,-8.25,0.10784912,111.47432,15191.552,15075.335,1100.0834,519.7934,20.283405,23.059921,0.0,2.7525322,3.0,44.17572,36.09011,17.624977,17.249977,1.62,0.0,-30.070312,0.14477539,0.0,0.0,0.0,0.0,0.0,0.9296875,0.9199219,56.991577,0.7812499,80.941734,80.74207,0.0,108.00004,18.75,1.0,113.92869,81.37526,482.25,544.125,1.9712824,90.28125,0.0,85.65625,13.537935,64.99997,43.981934,1.0,58.89,43.4375,0.0,-86.624146,51.95923,0.0,0.99365234,58.79,58.92,58.35,58.61,0
10030.767,0.5755548,0.67497945,0.29399082,0.28901204,101.59916,21.804527,13.755736,-3.0069487,175.95694,66.881905,315.518,0.0,9.319,31.197,42.436,0.0,96.24063,2.0,0.0,456.375,215.25,2709.0,0.0,-8.21875,0.1071167,111.42457,15209.595,15091.785,1100.0834,519.7934,20.21982,23.10231,0.0,2.827026,3.0,44.1864,36.090122,17.624977,17.249977,1.6,0.0,-30.148438,0.14282227,0.0,0.0,0.0,0.0,0.0,0.9248047,0.9199219,57.006836,0.7812499,80.87259,80.32019,0.0,108.00004,18.554688,1.0,113.34826,81.226006,482.625,544.125,2.045776,90.3125,0.0,84.59375,13.537935,64.99997,43.07251,1.0,58.99,42.84375,0.0,-86.69739,52.44751,0.0,0.7055664,59.05,58.97,58.48,58.86,0
10030.805,0.60044384,0.6637418,0.29349378,0.28896964,101.59913,21.804527,13.759874,-3.0049386,172.29674,65.61153,315.518,0.0,9.319,31.197,42.436,0.0,96.24063,2.0,0.0,456.375,215.25,2714.0,0.0,-8.1640625,0.1071167,111.44944,15191.552,15077.457,1100.0834,519.7934,19.880705,23.017532,0.0,2.8866205,3.0,43.971252,36.090134,17.624977,17.249977,1.6,0.0,-30.179688,0.14318848,0.0,0.0,0.0,0.0,0.0,0.9277344,0.9199219,57.009888,0.7812499,80.88641,80.298485,0.0,108.00004,18.554688,1.0,112.79271,81.03529,482.625,544.125,2.1053708,90.4375,0.0,84.59375,13.537935,64.99997,42.401123,1.0,59.15,42.96875,0.0,-86.7157,52.32544,0.0,0.48828125,59.12,59.12,58.58,58.92,0
10030.847,0.6003551,0.65924674,0.29116946,0.28930873,101.599106,21.804527,13.751053,-3.0251222,172.31145,65.68966,315.518,0.0,9.319,31.197,42.436,0.0,96.24063,2.0,0.0,456.375,215.25,2717.0,0.0,-8.1015625,0.107543945,111.490906,15076.3955,15033.411,1100.0834,520.0587,21.215975,22.996338,0.0,2.9342966,3.0,44.68689,36.090145,17.624977,17.249977,1.596,0.0,-30.257812,0.1439209,0.0,0.0,0.0,0.0,0.0,0.9277344,0.9199219,57.006836,0.7812499,80.74727,80.46328,0.0,108.00004,18.554688,1.0,112.37813,80.96067,482.625,544.125,2.1530466,89.375,0.0,84.625,13.537935,64.99997,41.778564,1.0,59.24,43.1875,0.0,-86.7157,52.178955,0.0,0.3955078,59.09,59.2,58.65,58.86,0
10030.885,0.60028404,0.6761987,0.29072207,0.28676537,101.59908,21.804527,13.750737,-3.057669,176.05547,67.16638,315.518,0.0,9.319,31.197,42.436,0.0,96.24063,2.0,0.0,456.375,215.25,2719.0,0.0,-8.0390625,0.10675049,111.40798,15181.469,15003.163,1100.0834,520.0587,19.266056,22.847973,0.0,2.972437,3.0,43.597412,36.090153,17.624977,17.249977,1.604,0.0,-30.242188,0.14178467,0.0,0.0,0.0,0.0,0.0,0.92871094,0.9199219,57.0282,0.7812499,80.5229,80.03799,0.0,108.00004,18.359375,1.0,111.880615,80.96067,482.625,544.125,2.1911871,89.03125,0.0,83.5625,13.537935,64.99997,41.046143,1.0,59.25,42.53125,0.0,-86.7157,52.70996,0.0,0.53222656,59.4,59.32,58.82,59.07,0
10030.925,0.6202272,0.6829795,0.2894757,0.28621432,101.59906,21.804527,13.738797,-3.0943832,176.06766,67.294556,315.518,0.0,9.319,31.197,42.436,0.0,96.24063,2.0,0.0,456.375,215.625,2724.0,0.0,-7.96875,0.10675049,111.3997,15117.788,14953.811,1100.0834,520.58936,18.587822,22.763195,0.0,3.0029497,3.0,43.130493,36.09016,17.624977,17.624977,1.6,0.0,-30.210938,0.14178467,0.0,0.0,0.0,0.0,0.0,0.92871094,0.9199219,57.02057,0.7812499,80.26981,79.893906,0.0,108.00004,18.359375,1.0,111.3997,80.96067,482.625,544.125,2.2216997,88.8125,0.0,83.53125,13.537935,64.99997,40.509033,1.0,59.42,42.53125,0.0,-86.7157,52.70996,0.0,0.72021484,59.38,59.51,58.91,59.17,0
10030.967,0.6161818,0.68569183,0.28731975,0.28638387,101.59904,21.804527,13.748017,-3.1265328,176.11163,67.36079,315.518,0.0,9.319,31.197,42.436,0.0,96.24063,2.0,0.0,456.75,215.625,2726.0,0.0,-7.96875,0.10675049,111.38311,15041.902,14868.372,1100.0834,520.58936,18.736187,22.572441,0.0,3.0273595,3.0,43.188477,36.090168,17.999977,17.624977,1.58,0.0,-30.195312,0.14196777,0.0,0.0,0.0,0.0,0.0,0.9267578,0.9199219,57.029724,0.7812499,80.04819,79.94832,0.0,108.00004,18.359375,1.0,111.03486,80.96067,482.625,544.125,2.2461097,87.90625,0.0,83.53125,13.537935,64.99997,39.78882,1.0,59.45,42.59375,0.0,-86.7157,52.648926,0.0,0.7495117,59.41,59.45,59.03,59.05,0
10031.007,0.59294546,0.66802675,0.28634033,0.28689256,101.59902,21.804527,13.748612,-3.15987,172.52542,66.03751,315.518,0.0,9.319,31.197,42.436,0.0,96.24063,2.0,0.0,456.75,215.625,2728.0,0.0,-7.9765625,0.10668945,111.31677,14895.968,14837.594,1100.0834,520.58936,18.79977,22.551247,0.0,3.0468874,3.0,43.040466,36.090176,17.999977,17.624977,1.572,0.0,-30.257812,0.14282227,0.0,0.0,0.0,0.0,0.0,0.9296875,0.9199219,57.026672,0.7812499,79.81838,79.945915,0.0,108.00004,18.359375,1.0,110.65344,80.96067,482.625,544.125,2.2656376,87.34375,0.0,83.5625,13.537935,64.99997,39.27002,1.0,59.51,42.84375,0.0,-86.465454,52.349854,0.0,0.6225586,59.61,59.49,59.25,59.38,0
10031.045,0.5543564,0.6609607,0.28680766,0.28685015,101.59901,21.804527,13.737309,-3.1145246,172.4876,66.11984,315.518,0.0,9.319,31.197,42.436,0.0,96.24063,2.0,0.0,456.75,215.625,2732.0,0.0,-7.9765625,0.10662842,111.2919,14814.774,14941.605,1100.0834,520.58936,19.81712,22.763195,0.0,3.06251,3.0,43.585205,36.09018,17.624977,17.624977,1.568,0.0,-30.304688,0.14355469,0.0,0.0,0.0,0.0,0.0,0.9296875,0.9199219,57.035828,0.7812499,80.13093,80.08614,0.0,108.00004,18.359375,1.0,110.28031,80.96067,482.625,544.125,2.28126,87.53125,0.0,83.5,14.004761,64.99997,39.12964,1.0,59.75,43.0625,0.0,-85.56213,52.093506,0.0,0.64697266,59.68,59.72,59.22,59.4,0
10031.088,0.5234851,0.6581343,0.28925502,0.28935114,101.59899,21.804527,13.741117,-3.0717049,172.47742,66.30955,315.518,0.0,9.319,31.197,42.436,0.0,96.24063,2.0,0.0,456.375,215.625,2740.0,0.0,-7.9375,0.10736084,111.34165,14837.0625,15017.491,1100.0834,520.58936,21.004028,22.996338,0.0,3.231258,3.0,44.369507,36.090183,17.624977,17.624977,1.588,0.0,-30.335938,0.14709473,0.0,0.0,0.0,0.0,0.0,0.93066406,0.9199219,57.051086,0.7812499,80.42606,80.411224,0.0,108.00004,18.554688,1.0,109.915474,80.96067,482.625,544.125,2.450008,88.65625,0.0,84.65625,14.004761,64.99997,38.641357,1.0,59.76,44.125,0.0,-84.77783,51.080322,0.0,0.60546875,59.74,59.74,59.3,59.4,0
10031.127,0.5187881,0.6382537,0.29247078,0.29973656,101.598976,21.804527,13.737922,-3.0049398,168.69965,64.99919,315.518,0.0,9.319,31.197,42.436,0.0,96.24063,2.0,0.0,456.375,215.25,2746.0,0.0,-7.9140625,0.10961914,111.54065,14973.977,15062.067,1100.0834,521.12006,21.004028,23.27187,0.0,3.3662562,3.0,44.561768,36.090187,17.624977,17.249977,1.604,0.0,-30.414062,0.15777588,0.0,0.0,0.0,0.0,0.0,0.9277344,0.9199219,57.06024,0.7812499,80.88625,81.86395,0.0,108.00004,19.238281,1.0,109.45942,81.32551,483.0,544.125,2.5850062,89.71875,0.0,88.4375,14.471586,64.99997,38.415527,1.0,59.9,47.34375,0.0,-83.82263,49.969482,0.0,0.5957031,59.98,59.97,59.35,59.63,0
10031.167,0.5150305,0.6303015,0.30071607,0.299567,101.59897,21.804527,13.747404,-2.8322458,168.77261,65.145706,315.518,0.0,9.319,31.197,42.436,0.0,96.24063,2.0,0.0,456.75,214.875,2751.0,0.0,-7.875,0.10974121,111.648445,15004.755,15135.831,1100.0834,521.12006,22.29691,23.314259,0.0,3.474255,3.0,45.37964,36.09019,17.249977,16.874979,1.616,0.0,-30.429688,0.15808105,0.0,0.0,0.0,0.0,0.0,0.9248047,0.9199219,57.104492,0.7812499,82.07661,82.01712,0.0,108.00004,19.238281,1.0,109.06971,81.756676,483.375,543.75,2.693005,93.0625,0.0,88.46875,14.938412,64.99997,38.482666,1.0,60.01,47.4375,0.0,-81.59485,49.975586,0.0,0.72265625,59.98,60.08,59.57,59.74,0
10031.207,0.49202442,0.64587057,0.30242333,0.29914314,101.59896,21.804527,13.748182,-2.8104885,172.4956,66.7764,315.518,0.0,9.319,31.197,42.436,0.0,96.24063,2.0,0.0,456.375,215.25,2759.0,0.0,-8.1015625,0.10998535,111.92207,15082.764,15164.487,1100.0834,521.12006,22.466467,23.483816,0.0,3.5606542,3.0,45.606995,36.090195,17.249977,17.249977,1.648,0.0,-30.507812,0.1583252,0.0,0.0,0.0,0.0,0.0,0.9238281,0.9199219,57.107544,0.7812499,82.22657,81.798744,0.0,108.00004,19.238281,1.0,108.92876,81.90593,483.75,544.125,2.7794042,93.875,0.0,88.46875,14.938412,64.99997,38.26294,1.0,60.05,47.5,0.0,-80.26123,50.006104,0.0,0.64208984,60.05,60.1,59.58,59.7,0
10031.248,0.49361953,0.65209824,0.30236205,0.29943985,101.59895,21.804527,13.748728,-2.8355286,172.54068,66.914894,315.518,0.0,9.319,31.197,42.436,0.0,96.24063,2.0,0.0,456.375,215.25,2764.0,0.0,-8.703125,0.11010742,112.021576,15222.861,15185.714,1100.0834,521.6507,20.7073,23.653376,0.0,3.6297731,3.0,44.65332,36.0902,17.249977,17.249977,1.648,0.0,-30.609375,0.15948486,0.0,0.0,0.0,0.0,0.0,0.9248047,0.9199219,57.10907,0.7812499,82.05396,81.65903,0.0,108.00004,19.238281,1.0,108.72146,81.963974,483.75,544.875,2.8485234,93.8125,0.0,88.5,14.938412,64.99997,38.012695,1.0,60.24,47.84375,0.0,-79.58374,49.938965,0.0,0.5786133,60.23,60.25,59.74,59.89,0
10031.285,0.43489563,0.6545893,0.3014841,0.29943985,101.598946,21.804527,13.749109,-2.8242123,172.56152,66.971405,315.518,0.0,9.319,31.197,42.436,0.0,96.24063,2.0,0.0,456.0,215.25,2766.0,0.0,-8.625,0.109802246,112.063034,15280.705,15168.202,1100.0834,521.6507,19.9019,23.547401,0.0,3.6850686,3.0,44.221497,36.090202,17.249977,17.249977,1.652,0.0,-30.71875,0.1595459,0.0,0.0,0.0,0.0,0.0,0.9238281,0.9199219,57.139587,0.7812499,82.13196,81.83218,0.0,108.00004,19.238281,1.0,108.580505,82.0386,483.75,544.5,2.9038188,93.5625,0.0,88.5,14.938412,64.99997,37.93335,1.0,60.3,47.875,0.0,-79.03137,49.85962,0.0,0.6347656,60.27,60.34,59.81,59.97,0
10031.327,0.40791652,0.6743357,0.300792,0.29952464,101.59894,21.804527,13.749376,-2.826747,176.23946,68.473,315.518,0.0,9.319,31.197,42.436,0.0,96.24063,2.0,0.0,456.375,215.25,2769.0,0.0,-8.5859375,0.10974121,112.038155,15283.889,15143.791,1100.0834,521.6507,19.266056,23.399038,0.0,3.7293048,3.0,43.84613,36.090206,17.249977,17.249977,1.632,0.0,-30.835938,0.15997314,0.0,0.0,0.0,0.0,0.0,0.9248047,0.9199219,57.139587,0.7812499,82.11448,81.95151,0.0,108.00004,19.238281,1.0,108.34004,82.12151,483.75,544.5,2.948055,93.28125,0.0,88.5,14.938412,64.99997,37.530518,1.0,60.39,48.0,0.0,-78.49121,49.81079,0.0,0.5932617,60.38,60.47,59.85,59.89,0
10031.365,0.38633323,0.6822343,0.29977527,0.29952464,101.59893,21.804527,13.755423,-2.8426268,176.30334,68.621506,315.518,0.0,9.319,31.197,42.436,0.0,96.24063,2.0,0.0,457.125,215.25,2774.0,0.0,-8.53125,0.10974121,112.01328,15293.44,15131.586,1100.0834,521.6507,18.905745,23.335453,0.0,3.7646937,3.0,43.65387,36.09021,17.249977,17.249977,1.616,0.0,-30.804688,0.16070557,0.0,0.0,0.0,0.0,0.0,0.9238281,0.9199219,57.147217,0.7812499,82.00501,81.96353,0.0,108.00004,19.238281,1.0,108.165924,82.17956,484.125,544.5,2.983444,92.9375,0.0,88.5625,14.938412,64.99997,37.298584,1.0,60.51,48.21875,0.0,-77.91748,49.749756,0.0,0.5859375,60.61,60.49,60.05,60.08,0
10031.407,0.3690666,0.68539375,0.2998362,0.29918548,101.59892,21.804527,13.759655,-2.866008,176.35803,68.76652,315.518,0.0,9.319,31.197,42.436,0.0,96.24063,2.0,0.0,456.75,215.25,2779.0,0.0,-8.4921875,0.10974121,112.00499,15188.367,15124.687,1100.0834,521.6507,19.668756,23.293064,0.0,3.793005,3.0,44.02771,36.090214,17.249977,17.249977,1.624,0.0,-30.5625,0.1609497,0.0,0.0,0.0,0.0,0.0,0.92578125,0.9199219,57.144165,0.7812499,81.84384,81.66909,0.0,108.00004,19.238281,1.0,108.01666,82.17956,484.125,544.5,3.0117552,93.25,0.0,88.46875,14.938412,64.99997,37.109375,1.0,60.67,48.28125,0.0,-77.49939,49.731445,0.0,0.68115234,60.7,60.78,60.23,60.29,0
10031.445,0.35525328,0.6679075,0.2995437,0.29986376,101.598915,21.804527,13.750899,-2.8866894,172.6341,67.41135,315.518,0.0,9.319,31.197,42.436,0.0,96.24063,2.0,0.0,457.125,215.25,2783.0,0.0,-8.46875,0.11047363,112.04645,15013.246,15104.521,1100.0834,522.1814,21.894209,23.208284,0.0,3.8156543,3.0,45.220947,36.015026,17.249977,17.249977,1.608,0.0,-30.539062,0.1619873,0.0,0.0,0.0,0.0,0.0,0.92871094,0.9199219,57.141113,0.7812499,81.70128,81.780846,0.0,108.00004,19.238281,1.0,107.9669,82.154686,484.125,544.5,3.0344043,92.875,0.0,88.65625,14.938412,64.99997,37.109375,1.0,60.71,48.59375,0.0,-77.267456,49.81079,0.0,0.68115234,60.71,60.78,60.18,60.25,0
10031.489,0.32420263,0.660913,0.29823363,0.31046113,101.59891,21.804527,13.750629,-2.9052436,172.72977,67.594124,315.518,0.0,9.319,31.197,42.436,0.0,96.24063,2.0,0.0,457.5,215.25,2789.0,0.0,-8.375,0.111572266,112.129364,15109.298,15091.785,1100.0834,522.1814,20.029068,23.18709,0.0,3.8337731,3.0,44.221497,35.947357,17.249977,17.249977,1.616,0.0,-30.46875,0.1730957,0.0,0.0,0.0,0.0,0.0,0.9316406,0.9199219,57.156372,0.7812499,81.57338,83.282295,0.0,108.00004,19.921875,1.0,107.7845,82.85119,484.5,544.5,3.0525234,92.5,0.0,92.40625,14.938412,64.99997,36.828613,1.0,60.92,51.9375,0.0,-76.85242,49.127197,0.0,0.60302734,60.9,60.85,60.51,60.46,0
10031.516,0.2793621,0.6581152,0.3082952,0.326442,101.5989,21.804527,13.750441,-2.7005937,172.73775,67.71844,315.518,0.0,9.319,31.197,42.436,0.0,96.24063,2.0,0.0,457.5,215.25,2794.0,0.0,-8.3828125,0.11437988,112.22057,15029.696,15314.668,1100.0834,522.4467,24.183245,24.522362,0.0,4.0045185,3.0,46.617126,35.886456,16.874979,17.249977,1.596,0.0,-30.4375,0.19122314,0.0,0.0,0.0,0.0,0.0,0.9316406,0.9199219,57.185364,0.7812499,82.984,85.419624,0.0,108.00004,20.800781,1.0,107.34503,85.21434,484.5,544.5,3.2232687,95.90625,0.0,98.21875,15.872062,64.99997,37.854004,1.0,60.95,57.375,0.0,-71.42029,48.254395,0.0,0.5908203,60.92,60.95,60.54,60.74,0
10031.561,0.22348969,0.65699613,0.32892042,0.32813758,101.5989,21.804527,13.756167,-2.3087978,172.66724,67.981514,315.518,0.0,9.319,31.197,42.436,0.0,96.24063,2.0,0.0,455.625,214.125,2806.0,0.0,-8.4296875,0.115356445,112.80929,15089.132,15636.255,1100.0834,522.4467,31.87695,26.429892,0.0,4.1411147,3.0,51.24817,35.831646,16.499979,16.124979,1.704,0.0,-30.40625,0.1954956,0.0,0.0,0.0,0.0,0.0,0.9326172,0.9199219,57.28607,0.7812499,85.68461,85.60467,0.0,108.00004,20.800781,1.0,106.76461,85.479675,484.5,544.5,3.359865,102.1875,0.0,98.34375,17.27254,64.99997,37.628174,1.0,61.07,58.65625,0.0,-67.333984,48.12622,0.0,0.6591797,60.95,60.99,60.54,60.62,0
10031.606,0.19879174,0.6565485,0.3306701,0.33589488,101.5989,21.804527,13.748458,-2.2930617,172.6975,68.33267,315.518,0.0,9.319,31.197,42.436,0.0,96.24063,2.0,0.0,454.5,214.125,2820.0,0.0,-9.078125,0.11730957,113.406296,15529.06,15704.181,1100.0834,522.4467,27.553215,26.832592,0.0,4.250392,3.0,49.035645,35.78232,16.499979,16.124979,1.812,0.0,-30.4375,0.20465088,0.0,0.0,0.0,0.0,0.0,0.93359375,0.9199219,57.29828,0.7812499,85.793076,86.54903,0.0,108.00004,21.191406,1.0,106.772896,86.0518,485.25,545.25,3.469142,103.0625,0.0,101.0,17.27254,64.99997,37.719727,1.0,61.35,61.40625,0.0,-66.80298,47.821045,0.0,0.68359375,61.33,61.24,60.8,60.78,0
10031.645,0.19903341,0.6751194,0.34004286,0.34674662,101.5989,21.804527,13.743061,-2.0887482,176.37216,69.935135,315.518,0.0,9.319,31.197,42.436,0.0,96.24063,2.0,0.0,454.875,214.125,2826.0,0.0,-9.1875,0.119262695,113.613594,15821.99,15794.3955,1100.0834,523.24274,26.387503,27.44724,0.0,4.3378134,3.0,48.568726,35.737923,16.499979,16.124979,1.808,0.0,-30.484375,0.21685791,0.0,0.0,0.0,0.0,0.0,0.9326172,0.9199219,57.318115,0.7812499,87.201385,88.08624,0.0,108.00004,21.777344,1.0,106.55731,88.03353,485.625,545.25,3.5565636,105.75,0.0,104.90625,17.739363,64.99997,38.80005,1.0,61.27,65.0625,0.0,-60.983276,47.265625,0.0,0.6738281,61.26,61.28,60.85,60.9,0
10031.676,0.17922673,0.70129776,0.3477723,0.35323218,101.5989,21.804527,13.756862,-1.9409816,179.88623,71.454735,315.518,0.0,9.319,31.197,42.436,0.0,96.24063,2.0,0.0,454.875,213.75,2831.0,0.0,-9.1875,0.120910645,113.83747,16035.32,15861.791,1100.0834,523.24274,25.560905,27.998306,0.0,4.4077506,3.0,48.320007,35.697968,16.124979,15.74998,1.808,0.0,-30.492188,0.22436523,0.0,0.0,0.0,0.0,0.0,0.9316406,0.9199219,57.40509,0.7812499,88.219925,88.96808,0.0,108.00004,22.070312,1.0,106.44122,88.46471,485.625,545.25,3.6265008,108.53125,0.0,106.875,18.206188,64.99997,38.824463,1.0,61.29,67.3125,0.0,-59.039307,47.03369,0.0,0.5761719,61.37,61.4,60.74,60.85,0
10031.721,0.14338139,0.7680191,0.37807304,0.4355951,101.5989,21.804527,13.743084,-1.3176183,190.3825,75.83779,315.518,0.0,9.319,31.197,42.436,0.0,96.24063,2.0,0.0,453.75,213.0,2839.0,0.0,-9.1171875,0.13256836,114.92369,16010.909,16175.418,1100.0834,523.77344,30.8596,30.880796,0.0,4.463701,3.0,51.431274,35.662006,15.37498,14.999981,1.876,0.0,-30.578125,0.30969238,0.0,0.0,0.0,0.0,0.0,0.9277344,0.9199219,57.43103,0.7812499,92.5167,100.611984,0.0,108.00004,35.44922,1.0,105.74473,100.968666,486.0,545.25,3.6824508,117.71875,0.0,195.875,21.473967,64.99997,42.248535,1.0,61.51,92.90625,0.0,-24.725342,42.791748,15.52887,0.5908203,61.68,61.54,61.18,61.18,0
10031.766,0.11470511,0.81345767,0.43040276,0.6444485,101.5989,21.804527,13.72758,-0.25085643,193.61536,77.34291,315.518,0.0,9.319,31.197,42.436,0.0,96.24063,2.0,0.0,451.5,210.75,2847.0,0.0,-9.0703125,0.3199463,134.06105,16164.805,16625.428,1100.0834,523.77344,39.019592,35.310505,0.0,4.5084605,3.0,56.414795,35.629642,14.249982,13.499983,2.028,0.0,-30.523438,0.25927734,0.0,0.0,0.0,0.0,0.0,0.9238281,0.9199219,57.635498,0.7812499,99.869774,133.77588,0.0,108.00004,73.92578,0.0,104.0615,134.07764,486.375,545.25,3.7272108,142.96875,0.0,439.875,36.879204,64.99997,42.095947,1.0,61.52,77.78125,0.0,16.696167,81.01196,95.8725,1.237793,61.54,61.63,61.11,61.28,0
10031.805,0.091764085,0.8503831,0.45561442,1.0980592,101.5989,21.804527,13.722588,0.07102876,196.6749,79.55855,315.518,0.0,9.319,31.197,42.436,0.0,96.24063,2.0,0.0,447.375,210.375,2883.0,0.0,-10.921875,0.60650635,196.19115,16657.799,17078.092,1100.0834,523.77344,41.668938,36.58219,0.0,4.5442686,3.0,58.639526,35.600513,13.874982,12.374984,2.316,0.0,-26.421875,0.0,0.0,0.0,0.0,0.0,0.0,0.93359375,0.9199219,57.821655,0.7812499,102.08849,210.42305,0.0,108.00004,99.90234,0.0,103.62203,210.55247,487.5,547.125,3.7630186,152.59375,0.0,439.875,66.75603,64.99997,42.474365,1.0,61.76,0.0,0.0,74.03259,99.998474,99.998474,2.6953125,61.77,61.86,61.14,61.44,0
10031.845,0.07341127,0.9026532,0.47616255,1.2242105,101.5989,21.804527,13.719092,0.17216715,203.16537,82.155556,315.518,0.0,9.319,31.197,42.436,0.0,96.24063,2.0,0.0,446.25,210.0,2882.0,0.0,-12.203125,0.71276855,228.53728,17117.89,17538.715,1100.0834,525.1001,45.52639,38.21419,0.0,4.7291646,3.0,61.364746,35.5743,13.874982,11.999985,2.384,0.0,-18.101562,0.0,0.0,0.0,0.0,0.0,0.0,0.9482422,0.9199219,57.97882,0.7812499,102.78563,231.49995,0.0,108.00004,99.90234,0.0,104.161,232.08615,487.875,548.25,3.9479148,160.03125,0.0,440.0,76.55936,64.99997,44.659424,1.0,62.25,0.0,0.0,72.50061,99.998474,99.998474,3.1689453,62.4,62.17,61.47,61.63,0
10031.885,0.05872902,1.0173113,0.49391064,1.2268387,101.5989,21.804527,13.716646,0.3142944,218.16077,88.09691,315.518,0.0,9.319,31.197,42.436,0.0,96.24063,2.0,0.0,446.25,209.625,2878.0,0.0,-9.4609375,0.7166748,230.69313,18153.764,17878.875,1100.0834,525.1001,38.913616,39.930965,0.0,5.033332,3.0,57.777405,35.550705,13.499983,11.624985,2.384,0.0,-11.9609375,0.0,0.0,0.0,0.0,0.0,0.0,0.9589844,0.9199219,58.273315,0.7812499,103.7653,232.90524,0.0,108.00004,99.90234,0.0,105.031624,232.27686,487.875,545.625,4.252082,167.8125,0.0,439.875,78.42666,64.99997,47.332764,1.0,62.25,0.0,0.0,71.2677,99.998474,99.998474,3.479004,62.35,62.32,61.49,61.7,0
10031.927,0.066983216,1.1569245,0.51855224,1.2358253,101.5989,21.804527,13.709074,0.580121,232.18846,93.82668,315.518,0.0,9.319,31.197,42.436,0.0,96.24063,2.0,0.0,444.0,208.875,2880.0,0.0,-4.609375,0.7172241,232.00323,18562.912,18155.887,1100.0834,524.8348,37.260426,42.092834,0.0,5.276665,3.0,56.925964,35.52947,13.124983,10.874986,2.54,0.0,-4.140625,0.0,0.0,0.0,0.0,0.0,0.0,0.9501953,0.9199219,58.462524,0.7812499,105.59761,231.8563,0.0,108.00004,99.90234,0.0,106.70657,232.83241,488.25,540.75,4.495415,177.3125,0.0,440.0,78.893486,64.99997,51.367188,1.0,62.52,0.0,0.0,70.41321,99.998474,99.998474,3.6499023,62.62,62.57,61.73,62.03,0
10031.967,0.053586572,1.2690198,0.5612503,1.2541376,101.5989,21.804527,13.709633,0.9602331,240.20898,97.33739,315.518,0.0,9.319,31.197,42.436,0.0,96.24063,2.0,0.0,444.375,208.875,2888.0,0.0,-5.2578125,0.7147217,231.87056,18332.07,18529.48,1100.0834,524.8348,47.87901,45.80192,0.0,5.471332,3.0,62.53357,35.510357,12.374984,10.874986,2.568,0.0,2.03125,0.0,0.0,0.0,0.0,0.0,0.0,0.9375,0.9199219,58.78601,0.7812499,108.21768,228.35284,0.0,108.00004,99.90234,0.0,109.21067,229.34158,489.0,541.5,4.690082,189.46875,0.0,440.0,78.893486,64.99997,55.664062,1.0,62.79,0.0,0.0,70.129395,99.998474,99.998474,3.6621094,62.87,62.81,62.0,62.03,0
10032.005,0.04286926,1.3513579,0.57395184,1.2645229,101.5989,21.804527,13.698305,1.3140143,245.36792,99.73774,315.518,0.0,9.319,31.197,42.436,0.0,96.24063,2.0,0.0,443.25,208.5,2897.0,0.0,-7.5390625,0.71832275,233.96838,18305.006,18759.791,1100.0834,524.8348,50.10446,42.983017,0.0,5.4708157,3.0,63.668823,35.493156,12.374984,10.499987,2.74,0.0,2.6171875,0.0,0.0,0.0,0.0,0.0,0.0,0.9355469,1.0,59.08203,0.7812499,110.65626,230.99174,0.0,108.00004,99.90234,0.0,111.880615,230.65167,490.875,543.75,4.6895657,191.125,0.0,439.875,79.36031,64.99997,61.676025,1.0,62.89,0.0,0.0,69.32068,99.998474,99.998474,3.6621094,63.05,62.96,62.53,62.15,0
10032.046,0.034295406,1.4405432,0.5960365,1.2648621,101.5989,21.804527,13.684517,1.8714272,253.0449,103.24885,315.518,0.0,9.319,31.197,42.436,0.0,96.24063,2.0,0.0,441.75,208.125,2908.0,0.0,-7.53125,0.71990967,235.41943,18798.0,19012.922,1100.0834,525.3654,49.02353,45.102493,0.0,5.6266522,3.0,63.056946,35.477676,12.374984,10.124987,2.912,0.0,1.8203125,0.0,0.0,0.0,0.0,0.0,0.0,0.91796875,1.0,58.918762,0.7812499,114.49844,230.69576,0.0,108.00004,99.90234,0.0,115.68654,230.80093,492.75,543.75,4.8454022,198.5,0.0,440.0,79.36031,64.99997,67.58423,1.0,63.27,0.0,0.0,68.94226,99.998474,99.998474,3.6669922,63.29,63.36,62.66,62.66,0
10032.089,0.047436327,1.5137174,0.62274873,1.2712629,101.5989,21.804527,13.6865835,2.4874964,257.9565,105.79583,315.518,0.0,9.319,31.197,42.436,0.0,96.24063,2.0,0.0,445.5,207.75,2923.0,0.0,-6.734375,0.71881104,236.72952,19234.213,19290.463,1100.0834,525.3654,48.514854,46.41657,0.0,5.438822,3.0,62.727356,35.463745,12.749984,9.749988,2.772,0.0,1.21875,0.0,0.0,0.0,0.0,0.0,0.0,0.9277344,1.0,59.103394,0.7812499,118.74494,230.88475,0.0,108.00004,99.90234,0.0,119.89874,230.8258,494.25,542.625,4.657572,207.71875,0.0,440.0,79.36031,64.99997,73.742676,1.0,63.56,0.0,0.0,68.447876,99.998474,99.998474,3.6669922,63.54,63.57,62.98,62.93,0
10032.125,0.037949063,1.599237,0.64920527,1.2673208,101.5989,21.804527,13.682171,3.169369,265.00064,109.31695,315.518,0.0,9.319,31.197,42.436,0.0,96.24063,2.0,0.0,445.125,208.125,2940.0,0.0,-6.328125,0.7140503,237.30167,19428.438,19552.084,1100.0834,526.42676,51.143005,48.345295,0.0,5.1323075,3.0,64.06708,35.37602,13.499983,10.124987,2.82,0.0,1.3984375,0.0,0.0,0.0,0.0,0.0,0.0,0.9453125,1.0,59.34143,0.7812499,123.445015,230.50014,0.0,108.00004,99.90234,0.0,124.56701,230.85068,495.0,542.25,4.3510575,219.25,0.0,440.0,79.36031,64.99997,79.852295,1.0,63.87,0.0,0.0,67.55066,99.998474,99.998474,3.6669922,63.89,63.82,63.08,62.96,0
10032.167,-0.009640748,1.6521949,0.67995125,1.2665576,101.5989,21.804527,13.690801,3.935673,267.38388,110.787796,315.518,0.0,9.319,31.197,42.436,0.0,96.24063,2.0,0.0,444.375,207.75,2953.0,0.0,-6.328125,0.70996094,237.63333,19578.62,19842.363,1100.0834,526.42676,55.890636,50.655525,0.0,4.887096,3.0,66.519165,35.297062,12.374984,9.749988,2.916,0.0,1.8203125,0.0,0.0,0.0,0.0,0.0,0.0,0.9580078,1.0,59.632874,0.7812499,128.72707,230.28261,0.0,108.00004,99.90234,0.0,129.81567,229.94688,496.125,542.25,4.105846,230.21875,0.0,439.59375,79.36031,64.99997,86.34033,1.0,64.18,0.0,0.0,66.16211,99.998474,99.998474,3.6669922,64.29,64.19,63.23,63.4,0
10032.204,-0.027712598,1.729628,0.7096521,1.2629546,101.5989,21.804527,13.690982,4.7329545,274.27124,114.25723,315.518,0.0,9.319,31.197,42.436,0.0,96.24063,2.0,0.0,443.625,207.375,2969.0,0.0,-7.59375,0.70635986,238.61176,19760.639,20000.502,1100.0834,526.42676,60.02362,52.26633,0.0,4.6909266,3.0,68.64166,35.226,11.624985,9.374988,3.0,0.0,2.15625,0.0,0.0,0.0,0.0,0.0,0.0,0.96484375,1.0,59.96704,0.7812499,134.22264,230.52275,0.0,108.00004,99.90234,0.0,134.94829,230.01321,496.875,543.0,3.9096768,239.28125,0.0,439.59375,79.82713,64.99997,91.76636,1.0,64.48,0.0,0.0,66.01868,99.998474,99.998474,3.6669922,64.49,64.49,63.47,63.71,0
10032.245,-0.02217008,1.8356013,0.74230695,1.2810973,101.5989,21.804527,13.67939,5.5930433,283.20508,118.61473,315.518,0.0,9.319,31.197,42.436,0.0,96.24063,2.0,0.0,442.125,205.875,2985.0,0.0,-7.3203125,0.715271,242.87372,20000.502,20000.502,1100.0834,527.4881,59.45136,54.428196,0.0,4.3777413,3.0,68.30139,35.16205,10.124987,7.87499,3.128,0.0,2.359375,0.0,0.0,0.0,0.0,0.0,0.0,0.9658203,1.0,60.256958,0.7812499,140.15114,234.29074,0.0,108.00004,99.90234,0.0,140.67787,233.49574,498.375,543.375,3.5964916,249.09375,0.0,439.375,79.82713,64.99997,97.61963,1.0,64.82,0.0,0.0,64.923096,99.998474,99.998474,3.6621094,64.88,64.88,63.78,63.97,0
10032.285,-0.05773606,1.9342406,0.775292,1.2948316,101.5989,21.804527,13.688854,6.4258347,289.81665,121.74983,315.518,0.0,9.319,31.197,42.436,2.0,96.24063,2.0,0.0,441.0,204.375,2994.0,0.0,-7.46875,0.7249756,247.45906,20236.652,20000.502,1100.0834,527.4881,59.430164,57.713387,0.0,4.127193,3.0,68.29071,35.104492,8.624989,6.374992,3.22,0.0,2.4296875,0.0,0.0,0.0,0.0,0.0,0.0,0.96875,1.0,60.603333,0.7812499,145.89148,236.5366,0.0,108.00004,99.90234,0.0,146.49869,237.2685,499.125,543.375,3.3459432,257.375,0.0,439.5,79.82713,64.99997,103.24707,1.0,65.24,0.0,0.0,64.68811,99.998474,99.998474,3.6621094,65.3,65.39,64.37,64.19,0
10032.325,-0.10618885,2.0299463,0.8114054,1.3186545,101.599724,21.804527,13.672042,7.384827,296.14932,125.28275,315.518,0.0,9.319,31.197,42.436,2.0,96.24063,2.0,0.0,442.125,202.875,3015.0,0.0,-7.4375,0.7364502,252.69115,20113.006,20000.502,1100.0834,528.2841,62.312656,60.320347,0.0,3.9267545,3.0,69.799805,35.05269,6.374992,4.874994,3.208,0.0,3.25,0.0,0.0,0.0,0.0,0.0,0.0,0.97753906,1.0,61.05194,0.7812499,152.50253,241.13522,0.0,108.00004,99.90234,0.0,153.00772,240.62665,500.25,543.375,3.1455047,265.3125,0.0,440.0,79.82713,64.99997,108.76465,1.0,65.41,0.0,0.0,63.500977,99.998474,99.998474,3.6621094,65.51,65.51,64.73,64.47,0
10032.367,-0.14495108,2.1244786,0.8486122,1.3285314,101.600464,21.804527,13.671991,8.304514,302.43588,128.66362,315.518,0.0,9.319,31.197,42.436,2.0,96.24063,2.0,0.0,452.625,201.75,3032.0,0.0,-7.21875,0.74572754,256.94482,20133.701,20000.502,1100.0834,528.2841,64.41094,63.330006,0.0,3.7664037,3.0,70.92438,35.006065,4.1249948,3.7499952,2.644,0.0,3.703125,0.0,0.0,0.0,0.0,0.0,0.0,0.9707031,1.0,61.410522,0.7812499,158.84258,242.76997,0.0,108.00004,99.90234,0.0,159.79037,242.5006,501.0,543.375,2.985154,275.21875,0.0,439.875,79.82713,64.99997,113.99536,1.0,65.86,0.0,0.0,62.594604,99.998474,99.998474,3.6621094,65.92,65.91,64.9,65.14,0
10032.405,-0.15596086,2.1997914,0.88895196,1.3453598,101.60113,21.804527,13.671956,9.290727,306.5216,131.21895,315.518,0.0,9.319,31.197,42.436,2.0,96.24063,2.0,0.0,449.625,200.625,3051.0,0.0,-6.9921875,0.7492676,260.35272,20106.107,20000.502,1100.0834,528.2841,66.848335,65.80979,0.0,3.481873,3.0,71.7514,34.964108,2.6249967,2.6249967,2.848,0.0,4.078125,0.0,0.0,0.0,0.0,0.0,0.0,0.9658203,0.9980469,61.738586,0.7812499,165.6411,245.19127,0.0,108.00004,99.90234,0.0,166.58131,243.5868,501.75,543.0,2.7006233,285.59375,0.0,439.78125,79.82713,64.99997,118.97583,0.0,66.35,0.0,0.0,62.490845,99.998474,99.998474,3.659668,66.35,66.44,65.32,65.21,0
10032.447,-0.14476869,2.3049166,0.9318504,1.3470979,101.6009,21.804527,13.648494,10.37903,314.48648,135.5994,315.518,0.0,9.319,31.197,42.436,2.0,96.24063,2.0,0.0,447.375,199.875,3073.0,0.0,-6.9609375,0.75427246,263.4953,20017.484,20000.502,1100.0834,528.2841,71.21446,69.094986,0.0,3.2542486,3.0,73.58551,34.926342,1.1249986,1.8749976,2.988,0.0,4.3125,0.08685303,0.0,0.0,0.0,0.0,0.0,0.96777344,0.9951172,62.28943,0.7812499,173.14243,245.57016,0.0,108.00004,99.90234,0.0,174.06047,245.2949,502.5,543.0,2.4729986,297.9375,0.0,439.28125,79.82713,64.99997,124.01123,0.0,66.67,26.0625,0.0,61.35559,98.55347,99.998474,3.6621094,66.64,66.86,65.55,65.69,0
10032.485,-0.17581494,2.4219666,0.91227394,1.3952948,101.60069,21.804527,13.655508,11.521347,322.34708,139.8933,315.518,0.0,9.319,31.197,42.436,2.0,96.24063,2.0,0.0,444.375,198.75,3093.0,0.0,-6.9453125,0.79681396,280.13684,19979.807,20000.502,1100.0834,528.2841,76.30121,74.3089,0.0,3.0721488,3.0,76.28479,34.892353,0.0,0.74999905,3.148,0.0,3.96875,0.05999756,0.0,0.0,0.0,0.0,0.0,0.9765625,0.9042969,63.734436,0.7812499,181.01608,275.5268,0.0,108.00004,99.90234,0.0,181.8796,268.1387,502.875,543.0,2.2908988,322.09375,64.0,439.5,79.82713,64.99997,128.16772,0.0,67.21,18.0,0.0,60.635376,98.791504,99.998474,3.6523438,67.33,67.33,66.11,66.08,0
10032.525,-0.18065196,2.5250368,0.9665935,1.4344628,101.60051,21.804527,13.642839,13.010917,327.98898,143.35425,315.518,0.0,9.319,31.197,42.436,2.0,96.24063,2.0,0.0,439.125,196.5,3115.0,0.0,-6.2734375,0.8018799,283.75204,20054.63,20000.502,1100.0834,528.2841,78.95056,77.33975,0.0,2.9264688,3.0,77.55585,34.861763,-1.1249986,-1.1249986,3.404,0.0,4.09375,0.0,0.0,0.0,0.0,0.0,0.0,0.9785156,0.921875,64.46533,0.7812499,191.28334,282.41473,0.0,108.00004,99.90234,0.0,192.1199,267.98114,502.5,542.25,2.145219,309.5625,64.0,448.375,79.82713,64.99997,134.60693,0.0,67.77,0.0,0.0,57.11975,99.998474,99.998474,3.6523438,67.86,67.8,66.51,66.29,0
10032.567,-0.16452157,2.641265,1.0316943,1.4505283,101.60034,21.804527,13.65155,14.854771,335.48557,147.431,315.518,0.0,9.319,31.197,42.436,2.0,96.24063,2.0,0.0,435.0,195.0,3132.0,0.0,-6.15625,0.8095703,287.72382,19945.844,20000.502,1100.0834,528.2841,86.02962,82.320526,0.0,2.966175,3.0,81.311035,34.834232,-2.9999962,-2.9999962,3.604,0.0,4.59375,0.103393555,0.0,0.0,0.0,0.0,0.0,0.95410156,0.921875,65.11841,0.7812499,203.99266,285.5049,0.0,108.00004,99.90234,0.0,203.57082,267.77386,502.875,542.25,2.1849253,319.71875,64.0,439.28125,79.82713,64.99997,140.89355,0.0,68.18,31.03125,0.0,56.80237,98.00415,99.998474,3.6499023,68.2,68.2,66.7,66.8,0
10032.605,-0.13161726,2.762756,1.0728116,1.5117389,101.6002,21.804527,13.645928,15.991026,342.85815,151.44064,315.518,0.0,9.319,31.197,42.436,2.0,96.24063,2.0,0.0,431.625,193.125,3148.0,0.0,-5.9765625,0.822876,293.0803,20055.693,20000.502,1100.0834,528.2841,85.52094,83.12593,0.0,2.99794,3.0,80.50537,34.809456,-3.7499952,-4.874994,3.772,0.0,5.0234375,0.24969482,0.0,0.0,0.0,0.0,0.0,0.9296875,0.9482422,65.423584,0.7812499,211.8246,296.9097,0.0,108.00004,99.90234,0.0,211.87088,267.5417,502.875,541.875,2.2166903,325.8125,64.0,439.78125,79.82713,64.99997,145.04395,0.0,68.63,74.90625,0.0,57.263184,93.90259,99.998474,3.6523438,68.62,68.69,67.19,67.24,0
10032.645,-0.16529381,2.8301024,1.1190178,1.5340782,101.60007,21.804527,13.636134,17.213612,344.82584,152.93875,315.518,0.0,9.319,31.197,42.436,2.0,96.39101,2.0,0.0,427.125,193.125,3161.0,0.0,-5.5859375,0.83221436,296.72037,20108.229,20000.502,1100.0834,528.2841,86.41112,85.2666,0.0,3.0233521,3.0,80.97534,34.78716,-4.874994,-4.874994,4.056,0.0,5.015625,0.32562256,0.0,0.0,0.0,0.0,0.0,0.9267578,0.9736328,66.28265,0.7812499,220.25162,300.97507,0.0,108.00004,99.90234,0.0,221.09128,267.28464,504.375,541.5,2.2421021,340.75,64.0,439.78125,79.82713,64.99997,150.04272,0.0,68.88,97.6875,0.0,56.35376,91.137695,99.998474,3.6523438,68.92,69.0,67.77,67.73,0
10032.689,-0.21223505,2.875791,1.172065,1.55167,101.599945,21.804527,13.640997,18.63453,346.56873,155.21922,315.518,0.0,9.319,31.197,42.436,2.0,96.51131,2.0,0.0,425.625,192.375,3192.0,0.0,-5.59375,0.8359375,300.34384,20129.457,20000.502,1100.0834,528.2841,91.3707,89.78109,0.0,3.0436816,3.0,83.06122,34.76709,-5.9999924,-5.624993,4.12,0.0,4.9609375,0.40704346,0.0,0.0,0.0,0.0,0.0,0.93359375,0.9667969,66.90674,0.7812499,230.04573,303.07916,0.0,108.00004,99.90234,0.0,230.85898,266.88663,505.125,541.5,2.2624316,348.40625,64.0,439.875,79.82713,64.99997,155.40771,0.0,69.26,122.125,0.0,51.742554,87.26196,99.998474,3.6523438,69.56,69.5,68.03,68.05,0
10032.727,-0.22978805,2.9315667,1.2436411,1.5986799,101.59984,21.804527,13.632682,20.51635,350.0962,158.27275,315.518,0.0,9.319,31.197,42.436,2.0,96.607544,2.0,0.0,422.625,190.875,3222.0,0.0,-5.6328125,0.83776855,303.67712,20051.979,20000.502,1100.0834,528.2841,97.156876,95.206955,0.0,2.903695,3.0,85.56671,34.749027,-6.7499914,-7.124991,4.296,0.0,5.0,0.50549316,0.0,0.0,0.0,0.0,0.0,0.9453125,0.95410156,68.03284,0.7812499,243.0168,311.1111,0.0,108.00004,99.90234,0.0,242.78252,266.414,505.875,541.875,2.1224453,359.8125,64.0,439.78125,79.82713,64.99997,159.91821,0.0,69.87,151.65625,0.0,48.861694,81.89087,99.998474,3.647461,69.89,70.06,68.58,68.4,0
10032.768,-0.24383044,3.0101268,1.2908329,1.5988071,101.59974,21.804527,13.63858,21.817974,355.4949,161.31198,315.518,0.0,9.319,31.197,42.436,2.0,96.684525,2.0,0.0,417.0,190.5,3234.0,0.0,-5.8359375,0.8427124,307.49963,19975.56,20000.502,1100.0834,528.2841,101.60778,98.76768,0.0,2.791706,3.0,87.34589,34.732773,-7.124991,-7.4999905,4.604,0.0,5.3515625,0.58154297,0.0,0.0,0.0,0.0,0.0,0.94628906,0.94140625,69.40918,0.7812499,251.98866,311.04822,0.0,108.00004,99.90234,0.0,252.43411,266.07404,506.25,541.875,2.0104563,375.875,64.0,439.1875,79.82713,64.99997,164.69727,0.0,70.37,174.46875,0.0,45.343018,76.78223,99.998474,3.647461,70.39,70.44,69.02,68.94,0
10032.805,-0.23506436,3.079051,1.3463799,1.5990614,101.599655,21.804527,13.642709,23.298113,358.96634,164.80116,315.518,0.0,9.319,31.197,42.436,2.0,96.74611,2.0,0.0,411.0,189.75,3272.0,0.0,-6.0625,0.8446655,311.67868,20143.785,20000.502,1100.0834,528.2841,104.57505,105.1685,0.0,2.545865,3.0,88.757324,34.718143,-7.87499,-8.2499895,4.868,0.0,5.1171875,0.6561279,0.0,0.0,0.0,0.0,0.0,0.9326172,0.9267578,70.84503,0.7812499,262.191,310.53342,0.0,108.00004,99.90234,0.0,262.98953,265.36923,506.25,542.25,1.764615,383.8125,64.0,439.875,79.82713,64.99997,169.90967,0.0,71.01,196.84375,0.018310547,5.065918,73.14453,78.22876,3.6328125,71.11,71.06,69.53,69.47,0
10032.847,-0.2480515,3.1441205,1.4207646,1.5992732,101.6004,21.804527,13.651459,25.15122,362.35736,168.29001,315.518,0.0,9.319,31.197,42.436,2.0,96.79538,2.0,0.0,397.125,189.375,3310.0,0.0,-6.21875,0.85388184,317.21756,19934.168,20000.502,1100.0834,528.2841,113.32849,110.70034,0.0,2.192942,3.0,92.741394,34.704975,-8.2499895,-8.624989,5.468,0.0,5.2421875,0.6976929,0.0,0.0,0.0,0.0,0.0,0.9199219,0.9199219,72.54639,0.7812499,274.96503,309.26205,0.0,108.00004,99.90234,0.0,275.0706,264.6313,506.25,542.25,1.411692,395.25,64.0,440.0,79.82713,64.99997,176.09253,0.0,71.55,209.3125,-0.15563965,-5.883789,70.89844,64.85901,3.0615234,71.7,71.83,70.22,69.9,0
10032.885,-0.2784412,3.2263985,1.4315212,1.5994852,101.601074,21.804527,13.657583,25.474504,367.50897,171.86858,315.518,0.0,9.319,31.197,42.436,2.0,96.83479,2.0,0.0,391.5,189.0,3333.0,0.0,-6.3203125,0.8710327,325.4347,19934.168,20000.502,1100.0834,528.2841,113.96433,109.87374,0.0,1.9106035,3.0,92.92908,34.693123,-8.624989,-8.999989,5.744,0.0,5.6484375,0.68133545,0.0,0.0,0.0,0.0,0.0,0.9140625,0.9169922,73.28644,0.7812499,277.19406,309.0008,0.0,108.00004,99.90234,0.0,278.1054,264.17523,506.625,542.25,1.1293536,396.09375,64.0,439.875,79.82713,64.99997,177.47803,0.0,72.24,204.40625,-0.8605957,-15.423584,70.95947,54.675293,2.5585938,72.47,72.26,70.42,70.61,0
10032.927,-0.28275296,3.3718095,1.4159436,1.5997397,101.60085,21.804527,13.650152,24.898735,377.3392,178.90125,315.518,0.0,9.319,31.197,42.436,2.0,96.86633,2.0,0.0,390.0,189.0,3379.0,0.0,-6.3046875,0.87194824,326.90234,19968.13,20000.502,1100.0834,526.95746,109.78896,107.54232,0.0,1.6847328,3.0,90.20691,34.682457,-8.624989,-8.999989,5.784,0.0,5.7890625,0.7044678,0.0,0.0,0.0,0.0,0.0,0.9111328,0.9140625,73.51532,0.7812499,273.22513,307.78262,0.0,108.00004,99.90234,0.0,273.91803,263.33777,506.625,542.25,0.9034829,393.46875,64.0,439.875,79.82713,64.99997,176.92871,0.0,72.88,211.34375,-1.2329102,-9.890747,70.233154,59.109497,2.2167969,73.0,73.05,71.16,70.91,0
10032.956,-0.28620237,3.4862237,1.3829459,1.599782,101.600655,21.804527,13.639091,23.936443,382.37683,181.3433,315.518,0.0,9.319,31.197,42.436,2.0,96.891556,2.0,0.0,389.625,189.0,3380.0,0.0,-5.921875,0.8687744,326.47116,20005.28,20000.502,1100.0834,526.95746,108.51728,106.60975,0.0,1.6602862,3.0,89.55231,34.67286,-8.2499895,-8.999989,5.72,0.0,6.1328125,0.70770264,0.0,0.0,0.0,0.0,0.0,0.9169922,0.9140625,72.60437,0.7812499,266.59195,307.78284,0.0,108.00004,99.90234,0.0,267.60803,263.05585,506.625,541.875,0.87903637,387.65625,64.0,440.0,79.82713,64.99997,172.90039,0.0,73.13,212.3125,-1.3641357,-8.233643,70.20874,60.606384,2.2363281,73.35,73.82,71.37,71.45,0
10033.001,-0.2889619,3.6819897,1.3611672,1.5999092,101.60048,21.804527,13.631348,23.345093,395.21295,188.53992,315.518,0.0,9.319,31.197,42.436,2.0,96.91174,2.0,0.0,396.75,189.375,3400.0,0.0,-5.984375,0.85375977,321.56244,19993.074,20000.502,1100.0834,526.95746,107.6271,105.65598,0.0,1.796979,3.0,88.55591,34.66422,-8.2499895,-8.624989,5.404,0.0,6.7890625,0.74468994,0.0,0.0,0.0,0.0,0.0,0.9355469,0.91503906,72.60437,0.7812499,262.51566,307.68677,0.0,108.00004,99.90234,0.0,263.34607,262.6993,507.0,541.875,1.0157291,384.25,64.0,440.0,79.82713,64.99997,170.52002,0.0,74.18,223.40625,-1.4587402,-2.3986816,69.244385,65.37628,2.277832,74.49,74.27,72.19,72.17,0
10033.045,-0.2511695,3.779046,1.3442205,1.6002059,101.60032,21.804527,13.614209,22.800072,396.81674,191.64351,315.518,0.0,9.319,31.197,42.436,2.0,96.77751,2.0,0.0,396.0,189.375,3442.0,0.0,-5.9765625,0.8486328,319.6222,19993.074,20000.502,1100.0834,526.95746,106.970055,104.744606,0.0,2.062583,3.0,88.08746,34.656445,-8.2499895,-8.624989,5.336,0.0,7.5,0.77770996,0.0,0.0,0.0,0.0,0.0,0.9404297,0.91308594,72.613525,0.7812499,258.75873,306.67798,0.0,108.00004,99.90234,0.0,259.7723,261.9945,507.0,541.875,1.2813332,381.375,64.0,440.0,79.82713,64.99997,168.76831,0.0,74.62,233.3125,-1.3519287,2.456665,68.71948,69.80133,2.409668,74.84,74.83,72.85,72.77,0
10033.085,-0.2009356,3.7991185,1.3340541,1.6003331,101.600174,21.804527,13.613931,22.482046,395.39993,191.79144,315.518,0.0,9.319,31.197,42.436,2.0,96.670135,2.0,0.0,397.875,189.75,3457.0,0.0,-5.9609375,0.850647,320.385,20010.586,20000.502,1100.0834,526.95746,105.44403,103.66367,0.0,2.2750664,3.0,86.76758,34.64945,-7.87499,-8.2499895,5.228,0.0,7.1640625,0.78186035,0.0,0.0,0.0,0.0,0.0,0.9345703,0.9111328,72.41058,0.7812499,256.56647,306.44485,0.0,108.00004,99.90234,0.0,257.47552,261.61307,507.0,541.875,1.4938166,381.375,64.0,440.0,79.82713,64.99997,167.58423,0.0,75.17,234.5625,-1.0803223,4.5806885,68.548584,72.01996,2.5195312,75.29,75.29,73.19,73.37,0
10033.127,-0.16074848,3.8258977,1.3297089,1.6004179,101.600044,21.804527,13.607877,22.265274,397.1277,193.52104,315.518,0.0,9.319,31.197,42.436,2.0,96.58423,2.0,0.0,396.75,189.75,3473.0,0.0,-5.5625,0.8501587,320.2109,20005.809,20000.502,1100.0834,526.95746,104.935356,103.30336,0.0,2.445053,3.0,86.50818,34.64315,-7.87499,-8.2499895,5.26,0.0,7.078125,0.7939453,0.0,0.0,0.0,0.0,0.0,0.9326172,0.9121094,72.53418,0.7812499,255.07214,305.6069,0.0,108.00004,99.90234,0.0,255.98299,261.26483,507.0,541.5,1.6638033,376.09375,64.0,440.0,79.82713,64.99997,166.91895,0.0,75.74,238.1875,-0.7904053,6.524658,68.35327,74.05853,2.6171875,75.95,75.62,73.93,73.75,0
10033.155,-0.1285988,3.8366094,1.3231231,1.6004602,101.59993,21.804527,13.603639,22.096588,397.29272,193.88019,315.518,0.0,9.319,31.197,42.436,2.0,96.5155,2.0,0.0,397.5,189.75,3478.0,0.0,-5.6484375,0.8497925,320.05334,19923.025,20000.502,1100.0834,526.95746,105.1897,102.41318,0.0,2.5810425,3.0,86.63788,34.63748,-7.87499,-8.2499895,5.232,0.0,6.84375,0.7941284,0.0,0.0,0.0,0.0,0.0,0.9296875,0.91308594,72.41974,0.7812499,253.9093,305.62503,0.0,108.00004,99.90234,0.0,254.79727,261.02435,507.375,541.875,1.7997926,374.78125,64.0,440.0,79.82713,64.99997,166.38184,0.0,75.9,238.25,-0.52490234,7.7056885,68.36548,75.51117,2.692871,75.89,76.19,74.27,74.14,0
10033.2,-0.10287904,3.822144,1.3352122,1.6006722,101.59982,21.804527,13.6123905,22.228365,395.96387,194.95401,315.518,0.0,9.319,31.197,42.436,2.0,96.460526,2.0,0.0,397.5,189.75,3509.0,0.0,-5.4921875,0.85388184,321.5956,20005.809,20000.502,1100.0834,526.95746,104.7658,102.92185,0.0,2.689834,3.0,85.89172,34.63238,-7.87499,-8.2499895,5.22,0.0,6.6484375,0.81256104,0.0,0.0,0.0,0.0,0.0,0.92285156,0.9091797,72.81647,0.7812499,254.81752,303.9574,0.0,108.00004,99.90234,0.0,255.62643,260.65952,507.375,541.5,1.9085841,376.875,64.0,440.0,79.82713,64.99997,167.10205,0.0,76.62,243.78125,-0.28381348,4.437256,67.993164,72.11151,2.7612305,76.73,76.82,74.99,74.91,0
10033.245,-0.08230323,3.7601075,1.3368148,1.6008841,101.599724,21.804527,13.612658,22.230398,391.25836,194.39398,315.518,0.0,9.319,31.197,42.436,0.0,96.416534,2.0,0.0,397.5,189.0,3541.0,0.0,-5.4609375,0.86120605,324.35678,19884.816,20000.502,1100.0834,526.95746,109.04715,105.71957,0.0,2.7768672,3.0,87.52289,34.62779,-7.87499,-8.999989,5.196,0.0,7.015625,0.82299805,0.0,0.0,0.0,0.0,0.0,0.9189453,0.90527344,73.19336,0.7812499,254.83144,303.52313,0.0,108.00004,99.90234,0.0,255.62643,260.03766,507.375,541.5,1.9956173,371.59375,64.0,440.0,79.82713,64.99997,167.43774,0.0,76.99,246.90625,-0.10681152,3.90625,67.767334,71.51947,2.7685547,77.07,77.16,75.17,75.29,0
10033.275,-0.025842592,3.7165432,1.33972,1.6008841,101.59964,21.804527,13.630423,22.356047,389.94644,193.74216,315.518,0.0,9.319,31.197,42.436,0.0,96.38135,2.0,0.0,396.375,189.0,3541.0,0.0,-5.390625,0.86383057,325.35178,19847.139,20000.502,1100.0834,526.95746,110.50959,105.69837,0.0,2.8464937,3.0,88.26294,34.623657,-8.2499895,-8.999989,5.192,0.0,7.53125,0.81414795,0.0,0.0,0.0,0.0,0.0,0.91796875,0.90527344,73.69537,0.7812499,255.69743,304.1026,0.0,108.00004,99.90234,0.0,256.2732,259.78888,507.375,541.5,2.0652437,369.84375,64.0,440.0,79.82713,64.99997,167.73682,0.0,77.4,244.25,-0.024414062,2.947998,67.89551,70.77179,2.7807617,77.45,77.54,75.68,75.82,0
10033.32,-6.740745E-4,3.6428673,1.3484073,1.6011384,101.59956,21.804527,13.62528,22.536077,385.33688,193.77681,315.518,0.0,9.319,31.197,42.436,0.0,96.353195,2.0,0.0,364.125,189.0,3584.0,0.0,-5.2265625,0.87042236,327.83102,19839.178,20000.502,1100.0834,526.95746,112.33234,106.88528,0.0,2.902195,3.0,88.124084,34.54475,-7.87499,-8.999989,6.696,0.0,7.9921875,0.8291626,0.0,0.0,0.0,0.0,0.0,0.9003906,0.8984375,73.95935,0.7812499,256.9383,303.5865,0.0,108.00004,99.90234,0.0,257.67453,259.16702,507.75,541.125,2.120945,370.6875,64.0,440.0,79.82713,64.99997,169.03687,0.0,77.94,248.75,0.064086914,-0.009155273,67.614746,67.61017,2.7783203,78.38,78.02,76.55,76.41,0
10033.365,0.07946074,3.5758972,1.3595773,1.6012657,101.599495,21.804527,13.650977,22.834969,382.19067,193.10631,315.518,0.0,9.319,31.197,42.436,0.0,96.33067,2.0,0.0,361.5,189.0,3601.0,0.0,-5.046875,0.87854004,330.89066,19850.854,20000.502,1100.0834,526.95746,113.94314,108.07219,0.0,2.790506,3.0,88.9328,34.473736,-7.87499,-8.999989,6.724,0.0,8.8046875,0.824646,0.0,0.0,0.0,0.0,0.0,0.8925781,0.8955078,74.59259,0.7812499,258.99844,303.61343,0.0,108.00004,99.90234,0.0,259.44064,258.6695,507.75,541.125,2.009256,372.71875,64.0,440.0,79.82713,64.99997,170.06226,0.0,78.62,247.40625,0.04272461,-1.5167236,67.63916,66.09955,2.7294922,78.72,78.59,76.69,76.96,0
10033.404,0.14356859,3.530359,1.3592683,1.601308,101.599434,21.804527,13.663106,22.784828,380.84705,192.85492,315.518,0.0,9.319,31.197,42.436,0.0,96.31265,2.0,0.0,360.75,188.625,3609.0,0.0,-4.9375,0.8828125,332.50757,19830.688,20000.502,1100.0834,526.95746,114.409424,108.0298,0.0,2.7011547,3.0,89.16626,34.40982,-7.87499,-9.374988,6.772,0.0,9.1015625,0.8260498,0.0,0.0,0.0,0.0,0.0,0.8886719,0.8964844,74.83826,0.7812499,258.65277,303.28632,0.0,108.00004,99.90234,0.0,259.15872,258.371,507.75,541.125,1.9199047,371.375,64.0,440.0,79.82713,64.99997,170.19653,0.0,78.82,247.8125,-0.02746582,-0.6866455,67.596436,66.81061,2.6611328,78.85,79.06,77.39,77.3,0
10033.445,0.17485487,3.5121436,1.366223,1.6014775,101.59938,21.804527,13.671596,22.884336,380.87338,194.52492,315.518,0.0,9.319,31.197,42.436,0.0,96.29825,2.0,0.0,361.125,189.0,3640.0,0.0,-4.9375,0.8869629,334.0581,19868.896,20000.502,1100.0834,526.95746,113.837166,107.415146,0.0,2.6296737,3.0,88.75122,34.3523,-7.87499,-8.999989,6.752,0.0,9.421875,0.8409424,0.0,0.0,0.0,0.0,0.0,0.88964844,0.89453125,74.89929,0.7812499,259.33862,302.502,0.0,108.00004,99.90234,0.0,260.0045,258.03104,507.75,541.125,1.8484238,376.28125,64.0,440.0,79.82713,64.99997,170.79468,0.0,79.25,252.28125,-0.12512207,-0.6347656,67.352295,66.51459,2.6098633,79.5,79.36,77.69,77.73,0
10033.485,0.2198839,3.4861078,1.3687689,1.6016471,101.59933,21.804527,13.677539,22.863987,379.4417,195.01823,315.518,0.0,9.319,31.197,42.436,0.0,96.28671,2.0,0.0,358.875,189.0,3663.0,0.0,-4.9140625,0.8927002,336.22226,19899.145,20000.502,1100.0834,526.95746,115.04527,108.75042,0.0,2.572489,3.0,88.82446,34.30053,-7.87499,-8.999989,6.764,0.0,9.609375,0.8502197,0.0,0.0,0.0,0.0,0.0,0.890625,0.88964844,75.23346,0.7812499,259.1983,301.75165,0.0,108.00004,99.90234,0.0,259.9713,257.49207,508.125,541.125,1.7912391,372.71875,64.0,440.0,79.82713,64.99997,171.04492,0.0,79.95,255.0625,-0.1739502,-0.5584717,67.19971,66.35895,2.5952148,79.82,79.9,78.3,78.38,0
10033.517,0.25590712,3.456943,1.37289,1.6018168,101.59928,21.804527,13.675839,22.901066,377.70074,195.76631,315.518,0.0,9.319,31.197,42.436,0.0,96.2775,2.0,0.0,357.375,189.0,3694.0,0.0,-4.9375,0.89727783,337.93866,19899.145,20000.502,1100.0834,526.95746,115.59634,109.068344,0.0,2.5267413,3.0,88.56964,34.17875,-7.87499,-8.999989,6.792,0.0,9.734375,0.8629761,0.0,0.0,0.0,0.0,0.0,0.88964844,0.88671875,75.427246,0.7812499,259.45383,301.10675,0.0,108.00004,99.90234,0.0,260.2118,256.9697,508.125,541.125,1.7454914,373.71875,64.0,440.0,79.82713,64.99997,171.32568,0.0,80.12,258.90625,-0.24108887,-1.4648438,67.004395,65.171814,2.5830078,80.39,80.39,78.4,78.82,0
10033.555,0.3247257,3.4265273,1.3789016,1.6019864,101.59924,21.804527,13.668791,22.826982,376.24277,196.59438,315.518,0.0,9.319,31.197,42.436,0.0,96.27011,2.0,0.0,356.25,189.75,3724.0,0.0,-5.265625,0.90563965,341.08954,19851.914,20000.502,1100.0834,526.95746,117.73701,110.043304,0.0,2.490143,3.0,89.49585,34.069145,-7.87499,-8.2499895,6.808,0.0,10.3125,0.87677,0.0,0.0,0.0,0.0,0.0,0.88964844,0.88378906,75.57678,0.7812499,258.94315,299.34067,0.0,108.00004,99.90234,0.0,259.565,256.2649,508.125,541.5,1.7088932,381.0625,64.0,440.0,79.82713,64.99997,171.37451,0.0,80.82,263.03125,-0.28381348,-1.8463135,66.80908,64.375305,2.5756836,81.17,81.13,79.06,79.27,0
10033.6,0.31978056,3.470611,1.3785084,1.6020287,101.599205,21.804527,13.6638565,22.757889,381.33038,199.57379,315.518,0.0,9.319,31.197,42.436,0.0,96.264206,2.0,0.0,352.875,189.375,3730.0,0.0,-5.21875,0.9135742,344.09113,19958.58,20000.502,1100.0834,526.95746,116.08382,109.555824,0.0,2.4608645,3.0,88.67493,33.9705,-7.87499,-8.624989,6.908,0.0,10.484375,0.8689575,0.0,0.0,0.0,0.0,0.0,0.88183594,0.8847656,75.57678,0.7812499,258.46686,298.77856,0.0,108.00004,99.90234,0.0,258.8851,255.90836,508.5,541.125,1.6796145,375.1875,64.0,440.0,79.82713,64.99997,171.22803,0.0,81.64,260.6875,-0.3479004,-1.260376,66.937256,65.03754,2.5708008,81.77,81.82,79.56,79.8,0
10033.645,0.31582445,3.5069947,1.3793474,1.602283,101.599174,21.804527,13.648684,22.67306,383.035,202.77692,315.518,0.0,9.319,31.197,42.436,0.0,96.25949,2.0,0.0,353.25,189.75,3773.0,0.0,-5.28125,0.9187622,346.048,19940.537,20000.502,1100.0834,526.95746,116.82563,110.08569,0.0,2.4374416,3.0,88.52539,33.88172,-7.4999905,-8.2499895,6.852,0.0,10.6015625,0.88861084,0.0,0.0,0.0,0.0,0.0,0.8779297,0.8808594,75.57678,0.7812499,257.8821,297.85632,0.0,108.00004,99.90234,0.0,258.60318,255.41084,508.5,541.125,1.6561917,378.0,64.0,439.78125,79.82713,64.99997,171.3501,0.0,82.12,266.59375,-0.390625,-1.2329102,66.54663,64.45465,2.5708008,82.25,82.2,80.21,80.47,0
10033.676,0.29265955,3.521548,1.3771906,1.6024101,101.599144,21.804527,13.655641,22.520876,383.15796,203.7022,315.518,0.0,9.319,31.197,42.436,0.0,96.25571,2.0,0.0,352.125,189.75,3789.0,0.0,-5.2421875,0.923645,347.88876,20010.055,20000.502,1100.0834,526.95746,116.42293,110.446,0.0,2.4187033,3.0,88.20038,33.80182,-7.4999905,-8.2499895,6.868,0.0,10.8828125,0.89245605,0.0,0.0,0.0,0.0,0.0,0.8769531,0.8779297,75.57678,0.7812499,256.8331,297.22787,0.0,108.00004,99.90234,0.0,257.51697,255.07918,508.5,541.125,1.6374534,377.0,64.0,439.875,79.82713,64.99997,170.90454,0.0,82.35,267.75,-0.4058838,-0.045776367,66.43677,65.504456,2.5683594,82.54,82.54,80.62,80.69,0
10033.716,0.29412764,3.5086193,1.3768628,1.6024525,101.59911,21.804527,13.66637,22.46793,381.67645,203.39655,315.518,0.0,9.319,31.197,42.436,0.0,96.252686,2.0,0.0,351.75,189.75,3798.0,0.0,-5.2578125,0.9283447,349.6549,19933.639,20000.502,1100.0834,526.95746,116.38054,109.555824,0.0,2.2474627,3.0,88.179016,33.729908,-7.4999905,-8.2499895,6.884,0.0,10.8359375,0.8881836,0.0,0.0,0.0,0.0,0.0,0.8730469,0.8798828,75.57678,0.7812499,256.4681,296.8113,0.0,108.00004,99.90234,0.0,257.03604,254.72263,508.875,541.5,1.4662127,376.125,64.0,440.0,79.82713,64.99997,170.78247,0.0,82.8,266.46875,-0.4333496,-0.19226074,66.4978,65.34271,2.5634766,83.21,83.0,80.96,81.04,0
10033.761,0.2753021,3.5221977,1.378915,1.6025797,101.59909,21.804527,13.673881,22.432478,383.6045,205.39284,315.518,0.0,9.319,31.197,42.436,0.0,96.250275,2.0,0.0,351.75,189.75,3816.0,0.0,-5.2421875,0.9324951,351.20547,19804.686,20000.502,1100.0834,526.95746,118.37285,109.6618,0.0,2.11047,3.0,88.63983,33.665188,-7.4999905,-8.2499895,6.872,0.0,10.9375,0.8942261,0.0,0.0,0.0,0.0,0.0,0.87109375,0.8769531,75.57678,0.7812499,256.22372,295.9845,0.0,108.00004,99.90234,0.0,256.7873,254.31633,508.875,541.125,1.3292202,370.40625,64.0,439.875,79.82713,64.99997,170.88623,0.0,83.39,268.28125,-0.47607422,-0.6225586,66.326904,64.619446,2.553711,83.45,83.51,81.77,81.82,0
10033.805,0.2602417,3.5088792,1.3858494,1.6027068,101.59907,21.804527,13.679138,22.53809,382.02634,205.78072,315.518,0.0,9.319,31.197,42.436,0.0,96.24834,2.0,0.0,349.5,189.75,3839.0,0.0,-5.3359375,0.93927,353.7759,19732.514,20000.502,1100.0834,526.95746,121.93357,111.23021,0.0,2.000876,3.0,90.39307,33.60694,-7.4999905,-8.2499895,6.92,0.0,11.578125,0.8991699,0.0,0.0,0.0,0.0,0.0,0.8720703,0.875,75.57678,0.7812499,256.95166,295.45328,0.0,108.00004,99.90234,0.0,257.5584,254.00125,508.875,541.5,1.2196262,370.53125,64.0,439.875,79.82713,64.99997,171.7102,0.0,83.87,269.75,-0.58898926,-3.1188965,66.13159,61.83319,2.541504,83.96,84.02,82.07,82.37,0
10033.847,0.24819335,3.4660516,1.3880484,1.6029189,101.599045,21.804527,13.6711,22.495045,378.91467,206.07173,315.518,0.0,9.319,31.197,42.436,0.0,96.246796,2.0,0.0,346.5,190.125,3876.0,0.0,-5.4140625,0.95233154,358.6929,19745.25,20000.502,1100.0834,526.95746,122.61181,110.50959,0.0,1.9132009,3.0,89.671326,33.47933,-7.124991,-7.87499,6.976,0.0,11.8671875,0.8984375,0.0,0.0,0.0,0.0,0.0,0.8691406,0.8701172,75.57678,0.7812499,256.65494,294.64148,0.0,108.00004,99.90234,0.0,257.23505,253.3462,508.875,541.5,1.131951,369.625,64.0,439.875,79.82713,64.99997,172.25342,0.0,84.19,269.53125,-0.68359375,-2.481079,66.02783,62.083435,2.5097656,84.41,84.42,82.8,82.7,0
10033.891,0.21855468,3.4301705,1.392442,1.603046,101.59903,21.804527,13.683051,22.415176,377.3214,206.36998,315.518,0.0,9.319,31.197,42.436,0.0,96.24556,2.0,0.0,348.0,190.125,3898.0,0.0,-5.4765625,0.96154785,362.15057,19808.93,20000.502,1100.0834,526.95746,122.060745,109.937325,0.0,1.8430606,3.0,89.40277,33.36448,-7.124991,-7.87499,6.924,0.0,12.1171875,0.9035034,0.0,0.0,0.0,0.0,0.0,0.86621094,0.87109375,75.57678,0.7812499,256.1044,292.9299,0.0,108.00004,99.90234,0.0,256.35614,252.93161,509.25,541.5,1.0618107,370.90625,64.0,440.0,79.82713,64.99997,172.36938,0.0,84.92,271.0625,-0.7751465,-2.0996094,65.67993,62.001038,2.4731445,85.15,85.04,83.0,83.18,0
10033.927,0.21484375,3.4345684,1.3970852,1.6032156,101.599014,21.804527,13.667979,22.394352,379.17966,208.7696,315.518,0.0,9.319,31.197,42.436,0.0,96.24457,2.0,0.0,346.125,190.125,3924.0,0.0,-5.640625,0.9696655,365.21854,19804.686,20000.502,1100.0834,526.95746,124.922035,111.61172,0.0,1.7869484,3.0,90.26337,33.261112,-7.124991,-7.87499,6.92,0.0,12.03125,0.911438,0.0,0.0,0.0,0.0,0.0,0.8642578,0.86816406,75.57678,0.7812499,255.96085,291.88205,0.0,108.00004,99.90234,0.0,256.5551,252.35948,509.25,541.5,1.0056986,369.03125,64.0,439.875,79.82713,64.99997,172.87598,0.0,85.52,273.4375,-0.8666992,-3.3050537,65.08789,59.934998,2.475586,85.59,85.69,83.75,83.71,0
10033.955,0.21187499,3.4363275,1.396904,1.6033428,101.599,21.804527,13.657429,22.261,379.15378,209.87254,315.518,0.0,9.319,31.197,42.436,0.0,96.243774,2.0,0.0,343.5,190.125,3945.0,0.0,-5.703125,0.9762573,367.69775,19813.176,20000.502,1100.0834,526.95746,125.49429,111.42096,0.0,1.7420588,3.0,90.41901,33.168083,-7.124991,-7.87499,6.984,0.0,12.046875,0.9180298,0.0,0.0,0.0,0.0,0.0,0.8642578,0.8652344,75.57678,0.7812499,255.04164,290.7408,0.0,108.00004,99.90234,0.0,255.39427,251.99464,509.25,541.875,0.9608089,365.4375,64.0,439.875,79.82713,64.99997,172.68066,0.0,85.73,275.40625,-0.9338379,-2.2735596,64.556885,60.289,2.4658203,86.29,86.07,83.88,83.92,0
10034.0,0.1695,3.418281,1.3973738,1.6033851,101.59898,21.804527,13.655903,22.21314,377.91818,209.66585,315.518,0.0,9.319,31.197,42.436,0.0,96.24313,2.0,0.0,344.625,190.125,3954.0,0.0,-5.7578125,0.97998047,369.10736,19873.672,20000.502,1100.0834,526.95746,125.53669,111.993225,0.0,1.706147,3.0,90.43884,33.08436,-7.124991,-7.87499,6.94,0.0,12.5703125,0.91485596,0.0,0.0,0.0,0.0,0.0,0.8613281,0.8652344,75.57678,0.7812499,254.71175,290.47238,0.0,108.00004,99.90234,0.0,255.22014,251.55519,509.25,541.875,0.92489713,363.1875,64.0,440.1875,79.82713,64.99997,172.60132,0.0,86.48,274.46875,-1.0131836,-3.0212402,64.70337,59.687805,2.397461,86.41,86.62,84.76,84.72,0
10034.045,0.1356,3.4110625,1.3979665,1.6036395,101.59897,21.804527,13.648975,22.086357,377.8726,211.70833,315.518,0.0,9.319,31.197,42.436,0.0,96.24263,2.0,0.0,343.125,190.5,3993.0,0.0,-5.453125,0.98999023,372.86353,19979.807,20000.502,1100.0834,526.95746,124.265,111.887245,0.0,1.6774175,3.0,89.31122,33.009003,-6.7499914,-7.4999905,6.972,0.0,12.859375,0.92529297,0.0,0.0,0.0,0.0,0.0,0.85839844,0.86328125,75.57678,0.7812499,253.83783,289.12024,0.0,108.00004,99.90234,0.0,254.45729,251.0245,509.25,541.5,0.8961677,366.5625,64.0,439.875,79.82713,64.99997,172.93701,0.0,86.86,277.59375,-1.1108398,-1.9226074,63.78174,59.48639,2.397461,87.08,86.99,85.04,85.04,0
10034.085,0.10848,3.3894253,1.3935153,1.6036395,101.59896,21.804527,13.644126,21.927326,376.39658,211.88483,315.518,0.0,9.319,31.197,42.436,0.0,96.24222,2.0,0.0,342.0,190.875,4012.0,0.0,-5.4765625,0.9963379,375.25983,19935.23,20000.502,1100.0834,526.95746,124.01066,111.12424,0.0,1.498184,3.0,88.6734,32.941185,-6.7499914,-7.124991,6.944,0.0,13.375,0.92456055,0.0,0.0,0.0,0.0,0.0,0.8564453,0.86035156,75.57678,0.7812499,252.74162,288.88388,0.0,108.00004,99.90234,0.0,253.13892,250.6431,509.625,541.5,0.71693414,363.71875,64.0,440.0,79.82713,64.99997,172.47314,0.0,87.33,277.375,-1.1566162,-1.0925293,63.69629,60.16693,2.397461,87.49,87.42,85.54,85.72,0
10034.125,0.086784,3.3995202,1.3910213,1.6035547,101.59895,21.804527,13.652451,21.90482,378.201,213.6435,315.518,0.0,9.319,31.197,42.436,0.0,96.2419,2.0,0.0,342.375,190.875,4026.0,0.0,-5.390625,0.9968872,375.46713,19800.97,20000.502,1100.0834,527.4881,125.706245,111.18782,0.0,1.3547971,3.0,89.489746,32.804962,-6.7499914,-7.124991,6.94,0.0,13.2578125,0.92852783,0.0,0.0,0.0,0.0,0.0,0.8574219,0.86035156,75.57678,0.7812499,252.58649,289.14905,0.0,108.00004,99.90234,0.0,253.13062,250.31142,509.625,541.5,0.5735473,362.625,64.0,439.875,79.82713,64.99997,172.5586,0.0,88.02,278.5625,-1.1932373,-1.159668,63.38501,59.617615,2.3876953,88.04,88.17,86.0,86.07,0
10034.167,0.0694272,3.4035583,1.3820537,1.6034274,101.598946,21.804527,13.646559,21.639076,378.38846,215.28908,315.518,0.0,9.319,31.197,42.436,0.0,96.24164,2.0,0.0,341.25,191.625,4055.0,0.0,-5.53125,0.99957275,376.47043,19794.07,20000.502,1100.0834,527.4881,126.532845,110.74273,0.0,1.2400877,3.0,89.73541,32.68236,-6.374992,-6.374992,6.936,0.0,13.171875,0.9406128,0.0,0.0,0.0,0.0,0.0,0.8544922,0.86035156,75.61951,0.7812499,250.75473,288.8323,0.0,108.00004,99.90234,0.0,251.06596,249.96317,510.0,541.5,0.45883784,367.8125,64.0,439.875,79.82713,64.99997,171.80786,0.0,88.31,282.1875,-1.2054443,0.3540039,62.39624,60.00824,2.397461,88.4,88.4,86.73,86.65,0
10034.205,0.05554176,3.3864236,1.3753928,1.6033003,101.59894,21.804527,13.654154,21.600914,376.78558,215.6459,315.518,0.0,9.319,31.197,42.436,0.0,96.241425,2.0,0.0,341.625,191.625,4079.0,0.0,-5.609375,1.0037842,378.05417,19891.184,20000.502,1100.0834,527.4881,125.028015,109.72538,0.0,1.1483202,3.0,88.85651,32.57202,-6.374992,-6.374992,6.896,0.0,13.15625,0.9312134,0.0,0.0,0.0,0.0,0.0,0.8535156,0.859375,75.61951,0.7812499,250.49168,289.92145,0.0,108.00004,99.90234,0.0,250.7509,249.59833,510.375,541.5,0.3670703,366.1875,64.0,439.875,79.82713,64.99997,171.80786,0.0,88.97,279.375,-1.2329102,0.1159668,63.067627,60.395813,2.3901367,89.2,89.0,87.05,86.96,0
10034.248,0.04443341,3.3983195,1.3684824,1.6032156,101.59893,21.804527,13.647751,21.451979,378.63412,217.87267,315.518,0.0,9.319,31.197,42.436,0.0,96.39163,2.0,0.0,341.625,192.0,4101.0,0.0,-5.7421875,1.0061646,378.94968,19856.691,20000.502,1100.0834,530.1415,125.60027,108.68684,0.0,1.0749061,3.0,88.98926,32.472713,-5.9999924,-5.9999924,6.86,0.0,13.125,0.93237305,0.0,0.0,0.0,0.0,0.0,0.8544922,0.86035156,75.61951,0.7812499,249.46507,290.07166,0.0,108.00004,99.90234,0.0,249.78076,249.24179,510.375,541.875,0.29365623,369.71875,64.0,439.875,79.82713,64.99997,171.39893,0.0,89.28,279.71875,-1.2176514,0.38146973,62.957764,60.627747,2.3901367,89.43,89.62,87.58,87.61,0
10034.275,0.03554673,3.4218278,1.365439,1.6031307,101.59892,21.804527,13.649129,21.3671,380.3476,219.65915,315.518,0.0,9.319,31.197,42.436,0.0,96.511795,2.0,0.0,340.875,192.0,4116.0,0.0,-5.90625,1.0067749,379.18182,19886.94,20000.502,1100.0834,530.1415,125.53669,108.70803,0.0,1.0161749,3.0,88.95874,32.383335,-5.624993,-5.9999924,6.884,0.0,13.546875,0.9379883,0.0,0.0,0.0,0.0,0.0,0.8544922,0.86035156,75.80109,0.7812499,248.88002,289.93503,0.0,108.00004,99.90234,0.0,249.41592,249.00133,510.75,541.875,0.23492499,370.5,64.0,440.0,79.82713,64.99997,171.31348,0.0,89.66,281.40625,-1.2268066,-0.04272461,62.524414,59.69391,2.3876953,90.08,89.92,87.89,87.92,0
10034.32,0.028437385,3.431231,1.3546845,1.6030037,101.598915,21.804527,13.650093,21.232552,380.56104,221.17073,315.518,0.0,9.319,31.197,42.436,0.0,96.45755,2.0,0.0,342.0,192.375,4142.0,0.0,-6.1015625,1.0097656,380.3095,19896.49,20000.502,1100.0834,531.7335,125.261154,108.32652,0.0,0.9691899,3.0,88.6734,32.302895,-5.624993,-5.624993,6.8,0.0,13.46875,0.9338379,0.0,0.0,0.0,0.0,0.0,0.8564453,0.859375,75.80109,0.7812499,247.95258,291.20303,0.0,108.00004,99.90234,0.0,248.44579,248.57016,511.125,542.25,0.18793999,366.4375,64.0,440.0,79.82713,64.99997,170.85571,0.0,90.26,280.15625,-1.2237549,0.4333496,62.81128,60.520935,2.3876953,90.41,90.41,88.55,88.55,0
10034.355,0.022749908,3.4162426,1.3521476,1.6029612,101.59891,21.804527,13.63905,21.21387,379.02838,220.91818,315.518,0.0,9.319,31.197,42.436,0.0,96.414154,2.0,0.0,342.75,192.375,4154.0,0.0,-6.1171875,1.008728,379.9281,19921.432,20000.502,1100.0834,531.7335,124.71009,108.0298,0.0,0.9316019,3.0,88.4079,32.2305,-5.624993,-5.624993,6.764,0.0,13.5078125,0.9367676,0.0,0.0,0.0,0.0,0.0,0.8574219,0.86035156,75.920105,0.7812499,247.82379,291.55133,0.0,108.00004,99.90234,0.0,248.08095,248.35457,511.125,542.25,0.15035199,364.9375,64.0,440.0,79.82713,64.99997,170.86182,0.0,90.56,281.03125,-1.2176514,0.6530762,62.60376,60.508728,2.3925781,90.85,90.74,88.85,88.97,0
10034.4,0.018199926,3.410247,1.3507997,1.6027915,101.5989,21.804527,13.637178,21.119831,379.18863,222.82054,315.518,0.0,9.319,31.197,42.436,0.0,96.37944,2.0,0.0,342.0,192.75,4188.0,0.0,-5.4453125,1.0181274,383.4604,20014.3,20000.502,1100.0834,531.7335,123.60796,107.92382,0.0,0.90153146,3.0,87.72278,32.165344,-5.2499933,-5.2499933,6.736,0.0,13.53125,0.9400635,0.0,0.0,0.0,0.0,0.0,0.8574219,0.859375,75.920105,0.7812499,247.17558,291.0571,0.0,108.00004,99.90234,0.0,247.70781,247.94827,511.5,541.875,0.12028159,366.28125,64.0,439.875,79.82713,64.99997,171.11206,0.0,91.15,282.03125,-1.2176514,0.12207031,62.261963,59.562683,2.3876953,91.25,91.35,89.6,89.49,0
10034.445,0.034559943,3.4078488,1.3469424,1.6026646,101.5989,21.804527,13.647587,21.108488,379.25238,224.13512,315.518,0.0,9.319,31.197,42.436,0.0,96.502045,2.0,0.0,342.375,192.75,4212.0,0.0,-5.2109375,1.0199585,384.1486,19940.537,20000.502,1100.0834,533.5908,124.265,107.79665,0.0,0.87747514,3.0,87.88757,32.031517,-5.2499933,-5.2499933,6.704,0.0,13.5625,0.9403076,0.0,0.0,0.0,0.0,0.0,0.85839844,0.85839844,75.920105,0.7812499,247.09741,291.87036,0.0,108.10004,99.90234,0.0,247.67465,247.6083,511.5,541.5,0.09622528,364.5625,64.0,439.875,79.82713,64.99997,171.24634,0.0,91.69,282.09375,-1.1901855,0.1953125,62.22534,59.638977,2.3876953,91.94,91.79,89.94,89.85,0
10034.485,0.047647953,3.4068894,1.3440249,1.6026222,101.5989,21.804527,13.6490135,21.01301,379.58612,225.18452,315.518,0.0,9.319,31.197,42.436,0.0,96.60013,2.0,0.0,341.25,193.125,4228.0,0.0,-5.125,1.02594,386.40396,19885.877,20000.502,1100.0834,533.5908,124.922035,107.83904,0.0,0.8582301,3.0,88.06,31.911072,-4.874994,-4.874994,6.72,0.0,13.5546875,0.93865967,0.0,0.0,0.0,0.0,0.0,0.8613281,0.85839844,76.04523,0.7812499,246.4393,291.71588,0.0,108.19003,99.90234,0.0,246.75427,247.28493,511.875,541.125,0.076980226,367.5625,64.0,439.875,79.82713,64.99997,171.11816,0.0,92.23,281.59375,-1.1749268,0.36621094,62.29248,59.80072,2.397461,92.28,92.35,90.62,90.65,0
10034.527,0.07811836,3.4065058,1.3404288,1.6024525,101.5989,21.804527,13.644153,20.992804,379.57898,226.77806,315.518,0.0,9.319,31.197,42.436,0.0,96.678604,2.0,0.0,340.5,193.125,4258.0,0.0,-4.96875,1.0288696,387.50674,19798.316,20000.502,1100.0834,535.9789,125.91819,107.28798,0.0,0.84283406,3.0,88.386536,31.80267,-4.874994,-4.874994,6.728,0.0,13.5625,0.9432373,0.0,0.0,0.0,0.0,0.0,0.8623047,0.8574219,76.04523,0.7812499,246.3,292.2713,0.0,108.27103,99.90234,0.0,246.88693,246.92009,512.25,541.125,0.061584182,369.84375,64.0,439.875,79.82713,64.99997,171.42334,0.0,92.86,282.96875,-1.1627197,0.11291504,61.920166,59.150696,2.3901367,92.94,92.8,90.91,90.91,0
10034.566,0.10249469,3.3876023,1.3375968,1.6023679,101.5989,21.804527,13.65247,20.940083,378.17328,227.31786,315.518,0.0,9.319,31.197,42.436,0.0,96.74138,2.0,0.0,339.75,193.125,4284.0,0.0,-4.9609375,1.0319824,388.6759,19779.213,20000.502,1100.0834,535.9789,127.401825,107.33037,0.0,0.83051723,3.0,89.10217,31.705109,-4.874994,-4.874994,6.732,0.0,13.4921875,0.949646,0.0,0.0,0.0,0.0,0.0,0.86035156,0.8574219,76.20697,0.7812499,245.93661,292.08392,0.0,108.343925,99.90234,0.0,246.56355,246.56355,512.25,541.125,0.049267348,368.25,64.0,439.78125,79.82713,64.99997,171.50879,0.0,93.29,284.90625,-1.1505127,0.048828125,61.413574,58.56781,2.3828125,93.32,93.43,91.59,91.59,0
10034.605,0.12199575,3.3800411,1.3324885,1.6022406,101.5989,21.804527,13.646572,20.891674,378.16187,228.47832,315.518,0.0,9.319,31.197,42.436,0.0,96.791595,2.0,0.0,339.0,193.5,4306.0,0.0,-4.9765625,1.0360718,390.22644,19803.623,20000.502,1100.0834,535.9789,127.401825,106.88528,0.0,0.82066375,3.0,88.949585,31.617306,-4.4999943,-4.4999943,6.728,0.0,13.90625,0.9454956,0.0,0.0,0.0,0.0,0.0,0.85839844,0.8574219,76.20697,0.7812499,245.60292,293.25226,0.0,108.40953,99.90234,0.0,246.19873,246.2153,512.625,541.125,0.03941388,370.28125,64.0,439.875,79.82713,64.99997,171.50269,0.0,93.82,283.65625,-1.1383057,0.036621094,61.688232,58.805847,2.3901367,93.87,93.87,91.79,91.9,0
10034.647,0.1575966,3.3957665,1.3315793,1.6021134,101.5989,21.804527,13.630725,20.892117,379.96463,230.7404,315.518,0.0,9.319,31.197,42.436,0.0,96.6814,2.0,0.0,338.625,193.5,4328.0,0.0,-4.9609375,1.0397339,391.60287,19843.424,20000.502,1100.0834,538.10156,126.89315,106.31302,0.0,0.812781,3.0,88.55133,31.463093,-4.4999943,-4.4999943,6.728,0.0,13.640625,0.9470825,0.0,0.0,0.0,0.0,0.0,0.85839844,0.8574219,76.20697,0.7812499,245.60597,293.35455,0.0,108.468575,99.90234,0.0,246.19873,245.85875,513.0,541.125,0.031531107,364.125,64.0,440.0,79.82713,64.99997,171.77124,0.0,94.42,284.125,-1.1444092,-0.048828125,61.535645,58.56781,2.3901367,94.52,94.59,92.31,92.39,0
10034.689,0.18607728,3.4020567,1.3265862,1.6019439,101.5989,21.804527,13.64307,20.8179,379.84967,232.90907,315.518,0.0,9.319,31.197,42.436,0.0,96.59323,2.0,0.0,337.875,193.875,4370.0,0.0,-4.9921875,1.0467529,394.24796,20072.143,20000.502,1100.0834,538.10156,125.028015,106.84289,0.0,0.80647475,3.0,87.509155,31.3243,-4.1249948,-4.1249948,6.696,0.0,13.59375,0.9503784,0.0,0.0,0.0,0.0,0.0,0.8613281,0.85546875,76.361084,0.7812499,245.0944,294.02103,0.0,108.52171,99.90234,0.0,245.69292,245.35295,513.375,541.125,0.025224885,369.65625,64.0,440.0,79.82713,64.99997,171.8872,0.0,95.02,285.125,-1.1566162,-0.15563965,61.23047,58.058167,2.385254,95.06,95.03,92.52,92.73,0
10034.727,0.20886183,3.4045727,1.325425,1.6018168,101.5989,21.804527,13.639993,20.766232,380.07245,234.48555,315.518,0.0,9.319,31.197,42.436,0.0,96.522705,2.0,0.0,338.625,193.875,4397.0,0.0,-4.78125,1.0529785,396.5945,20155.459,20000.502,1100.0834,540.75494,123.67155,106.63094,0.0,0.8014298,3.0,86.701965,31.199389,-4.1249948,-4.1249948,6.652,0.0,13.109375,0.9522705,0.0,0.0,0.0,0.0,0.0,0.8613281,0.8544922,76.361084,0.7812499,244.73828,293.8299,0.0,108.56954,99.90234,0.0,245.32808,244.94666,513.375,540.75,0.020179909,366.8125,64.0,439.78125,79.82713,64.99997,172.052,0.0,95.57,285.6875,-1.1688232,-0.14953613,61.035156,57.899475,2.3779297,95.69,95.73,93.43,93.19,0
10034.766,0.22708946,3.4243293,1.3243638,1.6018168,101.5989,21.804527,13.643698,20.730223,381.8632,235.96541,315.518,0.0,9.319,31.197,42.436,0.0,96.46628,2.0,0.0,339.0,194.25,4404.0,0.0,-4.1171875,1.0546265,397.2164,20052.508,20000.502,1100.0834,540.75494,124.87965,106.88528,0.0,0.9536438,3.0,87.28485,31.086967,-3.7499952,-3.7499952,6.62,0.0,13.015625,0.94854736,0.0,0.0,0.0,0.0,0.0,0.859375,0.8544922,76.54266,0.7812499,244.49008,293.7879,0.0,108.61259,99.90234,0.0,245.1042,244.63986,513.75,540.0,0.17239392,370.21875,64.0,440.0,79.82713,64.99997,172.00317,0.0,96.14,284.5625,-1.1810303,-0.18615723,61.297607,58.137512,2.3730469,95.96,95.9,93.55,93.83,0
10034.805,0.24167158,3.450982,1.3233883,1.6016896,101.5989,21.804527,13.646292,20.765413,383.78818,238.12422,315.518,0.0,9.319,31.197,42.436,0.0,96.42114,2.0,0.0,337.125,194.25,4422.0,0.0,-3.96875,1.0588379,398.8084,20130.518,20000.502,1100.0834,540.75494,123.79871,106.94886,0.0,1.075415,3.0,86.61041,30.985788,-3.7499952,-3.7499952,6.668,0.0,13.734375,0.95092773,0.0,0.0,0.0,0.0,0.0,0.8623047,0.8535156,76.54266,0.7812499,244.73264,294.24268,0.0,108.65133,99.90234,0.0,245.36957,244.36624,513.75,540.0,0.29416513,370.3125,64.0,440.0,79.82713,64.99997,172.42432,0.0,96.45,285.28125,-1.1932373,-0.70495605,61.083984,57.344055,2.3730469,96.47,96.68,94.27,94.4,0
10034.845,0.25333726,3.4616432,1.3215384,1.6016047,101.599724,21.804527,13.630529,20.741194,383.90216,239.38,315.518,0.0,9.319,31.197,42.436,0.0,96.38504,2.0,0.0,336.375,194.25,4444.0,0.0,-4.109375,1.0626831,400.2512,20082.758,20000.502,1100.0834,542.0816,124.01066,106.736916,0.0,1.172832,3.0,86.71265,30.894728,-3.7499952,-3.7499952,6.66,0.0,13.6875,0.9522705,0.0,0.0,0.0,0.0,0.0,0.86035156,0.8544922,76.535034,0.7812499,244.56651,294.50616,0.0,108.686195,99.90234,0.0,245.22028,244.03456,514.125,540.0,0.3915821,368.5625,64.0,440.0,79.82713,64.99997,172.58911,0.0,96.64,285.6875,-1.2084961,-0.78430176,60.949707,57.078552,2.3632812,96.83,96.74,94.69,94.73,0
10034.885,0.24266982,3.4659076,1.3160063,1.6014775,101.600464,21.804527,13.631214,20.682474,384.07312,240.67216,315.518,0.0,9.319,31.197,42.436,0.0,96.356155,2.0,0.0,336.375,194.25,4466.0,0.0,-4.109375,1.0654907,401.31253,20248.326,20000.502,1100.0834,542.0816,121.50968,106.71572,0.0,1.2507656,3.0,85.354614,30.812773,-3.3749957,-3.7499952,6.648,0.0,13.34375,0.9503784,0.0,0.0,0.0,0.0,0.0,0.8623047,0.8535156,76.64032,0.7812499,244.1625,295.293,0.0,108.717575,99.90234,0.0,244.77254,243.71948,514.125,540.375,0.46951568,366.84375,64.0,439.875,79.82713,64.99997,172.49756,0.0,97.32,285.125,-1.2237549,-0.41503906,61.065674,57.566833,2.3486328,97.56,97.4,95.21,95.28,0
10034.925,0.23413587,3.4676132,1.3110076,1.6013505,101.6003,21.804527,13.625834,20.598999,384.25098,242.13148,315.518,0.0,9.319,31.197,42.436,0.0,96.33304,2.0,0.0,336.0,194.625,4491.0,0.0,-4.265625,1.0706787,403.2528,20145.377,20000.502,1100.0834,544.2043,121.74282,106.3978,0.0,1.3131125,3.0,85.32257,30.739014,-3.3749957,-3.3749957,6.624,0.0,12.375,0.9475708,0.0,0.0,0.0,0.0,0.0,0.8613281,0.85253906,76.64032,0.7812499,243.58696,295.60474,0.0,108.74582,99.90234,0.0,244.26675,243.3878,514.5,540.375,0.53186256,368.5625,64.0,440.0,79.82713,64.99997,172.44263,0.0,97.74,284.28125,-1.2359619,-0.10986328,61.224365,58.018494,2.34375,97.86,97.99,95.8,95.77,0
10034.967,0.2073087,3.4495454,1.3115858,1.6012232,101.60016,21.804527,13.622068,20.555395,382.62134,242.76888,315.518,0.0,9.319,31.197,42.436,0.0,96.314545,2.0,0.0,336.0,194.625,4522.0,0.0,-4.1953125,1.0784912,406.20465,20179.87,20000.502,1100.0834,544.2043,121.276535,107.13962,0.0,1.3629899,3.0,84.94568,30.67263,-3.3749957,-3.3749957,6.616,0.0,12.703125,0.9533081,0.0,0.0,0.0,0.0,0.0,0.8613281,0.85058594,76.786804,0.7812499,243.28625,294.95,0.0,108.77123,99.90234,0.0,243.9931,243.03127,514.875,540.375,0.58174,367.84375,64.0,439.875,79.82713,64.99997,172.72339,0.0,98.53,286.0,-1.248169,-0.3540039,60.742188,57.261658,2.3364258,98.45,98.54,96.06,96.22,0
10035.004,0.18584695,3.4423182,1.3073894,1.6011809,101.60003,21.804527,13.625292,20.50296,382.89032,243.74539,315.518,0.0,9.319,31.197,42.436,0.0,96.29976,2.0,0.0,333.375,194.625,4537.0,0.0,-3.734375,1.083252,407.99567,19823.79,20000.502,1100.0834,544.2043,124.79487,106.90647,0.0,1.4028919,3.0,86.64093,30.612885,-3.3749957,-3.3749957,6.672,0.0,12.8203125,0.94677734,0.0,0.0,0.0,0.0,0.0,0.86035156,0.8515625,76.786804,0.7812499,242.9247,295.5224,0.0,108.794106,99.90234,0.0,243.67802,242.67471,515.25,539.625,0.621642,365.5625,64.0,439.6875,79.82713,64.99997,172.68677,0.0,98.86,284.03125,-1.260376,-0.50964355,61.169434,57.588196,2.331543,98.88,99.08,96.68,96.68,0
10035.045,0.16867757,3.4394274,1.3093807,1.601096,101.599915,21.804527,13.621689,20.490412,382.90613,245.42097,315.518,0.079,9.319,31.197,42.436,0.0,96.28793,2.0,0.0,331.875,194.625,4568.0,0.0,-3.6640625,1.0892944,410.2759,19905.512,20000.502,1100.0834,546.32697,124.11664,106.46138,0.0,1.5910635,3.0,86.16028,30.483927,-3.3749957,-3.3749957,6.712,0.0,12.84375,0.9530029,0.0,0.0,0.0,0.0,0.0,0.8613281,0.85058594,76.786804,0.7812499,242.83809,294.9154,0.0,108.8147,99.90234,0.0,243.5039,242.30988,515.25,539.625,0.80981356,368.6875,64.0,439.28125,79.82713,64.99997,173.37646,0.0,99.52,285.90625,-1.272583,-0.87280273,60.668945,56.602478,2.3242188,99.65,99.65,97.04,97.01,0
10035.075,0.15494205,3.438271,1.3116236,1.601096,101.59981,21.804527,13.630885,20.445122,383.10706,245.92603,315.518,0.12,9.319,31.197,42.436,0.0,96.27847,2.0,0.0,332.25,194.625,4575.0,0.0,-3.6328125,1.0960693,412.81317,19891.184,20000.502,1100.0834,546.32697,123.947075,106.101074,0.0,1.7416008,3.0,86.07941,30.367865,-3.3749957,-3.3749957,6.672,0.0,12.765625,0.95007324,0.0,0.0,0.0,0.0,0.0,0.8574219,0.8515625,76.94092,0.7812499,242.5258,293.94238,0.0,108.83323,99.90234,0.0,243.18051,242.06941,515.625,539.625,0.9603509,369.03125,64.0,439.28125,79.82713,64.99997,173.6206,0.0,99.72,285.03125,-1.2817383,-0.6347656,60.821533,56.996155,2.319336,99.65,99.93,97.43,97.51,0
10035.12,0.12395364,3.4190583,1.3138047,1.6009688,101.59972,21.804527,13.631463,20.373516,381.6151,246.7353,315.518,0.15,9.319,31.197,42.436,0.0,96.270905,2.0,0.0,329.625,195.0,4608.0,0.0,-3.515625,1.1101685,418.1282,19848.2,20000.502,1100.0834,548.44965,126.193726,106.82169,0.0,1.8620305,3.0,86.865234,30.263409,-2.9999962,-2.9999962,6.748,0.0,12.8515625,0.9481201,0.0,0.0,0.0,0.0,0.0,0.8564453,0.8457031,76.94092,0.7812499,242.03215,292.8376,0.0,108.84991,99.90234,0.0,242.64986,241.65483,515.625,539.625,1.0807806,368.4375,64.0,438.875,79.82713,64.99997,174.20044,0.0,100.46,284.4375,-1.2969971,-0.7141113,60.839844,56.91986,2.3144531,100.5,100.34,98.01,97.99,0
10035.165,0.099162914,3.4301233,1.3141445,1.6009688,101.59963,21.804527,13.637727,20.312906,383.44824,248.72755,315.518,0.202,9.319,31.197,42.436,0.0,96.26485,2.0,0.0,327.75,195.0,4623.0,0.0,-3.4765625,1.1165771,420.5411,20109.82,20000.502,1100.0834,548.44965,124.731285,107.86024,0.0,1.9583744,3.0,86.16028,30.169397,-2.9999962,-2.9999962,6.788,0.0,12.375,0.9494629,0.0,0.0,0.0,0.0,0.0,0.85253906,0.8457031,77.0813,0.7812499,241.61429,292.05536,0.0,108.864914,99.90234,0.0,242.2767,241.33974,516.0,539.625,1.1771245,368.625,64.0,438.78125,79.82713,64.99997,174.35913,0.0,100.86,284.84375,-1.3092041,-0.64086914,60.681152,56.852722,2.3144531,101.0,101.0,98.72,98.49,0
10035.207,0.07933033,3.4345493,1.310921,1.6009265,101.599556,21.804527,13.636252,20.298676,383.66962,249.35564,315.518,0.242,9.319,31.197,42.436,0.0,96.259995,2.0,0.0,328.5,195.0,4632.0,0.0,-3.359375,1.1193848,421.59415,20093.371,20000.502,1100.0834,548.44965,124.03186,107.05484,0.0,2.0354495,3.0,85.82306,30.084787,-2.9999962,-2.9999962,6.764,0.0,12.1328125,0.9418335,0.0,0.0,0.0,0.0,0.0,0.84765625,0.8466797,77.0813,0.7812499,241.51613,292.65582,0.0,108.87842,99.90234,0.0,242.16891,241.06612,516.375,539.25,1.2541996,367.59375,64.0,438.6875,79.82713,64.99997,174.39575,0.0,101.06,282.5625,-1.3214111,-0.83618164,61.19995,57.182312,2.3120117,101.03,101.14,98.96,99.21,0
10035.247,0.06346427,3.4363198,1.3115802,1.6008418,101.59949,21.804527,13.629361,20.237932,383.86578,250.7758,315.518,0.282,9.319,31.197,42.436,0.0,96.25612,2.0,0.0,328.5,195.0,4656.0,0.0,-3.3046875,1.1220703,422.6223,19969.193,20000.502,1100.0834,549.77637,126.44806,108.199356,0.0,2.0971096,3.0,86.83472,30.008638,-2.9999962,-2.9999962,6.728,0.0,12.15625,0.9561157,0.0,0.0,0.0,0.0,0.0,0.8466797,0.84277344,77.0813,0.7812499,241.09735,291.9239,0.0,108.89057,99.90234,0.0,241.79579,240.7925,516.375,539.625,1.3158597,367.28125,64.0,438.5,79.82713,64.99997,174.81079,0.0,101.72,286.84375,-1.3336182,-0.7171631,60.168457,56.166077,2.3144531,101.87,101.87,99.53,99.57,0
10035.285,0.050771415,3.399528,1.3160727,1.600757,101.59943,21.804527,13.642116,20.277126,380.7575,250.34792,315.518,0.322,9.319,31.197,42.436,0.0,96.25302,2.0,0.0,328.125,195.0,4686.0,0.0,-3.1953125,1.1347656,427.40668,19973.438,20000.502,1100.0834,549.77637,126.045364,108.09338,0.0,2.1464376,3.0,86.48834,29.940105,-2.9999962,-2.9999962,6.728,0.0,12.4375,0.9536133,0.0,0.0,0.0,0.0,0.0,0.84765625,0.8408203,77.17285,0.7812499,241.36745,291.249,0.0,108.90151,99.90234,0.0,242.11089,240.46082,516.75,539.25,1.3651878,368.4375,64.0,438.09375,79.82713,64.99997,175.94604,0.0,102.04,286.09375,-1.348877,-1.4648438,60.235596,55.415344,2.307129,102.09,102.17,100.25,100.09,0
10035.317,0.040617134,3.3660612,1.3134974,1.600757,101.59937,21.804527,13.639324,20.222494,379.21432,249.75894,315.518,0.36,9.319,31.197,42.436,0.0,96.250534,2.0,0.0,325.125,195.0,4694.0,0.0,-3.1796875,1.1381836,428.6836,19951.15,20000.502,1100.0834,548.98035,126.723595,108.51728,0.0,2.1859002,3.0,86.81488,29.878426,-2.9999962,-2.9999962,6.816,0.0,12.5859375,0.94958496,0.0,0.0,0.0,0.0,0.0,0.84277344,0.8408203,77.17285,0.7812499,240.99081,291.32397,0.0,108.91136,99.90234,0.0,241.79579,240.23694,517.125,539.25,1.4046502,367.0,64.0,438.09375,79.82713,64.99997,175.73242,0.0,102.3,284.875,-1.3580322,-1.0467529,60.48584,56.147766,2.3120117,102.65,102.62,100.34,100.38,0
10035.362,-0.0075062923,3.3526745,1.314197,1.6006722,101.59932,21.804527,13.631511,20.15916,379.4955,251.22209,315.518,0.392,9.319,31.197,42.436,0.0,96.24855,2.0,0.0,323.25,195.0,4718.0,0.0,-3.171875,1.1448975,431.2126,20139.008,20000.502,1100.0834,548.98035,125.36713,109.11073,0.0,2.2174702,3.0,86.00769,29.822914,-2.9999962,-2.9999962,6.836,0.0,13.0546875,0.954895,0.0,0.0,0.0,0.0,0.0,0.8408203,0.8388672,77.116394,0.7812499,240.55421,290.58868,0.0,108.92023,99.90234,0.0,241.35634,239.84723,517.125,539.25,1.4362202,367.1875,64.0,437.6875,79.82713,64.99997,176.15967,0.0,102.9,286.46875,-1.3793945,-0.9033203,60.058594,55.781555,2.302246,103.08,103.04,101.16,101.05,0
10035.405,-0.046005033,3.34732,1.3154609,1.6006298,101.59927,21.804527,13.626041,20.181826,379.5832,252.5051,315.518,0.442,9.319,31.197,42.436,0.0,96.24696,2.0,0.0,326.25,195.0,4741.0,0.0,-3.0546875,1.1503906,433.27722,20058.877,20000.502,1100.0834,548.98035,125.66386,108.66564,0.0,2.242726,3.0,86.00769,29.772953,-2.9999962,-2.9999962,6.74,0.0,13.03125,0.95684814,0.0,0.0,0.0,0.0,0.0,0.83691406,0.83691406,77.116394,0.7812499,240.7104,290.37106,0.0,108.9282,99.90234,0.0,241.47241,239.5653,517.5,539.25,1.4614762,369.84375,64.0,437.6875,79.82713,64.99997,176.71509,0.0,103.54,287.0625,-1.3977051,-1.8127441,59.88159,54.670715,2.3046875,103.46,103.35,101.42,101.42,0
10035.437,-0.056804027,3.3451781,1.3171024,1.6005452,101.599236,21.804527,13.610495,20.146954,379.65408,253.88402,315.518,0.48,9.319,31.197,42.436,0.0,96.2457,2.0,0.0,324.75,195.375,4766.0,0.0,-2.9296875,1.1561279,435.44968,20076.389,20000.502,1100.0834,550.5724,125.23996,108.432495,0.0,2.2629309,3.0,85.80322,29.727987,-2.6249967,-2.6249967,6.76,0.0,12.3203125,0.9637451,0.0,0.0,0.0,0.0,0.0,0.8378906,0.8378906,77.116394,0.7812499,240.46999,289.75085,0.0,108.93538,99.90234,0.0,241.14905,239.29997,517.5,538.875,1.481681,370.5,64.0,437.28125,79.82713,64.99997,177.12402,0.0,103.55,289.125,-1.4190674,-1.461792,59.35669,54.45099,2.2875977,104.03,103.99,102.09,101.78,0
10035.482,-0.06544322,3.3068213,1.3124033,1.60046,101.5992,21.804527,13.617189,20.034544,376.48148,253.61128,315.518,0.512,9.319,31.197,42.436,0.0,96.244675,2.0,0.0,322.5,195.375,4801.0,0.0,-2.7890625,1.1657104,439.04,20218.61,20000.502,1100.0834,550.5724,123.24765,108.284134,0.0,2.1228447,3.0,84.53674,29.68752,-2.6249967,-2.6249967,6.792,0.0,12.1953125,0.9647827,0.0,0.0,0.0,0.0,0.0,0.8359375,0.81933594,77.24304,0.7812499,239.69513,289.5768,0.0,108.94184,99.90234,0.0,240.44423,238.82735,517.875,538.875,1.3415948,368.6875,64.0,437.0,79.82713,64.99997,177.32544,0.0,104.49,289.4375,-1.4343262,-0.9094238,59.210205,54.811096,2.2680664,104.6,104.82,102.35,102.59,0
10035.525,-0.07235457,3.3102286,1.3138179,1.6003755,101.59917,21.804527,13.610157,19.990421,378.3603,255.93869,315.518,0.564,9.319,31.197,42.436,0.0,96.243866,2.0,0.0,319.5,195.375,4821.0,0.0,-2.7734375,1.1710205,441.0549,20083.287,20000.502,1100.0834,552.9604,126.2997,110.530785,0.0,2.0107758,3.0,86.00769,29.57591,-2.6249967,-2.6249967,6.872,0.0,12.390625,0.9746704,0.0,0.0,0.0,0.0,0.0,0.8339844,0.82128906,77.24304,0.7812499,239.39096,288.9672,0.0,108.947655,99.90234,0.0,240.12088,238.46251,518.25,538.875,1.2295259,367.75,64.0,436.875,79.82713,64.99997,177.55127,0.0,105.2,292.40625,-1.4465332,-1.6845703,58.496094,53.27301,2.2607422,105.29,105.17,102.92,102.91,0
10035.567,-0.09788366,3.3115916,1.3158299,1.6003331,101.59914,21.804527,13.622813,19.912565,378.52023,257.00287,315.518,0.6,9.319,31.197,42.436,0.0,96.24321,2.0,0.0,318.375,195.375,4839.0,0.0,-2.671875,1.1783447,443.80774,20229.754,20000.502,1100.0834,552.9604,124.71009,110.97587,0.0,2.0773706,3.0,85.087585,29.475462,-2.6249967,-2.6249967,6.9,0.0,12.8984375,0.9824829,0.0,0.0,0.0,0.0,0.0,0.8261719,0.8232422,77.41089,0.7812499,238.85428,287.70584,0.0,108.95289,99.90234,0.0,239.5902,238.13913,518.625,538.875,1.2961208,368.5,64.0,436.6875,79.82713,64.99997,177.9419,0.0,105.49,294.75,-1.461792,-1.6723633,57.910156,52.659607,2.2509766,105.52,105.74,103.35,103.35,0
10035.605,-0.11830693,3.3121367,1.3120705,1.6002907,101.599106,21.804527,13.619953,19.785015,378.58966,257.74057,315.518,0.642,9.319,31.197,42.436,0.0,96.24269,2.0,0.0,319.125,195.375,4852.0,0.0,-2.5546875,1.1842651,446.03824,20082.758,20000.502,1100.0834,552.9604,125.32474,110.446,0.0,2.1306465,3.0,85.38513,29.38506,-2.6249967,-2.6249967,6.852,0.0,12.9921875,0.97351074,0.0,0.0,0.0,0.0,0.0,0.8232422,0.828125,77.41089,0.7812499,237.97507,287.39807,0.0,108.957596,99.90234,0.0,238.78589,237.83234,518.625,538.5,1.3493966,367.15625,64.0,436.5,79.82713,64.99997,177.70996,0.0,105.95,292.0625,-1.473999,-0.49743652,58.47168,54.42047,2.2387695,105.87,106.04,103.76,103.59,0
10035.647,-0.13464555,3.3123548,1.3091835,1.6002482,101.59908,21.804527,13.623811,19.736387,378.8472,258.97903,315.518,0.68,9.319,31.197,42.436,0.0,96.24228,2.0,0.0,319.5,195.375,4872.0,0.0,-2.5625,1.1882324,446.50256,20031.812,20000.502,1100.0834,554.55237,124.45575,109.28029,0.0,2.1732671,3.0,84.82208,29.303696,-2.6249967,-2.6249967,6.82,0.0,12.3046875,0.9717407,0.0,0.0,0.0,0.0,0.0,0.8251953,0.82910156,77.41089,0.7812499,237.63986,287.64227,0.0,108.96184,99.90234,0.0,238.41277,237.54213,519.0,538.5,1.3920172,366.59375,64.0,436.28125,79.82713,64.99997,177.73438,0.0,106.37,291.53125,-1.4801025,-0.6225586,58.563232,54.3869,2.2192383,106.58,106.5,104.35,104.21,0
10035.685,-0.16771644,3.293692,1.3092953,1.6002059,101.59906,21.804527,13.626512,19.674051,377.33698,258.8467,315.518,0.722,9.319,31.197,42.436,0.0,96.24194,2.0,0.0,319.125,195.375,4889.0,0.0,-2.4609375,1.1923828,448.5838,20048.264,20000.502,1100.0834,554.55237,124.11664,109.15312,0.0,2.0511136,3.0,84.65881,29.230469,-2.6249967,-2.6249967,6.824,0.0,12.8671875,0.97631836,0.0,0.0,0.0,0.0,0.0,0.8261719,0.7998047,77.508545,0.7812499,237.21016,286.99094,0.0,108.96565,99.90234,0.0,238.03134,237.2685,519.0,538.5,1.2698638,365.625,64.0,436.1875,79.82713,64.99997,178.07007,0.0,106.62,292.90625,-1.4923096,-0.72021484,58.221436,53.91693,2.224121,106.63,106.82,104.62,104.67,0
10035.727,-0.19417316,3.2487268,1.3082894,1.6001635,101.59986,21.804527,13.628402,19.573925,374.2354,257.7693,315.518,0.76,9.319,31.197,42.436,0.0,96.24167,2.0,0.0,311.25,195.375,4909.0,0.0,-2.40625,1.1972046,450.9221,19945.312,20000.502,1100.0834,555.8791,129.18219,113.09535,0.0,1.953391,3.0,86.94763,29.164564,-2.6249967,-2.6249967,7.072,0.0,12.8828125,0.991333,0.0,0.0,0.0,0.0,0.0,0.8251953,0.7998047,77.508545,0.7812499,236.52078,286.29953,0.0,108.969086,99.90234,0.0,237.33484,236.99487,519.375,538.5,1.1721411,363.90625,64.0,435.875,79.82713,64.99997,178.16162,0.0,107.33,297.40625,-1.5045166,-0.5493164,57.183838,53.007507,2.2167969,107.37,107.33,105.26,105.21,0
10035.766,-0.23533852,3.2119908,1.3040684,1.6000788,101.600586,21.804527,13.6297245,19.451174,372.6613,257.78308,315.518,0.802,9.319,31.197,42.436,0.0,96.241455,2.0,0.0,310.125,195.75,4930.0,0.0,-2.2734375,1.199646,451.83417,19972.908,20000.502,1100.0834,555.8791,129.9876,113.92194,0.0,2.0314627,3.0,87.18262,29.105251,-2.2499971,-2.2499971,7.092,0.0,12.203125,1.0,0.0,0.0,0.0,0.0,0.0,0.8105469,0.7998047,77.6001,0.7812499,235.67542,286.1107,0.0,108.972176,99.90234,0.0,236.41446,236.70465,519.75,538.5,1.2502128,366.46875,64.0,435.6875,79.82713,64.99997,178.05786,0.0,107.57,300.0,-1.5106201,0.10681152,56.591797,53.041077,2.2192383,107.75,107.75,105.72,105.59,0
10035.805,-0.26827082,3.1785464,1.3038774,1.6000364,101.601234,21.804527,13.624791,19.384865,371.01428,257.99728,315.518,0.841,9.319,31.197,42.436,0.0,96.24129,2.0,0.0,309.375,195.75,4956.0,0.0,-2.1171875,1.211853,455.38303,20143.785,20000.502,1100.0834,555.8791,125.706245,111.42096,0.0,2.0939202,3.0,85.11963,29.051868,-2.2499971,-2.2499971,7.088,0.0,12.484375,0.9911499,0.0,0.0,0.0,0.0,0.0,0.8046875,0.8144531,77.6001,0.7812499,235.219,285.42075,0.0,108.97496,99.90234,0.0,236.0496,236.37299,519.75,538.125,1.3126702,365.65625,64.0,435.375,79.82713,64.99997,178.43628,0.0,108.04,297.34375,-1.5106201,0.14953613,57.09839,53.62091,2.211914,108.07,108.02,106.04,105.91,0
10035.837,-0.29461664,3.1464186,1.3023697,1.5999942,101.60265,21.804527,13.609619,19.30666,369.52502,257.63574,315.518,0.88,9.319,31.197,42.436,0.0,95.9404,2.0,0.0,314.25,195.75,4969.0,0.0,-2.0859375,1.2166748,456.67654,20088.064,20000.502,1100.0834,557.73645,125.68505,110.89109,0.0,2.143886,3.0,84.954834,29.003824,-2.2499971,-2.2499971,6.916,0.0,12.5390625,0.98986816,0.0,0.0,0.0,0.0,0.0,0.7998047,0.8173828,77.6001,0.7812499,234.68135,285.0803,0.0,108.97746,99.90234,0.0,235.51894,236.14911,520.125,538.125,1.3626362,365.46875,64.0,435.28125,79.82713,64.99997,178.35083,0.0,108.35,296.96875,-1.5014648,0.44250488,57.15332,53.990173,2.2167969,108.59,108.51,106.38,106.38,0
10035.882,-0.27569333,3.1523175,1.2994481,1.5999091,101.60393,21.804527,13.616577,19.239796,371.24603,260.03372,315.518,0.912,9.319,31.197,42.436,0.0,95.699684,2.0,0.0,316.5,195.75,4992.0,0.0,-2.359375,1.2210083,458.29346,20088.064,20000.502,1100.0834,557.73645,124.286194,109.53463,0.0,2.0276089,3.0,84.13849,28.960585,-2.2499971,-2.2499971,6.812,0.0,13.0859375,0.98809814,0.0,0.0,0.0,0.0,0.0,0.8066406,0.7998047,77.73895,0.7812499,234.22174,285.02945,0.0,108.97971,99.90234,0.0,235.08777,235.7511,520.5,538.125,1.246359,364.78125,64.0,435.09375,79.82713,64.99997,178.60107,0.0,109.01,296.4375,-1.486206,0.8300781,57.232666,54.48456,2.2167969,109.06,108.98,106.63,106.89,0
10035.927,-0.20055467,3.1546772,1.2987511,1.5998669,101.60425,21.804527,13.603869,19.161345,371.58365,261.31293,315.518,0.96,9.319,31.197,42.436,0.0,95.50711,2.0,0.0,310.875,195.75,5012.0,0.0,-2.265625,1.22406,459.96838,20082.227,20000.502,1100.0834,559.3284,126.723595,111.90844,0.0,1.934587,3.0,85.313416,28.921669,-2.2499971,-2.2499971,6.98,0.0,13.1171875,1.0010376,0.0,0.0,0.0,0.0,0.0,0.8125,0.7998047,77.73895,0.7812499,233.6813,284.5162,0.0,108.98174,99.90234,0.0,234.5488,235.47748,520.5,538.125,1.1533371,362.21875,64.0,434.875,79.82713,64.99997,178.85742,0.0,109.5,300.3125,-1.4678955,1.0650635,56.37207,53.871155,2.211914,109.63,109.46,107.37,107.37,0
10035.955,-0.14044374,3.1743708,1.2980887,1.5998243,101.60453,21.804527,13.5949745,19.12851,373.37134,263.0416,315.518,1.002,9.319,31.197,42.436,0.0,95.35306,2.0,0.0,310.125,195.75,5021.0,0.0,-2.1875,1.2255859,460.5488,20144.314,20000.502,1100.0834,559.3284,126.681206,112.62907,0.0,2.0164194,3.0,85.29205,28.886644,-2.2499971,-2.2499971,6.988,0.0,13.09375,1.0063477,0.0,0.0,0.0,0.0,0.0,0.8027344,0.7998047,77.84424,0.7812499,233.45526,284.31903,0.0,108.98357,99.90234,0.0,234.33324,235.31165,520.5,538.125,1.2351696,362.375,64.0,434.0,79.82713,64.99997,178.93066,0.0,109.65,301.90625,-1.4465332,1.361084,56.011963,53.889465,2.211914,109.63,109.63,107.66,107.61,0
10036.0,-0.092355,3.1259985,1.2897851,1.5998669,101.60479,21.804527,13.594607,19.021225,368.4519,260.91998,315.518,1.03,9.319,31.197,42.436,0.0,95.22981,2.0,0.0,311.625,195.75,5047.0,0.0,-2.078125,1.2319946,461.8838,20247.266,20000.502,1100.0834,559.3284,124.30739,111.929634,0.0,2.0818856,3.0,83.995056,28.855124,-2.2499971,-2.2499971,6.916,0.0,12.75,0.9991455,0.0,0.0,0.0,0.0,0.0,0.79785156,0.8027344,77.84424,0.7812499,232.71603,285.277,0.0,108.98521,99.90234,0.0,233.59526,235.07118,520.875,538.125,1.3006357,359.46875,64.0,431.875,79.82713,64.99997,178.54004,0.0,110.02,299.75,-1.4038086,1.8798828,56.445312,54.829407,2.2192383,110.1,110.27,108.23,108.15,0
10036.045,-0.033884004,3.1066494,1.2889004,1.5999092,101.604195,21.804527,13.5884905,19.027521,368.49182,262.13742,315.518,1.08,9.319,31.197,42.436,0.0,95.13122,2.0,0.0,311.625,196.125,5070.0,0.0,-2.078125,1.2357178,462.7627,20116.19,20000.502,1100.0834,561.1858,124.41336,110.912285,0.0,1.9780085,3.0,83.96454,28.826754,-1.8749976,-1.8749976,6.9,0.0,12.8203125,0.99902344,0.0,0.0,0.0,0.0,0.0,0.7988281,0.8066406,77.85187,0.7812499,232.75882,285.6532,0.0,108.98669,99.90234,0.0,233.20555,234.90535,520.875,538.125,1.1967586,355.0,64.0,431.1875,79.82713,64.99997,179.04663,0.0,110.82,299.71875,-1.3458252,2.7648926,56.427002,55.760193,2.2143555,110.74,110.86,108.85,108.43,0
10036.089,-0.027107203,3.08016,1.2834363,1.5999515,101.60366,21.804527,13.613505,18.906223,367.0082,261.75146,315.518,1.122,9.319,31.197,42.436,0.0,95.05234,2.0,0.0,311.625,196.125,5083.0,0.0,-2.1015625,1.239563,463.6582,19849.262,20000.502,1100.0834,561.1858,126.34209,110.27644,0.0,1.8949068,3.0,84.8938,28.801222,-1.8749976,-1.8749976,6.868,0.0,12.7578125,0.99768066,0.0,0.0,0.0,0.0,0.0,0.8027344,0.80371094,77.97699,0.7812499,231.92221,285.793,0.0,108.988014,99.90234,0.0,232.78267,234.75609,521.25,538.125,1.1136569,354.21875,64.0,429.375,79.82713,64.99997,178.52173,0.0,110.96,299.3125,-1.2817383,2.734375,56.488037,55.8609,2.211914,111.16,111.16,108.93,109.01,0
10036.116,-0.021685762,3.0508142,1.2826866,1.5999515,101.60318,21.804527,13.613438,18.917757,365.56116,261.43753,315.518,1.164,9.319,31.197,42.436,0.0,94.989235,2.0,0.0,312.0,196.125,5097.0,0.0,-2.1640625,1.2425537,464.7859,19950.62,20000.502,1100.0834,562.77783,125.557884,110.25525,0.0,1.8284254,3.0,84.44519,28.778242,-1.8749976,-1.8749976,6.86,0.0,12.421875,0.9963379,0.0,0.0,0.0,0.0,0.0,0.80566406,0.80566406,77.97699,0.7812499,232.00122,286.1007,0.0,108.98921,99.90234,0.0,232.88216,234.65659,521.25,538.125,1.0471755,353.46875,64.0,429.09375,79.82713,64.99997,178.79639,0.0,111.35,298.90625,-1.2420654,2.4627686,56.56128,55.708313,2.2167969,111.3,111.38,109.59,109.51,0
10036.161,-0.01734861,3.0390759,1.2790335,1.6000364,101.602745,21.804527,13.613391,18.872753,365.7315,263.3041,315.518,1.191,9.319,31.197,42.436,0.0,94.93875,2.0,0.0,310.5,196.125,5131.0,0.0,-2.203125,1.2474976,466.64325,20019.076,20000.502,1100.0834,562.77783,124.51934,109.87374,0.0,1.7752403,3.0,83.862305,28.75756,-1.8749976,-1.8749976,6.888,0.0,12.5546875,0.99749756,0.0,0.0,0.0,0.0,0.0,0.8027344,0.8095703,78.089905,0.7812499,231.69057,286.6368,0.0,108.99029,99.90234,0.0,232.5671,234.47417,521.625,538.125,0.9939904,352.15625,64.0,427.28125,79.82713,64.99997,179.12598,0.0,111.93,299.25,-1.171875,2.5238037,56.451416,55.741882,2.2167969,112.13,111.95,110.14,110.1,0
10036.204,-0.013878888,2.9968805,1.2762226,1.6000788,101.602356,21.804527,13.607498,18.809917,362.18747,262.0231,315.518,1.242,9.319,31.197,42.436,0.0,94.89837,2.0,0.0,311.25,196.5,5156.0,0.0,-2.1015625,1.2532959,468.2767,19951.15,20000.502,1100.0834,562.77783,124.45575,109.36507,0.0,1.7326922,3.0,83.76007,28.738947,-1.4999981,-1.4999981,6.824,0.0,12.78125,1.0001831,0.0,0.0,0.0,0.0,0.0,0.8027344,0.81152344,78.089905,0.7812499,231.25706,286.68854,0.0,108.99126,99.90234,0.0,232.14418,234.30833,522.0,538.125,0.95144236,352.375,64.0,424.59375,79.82713,64.99997,179.31519,0.0,112.27,300.0625,-1.095581,3.4881592,56.243896,56.593323,2.2265625,112.38,112.43,110.23,110.48,0
10036.246,0.028896887,2.9987524,1.2741449,1.600121,101.602005,21.804527,13.597514,18.749939,364.21988,264.2089,315.518,1.279,9.319,31.197,42.436,0.0,94.86606,2.0,0.0,312.0,196.5,5170.0,0.0,-2.1640625,1.2550659,468.93176,19877.387,20000.502,1100.0834,565.16583,123.98946,108.07219,0.0,1.6986537,3.0,83.53577,28.647007,-1.4999981,-1.4999981,6.776,0.0,12.8125,1.0006104,0.0,0.0,0.0,0.0,0.0,0.8046875,0.81347656,78.089905,0.7812499,230.84329,286.68375,0.0,108.99213,99.90234,0.0,231.71303,234.15909,522.0,538.125,0.9174039,349.875,64.0,423.5,79.82713,64.99997,179.11987,0.0,112.91,300.1875,-1.0009766,3.9337158,56.20117,57.09076,2.2265625,112.87,112.87,110.95,110.82,0
10036.289,0.02311751,3.018251,1.2717309,1.6001636,101.60169,21.804527,13.590526,18.745548,366.1095,266.6584,315.518,1.321,9.319,31.197,42.436,0.0,94.84021,2.0,0.0,312.0,196.5,5191.0,0.0,-2.125,1.2579346,469.9931,20161.826,20000.502,1100.0834,565.16583,121.10698,108.11458,0.0,1.671423,3.0,82.06482,28.56426,-1.4999981,-1.4999981,6.748,0.0,12.4375,0.99902344,0.0,0.0,0.0,0.0,0.0,0.80566406,0.8046875,78.25775,0.7812499,230.81273,287.3044,0.0,108.99291,99.90234,0.0,231.27356,234.02641,522.375,538.125,0.89017314,345.65625,64.0,422.375,79.82713,64.99997,179.57153,0.0,113.33,299.71875,-0.8911133,4.6203613,56.28662,57.99713,2.2387695,113.45,113.54,111.3,111.26,0
10036.327,0.018494008,3.0260506,1.2760094,1.6002059,101.60141,21.804527,13.573915,18.900015,366.1837,267.94556,315.518,1.364,9.319,31.197,42.436,0.0,94.819534,2.0,0.0,310.5,196.5,5215.0,0.0,-2.0234375,1.2620239,471.54367,20068.43,20000.502,1100.0834,567.0232,121.467285,107.54232,0.0,1.4933884,3.0,82.23877,28.48979,-1.4999981,-1.4999981,6.784,0.0,12.0625,1.0037231,0.0,0.0,0.0,0.0,0.0,0.8076172,0.8066406,78.25775,0.7812499,231.87715,287.731,0.0,108.99362,99.90234,0.0,232.5256,233.86888,522.375,538.125,0.71213853,344.46875,64.0,420.875,79.82713,64.99997,180.60303,0.0,113.62,301.125,-0.79345703,0.5126953,55.963135,55.397034,2.2558594,113.73,113.86,111.6,111.6,0
10036.367,0.034795206,3.0104203,1.2643572,1.6002482,101.60116,21.804527,13.574006,18.67492,364.59464,267.60132,315.518,1.402,9.319,31.197,42.436,0.0,94.80299,2.0,0.0,310.5,196.5,5231.0,0.0,-1.9296875,1.2609863,471.15396,19860.406,20000.502,1100.0834,567.0232,124.45575,108.474884,0.0,1.5072107,3.0,83.5968,28.422766,-1.4999981,-1.4999981,6.772,0.0,11.9375,1.0057373,0.0,0.0,0.0,0.0,0.0,0.8027344,0.80859375,78.38287,0.7812499,230.32535,288.4295,0.0,108.994255,99.90234,0.0,231.23212,233.7362,522.75,538.125,0.72596085,343.6875,64.0,419.6875,79.82713,64.99997,179.60815,0.0,114.39,301.71875,-0.7080078,3.717041,55.841064,58.56476,2.2753906,114.36,114.17,112.21,111.98,0
10036.407,0.007836165,2.9854183,1.2632931,1.6002905,101.60093,21.804527,13.57407,18.67618,363.00195,267.09445,315.518,1.442,9.319,31.197,42.436,0.0,94.789764,2.0,0.0,309.375,196.5,5244.0,0.0,-1.90625,1.2647705,472.55527,19803.092,20000.502,1100.0834,567.0232,124.37097,107.64829,0.0,1.5182686,3.0,83.5556,28.362444,-1.4999981,-1.4999981,6.784,0.0,11.7578125,1.0029297,0.0,0.0,0.0,0.0,0.0,0.80371094,0.8095703,78.38287,0.7812499,230.3338,288.80606,0.0,108.99483,99.90234,0.0,231.23212,233.60355,522.75,538.125,0.7370187,344.90625,64.0,418.1875,79.82713,64.99997,180.01099,0.0,114.47,300.875,-0.61035156,3.4484863,55.999756,58.58307,2.3046875,114.77,114.68,112.34,112.47,0
10036.447,0.006268932,2.9566674,1.2638109,1.6003331,101.60072,21.804527,13.568255,18.700195,361.33817,267.28986,315.518,1.482,9.319,31.197,42.436,0.0,94.6288,2.0,0.0,311.25,196.875,5272.0,0.0,-1.875,1.2695312,474.34628,19819.543,20000.502,1100.0834,568.61523,125.66386,107.6271,0.0,1.3708649,3.0,84.10797,28.308155,-1.1249986,-1.1249986,6.696,0.0,11.9296875,1.0047607,0.0,0.0,0.0,0.0,0.0,0.80371094,0.8095703,78.38287,0.7812499,230.49913,289.00223,0.0,108.995346,99.90234,0.0,231.38966,233.47087,523.125,537.75,0.589615,344.4375,64.0,417.1875,79.82713,64.99997,180.79224,0.0,114.76,301.4375,-0.5371094,2.810669,55.85327,57.896423,2.3095703,114.77,115.01,112.87,112.74,0
10036.489,-0.014984854,2.945167,1.2754467,1.6003755,101.60054,21.804527,13.581763,18.969738,361.56387,268.42072,315.518,1.522,9.319,31.197,42.436,0.0,94.50003,2.0,0.0,307.875,196.875,5291.0,0.0,-1.9375,1.279602,478.09415,20082.227,20000.502,1100.0834,568.61523,122.82375,107.224396,0.0,1.2529418,3.0,82.65686,28.259295,-1.1249986,-1.1249986,6.788,0.0,12.34375,1.0053711,0.0,0.0,0.0,0.0,0.0,0.8046875,0.8046875,78.49579,0.7812499,232.35687,288.72437,0.0,108.99581,99.90234,0.0,232.97336,233.32991,523.125,538.125,0.471692,342.15625,64.0,415.28125,79.82713,64.99997,182.68433,0.0,115.45,301.625,-0.47912598,0.09460449,55.755615,55.18341,2.3095703,115.46,115.42,113.42,113.27,0
10036.525,-0.031987883,2.940567,1.2680649,1.6004179,101.60037,21.804527,13.573641,18.805727,361.58752,269.5037,315.518,1.564,9.319,31.197,42.436,0.0,94.39702,2.0,0.0,310.125,196.875,5312.0,0.0,-1.9609375,1.2849121,480.09247,19985.645,20000.502,1100.0834,570.47253,125.218765,108.70803,0.0,1.1586034,3.0,83.72955,28.21532,-1.1249986,-1.1249986,6.708,0.0,12.515625,1.0073853,0.0,0.0,0.0,0.0,0.0,0.8027344,0.8066406,78.49579,0.7812499,231.2262,289.04755,0.0,108.99623,99.90234,0.0,231.7545,233.19725,523.5,538.125,0.3773536,341.28125,64.0,414.28125,79.82713,64.99997,182.55005,0.0,115.9,302.21875,-0.42114258,2.8289795,55.596924,57.84149,2.3168945,116.08,115.97,113.5,113.67,0
10036.565,-0.0855903,2.938727,1.2724801,1.6004602,101.60022,21.804527,13.579674,18.972158,361.83478,270.75415,315.518,1.6,9.319,31.197,42.436,0.0,94.314606,2.0,0.0,307.125,196.875,5333.0,0.0,-2.0859375,1.2866211,480.72263,20109.291,20000.502,1100.0834,570.47253,122.03955,106.94886,0.0,1.0831327,3.0,82.19757,28.175743,-1.1249986,-1.1249986,6.768,0.0,12.1328125,1.0063477,0.0,0.0,0.0,0.0,0.0,0.8017578,0.8076172,78.62091,0.7812499,232.37325,289.61758,0.0,108.996605,99.90234,0.0,233.1641,233.05629,523.5,538.125,0.3018829,342.875,64.0,412.1875,79.82713,64.99997,183.54492,0.0,116.17,301.90625,-0.37841797,0.103759766,55.651855,55.26886,2.3144531,116.21,116.25,114.14,114.08,0
10036.605,-0.12847224,2.9379907,1.2658315,1.6004602,101.60008,21.804527,13.589756,18.825882,362.08273,271.34613,315.518,1.64,9.319,31.197,42.436,0.0,94.24867,2.0,0.0,306.75,196.875,5341.0,0.0,-2.1796875,1.2900391,481.4606,19968.13,20000.502,1100.0834,570.47253,125.00681,108.68684,0.0,1.0227562,3.0,83.62732,28.140123,-1.1249986,-1.1249986,6.764,0.0,11.703125,1.0070801,0.0,0.0,0.0,0.0,0.0,0.80078125,0.8046875,78.62091,0.7812499,231.36484,289.94345,0.0,108.99694,99.90234,0.0,231.87057,232.9319,523.875,538.125,0.24150632,339.875,64.0,411.375,79.82713,64.99997,183.01392,0.0,116.72,302.125,-0.35095215,0.80566406,55.584717,55.9433,2.3144531,116.69,116.73,114.62,114.54,0
10036.648,-0.18277779,2.9376965,1.2587402,1.6005026,101.59996,21.804527,13.585094,18.756971,362.0689,272.45343,315.518,1.68,9.319,31.197,42.436,0.0,94.19593,2.0,0.0,307.125,197.25,5363.0,0.0,-2.25,1.2919312,482.1488,20053.57,20000.502,1100.0834,572.0646,122.738976,107.28798,0.0,0.97445494,3.0,82.46307,28.108067,-0.74999905,-0.74999905,6.748,0.0,11.546875,1.0025024,0.0,0.0,0.0,0.0,0.0,0.8017578,0.8066406,78.62091,0.7812499,230.88972,290.6467,0.0,108.997246,99.90234,0.0,231.82083,232.80753,523.875,538.125,0.19320506,339.625,64.0,410.28125,79.82713,64.99997,182.61719,0.0,116.91,300.75,-0.32958984,0.64086914,55.85327,56.08673,2.3046875,117.07,117.2,114.72,114.87,0
10036.689,-0.22622223,2.9375787,1.2592827,1.600545,101.59985,21.804527,13.59941,18.792912,362.31168,273.65283,315.518,1.723,9.319,31.197,42.436,0.0,94.15373,2.0,0.0,307.125,197.25,5383.0,0.0,-2.296875,1.3000488,485.1753,20247.266,20000.502,1100.0834,572.0646,120.81025,107.83904,0.0,0.9358139,3.0,81.45294,28.079214,-0.74999905,-0.74999905,6.732,0.0,11.7265625,0.99694824,0.0,0.0,0.0,0.0,0.0,0.8027344,0.8046875,78.74756,0.7812499,231.13734,291.2441,0.0,108.99752,99.90234,0.0,231.66328,232.67487,524.25,538.5,0.15456405,340.09375,64.0,408.59375,79.82713,64.99997,183.21533,0.0,117.27,299.09375,-0.3326416,0.61035156,56.152344,56.38275,2.2949219,117.3,117.41,115.37,115.28,0
10036.716,-0.2809778,2.9187818,1.2617991,1.5983832,101.60058,21.804527,13.597712,18.877176,360.68726,273.28625,315.518,1.764,9.319,31.197,42.436,0.0,94.11998,2.0,0.0,309.0,197.25,5400.0,0.0,-2.296875,1.302063,485.3743,20102.922,20000.502,1100.0834,574.18726,120.70428,106.84289,0.0,0.90490115,3.0,81.40106,28.053247,-0.74999905,-0.74999905,6.64,0.0,11.9140625,0.9989624,0.0,0.0,0.0,0.0,0.0,0.7998047,0.8046875,78.74756,0.7812499,231.71889,291.0757,0.0,108.997765,99.90234,0.0,232.58368,232.57536,524.25,538.5,0.123651244,338.34375,64.0,407.78125,79.82713,64.99997,183.80127,0.0,117.54,299.6875,-0.3173828,0.28076172,56.011963,55.96466,2.3046875,118.08,117.94,115.7,115.65,0
10036.761,-0.34478223,2.8925128,1.2613437,1.5903716,101.601234,21.804527,13.596523,18.868216,358.91315,273.5032,315.518,1.791,9.319,31.197,42.436,0.0,94.09297,2.0,0.0,304.125,197.25,5431.0,0.0,-2.2265625,1.3118286,488.46713,20034.465,20000.502,1100.0834,574.18726,120.746666,106.33421,0.0,0.8801709,3.0,81.35071,28.029879,-0.74999905,-0.74999905,6.764,0.0,11.8828125,0.99780273,0.0,0.0,0.0,0.0,0.0,0.80371094,0.80371094,78.87268,0.7812499,231.65778,289.7805,0.0,108.997986,99.90234,0.0,232.65828,232.40123,524.625,538.5,0.09892099,338.9375,64.0,405.59375,79.82713,64.99997,184.51538,0.0,118.24,299.34375,-0.29907227,0.0,56.02417,55.622864,2.2949219,118.61,118.37,115.93,116.12,0
10036.804,-0.35582578,2.8820052,1.2583231,1.5696855,101.60182,21.804527,13.60155,18.850552,359.15146,274.69266,315.518,1.841,9.319,31.197,42.436,0.0,94.071365,2.0,0.0,305.25,197.25,5451.0,0.0,-2.1953125,1.3135986,489.13046,20105.045,20000.502,1100.0834,574.18726,120.81025,107.415146,0.0,0.86038667,3.0,81.29883,28.008846,-0.37499952,-0.74999905,6.724,0.0,11.3515625,1.0015259,0.0,0.0,0.0,0.0,0.0,0.80078125,0.7998047,78.87268,0.7812499,231.53662,286.77496,0.0,108.998184,99.90234,0.0,232.45927,232.25198,525.0,538.125,0.0791368,338.28125,64.0,403.875,79.82713,64.99997,184.41772,0.0,118.92,300.46875,-0.30212402,0.02746582,55.786133,55.384827,2.2998047,118.72,119.2,116.69,116.48,0
10036.847,-0.38466063,2.896552,1.250871,1.5679474,101.60318,21.804527,13.59335,18.69173,361.25186,276.50186,315.518,1.879,9.319,31.197,42.436,0.0,94.054085,2.0,0.0,306.0,197.625,5455.0,0.0,-2.1796875,1.3118896,488.492,20168.195,20000.502,1100.0834,576.0446,119.66573,107.47874,0.0,0.8445593,3.0,80.747986,27.989916,-0.37499952,-0.37499952,6.688,0.0,11.0703125,1.0021973,0.0,0.0,0.0,0.0,0.0,0.7998047,0.7998047,78.87268,0.7812499,230.44324,286.779,0.0,108.99837,99.90234,0.0,230.95847,232.12761,525.0,538.125,0.06330944,339.46875,64.0,403.09375,79.82713,64.99997,183.69751,0.0,119.15,300.65625,-0.25024414,2.243042,55.755615,57.62787,2.290039,119.27,118.99,117.11,117.02,0
10036.875,-0.4077285,2.902371,1.2568731,1.5676931,101.6044,21.804527,13.605189,18.848358,361.41492,276.576,315.518,1.922,9.319,31.197,42.436,0.0,94.04026,2.0,0.0,306.0,197.625,5454.0,0.0,-2.25,1.3118896,488.4837,20027.037,20000.502,1100.0834,576.0446,120.17441,106.736916,0.0,0.83189744,3.0,80.99213,27.97288,-0.37499952,-0.37499952,6.688,0.0,11.0703125,0.998291,0.0,0.0,0.0,0.0,0.0,0.80078125,0.7998047,79.01306,0.7812499,231.52408,286.69977,0.0,108.99853,99.90234,0.0,232.45927,232.06956,525.0,538.125,0.050647553,339.25,64.0,403.09375,79.82713,64.99997,184.33228,0.0,119.07,299.5,-0.24108887,-0.12817383,55.993652,55.52826,2.290039,119.1,119.31,117.31,117.26,0
10036.92,-0.40618283,2.8859484,1.244793,1.5751537,101.60467,21.804527,13.595898,18.629444,359.7501,277.2201,315.518,1.95,9.319,31.197,42.436,0.0,93.87882,2.0,0.0,304.5,197.25,5492.0,0.0,-2.25,1.3242188,491.4024,20109.82,20000.502,1100.0834,577.3713,120.02605,107.39395,0.0,0.8217679,3.0,80.83954,27.957546,-0.74999905,-0.74999905,6.7,0.0,11.2578125,0.9924927,0.0,0.0,0.0,0.0,0.0,0.80078125,0.80078125,79.01306,0.7812499,230.0154,289.00613,0.0,108.99867,99.90234,0.0,230.63512,231.92032,525.0,538.125,0.04051804,332.75,64.0,401.28125,79.82713,64.99997,183.70972,0.0,119.6,297.75,-0.23498535,1.1138916,56.262207,56.880188,2.2875977,119.71,119.9,117.98,117.77,0
10036.965,-0.38494626,2.8606296,1.2477258,1.570618,101.60491,21.804527,13.583534,18.676819,358.21735,277.09445,315.518,1.999,9.319,31.197,42.436,0.0,93.74967,2.0,0.0,304.5,197.25,5513.0,0.0,-2.1875,1.3287354,492.5301,20259.47,20000.502,1100.0834,577.3713,116.359344,106.48258,0.0,0.8136643,3.0,79.000854,27.943747,-0.74999905,-0.74999905,6.684,0.0,11.296875,0.9954834,0.0,0.0,0.0,0.0,0.0,0.79785156,0.7998047,79.096985,0.7812499,230.3422,288.0501,0.0,108.9988,99.90234,0.0,231.37308,231.79594,525.375,538.125,0.032414433,330.84375,64.0,399.875,79.82713,64.99997,184.43604,0.0,120.39,298.65625,-0.19836426,1.1657715,56.054688,56.669617,2.2851562,120.29,120.29,118.42,118.34,0
10037.007,-0.34795702,2.8317518,1.2425596,1.5645564,101.60513,21.804527,13.586598,18.713451,356.43582,276.5666,315.518,2.042,9.319,31.197,42.436,0.0,93.646355,2.0,0.0,308.625,197.25,5530.0,0.0,-2.25,1.3255005,491.3195,20027.566,20000.502,1100.0834,577.3713,115.76589,105.38045,0.0,0.8071814,3.0,78.715515,27.931328,-0.74999905,-0.74999905,6.54,0.0,10.8359375,0.99121094,0.0,0.0,0.0,0.0,0.0,0.796875,0.7998047,79.096985,0.7812499,230.59491,288.57272,0.0,108.998924,99.90234,0.0,231.61353,231.66327,525.375,538.125,0.025931546,331.53125,64.0,398.28125,79.82713,64.99997,184.47876,0.0,120.66,297.375,-0.17089844,0.13427734,56.33545,55.958557,2.290039,120.95,120.83,118.51,118.61,0
10037.045,-0.29836562,2.820201,1.2369046,1.5432342,101.60451,21.804527,13.582885,18.639446,356.63785,277.57404,315.518,2.082,9.319,31.197,42.436,0.0,93.5637,2.0,0.0,305.625,197.625,5547.0,0.0,-2.375,1.324585,491.55167,19945.844,20000.502,1100.0834,578.9633,116.168594,105.041336,0.0,0.8019951,3.0,78.826904,27.92015,-0.37499952,-0.37499952,6.612,0.0,10.6796875,0.99176025,0.0,0.0,0.0,0.0,0.0,0.7988281,0.7998047,79.104614,0.7812499,230.08418,285.43704,0.0,108.99903,99.90234,0.0,231.10773,231.5389,525.75,538.5,0.020745238,331.6875,64.0,396.78125,79.82713,64.99997,184.17358,0.0,120.92,297.53125,-0.1586914,0.35705566,56.30493,56.13861,2.2949219,121.17,121.31,119.06,118.97,0
10037.089,-0.2386925,2.8155804,1.2297316,1.5336967,101.60394,21.804527,13.592004,18.56965,356.73706,279.20294,315.518,2.12,9.319,31.197,42.436,0.0,93.497574,2.0,0.0,303.0,197.625,5578.0,0.0,-2.46875,1.3255005,491.87503,19904.451,20000.502,1100.0834,578.9633,117.334305,104.786995,0.0,0.7978461,3.0,79.31824,27.910091,-0.37499952,-0.37499952,6.652,0.0,10.671875,0.9962158,0.0,0.0,0.0,0.0,0.0,0.7988281,0.7998047,79.22363,0.7812499,229.60252,284.72232,0.0,108.99913,99.90234,0.0,230.72632,231.39793,525.75,538.5,0.01659619,328.96875,64.0,395.1875,79.82713,64.99997,184.25903,0.0,121.62,298.875,-0.119018555,2.0477295,56.030273,57.722473,2.290039,121.49,121.49,119.4,119.54,0
10037.126,-0.19095401,2.8137321,1.2316848,1.5312805,101.60343,21.804527,13.574949,18.661566,356.85617,279.79688,315.518,2.164,9.319,31.197,42.436,0.0,93.44467,2.0,0.0,305.25,197.625,5588.0,0.0,-2.6015625,1.324707,492.15695,19829.096,20000.502,1100.0834,580.8207,119.284225,105.25328,0.0,0.7945268,3.0,80.25665,27.901037,-0.37499952,-0.37499952,6.588,0.0,10.7734375,0.99823,0.0,0.0,0.0,0.0,0.0,0.8027344,0.7998047,79.22363,0.7812499,230.23557,284.65494,0.0,108.999214,99.90234,0.0,231.17407,231.26526,526.125,538.5,0.013276952,329.9375,64.0,393.59375,79.82713,64.99997,184.46045,0.0,121.99,299.46875,-0.09765625,0.0,55.914307,55.586243,2.2949219,122.17,121.99,119.67,119.8,0
10037.167,-0.15276322,2.812993,1.2272079,1.5263631,101.602974,21.804527,13.57473,18.5705,356.99945,280.71066,315.518,2.201,9.319,31.197,42.436,0.0,93.40235,2.0,0.0,305.25,197.625,5604.0,0.0,-2.6796875,1.3261719,492.68762,19996.787,20000.502,1100.0834,580.8207,118.1821,104.87177,0.0,0.7918714,3.0,79.644775,27.892889,-0.37499952,-0.37499952,6.576,0.0,10.8671875,1.0003052,0.0,0.0,0.0,0.0,0.0,0.8017578,0.7998047,79.356384,0.7812499,229.6074,284.06046,0.0,108.99929,99.90234,0.0,230.65169,231.14919,526.125,538.875,0.010621562,327.46875,64.0,392.375,79.82713,64.99997,184.27734,0.0,122.14,300.09375,-0.08544922,0.22277832,55.78003,55.522156,2.290039,122.03,122.36,120.36,120.03,0
10037.205,-0.12221058,2.8126974,1.2216249,1.5052956,101.60256,21.804527,13.574576,18.447577,357.25052,281.76022,315.518,2.242,9.319,31.197,42.436,0.0,93.3685,2.0,0.0,306.375,198.0,5621.0,0.0,-2.71875,1.3303833,493.69922,19883.225,20000.502,1100.0834,580.8207,119.41139,104.70222,0.0,0.7897471,3.0,80.23682,27.885555,0.0,0.0,6.516,0.0,10.5390625,0.998291,0.0,0.0,0.0,0.0,0.0,0.7998047,0.7998047,79.356384,0.7812499,228.7597,280.54794,0.0,108.99936,99.90234,0.0,229.88884,231.0331,526.125,538.875,0.008497249,328.9375,64.0,391.0,79.82713,64.99997,184.09424,0.0,122.69,299.5,-0.048828125,2.105713,55.877686,57.521057,2.2949219,122.58,122.53,120.6,120.56,0
10037.248,-0.09776846,2.793829,1.2163857,1.501523,101.602196,21.804527,13.574469,18.436422,355.37048,280.92566,315.518,2.28,9.319,31.197,42.436,0.0,93.341415,2.0,0.0,304.875,198.0,5634.0,0.0,-2.7265625,1.3253784,491.8336,19968.13,20000.502,1100.0834,582.41266,117.50387,103.578896,0.0,0.7880477,3.0,79.23584,27.878954,0.0,0.0,6.552,0.0,9.9765625,0.99798584,0.0,0.0,0.0,0.0,0.0,0.80078125,0.7998047,79.356384,0.7812499,228.68245,280.97733,0.0,108.99942,99.90234,0.0,229.75616,230.917,526.5,538.875,0.0067977994,326.59375,64.0,389.5,79.82713,64.99997,183.47168,0.0,123.08,299.40625,0.009155273,2.331543,55.926514,57.792664,2.290039,123.18,122.99,120.56,121.0,0
10037.285,-0.098214775,2.7862816,1.2190148,1.4971992,101.60186,21.804527,13.586112,18.540312,355.72754,281.9067,315.518,2.323,9.319,31.197,42.436,0.0,93.31975,2.0,0.0,306.375,198.0,5648.0,0.0,-2.796875,1.3275757,492.65448,20095.492,20000.502,1100.0834,582.41266,116.29576,103.66367,0.0,0.78668815,3.0,78.65448,27.873014,0.0,0.0,6.492,0.0,10.0625,0.9970703,0.0,0.0,0.0,0.0,0.0,0.8027344,0.7998047,79.46777,0.7812499,229.39821,280.54852,0.0,108.99947,99.90234,0.0,230.40294,230.8175,526.5,538.875,0.00543824,327.75,64.0,388.59375,79.82713,64.99997,184.16748,0.0,123.2,299.125,0.05493164,0.20446777,55.96924,55.802917,2.2998047,123.23,123.46,121.36,121.22,0
10037.327,-0.09857182,2.7645128,1.2135805,1.4908832,101.60239,21.804527,13.582544,18.43363,354.06396,281.63162,315.518,2.36,9.319,31.197,42.436,0.0,93.00166,2.0,0.0,305.625,198.0,5669.0,0.0,-2.765625,1.3304443,493.7241,20163.95,20000.502,1100.0834,583.7394,115.06647,103.74845,0.0,0.7856005,3.0,77.99072,27.867668,0.0,0.0,6.496,0.0,10.265625,0.9996948,0.0,0.0,0.0,0.0,0.0,0.7998047,0.7998047,79.46777,0.7812499,228.66339,279.71262,0.0,108.99953,99.90234,0.0,229.94687,230.70972,526.5,538.875,0.004350592,325.875,64.0,387.28125,79.82713,64.99997,184.10034,0.0,123.64,299.90625,0.0793457,0.43029785,55.792236,55.87616,2.2949219,123.46,123.79,121.86,121.63,0
10037.365,-0.15885746,2.7370553,1.2085241,1.4681627,101.60286,21.804527,13.580047,18.327597,352.34485,281.40128,315.518,2.402,9.319,31.197,42.436,0.0,92.74719,2.0,0.0,306.375,198.375,5692.0,0.0,-2.671875,1.3342285,495.1254,20219.14,20000.502,1100.0834,583.7394,113.75239,103.11261,0.0,0.7847304,3.0,77.35748,27.862856,0.37499952,0.37499952,6.452,0.0,10.640625,0.998291,0.0,0.0,0.0,0.0,0.0,0.80078125,0.7998047,79.5517,0.7812499,227.93298,275.88235,0.0,108.99957,99.90234,0.0,228.79434,230.57706,526.875,538.875,0.0034804735,328.0625,64.0,385.59375,79.82713,64.99997,183.95996,0.0,124.3,299.5,0.11291504,2.4414062,55.85327,57.92694,2.2998047,124.39,124.21,121.99,122.12,0
10037.407,-0.20708597,2.7073221,1.2009003,1.4628638,101.60329,21.804527,13.584158,18.24224,350.64645,280.97964,315.518,2.44,9.319,31.197,42.436,0.0,92.54362,2.0,0.0,307.875,198.375,5711.0,0.0,-2.515625,1.3314209,494.08066,20133.701,20000.502,1100.0834,583.7394,113.81597,103.324554,0.0,0.78403425,3.0,77.3056,27.858526,0.37499952,0.37499952,6.388,0.0,9.84375,1.0004883,0.0,0.0,0.0,0.0,0.0,0.80078125,0.7998047,79.5517,0.7812499,227.34506,275.9322,0.0,108.99961,99.90234,0.0,227.84908,230.44438,526.875,538.5,0.0027843788,325.875,64.0,383.6875,79.82713,64.99997,183.19092,0.0,124.48,300.15625,0.18920898,3.9672852,55.737305,59.449768,2.2973633,124.78,124.58,122.45,122.36,0
10037.447,-0.24566877,2.6954288,1.1957787,1.4555727,101.602844,21.804527,13.575316,18.23524,350.78372,282.17245,315.518,2.482,9.319,31.197,42.436,0.0,92.38076,2.0,0.0,306.75,198.375,5733.0,0.0,-2.5078125,1.3293457,493.3095,20006.871,20000.502,1100.0834,585.86206,112.671455,102.09526,0.0,0.78347737,3.0,76.683044,27.85463,0.37499952,0.37499952,6.412,0.0,9.5625,1.000061,0.0,0.0,0.0,0.0,0.0,0.80566406,0.7998047,79.559326,0.7812499,227.29637,275.7459,0.0,108.99965,99.90234,0.0,228.21393,230.3117,527.25,538.5,0.002227503,325.375,64.0,381.78125,79.82713,64.99997,183.27637,0.0,124.84,300.03125,0.28686523,3.8360596,55.773926,59.465027,2.3046875,124.91,125.06,123.05,122.76,0
10037.486,-0.25653502,2.6906717,1.1972969,1.4526055,101.60245,21.804527,13.580847,18.31269,350.96832,282.9119,315.518,2.522,9.319,31.197,42.436,0.0,92.25047,2.0,0.0,306.75,198.375,5745.0,0.0,-2.421875,1.3319092,494.27136,20218.61,20000.502,1100.0834,585.86206,111.505745,103.133804,0.0,0.7830319,3.0,76.12152,27.851122,0.37499952,0.37499952,6.396,0.0,9.484375,1.0032349,0.0,0.0,0.0,0.0,0.0,0.8076172,0.7998047,79.70581,0.7812499,227.82983,275.52936,0.0,108.99968,99.90234,0.0,229.04309,230.18733,527.25,538.5,0.0017820025,322.8125,64.0,380.78125,79.82713,64.99997,183.70972,0.0,125.51,300.96875,0.36315918,0.56152344,55.57251,56.059265,2.3144531,125.5,125.35,123.14,123.37,0
10037.516,-0.265228,2.7075186,1.191611,1.4510369,101.60209,21.804527,13.590577,18.254148,352.95435,284.7604,315.518,2.561,9.319,31.197,42.436,0.0,92.14624,2.0,0.0,305.25,198.375,5750.0,0.0,-2.3125,1.3303833,493.1271,19877.918,20000.502,1100.0834,587.1887,113.43446,102.24362,0.0,0.9389255,3.0,77.05078,27.847965,0.74999905,0.37499952,6.428,0.0,9.359375,0.998291,0.0,0.0,0.0,0.0,0.0,0.80566406,0.7998047,79.70581,0.7812499,227.42595,276.11218,0.0,108.99971,99.90234,0.0,228.728,230.11272,527.25,538.5,0.1576756,325.03125,64.0,380.1875,79.82713,64.99997,183.23975,0.0,125.46,299.5,0.39978027,0.7904053,55.877686,56.617737,2.3120117,125.69,125.78,123.56,123.41,0
10037.561,-0.2521824,2.6955075,1.1898797,1.444382,101.60177,21.804527,13.57981,18.218061,351.3136,284.47183,315.518,2.591,9.319,31.197,42.436,0.0,92.06286,2.0,0.0,306.0,198.75,5771.0,0.0,-2.25,1.329895,492.95297,20082.758,20000.502,1100.0834,587.1887,112.28995,102.70991,0.0,1.0636404,3.0,76.41754,27.845123,0.74999905,0.74999905,6.396,0.0,9.1953125,0.99957275,0.0,0.0,0.0,0.0,0.0,0.80371094,0.7998047,79.789734,0.7812499,227.17688,275.00183,0.0,108.99974,99.90234,0.0,228.39635,229.93858,527.625,538.125,0.28239048,321.59375,64.0,378.5,79.82713,64.99997,183.36182,0.0,125.89,299.875,0.45776367,1.2664795,55.804443,57.09076,2.3095703,125.88,126.22,124.11,123.88,0
10037.605,-0.2617459,2.6907032,1.1815509,1.4372182,101.60148,21.804527,13.583992,18.077225,351.5568,285.85263,315.518,2.642,9.319,31.197,42.436,0.0,91.996155,2.0,0.0,306.75,198.75,5795.0,0.0,-2.40625,1.3303833,493.13538,19786.111,20000.502,1100.0834,587.1887,113.837166,101.35344,0.0,1.1634122,3.0,77.0813,27.842566,0.74999905,0.74999905,6.356,0.0,9.5,1.0004272,0.0,0.0,0.0,0.0,0.0,0.8027344,0.7998047,79.789734,0.7812499,226.20583,274.50296,0.0,108.99976,99.90234,0.0,227.3184,229.76447,527.625,538.5,0.38216236,320.625,64.0,377.5,79.82713,64.99997,182.48291,0.0,126.3,300.125,0.5279541,3.5980225,55.74951,59.413147,2.3144531,126.26,126.26,124.45,124.45,0
10037.638,-0.26939672,2.6700315,1.178978,1.434166,101.60122,21.804527,13.569341,17.995264,349.65213,284.79453,315.518,2.68,9.319,31.197,42.436,0.0,91.94279,2.0,0.0,304.875,198.75,5805.0,0.0,-2.5703125,1.3340454,494.50354,20156.52,20000.502,1100.0834,588.78076,110.912285,101.84092,0.0,1.2432297,3.0,75.67139,27.765076,1.1249986,0.74999905,6.404,0.0,9.4453125,1.0025024,0.0,0.0,0.0,0.0,0.0,0.8046875,0.7998047,79.789734,0.7812499,225.64061,273.77103,0.0,108.99979,99.90234,0.0,226.08293,229.6152,528.0,538.5,0.46197987,319.96875,64.0,376.0,79.82713,64.99997,182.20825,0.0,126.38,300.75,0.6134033,5.267334,55.596924,61.03363,2.3242188,127.1,126.75,124.55,124.45,0
10037.683,-0.21551739,2.6805127,1.17842,1.3995337,101.60098,21.804527,13.576663,18.006903,351.76746,287.70206,315.518,2.713,9.319,31.197,42.436,0.0,91.90009,2.0,0.0,304.875,199.125,5829.0,0.0,-2.90625,1.3240967,491.36923,20054.63,20000.502,1100.0834,588.78076,111.654106,102.09526,0.0,1.3070838,3.0,75.95825,27.695335,1.1249986,1.1249986,6.372,0.0,9.28125,1.0004272,0.0,0.0,0.0,0.0,0.0,0.80371094,0.7998047,79.90875,0.7812499,225.7206,267.57712,0.0,108.99981,99.90234,0.0,226.92868,227.11938,528.0,538.875,0.5258339,324.84375,0.0,374.1875,79.82713,64.99997,183.05054,0.0,127.01,300.125,0.7598877,4.3670654,55.786133,60.44464,2.34375,127.34,127.34,125.16,125.06,0
10037.727,-0.15241392,2.6847053,1.1741956,1.3934721,101.60077,21.804527,13.564211,17.96574,351.90033,288.8476,315.518,2.765,9.319,31.197,42.436,0.0,91.86594,2.0,0.0,306.375,199.125,5850.0,0.0,-2.9375,1.3232422,491.05417,19958.58,20000.502,1100.0834,590.37274,112.24756,101.69256,0.0,1.3581669,3.0,76.24359,27.632568,1.1249986,1.1249986,6.316,0.0,8.6796875,1.0040283,0.0,0.0,0.0,0.0,0.0,0.80371094,0.7998047,79.90875,0.7812499,225.43666,267.05093,0.0,108.999825,99.90234,0.0,226.72969,226.97014,528.0,538.875,0.5769171,323.65625,0.0,372.59375,79.82713,64.99997,182.93457,0.0,127.44,301.21875,0.8239746,1.6479492,55.57251,57.66754,2.3583984,127.19,127.55,125.69,125.44,0
10037.767,-0.08193114,2.6863823,1.1723847,1.3891484,101.60058,21.804527,13.567213,18.009655,352.02054,289.58838,315.518,2.802,9.319,31.197,42.436,0.0,91.838615,2.0,0.0,305.625,199.125,5863.0,0.0,-2.7734375,1.3226318,490.8303,20020.668,20000.502,1100.0834,590.37274,111.442154,101.05672,0.0,1.3990335,3.0,75.77362,27.576078,1.1249986,1.1249986,6.328,0.0,8.625,1.0006104,0.0,0.0,0.0,0.0,0.0,0.8046875,0.7998047,80.03235,0.7812499,225.73917,267.01202,0.0,108.99984,99.90234,0.0,227.11111,226.8043,528.375,538.875,0.61778367,323.53125,0.0,371.59375,79.82713,64.99997,183.02612,0.0,128.06,300.1875,0.8392334,-0.24414062,55.786133,56.022644,2.368164,128.0,127.95,125.73,126.11,0
10037.805,-0.005544912,2.705803,1.1696651,1.3837224,101.60041,21.804527,13.581034,18.02871,353.9496,292.01956,315.518,2.842,9.319,31.197,42.436,0.0,91.81676,2.0,0.0,307.125,199.5,5880.0,0.0,-2.78125,1.3218994,490.54837,19761.701,20000.502,1100.0834,590.37274,113.37088,100.7176,0.0,1.4317268,3.0,76.70288,27.525238,1.4999981,1.4999981,6.268,0.0,8.65625,0.9932251,0.0,0.0,0.0,0.0,0.0,0.80371094,0.7998047,80.03235,0.7812499,225.87035,266.80563,0.0,108.999855,99.90234,0.0,227.18575,226.11609,528.375,538.875,0.65047693,325.90625,0.0,370.0,79.82713,64.99997,183.22754,0.0,128.4,297.96875,0.82092285,-1.5655518,56.237793,55.11017,2.368164,128.59,128.35,126.02,126.17,0
10037.837,0.07556407,2.713571,1.174174,1.3671058,101.60108,21.804527,13.584848,18.076902,354.25565,292.81885,315.518,2.88,9.319,31.197,42.436,0.0,91.648895,2.0,0.0,304.875,199.5,5891.0,0.0,-2.765625,1.3115845,486.72586,20058.877,20000.502,1100.0834,591.9648,111.2726,101.141495,0.0,1.4578815,3.0,75.61035,27.47948,1.4999981,1.4999981,6.328,0.0,8.7109375,0.99176025,0.0,0.0,0.0,0.0,0.0,0.80371094,0.7998047,80.02472,0.7812499,226.2032,262.9765,0.0,108.99987,99.90234,0.0,227.18575,223.53735,528.375,538.875,0.67663157,324.25,0.0,369.09375,79.82713,64.99997,183.47168,0.0,128.56,297.53125,0.7873535,-4.7943115,56.39038,51.896667,2.3632812,128.39,128.59,126.6,126.56,0
10037.875,0.16045125,2.7166786,1.1649151,1.3595179,101.601685,21.804527,13.610956,17.90505,354.10254,293.93442,315.518,2.912,9.319,31.197,42.436,0.0,91.5146,2.0,0.0,305.625,199.5,5916.0,0.0,-2.75,1.3117065,486.76733,20211.18,20000.502,1100.0834,591.9648,109.6406,101.22627,0.0,1.4788051,3.0,74.824524,27.4383,1.4999981,1.4999981,6.292,0.0,9.109375,0.9892578,0.0,0.0,0.0,0.0,0.0,0.8066406,0.7998047,80.14374,0.7812499,225.01924,262.35983,0.0,108.999886,99.90234,0.0,226.28194,222.98181,528.75,538.875,0.69755524,323.46875,0.0,367.6875,79.82713,64.99997,183.01392,0.0,128.91,296.78125,0.7171631,-3.338623,56.54297,53.416443,2.3120117,129.05,128.9,126.56,127.05,0
10037.92,0.24836099,2.6991715,1.1578472,1.3543888,101.6014,21.804527,13.599935,17.853298,352.37238,293.2893,315.518,2.95,9.319,31.197,42.436,0.0,91.40717,2.0,0.0,306.0,199.5,5932.0,0.0,-2.7578125,1.3078003,485.30798,20185.707,20000.502,1100.0834,593.5568,107.30917,99.975784,0.0,1.6517941,3.0,73.628235,27.401237,1.4999981,1.4999981,6.252,0.0,8.6328125,0.98205566,0.0,0.0,0.0,0.0,0.0,0.8076172,0.7998047,80.14374,0.7812499,224.66225,262.57452,0.0,108.99989,99.90234,0.0,225.95854,222.3931,528.75,538.875,0.8705442,322.90625,0.0,365.875,79.82713,64.99997,182.27539,0.0,129.65,294.625,0.6225586,-4.1900635,57.01294,53.056335,2.2705078,129.77,129.56,126.85,127.49,0
10037.965,0.31868878,2.6921687,1.1513653,1.3461653,101.60115,21.804527,13.598079,17.752182,352.5938,294.71042,315.518,3.002,9.319,31.197,42.436,0.0,91.32123,2.0,0.0,306.0,199.5,5957.0,0.0,-2.7265625,1.3048096,484.19687,20089.656,20000.502,1100.0834,593.5568,107.711876,99.74264,0.0,1.7901852,3.0,73.74115,27.367882,1.4999981,1.4999981,6.248,0.0,8.484375,0.9873047,0.0,0.0,0.0,0.0,0.0,0.80566406,0.7998047,80.27954,0.7812499,223.96501,261.64856,0.0,108.9999,99.90234,0.0,225.3118,221.9785,529.125,538.875,1.0089353,320.59375,0.0,364.59375,79.82713,64.99997,181.9397,0.0,130.04,296.1875,0.57373047,-3.8635254,56.707764,53.02887,2.2314453,130.28,130.18,127.64,127.39,0
10038.005,0.35495102,2.6518674,1.1461633,1.3242923,101.60092,21.804527,13.59678,17.676785,349.1605,293.11453,315.518,3.042,9.319,31.197,42.436,0.0,91.25247,2.0,0.0,304.875,199.875,5983.0,0.0,-2.7265625,1.289917,478.68286,20061.0,20000.502,1100.0834,593.5568,107.88143,99.59428,0.0,1.9008981,3.0,73.82355,27.33786,1.8749976,1.8749976,6.236,0.0,7.75,0.97052,0.0,0.0,0.0,0.0,0.0,0.8076172,0.7998047,80.27954,0.7812499,223.44507,258.03653,0.0,108.99991,99.90234,0.0,224.806,218.13113,529.125,538.875,1.1196482,321.875,0.0,362.0,79.82713,64.99997,181.5918,0.0,130.29,291.15625,0.48828125,-4.9957275,57.855225,52.62909,2.2167969,130.08,130.59,128.09,128.0,0
10038.048,0.3639608,2.6169972,1.1499792,1.3223423,101.600716,21.804527,13.584152,17.830667,347.34338,291.97897,315.518,3.08,9.319,31.197,42.436,0.0,91.197464,2.0,0.0,306.375,199.875,5991.0,0.0,-2.7265625,1.28479,477.30643,19816.36,20000.502,1100.0834,595.6795,108.36891,97.877495,0.0,1.9894685,3.0,73.98682,27.31084,1.8749976,1.8749976,6.204,0.0,7.6640625,0.97320557,0.0,0.0,0.0,0.0,0.0,0.8076172,0.7998047,80.27954,0.7812499,224.50557,258.01132,0.0,108.999916,99.90234,0.0,225.30348,218.14772,529.5,538.875,1.2082186,319.125,0.0,361.09375,79.82713,64.99997,182.03125,0.0,130.81,291.96875,0.32043457,-5.9936523,57.72705,51.420593,2.2167969,130.65,130.8,128.14,128.44,0
10038.089,0.29116866,2.603049,1.1449344,1.3178066,101.60053,21.804527,13.592891,17.737082,347.4442,292.64874,315.518,3.123,9.319,31.197,42.436,0.0,91.15346,2.0,0.0,307.5,199.875,6003.0,0.0,-2.6875,1.2835693,476.85867,19788.234,20000.502,1100.0834,595.6795,108.729225,97.77152,0.0,2.0603247,3.0,74.15924,27.286524,1.8749976,1.8749976,6.156,0.0,7.7109375,0.97509766,0.0,0.0,0.0,0.0,0.0,0.80859375,0.7998047,80.45654,0.7812499,223.8603,257.54962,0.0,108.99992,99.90234,0.0,224.66502,218.03163,529.5,538.875,1.2790748,319.0625,0.0,360.1875,79.82713,64.99997,181.53076,0.0,131.18,292.53125,0.17089844,-5.554199,57.62329,51.64337,2.2167969,131.21,131.17,128.39,128.44,0
10038.127,0.21293494,2.5787196,1.1332557,1.3119569,101.60119,21.804527,13.587289,17.38289,345.85657,291.84528,315.518,3.164,9.319,31.197,42.436,0.0,91.118256,2.0,0.0,304.875,199.875,6014.0,0.0,-2.5390625,1.2814331,476.07925,19966.01,20000.502,1100.0834,596.74084,109.15312,99.61547,0.0,2.1170096,3.0,74.36371,27.264639,1.8749976,1.8749976,6.22,0.0,7.8203125,0.980896,0.0,0.0,0.0,0.0,0.0,0.80859375,0.7998047,80.45654,0.7812499,221.41956,256.32642,0.0,108.99993,99.90234,0.0,222.8077,217.37659,529.5,538.5,1.3357599,319.21875,0.0,358.875,79.82713,64.99997,180.0476,0.0,131.24,294.28125,0.04272461,-4.3182373,57.27539,52.38495,2.211914,131.53,131.48,129.2,128.9,0
10038.167,0.15034796,2.550238,1.1281947,1.3015714,101.60178,21.804527,13.583367,17.25652,344.21548,291.32983,315.518,3.202,9.319,31.197,42.436,0.0,91.090096,2.0,0.0,305.25,199.875,6032.0,0.0,-2.3828125,1.276001,474.05606,19986.705,20000.502,1100.0834,596.74084,109.025955,99.21277,0.0,2.1623578,3.0,74.2218,27.244942,1.8749976,1.8749976,6.192,0.0,7.6328125,0.97528076,0.0,0.0,0.0,0.0,0.0,0.80566406,0.7998047,80.52826,0.7812499,220.54909,254.29489,0.0,108.99994,99.90234,0.0,221.90387,215.60214,529.5,538.5,1.3811079,317.375,0.0,356.78125,79.82713,64.99997,179.56543,0.0,131.47,292.59375,-0.07019043,-4.6844482,57.666016,52.241516,2.211914,131.33,131.8,129.41,129.46,0
10038.207,0.080278374,2.5388453,1.1222476,1.2959337,101.60232,21.804527,13.592341,17.159979,344.19934,291.9923,315.518,3.242,9.319,31.197,42.436,0.0,91.067566,2.0,0.0,306.375,199.875,6046.0,0.0,-2.28125,1.2717896,472.48892,19795.133,20000.502,1100.0834,596.74084,109.95852,98.49215,0.0,2.3548863,3.0,74.67041,27.227215,1.8749976,1.8749976,6.144,0.0,6.8046875,0.9744873,0.0,0.0,0.0,0.0,0.0,0.8046875,0.7998047,80.52826,0.7812499,219.88419,253.84981,0.0,108.99995,99.90234,0.0,221.20738,215.17097,529.5,538.5,1.5736364,317.625,0.0,355.1875,79.82713,64.99997,178.94897,0.0,131.85,292.34375,-0.19226074,-4.35791,57.74536,52.4765,2.2070312,131.74,131.69,129.51,130.02,0
10038.248,0.0042227022,2.5155382,1.1198114,1.2805463,101.60363,21.804527,13.592764,17.13612,342.58582,290.86386,315.518,3.282,9.319,31.197,42.436,0.0,91.049545,2.0,0.0,304.875,199.875,6051.0,0.0,-2.2734375,1.2591553,467.80408,19904.982,20000.502,1100.0834,598.0675,108.75042,98.322586,0.0,2.508909,3.0,73.69995,27.21126,1.8749976,1.8749976,6.18,0.0,6.75,0.9598999,0.0,0.0,0.0,0.0,0.0,0.80566406,0.7998047,80.52826,0.7812499,219.72104,251.19135,0.0,108.999954,99.90234,0.0,221.00838,212.58395,529.5,538.5,1.7276591,316.96875,0.0,354.375,79.82713,64.99997,178.8086,0.0,132.4,287.96875,-0.4486084,-7.897949,58.770752,49.47357,2.2094727,132.48,132.17,129.96,129.96,0
10038.286,-0.096621834,2.5062153,1.1164031,1.2748235,101.60481,21.804527,13.604778,17.068098,342.85147,291.6667,315.518,3.323,9.319,31.197,42.436,0.0,91.035126,2.0,0.0,307.875,199.875,6063.0,0.0,-2.390625,1.2588501,467.15732,20102.922,20000.502,1100.0834,598.0675,107.2032,98.2802,0.0,2.6321273,3.0,72.95532,27.196901,2.2499971,1.8749976,6.088,0.0,6.6875,0.96154785,0.0,0.0,0.0,0.0,0.0,0.8027344,0.7998047,80.62439,0.7812499,219.25336,250.27216,0.0,108.999954,99.90234,0.0,220.56062,212.27715,529.5,538.5,1.8508773,315.625,0.0,353.375,79.82713,64.99997,178.4851,0.0,132.38,288.46875,-0.72021484,-7.293701,58.666992,49.69635,2.199707,132.71,132.71,130.85,130.44,0
10038.316,-0.15729746,2.5024862,1.1131538,1.2508311,101.606705,21.804527,13.607329,17.014107,342.8865,292.85114,315.518,3.361,9.319,31.197,42.436,0.0,91.02359,2.0,0.0,304.875,200.25,6087.0,0.0,-3.0703125,1.2475586,462.9534,19883.225,20000.502,1100.0834,599.39417,109.2379,98.174225,0.0,2.7307017,3.0,73.54736,27.183979,2.2499971,2.2499971,6.156,0.0,6.734375,0.9369507,0.0,0.0,0.0,0.0,0.0,0.80371094,0.7998047,80.62439,0.7812499,218.88309,245.84293,0.0,108.999954,99.90234,0.0,220.03824,208.33028,529.5,538.875,1.9494518,316.09375,0.0,351.1875,79.82713,64.99997,178.38135,0.0,132.83,281.09375,-0.9857178,-11.590576,60.339355,46.531677,2.1923828,132.65,132.6,130.7,131.01,0
10038.361,-0.14583796,2.4634948,1.108993,1.2417173,101.608406,21.804527,13.614974,16.85333,339.15234,290.56604,315.518,3.391,9.319,31.197,42.436,0.0,91.01436,2.0,0.0,303.0,200.25,6106.0,0.0,-2.7578125,1.2475586,462.9534,20020.668,20000.502,1100.0834,599.39417,108.0298,97.62316,0.0,2.8095613,3.0,72.96448,27.172348,2.2499971,2.2499971,6.176,0.0,6.8671875,0.93341064,0.0,0.0,0.0,0.0,0.0,0.8046875,0.7998047,80.73578,0.7812499,217.77658,243.75081,0.0,108.999954,99.90234,0.0,219.14272,207.12798,529.5,538.875,2.0283115,315.09375,0.0,348.5,79.82713,64.99997,178.04565,0.0,133.28,280.03125,-1.6326904,-13.314819,60.565186,44.41681,2.1044922,133.13,133.28,131.01,131.21,0
10038.405,-0.15667036,2.466648,1.1047109,1.2352741,101.60994,21.804527,13.614466,16.743832,341.17438,292.9686,315.518,3.44,9.319,31.197,42.436,0.0,91.00697,2.0,0.0,304.875,200.25,6120.0,0.0,-2.7734375,1.2379761,459.40454,20273.268,20000.502,1100.0834,599.39417,105.48643,97.66555,0.0,2.8726492,3.0,71.35162,27.16188,2.2499971,2.2499971,6.108,0.0,6.9765625,0.94311523,0.0,0.0,0.0,0.0,0.0,0.8046875,0.7998047,80.73578,0.7812499,217.02335,242.53424,0.0,108.999954,99.90234,0.0,218.42964,206.14125,529.5,538.875,2.0913992,313.59375,0.0,346.1875,79.82713,64.99997,177.69165,0.0,133.8,282.9375,-2.0812988,-13.40332,60.028076,43.385315,2.0214844,133.75,133.6,131.59,131.27,0
10038.447,-0.16533628,2.4679093,1.0985225,1.2301027,101.612144,21.804527,13.61411,16.634209,341.3456,293.88196,315.518,3.48,9.319,31.197,42.436,0.0,91.00107,2.0,0.0,307.875,200.25,6136.0,0.0,-2.7890625,1.2289429,456.0464,20142.723,20000.502,1100.0834,600.7209,104.3631,96.58462,0.0,2.923119,3.0,70.80994,27.15246,2.2499971,2.2499971,6.02,0.0,6.375,0.9500122,0.0,0.0,0.0,0.0,0.0,0.8046875,0.7998047,80.73578,0.7812499,216.26993,241.98114,0.0,108.999954,99.90234,0.0,217.5839,205.54425,529.5,538.875,2.1418693,312.875,0.0,345.0,79.82713,64.99997,176.7273,0.0,133.84,285.0,-2.468872,-13.082886,59.661865,42.982483,1.9677734,134.17,134.01,132.12,131.65,0
10038.489,-0.15226902,2.4684138,1.089005,1.2072123,101.61413,21.804527,13.61972,16.495478,341.71365,295.1098,315.518,3.522,9.319,31.197,42.436,0.0,90.996346,2.0,0.0,307.875,200.25,6155.0,0.0,-2.7578125,1.1990967,444.9686,20006.34,20000.502,1100.0834,600.7209,104.108765,95.991165,0.0,2.9634953,3.0,70.29877,27.143982,2.2499971,2.2499971,5.996,0.0,5.3671875,0.9609375,0.0,0.0,0.0,0.0,0.0,0.80859375,0.7998047,80.83954,0.7812499,215.31566,238.51129,0.0,108.999954,99.90234,0.0,216.62204,202.20267,529.5,538.875,2.1822455,309.65625,0.0,342.28125,79.82713,64.99997,175.67139,0.0,134.08,288.28125,-2.8198242,-14.538574,59.197998,40.748596,1.9482422,134.06,134.39,132.37,132.33,0
10038.526,-0.14181522,2.4686155,1.0782697,1.2018288,101.616745,21.804527,13.60607,16.313456,341.63843,295.6201,315.518,3.564,9.319,31.197,42.436,0.0,90.84219,2.0,0.0,307.125,200.25,6167.0,0.0,-2.75,1.1881104,440.90564,19993.074,20000.502,1100.0834,602.31287,103.07022,94.84664,0.0,3.1520462,3.0,69.79828,27.13635,2.2499971,2.2499971,6.0,0.0,4.7734375,0.9707031,0.0,0.0,0.0,0.0,0.0,0.8076172,0.7998047,80.83954,0.7812499,214.06361,238.40578,0.0,108.999954,99.90234,0.0,215.3368,202.0617,529.5,538.875,2.3707964,304.59375,0.0,340.28125,79.82713,64.99997,174.04175,0.0,134.7,291.21875,-3.1707764,-14.035034,58.63037,40.351868,1.9165039,134.61,134.67,132.33,132.65,0
10038.555,-0.113452174,2.4499464,1.0701103,1.2005571,101.6191,21.804527,13.6082325,16.084593,339.99286,294.4824,315.518,3.601,9.319,31.197,42.436,0.0,90.71887,2.0,0.0,309.0,200.25,6173.0,0.0,-2.7421875,1.1831055,439.0317,19963.355,20000.502,1100.0834,602.31287,102.94305,94.76186,0.0,3.302887,3.0,69.73724,27.129482,2.2499971,2.2499971,5.948,0.0,4.5625,0.97979736,0.0,0.0,0.0,0.0,0.0,0.80566406,0.7998047,80.96771,0.7812499,212.48845,238.18509,0.0,108.999954,99.90234,0.0,213.54579,201.94563,529.5,538.875,2.5216372,303.0625,0.0,339.875,79.82713,64.99997,172.7356,0.0,134.73,293.9375,-3.3996582,-12.686157,58.05664,40.922546,1.9042969,135.22,135.03,133.19,132.77,0
10038.6,-0.15076174,2.4237285,1.0620211,1.1953856,101.62122,21.804527,13.615606,15.918129,338.09442,293.69196,315.518,3.63,9.319,31.197,42.436,0.0,90.62021,2.0,0.0,307.125,200.625,6191.0,0.0,-2.6640625,1.1797485,437.307,20102.393,20000.502,1100.0834,602.31287,102.37079,94.422745,0.0,3.4235597,3.0,69.07349,27.1233,2.6249967,2.6249967,5.984,0.0,4.125,0.98217773,0.0,0.0,0.0,0.0,0.0,0.80566406,0.7998047,80.96771,0.7812499,211.34315,237.65514,0.0,108.999954,99.90234,0.0,212.51762,201.53934,529.5,538.875,2.64231,301.28125,0.0,337.78125,79.82713,64.99997,171.61255,0.0,135.29,294.65625,-3.7841797,-11.862183,57.91626,41.215515,1.8847656,135.58,135.29,133.46,132.98,0
10038.645,-0.1606094,2.3757415,1.056095,1.1766493,101.62396,21.804527,13.603189,15.827643,334.459,291.7072,315.518,3.68,9.319,31.197,42.436,0.0,90.54128,2.0,0.0,310.5,200.625,6216.0,0.0,-2.6796875,1.1637573,431.37842,19938.414,20000.502,1100.0834,603.1089,103.36694,93.65974,0.0,3.5200977,3.0,69.16504,27.117739,2.6249967,2.6249967,5.88,0.0,3.75,0.9864502,0.0,0.0,0.0,0.0,0.0,0.80566406,0.7998047,80.96771,0.7812499,210.72218,234.57336,0.0,108.999954,99.90234,0.0,211.87088,199.30057,529.5,538.5,2.738848,298.3125,0.0,335.875,79.82713,64.99997,171.50879,0.0,135.42,295.9375,-4.18396,-13.314819,57.739258,39.118958,1.8725586,135.61,135.73,133.58,133.75,0
10038.69,-0.18848751,2.3377967,1.0481302,1.1646109,101.62643,21.804527,13.612076,15.61075,332.468,290.62375,315.518,3.723,9.319,31.197,42.436,0.0,90.47814,2.0,0.0,310.125,200.625,6230.0,0.0,-2.5703125,1.1506348,426.02194,20334.295,20000.502,1100.0834,603.1089,99.44591,93.53257,0.0,3.5973282,3.0,67.276,27.112732,2.6249967,2.6249967,5.868,0.0,3.6640625,0.9854126,0.0,0.0,0.0,0.0,0.0,0.80566406,0.7998047,81.0318,0.7812499,209.22963,232.34726,0.0,108.999954,99.90234,0.0,210.45299,196.92082,529.5,538.5,2.8160784,298.78125,0.0,332.78125,79.82713,64.99997,170.8374,0.0,135.94,295.625,-4.5776367,-13.891602,57.904053,38.246155,1.8701172,135.84,135.92,133.68,133.91,0
10038.725,-0.19079003,2.3038688,1.0421109,1.1584643,101.627815,21.804527,13.6007185,15.45232,330.53894,289.72592,315.518,3.765,9.319,31.197,42.436,0.0,90.42763,2.0,0.0,312.375,200.625,6247.0,0.0,-2.671875,1.152832,426.3619,19439.582,20000.502,1100.0834,604.7009,107.24559,92.74836,0.0,3.6591125,3.0,70.64667,27.108227,2.6249967,2.6249967,5.8,0.0,3.671875,0.9848633,0.0,0.0,0.0,0.0,0.0,0.8027344,0.7998047,81.0318,0.7812499,208.13898,231.18784,0.0,108.999954,99.90234,0.0,209.30042,196.67207,529.5,538.5,2.8778627,293.21875,0.0,331.78125,79.82713,64.99997,169.98901,0.0,136.49,295.46875,-5.0354004,-13.995361,57.928467,37.69684,1.8505859,136.38,136.23,133.91,133.95,0
10038.768,-0.15263203,2.2902975,1.0349492,1.1538862,101.62907,21.804527,13.592769,15.197057,330.81116,290.52155,315.518,3.8,9.319,31.197,42.436,0.0,90.387215,2.0,0.0,310.125,200.625,6259.0,0.0,-2.71875,1.1412354,422.06677,20205.342,20000.502,1100.0834,604.7009,100.03937,91.709816,0.0,3.70854,3.0,67.17377,27.104172,2.6249967,2.6249967,5.832,0.0,3.6484375,0.9918823,0.0,0.0,0.0,0.0,0.0,0.8095703,0.7998047,81.15997,0.7812499,206.38072,229.89268,0.0,108.999954,99.90234,0.0,207.55916,195.2376,529.5,538.875,2.9272902,291.5625,0.0,329.28125,79.82713,64.99997,169.1101,0.0,136.77,297.5625,-5.36499,-12.384033,57.51953,38.575745,1.8041992,136.93,136.73,134.68,134.39,0
10038.805,-0.14210562,2.266119,1.0272152,1.1547763,101.63019,21.804527,13.593063,15.083205,329.02884,289.74112,315.518,3.843,9.319,31.197,42.436,0.0,90.35489,2.0,0.0,310.875,201.0,6276.0,0.0,-2.6484375,1.1404419,421.30392,19521.836,20000.502,1100.0834,604.7009,106.65214,90.71366,0.0,3.7480822,3.0,69.97223,27.100521,2.9999962,2.9999962,5.796,0.0,3.03125,0.98516846,0.0,0.0,0.0,0.0,0.0,0.80371094,0.7998047,81.15997,0.7812499,205.59708,230.96602,0.0,108.999954,99.90234,0.0,206.08324,195.04689,529.5,538.875,2.9668322,289.1875,0.0,327.875,79.82713,64.99997,168.70728,0.0,136.8,295.5625,-5.7037354,-12.127686,57.989502,38.926697,1.7944336,136.91,137.08,134.84,134.84,0
10038.847,-0.1536845,2.2376976,1.0211525,1.1448996,101.63036,21.804527,13.599129,14.91606,327.0359,288.3991,315.518,3.88,9.319,31.197,42.436,0.0,90.329025,2.0,0.0,311.25,201.0,6285.0,0.0,-2.6171875,1.1330566,418.10333,20465.371,20000.502,1100.0834,606.2929,98.59812,91.15875,0.0,3.7797155,3.0,66.09192,27.097237,2.9999962,2.9999962,5.776,0.0,3.0390625,0.99176025,0.0,0.0,0.0,0.0,0.0,0.80566406,0.7998047,81.15997,0.7812499,204.44514,229.01254,0.0,108.999954,99.90234,0.0,205.6935,194.32552,529.5,538.5,2.9984658,287.0625,0.0,326.375,79.82713,64.99997,168.34717,0.0,137.13,297.53125,-6.0302734,-12.734985,57.580566,37.5412,1.796875,136.91,137.39,134.95,135.43,0
10038.892,-0.1629476,2.226329,1.0180621,1.1386683,101.63052,21.804527,13.609234,14.829566,327.13934,288.90347,315.518,3.922,9.319,31.197,42.436,0.0,90.308334,2.0,0.0,316.875,201.0,6294.0,0.0,-2.6796875,1.1300049,416.5113,20005.809,20000.502,1100.0834,606.2929,102.81588,91.13756,0.0,3.8050227,3.0,68.12439,27.09428,2.9999962,2.9999962,5.616,0.0,2.9296875,0.9957886,0.0,0.0,0.0,0.0,0.0,0.8017578,0.7998047,81.28815,0.7812499,203.8491,227.8299,0.0,108.999954,99.90234,0.0,205.12138,193.71191,529.5,538.875,3.0237727,283.1875,0.0,325.375,79.82713,65.199974,167.63306,0.0,137.54,298.75,-6.399536,-12.481689,57.32422,37.132263,1.7871094,137.44,137.34,135.17,135.22,0
10038.917,-0.17035809,2.2217817,1.0094216,1.135913,101.629845,21.804527,13.610448,14.627025,327.32925,289.7601,315.518,3.967,9.319,31.197,42.436,0.0,90.29178,2.0,0.0,315.75,201.0,6309.0,0.0,-2.6875,1.1241455,413.8828,20171.91,20000.502,1100.0834,607.0889,99.12799,90.41693,0.0,3.9815183,3.0,65.95917,27.09162,2.9999962,2.9999962,5.648,0.0,2.5,1.0041504,0.0,0.0,0.0,0.0,0.0,0.8095703,0.7998047,81.28815,0.7812499,202.45233,227.62825,0.0,108.999954,99.90234,0.0,203.62886,193.48804,529.5,538.875,3.2002683,282.15625,0.0,324.0,79.82713,65.379974,166.43066,0.0,137.49,301.25,-6.655884,-11.676025,56.7688,37.12616,1.7919922,137.86,137.75,135.92,135.56,0
10038.962,-0.19628648,2.2012126,1.0055133,1.1321404,101.629234,21.804527,13.605438,14.478465,325.571,288.93457,315.518,3.992,9.319,31.197,42.436,0.0,90.278534,2.0,0.0,315.375,201.375,6325.0,0.0,-2.5546875,1.119873,411.85135,20021.2,20000.502,1100.0834,607.0889,100.166534,90.86202,0.0,4.1227145,3.0,66.459656,27.089226,3.3749957,3.3749957,5.64,0.0,2.3671875,1.0004272,0.0,0.0,0.0,0.0,0.0,0.8066406,0.7998047,81.35986,0.7812499,201.42772,226.51068,0.0,108.999954,99.90234,0.0,202.02026,191.56436,529.5,538.5,3.3414648,282.28125,0.0,322.28125,79.82713,65.54198,166.26587,0.0,138.08,300.125,-7.1533203,-11.547852,57.055664,36.946106,1.7822266,138.27,138.27,136.28,136.07,0
10039.007,-0.2170292,2.174235,0.99598235,1.1231538,101.628685,21.804527,13.601932,14.276427,323.50858,288.3298,315.518,4.042,9.319,31.197,42.436,0.0,90.267944,2.0,0.0,313.875,201.375,6352.0,0.0,-2.5390625,1.1156616,410.30078,20108.76,20000.502,1100.0834,607.0889,100.18773,89.97185,0.0,4.2356715,3.0,66.08124,27.08707,3.3749957,3.3749957,5.656,0.0,2.59375,1.0054932,0.0,0.0,0.0,0.0,0.0,0.8066406,0.7998047,81.35986,0.7812499,200.03455,225.36034,0.0,108.999954,99.90234,0.0,200.86772,191.34877,529.5,538.5,3.4544218,277.28125,0.0,319.0,79.82713,65.68778,165.2649,0.0,138.39,301.65625,-7.4645996,-10.256958,56.726074,37.64496,1.784668,138.37,138.68,136.28,136.38,0
10039.047,-0.23362337,2.163444,1.0026686,1.1150573,101.62736,21.804527,13.599477,14.476704,323.5249,288.7529,315.518,4.082,9.319,31.197,42.436,0.0,90.25947,2.0,0.0,317.25,201.75,6361.0,0.0,-2.4921875,1.1066895,406.54462,20492.967,20000.502,1100.0834,608.9463,93.257034,89.336,0.0,4.3260374,3.0,62.74109,27.08513,3.7499952,3.7499952,5.552,0.0,2.65625,1.0067749,0.0,0.0,0.0,0.0,0.0,0.80078125,0.7998047,81.35986,0.7812499,201.4137,223.79189,0.0,108.999954,99.90234,0.0,202.21927,189.98892,529.5,538.5,3.5447874,274.15625,0.0,317.28125,79.82713,65.81901,165.979,0.0,138.66,302.03125,-7.8674316,-12.814331,56.689453,34.64203,1.7797852,138.47,138.74,136.38,136.74,0
10039.09,-0.28689867,2.1591277,0.9902278,1.1194234,101.62617,21.804527,13.609477,14.123117,323.67578,289.0692,315.518,4.122,9.319,31.197,42.436,0.0,90.252686,2.0,0.0,319.125,201.75,6365.0,0.0,-2.6796875,1.1064453,406.4617,20157.05,20000.502,1100.0834,608.9463,93.998856,88.84852,0.0,4.3983297,3.0,63.098145,27.083385,3.7499952,3.7499952,5.496,0.0,2.6015625,1.0060425,0.0,0.0,0.0,0.0,0.0,0.8017578,0.7998047,81.50482,0.7812499,198.97528,224.61685,0.0,108.999954,99.90234,0.0,200.03023,189.87283,529.5,538.5,3.61708,273.0,0.0,316.59375,79.82713,65.93711,164.73389,0.0,138.99,301.8125,-8.215332,-11.169434,56.73828,35.96344,1.7602539,138.94,138.68,136.74,136.62,0
10039.127,-0.30951893,2.157401,0.9862701,1.1159475,101.62592,21.804527,13.5989,14.066221,323.95108,289.76962,315.518,4.165,9.319,31.197,42.436,0.0,90.24726,2.0,0.0,318.375,201.75,6375.0,0.0,-2.6875,1.1001587,403.68396,20347.562,20000.502,1100.0834,609.477,90.48052,87.85236,0.0,4.456164,3.0,61.01532,27.081814,3.7499952,3.7499952,5.512,0.0,2.3671875,1.0115356,0.0,0.0,0.0,0.0,0.0,0.81152344,0.7998047,81.50482,0.7812499,198.58286,224.09557,0.0,108.999954,99.90234,0.0,199.64882,189.63237,529.5,538.875,3.6749141,268.875,0.0,315.09375,79.82713,66.0434,164.15405,0.0,139.22,303.46875,-8.682251,-11.309814,56.384277,34.97162,1.7382812,139.41,139.05,137.44,137.08,0
10039.168,-0.32761514,2.1192105,0.9779907,1.114591,101.6257,21.804527,13.5914955,13.888921,320.215,286.69733,315.518,4.202,9.319,31.197,42.436,0.0,90.24292,2.0,0.0,320.625,201.75,6381.0,0.0,-2.6171875,1.0958252,402.09195,19556.33,20000.502,1100.0834,609.477,97.11449,87.576836,0.0,4.6586814,3.0,64.212036,27.0804,3.7499952,3.7499952,5.452,0.0,1.8046875,1.0146484,0.0,0.0,0.0,0.0,0.0,0.8046875,0.7998047,81.544495,0.7812499,197.36052,224.68425,0.0,108.999954,99.90234,0.0,197.84122,189.69872,529.5,538.875,3.8774314,266.875,0.0,315.0,79.82713,66.13906,163.25073,0.0,139.25,304.40625,-8.886719,-6.6955566,56.188965,39.216614,1.7407227,139.52,139.37,137.67,137.8,0
10039.207,-0.3020921,2.0851843,0.98188037,1.1154388,101.6255,21.804527,13.586312,13.961521,317.96426,285.48526,315.518,4.243,9.319,31.197,42.436,0.0,90.23945,2.0,0.0,317.625,201.75,6399.0,0.0,-2.6328125,1.0979614,402.4236,20232.406,20000.502,1100.0834,609.477,91.752205,87.00458,0.0,4.820695,3.0,61.628723,27.079128,3.7499952,3.7499952,5.512,0.0,1.9375,1.0193481,0.0,0.0,0.0,0.0,0.0,0.80859375,0.7998047,81.544495,0.7812499,197.86075,224.42767,0.0,108.999954,99.90234,0.0,198.84451,189.62408,529.5,538.875,4.039445,262.90625,0.0,313.0,79.82713,66.22516,163.74512,0.0,139.55,305.8125,-9.170532,-7.7209473,55.83496,37.55951,1.7529297,139.41,139.73,137.61,138.05,0
10039.237,-0.2416737,2.0903237,0.97521675,1.1128956,101.6245,21.804527,13.570966,13.781432,320.26193,288.1773,315.518,4.282,9.319,31.197,42.436,0.0,90.23667,2.0,0.0,320.625,201.75,6413.0,0.0,-2.6796875,1.098877,402.32413,19586.578,20000.502,1100.0834,610.5383,99.70025,87.78878,0.0,4.950306,3.0,65.06958,27.077982,3.7499952,3.7499952,5.428,0.0,2.015625,1.0216675,0.0,0.0,0.0,0.0,0.0,0.80371094,0.7998047,81.544495,0.7812499,196.61841,224.06758,0.0,108.999954,99.90234,0.0,197.71684,189.38362,529.5,538.5,4.169056,263.34375,0.0,311.28125,79.82713,66.30264,163.09814,0.0,139.86,306.5,-9.347534,-7.0617676,55.664062,37.8891,1.7578125,140.0,139.73,138.11,138.01,0
10039.282,-0.15333897,2.0923796,0.96214837,1.10925,101.62359,21.804527,13.577801,13.469959,320.45276,288.88858,315.518,4.312,9.319,31.197,42.436,0.0,90.23445,2.0,0.0,321.75,201.75,6425.0,0.0,-2.5546875,1.098877,401.87637,20116.72,20000.502,1100.0834,610.5383,93.59615,87.66161,0.0,5.0539947,3.0,62.12921,27.076952,3.7499952,3.7499952,5.384,0.0,2.1171875,1.0167847,0.0,0.0,0.0,0.0,0.0,0.80566406,0.7998047,81.632996,0.7812499,194.47055,223.82773,0.0,108.999954,99.90234,0.0,195.52782,189.1017,529.5,538.5,4.2727447,260.5625,0.0,310.6875,79.82713,66.37238,161.78589,0.0,140.39,305.03125,-9.585571,-3.552246,56.011963,41.48407,1.7773438,140.42,140.16,138.66,138.37,0
10039.316,-0.08267118,2.0932019,0.9606805,1.1124291,101.62194,21.804527,13.582585,13.439981,378.8774,342.30276,315.518,4.365,9.319,31.197,42.436,0.0,90.23267,2.0,0.0,322.125,201.75,6439.0,0.0,-2.6328125,1.0996094,401.68564,19809.46,20000.502,1100.0834,611.865,94.54992,86.601875,0.0,5.1369457,4.0,62.1994,27.076025,3.7499952,3.7499952,5.36,0.0,2.1484375,1.0170898,0.0,0.0,0.0,0.0,0.0,0.8066406,0.7998047,81.632996,0.7812499,194.26227,224.60675,0.0,108.999954,99.90234,0.0,195.33711,189.12659,529.5,538.875,4.3556957,259.78125,0.0,308.375,79.82713,66.43514,161.8042,0.0,140.28,305.125,-9.692383,-3.161621,55.98755,41.792297,1.7993164,140.59,140.59,138.64,139.01,0
10039.361,0.05386305,2.074781,0.9605462,1.1006025,101.62046,21.804527,13.574216,13.45594,376.4195,341.3497,315.518,4.391,9.319,31.197,42.436,0.0,90.231255,2.0,0.0,319.125,202.125,6463.0,0.0,-2.6171875,1.0952759,399.66248,20334.295,20000.502,1100.0834,611.865,92.38805,87.322495,0.0,5.2033067,4.0,61.158752,27.07519,4.1249948,4.1249948,5.42,0.0,2.2265625,1.0076904,0.0,0.0,0.0,0.0,0.0,0.8105469,0.7998047,81.7276,0.7812499,194.37079,222.36504,0.0,108.999954,99.90234,0.0,195.58586,186.78001,529.5,538.5,4.4220567,257.125,0.0,305.28125,79.82713,66.49163,162.19482,0.0,140.85,302.3125,-9.933472,-7.281494,56.689453,37.99286,1.8115234,140.96,141.12,138.94,139.1,0
10039.406,0.16309044,2.0486624,0.95583475,1.0967028,101.619125,21.804527,13.585936,13.327132,373.55792,339.7506,315.518,4.441,9.319,31.197,42.436,0.0,90.23012,2.0,0.0,321.0,202.125,6482.0,0.0,-2.7109375,1.0950317,399.57956,19815.828,20000.502,1100.0834,611.865,97.28404,86.835014,0.0,5.4126453,4.0,63.128662,27.074438,4.1249948,4.1249948,5.364,0.0,2.25,1.0128784,0.0,0.0,0.0,0.0,0.0,0.8027344,0.7998047,81.7276,0.7812499,193.4816,221.72894,0.0,108.999954,99.90234,0.0,194.37526,186.7883,529.5,538.875,4.6313953,256.5,0.0,303.0,79.82713,66.542465,161.74316,0.0,141.17,303.875,-10.238647,-5.69458,56.31714,38.957214,1.8115234,141.08,141.29,138.68,139.16,0
10039.436,0.27047235,2.038215,0.96016157,1.0956005,101.61875,21.804527,13.570702,13.452417,373.9823,340.13657,315.518,4.482,9.319,31.197,42.436,0.0,90.22921,2.0,0.0,319.125,202.125,6482.0,0.0,-2.71875,1.0936279,399.06546,19799.908,20000.502,1100.0834,613.45703,99.74264,87.42847,0.0,5.5801163,4.0,64.31427,27.073761,4.1249948,4.1249948,5.396,0.0,2.1953125,1.0169678,0.0,0.0,0.0,0.0,0.0,0.80566406,0.7998047,81.7276,0.7812499,194.3448,221.43681,0.0,108.999954,99.90234,0.0,195.5527,186.77173,529.5,538.875,4.7988663,255.03125,0.0,302.1875,79.82713,66.58822,162.24365,0.0,141.42,305.09375,-10.409546,-7.1014404,56.030273,37.098694,1.8139648,141.45,141.02,139.25,139.37,0
10039.481,0.37637788,2.034036,0.96092784,1.0970418,101.618416,21.804527,13.577616,13.423118,374.67294,337.5579,315.518,4.511,9.319,31.197,42.436,0.0,90.228485,2.0,0.0,319.875,201.75,6421.0,0.0,-3.015625,1.0834961,395.35904,20526.93,20000.502,1100.0834,613.45703,91.942955,87.131744,0.0,5.7140927,4.0,61.331177,27.073153,3.7499952,3.7499952,5.412,0.0,2.2578125,1.0137329,0.0,0.0,0.0,0.0,0.0,0.8027344,0.7998047,81.86493,0.7812499,194.1425,221.27228,0.0,108.999954,99.90234,0.0,195.38686,186.5976,529.5,539.25,4.9328427,255.75,0.0,305.1875,79.82713,66.629395,161.68823,0.0,141.84,304.125,-10.717773,-7.437134,56.31714,36.6745,1.809082,141.73,141.56,139.64,139.73,0
10039.518,0.4411023,2.0136144,0.9625421,1.1151845,101.61895,21.804527,13.576596,13.469762,372.4557,335.9261,315.518,4.565,9.319,31.197,42.436,0.0,90.227905,2.0,0.0,323.625,202.125,6428.0,0.0,-3.2421875,1.0932617,398.9162,19911.35,20000.502,1100.0834,611.069,95.503685,86.05081,0.0,5.6650243,4.0,63.04779,27.072605,4.1249948,4.1249948,5.336,0.0,2.2109375,1.0249634,0.0,0.0,0.0,0.0,0.0,0.8027344,0.7998047,81.86493,0.7812499,194.46455,224.9066,0.0,108.999954,99.90234,0.0,195.46979,188.97733,529.5,539.25,4.8837743,257.0625,0.0,309.875,79.82713,66.66646,160.9375,0.0,141.47,307.5,-10.830688,-2.331543,55.456543,40.916443,1.8066406,141.35,141.35,140.16,140.21,0
10039.563,0.5128819,1.8366958,0.95575887,1.1024677,101.61943,21.804527,13.570024,13.27827,348.1394,314.3366,315.518,4.593,9.319,31.197,42.436,0.0,90.22744,2.0,0.0,322.5,201.75,6435.0,0.0,-3.3203125,1.0949097,399.5298,19903.92,20000.502,1100.0834,611.069,98.364975,87.3013,0.0,5.782019,4.0,64.038086,27.072111,4.1249948,3.7499952,5.344,0.0,2.28125,1.0209961,0.0,0.0,0.0,0.0,0.0,0.8095703,0.7998047,81.67267,0.7812499,193.1451,222.45062,0.0,108.999954,99.90234,0.0,194.18456,188.68712,529.5,539.25,5.000769,255.65625,0.0,306.5,79.82713,66.699814,161.21826,0.0,141.42,306.3125,-11.010742,-2.090454,55.7312,41.246033,1.8164062,141.61,141.73,139.89,140.38,0
10039.607,0.5303055,1.6159284,0.9558011,1.1128109,101.61986,21.804527,13.583001,13.257343,325.13623,292.3352,315.518,4.641,9.319,31.197,42.436,0.0,90.227066,2.0,0.0,321.75,186.375,6408.0,0.0,-3.2421875,1.0964966,400.11023,20170.318,20000.502,1100.0834,611.069,96.60581,87.74639,0.0,5.8756156,4.0,63.578796,27.071667,3.7499952,-11.624985,5.38,0.0,2.0859375,1.015686,0.0,0.0,0.0,0.0,0.0,0.80566406,0.7998047,81.67267,0.7812499,193.00128,223.99931,0.0,108.999954,99.90234,0.0,194.10992,188.74516,529.5,539.25,5.0943656,144.5625,0.0,308.6875,79.82713,66.729836,161.19995,0.0,141.71,304.71875,-11.129761,-2.178955,56.10962,41.41693,1.8237305,141.67,141.89,139.79,140.63,0
10039.647,0.5842444,1.4901214,0.9847491,1.1887728,101.619415,21.804527,13.63896,13.751724,322.56067,271.28226,315.518,4.682,9.319,31.197,42.436,0.0,90.22677,2.0,0.0,0.0,184.875,5994.0,0.0,-4.9765625,1.0629272,387.8467,22475.027,20000.502,1100.0834,610.80365,0.0,69.0526,0.0,4.8567424,4.0,0.0,27.071268,2.2499971,-13.124983,0.0,0.0,1.09375,0.9562378,0.0,0.0,0.0,0.0,0.0,0.8173828,1.0,58.172607,0.7812499,196.40855,237.1338,0.0,108.999954,99.90234,0.0,197.07837,202.67531,720.0,540.375,4.0754924,-65.40625,0.0,326.875,79.82713,66.75685,159.66187,0.0,142.01,286.875,-11.315918,-5.218506,60.65674,42.591858,1.8676758,142.05,141.94,140.48,140.48,0
10039.685,0.6073955,1.4585485,1.0001305,1.4210253,101.61902,21.804527,13.642975,13.152476,330.22803,252.94159,315.518,4.722,9.319,31.197,42.436,0.0,90.22653,2.0,0.0,0.0,182.625,5459.0,0.0,-6.9453125,1.2041016,423.33542,22509.521,20000.502,1100.0834,610.80365,0.0,68.607506,0.0,4.0416436,4.0,0.0,27.07091,1.4999981,-15.37498,0.0,0.0,3.5859375,0.38641357,0.0,0.0,0.0,0.0,0.0,1.359375,1.0,58.155823,0.7812499,192.2776,271.22394,0.0,108.999954,99.90234,0.0,192.69205,231.21552,720.0,542.625,3.2603939,-56.28125,0.0,381.59375,79.82713,66.781166,153.63159,0.0,142.37,115.9375,-10.873413,26.571655,90.197754,99.998474,2.097168,142.38,142.16,140.75,140.59,0
10039.727,0.60591644,1.4459195,0.9758409,1.5344174,101.61783,21.804527,13.60477,11.750729,336.17517,231.55379,315.518,4.76,9.319,31.197,42.436,0.0,90.22634,2.0,0.0,0.0,185.25,4909.0,0.0,-5.8828125,1.2192383,406.42853,20004.748,20000.502,1100.0834,563.8392,76.046875,67.10268,0.0,3.389565,4.0,61.341858,27.070585,1.4999981,-14.249982,0.0,0.0,7.9609375,0.13500977,0.0,0.0,0.0,0.0,0.0,1.9999695,0.87597656,65.727234,0.7812499,182.61432,281.46338,0.0,108.999954,99.90234,0.0,182.70047,236.3647,720.0,542.625,2.6083152,124.75,64.0,428.875,79.82713,66.80305,141.1377,0.0,142.5,40.5,-10.873413,36.639404,97.75391,99.998474,2.8320312,142.6,142.55,140.96,140.86,0
10039.766,0.60473317,1.4408679,0.9892974,1.4612529,101.61675,21.804527,13.589745,11.856518,339.28033,221.93417,315.518,4.802,9.319,31.197,42.436,0.0,90.22619,2.0,0.0,390.0,189.75,4662.0,0.0,-0.9453125,1.2304077,397.2081,20639.432,20000.502,1100.0834,563.8392,85.45736,83.88894,0.0,2.8679023,4.0,67.082214,27.070293,1.8749976,-7.124991,4.44,0.0,10.0859375,0.0546875,0.0,0.0,0.0,0.0,0.0,1.9999695,0.83203125,75.912476,0.7812499,183.34244,266.57684,0.0,108.999954,99.90234,0.0,183.40529,237.0529,519.375,537.0,2.0866523,240.34375,0.0,437.875,79.82713,66.82275,139.03198,0.0,142.67,16.40625,-9.65271,33.901978,99.090576,99.998474,3.1542969,142.76,142.82,140.96,141.4,0
10039.805,0.56378657,1.4575973,1.0478618,1.4626094,101.61579,21.804527,13.608524,13.540983,343.6109,219.75284,315.518,4.841,9.319,31.197,42.436,0.0,90.22607,2.0,0.0,372.75,199.125,4558.0,0.0,-0.8828125,1.0523682,373.60977,20322.621,20000.502,1100.0834,563.8392,96.49984,94.44394,0.0,2.4505718,4.0,72.85309,27.070032,1.1249986,1.1249986,5.212,0.0,11.2890625,0.32641602,0.0,0.0,0.0,0.0,0.0,1.2695312,0.7998047,78.1662,0.7812499,194.95232,268.032,0.0,108.999954,99.90234,0.0,194.91423,240.09598,516.375,537.0,1.6693219,316.15625,0.0,438.875,79.82713,66.84047,146.14868,0.0,142.89,97.9375,-8.737183,33.047485,91.796875,99.998474,3.4521484,142.94,143.1,140.91,141.45,0
10039.847,0.5310293,1.4830389,1.1161389,1.4982166,101.61575,21.804527,13.609951,15.31729,347.77643,220.31859,315.518,4.88,9.319,31.197,42.436,0.0,90.22597,2.0,0.0,355.125,197.625,4515.0,0.0,-1.4453125,0.9736328,362.9466,19729.33,20000.502,1100.0834,544.4696,106.3766,98.04706,0.0,2.1167073,4.0,77.76489,27.069796,-0.37499952,-0.37499952,5.856,0.0,11.46875,0.6484375,0.0,0.0,0.0,0.0,0.0,0.83496094,0.7998047,78.1662,0.7812499,207.19617,275.1894,0.0,108.999954,99.90234,0.0,207.21089,241.41437,515.25,537.375,1.3354576,329.90625,0.0,439.875,79.82713,66.85642,155.67627,0.0,143.29,194.53125,-8.737183,33.218384,77.67334,99.998474,3.4716797,143.15,143.27,141.56,141.45,0
10039.892,0.50482345,1.5307157,1.190496,1.5661247,101.61572,21.804527,13.628528,17.230562,354.0441,224.43823,315.518,4.922,9.319,31.197,42.436,0.0,90.22589,2.0,0.0,344.25,195.375,4518.0,0.0,-1.6640625,1.0140991,378.0293,19587.11,20000.502,1100.0834,544.4696,113.60403,101.48061,0.0,1.6933659,4.0,81.248474,27.069584,-2.6249967,-2.6249967,6.3,0.0,11.421875,0.7971802,0.0,0.0,0.0,0.0,0.0,0.7714844,0.8203125,76.79443,0.7812499,220.38411,286.74887,0.0,108.999954,99.90234,0.0,220.40308,241.72946,514.5,537.75,0.91211605,339.75,0.0,439.1875,79.82713,66.87078,163.51318,0.0,143.67,239.15625,-8.5998535,32.79419,70.75195,94.85016,3.4643555,143.88,143.32,142.0,141.83,0
10039.927,0.54385877,1.5872862,1.2596935,1.6012232,101.61652,21.804527,13.623954,18.943285,359.93567,228.62758,315.518,4.967,9.319,31.197,42.436,0.0,90.22583,2.0,0.0,341.25,194.625,4527.0,0.0,-1.703125,1.105835,402.60605,19467.707,20000.502,1100.0834,543.14294,117.71581,101.94689,0.0,1.0421928,4.0,83.229065,27.069393,-3.3749957,-3.3749957,6.384,0.0,11.4296875,0.8012085,0.0,0.0,0.0,0.0,0.0,0.76464844,0.83984375,76.79443,0.7812499,232.19052,292.91724,0.0,108.999954,99.90234,0.0,232.51733,241.87871,514.5,537.75,0.2609429,353.75,0.0,439.28125,79.82713,66.883705,171.1853,0.0,143.82,240.375,-8.453369,13.113403,71.16699,75.31586,3.3422852,143.88,143.76,142.16,142.05,0
10039.967,0.59508705,1.6286645,1.317163,1.6011809,101.61725,21.804527,13.632471,20.389774,362.38275,230.9955,315.518,5.002,9.319,31.197,42.436,0.0,90.22578,2.0,0.0,340.875,194.625,4543.0,0.0,-1.8203125,1.166626,419.16467,19715.531,20000.502,1100.0834,543.14294,120.40755,104.80819,0.0,0.36500427,4.0,84.52606,27.069221,-3.3749957,-3.3749957,6.404,0.0,11.4375,0.8098755,0.0,0.0,0.0,0.0,0.0,0.79589844,0.8457031,76.71051,0.7812499,242.16174,292.55548,0.0,108.999954,99.90234,0.0,242.56694,241.91188,515.25,537.75,-0.4162456,365.3125,64.0,439.28125,79.82713,66.89533,177.67944,0.0,144.17,242.96875,-8.380127,-0.82702637,70.88623,60.624695,2.8613281,144.17,144.33,141.89,142.22,0
10040.007,0.5560697,1.6827159,1.3544315,1.6011809,101.6179,21.804527,13.6384325,21.318531,368.10034,234.89833,315.518,5.042,9.319,31.197,42.436,0.0,90.22574,2.0,0.0,334.875,194.625,4548.0,0.0,-2.6484375,1.1790771,428.33536,19621.604,20000.502,1100.0834,543.14294,132.0011,113.73119,0.0,0.1357534,4.0,89.95972,27.069067,-3.7499952,-3.3749957,6.6,0.0,11.4609375,0.8288574,0.0,0.0,0.0,0.0,0.0,0.8378906,0.7998047,76.71051,0.7812499,248.56421,292.1501,0.0,108.999954,99.90234,0.0,249.0345,241.86212,515.25,538.875,-0.6454965,378.625,64.0,439.5,79.82713,66.9058,180.93872,0.0,144.37,248.65625,-8.59375,-8.48999,69.37866,50.941467,2.4267578,144.39,144.79,142.05,142.55,0
10040.047,0.46485576,1.7605865,1.3659132,1.6011384,101.61931,21.804527,13.642606,21.632101,376.74252,240.94182,315.518,5.082,9.319,31.197,42.436,0.0,90.22571,2.0,0.0,319.5,194.25,4558.0,0.0,-2.921875,1.1915894,435.2921,19564.82,20000.502,1100.0834,543.93896,138.12639,116.846825,0.0,0.1086027,4.0,92.91229,27.068928,-3.7499952,-3.7499952,7.172,0.0,11.7578125,0.82006836,0.0,0.0,0.0,0.0,0.0,0.8457031,0.7998047,76.71051,0.7812499,250.72702,292.23007,0.0,108.999954,99.90234,0.0,251.29814,241.79579,515.625,538.875,-0.6726472,379.125,64.0,439.375,79.82713,66.91522,181.04248,0.0,144.74,246.03125,-9.008789,-9.487915,70.147705,50.32196,2.1240234,144.5,145.01,142.55,142.6,0
10040.09,0.3718846,1.8292346,1.368848,1.6011384,101.620575,21.804527,13.645527,21.653791,382.5707,244.99127,315.518,5.122,9.319,31.197,42.436,0.0,90.22568,2.0,0.0,314.25,194.625,4564.0,0.0,-3.3984375,1.1916504,437.75476,19893.838,20000.502,1100.0834,543.93896,136.49438,117.54626,0.0,0.24313211,4.0,92.12494,27.068802,-3.3749957,-3.3749957,7.356,0.0,12.0625,0.82788086,0.0,0.0,0.0,0.0,0.0,0.8339844,0.7998047,76.76697,0.7812499,250.8778,291.81604,0.0,108.999954,99.90234,0.0,251.4391,241.71288,515.625,539.625,-0.53811777,384.78125,64.0,439.375,79.82713,66.9237,180.11475,0.0,145.03,248.375,-9.341431,-8.856201,69.48242,49.827576,2.0410156,145.07,145.01,143.1,143.04,0
10040.127,0.3175077,1.912944,1.3556806,1.601096,101.62089,21.804527,13.629993,21.310417,390.61523,250.74573,315.518,5.165,9.319,31.197,42.436,0.0,90.225655,2.0,0.0,315.0,194.625,4575.0,0.0,-3.40625,1.1817017,436.5442,20048.264,20000.502,1100.0834,544.735,134.62924,117.18594,0.0,0.35075566,4.0,91.2262,27.06869,-3.3749957,-3.3749957,7.3,0.0,13.375,0.8475952,0.0,0.0,0.0,0.0,0.0,0.82421875,0.7998047,76.76697,0.7812499,248.51128,291.77737,0.0,108.999954,99.90234,0.0,249.05107,241.60509,515.625,539.625,-0.43049422,381.03125,64.0,439.1875,79.82713,66.93133,177.65503,0.0,145.45,254.28125,-9.53064,-5.41687,67.822266,51.30768,2.0385742,145.59,145.18,143.48,143.32,0
10040.165,0.25400618,1.9651777,1.345126,1.6010537,101.62117,21.804527,13.636699,20.996986,393.45636,253.06636,315.518,5.202,9.319,31.197,42.436,0.0,90.22564,2.0,0.0,316.875,194.625,4584.0,0.0,-3.8359375,1.1730347,434.322,20042.957,20000.502,1100.0834,544.735,132.91248,115.42677,0.0,0.4368545,4.0,90.24658,27.068588,-2.9999962,-3.3749957,7.232,0.0,13.3203125,0.8652954,0.0,0.0,0.0,0.0,0.0,0.81933594,0.7998047,76.82953,0.7812499,246.3511,291.44238,0.0,108.999954,99.90234,0.0,246.71281,241.49728,515.625,539.625,-0.34439537,377.59375,64.0,439.1875,79.82713,66.938194,175.62866,0.0,145.59,259.59375,-9.661865,-3.4210205,66.39404,51.792908,2.0483398,145.81,145.59,143.66,144.05,0
10040.205,0.20320494,2.023571,1.3347976,1.6010537,101.62143,21.804527,13.629673,20.701223,398.48907,256.80655,315.518,5.24,9.319,31.197,42.436,0.0,90.225624,2.0,0.0,318.75,195.0,4593.0,0.0,-3.7890625,1.1643677,432.57242,20088.064,20000.502,1100.0834,544.735,131.68317,114.79093,0.0,0.66198355,4.0,89.653015,27.068497,-2.9999962,-2.9999962,7.148,0.0,13.203125,0.88238525,0.0,0.0,0.0,0.0,0.0,0.8203125,0.7998047,76.82953,0.7812499,244.31271,291.1968,0.0,108.999954,99.90234,0.0,244.84717,241.3895,515.625,540.0,-0.11926632,374.25,64.0,439.1875,79.82713,66.944374,174.07227,0.0,145.78,264.71875,-9.741211,-1.8829346,65.06348,52.018738,2.055664,146.04,145.98,143.7,144.27,0
10040.247,0.16256396,2.0469284,1.3206295,1.6010114,101.62248,21.804527,13.624755,20.357214,398.82532,257.47092,315.518,5.28,9.319,31.197,42.436,0.0,90.22562,2.0,0.0,321.0,195.0,4601.0,0.0,-3.75,1.1566162,430.17612,20071.082,20000.502,1100.0834,545.53094,131.13211,113.879555,0.0,0.8420868,4.0,89.38751,27.068415,-2.9999962,-2.9999962,7.048,0.0,13.109375,0.8955078,0.0,0.0,0.0,0.0,0.0,0.8183594,0.7998047,76.82953,0.7812499,241.94254,291.30612,0.0,108.999954,99.90234,0.0,242.48401,241.24854,516.0,539.625,0.060836934,369.625,64.0,438.875,79.82713,66.949936,172.31445,0.0,146.09,268.65625,-9.762573,-0.051879883,64.09302,52.931213,2.0581055,146.04,146.34,144.1,144.17,0
10040.275,0.19005118,2.0562716,1.309205,1.6010114,101.62343,21.804527,13.621313,20.078829,399.1231,257.99918,315.518,5.322,9.319,31.197,42.436,0.0,90.22561,2.0,0.0,321.0,195.0,4607.0,0.0,-3.6875,1.1530762,428.8743,20131.049,20000.502,1100.0834,545.53094,129.69086,113.26491,0.0,0.9861694,4.0,88.69324,27.06834,-2.9999962,-2.9999962,7.064,0.0,13.1171875,0.90301514,0.0,0.0,0.0,0.0,0.0,0.82128906,0.7998047,76.87225,0.7812499,240.02461,291.26068,0.0,108.999954,88.37891,0.0,240.55203,241.16562,516.0,539.625,0.20491953,367.4375,64.0,439.0,79.82713,66.95494,170.88623,0.0,146.44,270.90625,-9.735107,0.82092285,63.568115,53.3432,2.0629883,146.52,146.11,144.56,144.44,0
10040.32,0.19204095,2.0600088,1.2931721,1.1477396,101.625114,21.804527,13.624763,19.646303,399.17468,258.5926,315.518,5.35,9.319,31.197,42.436,0.0,90.2256,2.0,99.84131,321.375,195.0,4617.0,0.0,-3.65625,0.9413452,351.71127,19886.94,20000.502,1100.0834,546.06165,131.28047,112.39592,0.0,1.2576854,4.0,89.31732,27.143461,-2.9999962,-2.9999962,7.024,0.0,12.15625,0.96832275,0.0,0.0,0.0,0.0,0.0,0.8173828,0.7998047,76.87225,0.7812499,237.04494,211.60184,0.0,108.999954,16.210938,0.0,237.17729,193.00713,516.0,539.625,0.4764356,361.71875,0.0,56.03125,79.82713,66.95945,171.0022,0.0,146.67,290.5,-9.875488,-53.94287,62.719727,0.0,2.0751953,146.68,146.52,144.83,144.61,0
10040.365,0.19363275,2.0427535,1.1162435,0.9791988,101.62663,21.804527,13.644755,15.227429,397.4566,256.25272,315.518,5.402,9.319,31.197,42.436,0.0,90.22559,2.0,99.998474,325.875,193.5,4595.0,0.0,-3.6796875,0.829834,313.63553,20082.227,20000.502,1100.0834,546.06165,114.21867,97.26285,0.0,1.4748983,4.0,81.23779,27.211071,-0.74999905,-4.1249948,6.872,0.0,11.71875,1.3313599,0.0,0.0,0.0,0.0,0.0,0.82128906,0.7998047,76.92108,0.7812499,206.58765,182.50401,0.0,108.999954,0.0,0.0,207.58403,169.33417,516.375,539.625,0.69364846,328.0625,0.0,-47.375,59.28682,66.96351,153.86963,0.0,147.05,399.40625,-9.9609375,-55.72815,49.383545,0.0,1.8554688,147.03,146.75,145.07,145.13,0
10040.407,0.1749062,1.9983516,0.96806145,0.75792533,101.628,21.804527,13.652891,11.416381,392.76514,252.45645,315.518,5.442,9.319,31.197,42.436,0.0,90.225586,2.0,99.998474,361.875,192.375,4581.0,0.0,-4.484375,0.60058594,243.85214,20406.998,20000.502,1100.0834,546.06165,97.51719,84.842705,0.0,1.8049186,4.0,73.19031,27.27192,1.8749976,-5.9999924,5.612,0.0,9.9765625,1.3014526,0.0,0.0,0.0,0.0,0.0,0.8300781,0.7998047,76.92108,0.7812499,180.31987,143.47725,0.0,108.999954,0.0,0.0,195.62732,137.34459,516.0,540.375,1.0236688,270.78125,0.0,-43.1875,32.21095,66.967155,139.51416,0.0,146.91,390.4375,-9.719849,-56.4209,17.974854,0.0,1.6699219,146.75,146.75,145.3,145.41,0
10040.448,0.15992495,1.8493407,0.7812248,0.57950765,101.63006,21.804527,13.652727,6.8259563,373.95975,240.00166,315.518,5.482,9.319,31.197,42.436,0.0,90.225586,2.0,99.998474,383.625,190.125,4574.0,0.0,-8.0390625,0.37109375,192.09503,21136.14,20000.502,1100.0834,545.0003,68.26839,65.4071,0.0,2.225185,4.0,59.248352,27.326683,8.624989,-8.2499895,4.792,0.0,4.5234375,1.3961182,0.0,0.0,0.0,0.0,0.0,0.8417969,0.7998047,72.21069,0.7812499,148.68063,113.09168,0.0,109.09995,0.0,0.0,192.20284,112.36983,515.625,542.625,1.4439349,210.0625,0.0,-37.6875,21.473967,66.97044,132.71484,0.0,146.7,418.84375,-8.4991455,-57.174683,0.0,0.0,1.4355469,146.68,146.99,145.13,145.59,0
10040.485,0.16793996,1.6022363,0.57596225,0.40206495,101.63191,21.804527,13.658471,1.8097646,345.80487,220.5252,315.518,5.523,9.319,31.197,42.436,0.0,90.225586,2.0,99.998474,407.25,192.75,4545.0,0.0,-12.375,0.16363525,155.41231,20087.533,19546.248,1100.0834,545.0003,58.582375,49.82893,0.0,3.0301476,4.0,55.273438,27.375969,15.74998,-4.4999943,3.944,0.0,-0.078125,1.1393433,0.0,0.0,0.0,0.0,0.0,0.85839844,0.7998047,66.7511,0.7812499,114.10642,83.5444,0.0,109.18996,0.0,0.0,189.35875,101.64859,515.25,547.875,2.2488978,149.03125,0.0,-30.6875,16.805714,66.973404,128.57056,0.0,146.38,341.8125,-7.2784424,-58.865356,0.0,0.0,1.1816406,146.39,146.63,145.41,145.53,0
10040.525,0.19435197,1.2783946,0.40885642,0.27981347,101.63441,21.804527,13.662492,-2.288964,306.64633,196.37068,315.518,5.56,9.319,31.197,42.436,0.0,90.225586,2.0,99.998474,424.5,196.125,4564.0,0.0,-13.46875,0.12335205,137.94989,19745.25,19091.992,1100.0834,544.4696,42.34717,37.175644,0.0,3.361618,4.0,48.146057,27.420326,18.749975,-0.74999905,3.308,0.0,-6.328125,0.5942383,0.0,0.0,0.0,0.0,0.0,0.8046875,0.7998047,62.13684,0.7812499,85.85683,61.84038,0.0,109.27096,0.0,0.0,182.55122,101.65688,514.5,549.375,2.5803683,97.5,0.0,-28.1875,13.537935,66.97607,122.143555,0.0,146.17,178.28125,-6.0577393,-57.26013,11.468506,0.0,0.9326172,145.98,145.94,145.7,145.81,0
10040.567,0.25548157,0.92385787,0.3131921,0.1506525,101.63665,21.804527,13.677026,-4.7016883,259.6991,165.65063,315.518,5.6,9.319,31.197,42.436,0.0,90.225586,2.0,99.998474,450.0,193.5,4546.0,0.0,-9.6328125,0.0871582,126.91356,19720.309,18637.736,1100.0834,544.4696,26.790203,27.616798,0.0,3.1580443,4.0,41.111755,27.460249,23.24997,-4.1249948,2.28,0.0,-11.390625,0.36279297,0.0,0.0,0.0,0.0,0.0,0.76464844,0.7998047,60.42328,0.7812499,69.228424,37.687233,0.0,109.34386,0.0,0.0,172.46846,101.65688,512.625,546.75,2.3767946,48.46875,0.0,-28.375,10.736983,66.97846,113.47046,0.0,146.12,108.84375,-4.837036,-58.151245,23.657227,0.0,0.68847656,146.04,145.81,145.7,145.53,0
10040.604,0.26438525,0.5570432,0.19411704,0.10813575,101.63867,21.804527,13.698918,-7.4999275,197.90585,123.84736,315.518,5.642,9.319,31.197,42.436,0.0,90.225586,2.0,99.998474,459.375,199.5,4460.0,0.0,-6.203125,0.07318115,119.276855,19189.105,18193.033,1100.0834,544.4696,15.281437,16.743877,0.0,2.6826856,4.0,36.576843,27.49618,34.499954,7.87499,1.904,0.0,-19.867188,0.15124512,0.0,0.0,0.0,0.0,0.0,0.76464844,0.8261719,58.666992,0.7812499,49.94249,33.377956,0.0,109.40947,0.0,0.0,165.36243,101.65688,511.125,542.25,1.9014357,19.59375,0.0,-29.0,6.535555,66.98061,104.22974,0.0,145.92,45.375,-3.616333,-62.405396,40.252686,0.0,0.56884766,145.53,145.59,145.46,145.59,0
10040.645,0.2515082,0.22281729,0.14856333,0.09338419,101.64132,21.804527,13.696665,-8.600215,67.78936,42.069923,315.518,5.679,9.319,31.197,42.436,0.0,90.225586,2.0,99.998474,474.75,214.125,4423.0,0.0,-6.4375,0.066223145,111.87232,18051.875,17751.514,1100.0834,540.75494,18.163927,14.370061,0.0,3.3961482,4.0,38.757324,27.528517,40.12495,16.499979,1.124,0.0,-20.320312,0.036621094,0.0,0.0,0.0,0.0,0.0,0.8466797,0.8310547,58.511353,0.7812499,42.360973,31.740416,0.0,109.46852,0.0,0.0,158.14859,101.66518,504.75,542.625,2.6148984,13.625,0.0,-30.59375,6.535555,66.98255,97.07031,0.0,145.57,11.0,-2.39563,-64.23645,85.08911,18.457031,0.5957031,145.46,145.76,145.18,145.53,0
10040.689,0.26120657,-0.07962309,0.12646735,0.093765706,101.64371,21.804527,13.700947,-9.508721,0.0,0.0,315.518,5.72,9.319,31.197,42.436,0.0,90.225586,2.0,99.998474,480.0,214.875,4525.0,0.0,-8.421875,0.06549072,110.06472,17826.34,17303.627,1100.0834,540.75494,11.423986,11.487571,0.0,3.4981685,4.0,35.195923,27.557621,40.12495,15.74998,0.872,0.0,-14.921875,0.038024902,0.0,0.0,0.0,0.0,0.0,0.78808594,0.8671875,58.18634,0.7812499,36.101128,29.790089,0.0,109.52167,0.0,0.0,151.53178,101.66518,503.625,544.125,2.7169187,3.5,0.0,-31.78125,6.535555,66.9843,89.99634,0.0,145.31,11.40625,-1.1749268,-59.188843,84.47876,24.11499,0.65185547,145.41,145.41,144.67,144.96,0
10040.727,0.24896526,-0.35059926,0.12033446,0.093765706,101.64668,21.804527,13.698085,-10.186377,0.0,0.0,315.518,5.764,9.319,31.197,42.436,0.0,90.225586,2.0,99.998474,484.5,207.375,4541.0,0.0,-9.0625,0.06518555,108.9785,17132.22,16855.74,1100.0834,543.67365,10.59739,10.173494,0.0,2.7985349,4.0,34.127808,27.508627,40.12495,10.124987,0.716,0.0,-7.9453125,0.036987305,0.0,0.0,0.0,0.0,0.0,0.76171875,0.87402344,58.158875,0.7812499,31.433098,26.313967,0.0,109.569496,0.0,0.0,145.44562,101.67347,504.375,545.25,2.017285,-5.5,0.0,-31.875,6.535555,66.98587,82.977295,0.0,145.4,11.09375,0.0,-58.398438,84.887695,26.489258,0.5834961,145.3,145.46,144.73,144.79,0
10040.767,0.2791722,-0.5339897,0.107058235,0.09389288,101.64936,21.804527,13.696081,-10.570192,0.0,0.0,315.518,5.802,9.319,31.197,42.436,0.0,90.225586,2.0,99.998474,486.75,210.75,4556.0,0.0,-10.3359375,0.06536865,108.22395,16839.82,16401.484,1100.0834,543.67365,7.4181733,9.219729,0.0,1.926328,4.0,31.596375,27.46453,40.12495,13.124983,0.632,0.0,-7.0078125,0.036315918,0.0,0.0,0.0,0.0,0.0,0.7783203,0.88183594,57.746887,0.7812499,28.790178,26.277185,0.0,109.61254,0.0,0.0,140.40425,101.67347,504.375,546.0,1.1450781,-7.5625,0.0,-32.5,6.535555,66.98728,77.19116,0.0,145.31,10.90625,0.0,-57.901,85.16235,27.261353,0.6738281,145.18,145.18,145.01,144.9,0
10040.805,0.30333775,-0.6260959,0.10132726,0.09389288,101.65177,21.804527,13.706397,-10.724123,0.0,0.0,315.518,5.842,9.319,31.197,42.436,0.0,90.225586,2.0,99.998474,489.75,211.875,4554.0,0.0,-10.71875,0.06524658,107.394775,16067.161,15947.229,1100.0834,543.67365,9.410482,8.477912,0.0,1.2285624,4.0,32.01599,27.424845,40.12495,13.874982,0.524,0.0,-6.8671875,0.035217285,0.0,0.0,0.0,0.0,0.0,0.796875,0.90527344,57.592773,0.7812499,27.731558,26.298222,0.0,109.65128,0.0,0.0,136.05107,101.67347,504.375,546.75,0.4473125,-9.0,0.0,-32.6875,6.535555,66.988556,72.32666,0.0,145.31,10.5625,0.0,-58.22754,85.60791,27.380371,0.68359375,145.13,145.24,144.73,144.83,0
10040.837,0.24267021,-0.66293836,0.098115794,0.09389288,101.65477,21.804527,13.707759,-10.816131,0.0,0.0,315.518,5.88,9.319,31.197,42.436,0.0,90.225586,2.0,99.998474,489.375,211.875,4552.0,0.0,-10.7109375,0.06542969,107.162605,15667.034,15606.537,1100.0834,544.2043,9.791988,8.24477,0.0,0.67034996,4.0,31.744385,27.389128,40.12495,13.499983,0.536,0.0,-6.984375,0.03466797,0.0,0.0,0.0,0.0,0.0,0.81933594,0.91308594,57.31659,0.7812499,27.100355,26.296331,0.0,109.68615,0.0,0.0,132.67633,101.68176,504.375,546.75,-0.110899955,-9.875,0.0,-32.6875,7.0023804,66.9897,68.76221,0.0,145.09,10.40625,0.0,-58.36792,85.83984,27.471924,0.7104492,145.07,145.3,144.44,144.73,0
10040.876,0.23413616,-0.6964253,0.10003038,0.09389288,101.65747,21.804527,13.726291,-10.759295,0.0,0.0,315.518,5.912,9.319,31.197,42.436,0.0,90.225586,2.0,99.998474,489.0,209.625,4544.0,0.0,-10.21875,0.06591797,106.9719,15502.525,15152.282,1100.0834,544.2043,6.2312655,8.329549,0.0,0.38002995,4.0,29.190063,27.356983,40.12495,10.874986,0.56,0.0,-8.28125,0.034057617,0.0,0.0,0.0,0.0,0.0,0.84375,0.92285156,57.31201,0.7812499,27.494818,26.326118,0.0,109.71753,0.0,0.0,129.2933,101.68176,504.375,546.375,-0.40121993,-11.75,0.0,-32.59375,7.0023804,66.99073,64.471436,0.0,145.06,10.21875,0.0,-58.703613,86.120605,27.416992,0.6689453,144.9,145.07,144.33,144.22,0
10040.921,0.24730894,-0.70982015,0.0993334,0.09389288,101.66073,21.804527,13.721684,-10.7792425,0.0,0.0,315.518,5.951,9.319,31.197,42.436,0.0,90.225586,2.0,99.998474,487.875,207.0,4542.0,0.0,-10.1796875,0.06628418,107.005066,14750.563,14589.239,1100.0834,543.67365,7.6937056,7.948043,0.0,-0.16472602,4.0,29.473877,27.328053,40.12495,8.999989,0.596,0.0,-8.234375,0.033203125,0.0,0.0,0.0,0.0,0.0,0.83691406,0.9355469,57.33185,0.7812499,27.360582,26.285887,0.0,109.74577,0.0,0.0,125.66151,101.69005,504.375,546.375,-0.9459759,-14.3125,0.0,-32.59375,7.469206,66.99166,60.4187,0.0,144.97,9.96875,0.0,-52.67334,86.48071,33.807373,0.5810547,144.96,145.01,144.27,144.33,0
10040.966,0.23784715,-0.7526781,0.099038795,0.09389288,101.66366,21.804527,13.730179,-10.793636,0.0,0.0,315.518,6.002,9.319,31.197,42.436,0.0,90.225586,2.0,99.998474,488.625,205.5,4544.0,0.0,-10.859375,0.06628418,106.9719,14095.714,14136.575,1100.0834,543.67365,10.003937,7.736095,0.0,-0.75678074,4.0,29.949951,27.302015,40.12495,7.4999905,0.576,0.0,-7.3046875,0.03186035,0.0,0.0,0.0,0.0,0.0,0.8388672,0.9453125,57.151794,0.7812499,27.264296,26.27881,0.0,109.771194,0.0,0.0,123.29837,101.69005,504.375,546.75,-1.5380306,-15.84375,0.0,-32.59375,7.469206,66.99249,56.658936,0.0,144.94,9.5625,0.0,-48.635864,87.03003,38.394165,0.5957031,144.79,144.79,144.39,144.1,0
10041.007,0.23027772,-0.7698213,0.09707025,0.093765706,101.6663,21.804527,13.736125,-10.843689,0.0,0.0,315.518,6.042,9.319,31.197,42.436,0.0,90.225586,2.0,99.998474,487.875,204.375,4542.0,0.0,-10.578125,0.06652832,106.88898,13940.227,13940.227,1100.0834,543.67365,6.5915766,7.7996793,0.0,-1.2304245,4.0,27.827454,27.278582,40.12495,5.9999924,0.6,0.0,-7.4375,0.031555176,0.0,0.0,0.0,0.0,0.0,0.8330078,0.9326172,57.09076,0.7812499,26.921925,26.286558,0.0,109.794075,0.0,0.0,121.20055,101.69005,504.375,546.75,-2.0116744,-17.09375,0.0,-32.5,7.469206,66.99325,53.479004,0.0,144.8,9.46875,0.0,-45.095825,87.1582,42.062378,0.5761719,144.67,144.61,144.33,144.1,0
10041.048,0.22422218,-0.77667856,0.09360192,0.093765706,101.6695,21.804527,13.728569,-10.810374,0.0,0.0,315.518,6.082,9.319,31.197,42.436,0.0,90.225586,2.0,99.998474,487.875,204.0,4526.0,0.0,-10.1484375,0.066467285,106.75631,13305.012,13305.012,1100.0834,543.67365,8.986587,7.5029526,0.0,-0.8280897,4.0,28.804016,27.1823,40.12495,5.9999924,0.596,0.0,-8.1953125,0.030273438,0.0,0.0,0.0,0.0,0.0,0.8359375,1.0,54.644775,0.7812499,27.154768,27.197382,0.0,109.81467,0.0,0.0,119.50074,101.69834,504.375,546.375,-1.6093396,-21.65625,0.0,-32.5,7.469206,66.99393,51.190186,0.0,144.8,9.09375,0.0,-42.251587,87.677,45.425415,0.57373047,144.56,144.61,144.17,144.27,0
10041.089,0.21937776,-0.7419214,0.087783016,0.09372331,101.672386,21.804527,13.734998,-10.696915,0.0,0.0,315.518,6.123,9.319,31.197,42.436,0.0,90.225586,2.0,99.998474,487.5,204.0,4514.0,0.0,-10.2578125,0.06652832,106.35001,12620.445,12620.445,1100.0834,543.67365,5.2775006,6.464408,0.0,-0.5062218,4.0,25.99945,27.09565,40.12495,5.9999924,0.612,0.0,-8.171875,0.028137207,0.0,0.0,0.0,0.0,0.0,0.8544922,1.0,54.644775,0.7812499,27.939716,29.089039,0.0,109.8332,0.0,0.0,117.94189,101.69834,504.375,546.375,-1.2874717,-27.96875,0.0,-32.1875,7.469206,66.99454,48.773193,0.0,144.09,8.4375,0.0,-39.196777,88.549805,49.353027,0.68115234,144.17,144.22,143.99,144.17,0
10041.127,0.1955022,-0.7280186,0.08803894,0.09363854,101.67581,21.804527,13.757076,-10.540338,0.0,0.0,315.518,6.164,9.319,31.197,42.436,0.0,90.225586,2.0,99.998474,0.0,204.0,4495.0,0.0,-10.6640625,0.06652832,105.8608,11787.82,11857.869,1100.0834,542.6123,0.0,6.6339664,0.0,-0.24872744,4.0,0.0,27.017662,40.12495,5.9999924,0.0,0.0,-7.5859375,0.02746582,0.0,0.0,0.0,0.0,0.0,0.9472656,1.0,54.21753,0.7812499,29.022419,30.094492,0.0,109.84988,0.0,0.0,116.43279,101.706635,720.0,546.75,-1.0299773,-30.96875,0.0,-32.0,7.469206,66.99509,46.533203,0.0,144.04,8.25,0.0,-36.52649,88.82446,52.297974,0.67626953,143.7,143.93,143.54,143.93,0
10041.167,0.19640177,-0.70370746,0.09212857,0.09363854,101.678894,21.804527,13.78425,-10.437179,0.0,0.0,315.518,6.202,9.319,31.197,42.436,0.0,90.225586,2.0,99.998474,0.0,204.0,4484.0,0.0,-10.71875,0.06652832,105.8608,11838.765,11838.765,1100.0834,542.6123,0.0,6.867109,0.0,-0.042732,4.0,0.0,26.947475,40.12495,5.9999924,0.0,0.0,-6.96875,0.026733398,0.0,0.0,0.0,0.0,0.0,1.3828125,1.0,54.16565,0.7812499,29.736555,30.025461,0.0,109.86488,0.0,0.0,115.36316,101.706635,720.0,546.75,-0.8239819,-30.875,0.0,-31.875,7.469206,66.99558,44.89746,0.0,143.61,8.03125,0.0,-34.07898,89.123535,55.044556,0.6298828,143.6,143.66,143.6,143.32,0
10041.207,0.15712142,-0.731483,0.091683514,0.09363854,101.68167,21.804527,13.7915535,-10.460594,0.0,0.0,315.518,6.242,9.319,31.197,42.436,0.0,90.225586,2.0,99.998474,0.0,204.0,4488.0,0.0,-10.734375,0.067871094,105.869095,11879.627,11879.627,1100.0834,542.6123,0.0,7.333394,0.0,0.12206435,4.0,0.0,26.884308,40.12495,5.9999924,0.0,0.0,-6.6328125,0.025817871,0.0,0.0,0.0,0.0,0.0,1.9999695,1.0,53.738403,0.7812499,29.577936,29.962725,0.0,109.878395,0.0,0.0,114.401306,101.706635,720.0,546.75,-0.6591855,-30.90625,0.0,-31.875,7.469206,66.996025,43.48755,0.0,143.61,7.75,0.0,-31.75354,89.54468,57.791138,0.59814453,143.7,143.44,143.54,143.21,0
10041.248,0.12569714,-0.79884326,0.091698155,0.09363854,101.68334,21.804527,13.796665,-10.449828,0.0,0.0,315.518,6.282,9.319,31.197,42.436,0.0,90.225586,2.0,99.998474,0.0,204.0,4495.0,0.0,-10.8359375,0.06915283,105.89397,11913.59,11913.59,1100.0834,542.0816,0.0,7.163836,0.0,0.25390142,4.0,0.0,26.827457,40.12495,5.9999924,0.0,0.0,-6.96875,0.024353027,0.0,0.0,0.0,0.0,0.0,1.9999695,1.0,53.741455,0.7812499,29.653816,30.024158,0.0,109.89056,0.0,0.0,113.43118,101.69834,720.0,546.75,-0.52734846,-30.90625,0.0,-31.875,7.469206,66.99642,42.15088,0.0,143.78,7.3125,0.0,-29.611206,90.17944,60.568237,0.56640625,143.82,143.48,143.36,143.27,0
10041.29,0.04055771,-0.8632873,0.093388945,0.09363854,101.684845,21.804527,13.806103,-10.405257,0.0,0.0,315.518,6.323,9.319,31.197,42.436,0.0,90.225586,2.0,99.998474,0.0,204.0,4496.0,0.0,-10.9609375,0.06945801,105.869095,11947.553,11947.553,1100.0834,542.0816,0.0,7.5029526,0.0,0.3593711,4.0,0.0,26.77629,40.12495,5.9999924,0.0,0.0,-6.9921875,0.0234375,0.0,0.0,0.0,0.0,0.0,1.9999695,1.0,53.720093,0.7812499,29.962536,30.017025,0.0,109.9015,0.0,0.0,112.602,101.69834,720.0,547.125,-0.42187878,-30.90625,0.0,-31.875,7.469206,66.99678,40.948486,0.0,143.59,7.03125,0.0,-27.774048,90.55786,62.783813,0.6640625,143.44,143.44,143.21,143.21,0
10041.327,-0.02755383,-0.907815,0.09457561,0.09363854,101.68703,21.804527,13.80099,-10.3748455,0.0,0.0,315.518,6.365,9.319,31.197,42.436,0.0,90.225586,2.0,99.998474,0.0,204.0,4493.0,0.0,-11.1796875,0.07086182,105.985176,11982.047,11982.047,1100.0834,542.3469,0.0,7.3969784,0.0,0.44374683,4.0,0.0,26.73024,40.12495,5.9999924,0.0,0.0,-7.3203125,0.021118164,0.0,0.0,0.0,0.0,0.0,1.9999695,1.0,53.292847,0.7812499,30.174345,29.991272,0.0,109.91135,0.0,0.0,111.83087,101.706635,720.0,547.125,-0.33750305,-30.875,0.0,-31.875,7.469206,66.9971,39.520264,0.0,143.47,6.34375,0.0,-26.345825,91.534424,65.1886,0.6201172,143.27,143.36,142.88,142.88,0
10041.367,-0.062043063,-0.92562604,0.09414228,0.09363854,101.68898,21.804527,13.803271,-10.389578,0.0,0.0,315.518,6.402,9.319,31.197,42.436,0.0,90.225586,2.0,99.998474,0.0,204.0,4491.0,0.0,-11.375,0.07147217,106.010056,12001.15,12001.15,1100.0834,542.3469,0.0,7.4817576,0.0,0.5112474,4.0,0.0,26.688793,40.12495,5.9999924,0.0,0.0,-7.2265625,0.019592285,0.0,0.0,0.0,0.0,0.0,1.9999695,1.0,53.300476,0.7812499,30.07475,29.957972,0.0,109.92021,0.0,0.0,111.18411,101.706635,720.0,547.5,-0.27000245,-30.875,0.0,-31.78125,7.469206,66.99739,38.494873,0.0,143.34,5.875,0.0,-24.676514,92.163086,67.48657,0.6323242,143.27,143.36,142.76,142.72,0
10041.407,-0.10963445,-0.93275046,0.09341561,0.09363854,101.69075,21.804527,13.810727,-10.407736,0.0,0.0,315.518,6.442,9.319,31.197,42.436,0.0,90.225586,2.0,99.998474,0.0,204.0,4492.0,0.0,-11.2734375,0.072753906,105.985176,12039.359,12039.359,1100.0834,542.3469,0.0,7.0154724,0.0,0.5652479,4.0,0.0,26.651493,40.12495,5.9999924,0.0,0.0,-7.125,0.017150879,0.0,0.0,0.0,0.0,0.0,1.9999695,1.0,52.874756,0.7812499,29.951365,29.984295,0.0,109.928185,0.0,0.0,110.54564,101.706635,720.0,547.5,-0.21600197,-30.90625,0.0,-31.78125,7.469206,66.99765,37.384033,0.0,143.31,5.15625,0.0,-23.065186,93.170166,70.10498,0.64453125,143.1,143.27,142.76,142.64,0
10041.447,-0.087707564,-0.95435023,0.09242057,0.09363854,101.69234,21.804527,13.810087,-10.435716,0.0,0.0,315.518,6.482,9.319,31.197,42.436,0.0,90.225586,2.0,99.998474,0.0,204.0,4492.0,0.0,-11.140625,0.07373047,105.95201,12050.503,12050.503,1100.0834,542.0816,0.0,7.1002517,0.0,0.60844827,4.0,0.0,26.617924,40.12495,5.9999924,0.0,0.0,-7.1875,0.015686035,0.0,0.0,0.0,0.0,0.0,1.9999695,1.0,52.874756,0.7812499,29.76009,29.973652,0.0,109.93536,0.0,0.0,110.11448,101.706635,720.0,547.125,-0.17280158,-30.875,0.0,-31.78125,7.469206,66.99789,36.810303,0.0,143.36,4.71875,0.0,-21.697998,93.774414,72.076416,0.6225586,143.27,143.27,142.94,142.64,0
10041.49,-0.05016605,-0.9817401,0.09201297,0.09363854,101.69377,21.804527,13.815498,-10.449654,0.0,0.0,315.518,6.522,9.319,31.197,42.436,0.0,90.225586,2.0,99.998474,0.0,204.0,4488.0,0.0,-11.046875,0.07434082,105.92714,12084.466,12084.466,1100.0834,542.0816,0.0,6.930693,0.0,0.6430086,4.0,0.0,26.587711,40.12495,5.9999924,0.0,0.0,-7.2734375,0.01373291,0.0,0.0,0.0,0.0,0.0,1.9999695,1.0,52.867126,0.7812499,29.665443,29.970146,0.0,109.941826,0.0,0.0,109.575516,101.706635,720.0,547.125,-0.13824128,-30.875,0.0,-31.6875,7.469206,66.9981,35.83374,0.0,143.26,4.125,0.0,-20.059204,94.56177,74.50256,0.67626953,143.04,143.04,142.6,142.82,0
10041.527,-0.020132843,-0.99269605,0.09175081,0.09346898,101.69423,21.804527,13.807568,-10.459395,0.0,0.0,315.518,6.565,9.319,31.197,42.436,0.0,90.225586,2.0,99.998474,0.0,204.0,4479.0,0.0,-10.8125,0.075683594,105.94372,12113.122,12113.122,1100.0834,541.8163,0.0,7.312199,0.0,0.67065686,4.0,0.0,26.56052,40.12495,5.9999924,0.0,0.0,-7.296875,0.012145996,0.0,0.0,0.0,0.0,0.0,1.9999695,1.0,52.43988,0.7812499,29.598751,29.926508,0.0,109.94764,0.0,0.0,109.202385,101.69834,720.0,546.75,-0.11059302,-30.8125,0.0,-31.6875,7.469206,66.99829,34.887695,0.0,143.0,3.65625,0.0,-19.070435,95.21484,76.14441,0.60791016,142.76,143.1,142.28,142.76,0
10041.556,0.023893723,-0.97832847,0.09228304,0.09346898,101.69464,21.804527,13.807876,-10.446978,0.0,0.0,315.518,6.602,9.319,31.197,42.436,0.0,90.225586,2.0,99.998474,0.0,204.0,4461.0,0.0,-10.7734375,0.07598877,105.94372,12118.43,12118.43,1100.0834,541.8163,0.0,7.312199,0.0,0.6927755,4.0,0.0,26.536045,40.12495,5.9999924,0.0,0.0,-7.2578125,0.0107421875,0.0,0.0,0.0,0.0,0.0,1.9999695,1.0,52.43683,0.7812499,29.684761,29.912891,0.0,109.95287,0.0,0.0,108.787796,101.69834,720.0,546.75,-0.088474415,-30.8125,0.0,-31.6875,7.469206,66.99847,34.405518,0.0,142.89,3.21875,0.0,-18.029785,95.77026,77.74048,0.6347656,142.55,142.76,142.55,142.22,0
10041.601,0.11911497,-0.9350815,0.09266497,0.09346898,101.695015,21.804527,13.808091,-10.438744,0.0,0.0,315.518,6.631,9.319,31.197,42.436,0.0,90.225586,2.0,99.998474,0.0,204.0,4457.0,0.0,-10.8203125,0.07659912,105.935425,12152.923,12152.923,1100.0834,541.8163,0.0,7.1850305,0.0,0.7104703,4.0,0.0,26.514019,40.12495,5.9999924,0.0,0.0,-7.0234375,0.008544922,0.0,0.0,0.0,0.0,0.0,1.9999695,1.0,52.43683,0.7812499,29.741886,29.894087,0.0,109.95758,0.0,0.0,108.33175,101.69834,720.0,546.75,-0.07077953,-30.65625,0.0,-31.59375,7.469206,66.99862,33.57544,0.0,142.42,2.5625,0.0,-16.555786,96.64307,80.08728,0.6591797,142.22,142.22,142.38,142.05,0
10041.646,0.15529197,-0.8990326,0.09303397,0.09338419,101.69618,21.804527,13.802382,-10.430988,0.0,0.0,315.518,6.68,9.319,31.197,42.436,0.0,90.225586,2.0,99.998474,0.0,204.0,4446.0,0.0,-10.8203125,0.077941895,105.9686,12166.721,12166.721,1100.0834,541.02026,0.0,7.248615,0.0,0.72462624,4.0,0.0,26.494194,40.12495,5.9999924,0.0,0.0,-7.09375,0.006652832,0.0,0.0,0.0,0.0,0.0,1.9999695,1.0,52.43225,0.7812499,29.796518,29.867579,0.0,109.96182,0.0,0.0,107.9669,101.706635,720.0,546.75,-0.056623627,-30.59375,0.0,-31.5,7.936031,66.99876,32.885742,0.0,142.31,2.0,0.0,-15.682983,97.3999,81.71692,0.5957031,142.22,142.16,142.05,141.94,0
10041.688,0.20423359,-0.88461304,0.091905765,0.09338419,101.69722,21.804527,13.804246,-10.456718,0.0,0.0,315.518,6.722,9.319,31.197,42.436,0.0,90.225586,2.0,99.998474,0.0,204.0,4439.0,0.0,-10.703125,0.078552246,105.95201,12186.886,12186.886,1100.0834,541.02026,0.0,6.867109,0.0,0.735951,5.0,0.0,26.476353,40.12495,5.9999924,0.0,0.0,-7.5546875,0.004272461,0.0,0.0,0.0,0.0,0.0,1.9999695,1.0,52.39868,0.7812499,29.620201,29.904684,0.0,109.96564,0.0,0.0,107.64353,101.706635,720.0,546.75,-0.0452989,-30.5625,0.0,-31.5,7.469206,66.99888,32.165527,0.0,142.18,1.28125,0.0,-14.694214,98.33374,83.63953,0.6298828,142.22,142.05,141.89,141.89,0
10041.727,0.18338686,-0.8975953,0.090599254,0.09338419,101.698166,21.804527,13.805551,-10.4957285,0.0,0.0,315.518,6.763,9.319,31.197,42.436,0.0,90.225586,2.0,99.998474,0.0,204.0,4429.0,0.0,-10.640625,0.07989502,105.97689,12210.235,12210.235,1100.0834,540.48956,0.0,7.0154724,0.0,0.74501073,5.0,0.0,26.460297,40.12495,5.9999924,0.0,0.0,-7.5,0.0026855469,0.0,0.0,0.0,0.0,0.0,1.9999695,1.0,51.971436,0.7812499,29.352245,29.89854,0.0,109.96907,0.0,0.0,107.328445,101.706635,720.0,546.75,-0.03623912,-30.59375,0.0,-31.5,7.469206,66.99899,31.512451,0.0,142.42,0.8125,0.0,-13.891602,98.9563,85.0647,0.6323242,142.28,142.38,141.67,141.94,0
10041.767,0.16670948,-0.9215381,0.09121167,0.09321464,101.699005,21.804527,13.824041,-10.48931,0.0,0.0,315.518,6.802,9.319,31.197,42.436,0.0,90.225586,2.0,99.998474,0.0,204.0,4413.0,0.0,-10.640625,0.080200195,105.97689,12235.177,12235.177,1100.0834,540.48956,0.0,6.930693,0.0,0.7522586,5.0,0.0,26.445847,40.12495,5.9999924,0.0,0.0,-7.390625,1.8310547E-4,0.0,0.0,0.0,0.0,0.0,1.9999695,1.0,51.948547,0.7812499,29.397331,29.784092,0.0,109.97216,0.0,0.0,107.005066,101.706635,720.0,546.75,-0.028991297,-30.5,0.0,-31.28125,7.469206,66.99909,31.134033,0.0,142.18,0.0625,0.0,-13.049316,99.93286,86.883545,0.6176758,142.16,142.16,141.35,141.61,0
10041.807,0.13336758,-0.93111527,0.09179727,0.09321464,101.69977,21.804527,13.831125,-10.480182,0.0,0.0,315.518,6.842,9.319,31.197,42.436,0.0,90.225586,2.0,99.998474,0.0,204.0,4389.0,0.0,-10.703125,0.08087158,105.9686,12259.588,12259.588,1100.0834,540.48956,0.0,6.9942775,0.0,0.7580568,5.0,0.0,26.432842,40.12495,5.9999924,0.0,0.0,-6.953125,0.0,0.0,0.0,0.0,0.0,0.0,1.9999695,1.0,51.522827,0.7812499,29.461012,29.732092,0.0,109.974945,0.0,0.0,106.86411,101.706635,720.0,546.75,-0.023193037,-30.375,0.0,-31.1875,7.469206,66.99918,30.92041,0.0,142.04,0.0,0.0,-12.701416,99.998474,87.29706,0.6347656,141.89,142.05,141.61,141.56,0
10041.847,0.14669406,-0.89744616,0.091522515,0.09312987,101.69962,21.804527,13.818506,-10.500716,0.0,0.0,315.518,6.882,9.319,31.197,42.436,0.0,90.225586,2.0,99.998474,0.0,204.0,4358.0,0.0,-10.7734375,0.08215332,105.985176,12278.692,12278.692,1100.0834,538.63226,0.0,6.8035245,0.0,0.76269543,5.0,0.0,26.421135,40.12495,5.9999924,0.0,0.0,-6.546875,0.0,0.0,0.0,0.0,0.0,0.0,1.9999695,1.0,51.527405,0.7812499,29.31933,29.634539,0.0,109.97745,0.0,0.0,106.68169,101.69834,720.0,546.75,-0.01855443,-30.125,0.0,-31.0,7.469206,66.99927,30.285645,0.0,141.82,0.0,0.0,-12.182617,99.998474,87.81586,0.71533203,141.61,141.89,141.5,141.35,0
10041.892,0.17735524,-0.86522853,0.09043037,0.0929603,101.69949,21.804527,13.815533,-10.540535,0.0,0.0,315.518,6.922,9.319,31.197,42.436,0.0,90.225586,2.0,99.998474,0.0,204.0,4318.0,0.0,-10.8515625,0.082458496,105.9686,12289.306,12289.306,1100.0834,538.63226,0.0,6.7187457,0.0,0.76640636,5.0,0.0,26.410599,40.12495,5.9999924,0.0,0.0,-6.7890625,0.0,0.0,0.0,0.0,0.0,0.0,1.9999695,1.0,51.461792,0.7812499,29.04473,29.53371,0.0,109.9797,0.0,0.0,106.358315,101.69834,720.0,546.75,-0.014843545,-29.875,0.0,-30.78125,7.469206,66.999344,29.962158,0.0,142.02,0.0,0.0,-11.700439,99.998474,88.298035,0.6567383,142.1,141.83,141.35,141.56,0
10041.925,0.1818842,-0.8523414,0.09001227,0.092790745,101.69855,21.804527,13.807591,-10.559114,0.0,0.0,315.518,6.967,9.319,31.197,42.436,0.0,90.225586,2.0,99.998474,0.0,204.0,4273.0,0.0,-10.875,0.08312988,105.960304,12318.492,12318.492,1100.0834,535.4482,0.0,6.4220185,0.0,0.769375,5.0,0.0,26.40112,40.12495,5.9999924,0.0,0.0,-6.921875,0.0,0.0,0.0,0.0,0.0,0.0,1.9999695,1.0,51.037598,0.7812499,28.915716,29.454967,0.0,109.98173,0.0,0.0,106.358315,101.69005,720.0,546.75,-0.011874836,-29.6875,0.0,-30.5,7.469206,66.99941,29.534912,0.0,141.99,0.0,0.0,-11.157227,99.998474,88.84125,0.625,142.0,141.94,141.12,141.61,0
10041.967,0.14550737,-0.84718657,0.09038809,0.092324466,101.69769,21.804527,13.82547,-10.567409,0.0,0.0,315.518,7.0,9.319,31.197,42.436,0.0,90.225586,2.0,99.998474,0.0,204.375,4176.0,0.0,-11.1171875,0.08276367,105.935425,12323.8,12323.8,1100.0834,535.4482,0.0,6.6127715,0.0,0.77175003,5.0,0.0,26.392586,40.12495,6.374992,0.0,0.0,-7.09375,0.0,0.0,0.0,0.0,0.0,0.0,1.9999695,1.0,50.914,0.7812499,28.857697,29.229979,0.0,109.98355,0.0,0.0,106.07639,101.69005,720.0,547.125,-0.009499869,-29.21875,0.0,-30.09375,7.469206,66.99947,28.973389,0.0,142.15,0.0,0.0,-10.794067,99.998474,89.20441,0.69091797,142.05,142.05,140.96,141.24,0
10042.005,0.1164059,-0.82637465,0.09034942,0.09164623,101.69693,21.804527,13.832126,-10.60999,0.0,0.0,315.518,7.042,9.319,31.197,42.436,0.0,90.225586,2.0,99.998474,0.0,204.375,4022.0,0.0,-12.015625,0.08276367,105.90226,12357.763,12357.763,1100.0834,535.4482,0.0,6.549187,0.0,0.77365,5.0,0.0,26.384907,40.12495,6.374992,0.0,0.0,-7.09375,0.0,0.0,0.0,0.0,0.0,0.0,1.9999695,1.0,50.489807,0.7812499,28.563421,28.814138,0.0,109.98519,0.0,0.0,106.04323,101.69005,720.0,547.875,-0.0075998954,-28.34375,0.0,-29.1875,7.0023804,66.99953,28.448486,0.0,141.71,0.0,0.0,-10.717773,99.998474,89.2807,0.65185547,141.73,141.73,141.24,141.12,0
10042.046,0.09312472,-0.7805499,0.08872664,0.09122233,101.69542,21.804527,13.825066,-10.693822,0.0,0.0,315.518,7.08,9.319,31.197,42.436,0.0,90.225586,2.0,99.998474,0.0,204.0,3916.0,0.0,-12.0234375,0.08306885,105.89397,12362.008,12362.008,1100.0834,525.63074,0.0,6.273655,0.0,0.77516997,5.0,0.0,26.377995,40.12495,5.9999924,0.0,0.0,-6.84375,0.0,0.0,0.0,0.0,0.0,0.0,1.9999695,1.0,50.489807,0.7812499,27.984074,28.52572,0.0,109.98667,0.0,0.0,105.84422,101.68176,720.0,548.25,-0.0060799164,-27.71875,0.0,-28.6875,7.0023804,66.99957,27.728271,0.0,141.74,0.0,0.0,-10.253906,99.998474,89.74457,0.6713867,141.4,141.45,141.35,141.18,0
10042.09,0.07449978,-0.72472,0.08933188,0.09037453,101.694046,21.804527,13.825983,-10.710269,0.0,0.0,315.518,7.121,9.319,31.197,42.436,0.0,90.225586,2.0,99.998474,0.0,204.0,3823.0,0.0,-12.0859375,0.08300781,105.85251,12392.256,12392.256,1100.0834,525.63074,0.0,6.4220185,0.0,0.77638596,5.0,0.0,26.371773,39.74995,5.624993,0.0,0.0,-5.8046875,0.0,0.0,0.0,0.0,0.0,0.0,1.9999695,1.0,50.125122,0.7812499,27.869333,28.074072,0.0,109.988,0.0,0.0,105.71156,101.68176,720.0,548.25,-0.004863933,-27.34375,0.0,-28.1875,6.535555,66.99962,27.4292,0.0,141.3,0.0,0.0,-8.966064,99.998474,91.03241,0.6640625,141.29,141.24,140.91,141.18,0
10042.127,0.11959982,-0.739888,0.090648904,0.08999302,101.69364,21.804527,13.820766,-10.712367,0.0,0.0,315.518,7.165,9.319,31.197,42.436,0.0,90.225586,2.0,99.998474,0.0,203.625,3746.0,0.0,-12.4296875,0.0836792,105.8608,12392.256,12392.256,1100.0834,525.3654,0.0,6.5915766,0.0,0.7773587,5.0,0.0,26.441362,39.37495,5.624993,0.0,0.0,-5.1015625,0.0,0.0,0.0,0.0,0.0,0.0,1.9999695,1.0,49.70398,0.7812499,27.85446,27.713676,0.0,109.9892,0.0,0.0,105.39647,101.69005,720.0,548.625,-0.0038911465,-27.0625,0.0,-27.875,6.535555,66.99966,26.831055,0.0,141.25,0.0,0.0,-8.117676,99.998474,91.8808,0.63720703,141.02,141.12,140.75,141.29,0
10042.165,0.17567986,-0.76470524,0.09191585,0.0893572,101.69328,21.804527,13.828834,-10.700778,0.0,0.0,315.518,7.202,9.319,31.197,42.436,0.0,90.225586,2.0,99.998474,0.0,202.875,3665.0,0.0,-12.9453125,0.084350586,105.8608,12421.974,12421.974,1100.0834,525.3654,0.0,6.8035245,0.0,0.77813697,5.0,0.0,26.503994,38.99995,5.2499933,0.0,0.0,-4.46875,0.0,0.0,0.0,0.0,0.0,0.0,1.9999695,1.0,49.69635,0.7812499,27.933983,27.437569,0.0,109.99027,0.0,0.0,105.39647,101.69005,720.0,549.0,-0.0031129173,-26.6875,0.0,-27.6875,6.535555,66.999695,26.721191,0.0,140.88,0.0,0.0,-7.08313,99.998474,92.915344,0.60546875,140.75,140.96,140.32,140.8,0
10042.207,0.2005439,-0.8121321,0.09146095,0.0893148,101.692955,21.804527,13.83448,-10.679917,0.0,0.0,315.518,7.24,9.319,31.197,42.436,0.0,90.225586,2.0,99.998474,0.0,203.25,3634.0,0.0,-14.7109375,0.08496094,105.844215,12441.078,12441.078,1100.0834,525.3654,0.0,6.973083,0.0,0.77875954,5.0,0.0,26.560362,38.99995,5.2499933,0.0,0.0,-3.8984375,0.0,0.0,0.0,0.0,0.0,0.0,1.9999695,1.0,49.69635,0.7812499,28.077448,27.491055,0.0,109.99124,0.0,0.0,105.07309,101.69005,720.0,550.875,-0.002490334,-26.5625,0.0,-27.5,6.535555,66.999725,26.141357,0.0,140.8,0.0,0.0,-5.859375,99.998474,94.1391,0.64453125,140.7,140.8,140.48,140.48,0
10042.247,0.28043512,-0.8686029,0.092969716,0.08876374,101.69183,21.804527,13.8267145,-10.646498,0.0,0.0,315.518,7.282,9.319,31.197,42.436,0.0,90.225586,2.0,99.998474,0.0,203.25,3574.0,0.0,-15.0390625,0.08526611,105.83593,12460.182,12460.182,1100.0834,525.3654,0.0,7.121446,0.0,0.7792576,5.0,0.0,26.611094,38.99995,4.874994,0.0,0.0,-3.1875,0.0,0.0,0.0,0.0,0.0,0.0,1.9999695,1.0,49.69635,0.7812499,28.306684,27.481876,0.0,109.99211,0.0,0.0,105.07309,101.68176,720.0,551.25,-0.0019922673,-26.3125,0.0,-27.1875,6.535555,66.999756,25.976562,0.0,140.5,0.0,0.0,-5.3009033,99.998474,94.69757,0.6591797,140.27,140.42,140.27,140.27,0
10042.276,0.3043481,-0.89119124,0.09490377,0.08855179,101.69083,21.804527,13.827138,-10.625828,0.0,0.0,315.518,7.322,9.319,31.197,42.436,0.0,90.225586,0.0,99.998474,0.0,202.875,3541.0,0.0,-15.0078125,0.0859375,105.83593,12460.182,12460.182,1100.0834,525.3654,0.0,7.248615,0.0,0.77965605,5.0,0.0,26.656752,38.62495,4.874994,0.0,0.0,-2.7265625,0.0,0.0,0.0,0.0,0.0,0.0,1.9999695,1.0,49.69635,0.7812499,28.448147,27.203386,0.0,109.9929,0.0,0.0,104.79117,101.68176,720.0,551.25,-0.0015938139,-26.25,0.0,-27.1875,6.535555,66.99978,25.561523,0.0,140.52,0.0,0.0,-4.425049,99.998474,95.573425,0.6542969,140.42,140.59,140.06,140.48,0
10042.321,0.36347848,-0.9377265,0.093041174,0.08821268,101.689095,21.804527,13.821574,-10.713302,0.0,0.0,315.518,7.351,9.319,31.197,42.436,0.0,90.225586,0.0,99.998474,0.0,202.875,3474.0,0.0,-14.875,0.08654785,105.81934,12490.431,12490.431,1100.0834,525.3654,0.0,7.0366673,0.0,0.7799748,5.0,0.0,26.697844,38.62495,4.874994,0.0,0.0,-2.109375,0.0,0.0,0.0,0.0,0.0,0.0,1.9999695,1.0,49.275208,0.7812499,27.843475,26.904884,0.0,109.99361,0.0,0.0,104.7497,101.67347,720.0,550.875,-0.0012750512,-26.0,0.0,-26.875,6.06873,66.9998,24.951172,0.0,140.26,0.0,0.0,-3.6437988,99.998474,96.354675,0.6591797,140.32,140.32,139.89,140.32,0
10042.366,0.35078278,-0.9750906,0.09201266,0.088000715,101.68753,21.804527,13.829399,-10.760447,0.0,0.0,315.518,7.401,9.319,31.197,42.436,0.0,90.225586,0.0,99.998474,0.0,202.875,3441.0,0.0,-14.9453125,0.08685303,105.81934,12494.676,12494.676,1100.0834,525.3654,0.0,7.0154724,0.0,0.78022987,5.0,0.0,26.734827,38.24995,4.4999943,0.0,0.0,-1.2421875,0.0,0.0,0.0,0.0,0.0,0.0,1.9999695,1.0,49.275208,0.7812499,27.516943,26.73503,0.0,109.99424,0.0,0.0,104.55071,101.67347,720.0,550.875,-0.001020041,-25.8125,0.0,-26.6875,6.06873,66.999825,24.713135,0.0,140.13,0.0,0.0,-3.1066895,99.998474,96.891785,0.64941406,139.73,140.06,139.58,139.73,0
10042.407,0.36062622,-0.99003625,0.091900826,0.08778878,101.68613,21.804527,13.829017,-10.762734,0.0,0.0,315.518,7.443,9.319,31.197,42.436,0.0,90.225586,0.0,99.998474,0.0,202.5,3393.0,0.0,-15.1640625,0.087524414,105.80276,12528.639,12528.639,1100.0834,525.3654,0.0,7.0154724,0.0,0.78043383,5.0,0.0,26.768112,37.87495,4.4999943,0.0,0.0,-0.8984375,0.0,0.0,0.0,0.0,0.0,0.0,1.9999695,1.0,48.854065,0.7812499,27.499773,26.693058,0.0,109.99481,0.0,0.0,104.42633,101.67347,720.0,551.25,-8.1603276E-4,-25.65625,0.0,-26.59375,6.06873,66.99984,24.35913,0.0,139.91,0.0,0.0,-2.1820068,99.998474,97.81647,0.64453125,139.73,140.06,139.68,139.64,0
10042.445,0.408501,-0.99601454,0.09226413,0.08766162,101.685684,21.804527,13.822889,-10.750029,0.0,0.0,315.518,7.482,9.319,31.197,42.436,0.0,90.225586,0.0,99.998474,0.0,202.5,3385.0,0.0,-15.171875,0.088134766,105.81105,12528.639,12528.639,1100.0834,525.3654,0.0,7.0366673,0.0,0.78059703,5.0,0.0,26.798069,37.87495,4.4999943,0.0,0.0,-0.8125,0.0,0.0,0.0,0.0,0.0,0.0,1.9999695,1.0,48.854065,0.7812499,27.586908,26.698534,0.0,109.99533,0.0,0.0,104.25221,101.68176,720.0,551.25,-6.528262E-4,-25.59375,0.0,-26.59375,6.06873,66.999855,23.986816,0.0,139.89,0.0,0.0,-1.739502,99.998474,98.25897,0.63964844,139.79,139.73,139.37,139.37,0
10042.488,0.3868008,-0.9984058,0.09281411,0.08761923,101.68529,21.804527,13.830319,-10.756565,0.0,0.0,315.518,7.52,9.319,31.197,42.436,0.0,90.225586,0.0,99.998474,0.0,202.5,3373.0,0.0,-15.515625,0.08911133,105.81934,12554.642,12554.642,1100.0834,525.3654,0.0,7.2698097,0.0,0.7807276,5.0,0.0,26.82503,37.87495,4.4999943,0.0,0.0,-0.28125,0.0,0.0,0.0,0.0,0.0,0.0,1.9999695,1.0,48.854065,0.7812499,27.541462,26.541996,0.0,109.9958,0.0,0.0,104.111244,101.68176,720.0,551.25,-5.2226096E-4,-25.53125,0.0,-26.28125,6.06873,66.99987,23.699951,0.0,139.86,0.0,0.0,-0.8300781,99.998474,99.168396,0.63964844,139.89,139.68,139.41,139.64,0
10042.525,0.34944063,-0.99936235,0.09286135,0.08757684,101.684105,21.804527,13.817943,-10.743733,0.0,0.0,315.518,7.563,9.319,31.197,42.436,0.0,90.225586,0.0,99.998474,0.0,202.5,3363.0,0.0,-15.5625,0.089782715,105.81105,12563.133,12563.133,1100.0834,525.3654,0.0,7.2274203,0.0,0.78083205,5.0,0.0,26.849295,37.87495,4.4999943,0.0,0.0,-0.1171875,0.0,0.0,0.0,0.0,0.0,0.0,1.9999695,1.0,48.432922,0.7812499,27.628725,26.611767,0.0,109.996216,0.0,0.0,104.111244,101.67347,720.0,551.625,-4.1780877E-4,-25.46875,0.0,-26.28125,6.06873,66.999886,23.68164,0.0,139.78,0.0,0.0,-0.74157715,99.998474,99.2569,0.63964844,139.64,139.68,139.05,139.47,0
10042.567,0.3595525,-0.999745,0.0930656,0.087449655,101.683044,21.804527,13.832716,-10.721808,0.0,0.0,315.518,7.6,9.319,31.197,42.436,0.0,90.225586,0.0,99.998474,0.0,202.5,3333.0,0.0,-15.84375,0.09039307,105.81105,12577.991,12577.991,1100.0834,525.3654,0.0,7.2698097,0.0,0.7809156,5.0,0.0,26.871132,37.49995,4.4999943,0.0,0.0,0.609375,0.0,0.0,0.0,0.0,0.0,0.0,1.9999695,1.0,48.432922,0.7812499,27.778784,26.699703,0.0,109.99659,0.0,0.0,103.82103,101.67347,720.0,552.0,-3.3424702E-4,-25.46875,0.0,-26.28125,6.06873,66.9999,23.150635,0.0,139.52,0.0,0.0,-0.592041,99.998474,99.40643,0.64941406,139.47,139.47,138.94,138.94,0
10042.605,0.327642,-0.96239805,0.09327881,0.0872801,101.68209,21.804527,13.837198,-10.713311,0.0,0.0,315.518,7.642,9.319,31.197,42.436,0.0,90.225586,0.0,19.921875,0.0,202.5,3320.0,0.0,-15.90625,0.09075928,105.80276,12597.096,12597.096,1100.0834,525.3654,0.0,7.312199,0.0,0.7809825,5.0,0.0,26.890785,37.49995,4.1249948,0.0,0.0,0.75,0.0,0.0,0.0,0.0,0.0,0.0,1.9999695,1.0,48.432922,0.7812499,27.8364,26.665768,0.0,109.996925,0.0,0.0,103.787865,101.67347,720.0,552.0,-2.673976E-4,-25.40625,0.0,-26.1875,6.06873,66.99991,23.07129,0.0,139.25,0.0,0.0,-0.64086914,99.998474,99.357605,0.64941406,139.05,139.2,139.1,138.84,0
10042.647,0.3221136,-0.89120924,0.09358717,0.08723771,101.6804,21.804527,13.834476,-10.704417,0.0,0.0,315.518,7.68,9.319,31.197,42.436,0.0,90.225586,0.0,0.032043457,0.0,202.125,3316.0,0.0,-15.8125,0.092041016,105.81934,12600.279,12600.279,1100.0834,525.3654,0.0,7.2698097,0.0,0.78103596,5.0,0.0,26.908474,37.49995,4.1249948,0.0,0.0,0.6640625,0.0,0.0,0.0,0.0,0.0,0.0,1.9999695,1.0,48.432922,0.7812499,27.896013,26.669724,0.0,109.99723,0.0,0.0,103.787865,101.66518,720.0,552.0,-2.1391809E-4,-25.34375,0.0,-26.1875,6.06873,66.999916,22.460938,0.0,139.2,0.0,0.0,-0.6652832,99.998474,99.33319,0.64453125,139.16,139.05,139.1,138.84,0
10042.69,0.31769088,-0.8439837,0.093711175,0.08723771,101.67887,21.804527,13.83843,-10.708522,0.0,0.0,315.518,7.722,9.319,31.197,42.436,0.0,90.225586,0.0,0.0,0.0,202.125,3308.0,0.0,-15.7890625,0.09265137,105.80276,12631.589,12631.589,1100.0834,525.3654,0.0,7.1850305,0.0,0.78107876,5.0,0.0,26.924395,37.49995,4.1249948,0.0,0.0,0.1640625,0.0,0.0,0.0,0.0,0.0,0.0,1.9999695,1.0,48.432922,0.7812499,27.866196,26.613827,0.0,109.997505,0.0,0.0,103.63032,101.66518,720.0,552.0,-1.7113447E-4,-25.3125,0.0,-26.09375,6.06873,66.99992,21.356201,0.0,138.99,0.0,0.0,-0.58898926,99.998474,99.409485,0.64453125,138.84,138.84,138.71,139.01,0
10042.728,0.31415272,-0.8250935,0.09378749,0.08723771,101.67833,21.804527,13.741589,-10.715799,0.0,0.0,315.518,7.765,9.319,31.197,42.436,0.0,90.225586,0.0,0.0,0.0,202.125,3308.0,0.0,-15.75,0.09399414,105.83593,12646.448,12646.448,1100.0834,525.3654,0.0,7.2062254,0.0,0.78111297,5.0,0.0,27.01391,37.49995,4.1249948,0.0,0.0,0.2265625,0.0,0.0,0.0,0.0,0.0,0.0,1.9999695,1.0,48.01178,0.7812499,27.815487,26.55145,0.0,109.99775,0.0,0.0,104.7497,101.67347,720.0,551.625,-1.3690758E-4,-25.3125,0.0,-26.09375,6.06873,66.99993,22.7417,0.0,139.15,0.0,0.0,-3.85437,99.998474,96.144104,0.64941406,139.05,139.2,138.27,138.58,0
10042.757,0.31132218,-0.83628744,0.09285462,0.0872377,101.67784,21.804527,13.7675495,-10.734106,0.0,0.0,315.518,7.803,9.319,31.197,42.436,0.0,90.225586,0.0,0.0,0.0,202.125,3305.0,0.0,-15.765625,0.09466553,105.83593,12646.448,12646.448,1100.0834,525.3654,0.0,7.1850305,0.0,0.7811403,5.0,0.0,27.094475,37.49995,4.1249948,0.0,0.0,0.8203125,0.0,0.0,0.0,0.0,0.0,0.0,1.9999695,1.0,48.01178,0.7812499,27.68882,26.593973,0.0,109.99797,0.0,0.0,104.42633,101.67347,720.0,551.625,-1.0952606E-4,-25.34375,0.0,-26.09375,6.06873,66.99994,21.917725,0.0,139.08,0.0,0.0,-2.4475098,99.998474,97.550964,0.64941406,138.74,138.84,138.47,138.47,0
10042.802,0.28905776,-0.897015,0.09198688,0.08711054,101.67741,21.804527,13.785722,-10.7470875,0.0,0.0,315.518,7.832,9.319,31.197,42.436,0.0,90.225586,0.0,0.0,0.0,202.125,3282.0,0.0,-15.8203125,0.09527588,105.82764,12668.736,12668.736,1100.0834,525.3654,0.0,7.0790567,0.0,0.78116226,5.0,0.0,27.166983,37.49995,4.1249948,0.0,0.0,0.7890625,0.0,0.0,0.0,0.0,0.0,0.0,1.9999695,1.0,47.590637,0.7812499,27.5989,26.656586,0.0,109.99817,0.0,0.0,104.42633,101.67347,720.0,552.0,-8.762085E-5,-25.28125,0.0,-26.09375,6.06873,66.99995,21.282959,0.0,138.46,0.0,0.0,-2.017212,99.998474,97.98126,0.64941406,138.01,138.27,138.47,138.17,0
10042.847,0.31124622,-1.015056,0.09193449,0.0868562,101.676186,21.804527,13.786724,-10.758443,0.0,0.0,315.518,7.882,9.319,31.197,42.436,0.0,89.924835,0.0,0.0,0.0,202.125,3254.0,0.0,-15.828125,0.09588623,105.81934,12691.024,12691.024,1100.0834,525.3654,0.0,7.142641,0.0,0.7811798,5.0,0.0,27.232239,37.124954,4.1249948,0.0,0.0,0.6953125,0.0,0.0,0.0,0.0,0.0,0.0,1.9999695,1.0,47.590637,0.7812499,27.519411,26.54015,0.0,109.99835,0.0,0.0,104.20245,101.66518,720.0,552.0,-7.0096685E-5,-25.15625,0.0,-26.0,6.06873,66.999954,20.581055,0.0,138.08,0.0,0.0,-1.6845703,99.998474,98.3139,0.6542969,138.05,138.05,138.11,138.08,0
10042.891,0.34899697,-1.1747724,0.09120525,0.087068155,101.67509,21.804527,13.793284,-10.766815,0.0,0.0,315.518,7.923,9.319,31.197,42.436,0.0,89.684235,0.0,0.0,0.0,202.125,3269.0,0.0,-16.453125,0.09753418,105.83593,12699.516,12699.516,1100.0834,525.3654,0.0,7.0790567,0.0,0.7811938,5.0,0.0,27.29097,37.49995,4.1249948,0.0,0.0,0.71875,0.0,0.0,0.0,0.0,0.0,0.0,1.9999695,1.0,47.590637,0.7812499,27.460602,26.660555,0.0,109.99851,0.0,0.0,104.136116,101.66518,720.0,552.375,-5.6077348E-5,-25.1875,0.0,-26.0,6.06873,66.99996,20.336914,0.0,137.8,0.0,0.0,-0.970459,99.998474,99.028015,0.64941406,137.78,137.9,137.5,137.7,0
10042.925,0.33919758,-1.351159,0.09121571,0.087068155,101.67326,21.804527,13.786159,-10.744341,0.0,0.0,315.518,7.966,9.319,31.197,42.436,0.0,89.49175,0.0,0.0,0.0,202.125,3270.0,0.0,-16.5625,0.09887695,105.85251,12706.944,12706.944,1100.0834,525.3654,0.0,7.1850305,0.0,0.781205,5.0,0.0,27.343828,37.49995,4.1249948,0.0,0.0,0.890625,0.0,0.0,0.0,0.0,0.0,0.0,1.9999695,1.0,47.590637,0.7812499,27.61369,26.806158,0.0,109.99866,0.0,0.0,104.111244,101.65688,720.0,552.75,-4.4861878E-5,-25.15625,0.0,-26.0,6.06873,66.99997,20.269775,0.0,137.92,0.0,0.0,-0.7507324,99.998474,99.24774,0.6542969,137.7,137.72,137.03,137.34,0
10042.966,0.31135806,-1.5342137,0.09166954,0.086898595,101.67162,21.804527,13.804607,-10.75334,0.0,0.0,315.518,8.0,9.319,31.197,42.436,0.0,89.33777,0.0,0.0,0.0,202.125,3261.0,0.0,-16.4375,0.099487305,105.85251,12726.579,12726.579,1100.0834,525.3654,0.0,7.163836,0.0,0.781214,5.0,0.0,27.391401,37.49995,4.1249948,0.0,0.0,1.0546875,0.0,0.0,0.0,0.0,0.0,0.0,1.9999695,1.0,47.590637,0.7812499,27.550024,26.628435,0.0,109.99879,0.0,0.0,104.111244,101.65688,720.0,552.375,-3.58895E-5,-25.15625,0.0,-26.0,6.06873,66.99998,20.22705,0.0,137.49,0.0,0.0,-0.76904297,99.998474,99.22943,0.6542969,137.34,137.5,137.14,136.98,0
10043.007,0.30908644,-1.7386855,0.09160425,0.0868562,101.67014,21.804527,13.817522,-10.75495,0.0,0.0,315.518,8.041,9.319,31.197,42.436,0.0,89.21458,0.0,0.0,0.0,202.125,3254.0,0.0,-16.210938,0.10015869,105.844215,12737.193,12737.193,1100.0834,525.3654,0.0,7.2274203,0.0,0.78122115,5.0,0.0,27.434216,37.49995,4.1249948,0.0,0.0,0.703125,0.0,0.0,0.0,0.0,0.0,0.0,1.9999695,1.0,47.169495,0.7812499,27.537447,26.617197,0.0,109.99891,0.0,0.0,103.90395,101.65688,720.0,552.375,-2.8711602E-5,-25.15625,0.0,-26.0,6.06873,66.99998,19.769287,0.0,137.13,0.0,0.0,-0.64086914,99.998474,99.357605,0.6542969,136.82,136.81,136.77,136.59,0
10043.045,0.28726915,-1.9329743,0.09203612,0.08681382,101.66965,21.804527,13.820703,-10.750502,0.0,0.0,315.518,8.082,9.319,31.197,42.436,0.0,89.11603,0.0,0.0,0.0,202.125,3236.0,0.0,-16.296875,0.10144043,105.87739,12741.438,12741.438,1100.0834,525.3654,0.0,7.312199,0.0,0.78122693,5.0,0.0,27.47275,37.124954,4.1249948,0.0,0.0,0.6953125,0.0,0.0,0.0,0.0,0.0,0.0,1.9999695,1.0,47.169495,0.7812499,27.56761,26.551308,0.0,109.999016,0.0,0.0,103.82103,101.66518,720.0,552.375,-2.2969281E-5,-25.09375,0.0,-25.875,6.06873,66.99998,19.54956,0.0,136.59,0.0,0.0,-0.6225586,99.998474,99.375916,0.6542969,136.59,136.13,136.41,136.59,0
10043.09,0.22981532,-2.1419399,0.09242487,0.08668665,101.6692,21.804527,13.828789,-10.739594,0.0,0.0,315.518,8.12,9.319,31.197,42.436,0.0,89.037186,0.0,0.0,0.0,202.125,3221.0,0.0,-16.328125,0.10211182,105.8608,12767.972,12767.972,1100.0834,525.3654,0.0,7.2910047,0.0,0.7812315,5.0,0.0,27.50743,37.124954,4.1249948,0.0,0.0,1.0390625,0.0,0.0,0.0,0.0,0.0,0.0,1.9999695,1.0,47.169495,0.7812499,27.642338,26.524027,0.0,109.999115,0.0,0.0,103.787865,101.66518,720.0,552.375,-1.8375425E-5,-25.03125,0.0,-25.875,6.06873,66.99998,19.451904,0.0,135.9,0.0,0.0,-0.6500244,99.998474,99.34845,0.6591797,135.77,135.73,135.62,135.98,0
10043.125,0.22385225,-2.281776,0.09242196,0.08651708,101.669624,21.804527,13.82273,-10.732646,0.0,0.0,315.518,8.165,9.319,31.197,42.436,0.0,88.97411,0.0,0.0,0.0,202.125,3198.0,0.0,-16.328125,0.10272217,105.869095,12771.156,12771.156,1100.0834,525.3654,0.0,7.2062254,0.0,0.78123516,5.0,0.0,27.613829,36.749954,3.7499952,0.0,0.0,1.1171875,0.0,0.0,0.0,0.0,0.0,0.0,1.9999695,1.0,47.169495,0.7812499,27.69067,26.551527,0.0,109.9992,0.0,0.0,103.787865,101.67347,720.0,552.375,-1.470034E-5,-24.96875,0.0,-25.875,6.06873,66.99998,19.451904,0.0,134.91,0.0,0.0,-0.66223145,99.998474,99.33624,0.63964844,134.57,135.22,135.18,135.03,0
10043.165,0.1990818,-2.3939605,0.0927267,0.0864747,101.67001,21.804527,13.836067,-10.722476,0.0,0.0,315.518,8.2,9.319,31.197,42.436,0.0,88.92365,0.0,0.0,0.0,201.75,3193.0,0.0,-16.796875,0.10406494,105.89397,12797.689,12797.689,1100.0834,525.3654,0.0,7.121446,0.0,0.78123814,5.0,0.0,27.709589,36.749954,3.7499952,0.0,0.0,1.0703125,0.0,0.0,0.0,0.0,0.0,0.0,1.9999695,1.0,47.169495,0.7812499,27.761154,26.56435,0.0,109.999275,0.0,0.0,103.787865,101.67347,720.0,552.75,-1.1760272E-5,-24.9375,0.0,-25.78125,6.06873,66.99998,19.476318,0.0,135.16,0.0,0.0,-0.66223145,99.998474,99.33624,0.6542969,135.08,135.22,134.61,134.45,0
10043.205,0.17926544,-2.5513344,0.09276705,0.0864747,101.67036,21.804527,13.839543,-10.699485,0.0,0.0,315.518,8.24,9.319,31.197,42.436,0.0,88.883286,0.0,0.0,0.0,201.75,3189.0,0.0,-16.960938,0.10437012,105.88568,12802.466,12802.466,1100.0834,525.3654,0.0,7.2910047,0.0,0.78124046,5.0,0.0,27.795773,36.749954,3.7499952,0.0,0.0,0.53125,0.0,0.0,0.0,0.0,0.0,0.0,1.9999695,1.0,46.748352,0.7812499,27.919977,26.711325,0.0,109.999344,0.0,0.0,103.62203,101.67347,720.0,553.125,-9.408218E-6,-24.90625,0.0,-25.78125,6.06873,66.99998,19.238281,0.0,135.21,0.0,0.0,-0.5859375,99.998474,99.41254,0.64941406,135.03,134.84,133.91,134.33,0
10043.248,0.16341235,-2.708034,0.0932774,0.0864747,101.67149,21.804527,13.830258,-10.685416,0.0,0.0,315.518,8.28,9.319,31.197,42.436,0.0,88.85099,0.0,0.0,0.0,201.75,3185.0,0.0,-17.109375,0.105041504,105.89397,12832.184,12832.184,1100.0834,525.3654,0.0,7.248615,0.0,0.7812424,5.0,0.0,27.873339,36.374954,3.7499952,0.0,0.0,0.734375,0.0,0.0,0.0,0.0,0.0,0.0,1.9999695,1.0,46.748352,0.7812499,28.018078,26.724182,0.0,109.999405,0.0,0.0,103.52253,101.68176,720.0,553.125,-7.5265743E-6,-24.90625,0.0,-25.78125,6.06873,66.99998,18.859863,0.0,134.77,0.0,0.0,-0.5493164,99.998474,99.44916,0.64453125,134.95,134.61,133.68,134.4,0
10043.288,0.13072988,-2.826964,0.09298746,0.08643231,101.672516,21.804527,13.829618,-10.696015,0.0,0.0,315.518,8.323,9.319,31.197,42.436,0.0,88.82516,0.0,0.0,0.0,201.75,3179.0,0.0,-17.015625,0.10632324,105.91055,12836.429,12836.429,1100.0834,525.3654,0.0,7.2062254,0.0,0.78124386,5.0,0.0,27.943148,36.749954,3.7499952,0.0,0.0,1.3515625,0.0,0.0,0.0,0.0,0.0,0.0,1.9999695,1.0,46.748352,0.7812499,27.946045,26.702719,0.0,109.99946,0.0,0.0,103.46449,101.68176,720.0,553.125,-6.0212597E-6,-24.90625,0.0,-25.78125,6.06873,66.99998,18.786621,0.0,134.19,0.0,0.0,-0.54626465,99.998474,99.45221,0.64453125,134.06,134.29,133.46,133.79,0
10043.328,0.14458391,-2.8932858,0.09323671,0.08634753,101.672615,21.804527,13.8174515,-10.708658,0.0,0.0,315.518,8.363,9.319,31.197,42.436,0.0,88.80449,0.0,0.0,0.0,201.75,3167.0,0.0,-16.789062,0.10662842,105.90226,12839.612,12839.612,1100.0834,525.3654,0.0,7.142641,0.0,0.78124505,5.0,0.0,28.005976,36.374954,3.7499952,0.0,0.0,1.859375,0.0,0.0,0.0,0.0,0.0,0.0,1.9999695,1.0,46.748352,0.7812499,27.859,26.546968,0.0,109.99951,0.0,0.0,103.46449,101.67347,720.0,552.75,-4.8170077E-6,-24.875,0.0,-25.78125,6.06873,66.99998,18.811035,0.0,133.53,0.0,0.0,-0.5432129,99.998474,99.45526,0.64453125,133.09,133.46,133.57,133.41,0
10043.365,0.11566713,-2.9010644,0.09294173,0.08630515,101.6727,21.804527,13.826512,-10.705082,0.0,0.0,315.518,8.403,9.319,31.197,42.436,0.0,88.78796,0.0,0.0,0.0,201.75,3153.0,0.0,-17.078125,0.10699463,105.90226,12866.146,12866.146,1100.0834,525.3654,0.0,7.142641,0.0,0.781246,5.0,0.0,28.062521,36.374954,3.7499952,0.0,0.0,1.6796875,0.0,0.0,0.0,0.0,0.0,0.0,1.9999695,1.0,46.748352,0.7812499,27.883734,26.59604,0.0,109.99956,0.0,0.0,103.46449,101.67347,720.0,553.125,-3.8536064E-6,-24.8125,0.0,-25.6875,5.6019044,66.99998,18.76831,0.0,133.15,0.0,0.0,-0.5584717,99.998474,99.44,0.64453125,132.81,132.92,132.98,133.13,0
10043.407,0.1925337,-2.9041758,0.092642166,0.086093195,101.672775,21.804527,13.826996,-10.71343,0.0,0.0,315.518,8.44,9.319,31.197,42.436,0.0,88.77473,0.0,0.0,0.0,201.75,3134.0,0.0,-16.9375,0.107299805,105.89397,12873.576,12873.576,1100.0834,525.3654,0.0,7.163836,0.0,0.7812468,5.0,0.0,28.11341,36.374954,3.7499952,0.0,0.0,1.359375,0.0,0.0,0.0,0.0,0.0,0.0,1.9999695,1.0,46.32721,0.7812499,27.82626,26.565998,0.0,109.999596,0.0,0.0,103.46449,101.67347,720.0,553.125,-3.082885E-6,-24.75,0.0,-25.6875,5.6019044,66.99998,18.719482,0.0,132.4,0.0,0.0,-0.6134033,99.998474,99.38507,0.6347656,132.37,132.31,132.12,132.28,0
10043.448,0.19402698,-2.9241705,0.092640534,0.08605079,101.673676,21.804527,13.821475,-10.730746,0.0,0.0,315.518,8.482,9.319,31.197,42.436,0.0,88.764145,0.0,0.0,0.0,201.75,3125.0,0.0,-16.882812,0.10797119,105.90226,12881.005,12881.005,1100.0834,525.3654,0.0,7.121446,0.0,0.78124744,5.0,0.0,28.159212,36.374954,3.7499952,0.0,0.0,1.4296875,0.0,0.0,0.0,0.0,0.0,0.0,1.9999695,1.0,46.32721,0.7812499,27.707806,26.455555,0.0,109.99963,0.0,0.0,103.3484,101.68176,720.0,553.125,-2.4663082E-6,-24.71875,0.0,-25.59375,5.6019044,66.99998,18.450928,0.0,132.05,0.0,0.0,-0.4638672,99.998474,99.53461,0.64453125,132.17,132.12,131.33,131.59,0
10043.488,0.21522158,-2.988418,0.09232735,0.086050786,101.674484,21.804527,13.8293295,-10.74722,0.0,0.0,315.518,8.523,9.319,31.197,42.436,0.0,88.75568,0.0,0.0,0.0,201.75,3116.0,0.0,-16.757812,0.10827637,105.89397,12904.886,12904.886,1100.0834,525.3654,0.0,7.0790567,0.0,0.7812479,5.0,0.0,28.200434,36.374954,3.7499952,0.0,0.0,1.6953125,0.0,0.0,0.0,0.0,0.0,0.0,1.9999695,1.0,46.32721,0.7812499,27.59507,26.400984,0.0,109.999664,0.0,0.0,103.306946,101.68176,720.0,552.75,-1.9730467E-6,-24.6875,0.0,-25.59375,5.6019044,66.99998,18.273926,0.0,131.61,0.0,0.0,-0.4852295,99.998474,99.513245,0.64453125,131.21,131.8,131.17,131.12,0
10043.525,0.23217727,-3.0891173,0.09147379,0.08600841,101.674385,21.804527,13.823109,-10.773224,0.0,0.0,315.518,8.563,9.319,31.197,42.436,0.0,88.7489,0.0,0.0,0.0,201.75,3108.0,0.0,-16.679688,0.10925293,105.91055,12904.886,12904.886,1100.0834,525.3654,0.0,6.9942775,0.0,0.78124833,5.0,0.0,28.237534,36.374954,3.7499952,0.0,0.0,1.9765625,0.0,0.0,0.0,0.0,0.0,0.0,1.9999695,1.0,46.32721,0.7812499,27.415728,26.377192,0.0,109.999695,0.0,0.0,103.20744,101.67347,720.0,552.75,-1.5784374E-6,-24.625,0.0,-25.5,5.6019044,66.99998,18.157959,0.0,131.44,0.0,0.0,-0.4272461,99.998474,99.57123,0.64453125,131.01,131.12,130.85,130.91,0
10043.567,0.22574183,-3.223147,0.09048895,0.08592364,101.67429,21.804527,13.836332,-10.788764,0.0,0.0,315.518,8.6,9.319,31.197,42.436,0.0,88.743484,0.0,0.0,0.0,201.75,3100.0,0.0,-17.007812,0.109558105,105.91055,12917.621,12917.621,1100.0834,525.3654,0.0,7.0154724,0.0,0.7812486,5.0,0.0,28.270924,36.749954,3.7499952,0.0,0.0,1.90625,0.0,0.0,0.0,0.0,0.0,0.0,1.9999695,1.0,46.32721,0.7812499,27.308517,26.432648,0.0,109.999725,0.0,1.0,103.141106,101.67347,720.0,553.125,-1.26275E-6,-24.59375,0.0,-25.5,5.6019044,66.99998,17.932129,0.0,131.26,0.0,0.0,-0.43945312,99.998474,99.55902,0.64453125,131.38,130.95,129.96,130.59,0
10043.604,0.24059348,-3.3330088,0.090806216,0.08588125,101.67421,21.804527,13.839729,-10.755877,0.0,0.0,315.518,8.642,9.319,31.197,42.436,0.0,88.73915,0.0,0.0,0.0,201.75,3088.0,0.0,-17.9375,0.10992432,105.91055,12938.849,12938.849,1100.0834,525.3654,0.0,7.1850305,0.0,0.78124887,5.0,0.0,28.300974,36.374954,3.7499952,0.0,0.0,1.828125,0.0,0.0,0.0,0.0,0.0,0.0,1.9999695,1.0,45.906067,0.7812499,27.535126,26.601233,0.0,109.99975,0.0,1.0,103.141106,101.67347,720.0,553.875,-1.0102E-6,-24.53125,0.0,-25.375,5.6019044,66.99998,18.0542,0.0,130.38,0.0,0.0,-0.44555664,99.998474,99.55292,0.63964844,130.34,130.59,129.66,129.77,0
10043.645,0.23247477,-3.3957036,0.091640346,0.08588124,101.67496,21.804527,13.836247,-10.732812,0.0,0.0,315.518,8.679,9.319,31.197,42.436,0.0,88.73569,0.0,0.0,0.0,201.75,3080.0,0.0,-17.929688,0.11022949,105.918846,12938.849,12938.849,1100.0834,525.3654,0.0,7.2910047,0.0,0.78124905,5.0,0.0,28.403208,35.999954,3.7499952,0.0,0.0,1.7890625,0.0,0.0,0.0,0.0,0.0,0.0,1.9999695,1.0,45.906067,0.7812499,27.694855,26.593052,0.0,109.99977,0.0,1.0,103.141106,101.68176,720.0,553.875,-8.0816E-7,-24.53125,0.0,-25.5,5.6019044,66.99998,18.0542,0.0,129.96,0.0,0.0,-0.45776367,99.998474,99.54071,0.63964844,129.31,130.08,129.96,129.62,0
10043.69,0.22597983,-3.4395318,0.08991567,0.08549973,101.675644,21.804527,13.83967,-10.706881,0.0,0.0,315.518,8.72,9.319,31.197,42.436,0.0,88.73291,0.0,0.0,0.0,201.0,3052.0,0.0,-17.351562,0.11053467,105.91055,12969.097,12969.097,1100.0834,525.3654,0.0,7.1002517,0.0,0.7812492,5.0,0.0,28.495218,36.749954,2.9999962,0.0,0.0,1.96875,0.0,0.0,0.0,0.0,0.0,0.0,1.9999695,1.0,45.906067,0.7812499,27.874285,26.778324,0.0,109.999794,0.0,1.0,103.141106,101.68176,720.0,553.5,-6.46528E-7,-24.96875,0.0,-25.5,5.6019044,66.99998,18.121338,0.0,129.09,0.0,0.0,-0.45776367,99.998474,99.54071,0.63964844,128.39,128.44,129.25,129.16,0
10043.728,0.24078387,-3.4383128,0.094765045,0.08524541,101.677086,21.804527,13.824488,-10.537369,0.0,0.0,315.518,8.765,9.319,31.197,42.436,0.0,88.73069,0.0,0.0,0.0,200.25,3009.0,0.0,-17.5625,0.11090088,105.918846,12973.342,12973.342,1100.0834,525.3654,0.0,6.9094987,0.0,0.78124934,5.0,0.0,28.578028,35.999954,2.2499971,0.0,0.0,2.703125,0.0,0.0,0.0,0.0,0.0,0.0,1.9999695,1.0,45.906067,0.7812499,29.044155,27.21389,0.0,109.99981,0.0,1.0,103.141106,101.69005,720.0,553.5,-5.172224E-7,-25.28125,0.0,-26.5,5.6019044,66.99998,18.50586,0.0,127.56,0.0,0.0,-0.45776367,99.998474,99.54071,0.64697266,126.6,127.79,128.0,128.35,0
10043.767,0.2926271,-3.419075,0.088251,0.085203014,101.67838,21.804527,13.831438,-10.733846,0.0,0.0,315.518,8.803,9.319,31.197,42.436,0.0,88.72891,0.0,0.0,0.0,200.25,2986.0,0.0,-17.539062,0.111206055,105.918846,12979.71,12979.71,1100.0834,525.3654,0.0,6.29485,0.0,0.78124946,5.0,0.0,28.652555,37.49995,2.2499971,0.0,0.0,3.265625,0.0,0.0,0.0,0.0,0.0,0.0,1.9999695,1.0,45.906067,0.7812499,27.691153,27.098679,0.0,109.999825,0.0,1.0,103.141106,101.69005,720.0,553.5,-4.1377794E-7,-25.78125,0.0,-26.6875,5.135079,66.99998,17.358398,0.0,126.62,0.0,0.0,-0.4547119,99.998474,99.54376,0.6347656,126.81,127.19,127.15,127.05,0
10043.807,0.3141017,-3.43013,0.0860844,0.085203014,101.67955,21.804527,13.836304,-10.786476,0.0,0.0,315.518,8.842,9.319,31.197,42.436,0.0,88.72749,0.0,0.0,0.0,200.25,2980.0,0.0,-17.679688,0.11151123,105.91055,13007.305,13007.305,1100.0834,525.3654,0.0,6.2312655,0.0,0.7812495,5.0,0.0,28.719631,38.24995,2.2499971,0.0,0.0,3.3671875,0.0,0.0,0.0,0.0,0.0,0.0,1.9999695,1.0,45.484924,0.7812499,27.329544,27.136303,0.0,109.99984,0.0,1.0,103.141106,101.69005,720.0,553.875,-3.3102236E-7,-26.09375,0.0,-27.1875,5.135079,66.99998,17.541504,0.0,127.09,0.0,0.0,-0.4547119,99.998474,99.54376,0.6347656,126.08,127.24,125.73,125.44,0
10043.845,0.31128135,-3.5470524,0.085566424,0.085203014,101.68143,21.804527,13.83385,-10.78648,0.0,0.0,315.518,8.882,9.319,31.197,42.436,0.0,88.72636,0.0,0.0,0.0,200.25,2979.0,0.0,-18.03125,0.111816406,105.918846,13007.305,13007.305,1100.0834,524.8348,0.0,6.0617075,0.0,0.78124964,5.0,0.0,28.779999,38.62495,2.2499971,0.0,0.0,3.0625,0.0,0.0,0.0,0.0,0.0,0.0,1.9999695,1.0,45.484924,0.7812499,27.3314,27.255816,0.0,109.999855,0.0,1.0,103.141106,101.69834,720.0,554.25,-2.6481788E-7,-26.1875,0.0,-27.28125,5.135079,66.99998,17.523193,0.0,127.61,0.0,0.0,-0.45166016,99.998474,99.546814,0.63964844,127.49,127.19,125.84,125.21,0
10043.885,0.2690251,-3.781321,0.08595802,0.085203014,101.68312,21.804527,13.837992,-10.790667,0.0,0.0,315.518,8.92,9.319,31.197,42.436,0.0,88.72545,0.0,0.0,0.0,200.25,2979.0,0.0,-17.78125,0.11218262,105.91055,13024.287,13024.287,1100.0834,524.8348,0.0,5.998123,0.0,0.78124964,5.0,0.0,28.83433,38.24995,2.2499971,0.0,0.0,3.125,0.0,0.0,0.0,0.0,0.0,0.0,1.9999695,1.0,45.466614,0.7812499,27.30423,27.147097,0.0,109.99987,0.0,1.0,103.141106,101.69834,720.0,553.875,-2.1185431E-7,-26.125,0.0,-27.1875,5.135079,66.99998,17.565918,0.0,126.94,0.0,0.0,-0.45166016,99.998474,99.546814,0.63964844,127.34,126.81,125.53,125.59,0
10043.925,0.23522007,-4.0062785,0.08550308,0.085203014,101.68547,21.804527,13.811594,-10.804228,0.0,0.0,315.518,8.96,9.319,31.197,42.436,0.0,88.724724,0.0,0.0,0.0,200.25,2981.0,0.0,-17.664062,0.11248779,105.918846,13037.022,13037.022,1100.0834,524.8348,0.0,5.976928,0.0,0.7812497,5.0,0.0,28.883226,38.62495,2.2499971,0.0,0.0,3.5859375,0.0,0.0,0.0,0.0,0.0,0.0,1.9999695,1.0,45.466614,0.7812499,27.213106,27.158552,0.0,109.99988,0.0,1.0,103.141106,101.706635,720.0,553.875,-1.6948346E-7,-26.1875,0.0,-27.28125,5.135079,66.99998,17.462158,0.0,126.23,0.0,0.0,-0.45166016,99.998474,99.546814,0.64941406,125.84,126.32,125.73,125.35,0
10043.965,0.14817607,-4.171262,0.085846804,0.085203014,101.68759,21.804527,13.810694,-10.804905,0.0,0.0,315.518,9.0,9.319,31.197,42.436,0.0,88.724144,0.0,0.0,0.0,200.25,2981.0,0.0,-17.632812,0.11279297,105.918846,13041.269,13041.269,1100.0834,524.8348,0.0,6.0193176,0.0,0.78124976,5.0,0.0,28.927235,38.24995,2.2499971,0.0,0.0,3.7421875,0.0,0.0,0.0,0.0,0.0,0.0,1.9999695,1.0,45.465088,0.7812499,27.210554,27.085197,0.0,109.999886,0.0,1.0,103.141106,101.706635,720.0,553.875,-1.3558677E-7,-26.15625,0.0,-27.28125,5.135079,66.99998,17.510986,0.0,125.94,0.0,0.0,-0.4486084,99.998474,99.549866,2.1191406,125.39,125.53,125.39,125.16,0
10044.004,0.11854086,-4.256005,0.08670995,0.085033454,101.6895,21.804527,13.769048,-10.782609,0.0,0.0,315.518,9.04,9.319,31.197,42.436,0.0,88.72368,0.0,0.0,0.0,200.25,2961.0,0.0,-17.617188,0.113098145,105.91055,13065.148,13065.148,1100.0834,524.8348,0.0,6.167681,0.0,0.78124976,5.0,0.0,28.96684,38.24995,2.2499971,0.0,0.0,3.265625,0.0,0.0,0.0,0.0,0.0,0.0,1.9999695,1.0,45.043945,0.7812499,27.36615,27.03419,0.0,109.99989,0.0,1.0,103.10795,101.706635,720.0,553.5,-1.0846942E-7,-25.96875,0.0,-27.09375,5.135079,66.99998,17.541504,0.0,125.06,0.0,0.0,-0.42114258,99.998474,99.57733,2.902832,124.96,124.64,124.21,124.72,0
10044.048,0.09483269,-4.233652,0.0874243,0.08494867,101.690384,21.804527,13.775052,-10.738621,0.0,0.0,315.518,9.079,9.319,31.197,42.436,0.0,88.723305,0.0,0.0,0.0,200.625,2932.0,0.0,-18.078125,0.113464355,105.90226,13075.762,13075.762,1100.0834,524.3041,0.0,6.2312655,0.0,0.7812498,5.0,0.0,29.002487,37.49995,2.6249967,0.0,0.0,3.015625,0.0,0.0,0.0,0.0,0.0,0.0,1.9999695,1.0,45.04547,0.7812499,27.670246,27.163763,0.0,109.9999,0.0,1.0,103.141106,101.69834,720.0,554.25,-8.6775536E-8,-25.75,0.0,-26.875,5.135079,66.99998,17.681885,0.0,123.78,0.0,0.0,-0.47607422,99.998474,99.5224,3.413086,123.41,123.98,124.02,123.83,0
10044.09,0.09586616,-4.168461,0.08871237,0.08494867,101.69118,21.804527,13.785114,-10.703698,0.0,0.0,315.518,9.123,9.319,31.197,42.436,0.0,88.72301,0.0,0.0,0.0,200.625,2920.0,0.0,-18.054688,0.113464355,105.90226,13075.762,13075.762,1100.0834,524.3041,0.0,6.2524605,0.0,0.7812498,5.0,0.0,29.034569,37.124954,2.6249967,0.0,0.0,3.7734375,0.0,0.0,0.0,0.0,0.0,0.0,1.9999695,1.0,45.02716,0.7812499,27.91175,27.154533,0.0,109.99991,0.0,1.0,103.141106,101.69834,720.0,554.25,-6.942043E-8,-25.53125,0.0,-26.6875,5.135079,66.99998,17.681885,0.0,123.15,0.0,0.0,-0.44555664,99.998474,99.55292,3.5864258,122.45,123.05,123.56,123.09,0
10044.127,0.11669293,-4.1236343,0.08847043,0.08482152,101.69272,21.804527,13.780439,-10.723978,0.0,0.0,315.518,9.165,9.319,31.197,42.436,0.0,88.72277,0.0,0.0,0.0,200.625,2903.0,0.0,-17.53125,0.11376953,105.91055,13102.296,13102.296,1100.0834,522.9774,0.0,6.2100706,0.0,0.7812498,5.0,0.0,29.063442,37.124954,2.6249967,0.0,0.0,4.1171875,0.0,0.0,0.0,0.0,0.0,0.0,1.9999695,1.0,45.02716,0.7812499,27.773504,27.111881,0.0,109.999916,0.0,1.0,103.23233,101.706635,720.0,553.5,-5.5536344E-8,-25.5,0.0,-26.5,5.135079,66.99998,17.370605,0.0,122.69,0.0,0.0,-0.58288574,99.998474,99.41559,3.6279297,122.3,122.45,121.95,121.99,0
10044.167,0.11335434,-4.1432037,0.08577521,0.08482151,101.69411,21.804527,13.783026,-10.8025,0.0,0.0,315.518,9.202,9.319,31.197,42.436,0.0,88.72258,0.0,0.0,0.0,200.625,2889.0,0.0,-17.125,0.11376953,105.91055,13109.725,13104.418,1100.0834,522.9774,0.0,5.9557333,0.0,0.7812498,5.0,0.0,29.089428,37.87495,2.6249967,0.0,0.0,4.21875,0.0,0.0,0.0,0.0,0.0,0.0,1.9999695,1.0,44.97986,0.7812499,27.233652,27.06183,0.0,109.99992,0.0,1.0,103.282074,101.706635,720.0,553.5,-4.4429076E-8,-25.75,0.0,-26.78125,4.6682534,66.99998,17.492676,1.0,121.96,0.0,0.0,-0.47912598,99.998474,99.51935,3.6279297,121.89,122.1,121.45,121.0,0
10044.207,0.11068347,-4.2072816,0.08853777,0.075368635,101.69536,21.804527,13.7965555,-10.86962,0.0,0.0,315.518,9.242,9.319,31.197,42.436,0.0,88.72243,0.0,0.0,0.0,200.625,2872.0,0.0,-13.4296875,0.11743164,106.00176,13112.909,13108.663,1100.0834,522.9774,0.0,5.934539,0.0,0.7812498,5.0,0.0,29.112816,38.24995,2.6249967,0.0,0.0,6.859375,0.0,0.0,0.0,0.0,0.0,0.0,1.9999695,1.0,44.56024,0.7812499,26.772245,24.222773,0.0,109.99993,0.0,1.0,103.46449,101.706635,720.0,549.375,-3.5543263E-8,-25.78125,0.0,-26.78125,4.6682534,66.99998,17.803955,1.0,121.2,0.0,0.0,-0.75683594,99.998474,99.24164,3.6328125,120.6,121.26,121.17,120.68,0
10044.248,0.088546775,-4.307913,0.080848984,0.07545341,101.695656,21.804527,13.794308,-11.071035,0.0,0.0,315.518,9.282,9.319,31.197,42.436,0.0,88.722305,0.0,0.0,0.0,200.625,2861.0,0.0,-9.9140625,0.11773682,105.99347,13133.605,13112.909,1100.0834,522.1814,0.0,5.31989,0.0,0.7812499,5.0,0.0,29.209053,40.12495,1.4999981,0.0,0.0,8.828125,0.0,0.0,0.0,0.0,0.0,0.0,1.9999695,1.0,44.563293,0.7812499,25.384216,24.346336,0.0,109.99994,0.0,1.0,103.655205,101.69834,720.0,546.0,-2.8434611E-8,-25.59375,0.0,-27.28125,4.2014284,66.99998,17.590332,1.0,120.95,0.0,0.0,-1.0375977,99.998474,98.96088,3.6328125,120.51,120.64,120.37,120.16,0
10044.289,0.09083742,-4.404415,0.07693736,0.0754958,101.69592,21.804527,13.810312,-11.1882,0.0,0.0,315.518,9.323,9.319,31.197,42.436,0.0,88.722206,0.0,0.0,0.0,199.125,2847.0,0.0,-10.8203125,0.11773682,105.985176,13144.219,13117.154,1100.0834,522.1814,0.0,5.1503315,0.0,0.7812499,5.0,0.0,29.295666,40.12495,1.1249986,0.0,0.0,11.171875,0.0,0.0,0.0,0.0,0.0,0.0,1.9999695,1.0,44.537354,0.7812499,24.576881,24.308666,0.0,109.99994,0.0,1.0,103.721535,101.69834,720.0,546.75,-2.274769E-8,-25.65625,0.0,-26.78125,4.2014284,66.99998,17.547607,1.0,120.28,0.0,0.0,-0.8178711,99.998474,99.1806,3.6328125,120.29,120.11,119.63,119.21,0
10044.327,0.07266994,-4.480516,0.07572948,0.07566537,101.69699,21.804527,13.809796,-11.225979,0.0,0.0,315.518,9.364,9.319,31.197,42.436,0.0,88.72213,0.0,0.0,0.0,199.125,2831.0,0.0,-12.5703125,0.11804199,105.99347,13152.709,13121.399,1100.0834,521.12006,0.0,5.0655527,0.0,0.7812499,5.0,0.0,29.373617,40.12495,1.1249986,0.0,0.0,13.5078125,0.0,0.0,0.0,0.0,0.0,0.0,1.9999695,1.0,44.537354,0.7812499,24.317541,24.29758,0.0,109.99994,0.0,1.0,103.787865,101.706635,720.0,548.625,-1.8198152E-8,-25.625,0.0,-26.78125,4.2014284,66.99998,17.687988,1.0,119.37,0.0,0.0,-0.78125,99.998474,99.217224,3.6328125,119.02,119.37,119.4,118.86,0
10044.365,0.058135953,-4.5484567,0.07586893,0.07583492,101.69795,21.804527,13.821155,-11.232451,0.0,0.0,315.518,9.402,9.319,31.197,42.436,0.0,88.72207,0.0,0.0,0.0,199.125,2811.0,0.0,-12.609375,0.11804199,105.99347,13170.752,13125.645,1100.0834,521.12006,0.0,5.044358,0.0,0.7812499,5.0,0.0,29.443773,40.12495,1.1249986,0.0,0.0,14.8828125,0.0,0.0,0.0,0.0,0.0,0.0,1.9999695,1.0,44.500732,0.7812499,24.273888,24.275028,0.0,109.99994,0.0,1.0,103.787865,101.706635,720.0,548.625,-1.4558522E-8,-25.59375,0.0,-26.6875,4.2014284,66.99998,17.663574,1.0,118.79,0.0,0.0,-0.64086914,99.998474,99.357605,3.6328125,118.17,118.34,118.46,118.22,0
10044.407,0.046508763,-4.6131325,0.07647322,0.076089256,101.69882,21.804527,13.823246,-11.23261,0.0,0.0,315.518,9.44,9.319,31.197,42.436,0.0,88.722015,0.0,0.0,0.0,199.125,2783.0,0.0,-12.515625,0.1184082,105.99347,13178.182,13129.891,1100.0834,521.12006,0.0,5.129137,0.0,0.7812499,5.0,0.0,29.506914,40.12495,1.1249986,0.0,0.0,15.359375,0.0,0.0,0.0,0.0,0.0,0.0,1.9999695,1.0,44.07959,0.7812499,24.273666,24.206821,0.0,109.99994,0.0,1.0,103.82103,101.706635,720.0,548.625,-1.1646818E-8,-25.53125,0.0,-26.59375,4.2014284,66.99998,17.651367,1.0,117.82,0.0,0.0,-0.7171631,99.998474,99.28131,3.6328125,117.83,117.36,117.26,117.36,0
10044.445,0.03720701,-4.676503,0.07699177,0.076258816,101.6996,21.804527,13.8188505,-11.230026,0.0,0.0,315.518,9.482,9.319,31.197,42.436,0.0,88.72198,0.0,0.0,0.0,199.125,2765.0,0.0,-12.1640625,0.1184082,105.99347,13180.305,13134.136,1100.0834,519.7934,0.0,5.129137,0.0,0.7812499,5.0,0.0,29.563742,40.12495,1.1249986,0.0,0.0,15.375,0.0,0.0,0.0,0.0,0.0,0.0,1.9999695,1.0,44.07959,0.7812499,24.292255,24.153063,0.0,109.99994,0.0,1.0,104.04491,101.706635,720.0,548.25,-9.317454E-9,-25.5,0.0,-26.59375,4.2014284,66.99998,18.048096,1.0,116.6,0.0,0.0,-1.2023926,99.998474,98.79608,3.6328125,116.45,116.4,116.94,116.45,0
10044.485,0.04976561,-4.7393513,0.077333435,0.076343596,101.7003,21.804527,13.815773,-11.232811,0.0,0.0,315.518,9.52,9.319,31.197,42.436,0.0,88.72195,0.0,0.0,0.0,198.75,2743.0,0.0,-11.703125,0.11871338,105.985176,13207.899,13138.381,1100.0834,519.7934,0.0,5.1927214,0.0,0.7812499,5.0,0.0,29.614885,40.12495,0.74999905,0.0,0.0,15.3125,0.0,0.0,0.0,0.0,0.0,0.0,1.9999695,1.0,44.03839,0.7812499,24.273756,24.083035,0.0,109.99994,0.0,1.0,104.111244,101.706635,720.0,547.875,-7.453964E-9,-25.46875,0.0,-26.6875,4.2014284,66.99998,18.151855,1.0,115.92,0.0,0.0,-0.96435547,99.998474,99.03412,3.6328125,115.42,115.74,115.51,115.46,0
10044.528,0.059812486,-4.8207407,0.077349134,0.07655554,101.70093,21.804527,13.807759,-11.23522,0.0,0.0,315.518,9.56,9.319,31.197,42.436,0.0,88.721924,0.0,0.0,0.0,198.75,2725.0,0.0,-11.65625,0.11871338,105.985176,13212.145,13142.627,1100.0834,518.4667,0.0,5.2351108,0.0,0.7812499,5.0,0.0,29.660915,40.12495,0.74999905,0.0,0.0,15.546875,0.0,0.0,0.0,0.0,0.0,0.0,1.9999695,1.0,44.03839,0.7812499,24.25778,24.107285,0.0,109.99994,0.0,1.0,104.111244,101.706635,720.0,547.875,-5.963171E-9,-25.4375,0.0,-26.59375,4.2014284,66.99998,18.151855,1.0,115.27,0.0,0.0,-0.8239746,99.998474,99.1745,3.6328125,115.23,115.09,114.22,114.5,0
10044.567,0.06784999,-4.9095464,0.07762175,0.07659794,101.70149,21.804527,13.8138685,-11.222978,0.0,0.0,315.518,9.603,9.319,31.197,42.436,0.0,88.7219,0.0,0.0,0.0,198.75,2714.0,0.0,-11.734375,0.119018555,105.985176,13214.268,13146.872,1100.0834,518.4667,0.0,5.2775006,0.0,0.7812499,5.0,0.0,29.702341,40.12495,0.74999905,0.0,0.0,16.351562,0.0,0.0,0.0,0.0,0.0,0.0,1.9999695,1.0,43.995667,0.7812499,24.342728,24.132042,0.0,109.99994,0.0,1.0,104.12783,101.706635,720.0,547.875,-4.770537E-9,-25.40625,0.0,-26.59375,4.2014284,66.99998,18.121338,1.0,114.6,0.0,0.0,-0.8239746,99.998474,99.1745,3.6328125,114.22,114.72,113.64,113.86,0
10044.604,0.074279994,-5.001319,0.0781876,0.076809876,101.70201,21.804527,13.812286,-11.214431,0.0,0.0,315.518,9.642,9.319,31.197,42.436,0.0,88.721886,0.0,0.0,0.0,198.75,2698.0,0.0,-11.8359375,0.119018555,105.985176,13246.639,13246.639,1100.0834,518.4667,0.0,5.2563057,0.0,0.7812499,5.0,0.0,29.739626,40.12495,0.74999905,0.0,0.0,16.492188,0.0,0.0,0.0,0.0,0.0,0.0,1.9999695,1.0,43.995667,0.7812499,24.402157,24.121288,0.0,109.99994,0.0,1.0,104.21905,101.706635,720.0,547.875,-3.8164294E-9,-25.375,0.0,-26.59375,4.2014284,66.99998,18.21289,1.0,114.23,0.0,0.0,-0.9399414,99.998474,99.05853,3.6328125,113.95,114.05,112.97,113.14,0
10044.647,0.079423994,-5.1130276,0.077475324,0.0767675,101.70247,21.804527,13.805319,-11.237737,0.0,0.0,315.518,9.679,9.319,31.197,42.436,0.0,88.72187,0.0,0.0,0.0,198.75,2686.0,0.0,-11.8984375,0.119018555,105.985176,13246.639,13246.639,1100.0834,517.67065,0.0,5.2351108,0.0,0.7812499,5.0,0.0,29.773182,40.12495,0.74999905,0.0,0.0,16.375,0.0,0.0,0.0,0.0,0.0,0.0,1.9999695,1.0,43.995667,0.7812499,24.24197,24.112558,0.0,109.99994,0.0,1.0,104.42633,101.706635,720.0,547.875,-3.0531435E-9,-25.34375,0.0,-26.5,4.2014284,66.99998,18.511963,1.0,113.62,0.0,0.0,-1.8035889,99.998474,98.194885,3.6328125,113.73,113.54,112.34,112.68,0
10044.688,0.123539194,-5.2327113,0.07742022,0.07693704,101.70288,21.804527,13.806301,-11.251579,0.0,0.0,315.518,9.722,9.319,31.197,42.436,0.0,88.72186,0.0,0.0,0.0,198.75,2672.0,0.0,-11.96875,0.11932373,105.97689,13271.049,13271.049,1100.0834,517.67065,0.0,5.129137,0.0,0.7812499,5.0,0.0,29.803381,40.12495,0.74999905,0.0,0.0,15.890625,0.0,0.0,0.0,0.0,0.0,0.0,1.9999695,1.0,43.96515,0.7812499,24.146975,24.029629,0.0,109.99994,0.0,1.0,104.42633,101.706635,720.0,547.875,-2.4425149E-9,-25.3125,0.0,-26.5,4.2014284,66.99998,18.493652,1.0,112.93,0.0,0.0,-1.675415,99.998474,98.32306,3.6328125,112.47,113.09,112.21,112.29,0
10044.728,0.15883136,-5.2993345,0.077236176,0.077064216,101.70326,21.804527,13.801129,-11.257321,0.0,0.0,315.518,9.763,9.319,31.197,42.436,0.0,88.721855,0.0,0.0,0.0,198.75,2655.0,0.0,-11.9140625,0.11932373,105.97689,13277.417,13277.417,1100.0834,516.8747,0.0,5.1715264,0.0,0.7812499,5.0,0.0,29.83056,40.12495,0.74999905,0.0,0.0,16.539062,0.0,0.0,0.0,0.0,0.0,0.0,1.9999695,1.0,43.54706,0.7812499,24.107773,24.08704,0.0,109.99994,0.0,1.0,104.42633,101.706635,720.0,547.875,-1.9540118E-9,-25.28125,0.0,-26.5,4.2014284,66.99998,18.42041,1.0,112.44,0.0,0.0,-1.7089844,99.998474,98.28949,3.6328125,111.98,112.04,111.3,111.77,0
10044.767,0.1870651,-5.325984,0.07698916,0.077233784,101.7036,21.804527,13.809228,-11.262047,0.0,0.0,315.518,9.803,9.319,31.197,42.436,0.0,88.72185,0.0,0.0,0.0,198.75,2638.0,0.0,-11.6796875,0.11932373,105.97689,13280.602,13280.602,1100.0834,516.8747,0.0,5.1927214,0.0,0.7812499,5.0,0.0,29.855022,40.12495,0.74999905,0.0,0.0,17.140625,0.0,0.0,0.0,0.0,0.0,0.0,1.9999695,1.0,43.518066,0.7812499,24.075537,24.106918,0.0,109.99994,0.0,1.0,104.42633,101.706635,720.0,547.875,-1.5632095E-9,-25.25,0.0,-26.5,4.2014284,66.99998,18.353271,1.0,111.51,0.0,0.0,-1.6906738,99.998474,98.3078,3.6328125,111.51,111.34,110.82,110.99,0
10044.807,0.20965208,-5.317894,0.07766505,0.07731856,101.7039,21.804527,13.809037,-11.252766,0.0,0.0,315.518,9.842,9.319,31.197,42.436,0.0,88.72184,0.0,0.0,0.0,198.75,2615.0,0.0,-12.125,0.11968994,105.97689,13292.276,13292.276,1100.0834,516.8747,0.0,5.2775006,0.0,0.7812499,5.0,0.0,29.877039,40.12495,0.74999905,0.0,0.0,17.234375,0.0,0.0,0.0,0.0,0.0,0.0,1.9999695,1.0,43.518066,0.7812499,24.139814,24.110249,0.0,109.99994,0.0,1.0,104.62533,101.706635,720.0,548.25,-1.2505675E-9,-25.21875,0.0,-26.375,4.2014284,66.99998,18.707275,1.0,110.56,0.0,0.0,-1.8554688,99.998474,98.143005,3.6328125,110.02,110.65,110.52,110.48,0
10044.845,0.26772165,-5.295908,0.07793771,0.0775729,101.70418,21.804527,13.803044,-11.238294,0.0,0.0,315.518,9.882,9.319,31.197,42.436,0.0,88.72183,0.0,0.0,0.0,198.75,2599.0,0.0,-11.84375,0.11968994,105.97689,13311.911,13311.911,1100.0834,515.548,0.0,5.298695,0.0,0.7812499,5.0,0.0,29.972042,40.12495,0.74999905,0.0,0.0,17.742188,0.0,0.0,0.0,0.0,0.0,0.0,1.9999695,1.0,43.518066,0.7812499,24.239843,24.154392,0.0,109.99994,0.0,1.0,104.7497,101.706635,720.0,547.875,-1.000454E-9,-25.15625,0.0,-26.375,4.2014284,66.99998,18.939209,1.0,109.9,0.0,0.0,-2.1606445,99.998474,97.83783,3.6328125,109.76,109.63,108.93,109.43,0
10044.885,0.2741773,-5.2496133,0.07824083,0.07765768,101.70442,21.804527,13.804709,-11.232342,0.0,0.0,315.518,9.92,9.319,31.197,42.436,0.0,88.72183,0.0,0.0,0.0,198.375,2584.0,0.0,-11.84375,0.119628906,105.9686,13315.095,13315.095,1100.0834,515.548,0.0,5.2775006,0.0,0.7812499,5.0,0.0,30.057545,40.12495,0.37499952,0.0,0.0,17.953125,0.0,0.0,0.0,0.0,0.0,0.0,1.9999695,1.0,43.473816,0.7812499,24.281113,24.161053,0.0,109.99994,0.0,1.0,104.7497,101.706635,720.0,547.875,-8.003633E-10,-25.125,0.0,-26.375,4.2014284,66.99998,18.89038,1.0,108.93,0.0,0.0,-2.0019531,99.998474,97.99652,3.6328125,108.77,108.98,108.73,108.73,0
10044.925,0.29934186,-5.2310953,0.078396425,0.07786962,101.70381,21.804527,13.794156,-11.223132,0.0,0.0,315.518,9.96,9.319,31.197,42.436,0.0,88.72183,0.0,0.0,0.0,198.375,2566.0,0.0,-11.9140625,0.119628906,105.960304,13323.586,13323.586,1100.0834,514.48663,0.0,5.31989,0.0,0.7812499,5.0,0.0,30.134499,40.12495,0.37499952,0.0,0.0,18.273438,0.0,0.0,0.0,0.0,0.0,0.0,1.9999695,1.0,43.055725,0.7812499,24.343985,24.235985,0.0,109.99994,0.0,1.0,104.7497,101.69834,720.0,547.875,-6.4029065E-10,-25.09375,0.0,-26.375,4.2014284,66.99998,18.804932,1.0,108.53,0.0,0.0,-1.9195557,99.998474,98.07892,3.6328125,107.94,108.59,107.86,107.82,0
10044.965,0.3194735,-5.223688,0.078312516,0.07786962,101.70326,21.804527,13.804347,-11.235371,0.0,0.0,315.518,10.0,9.319,31.197,42.436,0.0,88.72183,0.0,0.0,0.0,198.375,2552.0,0.0,-11.7421875,0.11895752,105.935425,13345.874,13345.874,1100.0834,514.48663,0.0,5.1927214,0.0,0.7812499,5.0,0.0,30.203754,40.12495,0.37499952,0.0,0.0,18.203125,0.0,0.0,0.0,0.0,0.0,0.0,1.9999695,1.0,43.02826,0.7812499,24.259083,24.173504,0.0,109.99994,0.0,1.0,104.7497,101.69834,720.0,547.875,-5.1223253E-10,-25.0625,0.0,-26.375,4.2014284,66.99998,18.695068,1.0,107.96,0.0,0.0,-1.9195557,99.998474,98.07892,3.6328125,108.02,107.69,106.89,107.22,0
10045.007,0.31557882,-5.2394753,0.077735834,0.07803918,101.702774,21.804527,13.799762,-11.24753,0.0,0.0,315.518,10.04,9.319,31.197,42.436,0.0,88.72183,0.0,0.0,0.0,198.375,2535.0,0.0,-11.75,0.11999512,105.960304,13349.058,13349.058,1100.0834,514.48663,0.0,5.1715264,0.0,0.7812499,5.0,0.0,30.266087,40.12495,0.37499952,0.0,0.0,18.804688,0.0,0.0,0.0,0.0,0.0,0.0,1.9999695,1.0,43.02826,0.7812499,24.174776,24.225807,0.0,109.99994,0.0,1.0,104.95701,101.69834,720.0,547.875,-4.0978604E-10,-25.03125,0.0,-26.375,4.2014284,66.99998,19.085693,1.0,107.19,0.0,0.0,-2.508545,99.998474,97.48993,3.6328125,106.66,107.22,106.86,106.63,0
10045.047,0.3324631,-5.2832904,0.07818469,0.078123964,101.7015,21.804527,13.796552,-11.239197,0.0,0.0,315.518,10.082,9.319,31.197,42.436,0.0,88.72183,0.0,0.0,0.0,198.375,2523.0,0.0,-11.8125,0.11993408,105.95201,13357.549,13357.549,1100.0834,513.4253,0.0,5.2563057,0.0,0.7812499,5.0,0.0,30.322186,40.12495,0.37499952,0.0,0.0,18.78125,0.0,0.0,0.0,0.0,0.0,0.0,1.9999695,1.0,43.02826,0.7812499,24.230944,24.22439,0.0,109.99994,0.0,1.0,105.01505,101.69005,720.0,547.875,-3.2782885E-10,-25.0,0.0,-26.28125,4.2014284,66.99998,19.158936,1.0,106.85,0.0,0.0,-2.633667,99.998474,97.36481,3.6328125,106.42,106.5,105.75,105.91,0
10045.085,0.32597047,-5.2820663,0.07893639,0.07829352,101.700356,21.804527,13.800164,-11.239361,0.0,0.0,315.518,10.122,9.319,31.197,42.436,0.0,88.72183,0.0,0.0,0.0,198.375,2506.0,0.0,-12.1015625,0.11993408,105.94372,13383.552,13383.552,1100.0834,513.4253,0.0,5.2775006,0.0,0.7812499,5.0,0.0,30.372673,40.12495,0.37499952,0.0,0.0,18.640625,0.0,0.0,0.0,0.0,0.0,0.0,1.9999695,1.0,42.996216,0.7812499,24.228668,24.121725,0.0,109.99994,0.0,1.0,105.07309,101.69005,720.0,548.25,-2.6226307E-10,-24.96875,0.0,-26.28125,4.2014284,66.99998,19.293213,1.0,105.69,0.0,0.0,-2.658081,99.998474,97.34039,3.6328125,105.64,105.56,105.29,105.44,0
10045.127,0.34077638,-5.2815766,0.07919331,0.07846308,101.70016,21.804527,13.790975,-11.231836,0.0,0.0,315.518,10.16,9.319,31.197,42.436,0.0,88.72183,0.0,0.0,0.0,198.375,2478.0,0.0,-11.921875,0.12030029,105.95201,13383.552,13383.552,1100.0834,512.36395,0.0,5.298695,0.0,0.7812499,5.0,0.0,30.418114,39.74995,0.37499952,0.0,0.0,18.5625,0.0,0.0,0.0,0.0,0.0,0.0,1.9999695,1.0,42.578125,0.7812499,24.280334,24.142437,0.0,109.99994,0.0,1.0,105.07309,101.69834,720.0,547.875,-2.0981046E-10,-24.875,0.0,-26.1875,4.2014284,66.99998,19.226074,1.0,104.77,0.0,0.0,-2.5238037,99.998474,97.47467,3.6328125,103.99,104.67,104.79,104.67,0
10045.167,0.37262112,-5.225131,0.07833576,0.078420684,101.699974,21.804527,13.802119,-11.246935,0.0,0.0,315.518,10.202,9.319,31.197,42.436,0.0,88.72183,0.0,0.0,0.0,198.375,2455.0,0.0,-11.6796875,0.119262695,105.92714,13401.595,13401.595,1100.0834,512.36395,0.0,5.2563057,0.0,0.7812499,5.0,0.0,30.459007,39.74995,0.37499952,0.0,0.0,19.1875,0.0,0.0,0.0,0.0,0.0,0.0,1.9999695,1.0,42.54608,0.7812499,24.176077,24.198385,0.0,109.99994,0.0,1.0,105.07309,101.69834,720.0,547.875,-1.6784837E-10,-24.78125,0.0,-26.09375,4.2014284,66.99998,19.085693,1.0,104.04,0.0,0.0,-2.3986816,99.998474,97.59979,3.6328125,103.8,103.69,103.8,103.5,0
10045.204,0.3180969,-5.202553,0.078026555,0.07850546,101.699814,21.804527,13.809921,-11.255933,0.0,0.0,315.518,10.242,9.319,31.197,42.436,0.0,88.72183,0.0,0.0,0.0,198.375,2443.0,0.0,-11.7265625,0.119262695,105.92714,13417.515,13417.515,1100.0834,512.36395,0.0,5.1927214,0.0,0.7812499,5.0,0.0,30.495811,39.74995,0.37499952,0.0,0.0,19.484375,0.0,0.0,0.0,0.0,0.0,0.0,1.9999695,1.0,42.54608,0.7812499,24.113895,24.217287,0.0,109.99994,0.0,1.0,105.07309,101.69834,720.0,547.875,-1.342787E-10,-24.75,0.0,-26.09375,3.734603,66.99998,19.042969,1.0,103.17,0.0,0.0,-2.3590088,99.998474,97.639465,3.6328125,102.65,103.16,103.01,102.98,0
10045.248,0.35447752,-5.1935215,0.07775037,0.07846308,101.69884,21.804527,13.803663,-11.273313,0.0,0.0,315.518,10.279,9.319,31.197,42.436,0.0,88.72183,0.0,0.0,0.0,198.0,2426.0,0.0,-11.7734375,0.119262695,105.918846,13417.515,13417.515,1100.0834,511.0373,0.0,5.1927214,0.0,0.7812499,5.0,0.0,30.528938,39.37495,0.0,0.0,0.0,19.234375,0.0,0.0,0.0,0.0,0.0,0.0,1.9999695,1.0,42.54608,0.7812499,23.99312,24.117445,0.0,109.99994,0.0,1.0,105.13943,101.69005,720.0,547.875,-1.0742296E-10,-24.6875,0.0,-26.0,3.734603,66.99998,19.21997,1.0,102.59,0.0,0.0,-2.8533936,99.998474,97.14508,3.6328125,102.47,102.47,101.63,101.75,0
10045.289,0.30358204,-5.2086587,0.07767742,0.078590244,101.69796,21.804527,13.805142,-11.277778,0.0,0.0,315.518,10.323,9.319,31.197,42.436,0.0,88.72183,0.0,0.0,0.0,198.0,2408.0,0.0,-11.765625,0.11956787,105.91055,13445.109,13445.109,1100.0834,511.0373,0.0,5.1715264,0.0,0.7812499,5.0,0.0,30.55875,39.37495,0.0,0.0,0.0,19.195312,0.0,0.0,0.0,0.0,0.0,0.0,1.9999695,1.0,42.49878,0.7812499,23.961464,24.162863,0.0,109.99994,0.0,1.0,105.28038,101.69005,720.0,547.875,-8.593837E-11,-24.59375,0.0,-25.875,3.734603,66.99998,19.348145,1.0,101.67,0.0,0.0,-2.822876,99.998474,97.1756,3.6328125,101.71,101.78,101.63,101.0,0
10045.325,0.28286564,-5.2147136,0.077899955,0.07850546,101.696335,21.804527,13.800319,-11.273531,0.0,0.0,315.518,10.364,9.319,31.197,42.436,0.0,88.72183,0.0,0.0,0.0,198.0,2392.0,0.0,-11.7578125,0.11956787,105.90226,13451.478,13451.478,1100.0834,509.97595,0.0,5.2563057,0.0,0.7812499,5.0,0.0,30.585583,38.99995,0.0,0.0,0.0,19.171875,0.0,0.0,0.0,0.0,0.0,0.0,1.9999695,1.0,42.082214,0.7812499,23.989113,24.108381,0.0,109.99994,0.0,1.0,105.18917,101.68176,720.0,547.875,-6.875069E-11,-24.53125,0.0,-26.0,3.734603,66.99998,19.207764,1.0,101.04,0.0,0.0,-2.456665,99.998474,97.54181,3.6328125,100.78,100.87,100.52,100.66,0
10045.367,0.28629252,-5.2171354,0.07866707,0.07863264,101.69487,21.804527,13.8086605,-11.262916,0.0,0.0,315.518,10.4,9.319,31.197,42.436,0.0,88.72183,0.0,0.0,0.0,198.0,2371.0,0.0,-11.796875,0.11956787,105.90226,13451.478,13451.478,1100.0834,509.97595,0.0,5.31989,0.0,0.7812499,5.0,0.0,30.60973,38.99995,0.0,0.0,0.0,19.5625,0.0,0.0,0.0,0.0,0.0,0.0,1.9999695,1.0,42.05017,0.7812499,24.060825,24.040756,0.0,109.99994,0.0,1.0,105.363304,101.68176,720.0,547.875,-5.5000556E-11,-24.4375,0.0,-25.875,3.734603,66.99998,19.519043,1.0,100.15,0.0,0.0,-2.8656006,99.998474,97.13287,3.6328125,100.31,99.93,99.93,99.77,0
10045.407,0.24903402,-5.2368546,0.07889733,0.078590244,101.69356,21.804527,13.8086405,-11.251105,0.0,0.0,315.518,10.442,9.319,31.197,42.436,0.0,88.72183,0.0,0.0,0.0,198.0,2357.0,0.0,-11.890625,0.11956787,105.90226,13462.091,13462.091,1100.0834,509.97595,0.0,5.2775006,0.0,0.7812499,5.0,0.0,30.631462,38.99995,0.0,0.0,0.0,19.835938,0.0,0.0,0.0,0.0,0.0,0.0,1.9999695,1.0,42.05017,0.7812499,24.140911,24.095388,0.0,109.99994,0.0,1.0,105.28038,101.68176,720.0,547.875,-4.4000446E-11,-24.40625,0.0,-25.78125,3.734603,66.99998,19.30542,1.0,99.38,0.0,0.0,-2.4719238,99.998474,97.52655,3.6328125,99.24,99.49,99.32,99.24,0
10045.445,0.2992272,-5.244742,0.0787204,0.07867502,101.69155,21.804527,13.802767,-11.256353,0.0,0.0,315.518,10.482,9.319,31.197,42.436,0.0,88.72183,0.0,0.0,0.0,198.0,2346.0,0.0,-11.953125,0.118896484,105.869095,13475.358,13475.358,1100.0834,508.91458,0.0,5.2563057,0.0,0.7812499,5.0,0.0,30.726212,38.62495,0.0,0.0,0.0,19.601562,0.0,0.0,0.0,0.0,0.0,0.0,1.9999695,1.0,42.05017,0.7812499,24.102734,24.107393,0.0,109.89994,0.0,1.0,105.39647,101.67347,720.0,547.875,-3.5200357E-11,-24.34375,0.0,-25.78125,3.734603,66.99998,19.470215,1.0,99.07,0.0,0.0,-2.935791,99.998474,97.06268,3.6328125,98.85,98.77,98.18,98.26,0
10045.476,0.27938178,-5.266647,0.079214424,0.07867502,101.68974,21.804527,13.804515,-11.258583,0.0,0.0,315.518,10.52,9.319,31.197,42.436,0.0,88.72183,0.0,0.0,0.0,198.0,2332.0,0.0,-11.9296875,0.118896484,105.869095,13485.972,13485.972,1100.0834,508.91458,0.0,5.298695,0.0,0.7812499,5.0,0.0,30.811485,38.62495,0.0,0.0,0.0,19.242188,0.0,0.0,0.0,0.0,0.0,0.0,1.9999695,1.0,42.019653,0.7812499,24.085554,23.973804,0.0,109.809944,0.0,1.0,105.363304,101.67347,720.0,547.875,-2.8160285E-11,-24.28125,0.0,-25.6875,3.734603,66.99998,19.42749,1.0,98.68,0.0,0.0,-2.5543213,99.998474,97.44415,3.6328125,98.01,98.33,97.63,97.71,0
10045.521,0.2835054,-5.3504086,0.079821534,0.07880218,101.68895,21.804527,13.79402,-11.257669,0.0,0.0,315.518,10.551,9.319,31.197,42.436,0.0,88.72183,0.0,0.0,0.0,198.0,2301.0,0.0,-11.7109375,0.118896484,105.87739,13498.708,13498.708,1100.0834,507.85324,0.0,5.298695,0.0,0.7812499,5.0,0.0,30.888231,38.24995,0.0,0.0,0.0,18.96875,0.0,0.0,0.0,0.0,0.0,0.0,1.9999695,1.0,41.60309,0.7812499,24.091055,23.902695,0.0,109.72895,0.0,1.0,105.39647,101.68176,720.0,547.875,-2.2528228E-11,-24.1875,0.0,-25.59375,3.734603,66.99998,19.403076,1.0,97.49,0.0,0.0,-2.532959,99.998474,97.465515,3.6328125,97.13,97.25,96.63,96.86,0
10045.566,0.30680433,-5.4214134,0.078511074,0.078759804,101.68823,21.804527,13.804251,-11.293113,0.0,0.0,315.518,0.0,9.319,31.197,42.436,0.0,88.72183,0.0,0.0,0.0,197.625,2286.0,0.0,-11.7421875,0.118896484,105.87739,13519.935,13519.935,1100.0834,507.85324,0.0,5.2775006,0.0,0.7812499,5.0,0.0,30.957304,38.24995,-0.37499952,0.0,0.0,19.515625,0.0,0.0,0.0,0.0,0.0,0.0,1.9999695,1.0,41.567993,0.7812499,23.846039,23.887302,0.0,109.65605,0.0,1.0,105.34672,101.68176,720.0,547.875,-1.8022582E-11,-24.15625,0.0,-25.59375,3.734603,66.99998,19.195557,1.0,96.58,0.0,0.0,-2.3620605,99.998474,97.63641,3.6328125,96.06,96.63,96.44,96.14,0
10045.607,0.30544347,-5.5060654,0.07789689,0.07871741,101.68759,21.804527,13.811413,-11.313291,0.0,0.0,315.518,0.0,9.319,31.197,42.436,0.0,88.72183,0.0,0.0,0.0,197.625,2271.0,0.0,-11.7734375,0.118896484,105.869095,13519.935,13519.935,1100.0834,507.85324,0.0,5.2563057,0.0,0.7812499,5.0,0.0,31.019468,38.24995,-0.37499952,0.0,0.0,19.5,0.0,0.0,0.0,0.0,0.0,0.0,1.9999695,1.0,41.567993,0.7812499,23.706316,23.867296,0.0,109.59045,0.0,1.0,105.39647,101.68176,720.0,547.875,-1.4418066E-11,-24.0625,0.0,-25.5,3.734603,66.99998,19.28711,1.0,95.9,0.0,0.0,-2.4139404,99.998474,97.58453,3.6328125,95.54,95.77,94.87,95.18,0
10045.648,0.32435477,-5.596176,0.0782526,0.07880218,101.68618,21.804527,13.810567,-11.317002,0.0,0.0,315.518,0.0,9.319,31.197,42.436,0.0,88.72183,0.0,0.0,0.0,197.625,2255.0,0.0,-11.84375,0.118896484,105.8608,13524.18,13524.18,1100.0834,506.7919,0.0,5.2775006,0.0,0.7812499,5.0,0.0,31.075417,37.87495,-0.37499952,0.0,0.0,19.03125,0.0,0.0,0.0,0.0,0.0,0.0,1.9999695,1.0,41.567993,0.7812499,23.679316,23.787107,0.0,109.5314,0.0,1.0,105.39647,101.67347,720.0,547.875,-1.1534453E-11,-24.0,0.0,-25.375,3.734603,66.99998,19.262695,1.0,95.35,0.0,0.0,-2.29187,99.998474,97.706604,3.6328125,94.99,94.99,94.76,94.48,0
10045.69,0.31948382,-5.6697206,0.07868893,0.07880218,101.68491,21.804527,13.809975,-11.313494,0.0,0.0,315.518,0.0,9.319,31.197,42.436,0.0,88.72183,0.0,0.0,0.0,198.0,2228.0,0.0,-11.8125,0.1182251,105.83593,13546.468,13546.468,1100.0834,506.7919,0.0,5.3622794,0.0,0.7812499,5.0,0.0,31.12577,37.49995,0.0,0.0,0.0,18.78125,0.0,0.0,0.0,0.0,0.0,0.0,1.9999695,1.0,41.534424,0.7812499,23.702234,23.708834,0.0,109.478264,0.0,1.0,105.39647,101.67347,720.0,547.875,-9.227562E-12,-23.90625,0.0,-25.375,3.734603,66.99998,19.299316,1.0,94.33,0.0,0.0,-2.1942139,99.998474,97.80426,3.6328125,93.55,94.27,93.68,93.89,0
10045.728,0.33558708,-5.6991386,0.078749485,0.078929365,101.68294,21.804527,13.791982,-11.304604,0.0,0.0,315.518,0.0,9.319,31.197,42.436,0.0,88.72183,0.0,0.0,0.0,198.0,2209.0,0.0,-11.9296875,0.1182251,105.82764,13554.428,13554.428,1100.0834,505.4652,0.0,5.4682536,0.0,0.7812499,5.0,0.0,31.17109,37.49995,0.0,0.0,0.0,19.195312,0.0,0.0,0.0,0.0,0.0,0.0,1.9999695,1.0,41.119385,0.7812499,23.761532,23.791119,0.0,109.430435,0.0,1.0,105.363304,101.66518,720.0,547.875,-7.38205E-12,-23.8125,0.0,-25.28125,3.734603,66.99998,19.244385,1.0,93.53,0.0,0.0,-2.1881104,99.998474,97.81036,3.6328125,93.19,93.26,93.23,93.19,0
10045.767,0.32846966,-5.692156,0.079956084,0.07888697,101.68116,21.804527,13.796966,-11.280798,0.0,0.0,315.518,0.0,9.319,31.197,42.436,0.0,88.72183,0.0,0.0,0.0,198.375,2185.0,0.0,-12.3671875,0.1182251,105.82764,13568.226,13554.428,1100.0834,505.4652,0.0,5.4682536,0.0,0.7812499,5.0,0.0,31.211876,37.49995,0.37499952,0.0,0.0,19.65625,0.0,0.0,0.0,0.0,0.0,0.0,1.9999695,1.0,41.075134,0.7812499,23.923851,23.733969,0.0,109.38739,0.0,1.0,105.39647,101.66518,720.0,548.25,-5.90564E-12,-23.71875,0.0,-25.1875,3.734603,66.99998,19.335938,1.0,92.52,0.0,0.0,-2.2949219,99.998474,97.70355,3.6328125,92.03,92.45,92.24,92.14,0
10045.804,0.32277575,-5.6331124,0.08064705,0.07897174,101.67956,21.804527,13.794595,-11.265534,0.0,0.0,315.518,0.0,9.319,31.197,42.436,0.0,88.72183,0.0,0.0,0.0,198.75,2162.0,0.0,-12.53125,0.1182251,105.82764,13575.655,13575.655,1100.0834,505.4652,0.0,5.489448,0.0,0.7812499,5.0,0.0,31.248583,37.124954,0.74999905,0.0,0.0,19.414062,0.0,0.0,0.0,0.0,0.0,0.0,1.9999695,1.0,41.075134,0.7812499,24.027458,23.702972,0.0,109.34865,0.0,1.0,105.39647,101.66518,720.0,548.625,-4.724512E-12,-23.5625,0.0,-25.09375,3.734603,66.99998,19.299316,1.0,91.3,0.0,0.0,-2.2125244,99.998474,97.78595,3.6328125,91.42,91.25,91.67,91.38,0
10045.847,0.2982206,-5.590745,0.07912487,0.079056524,101.677284,21.804527,13.792935,-11.318862,0.0,0.0,315.518,0.0,9.319,31.197,42.436,0.0,88.72183,0.0,0.0,0.0,198.75,2149.0,0.0,-12.4453125,0.1182251,105.81934,13585.207,13585.207,1100.0834,503.8732,0.0,5.4258637,0.0,0.7812499,5.0,0.0,31.28162,37.124954,0.74999905,0.0,0.0,18.96875,0.0,0.0,0.0,0.0,0.0,0.0,1.9999695,1.0,41.075134,0.7812499,23.6576,23.638914,0.0,109.31378,0.0,1.0,105.39647,101.65688,720.0,548.625,-3.77961E-12,-23.5625,0.0,-25.09375,3.2677774,66.99998,19.06128,1.0,90.58,0.0,0.0,-2.206421,99.998474,97.79205,3.6328125,90.24,90.62,90.55,90.34,0
10045.892,0.29857647,-5.5925484,0.078180835,0.078929365,101.67524,21.804527,13.797633,-11.359839,0.0,0.0,315.518,0.0,9.319,31.197,42.436,0.0,88.72183,0.0,0.0,0.0,198.75,2137.0,0.0,-12.4609375,0.11853027,105.81105,13590.514,13590.514,1100.0834,503.8732,0.0,5.3834743,0.0,0.7812499,5.0,0.0,31.311354,36.749954,0.74999905,0.0,0.0,18.773438,0.0,0.0,0.0,0.0,0.0,0.0,1.9999695,1.0,41.029358,0.7812499,23.3731,23.520493,0.0,109.2824,0.0,1.0,105.39647,101.65688,720.0,548.625,-3.0236879E-12,-23.53125,0.0,-25.0,3.2677774,66.99998,19.07959,1.0,90.15,0.0,0.0,-2.2003174,99.998474,97.79816,3.6328125,90.24,89.85,89.45,89.33,0
10045.925,0.23886119,-5.6120195,0.07824405,0.079056524,101.67258,21.804527,13.800921,-11.36434,0.0,0.0,315.518,0.0,9.319,31.197,42.436,0.0,88.72183,0.0,0.0,0.0,198.75,2117.0,0.0,-12.484375,0.11853027,105.80276,13608.557,13608.557,1100.0834,503.0772,0.0,5.4046693,0.0,0.7812499,5.0,0.0,31.338114,36.749954,0.74999905,0.0,0.0,18.984375,0.0,0.0,0.0,0.0,0.0,0.0,1.9999695,1.0,40.61432,0.7812499,23.33942,23.527374,0.0,109.25416,0.0,1.0,105.39647,101.64859,720.0,548.625,-2.4189502E-12,-23.4375,0.0,-25.0,3.2677774,66.99998,19.104004,1.0,89.34,0.0,0.0,-2.191162,99.998474,97.80731,3.6328125,88.92,89.33,88.76,88.65,0
10045.967,0.23108897,-5.6385584,0.078213125,0.079056524,101.67018,21.804527,13.809082,-11.355738,0.0,0.0,315.518,0.0,9.319,31.197,42.436,0.0,88.72183,0.0,0.0,0.0,199.125,2100.0,0.0,-12.421875,0.117492676,105.777885,13622.3545,13622.3545,1100.0834,503.0772,0.0,5.3834743,0.0,0.7812499,5.0,0.0,31.362198,36.374954,1.1249986,0.0,0.0,19.4375,0.0,0.0,0.0,0.0,0.0,0.0,1.9999695,1.0,40.586853,0.7812499,23.396315,23.58982,0.0,109.228745,0.0,1.0,105.34672,101.64859,720.0,548.625,-1.9351601E-12,-23.375,0.0,-24.875,3.2677774,66.99998,19.049072,1.0,88.83,0.0,0.0,-2.1240234,99.998474,97.87445,3.6328125,88.8,88.43,88.04,88.07,0
10046.007,0.22487119,-5.6491737,0.079043455,0.07914131,101.66802,21.804527,13.808935,-11.350463,0.0,0.0,315.518,0.0,9.319,31.197,42.436,0.0,88.72183,0.0,0.0,0.0,199.125,2080.0,0.0,-12.3984375,0.11853027,105.80276,13624.477,13624.477,1100.0834,503.0772,0.0,5.4470587,0.0,0.7812499,5.0,0.0,31.383873,36.374954,1.1249986,0.0,0.0,19.367188,0.0,0.0,0.0,0.0,0.0,0.0,1.9999695,1.0,40.586853,0.7812499,23.430521,23.479029,0.0,109.20587,0.0,1.0,105.39647,101.64859,720.0,548.625,-1.5481282E-12,-23.3125,0.0,-24.78125,3.2677774,66.99998,19.11621,1.0,87.84,0.0,0.0,-2.2644043,99.998474,97.73407,3.6328125,87.7,87.61,87.4,87.4,0
10046.045,0.17989695,-5.6534195,0.07961476,0.079098925,101.66691,21.804527,13.802973,-11.343063,0.0,0.0,315.518,0.0,9.319,31.197,42.436,0.0,88.72183,0.0,0.0,0.0,199.5,2058.0,0.0,-12.390625,0.117492676,105.78618,13626.6,13626.6,1100.0834,501.75052,0.0,5.4470587,0.0,0.7812499,5.0,0.0,31.403381,35.999954,1.4999981,0.0,0.0,19.203125,0.0,0.0,0.0,0.0,0.0,0.0,1.9999695,1.0,40.586853,0.7812499,23.48041,23.38638,0.0,109.18528,0.0,1.0,105.39647,101.65688,720.0,548.625,-1.2385026E-12,-23.1875,0.0,-24.875,3.2677774,66.99998,19.11621,1.0,86.92,0.0,0.0,-2.166748,99.998474,97.831726,3.6328125,86.73,86.56,86.56,86.87,0
10046.088,0.18391755,-5.6176176,0.080211475,0.07918369,101.6659,21.804527,13.816378,-11.333105,0.0,0.0,315.518,0.0,9.319,31.197,42.436,0.0,88.72183,0.0,0.0,0.0,199.875,2029.0,0.0,-12.3828125,0.11779785,105.777885,13653.664,13653.664,1100.0834,501.75052,0.0,5.5530324,0.0,0.7812499,5.0,0.0,31.420938,35.999954,1.8749976,0.0,0.0,19.039062,0.0,0.0,0.0,0.0,0.0,0.0,1.9999695,1.0,40.553284,0.7812499,23.54804,23.34194,0.0,109.16675,0.0,1.0,105.39647,101.65688,720.0,548.25,-9.908021E-13,-23.0625,0.0,-24.6875,3.2677774,66.99998,19.11621,1.0,86.02,0.0,0.0,-2.1453857,99.998474,97.85309,3.6328125,85.25,85.88,85.88,86.14,0
10046.127,0.16713405,-5.5657973,0.08107711,0.079098925,101.66417,21.804527,13.808183,-11.312906,0.0,0.0,315.518,0.0,9.319,31.197,42.436,0.0,88.72183,0.0,0.0,0.0,199.875,2003.0,0.0,-12.375,0.11779785,105.777885,13656.848,13656.848,1100.0834,500.1585,0.0,5.5742273,0.0,0.7812499,5.0,0.0,31.43674,35.624954,1.8749976,0.0,0.0,19.0,0.0,0.0,0.0,0.0,0.0,0.0,1.9999695,1.0,40.553284,0.7812499,23.68554,23.31145,0.0,109.15007,0.0,1.0,105.39647,101.64859,720.0,548.25,-7.9264167E-13,-22.875,0.0,-24.5,3.2677774,66.99998,19.11621,1.0,84.87,0.0,0.0,-2.218628,99.998474,97.77985,3.6328125,85.18,84.76,85.08,84.93,0
10046.155,0.13370724,-5.545069,0.08101585,0.079098925,101.66261,21.804527,13.802446,-11.314436,0.0,0.0,315.518,0.0,9.319,31.197,42.436,0.0,88.72183,0.0,0.0,0.0,199.875,2003.0,0.0,-12.4140625,0.11779785,105.777885,13663.216,13663.216,1100.0834,500.1585,0.0,5.5530324,0.0,0.7812499,5.0,0.0,31.450962,35.624954,1.8749976,0.0,0.0,19.023438,0.0,0.0,0.0,0.0,0.0,0.0,1.9999695,1.0,40.501404,0.7812499,23.673437,23.31145,0.0,109.13506,0.0,1.0,105.363304,101.64859,720.0,548.625,-6.3411337E-13,-22.875,0.0,-24.5,3.2677774,66.99998,18.99414,1.0,85.01,0.0,0.0,-2.11792,99.998474,97.880554,3.6328125,84.35,84.3,83.79,83.96,0
10046.2,0.1669658,-5.574278,0.08100331,0.07918369,101.66121,21.804527,13.804291,-11.319451,0.0,0.0,315.518,0.0,9.319,31.197,42.436,0.0,88.72183,0.0,0.0,0.0,199.875,1989.0,0.0,-12.4296875,0.11779785,105.76959,13681.259,13681.259,1100.0834,500.1585,0.0,5.6166167,0.0,0.7812499,5.0,0.0,31.46376,35.624954,1.8749976,0.0,0.0,19.398438,0.0,0.0,0.0,0.0,0.0,0.0,1.9999695,1.0,40.08789,0.7812499,23.637468,23.256813,0.0,109.12156,0.0,1.0,105.263794,101.64859,720.0,548.625,-5.072907E-13,-22.84375,0.0,-24.5,3.2677774,66.99998,18.865967,1.0,83.88,0.0,0.0,-2.005005,99.998474,97.99347,3.6328125,83.92,83.99,82.8,82.8,0
10046.245,0.13357264,-5.6422114,0.08164326,0.07914131,101.65912,21.804527,13.799722,-11.306666,0.0,0.0,315.518,0.0,9.319,31.197,42.436,0.0,88.72183,0.0,0.0,0.0,199.5,1969.0,0.0,-12.4921875,0.11682129,105.73643,13690.811,13690.811,1100.0834,499.89316,0.0,5.6590066,0.0,0.7812499,5.0,0.0,31.475279,35.249954,1.4999981,0.0,0.0,19.476562,0.0,0.0,0.0,0.0,0.0,0.0,1.9999695,1.0,40.08789,0.7812499,23.723492,23.238272,0.0,109.109406,0.0,1.0,105.30526,101.6403,720.0,548.625,-4.0583257E-13,-22.78125,0.0,-24.375,3.2677774,66.99998,18.920898,1.0,83.22,0.0,0.0,-2.2460938,99.998474,97.75238,3.6328125,82.8,82.9,82.37,82.31,0
