Time,Accel. Lat (m/s2),Accel. Long (m/s2),Airmass (g/stk),Airmass SP (g/stk),Ambient Press (kpa),Ambient Temp (°C),Battery Volts (V),Boost (psi),Calc TQ (nm),Calc HP (hp),Calc 0-60mph (s),Calc 60-130mph (s),Calc 0-60ft (s),Calc 1/8mile (s),Calc 1/4mile (s),Comb Mode (),Coolant Temp (°C),Cruise (),DV Position (%),EOI Actual (°),EOI Limit (°),Engine Speed (rpm),Eth Content (%),Exh Cam Position (°),Exh Flow Factor (),Exh Pres Desired (kpa),FP DI (kpa),FP DI SP (kpa),FP MPI (kpa),FP MPI SP (kpa),Fuel Flow (mg/stk),Fuel Flow SP (mg/stk),Fuel Split MPI (),Fuel Trim (%),Gear (gear),HPFP Eff Vol (%),IAT (°C),Ign Table (°),Ign Avg (°),Inj PW DI (ms),Inj PW MPI (ms),Intake Cam Pos (°),Intake Flow Fact (),Knock Avg (°),Knock Cyl 1 (°),Knock Cyl 2 (°),Knock Cyl 3 (°),Knock Cyl 4 (°),Lambda (l),Lambda SP (l),LPFP Duty (%),LTFT (%),MAP (kpa),MAP SP (kpa),Misfires (),Oil Temp (°C),Pedal Pos (%),Port Flap Pos (%),PUT (kpa),PUT SP (kpa),SOI Actual (°),SOI Limit (°),STFT (%),Torque (Nm),Torque Lim (),Torque Req (Nm),TPS (%),Trans Temp (°C),Turbo Speed (rpm),Valve Lift Pos (),Vehicle Speed (km/h),WG Flow Des (kg/hr),WG I Value (%),WG P-D Value (%),WG Pos Base (%),WG Pos Final (%),WG Voltage (V),Wheel Speed FL (km/h),Wheel Speed FR (km/h),Wheel Speed RL (km/h),Wheel Speed RR (km/h),SimosTools [R2.12:2026_8_24:CB_HSL_SP2933_5G0906259L_0002_BasicsGuide_R15.bin]
60891.19,-2.0118372,0.8367773,0.3017373,0.30160168,101.21037,24.812016,13.616572,-2.606817,146.73785,60.984642,50.081,0.0,5.081,33.921,49.24,0.0,100.000145,0.0,0.0,462.375,215.25,2962.0,0.0,-8.6796875,0.11206055,112.28691,15049.862,15160.242,1100.0834,525.63074,17.951979,20.855663,0.0,4.556521,2.0,43.415833,47.70018,16.874979,17.249977,1.468,0.0,-30.664062,0.1843872,0.0,0.0,0.0,0.0,0.0,0.9980469,1.0,57.896423,1.5625001,83.24187,83.25021,0.0,110.00001,19.238281,1.0,108.46442,83.23261,488.625,544.875,2.994021,90.5625,0.0,85.4375,15.872062,76.99999,40.203857,1.0,40.28,55.3125,0.0,-76.205444,48.27881,0.0,0.63720703,41.03,40.13,40.7,39.31,0
60891.234,-2.1094697,0.8222109,0.3019652,0.30172887,101.21191,24.812016,13.615585,-2.6097813,146.78738,61.293568,50.081,0.0,5.081,33.921,49.24,0.0,100.000114,0.0,0.0,462.375,215.25,2976.0,0.0,-9.359375,0.11212158,112.344955,14963.362,15170.325,1100.0834,525.63074,19.626368,20.940443,0.0,4.582717,2.0,44.39087,47.667004,16.874979,17.249977,1.46,0.0,-30.773438,0.1864624,0.0,0.0,0.0,0.0,0.0,1.0078125,1.0,57.958984,1.5625001,83.22297,83.208,0.0,110.00001,19.238281,1.0,108.248825,83.3404,488.625,545.25,3.0202167,90.375,0.0,85.4375,15.872062,76.99999,40.01465,1.0,40.53,55.9375,0.0,-75.4303,48.120117,0.0,0.6152344,41.06,40.13,40.67,39.62,0
60891.273,-2.1475756,0.8351344,0.30411714,0.30172887,101.21329,24.812016,13.620753,-2.5798585,149.43686,62.546677,50.081,0.0,5.081,33.921,49.24,0.0,100.00009,0.0,0.0,462.75,215.25,2983.0,0.0,-9.421875,0.111816406,112.361534,15046.678,15192.082,1100.0834,525.63074,19.350834,21.088806,0.0,4.6036735,2.0,44.288635,47.637146,16.874979,17.249977,1.464,0.0,-30.835938,0.1875,0.0,0.0,0.0,0.0,0.0,1.0068359,1.0,57.966614,1.5625001,83.4306,83.14797,0.0,110.00001,19.238281,1.0,107.97521,83.3404,489.0,545.625,3.0411735,91.15625,0.0,85.65625,16.338888,76.99999,39.923096,1.0,40.61,56.25,0.0,-74.957275,47.955322,0.0,0.6347656,41.21,40.32,41.48,39.71,0
60891.312,-2.1980605,0.8403038,0.30405983,0.30181366,101.2137,24.812016,13.618511,-2.592232,149.52022,62.83332,50.081,0.0,5.081,33.921,49.24,0.0,100.00008,0.0,0.0,462.75,215.25,2995.0,0.0,-9.3125,0.11187744,112.46104,15180.407,15185.714,1100.0834,526.42676,17.803616,21.131197,0.0,4.776689,2.0,43.460083,47.610275,16.874979,17.249977,1.468,0.0,-30.59375,0.18927002,0.0,0.0,0.0,0.0,0.0,1.0185547,1.0,57.96814,1.5625001,83.345726,83.086205,0.0,110.00001,19.238281,1.0,107.875694,83.348694,489.375,545.25,3.2141888,91.1875,0.0,85.6875,16.338888,76.99999,39.874268,1.0,40.9,56.78125,0.0,-74.61853,47.821045,0.0,0.6323242,41.46,40.33,41.4,40.12,0
60891.35,-2.2384484,0.8236215,0.30262366,0.33301237,101.214066,24.812016,13.616942,-2.6108704,146.64908,61.91484,50.081,0.0,5.081,33.921,49.24,0.0,100.00006,0.0,0.0,463.125,215.25,3009.0,0.0,-8.9140625,0.11730957,112.734665,15200.573,15180.407,1100.0834,526.42676,17.464499,21.237171,0.0,4.915101,2.0,43.32428,47.58609,16.874979,17.249977,1.476,0.0,-30.390625,0.22393799,0.0,0.0,0.0,0.0,0.0,1.0234375,1.0,58.013916,1.5625001,83.21762,87.755424,0.0,110.00001,21.386719,1.0,107.71816,87.68528,489.75,544.875,3.352601,90.6875,0.0,99.21875,16.338888,76.99999,39.837646,1.0,40.89,67.1875,0.0,-71.572876,46.191406,0.0,0.6933594,42.56,40.87,41.18,39.44,0
60891.39,-2.3307586,0.7419486,0.3353105,0.35793746,101.21358,24.812016,13.604125,-1.8864958,135.69574,57.671165,50.081,0.0,5.081,33.921,49.24,0.0,100.00005,0.0,0.0,462.75,214.5,3029.0,0.0,-9.484375,0.12200928,112.95854,15080.11,15627.233,1100.0834,526.95746,26.980955,24.183245,0.0,5.025831,2.0,48.954773,47.564323,16.499979,16.499979,1.488,0.0,-30.445312,0.25665283,0.0,0.0,0.0,0.0,0.0,1.0224609,1.0,58.088684,1.5625001,88.21017,91.61533,0.0,110.00001,22.460938,1.0,106.53244,91.33365,489.75,545.625,3.463331,100.5625,0.0,106.5,19.606665,76.99999,41.827393,1.0,41.56,77.0,0.0,-58.828735,44.59839,0.0,0.6591797,41.48,40.67,41.91,40.22,0
60891.438,-2.4246068,0.74677944,0.3594375,0.36276987,101.213135,24.812016,13.606872,-1.3801552,141.29529,60.744877,50.081,0.0,5.081,33.921,49.24,0.0,100.000046,0.0,0.0,459.0,213.75,3064.0,0.0,-9.9765625,0.124938965,114.35985,15675.524,15982.784,1100.0834,526.95746,29.990614,26.260334,0.0,5.114415,2.0,51.135254,47.544735,15.74998,15.74998,1.688,0.0,-30.585938,0.2685547,0.0,0.0,0.0,0.0,0.0,1.0283203,1.0,58.17871,1.5625001,91.699875,92.166954,0.0,110.00001,22.460938,1.0,105.72814,92.063324,490.125,546.0,3.551915,109.5625,0.0,106.53125,21.473967,76.99999,41.949463,0.0,41.54,80.5625,0.0,-45.046997,44.329834,0.0,0.5957031,41.72,41.13,41.76,40.28,0
60891.473,-2.5196855,0.7487118,0.36197397,0.3626427,101.21274,24.812016,13.608794,-1.2863088,141.24272,61.03937,50.081,0.0,5.081,33.921,49.24,0.0,100.00004,0.0,0.0,457.875,213.75,3080.0,0.0,-10.140625,0.12579346,115.14757,16043.812,15987.56,1100.0834,526.95746,25.836437,26.451086,0.0,5.185282,2.0,48.75183,47.527103,15.74998,15.74998,1.768,0.0,-30.835938,0.2695923,0.0,0.0,0.0,0.0,0.0,1.0234375,1.0,58.195496,1.5625001,92.34635,92.4192,0.0,110.00001,22.460938,1.0,105.59547,92.19599,490.5,546.375,3.622782,110.84375,0.0,106.5625,22.407618,76.99999,41.833496,0.0,41.44,80.875,0.0,-43.447876,44.458008,0.0,0.5932617,42.35,41.03,41.96,40.24,0
60891.51,-2.5357485,0.8432348,0.34142926,0.35518214,101.2132,24.812016,13.592562,-1.1413457,154.51877,67.08027,50.081,0.0,5.081,33.921,49.24,0.0,100.00003,0.0,0.0,458.25,213.75,3094.0,0.0,-8.515625,0.11651611,115.0149,16394.055,15987.56,1100.0834,526.95746,21.088806,27.320072,0.0,5.398226,2.0,46.218872,47.511234,17.624977,15.74998,1.76,0.0,-30.804688,0.2666626,0.0,0.0,0.0,0.0,0.0,1.0253906,0.9042969,58.218384,1.5625001,93.34603,95.558655,0.0,110.00001,22.265625,1.0,105.76131,96.25896,490.875,544.5,3.8357255,116.375,0.0,105.25,22.407618,76.99999,41.38794,0.0,41.77,80.0,0.0,-37.83264,39.593506,1.4877319,0.5908203,42.25,41.53,42.21,40.54,0
60891.555,-2.5685987,1.0122939,0.34839135,0.34755197,101.21362,24.812016,13.616356,-0.9695561,171.19986,74.44203,50.081,0.0,5.081,33.921,49.24,0.0,100.00002,0.0,0.0,458.25,215.25,3099.0,0.0,-2.1640625,0.11456299,114.45106,16578.729,15985.968,1100.0834,526.95746,17.358526,27.934721,0.0,5.56858,2.0,44.221497,47.496952,17.249977,17.249977,1.752,0.0,-30.335938,0.26123047,0.0,0.0,0.0,0.0,0.0,1.0419922,0.921875,58.247375,1.5625001,94.53058,94.40432,0.0,110.00001,21.777344,1.0,105.92713,94.86594,490.875,538.125,4.00608,111.75,0.0,103.8125,22.874443,76.99999,42.260742,0.0,42.02,78.375,0.0,-34.701538,39.611816,4.6554565,0.68847656,42.52,41.55,41.26,40.41,0
60891.6,-2.6548789,1.1361676,0.34816933,0.3479335,101.21483,24.812016,13.615434,-0.971099,178.06808,77.30358,50.081,0.0,5.081,33.921,49.24,0.0,100.00002,0.0,0.0,456.75,215.25,3094.0,0.0,-2.6640625,0.11444092,114.66664,15909.0205,15979.6,1100.0834,526.95746,24.988646,28.485785,0.0,6.173614,2.0,48.29712,47.4841,17.249977,17.249977,1.844,0.0,-30.632812,0.26184082,0.0,0.0,0.0,0.0,0.0,0.9941406,0.921875,58.251953,1.5625001,94.52115,94.47716,0.0,110.00001,21.777344,1.0,106.34173,94.816185,491.25,538.875,4.611114,110.9375,0.0,103.96875,22.874443,76.99999,43.121338,0.0,42.0,78.5625,0.0,-36.50818,39.538574,2.7877808,0.6933594,42.69,41.51,42.44,41.09,0
60891.637,-2.743903,1.2419671,0.3440225,0.34865415,101.21592,24.812016,13.620647,-1.0527458,184.42146,80.087616,50.081,0.0,5.081,33.921,49.24,0.0,100.00002,0.0,0.0,456.0,215.25,3095.0,0.0,-4.2890625,0.113342285,114.62518,15596.985,15973.231,1100.0834,526.95746,28.591759,27.362461,0.0,6.345141,2.0,50.21515,47.472534,17.249977,17.249977,1.88,0.0,-30.65625,0.26226807,0.0,0.0,0.0,0.0,0.0,0.96191406,0.9482422,58.226013,1.5625001,93.95946,94.654526,0.0,110.00001,21.777344,1.0,106.49927,94.79131,490.875,540.375,4.782641,108.78125,0.0,103.875,21.940792,76.99999,42.98706,0.0,42.14,78.6875,0.0,-37.374878,39.25171,1.6342163,0.71777344,42.69,41.72,43.12,40.88,0
60891.68,-2.7751224,1.3030369,0.3438859,0.3480183,101.216896,24.812016,13.618438,-1.0674547,186.61504,81.09257,50.081,0.0,5.081,33.921,49.24,0.0,100.00002,0.0,0.0,456.75,215.625,3097.0,0.0,-3.8671875,0.113220215,114.47594,15933.962,15966.863,1100.0834,526.95746,24.310413,26.726618,0.0,6.4823627,2.0,47.91107,47.462124,17.249977,17.624977,1.836,0.0,-30.929688,0.26184082,0.0,0.0,0.0,0.0,0.0,0.9511719,0.9736328,58.213806,1.5625001,93.85905,94.476875,0.0,110.00001,21.777344,1.0,106.41636,94.79961,490.875,540.0,4.9198627,107.03125,0.0,103.84375,21.940792,76.99999,43.078613,0.0,42.43,78.5625,0.0,-37.280273,39.263916,1.7410278,0.6323242,43.03,41.78,42.95,41.28,0
60891.72,-2.800098,1.3087149,0.34563035,0.34869653,101.21861,24.812016,13.62275,-1.0339515,184.52377,80.39095,50.081,0.0,5.081,33.921,49.24,0.0,100.00002,0.0,0.0,457.125,215.25,3105.0,0.0,-3.1171875,0.11425781,114.492516,15973.231,15960.496,1100.0834,526.95746,24.310413,26.853786,0.0,6.59214,2.0,47.75238,47.377567,17.249977,17.249977,1.812,0.0,-31.109375,0.26312256,0.0,0.0,0.0,0.0,0.0,0.9482422,0.9736328,58.215332,1.5625001,94.0917,94.58449,0.0,110.00001,21.777344,1.0,106.42465,94.82448,490.875,539.25,5.02964,107.15625,0.0,103.8125,22.407618,76.99999,43.13965,0.0,42.49,78.9375,0.0,-37.231445,39.385986,1.9119263,0.5859375,43.34,41.96,42.88,41.34,0
60891.754,-2.8200784,1.292236,0.3464511,0.34869653,101.22015,24.812016,13.625769,-1.0104907,182.40042,79.84977,50.081,0.0,5.081,33.921,49.24,0.0,100.00002,0.0,0.0,457.5,215.25,3120.0,0.0,-3.125,0.11431885,114.55056,15867.628,15955.72,1100.0834,526.95746,25.073425,26.95976,0.0,6.523712,2.0,48.161316,47.301464,17.249977,17.249977,1.796,0.0,-31.125,0.26489258,0.0,0.0,0.0,0.0,0.0,0.9580078,1.0,58.226013,1.5625001,94.25495,94.58918,0.0,110.00001,21.777344,1.0,106.4661,94.841064,491.25,539.25,4.961212,105.78125,0.0,103.84375,22.407618,76.99999,43.38379,0.0,42.66,79.46875,0.0,-37.405396,39.25171,1.5914917,0.5834961,43.32,42.14,43.22,41.44,0
60891.793,-2.8560627,1.2481444,0.34790045,0.3488661,101.22237,24.812016,13.616163,-0.9892569,178.09488,78.33975,50.081,0.0,5.081,33.921,49.24,0.0,100.00002,0.0,0.0,457.5,215.25,3135.0,0.0,-3.4921875,0.11517334,114.7081,15843.748,15949.352,1100.0834,526.95746,25.242985,26.874983,0.0,6.62522,2.0,48.24066,47.23297,17.249977,17.249977,1.788,0.0,-31.023438,0.26623535,0.0,0.0,0.0,0.0,0.0,0.9658203,1.0,58.229065,1.5625001,94.40353,94.56918,0.0,110.00001,21.777344,1.0,106.27539,94.83277,491.25,539.625,5.06272,106.3125,0.0,103.84375,22.407618,76.99999,43.206787,0.0,42.82,79.875,0.0,-36.87744,39.331055,2.192688,0.60058594,43.76,42.19,43.16,41.57,0
60891.836,-2.90485,1.1930078,0.34849647,0.3490356,101.22436,24.812016,13.621158,-0.9699114,173.63696,76.86609,50.081,0.0,5.081,33.921,49.24,0.0,100.00002,0.0,0.0,457.125,215.25,3155.0,0.0,-3.6015625,0.11566162,114.84077,15846.932,15941.392,1100.0834,526.95746,24.373999,26.090775,0.0,6.706426,2.0,47.61505,47.17133,17.249977,17.249977,1.808,0.0,-30.507812,0.26843262,0.0,0.0,0.0,0.0,0.0,0.9736328,1.0,58.215332,1.5625001,94.538864,94.77975,0.0,110.00001,21.777344,1.0,106.267105,94.907394,491.25,539.625,5.143926,106.21875,0.0,103.875,22.407618,76.99999,43.28003,0.0,43.15,80.53125,0.0,-36.66382,39.25171,2.3208618,0.6323242,43.9,42.52,43.56,41.6,0
60891.87,-2.96388,1.1522031,0.34817764,0.34912038,101.22615,24.812016,13.624654,-0.9643749,171.43677,76.10859,50.081,0.0,5.081,33.921,49.24,0.0,100.00002,0.0,0.0,457.875,215.25,3164.0,0.0,-3.2578125,0.11566162,114.86565,15790.149,15939.8,1100.0834,526.95746,25.327763,25.836437,0.0,6.771391,2.0,48.12622,47.115852,17.249977,17.249977,1.768,0.0,-30.40625,0.2694702,0.0,0.0,0.0,0.0,0.0,0.9785156,1.0,58.213806,1.5625001,94.57882,94.693504,0.0,110.00001,21.777344,1.0,106.101265,94.94057,491.625,539.25,5.208891,106.34375,0.0,103.84375,22.874443,76.99999,43.103027,0.0,43.22,80.84375,0.0,-36.123657,39.16626,2.7694702,0.7080078,43.96,42.65,43.73,41.87,0
60891.914,-3.071104,1.1358812,0.3500137,0.35111275,101.22859,24.812016,13.627101,-0.91871184,171.48354,76.39403,50.081,0.0,5.081,33.921,49.24,0.0,100.00002,0.0,0.0,457.875,215.25,3175.0,0.0,-3.25,0.11541748,114.98173,15770.515,15934.493,1100.0834,526.95746,24.967451,26.281528,0.0,6.823363,2.0,47.660828,47.06592,17.249977,17.249977,1.76,0.0,-30.507812,0.27435303,0.0,0.0,0.0,0.0,0.0,0.9941406,1.0,58.20923,1.5625001,94.89601,95.08856,0.0,110.00001,21.875,1.0,106.0681,95.13127,491.625,539.25,5.260863,106.75,0.0,104.53125,23.341269,76.99999,43.530273,0.0,43.43,82.3125,0.0,-35.617065,38.69629,2.7938843,0.5761719,44.15,42.89,43.92,42.14,0
60891.96,-3.1768832,1.1293525,0.3506233,0.3509856,101.23079,24.812016,13.628815,-0.8843154,171.50847,76.71797,50.081,0.0,5.081,33.921,49.24,0.0,100.00002,0.0,0.0,457.875,215.25,3188.0,0.0,-3.53125,0.11553955,115.08123,15863.913,15944.045,1100.0834,526.95746,25.009842,26.323917,0.0,6.86494,2.0,47.729492,47.020985,17.249977,17.249977,1.764,0.0,-31.054688,0.2763672,0.0,0.0,0.0,0.0,0.0,0.99902344,1.0,58.21991,1.5625001,95.1353,95.17275,0.0,110.00001,21.875,1.0,106.18418,95.24736,491.625,539.625,5.30244,107.3125,0.0,104.65625,23.341269,76.99999,43.841553,0.0,43.66,82.90625,0.0,-35.43091,38.55591,2.8335571,0.60302734,44.53,43.07,43.94,42.35,0
60892.0,-3.2615066,1.107991,0.35011238,0.35090074,101.2336,24.812016,13.624154,-0.87954926,169.19511,76.086754,50.081,0.0,5.081,33.921,49.24,0.0,100.00002,0.0,0.0,458.25,215.25,3205.0,0.0,-3.4140625,0.11602783,115.205605,15843.748,15851.177,1100.0834,526.95746,25.031036,25.857632,0.0,6.7419524,2.0,47.581482,46.98054,17.249977,17.249977,1.748,0.0,-31.03125,0.2783203,0.0,0.0,0.0,0.0,0.0,0.99902344,1.0,58.215332,1.5625001,95.17096,95.28507,0.0,110.00001,21.875,0.0,106.101265,95.33857,492.0,539.625,5.1794524,106.96875,0.0,104.53125,23.341269,76.99999,43.585205,0.0,43.87,83.5,0.0,-35.021973,38.494873,3.1692505,0.6567383,44.63,43.27,44.41,42.4,0
60892.035,-3.3492053,1.0619464,0.35004222,0.35060406,101.23613,24.812016,13.626752,-0.8750599,164.52882,74.3577,50.081,0.0,5.081,33.921,49.24,0.0,100.00002,0.0,0.0,458.25,215.25,3221.0,0.0,-3.3515625,0.11608887,115.24706,15885.141,15911.144,1100.0834,526.95746,23.907713,26.111969,0.0,6.643562,2.0,46.91162,46.94414,17.249977,17.249977,1.752,0.0,-30.96875,0.28051758,0.0,0.0,0.0,0.0,0.0,0.99902344,1.0,58.21991,1.5625001,95.20444,95.27754,0.0,110.00001,21.875,0.0,106.101265,95.42978,492.375,539.25,5.081062,106.84375,0.0,104.40625,23.341269,76.99999,43.60962,0.0,44.02,84.15625,0.0,-34.75647,38.323975,3.2577515,0.75927734,44.69,43.4,44.39,42.55,0
60892.07,-3.4193642,1.0435286,0.34934363,0.35043448,101.2384,24.812016,13.634429,-0.87503994,164.5618,74.626595,50.081,0.0,5.081,33.921,49.24,0.0,100.00002,0.0,0.0,458.25,215.25,3232.0,0.0,-3.328125,0.11608887,115.280235,15890.978,15895.754,1100.0834,526.95746,24.47997,26.06958,0.0,6.5648494,2.0,47.11609,46.91138,17.249977,17.249977,1.752,0.0,-30.890625,0.28112793,0.0,0.0,0.0,0.0,0.0,1.0039062,1.0,58.213806,1.5625001,95.20685,95.24232,0.0,110.00001,21.875,0.0,106.20905,95.47953,492.375,539.25,5.0023494,106.8125,0.0,104.375,23.341269,76.99999,43.389893,0.0,44.06,84.34375,0.0,-34.30786,38.275146,3.6514282,0.56884766,44.85,43.55,44.57,42.77,0
60892.113,-3.4754915,1.0361614,0.3505543,0.35022256,101.24128,24.812016,13.628084,-0.8668028,164.56639,74.8134,50.081,0.0,5.081,33.921,49.24,0.0,100.00002,0.0,0.0,458.625,215.25,3240.0,0.0,-3.84375,0.11584473,115.35486,15901.591,15880.364,1100.0834,526.95746,23.971296,26.111969,0.0,6.6581297,2.0,46.809387,46.881897,17.249977,17.249977,1.748,0.0,-30.367188,0.28289795,0.0,0.0,0.0,0.0,0.0,1.0136719,1.0,58.221436,1.5625001,95.2665,95.219604,0.0,110.00001,21.875,0.0,106.30026,95.512695,492.75,540.0,5.0956297,106.9375,0.0,104.21875,23.341269,76.99999,44.049072,0.0,44.26,84.875,0.0,-34.857178,38.067627,2.8884888,0.63964844,45.12,43.76,44.75,42.86,0
60892.152,-3.5003934,1.0519646,0.35627404,0.35077363,101.243866,24.812016,13.635362,-0.9423442,166.93877,76.12614,50.081,0.0,5.081,33.921,49.24,0.0,100.00002,0.0,0.0,458.625,215.25,3250.0,0.0,-4.0546875,0.11663818,115.45436,15903.714,15893.631,1100.0834,526.95746,24.416388,26.133165,0.0,6.7327538,2.0,47.05963,46.855362,17.624977,17.249977,1.748,0.0,-30.023438,0.28485107,0.0,0.0,0.0,0.0,0.0,1.0146484,1.0,58.224487,1.5625001,94.74839,93.90925,0.0,110.00001,21.875,0.0,106.242226,95.09811,492.75,540.0,5.1702538,107.78125,0.0,104.21875,22.874443,76.99999,44.03076,0.0,44.49,85.46875,0.0,-34.93347,38.085938,2.8244019,0.6591797,45.27,43.92,44.96,43.03,0
60892.19,-3.5203147,1.0770359,0.37375695,0.35598752,101.247025,24.812016,13.628737,-1.241373,169.28201,77.66973,50.081,0.0,5.081,33.921,49.24,0.0,100.00002,0.0,0.0,458.25,214.875,3270.0,0.0,-3.9765625,0.117248535,115.70311,15873.996,16128.719,1100.0834,526.95746,28.86729,27.510826,0.0,6.7924533,2.0,49.613953,46.831482,16.874979,16.874979,1.772,0.0,-30.0,0.29467773,0.0,0.0,0.0,0.0,0.0,1.0195312,1.0,58.265686,1.5625001,92.69038,90.68726,0.0,110.00001,21.875,0.0,106.30026,91.57411,493.125,540.0,5.2299533,114.4375,0.0,105.15625,21.940792,76.99999,44.354248,0.0,44.6,88.40625,0.0,-41.973877,37.390137,0.0,0.60791016,45.4,43.97,45.19,43.31,0
60892.234,-3.5562518,1.0495644,0.3556596,0.35759833,101.24987,24.812016,13.62996,-1.5502228,164.65773,75.91768,50.081,0.0,5.081,33.921,49.24,0.0,100.00002,0.0,0.0,457.125,214.875,3286.0,0.0,-3.1015625,0.1182251,116.341576,16147.292,15923.879,1100.0834,526.95746,23.356647,26.493477,0.0,6.996463,2.0,46.469116,46.80999,16.874979,16.874979,1.832,0.0,-30.671875,0.29779053,0.0,0.0,0.0,0.0,0.0,1.0234375,1.0,58.242798,1.5625001,90.564354,90.650955,0.0,110.00001,21.875,0.0,106.640236,91.24245,493.125,539.25,5.433963,109.0,0.0,105.03125,20.540316,76.99999,44.14673,0.0,44.87,89.34375,0.0,-48.90747,37.353516,0.0,0.64941406,45.7,44.25,45.55,43.61,0
60892.273,-3.6050014,1.0385758,0.35708848,0.3570896,101.252426,24.812016,13.636675,-1.4848455,164.61504,76.05968,50.081,0.0,5.081,33.921,49.24,0.0,100.00002,0.0,0.0,458.25,215.25,3293.0,0.0,-2.4921875,0.11791992,116.02649,16069.814,15980.661,1100.0834,526.95746,22.678415,26.55706,0.0,6.8471704,2.0,46.02661,46.790646,16.874979,17.249977,1.776,0.0,-30.742188,0.29852295,0.0,0.0,0.0,0.0,0.0,0.99316406,1.0,58.25348,1.5625001,91.01755,91.0205,0.0,110.00001,21.875,0.0,106.6651,91.283905,493.5,538.5,5.2846704,107.875,0.0,104.96875,21.007141,76.99999,45.03784,0.0,44.99,89.5625,0.0,-49.557495,37.22534,0.0,0.7495117,45.96,44.39,45.5,43.52,0
60892.31,-3.6440012,1.0341804,0.35909027,0.3570473,101.25473,24.812016,13.629657,-1.4407641,164.59644,76.37441,50.081,0.0,5.081,33.921,49.24,0.0,100.00002,0.0,0.0,458.625,214.875,3307.0,0.0,-2.1015625,0.11785889,115.993324,15946.168,15956.25,1100.0834,526.95746,24.437582,26.620646,0.0,6.7277365,2.0,46.87805,46.773235,16.874979,16.874979,1.748,0.0,-30.75,0.30114746,0.0,0.0,0.0,0.0,0.0,0.98339844,1.0,58.241272,1.5625001,91.3237,91.04271,0.0,110.00001,21.875,0.0,106.41636,91.34194,493.5,538.125,5.1652365,109.40625,0.0,104.90625,21.007141,76.99999,44.32373,0.0,45.2,90.34375,0.0,-48.846436,36.950684,0.0,0.5957031,46.18,44.63,45.84,43.58,0
60892.35,-3.655201,1.0324222,0.3591189,0.35649619,101.256805,24.812016,13.630604,-1.4216897,164.62346,76.82582,50.081,0.0,5.081,33.921,49.24,0.0,100.00002,0.0,0.0,458.25,214.875,3326.0,0.0,-1.8203125,0.1184082,116.14258,16024.707,15904.244,1100.0834,526.95746,24.07727,26.59945,0.0,6.6321893,2.0,46.74225,46.757565,16.874979,16.874979,1.768,0.0,-30.71875,0.30297852,0.0,0.0,0.0,0.0,0.0,0.99121094,1.0,58.255005,1.5625001,91.45725,91.126686,0.0,110.00001,21.875,0.0,106.39148,91.39999,493.5,537.75,5.0696893,108.90625,0.0,104.9375,21.473967,76.99999,44.63501,0.0,45.46,90.90625,0.0,-48.57788,36.871338,0.0,0.6201172,46.37,44.75,46.09,43.85,0
60892.39,-3.6641607,1.031719,0.36031088,0.35615706,101.25867,24.812016,13.631267,-1.3881778,164.66005,77.14324,50.081,0.0,5.081,33.921,49.24,0.0,100.00002,0.0,0.0,458.25,214.875,3339.0,0.0,-1.765625,0.11846924,116.200615,15988.091,15932.9,1100.0834,526.95746,24.797894,26.853786,0.0,6.5557513,2.0,46.990967,46.668274,16.874979,16.874979,1.764,0.0,-30.757812,0.30426025,0.0,0.0,0.0,0.0,0.0,0.99609375,1.0,58.273315,1.5625001,91.69011,91.178215,0.0,110.00001,21.875,0.0,106.41636,91.43315,493.5,537.75,4.9932513,110.0625,0.0,104.875,21.473967,76.99999,44.952393,0.0,45.58,91.28125,0.0,-48.64502,36.73706,0.0,0.625,46.43,44.96,46.18,44.1,0
60892.438,-3.6713285,1.0314376,0.3599592,0.35518214,101.260345,24.812016,13.637589,-1.4007039,164.6713,77.402664,50.081,0.0,5.081,33.921,49.24,0.0,100.00002,0.0,0.0,457.875,214.875,3350.0,0.0,-1.625,0.11859131,116.35816,15972.171,15920.695,1100.0834,526.95746,23.462622,26.345112,0.0,6.650851,2.0,46.151733,46.587914,16.874979,16.874979,1.8,0.0,-30.835938,0.30444336,0.0,0.0,0.0,0.0,0.0,0.9970703,1.0,58.280945,1.5625001,91.605446,91.02463,0.0,110.00001,21.875,0.0,106.4661,91.40828,494.25,537.75,5.088351,110.03125,0.0,104.625,21.473967,76.99999,45.080566,0.0,45.9,91.34375,0.0,-48.583984,36.743164,0.0,0.6933594,46.73,45.2,46.47,44.24,0
60892.473,-3.677063,1.050075,0.35821837,0.35772544,101.261856,24.812016,13.642015,-1.428022,167.03102,78.81651,50.081,0.0,5.081,33.921,49.24,0.0,100.00002,0.0,0.0,457.875,214.875,3363.0,0.0,-1.578125,0.119018555,116.39962,15832.604,15881.956,1100.0834,526.95746,25.433737,26.260334,0.0,6.7269306,2.0,47.11609,46.51559,16.874979,16.874979,1.8,0.0,-30.914062,0.30871582,0.0,0.0,0.0,0.0,0.0,0.9951172,1.0,58.250427,1.5625001,91.418655,91.362175,0.0,110.00001,22.070312,0.0,106.565605,91.441444,494.25,537.75,5.1644306,109.84375,0.0,105.75,21.473967,76.99999,45.1416,0.0,45.98,92.625,0.0,-48.83728,36.358643,0.0,0.57128906,46.88,45.33,46.66,44.39,0
60892.516,-3.7016504,1.05753,0.35742733,0.35742876,101.26238,24.812016,13.633395,-1.4359682,167.0736,79.164795,50.081,0.0,5.081,33.921,49.24,0.0,100.00002,0.0,0.0,458.625,214.875,3377.0,0.0,-1.7578125,0.119018555,116.40791,15783.251,15940.33,1100.0834,526.95746,25.539711,26.366306,0.0,6.7877946,2.0,47.0932,46.450497,16.874979,16.874979,1.752,0.0,-31.101562,0.31134033,0.0,0.0,0.0,0.0,0.0,1.0019531,1.0,58.251953,1.5625001,91.36441,91.394424,0.0,110.00001,22.070312,0.0,106.70657,91.57411,494.25,537.75,5.2252946,109.75,0.0,105.71875,21.473967,76.99999,45.562744,0.0,46.23,93.40625,0.0,-49.06311,36.053467,0.0,0.65185547,47.04,45.55,46.83,44.67,0
60892.55,-3.7213204,1.0605121,0.35640165,0.35543647,101.262856,24.812016,13.644939,-1.4500793,167.0991,79.45824,50.081,0.0,5.081,33.921,49.24,0.0,100.00002,0.0,0.0,458.625,214.875,3389.0,0.0,-1.8828125,0.119018555,116.432785,15810.315,15898.9375,1100.0834,526.95746,25.772854,26.217943,0.0,6.992736,2.0,47.286987,46.391914,16.874979,16.874979,1.76,0.0,-31.140625,0.3093872,0.0,0.0,0.0,0.0,0.0,1.0117188,1.0,58.255005,1.5625001,91.26762,91.13546,0.0,110.00001,22.070312,0.0,106.82264,91.5907,494.25,538.125,5.430236,109.4375,0.0,105.46875,21.473967,76.99999,45.495605,0.0,46.31,92.8125,0.0,-48.97766,36.279297,0.0,0.6176758,47.21,45.7,46.81,44.87,0
60892.598,-3.6970563,1.0617049,0.3564882,0.35725918,101.264114,24.812016,13.641301,-1.4724909,167.07762,79.72934,50.081,0.0,5.081,33.921,49.24,0.0,100.00002,0.0,0.0,459.0,214.875,3401.0,0.0,-2.2890625,0.119506836,116.53229,15824.644,15912.735,1100.0834,526.95746,26.59945,26.111969,0.0,7.0004387,2.0,47.660828,46.33919,16.874979,16.874979,1.748,0.0,-31.125,0.31402588,0.0,0.0,0.0,0.0,0.0,1.0107422,1.0,58.25653,1.5625001,91.114395,91.21362,0.0,110.00001,22.070312,0.0,106.82264,91.55753,494.625,538.5,5.4379387,109.28125,0.0,105.8125,21.473967,76.99999,45.751953,0.0,46.62,94.21875,0.0,-49.319458,35.858154,0.0,0.6665039,47.47,45.96,47.09,44.9,0
60892.64,-3.6576452,1.062182,0.35996962,0.35882762,101.26525,24.812016,13.644614,-1.4022989,167.15202,80.187,50.081,0.0,5.081,33.921,49.24,0.0,100.00002,0.0,0.0,458.25,215.25,3419.0,0.0,-2.1171875,0.119506836,116.55716,15953.066,15955.72,1100.0834,526.95746,24.946257,26.47228,0.0,7.006601,2.0,46.74225,46.29174,17.249977,17.249977,1.78,0.0,-31.070312,0.31933594,0.0,0.0,0.0,0.0,0.0,1.0126953,1.0,58.270264,1.5625001,91.59936,91.47419,0.0,110.00001,22.265625,0.0,106.73973,91.69849,494.625,538.125,5.444101,109.46875,0.0,106.84375,21.940792,76.99999,46.618652,0.0,46.85,95.8125,0.0,-48.876953,35.253906,0.0,0.5810547,47.53,46.2,47.47,45.33,0
60892.67,-3.6061163,1.0811228,0.36151755,0.35789505,101.26627,24.812016,13.641073,-1.3648574,169.47989,81.565315,50.081,0.0,5.081,33.921,49.24,0.0,100.00002,0.0,0.0,458.25,215.25,3430.0,0.0,-2.625,0.11968994,116.73958,15732.837,16050.18,1100.0834,526.95746,28.46459,26.896177,0.0,7.011531,2.0,48.501587,46.249035,17.249977,17.249977,1.784,0.0,-30.984375,0.31976318,0.0,0.0,0.0,0.0,0.0,1.0126953,1.0,58.277893,1.5625001,91.85846,91.3905,0.0,110.00001,22.265625,0.0,106.59876,91.73166,495.0,538.5,5.449031,111.8125,0.0,106.8125,21.940792,76.99999,46.11206,0.0,46.88,95.9375,0.0,-48.24829,35.2417,0.0,0.64208984,47.63,46.33,47.47,45.47,0
60892.71,-3.5448933,1.107449,0.36047477,0.35742876,101.26719,24.812016,13.615157,-1.3857481,171.78508,83.084496,50.081,0.0,5.081,33.921,49.24,0.0,100.00002,0.0,0.0,458.25,215.25,3447.0,0.0,-2.546875,0.12023926,116.93858,16043.812,15933.432,1100.0834,526.95746,24.925062,26.323917,0.0,7.171725,2.0,46.640015,46.210598,17.249977,17.249977,1.776,0.0,-30.953125,0.3204956,0.0,0.0,0.0,0.0,0.0,1.0166016,1.0,58.285522,1.5625001,91.71538,91.32763,0.0,110.00001,22.265625,0.0,106.73973,91.73166,495.0,538.5,5.609225,111.6875,0.0,106.71875,21.940792,76.99999,46.246338,0.0,47.04,96.15625,0.0,-48.651123,35.27832,0.0,0.60058594,47.95,46.55,47.43,45.7,0
60892.758,-3.4559145,1.1554797,0.35564744,0.35641143,101.26801,24.812016,13.626313,-1.4831355,176.29976,85.663826,50.081,0.0,5.081,33.921,49.24,0.0,100.00002,0.0,0.0,458.25,215.625,3463.0,0.0,-2.8515625,0.12023926,116.93029,15983.845,15891.508,1100.0834,526.95746,23.844128,26.55706,0.0,7.29988,2.0,45.69702,46.176006,17.624977,17.624977,1.784,0.0,-30.90625,0.32177734,0.0,0.0,0.0,0.0,0.0,1.0205078,1.0,58.27179,1.5625001,91.04492,91.134,0.0,110.00001,22.265625,0.0,107.03823,91.673615,495.375,538.875,5.73738,110.5,0.0,106.625,21.473967,76.99999,46.11206,0.0,47.36,96.53125,0.0,-49.34082,35.131836,0.0,0.64453125,48.04,46.83,47.8,45.99,0
60892.8,-3.3447316,1.2121918,0.3538202,0.35569078,101.26793,24.812016,13.622403,-1.5080783,180.65814,88.08574,50.081,0.0,5.081,33.921,49.24,0.0,100.00002,0.0,0.0,458.25,215.625,3475.0,0.0,-2.5859375,0.12017822,116.86396,15908.49,15872.935,1100.0834,526.95746,24.416388,26.832592,0.0,7.4024043,2.0,45.993042,46.14487,17.624977,17.624977,1.776,0.0,-30.945312,0.3236084,0.0,0.0,0.0,0.0,0.0,1.0205078,1.0,58.294678,1.5625001,90.87291,91.13671,0.0,110.00001,22.265625,0.0,107.02166,91.5907,495.375,538.5,5.8399043,110.34375,0.0,106.6875,21.473967,76.99999,46.26465,0.0,47.58,97.09375,0.0,-49.920654,34.906006,0.0,0.6567383,48.19,46.94,47.78,46.1,0
60892.84,-3.2557852,1.2536267,0.35261095,0.35458866,101.26785,24.812016,13.625525,-1.5511636,182.9099,89.38897,50.081,0.0,5.081,33.921,49.24,0.0,100.00002,0.0,0.0,458.25,215.625,3483.0,0.0,-2.7421875,0.12017822,116.86396,15839.502,15895.754,1100.0834,526.95746,25.9848,27.065735,0.0,7.6406736,2.0,46.865845,46.11685,17.624977,17.624977,1.78,0.0,-31.023438,0.32373047,0.0,0.0,0.0,0.0,0.0,1.0087891,1.0,58.291626,1.5625001,90.57585,90.845474,0.0,110.00001,22.265625,0.0,107.212364,91.47461,495.375,538.875,6.0781736,109.59375,0.0,106.53125,21.473967,76.99999,46.60034,0.0,47.68,97.125,0.0,-50.723267,34.8938,0.0,0.5932617,48.31,47.09,48.13,46.58,0
60892.883,-3.2046282,1.2702007,0.3523406,0.35310504,101.267784,24.812016,13.621852,-1.5546545,182.87143,89.65241,50.081,0.0,5.081,33.921,49.24,0.0,100.00002,0.0,0.0,457.875,215.625,3494.0,0.0,-2.8359375,0.12017822,116.847374,15793.334,15898.9375,1100.0834,526.95746,26.853786,26.345112,0.0,7.675039,2.0,47.2641,46.091633,17.624977,17.624977,1.812,0.0,-31.0625,0.32250977,0.0,0.0,0.0,0.0,0.0,0.9980469,1.0,58.33893,1.5625001,90.55172,90.63197,0.0,110.00001,22.265625,0.0,107.278694,91.34194,495.75,538.875,6.112539,109.6875,0.0,106.59375,21.473967,76.99999,46.697998,0.0,47.87,96.75,0.0,-51.327515,35.03418,0.0,0.6665039,48.59,47.39,48.36,46.54,0
60892.914,-3.1437025,1.2768303,0.35313588,0.35569078,101.268555,24.812016,13.619281,-1.549345,182.92233,90.19069,50.081,0.0,5.081,33.921,49.24,0.0,100.00002,0.0,0.0,458.25,215.625,3514.0,0.0,-2.8046875,0.12023926,116.897125,15953.597,15865.505,1100.0834,526.95746,23.780544,26.239138,0.0,7.7025313,2.0,45.492554,46.068935,17.624977,17.624977,1.78,0.0,-31.101562,0.32818604,0.0,0.0,0.0,0.0,0.0,0.9902344,1.0,58.27942,1.5625001,90.58909,90.91256,0.0,110.00001,22.460938,0.0,107.212364,91.375114,495.75,538.875,6.1400313,109.375,0.0,107.59375,21.473967,76.99999,47.01538,0.0,48.07,98.46875,0.0,-51.35193,34.399414,0.0,0.64941406,48.77,47.63,48.48,46.9,0
60892.96,-3.094962,1.2607322,0.35833198,0.35670817,101.26924,24.812016,13.623341,-1.4562744,180.74815,89.54984,50.081,0.0,5.081,33.921,49.24,0.0,100.00002,0.0,0.0,459.75,215.25,3531.0,0.0,-2.828125,0.120788574,117.121,16006.134,15866.036,1100.0834,526.95746,23.314259,26.090775,0.0,7.724525,2.0,45.129395,46.048508,17.249977,17.249977,1.732,0.0,-31.125,0.33154297,0.0,0.0,0.0,0.0,0.0,0.9892578,1.0,58.291626,1.5625001,91.2313,91.01022,0.0,110.00001,22.460938,0.0,107.02166,91.39999,496.125,538.875,6.162025,111.25,0.0,107.25,21.940792,76.99999,46.92383,0.0,48.35,99.46875,0.0,-50.857544,34.13086,0.0,0.625,48.92,47.75,48.77,46.92,0
60893.0,-3.0759695,1.235543,0.3586579,0.3565386,101.26903,24.812016,13.620322,-1.4708362,178.613,88.842865,50.081,0.0,5.081,33.921,49.24,0.0,100.00002,0.0,0.0,459.75,215.625,3545.0,0.0,-3.453125,0.121032715,117.32001,15859.138,15952.005,1100.0834,526.95746,25.772854,26.408697,0.0,7.7421203,2.0,46.502686,46.030125,17.624977,17.624977,1.74,0.0,-31.0625,0.33239746,0.0,0.0,0.0,0.0,0.0,1.0087891,1.0,58.291626,1.5625001,91.130714,90.83957,0.0,110.00001,22.460938,0.0,107.06311,91.39169,496.875,539.625,6.1796203,111.25,0.0,107.03125,21.940792,76.99999,47.20459,0.0,48.47,99.71875,0.0,-50.811768,34.088135,0.0,0.6347656,49.2,47.95,48.83,47.15,0
60893.04,-3.0807755,1.2067173,0.35821295,0.35662338,101.26884,24.812016,13.629929,-1.4648392,176.47066,88.0001,50.081,0.0,5.081,33.921,49.24,0.0,100.00002,0.0,0.0,459.75,215.625,3554.0,0.0,-2.9375,0.12109375,117.36976,15967.395,15899.469,1100.0834,526.95746,24.416388,26.281528,0.0,7.9124465,2.0,45.640564,46.01358,17.624977,17.624977,1.736,0.0,-30.96875,0.33459473,0.0,0.0,0.0,0.0,0.0,1.015625,1.0,58.29315,1.5625001,91.17186,90.9903,0.0,110.00001,22.460938,0.0,107.10456,91.41657,496.5,539.25,6.3499465,111.28125,0.0,106.875,21.940792,76.99999,47.332764,0.0,48.69,100.375,0.0,-50.982666,33.843994,0.0,0.6542969,49.33,48.21,48.97,47.41,0
60893.07,-3.0846202,1.2139369,0.35750365,0.35683528,101.26867,24.812016,13.630794,-1.4771065,178.64957,89.51279,50.081,0.0,5.081,33.921,49.24,0.0,100.00002,0.0,0.0,459.375,215.625,3571.0,0.0,-3.15625,0.12188721,117.44438,15925.472,15878.241,1100.0834,526.95746,24.861477,26.387503,0.0,8.048708,2.0,45.86792,45.998688,17.624977,17.624977,1.752,0.0,-30.617188,0.33728027,0.0,0.0,0.0,0.0,0.0,1.0195312,1.0,58.306885,1.5625001,91.087135,91.025154,0.0,110.00001,22.460938,0.0,107.26211,91.41657,496.875,539.25,6.4862075,111.1875,0.0,106.65625,21.940792,76.99999,47.613525,0.0,48.79,101.1875,0.0,-51.409912,33.709717,0.0,0.5883789,49.46,48.36,49.1,47.51,0
60893.11,-3.107696,1.1980748,0.35873312,0.3639143,101.26935,24.812016,13.62554,-1.4927108,176.4728,88.76876,50.081,0.0,5.081,33.921,49.24,0.0,100.00002,0.0,0.0,459.0,215.625,3585.0,0.0,-3.1171875,0.123168945,117.659966,15941.922,15947.76,1100.0834,526.95746,24.268024,26.832592,0.0,8.313967,2.0,45.32318,45.9101,17.624977,17.624977,1.768,0.0,-30.585938,0.3486328,0.0,0.0,0.0,0.0,0.0,1.0214844,1.0,58.325195,1.5625001,90.980255,91.70006,0.0,110.00001,22.949219,0.0,107.22066,91.55753,497.25,539.25,6.7514663,110.15625,0.0,109.34375,21.940792,76.99999,48.059082,0.0,48.99,104.59375,0.0,-51.278687,32.67212,0.0,0.5932617,49.64,48.48,49.24,47.69,0
60893.152,-3.1261568,1.19173,0.36461604,0.36450785,101.26996,24.812016,13.639441,-1.3667048,176.56973,89.16437,50.081,0.0,5.081,33.921,49.24,0.0,100.00002,0.0,0.0,459.375,216.0,3599.0,0.0,-3.734375,0.12365723,117.80922,16014.624,15980.661,1100.0834,526.95746,25.497322,27.023346,0.0,8.526174,2.0,46.185303,45.830368,17.999977,17.999977,1.776,0.0,-30.726562,0.35113525,0.0,0.0,0.0,0.0,0.0,1.0126953,1.0,58.33435,1.5625001,91.84941,91.93792,0.0,110.00001,22.949219,0.0,107.10456,91.85603,497.625,539.625,6.963673,112.8125,0.0,109.34375,22.407618,76.99999,48.168945,0.0,49.24,105.34375,0.0,-50.042725,32.48291,0.0,0.56396484,49.96,48.74,49.49,48.16,0
60893.2,-3.1609254,1.189192,0.3663296,0.36272746,101.27051,24.812016,13.631593,-1.3636222,176.49722,89.52399,50.081,0.0,5.081,33.921,49.24,0.0,100.00002,0.0,0.0,459.0,216.0,3615.0,0.0,-4.2421875,0.1239624,118.05797,16023.115,15993.397,1100.0834,526.95746,25.454931,27.04454,0.0,8.695939,2.0,46.162415,45.75861,17.999977,17.999977,1.796,0.0,-30.796875,0.35144043,0.0,0.0,0.0,0.0,0.0,1.0166016,1.0,58.351135,1.5625001,91.87121,91.36089,0.0,110.00001,22.949219,0.0,107.187485,91.8892,498.0,540.375,7.1334386,113.53125,0.0,109.09375,22.874443,76.99999,48.583984,0.0,49.45,105.4375,0.0,-49.923706,32.507324,0.0,0.64941406,50.17,48.95,49.9,48.04,0
60893.234,-3.1887403,1.1694269,0.3657143,0.36366004,101.271,24.812016,13.637818,-1.3650666,174.31494,88.83287,50.081,0.0,5.081,33.921,49.24,0.0,100.00002,0.0,0.0,458.625,216.0,3632.0,0.0,-4.21875,0.12402344,118.165764,16132.434,16046.465,1100.0834,526.95746,23.67457,27.362461,0.0,8.831751,2.0,45.01648,45.694027,17.999977,17.999977,1.824,0.0,-30.757812,0.3555298,0.0,0.0,0.0,0.0,0.0,1.0146484,1.0,58.332825,1.5625001,91.86175,91.564804,0.0,110.00001,22.949219,0.0,107.469406,91.93895,498.375,540.375,7.269251,112.75,0.0,108.78125,22.874443,76.99999,49.127197,0.0,49.68,106.65625,0.0,-50.613403,32.04956,0.0,0.6591797,50.28,49.14,50.09,48.33,0
60893.273,-3.2109923,1.1615208,0.36407024,0.36293945,101.27145,24.812016,13.642176,-1.3986087,174.31967,89.153244,50.081,0.0,5.081,33.921,49.24,0.0,100.00002,0.0,0.0,459.375,216.0,3645.0,0.0,-4.3984375,0.12414551,118.23209,16078.836,16028.952,1100.0834,526.95746,24.013687,27.426046,0.0,8.940401,2.0,45.17517,45.635902,17.999977,17.999977,1.796,0.0,-30.789062,0.35656738,0.0,0.0,0.0,0.0,0.0,1.0087891,1.0,58.34198,1.5625001,91.63099,91.468254,0.0,110.00001,22.949219,0.0,107.560616,91.96383,498.75,540.75,7.3779006,112.5,0.0,108.5625,22.407618,76.99999,49.194336,0.0,49.73,106.96875,0.0,-50.878906,31.951904,0.0,0.5932617,50.45,49.35,50.19,48.46,0
60893.312,-3.248794,1.1583583,0.3622565,0.36230356,101.27185,24.812016,13.627647,-1.4323133,174.37498,89.52407,50.081,0.0,5.081,33.921,49.24,0.0,100.00002,0.0,0.0,459.75,216.0,3659.0,0.0,-4.3515625,0.1237793,118.25697,16048.587,15963.68,1100.0834,526.95746,23.886518,27.002151,0.0,8.871071,2.0,44.970703,45.58359,18.374977,17.999977,1.796,0.0,-30.757812,0.35736084,0.0,0.0,0.0,0.0,0.0,1.0097656,1.0,58.346558,1.5625001,91.39907,91.43069,0.0,110.00001,22.949219,0.0,107.6684,91.91408,499.125,540.375,7.3085704,111.96875,0.0,108.34375,22.407618,76.99999,49.16992,0.0,49.95,107.21875,0.0,-51.11389,31.78711,0.0,0.5834961,50.72,49.56,50.3,48.78,0
60893.35,-3.2790353,1.1758434,0.36080992,0.3598026,101.27221,24.812016,13.6350565,-1.4854887,176.56613,91.020615,50.081,0.0,5.081,33.921,49.24,0.0,100.00002,0.0,0.0,459.375,216.375,3674.0,0.0,-3.84375,0.12371826,118.19893,15893.101,15949.882,1100.0834,526.95746,24.988646,26.95976,0.0,8.971857,2.0,45.50476,45.53651,18.374977,18.374977,1.796,0.0,-30.398438,0.35656738,0.0,0.0,0.0,0.0,0.0,0.99902344,1.0,58.348083,1.5625001,91.0329,90.92733,0.0,110.00001,22.949219,0.0,107.89228,91.79799,499.125,540.0,7.4093566,111.03125,0.0,107.9375,21.940792,76.99999,49.468994,0.0,50.18,106.96875,0.0,-51.9989,31.860352,0.0,0.5761719,50.81,49.82,50.53,48.8,0
60893.395,-3.3032284,1.2015874,0.35930097,0.3610319,101.27254,24.812016,13.628524,-1.5092117,178.76694,92.5063,50.081,0.0,5.081,33.921,49.24,0.0,100.00002,0.0,0.0,459.75,216.375,3688.0,0.0,-3.6328125,0.12414551,118.27356,15737.083,15907.959,1100.0834,526.95746,26.684229,26.705423,0.0,9.052485,2.0,46.24176,45.494137,18.374977,18.374977,1.8,0.0,-30.5,0.35986328,0.0,0.0,0.0,0.0,0.0,0.99902344,1.0,58.337402,1.5625001,90.869705,91.09342,0.0,110.00001,22.949219,0.0,108.03324,91.6902,499.5,539.625,7.4899855,109.75,0.0,108.0,21.940792,76.99999,49.713135,0.0,50.4,107.96875,0.0,-52.93274,31.567383,0.0,0.5859375,50.95,50.0,50.75,48.95,0
60893.44,-3.3225827,1.211885,0.35846433,0.3609471,101.27283,24.812016,13.63567,-1.4956816,178.81567,92.80752,50.081,0.0,5.081,33.921,49.24,0.0,100.00002,0.0,0.0,460.125,216.375,3699.0,0.0,-3.5625,0.12384033,118.306725,15800.764,15941.922,1100.0834,526.95746,26.684229,27.12932,0.0,9.116989,2.0,46.253967,45.456,18.374977,18.374977,1.792,0.0,-30.765625,0.36218262,0.0,0.0,0.0,0.0,0.0,1.0029297,1.0,58.348083,1.5625001,90.96326,91.33463,0.0,110.00001,22.949219,0.0,108.14933,91.71507,499.875,539.625,7.5544887,109.09375,0.0,107.875,21.940792,76.99999,49.957275,0.0,50.57,108.65625,0.0,-53.41797,31.237793,0.0,0.5908203,51.23,50.12,50.89,49.22,0
60893.48,-3.3380663,1.1972541,0.36161518,0.36077756,101.27309,24.812016,13.634812,-1.4308146,176.6479,92.02942,50.081,0.0,5.081,33.921,49.24,0.0,100.00002,0.0,0.0,459.375,216.375,3713.0,0.0,-3.640625,0.12390137,118.356476,15835.257,15967.395,1100.0834,526.95746,27.404852,27.320072,0.0,9.1685915,2.0,46.548462,45.42168,18.374977,18.374977,1.812,0.0,-30.75,0.36413574,0.0,0.0,0.0,0.0,0.0,1.0068359,1.0,58.40912,1.5625001,91.41064,91.318405,0.0,110.00001,22.949219,0.0,108.10787,91.74824,499.875,539.625,7.606091,110.5625,0.0,107.65625,22.407618,76.99999,50.213623,0.0,50.76,109.25,0.0,-53.2135,31.02417,0.0,0.5834961,51.41,50.33,51.18,49.43,0
60893.52,-3.3504531,1.1914017,0.36194184,0.3609047,101.27249,24.812016,13.622494,-1.4256225,176.63864,92.4955,50.081,0.0,5.081,33.921,49.24,0.0,100.00002,0.0,0.0,459.75,216.75,3732.0,0.0,-3.5625,0.12445068,118.56377,15903.714,15932.37,1100.0834,526.95746,26.896177,27.150515,0.0,9.209873,2.0,46.310425,45.390793,18.749975,18.749975,1.804,0.0,-30.671875,0.36676025,0.0,0.0,0.0,0.0,0.0,1.0058594,1.0,58.45337,1.5625001,91.44583,91.28015,0.0,110.00001,22.949219,0.0,108.06641,91.739944,500.25,539.625,7.6473727,110.25,0.0,107.375,22.407618,76.99999,50.27466,0.0,50.96,110.03125,0.0,-52.981567,30.828857,0.0,0.5810547,51.57,50.43,51.42,49.56,0
60893.56,-3.4003625,1.1890607,0.36184874,0.3606504,101.27196,24.812016,13.631449,-1.4300332,176.66211,92.75567,50.081,0.0,5.081,33.921,49.24,0.0,100.00002,0.0,0.0,459.75,216.75,3742.0,0.0,-3.6328125,0.124572754,118.66327,15904.244,15984.906,1100.0834,526.95746,26.578255,27.553215,0.0,9.399149,2.0,46.072388,45.36299,18.749975,18.749975,1.82,0.0,-30.648438,0.3684082,0.0,0.0,0.0,0.0,0.0,1.0029297,1.0,58.476257,1.5625001,91.414894,91.26604,0.0,110.00001,22.949219,0.0,108.14933,91.71507,500.625,539.625,7.8366485,110.125,0.0,107.15625,22.407618,76.99999,50.46997,0.0,51.14,110.53125,0.0,-53.35388,30.664062,0.0,0.5834961,51.9,50.6,51.4,49.73,0
60893.6,-3.42029,1.1693743,0.36035514,0.36026886,101.27231,24.812016,13.631858,-1.4770943,174.52654,91.952736,50.081,0.0,5.081,33.921,49.24,0.0,100.00002,0.0,0.0,459.75,216.75,3755.0,0.0,-3.828125,0.124694824,118.771065,15847.993,15979.6,1100.0834,526.95746,27.277683,27.48963,0.0,9.55057,2.0,46.298218,45.33797,18.749975,18.749975,1.824,0.0,-30.734375,0.36956787,0.0,0.0,0.0,0.0,0.0,1.0068359,1.0,58.442688,1.5625001,91.09086,91.0596,0.0,110.00001,22.949219,0.0,108.43125,91.63216,501.0,540.0,7.988069,110.21875,0.0,106.90625,22.407618,76.99999,50.634766,0.0,51.43,110.875,0.0,-54.153442,30.548096,0.0,0.5908203,52.1,50.91,51.68,50.15,0
60893.64,-3.436232,1.1614997,0.357394,0.36260033,101.27262,24.812016,13.638003,-1.5491612,174.51382,92.362305,50.081,0.0,5.081,33.921,49.24,0.0,100.00002,0.0,0.0,459.75,216.75,3772.0,0.0,-4.28125,0.125,118.7296,15967.395,15886.732,1100.0834,526.95746,25.13701,26.95976,0.0,9.671705,2.0,45.118713,45.315453,18.749975,18.749975,1.828,0.0,-30.726562,0.37457275,0.0,0.0,0.0,0.0,0.0,1.0,1.0,58.47168,1.5625001,90.59442,91.361694,0.0,110.00001,23.144531,0.0,108.63025,91.62386,501.0,540.375,8.109205,108.65625,0.0,107.8125,21.940792,76.99999,50.842285,0.0,51.63,112.375,0.0,-55.117798,30.029297,0.0,0.5908203,52.25,51.05,51.98,50.25,0
60893.68,-3.4689856,1.1395999,0.3615503,0.36556756,101.2729,24.812016,13.630587,-1.5040327,172.26396,91.4616,50.081,0.0,5.081,33.921,49.24,0.0,100.00002,0.0,0.0,460.125,216.75,3784.0,0.0,-4.34375,0.12506104,118.75448,15976.416,15949.882,1100.0834,526.95746,26.387503,27.256489,0.0,9.612364,2.0,45.75348,45.295185,19.124975,18.749975,1.82,0.0,-30.109375,0.3807373,0.0,0.0,0.0,0.0,0.0,0.99316406,1.0,58.529663,1.5625001,90.90577,91.47515,0.0,110.00001,23.339844,0.0,108.4727,91.70678,501.375,540.375,8.049864,110.0,0.0,108.875,22.407618,76.99999,51.037598,0.0,51.77,114.21875,0.0,-54.797363,29.32129,0.0,0.5932617,52.46,51.27,52.14,50.36,0
60893.71,-3.4951882,1.13084,0.36536482,0.3751476,101.27232,24.812016,13.625395,-1.4326698,172.32806,91.809975,50.081,0.0,5.081,33.921,49.24,0.0,100.00002,0.0,0.0,460.5,217.125,3797.0,0.0,-4.3359375,0.12677002,119.044685,16014.624,15993.397,1100.0834,526.95746,26.726618,27.468435,0.0,9.564891,2.0,45.980835,45.276947,19.124975,19.124975,1.8,0.0,-30.148438,0.3953247,0.0,0.0,0.0,0.0,0.0,0.9941406,1.0,58.52356,1.5625001,91.39709,92.7534,0.0,110.00001,23.925781,0.0,108.43125,92.42816,501.375,540.375,8.002391,110.46875,0.0,112.1875,22.874443,76.99999,51.660156,0.0,51.88,118.59375,0.0,-54.45862,27.947998,0.0,0.5859375,52.66,51.32,52.19,50.7,0
60893.754,-3.5161505,1.127336,0.37409103,0.38154843,101.271805,24.812016,13.62762,-1.2559623,172.24353,92.19995,50.081,0.0,5.081,33.921,49.24,0.0,100.00002,0.0,0.0,460.125,216.75,3815.0,0.0,-4.40625,0.1282959,119.4344,16014.624,16119.167,1100.0834,526.95746,27.849941,28.0195,0.0,9.526913,2.0,46.492004,45.260532,18.749975,18.749975,1.828,0.0,-30.242188,0.40655518,0.0,0.0,0.0,0.0,0.0,0.9980469,1.0,58.628845,1.5625001,92.61459,93.84461,0.0,110.00001,24.023438,0.0,108.14933,93.53097,502.125,540.375,7.9644127,112.5625,0.0,112.5,23.808094,76.99999,51.94702,0.0,52.06,121.96875,0.0,-50.86975,26.916504,0.0,0.6176758,52.79,51.65,52.58,50.55,0
60893.797,-3.5129204,1.1446844,0.3806925,0.38103977,101.27217,24.812016,13.611599,-1.1107248,174.55978,93.92967,50.081,0.0,5.081,33.921,49.24,0.0,100.00002,0.0,0.0,460.125,216.75,3835.0,0.0,-4.5234375,0.12890625,119.98166,16262.979,16208.319,1100.0834,526.95746,27.743967,28.54937,0.0,9.65278,2.0,46.650696,45.245758,18.749975,18.749975,1.848,0.0,-30.226562,0.40924072,0.0,0.0,0.0,0.0,0.0,1.0107422,1.0,58.78601,1.5625001,93.616066,93.65907,0.0,110.00001,24.023438,0.0,107.7845,93.81289,502.5,540.375,8.09028,113.84375,0.0,112.1875,24.741743,76.99999,52.319336,0.0,52.33,122.78125,0.0,-46.92993,26.715088,0.0,0.5859375,52.88,51.83,52.69,50.95,0
60893.836,-3.5103364,1.1891239,0.38267428,0.38248104,101.2725,24.812016,13.617963,-1.0749592,178.97989,96.634575,50.081,0.0,5.081,33.921,49.24,0.0,100.00002,0.0,0.0,459.0,216.75,3848.0,0.0,-4.6484375,0.12915039,120.246994,16263.51,16231.669,1100.0834,526.95746,27.998306,28.86729,0.0,9.909723,2.0,46.60492,45.23246,18.749975,18.749975,1.908,0.0,-30.101562,0.41351318,0.0,0.0,0.0,0.0,0.0,1.0185547,1.0,58.85315,1.5625001,93.86292,93.87053,0.0,110.00001,24.023438,0.0,107.7845,93.95385,503.25,540.75,8.347223,114.28125,0.0,111.90625,25.208569,76.99999,52.67334,0.0,52.51,124.0625,0.0,-46.255493,26.257324,0.0,0.6738281,53.22,51.98,52.76,51.08,0
60893.87,-3.4882693,1.2256496,0.38326043,0.38103977,101.2728,24.812016,13.616558,-1.0525609,181.22406,98.075096,50.081,0.0,5.081,33.921,49.24,0.0,100.00002,0.0,0.0,459.375,216.75,3857.0,0.0,-5.15625,0.1293335,120.37137,16390.34,16295.881,1100.0834,526.95746,27.002151,29.248796,0.0,10.115278,2.0,46.072388,45.220493,18.749975,18.749975,1.912,0.0,-30.101562,0.41333008,0.0,0.0,0.0,0.0,0.0,1.0126953,1.0,58.84857,1.5625001,94.01761,93.70842,0.0,110.00001,24.023438,0.0,108.06641,94.02018,503.625,541.125,8.552778,114.375,0.0,111.71875,25.208569,76.99999,53.326416,0.0,52.63,124.0,0.0,-46.679688,26.312256,0.0,0.61279297,53.2,52.25,52.91,51.44,0
60893.914,-3.4306154,1.2965099,0.3800069,0.37858114,101.27306,24.812016,13.633153,-1.1272091,187.58324,102.01665,50.081,0.0,5.081,33.921,49.24,0.0,100.00002,0.0,0.0,459.0,217.125,3876.0,0.0,-5.25,0.12939453,120.437706,16177.01,16308.616,1100.0834,526.95746,28.54937,29.43955,0.0,10.123472,2.0,46.696472,45.134537,19.124975,19.124975,1.928,0.0,-30.171875,0.41333008,0.0,0.0,0.0,0.0,0.0,1.0,1.0,58.862305,1.5625001,93.503334,93.29925,0.0,110.00001,24.023438,0.0,108.6717,93.99531,503.625,541.125,8.560972,114.0,0.0,111.375,24.27492,76.99999,54.101562,0.0,52.95,124.0,0.0,-48.15979,26.324463,0.0,0.64208984,53.43,52.5,53.3,51.68,0
60893.96,-3.3844924,1.3436041,0.3779834,0.37819964,101.2733,24.812016,13.64477,-1.162387,189.65747,103.490654,50.081,0.0,5.081,33.921,49.24,0.0,100.00002,0.0,0.0,459.0,217.125,3889.0,0.0,-5.828125,0.12902832,120.479164,16165.335,16210.973,1100.0834,526.95746,29.058044,28.803707,0.0,10.130028,2.0,47.047424,45.057175,19.124975,19.124975,1.916,0.0,-30.296875,0.413208,0.0,0.0,0.0,0.0,0.0,0.9902344,1.0,58.805847,1.5625001,93.26109,93.205475,0.0,110.00001,24.023438,0.0,109.036545,93.87922,503.625,541.875,8.567528,113.625,0.0,111.375,23.808094,76.99999,54.309082,0.0,53.08,123.96875,0.0,-49.383545,26.269531,0.0,0.5908203,53.79,52.68,53.3,51.83,0
60894.0,-3.3475938,1.3624418,0.37522492,0.378242,101.27268,24.812016,13.635323,-1.2140172,189.66095,103.86512,50.081,0.0,5.081,33.921,49.24,0.0,100.00002,0.0,0.0,459.0,217.125,3903.0,0.0,-5.734375,0.12896729,120.42112,16151.538,16193.991,1100.0834,526.95746,27.595604,28.676538,0.0,10.135272,2.0,46.09375,44.98755,19.124975,19.124975,1.916,0.0,-30.265625,0.4163208,0.0,0.0,0.0,0.0,0.0,0.9863281,1.0,58.75244,1.5625001,92.904594,93.3923,0.0,110.00001,24.023438,0.0,109.31847,93.82947,504.0,541.875,8.572772,112.1875,0.0,111.15625,23.808094,76.99999,54.504395,0.0,53.3,124.90625,0.0,-50.72937,25.891113,0.0,0.59814453,53.85,53.03,53.6,51.96,0
60894.035,-3.298075,1.3887267,0.37601587,0.37629214,101.272125,24.812016,13.634569,-1.2190589,191.69565,105.35595,50.081,0.0,5.081,33.921,49.24,0.0,100.00002,0.0,0.0,459.75,217.5,3917.0,0.0,-5.3671875,0.12896729,120.39625,16170.642,16191.869,1100.0834,526.95746,27.48963,28.63415,0.0,9.983217,2.0,45.90149,44.924885,19.499975,19.499975,1.9,0.0,-30.015625,0.41583252,0.0,0.0,0.0,0.0,0.0,0.9873047,1.0,58.83484,1.5625001,92.869286,92.9153,0.0,110.00001,24.023438,0.0,109.40138,93.74655,504.375,541.125,8.420717,112.78125,0.0,110.875,23.341269,76.99999,54.66919,0.0,53.56,124.75,0.0,-51.123047,25.946045,0.0,0.60058594,54.05,53.2,53.85,52.06,0
60894.07,-3.2584598,1.4179907,0.37612733,0.37646168,101.27163,24.812016,13.639901,-1.2223948,193.72935,106.799866,50.081,0.0,5.081,33.921,49.24,0.0,100.00002,0.0,0.0,460.5,217.5,3929.0,0.0,-5.09375,0.12866211,120.47087,16070.345,16225.832,1100.0834,526.95746,28.528175,28.803707,0.0,9.861573,2.0,46.435547,44.86849,19.499975,19.499975,1.876,0.0,-30.0625,0.4182129,0.0,0.0,0.0,0.0,0.0,0.9892578,1.0,58.805847,1.5625001,92.845795,92.89396,0.0,110.00001,24.023438,0.0,109.63355,93.65534,504.75,541.125,8.299073,112.34375,0.0,110.75,23.341269,76.99999,55.133057,0.0,53.64,125.46875,0.0,-52.111816,25.610352,0.0,0.60058594,54.08,53.26,53.84,52.22,0
60894.117,-3.2267678,1.4484463,0.37401846,0.37548673,101.27201,24.812016,13.643634,-1.2528565,195.8589,108.27614,50.081,0.0,5.081,33.921,49.24,0.0,100.00002,2.0,0.0,460.5,217.5,3940.0,0.0,-5.140625,0.12878418,120.56208,16155.783,16169.05,1100.0834,526.95746,27.404852,28.761318,0.0,9.920508,2.0,45.651245,44.81773,19.499975,19.499975,1.884,0.0,-30.132812,0.418396,0.0,0.0,0.0,0.0,0.0,0.99316406,1.0,58.84857,1.5625001,92.63621,92.85899,0.0,110.00001,24.023438,0.0,109.79939,93.53097,505.125,541.125,8.358008,111.96875,0.0,110.4375,23.341269,76.99999,55.133057,0.0,53.92,125.53125,0.0,-53.012085,25.610352,0.0,0.63720703,54.39,53.55,54.19,52.79,0
60894.16,-3.1814141,1.4793786,0.37438336,0.37535957,101.272354,24.812016,13.646247,-1.2449181,197.80234,109.71133,50.081,0.0,5.081,33.921,49.24,0.0,100.00002,2.0,0.0,460.875,217.5,3953.0,0.0,-5.4453125,0.12878418,120.595245,16102.186,16163.743,1100.0834,526.95746,28.273838,28.718927,0.0,9.967656,2.0,46.151733,44.77205,19.499975,19.499975,1.868,0.0,-30.21875,0.4199829,0.0,0.0,0.0,0.0,0.0,0.99121094,1.0,58.84857,1.5625001,92.69127,92.84284,0.0,110.00001,24.023438,0.0,109.80768,93.431465,505.125,541.5,8.405156,111.75,0.0,110.21875,23.341269,76.99999,55.090332,0.0,54.08,126.0,0.0,-53.326416,25.427246,0.0,0.59814453,54.49,53.76,54.33,52.79,0
60894.19,-3.1451313,1.4917514,0.37477764,0.37637693,101.271835,24.812016,13.642217,-1.2556789,197.84692,110.04142,50.081,0.0,5.081,33.921,49.24,0.0,100.00002,2.0,0.0,459.75,217.5,3964.0,0.0,-5.625,0.12884521,120.62841,16043.28,16214.157,1100.0834,526.95746,28.570564,28.973265,0.0,9.849125,2.0,46.253967,44.730934,19.499975,19.499975,1.9,0.0,-30.1875,0.42364502,0.0,0.0,0.0,0.0,0.0,0.9892578,1.0,58.909607,1.5625001,92.61658,92.8749,0.0,110.00001,24.023438,0.0,109.99839,93.41488,505.125,541.5,8.286625,111.3125,0.0,110.125,23.341269,76.99999,55.52368,0.0,54.15,127.09375,0.0,-54.067993,25.0,0.0,0.60302734,54.63,53.92,54.46,53.04,0
60894.234,-3.076105,1.4967006,0.3743729,0.3754019,101.27136,24.812016,13.651114,-1.2750676,197.87941,110.47596,50.081,0.0,5.081,33.921,49.24,0.0,100.00002,2.0,0.0,460.5,217.875,3979.0,0.0,-5.9921875,0.12896729,120.76108,16087.326,16161.62,1100.0834,526.95746,28.46459,28.528175,0.0,9.7543,2.0,46.09375,44.69393,19.874975,19.874975,1.9,0.0,-29.96875,0.42364502,0.0,0.0,0.0,0.0,0.0,0.98535156,1.0,58.96759,1.5625001,92.48246,92.65697,0.0,110.00001,24.023438,0.0,110.19739,93.290504,505.875,541.875,8.1918,111.59375,0.0,109.71875,23.341269,76.99999,55.914307,0.0,54.39,127.09375,0.0,-54.93164,25.024414,0.0,0.64453125,54.91,54.08,54.5,53.28,0
60894.28,-3.000884,1.4799303,0.37487328,0.3754019,101.27094,24.812016,13.651484,-1.2510988,195.94406,109.83534,50.081,0.0,5.081,33.921,49.24,0.0,100.00002,2.0,0.0,460.125,217.875,3995.0,0.0,-6.15625,0.12908936,120.827415,15941.922,16229.016,1100.0834,526.95746,31.241106,28.824902,0.0,9.67844,2.0,47.61505,44.66063,19.874975,19.874975,1.904,0.0,-30.007812,0.42645264,0.0,0.0,0.0,0.0,0.0,0.9873047,1.0,58.843994,1.5625001,92.647255,92.726685,0.0,110.00001,24.023438,0.0,110.23885,93.26563,505.875,542.25,8.11594,111.0625,0.0,109.59375,23.341269,76.99999,55.950928,0.0,54.61,127.9375,0.0,-55.212402,24.713135,0.0,0.60791016,55.12,54.4,54.86,53.55,0
60894.31,-2.9207072,1.4732221,0.3750119,0.3754019,101.27139,24.812016,13.645882,-1.2541548,195.89006,110.107414,50.081,0.0,5.081,33.921,49.24,0.0,100.00002,2.0,0.0,460.875,217.875,4006.0,0.0,-6.296875,0.12921143,120.95179,16104.308,16178.602,1100.0834,526.95746,28.803707,28.46459,0.0,9.617752,2.0,46.105957,44.630657,19.874975,19.874975,1.888,0.0,-30.023438,0.42736816,0.0,0.0,0.0,0.0,0.0,0.9863281,1.0,58.9386,1.5625001,92.62664,92.69919,0.0,110.00001,24.023438,0.0,110.22227,93.273926,506.25,542.25,8.055252,111.21875,0.0,109.375,23.341269,76.99999,55.95703,0.0,54.78,128.21875,0.0,-55.02014,24.627686,0.0,0.60058594,55.2,54.42,55.01,53.45,0
60894.35,-2.8165658,1.4892889,0.37599838,0.37485087,101.2718,24.812016,13.630242,-1.2242676,197.91653,111.663025,50.081,0.0,5.081,33.921,49.24,0.0,100.00002,2.0,0.0,460.5,217.875,4021.0,0.0,-6.4140625,0.12927246,121.009834,16218.933,16148.884,1100.0834,526.95746,28.316227,27.97711,0.0,9.569201,2.0,45.970154,44.603683,19.874975,19.874975,1.892,0.0,-30.023438,0.42791748,0.0,0.0,0.0,0.0,0.0,0.98535156,1.0,58.976746,1.5625001,92.83305,92.68923,0.0,110.00001,24.023438,0.0,110.35493,93.24905,506.25,542.25,8.006701,111.125,0.0,109.09375,23.341269,76.99999,56.37207,0.0,54.87,128.375,0.0,-54.956055,24.572754,0.0,0.6274414,55.47,54.68,54.97,53.76,0
60894.395,-2.6932528,1.4957156,0.37724394,0.3772247,101.27216,24.812016,13.619294,-1.2255782,197.96262,112.216774,50.081,0.0,5.081,33.921,49.24,0.0,100.00002,2.0,0.0,460.875,217.875,4040.0,0.0,-6.3984375,0.12988281,121.25858,16199.298,16230.607,1100.0834,528.0188,28.803707,28.655344,0.0,9.530361,2.0,45.980835,44.579407,19.874975,19.874975,1.88,0.0,-29.71875,0.4350586,0.0,0.0,0.0,0.0,0.0,0.9902344,1.0,58.88214,1.5625001,92.82439,92.83822,0.0,110.00001,24.21875,0.0,110.35493,93.315384,506.625,542.625,7.967861,112.125,0.0,110.09375,23.341269,76.99999,56.555176,0.0,55.19,130.53125,0.0,-54.360962,23.834229,0.0,0.60058594,55.67,55.05,55.45,54.08,0
60894.438,-2.5546021,1.5357864,0.37830418,0.37713993,101.27249,24.812016,13.61749,-1.2271355,201.85977,114.82243,50.081,0.0,5.081,33.921,49.24,0.0,100.00002,2.0,0.0,460.875,217.875,4054.0,0.0,-6.4375,0.13000488,121.34979,16282.083,16169.58,1100.0834,528.0188,27.765163,28.295033,0.0,9.3430395,2.0,45.446777,44.557556,19.874975,19.874975,1.88,0.0,-29.421875,0.4364624,0.0,0.0,0.0,0.0,0.0,0.9921875,1.0,59.06067,1.5625001,92.81398,92.65533,0.0,110.00001,24.21875,0.0,110.54564,93.315384,506.625,542.625,7.780539,111.8125,0.0,109.96875,23.341269,76.99999,57.06787,0.0,55.41,130.9375,0.0,-54.39148,23.693848,0.0,0.64697266,55.76,55.25,55.52,54.23,0
60894.48,-2.4036818,1.5705645,0.37809068,0.3771823,101.27279,24.812016,13.622087,-1.2169381,203.82765,116.39941,50.081,0.0,5.081,33.921,49.24,0.0,100.00002,2.0,0.0,461.625,217.875,4070.0,0.0,-6.4765625,0.13043213,121.39954,16198.236,16246.528,1100.0834,528.0188,28.655344,28.718927,0.0,9.193182,2.0,45.674133,44.53789,19.874975,19.874975,1.852,0.0,-29.25,0.43811035,0.0,0.0,0.0,0.0,0.0,0.99316406,1.0,59.098816,1.5625001,92.88457,92.6794,0.0,110.00001,24.21875,0.0,110.60369,93.290504,507.0,542.625,7.6306815,112.3125,0.0,109.78125,23.808094,76.99999,57.318115,0.0,55.59,131.4375,0.0,-54.30298,23.571777,0.0,0.6152344,55.97,55.45,55.52,54.55,0
60894.51,-2.2629454,1.5844758,0.37838084,0.37726706,101.273056,24.812016,13.619445,-1.2144909,203.87866,116.7432,50.081,0.0,5.081,33.921,49.24,0.0,100.00002,2.0,0.0,460.875,217.875,4081.0,0.0,-6.875,0.1305542,121.523926,16258.203,16186.031,1100.0834,529.34546,27.298878,28.125475,0.0,9.073296,2.0,44.937134,44.520195,19.874975,19.874975,1.876,0.0,-29.28125,0.44030762,0.0,0.0,0.0,0.0,0.0,0.99609375,1.0,59.083557,1.5625001,92.9017,92.72453,0.0,110.00001,24.21875,0.0,110.71977,93.25734,507.0,543.0,7.510795,112.3125,0.0,109.75,23.808094,76.99999,57.56836,0.0,55.73,132.09375,0.0,-54.09546,23.327637,0.0,0.61279297,56.09,55.62,55.84,54.82,0
60894.555,-2.1103563,1.6275403,0.3769227,0.3796833,101.27329,24.812016,13.617596,-1.2394304,207.70544,119.37161,50.081,0.0,5.081,33.921,49.24,0.0,100.00002,2.0,0.0,462.0,217.875,4096.0,0.0,-7.046875,0.13104248,121.62342,16307.556,16158.437,1100.0834,529.34546,26.980955,28.189058,0.0,8.977386,2.0,44.57245,44.50427,19.874975,19.874975,1.852,0.0,-29.257812,0.44580078,0.0,0.0,0.0,0.0,0.0,0.9941406,1.0,59.173584,1.5625001,92.730034,93.18916,0.0,110.00001,24.414062,0.0,111.04315,93.28221,507.375,543.0,7.414886,111.84375,0.0,110.875,23.341269,76.99999,57.946777,0.0,56.04,133.75,0.0,-54.797363,22.76001,0.0,0.6298828,56.24,55.99,55.92,55.13,0
60894.594,-1.9882851,1.6447662,0.37642726,0.3789203,101.272675,24.812016,13.610442,-1.2534785,207.6973,119.716644,50.081,0.0,5.081,33.921,49.24,0.0,100.00002,2.0,0.0,460.875,217.875,4108.0,0.0,-7.0390625,0.13098145,121.60684,16300.656,16216.811,1100.0834,530.6722,26.95976,28.50698,0.0,8.90066,2.0,44.5282,44.489933,19.874975,19.874975,1.884,0.0,-29.289062,0.4463501,0.0,0.0,0.0,0.0,0.0,0.9921875,1.0,59.092712,1.5625001,92.63258,93.085434,0.0,110.00001,24.414062,0.0,111.08461,93.381714,507.375,543.0,7.338159,111.15625,0.0,110.78125,23.341269,76.99999,57.885742,0.0,56.13,133.90625,0.0,-54.12903,22.686768,0.0,0.625,56.39,56.06,56.15,55.2,0
60894.637,-1.870628,1.6516565,0.37801015,0.3843885,101.27212,24.812016,13.605434,-1.2078309,207.84283,120.092155,50.081,0.0,5.081,33.921,49.24,0.0,100.00002,2.0,0.0,462.0,217.875,4118.0,0.0,-7.1328125,0.13195801,121.78097,16307.556,16238.037,1100.0834,530.6722,27.214098,28.54937,0.0,8.839277,2.0,44.69757,44.47703,19.874975,19.874975,1.844,0.0,-29.25,0.45666504,0.0,0.0,0.0,0.0,0.0,0.9921875,1.0,59.17511,1.5625001,92.94667,94.00653,0.0,110.00001,24.804688,0.0,111.13436,93.821175,507.75,543.0,7.2767773,111.59375,0.0,112.78125,23.808094,76.99999,58.36792,0.0,56.38,137.0,0.0,-53.375244,21.948242,0.0,0.64208984,56.62,56.36,56.35,55.79,0
60894.67,-1.7565024,1.6731627,0.38535908,0.3946044,101.27162,24.812016,13.613647,-1.019174,209.66649,121.528305,50.081,0.0,5.081,33.921,49.24,0.0,100.00002,2.0,0.0,461.625,217.5,4131.0,0.0,-7.1875,0.13366699,121.98826,16385.033,16309.678,1100.0834,530.6722,27.320072,28.761318,0.0,8.790173,2.0,44.630432,44.46542,19.499975,19.499975,1.864,0.0,-29.179688,0.4734497,0.0,0.0,0.0,0.0,0.0,0.99609375,1.0,59.33838,1.5625001,94.24657,95.79793,0.0,110.00001,25.488281,0.0,110.81098,95.42978,507.75,543.375,7.227672,113.59375,0.0,116.53125,24.741743,76.99999,59.124756,0.0,56.51,142.03125,0.0,-50.097656,21.038818,0.0,0.6201172,56.75,56.57,56.47,55.77,0
60894.715,-1.605202,1.6630151,0.39981768,0.4141036,101.27035,24.812016,13.619397,-0.69117117,207.82523,121.19007,50.081,0.0,5.081,33.921,49.24,0.0,100.00002,2.0,0.0,461.25,217.125,4156.0,0.0,-7.2109375,0.13739014,122.98327,16463.043,16577.137,1100.0834,531.7335,29.948225,30.033005,0.0,8.750888,2.0,46.287537,44.454967,19.124975,19.124975,1.888,0.0,-29.023438,0.50634766,0.0,0.0,0.0,0.0,0.0,0.99902344,1.0,59.41925,1.5625001,96.50618,98.911446,0.0,110.00001,26.757812,0.0,110.13106,98.63869,508.125,543.375,7.188388,118.0625,0.0,123.375,27.542696,76.99999,60.43701,0.0,56.79,151.90625,0.0,-39.038086,19.213867,0.0,0.6323242,57.04,56.76,56.7,56.04,0
60894.754,-1.4641615,1.658956,0.40993172,0.41651982,101.2692,24.812016,13.63514,-0.4127697,207.8789,121.80473,50.081,0.0,5.081,33.921,49.24,0.0,100.00002,2.0,0.0,460.125,216.75,4176.0,0.0,-7.140625,0.13861084,123.77099,16746.422,16736.338,1100.0834,531.7335,29.185213,31.050354,0.0,8.8757105,2.0,45.809937,44.44556,18.749975,18.749975,1.94,0.0,-29.078125,0.51312256,0.0,0.0,0.0,0.0,0.0,1.015625,1.0,59.703064,1.5625001,98.42403,99.335464,0.0,110.00001,26.953125,0.0,109.666725,99.2274,508.5,543.375,7.3132105,122.59375,0.0,124.3125,28.943172,76.99999,60.906982,0.0,56.92,153.9375,0.0,-34.579468,18.884277,0.0,0.60058594,57.23,57.02,56.78,56.39,0
60894.797,-1.3113292,1.6573324,0.41560063,0.41554487,101.269,24.812016,13.628583,-0.25801775,207.82735,122.707664,50.081,0.0,5.081,33.921,49.24,0.0,100.00002,2.0,0.0,459.0,216.75,4208.0,0.0,-7.0625,0.14056396,124.84062,16869.006,16812.756,1100.0834,533.8562,29.609108,31.643808,0.0,8.975569,2.0,45.980835,44.437096,18.749975,18.749975,1.984,0.0,-29.421875,0.5145874,0.0,0.0,0.0,0.0,0.0,1.0253906,1.0,59.869385,1.5625001,99.49051,99.5471,0.0,110.00001,26.953125,0.0,109.202385,99.87416,508.875,543.0,7.4130683,125.34375,0.0,124.0625,30.810474,76.99999,60.54077,0.0,57.38,154.375,0.0,-27.511597,19.036865,0.0,0.60791016,57.49,57.46,57.2,56.47,0
60894.84,-1.1890634,1.694183,0.41709417,0.41550243,101.268814,24.812016,13.629851,-0.25545427,211.581,125.33955,50.081,0.0,5.081,33.921,49.24,0.0,100.00002,2.0,0.0,458.625,216.75,4222.0,0.0,-7.5078125,0.14141846,125.25521,17019.717,16817.531,1100.0834,533.8562,28.612953,31.813366,0.0,9.211705,2.0,45.54901,44.429478,18.749975,18.749975,2.008,0.0,-28.554688,0.51727295,0.0,0.0,0.0,0.0,0.0,1.0234375,1.0,60.00824,1.5625001,99.507996,99.178856,0.0,110.00001,26.953125,0.0,109.757935,99.86587,509.625,543.375,7.6492047,126.375,0.0,123.90625,30.343649,76.99999,61.6333,0.0,57.6,155.1875,0.0,-27.893066,18.951416,0.0,0.63964844,57.7,57.65,57.29,56.76,0
60894.883,-1.0512507,1.7651733,0.4133638,0.41134828,101.26865,24.812016,13.62488,-0.3574693,217.09966,129.03523,50.081,0.0,5.081,33.921,49.24,0.0,100.00002,2.0,0.0,457.125,216.75,4236.0,0.0,-7.9765625,0.14068604,125.29667,16854.148,16703.438,1100.0834,533.8562,29.185213,31.177523,0.0,9.400614,2.0,45.640564,44.422623,18.749975,18.749975,2.056,0.0,-28.242188,0.5126953,0.0,0.0,0.0,0.0,0.0,1.0087891,1.0,60.066223,1.5625001,98.80465,98.51089,0.0,110.00001,26.757812,0.0,110.22227,99.625404,509.625,544.125,7.838114,125.75,0.0,122.59375,28.943172,76.99999,61.90796,0.0,57.84,153.8125,0.0,-30.007935,19.195557,0.0,0.6176758,57.92,57.92,57.59,57.18,0
60894.926,-0.9410006,1.8310694,0.41126546,0.4092712,101.269325,24.812016,13.638978,-0.4132213,220.66734,131.58919,50.081,0.0,5.081,33.921,49.24,0.0,100.00002,2.0,0.0,457.125,216.75,4250.0,0.0,-8.0078125,0.13983154,125.18888,16761.28,16747.482,1100.0834,535.4482,28.485785,31.262302,0.0,9.395492,2.0,45.08362,44.341263,18.749975,18.749975,2.068,0.0,-28.328125,0.512146,0.0,0.0,0.0,0.0,0.0,0.99121094,1.0,59.94568,1.5625001,98.421036,98.21971,0.0,110.00001,26.5625,0.0,111.00169,99.393234,510.0,544.125,7.832991,123.40625,0.0,121.4375,28.009521,76.99999,62.70752,0.0,58.09,153.65625,0.0,-32.717896,19.122314,0.0,0.6225586,58.13,58.2,57.88,57.38,0
60894.953,-0.83280045,1.8761778,0.4097296,0.40867776,101.269936,24.812016,13.642987,-0.4571256,222.44695,132.9001,50.081,0.0,5.081,33.921,49.24,0.0,100.00002,2.0,0.0,457.5,216.75,4258.0,0.0,-8.2734375,0.13970947,125.10596,16478.432,16710.336,1100.0834,535.4482,31.304691,31.156328,0.0,9.235144,2.0,46.366882,44.26804,18.749975,18.749975,2.032,0.0,-27.929688,0.51361084,0.0,0.0,0.0,0.0,0.0,0.98535156,1.0,60.06317,1.5625001,98.11902,98.06125,0.0,110.00001,26.5625,0.0,111.41628,99.18594,509.625,544.5,7.672643,123.53125,0.0,121.34375,27.542696,76.99999,63.75122,0.0,58.19,154.09375,0.0,-34.884644,18.99414,0.0,0.60546875,58.28,58.29,57.9,57.55,0
60894.996,-0.7262404,1.9129711,0.40714502,0.4095255,101.270485,24.812016,13.622356,-0.5190206,224.27945,134.59285,50.081,0.0,5.081,33.921,49.24,0.0,100.00002,2.0,0.0,457.125,217.125,4277.0,0.0,-8.1796875,0.1394043,125.15571,16458.797,16633.918,1100.0834,536.5095,31.74978,30.796017,0.0,9.106865,2.0,46.59424,44.20214,19.124975,19.124975,2.056,0.0,-27.960938,0.5175781,0.0,0.0,0.0,0.0,0.0,0.9902344,1.0,60.058594,1.5625001,97.69293,98.02725,0.0,110.100006,26.5625,0.0,112.00499,98.92061,510.0,544.125,7.5443645,122.1875,0.0,121.65625,27.07587,76.99999,64.33716,0.0,58.53,155.28125,0.0,-36.78589,18.658447,0.0,0.61035156,58.61,58.6,58.35,58.04,0
60895.04,-0.64099234,1.9089385,0.4061368,0.40876254,101.27098,24.812016,13.631352,-0.5231426,222.57278,134.16202,50.081,0.0,5.081,33.921,49.24,0.0,100.00002,2.0,0.0,457.5,217.125,4296.0,0.0,-8.0390625,0.13983154,125.18888,16561.217,16615.875,1100.0834,536.5095,31.410666,30.690042,0.0,9.004242,2.0,46.253967,44.14283,19.124975,19.124975,2.044,0.0,-27.96875,0.5187378,0.0,0.0,0.0,0.0,0.0,0.98535156,1.0,60.090637,1.5625001,97.665016,98.131424,0.0,110.19,26.5625,0.0,112.23716,98.80452,510.0,544.125,7.4417415,121.875,0.0,121.59375,26.609045,76.99999,64.54468,0.0,58.82,155.625,0.0,-37.43286,18.62793,0.0,0.6152344,58.82,58.91,58.6,58.29,0
60895.07,-0.5727939,1.8885754,0.40514937,0.40876254,101.27143,24.812016,13.625931,-0.50726366,220.77417,133.54251,50.081,0.0,5.081,33.921,49.24,0.0,100.00002,2.0,0.0,457.125,217.125,4311.0,0.0,-8.0390625,0.13983154,125.20546,16639.225,16598.363,1100.0834,536.5095,29.96942,30.499289,0.0,8.922144,2.0,45.42389,44.08945,19.124975,19.124975,2.044,0.0,-28.664062,0.5215454,0.0,0.0,0.0,0.0,0.0,0.98339844,1.0,60.162354,1.5625001,97.77492,98.43618,0.0,110.270996,26.5625,0.0,112.33667,98.8294,510.0,544.125,7.3596435,121.46875,0.0,121.59375,26.609045,76.99999,64.79492,0.0,58.88,156.46875,0.0,-37.54883,18.42041,0.0,0.63964844,59.0,59.05,58.61,58.24,0
60895.113,-0.4982351,1.8616803,0.40838018,0.40939835,101.271835,24.812016,13.622136,-0.3907135,219.05382,133.11661,50.081,0.0,5.081,33.921,49.24,0.0,100.00002,2.0,0.0,457.875,217.125,4331.0,0.0,-8.53125,0.14038086,125.33813,16395.115,16681.148,1100.0834,538.3669,33.763287,30.923185,0.0,8.700215,2.0,47.251892,44.04141,18.749975,19.124975,2.024,0.0,-28.703125,0.526001,0.0,0.0,0.0,0.0,0.0,0.9814453,1.0,60.128784,1.5625001,98.57869,98.73928,0.0,110.3439,26.5625,0.0,112.47762,98.98694,510.375,544.5,7.137715,122.28125,0.0,121.625,27.542696,76.99999,65.20386,0.0,59.15,157.8125,0.0,-37.249756,18.157959,0.0,0.61035156,59.33,59.26,58.71,58.55,0
60895.156,-0.4185881,1.8321722,0.4096588,0.41092438,101.272194,24.812016,13.60776,-0.36231065,217.37752,132.73845,50.081,0.0,5.081,33.921,49.24,0.0,100.00002,2.0,0.0,457.125,216.75,4352.0,0.0,-8.359375,0.14123535,125.752716,16751.729,16649.309,1100.0834,538.3669,31.51664,30.753628,0.0,8.522673,2.0,45.993042,43.998173,18.749975,18.749975,2.052,0.0,-28.585938,0.5307007,0.0,0.0,0.0,0.0,0.0,0.9863281,1.0,60.284424,1.5625001,98.774826,99.10672,0.0,110.409515,26.5625,0.0,112.56055,99.210815,510.75,544.5,6.960172,122.34375,0.0,121.625,27.542696,76.99999,65.25879,0.0,59.58,159.21875,0.0,-36.52649,17.913818,0.0,0.6152344,59.61,59.66,59.26,59.07,0
60895.2,-0.37487048,1.820369,0.41221192,0.41003418,101.27252,24.812016,13.609417,-0.30987144,217.34563,133.3289,50.081,0.0,5.081,33.921,49.24,0.0,100.00002,2.0,0.0,457.5,216.75,4372.0,0.0,-8.3203125,0.14178467,125.92684,16624.367,16768.709,1100.0834,539.9589,33.02147,31.368275,0.0,8.380638,2.0,46.75293,43.95926,18.749975,18.749975,2.036,0.0,-28.101562,0.5332031,0.0,0.0,0.0,0.0,0.0,0.9863281,1.0,60.299683,1.5625001,99.13661,98.80088,0.0,110.46857,26.5625,0.0,112.7015,99.31032,510.75,544.5,6.8181376,123.125,0.0,121.59375,27.542696,76.99999,65.94238,0.0,59.77,159.96875,0.0,-35.60791,17.797852,0.0,0.6152344,59.87,59.85,59.38,59.12,0
60895.24,-0.33989638,1.8343977,0.40853524,0.4104581,101.27281,24.812016,13.616435,-0.4061917,219.19872,134.98853,50.081,0.0,5.081,33.921,49.24,0.0,100.00002,2.0,0.0,457.875,216.75,4389.0,0.0,-8.7421875,0.14208984,126.15901,16702.375,16590.934,1100.0834,539.9589,31.304691,30.329731,0.0,8.267011,2.0,45.640564,43.924236,18.749975,18.749975,2.032,0.0,-27.78125,0.5340576,0.0,0.0,0.0,0.0,0.0,0.9873047,1.0,60.398865,1.5625001,98.47298,98.794914,0.0,110.52171,26.5625,0.0,113.09121,99.31032,511.125,544.875,6.70451,122.09375,0.0,121.53125,27.07587,76.99999,66.101074,0.0,60.02,160.21875,0.0,-35.87036,17.767334,0.0,0.6274414,60.05,60.13,59.68,59.51,0
60895.273,-0.29191712,1.8400092,0.40845332,0.41139066,101.27308,24.812016,13.60963,-0.4205199,219.23105,135.31604,50.081,0.0,5.081,33.921,49.24,0.0,100.00002,2.0,0.0,458.25,216.75,4399.0,0.0,-8.625,0.14239502,126.09268,16761.28,16646.654,1100.0834,539.9589,30.266148,30.605263,0.0,8.176108,2.0,45.004272,43.892715,18.749975,18.749975,2.02,0.0,-27.71875,0.53808594,0.0,0.0,0.0,0.0,0.0,0.9873047,1.0,60.380554,1.5625001,98.37448,98.866325,0.0,110.569534,26.5625,0.0,113.29851,99.34348,511.5,544.875,6.6136084,121.28125,0.0,121.5625,27.07587,76.99999,66.60156,0.0,60.11,161.4375,0.0,-36.016846,17.49878,0.0,0.6201172,60.25,60.38,59.78,59.7,0
60895.312,-0.2335337,1.8422537,0.40891975,0.41189933,101.273315,24.812016,13.604866,-0.3627357,219.23547,135.8417,50.081,0.0,5.081,33.921,49.24,0.0,100.00002,2.0,0.0,458.25,216.75,4416.0,0.0,-8.4765625,0.1428833,126.21706,16601.018,16659.39,1100.0834,541.2856,32.00412,30.626457,0.0,8.103387,2.0,45.75348,43.86435,18.749975,18.749975,2.016,0.0,-28.109375,0.5414429,0.0,0.0,0.0,0.0,0.0,0.9873047,1.0,60.414124,1.5625001,98.77302,99.213196,0.0,110.61258,26.5625,0.0,113.47263,99.45957,511.5,544.5,6.540887,121.8125,0.0,121.5,27.07587,76.99999,67.12036,0.0,60.4,162.4375,0.0,-35.150146,17.30957,0.0,0.61279297,60.49,60.46,59.89,59.85,0
60895.35,-0.18682696,1.8431516,0.4110041,0.41198412,101.27353,24.812016,13.61325,-0.3141162,219.25464,136.37657,50.081,0.0,5.081,33.921,49.24,0.0,100.00002,2.0,0.0,458.625,216.75,4433.0,0.0,-8.953125,0.14349365,126.41605,16609.508,16701.844,1100.0834,541.2856,32.936687,30.8596,0.0,8.04521,2.0,46.343994,43.838818,18.749975,18.749975,2.004,0.0,-28.226562,0.5439453,0.0,0.0,0.0,0.0,0.0,0.98828125,1.0,60.446167,1.5625001,99.10836,99.59346,0.0,110.65132,26.5625,0.0,113.48093,99.65028,511.875,544.875,6.4827094,121.625,0.0,121.53125,27.542696,76.99999,67.24243,0.0,60.64,163.1875,0.0,-33.584595,17.1875,0.0,0.61279297,60.7,60.7,60.15,60.05,0
60895.395,-0.14946157,1.8435106,0.41188747,0.41147545,101.27372,24.812016,13.601541,-0.2705528,219.28993,137.13698,50.081,0.0,5.081,33.921,49.24,0.0,100.00002,2.0,0.0,457.5,216.75,4457.0,0.0,-8.8203125,0.14428711,126.78089,16691.23,16643.47,1100.0834,543.14294,32.258457,30.435705,0.0,7.8424177,2.0,45.832825,43.815838,18.749975,18.749975,2.028,0.0,-28.101562,0.54541016,0.0,0.0,0.0,0.0,0.0,0.98828125,1.0,60.565186,1.5625001,99.40883,99.45912,0.0,110.68619,26.5625,0.0,113.67993,99.832695,511.875,544.875,6.2799177,122.4375,0.0,121.4375,27.542696,76.99999,67.65137,0.0,60.99,163.625,0.0,-32.019043,17.16919,0.0,0.625,60.97,61.18,60.61,60.36,0
60895.438,-0.13956925,1.8249044,0.41178596,0.411645,101.273895,24.812016,13.6050625,-0.27968654,217.52235,136.58096,50.081,0.0,5.081,33.921,49.24,0.0,100.00002,2.0,0.0,457.5,216.75,4475.0,0.0,-9.1875,0.14447021,126.930145,16702.375,16689.11,1100.0834,543.14294,31.601418,30.668848,0.0,7.6801844,2.0,45.37964,43.79516,18.749975,18.749975,2.032,0.0,-27.671875,0.5484009,0.0,0.0,0.0,0.0,0.0,0.9873047,1.0,60.562134,1.5625001,99.34605,99.08886,0.0,110.717575,26.5625,0.0,113.93697,99.91562,512.25,545.25,6.1176844,122.375,0.0,121.4375,27.542696,76.99999,68.09082,0.0,61.07,164.53125,0.0,-31.488037,16.96167,0.0,0.61035156,61.26,61.26,60.71,60.54,0
60895.473,-0.1516554,1.817462,0.41013816,0.41198412,101.27405,24.812016,13.607528,-0.3545306,217.59906,136.93445,50.081,0.0,5.081,33.921,49.24,0.0,100.00002,2.0,0.0,457.875,216.75,4485.0,0.0,-9.25,0.14459229,127.01306,16751.729,16700.252,1100.0834,543.14294,30.8596,30.690042,0.0,7.5503974,2.0,44.75403,43.776546,18.749975,18.749975,2.024,0.0,-27.375,0.5507202,0.0,0.0,0.0,0.0,0.0,0.9873047,1.0,60.586548,1.5625001,98.83031,99.26849,0.0,110.74582,26.5625,0.0,114.07793,99.88245,512.25,545.25,5.9878974,121.96875,0.0,121.40625,27.07587,76.99999,67.82837,0.0,61.29,165.21875,0.0,-34.777832,16.796875,0.0,0.61035156,61.44,61.4,60.88,60.99,0
60895.51,-0.14132433,1.8144848,0.41082272,0.4126624,101.274185,24.812016,13.609254,-0.32672542,217.65736,137.36815,50.081,0.0,5.081,33.921,49.24,0.0,100.00002,2.0,0.0,458.625,216.75,4498.0,0.0,-8.9921875,0.14489746,126.9716,16869.006,16639.225,1100.0834,544.4696,29.884642,30.244951,0.0,7.446568,2.0,44.3573,43.759796,18.749975,18.749975,1.988,0.0,-27.25,0.5531006,0.0,0.0,0.0,0.0,0.0,0.98828125,1.0,60.66284,1.5625001,99.0221,99.47021,0.0,110.77124,26.5625,0.0,114.11109,99.9322,512.25,544.875,5.884068,121.75,0.0,121.375,27.07587,76.99999,68.20068,0.0,61.54,165.9375,0.0,-34.49402,16.65039,0.0,0.6201172,61.68,61.73,61.18,61.21,0
60895.55,-0.11305946,1.813294,0.41269788,0.41211125,101.274315,24.812016,13.622181,-0.28542113,217.6783,137.96167,50.081,0.0,5.081,33.921,49.24,0.0,100.00002,2.0,0.0,457.875,216.75,4517.0,0.0,-9.1015625,0.14556885,127.20377,16766.586,16767.648,1100.0834,544.4696,30.605263,31.113937,0.0,7.3635044,2.0,44.470215,43.74472,18.749975,18.749975,2.016,0.0,-27.164062,0.55633545,0.0,0.0,0.0,0.0,0.0,0.99121094,1.0,60.733032,1.5625001,99.30694,99.315475,0.0,110.79411,26.5625,0.0,114.26035,99.948784,512.625,545.25,5.8010044,122.375,0.0,121.375,27.07587,76.99999,68.7561,0.0,61.76,166.90625,0.0,-34.2865,16.479492,0.0,0.6152344,62.0,61.94,61.4,61.54,0
60895.594,-0.09044757,1.8128178,0.4110486,0.41228086,101.27443,24.812016,13.613651,-0.3221309,217.6371,138.63792,50.081,0.0,5.081,33.921,49.24,0.0,100.00002,2.0,0.0,458.25,216.75,4540.0,0.0,-9.2578125,0.14587402,127.4774,16892.887,16709.805,1100.0834,546.06165,28.591759,30.817211,0.0,7.297054,2.0,43.415833,43.73115,18.749975,18.749975,2.004,0.0,-27.1875,0.55914307,0.0,0.0,0.0,0.0,0.0,0.9941406,1.0,60.728455,1.5625001,99.054016,99.21142,0.0,110.8147,26.5625,0.0,114.401306,99.96537,512.625,545.25,5.734554,121.71875,0.0,121.28125,27.07587,76.99999,68.85986,0.0,62.1,167.75,0.0,-33.862305,16.290283,0.0,0.61035156,62.19,62.24,61.7,61.44,0
60895.637,-0.15235806,1.7751272,0.40900573,0.4122808,101.27453,24.812016,13.61354,-0.358989,214.07039,137.14682,50.081,0.0,5.081,33.921,49.24,0.0,100.00002,2.0,0.0,458.25,216.75,4566.0,0.0,-9.3671875,0.14642334,127.61007,16766.586,16670.004,1100.0834,546.06165,28.14667,30.287342,0.0,7.243893,2.0,42.84668,43.71894,18.749975,18.749975,2.0,0.0,-27.046875,0.5623779,0.0,0.0,0.0,0.0,0.0,0.9902344,1.0,60.899353,1.5625001,98.80006,99.17982,0.0,110.83322,26.5625,0.0,114.633484,99.89903,513.0,545.25,5.681393,120.90625,0.0,121.0625,26.609045,76.99999,69.036865,0.0,62.44,168.71875,0.0,-33.776855,16.101074,0.0,0.68359375,62.51,62.62,61.84,61.77,0
60895.67,-0.20188645,1.760051,0.410081,0.41639262,101.27462,24.812016,13.613462,-0.33015114,214.08644,137.48753,50.081,0.0,5.081,33.921,49.24,0.0,100.00002,2.0,0.0,458.625,216.75,4577.0,0.0,-9.40625,0.1472168,127.61007,16755.973,16671.596,1100.0834,546.06165,29.48194,30.308537,0.0,7.2013645,2.0,43.528748,43.70795,18.749975,18.749975,1.98,0.0,-26.960938,0.57073975,0.0,0.0,0.0,0.0,0.0,0.9892578,1.0,60.842896,1.5625001,98.998924,100.11698,0.0,110.8499,26.757812,0.0,114.76615,100.015114,513.0,545.625,5.6388645,120.59375,0.0,122.15625,27.07587,76.99999,69.56177,0.0,62.58,171.21875,0.0,-33.75244,15.533447,0.0,0.6152344,62.79,62.71,62.05,61.91,0
60895.71,-0.22150916,1.7352705,0.41588148,0.4154177,101.274704,24.812016,13.601689,-0.19624335,212.30255,136.78874,50.081,0.0,5.081,33.921,49.24,0.0,100.00002,2.0,0.0,457.875,216.75,4592.0,0.0,-9.875,0.14788818,127.84224,16692.822,16808.51,1100.0834,547.919,30.478094,31.007965,0.0,7.1673417,2.0,44.02771,43.69806,18.749975,18.749975,2.004,0.0,-26.828125,0.57196045,0.0,0.0,0.0,0.0,0.0,0.9921875,1.0,60.90851,1.5625001,99.92202,99.73764,0.0,110.864914,26.757812,0.0,114.583725,100.18925,513.0,545.625,5.6048417,122.0625,0.0,122.0625,27.542696,76.99999,69.714355,0.0,62.82,171.59375,0.0,-32.714844,15.509033,0.0,0.60546875,62.98,63.04,62.33,62.17,0
60895.754,-0.21720734,1.7441082,0.4143683,0.4198686,101.27478,24.812016,13.593448,-0.24580918,214.22064,138.56563,50.081,0.0,5.081,33.921,49.24,0.0,100.00002,2.0,0.0,457.125,216.75,4610.0,0.0,-9.90625,0.14916992,128.31487,16898.193,16665.229,1100.0834,547.919,27.341267,30.287342,0.0,7.1401234,2.0,42.155457,43.689156,18.749975,18.749975,2.024,0.0,-26.710938,0.5796509,0.0,0.0,0.0,0.0,0.0,0.99609375,1.0,61.032104,1.5625001,99.580444,100.644585,0.0,110.87842,27.050781,0.0,114.86565,100.45458,513.375,546.0,5.5776234,122.5,0.0,123.59375,27.542696,76.99999,70.08057,0.0,63.07,173.90625,0.0,-32.339478,15.026855,0.0,0.6347656,63.23,63.35,62.62,62.71,0
60895.797,-0.19376588,1.7476434,0.42161414,0.4291095,101.27402,24.812016,13.593538,-1.5053156E-4,214.23973,139.29942,50.081,0.0,5.081,33.921,49.24,0.0,100.00002,2.0,0.0,457.875,216.75,4634.0,0.0,-10.1171875,0.16589355,129.73276,16804.795,16809.041,1100.0834,549.24567,29.799862,31.007965,0.0,7.1183486,2.0,43.585205,43.605957,18.374977,18.749975,2.012,0.0,-26.570312,0.5900879,0.0,0.0,0.0,0.0,0.0,0.99316406,1.0,61.13739,1.5625001,101.27298,102.78428,0.0,110.89058,27.636719,0.0,114.492516,102.5441,513.75,546.0,5.5558486,124.03125,0.0,126.78125,28.943172,76.99999,70.62988,0.0,63.51,177.03125,0.0,-28.216553,15.789795,0.0,0.6152344,63.64,63.61,62.87,62.96,0
60895.84,-0.19501272,1.7115574,0.43041652,0.44051233,101.27333,24.812016,13.593601,0.15594517,210.61697,137.80089,50.081,0.0,5.081,33.921,49.24,0.0,100.00002,2.0,0.0,457.5,216.375,4663.0,0.0,-10.4375,0.18908691,132.1042,16913.053,16999.55,1100.0834,549.24567,31.304691,32.067703,0.0,7.100929,2.0,44.413757,43.531075,18.374977,18.374977,2.016,0.0,-25.921875,0.602478,0.0,0.0,0.0,0.0,0.0,1.0,1.0,61.30829,1.5625001,102.34824,104.34913,0.0,110.90152,28.320312,0.0,113.98672,104.35999,513.75,546.375,5.538429,126.6875,0.0,130.375,30.810474,76.99999,70.90454,0.0,63.81,180.75,0.0,-24.511719,16.723633,0.0,0.60546875,63.92,64.06,63.28,63.25,0
60895.87,-0.17601018,1.697123,0.44154474,0.45903653,101.27271,24.812016,13.599505,0.42194328,210.64539,138.52882,50.081,0.0,5.081,33.921,49.24,0.0,100.00002,2.0,0.0,456.375,216.375,4687.0,0.0,-10.59375,0.22290039,136.27495,17195.37,17253.744,1100.0834,549.24567,31.02916,33.572533,0.0,7.086993,2.0,44.244385,43.463684,17.999977,18.374977,2.056,0.0,-25.40625,0.6123047,0.0,0.0,0.0,0.0,0.0,1.0107422,1.0,61.62262,1.5625001,104.18112,107.7691,0.0,110.91136,29.589844,0.0,113.02487,109.09459,514.125,546.75,5.524493,130.25,0.0,137.34375,35.478725,76.99999,71.30127,0.0,64.01,183.6875,0.0,-14.929199,18.395996,3.4667969,0.60058594,64.08,64.11,63.59,63.53,0
60895.91,-0.14080815,1.6725993,0.4531371,0.48540282,101.27299,24.812016,13.562622,0.6720138,208.70999,138.07599,50.081,0.0,5.081,33.921,49.24,0.0,100.00002,2.0,0.0,454.875,216.0,4715.0,0.0,-11.8828125,0.27062988,142.3528,17245.252,17358.816,1100.0834,551.89905,33.16983,34.48391,0.0,6.84147,2.0,45.458984,43.40303,17.624977,17.999977,2.108,0.0,-24.054688,0.6229248,0.0,0.0,0.0,0.0,0.0,1.0117188,1.0,61.94153,1.3281251,105.905106,112.539444,0.0,110.92023,31.347656,0.0,112.34496,114.73298,514.5,547.875,5.513345,133.65625,0.0,146.4375,40.613808,76.99999,71.3501,0.0,64.25,186.875,0.0,-0.29296875,25.189209,24.89624,0.7006836,64.47,64.52,63.54,63.49,0
60895.957,-0.092646524,1.6815398,0.46858656,0.51198107,101.27323,24.812016,13.566101,1.0107862,261.28314,174.0299,50.081,0.0,5.081,33.921,49.24,0.0,100.00002,2.0,0.0,451.875,215.625,4747.0,0.0,-12.8515625,0.3114624,148.77061,17771.68,17551.451,1100.0834,551.89905,29.56672,35.60723,0.0,6.8247385,3.0,43.641663,43.348442,17.249977,17.624977,2.208,0.0,-22.539062,0.6320801,0.0,0.0,0.0,0.0,0.0,1.0058594,1.0,62.2818,1.1640626,108.24047,117.2205,0.0,110.92821,33.203125,0.0,112.47762,120.18895,514.875,549.0,5.660676,139.125,0.0,155.71875,47.616188,76.99999,73.187256,0.0,64.71,189.625,0.0,4.891968,36.291504,41.18347,1.4379883,64.81,64.92,64.11,64.14,0
60895.992,-0.05411722,1.722616,0.4743283,0.51282895,101.27345,24.812016,13.568536,1.1624335,265.86188,177.63916,50.081,0.0,5.081,33.921,49.24,0.0,100.00002,2.0,0.0,451.5,215.625,4762.0,0.0,-13.0,0.31707764,150.36264,17700.04,17596.027,1100.0834,554.0217,30.181368,35.310505,0.0,6.6715097,3.0,43.875122,43.29931,17.624977,17.624977,2.224,0.0,-22.179688,0.62872314,0.0,0.0,0.0,0.0,0.0,0.9941406,1.0,62.31537,1.0492189,109.28598,117.31229,0.0,110.93538,33.30078,0.0,112.66005,120.44599,514.875,549.0,5.622291,142.375,0.0,156.0625,53.21809,76.99999,73.620605,0.0,64.89,188.625,0.0,5.0598145,38.409424,43.46924,1.7138672,64.98,64.92,64.25,64.16,0
60896.035,-0.0032937787,1.8327965,0.4837903,0.51244736,101.27365,24.812016,13.58196,1.3630489,277.0711,185.75078,50.081,0.0,5.081,33.921,49.24,0.0,100.00002,2.0,0.0,451.5,215.25,4778.0,0.0,-14.2265625,0.31860352,151.29132,17484.586,17737.717,1100.0834,554.0217,34.865414,36.412632,0.0,6.560411,3.0,45.991516,43.25509,17.249977,17.249977,2.22,0.0,-21.023438,0.6310425,0.0,0.0,0.0,0.0,0.0,0.9970703,1.0,62.65869,0.9688282,110.669,116.73776,0.0,110.94183,33.30078,0.0,113.63017,120.313324,515.25,550.125,5.591583,145.875,0.0,155.875,58.819996,76.99999,75.39673,0.0,65.22,189.3125,0.0,4.0649414,38.586426,42.651367,1.9091797,65.39,65.3,64.81,64.49,0
60896.08,-0.002635023,1.9331186,0.48803705,0.5146516,101.273834,24.812016,13.567919,1.5408753,283.65198,190.36163,50.081,0.0,5.081,33.921,49.24,0.0,100.00002,2.0,0.0,448.875,215.25,4783.0,0.0,-14.5,0.3204956,151.98782,17570.023,17805.643,1100.0834,554.0217,37.387592,36.79414,0.0,6.479571,3.0,46.89789,43.215294,17.249977,17.249977,2.308,0.0,-21.007812,0.63500977,0.0,0.0,0.0,0.0,0.0,1.0,1.0,62.672424,0.91255474,111.89492,117.441734,0.0,110.94765,33.496094,0.0,114.69982,120.44599,515.25,550.5,5.567016,147.46875,0.0,156.6875,61.62095,76.99999,77.33765,0.0,65.45,190.5,0.0,3.0944824,38.67798,41.77246,1.9580078,65.55,65.57,64.98,64.9,0
60896.113,-0.0021080186,2.0107474,0.49393857,0.5175341,101.273994,24.812016,13.575668,1.7661502,288.00696,192.39528,50.081,0.0,5.081,33.921,49.24,0.0,100.00002,2.0,0.0,447.75,215.25,4761.0,0.0,-15.25,0.32348633,152.72578,17757.883,17877.283,1100.0834,555.08307,36.391438,37.15445,0.0,6.420526,3.0,46.765137,43.17948,16.874979,17.249977,2.356,0.0,-21.046875,0.6325073,0.0,0.0,0.0,0.0,0.0,0.9941406,1.0,62.76245,0.8731633,113.447876,118.375206,0.0,110.95288,33.691406,0.0,116.05137,121.2503,515.25,551.25,5.547363,149.28125,0.0,157.6875,63.021423,76.99999,79.04053,0.0,65.59,189.75,0.0,2.609253,39.886475,42.495728,1.9384766,65.76,65.7,65.26,65.15,0
60896.152,-0.0016864149,2.079299,0.5022735,0.52088296,101.27414,24.812016,13.575233,2.003245,292.28366,194.473,50.081,0.0,5.081,33.921,49.24,0.0,100.00002,2.0,0.0,448.125,214.5,4742.0,0.0,-15.1875,0.3262329,153.38083,18070.979,18001.46,1100.0834,555.08307,34.907803,37.81149,0.0,6.2209797,3.0,45.783997,43.147247,16.499979,16.499979,2.348,0.0,-21.234375,0.63220215,0.0,0.0,0.0,0.0,0.0,0.9892578,0.9970703,62.893677,0.8455893,115.08229,118.960945,0.0,110.957596,33.88672,0.0,117.56876,122.096054,515.25,551.25,5.3753905,151.125,0.0,158.78125,64.4219,76.99999,81.06079,0.0,65.72,189.65625,0.0,1.940918,40.759277,42.700195,1.9238281,65.76,65.78,65.37,65.37,0
60896.195,0.018650867,2.0317197,0.51002485,0.54695255,101.27427,24.812016,13.551492,2.2201347,283.924,188.83119,50.081,0.0,5.081,33.921,49.24,0.0,100.00002,2.0,0.0,447.75,214.875,4740.0,0.0,-15.109375,0.36975098,160.68587,18230.18,18053.467,1100.0834,553.7564,33.445362,38.192993,0.0,6.0641003,3.0,44.818115,43.11824,16.499979,16.874979,2.36,0.0,-21.4375,0.62823486,0.0,0.0,0.0,0.0,0.0,0.9863281,0.9951172,62.98065,0.8262875,116.577415,124.29975,0.0,110.96184,35.839844,0.0,118.98665,128.62996,515.25,550.875,5.2378125,155.15625,0.0,168.5625,65.35555,76.99999,82.92847,0.0,65.83,188.46875,0.0,9.298706,51.397705,60.69641,1.940918,66.08,66.08,65.66,65.47,0
60896.24,0.014920694,1.900188,0.53322905,0.5533957,101.27439,24.812016,13.546591,2.6348813,271.30045,173.50742,50.081,0.0,5.081,33.921,49.24,0.0,100.00002,2.0,0.0,447.75,182.625,4558.0,0.0,-14.921875,0.37402344,161.69746,18280.064,18295.453,1100.0834,553.7564,36.539803,40.312473,0.0,5.940526,3.0,47.062683,43.092133,16.124979,-15.74998,2.404,0.0,-20.296875,0.59558105,0.0,0.0,0.0,0.0,0.0,0.9863281,0.9902344,63.01422,0.81277627,119.43634,123.430786,0.0,110.96565,36.23047,0.0,121.43272,129.086,515.25,550.875,5.12775,54.5625,0.0,170.96875,69.55698,76.99999,85.321045,0.0,66.34,178.6875,0.0030517578,6.4941406,54.96216,61.45935,2.2802734,66.27,66.29,65.57,65.69,0
60896.273,0.011936556,1.8288252,0.55778426,0.5581857,101.2745,24.812016,13.572457,3.0626132,269.88275,162.60368,50.081,0.0,5.081,33.921,49.24,0.0,100.00002,2.0,0.0,449.25,180.75,4294.0,0.0,-14.8125,0.35980225,159.5499,18333.662,18576.178,1100.0834,553.7564,39.930965,42.2412,0.0,6.0773935,3.0,49.98932,43.068634,16.124979,-17.249977,2.424,0.0,-19.945312,0.576355,0.0,0.0,0.0,0.0,0.0,0.98828125,0.9892578,63.0188,1.0376934,122.38476,122.66513,0.0,110.969086,36.23047,0.0,124.5587,128.04953,514.5,550.875,5.0397,56.71875,0.0,172.6875,70.0238,76.99999,87.70752,0.0,66.3,172.90625,0.04272461,2.5634766,54.63867,57.244873,2.3657227,66.56,66.62,66.08,65.91,0
60896.31,-0.030450754,1.8377802,0.587393,0.55716836,101.273766,24.812016,13.567126,3.6210666,275.28696,154.96721,50.081,0.0,5.081,33.921,49.24,0.0,99.84965,2.0,96.02966,447.375,180.0,4012.0,0.0,-13.234375,0.32666016,154.24318,18396.81,18871.764,1100.0834,535.4482,47.70945,44.191116,0.0,6.1643953,3.0,54.27704,43.047485,15.74998,-19.874975,2.54,0.0,-20.039062,0.53674316,0.0,0.0,0.0,0.0,0.0,0.9892578,1.0,62.928772,1.1951354,126.23338,120.443184,0.0,110.97218,36.23047,0.0,128.37291,125.222046,512.625,549.75,4.96926,52.625,0.0,171.5625,70.0238,76.99999,91.24756,0.0,66.71,161.03125,-0.03967285,-3.1738281,50.57373,47.343445,2.3291016,66.8,66.68,66.11,66.05,0
60896.35,-0.0643606,1.8788621,0.5930666,0.5484785,101.2731,24.812016,13.586832,3.4544592,281.21457,144.09929,50.081,0.0,5.081,33.921,49.24,0.0,99.72935,2.0,99.99695,444.75,180.375,3652.0,0.0,-9.9453125,0.2923584,148.2897,18676.477,18856.373,1100.0834,535.4482,47.66706,43.93678,0.0,6.218253,3.0,57.136536,43.02845,14.624981,-18.374977,2.784,0.0,-21.335938,0.48425293,0.0,0.0,0.0,0.0,0.0,0.9892578,1.0,61.51886,1.3053448,125.08431,116.89553,0.0,110.97496,36.23047,0.0,127.65152,120.595245,508.125,546.375,4.912908,73.78125,0.0,173.6875,43.881584,76.99999,89.764404,0.0,67.14,145.28125,-0.41503906,-5.6488037,47.583008,41.410828,1.9995117,67.22,67.27,66.59,66.56,0
60896.395,-0.071488485,1.932795,0.56352454,0.5466134,101.27168,24.812016,13.571329,2.5284975,286.6994,136.65187,50.081,0.0,5.081,33.921,49.24,0.0,99.6331,2.0,99.998474,442.875,185.25,3397.0,0.0,-7.84375,0.23632812,141.06758,18757.668,18596.344,1100.0834,526.95746,41.520576,41.478188,0.0,6.2503176,3.0,56.002808,43.011322,13.874982,-10.124987,2.868,0.0,-21.03125,0.47735596,0.0,0.0,0.0,0.0,0.0,0.9589844,1.0,60.813904,1.3824914,118.70034,115.6301,0.0,110.97746,36.23047,0.0,126.86382,118.57206,504.375,543.75,4.8678265,111.71875,0.0,176.1875,29.876823,76.99999,84.68628,0.0,67.28,143.21875,-0.24414062,-14.147949,36.70044,22.206116,1.8408203,67.35,67.52,66.64,66.7,0
60896.438,-0.117190786,1.9731181,0.5470328,0.54754597,101.2704,24.812016,13.589774,2.1568239,289.45618,133.29524,50.081,0.0,5.081,33.921,49.24,0.0,99.55611,2.0,99.998474,448.125,196.125,3282.0,0.0,-5.4140625,0.20025635,134.74927,18881.314,18416.447,1100.0834,526.95746,34.14479,39.697823,0.0,5.7995048,3.0,53.323364,42.995903,13.499983,1.1249986,2.592,0.0,-21.0,0.49188232,0.0,0.0,0.0,0.0,0.0,0.9326172,1.0,59.725952,1.436494,116.13715,116.231064,0.0,110.97972,36.23047,0.0,126.61506,118.75448,500.625,541.5,4.363011,152.40625,0.0,176.8125,28.009521,76.99999,84.49707,0.0,67.59,147.5625,0.0,-14.328003,29.54712,15.068054,1.6381836,67.61,67.55,66.76,66.8,0
60896.473,-0.17375264,1.9704974,0.54223853,0.5529718,101.26925,24.812016,13.590967,2.021039,287.386,131.93867,50.081,0.0,5.081,33.921,49.24,0.0,99.494514,2.0,99.998474,449.625,205.125,3272.0,0.0,-4.2109375,0.1951294,132.92508,18714.684,18376.646,1100.0834,526.95746,32.27965,39.019592,0.0,5.4334545,3.0,52.626038,42.982025,13.499983,7.124991,2.456,0.0,-20.953125,0.50549316,0.0,0.0,0.0,0.0,0.0,0.9472656,1.0,59.425354,1.4742957,115.20005,117.053024,0.0,110.98175,36.523438,0.0,125.04792,119.76607,498.0,540.375,3.9591587,172.03125,0.0,178.46875,28.009521,76.99999,83.58765,0.0,67.6,151.65625,0.0,-7.63855,27.374268,19.59076,1.4941406,67.86,67.91,67.07,66.8,0
60896.51,-0.21900211,1.931949,0.5381662,0.5653495,101.269035,24.812016,13.585942,1.9104282,283.61023,127.8574,50.081,0.0,5.081,33.921,49.24,0.0,99.44524,2.0,99.998474,449.625,207.0,3213.0,0.0,-3.4296875,0.20257568,133.28163,18410.61,18350.643,1100.0834,526.95746,34.335545,38.956005,0.0,5.136834,3.0,54.05426,42.969536,13.124983,10.499987,2.408,0.0,-20.945312,0.5043335,0.0,0.0,0.0,0.0,0.0,0.97265625,1.0,59.344482,1.500757,114.43741,119.342896,0.0,110.98358,37.304688,0.0,123.024734,122.17897,497.25,539.625,3.636077,172.625,0.0,182.9375,29.409998,76.99999,80.79224,0.0,67.85,151.3125,-0.0030517578,-0.87280273,28.546143,27.555847,1.3061523,68.0,68.12,67.33,67.47,0
60896.55,-0.2352017,1.8977797,0.54129165,0.5738275,101.268845,24.812016,13.5882845,1.9312004,281.58203,126.23187,50.081,0.0,5.081,33.921,49.24,0.0,99.405815,2.0,99.998474,449.625,208.875,3195.0,0.0,-3.5,0.20996094,133.57184,18186.135,18398.404,1100.0834,526.95746,39.90977,39.485878,0.0,5.0531416,3.0,57.12433,42.958298,13.124983,10.874986,2.4,0.0,-19.90625,0.5059204,0.0,0.0,0.0,0.0,0.0,0.9863281,1.0,59.48181,1.5192798,114.5804,120.52954,0.0,110.98523,37.5,0.0,120.222115,124.1607,496.125,539.625,3.5338616,176.15625,0.0,184.9375,36.412376,76.99999,77.90527,0.0,68.18,151.78125,0.0,2.267456,29.406738,31.565857,1.3037109,68.34,68.3,67.47,67.83,0
60896.598,-0.24816136,1.8653619,0.5370908,0.5725982,101.26951,24.812016,13.578205,1.798603,279.67603,124.906525,50.081,0.0,5.081,33.921,49.24,0.0,99.374275,2.0,99.998474,448.125,209.625,3183.0,0.0,-3.984375,0.21929932,134.58344,18220.098,18336.314,1100.0834,526.95746,38.46853,39.06198,0.0,4.984335,3.0,56.655884,42.94818,13.124983,11.624985,2.512,0.0,-19.328125,0.48797607,0.0,0.0,0.0,0.0,0.0,0.9902344,1.0,59.37195,1.5322459,113.66708,120.262276,0.0,110.98671,37.597656,0.0,117.71802,124.086075,496.5,540.0,3.4520893,175.625,0.0,184.8125,42.014282,76.99999,75.04883,0.0,68.61,146.40625,0.0,7.168579,32.8125,39.85443,1.5649414,68.71,68.71,67.97,68.05,0
60896.64,-0.2585291,1.8336449,0.53510267,0.5818391,101.2701,24.812016,13.577009,1.7061026,277.57523,123.57881,50.081,0.0,5.081,33.921,49.24,0.0,99.349045,2.0,99.998474,448.125,209.625,3173.0,0.0,-4.03125,0.2376709,136.6232,18387.791,18324.11,1100.0834,526.95746,36.34905,39.040787,0.0,4.927994,3.0,55.548096,42.93908,13.124983,11.624985,2.48,0.0,-19.296875,0.47113037,0.0,0.0,0.0,0.0,0.0,0.9892578,1.0,59.353638,1.5413221,113.03008,121.80006,0.0,110.98804,38.183594,0.0,116.10941,125.69467,495.75,540.0,3.3866715,174.34375,0.0,188.4375,46.21571,76.99999,72.98584,0.0,68.81,141.34375,0.0,10.324097,37.701416,47.898865,1.784668,69.04,68.97,68.33,68.12,0
60896.67,-0.26682326,1.8209581,0.5350972,0.5863748,101.27064,24.812016,13.576172,1.7065929,277.72702,123.33464,50.081,0.0,5.081,33.921,49.24,0.0,99.328865,2.0,99.998474,448.875,209.625,3165.0,0.0,-4.109375,0.25268555,137.75917,18359.133,18318.803,1100.0834,526.95746,36.730556,38.93481,0.0,4.725763,3.0,55.899048,42.930885,13.124983,11.624985,2.444,0.0,-19.179688,0.45922852,0.0,0.0,0.0,0.0,0.0,0.9873047,1.0,59.26361,1.5476755,113.034,122.67856,0.0,110.98923,38.378906,0.0,115.50412,126.1756,495.75,540.0,3.1780872,173.8125,0.0,189.5625,50.883965,76.99999,72.387695,0.0,69.02,137.78125,0.0,12.573242,41.809082,54.267883,1.965332,69.0,69.02,68.34,68.66,0
60896.707,-0.23345861,1.8158834,0.5331893,0.5904442,101.27112,24.812016,13.558007,1.6495968,277.85724,123.66538,50.081,0.0,5.081,33.921,49.24,0.0,99.31272,2.0,99.998474,448.5,209.625,3172.0,0.0,-3.984375,0.27087402,139.3512,18287.492,18314.027,1100.0834,526.95746,36.539803,38.82884,0.0,4.5633426,3.0,55.67169,42.923508,13.124983,11.624985,2.448,0.0,-19.226562,0.44519043,0.0,0.0,0.0,0.0,0.0,0.98535156,1.0,59.23462,1.5521228,112.64161,123.540764,0.0,110.99031,38.476562,0.0,114.57544,127.23694,495.375,540.0,3.0112197,172.84375,0.0,191.125,59.753647,76.99999,71.42944,0.0,69.15,133.5625,0.0,15.112305,47.576904,62.532043,2.2314453,69.29,69.33,68.69,68.69,0
60896.754,-0.22676688,1.7576034,0.53373,0.5992188,101.27155,24.812016,13.562871,1.6211386,270.9905,120.98945,50.081,0.0,5.081,33.921,49.24,0.0,99.299805,2.0,99.998474,448.875,209.625,3182.0,0.0,-3.96875,0.29034424,141.58167,18321.986,18275.818,1100.0834,526.95746,36.158295,38.489723,0.0,4.432962,3.0,55.45807,42.91687,13.124983,11.624985,2.416,0.0,-18.210938,0.43151855,0.0,0.0,0.0,0.0,0.0,0.9824219,1.0,59.225464,1.555236,112.445885,124.74191,0.0,110.99127,38.867188,0.0,113.98672,129.06113,495.375,540.0,2.8777258,172.3125,0.0,194.46875,72.35793,76.99999,71.02051,0.0,69.47,129.46875,0.0,23.80066,53.43628,77.030945,2.553711,69.62,69.56,68.75,68.68,0
60896.793,-0.22141352,1.7155414,0.5325353,0.606425,101.27194,24.812016,13.566276,1.556524,268.88657,120.4651,50.081,0.0,5.081,33.921,49.24,0.0,99.28947,2.0,99.998474,448.875,209.625,3193.0,0.0,-3.9921875,0.30004883,142.68448,18327.293,18277.941,1100.0834,526.95746,36.031128,38.46853,0.0,4.172096,3.0,55.389404,42.910896,13.124983,11.624985,2.416,0.0,-17.40625,0.42974854,0.0,0.0,0.0,0.0,0.0,0.9814453,1.0,59.248352,1.5574151,112.00089,125.69659,0.0,110.99214,39.257812,0.0,113.42289,129.92346,495.375,540.0,2.6146808,172.96875,0.0,197.34375,77.49301,76.99999,70.3064,0.0,69.61,128.9375,0.0,31.54602,55.560303,86.875916,2.8125,69.65,69.82,69.26,69.23,0
60896.836,-0.19713081,1.6612165,0.5332839,0.61329216,101.27229,24.812016,13.574518,1.5395881,264.20596,118.664696,50.081,0.0,5.081,33.921,49.24,0.0,99.2812,2.0,99.998474,449.25,209.625,3201.0,0.0,-4.015625,0.31604004,144.82375,18220.098,18294.922,1100.0834,526.95746,37.345203,38.489723,0.0,3.9631853,3.0,55.65033,42.905518,13.124983,11.624985,2.404,0.0,-17.140625,0.4199829,0.0,0.0,0.0,0.0,0.0,0.98046875,1.0,59.28192,1.5589405,111.88451,126.83,0.0,110.99292,39.453125,0.0,113.25705,131.34135,495.75,540.0,2.4042447,173.46875,0.0,199.59375,77.026184,76.99999,70.60547,0.0,69.86,126.0,0.0,44.140625,59.777832,99.998474,3.2421875,70.0,69.98,69.33,69.44,0
60896.87,-0.19770464,1.6394866,0.53546256,0.6148182,101.272606,24.812016,13.574429,1.5984924,264.33353,118.72199,50.081,0.0,5.081,33.921,49.24,0.0,99.27458,2.0,99.998474,448.875,209.25,3201.0,0.0,-4.125,0.3239746,145.83534,18258.836,18335.785,1100.0834,526.95746,36.857723,38.680473,0.0,3.7959042,3.0,55.392456,42.90068,13.124983,11.249986,2.42,0.0,-17.132812,0.41204834,0.0,0.0,0.0,0.0,0.0,0.9785156,1.0,59.26361,1.5600084,112.29084,127.114655,0.0,110.99362,39.453125,0.0,113.67993,131.95494,495.75,540.0,2.2358956,173.375,0.0,200.1875,77.026184,76.99999,71.28296,0.0,70.01,123.625,0.0,22.164917,62.109375,83.97064,3.4667969,70.19,70.13,69.59,69.59,0
60896.914,-0.15816371,1.5932946,0.54021126,0.62723833,101.27289,24.812016,13.586084,1.7399168,259.51193,117.32109,50.081,0.0,5.081,33.921,49.24,0.0,99.269295,2.0,99.998474,449.25,209.25,3222.0,0.0,-4.2734375,0.34924316,149.5832,18205.238,18373.46,1100.0834,526.95746,38.93481,38.807644,0.0,3.5057225,3.0,56.471252,42.896324,13.124983,11.249986,2.424,0.0,-16.796875,0.40393066,0.0,0.0,0.0,0.0,0.0,0.9707031,1.0,59.339905,1.5607558,113.265945,129.42188,0.0,110.99426,40.13672,0.0,114.61689,134.66635,496.125,540.375,1.9449666,176.21875,0.0,205.125,77.026184,76.99999,72.93091,0.0,70.32,121.1875,0.0,23.016357,67.3645,90.016174,3.1884766,70.37,70.35,69.74,69.8,0
60896.953,-0.12653098,1.5748179,0.5454185,0.6441516,101.27315,24.812016,13.582524,1.8255582,259.48035,117.852936,50.081,0.0,5.081,33.921,49.24,0.0,99.26506,2.0,99.998474,449.25,208.875,3237.0,0.0,-4.3046875,0.37371826,153.84517,18273.695,18401.588,1100.0834,526.95746,38.998398,38.82884,0.0,3.2735023,3.0,56.336975,42.892403,13.124983,10.874986,2.42,0.0,-15.8046875,0.3965454,0.0,0.0,0.0,0.0,0.0,0.96777344,1.0,59.38263,1.561279,113.85652,132.22601,0.0,110.99484,41.015625,0.0,115.189026,138.85368,496.5,540.375,1.7122233,177.75,0.0,211.3125,77.026184,76.99999,74.06006,0.0,70.39,118.96875,0.0,25.234985,70.39795,95.29266,3.2617188,70.63,70.58,69.91,69.85,0
60896.996,-0.10122478,1.5299273,0.5552251,0.69268775,101.27338,24.812016,13.568314,2.0140967,254.73933,116.02131,50.081,0.0,5.081,33.921,49.24,0.0,99.26167,2.0,99.998474,448.5,210.0,3246.0,0.0,-4.40625,0.4354248,165.90967,18364.441,18491.271,1100.0834,526.95746,40.52442,39.697823,0.0,3.087674,3.0,57.11212,42.81369,13.499983,11.999985,2.472,0.0,-13.8515625,0.3623047,0.0,0.0,0.0,0.0,0.0,0.97265625,1.0,59.448242,1.5616453,115.15633,140.85349,0.0,110.99536,43.847656,0.0,116.407906,149.3925,496.5,540.375,1.5260286,181.9375,0.0,230.03125,77.95983,76.99999,75.97046,0.0,70.86,108.6875,0.0,35.18982,77.98462,99.998474,3.5107422,70.83,70.98,70.25,70.22,0
60897.035,-0.10097982,1.530721,0.5624404,0.7230387,101.27358,24.812016,13.575944,2.116291,257.20715,117.36182,50.081,0.0,5.081,33.921,49.24,0.0,99.258965,2.0,0.15716553,448.5,210.375,3252.0,0.0,-4.4765625,0.4654541,172.9162,18566.627,18581.486,1100.0834,526.95746,39.31632,39.994553,0.0,2.9389746,3.0,56.448364,42.74285,13.874982,12.374984,2.48,0.0,-12.171875,0.33422852,0.0,0.0,0.0,0.0,0.0,0.97265625,1.0,59.553528,1.5619017,115.86095,146.10536,0.0,110.99582,45.996094,0.0,117.12101,155.90154,497.25,540.375,1.3770729,185.875,0.0,243.96875,78.42666,76.99999,76.57471,0.0,70.98,100.28125,0.0,36.80725,81.67114,99.998474,3.618164,71.2,71.05,70.33,70.55,0
60897.07,-0.100783855,1.5310385,0.57223487,0.7445725,101.27377,24.812016,13.575426,2.2921474,257.26328,117.7484,50.081,0.0,5.081,33.921,49.24,0.0,99.2568,2.0,0.0015258789,449.25,210.0,3262.0,0.0,-4.5,0.4841919,177.46008,18566.627,18703.01,1100.0834,526.95746,40.46084,40.757565,0.0,2.6637397,3.0,57.0343,42.679092,13.874982,11.999985,2.484,0.0,-10.2734375,0.31896973,0.0,0.0,0.0,0.0,0.0,0.96972656,1.0,59.596252,1.5620812,117.073296,149.5453,0.0,110.99623,47.265625,0.0,118.256966,160.20494,498.0,540.375,1.1016583,189.8125,0.0,252.5,78.893486,76.99999,77.15454,0.0,71.15,95.6875,0.0,36.843872,83.59375,99.998474,3.6376953,71.27,71.33,70.56,70.61,0
60897.11,-0.080627084,1.5311655,0.60735554,0.75538194,101.27394,24.812016,13.563345,3.142974,257.39804,118.42405,50.081,0.0,5.081,33.921,49.24,0.0,99.255066,2.0,0.0,448.875,209.625,3279.0,0.0,-4.328125,0.49951172,181.65572,18612.264,19029.373,1100.0834,526.95746,46.268208,43.25855,0.0,2.4435334,3.0,59.30481,42.62171,13.499983,11.624985,2.516,0.0,-6.5859375,0.31311035,0.0,0.0,0.0,0.0,0.0,0.9638672,1.0,60.006714,1.5622069,122.93812,150.98425,0.0,110.99661,47.851562,0.0,124.110954,162.26959,498.375,540.375,0.8813267,200.03125,0.0,256.53125,79.36031,76.99999,83.99048,0.0,71.41,93.9375,0.0,35.1532,84.729004,99.998474,3.647461,71.5,71.58,71.03,71.09,0
60897.152,-0.064501666,1.5312163,0.66976666,0.761486,101.27409,24.812016,13.578325,4.752691,257.21503,119.35037,50.081,0.0,5.081,33.921,49.24,0.0,99.25368,2.0,0.0,446.25,207.75,3307.0,0.0,-3.3359375,0.51104736,185.43675,18959.855,19617.889,1100.0834,526.95746,55.59391,47.17958,0.0,2.2673562,3.0,63.282776,42.57007,12.374984,9.749988,2.688,0.0,-5.03125,0.34405518,0.0,0.0,0.0,0.0,0.0,0.9716797,1.0,60.39734,1.5622948,134.03387,151.58206,0.0,110.99695,47.851562,0.0,134.4176,161.87988,499.5,539.25,0.7050614,221.25,0.0,256.90625,78.893486,76.99999,93.38379,0.0,71.84,103.21875,0.0,35.1532,83.428955,99.998474,3.6450195,71.96,72.06,70.98,71.22,0
60897.19,-0.05160133,1.5499866,0.6862426,0.76640314,101.27423,24.812016,13.565374,5.175222,259.80704,120.95409,50.081,0.0,5.081,33.921,49.24,0.0,99.25257,2.0,0.0,444.0,206.625,3318.0,0.0,-2.9453125,0.5187988,188.04036,19207.678,19813.176,1100.0834,526.95746,59.00627,48.599632,0.0,2.1264055,3.0,64.653015,42.52359,11.249986,8.624989,2.832,0.0,-4.140625,0.35882568,0.0,0.0,0.0,0.0,0.0,0.9736328,1.0,60.783386,1.5623564,136.94647,151.9105,0.0,110.99725,47.851562,0.0,137.94989,162.253,500.625,538.875,0.5640491,230.875,0.0,256.5,79.36031,76.99999,99.090576,0.0,72.03,107.65625,0.0,31.750488,82.94678,99.998474,3.6547852,72.17,72.23,71.45,71.55,0
60897.234,-0.041281067,1.6324947,0.72303575,0.7739486,101.27435,24.812016,13.573887,6.1780143,269.33786,125.731316,50.081,0.0,5.081,33.921,49.24,0.0,99.251686,2.0,0.0,440.625,205.125,3327.0,0.0,-2.53125,0.53656006,193.6373,19636.992,20000.502,1100.0834,526.95746,61.35889,51.312565,0.0,2.0136387,3.0,65.81726,42.48176,9.374988,7.124991,3.064,0.0,-3.5625,0.34802246,0.0,0.0,0.0,0.0,0.0,0.96484375,0.9970703,61.054993,1.5623994,143.85873,153.39796,0.0,110.99753,47.65625,0.0,145.02275,164.981,502.125,538.5,0.45123932,239.5625,0.0,255.625,79.36031,76.99999,105.45044,0.0,72.42,104.40625,0.0,22.280884,84.22241,99.998474,3.647461,72.64,72.47,71.7,71.85,0
60897.273,-0.033024855,1.7029979,0.75849706,0.7798831,101.27446,24.812016,13.568127,7.0639567,274.01743,128.30028,50.081,0.0,5.081,33.921,49.24,0.0,99.25098,2.0,0.0,440.625,202.875,3337.0,0.0,-2.8828125,0.5444336,196.03362,19842.893,20000.502,1100.0834,526.95746,62.100708,53.665184,0.0,1.767171,3.0,66.05835,42.444107,6.7499914,4.874994,3.064,0.0,-3.3984375,0.34936523,0.0,0.0,0.0,0.0,0.0,0.9589844,0.99316406,61.351013,1.5624295,149.96555,153.9698,0.0,110.99777,47.460938,0.0,150.60309,165.05562,502.125,538.875,0.20474146,243.6875,0.0,254.125,79.36031,76.99999,110.12573,0.0,72.57,104.8125,0.0,18.267822,84.47266,99.998474,3.6499023,72.89,72.85,71.98,71.98,0
60897.312,-0.006419884,1.8061992,0.78860295,0.7942955,101.27456,24.812016,13.569954,7.8504877,283.05365,133.00781,50.081,0.0,5.081,33.921,49.24,0.0,99.250404,2.0,0.0,437.625,201.0,3349.0,0.0,-3.2109375,0.55914307,201.11646,19884.285,20000.502,1100.0834,526.95746,64.30496,56.590065,0.0,1.5699939,3.0,67.20123,42.410225,4.874994,2.9999962,3.244,0.0,-3.015625,0.35339355,0.0,0.0,0.0,0.0,0.0,0.9638672,0.9902344,61.750793,1.5624506,155.38712,156.39923,0.0,110.998,47.460938,0.0,156.53171,167.84164,502.875,539.25,0.0075431913,254.4375,0.0,253.96875,79.82713,76.99999,114.593506,0.0,72.9,106.03125,0.048828125,12.286377,84.84497,97.10846,3.6499023,73.04,72.99,72.41,72.28,0
60897.35,0.03486409,1.9037298,0.83020943,0.81082755,101.27465,24.812016,13.588811,8.997482,289.61502,136.70056,50.081,0.0,5.081,33.921,49.24,0.0,99.24995,2.0,0.0,434.625,199.125,3364.0,0.0,-4.1484375,0.574646,206.24905,19834.402,20000.502,1100.0834,526.95746,68.459145,59.53614,0.0,1.41225,3.0,68.896484,42.37973,3.3749957,1.1249986,3.4,0.0,-2.9453125,0.35876465,0.0,0.0,0.0,0.0,0.0,0.96972656,0.98535156,62.304688,1.5624654,163.29332,159.69891,0.0,110.9982,47.460938,0.0,164.04404,171.99582,503.625,540.375,-0.15021543,263.59375,0.0,253.96875,79.82713,76.99999,119.91577,0.0,73.17,107.625,0.14343262,7.13501,85.19287,92.16766,3.5131836,73.37,73.37,72.53,72.53,0
60897.395,0.10789127,2.036492,0.87096626,0.8205347,101.274734,24.812016,13.596152,10.062464,300.26996,142.5724,50.081,0.0,5.081,33.921,49.24,0.0,99.24958,2.0,0.0,431.625,197.625,3384.0,0.0,-4.546875,0.59069824,212.46786,19853.506,20000.502,1100.0834,526.95746,72.33778,63.287617,0.0,1.2860534,3.0,70.89691,42.352287,1.8749976,-0.37499952,3.548,0.0,-2.2265625,0.35803223,0.0,0.0,0.0,0.0,0.0,0.9707031,0.9794922,62.998962,1.5624758,170.6342,161.3028,0.0,110.99838,47.265625,0.0,171.69733,175.11353,503.625,540.75,-0.27642232,272.625,0.0,252.65625,79.82713,76.99999,125.21362,0.0,73.7,107.40625,0.21972656,2.972412,85.82764,88.40485,3.3691406,73.77,73.79,73.0,73.16,0
60897.44,0.14631301,2.1458468,0.9049605,0.82583344,101.2748,24.812016,13.601291,10.946674,306.38025,146.4624,50.081,0.0,5.081,33.921,49.24,0.0,99.24929,2.0,0.0,429.0,195.75,3407.0,0.0,-4.2109375,0.5924072,214.96368,19911.35,20000.502,1100.0834,526.95746,73.906204,65.449486,0.0,1.1850952,3.0,71.24634,42.327583,0.74999905,-2.2499971,3.692,0.0,-2.0,0.37384033,0.0,0.0,0.0,0.0,0.0,0.9716797,0.9746094,63.616943,1.5624831,176.72903,162.20273,0.0,110.99855,47.070312,0.0,177.66737,175.26277,504.375,540.375,-0.37738785,280.59375,0.0,251.34375,79.82713,76.99999,129.19922,0.0,74.02,112.15625,0.15563965,-1.4343262,85.2417,83.24432,3.244629,74.19,74.22,73.35,73.21,0
60897.473,0.1570504,2.227089,0.92714316,0.8345232,101.27487,24.812016,13.604888,11.471074,310.4867,148.8611,50.081,0.0,5.081,33.921,49.24,0.0,99.24906,2.0,0.0,426.0,195.75,3417.0,0.0,-3.875,0.6043701,219.30026,19880.041,20000.502,1100.0834,526.95746,76.85227,68.24719,0.0,1.1043278,3.0,72.758484,42.30535,0.37499952,-2.2499971,3.824,0.0,-1.5546875,0.37438965,0.0,0.0,0.0,0.0,0.0,0.9736328,0.97265625,64.271545,1.5624881,180.34373,163.39818,0.0,110.99869,46.777344,0.0,181.3738,177.80833,504.375,540.0,-0.45816028,287.71875,0.0,249.5,79.82713,76.99999,131.69556,0.0,74.23,112.3125,-0.14038086,-3.8970947,85.63843,80.61371,3.1225586,74.43,74.55,73.5,73.55,0
60897.51,0.12564032,2.2970855,0.9521644,0.8161262,101.27493,24.812016,13.583968,12.094069,314.4964,151.4013,50.081,0.0,5.081,33.921,49.24,0.0,99.24888,2.0,0.0,423.0,195.375,3431.0,0.0,-3.90625,0.588562,217.41805,19891.715,20000.502,1100.0834,526.95746,78.908165,69.94278,0.0,0.80533844,3.0,73.68317,42.28534,0.0,-2.6249967,3.948,0.0,-1.171875,0.3850708,0.0,0.0,0.0,0.0,0.0,0.97558594,0.96972656,64.98871,1.3281167,184.63803,159.73314,0.0,110.998825,45.996094,0.0,185.52797,172.88304,504.375,540.0,-0.5227782,292.96875,0.0,244.25,79.82713,76.99999,134.2041,0.0,74.58,115.53125,-0.7019043,-12.850952,84.625244,70.16449,2.9858398,74.91,74.73,73.75,73.79,0
60897.555,0.10051226,2.4188342,0.96726596,0.8165501,101.27499,24.812016,13.581043,12.481538,324.2323,157.04362,50.081,0.0,5.081,33.921,49.24,0.0,99.248726,2.0,0.0,418.5,194.625,3452.0,0.0,-3.9921875,0.5823364,217.82434,20082.227,20000.502,1100.0834,526.95746,78.675026,71.617165,0.0,0.7458341,3.0,73.56415,42.267334,-0.74999905,-3.3749957,4.152,0.0,-0.921875,0.4102173,0.0,0.0,0.0,0.0,0.0,0.9746094,0.96777344,65.21149,1.1640567,187.30887,159.6885,0.0,110.99895,45.507812,0.0,188.4135,173.2313,504.375,540.0,-0.41822258,299.71875,0.0,241.0,79.82713,76.99999,135.85205,0.0,75.05,123.0625,-1.4801025,-14.16626,83.30078,66.81366,2.6611328,75.26,75.23,74.09,74.49,0
60897.6,0.08040981,2.4862838,0.97502416,0.8213401,101.2742,24.812016,13.573136,12.628099,326.2921,158.81961,50.081,0.0,5.081,33.921,49.24,0.0,99.248604,2.0,0.0,417.375,194.25,3469.0,0.0,-4.125,0.58044434,218.87738,20031.812,20000.502,1100.0834,526.95746,79.96791,72.61332,0.0,0.7146367,3.0,73.75183,42.25113,-0.74999905,-3.7499952,4.172,0.0,-0.84375,0.4421997,0.0,0.0,0.0,0.0,0.0,0.9746094,0.9638672,65.390015,1.0492147,188.31831,160.36778,0.0,110.999054,45.507812,0.0,189.45825,172.69232,504.375,540.0,-0.33457807,296.28125,0.0,241.21875,79.82713,76.99999,136.47461,0.0,75.52,132.65625,-1.953125,-14.059448,81.85425,65.068054,2.5732422,75.56,75.53,74.6,74.63,0
60897.64,0.06432785,2.5132637,0.9750974,0.83240396,101.27349,24.812016,13.573461,12.627899,326.32367,159.1097,50.081,0.0,5.081,33.921,49.24,0.0,99.24851,2.0,0.0,416.25,194.625,3475.0,0.0,-4.265625,0.5823364,220.35332,20167.664,20000.502,1100.0834,526.95746,78.33591,72.80407,0.0,0.7011628,3.0,72.9187,42.23654,-0.74999905,-3.3749957,4.212,0.0,-0.8359375,0.44873047,0.0,0.0,0.0,0.0,0.0,0.97753906,0.96484375,65.7135,0.9688253,188.31622,162.3836,0.0,110.999146,45.507812,0.0,189.45825,176.07536,504.375,540.375,-0.26766247,301.15625,0.0,241.125,79.82713,76.99999,136.35864,0.0,75.9,134.625,-2.3345947,-12.576294,81.67114,66.01105,2.565918,76.04,76.01,74.73,75.07,0
60897.68,0.05146228,2.5428057,0.9794097,0.82345957,101.27286,24.812016,13.573688,12.698296,328.2885,161.17322,50.081,0.0,5.081,33.921,49.24,0.0,99.248436,2.0,0.0,416.625,194.625,3499.0,0.0,-4.390625,0.5776367,219.83923,19926.209,20000.502,1100.0834,526.95746,80.75211,72.48615,0.0,0.69842273,3.0,73.680115,42.22341,-0.74999905,-3.3749957,4.184,0.0,-0.5625,0.4584961,0.0,0.0,0.0,0.0,0.0,0.9765625,0.96191406,65.75928,0.9125527,188.80083,160.57635,0.0,110.99924,45.507812,0.0,189.74017,174.75697,504.375,540.375,-0.21412997,302.09375,0.0,241.3125,79.82713,76.99999,136.58447,0.0,76.25,137.5625,-2.7191162,-12.878418,80.92651,64.616394,2.5585938,76.44,76.37,75.15,75.38,0
60897.715,0.041169826,2.5546222,0.977213,0.8275715,101.27312,24.812016,13.573847,12.63639,328.37497,161.95285,50.081,0.0,5.081,33.921,49.24,0.0,98.94762,2.0,0.0,415.125,195.0,3515.0,0.0,-4.703125,0.5725708,219.44122,19988.297,20000.502,1100.0834,526.95746,80.15866,72.61332,0.0,0.7018579,3.0,73.37799,42.211594,-0.74999905,-2.9999962,4.236,0.0,-0.1484375,0.4786377,0.0,0.0,0.0,0.0,0.0,0.9765625,0.96191406,65.95154,0.8731619,188.37437,161.18602,0.0,110.99931,45.703125,0.0,189.25925,174.10193,504.375,540.75,-0.17130397,305.9375,0.0,242.3125,79.82713,76.99999,136.36475,0.0,76.62,143.59375,-3.0853271,-10.787964,79.58984,65.15045,2.5512695,76.92,76.69,75.5,75.72,0
60897.754,0.05293586,2.578099,0.97913414,0.83185273,101.27335,24.812016,13.579818,12.69872,330.4285,163.3829,50.081,0.0,5.081,33.921,49.24,0.0,98.70697,2.0,0.0,415.125,194.25,3524.0,0.0,-4.6484375,0.57299805,219.84752,20082.227,20000.502,1100.0834,526.95746,79.501625,73.01602,0.0,0.70854515,3.0,72.56775,42.20096,-0.74999905,-3.7499952,4.216,0.0,0.125,0.4833374,0.0,0.0,0.0,0.0,0.0,0.9765625,0.95996094,66.22162,0.8455883,188.80424,161.98051,0.0,110.999374,45.703125,0.0,189.65727,175.05548,504.375,540.75,-0.13704318,300.8125,0.0,242.25,79.82713,76.99999,136.6272,0.0,76.83,145.0,-3.3355713,-11.853027,79.36401,63.615417,2.5341797,77.07,77.13,75.95,76.07,0
60897.797,0.08234869,2.6437397,0.9814077,0.8425773,101.272736,24.812016,13.572279,12.754393,336.1132,167.13696,50.081,0.0,5.081,33.921,49.24,0.0,98.51445,2.0,0.0,414.0,194.25,3544.0,0.0,-4.7421875,0.5812378,222.49258,19975.031,20000.502,1100.0834,526.95746,81.32437,73.63067,0.0,0.7166523,3.0,73.48938,42.19139,-1.1249986,-3.7499952,4.26,0.0,0.1796875,0.484375,0.0,0.0,0.0,0.0,0.0,0.97558594,0.9589844,66.12244,0.8262868,189.18738,163.933,0.0,110.999435,45.996094,0.0,190.05527,177.89955,504.75,540.75,-0.10963454,300.875,0.0,243.875,79.82713,76.99999,136.90796,0.0,77.17,145.3125,-3.7841797,-11.575317,79.75464,63.68866,2.4951172,77.5,77.42,76.61,76.41,0
60897.836,0.12587894,2.669996,0.9832971,0.85194534,101.27218,24.812016,13.57872,12.802151,336.21048,167.56274,50.081,0.0,5.081,33.921,49.24,0.0,98.36043,2.0,0.0,412.5,194.25,3552.0,0.0,-4.7734375,0.58929443,225.06303,20128.926,20000.502,1100.0834,526.95746,79.56521,73.69425,0.0,0.7250681,3.0,72.14508,42.182777,-1.1249986,-3.7499952,4.312,0.0,0.203125,0.48895264,0.0,0.0,0.0,0.0,0.0,0.97753906,0.9589844,66.27655,0.81277573,189.516,165.59991,0.0,110.9995,46.58203,0.0,190.33719,179.1516,504.75,540.75,-0.08770763,302.1875,0.0,247.15625,79.82713,76.99999,137.17041,0.0,77.66,146.6875,-4.168701,-11.022949,79.96216,63.82599,2.4707031,77.77,77.86,76.69,77.03,0
60897.87,0.16070315,2.6804986,0.985886,0.85851574,101.271675,24.812016,13.583229,12.902864,336.26233,168.86247,50.081,0.0,5.081,33.921,49.24,0.0,98.23721,2.0,0.0,412.875,194.25,3579.0,0.0,-4.7734375,0.5956421,226.68822,20021.73,20000.502,1100.0834,526.95746,81.43035,74.45727,0.0,0.7331519,3.0,73.08502,42.175026,-1.1249986,-3.7499952,4.288,0.0,0.4921875,0.49072266,0.0,0.0,0.0,0.0,0.0,0.9746094,0.9580078,66.615295,0.803318,190.20972,167.02544,0.0,110.99954,46.875,0.0,191.1083,180.92604,504.75,540.75,-0.0701661,300.71875,0.0,248.96875,79.82713,76.99999,137.6648,0.0,77.84,147.21875,-4.483032,-13.90686,80.22461,60.70099,2.4682617,78.05,78.06,77.09,77.36,0
60897.906,0.18856253,2.6659496,0.98538166,0.8787356,101.27206,24.812016,13.580525,12.930808,334.4013,168.58481,50.081,0.0,5.081,33.921,49.24,0.0,98.13864,2.0,0.0,412.5,194.25,3593.0,0.0,-4.8203125,0.6135254,231.87886,20031.812,20000.502,1100.0834,526.95746,81.451546,74.584435,0.0,0.7405647,3.0,72.63489,42.168053,-1.1249986,-3.7499952,4.292,0.0,1.0234375,0.49468994,0.0,0.0,0.0,0.0,0.0,0.9746094,0.9560547,66.65344,0.7966976,190.40271,170.9148,0.0,110.99959,47.94922,0.0,191.34879,186.60588,505.125,540.75,-0.056132883,300.09375,0.0,255.53125,79.82713,76.99999,137.81738,0.0,78.22,148.40625,-4.827881,-10.513306,80.755615,63.9328,2.4438477,78.45,78.49,77.21,77.42,0
60897.953,0.23085003,2.66013,0.99092686,0.9484239,101.2724,24.812016,13.572774,13.05755,334.61212,169.48923,50.081,0.0,5.081,33.921,49.24,0.0,98.059784,2.0,0.0,412.5,194.25,3610.0,0.0,-4.9140625,0.6508179,244.56523,20070.55,20000.502,1100.0834,526.95746,81.66349,75.262665,0.0,0.903407,3.0,72.74017,42.161774,-1.1249986,-3.7499952,4.3,0.0,1.3671875,0.526001,0.0,0.0,0.0,0.0,0.0,0.97265625,0.9550781,66.908264,0.7920633,191.27667,183.5194,0.0,110.99963,51.5625,0.0,192.21112,202.12805,505.5,541.125,0.11134368,301.25,0.0,277.34375,79.82713,76.99999,138.41553,0.0,78.81,157.8125,-5.014038,-0.048828125,80.7251,73.350525,2.5292969,78.87,78.91,77.81,78.15,0
60898.0,0.20468003,2.676552,0.987038,1.0508796,101.272705,24.812016,13.561488,13.008293,336.51315,171.34927,50.081,0.0,5.081,33.921,49.24,0.0,97.996704,2.0,0.0,411.375,194.625,3629.0,0.0,-4.9140625,0.70526123,262.9066,20043.486,20000.502,1100.0834,526.95746,81.493935,74.81757,0.0,1.0341443,3.0,72.528076,42.15612,-0.74999905,-3.3749957,4.332,0.0,2.84375,0.5692749,0.0,0.0,0.0,0.0,0.0,0.97265625,0.95410156,66.93878,0.7888193,190.93745,202.79417,0.0,110.999664,57.128906,0.0,191.78824,225.85904,505.5,541.125,0.24532494,304.15625,0.0,309.75,79.82713,76.99999,138.40942,0.0,79.1,170.78125,-4.638672,25.274658,80.773926,99.043274,2.7441406,79.31,79.31,78.15,78.13,0
60898.035,0.20374402,2.683121,0.9932944,1.1170921,101.27298,24.812016,13.565308,13.259081,336.72455,172.40184,50.081,0.0,5.081,33.921,49.24,0.0,97.94623,2.0,0.0,410.25,193.875,3649.0,0.0,-4.875,0.75201416,279.06723,20120.436,20000.502,1100.0834,526.95746,80.87928,75.32625,0.0,1.1390585,3.0,71.76361,42.15103,-1.1249986,-4.1249948,4.36,0.0,4.265625,0.574646,0.0,0.0,0.0,0.0,0.0,0.9658203,0.95214844,66.99371,0.7865485,192.66638,215.53995,0.0,110.999695,61.035156,0.0,193.55438,241.56363,505.875,541.125,0.35250995,300.5,0.0,335.15625,79.82713,76.99999,139.36768,0.0,79.48,172.40625,-4.1290283,36.33423,81.884766,99.998474,3.0908203,79.56,79.71,78.78,78.76,0
60898.08,0.22299522,2.6669984,1.0191,1.1694856,101.273224,24.812016,13.550403,13.91657,334.89813,171.79565,50.081,0.0,5.081,33.921,49.24,0.0,97.90585,2.0,0.0,409.5,193.5,3656.0,0.0,-3.8828125,0.7822876,290.62592,20154.928,20000.502,1100.0834,526.95746,83.380264,78.717415,0.0,1.0669669,3.0,73.013306,42.146454,-1.4999981,-4.4999943,4.376,0.0,5.2734375,0.56622314,0.0,0.0,0.0,0.0,0.0,0.95996094,0.94921875,67.70935,0.78495896,197.19862,224.8831,0.0,110.999725,62.109375,0.0,197.8578,252.69115,505.875,540.0,0.28200796,304.46875,0.0,344.0,79.82713,76.99999,141.8457,0.0,79.84,169.875,-3.378296,35.43396,82.769775,99.998474,3.3935547,80.09,80.06,78.87,79.1,0
60898.113,0.21839619,2.6792994,1.0480319,1.1769038,101.27261,24.812016,13.539969,14.750304,336.86115,173.27528,50.081,0.0,5.081,33.921,49.24,0.0,97.87355,2.0,0.0,405.0,193.125,3666.0,0.0,-3.21875,0.7949219,295.32733,20116.19,20000.502,1100.0834,526.95746,86.0932,81.30318,0.0,1.0094526,3.0,74.368286,42.142334,-2.2499971,-4.874994,4.576,0.0,6.171875,0.56933594,0.0,0.0,0.0,0.0,0.0,0.95703125,0.9453125,68.473816,0.78384626,202.94485,226.73187,0.0,110.999756,62.304688,0.0,203.81128,255.3528,505.875,539.625,0.22560637,307.375,0.0,345.34375,79.82713,76.99999,145.95947,0.0,80.09,170.8125,-2.4627686,35.1532,82.91626,99.998474,3.4765625,80.21,80.3,79.21,79.52,0
60898.152,0.21471694,2.6842198,1.1093943,1.2482454,101.272064,24.812016,13.538526,16.291794,336.90027,174.619,50.081,0.0,5.081,33.921,49.24,0.0,97.84772,2.0,0.0,405.0,192.0,3694.0,0.0,-3.2421875,0.8362427,311.02362,19966.54,20000.502,1100.0834,526.95746,91.17995,84.90629,0.0,0.9635525,3.0,76.4328,42.138626,-3.7499952,-5.9999924,4.576,0.0,6.828125,0.5783081,0.0,0.0,0.0,0.0,0.0,0.9355469,0.9355469,69.43512,0.78306735,213.56963,239.0534,0.0,110.99979,64.25781,0.0,213.69505,270.51843,506.25,539.25,0.1804851,316.03125,0.0,360.96875,79.82713,76.99999,152.21558,0.0,80.41,173.5,-1.5106201,35.1532,77.856445,99.998474,3.479004,80.62,80.52,79.59,79.71,0
60898.19,0.19177355,2.6486878,1.1606477,1.6020287,101.2724,24.812016,13.537515,17.600657,333.0857,174.1374,50.081,0.0,5.081,33.921,49.24,0.0,97.82704,2.0,0.0,394.875,190.875,3726.0,0.0,-3.03125,0.9309082,346.2387,19782.928,20000.502,1100.0834,526.95746,97.4536,88.48821,0.0,0.9269102,3.0,79.41437,42.135292,-4.874994,-7.124991,5.024,0.0,7.375,0.27520752,0.0,0.0,0.0,0.0,0.0,0.9169922,0.9199219,70.451355,0.78252214,222.59181,303.40936,0.0,110.9998,75.87891,0.0,223.23056,280.8997,506.625,539.25,0.14438808,324.625,0.0,425.28125,79.82713,76.99999,157.87964,0.0,80.78,82.5625,-0.289917,35.1532,93.32886,99.998474,3.474121,81.09,81.09,79.71,79.8,0
60898.234,0.21341884,2.6532254,1.2301234,1.6020286,101.272705,24.812016,13.542666,19.47697,335.26505,175.37086,50.081,0.0,5.081,33.921,49.24,0.0,97.8105,2.0,0.0,381.0,189.0,3728.0,0.0,-2.9453125,0.9571533,356.4044,19744.719,20000.502,1100.0834,526.95746,103.30336,92.45164,0.0,0.58515096,3.0,82.32269,42.132286,-5.9999924,-8.999989,5.652,0.0,9.296875,0.49334717,0.0,0.0,0.0,0.0,0.0,0.8935547,0.90625,71.762085,0.7821405,235.52534,303.82,0.0,110.99982,93.16406,0.0,235.70137,280.8997,508.125,538.875,-0.1969895,331.34375,0.0,435.875,79.82713,76.99999,163.78174,0.0,81.45,148.0,0.036621094,35.1532,84.26514,99.998474,3.479004,81.74,81.65,80.36,80.47,0
60898.273,0.23073508,2.6737902,1.2755547,1.6021134,101.27298,24.812016,13.552132,20.703936,337.07642,177.07509,50.081,0.0,5.081,33.921,49.24,0.0,97.79727,2.0,0.0,376.5,188.625,3744.0,0.0,-2.96875,0.97302246,362.731,19787.172,20000.502,1100.0834,526.95746,107.77546,96.56342,0.0,0.15553176,3.0,84.046936,42.129585,-6.7499914,-9.374988,5.872,0.0,9.8984375,0.5772705,0.0,0.0,0.0,0.0,0.0,0.88183594,0.8964844,73.08197,0.78187335,243.98296,303.88763,0.0,110.99983,99.90234,0.0,244.3082,280.8997,508.5,538.875,-0.6263416,338.8125,0.0,436.0,79.82713,76.99999,167.32788,0.0,81.72,173.1875,0.14648438,35.1532,81.44531,99.998474,3.4716797,81.87,81.91,80.47,80.75,0
60898.312,0.24458806,2.7570162,1.33998,1.6023254,101.273224,24.812016,13.53532,22.253672,344.43207,182.58235,50.081,0.0,5.081,33.921,49.24,0.0,97.78668,2.0,0.0,370.5,188.625,3778.0,0.0,-3.0,0.99523926,373.13715,19842.893,20000.502,1100.0834,526.95746,113.24371,101.777336,0.0,-0.34438694,3.0,86.6272,42.12715,-7.124991,-9.374988,6.116,0.0,9.96875,0.67871094,0.0,0.0,0.0,0.0,0.0,0.86816406,0.8847656,74.90845,0.7816863,254.66536,302.42612,0.0,110.99985,99.90234,0.0,255.07918,280.8997,508.5,538.875,-1.1260732,352.375,0.0,435.59375,79.82713,76.99999,173.7793,0.0,82.07,203.625,0.29296875,35.1532,77.61841,99.998474,3.4692383,82.25,82.2,81.0,81.29,0
60898.35,0.23567045,2.7903066,1.4037782,1.602495,101.273445,24.812016,13.511833,23.89349,344.5061,183.87839,50.081,0.0,5.081,33.921,49.24,0.0,97.77821,2.0,0.0,356.25,187.875,3804.0,0.0,-3.578125,1.0198975,384.13202,19992.543,20000.502,1100.0834,526.95746,117.779396,107.6271,0.0,-0.7443031,3.0,88.871765,42.12496,-7.4999905,-10.124987,6.664,0.0,10.421875,0.7838135,0.0,0.0,0.0,0.0,0.0,0.8574219,0.8779297,76.29089,0.7815554,265.96866,302.02478,0.0,110.99986,99.90234,0.0,266.29794,280.8997,508.5,539.625,-1.5258585,359.25,0.0,435.0,79.82713,76.99999,180.30396,0.0,82.42,235.15625,0.4272461,24.163818,71.96045,97.17865,3.4692383,82.77,82.8,81.42,81.49,0
60898.395,0.22853637,2.8598728,1.4688373,1.6025797,101.27364,24.812016,13.507112,25.622429,350.06262,187.43356,50.081,0.0,5.081,33.921,49.24,0.0,97.77144,2.0,0.0,351.75,187.875,3816.0,0.0,-3.8515625,1.0541992,397.05887,19958.049,20000.502,1100.0834,526.95746,123.33243,112.79862,0.0,-1.2204728,3.0,91.08276,42.122993,-7.4999905,-10.124987,6.86,0.0,11.34375,0.8470459,0.0,0.0,0.0,0.0,0.0,0.8457031,0.875,76.29089,0.7814638,277.88626,302.19772,0.0,110.99988,99.90234,0.0,278.40387,280.8997,508.875,540.0,-2.0019367,375.15625,0.0,434.78125,79.82713,76.99999,187.07275,0.0,83.4,254.125,0.54626465,4.873657,69.35425,76.475525,3.3544922,83.18,83.24,81.95,82.27,0
60898.438,0.2228291,2.9439492,1.5235926,1.6027068,101.27383,24.812016,13.527244,26.874054,355.29987,191.5339,50.081,0.0,5.081,33.921,49.24,0.0,97.76602,2.0,0.0,347.25,187.875,3842.0,0.0,-3.9453125,1.0802002,406.83484,19876.855,20000.502,1100.0834,526.95746,127.76214,116.25337,0.0,-1.6013997,3.0,92.72308,42.121223,-7.4999905,-10.124987,7.04,0.0,11.40625,0.86676025,0.0,0.0,0.0,0.0,0.0,0.8535156,0.8730469,76.29089,0.78139967,286.51376,300.87344,0.0,110.99989,99.90234,0.0,287.2512,280.8997,508.875,540.0,-2.3827994,380.71875,0.0,434.5,79.82713,76.99999,193.2251,0.0,83.57,260.03125,0.39367676,-4.6661377,68.30444,65.79437,2.9125977,83.99,83.88,82.18,82.41,0
60898.48,0.2182633,2.9963298,1.5571047,1.603046,101.27399,24.812016,13.535477,27.426952,357.1247,195.17337,50.081,0.0,5.081,33.921,49.24,0.0,97.76169,2.0,0.0,336.0,188.25,3895.0,0.0,-3.890625,1.1123657,418.94907,19876.855,20000.502,1100.0834,526.95746,131.28047,119.70812,0.0,-1.7498847,3.0,93.90411,42.11963,-7.124991,-9.749988,7.412,0.0,12.0,0.8820801,0.0,0.0,0.0,0.0,0.0,0.86816406,0.8701172,76.29089,0.7813548,290.32498,298.47644,0.0,110.99991,99.90234,0.0,291.1898,280.8997,508.875,540.0,-2.5312395,382.375,0.0,434.0,79.82713,76.99999,196.33789,0.0,84.23,264.625,-0.24414062,-14.263916,67.26074,54.447937,2.5390625,84.41,84.41,82.91,82.98,0
60898.523,0.25461066,3.054782,1.552908,1.6031733,101.2733,24.812016,13.529521,27.17789,360.49527,198.28,50.081,0.0,5.081,33.921,49.24,0.0,97.758224,2.0,0.0,333.0,188.25,3920.0,0.0,-3.8671875,1.1405029,429.55423,19697.488,20000.502,1100.0834,526.95746,134.71402,120.13202,0.0,-1.8686684,3.0,95.02411,42.118195,-7.124991,-9.749988,7.504,0.0,12.1171875,0.8652954,0.0,0.0,0.0,0.0,0.0,0.87597656,0.86816406,76.29089,0.7813233,288.60754,297.64548,0.0,110.99992,99.90234,0.0,289.3822,280.8997,509.25,540.0,-2.6499918,380.65625,0.0,433.6875,79.82713,76.99999,194.70825,0.0,84.95,259.59375,-0.59814453,-10.189819,68.09082,59.162903,2.2216797,85.27,85.29,83.03,83.3,0
60898.55,0.30368853,3.1344128,1.538576,1.6033428,101.27268,24.812016,13.531212,26.656532,365.7736,202.51756,50.081,0.0,5.081,33.921,49.24,0.0,97.75545,2.0,0.0,332.25,188.25,3946.0,0.0,-3.8359375,1.1414185,429.9025,19641.768,20000.502,1100.0834,526.95746,135.51942,118.9663,0.0,-1.8074422,3.0,95.29114,42.116905,-7.124991,-9.749988,7.496,0.0,12.1875,0.8918457,0.0,0.0,0.0,0.0,0.0,0.8798828,0.8652344,76.29089,0.7813013,285.01324,296.41156,0.0,110.99992,99.90234,0.0,285.58453,280.8997,509.25,540.0,-2.5887434,374.1875,0.0,433.1875,79.82713,76.99999,192.47437,0.0,85.31,267.5625,-0.74157715,-7.220459,66.41846,60.212708,2.211914,85.63,85.72,83.64,83.81,0
60898.594,0.34295082,3.2787652,1.5094405,1.6032156,101.27296,24.812016,13.5030985,26.007833,376.16708,207.11093,50.081,0.0,5.081,33.921,49.24,0.0,97.753235,2.0,0.0,332.625,188.25,3924.0,0.0,-3.8515625,1.1342773,427.21594,19666.709,20000.502,1100.0834,526.95746,134.92598,116.5501,0.0,-1.7584589,3.0,95.12634,42.115738,-7.124991,-9.749988,7.448,0.0,12.7109375,0.8773804,0.0,0.0,0.0,0.0,0.0,0.87597656,0.86816406,76.29089,0.78128594,280.5421,297.2824,0.0,110.99992,99.90234,0.0,281.04068,280.8997,509.25,540.0,-2.5397449,379.625,0.0,433.375,79.82713,76.99999,187.75635,0.0,85.69,263.21875,-0.82092285,-1.550293,67.37671,66.69464,2.241211,86.05,86.07,84.19,84.23,0
60898.637,0.39436066,3.449006,1.4961343,1.6035123,101.27321,24.812016,13.512715,25.417486,385.88162,214.9502,50.081,0.0,5.081,33.921,49.24,0.0,97.751465,2.0,0.0,336.375,188.25,3970.0,0.0,-3.96875,1.1298828,425.5659,19765.945,20000.502,1100.0834,526.95746,135.75256,116.613686,0.0,-1.7192708,3.0,94.869995,42.114693,-6.7499914,-9.374988,7.296,0.0,12.4140625,0.9293823,0.0,0.0,0.0,0.0,0.0,0.87109375,0.86328125,76.29089,0.78127515,276.47318,295.42087,0.0,110.99992,99.90234,0.0,277.27618,280.8997,509.25,540.0,-2.500546,371.71875,0.0,433.0,79.82713,76.99999,185.65674,0.0,86.24,278.8125,-0.58288574,4.232788,64.44702,69.55414,2.3730469,86.33,86.37,84.68,85.06,0
60898.68,0.45548853,3.4796026,1.4751387,1.603597,101.27343,24.812016,13.501869,24.789116,382.7076,214.09503,50.081,0.0,5.081,33.921,49.24,0.0,97.750046,2.0,0.0,336.375,188.625,3987.0,0.0,-3.9921875,1.1334839,426.91745,19886.408,20000.502,1100.0834,526.95746,132.3826,114.07031,0.0,-1.6879191,3.0,93.24036,42.113747,-6.7499914,-9.374988,7.256,0.0,12.2734375,0.93115234,0.0,0.0,0.0,0.0,0.0,0.8642578,0.86328125,76.29089,0.7812676,272.14212,294.61145,0.0,110.99992,99.90234,0.0,272.5831,280.8997,509.625,540.0,-2.4691868,371.28125,0.0,432.59375,79.82713,76.99999,184.00879,0.0,87.05,279.34375,-0.1586914,9.237671,64.30054,74.775696,2.475586,86.75,87.01,84.92,85.29,0
60898.71,0.5243908,3.4918413,1.4653982,1.6035547,101.273636,24.812016,13.488418,24.64908,383.1253,213.73737,50.081,0.0,5.081,33.921,49.24,0.0,97.7489,2.0,0.0,336.0,188.625,3976.0,0.0,-4.0703125,1.1271973,424.5543,19852.445,20000.502,1100.0834,526.95746,132.59454,113.41327,0.0,-1.8190871,3.0,93.34259,42.1129,-6.7499914,-9.374988,7.236,0.0,12.265625,0.9260254,0.0,0.0,0.0,0.0,0.0,0.859375,0.86328125,76.29089,0.7812623,271.17706,295.57974,0.0,110.99992,99.90234,0.0,271.8534,280.8997,509.625,540.0,-2.6003494,367.875,0.0,432.6875,79.82713,76.99999,183.38013,0.0,86.91,277.8125,0.18310547,12.466431,64.660645,78.71857,2.6123047,87.23,87.36,85.59,85.92,0
60898.758,0.53951263,3.4967365,1.4694803,1.6036818,101.27382,24.812016,13.5024395,24.608929,383.3566,215.10355,50.081,0.0,5.081,33.921,49.24,0.0,97.747986,2.0,0.0,338.25,188.625,3999.0,0.0,-4.265625,1.1304932,425.79807,19866.242,20000.502,1100.0834,526.95746,133.2092,113.71,0.0,-1.924021,3.0,93.64014,42.112137,-6.7499914,-9.374988,7.144,0.0,12.3046875,0.9289551,0.0,0.0,0.0,0.0,0.0,0.85253906,0.86328125,76.29089,0.7812586,270.90048,294.34686,0.0,110.99992,99.90234,0.0,271.53003,280.8997,509.625,540.375,-2.7052796,368.34375,0.0,432.375,79.82713,76.99999,183.76465,0.0,87.46,278.6875,0.6439209,13.101196,64.45923,79.58832,2.7978516,87.64,87.7,86.26,86.26,0
60898.8,0.5716101,3.4424448,1.4753397,1.6034698,101.27398,24.812016,13.506395,24.828781,378.30447,214.71048,50.081,0.0,5.081,33.921,49.24,0.0,97.74725,2.0,0.0,337.5,189.0,4045.0,0.0,-4.3671875,1.144165,430.93896,19954.865,20000.502,1100.0834,526.16144,132.50977,113.90075,0.0,-2.0079677,3.0,92.61627,42.11145,-6.374992,-8.999989,7.136,0.0,12.375,0.9259033,0.0,0.0,0.0,0.0,0.0,0.8486328,0.859375,76.29089,0.781256,272.41608,294.86603,0.0,110.99992,99.90234,0.0,272.85672,280.8997,509.625,540.375,-2.7892237,371.0,0.0,432.5,79.82713,76.99999,185.87646,0.0,87.9,277.78125,0.90026855,10.772705,64.45923,77.5589,2.836914,87.99,88.17,86.39,86.93,0
60898.836,0.5972881,3.364478,1.4778796,1.6034274,101.274124,24.812016,13.515023,24.891233,373.70312,212.62328,50.081,0.0,5.081,33.921,49.24,0.0,97.74667,2.0,0.0,335.625,189.75,4055.0,0.0,-4.53125,1.15448,434.8112,19911.35,20000.502,1100.0834,526.16144,133.63309,114.367035,0.0,-2.2313747,3.0,93.15643,42.110832,-6.374992,-8.2499895,7.144,0.0,12.4609375,0.9312134,0.0,0.0,0.0,0.0,0.0,0.8457031,0.859375,76.234436,0.78125423,272.84668,294.9767,0.0,110.99992,99.90234,0.0,273.462,280.8997,510.0,540.375,-3.012629,377.90625,0.0,433.09375,79.82713,76.99999,186.76147,0.0,88.46,279.375,1.1199951,9.246826,64.04419,75.89264,2.8564453,88.61,88.61,87.11,87.17,0
60898.88,0.61783046,3.3332913,1.4877517,1.6033428,101.274254,24.812016,13.526922,25.254295,373.9539,213.97278,50.081,0.0,5.081,33.921,49.24,0.0,97.746216,2.0,0.0,336.75,189.75,4078.0,0.0,-4.5703125,1.1634521,438.2025,19911.35,20000.502,1100.0834,526.16144,134.94717,115.46916,0.0,-2.4101005,3.0,93.637085,42.110275,-6.374992,-8.2499895,7.12,0.0,12.9921875,0.93573,0.0,0.0,0.0,0.0,0.0,0.84765625,0.8574219,76.234436,0.781253,275.34937,295.22162,0.0,110.99992,99.90234,0.0,276.03244,280.8997,510.375,540.75,-3.1913533,378.78125,0.0,433.28125,79.82713,76.99999,188.52539,0.0,88.87,280.71875,1.2695312,5.01709,63.684082,71.46454,2.8417969,89.0,89.12,87.81,87.83,0
60898.91,0.63426435,3.3395667,1.5031003,1.6032156,101.274376,24.812016,13.529392,25.649994,375.60846,215.81544,50.081,0.0,5.081,33.921,49.24,0.0,97.74585,2.0,0.0,333.75,189.75,4095.0,0.0,-4.578125,1.1716309,441.27048,19889.592,20000.502,1100.0834,528.0188,136.53677,116.63488,0.0,-2.5530806,3.0,94.403076,42.10977,-5.9999924,-8.2499895,7.204,0.0,12.8125,0.9309082,0.0,0.0,0.0,0.0,0.0,0.84765625,0.8574219,76.234436,0.7812521,278.077,295.822,0.0,110.99992,99.90234,0.0,278.64435,280.8997,510.375,540.75,-3.3343327,380.65625,0.0,433.59375,79.82713,76.99999,191.16211,0.0,89.08,279.28125,1.3427734,1.9500732,63.848877,68.696594,2.8222656,89.49,89.29,87.99,88.15,0
60898.957,0.6274115,3.3420768,1.4993277,1.6030884,101.27448,24.812016,13.54284,25.68651,375.7002,218.1876,50.081,0.0,5.081,33.921,49.24,0.0,97.745544,2.0,0.0,332.25,190.125,4139.0,0.0,-4.78125,1.1851196,446.3699,19979.275,20000.502,1100.0834,528.0188,135.03195,116.126205,0.0,-2.6674647,3.0,93.38226,42.10932,-5.9999924,-7.87499,7.208,0.0,12.203125,0.93011475,0.0,0.0,0.0,0.0,0.0,0.8496094,0.85546875,76.36719,0.78125143,278.3288,296.81915,0.0,110.99992,99.90234,0.0,279.0921,280.8997,510.75,540.75,-3.4487162,384.8125,0.0,434.1875,79.82713,76.99999,191.92505,0.0,89.81,279.03125,1.3977051,0.0579834,63.726807,66.81671,2.7148438,90.01,90.05,88.61,88.78,0
60898.992,0.6219292,3.343081,1.5002106,1.603046,101.27458,24.812016,13.534676,25.709198,375.8802,218.29214,50.081,0.0,5.081,33.921,49.24,0.0,97.7453,2.0,0.0,331.5,190.125,4139.0,0.0,-4.734375,1.1915894,448.7911,19924.086,20000.502,1100.0834,530.1415,135.90094,116.38054,0.0,-2.758972,3.0,93.800354,42.108917,-5.9999924,-7.87499,7.216,0.0,12.3125,0.9269409,0.0,0.0,0.0,0.0,0.0,0.8515625,0.85546875,76.36719,0.781251,278.4853,296.83527,0.0,110.99992,99.90234,0.0,279.24963,280.8997,511.125,540.75,-3.540223,385.0625,0.0,434.59375,79.82713,76.99999,192.13257,0.0,90.06,278.09375,1.4312744,0.4547119,63.830566,67.38739,2.6611328,90.44,90.38,88.94,89.13,0
60899.035,0.59754336,3.3809824,1.4952556,1.6028764,101.274666,24.812016,13.546538,25.685448,379.31647,221.8312,50.081,0.0,5.081,33.921,49.24,0.0,97.74512,2.0,0.0,331.125,190.5,4168.0,0.0,-4.546875,1.199707,451.85074,20135.293,20000.502,1100.0834,530.1415,133.5907,116.46532,0.0,-2.8321776,3.0,92.533875,42.10855,-5.624993,-7.4999905,7.216,0.0,12.6953125,0.9257202,0.0,0.0,0.0,0.0,0.0,0.8564453,0.8535156,76.5213,0.7812507,278.32166,297.44568,0.0,110.99992,99.90234,0.0,279.15015,280.8997,511.125,540.75,-3.6134284,387.5,0.0,434.59375,79.82713,76.99999,192.25464,0.0,90.79,277.71875,1.5289307,0.5950928,63.80005,67.637634,2.6269531,90.91,90.95,89.52,89.75,0
60899.07,0.5580347,3.396143,1.4925485,1.6027915,101.27474,24.812016,13.554842,25.580568,379.34705,223.07332,50.081,0.0,5.081,33.921,49.24,0.0,97.744965,2.0,0.0,329.625,190.5,4191.0,0.0,-4.515625,1.2077637,454.88553,19989.36,20000.502,1100.0834,530.1415,135.30748,116.656075,0.0,-2.8907423,3.0,93.3609,42.108223,-5.624993,-7.4999905,7.236,0.0,12.6171875,0.9289551,0.0,0.0,0.0,0.0,0.0,0.8564453,0.8535156,76.5213,0.7812505,277.59882,297.2696,0.0,110.99992,99.90234,0.0,278.28778,280.8997,511.5,540.75,-3.6719928,386.59375,0.0,434.875,79.82713,76.99999,192.1997,0.0,90.96,278.6875,1.5899658,2.581787,63.519287,69.42291,2.631836,91.49,91.42,89.81,89.92,0
60899.117,0.50642776,3.4022074,1.4843916,1.6026222,101.27481,24.812016,13.531358,25.46676,379.4654,224.79344,50.081,0.0,5.081,33.921,49.24,0.0,97.74484,2.0,0.0,328.875,190.875,4222.0,0.0,-4.2734375,1.217041,458.38464,19866.242,20000.502,1100.0834,532.26416,135.71017,115.44797,0.0,-2.937594,3.0,93.4021,42.107925,-5.2499933,-7.124991,7.248,0.0,12.5703125,0.92541504,0.0,0.0,0.0,0.0,0.0,0.8564453,0.85253906,76.5213,0.7812503,276.81442,297.95258,0.0,110.99992,99.90234,0.0,277.59128,280.8997,511.875,540.375,-3.7188442,383.40625,0.0,435.375,79.82713,76.99999,191.85791,0.0,91.88,277.625,1.7150879,2.6062012,63.604736,69.71283,2.6245117,92.07,92.07,90.34,90.62,0
60899.16,0.4451422,3.423383,1.4810245,1.6025374,101.27487,24.812016,13.532497,25.424715,381.29727,226.84164,50.081,0.0,5.081,33.921,49.24,0.0,97.74475,2.0,0.0,327.75,190.875,4240.0,0.0,-3.8359375,1.2201538,459.5538,19906.043,20000.502,1100.0834,532.26416,135.85855,115.93545,0.0,-2.8188252,3.0,93.33038,42.10766,-5.2499933,-7.124991,7.232,0.0,12.5546875,0.92663574,0.0,0.0,0.0,0.0,0.0,0.8564453,0.8515625,76.66931,0.7812502,276.52466,298.25143,0.0,110.99992,99.90234,0.0,277.35913,280.8997,511.875,540.0,-3.6000755,380.84375,0.0,435.59375,79.82713,76.99999,191.99219,0.0,92.45,278.0,1.8218994,3.0426025,63.494873,70.15839,2.6245117,92.7,92.63,90.89,90.98,0
60899.19,0.39611375,3.4506035,1.4708437,1.6024101,101.27493,24.812016,13.527435,25.243801,382.87912,229.3944,50.081,0.0,5.081,33.921,49.24,0.0,97.744675,2.0,0.0,328.125,191.25,4270.0,0.0,-3.7578125,1.2245483,461.20386,19968.662,20000.502,1100.0834,534.38684,134.58685,115.23602,0.0,-2.8800602,3.0,92.56439,42.10742,-5.2499933,-6.7499914,7.204,0.0,12.546875,0.92852783,0.0,0.0,0.0,0.0,0.0,0.8564453,0.8496094,76.66931,0.7812501,275.2777,298.95993,0.0,110.99992,99.90234,0.0,276.0739,280.8997,512.25,540.0,-3.6613104,377.21875,0.0,436.1875,79.82713,76.99999,191.41846,0.0,92.69,278.5625,1.9561768,5.014038,63.33618,72.12372,2.6269531,92.87,93.01,91.12,91.38,0
60899.234,0.33689103,3.4802415,1.4614209,1.6023254,101.27499,24.812016,13.523892,25.038738,384.64215,231.53008,50.081,0.0,5.081,33.921,49.24,0.0,97.74461,2.0,0.0,328.5,191.25,4290.0,0.0,-3.703125,1.2276611,462.38956,20051.979,20000.502,1100.0834,534.38684,133.76025,115.29961,0.0,-2.7727983,3.0,92.01355,42.10721,-4.874994,-6.7499914,7.148,0.0,12.65625,0.9276123,0.0,0.0,0.0,0.0,0.0,0.8564453,0.8486328,76.815796,0.78125006,273.8643,299.17435,0.0,110.99992,99.90234,0.0,274.6477,280.8997,512.625,539.625,-3.5540483,374.90625,0.0,436.28125,79.82713,76.99999,190.77759,0.0,93.41,278.28125,2.2735596,7.13501,63.34839,74.58649,2.6367188,93.62,93.68,91.59,91.94,0
60899.28,0.26951283,3.5108466,1.45515,1.6021558,101.27503,24.812016,13.509693,24.953377,386.40414,234.43405,50.081,0.0,5.081,33.921,49.24,0.0,97.74457,2.0,0.0,328.5,191.625,4324.0,0.0,-3.765625,1.2345581,464.9766,19949.559,20000.502,1100.0834,534.38684,134.48088,114.96049,0.0,-2.6869886,3.0,92.20734,42.107018,-4.874994,-6.374992,7.096,0.0,13.015625,0.92663574,0.0,0.0,0.0,0.0,0.0,0.85546875,0.84765625,76.815796,0.78125006,273.27594,299.77423,0.0,110.99992,99.90234,0.0,274.05072,280.8997,512.625,540.0,-3.4682386,379.8125,0.0,437.0,79.82713,76.99999,191.00952,0.0,93.96,278.0,2.5054932,7.336426,63.323975,75.01984,2.6611328,94.34,94.08,92.21,92.52,0
60899.312,0.21561027,3.5043387,1.4552662,1.602071,101.27508,24.812016,13.493895,25.010195,384.94138,234.41078,50.081,0.0,5.081,33.921,49.24,0.0,97.59415,2.0,0.0,327.375,192.0,4340.0,0.0,-3.7109375,1.2393799,466.79248,19911.35,20000.502,1100.0834,536.2442,134.69283,114.74854,0.0,-2.618341,3.0,92.30957,42.106842,-4.874994,-5.9999924,7.144,0.0,12.3515625,0.92407227,0.0,0.0,0.0,0.0,0.0,0.85546875,0.84765625,76.815796,0.78125006,273.66763,300.30115,0.0,110.99992,99.90234,0.0,274.37408,280.8997,513.0,539.625,-3.399591,382.09375,0.0,437.5,79.82713,76.99999,191.37573,0.0,94.24,277.21875,2.6733398,5.508423,63.415527,73.47565,2.6879883,94.59,94.67,92.7,92.63,0
60899.35,0.17248821,3.5017357,1.4494201,1.6020287,101.275116,24.812016,13.506273,24.854643,385.13675,235.07014,50.081,0.0,5.081,33.921,49.24,0.0,97.473816,2.0,0.0,327.0,192.375,4350.0,0.0,-3.6328125,1.2441406,468.6001,19954.865,20000.502,1100.0834,536.2442,134.52327,115.04527,0.0,-2.563423,3.0,92.22717,42.10668,-4.4999943,-5.624993,7.132,0.0,12.1875,0.9226074,0.0,0.0,0.0,0.0,0.0,0.8515625,0.84765625,76.95618,0.78125006,272.59546,300.2046,0.0,110.99992,99.90234,0.0,273.462,280.8997,513.0,539.625,-3.344673,385.3125,0.0,437.6875,79.82713,76.99999,191.10107,0.0,94.68,276.78125,2.89917,7.974243,63.43994,76.22223,2.7075195,95.06,94.8,93.08,93.36,0
60899.395,0.13799058,3.5194445,1.4476354,1.6018591,101.27515,24.812016,13.4856415,24.933472,386.8065,238.15166,50.081,0.0,5.081,33.921,49.24,0.0,97.37755,2.0,0.0,325.5,192.375,4388.0,0.0,-3.4921875,1.2548218,472.605,20051.979,20000.502,1100.0834,538.3669,132.19185,113.71,0.0,-2.5194883,3.0,90.808105,42.106537,-4.4999943,-5.624993,7.156,0.0,12.7734375,0.9180298,0.0,0.0,0.0,0.0,0.0,0.8535156,0.84472656,76.95618,0.78125006,273.13885,301.21353,0.0,110.99992,99.90234,0.0,273.82684,280.8997,513.375,539.625,-3.3007383,388.65625,0.0,437.875,79.82713,76.99999,192.16309,0.0,95.4,275.40625,3.1341553,7.623291,63.580322,76.27716,2.7368164,95.62,95.8,93.57,93.65,0
60899.44,0.110392466,3.526528,1.4439706,1.601732,101.27518,24.812016,13.477058,24.915768,387.0318,239.48509,50.081,0.0,5.081,33.921,49.24,0.0,97.30054,2.0,0.0,324.75,192.375,4410.0,0.0,-3.3984375,1.2585449,474.01462,20110.883,20000.502,1100.0834,538.3669,132.10707,114.34584,0.0,-2.4843407,3.0,90.76691,42.106407,-4.1249948,-5.624993,7.144,0.0,13.375,0.91522217,0.0,0.0,0.0,0.0,0.0,0.8496094,0.84472656,77.09503,0.78125006,273.01685,301.86755,0.0,110.99992,99.90234,0.0,273.71902,280.88312,513.75,539.625,-3.2655907,387.375,0.0,438.5,79.82713,76.99999,192.34009,0.0,95.83,274.5625,3.3599854,7.8918457,63.702393,76.91803,2.7539062,96.26,96.11,94.19,94.55,0
60899.48,0.10831398,3.5293612,1.4491761,1.6016471,101.27521,24.812016,13.47691,25.0901,387.06665,240.53854,50.081,0.0,5.081,33.921,49.24,0.0,97.23892,2.0,0.0,324.75,192.75,4429.0,0.0,-3.3046875,1.2642212,476.16217,20105.576,20000.502,1100.0834,538.3669,132.4038,114.76974,0.0,-2.4562225,3.0,90.756226,42.106293,-4.1249948,-5.2499933,7.124,0.0,13.390625,0.91589355,0.0,0.0,0.0,0.0,0.0,0.85058594,0.84375,77.09503,0.78125006,274.21854,302.1396,0.0,110.99992,99.90234,0.0,274.87988,280.77533,513.75,539.25,-3.2374725,389.59375,0.0,438.59375,79.82713,76.99999,193.38379,0.0,96.43,274.78125,3.540039,4.6936035,63.59253,73.802185,2.7685547,96.55,96.71,94.44,94.69,0
60899.523,0.08665118,3.5492444,1.4540783,1.60152,101.27523,24.812016,13.482665,25.213324,388.93414,243.33624,50.081,0.0,5.081,33.921,49.24,0.0,97.18964,2.0,0.0,323.625,192.75,4459.0,0.0,-3.1953125,1.2767944,480.89676,19972.908,20000.502,1100.0834,539.9589,135.2015,116.21098,0.0,-2.433728,3.0,91.952515,42.031002,-4.1249948,-5.2499933,7.128,0.0,12.7265625,0.91363525,0.0,0.0,0.0,0.0,0.0,0.8496094,0.8408203,77.09503,0.78125006,275.06793,302.01813,0.0,110.99992,99.90234,0.0,275.89148,280.55972,514.125,539.25,-3.214978,390.8125,0.0,439.09375,79.82713,76.99999,194.94629,0.0,96.89,274.09375,3.6834717,3.4729004,63.580322,72.75543,2.775879,97.13,97.1,95.26,95.21,0
60899.56,0.08932094,3.5759478,1.4518722,1.6013929,101.27525,24.812016,13.5042715,25.295069,390.44464,245.48651,50.081,0.0,5.081,33.921,49.24,0.0,97.15021,2.0,0.0,321.375,193.125,4481.0,0.0,-3.0703125,1.282898,483.18527,20076.92,20000.502,1100.0834,539.9589,133.73906,115.829475,0.0,-2.2594824,3.0,91.104126,41.963238,-3.7499952,-4.874994,7.188,0.0,13.1875,0.9173584,0.0,0.0,0.0,0.0,0.0,0.85058594,0.8408203,77.20795,0.78125006,275.6314,303.12772,0.0,110.99992,99.90234,0.0,276.3061,280.26123,514.5,539.25,-3.0407324,393.1875,0.0,439.59375,79.82713,76.99999,195.43457,0.0,97.49,275.21875,3.8024902,2.5421143,63.287354,71.699524,2.7783203,97.76,97.86,95.28,95.77,0
60899.6,0.13145675,3.6053793,1.4581165,1.601308,101.274445,24.812016,13.495958,25.353128,392.4073,247.98686,50.081,0.0,5.081,33.921,49.24,0.0,97.11867,2.0,0.0,320.25,193.5,4504.0,0.0,-3.09375,1.2948608,487.6877,20096.555,20000.502,1100.0834,542.0816,134.22655,116.74085,0.0,-2.120086,3.0,91.33911,41.902252,-3.7499952,-4.4999943,7.22,0.0,12.3359375,0.9152832,0.0,0.0,0.0,0.0,0.0,0.8457031,0.83984375,77.20795,0.78125006,276.0308,302.27084,0.0,110.99992,99.90234,0.0,276.8036,279.95444,514.875,539.25,-2.901336,397.53125,0.0,440.0,79.82713,76.99999,196.64307,0.0,98.03,274.59375,3.894043,2.1728516,63.269043,71.421814,2.7783203,98.22,98.37,96.17,96.37,0
60899.64,0.1451654,3.635902,1.464876,1.6011809,101.27371,24.812016,13.507717,25.437838,393.94043,251.11147,50.081,0.0,5.081,33.921,49.24,0.0,97.09343,2.0,0.0,319.875,193.5,4543.0,0.0,-3.1015625,1.3115845,493.98944,19916.125,20000.502,1100.0834,542.0816,136.21886,116.97399,0.0,-2.1648188,3.0,92.1463,41.847363,-3.7499952,-4.4999943,7.196,0.0,12.453125,0.9139404,0.0,0.0,0.0,0.0,0.0,0.84375,0.8388672,77.35443,0.78125006,276.61395,301.4719,0.0,110.99992,99.90234,0.0,277.35913,279.4818,514.875,539.25,-2.9460688,394.65625,0.0,439.59375,79.82713,76.99999,198.38867,0.0,98.74,274.1875,3.9611816,1.1932373,63.15918,70.46051,2.775879,98.88,98.8,96.47,96.71,0
60899.67,0.15613231,3.6293612,1.4672666,1.6011384,101.273056,24.812016,13.515948,25.519144,392.59573,250.80516,50.081,0.0,5.081,33.921,49.24,0.0,97.07324,2.0,0.0,316.5,193.5,4553.0,0.0,-3.203125,1.3187256,496.67596,19945.312,20000.502,1100.0834,542.0816,136.68513,117.69462,0.0,-2.0443552,3.0,92.21802,41.797962,-3.7499952,-4.4999943,7.284,0.0,12.515625,0.91674805,0.0,0.0,0.0,0.0,0.0,0.84472656,0.8388672,77.35443,0.78125006,277.17374,301.6857,0.0,110.99992,99.90234,0.0,278.0059,279.2082,515.25,539.25,-2.8256052,399.28125,0.0,439.5,79.82713,76.99999,199.07837,0.0,98.88,275.03125,4.0008545,0.19226074,62.902832,69.27948,2.7783203,99.37,99.6,96.98,97.17,0
60899.715,0.14490585,3.6454945,1.4674686,1.6010537,101.27164,24.812016,13.52171,25.467257,394.36813,253.48679,50.081,0.068,5.081,33.921,49.24,0.0,97.05708,2.0,0.0,314.25,193.875,4581.0,0.0,-3.2734375,1.3308716,501.2613,20030.752,20000.502,1100.0834,544.4696,136.26125,118.01254,0.0,-1.9479842,3.0,91.859436,41.7535,-3.3749957,-4.1249948,7.336,0.0,13.171875,0.9139404,0.0,0.0,0.0,0.0,0.0,0.84375,0.8339844,77.35443,0.78125006,276.81467,301.2375,0.0,110.99992,99.90234,0.0,277.583,278.76044,515.625,539.25,-2.7292342,403.5,0.0,439.09375,79.82713,76.99999,199.56665,0.0,99.68,274.1875,4.043579,1.2145996,62.93335,70.42389,2.7392578,100.14,99.98,97.59,97.94,0
60899.754,0.13592468,3.651948,1.4704149,1.6010114,101.27036,24.812016,13.537463,25.466433,394.38373,254.88025,50.081,0.121,5.081,33.921,49.24,0.0,97.04416,2.0,0.0,312.375,193.5,4606.0,0.0,-3.2421875,1.3377075,503.84003,19959.11,20000.502,1100.0834,544.4696,137.53293,118.54241,0.0,-1.8708875,3.0,92.47284,41.71349,-3.3749957,-4.4999943,7.392,0.0,13.15625,0.91552734,0.0,0.0,0.0,0.0,0.0,0.8408203,0.8330078,77.516174,0.78125006,276.8077,300.8415,0.0,110.99992,99.90234,0.0,277.64102,278.4868,515.625,539.25,-2.6521375,399.8125,0.0,438.6875,79.82713,76.99999,200.3479,0.0,100.09,274.65625,4.0618896,0.8514404,62.750244,69.93866,2.7172852,100.25,100.17,97.86,97.99,0
60899.793,0.14873976,3.6545293,1.4678048,1.6010114,101.26839,24.812016,13.536771,25.457363,394.74652,255.1147,50.081,0.15,5.081,33.921,49.24,0.0,97.03383,2.0,0.0,312.375,193.5,4606.0,0.0,-3.1796875,1.3425293,505.63934,19962.295,20000.502,1100.0834,546.06165,137.44815,118.50002,0.0,-1.8092101,3.0,92.43164,41.67748,-3.3749957,-4.4999943,7.36,0.0,13.1640625,0.90771484,0.0,0.0,0.0,0.0,0.0,0.83984375,0.8330078,77.516174,0.78125006,276.74323,301.04303,0.0,110.99992,99.90234,0.0,277.583,278.15512,516.0,539.25,-2.59046,399.96875,0.0,438.59375,79.82713,76.99999,200.31738,0.0,100.4,272.3125,4.0771484,0.69885254,63.171387,70.23468,2.7124023,100.92,100.66,98.49,98.64,0
60899.836,0.1389918,3.6743119,1.4701587,1.6009265,101.26661,24.812016,13.536286,25.441086,396.44617,257.93753,50.081,0.189,5.081,33.921,49.24,0.0,97.02556,2.0,0.0,307.875,193.5,4637.0,0.0,-3.078125,1.3522949,509.3292,19979.275,20000.502,1100.0834,546.06165,140.22467,121.4249,0.0,-1.7598681,3.0,93.6264,41.64507,-3.3749957,-4.4999943,7.516,0.0,13.2265625,0.91986084,0.0,0.0,0.0,0.0,0.0,0.8378906,0.8154297,77.63519,0.78125006,276.62924,300.41934,0.0,110.99992,99.90234,0.0,277.5001,277.7737,516.375,539.25,-2.5411181,398.4375,0.0,438.28125,79.82713,76.99999,201.07422,0.0,101.04,275.96875,4.092407,0.4852295,62.31079,69.24286,2.709961,101.03,101.3,99.01,99.13,0
60899.87,0.13119344,3.6822248,1.4686946,1.6008841,101.26501,24.812016,13.530087,25.334927,396.7671,258.31335,50.081,0.235,5.081,33.921,49.24,0.0,97.018936,2.0,0.0,306.375,193.5,4640.0,0.0,-2.90625,1.3562012,510.8051,20018.016,20000.502,1100.0834,546.06165,141.3056,122.88734,0.0,-1.5641446,3.0,93.99414,41.6159,-3.3749957,-4.4999943,7.544,0.0,12.9375,0.92303467,0.0,0.0,0.0,0.0,0.0,0.83203125,0.8144531,77.63519,0.78125006,275.8959,299.74203,0.0,110.99992,99.90234,0.0,276.76212,277.5747,516.375,538.875,-2.3453946,397.65625,0.0,438.09375,79.82713,76.99999,200.83618,0.0,101.2,276.90625,4.107666,0.74768066,62.06665,69.28253,2.709961,101.59,101.42,99.59,99.85,0
60899.914,0.14495476,3.66664,1.4682779,1.6008418,101.2644,24.812016,13.502311,25.307472,395.21664,258.8012,50.081,0.269,5.081,33.921,49.24,0.0,97.01364,2.0,0.0,303.75,193.5,4667.0,0.0,-2.6796875,1.3634644,513.5414,19967.602,20000.502,1100.0834,547.3883,140.73334,121.806404,0.0,-1.4075656,3.0,93.71948,41.589645,-3.3749957,-4.4999943,7.6,0.0,12.8984375,0.92230225,0.0,0.0,0.0,0.0,0.0,0.8222656,0.81152344,77.63519,0.78125006,275.70605,299.71588,0.0,110.99992,99.90234,0.0,276.5631,277.20987,516.75,538.875,-2.1888156,396.8125,0.0,437.6875,79.82713,76.99999,201.34888,0.0,101.82,276.6875,4.1290283,0.7507324,62.03003,69.34357,2.7001953,102.17,101.88,99.89,100.35,0
60899.96,0.15596381,3.6416564,1.4671085,1.6007571,101.26385,24.812016,13.500445,25.175447,393.91293,259.66086,50.081,0.321,5.081,33.921,49.24,0.0,97.009415,2.0,0.0,303.0,193.5,4698.0,0.0,-2.625,1.3753662,518.0189,20008.463,20000.502,1100.0834,547.3883,141.17844,122.67539,0.0,-1.2823024,3.0,93.78052,41.566017,-2.9999962,-4.4999943,7.604,0.0,12.9453125,0.92718506,0.0,0.0,0.0,0.0,0.0,0.81640625,0.8105469,77.73285,0.78125006,274.79547,298.79254,0.0,110.99992,99.90234,0.0,275.6593,276.90308,516.75,538.5,-2.0635524,397.0625,0.0,437.5,79.82713,76.99999,201.86157,0.0,102.37,278.15625,4.1534424,1.272583,61.57837,69.46869,2.697754,102.51,102.53,100.78,100.66,0
60899.992,0.18477105,3.6129127,1.4673023,1.6006722,101.264175,24.812016,13.49914,25.155363,392.27823,259.73917,50.081,0.36,5.081,33.921,49.24,0.0,96.85565,2.0,0.0,301.125,193.875,4719.0,0.0,-2.5703125,1.3814087,520.2909,20003.156,20000.502,1100.0834,549.77637,141.19963,122.633,0.0,-1.338342,3.0,93.637085,41.544754,-2.9999962,-4.1249948,7.636,0.0,12.625,0.92541504,0.0,0.0,0.0,0.0,0.0,0.8154297,0.80859375,77.73285,0.78125006,274.65735,298.67957,0.0,110.99992,99.90234,0.0,275.5681,276.5548,517.125,538.5,-2.119592,399.71875,0.0,436.78125,79.82713,76.99999,202.33765,0.0,102.55,277.625,4.1778564,1.2084961,61.621094,69.52667,2.6904297,103.01,102.77,100.78,101.16,0
60900.035,0.22781684,3.6014152,1.4671144,1.6006298,101.26447,24.812016,13.509945,25.045525,392.59467,260.9953,50.081,0.389,5.081,33.921,49.24,0.0,96.732635,2.0,0.0,302.25,193.875,4738.0,0.0,-2.453125,1.3917847,524.1963,20064.715,20000.502,1100.0834,549.77637,139.86436,121.91238,0.0,-1.3831735,3.0,92.85126,41.525616,-2.9999962,-4.1249948,7.576,0.0,12.59375,0.9164429,0.0,0.0,0.0,0.0,0.0,0.8125,0.8095703,77.89307,0.78125006,273.90054,298.3696,0.0,110.99992,99.90234,0.0,274.8467,276.1568,517.5,538.5,-2.1644235,398.71875,0.0,436.6875,79.82713,76.99999,202.53296,0.0,103.37,274.9375,4.2419434,1.663208,62.060547,70.47882,2.6855469,103.21,103.69,101.5,101.78,0
60900.08,0.22225347,3.596816,1.4650835,1.600545,101.26474,24.812016,13.49993,24.915129,392.88678,262.95355,50.081,0.44,5.081,33.921,49.24,0.0,96.63423,2.0,0.0,300.0,193.875,4770.0,0.0,-2.3125,1.4002686,527.3886,19950.62,20000.502,1100.0834,549.77637,141.13605,122.060745,0.0,-1.4190388,3.0,93.31055,41.508392,-2.9999962,-4.1249948,7.636,0.0,13.1953125,0.9169922,0.0,0.0,0.0,0.0,0.0,0.8125,0.8095703,77.89307,0.78125006,273.002,297.21887,0.0,110.99992,99.90234,0.0,273.8849,275.81686,517.5,538.5,-2.2002888,394.5625,0.0,436.1875,79.82713,76.99999,202.99683,0.0,103.76,275.09375,4.3151855,2.581787,61.92627,71.372986,2.6855469,104.75,103.95,102.3,102.51,0
60900.113,0.2178028,3.5949764,1.4626912,1.6004602,101.26415,24.812016,13.481201,24.769924,392.75656,264.2441,50.081,0.48,5.081,33.921,49.24,0.0,96.55551,2.0,0.0,299.625,193.875,4795.0,0.0,-2.25,1.407959,530.2907,20047.732,20000.502,1100.0834,551.6337,141.39038,123.268845,0.0,-1.291481,3.0,93.43262,41.49289,-2.9999962,-4.1249948,7.596,0.0,13.09375,0.9215698,0.0,0.0,0.0,0.0,0.0,0.8105469,0.8046875,77.89307,0.78125006,272.00055,296.43826,0.0,110.99992,99.90234,0.0,272.81525,275.31934,518.25,538.125,-2.072731,393.8125,0.0,435.6875,79.82713,76.99999,203.14941,0.0,104.38,276.46875,4.400635,3.6193848,61.639404,72.24579,2.6855469,103.95,104.69,102.32,102.59,0
60900.156,0.29424223,3.5754905,1.4589685,1.600418,101.263626,24.812016,13.485669,24.630587,391.6731,264.17462,50.081,0.508,5.081,33.921,49.24,0.0,96.49252,2.0,0.0,298.875,193.5,4807.0,0.0,-2.0078125,1.409729,530.9541,20126.803,20000.502,1100.0834,551.6337,140.03392,122.99331,0.0,-1.3456848,3.0,92.62543,41.47894,-2.9999962,-4.4999943,7.62,0.0,13.0703125,0.92663574,0.0,0.0,0.0,0.0,0.0,0.80566406,0.8046875,78.019714,0.78125006,271.03958,296.1768,0.0,110.99992,99.90234,0.0,271.88657,274.94623,518.25,538.125,-2.1269348,388.96875,0.0,435.6875,79.82713,76.99999,202.89917,0.0,105.03,278.0,4.537964,4.2175293,61.315918,72.724915,2.6855469,104.9,105.11,103.35,103.29,0
60900.19,0.3153938,3.567696,1.4568198,1.6003757,101.26398,24.812016,13.482937,24.538548,391.61813,265.18158,50.081,0.56,5.081,33.921,49.24,0.0,96.44214,2.0,0.0,299.625,193.875,4826.0,0.0,-2.015625,1.4111328,531.47644,19955.396,20000.502,1100.0834,552.9604,141.39038,122.6542,0.0,-1.3890479,3.0,93.28003,41.46638,-2.6249967,-4.1249948,7.572,0.0,12.1640625,0.9281006,0.0,0.0,0.0,0.0,0.0,0.8017578,0.8046875,78.019714,0.78125006,270.40552,296.25095,0.0,110.99992,99.90234,0.0,271.33932,274.73062,518.25,538.125,-2.1702979,394.40625,0.0,435.375,79.82713,76.99999,203.10669,0.0,105.03,278.4375,4.614258,3.9642334,61.224365,72.45636,2.6904297,105.52,105.26,103.38,103.61,0
60900.234,0.35231504,3.5458286,1.4592254,1.6002907,101.26429,24.812016,13.486884,24.531305,390.20764,266.14276,50.081,0.589,5.081,33.921,49.24,0.0,96.401825,2.0,0.0,296.625,193.875,4861.0,0.0,-2.1015625,1.4185181,534.27075,20024.383,20000.502,1100.0834,552.9604,140.81813,122.6542,0.0,-1.4237382,3.0,92.85126,41.45508,-2.6249967,-4.1249948,7.636,0.0,12.34375,0.9382324,0.0,0.0,0.0,0.0,0.0,0.8027344,0.7998047,78.125,0.78125006,270.3559,295.18747,0.0,110.99992,99.90234,0.0,271.2564,274.32434,518.625,538.125,-2.2049882,392.3125,0.0,434.875,79.82713,76.99999,203.91235,0.0,105.82,281.46875,4.7576904,2.9388428,60.583496,71.006775,2.6904297,105.87,106.1,104.03,104.14,0
60900.273,0.38185203,3.5183315,1.4530783,1.6002482,101.26457,24.812016,13.489647,24.378359,388.71548,265.28864,50.081,0.64,5.081,33.921,49.24,0.0,96.36958,2.0,0.0,296.25,193.875,4864.0,0.0,-2.1015625,1.4189453,534.42834,20116.19,20000.502,1100.0834,552.9604,139.77957,122.67539,0.0,-1.4514906,3.0,92.20734,41.44491,-2.6249967,-4.1249948,7.628,0.0,12.3828125,0.9472656,0.0,0.0,0.0,0.0,0.0,0.7998047,0.7998047,78.125,0.78125006,269.30194,295.27438,0.0,110.99992,99.90234,0.0,270.29456,274.0673,519.0,538.125,-2.2327406,391.96875,0.0,434.6875,79.82713,76.99999,203.51562,0.0,106.02,284.1875,4.849243,4.2938232,60.009766,71.995544,2.6904297,106.38,106.31,104.25,104.6,0
60900.312,0.38548166,3.4885828,1.4523643,1.6002482,101.26566,24.812016,13.468143,24.31296,387.47803,264.82468,50.081,0.67,5.081,33.921,49.24,0.0,96.34378,2.0,0.0,297.75,193.875,4871.0,0.0,-2.2265625,1.4190674,534.4863,20116.19,20000.502,1100.0834,554.55237,139.75838,122.69659,0.0,-1.4736924,3.0,92.196655,41.435753,-2.6249967,-4.1249948,7.584,0.0,12.5859375,0.94311523,0.0,0.0,0.0,0.0,0.0,0.7949219,0.7998047,78.125,0.78125006,268.85223,294.9838,0.0,110.99992,99.90234,0.0,269.86337,273.8351,519.0,538.125,-2.2549424,392.4375,0.0,434.6875,79.82713,76.99999,203.39966,0.0,106.43,282.9375,4.974365,4.2297363,60.272217,72.29462,2.697754,106.58,106.73,104.94,105.02,0
60900.35,0.36838534,3.4954333,1.4506452,1.6001636,101.26664,24.812016,13.482388,24.25891,389.2717,267.68915,50.081,0.708,5.081,33.921,49.24,0.0,96.32315,2.0,0.0,296.25,193.875,4901.0,0.0,-2.3515625,1.421875,535.5228,20019.076,20000.502,1100.0834,554.55237,140.03392,121.997154,0.0,-1.4914539,3.0,92.17682,41.427513,-2.6249967,-4.1249948,7.604,0.0,12.75,0.9552002,0.0,0.0,0.0,0.0,0.0,0.796875,0.7998047,78.22876,0.78125006,268.48065,294.67667,0.0,110.99992,99.90234,0.0,269.49026,273.5532,519.0,538.5,-2.272704,387.5625,0.0,434.28125,79.82713,76.99999,203.88794,0.0,106.64,286.5625,5.114746,3.9886475,59.509277,71.528625,2.7001953,107.06,107.14,105.52,105.64,0
60900.395,0.35470828,3.4231734,1.4499236,1.6000788,101.267525,24.812016,13.486499,24.160254,382.7663,264.7731,50.081,0.75,5.081,33.921,49.24,0.0,96.30664,2.0,0.0,295.5,193.875,4930.0,0.0,-2.3984375,1.427185,537.5377,20064.715,20000.502,1100.0834,556.6751,139.20732,121.59446,0.0,-1.5056632,3.0,91.62445,41.34491,-2.6249967,-4.1249948,7.596,0.0,12.7578125,0.9689331,0.0,0.0,0.0,0.0,0.0,0.79589844,0.7998047,78.22876,0.78125006,267.8015,294.1095,0.0,110.99992,99.90234,0.0,268.79376,273.11374,519.75,538.5,-2.2869132,390.09375,0.0,433.78125,79.82713,76.99999,204.31519,0.0,107.51,290.6875,5.282593,4.107666,58.636475,71.06476,2.7001953,107.82,107.69,105.79,106.04,0
60900.438,0.30376664,3.3755195,1.4543928,1.6000365,101.26832,24.812016,13.477658,24.09607,381.47073,264.9474,50.081,0.801,5.081,33.921,49.24,0.0,96.29343,2.0,0.0,295.125,194.25,4950.0,0.0,-2.40625,1.4321289,539.3868,20092.84,20000.502,1100.0834,556.6751,139.24971,121.93357,0.0,-1.5170305,3.0,91.64581,41.27057,-2.2499971,-3.7499952,7.572,0.0,12.7890625,0.9789429,0.0,0.0,0.0,0.0,0.0,0.7939453,0.7998047,78.38287,0.78125006,267.3599,292.75912,0.0,110.99992,99.90234,0.0,268.36255,272.76547,519.75,538.5,-2.2982805,393.9375,0.0,432.09375,79.82713,76.99999,204.92554,0.0,107.96,293.6875,5.4351807,4.0527344,58.007812,70.57648,2.7001953,108.15,108.32,106.58,106.55,0
60900.48,0.2830133,3.375208,1.4494712,1.599994,101.269035,24.812016,13.483189,24.005884,383.3034,266.86566,50.081,0.835,5.081,33.921,49.24,0.0,96.28287,2.0,0.0,297.0,194.25,4962.0,0.0,-2.1953125,1.4324951,539.536,20014.3,20000.502,1100.0834,556.6751,138.71983,121.128174,0.0,-1.6823742,3.0,91.23688,41.203663,-2.2499971,-3.7499952,7.492,0.0,12.78125,0.97906494,0.0,0.0,0.0,0.0,0.0,0.79003906,0.7998047,78.38287,0.78125006,266.73898,292.91193,0.0,110.99992,99.90234,0.0,267.60803,272.4504,520.125,538.125,-2.4636242,392.8125,0.0,431.78125,79.82713,76.99999,204.61426,0.0,108.45,293.71875,5.5908203,3.9764404,57.995605,70.70465,2.697754,108.59,108.59,106.97,107.42,0
60900.51,0.26641065,3.3750834,1.4493409,1.5999093,101.26968,24.812016,13.469481,23.871986,383.20764,268.19696,50.081,0.881,5.081,33.921,49.24,0.0,95.97366,2.0,0.0,295.125,194.25,4988.0,0.0,-2.078125,1.4388428,541.9158,19911.35,20000.502,1100.0834,558.0018,140.01273,121.4037,0.0,-1.8146493,3.0,91.859436,41.143444,-2.2499971,-3.7499952,7.528,0.0,12.5390625,0.984375,0.0,0.0,0.0,0.0,0.0,0.79003906,0.7998047,78.38287,0.78125006,265.81668,291.93842,0.0,110.99992,99.90234,0.0,266.8618,272.20166,520.125,538.125,-2.5958993,393.1875,0.0,431.375,79.82713,76.99999,205.10254,0.0,108.63,295.3125,5.718994,4.8797607,57.659912,71.44318,2.7001953,108.89,109.09,107.25,107.06,0
60900.55,0.25312853,3.3750334,1.4458377,1.5998667,101.270256,24.812016,13.489183,23.771053,383.5016,270.01697,50.081,0.908,5.081,33.921,49.24,0.0,95.726295,2.0,0.0,295.125,194.25,5018.0,0.0,-1.9453125,1.4406128,542.5874,20161.297,20000.502,1100.0834,558.0018,137.08784,121.085785,0.0,-1.9204695,3.0,90.30762,41.08925,-2.2499971,-3.7499952,7.528,0.0,12.515625,0.9954834,0.0,0.0,0.0,0.0,0.0,0.7919922,0.7998047,78.47443,0.78125006,265.12155,291.96588,0.0,110.99992,99.90234,0.0,266.22327,271.77048,520.5,538.125,-2.7017195,391.125,0.0,431.0,79.82713,76.99999,205.24902,0.0,109.09,298.65625,5.8898926,4.8858643,56.958008,71.04645,2.692871,109.59,109.68,107.82,107.9,0
60900.598,0.24250284,3.3375134,1.4391155,1.5998666,101.270775,24.812016,13.479538,23.672943,380.10574,269.226,50.081,0.95,5.081,33.921,49.24,0.0,95.528404,2.0,0.0,295.125,194.25,5048.0,0.0,-2.171875,1.4417725,543.01855,20019.076,20000.502,1100.0834,560.9205,137.44815,120.13202,0.0,-2.0051258,3.0,90.32745,41.040474,-1.8749976,-3.7499952,7.464,0.0,12.53125,1.006958,0.0,0.0,0.0,0.0,0.0,0.78808594,0.7998047,78.47443,0.78125006,264.4458,292.42938,0.0,110.99992,99.90234,0.0,265.5185,270.8501,520.875,538.125,-2.7863758,389.0,0.0,428.59375,79.82713,76.99999,205.27344,0.0,109.98,302.09375,6.100464,4.760742,56.23169,70.4422,2.697754,110.35,110.35,107.94,108.32,0
60900.64,0.19400227,3.3037555,1.4346815,1.5999092,101.27124,24.812016,13.496223,23.571865,378.69678,269.6096,50.081,1.001,5.081,33.921,49.24,0.0,95.37009,2.0,0.0,294.75,194.25,5074.0,0.0,-1.9296875,1.4423828,543.26733,20189.422,20000.502,1100.0834,560.9205,134.90479,119.369,0.0,-2.2291007,3.0,89.019775,40.996574,-1.8749976,-3.7499952,7.448,0.0,12.6484375,1.005188,0.0,0.0,0.0,0.0,0.0,0.79003906,0.7998047,78.66974,0.78125006,263.74954,292.62817,0.0,110.99992,99.90234,0.0,264.77225,270.19504,520.875,538.125,-3.0103507,379.6875,0.0,427.09375,79.82713,76.99999,205.27344,0.0,110.75,301.5625,6.2683105,4.702759,56.347656,70.66193,2.7001953,110.78,111.08,108.59,108.59,0
60900.67,0.15520182,3.2527523,1.427684,1.599994,101.27166,24.812016,13.502044,23.47418,375.3354,268.84903,50.081,1.04,5.081,33.921,49.24,0.0,95.24344,2.0,0.0,297.375,194.25,5105.0,0.0,-1.875,1.4425659,543.3171,20360.83,20000.502,1100.0834,560.9205,131.51361,118.839134,0.0,-2.4082806,3.0,87.31537,40.957066,-1.8749976,-3.7499952,7.304,0.0,12.75,1.0050049,0.0,0.0,0.0,0.0,0.0,0.7890625,0.7998047,78.66974,0.78125006,263.07663,293.2878,0.0,110.99992,99.90234,0.0,264.06747,269.39905,521.25,537.75,-3.1895306,379.75,0.0,425.28125,79.82713,76.99999,205.33447,0.0,110.97,301.5,6.3964844,5.0811768,56.35376,71.162415,2.6953125,111.38,111.34,108.85,109.06,0
60900.71,0.08416146,3.213601,1.4217956,1.5999941,101.27204,24.812016,13.48268,23.371897,373.7731,268.25443,50.081,1.069,5.081,33.921,49.24,0.0,95.14212,2.0,0.0,297.375,194.25,5115.0,0.0,-1.7890625,1.4413452,542.8693,20343.848,20000.502,1100.0834,563.57385,128.97025,118.62719,0.0,-2.5516245,3.0,86.08856,40.92151,-1.8749976,-3.7499952,7.316,0.0,12.6796875,1.0119629,0.0,0.0,0.0,0.0,0.0,0.79003906,0.7998047,78.66974,0.78125006,262.37198,293.6459,0.0,110.99992,99.90234,0.0,263.37094,269.0342,521.625,537.75,-3.3328745,376.625,0.0,423.59375,79.82713,76.99999,204.88281,0.0,111.61,303.59375,6.588745,4.9560547,55.914307,70.77179,2.7001953,111.68,111.56,109.14,109.14,0
60900.758,-0.01267083,3.1791906,1.4186227,1.5999941,101.272385,24.812016,13.474985,23.289095,372.4604,267.3646,50.081,1.108,5.081,33.921,49.24,0.0,95.061066,2.0,0.0,298.125,194.25,5116.0,0.0,-1.6953125,1.4385986,541.8328,20366.137,20000.502,1100.0834,563.57385,125.38832,117.84298,0.0,-2.6662996,3.0,84.36279,40.889507,-1.8749976,-3.7499952,7.288,0.0,12.640625,1.0110474,0.0,0.0,0.0,0.0,0.0,0.7949219,0.7998047,78.852844,0.78125006,261.80157,293.61154,0.0,110.99992,99.90234,0.0,262.84857,268.71082,521.625,537.75,-3.4475496,376.28125,0.0,423.09375,79.82713,76.99999,204.47388,0.0,111.89,303.3125,6.8084717,4.5318604,55.97534,70.61615,2.697754,111.98,112.25,109.93,109.76,0
60900.8,-0.09013666,3.1841764,1.4134948,1.6000364,101.27186,24.812016,13.469599,23.182064,374.37997,269.79312,50.081,1.16,5.081,33.921,49.24,0.0,94.996216,2.0,0.0,297.75,194.625,5136.0,0.0,-1.6484375,1.4404297,542.52106,19916.656,20000.502,1100.0834,564.3698,129.35175,118.01254,0.0,-2.7580397,3.0,86.190796,40.860706,-1.4999981,-3.3749957,7.264,0.0,12.5546875,1.0095825,0.0,0.0,0.0,0.0,0.0,0.7949219,0.7998047,78.852844,0.78125006,261.0633,293.85663,0.0,110.99992,99.90234,0.0,262.14374,268.40402,521.625,537.75,-3.5392897,375.9375,0.0,422.0,79.82713,76.99999,204.37012,0.0,112.24,302.875,7.006836,4.571533,56.066895,70.93964,2.6953125,112.25,112.34,110.31,110.31,0
60900.84,-0.13210933,3.1861706,1.4086078,1.6000788,101.271385,24.812016,13.471687,23.0743,374.43207,270.82886,50.081,1.201,5.081,33.921,49.24,0.0,94.944336,2.0,0.0,295.5,194.625,5155.0,0.0,-1.9375,1.440979,542.7201,19842.893,20000.502,1100.0834,564.3698,129.30936,117.01639,0.0,-2.8314319,3.0,86.09924,40.834785,-1.4999981,-3.3749957,7.336,0.0,12.5859375,1.0116577,0.0,0.0,0.0,0.0,0.0,0.79785156,0.7998047,78.907776,0.78125006,260.32004,293.99295,0.0,110.99992,99.90234,0.0,261.33945,268.07236,522.0,538.125,-3.6126819,376.0625,0.0,421.28125,79.82713,76.99999,204.04663,0.0,112.5,303.5,7.2021484,5.001831,55.932617,71.44928,2.6953125,112.74,112.43,110.57,110.57,0
60900.87,-0.16568746,3.1682184,1.4029638,1.600121,101.27096,24.812016,13.473149,23.017427,372.9634,270.91788,50.081,1.24,5.081,33.921,49.24,0.0,94.90283,2.0,0.0,295.125,194.625,5177.0,0.0,-1.8984375,1.4402466,542.4547,19967.602,20000.502,1100.0834,564.3698,128.27081,116.91041,0.0,-2.8901455,3.0,85.598755,40.811455,-1.4999981,-3.3749957,7.324,0.0,12.7578125,1.0133057,0.0,0.0,0.0,0.0,0.0,0.796875,0.7998047,78.907776,0.78125006,259.92758,294.78885,0.0,110.99992,99.90234,0.0,260.96634,267.5417,522.0,538.125,-3.6713955,374.3125,0.0,419.78125,79.82713,76.99999,204.0039,0.0,112.62,304.0,7.333374,4.772949,55.828857,71.24786,2.697754,113.01,113.18,111.21,111.13,0
60900.91,-0.21254997,3.1610374,1.4016237,1.6001636,101.27141,24.812016,13.462455,22.91471,373.00034,271.57272,50.081,1.269,5.081,33.921,49.24,0.0,94.86963,2.0,0.0,296.25,194.625,5189.0,0.0,-1.90625,1.4424438,543.28394,20157.05,20000.502,1100.0834,565.96185,125.409515,116.33815,0.0,-2.9371164,3.0,84.13849,40.79046,-1.4999981,-3.3749957,7.268,0.0,12.796875,1.0175781,0.0,0.0,0.0,0.0,0.0,0.7949219,0.7998047,78.907776,0.78125006,259.22,294.22955,0.0,110.99992,99.90234,0.0,260.26984,267.17685,522.375,538.125,-3.7183664,368.5,0.0,418.59375,79.82713,76.99999,203.86963,0.0,113.24,305.28125,7.5317383,4.4921875,55.560303,70.91522,2.697754,113.5,113.33,111.38,111.3,0
60900.953,-0.27003998,3.158165,1.3924624,1.600206,101.27181,24.812016,13.466687,22.809162,373.32474,272.75177,50.081,1.308,5.081,33.921,49.24,0.0,94.84307,2.0,0.0,299.25,194.625,5207.0,0.0,-1.9140625,1.4411011,542.76984,20253.104,20000.502,1100.0834,565.96185,123.37482,115.78709,0.0,-3.130943,3.0,83.15735,40.77156,-1.4999981,-3.3749957,7.136,0.0,12.203125,1.0092773,0.0,0.0,0.0,0.0,0.0,0.7939453,0.7998047,79.034424,0.78125006,258.4929,295.24225,0.0,110.99992,99.90234,0.0,259.5153,266.7291,522.375,537.75,-3.912193,363.90625,0.0,417.59375,79.82713,76.99999,203.32031,0.0,113.57,302.78125,7.727051,4.901123,56.085205,72.02606,2.7001953,113.73,113.73,112.08,111.98,0
60900.992,-0.29603198,3.175766,1.3882687,1.6002482,101.27218,24.812016,13.457931,22.732754,375.23413,274.98917,50.081,1.349,5.081,33.921,49.24,0.0,94.67145,2.0,0.0,300.75,195.0,5223.0,0.0,-1.875,1.4411011,542.76984,20053.04,20000.502,1100.0834,567.5539,124.392166,115.7447,0.0,-3.2860045,3.0,83.566284,40.754555,-1.1249986,-2.9999962,7.088,0.0,12.3203125,1.0089722,0.0,0.0,0.0,0.0,0.0,0.7949219,0.7998047,79.034424,0.78125006,257.96658,295.60815,0.0,111.09993,99.90234,0.0,258.92657,266.36426,522.375,538.125,-4.0672545,363.90625,0.0,416.5,79.82713,76.99999,203.26538,0.0,113.78,302.6875,7.940674,4.864502,56.103516,72.20917,2.697754,114.17,114.31,112.47,112.55,0
60901.035,-0.33682558,3.1828065,1.3807184,1.6002908,101.27251,24.812016,13.46352,22.598602,375.1779,276.47458,50.081,1.389,5.081,33.921,49.24,0.0,94.53415,2.0,0.0,300.0,195.0,5252.0,0.0,-1.9375,1.4413452,542.8693,20070.55,20000.502,1100.0834,567.5539,123.01451,114.5366,0.0,-3.4100537,3.0,82.83081,40.73925,-1.1249986,-2.9999962,7.08,0.0,12.265625,1.0078125,0.0,0.0,0.0,0.0,0.0,0.7988281,0.7998047,79.13208,0.78125006,257.0422,296.21313,0.0,111.18994,99.90234,0.0,258.0725,265.6014,522.75,538.125,-4.1913037,361.78125,0.0,414.375,79.82713,76.99999,203.16772,0.0,114.45,302.34375,8.187866,4.8675537,56.176758,72.53265,2.7001953,114.81,114.59,112.65,112.74,0
60901.07,-0.38946047,3.1668727,1.3765363,1.6003331,101.272804,24.812016,13.473292,22.621635,373.87695,276.40768,50.081,1.44,5.081,33.921,49.24,0.0,94.42431,2.0,0.0,297.75,195.0,5269.0,0.0,-1.953125,1.4390259,541.9904,19883.225,20000.502,1100.0834,567.5539,123.8623,113.56164,0.0,-3.353043,3.0,83.239746,40.725475,-1.1249986,-2.9999962,7.128,0.0,11.578125,1.0211182,0.0,0.0,0.0,0.0,0.0,0.7998047,0.7998047,79.13208,0.78125006,257.20126,297.25574,0.0,111.27095,99.90234,0.0,258.21347,265.17023,523.125,538.125,-4.134293,360.28125,0.0,413.28125,79.82713,76.99999,202.91138,0.0,114.74,306.34375,8.312988,3.1433105,55.334473,70.09735,2.697754,114.95,115.13,113.42,113.5,0
60901.113,-0.41156837,3.1417494,1.3689444,1.6003755,101.27307,24.812016,13.462555,22.451357,372.14685,276.0685,50.081,1.469,5.081,33.921,49.24,0.0,94.33644,2.0,0.0,297.375,195.0,5287.0,0.0,-2.296875,1.4406738,542.62054,20103.984,20000.502,1100.0834,569.6766,122.37866,113.96433,0.0,-3.4636846,3.0,82.44324,40.713078,-1.1249986,-2.9999962,7.12,0.0,11.4375,1.0090332,0.0,0.0,0.0,0.0,0.0,0.796875,0.7998047,79.13208,0.78125006,256.02783,297.53787,0.0,111.34386,99.90234,0.0,256.57172,264.72247,523.125,538.125,-4.2449346,354.03125,0.0,411.59375,79.82713,76.99999,202.37427,0.0,115.08,302.71875,8.535767,5.267334,56.103516,73.2254,2.7050781,115.51,115.46,113.54,113.77,0
60901.152,-0.4292547,3.1317,1.3636792,1.6004179,101.27331,24.812016,13.472616,22.389853,372.29947,277.3832,50.081,1.508,5.081,33.921,49.24,0.0,94.26614,2.0,0.0,300.375,195.375,5310.0,0.0,-2.34375,1.4395752,542.206,20196.852,20000.502,1100.0834,569.6766,119.814095,112.56548,0.0,-3.5521975,3.0,81.207275,40.70192,-0.74999905,-2.6249967,7.004,0.0,11.4375,1.0037231,0.0,0.0,0.0,0.0,0.0,0.79589844,0.7998047,79.278564,0.78125006,255.60413,298.1389,0.0,111.40947,99.90234,0.0,256.62146,264.1172,523.125,538.5,-4.3334475,356.65625,0.0,410.5,79.82713,76.99999,202.28271,0.0,115.62,301.125,8.724976,4.6173096,56.43921,73.09418,2.7148438,115.88,115.79,114.05,113.99,0
60901.19,-0.4034038,3.10893,1.3571078,1.6004602,101.27352,24.812016,13.462081,22.293715,370.83585,277.6976,50.081,1.549,5.081,33.921,49.24,0.0,94.20991,2.0,0.0,301.5,195.375,5337.0,0.0,-2.3515625,1.4398804,542.3055,19745.78,20000.502,1100.0834,571.53394,124.30739,112.671455,0.0,-3.6230078,3.0,83.2901,40.691875,-0.74999905,-2.6249967,6.944,0.0,11.4609375,1.0115356,0.0,0.0,0.0,0.0,0.0,0.79589844,0.7998047,79.278564,0.78125006,254.94167,298.94638,0.0,111.46852,99.90234,0.0,255.54353,263.41238,523.5,538.5,-4.404258,353.4375,0.0,408.1875,79.82713,76.99999,202.27051,0.0,115.99,303.46875,8.94165,6.454468,55.944824,74.671936,2.722168,116.33,116.57,114.68,114.62,0
60901.234,-0.38272303,3.099822,1.3589479,1.6005027,101.27371,24.812016,13.472284,22.375353,371.05035,278.6392,50.081,1.588,5.081,33.921,49.24,0.0,94.16492,2.0,0.0,300.75,195.375,5352.0,0.0,-2.3046875,1.4384155,541.75824,20115.658,20000.502,1100.0834,571.53394,119.34781,111.357376,0.0,-3.679656,3.0,80.82886,40.68284,-0.74999905,-2.6249967,6.952,0.0,11.421875,1.006958,0.0,0.0,0.0,0.0,0.0,0.80078125,0.7998047,79.418945,0.78125006,255.50458,299.25305,0.0,111.52167,99.90234,0.0,256.41415,262.89,523.875,538.5,-4.460906,349.96875,0.0,406.5,79.82713,76.99999,202.66724,0.0,116.67,302.09375,9.124756,1.4587402,56.23169,70.10956,2.7294922,116.78,116.9,115.09,115.23,0
60901.273,-0.36617842,3.096179,1.3534855,1.6005026,101.27389,24.812016,13.479427,22.218729,371.128,279.32236,50.081,1.64,5.081,33.921,49.24,0.0,94.12892,2.0,0.0,301.5,195.375,5364.0,0.0,-2.25,1.43927,542.0733,20170.848,20000.502,1100.0834,571.53394,117.970146,111.08185,0.0,-3.7249746,3.0,80.1651,40.674706,-0.74999905,-2.6249967,6.912,0.0,11.4140625,1.0046997,0.0,0.0,0.0,0.0,0.0,0.796875,0.7998047,79.418945,0.78125006,254.42517,299.0656,0.0,111.5695,99.90234,0.0,255.44402,262.63297,523.875,538.125,-4.5062246,350.09375,0.0,405.78125,79.82713,76.99999,202.22168,0.0,116.88,301.40625,9.234619,5.0598145,56.378174,73.95477,2.734375,117.23,117.02,115.42,115.32,0
60901.312,-0.33294272,3.1134717,1.3454636,1.600545,101.27405,24.812016,13.466849,22.03682,373.03177,282.01138,50.081,1.668,5.081,33.921,49.24,0.0,94.10013,2.0,0.0,300.0,195.75,5388.0,0.0,-2.1953125,1.4400635,542.3884,20161.297,20000.502,1100.0834,573.39124,117.54626,111.209015,0.0,-3.7612295,3.0,79.87976,40.667385,-0.37499952,-2.2499971,6.956,0.0,11.359375,1.0097656,0.0,0.0,0.0,0.0,0.0,0.796875,0.7998047,79.418945,0.78125006,253.17145,299.5126,0.0,111.61256,99.90234,0.0,253.72765,262.23495,524.25,538.125,-4.5424795,351.1875,0.0,404.375,79.82713,76.99999,202.50854,0.0,117.25,302.9375,9.436035,2.960205,56.054688,71.77582,2.746582,117.45,117.64,115.84,115.97,0
60901.35,-0.28635418,3.120389,1.3419547,1.6005874,101.274185,24.812016,13.469763,21.984198,373.0,282.66776,50.081,1.708,5.081,33.921,49.24,0.0,94.077095,2.0,0.0,302.25,195.375,5401.0,0.0,-2.2578125,1.4407959,542.65375,20013.77,20000.502,1100.0834,573.39124,119.24184,111.654106,0.0,-3.7902336,3.0,80.696106,40.660797,-0.74999905,-2.6249967,6.844,0.0,11.421875,1.0094604,0.0,0.0,0.0,0.0,0.0,0.7988281,0.7998047,79.537964,0.78125006,252.80887,299.76105,0.0,111.651306,99.90234,0.0,253.3545,261.70428,524.25,538.5,-4.5714836,345.875,0.0,402.6875,79.82713,76.99999,201.65405,0.0,117.61,302.84375,9.695435,9.030151,56.072998,78.12958,2.7734375,118.03,118.08,115.91,116.24,0
60901.39,-0.24908334,3.0856557,1.3410784,1.6006298,101.274315,24.812016,13.454225,21.976223,369.93832,281.5933,50.081,1.75,5.081,33.921,49.24,0.0,94.05867,2.0,0.0,298.5,195.375,5425.0,0.0,-2.25,1.4414673,542.91077,19837.057,20000.502,1100.0834,571.00323,120.598305,111.209015,0.0,-3.813437,3.0,81.27899,40.579678,-0.74999905,-2.6249967,6.968,0.0,11.4140625,1.0114136,0.0,0.0,0.0,0.0,0.0,0.7949219,0.7998047,79.537964,0.78125006,252.75401,299.97165,0.0,111.68618,99.90234,0.0,253.40425,261.14044,524.625,538.125,-4.594687,343.5625,0.0,401.78125,79.82713,76.99999,202.29492,0.0,118.2,303.4375,9.939575,9.661865,55.950928,78.889465,2.8222656,118.42,118.22,116.69,116.69,0
60901.438,-0.19926667,3.0342624,1.3381189,1.6006722,101.27443,24.812016,13.472645,21.90422,366.61975,280.1989,50.081,1.789,5.081,33.921,49.24,0.0,94.04393,2.0,0.0,298.875,195.375,5447.0,0.0,-2.234375,1.4424438,543.28394,20230.814,20000.502,1100.0834,571.00323,116.04143,110.530785,0.0,-3.8319993,3.0,79.000854,40.50667,-0.74999905,-2.6249967,6.932,0.0,11.390625,1.0281982,0.0,0.0,0.0,0.0,0.0,0.7939453,0.7998047,79.37775,0.78125006,252.25784,300.16714,0.0,111.71757,99.90234,0.0,253.40425,260.5932,524.625,538.125,-4.6132493,348.46875,0.0,399.78125,79.82713,76.99999,202.36206,0.0,118.76,308.46875,10.089111,8.148193,54.888916,76.41449,2.8466797,118.93,118.81,117.11,117.26,0
60901.473,-0.15941334,3.013705,1.3393779,1.6007146,101.27453,24.812016,13.47382,21.917307,366.53992,280.60077,50.081,1.84,5.081,33.921,49.24,0.0,94.032135,2.0,0.0,299.625,195.75,5456.0,0.0,-2.3046875,1.442749,543.39996,20019.076,20000.502,1100.0834,571.00323,117.52506,110.382416,0.0,-4.0030994,3.0,79.71649,40.440968,-0.37499952,-2.2499971,6.888,0.0,11.3046875,1.0292358,0.0,0.0,0.0,0.0,0.0,0.7919922,0.7998047,79.37775,0.78125006,252.34814,299.91077,0.0,111.74581,99.90234,0.0,252.97308,260.30298,525.0,538.125,-4.7843494,346.21875,0.0,398.28125,79.82713,76.99999,202.84424,0.0,118.91,308.78125,10.211182,9.310913,54.821777,77.64435,2.854004,119.25,119.46,117.07,117.45,0
60901.51,-0.12753068,2.986732,1.3383241,1.600757,101.27462,24.812016,13.457065,21.971268,365.09143,280.72134,50.081,1.868,5.081,33.921,49.24,0.0,94.0227,2.0,0.0,298.125,195.75,5480.0,0.0,-2.25,1.442749,543.39996,20236.121,20000.502,1100.0834,572.5953,115.002884,110.17047,0.0,-4.1399794,3.0,78.419495,40.381832,-0.37499952,-2.2499971,6.9,0.0,11.3515625,1.0311279,0.0,0.0,0.0,0.0,0.0,0.7919922,0.7998047,79.37775,0.78125006,252.72018,300.73383,0.0,111.77123,99.90234,0.0,253.3545,259.74744,525.0,538.125,-4.9212294,347.625,0.0,396.59375,79.82713,76.99999,203.40576,0.0,119.43,309.34375,10.391235,9.735107,54.70581,78.12042,2.8564453,119.8,119.67,117.94,117.74,0
60901.55,-0.10202455,2.938443,1.3396175,1.6011809,101.274704,24.812016,13.451195,22.067785,361.5952,279.75812,50.081,1.908,5.081,33.921,49.24,0.0,94.01515,2.0,0.0,299.625,195.75,5514.0,0.0,-2.25,1.442749,543.39996,20314.66,20000.502,1100.0834,572.5953,111.52694,109.15312,0.0,-4.2494836,3.0,76.67236,40.32861,-0.37499952,-2.2499971,6.84,0.0,11.3828125,1.0436401,0.0,0.0,0.0,0.0,0.0,0.7939453,0.7998047,79.496765,0.78125006,253.38554,301.40463,0.0,111.79411,99.90234,0.0,254.54024,258.8768,525.375,538.5,-5.0307336,345.0,0.0,394.6875,79.82713,76.99999,204.31519,0.0,119.89,313.09375,10.424805,4.8828125,53.912354,72.47162,2.8515625,119.95,120.11,118.08,118.51,0
60901.6,-0.08161964,2.9191275,1.334381,1.6012657,101.27478,24.812016,13.447086,21.98206,361.89282,280.0899,50.081,1.951,5.081,33.921,49.24,0.0,93.858734,2.0,0.0,302.25,195.75,5516.0,0.0,-2.5546875,1.4425049,543.2922,20019.076,20000.502,1100.0834,574.4526,112.671455,108.814,0.0,-4.337087,3.0,77.22473,40.28071,-0.37499952,-2.2499971,6.736,0.0,11.3984375,1.0357056,0.0,0.0,0.0,0.0,0.0,0.7910156,0.7998047,79.496765,0.78125006,252.79472,301.8935,0.0,111.814705,99.90234,0.0,253.90175,258.4954,525.375,538.5,-5.118337,343.25,0.0,393.59375,79.82713,76.99999,203.479,0.0,120.46,310.71875,10.519409,5.029297,54.41284,73.213196,2.8564453,120.43,120.68,118.55,118.86,0
60901.64,-0.06529572,2.9489012,1.3301005,1.6016896,101.27485,24.812016,13.44421,21.964033,365.4856,283.6911,50.081,1.998,5.081,33.921,49.24,0.0,93.733604,2.0,0.0,298.875,195.75,5532.0,0.0,-2.671875,1.442749,543.39996,19971.846,20000.502,1100.0834,574.4526,112.56548,108.34772,0.0,-4.40717,3.0,77.17285,40.2376,-0.37499952,-2.2499971,6.832,0.0,11.3984375,1.0293579,0.0,0.0,0.0,0.0,0.0,0.79589844,0.7998047,79.61578,0.78125006,252.67055,302.41968,0.0,111.83324,99.90234,0.0,253.9598,258.21347,525.375,538.875,-5.18842,343.65625,0.0,392.78125,79.82713,76.99999,203.96118,0.0,120.68,308.8125,10.6414795,6.3049316,54.815674,75.03815,2.8466797,121.0,120.81,118.81,119.06,0
60901.67,-0.072236575,2.9420605,1.3287538,1.6024101,101.27491,24.812016,13.448056,21.968279,364.03906,283.2834,50.081,2.04,5.081,33.921,49.24,0.0,93.6335,2.0,0.0,299.625,196.125,5546.0,0.0,-2.7734375,1.442749,543.3834,19706.51,20000.502,1100.0834,574.4526,115.02408,108.11458,0.0,-4.463236,3.0,78.27606,40.1988,0.0,-1.8749976,6.796,0.0,11.3828125,1.026123,0.0,0.0,0.0,0.0,0.0,0.7949219,0.7998047,79.61578,0.78125006,252.69987,303.29785,0.0,111.849915,99.90234,0.0,254.08418,257.95642,525.75,538.875,-5.244486,343.03125,0.0,392.09375,79.82713,76.99999,203.92456,0.0,120.94,307.84375,10.754395,1.3244629,55.01709,70.3598,2.854004,121.0,121.26,119.4,119.6,0
60901.71,-0.057789262,2.9205742,1.3183962,1.5839708,101.27496,24.812016,13.456608,21.779745,362.21948,282.6806,50.081,2.069,5.081,33.921,49.24,0.0,93.70379,2.0,0.0,295.5,196.125,5562.0,0.0,-2.921875,1.4424438,543.27563,19699.611,20000.502,1100.0834,575.7793,118.351654,108.64445,0.0,-4.5080886,3.0,79.87976,40.16388,0.0,-1.8749976,6.908,0.0,11.015625,1.0341797,0.0,0.0,0.0,0.0,0.0,0.7949219,0.7998047,79.61578,0.78125006,251.40038,300.69754,0.0,111.86492,99.90234,0.0,252.55019,257.59158,525.75,538.875,-5.2893386,342.6875,0.0,390.59375,79.82713,76.99999,202.89307,0.0,121.19,310.25,10.870361,5.0109863,54.510498,73.63129,2.8417969,121.45,121.58,119.46,119.71,0
60901.754,-0.066231415,2.8932297,1.3201848,1.579096,101.27501,24.812016,13.462594,21.875051,360.7676,282.155,50.081,2.108,5.081,33.921,49.24,0.0,93.760025,2.0,0.0,298.5,196.125,5574.0,0.0,-2.8359375,1.4421387,543.16785,19650.79,20000.502,1100.0834,575.7793,119.19945,107.83904,0.0,-4.543971,3.0,80.21698,40.132454,0.0,-1.8749976,6.792,0.0,11.046875,1.0319824,0.0,0.0,0.0,0.0,0.0,0.796875,0.7998047,79.70581,0.78125006,252.05736,300.19095,0.0,111.87843,99.90234,0.0,253.38766,257.25162,525.75,538.875,-5.325221,340.84375,0.0,389.5,79.82713,76.99999,203.656,0.0,121.6,309.59375,10.995483,3.137207,54.65088,72.047424,2.8320312,121.95,121.73,120.05,120.2,0
60901.793,-0.07298513,2.8822918,1.3126408,1.5731614,101.275055,24.812016,13.460925,21.797085,361.0643,283.6029,50.081,2.149,5.081,33.921,49.24,0.0,93.65463,2.0,0.0,298.875,196.125,5598.0,0.0,-2.828125,1.4401855,542.4382,20074.797,20000.502,1100.0834,577.10596,115.40558,107.30917,0.0,-4.572677,3.0,78.38898,40.10417,0.0,-1.8749976,6.776,0.0,10.1640625,1.0286255,0.0,0.0,0.0,0.0,0.0,0.7998047,0.7998047,79.70581,0.78125006,251.51999,300.30838,0.0,111.890594,99.90234,0.0,252.87358,256.7707,526.125,538.875,-5.353927,340.03125,0.0,387.59375,79.82713,76.99999,203.2898,0.0,121.88,308.59375,11.099243,1.4892578,54.864502,70.69855,2.8271484,122.17,122.22,120.71,120.83,0
60901.836,-0.0783881,2.8779168,1.3067514,1.5647682,101.27509,24.812016,13.483194,21.781832,361.22778,284.94775,50.081,2.189,5.081,33.921,49.24,0.0,93.57032,2.0,0.0,299.625,196.125,5622.0,0.0,-2.703125,1.4389648,541.9738,19979.275,20000.502,1100.0834,577.10596,115.29961,106.33421,0.0,-4.5956416,3.0,78.256226,40.078716,0.0,-1.8749976,6.724,0.0,9.9765625,1.0283203,0.0,0.0,0.0,0.0,0.0,0.79785156,0.7998047,79.80347,0.78125006,251.41489,299.90482,0.0,111.901535,99.90234,0.0,252.79895,256.0825,526.125,538.875,-5.3768916,336.5625,0.0,386.0,79.82713,76.99999,202.9419,0.0,122.62,308.5,11.239624,2.0935059,54.882812,71.46149,2.800293,122.72,122.81,121.17,121.36,0
60901.88,-0.08271049,2.8761668,1.2933394,1.5417085,101.27513,24.812016,13.481205,21.510462,361.16702,285.91333,50.081,2.24,5.081,33.921,49.24,0.0,93.50287,2.0,0.0,302.25,196.5,5642.0,0.0,-2.640625,1.437561,541.4514,20133.17,20000.502,1100.0834,577.10596,113.81597,106.3978,0.0,-4.614013,3.0,77.45819,40.055805,0.37499952,-1.4999981,6.624,0.0,9.875,1.02771,0.0,0.0,0.0,0.0,0.0,0.7988281,0.7998047,79.80347,0.78125006,249.5444,296.49316,0.0,111.911385,99.90234,0.0,250.13731,255.58498,526.5,538.875,-5.395263,338.875,0.0,384.1875,79.82713,76.99999,201.51978,0.0,122.94,308.3125,11.361694,5.92041,54.919434,75.42877,2.8027344,123.09,123.23,121.26,121.31,0
60901.91,-0.08616839,2.8754668,1.2927008,1.5373422,101.27516,24.812016,13.468093,21.469788,361.50668,286.89233,50.081,2.276,5.081,33.921,49.24,0.0,93.44891,2.0,0.0,301.5,196.5,5656.0,0.0,-2.859375,1.4377441,541.50116,20304.047,20000.502,1100.0834,578.9633,111.738884,106.90647,0.0,-4.6287107,3.0,76.457214,40.035187,0.37499952,-1.4999981,6.628,0.0,9.8046875,1.0296631,0.0,0.0,0.0,0.0,0.0,0.8017578,0.7998047,79.80347,0.78125006,249.26407,295.4834,0.0,111.92025,99.90234,0.0,249.97977,255.12892,526.5,538.875,-5.4099607,336.78125,0.0,382.78125,79.82713,76.99999,201.59912,0.0,123.2,308.90625,11.468506,5.7006836,54.797363,75.224304,2.8027344,123.41,123.32,121.89,122.08,0
60901.953,-0.06893472,2.875187,1.2888513,1.5333999,101.27519,24.812016,13.482352,21.517992,361.5405,287.93375,50.081,2.308,5.081,33.921,49.24,0.0,93.40575,2.0,0.0,305.25,196.5,5676.0,0.0,-2.828125,1.43396,540.09155,20143.254,20000.502,1100.0834,578.9633,108.87759,104.95655,0.0,-4.6404686,3.0,75.00763,40.01663,0.37499952,-1.4999981,6.508,0.0,9.6875,1.027771,0.0,0.0,0.0,0.0,0.0,0.80078125,0.7998047,79.94385,0.78125006,249.59637,296.03723,0.0,111.92823,99.90234,0.0,250.80894,254.72263,526.875,538.875,-5.4217186,333.71875,0.0,381.28125,79.82713,76.99999,201.11084,0.0,123.62,308.34375,11.602783,5.0842285,54.91333,74.827576,2.7954102,123.79,123.98,122.12,122.3,0
60901.992,-0.07514778,2.8750749,1.2851157,1.5285676,101.275215,24.812016,13.468897,21.519709,361.6299,288.61386,50.081,2.35,5.081,33.921,49.24,0.0,93.371216,2.0,0.0,302.625,196.5,5688.0,0.0,-2.6875,1.4318848,539.3039,19903.92,20000.502,1100.0834,580.55536,110.382416,104.3631,0.0,-4.649875,3.0,75.73242,39.999928,0.37499952,-1.4999981,6.576,0.0,9.1640625,1.0239258,0.0,0.0,0.0,0.0,0.0,0.80078125,0.7998047,79.94385,0.78125006,249.60822,295.9721,0.0,111.93541,99.90234,0.0,250.86697,254.3495,526.875,538.875,-5.431125,334.5625,0.0,380.5,79.82713,76.99999,201.5503,0.0,124.01,307.1875,11.709595,1.7791748,55.15747,71.84906,2.7978516,124.31,124.31,122.36,122.39,0
60902.035,-0.080118224,2.85628,1.2757128,1.520556,101.27524,24.812016,13.477056,21.402607,360.09848,288.85687,50.081,2.389,5.081,33.921,49.24,0.0,93.34359,2.0,0.0,303.375,196.875,5717.0,0.0,-2.625,1.4315186,539.1546,20279.105,20000.502,1100.0834,580.55536,106.67333,104.97775,0.0,-4.6574,3.0,73.86322,39.984898,0.74999905,-1.1249986,6.528,0.0,9.078125,1.0181885,0.0,0.0,0.0,0.0,0.0,0.80371094,0.7998047,80.05676,0.78125006,248.80107,295.70752,0.0,111.94187,99.90234,0.0,250.17046,253.62813,527.25,538.5,-5.43865,333.3125,0.0,378.1875,79.82713,76.99999,201.08032,0.0,124.58,305.46875,11.831665,2.2247314,55.52368,72.80731,2.7954102,124.91,124.72,122.99,122.99,0
60902.07,-0.06409458,2.848762,1.2666093,1.4985132,101.27526,24.812016,13.476908,21.18297,360.2376,289.67612,50.081,2.44,5.081,33.921,49.24,0.0,93.32149,2.0,0.0,304.125,196.875,5731.0,0.0,-2.625,1.4324951,539.5278,19934.168,20000.502,1100.0834,580.55536,109.17432,104.51147,0.0,-4.66342,3.0,74.99695,39.97137,0.74999905,-1.1249986,6.488,0.0,8.9296875,1.0059204,0.0,0.0,0.0,0.0,0.0,0.8046875,0.7998047,80.05676,0.78125006,247.28717,291.76154,0.0,111.947685,99.90234,0.0,247.88194,253.27986,527.25,538.5,-5.44467,332.5625,0.0,376.875,79.82713,76.99999,200.10986,0.0,124.86,301.78125,11.959839,5.7373047,56.29883,77.241516,2.800293,125.02,125.16,123.32,123.46,0
60902.113,-0.051275667,2.827005,1.2622895,1.4927483,101.27528,24.812016,13.465085,21.162344,358.36395,289.12485,50.081,2.468,5.081,33.921,49.24,0.0,93.3038,2.0,0.0,303.375,196.875,5750.0,0.0,-2.609375,1.4310303,538.9888,19992.543,20000.502,1100.0834,582.41266,108.050995,103.9392,0.0,-4.6682363,3.0,74.45679,39.959194,0.74999905,-1.1249986,6.492,0.0,8.796875,1.0037231,0.0,0.0,0.0,0.0,0.0,0.8046875,0.7998047,80.05676,0.78125006,247.14502,291.5018,0.0,111.95292,99.90234,0.0,247.77414,252.79895,527.25,538.5,-5.4494863,331.0,0.0,375.875,79.82713,76.99999,200.05493,0.0,125.13,301.125,12.142944,5.3375244,56.43921,77.18353,2.8173828,125.39,125.53,123.37,123.46,0
60902.152,-0.0010205358,2.8183022,1.2610408,1.50555,101.2753,24.812016,13.468528,21.170362,358.70053,290.05066,50.081,2.508,5.081,33.921,49.24,0.0,93.28966,2.0,0.0,303.375,196.875,5763.0,0.0,-2.578125,1.4289551,538.20935,20040.303,20000.502,1100.0834,582.41266,106.75811,103.091415,0.0,-4.672089,3.0,73.75183,39.948235,0.74999905,-1.1249986,6.484,0.0,8.7265625,1.0075073,0.0,0.0,0.0,0.0,0.0,0.8046875,0.7998047,80.200195,0.78125006,247.2003,294.45694,0.0,111.95763,99.90234,0.0,247.84048,252.27657,527.625,538.5,-5.453339,327.78125,0.0,374.1875,79.82713,76.99999,200.23804,0.0,125.56,302.25,12.298584,4.8675537,56.19507,76.59454,2.8222656,126.02,125.69,123.98,123.98,0
60902.195,0.07918357,2.833571,1.2605915,1.4973688,101.275314,24.812016,13.45336,21.236908,360.6492,292.99268,50.081,2.55,5.081,33.921,49.24,0.0,93.27834,2.0,0.0,303.375,196.875,5790.0,0.0,-2.390625,1.4258423,537.0236,20020.137,20000.502,1100.0834,584.27,106.48258,102.62513,0.0,-4.5189214,3.0,73.61908,39.938374,0.74999905,-1.1249986,6.452,0.0,8.203125,1.0161133,0.0,0.0,0.0,0.0,0.0,0.8046875,0.7998047,80.200195,0.78125006,247.65901,293.53787,0.0,111.96187,99.90234,0.0,248.81062,251.3313,527.625,538.5,-5.3001714,325.46875,0.0,372.28125,79.82713,76.99999,200.5188,0.0,126.21,304.84375,12.423706,0.7659912,55.651855,72.03827,2.8295898,126.51,126.17,124.49,124.45,0
60902.24,0.14334685,2.8396785,1.2515678,1.4927908,101.27533,24.812016,13.46032,21.090765,360.8083,293.6788,50.081,2.599,5.081,33.921,49.24,0.0,93.26929,2.0,0.0,305.625,197.25,5801.0,0.0,-2.5078125,1.423523,536.153,20253.104,20000.502,1100.0834,584.27,103.769646,102.51916,0.0,-4.396387,3.0,72.229004,39.929497,1.1249986,-0.74999905,6.368,0.0,8.0,1.0011597,0.0,0.0,0.0,0.0,0.0,0.8046875,0.7998047,80.34363,0.78125006,246.65167,293.59384,0.0,111.96568,99.90234,0.0,248.16388,250.74258,527.625,538.5,-5.177637,327.5625,0.0,371.1875,79.82713,76.99999,200.03052,0.0,126.59,300.34375,12.527466,1.3641357,56.5979,73.68622,2.8320312,126.56,126.81,124.78,125.12,0
60902.273,0.19467747,2.8421216,1.250396,1.4919007,101.275345,24.812016,13.471052,21.057701,360.99487,293.88132,50.081,2.64,5.081,33.921,49.24,0.0,93.26205,2.0,0.0,304.125,197.25,5802.0,0.0,-2.4765625,1.4225464,535.78815,20074.797,20000.502,1100.0834,584.27,105.21089,103.21858,0.0,-4.29836,3.0,72.924805,39.92151,1.1249986,-0.74999905,6.42,0.0,7.921875,1.0029907,0.0,0.0,0.0,0.0,0.0,0.8046875,0.7998047,80.34363,0.78125006,246.42378,293.47073,0.0,111.96912,99.90234,0.0,247.84048,250.52701,528.0,538.5,-5.07961,327.75,0.0,370.6875,79.82713,76.99999,199.92065,0.0,126.73,300.90625,12.597656,1.6784668,56.481934,73.95477,2.8320312,126.95,126.95,125.12,125.06,0
60902.312,0.23574197,2.824349,1.2369698,1.4861356,101.27535,24.812016,13.455127,20.826023,359.36096,293.9126,50.081,2.67,5.081,33.921,49.24,0.0,93.256256,2.0,0.0,305.625,197.25,5829.0,0.0,-2.3828125,1.4210205,535.20776,20162.889,20000.502,1100.0834,585.06604,103.812035,102.7523,0.0,-4.219938,3.0,72.17865,39.914318,1.1249986,-0.74999905,6.364,0.0,7.71875,1.010498,0.0,0.0,0.0,0.0,0.0,0.80566406,0.7998047,80.34363,0.78125006,244.82686,293.02777,0.0,111.972206,99.90234,0.0,246.16554,249.88025,528.0,538.5,-5.001188,327.28125,0.0,369.1875,79.82713,76.99999,198.84644,0.0,127.09,303.15625,12.701416,5.0109863,56.00586,76.927185,2.8271484,127.45,127.15,125.53,125.73,0
60902.355,0.24859358,2.7797399,1.2291753,1.4442123,101.27536,24.812016,13.461557,20.759628,355.9032,292.28305,50.081,2.708,5.081,33.921,49.24,0.0,93.25162,2.0,0.0,303.75,197.25,5853.0,0.0,-2.3828125,1.4172974,533.79816,20128.926,20000.502,1100.0834,585.06604,102.85827,101.60778,0.0,-4.1572003,3.0,71.71936,39.90785,1.1249986,-0.74999905,6.384,0.0,7.4140625,1.0006104,0.0,0.0,0.0,0.0,0.0,0.8027344,0.7998047,80.407715,0.78125006,244.36922,286.6498,0.0,111.97499,99.90234,0.0,245.65976,248.88524,528.375,538.5,-4.9384503,325.28125,0.0,367.59375,79.82713,76.99999,198.45581,0.0,127.56,300.1875,12.860107,5.0842285,56.63452,77.75726,2.8466797,127.74,127.55,125.97,126.26,0
60902.39,0.27887487,2.743146,1.2321002,1.4417113,101.27537,24.812016,13.460199,20.8286,354.03146,291.1433,50.081,2.756,5.081,33.921,49.24,0.0,93.24791,2.0,0.0,304.5,197.25,5861.0,0.0,-2.5546875,1.4169922,533.69037,20088.594,20000.502,1100.0834,586.9234,103.578896,102.20123,0.0,-4.1070104,3.0,71.98486,39.902023,1.1249986,-0.74999905,6.364,0.0,7.203125,1.0022583,0.0,0.0,0.0,0.0,0.0,0.80371094,0.7998047,80.407715,0.78125006,244.84464,286.15417,0.0,111.97749,99.90234,0.0,246.30652,248.64478,528.375,538.5,-4.8882604,324.65625,0.0,366.6875,79.82713,76.99999,199.02954,0.0,127.68,300.6875,12.945557,4.421997,56.53076,77.02789,2.8564453,128.0,128.18,125.97,126.22,0
60902.438,0.2830999,2.7472587,1.2256349,1.4358191,101.275375,24.812016,13.459249,20.759144,356.11124,293.803,50.081,2.788,5.081,33.921,49.24,0.0,93.24494,2.0,0.0,303.0,197.25,5880.0,0.0,-2.7265625,1.4155884,533.15967,20137.947,20000.502,1100.0834,586.9234,102.90066,101.48061,0.0,-4.0668583,3.0,71.658325,39.896782,1.1249986,-0.74999905,6.388,0.0,7.125,0.99853516,0.0,0.0,0.0,0.0,0.0,0.80371094,0.7998047,80.5603,0.78125006,244.36589,285.89172,0.0,111.979744,99.90234,0.0,244.93008,248.0229,528.375,538.875,-4.8481083,323.1875,0.0,365.28125,79.82713,76.99999,198.48022,0.0,128.31,299.5625,13.082886,4.724121,56.7688,77.7359,2.866211,128.35,128.54,126.51,126.65,0
60902.473,0.28647992,2.7301536,1.2270489,1.4328519,101.27538,24.812016,13.464442,20.787514,354.53928,292.9538,50.081,2.84,5.081,33.921,49.24,0.0,93.24257,2.0,0.0,304.875,197.25,5889.0,0.0,-2.796875,1.4155884,533.15967,19747.373,20000.502,1100.0834,586.9234,107.01245,101.75614,0.0,-4.0347366,3.0,73.558044,39.892067,1.1249986,-0.74999905,6.324,0.0,7.2265625,1.000061,0.0,0.0,0.0,0.0,0.0,0.8046875,0.7998047,80.5603,0.78125006,244.56146,285.21918,0.0,111.98177,99.90234,0.0,246.04947,247.6249,528.375,538.875,-4.8159866,323.46875,0.0,364.375,79.82713,76.99999,199.08447,0.0,128.48,300.03125,13.168335,3.90625,56.671143,76.88751,2.8735352,128.75,128.5,126.95,127.24,0
60902.51,0.28918394,2.7045615,1.2251737,1.4103006,101.27539,24.812016,13.4505005,20.762411,352.65222,292.3842,50.081,2.869,5.081,33.921,49.24,0.0,93.24067,2.0,0.0,302.25,197.625,5909.0,0.0,-2.8515625,1.4162598,533.41675,19930.984,20000.502,1100.0834,587.98474,105.82554,101.24747,0.0,-4.0090394,3.0,72.98584,39.88782,1.4999981,-0.37499952,6.384,0.0,7.2890625,0.9973755,0.0,0.0,0.0,0.0,0.0,0.8046875,0.7998047,80.5603,0.78125006,244.38843,280.9974,0.0,111.9836,99.90234,0.0,245.14568,246.95326,528.75,538.875,-4.7902894,327.09375,0.0,363.0,79.82713,76.99999,199.06616,0.0,128.81,299.21875,13.250732,3.5003662,56.84204,76.753235,2.878418,128.9,129.2,127.05,127.34,0
60902.55,0.29134715,2.6943247,1.2198138,1.4057227,101.2754,24.812016,13.452459,20.716812,352.89594,293.42798,50.081,2.908,5.081,33.921,49.24,0.0,93.23915,2.0,0.0,302.625,197.625,5926.0,0.0,-2.84375,1.4137573,532.47974,20136.355,20000.502,1100.0834,587.98474,103.11261,101.39583,0.0,-3.9884815,3.0,71.606445,39.884,1.4999981,-0.37499952,6.356,0.0,7.265625,0.99645996,0.0,0.0,0.0,0.0,0.0,0.80371094,0.7998047,80.65643,0.78125006,244.07414,280.4791,0.0,111.98524,99.90234,0.0,245.53537,246.31479,528.75,538.875,-4.7697315,324.71875,0.0,361.6875,79.82713,76.99999,198.9563,0.0,129.15,298.9375,13.308716,1.8920898,56.896973,75.24567,2.8857422,129.35,129.51,127.55,127.74,0
60902.594,0.2930777,2.6714802,1.2166172,1.4003814,101.275406,24.812016,13.447971,20.731007,351.27426,292.8189,50.081,2.951,5.081,33.921,49.24,0.0,93.38831,2.0,0.0,306.375,197.625,5941.0,0.0,-2.8203125,1.4116821,531.692,20230.814,20000.502,1100.0834,589.5768,100.75999,100.78118,0.0,-3.972035,3.0,70.47272,39.88056,1.4999981,-0.37499952,6.24,0.0,6.734375,0.99487305,0.0,0.0,0.0,0.0,0.0,0.8017578,0.7998047,80.65643,0.78125006,244.17198,280.33688,0.0,111.98672,99.90234,0.0,244.88863,245.72607,529.125,538.875,-4.753285,324.5,0.0,360.28125,79.82713,76.99999,199.49951,0.0,129.6,298.46875,13.33313,-0.08544922,56.99463,73.34747,2.8857422,129.96,129.62,128.0,128.18,0
60902.637,0.27446216,2.662342,1.2160467,1.3955066,101.27541,24.812016,13.456549,20.758125,351.59586,293.82697,50.081,2.989,5.081,33.921,49.24,0.0,93.507645,2.0,0.0,306.0,197.625,5956.0,0.0,-2.8671875,1.4103394,531.1945,20005.809,20000.502,1100.0834,589.5768,101.819725,100.88715,0.0,-3.958878,3.0,70.90149,39.87747,1.4999981,-0.37499952,6.248,0.0,6.7109375,0.9929199,0.0,0.0,0.0,0.0,0.0,0.80371094,0.7998047,80.78461,0.78125006,244.35892,280.21402,0.0,111.988045,99.90234,0.0,245.79243,245.18712,529.125,538.875,-4.740128,322.78125,0.0,359.375,79.82713,76.99999,199.17603,0.0,130.11,297.875,13.314819,-1.0437012,57.122803,72.46857,2.890625,130.38,129.92,128.59,128.75,0
60902.68,0.23956972,2.639937,1.2158563,1.3892757,101.27542,24.812016,13.456694,20.791466,349.77075,293.23422,50.081,3.036,5.081,33.921,49.24,0.0,93.6031,2.0,0.0,303.0,197.625,5975.0,0.0,-2.875,1.4085693,530.5146,20094.432,20000.502,1100.0834,589.5768,100.92954,100.78118,0.0,-3.9483523,3.0,70.47272,39.874683,1.8749976,-0.37499952,6.312,0.0,6.828125,0.9934082,0.0,0.0,0.0,0.0,0.0,0.80566406,0.7998047,80.78461,0.78125006,244.58873,279.3571,0.0,111.98924,99.90234,0.0,245.9168,244.45744,529.125,538.875,-4.7296023,322.5,0.0,358.09375,79.82713,76.99999,199.28589,0.0,130.43,298.03125,13.302612,-1.3153076,57.092285,72.17255,2.8857422,130.49,130.59,128.8,128.95,0
60902.715,0.19165578,2.612225,1.2141098,1.3687166,101.27542,24.812016,13.456795,20.787039,347.9942,292.4284,50.081,3.076,5.081,33.921,49.24,0.0,93.679474,2.0,0.0,303.0,198.0,5989.0,0.0,-2.8046875,1.4069214,529.9093,19979.275,20000.502,1100.0834,591.16876,102.28601,100.75999,0.0,-3.7836819,3.0,71.0556,39.872177,1.8749976,0.0,6.296,0.0,6.9296875,0.9951172,0.0,0.0,0.0,0.0,0.0,0.8046875,0.7998047,80.78461,0.78125006,244.55821,275.56482,0.0,111.99032,99.90234,0.0,245.9168,243.91019,529.5,538.875,-4.564932,324.90625,0.0,356.1875,79.82713,76.99999,199.3164,0.0,130.68,298.53125,13.250732,-3.4545898,56.98242,69.8349,2.8759766,130.85,131.12,129.05,129.16,0
60902.76,0.17332463,2.60114,1.2133698,1.362994,101.27542,24.812016,13.468584,20.750685,348.32602,293.48923,50.081,3.115,5.081,33.921,49.24,0.0,93.74057,2.0,0.0,305.25,198.0,6005.0,0.0,-2.8515625,1.4061279,529.59424,20273.268,20000.502,1100.0834,591.16876,98.74648,100.54804,0.0,-3.6519456,3.0,69.34967,39.869923,1.8749976,0.0,6.224,0.0,6.875,0.99957275,0.0,0.0,0.0,0.0,0.0,0.8046875,0.7998047,80.895996,0.78125006,244.30763,274.34622,0.0,111.99129,99.90234,0.0,245.65976,243.41269,529.5,538.875,-4.4331956,324.3125,0.0,355.5,79.82713,76.99999,199.35303,0.0,131.0,299.875,13.17749,-4.031372,56.70166,68.89801,2.8466797,131.27,131.27,129.66,129.71,0
60902.8,0.1586597,2.5779562,1.204605,1.3501499,101.27542,24.812016,13.465118,20.58345,346.5179,293.08405,50.081,3.159,5.081,33.921,49.24,0.0,93.789444,2.0,0.0,305.25,198.0,6028.0,0.0,-2.875,1.4041138,528.84796,19877.387,20000.502,1100.0834,592.7608,101.289856,99.95458,0.0,-3.5465565,3.0,70.49255,39.867893,1.8749976,0.0,6.2,0.0,6.75,0.99261475,0.0,0.0,0.0,0.0,0.0,0.80566406,0.7998047,80.895996,0.78125006,243.1549,272.5091,0.0,111.99216,99.90234,0.0,244.56523,242.39279,529.5,538.875,-4.3278065,322.71875,0.0,352.6875,79.82713,76.99999,198.7915,0.0,131.63,297.78125,13.101196,-4.196167,57.141113,69.10858,2.8027344,131.74,131.38,129.96,130.08,0
60902.84,0.14692776,2.5686827,1.195166,1.343749,101.27542,24.812016,13.468552,20.317955,346.47293,293.7266,50.081,3.2,5.081,33.921,49.24,0.0,93.828545,2.0,0.0,302.25,198.0,6042.0,0.0,-2.8828125,1.4039307,528.7651,20033.404,20000.502,1100.0834,592.7608,98.51334,98.364975,0.0,-3.462245,3.0,69.15588,39.866066,1.8749976,0.0,6.268,0.0,6.6484375,0.99572754,0.0,0.0,0.0,0.0,0.0,0.8095703,0.7998047,81.02417,0.78125006,241.32487,271.22473,0.0,111.99294,99.90234,0.0,242.69962,242.06113,529.5,538.875,-4.243495,323.4375,0.0,351.1875,79.82713,76.99999,197.99194,0.0,131.87,298.71875,13.064575,-2.178955,56.9458,70.869446,2.7514648,131.9,132.01,130.02,130.44,0
60902.87,0.11754221,2.564973,1.1910232,1.3239955,101.27542,24.812016,13.476814,20.206982,346.70258,294.4564,50.081,3.24,5.081,33.921,49.24,0.0,93.859825,2.0,0.0,302.625,198.0,6053.0,0.0,-2.84375,1.4036255,528.6572,19945.312,20000.502,1100.0834,592.7608,100.67521,99.78503,0.0,-3.394796,3.0,69.80896,39.86442,1.8749976,0.0,6.248,0.0,6.453125,0.9941406,0.0,0.0,0.0,0.0,0.0,0.8105469,0.7998047,81.02417,0.78125006,240.55995,267.24728,0.0,111.99365,99.90234,0.0,241.9948,241.76262,529.5,538.875,-4.176046,322.4375,0.0,349.875,79.82713,76.99999,197.72339,0.0,132.0,298.25,13.05542,-1.4587402,57.043457,71.684265,2.7368164,132.26,132.37,130.44,130.59,0
60902.91,0.11403377,2.5634894,1.1863204,1.2998335,101.27542,24.812016,13.47088,20.152111,346.86942,295.5715,50.081,3.269,5.081,33.921,49.24,0.0,93.88485,2.0,0.0,302.25,198.75,6073.0,0.0,-2.765625,1.4008179,527.5959,19897.553,20000.502,1100.0834,594.08746,100.52685,98.51334,0.0,-3.3408365,3.0,69.73724,39.86294,2.2499971,0.74999905,6.228,0.0,6.3203125,0.9904785,0.0,0.0,0.0,0.0,0.0,0.8095703,0.7998047,81.02417,0.78125006,240.18173,263.0409,0.0,111.994286,99.90234,0.0,241.61337,240.89198,529.5,538.875,-4.1220865,325.96875,0.0,347.0,79.82713,76.99999,197.10693,0.0,132.51,297.15625,13.049316,-0.42114258,57.27539,72.90497,2.734375,132.81,132.38,130.85,131.12,0
60902.953,0.09122702,2.5628958,1.1799905,1.2767736,101.27542,24.812016,13.466725,19.984407,346.94296,296.55908,50.081,3.308,5.081,33.921,49.24,0.0,93.90487,2.0,0.0,302.25,198.75,6092.0,0.0,-2.6875,1.3988647,526.858,20053.57,20000.502,1100.0834,594.08746,99.70025,99.000824,0.0,-3.1414192,3.0,68.951416,39.86161,2.2499971,0.74999905,6.212,0.0,6.1875,0.99487305,0.0,0.0,0.0,0.0,0.0,0.80859375,0.7998047,81.12793,0.78125006,239.02577,258.58173,0.0,111.99486,99.90234,0.0,240.51888,240.21207,529.5,538.875,-3.9226692,323.28125,0.0,345.28125,79.82713,76.99999,196.31958,0.0,132.73,298.46875,13.058472,-0.061035156,57.01294,73.00568,2.734375,132.92,133.03,131.12,131.27,0
60902.992,0.07298162,2.5626583,1.176669,1.2736367,101.27542,24.812016,13.457957,19.810452,347.15652,297.0826,50.081,3.349,5.081,33.921,49.24,0.0,93.92088,2.0,0.0,304.5,198.75,6099.0,0.0,-2.65625,1.3998413,527.2311,20239.305,20000.502,1100.0834,595.1488,97.36882,98.81007,0.0,-2.9818854,3.0,67.82684,39.860413,2.2499971,0.74999905,6.14,0.0,5.65625,0.9963379,0.0,0.0,0.0,0.0,0.0,0.80566406,0.7998047,81.12793,0.78125006,237.8267,257.40927,0.0,112.095375,99.90234,0.0,238.83565,239.84723,529.5,538.875,-3.7631354,323.25,0.0,343.6875,79.82713,76.99999,195.69702,0.0,133.1,298.90625,13.079834,0.49743652,56.903076,73.47565,2.7441406,133.25,133.68,131.48,131.48,0
60903.035,0.058385294,2.5625634,1.1681415,1.2611742,101.27542,24.812016,13.45768,19.737028,347.27167,298.3993,50.081,3.389,5.081,33.921,49.24,0.0,93.9337,2.0,0.0,304.875,198.75,6124.0,0.0,-2.9765625,1.3967896,526.0785,19911.88,20000.502,1100.0834,595.1488,97.156876,96.902534,0.0,-2.8542583,3.0,67.337036,39.859333,2.2499971,0.74999905,6.108,0.0,5.625,0.98864746,0.0,0.0,0.0,0.0,0.0,0.80371094,0.7998047,81.22406,0.78125006,237.3206,256.07028,0.0,112.18584,99.90234,0.0,238.00647,239.04292,529.5,539.25,-3.6355083,319.375,0.0,341.78125,79.82713,76.99999,195.61768,0.0,133.54,296.59375,13.113403,1.461792,57.440186,74.998474,2.7539062,133.66,133.95,131.96,131.86,0
60903.07,0.046708237,2.5625253,1.1640415,1.2432858,101.27542,24.812016,13.463345,19.681257,347.46826,299.1045,50.081,3.44,5.081,33.921,49.24,0.0,93.943954,2.0,0.0,304.125,198.75,6135.0,0.0,-2.8984375,1.3917847,524.188,19684.752,20000.502,1100.0834,595.1488,101.98929,97.8563,0.0,-2.7521567,3.0,69.66553,39.85836,2.2499971,0.74999905,6.116,0.0,4.9296875,0.9929199,0.0,0.0,0.0,0.0,0.0,0.8046875,0.7998047,81.22406,0.78125006,236.93619,253.0118,0.0,112.26725,99.90234,0.0,238.3962,238.54543,529.5,538.875,-3.5334067,320.9375,0.0,339.375,79.82713,76.99999,195.10498,0.0,133.84,297.875,13.134766,0.7293701,57.23877,74.07379,2.758789,134.19,133.8,132.23,132.44,0
60903.117,0.07736659,2.56251,1.1616321,1.2370547,101.27542,24.812016,13.455591,19.618002,347.71423,299.75534,50.081,3.469,5.081,33.921,49.24,0.0,93.952156,2.0,0.0,304.125,198.75,6144.0,0.0,-2.9375,1.3925781,523.8895,20202.158,20000.502,1100.0834,596.4755,95.991165,97.53838,0.0,-2.6704755,3.0,66.38794,39.857487,2.2499971,0.74999905,6.1,0.0,4.984375,0.99121094,0.0,0.0,0.0,0.0,0.0,0.8027344,0.7998047,81.22406,0.78125006,236.50017,251.78758,0.0,112.34052,99.90234,0.0,237.81575,238.08109,529.5,538.875,-3.4517255,319.21875,0.0,337.78125,79.82713,76.99999,194.99512,0.0,134.35,297.375,13.17749,0.7507324,57.330322,74.22943,2.7685547,134.57,134.19,132.65,132.88,0
60903.152,0.08189327,2.562504,1.1607634,1.2342993,101.27542,24.812016,13.461883,19.671883,347.61307,300.44852,50.081,3.515,5.081,33.921,49.24,0.0,93.95872,2.0,0.0,304.875,198.75,6160.0,0.0,-2.984375,1.3900757,522.9442,19733.045,20000.502,1100.0834,596.4755,99.78503,97.09329,0.0,-2.7613804,3.0,68.21594,39.8567,2.2499971,0.74999905,6.084,0.0,4.859375,0.9894409,0.0,0.0,0.0,0.0,0.0,0.796875,0.7998047,81.336975,0.78125006,236.87157,251.79802,0.0,112.40647,99.90234,0.0,238.2635,237.82404,529.5,538.875,-3.5426304,318.09375,0.0,337.375,79.82713,76.99999,194.75098,0.0,134.43,296.84375,13.21106,1.0986328,57.48291,74.72687,2.7783203,134.5,134.88,132.65,132.77,0
60903.19,0.08551462,2.5437517,1.1609101,1.2235748,101.27459,24.812016,13.454568,19.691282,346.07886,299.89938,50.081,3.55,5.081,33.921,49.24,0.0,93.96397,2.0,0.0,305.625,198.75,6176.0,0.0,-3.0,1.3905029,522.50476,19790.887,20000.502,1100.0834,597.8022,100.63282,96.75417,0.0,-2.6778543,3.0,68.23578,39.85599,2.2499971,0.74999905,6.04,0.0,4.6796875,0.98986816,0.0,0.0,0.0,0.0,0.0,0.8017578,0.7998047,81.336975,0.78125006,237.00444,249.77269,0.0,112.46583,99.90234,0.0,238.32156,237.09436,529.5,538.875,-3.4591043,316.8125,0.0,335.09375,79.82713,76.99999,195.36133,0.0,134.69,296.96875,13.204956,-1.0223389,57.44629,72.54486,2.788086,134.88,135.03,133.28,133.36,0
60903.234,0.0884117,2.4987507,1.1547666,1.2190814,101.27384,24.812016,13.461166,19.510693,342.5064,297.1881,50.081,3.589,5.081,33.921,49.24,0.0,93.96816,2.0,0.0,303.75,198.75,6184.0,0.0,-2.8671875,1.392395,522.62085,19932.047,20000.502,1100.0834,597.8022,99.5095,96.902534,0.0,-2.6110334,3.0,67.69409,39.855354,2.2499971,0.74999905,6.072,0.0,4.4609375,0.98498535,0.0,0.0,0.0,0.0,0.0,0.7998047,0.7998047,81.43158,0.78125006,235.75893,248.80591,0.0,112.51925,99.90234,0.0,237.35973,236.58858,529.5,538.875,-3.3922834,320.125,0.0,333.5,79.82713,76.99999,194.85474,0.0,135.18,295.5,13.171387,-2.166748,57.733154,71.65375,2.7929688,135.29,135.33,133.68,133.74,0
60903.273,0.11072937,2.4807503,1.1543249,1.2012777,101.27317,24.812016,13.465785,19.57465,342.57187,298.01395,50.081,3.64,5.081,33.921,49.24,0.0,93.97152,2.0,0.0,304.125,199.125,6200.0,0.0,-3.03125,1.3827515,519.0057,19137.629,20000.502,1100.0834,597.8022,107.81785,96.6482,0.0,-2.557577,3.0,71.698,39.854782,2.6249967,1.1249986,6.064,0.0,4.0,0.9723511,0.0,0.0,0.0,0.0,0.0,0.80078125,0.7998047,81.43158,0.78125006,236.1991,245.76273,0.0,112.56732,99.90234,0.0,237.61674,236.24861,529.5,538.875,-3.338827,321.875,0.0,332.375,79.82713,76.99999,195.1477,0.0,135.35,291.71875,13.140869,-3.161621,58.66089,71.53168,2.7978516,135.62,135.43,133.91,133.91,0
60903.312,0.14858349,2.4735503,1.1493707,1.1850002,101.2734,24.812016,13.428002,19.49045,342.5238,298.88528,50.081,3.67,5.081,33.921,49.24,0.0,93.974205,2.0,0.0,298.125,199.125,6219.0,0.0,-2.921875,1.3725586,515.19147,20054.102,20000.502,1100.0834,598.8635,100.10295,96.033554,0.0,-2.5148115,3.0,67.59338,39.854267,2.6249967,1.1249986,6.204,0.0,3.9453125,0.95977783,0.0,0.0,0.0,0.0,0.0,0.80566406,0.7998047,81.43158,0.78125006,235.61894,242.93694,0.0,112.61059,99.90234,0.0,237.03633,235.53552,529.5,538.875,-3.2960615,319.21875,0.0,330.1875,79.82713,76.99999,194.92188,0.0,135.68,287.9375,13.101196,-1.9073486,59.58252,73.539734,2.7954102,135.84,136.18,134.01,134.12,0
60903.35,0.19886678,2.4519203,1.1487156,1.1808884,101.273605,24.812016,13.436711,19.481089,340.8804,298.0252,50.081,3.708,5.081,33.921,49.24,0.0,93.97636,2.0,0.0,303.75,199.125,6231.0,0.0,-2.8046875,1.3718872,514.9344,20389.486,20000.502,1100.0834,598.8635,94.84664,94.88903,0.0,-2.6368492,3.0,65.060425,39.8538,2.6249967,1.1249986,6.028,0.0,3.8125,0.9536133,0.0,0.0,0.0,0.0,0.0,0.79785156,0.7998047,81.52008,0.78125006,235.55463,242.11551,0.0,112.64953,99.90234,0.0,236.2652,234.9385,529.5,538.875,-3.4180992,318.4375,0.0,327.6875,79.82713,76.99999,195.17822,0.0,136.02,286.09375,13.088989,-0.26245117,59.973145,75.453186,2.7929688,136.23,136.34,134.5,134.73,0
60903.39,0.23909342,2.424518,1.1448469,1.177243,101.27379,24.812016,13.431088,19.441198,339.33606,297.2464,50.081,3.749,5.081,33.921,49.24,0.0,93.97807,2.0,0.0,306.0,199.125,6243.0,0.0,-2.8125,1.367981,513.4585,19903.92,20000.502,1100.0834,600.1902,98.87365,95.29173,0.0,-2.7344794,3.0,66.61224,39.853382,2.6249967,1.1249986,5.96,0.0,3.5703125,0.9595947,0.0,0.0,0.0,0.0,0.0,0.79785156,0.7998047,81.52008,0.78125006,235.27985,241.869,0.0,112.68458,99.90234,0.0,236.71297,234.59856,529.5,538.875,-3.5157294,316.53125,0.0,327.1875,79.82713,76.99999,194.72656,0.0,136.46,287.875,13.067627,-1.8585205,59.64966,73.487854,2.7978516,136.53,136.34,135.14,135.27,0
60903.438,0.27127475,2.4135573,1.1565189,1.171054,101.27396,24.812016,13.438871,19.806635,339.4227,298.37003,50.081,3.789,5.081,33.921,49.24,0.0,93.97945,2.0,0.0,303.0,199.125,6265.0,0.0,-2.796875,1.3648071,512.28107,20054.102,20000.502,1100.0834,600.1902,97.55958,95.33412,0.0,-2.6563337,3.0,65.979004,39.853004,2.6249967,1.1249986,6.016,0.0,3.46875,0.9606323,0.0,0.0,0.0,0.0,0.0,0.7998047,0.7998047,81.632996,0.78125006,237.79893,240.73753,0.0,112.71612,99.90234,0.0,238.87709,233.8523,529.5,538.875,-3.4375837,315.6875,0.0,324.5,79.82713,76.99999,196.56982,0.0,136.87,288.1875,13.012695,-5.810547,59.63745,69.45648,2.7954102,137.03,136.67,135.45,135.67,0
60903.473,0.2770198,2.390423,1.1412076,1.1647378,101.27411,24.812016,13.444319,19.368582,337.16687,297.19128,50.081,3.84,5.081,33.921,49.24,0.0,93.980545,2.0,0.0,303.0,199.125,6282.0,0.0,-2.8984375,1.3618774,511.17825,19405.088,20000.502,1100.0834,600.1902,105.1685,95.736824,0.0,-2.750067,3.0,69.25812,39.852665,2.6249967,1.1249986,6.0,0.0,3.4296875,0.96136475,0.0,0.0,0.0,0.0,0.0,0.79785156,0.7998047,81.632996,0.78125006,234.77963,239.61711,0.0,112.74451,99.90234,0.0,236.39787,233.18895,529.5,538.875,-3.531317,314.6875,0.0,322.59375,79.82713,76.99999,194.91577,0.0,136.89,288.40625,12.954712,-2.1331787,59.625244,73.039246,2.7929688,137.08,137.45,135.18,135.51,0
60903.516,0.28161582,2.3624191,1.1402625,1.1515971,101.27508,24.812016,13.436414,19.353014,335.46832,296.40018,50.081,3.869,5.081,33.921,49.24,0.0,93.98143,2.0,0.0,301.875,199.125,6297.0,0.0,-2.8671875,1.352478,507.65424,20081.695,20000.502,1100.0834,601.5169,101.332245,96.11833,0.0,-2.6688037,3.0,67.40875,39.85236,2.6249967,1.1249986,6.024,0.0,3.140625,0.9546509,0.0,0.0,0.0,0.0,0.0,0.8017578,0.7998047,81.632996,0.78125006,234.67331,237.00017,0.0,112.77006,99.90234,0.0,236.14081,232.6417,529.5,538.875,-3.4500537,316.8125,0.0,320.375,79.82713,76.99999,194.83032,0.0,137.51,286.40625,12.890625,-2.557373,60.168457,73.08807,2.800293,137.6,137.96,135.67,135.92,0
60903.55,0.28529266,2.3512177,1.13603,1.1494353,101.27595,24.812016,13.442599,19.301895,335.7556,297.0309,50.081,3.915,5.081,33.921,49.24,0.0,93.98213,2.0,0.0,302.25,199.125,6305.0,0.0,-2.7890625,1.3534546,508.01907,19986.174,20000.502,1100.0834,601.5169,101.48061,95.440094,0.0,-2.760043,3.0,67.092896,39.852085,2.6249967,1.1249986,6.0,0.0,2.96875,0.94958496,0.0,0.0,0.0,0.0,0.0,0.796875,0.7998047,81.736755,0.78125006,234.32181,237.12645,0.0,112.79305,99.90234,0.0,235.17899,232.22711,529.5,538.875,-3.541293,319.21875,0.0,319.0,79.82713,76.99999,194.9585,0.0,137.82,284.875,12.82959,-0.6500244,60.461426,75.14191,2.7978516,137.86,137.75,136.13,136.43,0
60903.594,0.2882341,2.3467371,1.1346263,1.1458746,101.2759,24.812016,13.43521,19.270338,336.04062,297.84882,50.081,3.951,5.081,33.921,49.24,0.0,93.9827,2.0,0.0,303.0,199.5,6317.0,0.0,-2.796875,1.3522949,507.57962,20204.81,20000.502,1100.0834,602.57825,99.339935,95.397705,0.0,-2.8330343,3.0,66.0614,39.851837,2.9999962,1.4999981,5.976,0.0,2.8359375,0.9484253,0.0,0.0,0.0,0.0,0.0,0.7949219,0.7998047,81.736755,0.78125006,234.10423,236.45004,0.0,112.81375,99.90234,0.0,234.9717,231.86227,529.5,538.875,-3.6142843,316.71875,0.0,318.09375,79.82713,76.99999,194.98901,0.0,137.97,284.53125,12.792969,-0.5004883,60.55298,75.33417,2.7978516,138.32,137.96,136.62,136.77,0
60903.637,0.3105873,2.344945,1.1396726,1.1305295,101.275856,24.812016,13.441756,19.445118,336.0455,299.1734,50.081,3.989,5.081,33.921,49.24,0.0,93.98315,2.0,0.0,301.5,199.5,6345.0,0.0,-2.8203125,1.3435669,504.29608,20142.191,20000.502,1100.0834,602.57825,98.08945,94.59231,0.0,-2.8914275,3.0,65.06958,39.851616,2.9999962,1.4999981,5.984,0.0,2.7421875,0.93707275,0.0,0.0,0.0,0.0,0.0,0.7939453,0.7998047,81.82373,0.78125006,235.30894,233.48,0.0,112.832375,99.90234,0.0,236.14081,230.85896,529.5,538.875,-3.6726775,318.28125,0.0,315.5,79.82713,76.99999,195.97778,0.0,138.55,281.125,12.744141,-2.709961,61.358643,73.79608,2.8076172,138.79,138.37,136.87,137.14,0
60903.67,0.3284698,2.325478,1.133546,1.1269689,101.27582,24.812016,13.446339,19.337933,333.94266,297.9104,50.081,4.04,5.081,33.921,49.24,0.0,93.983505,2.0,0.0,302.25,199.5,6358.0,0.0,-2.9140625,1.3417358,503.03574,19927.8,20000.502,1100.0834,602.57825,101.07791,94.69828,0.0,-2.938142,3.0,66.51001,39.851418,2.9999962,1.4999981,5.956,0.0,2.59375,0.9400635,0.0,0.0,0.0,0.0,0.0,0.79589844,0.7998047,81.82373,0.78125006,234.57008,233.2661,0.0,112.84914,99.90234,0.0,236.14081,230.4278,529.5,538.875,-3.719392,314.5625,0.0,313.1875,79.82713,76.99999,195.21484,0.0,138.62,282.03125,12.689209,-3.8848877,61.19995,72.40753,2.8100586,138.79,139.16,136.81,136.98,0
60903.71,0.32277587,2.3176913,1.1296787,1.125019,101.27578,24.812016,13.4436865,19.166382,334.36435,298.615,50.081,4.069,5.081,33.921,49.24,0.0,93.983795,2.0,0.0,302.25,199.5,6365.0,0.0,-2.90625,1.3413086,502.8782,20436.184,20000.502,1100.0834,603.9049,94.867836,93.214645,0.0,-2.9755137,3.0,63.51776,39.85124,2.9999962,1.4999981,5.948,0.0,2.71875,0.93634033,0.0,0.0,0.0,0.0,0.0,0.796875,0.7998047,81.82373,0.78125006,233.38757,232.43666,0.0,112.86422,99.90234,0.0,234.20885,230.09613,529.5,538.875,-3.7567637,318.46875,0.0,312.5,79.82713,76.99999,197.07031,0.0,139.02,280.90625,12.548828,-6.3201904,61.431885,70.04547,2.8076172,139.16,139.2,137.44,137.67,0
60903.754,0.3182207,2.3145766,1.1269196,1.1214583,101.27575,24.812016,13.44769,19.168764,334.51407,299.4997,50.081,4.108,5.081,33.921,49.24,0.0,93.984024,2.0,0.0,304.125,199.5,6381.0,0.0,-2.875,1.34021,502.46362,19172.654,20000.502,1100.0834,603.9049,106.86408,93.744514,0.0,-3.005411,3.0,68.91022,39.851074,2.9999962,1.4999981,5.884,0.0,2.84375,0.935791,0.0,0.0,0.0,0.0,0.0,0.7949219,0.7998047,81.929016,0.78125006,233.40396,232.36603,0.0,112.8778,99.90234,0.0,234.9717,229.58205,529.5,538.875,-3.786661,314.59375,0.0,310.6875,79.82713,76.99999,194.6106,0.0,139.3,280.75,12.426758,-2.279663,61.480713,74.00055,2.8125,139.52,139.2,137.78,137.96,0
60903.793,0.31457657,2.3133307,1.124455,1.1128532,101.27572,24.812016,13.444633,19.103098,334.5091,299.96457,50.081,4.15,5.081,33.921,49.24,0.0,94.13458,2.0,0.0,301.875,199.5,6391.0,0.0,-2.765625,1.336853,500.62283,20252.572,20000.502,1100.0834,599.92487,98.6829,93.87168,0.0,-3.0293288,3.0,64.96735,39.85093,2.9999962,1.4999981,5.932,0.0,2.6796875,0.9259033,0.0,0.0,0.0,0.0,0.0,0.80078125,0.7998047,81.929016,0.78125006,232.9513,230.62378,0.0,112.89002,99.90234,0.0,234.59856,229.2255,529.5,538.875,-3.8105788,313.75,0.0,309.375,79.82713,76.99999,194.91577,0.0,139.57,277.78125,12.329102,-1.3214111,62.127686,75.44098,2.8125,139.89,139.64,137.86,138.05,0
60903.836,0.31166127,2.2940824,1.1217244,1.1072153,101.275696,24.812016,13.454211,19.103678,332.6469,299.32156,50.081,4.189,5.081,33.921,49.24,0.0,94.255035,2.0,0.0,303.375,199.5,6413.0,0.0,-2.765625,1.3325195,499.5781,19725.084,20000.502,1100.0834,599.92487,105.10492,93.97766,0.0,-3.204713,3.0,67.674255,39.8508,2.9999962,1.4999981,5.884,0.0,2.140625,0.9301758,0.0,0.0,0.0,0.0,0.0,0.79296875,0.7998047,81.60858,0.78125006,232.95526,230.05647,0.0,112.901024,99.90234,0.0,234.53221,228.38803,529.5,538.875,-3.985963,315.375,0.0,307.59375,79.82713,76.99999,194.59229,0.0,140.07,279.0625,12.133789,-2.5421143,61.920166,73.80524,2.8222656,140.21,139.89,138.22,138.37,0
60903.87,0.309329,2.267633,1.125258,1.1053926,101.27567,24.812016,13.4609165,19.149633,330.7925,297.93143,50.081,4.24,5.081,33.921,49.24,0.0,94.351395,2.0,0.0,301.5,199.5,6419.0,0.0,-2.5859375,1.3320923,499.42053,19980.338,20000.502,1100.0834,599.92487,103.02783,94.31677,0.0,-3.1887705,3.0,66.67328,39.85068,2.9999962,1.4999981,5.908,0.0,2.0859375,0.93084717,0.0,0.0,0.0,0.0,0.0,0.7988281,0.7998047,81.60858,0.78125006,233.272,229.26918,0.0,112.91092,99.90234,0.0,234.91364,228.07294,529.5,538.5,-3.9700205,310.6875,0.0,305.5,79.82713,76.99999,195.01343,0.0,140.09,279.25,11.978149,-4.180908,61.883545,71.98639,2.8173828,140.16,140.7,138.47,138.68,0
60903.906,0.28746322,2.2383032,1.1199085,1.103273,101.27565,24.812016,13.459751,19.067286,328.93805,296.815,50.081,4.269,5.081,33.921,49.24,0.0,94.42848,2.0,0.0,303.375,199.5,6431.0,0.0,-2.7421875,1.3338013,500.05072,20040.303,20000.502,1100.0834,601.2515,102.39198,94.31677,0.0,-3.3322663,3.0,66.36658,39.850574,2.9999962,1.4999981,5.856,0.0,2.3046875,0.92822266,0.0,0.0,0.0,0.0,0.0,0.79296875,0.7998047,81.60858,0.78125006,232.70438,229.33243,0.0,112.91983,99.90234,0.0,233.76108,227.64177,529.5,538.875,-4.1135163,309.90625,0.0,304.1875,79.82713,76.99999,195.16602,0.0,140.5,278.46875,11.831665,-2.4658203,62.023926,73.69537,2.8173828,140.59,140.63,138.79,139.1,0
60903.953,0.28997058,2.2265713,1.1203809,1.1013656,101.27563,24.812016,13.464794,19.091454,329.21832,297.52985,50.081,4.307,5.081,33.921,49.24,0.0,94.49015,2.0,0.0,301.875,199.5,6441.0,0.0,-2.765625,1.3295898,499.0557,20177.217,20000.502,1100.0834,601.2515,100.01817,94.29558,0.0,-3.447063,3.0,64.834595,39.85048,3.3749957,1.4999981,5.88,0.0,2.40625,0.9329834,0.0,0.0,0.0,0.0,0.0,0.7939453,0.7998047,81.70471,0.78125006,232.87093,229.0309,0.0,112.92785,99.90234,0.0,233.62842,227.28522,529.5,538.875,-4.228313,311.09375,0.0,303.375,79.82713,76.99999,194.71436,0.0,140.77,279.90625,11.630249,-3.2226562,61.779785,72.49298,2.8125,140.91,140.7,139.25,139.32,0
60903.996,0.27197647,2.2218785,1.1165255,1.0911497,101.27561,24.812016,13.462465,19.00696,329.23294,298.88272,50.081,4.35,5.081,33.921,49.24,0.0,94.53949,2.0,0.0,302.625,199.875,6470.0,0.0,-2.7578125,1.3242188,497.0408,19780.273,20000.502,1100.0834,602.04755,103.091415,93.998856,0.0,-3.5389004,3.0,65.92865,39.92558,3.3749957,1.8749976,5.844,0.0,1.9765625,0.92230225,0.0,0.0,0.0,0.0,0.0,0.7949219,0.7998047,81.70471,0.78125006,232.28851,227.04669,0.0,112.93507,99.90234,0.0,233.30505,226.36484,529.5,538.875,-4.3201504,316.65625,0.0,301.375,79.82713,76.99999,196.94214,0.0,141.14,276.6875,11.282349,-8.407593,62.5,67.62543,2.8125,141.29,141.24,139.52,139.79,0
60904.04,0.25758117,2.2012515,1.1141146,1.0813577,101.2756,24.812016,13.472553,19.011818,327.21786,298.06348,50.081,4.4,5.081,33.921,49.24,0.0,94.57896,2.0,0.0,298.875,199.875,6492.0,0.0,-2.9140625,1.3222656,495.7307,20082.227,20000.502,1100.0834,602.04755,100.357285,93.61735,0.0,-3.61237,3.0,64.61029,39.99317,3.3749957,1.8749976,5.92,0.0,2.0078125,0.9190674,0.0,0.0,0.0,0.0,0.0,0.7988281,0.7998047,81.78406,0.78125006,232.32199,225.64836,0.0,112.94156,99.90234,0.0,233.247,225.5025,529.5,538.875,-4.39362,309.6875,0.0,297.59375,79.82713,76.99999,194.98291,0.0,141.58,275.71875,10.992432,-5.6365967,62.719727,70.28961,2.7929688,141.89,141.45,139.79,139.73,0
60904.07,0.20606494,2.1930006,1.1252682,1.0803827,101.27558,24.812016,13.485475,19.279882,327.44016,298.44974,50.081,4.44,5.081,33.921,49.24,0.0,94.610535,2.0,0.0,300.0,199.875,6496.0,0.0,-3.0625,1.3205566,495.10052,19749.494,20000.502,1100.0834,602.04755,101.71375,91.81579,0.0,-3.671146,3.0,64.87579,40.054005,3.3749957,1.8749976,5.88,0.0,2.3125,0.9160156,0.0,0.0,0.0,0.0,0.0,0.79589844,0.7998047,81.78406,0.78125006,234.16972,224.96187,0.0,112.9474,99.90234,0.0,235.65991,225.22058,529.5,539.25,-4.452396,308.9375,0.0,296.375,79.82713,76.99999,196.24023,0.0,141.71,274.8125,10.656738,-9.732056,62.921143,66.07208,2.7905273,141.67,142.16,140.06,140.38,0
60904.113,0.18485194,2.1897001,1.1263275,1.0791534,101.275566,24.812016,13.4828005,19.386305,327.71826,298.97913,50.081,4.469,5.081,33.921,49.24,0.0,94.635796,2.0,0.0,297.75,199.875,6502.0,0.0,-3.2421875,1.3197021,494.78546,19919.84,20000.502,1100.0834,603.3742,101.37463,90.9892,0.0,-3.7181668,3.0,64.712524,40.108753,3.3749957,1.8749976,5.936,0.0,2.09375,0.914978,0.0,0.0,0.0,0.0,0.0,0.796875,0.7998047,81.78406,0.78125006,234.90326,225.17346,0.0,112.95266,99.90234,0.0,236.14081,224.93037,529.5,539.25,-4.499417,309.84375,0.0,296.09375,79.82713,76.99999,196.5149,0.0,141.92,274.5,10.314941,-9.7717285,63.00049,65.745544,2.758789,142.05,142.16,140.48,140.54,0
60904.152,0.14788155,2.2071302,1.1041662,1.0770339,101.27556,24.812016,13.486789,18.852776,329.8226,301.82446,50.081,4.508,5.081,33.921,49.24,0.0,94.656006,2.0,0.0,300.0,199.875,6522.0,0.0,-3.3671875,1.3205566,495.10052,19399.252,20000.502,1100.0834,603.3742,108.284134,92.45164,0.0,-3.7557836,3.0,68.04199,40.158028,3.3749957,1.8749976,5.856,0.0,1.5078125,0.92126465,0.0,0.0,0.0,0.0,0.0,0.79785156,0.7998047,81.88782,0.78125006,231.2257,225.68956,0.0,112.9574,99.90234,0.0,232.15248,224.70648,529.5,539.25,-4.5370336,307.96875,0.0,295.1875,79.82713,76.99999,194.03687,0.0,142.31,276.375,9.9609375,-5.6640625,62.609863,69.12689,2.7246094,142.49,142.28,140.91,140.75,0
60904.19,0.09830524,2.195352,1.1097865,1.0757622,101.27555,24.812016,13.483721,18.956852,327.8103,300.44296,50.081,4.549,5.081,33.921,49.24,0.0,94.67217,2.0,0.0,298.875,199.875,6532.0,0.0,-3.28125,1.3201294,494.943,20669.68,20000.502,1100.0834,604.4356,95.05859,91.49787,0.0,-3.7858768,3.0,61.27014,40.202374,3.3749957,1.8749976,5.888,0.0,1.6328125,0.9208374,0.0,0.0,0.0,0.0,0.0,0.7988281,0.7998047,81.88782,0.78125006,231.94307,224.92667,0.0,112.961655,99.90234,0.0,233.62842,224.56554,529.5,539.25,-4.5671268,306.625,0.0,294.6875,79.82713,76.99999,194.94019,0.0,142.5,276.25,9.683228,-7.4401855,62.634277,67.10358,2.7172852,142.94,142.6,140.86,141.12,0
60904.234,0.058644194,2.190641,1.1070067,1.0733883,101.27554,24.812016,13.481573,18.802294,387.56607,356.35196,50.081,4.589,5.081,33.921,49.24,0.0,94.685104,2.0,0.0,300.0,199.875,6553.0,0.0,-3.265625,1.3214111,495.42392,19201.842,20000.502,1100.0834,604.4356,110.446,92.536415,0.0,-3.9662013,4.0,68.68591,40.242287,3.3749957,1.8749976,5.828,0.0,1.9609375,0.92541504,0.0,0.0,0.0,0.0,0.0,0.796875,0.7998047,81.97632,0.78125006,230.8777,224.02415,0.0,112.96549,99.90234,0.0,232.68315,224.45773,529.5,539.25,-4.7474513,305.1875,0.0,293.375,79.82713,76.99999,194.64722,0.0,143.03,277.625,9.359741,-5.8380127,62.347412,68.107605,2.7050781,143.27,142.88,141.24,141.56,0
60904.273,0.026915357,2.1887565,1.0995127,1.0732613,101.275536,24.812016,13.48007,18.642103,387.91254,356.88824,50.081,4.64,5.081,33.921,49.24,0.0,94.69545,2.0,0.0,297.375,199.875,6557.0,0.0,-3.0625,1.3218384,495.58145,20375.158,20000.502,1100.0834,604.4356,98.87365,90.925606,0.0,-3.9542108,4.0,63.108826,40.278206,3.3749957,1.8749976,5.896,0.0,1.78125,0.92071533,0.0,0.0,0.0,0.0,0.0,0.8027344,0.7998047,81.97632,0.78125006,229.77351,224.35655,0.0,112.96894,99.90234,0.0,230.73459,224.40799,529.5,539.25,-4.7354608,303.53125,0.0,293.1875,79.82713,76.99999,193.53027,0.0,143.11,276.21875,9.283447,-2.8076172,62.62207,71.33026,2.7050781,143.15,143.54,141.73,141.73,0
60904.31,-0.018467713,2.1880026,1.0997924,1.0718625,101.27553,24.812016,13.461439,18.714132,388.0965,357.87433,50.081,4.67,5.081,33.921,49.24,0.0,94.70373,2.0,0.0,301.125,199.875,6572.0,0.0,-3.0390625,1.3218384,495.56488,19965.479,20000.502,1100.0834,605.49695,102.54035,90.9892,0.0,-3.9446187,4.0,64.48822,40.310535,3.3749957,1.8749976,5.792,0.0,1.203125,0.92437744,0.0,0.0,0.0,0.0,0.0,0.7949219,0.7998047,81.97632,0.78125006,230.27,224.54083,0.0,112.972046,99.90234,0.0,232.15248,224.37482,529.5,539.25,-4.7258687,304.4375,0.0,292.78125,79.82713,76.99999,194.19556,0.0,143.42,277.3125,9.130859,-5.2856445,62.402344,68.48602,2.7050781,143.44,143.66,142.1,142.1,0
60904.35,-0.05477417,2.187701,1.0941921,1.0710571,101.27552,24.812016,13.4776945,18.546364,388.29773,358.16882,50.081,4.707,5.081,33.921,49.24,0.0,94.71035,2.0,0.0,303.0,199.875,6574.0,0.0,-3.09375,1.3204346,495.04248,19821.135,20000.502,1100.0834,605.49695,104.95655,91.47668,0.0,-4.093195,4.0,65.652466,40.33963,3.3749957,1.8749976,5.736,0.0,1.2578125,0.9268799,0.0,0.0,0.0,0.0,0.0,0.79785156,0.7998047,82.055664,0.78125006,229.11359,224.33372,0.0,112.97484,99.90234,0.0,230.86726,224.34166,529.5,539.25,-4.874445,300.875,0.0,292.0,79.82713,76.99999,193.12744,0.0,143.72,278.0625,8.886719,-4.537964,62.268066,68.86139,2.7050781,143.88,143.82,142.43,142.38,0
60904.395,-0.08381933,2.1688304,1.0919993,1.0742787,101.27551,24.812016,13.471496,18.480679,386.2319,354.5833,50.081,4.75,5.081,33.921,49.24,0.0,94.715645,2.0,0.0,306.0,199.875,6543.0,0.0,-3.1484375,1.3189087,494.47864,20065.244,20000.502,1100.0834,604.96625,101.98929,90.925606,0.0,-4.0558057,4.0,64.61029,40.365818,3.3749957,1.8749976,5.684,0.0,1.5,0.9238281,0.0,0.0,0.0,0.0,0.0,0.7998047,0.7998047,82.055664,0.78125006,228.66081,225.05539,0.0,112.977356,99.90234,0.0,230.51901,224.30019,529.5,539.25,-4.8370557,301.46875,0.0,293.5,79.82713,76.99999,192.47437,0.0,144.06,277.15625,8.642578,-2.960205,62.469482,70.365906,2.7050781,143.88,143.88,142.76,142.64,0
60904.44,-0.10705546,2.1050322,1.098478,1.0723711,101.275505,24.812016,13.467156,18.61878,378.54544,348.80145,50.081,4.801,5.081,33.921,49.24,0.0,94.71988,2.0,0.0,302.625,199.875,6567.0,0.0,-3.1171875,1.3198853,494.85178,19918.248,20000.502,1100.0834,604.96625,103.30336,90.90441,0.0,-4.0258946,4.0,64.85596,40.389385,3.3749957,1.8749976,5.76,0.0,1.5625,0.927063,0.0,0.0,0.0,0.0,0.0,0.8017578,0.7998047,82.01599,0.78125006,229.61272,224.24324,0.0,112.97962,99.90234,0.0,231.4394,224.30019,529.5,539.25,-4.8071446,301.8125,0.0,293.09375,79.82713,76.99999,193.62793,0.0,143.96,278.125,8.508301,-4.840088,62.261963,68.16254,2.7050781,144.05,143.76,142.72,142.64,0
60904.473,-0.14564437,2.0045128,1.0897282,1.0722015,101.2755,24.812016,13.464119,18.420256,368.5179,338.83795,50.081,4.836,5.081,33.921,49.24,0.0,94.72327,2.0,0.0,301.875,199.875,6553.0,0.0,-3.1484375,1.3179321,494.11383,19821.666,20000.502,1100.0834,604.96625,103.9816,90.26857,0.0,-4.0019655,4.0,65.57007,40.410595,3.3749957,1.8749976,5.776,0.0,1.546875,0.921875,0.0,0.0,0.0,0.0,0.0,0.8046875,0.7998047,82.01599,0.78125006,228.24431,224.66124,0.0,112.98166,99.90234,0.0,229.89714,224.30019,529.5,539.25,-4.7832155,301.34375,0.0,292.78125,79.82713,76.99999,192.26074,0.0,143.96,276.5625,8.447266,-2.4658203,62.597656,70.81146,2.709961,144.05,144.33,142.88,143.04,0
60904.51,-0.1565155,1.8330551,1.097496,1.1009417,101.27549,24.812016,13.4971485,18.495644,351.00922,314.85925,50.081,4.869,5.081,33.921,49.24,0.0,94.72598,2.0,0.0,307.875,185.625,6393.0,0.0,-3.015625,1.3234863,496.20334,21718.818,20000.502,1100.0834,604.96625,0.0,76.93706,0.0,-3.0453224,4.0,0.0,40.429684,2.9999962,-12.374984,5.692,0.0,1.5,0.89282227,0.0,0.0,0.0,0.0,0.0,0.8017578,1.0,73.59009,0.78125006,228.76395,229.72206,0.0,112.98349,99.90234,0.0,230.46927,228.23877,529.5,539.25,-3.8265724,-70.5625,0.0,294.59375,79.82713,76.99999,190.52734,0.0,144.44,267.84375,8.300781,-3.4362793,64.55078,71.5744,2.7075195,144.33,144.67,143.27,143.21,0
60904.55,-0.1652124,1.7082222,1.1503147,1.3381537,101.27549,24.812016,13.567144,19.191162,347.50153,281.77515,50.081,4.908,5.081,33.921,49.24,0.0,94.72815,2.0,0.0,0.0,183.75,5779.0,0.0,-6.21875,1.3284302,497.48026,22446.9,20000.502,1100.0834,604.96625,0.0,78.61144,0.0,-2.280008,4.0,0.0,40.446865,1.4999981,-14.249982,0.0,0.0,0.671875,0.7659302,0.0,0.0,0.0,0.0,0.0,0.9472656,1.0,58.50067,0.78125006,233.55807,271.34637,0.0,112.98514,99.90234,0.0,234.59856,250.8338,720.0,542.25,-3.061258,-64.625,0.0,345.78125,79.82713,76.99999,185.27222,0.0,144.63,229.78125,8.261108,-1.5716553,76.79443,85.4599,2.8320312,144.83,144.83,143.44,143.36,0
60904.598,-0.17216992,1.6770389,1.1950239,1.600121,101.27549,24.812016,13.539969,18.5764,356.9655,257.29364,50.081,4.949,5.081,33.921,49.24,0.0,94.72989,2.0,0.0,0.0,187.5,5137.0,0.0,-6.375,1.3619385,499.18008,20567.791,20000.502,1100.0834,562.77783,65.830986,81.26079,0.0,-1.6677566,4.0,55.581665,40.462326,-1.4999981,-10.499987,0.0,0.0,6.078125,0.5404053,0.0,0.0,0.0,0.0,0.0,1.9999695,1.0,68.19458,0.78125006,229.3206,306.3359,0.0,112.986626,99.90234,0.0,230.2205,267.08563,720.0,542.25,-2.4490066,158.4375,0.0,406.875,79.82713,76.99999,174.84741,0.0,145.17,162.125,8.175659,30.004883,85.48584,99.998474,3.0322266,145.13,145.18,143.7,143.76,0
60904.637,-0.15773594,1.6833156,1.2273561,1.6003755,101.27549,24.812016,13.49751,18.83477,363.4496,246.36243,50.081,5.0,5.081,33.921,49.24,0.0,94.73128,2.0,0.0,327.75,184.125,4831.0,0.0,-3.6328125,1.3948364,497.86996,19837.586,20000.502,1100.0834,562.77783,117.18594,105.38045,0.0,-1.1779552,4.0,81.61621,40.476242,-2.6249967,-13.124983,6.556,0.0,9.984375,0.3380127,0.0,0.0,0.0,0.0,0.0,1.9999695,0.7998047,78.804016,0.78125006,231.1015,297.99393,0.0,112.98796,99.90234,0.0,231.20721,273.34592,520.125,540.0,-1.9592053,224.46875,0.0,433.0,79.82713,76.99999,171.25854,0.0,145.4,101.40625,8.09021,32.70874,91.485596,99.998474,3.1762695,145.59,145.53,143.76,143.99,0
60904.67,-0.18618876,1.6858263,1.2672652,1.6008418,101.27549,24.812016,13.485366,19.975029,365.56366,239.43471,50.081,5.035,5.081,33.921,49.24,0.0,94.73239,2.0,0.0,328.125,187.875,4668.0,0.0,-2.671875,1.4061279,495.97116,19569.598,20000.502,1100.0834,562.77783,125.64266,109.13193,0.0,-0.78611416,4.0,86.44714,40.488766,-2.9999962,-7.4999905,6.688,0.0,11.09375,0.4442749,0.0,0.0,0.0,0.0,0.0,1.9999695,0.7998047,78.804016,0.78125006,238.9612,299.2364,0.0,112.98917,99.90234,0.0,239.54045,275.9744,518.25,538.875,-1.5673642,279.875,0.0,436.875,79.82713,76.99999,174.95728,0.0,145.6,133.28125,8.026123,32.644653,88.653564,99.998474,3.3544922,145.64,145.53,143.93,143.76,0
60904.71,-0.20895101,1.7243307,1.316445,1.6010537,101.27549,24.812016,13.482725,21.465088,372.90787,240.11143,50.081,5.069,5.081,33.921,49.24,0.0,95.03403,2.0,0.0,323.25,193.875,4589.0,0.0,-2.140625,1.2831421,476.17047,19548.9,20000.502,1100.0834,541.2856,133.06084,114.00673,0.0,-0.4726413,4.0,90.3183,40.50004,-2.9999962,-4.1249948,6.944,0.0,11.4140625,0.67974854,0.0,0.0,0.0,0.0,0.0,0.8701172,0.7998047,78.804016,0.78125006,249.232,301.02853,0.0,112.99025,99.90234,0.0,249.60664,276.94452,516.75,538.125,-1.2538913,354.0,0.0,438.28125,79.82713,76.99999,181.17065,0.0,145.72,203.9375,7.940674,32.940674,80.36499,99.998474,3.4033203,145.76,146.04,144.44,144.39,0
60904.758,-0.2471608,1.7397323,1.3869188,1.6010114,101.27549,24.812016,13.492595,23.272818,372.90305,240.84085,50.081,5.108,5.081,33.921,49.24,0.0,95.275345,2.0,0.0,315.375,193.5,4603.0,0.0,-2.1015625,1.2667236,477.10742,19939.475,20000.502,1100.0834,541.2856,135.34987,118.66958,0.0,-0.3781131,4.0,91.41998,40.510185,-3.3749957,-4.4999943,7.272,0.0,11.3359375,0.9187622,0.0,0.0,0.0,0.0,0.0,0.7685547,0.7998047,77.29797,0.78125006,261.69247,300.5298,0.0,112.99123,99.90234,0.0,262.1023,277.2679,516.0,538.125,-1.1593632,371.78125,0.0,438.5,79.82713,76.99999,191.72974,0.0,146.09,275.625,7.8918457,18.655396,63.397217,91.90216,3.3984375,146.11,146.39,144.56,144.61,0
60904.8,-0.25772864,1.745893,1.4342967,1.6009688,101.27549,24.812016,13.499504,24.420704,373.15814,241.94804,50.081,5.16,5.081,33.921,49.24,0.0,95.4684,2.0,0.0,312.0,193.5,4621.0,0.0,-2.125,1.2980957,488.9066,19822.729,20000.502,1100.0834,540.75494,138.23236,120.17441,0.0,-0.6149904,4.0,92.666626,40.519318,-3.3749957,-4.4999943,7.364,0.0,11.234375,0.9720459,0.0,0.0,0.0,0.0,0.0,0.75683594,0.7998047,77.29797,0.78125006,269.60474,299.65366,0.0,112.9921,99.90234,0.0,270.01263,277.33423,516.0,538.125,-1.3962405,383.25,0.0,438.28125,79.82713,76.99999,198.50464,0.0,146.38,291.625,8.0078125,5.19104,59.832764,75.23956,3.2641602,146.39,146.68,145.07,145.01,0
60904.84,-0.24618292,1.8046073,1.4632957,1.6009265,101.27549,24.812016,13.5102,25.135485,381.51184,248.11385,50.081,5.201,5.081,33.921,49.24,0.0,95.62283,2.0,0.0,310.125,193.5,4635.0,0.0,-2.90625,1.3323364,501.80856,20042.426,20000.502,1100.0834,540.75494,138.65625,122.76017,0.0,-0.9607422,4.0,92.87109,40.527534,-3.3749957,-4.4999943,7.436,0.0,11.7734375,0.96881104,0.0,0.0,0.0,0.0,0.0,0.7792969,0.7998047,77.256775,0.78125006,274.53165,299.36047,0.0,112.9929,88.86719,0.0,275.24472,277.30936,516.375,538.875,-1.7419922,390.0625,0.0,438.09375,79.82713,76.99999,202.20337,0.0,146.88,290.65625,8.071899,-0.5065918,59.56421,69.59381,2.8466797,146.86,146.91,145.53,145.36,0
60904.87,-0.25694633,1.828093,1.4724405,1.562776,101.27549,24.812016,13.523546,25.331629,381.2072,248.82503,50.081,5.24,5.081,33.921,49.24,0.0,95.74638,2.0,0.0,307.125,193.5,4652.0,0.0,-2.9609375,1.3552246,510.4237,20137.947,20000.502,1100.0834,540.75494,139.50404,124.60412,0.0,-0.9248437,4.0,93.125916,40.53493,-3.3749957,-4.4999943,7.528,0.0,11.8203125,0.9649048,0.0,0.0,0.0,0.0,0.0,0.79785156,0.7998047,77.256775,0.78125006,275.88364,292.17404,0.0,112.99361,73.33984,0.0,276.6792,277.20157,516.375,538.875,-1.7060938,393.46875,0.0,388.8125,79.82713,76.99999,202.9541,0.0,146.94,289.46875,8.099365,0.08239746,59.490967,70.210266,2.65625,147.5,147.16,145.3,145.64,0
60904.91,-0.24555707,1.9124873,1.4715724,1.2620219,101.27549,24.812016,13.491873,25.345509,392.39545,255.90767,50.081,5.269,5.081,33.921,49.24,0.0,95.84523,2.0,99.84131,302.25,193.5,4648.0,0.0,-2.9609375,1.2459717,469.27173,19964.418,20000.502,1100.0834,541.8163,142.55609,125.91819,0.0,-0.739875,4.0,94.59686,40.541588,-3.3749957,-4.4999943,7.688,0.0,11.7578125,0.793396,0.0,0.0,0.0,0.0,0.0,0.8046875,0.7998047,77.256775,0.78125006,275.9793,238.25667,0.0,112.99425,28.027344,0.0,276.72064,269.58145,516.75,538.875,-1.5211251,394.75,0.0,121.78125,79.82713,76.99999,203.77197,0.0,147.5,238.03125,8.102417,0.2166748,73.4436,82.31659,2.6635742,147.56,147.5,145.81,145.94,0
60904.953,-0.23644567,2.039995,1.4037892,1.0884368,101.27549,24.812016,13.493139,23.566557,405.77548,264.4629,50.081,5.308,5.081,33.921,49.24,0.0,95.9243,2.0,99.998474,306.75,192.375,4645.0,0.0,-2.9453125,1.0982666,413.65067,20150.684,20000.502,1100.0834,541.8163,132.89128,118.22449,0.0,-0.74815005,4.0,89.93988,40.547577,-3.3749957,-6.374992,7.52,0.0,11.921875,1.2720947,0.0,0.0,0.0,0.0,0.0,0.79589844,0.7998047,77.3407,0.78125006,263.7172,206.87717,0.0,112.99482,0.0,0.0,264.93808,230.98335,516.75,538.875,-1.5294001,372.65625,0.0,-50.1875,58.819996,76.99999,195.72754,0.0,147.7,381.625,8.084106,-41.079712,48.828125,16.95404,2.6879883,147.74,148.1,146.39,146.34,0
60904.996,-0.20915653,2.128498,1.0854336,0.86237323,101.27549,24.812016,13.517463,15.247799,411.45947,266.31998,50.081,5.349,5.081,33.921,49.24,0.0,95.987564,2.0,99.998474,330.75,190.5,4613.0,0.0,-3.4765625,0.84033203,321.68683,20126.803,20000.502,1100.0834,540.75494,105.9951,91.15875,0.0,-0.7547701,4.0,77.13165,40.552967,0.0,-7.124991,6.668,0.0,10.28125,1.3421631,0.0,0.0,0.0,0.0,0.0,0.82128906,0.7998047,77.3407,0.78125006,206.3769,166.12756,0.0,112.99534,0.0,0.0,233.08945,180.85141,516.375,539.625,-1.5360202,279.34375,0.0,-46.875,27.542696,76.99999,160.63232,0.0,147.99,402.65625,7.9803467,-54.837036,49.40796,2.5512695,1.8725586,147.5,147.86,146.68,146.57,0
60905.04,-0.16732523,2.0888994,0.8443696,0.6309262,101.27549,24.812016,13.540349,9.08544,401.54993,260.86377,50.081,5.4,5.081,33.921,49.24,0.0,96.03818,2.0,99.998474,376.125,189.75,4630.0,0.0,-6.5390625,0.5371094,231.57207,20953.059,20000.502,1100.0834,540.75494,76.40718,71.49,0.0,-0.4475661,4.0,62.87384,40.55782,5.624993,-7.87499,5.056,0.0,7.046875,1.3841553,0.0,0.0,0.0,0.0,0.0,0.8466797,0.7998047,75.450134,0.78125006,163.90044,125.1811,0.0,112.995804,0.0,0.0,224.56554,130.4956,516.0,541.875,-1.2288162,228.75,0.0,-41.78125,20.540316,76.99999,151.50146,0.0,147.81,415.25,6.7596436,-53.997803,3.8757324,0.0,1.6748047,147.5,147.92,146.86,146.86,0
60905.07,-0.13386019,1.9980597,0.64921093,0.47832373,101.27549,24.812016,13.556369,4.1568394,391.3431,252.36606,50.081,5.44,5.081,33.921,49.24,0.0,96.07866,2.0,99.998474,402.75,189.75,4596.0,0.0,-8.6875,0.26062012,174.98085,20716.91,19771.783,1100.0834,540.75494,62.143097,57.225906,0.0,0.11069709,4.0,56.381226,40.562187,13.499983,-8.2499895,4.088,0.0,3.4375,1.328125,0.0,0.0,0.0,0.0,0.0,0.8642578,0.7998047,68.592834,0.78125006,129.92813,98.02768,0.0,112.99622,0.0,0.0,217.48438,101.27547,516.375,544.875,-0.67055297,151.65625,0.0,-33.78125,17.739363,76.99999,147.35718,0.0,147.76,398.4375,5.844116,-55.184937,0.0,0.0,1.5258789,147.92,147.68,146.52,146.91,0
60905.113,-0.08708815,1.7742239,0.46152505,0.32614526,101.27549,24.812016,13.567583,-0.641519,364.53232,234.41162,50.081,5.469,5.081,33.921,49.24,0.0,96.11105,2.0,99.998474,420.75,193.875,4583.0,0.0,-14.203125,0.1416626,147.36931,19951.15,19317.527,1100.0834,539.9589,48.64202,42.580315,0.0,0.8698076,4.0,50.912476,40.566116,17.624977,-4.1249948,3.436,0.0,-3.421875,0.8601074,0.0,0.0,0.0,0.0,0.0,0.8457031,0.7998047,63.253784,0.78125006,96.85357,72.495094,0.0,112.996605,0.0,0.0,205.6852,101.27547,514.875,550.125,0.08855754,105.0,0.0,-28.6875,14.004761,76.99999,137.92114,0.0,147.76,258.03125,4.623413,-56.323242,0.0,0.0,1.3183594,147.45,147.27,146.8,146.91,0
60905.152,-0.04967052,1.4596896,0.33798626,0.19439852,101.27549,24.812016,13.587152,-3.5901678,327.5946,211.71611,50.081,5.508,5.081,33.921,49.24,0.0,96.13696,2.0,99.998474,433.875,195.375,4606.0,0.0,-13.4296875,0.10028076,132.99971,19962.295,18863.271,1100.0834,539.9589,29.545525,29.905836,0.0,1.0864712,4.0,41.98456,40.569653,21.374973,-4.4999943,2.908,0.0,-10.8359375,0.49945068,0.0,0.0,0.0,0.0,0.0,0.79296875,0.7998047,60.96649,1.0156251,76.528854,47.787647,0.0,112.99695,0.0,0.0,191.15807,101.27547,513.75,549.375,0.070846036,63.5625,0.0,-28.875,11.203809,76.99999,127.83203,0.0,147.37,149.84375,3.40271,-55.184937,14.39209,0.0,1.09375,147.22,147.22,146.75,146.91,0
60905.195,-0.019736417,0.95887583,0.20446885,0.0966482,101.27549,24.812016,13.583272,-7.0894575,252.1275,160.6088,50.081,5.55,5.081,33.921,49.24,0.0,96.157684,2.0,99.998474,458.625,198.0,4540.0,0.0,-6.421875,0.06976318,120.35478,19613.643,18297.045,1100.0834,539.9589,12.738063,17.803616,0.0,0.9238645,4.0,34.765625,40.572838,32.999958,3.7499952,1.904,0.0,-17.648438,0.1850586,0.0,0.0,0.0,0.0,0.0,0.76171875,0.7998047,58.995056,1.1796876,52.40863,30.935879,0.0,112.99725,0.0,0.0,180.669,101.27547,511.125,543.0,-0.25582314,13.25,0.0,-30.0,6.535555,76.99999,118.63403,0.0,147.28,55.53125,1.876831,-58.450317,36.462402,0.0,0.8227539,147.09,146.91,146.68,146.8,0
60905.234,0.004210865,0.5335504,0.1458422,0.09363854,101.27549,24.812016,13.598134,-8.743741,185.22626,116.6663,50.081,5.597,5.081,33.921,49.24,0.0,96.17427,2.0,99.998474,474.75,210.75,4489.0,0.0,-6.3125,0.064941406,112.54395,18494.986,17849.158,1100.0834,539.9589,14.921125,14.264088,0.0,1.2461228,4.0,36.53717,40.575703,40.12495,13.124983,1.112,0.0,-17.0625,0.042297363,0.0,0.0,0.0,0.0,0.0,0.85253906,0.7998047,58.843994,1.2945313,41.005833,30.614292,0.0,112.99753,0.0,0.0,171.80511,101.27547,505.125,542.25,-0.048408523,7.375,0.0,-31.375,6.06873,76.99999,112.298584,0.0,146.97,12.6875,0.6561279,-60.97107,82.70264,22.387695,0.5810547,146.75,147.03,146.75,146.75,0
60905.273,0.023368692,0.28842014,0.13223271,0.09393526,101.27549,24.812016,13.608538,-9.54784,149.7808,95.958916,50.081,5.635,5.081,33.921,49.24,0.0,96.18753,2.0,99.998474,480.0,210.375,4566.0,0.0,-9.0546875,0.06402588,110.3881,17906.47,17511.65,1100.0834,539.9589,14.1581135,12.568505,0.0,1.961195,4.0,36.428833,40.57828,40.12495,11.624985,0.872,0.0,-10.6953125,0.045410156,0.0,0.0,0.0,0.0,0.0,0.81347656,0.7998047,58.8089,1.3749219,35.463264,27.828371,0.0,112.99777,0.0,0.0,164.61615,101.27547,504.0,544.5,0.58627313,1.5,0.0,-31.875,6.06873,76.99999,104.84619,0.0,146.94,13.625,0.0,-57.162476,81.36597,24.203491,0.56152344,146.8,146.75,146.63,146.75,0
60905.312,0.038694955,0.02161806,0.11165429,0.09389288,101.27549,24.812016,13.598242,-10.279216,0.0,0.0,50.081,5.669,5.081,33.921,49.24,0.0,96.19815,2.0,99.998474,482.625,211.5,4558.0,0.0,-9.703125,0.06329346,109.194084,17644.85,17057.395,1100.0834,539.1629,8.2659645,10.491417,0.0,1.275214,4.0,32.969666,40.5806,40.12495,14.624981,0.804,0.0,-7.0625,0.04260254,0.0,0.0,0.0,0.0,0.0,0.75,0.7998047,58.73413,1.4311954,30.42197,26.901117,0.0,112.99799,0.0,0.0,156.90483,101.27547,504.75,545.625,-0.15598142,-4.5625,0.0,-32.78125,6.06873,76.99999,97.058105,0.0,146.78,12.78125,0.0,-57.559204,82.47681,24.917603,0.56640625,146.8,146.8,146.16,146.57,0
60905.355,0.07095596,-0.23510279,0.10340844,0.09406243,101.27549,24.812016,13.620332,-10.501385,0.0,0.0,50.081,5.708,5.081,33.921,49.24,0.0,96.206635,2.0,99.998474,487.125,213.375,4580.0,0.0,-10.1953125,0.062683105,107.55232,16544.766,16489.576,1100.0834,539.1629,11.063676,9.982741,0.0,0.5645517,4.0,33.457947,40.58269,40.12495,15.37498,0.624,0.0,-7.59375,0.044799805,0.0,0.0,0.0,0.0,0.0,0.7705078,0.7998047,58.27484,1.4705868,28.89059,27.034187,0.0,112.99819,0.0,0.0,147.94145,101.27547,504.375,546.375,-0.90603507,-6.84375,0.0,-33.1875,6.535555,76.99999,87.65259,0.0,146.79,13.4375,0.0,-56.469727,81.536865,25.067139,0.55908203,146.75,146.8,146.11,146.34,0
60905.4,0.09676477,-0.41279113,0.097769186,0.094104834,101.27549,24.812016,13.612357,-10.6406975,0.0,0.0,50.081,5.76,5.081,33.921,49.24,0.0,96.3638,2.0,99.998474,488.625,213.75,4601.0,0.0,-10.078125,0.06311035,107.1709,16168.52,16035.32,1100.0834,539.6936,9.70721,9.389288,0.0,0.46083272,4.0,32.084656,40.509384,40.12495,15.74998,0.576,0.0,-8.3515625,0.044128418,0.0,0.0,0.0,0.0,0.0,0.7949219,0.7998047,58.306885,1.4981607,27.930323,27.202168,0.0,112.998375,0.0,0.0,142.41914,101.27547,504.75,546.0,-1.037328,-8.53125,0.0,-33.5,6.535555,76.99999,81.34766,0.0,146.73,13.25,0.0,-55.560303,81.83594,26.275635,0.6225586,146.8,146.68,145.87,146.27,0
60905.44,0.11741182,-0.5213665,0.09494962,0.09414723,101.27549,24.812016,13.618494,-10.725337,0.0,0.0,50.081,5.801,5.081,33.921,49.24,0.0,96.48953,2.0,99.998474,488.25,213.0,4606.0,0.0,-9.40625,0.06323242,106.83094,15720.632,15579.473,1100.0834,539.6936,9.050171,9.092561,0.0,0.37510014,4.0,31.085205,40.44341,40.12495,14.999981,0.584,0.0,-8.0390625,0.043395996,0.0,0.0,0.0,0.0,0.0,0.7861328,0.7998047,58.135986,1.5174625,27.34691,27.194832,0.0,112.998535,0.0,0.0,137.7426,101.27547,504.75,545.625,-1.1423624,-9.71875,0.0,-33.5,6.535555,76.99999,76.18408,0.0,146.58,13.03125,0.0,-55.51758,82.14722,26.629639,0.64697266,146.57,146.57,146.11,146.27,0
60905.473,0.13392946,-0.5647966,0.09671968,0.09393526,101.27549,24.812016,13.628649,-10.691618,0.0,0.0,50.081,5.84,5.081,33.921,49.24,0.0,96.59012,2.0,99.998474,486.75,210.75,4588.0,0.0,-9.1875,0.06341553,106.60706,15342.263,15238.781,1100.0834,539.6936,8.15999,9.389288,0.0,0.3045838,4.0,29.949951,40.38403,40.12495,12.749984,0.644,0.0,-8.3359375,0.04248047,0.0,0.0,0.0,0.0,0.0,0.78515625,0.7998047,58.01544,1.5309737,27.57933,27.024544,0.0,112.99868,0.0,0.0,134.10251,101.27547,504.75,545.25,-1.2263899,-11.5,0.0,-33.1875,7.0023804,76.99999,73.309326,0.0,146.61,12.75,0.0,-57.15332,82.53174,25.378418,0.72753906,146.27,146.63,146.21,146.39,0
60905.508,0.18714356,-0.5821687,0.0999148,0.09406243,101.27549,24.812016,13.629898,-10.606571,0.0,0.0,50.081,5.869,5.081,33.921,49.24,0.0,96.67059,2.0,99.998474,487.5,207.75,4570.0,0.0,-9.6484375,0.06451416,106.78948,14755.87,14784.526,1100.0834,539.9589,11.04248,9.791988,0.0,0.40306962,4.0,31.266785,40.33059,40.12495,9.749988,0.624,0.0,-8.171875,0.04156494,0.0,0.0,0.0,0.0,0.0,0.80566406,0.81347656,58.189392,1.5404315,28.165552,27.043982,0.0,112.99881,0.0,0.0,130.71948,101.27547,504.75,545.625,-1.1373619,-13.21875,0.0,-33.28125,7.0023804,76.99999,69.23218,0.0,146.61,12.46875,0.0,-57.22351,82.977295,25.753784,0.7714844,146.16,146.21,145.98,146.27,0
60905.55,0.22971486,-0.5891175,0.09871992,0.09406243,101.27549,24.812016,13.636632,-10.639154,0.0,0.0,50.081,5.907,5.081,33.921,49.24,0.0,96.73497,2.0,99.998474,486.375,206.625,4580.0,0.0,-10.359375,0.064941406,106.92215,14642.306,14330.2705,1100.0834,539.9589,7.0790567,9.601235,0.0,0.6371625,4.0,28.382874,40.282494,40.12495,8.624989,0.664,0.0,-7.7265625,0.040222168,0.0,0.0,0.0,0.0,0.0,0.82128906,0.8173828,58.311462,1.547052,27.940952,27.01424,0.0,112.99893,0.0,0.0,127.91687,101.27547,504.75,546.375,-0.9098895,-14.6875,0.0,-33.09375,7.0023804,76.99999,64.94751,0.0,146.2,12.0625,0.0,-55.108643,83.551025,28.442383,0.6591797,146.45,146.34,145.59,146.04,0
60905.594,0.2637719,-0.62939703,0.09927804,0.094104834,101.27549,24.812016,13.59447,-10.618301,0.0,0.0,50.081,5.95,5.081,33.921,49.24,0.0,96.78647,2.0,99.998474,485.625,205.125,4588.0,0.0,-9.921875,0.06585693,106.8724,14100.489,13876.016,1100.0834,539.6936,7.7784843,9.70721,0.0,0.98002476,4.0,28.23639,40.239204,40.12495,6.7499914,0.684,0.0,-7.859375,0.03955078,0.0,0.0,0.0,0.0,0.0,0.8378906,0.82128906,58.410645,1.5516864,28.084696,27.075428,0.0,112.99904,0.0,0.0,125.2635,101.27547,504.75,546.0,-0.57166165,-15.9375,0.0,-33.1875,7.469206,76.99999,61.43799,0.0,146.3,11.875,0.0,-50.48828,83.87451,33.38623,0.59814453,146.11,146.11,145.53,145.98,0
60905.637,0.29101753,-0.6455088,0.09671769,0.094104834,101.27549,24.812016,13.600113,-10.694104,0.0,0.0,50.081,5.989,5.081,33.921,49.24,0.0,96.82767,2.0,99.998474,485.625,204.0,4584.0,0.0,-9.09375,0.06616211,106.814354,13504.545,13504.545,1100.0834,539.6936,8.68986,9.346898,0.0,1.0976012,4.0,28.155518,40.200245,40.12495,5.9999924,0.692,0.0,-7.7890625,0.038208008,0.0,0.0,0.0,0.0,0.0,0.7890625,1.0,54.891968,1.5549304,27.562193,27.054655,0.0,112.99914,0.0,0.0,122.635025,101.27547,504.75,545.25,-0.45732933,-17.53125,0.0,-33.1875,7.469206,76.99999,57.421875,0.0,146.12,11.46875,0.0,-46.11206,84.436035,38.323975,0.60791016,146.16,145.98,145.46,145.76,0
60905.67,0.29281402,-0.6519536,0.09406185,0.09389288,101.27549,24.812016,13.604063,-10.625403,0.0,0.0,50.081,6.036,5.081,33.921,49.24,0.0,96.86063,2.0,99.998474,485.625,204.0,4558.0,0.0,-9.21875,0.066345215,106.540726,13148.994,13375.061,1100.0834,539.6936,10.872923,7.4817576,0.0,1.1913378,4.0,29.768372,40.16518,40.12495,5.9999924,0.692,0.0,-8.15625,0.033081055,0.0,0.0,0.0,0.0,0.0,0.7763672,1.0,54.891968,1.5572013,28.035748,27.997179,0.0,112.99922,0.0,0.0,121.159096,101.27547,504.75,545.25,-0.36586347,-21.6875,0.0,-33.0,7.469206,76.99999,55.316162,0.0,146.11,9.9375,0.0,-44.918823,86.535645,41.61682,0.68359375,145.59,145.94,145.53,145.76,0
60905.71,0.3142512,-0.6545315,0.089710586,0.09389288,101.27549,24.812016,13.612688,-10.455451,0.0,0.0,50.081,6.069,5.081,33.921,49.24,0.0,96.88699,2.0,99.998474,488.625,204.0,4554.0,0.0,-9.8203125,0.066345215,106.076385,12864.023,12864.023,1100.0834,539.1629,3.9846187,6.73994,0.0,1.2661002,4.0,25.32959,40.058437,40.12495,5.9999924,0.568,0.0,-8.5390625,0.03112793,0.0,0.0,0.0,0.0,0.0,0.8408203,1.0,54.46167,1.5587909,29.207207,30.048746,0.0,112.9993,0.0,0.0,119.31003,101.27547,504.375,546.0,-0.29269078,-28.21875,0.0,-32.78125,7.469206,76.99999,52.404785,0.0,145.8,9.34375,0.0,-41.73889,87.3291,45.59021,0.703125,145.53,145.64,145.36,145.64,0
60905.758,0.29140097,-0.7118126,0.090142146,0.093765706,101.27549,24.812016,13.642162,-10.318884,0.0,0.0,50.081,6.108,5.081,33.921,49.24,0.0,96.9081,2.0,99.998474,489.375,204.0,4539.0,0.0,-10.015625,0.0670166,105.61205,12209.705,12209.705,1100.0834,539.1629,0.0,6.761135,0.0,1.325751,4.0,0.0,39.962368,40.12495,5.9999924,0.54,0.0,-7.765625,0.029907227,0.0,0.0,0.0,0.0,0.0,0.9980469,1.0,54.44336,1.5599036,30.148544,30.871815,0.0,112.99937,0.0,0.0,117.245384,101.27547,504.375,546.0,-0.23415263,-31.375,0.0,-32.6875,7.469206,76.99999,49.188232,0.0,145.57,8.96875,0.0,-37.98523,87.854004,49.868774,0.7055664,145.18,145.46,145.24,145.36,0
60905.8,0.2731208,-0.7909751,0.09093013,0.093765706,101.27549,24.812016,13.651076,-10.28724,0.0,0.0,50.081,6.16,5.081,33.921,49.24,0.0,96.92497,2.0,99.998474,0.0,204.0,4531.0,0.0,-9.90625,0.06768799,105.58717,12254.812,12254.812,1100.0834,538.3669,0.0,7.333394,0.0,1.3733604,4.0,0.0,39.875904,40.12495,5.9999924,0.0,0.0,-7.875,0.029174805,0.0,0.0,0.0,0.0,0.0,1.4951172,1.0,54.44336,1.5606825,30.366661,30.930252,0.0,112.99943,0.0,0.0,116.10113,101.27547,720.0,546.0,-0.18732211,-31.25,0.0,-32.6875,7.469206,76.99999,47.772217,0.0,145.31,8.75,0.0,-35.47058,88.17749,52.70691,0.72021484,145.13,145.18,144.83,145.07,0
60905.836,0.23849663,-0.91639006,0.09163132,0.093765706,101.27549,24.812016,13.669035,-10.264583,0.0,0.0,50.081,6.2,5.081,33.921,49.24,0.0,96.93848,2.0,99.998474,0.0,204.0,4532.0,0.0,-9.75,0.06896973,105.61205,12288.775,12288.775,1100.0834,538.3669,0.0,6.8883038,0.0,1.4113702,4.0,0.0,39.798088,40.12495,5.9999924,0.0,0.0,-7.8984375,0.026428223,0.0,0.0,0.0,0.0,0.0,1.9999695,1.0,53.979492,1.5612278,30.52284,30.945784,0.0,112.99949,0.0,0.0,115.122696,101.27547,720.0,545.625,-0.14985768,-31.1875,0.0,-32.6875,7.469206,76.99999,46.228027,0.0,144.94,7.9375,0.0,-33.233643,89.33716,56.103516,0.60058594,144.61,144.67,144.22,144.79,0
60905.88,0.23079732,-1.079056,0.09105059,0.093765706,101.27549,24.812016,13.669887,-10.292498,0.0,0.0,50.081,6.235,5.081,33.921,49.24,0.0,96.94928,2.0,99.998474,0.0,204.0,4527.0,0.0,-9.546875,0.06964111,105.61205,12337.066,12337.066,1100.0834,538.3669,0.0,7.142641,0.0,1.4417232,4.0,0.0,39.728054,40.12495,5.9999924,0.0,0.0,-7.7734375,0.024963379,0.0,0.0,0.0,0.0,0.0,1.9999695,1.0,53.979492,1.5616094,30.330418,30.881617,0.0,112.99954,0.0,0.0,114.218895,101.27547,720.0,545.625,-0.11988615,-31.15625,0.0,-32.59375,7.469206,76.99999,44.665527,0.0,144.66,7.5,0.0,-31.430054,89.95361,58.52356,0.69091797,144.73,144.73,144.17,144.39,0
60905.926,0.22463787,-1.2753725,0.09123106,0.093765706,101.27549,24.812016,13.670483,-10.289745,0.0,0.0,50.081,6.281,5.081,33.921,49.24,0.0,96.95792,2.0,99.998474,0.0,204.0,4523.0,0.0,-9.3984375,0.07092285,105.62034,12371.029,12371.029,1100.0834,538.10156,0.0,7.142641,0.0,1.4659677,4.0,0.0,39.665024,40.12495,5.9999924,0.0,0.0,-7.703125,0.023132324,0.0,0.0,0.0,0.0,0.0,1.9999695,1.0,53.55072,1.5618765,30.349396,30.851675,0.0,112.99959,0.0,0.0,113.25705,101.27547,720.0,545.625,-0.095908925,-31.15625,0.0,-32.5,7.936031,76.99999,43.286133,0.0,144.63,6.9375,0.0,-29.498291,90.72876,61.23047,0.5908203,144.27,144.44,144.05,144.33,0
60905.96,0.21971029,-1.447649,0.092248715,0.09363854,101.27549,24.812016,13.67676,-10.272662,0.0,0.0,50.081,6.321,5.081,33.921,49.24,0.0,96.96483,2.0,99.998474,0.0,204.0,4509.0,0.0,-9.4296875,0.07220459,105.64522,12415.075,12415.075,1100.0834,538.10156,0.0,7.3969784,0.0,1.4853364,4.0,0.0,39.608295,40.12495,5.9999924,0.0,0.0,-7.6640625,0.020935059,0.0,0.0,0.0,0.0,0.0,1.9999695,1.0,53.546143,1.5620636,30.467148,30.758192,0.0,112.999626,0.0,0.0,112.33667,101.27547,720.0,545.25,-0.076727144,-31.0625,0.0,-32.375,7.936031,76.99999,41.851807,0.0,144.2,6.28125,0.0,-27.807617,91.65039,63.842773,0.68847656,143.76,144.17,143.99,143.93,0
60906.0,0.23576824,-1.6290597,0.092874825,0.09363854,101.27549,24.812016,13.675294,-10.255619,0.0,0.0,50.081,6.36,5.081,33.921,49.24,0.0,96.97035,2.0,99.998474,0.0,204.0,4500.0,0.0,-10.046875,0.07287598,105.64522,12444.793,12444.793,1100.0834,537.57086,0.0,7.0790567,0.0,1.7351878,4.0,0.0,39.48205,40.12495,5.9999924,0.0,0.0,-7.6484375,0.018554688,0.0,0.0,0.0,0.0,0.0,1.9999695,1.0,53.546143,1.7965695,30.584625,30.73313,0.0,112.999664,0.0,0.0,111.64845,101.27547,720.0,546.0,-0.061381716,-31.0,0.0,-32.28125,7.936031,76.99999,40.88745,0.0,144.01,5.5625,0.0,-26.535034,92.614746,66.07971,0.64208984,143.66,143.82,143.66,143.6,0
60906.04,0.2486146,-1.7953739,0.0920198,0.09363854,101.27549,24.812016,13.6859865,-10.289005,0.0,0.0,50.081,6.4,5.081,33.921,49.24,0.0,96.97478,2.0,99.998474,0.0,204.0,4484.0,0.0,-10.125,0.07385254,105.67838,12483.531,12483.531,1100.0834,537.57086,0.0,7.2698097,0.0,1.9116182,4.0,0.0,39.36843,40.12495,5.9999924,0.0,0.0,-7.3203125,0.016418457,0.0,0.0,0.0,0.0,0.0,1.9999695,1.0,53.09143,1.9607236,30.354496,30.683313,0.0,112.999695,0.0,0.0,111.18411,101.27547,720.0,546.0,-0.049105372,-30.90625,0.0,-32.1875,7.936031,76.99999,39.813232,0.0,143.42,4.9375,0.0,-25.827026,93.48755,67.66052,0.6201172,143.15,143.27,142.88,143.04,0
60906.086,0.23889169,-1.9743996,0.09092781,0.09346898,101.27549,24.812016,13.687613,-10.31908,0.0,0.0,50.081,6.44,5.081,33.921,49.24,0.0,96.97832,2.0,99.998474,0.0,204.0,4472.0,0.0,-10.2265625,0.07446289,105.65351,12507.942,12507.942,1100.0834,537.57086,0.0,6.930693,0.0,2.0363474,4.0,0.0,39.266174,40.12495,5.9999924,0.0,0.0,-7.5078125,0.013549805,0.0,0.0,0.0,0.0,0.0,1.9999695,1.0,53.09143,2.0756316,30.147194,30.665041,0.0,112.999725,0.0,0.0,110.57881,101.27547,720.0,546.375,-0.0392843,-30.8125,0.0,-32.09375,7.936031,76.99999,38.897705,0.0,143.11,4.0625,0.0,-24.450684,94.63501,70.184326,0.6738281,142.94,142.88,142.32,142.72,0
60906.11,0.23111334,-2.1022599,0.09048421,0.09346898,101.27549,24.812016,13.68875,-10.331869,0.0,0.0,50.081,6.481,5.081,33.921,49.24,0.0,96.981155,2.0,99.998474,0.0,204.0,4466.0,0.0,-10.3203125,0.075805664,105.661804,12528.108,12528.108,1100.0834,536.5095,0.0,6.9942775,0.0,2.1246397,4.0,0.0,39.174145,40.12495,5.9999924,0.0,0.0,-7.9375,0.011962891,0.0,0.0,0.0,0.0,0.0,1.9999695,1.0,52.66266,2.1560671,30.059046,30.658762,0.0,112.999756,0.0,0.0,110.22227,101.27547,720.0,546.375,-0.03142744,-30.78125,0.0,-32.09375,7.936031,76.99999,38.26294,0.0,142.95,3.59375,0.0,-23.406982,95.288086,71.8811,0.7055664,142.43,142.82,142.32,142.6,0
60906.152,0.24489067,-2.284654,0.09048926,0.09346898,101.27549,24.812016,13.695406,-10.334167,0.0,0.0,50.081,6.505,5.081,33.921,49.24,0.0,96.98341,2.0,99.998474,0.0,204.0,4449.0,0.0,-10.4921875,0.076416016,105.661804,12566.848,12566.848,1100.0834,536.5095,0.0,6.8459144,0.0,2.1872299,4.0,0.0,39.091316,40.12495,5.9999924,0.0,0.0,-7.8125,0.009277344,0.0,0.0,0.0,0.0,0.0,1.9999695,1.0,52.627563,2.2123718,30.043207,30.634632,0.0,112.99978,0.0,0.0,109.40138,101.27547,720.0,546.375,-0.025141953,-30.6875,0.0,-32.0,7.936031,76.99999,36.724854,0.0,142.42,2.78125,0.0,-21.569824,96.3501,74.78027,0.68359375,141.94,142.32,141.89,142.05,0
60906.195,0.25591254,-2.4138615,0.09124177,0.09338419,101.27549,24.812016,13.688347,-10.321147,0.0,0.0,50.081,6.556,5.081,33.921,49.24,0.0,97.135605,2.0,99.998474,0.0,204.0,4437.0,0.0,-10.5859375,0.077697754,105.67009,12596.564,12596.564,1100.0834,535.71356,0.0,7.1850305,0.0,2.2316718,4.0,0.0,39.01677,40.12495,5.9999924,0.0,0.0,-6.859375,0.0076904297,0.0,0.0,0.0,0.0,0.0,1.9999695,1.0,52.627563,2.2517853,30.132952,30.556984,0.0,112.9998,0.0,0.0,109.06971,101.27547,720.0,546.75,-0.020113563,-30.59375,0.0,-31.875,7.936031,76.99999,36.242676,0.0,142.07,2.3125,0.0,-20.38269,96.99097,76.60828,0.6591797,141.73,141.73,141.5,141.77,0
60906.24,0.26473004,-2.4842947,0.09263349,0.09338419,101.27549,24.812016,13.695124,-10.285983,0.0,0.0,50.081,6.6,5.081,33.921,49.24,0.0,97.257355,2.0,99.998474,0.0,204.0,4420.0,0.0,-10.7421875,0.07836914,105.67009,12625.221,12625.221,1100.0834,535.71356,0.0,6.9942775,0.0,2.2632837,4.0,0.0,38.94968,40.12495,5.9999924,0.0,0.0,-7.1484375,0.0051879883,0.0,0.0,0.0,0.0,0.0,1.9999695,1.0,52.593994,2.2793746,30.375324,30.525936,0.0,112.999825,0.0,0.0,108.43125,101.27547,720.0,546.75,-0.016090851,-30.5,0.0,-31.78125,7.936031,76.99999,35.479736,0.0,141.47,1.5625,0.0,-18.902588,97.97363,79.071045,0.6176758,141.29,141.12,140.96,141.12,0
60906.273,0.27178404,-2.549968,0.092345305,0.09321464,101.27549,24.812016,13.699867,-10.2879925,0.0,0.0,50.081,6.64,5.081,33.921,49.24,0.0,97.35475,2.0,99.998474,0.0,204.0,4410.0,0.0,-10.8125,0.07965088,105.69497,12631.059,12631.059,1100.0834,535.71356,0.0,6.9942775,0.0,2.2858145,4.0,0.0,38.889297,40.12495,5.9999924,0.0,0.0,-7.9375,0.003112793,0.0,0.0,0.0,0.0,0.0,1.9999695,1.0,52.593994,2.2986872,30.361479,30.542469,0.0,112.99984,0.0,0.0,108.38149,101.27547,720.0,546.75,-0.012872681,-30.46875,0.0,-31.6875,7.936031,76.99999,35.131836,0.0,141.25,0.9375,0.0,-18.582153,98.791504,80.20935,0.6152344,140.8,141.08,140.75,140.8,0
60906.312,0.27742723,-2.6512372,0.09078831,0.09321464,101.27549,24.812016,13.691469,-10.335322,0.0,0.0,50.081,6.67,5.081,33.921,49.24,0.0,97.43268,2.0,99.998474,0.0,204.0,4397.0,0.0,-10.8515625,0.079956055,105.67838,12665.021,12665.021,1100.0834,534.6522,0.0,7.0154724,0.0,2.3019078,4.0,0.0,38.834953,40.12495,5.9999924,0.0,0.0,-7.6875,9.1552734E-4,0.0,0.0,0.0,0.0,0.0,1.9999695,1.0,52.166748,2.312206,30.035242,30.51353,0.0,112.999855,0.0,0.0,107.875694,101.27547,720.0,546.75,-0.010298145,-30.375,0.0,-31.59375,7.936031,76.99999,33.898926,0.0,140.9,0.28125,0.0,-17.358398,99.645996,82.2876,0.6591797,140.27,140.48,140.38,140.48,0
60906.35,0.2619418,-2.729245,0.09039399,0.09312987,101.27549,24.812016,13.69145,-10.351577,0.0,0.0,50.081,6.708,5.081,33.921,49.24,0.0,97.49501,2.0,99.998474,0.0,204.0,4381.0,0.0,-10.7578125,0.08129883,105.71155,12698.984,12698.984,1100.0834,534.6522,0.0,6.8247194,0.0,2.3134305,4.0,0.0,38.786045,40.12495,5.9999924,0.0,0.0,-7.6796875,0.0,0.0,0.0,0.0,0.0,0.0,1.9999695,1.0,52.124023,2.321669,29.923195,30.464302,0.0,112.99987,0.0,0.0,107.685,101.27547,720.0,546.75,-0.008238516,-30.28125,0.0,-31.5,7.936031,76.99999,33.55713,0.0,140.34,0.0,0.0,-16.690063,99.998474,83.30841,0.5444336,139.85,139.95,140.0,140.16,0
60906.39,0.24955344,-2.7791982,0.08980869,0.09312987,101.27549,24.812016,13.685577,-10.379452,0.0,0.0,50.081,6.749,5.081,33.921,49.24,0.0,97.544876,2.0,99.998474,0.0,204.0,4366.0,0.0,-10.59375,0.081970215,105.71155,12733.479,12712.782,1100.0834,533.5908,0.0,6.9094987,0.0,2.3217025,4.0,0.0,38.742027,40.12495,5.9999924,0.0,0.0,-7.34375,0.0,0.0,0.0,0.0,0.0,0.0,1.9999695,1.0,52.124023,2.3282933,29.731052,30.396856,0.0,112.999886,0.0,0.0,107.328445,101.27547,720.0,546.75,-0.006590813,-30.1875,0.0,-31.375,7.936031,76.99999,32.824707,0.0,139.78,0.0,0.0,-15.637207,99.998474,84.36127,0.6933594,139.64,139.64,139.2,139.37,0
60906.438,0.23964277,-2.8366795,0.09010664,0.0929603,101.27549,24.812016,13.693185,-10.375758,0.0,0.0,50.081,6.789,5.081,33.921,49.24,0.0,97.58478,2.0,99.998474,0.0,204.0,4349.0,0.0,-10.625,0.08325195,105.728134,12743.03,12743.03,1100.0834,533.5908,0.0,6.7187457,0.0,2.3276577,4.0,0.0,38.70241,40.12495,5.9999924,0.0,0.0,-7.125,0.0,0.0,0.0,0.0,0.0,0.0,1.9999695,1.0,51.65558,2.3329303,29.756516,30.322702,0.0,112.9999,0.0,0.0,106.82264,101.27547,720.0,546.75,-0.0052726506,-30.0625,0.0,-31.375,7.936031,76.99999,32.006836,0.0,139.2,0.0,0.0,-14.398193,99.998474,85.60028,0.6738281,139.05,139.01,138.47,138.68,0
60906.48,0.23171422,-2.9346719,0.09165703,0.0929603,101.27549,24.812016,13.692651,-10.3335905,0.0,0.0,50.081,6.84,5.081,33.921,49.24,0.0,97.6167,2.0,99.998474,0.0,204.0,4332.0,0.0,-10.71875,0.083862305,105.728134,12767.441,12767.441,1100.0834,533.5908,0.0,6.8883038,0.0,2.331958,4.0,0.0,38.666756,40.12495,5.9999924,0.0,0.0,-7.15625,0.0,0.0,0.0,0.0,0.0,0.0,1.9999695,1.0,51.65558,2.3361762,30.04717,30.318476,0.0,112.99991,0.0,0.0,106.631935,101.27547,720.0,546.75,-0.0042181206,-29.96875,0.0,-31.28125,7.936031,76.99999,32.06787,0.0,138.61,0.0,0.0,-14.083862,99.998474,85.91461,0.68603516,138.43,138.64,138.01,138.32,0
60906.51,0.22537139,-3.0113688,0.091064215,0.0929603,101.27549,24.812016,13.686418,-10.354253,0.0,0.0,50.081,6.881,5.081,33.921,49.24,0.0,97.64223,2.0,99.998474,0.0,204.0,4321.0,0.0,-11.4140625,0.084228516,105.71155,12796.098,12796.098,1100.0834,532.26416,0.0,6.6127715,0.0,2.3350737,4.0,0.0,38.709854,40.12495,5.9999924,0.0,0.0,-7.125,0.0,0.0,0.0,0.0,0.0,0.0,1.9999695,1.0,51.228333,2.3384483,29.904757,30.279984,0.0,112.999916,0.0,0.0,106.49927,101.27547,720.0,547.125,-0.0033744965,-29.9375,0.0,-31.1875,7.936031,76.99999,31.298828,0.0,138.57,0.0,0.0,-13.272095,99.998474,86.72638,0.625,137.9,138.11,138.05,138.22,0
60906.55,0.22029713,-3.1170475,0.09078354,0.092875525,101.27549,24.812016,13.693773,-10.369677,0.0,0.0,50.081,6.908,5.081,33.921,49.24,0.0,97.66266,2.0,99.998474,0.0,204.0,4305.0,0.0,-11.4140625,0.085510254,105.73643,12806.181,12806.181,1100.0834,532.26416,0.0,6.7187457,0.0,2.3373392,4.0,0.0,38.748642,40.12495,5.9999924,0.0,0.0,-6.765625,0.0,0.0,0.0,0.0,0.0,0.0,1.9999695,1.0,51.187134,2.3400388,29.79844,30.205503,0.0,112.99992,0.0,0.0,106.21735,101.27547,720.0,547.5,-0.0026995973,-29.8125,0.0,-31.09375,7.936031,76.99999,30.773926,0.0,137.85,0.0,0.0,-12.576294,99.998474,87.42218,0.6689453,137.65,137.75,137.45,137.55,0
60906.598,0.2162377,-3.2530692,0.09016212,0.092790745,101.27549,24.812016,13.687203,-10.396114,0.0,0.0,50.081,6.949,5.081,33.921,49.24,0.0,97.679,2.0,99.998474,0.0,204.0,4287.0,0.0,-11.2734375,0.086120605,105.71984,12835.898,12835.898,1100.0834,531.2028,0.0,6.6551614,0.0,2.3389926,4.0,0.0,38.78355,40.12495,5.9999924,0.0,0.0,-6.5859375,0.0,0.0,0.0,0.0,0.0,0.0,1.9999695,1.0,51.187134,2.3411522,29.6162,30.14885,0.0,112.99993,0.0,0.0,106.07639,101.27547,720.0,547.5,-0.002159678,-29.71875,0.0,-31.0,7.469206,76.99999,30.36499,0.0,137.33,0.0,0.0,-12.008667,99.998474,87.98981,0.59814453,137.09,137.3,136.74,136.98,0
60906.637,0.21299016,-3.3449779,0.088655986,0.092790745,101.27549,24.812016,13.688464,-10.433454,0.0,0.0,50.081,7.0,5.081,33.921,49.24,0.0,97.69208,2.0,99.998474,0.0,204.0,4276.0,0.0,-11.1484375,0.08746338,105.74472,12864.555,12864.555,1100.0834,531.2028,0.0,6.6127715,0.0,2.3402035,4.0,0.0,38.81497,40.12495,5.9999924,0.0,0.0,-6.9296875,0.0,0.0,0.0,0.0,0.0,0.0,1.9999695,1.0,50.717163,2.3419313,29.35883,30.181934,0.0,112.99994,0.0,0.0,105.852516,101.27547,720.0,547.125,-0.0017277424,-29.625,0.0,-30.875,7.469206,76.99999,29.79126,0.0,136.81,0.0,0.0,-10.800171,99.998474,89.1983,0.703125,136.59,136.62,135.87,136.34,0
60906.67,0.21039215,-3.4192414,0.08910103,0.092790745,101.27549,24.812016,13.689346,-10.415736,0.0,0.0,50.081,7.035,5.081,33.921,49.24,0.0,97.70253,2.0,99.998474,0.0,204.0,4264.0,0.0,-10.796875,0.08807373,105.74472,12879.413,12879.413,1100.0834,531.2028,0.0,6.7187457,0.0,2.3410947,4.0,0.0,38.843246,40.12495,5.9999924,0.0,0.0,-7.4453125,0.0,0.0,0.0,0.0,0.0,0.0,1.9999695,1.0,50.717163,2.3424768,29.480959,30.216322,0.0,112.99995,0.0,0.0,105.570595,101.27547,720.0,546.75,-0.0013821939,-29.5625,0.0,-30.875,7.469206,76.99999,29.394531,0.0,136.65,0.0,0.0,-10.391235,99.998474,89.60724,0.7006836,136.07,136.49,136.13,136.07,0
60906.715,0.22831373,-3.4676967,0.09106041,0.0925788,101.27549,24.812016,13.695824,-10.364138,0.0,0.0,50.081,7.069,5.081,33.921,49.24,0.0,97.71089,2.0,99.998474,0.0,204.375,4248.0,0.0,-10.8046875,0.08874512,105.73643,12904.3545,12904.3545,1100.0834,530.1415,0.0,6.697551,0.0,2.341753,4.0,0.0,38.868694,40.12495,6.374992,0.0,0.0,-7.6015625,0.0,0.0,0.0,0.0,0.0,0.0,1.9999695,1.0,50.289917,2.3428588,29.836613,30.140047,0.0,112.999954,0.0,0.0,105.53743,101.27547,720.0,546.75,-0.0011057551,-29.46875,0.0,-30.78125,7.936031,76.99999,29.32129,0.0,135.99,0.0,0.0,-9.359741,99.998474,90.63873,0.7104492,135.43,135.82,135.45,135.51,0
60906.76,0.22265097,-3.5058289,0.09080685,0.0925788,101.27549,24.812016,13.700357,-10.383668,0.0,0.0,50.081,7.121,5.081,33.921,49.24,0.0,97.71759,2.0,99.998474,0.0,204.375,4233.0,0.0,-11.234375,0.090026855,105.7613,12933.011,12933.011,1100.0834,530.1415,0.0,6.676356,0.0,2.3422418,4.0,0.0,38.891598,40.12495,6.374992,0.0,0.0,-7.0703125,0.0,0.0,0.0,0.0,0.0,0.0,1.9999695,1.0,50.25177,2.3431263,29.701994,30.061089,0.0,112.99996,0.0,0.0,105.48768,101.27547,720.0,547.125,-8.846041E-4,-29.375,0.0,-30.6875,7.469206,76.99999,29.25415,0.0,135.49,0.0,0.0,-9.222412,99.998474,90.77606,0.67871094,135.14,135.22,135.05,135.33,0
60906.8,0.21812078,-3.5210817,0.08977701,0.09249402,101.27549,24.812016,13.697672,-10.418245,0.0,0.0,50.081,7.156,5.081,33.921,49.24,0.0,97.722946,2.0,99.998474,0.0,204.375,4213.0,0.0,-11.2109375,0.09069824,105.74472,12955.299,12955.299,1100.0834,529.08014,0.0,6.549187,0.0,2.3426056,4.0,0.0,38.912212,40.12495,6.374992,0.0,0.0,-7.0078125,0.0,0.0,0.0,0.0,0.0,0.0,1.9999695,1.0,50.25177,2.3433132,29.463665,30.010834,0.0,112.99997,0.0,0.0,105.21405,101.27547,720.0,547.125,-7.076833E-4,-29.28125,0.0,-30.5,7.469206,76.99999,28.668213,0.0,134.9,0.0,0.0,-8.215332,99.998474,91.78314,0.6201172,134.57,134.78,134.17,134.57,0
60906.84,0.25449663,-3.5271828,0.08940681,0.09249402,101.27549,24.812016,13.701652,-10.431361,0.0,0.0,50.081,7.2,5.081,33.921,49.24,0.0,97.727234,2.0,99.998474,0.0,204.375,4196.0,0.0,-10.9765625,0.09100342,105.74472,12972.812,12972.812,1100.0834,529.08014,0.0,6.676356,0.0,2.342878,4.0,0.0,38.930763,40.12495,6.374992,0.0,0.0,-7.09375,0.0,0.0,0.0,0.0,0.0,0.0,1.9999695,1.0,50.209045,2.3434443,29.373255,29.983685,0.0,112.99997,0.0,0.0,105.1643,101.27547,720.0,547.125,-5.661467E-4,-29.15625,0.0,-30.375,7.469206,76.99999,28.485107,0.0,134.37,0.0,0.0,-7.901001,99.998474,92.09747,0.6665039,133.91,134.17,133.74,134.04,0
60906.87,0.2835973,-3.5296233,0.089705,0.092324466,101.27549,24.812016,13.704437,-10.425208,0.0,0.0,50.081,7.24,5.081,33.921,49.24,0.0,97.73065,2.0,99.998474,0.0,204.375,4181.0,0.0,-11.03125,0.091674805,105.74472,12982.363,12982.363,1100.0834,529.08014,0.0,6.6551614,0.0,2.343083,4.0,0.0,38.94746,40.12495,6.374992,0.0,0.0,-7.0859375,0.0,0.0,0.0,0.0,0.0,0.0,1.9999695,1.0,50.209045,2.343536,29.415663,29.93143,0.0,112.99997,0.0,0.0,105.07309,101.27547,720.0,547.125,-4.5291736E-4,-29.09375,0.0,-30.28125,7.469206,76.99999,28.277588,0.0,134.08,0.0,0.0,-7.623291,99.998474,92.37518,0.6274414,133.46,133.74,133.74,133.85,0
60906.914,0.30687785,-3.5305996,0.09037802,0.09223969,101.27549,24.812016,13.7063875,-10.42893,0.0,0.0,50.081,7.269,5.081,33.921,49.24,0.0,97.7334,2.0,99.998474,0.0,204.375,4159.0,0.0,-11.1640625,0.09295654,105.7613,13006.774,13006.774,1100.0834,527.4881,0.0,6.6551614,0.0,2.3432379,4.0,0.0,38.962486,40.12495,6.374992,0.0,0.0,-6.5859375,0.0,0.0,0.0,0.0,0.0,0.0,1.9999695,1.0,49.783325,2.3436003,29.390005,29.765709,0.0,112.99997,0.0,0.0,104.89067,101.27547,720.0,547.125,-3.623339E-4,-28.96875,0.0,-30.1875,7.469206,76.99999,27.825928,0.0,133.4,0.0,0.0,-6.57959,99.998474,93.418884,0.63964844,132.98,133.09,132.84,133.25,0
60906.96,0.32550228,-3.5309901,0.08854624,0.09223969,101.27549,24.812016,13.707752,-10.49139,0.0,0.0,50.081,7.321,5.081,33.921,49.24,0.0,97.735596,2.0,99.998474,0.0,204.375,4142.0,0.0,-11.453125,0.09362793,105.7613,13036.492,13036.492,1100.0834,527.4881,0.0,6.6339664,0.0,2.3433552,4.0,0.0,38.976013,40.12495,6.374992,0.0,0.0,-6.5,0.0,0.0,0.0,0.0,0.0,0.0,1.9999695,1.0,49.731445,2.343645,28.959482,29.687693,0.0,112.99997,0.0,0.0,104.89067,101.27547,720.0,547.5,-2.8986714E-4,-28.84375,0.0,-30.0,7.469206,76.99999,27.575684,0.0,132.62,0.0,0.0,-6.515503,99.998474,93.48297,0.7006836,132.44,132.51,131.96,132.37,0
60906.992,0.3004018,-3.5498962,0.08891657,0.09223969,101.27549,24.812016,13.696989,-10.485614,0.0,0.0,50.081,7.356,5.081,33.921,49.24,0.0,97.73735,2.0,99.998474,0.0,204.375,4126.0,0.0,-11.640625,0.093933105,105.7613,13040.737,13040.737,1100.0834,526.16144,0.0,6.506798,0.0,2.3434446,4.0,0.0,38.988186,40.12495,6.374992,0.0,0.0,-6.5859375,0.0,0.0,0.0,0.0,0.0,0.0,1.9999695,1.0,49.731445,2.3436766,28.999298,29.659468,0.0,112.99997,0.0,0.0,104.5673,101.27547,720.0,547.875,-2.3189372E-4,-28.75,0.0,-30.0,7.469206,76.99999,27.148438,0.0,132.51,0.0,0.0,-5.7128906,99.998474,94.28558,0.7055664,131.59,132.17,131.86,131.9,0
60907.035,0.30032143,-3.6137085,0.089283474,0.09202773,101.27549,24.812016,13.701174,-10.469132,0.0,0.0,50.081,7.389,5.081,33.921,49.24,0.0,97.738754,2.0,99.998474,0.0,204.375,4106.0,0.0,-11.5078125,0.095214844,105.76959,13075.231,13075.231,1100.0834,526.16144,0.0,6.6551614,0.0,2.343513,4.0,0.0,38.99914,40.12495,6.374992,0.0,0.0,-6.9296875,0.0,0.0,0.0,0.0,0.0,0.0,1.9999695,1.0,49.25995,2.3436985,29.112898,29.664124,0.0,112.99997,0.0,0.0,104.5673,101.27547,720.0,547.5,-1.8551497E-4,-28.625,0.0,-29.78125,7.469206,76.99999,27.124023,0.0,131.63,0.0,0.0,-4.977417,99.998474,95.02106,0.67871094,130.7,131.42,131.12,131.27,0
60907.08,0.28025714,-3.6767335,0.090635315,0.09198534,101.27549,24.812016,13.698243,-10.453237,0.0,0.0,50.081,7.435,5.081,33.921,49.24,0.0,97.73987,2.0,99.998474,0.0,204.375,4086.0,0.0,-11.5234375,0.09588623,105.76959,13100.703,13100.703,1100.0834,526.16144,0.0,6.8035245,0.0,2.3435655,4.0,0.0,39.009003,40.12495,6.374992,0.0,0.0,-6.09375,0.0,0.0,0.0,0.0,0.0,0.0,1.9999695,1.0,49.25995,2.3437138,29.222464,29.502964,0.0,112.99997,0.0,0.0,104.484375,101.27547,720.0,547.5,-1.4841199E-4,-28.53125,0.0,-29.6875,7.469206,76.99999,26.983643,0.0,131.11,0.0,0.0,-4.9224854,99.998474,95.07599,0.63720703,130.7,130.75,130.65,130.85,0
60907.113,0.26420572,-3.7019434,0.089808375,0.09194294,101.27549,24.812016,13.696192,-10.47703,0.0,0.0,50.081,7.481,5.081,33.921,49.24,0.0,97.74077,2.0,99.998474,0.0,204.375,4073.0,0.0,-11.5703125,0.096191406,105.7613,13109.194,13109.194,1100.0834,524.8348,0.0,6.4220185,0.0,2.343606,4.0,0.0,39.093063,40.12495,6.374992,0.0,0.0,-5.8125,0.0,0.0,0.0,0.0,0.0,0.0,1.9999695,1.0,48.835754,2.3437247,29.058466,29.486406,0.0,112.99997,0.0,0.0,104.46779,101.27547,720.0,547.5,-1.1872959E-4,-28.4375,0.0,-29.59375,7.469206,76.99999,26.940918,0.0,130.76,0.0,0.0,-4.724121,99.998474,95.27435,0.7006836,130.28,130.34,130.02,130.13,0
60907.156,0.2513646,-3.7495275,0.08901799,0.09177339,101.27549,24.812016,13.700615,-10.496339,0.0,0.0,50.081,7.508,5.081,33.921,49.24,0.0,97.741486,2.0,99.998474,0.0,204.375,4049.0,0.0,-11.828125,0.097473145,105.78618,13139.442,13139.442,1100.0834,524.8348,0.0,6.6339664,0.0,2.3436375,4.0,0.0,39.16872,40.12495,6.374992,0.0,0.0,-6.328125,0.0,0.0,0.0,0.0,0.0,0.0,1.9999695,1.0,48.788452,2.3437324,28.925371,29.464102,0.0,112.99997,0.0,0.0,104.32683,101.27547,720.0,547.875,-9.4983676E-5,-28.28125,0.0,-29.5,7.469206,76.99999,26.519775,0.0,129.94,0.0,0.0,-4.01001,99.998474,95.988464,0.6640625,129.31,129.56,129.41,129.51,0
60907.19,0.26109168,-3.7685614,0.08918547,0.09177339,101.27549,24.812016,13.697852,-10.493955,0.0,0.0,50.081,7.56,5.081,33.921,49.24,0.0,97.742065,2.0,99.998474,0.0,204.375,4039.0,0.0,-11.78125,0.097839355,105.78618,13143.6875,13143.6875,1100.0834,523.77344,0.0,6.379629,0.0,2.3436615,4.0,0.0,39.23681,40.12495,6.374992,0.0,0.0,-6.4375,0.0,0.0,0.0,0.0,0.0,0.0,1.9999695,1.0,48.788452,2.3437376,28.941805,29.469433,0.0,112.99997,0.0,0.0,104.25221,101.27547,720.0,547.875,-7.598694E-5,-28.21875,0.0,-29.5,7.469206,76.99999,26.306152,0.0,129.47,0.0,0.0,-3.5705566,99.998474,96.42792,0.68115234,129.31,129.25,129.31,129.25,0
60907.234,0.22887334,-3.8136747,0.088754125,0.09164623,101.27549,24.812016,13.701777,-10.511278,0.0,0.0,50.081,7.589,5.081,33.921,49.24,0.0,97.74252,2.0,99.998474,0.0,204.375,4022.0,0.0,-11.6796875,0.09844971,105.777885,13167.037,13167.037,1100.0834,523.77344,0.0,6.273655,0.0,2.3436806,4.0,0.0,39.298088,40.12495,6.374992,0.0,0.0,-6.4375,0.0,0.0,0.0,0.0,0.0,0.0,1.9999695,1.0,48.74115,2.3437414,28.8224,29.388668,0.0,112.99997,0.0,0.0,104.14441,101.27547,720.0,547.875,-6.0789556E-5,-28.125,0.0,-29.28125,7.469206,76.99999,26.086426,0.0,128.94,0.0,0.0,-3.3294678,99.998474,96.66901,0.67626953,128.9,128.75,128.54,128.69,0
60907.28,0.20309867,-3.8317199,0.08940666,0.09164623,101.27549,24.812016,13.692806,-10.49491,0.0,0.0,50.081,7.635,5.081,33.921,49.24,0.0,97.74289,2.0,99.998474,0.0,204.375,4004.0,0.0,-11.6640625,0.09979248,105.80276,13177.65,13177.65,1100.0834,523.77344,0.0,6.506798,0.0,2.3436952,4.0,0.0,39.35324,40.12495,6.374992,0.0,0.0,-6.3359375,0.0,0.0,0.0,0.0,0.0,0.0,1.9999695,1.0,48.74115,2.3437438,28.935217,29.376375,0.0,112.99997,0.0,0.0,103.92883,101.27547,720.0,547.875,-4.8631646E-5,-28.03125,0.0,-29.5,7.469206,76.99999,25.738525,0.0,128.35,0.0,0.0,-2.4658203,99.998474,97.53265,0.6738281,128.24,128.35,127.49,128.04,0
60907.312,0.16247894,-3.857688,0.09022594,0.09156144,101.27549,24.812016,13.686526,-10.48494,0.0,0.0,50.081,7.68,5.081,33.921,49.24,0.0,97.74318,2.0,99.998474,0.0,204.375,3994.0,0.0,-12.3125,0.10040283,105.78618,13207.368,13207.368,1100.0834,522.4467,0.0,6.8247194,0.0,2.3437068,4.0,0.0,39.402878,40.12495,6.374992,0.0,0.0,-6.25,0.0,0.0,0.0,0.0,0.0,0.0,1.9999695,1.0,48.31848,2.3437457,29.003944,29.266802,0.0,112.99997,0.0,0.0,103.92883,101.27547,720.0,548.25,-3.8905317E-5,-27.96875,0.0,-29.5,7.469206,76.99999,25.720215,0.0,128.33,0.0,0.0,-1.7883301,99.998474,98.210144,0.65185547,127.45,127.89,127.74,127.7,0
60907.355,0.14998315,-3.8680754,0.09074304,0.091476664,101.27549,24.812016,13.699709,-10.473859,0.0,0.0,50.081,7.708,5.081,33.921,49.24,0.0,97.74341,2.0,0.15716553,0.0,204.375,3975.0,0.0,-12.2734375,0.101379395,105.78618,13211.614,13211.614,1100.0834,522.4467,0.0,6.549187,0.0,2.343716,4.0,0.0,39.44755,40.12495,6.374992,0.0,0.0,-5.6640625,0.0,0.0,0.0,0.0,0.0,0.0,1.9999695,1.0,48.27881,2.3437471,29.08032,29.234602,0.0,112.99997,0.0,0.0,103.92883,101.27547,720.0,548.25,-3.1124255E-5,-27.875,0.0,-29.375,7.469206,76.99999,25.354004,0.0,127.49,0.0,0.0,-1.6571045,99.998474,98.34137,0.68847656,126.95,127.49,127.19,127.24,0
60907.4,0.15998653,-3.87223,0.089383714,0.0913071,101.27549,24.812016,13.697218,-10.518109,0.0,0.0,50.081,7.756,5.081,33.921,49.24,0.0,97.74359,2.0,0.0,0.0,203.625,3957.0,0.0,-12.078125,0.10266113,105.80276,13246.107,13246.107,1100.0834,522.4467,0.0,6.5279922,0.0,2.3437233,4.0,0.0,39.48776,40.12495,5.9999924,0.0,0.0,-5.65625,0.0,0.0,0.0,0.0,0.0,0.0,1.9999695,1.0,48.27881,2.343748,28.775303,29.161448,0.0,112.99997,0.0,0.0,103.92883,101.27547,720.0,548.25,-2.4899404E-5,-27.8125,0.0,-29.375,7.469206,76.99999,24.316406,0.0,126.89,0.0,0.0,-1.6540527,99.998474,98.34442,0.64453125,126.71,126.51,126.41,126.71,0
60907.44,0.16798922,-3.873892,0.08955418,0.091264725,101.27549,24.812016,13.707193,-10.518084,0.0,0.0,50.081,7.8,5.081,33.921,49.24,0.0,97.743744,2.0,0.0,0.0,204.0,3944.0,0.0,-11.96875,0.10333252,105.80276,13258.844,13258.844,1100.0834,522.4467,0.0,6.570382,0.0,2.3437285,4.0,0.0,39.523945,40.12495,5.9999924,0.0,0.0,-5.296875,0.0,0.0,0.0,0.0,0.0,0.0,1.9999695,1.0,47.84851,2.3437486,28.775484,29.117563,0.0,112.99997,0.0,0.0,105.13113,101.27547,720.0,547.875,-1.9919524E-5,-27.78125,0.0,-29.375,7.469206,76.99999,25.8667,0.0,126.26,0.0,0.0,-7.336426,99.998474,92.66205,0.64941406,126.02,125.97,125.73,125.93,0
60907.473,0.15439138,-3.874557,0.0892706,0.09113756,101.27549,24.812016,13.708317,-10.520433,0.0,0.0,50.081,7.84,5.081,33.921,49.24,0.0,97.743866,2.0,0.0,0.0,204.0,3933.0,0.0,-11.890625,0.103637695,105.80276,13280.07,13280.07,1100.0834,522.4467,0.0,6.379629,0.0,2.343733,4.0,0.0,39.55651,40.12495,5.9999924,0.0,0.0,-5.34375,0.0,0.0,0.0,0.0,0.0,0.0,1.9999695,1.0,47.84851,2.343749,28.759285,29.124348,0.0,112.99997,0.0,0.0,105.1643,101.27547,720.0,547.875,-1.5935619E-5,-27.71875,0.0,-29.28125,7.0023804,76.99999,25.41504,0.0,126.03,0.0,0.0,-7.91626,99.998474,92.082214,0.6298828,125.53,125.93,125.69,125.78,0
60907.516,0.1835131,-3.8748229,0.08826625,0.09105277,101.27549,24.812016,13.709103,-10.559395,0.0,0.0,50.081,7.869,5.081,33.921,49.24,0.0,97.74396,2.0,0.0,0.0,204.0,3913.0,0.0,-12.09375,0.10461426,105.79447,13301.828,13301.828,1100.0834,522.4467,0.0,6.4432135,0.0,2.3437366,4.0,0.0,39.585823,40.12495,5.9999924,0.0,0.0,-5.359375,0.0,0.0,0.0,0.0,0.0,0.0,1.9999695,1.0,47.84851,2.3437493,28.490726,29.054235,0.0,112.99997,0.0,0.0,104.89067,101.27547,720.0,547.875,-1.27484955E-5,-27.625,0.0,-29.1875,7.0023804,76.99999,24.060059,0.0,125.31,0.0,0.0,-6.8115234,99.998474,93.18695,0.6152344,124.91,125.16,124.88,125.3,0
60907.56,0.1868105,-3.8749292,0.08905389,0.090840824,101.27549,24.812016,13.709653,-10.551305,0.0,0.0,50.081,7.915,5.081,33.921,49.24,0.0,97.74403,2.0,0.0,0.0,204.0,3896.0,0.0,-12.3828125,0.105895996,105.81934,13314.564,13314.564,1100.0834,522.4467,0.0,6.6127715,0.0,2.3437393,4.0,0.0,39.6122,39.74995,5.9999924,0.0,0.0,-5.3515625,0.0,0.0,0.0,0.0,0.0,0.0,1.9999695,1.0,47.84851,2.3437495,28.546492,28.963486,0.0,112.99997,0.0,0.0,104.89067,101.27547,720.0,548.625,-1.0198796E-5,-27.5625,0.0,-29.1875,7.0023804,76.99999,23.809814,0.0,124.76,0.0,0.0,-6.6864014,99.998474,93.31207,0.64453125,124.88,124.55,123.92,124.55,0
60907.594,0.18944839,-3.8749719,0.08945218,0.09079844,101.27549,24.812016,13.704179,-10.547131,0.0,0.0,50.081,7.96,5.081,33.921,49.24,0.0,97.744095,2.0,0.0,0.0,204.0,3886.0,0.0,-12.375,0.10626221,105.81934,13318.81,13314.564,1100.0834,522.4467,0.0,6.676356,0.0,2.3437414,4.0,0.0,39.635944,39.74995,5.9999924,0.0,0.0,-4.9765625,0.0,0.0,0.0,0.0,0.0,0.0,1.9999695,1.0,47.84851,2.3437495,28.575268,28.84603,0.0,112.99997,0.0,0.0,104.89067,101.27547,720.0,548.25,-8.159037E-6,-27.5,0.0,-29.09375,7.0023804,76.99999,23.651123,0.0,124.74,0.0,0.0,-6.677246,99.998474,93.32123,0.6201172,123.98,124.39,124.11,124.21,0
60907.637,0.21155871,-3.837489,0.089940004,0.09075605,101.27549,24.812016,13.712066,-10.544373,0.0,0.0,50.081,7.989,5.081,33.921,49.24,0.0,97.74414,2.0,0.0,0.0,204.0,3875.0,0.0,-12.6328125,0.10784912,105.83593,13348.527,13348.527,1100.0834,522.4467,0.0,6.6127715,0.0,2.343743,4.0,0.0,39.65731,39.74995,5.9999924,0.0,0.0,-4.6953125,0.0,0.0,0.0,0.0,0.0,0.0,1.9999695,1.0,47.424316,2.3437495,28.594276,28.770933,0.0,112.99997,0.0,0.0,104.84092,101.27547,720.0,548.625,-6.5272297E-6,-27.46875,0.0,-29.1875,7.0023804,76.99999,23.35205,0.0,124.1,0.0,0.0,-6.234741,99.998474,93.76373,0.63964844,123.56,123.98,123.69,123.88,0
60907.67,0.22924697,-3.7849956,0.09019875,0.09062888,101.27549,24.812016,13.7175865,-10.535931,0.0,0.0,50.081,8.04,5.081,33.921,49.24,0.0,97.74419,2.0,0.0,0.0,204.0,3851.0,0.0,-12.59375,0.10852051,105.83593,13361.264,13361.264,1100.0834,522.4467,0.0,6.7187457,0.0,2.3437443,4.0,0.0,39.67654,39.74995,5.9999924,0.0,0.0,-4.734375,0.0,0.0,0.0,0.0,0.0,0.0,1.9999695,1.0,47.424316,2.3437495,28.652464,28.739681,0.0,112.99997,0.0,0.0,104.69167,101.27547,720.0,548.625,-5.221784E-6,-27.40625,0.0,-28.875,7.0023804,76.99999,22.955322,0.0,123.8,0.0,0.0,-5.935669,99.998474,94.062805,0.6347656,123.83,123.32,122.95,123.37,0
60907.71,0.22339758,-3.7077484,0.09036,0.09058648,101.27549,24.812016,13.709732,-10.540194,0.0,0.0,50.081,8.069,5.081,33.921,49.24,0.0,97.74422,2.0,0.0,0.0,204.0,3841.0,0.0,-13.078125,0.10882568,105.81934,13383.021,13383.021,1100.0834,522.4467,0.0,6.73994,0.0,2.3437452,4.0,0.0,39.769035,39.74995,5.9999924,0.0,0.0,-4.421875,0.0,0.0,0.0,0.0,0.0,0.0,1.9999695,1.0,47.424316,2.3437495,28.623085,28.672153,0.0,112.99997,0.0,0.0,104.5673,101.27547,720.0,549.0,-4.177427E-6,-27.375,0.0,-28.875,7.0023804,76.99999,22.711182,0.0,123.71,0.0,0.0,-5.1116943,99.998474,94.88678,0.60302734,122.76,123.05,122.86,122.95,0
60907.758,0.23871808,-3.5268493,0.090327986,0.09041693,101.27549,24.812016,13.7100935,-10.548548,0.0,0.0,50.081,8.108,5.081,33.921,49.24,0.0,97.74425,2.0,0.0,0.0,203.625,3837.0,0.0,-12.9609375,0.11047363,105.844215,13400.003,13400.003,1100.0834,522.4467,0.0,6.570382,0.0,2.3437462,4.0,0.0,39.85228,39.74995,5.624993,0.0,0.0,-4.2421875,0.0,0.0,0.0,0.0,0.0,0.0,1.9999695,1.0,47.424316,2.3437495,28.5655,28.587503,0.0,112.99997,0.0,0.0,104.5673,101.27547,720.0,549.0,-3.3419417E-6,-27.28125,0.0,-29.0,7.0023804,76.99999,22.595215,0.0,122.84,0.0,0.0,-4.953003,99.998474,95.04547,0.63964844,122.22,122.76,122.45,122.53,0
60907.8,0.25097445,-3.3607397,0.089876905,0.09037453,101.27549,24.812016,13.698627,-10.569129,0.0,0.0,50.081,8.156,5.081,33.921,49.24,0.0,97.74426,2.0,0.0,0.0,203.625,3818.0,0.0,-12.859375,0.111083984,105.83593,13416.984,13416.984,1100.0834,522.4467,0.0,6.676356,0.0,2.343747,4.0,0.0,39.9272,39.74995,5.624993,0.0,0.0,-4.265625,0.0,0.0,0.0,0.0,0.0,0.0,1.9999695,1.0,47.424316,2.3437495,28.423637,28.517303,0.0,112.99997,0.0,0.0,104.5673,101.27547,720.0,549.0,-2.6735534E-6,-27.25,0.0,-29.0,7.0023804,76.99999,22.509766,0.0,122.25,0.0,0.0,-4.8583984,99.998474,95.140076,0.6298828,122.17,122.22,121.99,122.45,0
60907.84,0.28077954,-3.238046,0.08969948,0.090247385,101.27549,24.812016,13.70232,-10.571832,0.0,0.0,50.081,8.2,5.081,33.921,49.24,0.0,97.74428,2.0,0.0,0.0,203.625,3808.0,0.0,-12.75,0.111450195,105.83593,13442.456,13442.456,1100.0834,522.4467,0.0,6.676356,0.0,2.3437474,4.0,0.0,39.99463,39.74995,5.624993,0.0,0.0,-4.171875,0.0,0.0,0.0,0.0,0.0,0.0,1.9999695,1.0,47.001648,2.3437495,28.405005,28.504103,0.0,112.99997,0.0,0.0,104.484375,101.27547,720.0,548.625,-2.1388428E-6,-27.1875,0.0,-28.875,7.0023804,76.99999,22.576904,0.0,121.92,0.0,0.0,-4.852295,99.998474,95.14618,0.6591797,121.81,121.53,121.31,121.67,0
60907.883,0.28462362,-3.1702185,0.08951021,0.090204984,101.27549,24.812016,13.699046,-10.581466,0.0,0.0,50.081,8.24,5.081,33.921,49.24,0.0,97.74429,2.0,0.0,0.0,203.625,3795.0,0.0,-12.796875,0.11206055,105.83593,13450.947,13450.947,1100.0834,522.4467,0.0,6.549187,0.0,2.3437479,4.0,0.0,40.055317,39.74995,5.624993,0.0,0.0,-4.1796875,0.0,0.0,0.0,0.0,0.0,0.0,1.9999695,1.0,47.001648,2.3437495,28.3386,28.489649,0.0,112.99997,0.0,0.0,104.5673,101.27547,720.0,549.0,-1.7110742E-6,-27.15625,0.0,-28.875,7.0023804,76.99999,22.436523,0.0,121.62,0.0,0.0,-4.5562744,99.998474,95.4422,0.6591797,121.04,121.36,121.31,121.31,0
60907.926,0.2876989,-3.1243374,0.08926805,0.0901626,101.27549,24.812016,13.702614,-10.586066,0.0,0.0,50.081,8.281,5.081,33.921,49.24,0.0,97.74431,2.0,0.0,0.0,203.625,3781.0,0.0,-12.921875,0.11236572,105.82764,13481.195,13481.195,1100.0834,522.4467,0.0,6.676356,0.0,2.343748,4.0,0.0,40.109936,39.74995,5.624993,0.0,0.0,-4.5234375,0.0,0.0,0.0,0.0,0.0,0.0,1.9999695,1.0,47.001648,2.3437495,28.306885,28.493313,0.0,112.99997,0.0,0.0,104.368286,101.27547,720.0,549.0,-1.3688594E-6,-27.09375,0.0,-28.78125,7.0023804,76.99999,22.058105,0.0,121.16,0.0,0.0,-3.9978027,99.998474,96.00067,0.6201172,120.95,120.92,120.86,121.16,0
60907.96,0.2901591,-3.087235,0.08952092,0.09003542,101.27549,24.812016,13.705111,-10.582797,0.0,0.0,50.081,8.321,5.081,33.921,49.24,0.0,97.74432,2.0,0.0,0.0,203.625,3764.0,0.0,-13.3515625,0.113708496,105.85251,13485.44,13485.44,1100.0834,522.4467,0.0,6.73994,0.0,2.3437483,4.0,0.0,40.159092,39.74995,5.624993,0.0,0.0,-4.453125,0.0,0.0,0.0,0.0,0.0,0.0,1.9999695,1.0,47.001648,2.3437495,28.329422,28.447176,0.0,112.99997,0.0,0.0,104.25221,101.27547,720.0,549.375,-1.0950876E-6,-27.03125,0.0,-29.0,7.0023804,76.99999,21.716309,0.0,120.55,0.0,0.0,-3.515625,99.998474,96.48285,0.64941406,120.56,120.24,120.03,120.51,0
60908.0,0.29212728,-3.0723941,0.0897171,0.08999302,101.27549,24.812016,13.700999,-10.589468,0.0,0.0,50.081,8.36,5.081,33.921,49.24,0.0,97.74432,2.0,0.0,0.0,203.625,3750.0,0.0,-13.3515625,0.11401367,105.844215,13488.625,13488.625,1100.0834,522.4467,0.0,6.8035245,0.0,2.3437486,4.0,0.0,40.20333,39.74995,5.624993,0.0,0.0,-4.1015625,0.0,0.0,0.0,0.0,0.0,0.0,1.9999695,1.0,47.001648,2.3437495,28.283442,28.338503,0.0,112.99997,0.0,0.0,104.25221,101.27547,720.0,549.375,-8.7607003E-7,-26.96875,0.0,-28.875,7.0023804,76.99999,21.899414,0.0,120.26,0.0,0.0,-3.2867432,99.998474,96.71173,0.6640625,119.6,119.95,119.97,119.8,0
60908.04,0.27370182,-3.0664577,0.09047121,0.08978109,101.27549,24.812016,13.70984,-10.584762,0.0,0.0,50.081,8.4,5.081,33.921,49.24,0.0,97.74432,2.0,0.0,0.0,203.625,3733.0,0.0,-13.3125,0.11431885,105.844215,13519.403,13519.403,1100.0834,522.4467,0.0,6.8035245,0.0,2.3437488,4.0,0.0,40.24315,39.37495,5.624993,0.0,0.0,-3.6796875,0.0,0.0,0.0,0.0,0.0,0.0,1.9999695,1.0,46.577454,2.3437495,28.315882,28.18489,0.0,112.99997,0.0,0.0,104.25221,101.27547,720.0,549.375,-7.0085605E-7,-26.90625,0.0,-28.78125,7.0023804,76.99999,21.85669,0.0,119.76,0.0,0.0,-3.277588,99.998474,96.72089,0.6347656,119.4,119.5,119.58,119.75,0
60908.086,0.23896146,-3.064083,0.089640215,0.089653924,101.27549,24.812016,13.710169,-10.619038,0.0,0.0,50.081,8.44,5.081,33.921,49.24,0.0,97.74432,2.0,0.0,0.0,203.625,3711.0,0.0,-13.328125,0.11468506,105.844215,13536.385,13536.385,1100.0834,522.4467,0.0,6.78233,0.0,2.343749,4.0,0.0,40.278984,39.37495,5.624993,0.0,0.0,-3.484375,0.0,0.0,0.0,0.0,0.0,0.0,1.9999695,1.0,46.577454,2.3437495,28.07962,28.088802,0.0,112.99997,0.0,0.0,104.25221,101.27547,720.0,549.375,-5.6068484E-7,-26.84375,0.0,-28.78125,7.0023804,76.99999,21.716309,0.0,119.08,0.0,0.0,-3.2714844,99.998474,96.72699,0.6640625,119.23,118.99,118.51,119.1,0
60908.125,0.21116917,-3.0631332,0.08932193,0.08961153,101.27549,24.812016,13.7104,-10.638295,0.0,0.0,50.081,8.481,5.081,33.921,49.24,0.0,97.74432,2.0,0.0,0.0,203.25,3700.0,0.0,-13.4296875,0.114990234,105.83593,13553.897,13553.897,1100.0834,522.4467,0.0,6.78233,0.0,2.343749,4.0,0.0,40.311234,39.37495,5.2499933,0.0,0.0,-3.1953125,0.0,0.0,0.0,0.0,0.0,0.0,1.9999695,1.0,46.577454,2.3437495,27.94688,28.06068,0.0,112.99997,0.0,0.0,104.069786,101.27547,720.0,549.375,-4.4854787E-7,-26.8125,0.0,-28.6875,6.535555,76.99999,21.56372,0.0,118.87,0.0,0.0,-3.1097412,99.998474,96.88873,0.6542969,118.34,118.46,118.51,118.42,0
60908.16,0.18893534,-3.0627534,0.089332506,0.08956914,101.27549,24.812016,13.710561,-10.64792,0.0,0.0,50.081,8.521,5.081,33.921,49.24,0.0,97.74432,2.0,0.0,0.0,203.25,3690.0,0.0,-13.4296875,0.11529541,105.83593,13570.879,13570.879,1100.0834,522.4467,0.0,6.78233,0.0,2.343749,4.0,0.0,40.34026,39.37495,5.2499933,0.0,0.0,-2.9375,0.0,0.0,0.0,0.0,0.0,0.0,1.9999695,1.0,46.577454,2.3437495,27.88054,27.924877,0.0,112.99997,0.0,0.0,103.97029,101.27547,720.0,549.375,-3.588383E-7,-26.75,0.0,-28.6875,6.535555,76.99999,21.23413,0.0,118.43,0.0,0.0,-2.267456,99.998474,97.73102,0.63964844,118.17,118.32,118.21,118.32,0
60908.2,0.15114827,-3.0626016,0.089355014,0.089399576,101.27549,24.812016,13.704814,-10.64335,0.0,0.0,50.081,8.556,5.081,33.921,49.24,0.0,97.74432,2.0,0.0,0.0,203.25,3678.0,0.0,-13.9765625,0.115600586,105.82764,13587.86,13587.86,1100.0834,523.77344,0.0,6.8247194,0.0,2.3437493,4.0,0.0,40.44157,39.37495,5.2499933,0.0,0.0,-3.4921875,0.0,0.0,0.0,0.0,0.0,0.0,1.9999695,1.0,46.577454,2.3437495,27.912043,27.914507,0.0,112.99997,0.0,0.0,103.92883,101.27547,720.0,549.75,-2.8707063E-7,-26.6875,0.0,-28.59375,6.535555,76.99999,21.118164,0.0,117.85,0.0,0.0,-1.7211914,99.998474,98.27728,0.6591797,118.02,117.54,117.41,117.77,0
60908.234,0.120918624,-3.0437908,0.0900199,0.08935718,101.27549,24.812016,13.706651,-10.623794,0.0,0.0,50.081,8.6,5.081,33.921,49.24,0.0,97.74432,2.0,0.0,0.0,203.25,3667.0,0.0,-13.7265625,0.11663818,105.85251,13600.597,13600.597,1100.0834,523.77344,0.0,6.761135,0.0,2.3437493,4.0,0.0,40.53275,39.37495,5.2499933,0.0,0.0,-3.359375,0.0,0.0,0.0,0.0,0.0,0.0,1.9999695,1.0,46.20514,2.3437495,28.046837,27.917423,0.0,112.99997,0.0,0.0,103.92883,101.27547,720.0,549.75,-2.2965651E-7,-26.65625,0.0,-28.59375,6.535555,76.99999,21.160889,0.0,117.75,0.0,0.0,-1.6052246,99.998474,98.39325,0.6542969,117.45,117.45,117.28,117.16,0
60908.28,0.096734904,-2.9800162,0.09029676,0.0893148,101.27549,24.812016,13.702077,-10.630611,0.0,0.0,50.081,8.635,5.081,33.921,49.24,0.0,97.74432,2.0,0.0,0.0,203.25,3660.0,0.0,-13.6953125,0.11694336,105.85251,13621.823,13621.823,1100.0834,523.77344,0.0,6.867109,0.0,2.3437493,4.0,0.0,40.61481,39.37495,5.2499933,0.0,0.0,-2.75,0.0,0.0,0.0,0.0,0.0,0.0,1.9999695,1.0,46.20514,2.3437495,27.99984,27.806187,0.0,112.99997,0.0,0.0,103.92883,101.27547,720.0,549.75,-1.837252E-7,-26.625,0.0,-28.5,6.535555,76.99999,21.221924,0.0,117.56,0.0,0.0,-1.6174316,99.998474,98.38104,0.63964844,117.31,117.36,117.23,117.3,0
60908.312,0.07738792,-2.9170065,0.09033213,0.0893148,101.27466,24.812016,13.698875,-10.63693,0.0,0.0,50.081,8.68,5.081,33.921,49.24,0.0,97.74432,0.0,0.0,0.0,203.25,3654.0,0.0,-13.671875,0.11694336,105.83593,13621.823,13621.823,1100.0834,523.77344,0.0,6.8247194,0.0,2.3437493,4.0,0.0,40.688667,39.37495,5.2499933,0.0,0.0,-2.453125,0.0,0.0,0.0,0.0,0.0,0.0,1.9999695,1.0,46.20514,2.3437495,27.95545,27.751516,0.0,112.99997,0.0,0.0,103.92883,101.26717,720.0,549.75,-1.4698017E-7,-26.59375,0.0,-28.5,6.535555,76.99999,21.203613,0.0,117.37,0.0,0.0,-1.6143799,99.998474,98.384094,0.6591797,117.11,116.78,116.78,116.88,0
60908.35,0.06191034,-2.7793026,0.090433486,0.08923002,101.2739,24.812016,13.708353,-10.636334,0.0,0.0,50.081,8.708,5.081,33.921,49.24,0.0,97.74432,0.0,0.0,0.0,203.25,3646.0,0.0,-13.6015625,0.117248535,105.83593,13647.826,13647.826,1100.0834,523.77344,0.0,6.8883038,0.0,2.3437495,4.0,0.0,40.75514,39.37495,5.2499933,0.0,0.0,-2.4609375,0.0,0.0,0.0,0.0,0.0,0.0,1.9999695,1.0,46.20514,2.3437495,27.95881,27.712976,0.0,112.99997,0.0,0.0,103.80445,101.26717,720.0,549.75,-1.17584136E-7,-26.5625,0.0,-28.5,6.535555,76.99999,21.130371,0.0,117.09,0.0,0.0,-1.4709473,99.998474,98.52753,0.6616211,116.52,116.94,116.73,116.63,0
60908.39,0.04952827,-2.6304712,0.0906154,0.08918764,101.274055,24.812016,13.703269,-10.627764,0.0,0.0,50.081,8.749,5.081,33.921,49.24,0.0,97.74432,0.0,0.0,0.0,203.25,3641.0,0.0,-13.765625,0.11755371,105.83593,13656.317,13656.317,1100.0834,523.77344,0.0,6.973083,0.0,2.3437495,4.0,0.0,40.81496,39.37495,5.2499933,0.0,0.0,-2.5234375,0.0,0.0,0.0,0.0,0.0,0.0,1.9999695,1.0,46.20514,2.3437495,28.018036,27.7162,0.0,112.99997,0.0,0.0,103.68008,101.26717,720.0,549.75,-9.406731E-8,-26.53125,0.0,-28.59375,6.535555,76.99999,20.733643,0.0,116.69,0.0,0.0,-0.82092285,99.998474,99.17755,0.63964844,116.69,116.48,116.4,116.63,0
60908.438,0.039622616,-2.4209385,0.08957159,0.08918764,101.27419,24.812016,13.705569,-10.603579,0.0,0.0,50.081,8.789,5.081,33.921,49.24,0.0,97.74432,0.0,0.0,0.0,203.25,3633.0,0.0,-14.3203125,0.1182251,105.83593,13686.035,13686.035,1100.0834,523.77344,0.0,6.8247194,0.0,2.3437495,4.0,0.0,40.8688,39.37495,5.2499933,0.0,0.0,-2.796875,0.0,0.0,0.0,0.0,0.0,0.0,1.9999695,1.0,45.780945,2.3437495,28.184883,28.111706,0.0,112.99997,0.0,0.0,103.605446,101.27547,720.0,550.5,-7.525385E-8,-26.5,0.0,-28.59375,6.535555,76.99999,20.599365,0.0,116.32,0.0,0.0,-0.7324219,99.998474,99.26605,0.64941406,116.65,116.31,115.84,116.21,0
60908.48,0.031698093,-2.2621255,0.090689436,0.08914525,101.27432,24.812016,13.701321,-10.603134,0.0,0.0,50.081,8.84,5.081,33.921,49.24,0.0,97.74432,0.0,0.0,0.0,203.25,3630.0,0.0,-14.1328125,0.1182251,105.83593,13690.28,13690.28,1100.0834,523.77344,0.0,6.951888,0.0,2.3437495,4.0,0.0,40.91726,39.37495,5.2499933,0.0,0.0,-2.5390625,0.0,0.0,0.0,0.0,0.0,0.0,1.9999695,1.0,45.780945,2.3437495,28.188074,27.879023,0.0,112.99997,0.0,0.0,103.605446,101.27547,720.0,550.125,-6.0203085E-8,-26.5,0.0,-28.59375,6.535555,76.99999,20.62378,0.0,116.46,0.0,0.0,-0.7232666,99.998474,99.27521,0.64941406,115.97,116.21,115.88,115.79,0
60908.52,0.025358474,-2.0673501,0.09065312,0.08914525,101.273605,24.812016,13.7042055,-10.611596,0.0,0.0,50.081,8.879,5.081,33.921,49.24,0.0,97.74432,0.0,0.0,0.0,203.25,3624.0,0.0,-14.125,0.119506836,105.844215,13703.017,13703.017,1100.0834,523.77344,0.0,6.951888,0.0,2.3437495,4.0,0.0,40.96087,39.37495,5.2499933,0.0,0.0,-2.453125,0.0,0.0,0.0,0.0,0.0,0.0,1.9999695,1.0,45.780945,2.3437495,28.12903,27.823973,0.0,112.99997,0.0,0.0,103.605446,101.26717,720.0,550.125,-4.816247E-8,-26.46875,0.0,-28.59375,6.535555,76.99999,20.806885,0.0,116.04,0.0,0.0,-0.7293701,99.998474,99.269104,0.64208984,116.08,116.02,115.79,115.88,0
60908.56,0.02028678,-1.8769401,0.09090283,0.08914525,101.27296,24.812016,13.706225,-10.604142,0.0,0.0,50.081,8.916,5.081,33.921,49.24,0.0,97.74432,0.0,0.0,0.0,203.25,3619.0,0.0,-14.421875,0.11981201,105.844215,13724.773,13724.773,1100.0834,523.77344,0.0,6.973083,0.0,2.3437495,4.0,0.0,41.00012,39.37495,5.2499933,0.0,0.0,-2.4921875,0.0,0.0,0.0,0.0,0.0,0.0,1.9999695,1.0,45.780945,2.3437495,28.179752,27.808287,0.0,112.99997,0.0,0.0,103.563995,101.26717,720.0,550.125,-3.8529976E-8,-26.4375,0.0,-28.5,6.535555,76.99999,20.770264,0.0,115.9,0.0,0.0,-0.7110596,99.998474,99.287415,0.6591797,115.91,115.74,115.42,115.84,0
60908.594,0.036229424,-1.7445261,0.091005,0.08914525,101.27321,24.812016,13.701779,-10.584515,0.0,0.0,50.081,8.956,5.081,33.921,49.24,0.0,97.74432,0.0,0.0,0.0,203.25,3618.0,0.0,-14.5234375,0.11987305,105.85251,13741.756,13741.756,1100.0834,523.77344,0.0,6.951888,0.0,2.3437495,4.0,0.0,41.035442,39.37495,5.2499933,0.0,0.0,-2.5,0.0,0.0,0.0,0.0,0.0,0.0,1.9999695,1.0,45.780945,2.3437495,28.315298,27.930578,0.0,112.99997,0.0,0.0,103.605446,101.27547,720.0,550.5,-3.082398E-8,-26.4375,0.0,-28.5,6.535555,76.99999,20.935059,0.0,115.86,0.0,0.0,-0.7232666,99.998474,99.27521,0.6591797,115.79,115.93,115.6,115.55,0
60908.637,0.028983539,-1.5228105,0.091641255,0.08910286,101.27343,24.812016,13.710386,-10.582448,0.0,0.0,50.081,8.989,5.081,33.921,49.24,0.0,97.74432,0.0,0.0,0.0,203.25,3617.0,0.0,-14.140625,0.12017822,105.844215,13758.737,13758.737,1100.0834,523.77344,0.0,7.057862,0.0,2.3437495,4.0,0.0,41.067234,39.37495,5.2499933,0.0,0.0,-2.4765625,0.0,0.0,0.0,0.0,0.0,0.0,1.9999695,1.0,45.35675,2.3437495,28.329762,27.813616,0.0,112.99997,0.0,0.0,103.605446,101.27547,720.0,550.125,-2.4659185E-8,-26.4375,0.0,-28.5,6.535555,76.99999,20.697021,0.0,115.78,0.0,0.0,-0.7232666,99.998474,99.27521,0.64697266,115.7,115.74,115.46,115.7,0
60908.68,0.02318683,-1.3028742,0.09113285,0.08897568,101.273636,24.812016,13.710551,-10.597462,0.0,0.0,50.081,9.04,5.081,33.921,49.24,0.0,97.74432,0.0,0.0,0.0,203.25,3614.0,0.0,-13.9609375,0.1204834,105.844215,13767.228,13767.228,1100.0834,523.77344,0.0,6.973083,0.0,2.3437495,4.0,0.0,41.095848,39.37495,5.2499933,0.0,0.0,-2.5078125,0.0,0.0,0.0,0.0,0.0,0.0,1.9999695,1.0,45.35675,2.3437495,28.226484,27.801731,0.0,112.99997,0.0,0.0,103.48107,101.27547,720.0,550.125,-1.9727349E-8,-26.4375,0.0,-28.5,6.535555,76.99999,20.76416,0.0,115.71,0.0,0.0,-0.9338379,99.998474,99.06464,0.64697266,115.55,115.51,115.13,115.46,0
60908.707,0.038549464,-1.1773996,0.09113531,0.08897568,101.27299,24.812016,13.704807,-10.597296,0.0,0.0,50.081,9.081,5.081,33.921,49.24,0.0,97.74432,0.0,0.0,0.0,203.25,3615.0,0.0,-14.0234375,0.120788574,105.82764,13788.454,13788.454,1100.0834,523.77344,0.0,6.9942775,0.0,2.3437495,4.0,0.0,41.1216,39.37495,5.2499933,0.0,0.0,-2.453125,0.0,0.0,0.0,0.0,0.0,0.0,1.9999695,1.0,45.35675,2.3437495,28.226982,27.801731,0.0,112.99997,0.0,0.0,103.52253,101.26717,720.0,550.125,-1.5781879E-8,-26.4375,0.0,-28.5,6.535555,76.99999,20.562744,0.0,115.56,0.0,0.0,-0.692749,99.998474,99.305725,0.65185547,115.65,115.79,115.32,115.28,0
60908.754,0.030839572,-1.0334599,0.09070615,0.08897568,101.2724,24.812016,13.706646,-10.593187,0.0,0.0,50.081,9.105,5.081,33.921,49.24,0.0,97.74432,0.0,0.0,0.0,203.25,3615.0,0.0,-14.5,0.120788574,105.82764,13792.7,13792.7,1100.0834,523.77344,0.0,6.973083,0.0,2.3437495,4.0,0.0,41.14478,39.37495,5.2499933,0.0,0.0,-2.421875,0.0,0.0,0.0,0.0,0.0,0.0,1.9999695,1.0,45.35675,2.3437495,28.254711,27.890629,0.0,112.99997,0.0,0.0,103.282074,101.26717,720.0,550.5,-1.2625503E-8,-26.40625,0.0,-28.28125,6.535555,76.99999,20.355225,0.0,115.56,0.0,0.0,-0.6164551,99.998474,99.38202,0.63964844,115.42,115.65,115.13,115.42,0
60908.793,0.024671657,-0.938384,0.09082994,0.08897568,101.272705,24.812016,13.719652,-10.586266,0.0,0.0,50.081,9.156,5.081,33.921,49.24,0.0,97.74432,0.0,0.0,0.0,203.25,3614.0,0.0,-14.3203125,0.12109375,105.83593,13827.193,13827.193,1100.0834,523.77344,0.0,6.8883038,0.0,2.3437495,4.0,0.0,41.24083,39.37495,5.2499933,0.0,0.0,-2.4140625,0.0,0.0,0.0,0.0,0.0,0.0,1.9999695,1.0,45.35675,2.3437495,28.302729,27.928482,0.0,112.99997,0.0,0.0,103.282074,101.27547,720.0,550.5,-1.0100403E-8,-26.4375,0.0,-28.28125,6.535555,76.99999,20.245361,0.0,115.56,0.0,0.0,-0.6164551,99.998474,99.38202,0.63964844,115.65,115.55,114.95,114.95,0
60908.836,0.039737325,-0.8816036,0.090829074,0.08897568,101.27298,24.812016,13.728756,-10.588,0.0,0.0,50.081,9.189,5.081,33.921,49.24,0.0,97.74432,0.0,0.0,0.0,203.25,3611.0,0.0,-14.21875,0.12145996,105.82764,13827.193,13827.193,1100.0834,523.77344,0.0,6.930693,0.0,2.3437495,4.0,0.0,41.32727,39.37495,5.2499933,0.0,0.0,-2.3984375,0.0,0.0,0.0,0.0,0.0,0.0,1.9999695,1.0,44.934082,2.3437495,28.291048,27.912466,0.0,112.99997,0.0,0.0,103.32353,101.27547,720.0,550.125,-8.080323E-9,-26.40625,0.0,-28.28125,6.535555,76.99999,20.300293,0.0,115.38,0.0,0.0,-0.76904297,99.998474,99.22943,0.64941406,115.46,115.45,115.09,114.87,0
60908.88,0.05178986,-0.8401414,0.09138796,0.0889333,101.273224,24.812016,13.72927,-10.601575,0.0,0.0,50.081,9.24,5.081,33.921,49.24,0.0,97.74432,0.0,0.0,0.0,203.25,3606.0,0.0,-13.8515625,0.12145996,105.82764,13852.666,13852.666,1100.0834,523.77344,0.0,7.057862,0.0,2.3437495,4.0,0.0,41.405067,39.37495,5.2499933,0.0,0.0,-2.421875,0.0,0.0,0.0,0.0,0.0,0.0,1.9999695,1.0,44.934082,2.3437495,28.197723,27.706516,0.0,112.99997,0.0,0.0,103.282074,101.27547,720.0,549.75,-6.4642585E-9,-26.40625,0.0,-28.28125,6.535555,76.99999,20.233154,0.0,115.38,0.0,0.0,-0.6286621,99.998474,99.36981,0.64453125,115.19,115.32,115.0,115.32,0
60908.914,0.08143189,-0.8048066,0.09098592,0.0889333,101.273445,24.812016,13.735489,-10.601765,0.0,0.0,50.081,9.281,5.081,33.921,49.24,0.0,97.74432,0.0,0.0,0.0,203.25,3603.0,0.0,-14.390625,0.12243652,105.844215,13861.156,13861.156,1100.0834,523.77344,0.0,6.973083,0.0,2.3437495,4.0,0.0,41.47509,39.37495,5.2499933,0.0,0.0,-2.203125,0.0,0.0,0.0,0.0,0.0,0.0,1.9999695,1.0,44.934082,2.3437495,28.196636,27.785015,0.0,112.99997,0.0,0.0,103.282074,101.27547,720.0,550.125,-5.171407E-9,-26.375,0.0,-28.1875,6.535555,76.99999,20.324707,0.0,115.34,0.0,0.0,-0.6286621,99.998474,99.36981,0.64941406,115.23,115.19,114.77,114.95,0
60908.96,0.08514552,-0.77192265,0.09094476,0.0889333,101.27364,24.812016,13.739842,-10.580519,0.0,0.0,50.081,9.315,5.081,33.921,49.24,0.0,97.74432,0.0,0.0,0.0,203.25,3602.0,0.0,-14.3203125,0.12243652,105.844215,13878.138,13878.138,1100.0834,523.77344,0.0,6.8883038,0.0,2.3437495,4.0,0.0,41.53811,39.37495,5.2499933,0.0,0.0,-2.09375,0.0,0.0,0.0,0.0,0.0,0.0,1.9999695,1.0,44.934082,2.3437495,28.343277,27.941587,0.0,112.99997,0.0,0.0,103.282074,101.27547,720.0,550.5,-4.1371258E-9,-26.375,0.0,-28.1875,6.535555,76.99999,20.257568,0.0,115.13,0.0,0.0,-0.6286621,99.998474,99.36981,0.64453125,115.09,115.19,114.88,114.77,0
60908.992,0.10811642,-0.7400191,0.09113621,0.0889333,101.27383,24.812016,13.731171,-10.599889,0.0,0.0,50.081,9.356,5.081,33.921,49.24,0.0,97.74432,0.0,0.0,0.0,203.25,3599.0,0.0,-14.234375,0.1227417,105.844215,13895.65,13895.65,1100.0834,523.77344,0.0,6.9942775,0.0,2.3437495,4.0,0.0,41.594826,39.37495,5.2499933,0.0,0.0,-1.9765625,0.0,0.0,0.0,0.0,0.0,0.0,1.9999695,1.0,44.934082,2.3437495,28.209944,27.774286,0.0,112.99997,0.0,0.0,103.282074,101.27547,720.0,550.125,-3.3097007E-9,-26.375,0.0,-28.1875,6.535555,76.99999,20.20874,0.0,115.17,0.0,0.0,-0.6286621,99.998474,99.36981,0.64453125,115.0,115.01,114.45,114.95,0
60909.035,0.12649313,-0.7272576,0.09157269,0.0888909,101.27399,24.812016,13.736819,-10.6287775,0.0,0.0,50.081,9.389,5.081,33.921,49.24,0.0,97.74432,0.0,0.0,0.0,203.25,3593.0,0.0,-13.6171875,0.1227417,105.844215,13917.938,13917.938,1100.0834,523.77344,0.0,7.0154724,0.0,2.3437495,4.0,0.0,41.645866,39.37495,5.2499933,0.0,0.0,-1.625,0.0,0.0,0.0,0.0,0.0,0.0,1.9999695,1.0,44.509888,2.3437495,28.01098,27.463106,0.0,112.99997,0.0,0.0,103.282074,101.27547,720.0,549.75,-2.6477607E-9,-26.34375,0.0,-28.09375,6.535555,76.99999,20.19043,0.0,115.01,0.0,0.0,-0.6286621,99.998474,99.36981,0.64453125,114.9,114.77,114.59,114.62,0
60909.08,0.1211945,-0.72215307,0.09064551,0.0888909,101.27413,24.812016,13.729054,-10.63615,0.0,0.0,50.081,9.44,5.081,33.921,49.24,0.0,97.74432,0.0,0.0,0.0,203.25,3587.0,0.0,-14.078125,0.123046875,105.844215,13929.613,13929.613,1100.0834,523.77344,0.0,7.057862,0.0,2.3437495,4.0,0.0,41.691803,39.37495,5.2499933,0.0,0.0,-1.515625,0.0,0.0,0.0,0.0,0.0,0.0,1.9999695,1.0,44.509888,2.3437495,27.960308,27.598873,0.0,112.99997,0.0,0.0,103.10795,101.27547,720.0,550.125,-2.1182085E-9,-26.3125,0.0,-28.09375,6.535555,76.99999,19.934082,0.0,114.67,0.0,0.0,-0.56152344,99.998474,99.43695,0.65185547,114.59,114.81,114.62,114.54,0
60909.12,0.13695559,-0.7013613,0.091182314,0.088806115,101.27426,24.812016,13.735338,-10.62282,0.0,0.0,50.081,9.481,5.081,33.921,49.24,0.0,97.74432,0.0,0.0,0.0,203.25,3583.0,0.0,-14.2421875,0.123046875,105.83593,13938.1045,13938.1045,1100.0834,523.77344,0.0,7.0366673,0.0,2.3437495,4.0,0.0,41.733147,38.99995,4.874994,0.0,0.0,-1.4765625,0.0,0.0,0.0,0.0,0.0,0.0,1.9999695,1.0,44.509888,2.3437495,28.05232,27.55588,0.0,112.99997,0.0,0.0,103.12453,101.27547,720.0,550.125,-1.6945668E-9,-26.3125,0.0,-28.09375,6.535555,76.99999,20.08667,0.0,114.67,0.0,0.0,-0.57373047,99.998474,99.42474,0.63964844,114.45,114.36,114.26,114.62,0
60909.16,0.12956448,-0.67429453,0.09149303,0.08876374,101.27438,24.812016,13.739737,-10.613662,0.0,0.0,50.081,9.516,5.081,33.921,49.24,0.0,97.74432,0.0,0.0,0.0,202.875,3579.0,0.0,-14.1953125,0.123046875,105.83593,13959.331,13959.331,1100.0834,523.77344,0.0,6.9942775,0.0,2.3437495,4.0,0.0,41.770355,38.99995,4.874994,0.0,0.0,-1.46875,0.0,0.0,0.0,0.0,0.0,0.0,1.9999695,1.0,44.509888,2.3437495,28.115568,27.575127,0.0,112.99997,0.0,0.0,103.2489,101.27547,720.0,550.125,-1.3556535E-9,-26.28125,0.0,-28.5,6.535555,76.99999,20.245361,0.0,114.49,0.0,0.0,-0.78125,99.998474,99.217224,0.6347656,114.59,114.45,114.26,114.22,0
60909.19,0.12365158,-0.6634678,0.09143817,0.08876374,101.27449,24.812016,13.731096,-10.615297,0.0,0.0,50.081,9.556,5.081,33.921,49.24,0.0,97.74432,0.0,0.0,0.0,202.875,3577.0,0.0,-14.1796875,0.12335205,105.83593,13963.576,13963.576,1100.0834,523.77344,0.0,6.9942775,0.0,2.3437495,4.0,0.0,41.80385,38.99995,4.874994,0.0,0.0,-1.453125,0.0,0.0,0.0,0.0,0.0,0.0,1.9999695,1.0,44.509888,2.3437495,28.1044,27.550205,0.0,112.99997,0.0,0.0,103.03331,101.27547,720.0,550.125,-1.0845228E-9,-26.28125,0.0,-28.5,6.535555,76.99999,19.805908,0.0,114.56,0.0,0.0,-0.55236816,99.998474,99.446106,0.64453125,114.26,114.41,114.22,114.5,0
60909.234,0.118921265,-0.6591371,0.09150639,0.08876374,101.27459,24.812016,13.736767,-10.618303,0.0,0.0,50.081,9.588,5.081,33.921,49.24,0.0,97.74432,0.0,0.0,0.0,202.875,3575.0,0.0,-14.1484375,0.12335205,105.82764,13993.824,13993.824,1100.0834,523.77344,0.0,7.0154724,0.0,2.3437495,4.0,0.0,41.833992,38.99995,4.874994,0.0,0.0,-1.4609375,0.0,0.0,0.0,0.0,0.0,0.0,1.9999695,1.0,44.509888,2.3437495,28.083776,27.534496,0.0,112.99997,0.0,0.0,103.19916,101.27547,720.0,550.125,-8.6761826E-10,-26.25,0.0,-28.5,6.535555,76.99999,20.129395,0.0,114.49,0.0,0.0,-0.88500977,99.998474,99.113464,0.6542969,114.26,114.22,113.82,114.26,0
60909.28,0.095137015,-0.6574049,0.091493875,0.08876374,101.27467,24.812016,13.729018,-10.618687,0.0,0.0,50.081,9.64,5.081,33.921,49.24,0.0,97.74432,0.0,0.0,0.0,202.875,3573.0,0.0,-14.2265625,0.12335205,105.82764,13998.07,13998.07,1100.0834,523.77344,0.0,7.0154724,0.0,2.3437495,4.0,0.0,41.861122,38.99995,4.874994,0.0,0.0,-1.5,0.0,0.0,0.0,0.0,0.0,0.0,1.9999695,1.0,44.509888,2.3437495,28.081226,27.5336,0.0,112.99997,0.0,0.0,103.05819,101.27547,720.0,550.125,-6.940946E-10,-26.25,0.0,-28.5,6.535555,76.99999,19.84253,0.0,114.37,0.0,0.0,-0.5432129,99.998474,99.45526,0.65185547,114.41,114.36,113.99,113.9,0
60909.316,0.096109614,-0.65671194,0.09114948,0.08876374,101.27475,24.812016,13.735312,-10.591313,0.0,0.0,50.081,9.679,5.081,33.921,49.24,0.0,97.74432,0.0,0.0,0.0,202.875,3570.0,0.0,-14.8125,0.12365723,105.81934,14002.315,14002.315,1100.0834,523.77344,0.0,7.057862,0.0,2.3437495,4.0,0.0,41.960724,38.99995,4.874994,0.0,0.0,-1.421875,0.0,0.0,0.0,0.0,0.0,0.0,1.9999695,1.0,44.085693,2.3437495,28.269983,27.770767,0.0,112.99997,0.0,0.0,102.96698,101.27547,720.0,550.5,-5.552757E-10,-26.25,0.0,-28.5,6.535555,76.99999,19.720459,0.0,114.14,0.0,0.0,-0.5218506,99.998474,99.47662,0.6542969,113.99,114.22,113.95,113.95,0
60909.35,0.09688769,-0.6564348,0.09099919,0.08876374,101.27482,24.812016,13.739718,-10.578236,0.0,0.0,50.081,9.715,5.081,33.921,49.24,0.0,97.74432,0.0,0.0,0.0,202.875,3567.0,0.0,-14.8046875,0.12365723,105.81934,14032.033,14032.033,1100.0834,523.77344,0.0,6.973083,0.0,2.3437495,4.0,0.0,42.05037,38.99995,4.874994,0.0,0.0,-1.3671875,0.0,0.0,0.0,0.0,0.0,0.0,1.9999695,1.0,44.085693,2.3437495,28.360191,27.89873,0.0,112.99997,0.0,0.0,102.96698,101.27547,720.0,550.875,-4.4422058E-10,-26.25,0.0,-28.5,6.535555,76.99999,19.793701,0.0,114.14,0.0,0.0,-0.5218506,99.998474,99.47662,0.6542969,114.08,113.99,113.82,113.9,0
60909.39,0.077510156,-0.63757396,0.09123816,0.08872135,101.27488,24.812016,13.731084,-10.571187,0.0,0.0,50.081,9.75,5.081,33.921,49.24,0.0,97.74432,0.0,0.0,0.0,202.875,3566.0,0.0,-14.78125,0.12365723,105.81934,14032.033,14032.033,1100.0834,523.77344,0.0,6.930693,0.0,2.3437495,4.0,0.0,42.13105,38.99995,4.874994,0.0,0.0,-1.234375,0.0,0.0,0.0,0.0,0.0,0.0,1.9999695,1.0,44.085693,2.3437495,28.408836,27.909456,0.0,112.99997,0.0,0.0,102.96698,101.27547,720.0,550.875,-3.5537648E-10,-26.21875,0.0,-28.5,6.535555,76.99999,19.812012,0.0,114.05,0.0,0.0,-0.5279541,99.998474,99.47052,0.64453125,113.9,113.99,113.9,113.77,0
60909.438,0.08200812,-0.63002956,0.09140631,0.08872135,101.27494,24.812016,13.736758,-10.591268,0.0,0.0,50.081,9.789,5.081,33.921,49.24,0.0,97.74432,0.0,0.0,0.0,202.875,3563.0,0.0,-14.609375,0.12365723,105.81934,14062.281,14062.281,1100.0834,523.77344,0.0,6.9094987,0.0,2.3437495,4.0,0.0,42.20366,38.99995,4.874994,0.0,0.0,-1.234375,0.0,0.0,0.0,0.0,0.0,0.0,1.9999695,1.0,44.085693,2.3437495,28.270489,27.903826,0.0,112.99997,0.0,0.0,102.96698,101.27547,720.0,550.5,-2.843012E-10,-26.21875,0.0,-28.375,6.535555,76.99999,19.726562,0.0,113.99,0.0,0.0,-0.5279541,99.998474,99.47052,0.6591797,113.77,114.05,113.73,113.82,0
60909.48,0.0656065,-0.62701184,0.090670064,0.08872135,101.274994,24.812016,13.729012,-10.59969,0.0,0.0,50.081,9.84,5.081,33.921,49.24,0.0,97.74432,0.0,0.0,0.0,202.875,3561.0,0.0,-14.59375,0.12402344,105.81934,14066.526,14066.526,1100.0834,523.77344,0.0,6.951888,0.0,2.3437495,4.0,0.0,42.269005,38.99995,4.874994,0.0,0.0,-1.5234375,0.0,0.0,0.0,0.0,0.0,0.0,1.9999695,1.0,44.085693,2.3437495,28.212479,27.817997,0.0,112.99997,0.0,0.0,102.96698,101.27547,720.0,550.5,-2.2744095E-10,-26.21875,0.0,-28.375,6.535555,76.99999,19.696045,0.0,114.01,0.0,0.0,-0.5279541,99.998474,99.47052,0.65185547,113.9,113.82,113.42,113.67,0
60909.516,0.052485198,-0.64455473,0.091091804,0.08872135,101.27504,24.812016,13.735308,-10.594744,0.0,0.0,50.081,9.88,5.081,33.921,49.24,0.0,97.74432,0.0,0.0,0.0,202.875,3557.0,0.0,-14.5859375,0.12402344,105.81105,14087.754,14087.754,1100.0834,523.77344,0.0,6.9942775,0.0,2.3437495,4.0,0.0,42.32782,38.99995,4.874994,0.0,0.0,-1.109375,0.0,0.0,0.0,0.0,0.0,0.0,1.9999695,1.0,43.6615,2.3437495,28.246624,27.76237,0.0,112.99997,0.0,0.0,102.96698,101.27547,720.0,550.5,-1.8195277E-10,-26.21875,0.0,-28.375,6.535555,76.99999,19.726562,0.0,113.81,0.0,0.0,-0.5279541,99.998474,99.47052,0.6542969,113.86,113.73,113.54,113.42,0
60909.55,0.04198816,-0.65157187,0.09117765,0.08872135,101.27508,24.812016,13.739716,-10.605551,0.0,0.0,50.081,9.915,5.081,33.921,49.24,0.0,97.74432,0.0,0.0,0.0,202.875,3556.0,0.0,-14.625,0.12402344,105.81105,14100.489,14100.489,1100.0834,523.77344,0.0,6.9942775,0.0,2.3437495,4.0,0.0,42.380753,38.99995,4.874994,0.0,0.0,-1.03125,0.0,0.0,0.0,0.0,0.0,0.0,1.9999695,1.0,43.6615,2.3437495,28.172173,27.664593,0.0,112.99997,0.0,0.0,102.91724,101.27547,720.0,550.5,-1.4556222E-10,-26.1875,0.0,-28.375,6.535555,76.99999,19.732666,0.0,113.83,0.0,0.0,-0.5187988,99.998474,99.479675,0.6542969,113.73,113.73,113.09,113.54,0
60909.598,0.03359053,-0.6543788,0.09149781,0.08872135,101.274284,24.812016,13.731082,-10.598484,0.0,0.0,50.081,9.949,5.081,33.921,49.24,0.0,97.74432,0.0,0.0,0.0,202.875,3553.0,0.0,-14.6328125,0.1239624,105.79447,14125.962,14125.962,1100.0834,523.77344,0.0,6.951888,0.0,2.3437495,4.0,0.0,42.42839,38.99995,4.874994,0.0,0.0,-0.921875,0.0,0.0,0.0,0.0,0.0,0.0,1.9999695,1.0,43.6615,2.3437495,28.220085,27.643824,0.0,112.99997,0.0,0.0,102.96698,101.26717,720.0,550.875,-1.1644978E-10,-26.1875,0.0,-28.375,6.535555,76.99999,19.769287,0.0,113.73,0.0,0.0,-0.57373047,99.998474,99.42474,0.64453125,113.67,113.54,113.23,113.36,0
60909.637,0.026872424,-0.6555015,0.09142131,0.088678956,101.27357,24.812016,13.736757,-10.600639,0.0,0.0,50.081,10.001,5.081,33.921,49.24,0.0,97.74432,0.0,0.0,0.0,202.875,3552.0,0.0,-14.578125,0.1239624,105.79447,14134.983,14134.983,1100.0834,523.77344,0.0,6.951888,0.0,2.3437495,4.0,0.0,42.471268,38.99995,4.874994,0.0,0.0,-0.7578125,0.0,0.0,0.0,0.0,0.0,0.0,1.9999695,1.0,43.6615,2.3437495,28.204515,27.644234,0.0,112.99997,0.0,0.0,102.88407,101.26717,720.0,550.5,-9.315983E-11,-26.1875,0.0,-28.375,6.535555,76.99999,19.604492,0.0,113.55,0.0,0.0,-0.49743652,99.998474,99.50104,0.64453125,113.5,113.58,113.36,113.18,0
60909.67,0.02149794,-0.6559506,0.09143777,0.08855179,101.27293,24.812016,13.74073,-10.602564,0.0,0.0,50.081,10.035,5.081,33.921,49.24,0.0,97.74432,0.0,0.0,0.0,202.875,3548.0,0.0,-14.6015625,0.12432861,105.79447,14134.983,14134.983,1100.0834,523.77344,0.0,6.951888,0.0,2.3437495,4.0,0.0,42.509857,38.99995,4.874994,0.0,0.0,-0.75,0.0,0.0,0.0,0.0,0.0,0.0,1.9999695,1.0,43.6615,2.3437495,28.190607,27.616745,0.0,112.99997,0.0,0.0,102.88407,101.26717,720.0,550.5,-7.452786E-11,-26.15625,0.0,-28.375,6.535555,76.99999,19.561768,0.0,113.57,0.0,0.0,-0.5065918,99.998474,99.49188,0.63964844,113.36,113.36,112.97,113.36,0
60909.71,0.017198352,-0.65613025,0.09115598,0.088551775,101.27318,24.812016,13.731792,-10.610922,0.0,0.0,50.081,10.069,5.081,33.921,49.24,0.0,97.74432,0.0,0.0,0.0,202.875,3546.0,0.0,-14.515625,0.12432861,105.80276,14157.271,14157.271,1100.0834,523.77344,0.0,6.973083,0.0,2.3437495,4.0,0.0,42.544586,38.99995,4.874994,0.0,0.0,-0.7265625,0.0,0.0,0.0,0.0,0.0,0.0,1.9999695,1.0,43.237305,2.3437495,28.133245,27.606577,0.0,112.99997,0.0,0.0,102.91724,101.27547,720.0,550.5,-5.962229E-11,-26.15625,0.0,-28.375,6.535555,76.99999,19.702148,0.0,113.35,0.0,0.0,-0.6225586,99.998474,99.375916,0.63964844,113.36,113.33,113.14,113.09,0
60909.758,0.013758682,-0.6374521,0.09116846,0.08855179,101.27341,24.812016,13.731395,-10.6130905,0.0,0.0,50.081,10.108,5.081,33.921,49.24,0.0,97.74432,0.0,0.0,0.0,202.875,3542.0,0.0,-14.5,0.12432861,105.80276,14168.946,14168.946,1100.0834,523.77344,0.0,6.951888,0.0,2.3437495,4.0,0.0,42.575844,38.99995,4.874994,0.0,0.0,-0.6875,0.0,0.0,0.0,0.0,0.0,0.0,1.9999695,1.0,43.237305,2.3437495,28.118532,27.58063,0.0,112.99997,0.0,0.0,102.88407,101.27547,720.0,550.5,-4.7697835E-11,-26.15625,0.0,-28.375,6.535555,76.99999,19.567871,0.0,113.25,0.0,0.0,-0.491333,99.998474,99.50714,0.64453125,113.09,113.23,113.09,113.04,0
60909.8,0.011006946,-0.62998086,0.090971746,0.088509396,101.27361,24.812016,13.725258,-10.62644,0.0,0.0,50.081,10.156,5.081,33.921,49.24,0.0,97.74432,0.0,0.0,0.0,202.875,3540.0,0.0,-14.5,0.12432861,105.79447,14185.928,14185.928,1100.0834,523.77344,0.0,6.8883038,0.0,2.3437495,4.0,0.0,42.603973,38.99995,4.874994,0.0,0.0,-0.6484375,0.0,0.0,0.0,0.0,0.0,0.0,1.9999695,1.0,43.237305,2.3437495,28.026716,27.526237,0.0,112.99997,0.0,0.0,102.96698,101.27547,720.0,550.5,-3.8158268E-11,-26.125,0.0,-28.28125,6.535555,76.99999,19.677734,0.0,113.1,0.0,0.0,-0.74768066,99.998474,99.25079,0.64453125,113.14,113.01,112.55,113.18,0
60909.84,0.008805557,-0.64574236,0.09072037,0.088509396,101.273796,24.812016,13.73268,-10.613862,0.0,0.0,50.081,10.2,5.081,33.921,49.24,0.0,97.74432,0.0,0.0,0.0,202.875,3536.0,0.0,-14.65625,0.12432861,105.79447,14202.909,14202.909,1100.0834,523.77344,0.0,6.9094987,0.0,2.3437495,4.0,0.0,42.629288,38.99995,4.874994,0.0,0.0,-0.546875,0.0,0.0,0.0,0.0,0.0,0.0,1.9999695,1.0,43.237305,2.3437495,28.113604,27.65006,0.0,112.99997,0.0,0.0,102.77627,101.27547,720.0,550.875,-3.0526616E-11,-26.125,0.0,-28.28125,6.535555,76.99999,19.348145,0.0,113.15,0.0,0.0,-0.4699707,99.998474,99.5285,0.6542969,113.14,113.09,112.84,112.68,0
60909.88,0.027044445,-0.63329697,0.09117751,0.088509396,101.273964,24.812016,13.732017,-10.622918,0.0,0.0,50.081,10.24,5.081,33.921,49.24,0.0,97.74432,0.0,0.0,0.0,202.875,3535.0,0.0,-14.59375,0.12432861,105.79447,14207.155,14207.155,1100.0834,523.77344,0.0,6.973083,0.0,2.3437495,4.0,0.0,42.652077,38.99995,4.874994,0.0,0.0,-0.390625,0.0,0.0,0.0,0.0,0.0,0.0,1.9999695,1.0,43.237305,2.3437495,28.051344,27.519373,0.0,112.99997,0.0,0.0,102.635315,101.27547,720.0,550.5,-2.4421293E-11,-26.09375,0.0,-28.28125,6.535555,76.99999,19.20166,0.0,112.97,0.0,0.0,-0.44555664,99.998474,99.55292,0.64208984,112.87,113.04,112.74,112.78,0
60909.906,0.041635558,-0.6283188,0.09148772,0.088509396,101.27412,24.812016,13.725693,-10.616283,0.0,0.0,50.081,10.28,5.081,33.921,49.24,0.0,97.74432,0.0,0.0,0.0,202.875,3532.0,0.0,-14.625,0.12426758,105.78618,14233.158,14233.158,1100.0834,523.77344,0.0,6.951888,0.0,2.3437495,4.0,0.0,42.672585,38.99995,4.874994,0.0,0.0,-0.3359375,0.0,0.0,0.0,0.0,0.0,0.0,1.9999695,1.0,42.814636,2.3437495,28.09723,27.498367,0.0,112.99997,0.0,0.0,102.7431,101.27547,720.0,550.5,-1.9537035E-11,-26.09375,0.0,-28.28125,6.535555,76.99999,19.28711,0.0,112.99,0.0,0.0,-0.5767822,99.998474,99.42169,0.64453125,112.97,112.87,112.55,112.65,0
60909.953,0.073308446,-0.6450775,0.09104708,0.088509396,101.274254,24.812016,13.732985,-10.606784,0.0,0.0,50.081,10.305,5.081,33.921,49.24,0.0,97.74432,0.0,0.0,0.0,202.875,3528.0,0.0,-14.6640625,0.12426758,105.78618,14237.403,14237.403,1100.0834,523.77344,0.0,6.9942775,0.0,2.3437495,4.0,0.0,42.69104,38.99995,4.874994,0.0,0.0,-0.3359375,0.0,0.0,0.0,0.0,0.0,0.0,1.9999695,1.0,42.814636,2.3437495,28.16285,27.652554,0.0,112.99997,0.0,0.0,102.66849,101.27547,720.0,550.875,-1.5629628E-11,-26.09375,0.0,-28.28125,6.535555,76.99999,19.21997,0.0,112.95,0.0,0.0,-0.4547119,99.998474,99.54376,0.64941406,112.97,112.91,112.52,112.43,0
60909.992,0.07864676,-0.651781,0.09151989,0.088509396,101.274376,24.812016,13.72637,-10.615371,0.0,0.0,50.081,10.356,5.081,33.921,49.24,0.0,97.74432,0.0,0.0,0.0,202.875,3526.0,0.0,-14.625,0.12463379,105.78618,14255.446,14255.446,1100.0834,523.77344,0.0,7.0366673,0.0,2.3437495,4.0,0.0,42.70765,38.62495,4.874994,0.0,0.0,-0.375,0.0,0.0,0.0,0.0,0.0,0.0,1.9999695,1.0,42.814636,2.3437495,28.103779,27.48214,0.0,112.99997,0.0,0.0,102.66849,101.27547,720.0,550.5,-1.2503702E-11,-26.0625,0.0,-28.28125,6.535555,76.99999,19.274902,0.0,112.97,0.0,0.0,-0.44555664,99.998474,99.55292,0.64453125,112.68,112.68,112.29,112.74,0
60910.035,0.08291741,-0.65446246,0.09161381,0.08846701,101.27448,24.812016,13.7334585,-10.6176195,0.0,0.0,50.081,10.389,5.081,33.921,49.24,0.0,97.74432,0.0,0.0,0.0,202.875,3523.0,0.0,-14.609375,0.12463379,105.78618,14271.366,14271.366,1100.0834,523.77344,0.0,6.973083,0.0,2.3437495,4.0,0.0,42.722595,38.99995,4.874994,0.0,0.0,-0.375,0.0,0.0,0.0,0.0,0.0,0.0,1.9999695,1.0,42.814636,2.3437495,28.088383,27.456602,0.0,112.99997,0.0,0.0,102.80115,101.27547,720.0,550.5,-1.0002962E-11,-26.0625,0.0,-28.1875,6.535555,76.99999,19.555664,0.0,112.8,0.0,0.0,-0.6225586,99.998474,99.375916,0.64941406,112.74,112.65,112.25,112.43,0
60910.08,0.08633393,-0.655535,0.09131779,0.08838224,101.27458,24.812016,13.714983,-10.603844,0.0,0.0,50.081,10.435,5.081,33.921,49.24,0.0,97.74432,0.0,0.0,0.0,202.875,3518.0,0.0,-14.6796875,0.12463379,105.78618,14278.796,14278.796,1100.0834,523.77344,0.0,6.9942775,0.0,2.3437495,4.0,0.0,42.736053,38.99995,4.874994,0.0,0.0,-0.3359375,0.0,0.0,0.0,0.0,0.0,0.0,1.9999695,1.0,42.814636,2.3437495,28.183441,27.588793,0.0,112.99997,0.0,0.0,102.66849,101.27547,720.0,550.875,-8.00237E-12,-26.0625,0.0,-28.1875,6.535555,76.99999,19.20166,0.0,112.6,0.0,0.0,-0.46691895,99.998474,99.531555,0.63964844,112.55,112.47,112.34,112.21,0
60910.113,0.089067146,-0.655964,0.09158983,0.08838224,101.273834,24.812016,13.70791,-10.594884,0.0,0.0,50.081,10.48,5.081,33.921,49.24,0.0,97.74432,0.0,0.0,0.0,202.875,3515.0,0.0,-14.65625,0.124572754,105.76959,14293.654,14293.654,1100.0834,523.77344,0.0,6.951888,0.0,2.3437495,4.0,0.0,42.823353,38.99995,4.874994,0.0,0.0,-0.359375,0.0,0.0,0.0,0.0,0.0,0.0,1.9999695,1.0,42.39044,2.3437495,28.244453,27.586613,0.0,112.99997,0.0,0.0,102.66849,101.26717,720.0,550.875,-6.401896E-12,-26.03125,0.0,-28.09375,6.535555,76.99999,19.195557,0.0,112.55,0.0,0.0,-0.47302246,99.998474,99.52545,0.6567383,112.43,112.43,111.81,112.38,0
60910.156,0.111253716,-0.6936356,0.09156202,0.08838224,101.27316,24.812016,13.714677,-10.623206,0.0,0.0,50.081,10.508,5.081,33.921,49.24,0.0,97.74432,0.0,0.0,0.0,202.875,3512.0,0.0,-14.625,0.124572754,105.76959,14305.86,14305.86,1100.0834,523.77344,0.0,6.9942775,0.0,2.3437495,4.0,0.0,42.90192,38.99995,4.874994,0.0,0.0,-0.1796875,0.0,0.0,0.0,0.0,0.0,0.0,1.9999695,1.0,42.39044,2.3437495,28.048563,27.399204,0.0,112.99997,0.0,0.0,102.635315,101.26717,720.0,550.5,-5.121517E-12,-26.0,0.0,-28.09375,6.535555,76.99999,19.110107,0.0,112.4,0.0,0.0,-0.4272461,99.998474,99.57123,0.64453125,112.34,112.25,111.95,112.08,0
60910.2,0.12900297,-0.72745425,0.091701485,0.088339835,101.27339,24.812016,13.713555,-10.62413,0.0,0.0,50.081,10.556,5.081,33.921,49.24,0.0,97.74432,0.0,0.0,0.0,202.875,3506.0,0.0,-14.6328125,0.12463379,105.777885,14322.842,14322.842,1100.0834,523.77344,0.0,6.951888,0.0,2.3437495,4.0,0.0,42.972633,38.62495,4.874994,0.0,0.0,-0.203125,0.0,0.0,0.0,0.0,0.0,0.0,1.9999695,1.0,42.39044,2.3437495,28.042423,27.347996,0.0,112.99997,0.0,0.0,102.635315,101.27547,720.0,550.875,-4.0972135E-12,-26.0,0.0,-28.09375,6.535555,76.99999,19.238281,0.0,112.12,0.0,0.0,-0.4272461,99.998474,99.57123,0.6567383,111.98,112.13,112.04,111.95,0
60910.24,0.14320238,-0.7784817,0.09162239,0.088339835,101.2736,24.812016,13.718629,-10.6265,0.0,0.0,50.081,10.6,5.081,33.921,49.24,0.0,97.74432,0.0,0.0,0.0,202.875,3501.0,0.0,-14.5625,0.12463379,105.777885,14339.823,14339.823,1100.0834,523.77344,0.0,6.951888,0.0,2.3437495,4.0,0.0,43.036274,38.99995,4.874994,0.0,0.0,-0.2265625,0.0,0.0,0.0,0.0,0.0,0.0,1.9999695,1.0,42.39044,2.3437495,28.02629,27.35596,0.0,112.99997,0.0,0.0,102.635315,101.27547,720.0,550.5,-3.2777708E-12,-26.0,0.0,-28.09375,6.535555,76.99999,19.238281,0.0,112.09,0.0,0.0,-0.4547119,99.998474,99.54376,0.64941406,111.91,111.95,111.56,112.04,0
60910.28,0.1745619,-0.83639276,0.091403335,0.088339835,101.27378,24.812016,13.716321,-10.62221,0.0,0.0,50.081,10.64,5.081,33.921,49.24,0.0,97.74432,0.0,0.0,0.0,202.875,3497.0,0.0,-14.5625,0.12463379,105.777885,14348.313,14348.313,1100.0834,523.77344,0.0,6.973083,0.0,2.3437495,4.0,0.0,43.09355,38.99995,4.874994,0.0,0.0,-0.5625,0.0,0.0,0.0,0.0,0.0,0.0,1.9999695,1.0,42.39044,2.3437495,28.056046,27.424068,0.0,112.99997,0.0,0.0,102.635315,101.27547,720.0,550.5,-2.6222167E-12,-25.96875,0.0,-28.09375,6.535555,76.99999,19.213867,0.0,111.93,0.0,0.0,-0.42114258,99.998474,99.57733,0.64697266,111.72,111.64,111.56,111.47,0
60910.31,0.19964953,-0.85955715,0.090874664,0.088339835,101.27395,24.812016,13.708846,-10.615285,0.0,0.0,50.081,10.679,5.081,33.921,49.24,0.0,97.74432,0.0,0.0,0.0,202.875,3491.0,0.0,-14.90625,0.124572754,105.76959,14373.786,14373.786,1100.0834,523.77344,0.0,6.951888,0.0,2.3437495,4.0,0.0,43.1451,38.99995,4.874994,0.0,0.0,-0.5546875,0.0,0.0,0.0,0.0,0.0,0.0,1.9999695,1.0,41.966248,2.3437495,28.103943,27.579472,0.0,112.99997,0.0,0.0,102.635315,101.27547,720.0,550.875,-2.0977733E-12,-25.9375,0.0,-28.0,6.535555,76.99999,19.171143,0.0,111.72,0.0,0.0,-0.42114258,99.998474,99.57733,0.64453125,111.38,111.6,111.43,111.77,0
60910.35,0.19971964,-0.9250729,0.091471344,0.08821268,101.2741,24.812016,13.715333,-10.600937,0.0,0.0,50.081,10.705,5.081,33.921,49.24,0.0,97.74432,0.0,0.0,0.0,202.875,3483.0,0.0,-14.6796875,0.124572754,105.76959,14376.97,14376.97,1100.0834,523.77344,0.0,6.951888,0.0,2.3437495,4.0,0.0,43.191494,38.99995,4.874994,0.0,0.0,-0.59375,0.0,0.0,0.0,0.0,0.0,0.0,1.9999695,1.0,41.966248,2.3437495,28.202991,27.55215,0.0,112.99997,0.0,0.0,102.635315,101.27547,720.0,550.875,-1.6782187E-12,-25.90625,0.0,-28.0,6.535555,76.99999,19.0979,0.0,111.61,0.0,0.0,-0.42114258,99.998474,99.57733,0.64453125,111.47,111.16,111.13,111.34,0
60910.39,0.21977572,-1.0075293,0.09149906,0.08821268,101.27424,24.812016,13.702295,-10.600138,0.0,0.0,50.081,10.749,5.081,33.921,49.24,0.0,97.74432,0.0,0.0,0.0,202.875,3473.0,0.0,-14.8046875,0.12390137,105.74472,14387.053,14387.053,1100.0834,523.77344,0.0,6.867109,0.0,2.3437495,4.0,0.0,43.23325,38.99995,4.874994,0.0,0.0,-0.6640625,0.0,0.0,0.0,0.0,0.0,0.0,1.9999695,1.0,41.966248,2.3437495,28.208643,27.544199,0.0,112.99997,0.0,0.0,102.635315,101.27547,720.0,550.875,-1.3425749E-12,-25.875,0.0,-28.0,6.535555,76.99999,19.146729,0.0,111.16,0.0,0.0,-0.42114258,99.998474,99.57733,0.63964844,110.52,110.99,111.08,110.92,0
60910.438,0.21582058,-1.1717618,0.090539485,0.08817029,101.27436,24.812016,13.710747,-10.626797,0.0,0.0,50.081,10.788,5.081,33.921,49.24,0.0,97.74432,0.0,0.0,0.0,202.875,3458.0,0.0,-14.828125,0.12390137,105.73643,14408.279,14408.279,1100.0834,523.77344,0.0,6.930693,0.0,2.3437495,4.0,0.0,43.27083,38.62495,4.874994,0.0,0.0,-0.859375,0.0,0.0,0.0,0.0,0.0,0.0,1.9999695,1.0,41.966248,2.3437495,28.02501,27.538073,0.0,112.99997,0.0,0.0,102.635315,101.27547,720.0,550.875,-1.07406E-12,-25.84375,0.0,-28.0,6.535555,76.99999,19.030762,0.0,110.9,0.0,0.0,-0.42114258,99.998474,99.57733,0.6567383,110.6,110.65,110.6,110.82,0
60910.48,0.21265647,-1.3312047,0.09069597,0.088000715,101.27447,24.812016,13.704945,-10.634708,0.0,0.0,50.081,10.836,5.081,33.921,49.24,0.0,97.74432,0.0,0.0,0.0,202.5,3450.0,0.0,-14.9296875,0.12390137,105.73643,14423.139,14423.139,1100.0834,523.77344,0.0,6.951888,0.0,2.3437495,4.0,0.0,43.30465,38.62495,4.4999943,0.0,0.0,-0.1953125,0.0,0.0,0.0,0.0,0.0,0.0,1.9999695,1.0,41.966248,2.3437495,27.97058,27.42911,0.0,112.99997,0.0,0.0,102.635315,101.27547,720.0,550.875,-8.59248E-13,-25.78125,0.0,-28.0,6.535555,76.99999,19.055176,0.0,110.31,0.0,0.0,-0.42114258,99.998474,99.57733,0.64453125,110.43,110.18,110.1,110.27,0
60910.523,0.21012518,-1.4887319,0.09082263,0.088000715,101.27457,24.812016,13.706742,-10.6167345,0.0,0.0,50.081,10.88,5.081,33.921,49.24,0.0,97.74432,0.0,0.0,0.0,202.5,3444.0,0.0,-15.296875,0.12390137,105.73643,14442.242,14442.242,1100.0834,523.77344,0.0,6.8459144,0.0,2.3437495,4.0,0.0,43.335087,38.62495,4.4999943,0.0,0.0,-0.109375,0.0,0.0,0.0,0.0,0.0,0.0,1.9999695,1.0,41.542053,2.3437495,28.094576,27.536264,0.0,112.99997,0.0,0.0,102.635315,101.27547,720.0,551.25,-6.8739843E-13,-25.78125,0.0,-28.0,6.535555,76.99999,19.0979,0.0,110.24,0.0,0.0,-0.42114258,99.998474,99.57733,0.6542969,109.59,110.18,110.02,109.88,0
60910.55,0.22810015,-1.5892428,0.09105975,0.088000715,101.27466,24.812016,13.7138605,-10.609758,0.0,0.0,50.081,10.922,5.081,33.921,49.24,0.0,97.74432,0.0,0.0,0.0,202.5,3436.0,0.0,-15.234375,0.12390137,105.73643,14442.242,14442.242,1100.0834,523.77344,0.0,6.8883038,0.0,2.3437495,4.0,0.0,43.36248,38.62495,4.4999943,0.0,0.0,-0.171875,0.0,0.0,0.0,0.0,0.0,0.0,1.9999695,1.0,41.542053,2.3437495,28.142744,27.513779,0.0,112.99997,0.0,0.0,102.635315,101.27547,720.0,551.25,-5.499188E-13,-25.75,0.0,-28.09375,6.535555,76.99999,19.055176,0.0,109.92,0.0,0.0,-0.46081543,99.998474,99.53766,0.64453125,110.14,109.76,109.38,109.88,0
60910.594,0.24248013,-1.7044472,0.09116004,0.08795833,101.274734,24.812016,13.707124,-10.605112,0.0,0.0,50.081,10.949,5.081,33.921,49.24,0.0,97.74432,0.0,0.0,0.0,202.5,3428.0,0.0,-15.0703125,0.12390137,105.73643,14463.47,14463.47,1100.0834,523.77344,0.0,6.8883038,0.0,2.3437495,4.0,0.0,43.387135,38.62495,4.4999943,0.0,0.0,-0.3828125,0.0,0.0,0.0,0.0,0.0,0.0,1.9999695,1.0,41.542053,2.3437495,28.174854,27.534721,0.0,112.99997,0.0,0.0,102.635315,101.27547,720.0,551.25,-4.3993504E-13,-25.71875,0.0,-28.0,6.535555,76.99999,19.055176,0.0,109.88,0.0,0.0,-0.42114258,99.998474,99.57733,0.6542969,109.06,109.59,109.51,109.3,0
60910.637,0.2539841,-1.8255289,0.09140986,0.08783117,101.2748,24.812016,13.714128,-10.615229,0.0,0.0,50.081,10.989,5.081,33.921,49.24,0.0,97.74432,0.0,0.0,0.0,202.5,3414.0,0.0,-14.8671875,0.12390137,105.728134,14476.736,14476.736,1100.0834,523.77344,0.0,7.0154724,0.0,2.3437495,4.0,0.0,43.409325,38.24995,4.4999943,0.0,0.0,-0.3203125,0.0,0.0,0.0,0.0,0.0,0.0,1.9999695,1.0,41.542053,2.3437495,28.10519,27.381454,0.0,112.99997,0.0,0.0,102.635315,101.27547,720.0,550.875,-3.5194804E-13,-25.6875,0.0,-28.0,6.535555,76.99999,18.963623,0.0,109.48,0.0,0.0,-0.41809082,99.998474,99.58038,0.63964844,108.89,109.43,109.17,109.09,0
60910.68,0.24318728,-1.9302115,0.091174684,0.08783117,101.27487,24.812016,13.707311,-10.617936,0.0,0.0,50.081,11.035,5.081,33.921,49.24,0.0,97.74432,0.0,0.0,0.0,202.5,3405.0,0.0,-15.1640625,0.12390137,105.728134,14489.473,14489.473,1100.0834,523.77344,0.0,7.057862,0.0,2.3437495,4.0,0.0,43.429295,38.24995,4.4999943,0.0,0.0,-0.2421875,0.0,0.0,0.0,0.0,0.0,0.0,1.9999695,1.0,41.542053,2.3437495,28.086596,27.421349,0.0,112.99997,0.0,0.0,102.635315,101.27547,720.0,551.25,-2.8155844E-13,-25.65625,0.0,-28.0,6.535555,76.99999,18.963623,0.0,108.84,0.0,0.0,-0.45776367,99.998474,99.54071,0.6640625,109.14,108.85,108.39,108.85,0
60910.71,0.23454982,-1.9908347,0.09152779,0.08783117,101.2741,24.812016,13.702539,-10.604971,0.0,0.0,50.081,11.08,5.081,33.921,49.24,0.0,97.74432,0.0,0.0,0.0,202.5,3398.0,0.0,-15.25,0.12390137,105.71984,14499.024,14499.024,1100.0834,523.77344,0.0,7.0154724,0.0,2.3437495,4.0,0.0,43.44727,38.24995,4.4999943,0.0,0.0,-0.140625,0.0,0.0,0.0,0.0,0.0,0.0,1.9999695,1.0,41.542053,2.3437495,28.175192,27.434818,0.0,112.99997,0.0,0.0,102.48606,101.26717,720.0,551.25,-2.2524676E-13,-25.625,0.0,-27.875,6.535555,76.99999,18.780518,0.0,109.03,0.0,0.0,-0.3753662,99.998474,99.62311,0.6542969,108.18,108.73,108.64,108.47,0
60910.758,0.24763986,-2.052584,0.091303594,0.087661594,101.27341,24.812016,13.705059,-10.611451,0.0,0.0,50.081,11.108,5.081,33.921,49.24,0.0,97.74432,0.0,0.0,0.0,202.5,3387.0,0.0,-15.109375,0.12322998,105.69497,14513.884,14513.884,1100.0834,523.77344,0.0,6.9942775,0.0,2.3437495,4.0,0.0,43.463448,38.24995,4.4999943,0.0,0.0,-0.125,0.0,0.0,0.0,0.0,0.0,0.0,1.9999695,1.0,41.542053,2.3437495,28.12983,27.387098,0.0,112.99997,0.0,0.0,102.60215,101.26717,720.0,551.25,-1.8019741E-13,-25.59375,0.0,-27.875,6.535555,76.99999,19.000244,0.0,108.67,0.0,0.0,-0.52490234,99.998474,99.47357,0.64453125,108.23,108.39,108.11,108.43,0
60910.793,0.2581119,-2.0960336,0.091327675,0.087619215,101.27361,24.812016,13.700963,-10.619003,0.0,0.0,50.081,11.16,5.081,33.921,49.24,0.0,97.74432,0.0,0.0,0.0,202.5,3377.0,0.0,-15.03125,0.12390137,105.728134,14528.742,14528.742,1100.0834,523.77344,0.0,7.0154724,0.0,2.3437495,4.0,0.0,43.47801,38.24995,4.4999943,0.0,0.0,-0.078125,0.0,0.0,0.0,0.0,0.0,0.0,1.9999695,1.0,41.542053,2.3437495,28.07798,27.345184,0.0,112.99997,0.0,0.0,102.386566,101.27547,720.0,551.25,-1.4415793E-13,-25.5625,0.0,-27.875,6.535555,76.99999,18.518066,0.0,108.35,0.0,0.0,-0.3479004,99.998474,99.65057,0.6591797,107.9,108.02,107.86,107.82,0
60910.836,0.2664895,-2.1509135,0.09114709,0.087619215,101.273796,24.812016,13.709815,-10.6342535,0.0,0.0,50.081,11.189,5.081,33.921,49.24,0.0,97.74432,0.0,0.0,0.0,202.5,3367.0,0.0,-14.9921875,0.12322998,105.69497,14544.662,14544.662,1100.0834,523.77344,0.0,6.951888,0.0,2.3437495,4.0,0.0,43.49111,38.24995,4.4999943,0.0,0.0,0.328125,0.0,0.0,0.0,0.0,0.0,0.0,1.9999695,1.0,41.11786,2.3437495,27.973042,27.29962,0.0,112.99997,0.0,0.0,102.386566,101.27547,720.0,550.875,-1.1532635E-13,-25.53125,0.0,-27.78125,6.06873,76.99999,18.725586,0.0,108.06,0.0,0.0,-0.44250488,99.998474,99.55597,0.64941406,107.29,107.9,107.69,107.61,0
60910.88,0.2931916,-2.1916156,0.090107985,0.08757684,101.273964,24.812016,13.704292,-10.627465,0.0,0.0,50.081,11.24,5.081,33.921,49.24,0.0,97.74432,0.0,0.0,0.0,202.5,3362.0,0.0,-15.609375,0.12322998,105.69497,14547.847,14547.847,1100.0834,523.77344,0.0,6.930693,0.0,2.3437495,4.0,0.0,43.502903,38.24995,4.4999943,0.0,0.0,0.1640625,0.0,0.0,0.0,0.0,0.0,0.0,1.9999695,1.0,41.11786,2.3437495,28.020002,27.483522,0.0,112.99997,0.0,0.0,102.41972,101.27547,720.0,551.625,-9.2261085E-14,-25.5,0.0,-27.78125,6.06873,76.99999,18.536377,0.0,107.65,0.0,0.0,-0.3692627,99.998474,99.62921,0.6567383,107.82,107.69,106.82,107.45,0
60910.92,0.3145533,-2.2453964,0.09074796,0.08749204,101.27412,24.812016,13.706285,-10.608741,0.0,0.0,50.081,11.279,5.081,33.921,49.24,0.0,97.74432,0.0,0.0,0.0,202.5,3356.0,0.0,-15.5078125,0.12322998,105.69497,14574.911,14574.911,1100.0834,523.77344,0.0,6.9942775,0.0,2.3437495,4.0,0.0,43.588703,38.24995,4.4999943,0.0,0.0,0.2578125,0.0,0.0,0.0,0.0,0.0,0.0,1.9999695,1.0,41.11786,2.3437495,28.149227,27.485506,0.0,112.99997,0.0,0.0,102.41972,101.27547,720.0,551.625,-7.380887E-14,-25.46875,0.0,-27.78125,6.06873,76.99999,18.511963,0.0,107.47,0.0,0.0,-0.38757324,99.998474,99.6109,0.6542969,107.1,107.33,106.97,106.86,0
60910.96,0.33164263,-2.3044086,0.090813875,0.08749204,101.274254,24.812016,13.71354,-10.604346,0.0,0.0,50.081,11.316,5.081,33.921,49.24,0.0,97.74432,0.0,0.0,0.0,202.5,3348.0,0.0,-15.640625,0.12322998,105.69497,14582.34,14582.34,1100.0834,523.77344,0.0,6.973083,0.0,2.3437495,4.0,0.0,43.665924,38.24995,4.4999943,0.0,0.0,0.890625,0.0,0.0,0.0,0.0,0.0,0.0,1.9999695,1.0,41.11786,2.3437495,28.179653,27.51956,0.0,112.99997,0.0,0.0,102.386566,101.27547,720.0,551.625,-5.90471E-14,-25.4375,0.0,-28.09375,6.06873,76.99999,18.414307,0.0,107.37,0.0,0.0,-0.35095215,99.998474,99.64752,0.6542969,106.82,107.06,106.71,106.86,0
60910.992,0.3453141,-2.3280134,0.09145024,0.087449655,101.274376,24.812016,13.7069,-10.596463,0.0,0.0,50.081,11.356,5.081,33.921,49.24,0.0,97.74432,0.0,0.0,0.0,202.5,3336.0,0.0,-15.6484375,0.12322998,105.69497,14601.444,14601.444,1100.0834,523.77344,0.0,7.0154724,0.0,2.3437495,4.0,0.0,43.735424,37.87495,4.4999943,0.0,0.0,0.765625,0.0,0.0,0.0,0.0,0.0,0.0,1.9999695,1.0,41.11786,2.3437495,28.234104,27.435621,0.0,112.99997,0.0,0.0,102.32023,101.27547,720.0,551.625,-4.7237682E-14,-25.4375,0.0,-28.09375,6.06873,76.99999,18.347168,0.0,106.97,0.0,0.0,-0.34179688,99.998474,99.65668,0.6542969,106.71,106.58,106.42,106.42,0
60911.035,0.3562513,-2.3562055,0.09176919,0.0872801,101.27365,24.812016,13.71397,-10.601905,0.0,0.0,50.081,11.389,5.081,33.921,49.24,0.0,97.74432,0.0,0.0,0.0,202.125,3322.0,0.0,-15.2421875,0.123168945,105.67838,14613.119,14613.119,1100.0834,523.77344,0.0,7.057862,0.0,2.3437495,4.0,0.0,43.797974,37.49995,4.1249948,0.0,0.0,0.75,0.0,0.0,0.0,0.0,0.0,0.0,1.9999695,1.0,41.11786,2.3437495,28.195873,27.287102,0.0,112.99997,0.0,0.0,102.32023,101.26717,720.0,551.25,-3.7790148E-14,-25.375,0.0,-28.09375,6.06873,76.99999,18.43872,0.0,106.54,0.0,0.0,-0.36010742,99.998474,99.63837,0.6542969,105.75,106.31,106.23,106.1,0
60911.07,0.36500102,-2.3674822,0.09127909,0.08723771,101.273,24.812016,13.71306,-10.596311,0.0,0.0,50.081,11.44,5.081,33.921,49.24,0.0,97.74432,0.0,0.0,0.0,202.125,3313.0,0.0,-15.3984375,0.123168945,105.67838,14616.303,14616.303,1100.0834,523.77344,0.0,6.9942775,0.0,2.3437495,4.0,0.0,43.854267,37.87495,4.1249948,0.0,0.0,0.6796875,0.0,0.0,0.0,0.0,0.0,0.0,1.9999695,1.0,41.11786,2.3437495,28.233786,27.418026,0.0,112.99997,0.0,0.0,102.3451,101.26717,720.0,551.625,-3.023212E-14,-25.34375,0.0,-28.0,6.06873,76.99999,18.4021,0.0,106.07,0.0,0.0,-0.3326416,99.998474,99.66583,0.64453125,106.07,105.79,105.75,105.95,0
60911.113,0.35200083,-2.3532429,0.09105788,0.08723771,101.27159,24.812016,13.706564,-10.605839,0.0,0.0,50.081,11.469,5.081,33.921,49.24,0.0,97.74432,0.0,0.0,0.0,202.125,3296.0,0.0,-15.4140625,0.123168945,105.67009,14643.367,14643.367,1100.0834,523.77344,0.0,6.973083,0.0,2.3437495,4.0,0.0,43.90493,37.49995,4.1249948,0.0,0.0,1.0703125,0.0,0.0,0.0,0.0,0.0,0.0,1.9999695,1.0,41.11786,2.3437495,28.1667,27.38429,0.0,112.99997,0.0,0.0,102.32023,101.25888,720.0,551.625,-2.4185696E-14,-25.28125,0.0,-28.0,6.06873,76.99999,18.292236,0.0,105.87,0.0,0.0,-0.32348633,99.998474,99.67499,0.6591797,105.14,105.64,105.68,105.41,0
60911.156,0.38160068,-2.347547,0.09115799,0.08711054,101.270325,24.812016,13.713736,-10.602734,0.0,0.0,50.081,11.508,5.081,33.921,49.24,0.0,97.74432,0.0,0.0,0.0,202.125,3283.0,0.0,-15.5078125,0.123168945,105.67009,14647.612,14647.612,1100.0834,523.77344,0.0,6.930693,0.0,2.3437495,4.0,0.0,43.950527,37.49995,4.1249948,0.0,0.0,1.390625,0.0,0.0,0.0,0.0,0.0,0.0,1.9999695,1.0,41.11786,2.3437495,28.186834,27.390316,0.0,112.99997,0.0,0.0,102.32023,101.25888,720.0,551.625,-1.9348557E-14,-25.21875,0.0,-27.875,6.06873,76.99999,18.33496,0.0,105.29,0.0,0.0,-0.3326416,99.998474,99.66583,0.64941406,104.94,105.17,105.05,105.26,0
60911.2,0.34528053,-2.3452687,0.090968266,0.087068155,101.270004,24.812016,13.712896,-10.613938,0.0,0.0,50.081,11.56,5.081,33.921,49.24,0.0,97.74432,0.0,0.0,0.0,202.125,3272.0,0.0,-15.5703125,0.12249756,105.65351,14667.778,14667.778,1100.0834,523.77344,0.0,6.867109,0.0,2.3437495,4.0,0.0,43.991566,37.49995,4.1249948,0.0,0.0,1.3125,0.0,0.0,0.0,0.0,0.0,0.0,1.9999695,1.0,41.11786,2.3437495,28.109285,27.33282,0.0,112.99997,0.0,0.0,102.32023,101.26717,720.0,551.625,-1.5478846E-14,-25.1875,0.0,-27.875,6.06873,76.99999,18.255615,0.0,104.79,0.0,0.0,-0.3326416,99.998474,99.66583,0.64941406,104.75,104.63,104.48,104.67,0
60911.24,0.33622444,-2.3631077,0.090915956,0.086898595,101.269714,24.812016,13.718168,-10.615419,0.0,0.0,50.081,11.599,5.081,33.921,49.24,0.0,97.74432,0.0,0.0,0.0,202.125,3258.0,0.0,-15.703125,0.12249756,105.65351,14681.576,14681.576,1100.0834,523.77344,0.0,7.0154724,0.0,2.3437495,4.0,0.0,44.0285,37.49995,4.1249948,0.0,0.0,1.28125,0.0,0.0,0.0,0.0,0.0,0.0,1.9999695,1.0,40.69519,2.3437495,28.098785,27.304663,0.0,112.99997,0.0,0.0,102.32023,101.26717,720.0,551.625,-1.2383077E-14,-25.15625,0.0,-27.875,6.06873,76.99999,18.231201,0.0,104.57,0.0,0.0,-0.32958984,99.998474,99.668884,0.6542969,103.88,104.45,104.37,104.29,0
60911.273,0.36897954,-2.388993,0.09068389,0.0868562,101.269455,24.812016,13.721858,-10.594985,0.0,0.0,50.081,11.637,5.081,33.921,49.24,0.0,97.74432,0.0,0.0,0.0,202.125,3250.0,0.0,-16.257812,0.12249756,105.65351,14681.576,14681.576,1100.0834,523.77344,0.0,6.8459144,0.0,2.3437495,4.0,0.0,44.06174,37.49995,4.1249948,0.0,0.0,0.671875,0.0,0.0,0.0,0.0,0.0,0.0,1.9999695,1.0,40.69519,2.3437495,28.239376,27.369265,0.0,112.99997,0.0,0.0,102.32023,101.26717,720.0,552.375,-9.906462E-15,-25.125,0.0,-27.78125,6.06873,76.99999,18.28003,0.0,104.2,0.0,0.0,-0.32958984,99.998474,99.668884,0.64697266,104.21,103.99,103.84,104.1,0
60911.312,0.35518363,-2.3993473,0.09160839,0.0868562,101.2684,24.812016,13.712723,-10.586015,0.0,0.0,50.081,11.668,5.081,33.921,49.24,0.0,97.74432,0.0,0.0,0.0,202.125,3240.0,0.0,-15.921875,0.12249756,105.636925,14707.048,14707.048,1100.0834,523.77344,0.0,6.8247194,0.0,2.3437495,4.0,0.0,44.09166,37.124954,4.1249948,0.0,0.0,1.0703125,0.0,0.0,0.0,0.0,0.0,0.0,1.9999695,1.0,40.69519,2.3437495,28.300154,27.34152,0.0,112.99997,0.0,0.0,102.32023,101.25888,720.0,552.0,-7.92517E-15,-25.09375,0.0,-27.78125,6.06873,76.99999,18.292236,0.0,104.05,0.0,0.0,-0.32958984,99.998474,99.668884,0.6591797,103.09,103.69,103.76,103.61,0
60911.35,0.3241469,-2.4034889,0.0914731,0.086729035,101.26745,24.812016,13.718046,-10.592272,0.0,0.0,50.081,11.708,5.081,33.921,49.24,0.0,97.74432,0.0,0.0,0.0,202.125,3226.0,0.0,-15.8671875,0.12249756,105.636925,14715.539,14715.539,1100.0834,523.77344,0.0,6.973083,0.0,2.3437495,4.0,0.0,44.118584,37.124954,4.1249948,0.0,0.0,1.6640625,0.0,0.0,0.0,0.0,0.0,0.0,1.9999695,1.0,40.69519,2.3437495,28.256073,27.306032,0.0,112.99997,0.0,0.0,102.32023,101.25888,720.0,552.0,-6.340136E-15,-25.03125,0.0,-27.6875,6.06873,76.99999,18.292236,0.0,103.46,0.0,0.0,-0.32958984,99.998474,99.668884,0.64453125,103.51,103.4,102.87,103.51,0
60911.395,0.31931752,-2.4051456,0.09066938,0.086686656,101.26742,24.812016,13.710054,-10.600842,0.0,0.0,50.081,11.748,5.081,33.921,49.24,0.0,97.74432,0.0,0.0,0.0,202.125,3214.0,0.0,-16.234375,0.12249756,105.64522,14723.499,14723.499,1100.0834,523.77344,0.0,6.930693,0.0,2.3437495,4.0,0.0,44.14282,37.124954,4.1249948,0.0,0.0,1.875,0.0,0.0,0.0,0.0,0.0,0.0,1.9999695,1.0,40.69519,2.3437495,28.196972,27.304607,0.0,112.99997,0.0,0.0,102.32023,101.26717,720.0,552.375,-5.072109E-15,-25.0,0.0,-27.6875,6.06873,76.99999,18.139648,0.0,102.91,0.0,0.0,-0.32958984,99.998474,99.668884,0.6542969,102.91,102.68,102.62,102.86,0
60911.438,0.29545403,-2.4058082,0.091275826,0.08664426,101.26739,24.812016,13.716179,-10.5914135,0.0,0.0,50.081,11.8,5.081,33.921,49.24,0.0,97.74432,0.0,0.0,0.0,202.125,3204.0,0.0,-16.40625,0.12249756,105.64522,14750.032,14750.032,1100.0834,523.77344,0.0,7.0790567,0.0,2.3437495,4.0,0.0,44.164627,37.124954,4.1249948,0.0,0.0,1.875,0.0,0.0,0.0,0.0,0.0,0.0,1.9999695,1.0,40.69519,2.3437495,28.261925,27.33317,0.0,112.99997,0.0,0.0,102.32023,101.26717,720.0,552.375,-4.057687E-15,-24.96875,0.0,-27.6875,6.06873,76.99999,18.115234,0.0,102.83,0.0,0.0,-0.32958984,99.998474,99.668884,0.64453125,102.38,102.81,102.68,102.56,0
60911.48,0.31636322,-2.4248233,0.09148193,0.08651708,101.267365,24.812016,13.708747,-10.587892,0.0,0.0,50.081,11.835,5.081,33.921,49.24,0.0,97.74432,0.0,0.0,0.0,201.75,3196.0,0.0,-16.28125,0.12249756,105.64522,14750.032,14750.032,1100.0834,523.77344,0.0,7.057862,0.0,2.3437495,4.0,0.0,44.184258,37.124954,3.7499952,0.0,0.0,1.953125,0.0,0.0,0.0,0.0,0.0,0.0,1.9999695,1.0,40.69519,2.3437495,28.286175,27.31137,0.0,112.99997,0.0,0.0,102.32023,101.26717,720.0,552.375,-3.2461498E-15,-24.9375,0.0,-27.59375,6.06873,76.99999,18.139648,0.0,102.5,0.0,0.0,-0.32958984,99.998474,99.668884,0.6542969,102.77,102.47,102.11,102.44,0
60911.508,0.3330906,-2.4136794,0.09100802,0.0864747,101.26817,24.812016,13.703545,-10.601754,0.0,0.0,50.081,11.88,5.081,33.921,49.24,0.0,97.74432,0.0,0.0,0.0,201.75,3194.0,0.0,-16.3125,0.12182617,105.62034,14773.382,14773.382,1100.0834,523.77344,0.0,7.057862,0.0,2.3437495,4.0,0.0,44.201923,37.124954,3.7499952,0.0,0.0,1.96875,0.0,0.0,0.0,0.0,0.0,0.0,1.9999695,1.0,40.69519,2.3437495,28.191439,27.274857,0.0,112.99997,0.0,0.0,102.32023,101.27547,720.0,552.375,-2.5969198E-15,-24.9375,0.0,-27.59375,6.06873,76.99999,18.048096,0.0,102.65,0.0,0.0,-0.32958984,99.998474,99.668884,0.64453125,102.14,102.58,102.22,102.21,0
60911.55,0.3264725,-2.2404718,0.09087703,0.0864747,101.2689,24.812016,13.705762,-10.578612,0.0,0.0,50.081,11.907,5.081,33.921,49.24,0.0,97.74432,0.0,0.0,0.0,201.75,3190.0,0.0,-17.023438,0.12182617,105.62034,14783.995,14783.995,1100.0834,523.77344,0.0,7.1850305,0.0,2.3437495,4.0,0.0,44.217823,37.124954,3.7499952,0.0,0.0,2.015625,0.0,0.0,0.0,0.0,0.0,0.0,1.9999695,1.0,40.69519,2.3437495,28.351675,27.485237,0.0,112.99997,0.0,0.0,102.32023,101.27547,720.0,553.125,-2.077536E-15,-24.90625,0.0,-27.59375,6.06873,76.99999,18.145752,0.0,102.34,0.0,0.0,-0.32958984,99.998474,99.668884,0.64453125,102.22,102.22,101.79,102.22,0
60911.6,0.341178,-2.0024388,0.091555916,0.0864747,101.269554,24.812016,13.701455,-10.573771,0.0,0.0,50.081,11.96,5.081,33.921,49.24,0.0,97.74432,0.0,0.0,0.0,201.75,3187.0,0.0,-16.570312,0.12249756,105.64522,14794.609,14794.609,1100.0834,523.77344,0.0,7.248615,0.0,2.3437495,4.0,0.0,44.232132,36.749954,3.7499952,0.0,0.0,2.0546875,0.0,0.0,0.0,0.0,0.0,0.0,1.9999695,1.0,40.69519,2.3437495,28.385698,27.35467,0.0,112.99997,0.0,0.0,102.27876,101.27547,720.0,552.75,-1.6620288E-15,-24.90625,0.0,-27.59375,6.06873,76.99999,18.066406,0.0,102.08,0.0,0.0,-0.3173828,99.998474,99.68109,0.64453125,102.05,101.85,101.84,101.81,0
60911.64,0.3129424,-1.7384756,0.09137126,0.0864747,101.27014,24.812016,13.710159,-10.579212,0.0,0.0,50.081,11.999,5.081,33.921,49.24,0.0,97.74432,0.0,0.0,0.0,201.75,3183.0,0.0,-16.570312,0.12182617,105.62034,14818.489,14818.489,1100.0834,523.77344,0.0,7.0366673,0.0,2.3437495,4.0,0.0,44.24501,36.749954,3.7499952,0.0,0.0,2.0546875,0.0,0.0,0.0,0.0,0.0,0.0,1.9999695,1.0,40.270996,2.3437495,28.348787,27.369284,0.0,112.99997,0.0,0.0,102.27876,101.27547,720.0,552.75,-1.3296231E-15,-24.875,0.0,-27.59375,6.06873,76.99999,18.09082,0.0,101.99,0.0,0.0,-0.3265381,99.998474,99.671936,0.64453125,101.85,102.14,101.78,101.88,0
60911.67,0.2903539,-1.5766402,0.090795286,0.08643231,101.270676,24.812016,13.710393,-10.595993,0.0,0.0,50.081,12.04,5.081,33.921,49.24,0.0,97.74432,0.0,0.0,0.0,201.75,3180.0,0.0,-16.585938,0.12182617,105.62034,14818.489,14818.489,1100.0834,523.77344,0.0,7.0154724,0.0,2.3437495,4.0,0.0,44.2566,37.124954,3.7499952,0.0,0.0,2.078125,0.0,0.0,0.0,0.0,0.0,0.0,1.9999695,1.0,40.270996,2.3437495,28.23365,27.370886,0.0,112.99997,0.0,0.0,102.27876,101.27547,720.0,552.75,-1.0636985E-15,-24.875,0.0,-27.875,6.06873,76.99999,17.956543,0.0,102.02,0.0,0.0,-0.32043457,99.998474,99.67804,0.64453125,101.84,101.54,101.59,101.59,0
60911.71,0.29228312,-1.3994062,0.090870626,0.08643231,101.27116,24.812016,13.704697,-10.593878,0.0,0.0,50.081,12.069,5.081,33.921,49.24,0.0,97.74432,0.0,0.0,0.0,201.75,3178.0,0.0,-16.585938,0.12182617,105.61205,14829.103,14829.103,1100.0834,523.77344,0.0,7.163836,0.0,2.3437495,4.0,0.0,44.267033,37.124954,3.7499952,0.0,0.0,2.0546875,0.0,0.0,0.0,0.0,0.0,0.0,1.9999695,1.0,40.270996,2.3437495,28.248709,27.360018,0.0,112.99997,0.0,0.0,102.32023,101.27547,720.0,552.75,-8.509588E-16,-24.875,0.0,-27.875,6.06873,76.99999,18.066406,0.0,101.75,0.0,0.0,-0.32043457,99.998474,99.67804,0.64453125,101.71,102.03,101.46,101.59,0
60911.754,0.2738265,-1.2722626,0.091066025,0.08643231,101.27158,24.812016,13.712428,-10.588273,0.0,0.0,50.081,12.108,5.081,33.921,49.24,0.0,97.74432,0.0,0.0,0.0,201.75,3176.0,0.0,-16.789062,0.12182617,105.61205,14852.452,14852.452,1100.0834,523.77344,0.0,7.121446,0.0,2.3437495,4.0,0.0,44.27642,36.749954,3.7499952,0.0,0.0,2.03125,0.0,0.0,0.0,0.0,0.0,0.0,1.9999695,1.0,40.270996,2.3437495,28.287771,27.359156,0.0,112.99997,0.0,0.0,102.32023,101.27547,720.0,552.75,-6.8076705E-16,-24.84375,0.0,-27.78125,6.06873,76.99999,18.145752,0.0,101.74,0.0,0.0,-0.3326416,99.998474,99.66583,0.63964844,101.75,101.46,101.23,101.58,0
60911.797,0.25906122,-1.165155,0.09124546,0.0864323,101.27114,24.812016,13.706121,-10.5772505,0.0,0.0,50.081,12.148,5.081,33.921,49.24,0.0,97.74432,0.0,0.0,0.0,201.75,3174.0,0.0,-16.671875,0.12182617,105.59547,14852.452,14852.452,1100.0834,523.77344,0.0,7.1002517,0.0,2.3437495,4.0,0.0,44.360058,36.749954,3.7499952,0.0,0.0,2.03125,0.0,0.0,0.0,0.0,0.0,0.0,1.9999695,1.0,40.270996,2.3437495,28.363302,27.411259,0.0,112.99997,0.0,0.0,102.32023,101.26717,720.0,552.75,-5.4461365E-16,-24.84375,0.0,-27.78125,6.06873,76.99999,18.07251,0.0,101.68,0.0,0.0,-0.3540039,99.998474,99.64447,0.64941406,101.46,101.39,101.21,101.12,0
60911.84,0.28724897,-1.084812,0.091728725,0.08643231,101.270744,24.812016,13.713426,-10.583684,0.0,0.0,50.081,12.2,5.081,33.921,49.24,0.0,97.74432,0.0,0.0,0.0,201.75,3170.0,0.0,-16.484375,0.12182617,105.59547,14872.618,14872.618,1100.0834,523.77344,0.0,7.0790567,0.0,2.3437495,4.0,0.0,44.43533,36.749954,3.7499952,0.0,0.0,1.9765625,0.0,0.0,0.0,0.0,0.0,0.0,1.9999695,1.0,40.270996,2.3437495,28.318562,27.264408,0.0,112.99997,0.0,0.0,102.27876,101.26717,720.0,552.375,-4.3569093E-16,-24.84375,0.0,-27.875,6.06873,76.99999,17.98706,0.0,101.46,0.0,0.0,-0.32348633,99.998474,99.67499,0.64453125,101.42,101.71,100.92,101.29,0
60911.88,0.3097992,-1.0526749,0.09140297,0.08634753,101.270386,24.812016,13.70682,-10.593079,0.0,0.0,50.081,12.237,5.081,33.921,49.24,0.0,97.74432,0.0,0.0,0.0,201.75,3166.0,0.0,-16.476562,0.12182617,105.59547,14886.946,14886.946,1100.0834,523.77344,0.0,7.0366673,0.0,2.3437495,4.0,0.0,44.503075,36.749954,3.7499952,0.0,0.0,2.0390625,0.0,0.0,0.0,0.0,0.0,0.0,1.9999695,1.0,40.270996,2.3437495,28.253445,27.235594,0.0,112.99997,0.0,0.0,102.2456,101.26717,720.0,552.375,-3.4855276E-16,-24.8125,0.0,-27.875,6.06873,76.99999,17.919922,0.0,101.34,0.0,0.0,-0.30822754,99.998474,99.69025,0.64941406,101.12,100.97,101.05,101.14,0
60911.91,0.32783937,-1.03982,0.09127662,0.08630515,101.26923,24.812016,13.708055,-10.586741,0.0,0.0,50.081,12.28,5.081,33.921,49.24,0.0,97.74432,0.0,0.0,0.0,201.75,3164.0,0.0,-16.59375,0.12182617,105.58717,14890.13,14890.13,1100.0834,523.77344,0.0,6.8883038,0.0,2.3437495,4.0,0.0,44.564045,36.749954,3.7499952,0.0,0.0,2.1171875,0.0,0.0,0.0,0.0,0.0,0.0,1.9999695,1.0,40.270996,2.3437495,28.295977,27.30842,0.0,112.99997,0.0,0.0,102.23731,101.25888,720.0,552.75,-2.7884221E-16,-24.8125,0.0,-27.875,6.06873,76.99999,17.962646,0.0,101.08,0.0,0.0,-0.29907227,99.998474,99.6994,0.63964844,101.21,101.39,100.71,101.06,0
60911.957,0.3622715,-1.034678,0.09164488,0.08630515,101.2682,24.812016,13.70892,-10.573454,0.0,0.0,50.081,12.308,5.081,33.921,49.24,0.0,97.74432,0.0,0.0,0.0,201.75,3158.0,0.0,-16.671875,0.12182617,105.58717,14916.663,14916.663,1100.0834,523.77344,0.0,7.0790567,0.0,2.3437495,4.0,0.0,44.61892,36.749954,3.7499952,0.0,0.0,2.1875,0.0,0.0,0.0,0.0,0.0,0.0,1.9999695,1.0,40.270996,2.3437495,28.38654,27.328663,0.0,112.99997,0.0,0.0,102.11293,101.25888,720.0,552.75,-2.2307378E-16,-24.8125,0.0,-27.875,6.06873,76.99999,17.712402,0.0,100.98,0.0,0.0,-0.28076172,99.998474,99.71771,0.64453125,100.97,100.74,100.74,100.87,0
60911.992,0.4098172,-1.0138712,0.09157116,0.08630514,101.2681,24.812016,13.703666,-10.578034,0.0,0.0,50.081,12.356,5.081,33.921,49.24,0.0,97.74432,0.0,0.0,0.0,201.75,3154.0,0.0,-16.59375,0.12182617,105.58717,14920.909,14920.909,1100.0834,523.77344,0.0,7.0366673,0.0,2.3437495,4.0,0.0,44.66831,36.749954,3.7499952,0.0,0.0,2.265625,0.0,0.0,0.0,0.0,0.0,0.0,1.9999695,1.0,40.270996,2.3437495,28.354855,27.32231,0.0,112.99997,0.0,0.0,102.05489,101.25888,720.0,552.75,-1.7845903E-16,-24.78125,0.0,-27.875,6.06873,76.99999,18.005371,0.0,100.88,0.0,0.0,-0.34484863,99.998474,99.653625,0.64453125,100.74,101.12,100.71,100.74,0
60912.035,0.42785376,-1.0242985,0.09191329,0.086262755,101.268,24.812016,13.705847,-10.568098,0.0,0.0,50.081,12.388,5.081,33.921,49.24,0.0,97.74432,0.0,0.0,0.0,201.75,3146.0,0.0,-16.703125,0.12182617,105.58717,14943.197,14943.197,1100.0834,523.77344,0.0,6.9942775,0.0,2.3437495,4.0,0.0,44.712757,36.374954,3.7499952,0.0,0.0,2.3125,0.0,0.0,0.0,0.0,0.0,0.0,1.9999695,1.0,39.8468,2.3437495,28.423246,27.294703,0.0,112.99997,0.0,0.0,102.170975,101.26717,720.0,552.75,-1.4276723E-16,-24.75,0.0,-27.875,6.06873,76.99999,17.834473,0.0,100.63,0.0,0.0,-0.30212402,99.998474,99.69635,0.63964844,100.74,100.58,100.14,100.74,0
60912.08,0.442283,-1.0284694,0.091574706,0.086262755,101.267914,24.812016,13.701514,-10.575446,0.0,0.0,50.081,12.437,5.081,33.921,49.24,0.0,97.74432,0.0,0.0,0.0,201.75,3142.0,0.0,-16.617188,0.12182617,105.58717,14950.627,14950.627,1100.0834,523.77344,0.0,6.930693,0.0,2.3437495,4.0,0.0,44.75276,36.749954,3.7499952,0.0,0.0,2.28125,0.0,0.0,0.0,0.0,0.0,0.0,1.9999695,1.0,39.8468,2.3437495,28.372509,27.315947,0.0,112.99997,0.0,0.0,102.20414,101.26717,720.0,552.75,-1.1421379E-16,-24.75,0.0,-27.875,6.06873,76.99999,17.840576,0.0,100.78,0.0,0.0,-0.29907227,99.998474,99.6994,0.64453125,100.5,100.5,100.35,100.31,0
60912.113,0.4538264,-1.0301378,0.09123755,0.086262755,101.26701,24.812016,13.698482,-10.595728,0.0,0.0,50.081,12.48,5.081,33.921,49.24,0.0,97.74432,0.0,0.0,0.0,201.75,3138.0,0.0,-16.578125,0.12176514,105.57888,14954.872,14954.872,1100.0834,523.77344,0.0,6.9094987,0.0,2.3437495,4.0,0.0,44.788765,36.374954,3.7499952,0.0,0.0,2.25,0.0,0.0,0.0,0.0,0.0,0.0,1.9999695,1.0,39.8468,2.3437495,28.23181,27.234291,0.0,112.99997,0.0,0.0,102.11293,101.25888,720.0,552.75,-9.137103E-17,-24.71875,0.0,-27.78125,6.06873,76.99999,17.645264,0.0,100.54,0.0,0.0,-0.2685547,99.998474,99.72992,0.64453125,100.5,100.42,99.89,100.58,0
60912.156,0.4430611,-1.0308051,0.09081005,0.08609318,101.266205,24.812016,13.702218,-10.607984,0.0,0.0,50.081,12.508,5.081,33.921,49.24,0.0,97.74432,0.0,0.0,0.0,201.75,3133.0,0.0,-16.546875,0.12176514,105.57888,14975.568,14975.568,1100.0834,523.77344,0.0,6.9942775,0.0,2.3437495,4.0,0.0,44.821167,36.749954,3.7499952,0.0,0.0,2.25,0.0,0.0,0.0,0.0,0.0,0.0,1.9999695,1.0,39.8468,2.3437495,28.146528,27.209602,0.0,112.99997,0.0,0.0,102.11293,101.25888,720.0,552.75,-7.3096826E-17,-24.71875,0.0,-27.78125,6.06873,76.99999,17.62085,0.0,100.36,0.0,0.0,-0.26245117,99.998474,99.73602,0.64453125,100.38,99.93,100.09,100.09,0
60912.2,0.4344489,-1.0310721,0.09080303,0.08605079,101.2663,24.812016,13.698975,-10.605747,0.0,0.0,50.081,12.556,5.081,33.921,49.24,0.0,97.74432,0.0,0.0,0.0,201.75,3129.0,0.0,-16.5625,0.12176514,105.57888,14989.365,14989.365,1100.0834,523.77344,0.0,6.8459144,0.0,2.3437495,4.0,0.0,44.85033,36.749954,3.7499952,0.0,0.0,2.25,0.0,0.0,0.0,0.0,0.0,0.0,1.9999695,1.0,39.8468,2.3437495,28.162037,27.205795,0.0,112.99997,0.0,0.0,102.06319,101.26717,720.0,552.75,-5.847746E-17,-24.6875,0.0,-27.78125,6.06873,76.99999,17.480469,0.0,100.25,0.0,0.0,-0.26550293,99.998474,99.73297,0.6591797,99.98,100.38,100.01,99.89,0
60912.24,0.42755914,-1.0499289,0.089613006,0.08605079,101.26638,24.812016,13.708423,-10.632841,0.0,0.0,50.081,12.6,5.081,33.921,49.24,0.0,97.74432,0.0,0.0,0.0,201.75,3120.0,0.0,-16.890625,0.12176514,105.57888,14998.918,14998.918,1100.0834,523.77344,0.0,6.973083,0.0,2.3437495,4.0,0.0,44.876575,36.749954,3.7499952,0.0,0.0,2.296875,0.0,0.0,0.0,0.0,0.0,0.0,1.9999695,1.0,39.8468,2.3437495,27.975365,27.252949,0.0,112.99997,0.0,0.0,102.20414,101.26717,720.0,553.125,-4.678197E-17,-24.65625,0.0,-27.78125,6.06873,76.99999,17.773438,0.0,99.89,0.0,0.0,-0.32043457,99.998474,99.67804,0.64941406,99.93,99.77,99.6,99.93,0
60912.28,0.4020473,-1.0387216,0.08978685,0.08605079,101.26646,24.812016,13.709177,-10.637636,0.0,0.0,50.081,12.64,5.081,33.921,49.24,0.0,97.74432,0.0,0.0,0.0,201.75,3117.0,0.0,-16.4375,0.12176514,105.57888,15015.899,15015.899,1100.0834,523.77344,0.0,6.930693,0.0,2.3437495,4.0,0.0,44.900196,36.749954,3.7499952,0.0,0.0,2.34375,0.0,0.0,0.0,0.0,0.0,0.0,1.9999695,1.0,39.8468,2.3437495,27.942394,27.196514,0.0,112.99997,0.0,0.0,102.18756,101.26717,720.0,552.75,-3.742558E-17,-24.625,0.0,-27.6875,6.06873,76.99999,17.755127,0.0,99.85,0.0,0.0,-0.30517578,99.998474,99.6933,0.64453125,99.53,99.77,99.65,99.57,0
