Time,Accel. Lat (m/s2),Accel. Long (m/s2),Airmass (g/stk),Airmass SP (g/stk),Ambient Press (kpa),Ambient Temp (°C),Battery Volts (V),Boost (psi),Calc TQ (nm),Calc HP (hp),Calc 0-60mph (s),Calc 60-130mph (s),Calc 0-60ft (s),Calc 1/8mile (s),Calc 1/4mile (s),Comb Mode (),Coolant Temp (°C),Cruise (),DV Position (%),EOI Actual (°),EOI Limit (°),Engine Speed (rpm),Eth Content (%),Exh Cam Position (°),Exh Flow Factor (),Exh Pres Desired (kpa),FP DI (kpa),FP DI SP (kpa),FP MPI (kpa),FP MPI SP (kpa),Fuel Flow (mg/stk),Fuel Flow SP (mg/stk),Fuel Split MPI (),Fuel Trim (%),Gear (gear),HPFP Eff Vol (%),IAT (°C),Ign Table (°),Ign Avg (°),Inj PW DI (ms),Inj PW MPI (ms),Intake Cam Pos (°),Intake Flow Fact (),Knock Avg (°),Knock Cyl 1 (°),Knock Cyl 2 (°),Knock Cyl 3 (°),Knock Cyl 4 (°),Lambda (l),Lambda SP (l),LPFP Duty (%),LTFT (%),MAP (kpa),MAP SP (kpa),Misfires (),Oil Temp (°C),Pedal Pos (%),Port Flap Pos (%),PUT (kpa),PUT SP (kpa),SOI Actual (°),SOI Limit (°),STFT (%),Torque (Nm),Torque Lim (),Torque Req (Nm),TPS (%),Trans Temp (°C),Turbo Speed (rpm),Valve Lift Pos (),Vehicle Speed (km/h),WG Flow Des (kg/hr),WG I Value (%),WG P-D Value (%),WG Pos Base (%),WG Pos Final (%),WG Voltage (V),Wheel Speed FL (km/h),Wheel Speed FR (km/h),Wheel Speed RL (km/h),Wheel Speed RR (km/h),SimosTools [R2.12:2026_7_15:CB_HSL_SP2933_5G0906259L_0002_BasicsGuide_R11.bin]
367192.7,0.006418038,0.5327765,0.42927203,0.43334848,101.38312,21.80451,13.712863,-0.5576287,210.17523,96.01944,26.88,3.919,5.36,16.88,24.845,0.0,90.82706,0.0,0.0,455.625,213.0,3256.0,0.0,-4.140625,0.12872314,120.49574,16947.545,16917.297,1100.0834,499.89316,26.64184,30.668848,0.0,4.965828,4.0,49.716187,36.113464,14.999981,14.999981,1.96,0.0,-27.992188,0.3848877,0.0,0.0,0.0,0.0,0.0,0.99609375,1.0,56.48346,2.9020686,97.539444,98.372696,0.0,87.96911,26.367188,0.0,107.577194,98.26556,493.875,540.375,2.063759,133.625,0.0,132.625,25.208569,38.99999,49.938965,0.0,103.42,115.46875,0.0,-30.099487,29.559326,0.0,0.71777344,103.64,103.59,102.72,102.65,0
367192.75,0.02513443,0.51311064,0.4332045,0.43932536,101.38313,21.80451,13.729863,-0.4799112,204.91672,93.76083,26.88,3.958,5.36,16.88,24.845,0.0,90.70676,0.0,0.0,455.25,212.625,3261.0,0.0,-4.0234375,0.12915039,120.58695,16913.582,16994.244,1100.0834,499.89316,28.379812,31.02916,0.0,4.69808,4.0,50.715637,36.11114,14.624981,14.624981,1.968,0.0,-27.984375,0.39318848,0.0,0.0,0.0,0.0,0.0,0.99609375,1.0,56.555176,2.734573,98.07516,98.92036,0.0,87.9722,26.757812,0.0,107.70158,98.51431,493.875,540.0,1.9635073,135.28125,0.0,134.90625,26.14222,38.99999,50.671387,0.0,103.65,117.96875,0.0,-29.75769,28.656006,0.0,0.68603516,103.55,103.43,102.51,102.73,0
367192.78,0.020107543,0.48649424,0.43999255,0.44479364,101.38315,21.80451,13.735904,-0.36451438,199.95377,91.68639,26.88,4.0,5.36,16.88,24.845,0.0,90.61052,0.0,0.0,454.875,212.625,3268.0,0.0,-4.1171875,0.13018799,120.83571,16865.291,17147.61,1100.0834,499.89316,31.622612,31.792171,0.0,4.500632,4.0,52.441406,36.10905,14.624981,14.624981,2.0,0.0,-27.445312,0.40124512,0.0,0.0,0.0,0.0,0.0,0.99609375,1.0,56.5979,2.617326,98.87059,99.489586,0.0,87.97498,27.050781,0.0,107.54403,99.17765,494.25,540.0,1.8833059,136.84375,0.0,136.75,27.07587,38.99999,51.208496,0.0,103.65,120.375,0.0,-26.983643,27.89917,0.91552734,0.71777344,103.88,103.69,102.92,103.04,0
367192.8,0.036086034,0.47584772,0.44328305,0.44682834,101.382324,21.80451,13.722554,-0.32128638,199.83276,91.68698,26.88,4.039,5.36,16.88,24.845,0.0,90.68391,0.0,0.0,454.125,212.625,3270.0,0.0,-4.21875,0.13092041,121.15909,17058.986,17199.084,1100.0834,499.89316,30.37212,32.131287,0.0,4.354398,4.0,51.85089,36.10717,14.624981,14.624981,2.044,0.0,-27.125,0.40374756,0.0,0.0,0.0,0.0,0.0,0.99902344,1.0,56.64215,2.535253,99.16773,99.54615,0.0,87.977486,27.246094,0.0,107.403076,99.47615,494.25,540.375,1.8191447,139.21875,0.0,137.8125,27.542696,38.99999,50.915527,0.0,103.65,121.125,0.0,-24.987793,27.740479,2.7526855,0.83984375,103.59,103.88,102.81,103.09,0
367192.84,0.028868828,0.4903391,0.444936,0.4486511,101.381584,21.80451,13.730788,-0.3014959,205.08762,94.15556,26.88,4.078,5.36,16.88,24.845,0.0,90.742615,0.0,0.0,454.5,211.875,3272.0,0.0,-4.1875,0.13104248,121.30005,17256.396,17200.146,1100.0834,499.89316,28.761318,32.15248,0.0,4.245618,4.0,51.078796,36.105476,14.249982,13.874982,2.044,0.0,-26.65625,0.40612793,0.0,0.0,0.0,0.0,0.0,0.9980469,1.0,56.684875,2.4778023,99.303406,99.589165,0.0,87.97974,27.246094,0.0,107.43624,99.625404,494.625,540.375,1.7678158,140.09375,0.0,137.8125,28.009521,38.99999,50.97046,0.0,103.95,121.84375,0.0,-24.398804,27.48413,3.0853271,0.65185547,103.95,103.88,102.86,103.16,0
367192.9,0.023095062,0.51488566,0.44885454,0.4515336,101.38175,21.80451,13.713114,-0.27370402,210.31984,96.55767,26.88,4.119,5.36,16.88,24.845,0.0,90.78958,0.0,0.0,454.875,211.875,3272.0,0.0,-3.609375,0.1315918,121.449295,17275.502,17247.375,1100.0834,499.89316,29.630304,32.661156,0.0,4.164339,4.0,51.612854,36.10395,14.249982,13.874982,2.024,0.0,-26.265625,0.40997314,0.0,0.0,0.0,0.0,0.0,0.99609375,1.0,56.784058,2.4375865,99.49514,99.79051,0.0,87.981766,27.441406,0.0,107.577194,99.81612,494.625,539.625,1.7267526,141.125,0.0,138.9375,28.009521,38.99999,51.416016,0.0,103.89,123.0,0.0,-24.099731,27.124023,3.024292,0.68847656,104.06,103.99,103.35,103.04,0
367192.94,0.01847605,0.5247043,0.45063913,0.4515336,101.381905,21.80451,13.71832,-0.25483555,210.12523,96.55677,26.88,4.158,5.36,16.88,24.845,0.0,90.827156,0.0,0.0,454.125,211.875,3275.0,0.0,-3.7421875,0.1317749,121.60684,17218.719,17268.072,1100.0834,499.89316,31.453054,32.76713,0.0,4.103338,4.0,52.70233,36.102577,14.249982,13.874982,2.064,0.0,-25.890625,0.41052246,0.0,0.0,0.0,0.0,0.0,0.99902344,1.0,56.822205,2.4094355,99.62535,99.663,0.0,87.98359,27.441406,0.0,107.71816,99.89074,494.625,539.625,1.6939021,141.96875,0.0,138.90625,28.009521,38.99999,51.818848,0.0,104.12,123.15625,0.0,-24.035645,27.093506,3.0578613,0.79589844,104.03,104.03,102.86,103.21,0
367192.97,0.014780841,0.52863175,0.4526745,0.45734093,101.38204,21.80451,13.727824,-0.2334501,210.57806,96.94214,26.88,4.2,5.36,16.88,24.845,0.0,90.857216,0.0,0.0,453.375,211.875,3281.0,0.0,-3.8515625,0.13189697,121.75609,17309.465,17241.54,1100.0834,499.89316,29.905836,32.661156,0.0,4.0573516,4.0,51.838684,36.10134,14.249982,13.874982,2.084,0.0,-25.539062,0.41760254,0.0,0.0,0.0,0.0,0.0,0.99609375,1.0,56.832886,2.38973,99.772896,100.34462,0.0,87.98523,27.832031,0.0,107.908875,100.064865,494.625,540.0,1.6676217,142.9375,0.0,141.25,28.009521,38.99999,52.264404,0.0,104.14,125.28125,0.0,-24.160767,26.275635,2.1148682,0.625,104.39,104.21,103.46,103.55,0
367193.0,0.011824673,0.53020275,0.45385167,0.46187663,101.382164,21.80451,13.722758,-0.21664369,210.4758,97.01319,26.88,4.239,5.36,16.88,24.845,0.0,90.73089,0.0,0.0,453.75,211.875,3285.0,0.0,-3.96875,0.13287354,121.93851,17400.209,17280.809,1100.0834,499.89316,29.227602,32.788326,0.0,4.0225334,4.0,51.51062,36.10023,14.249982,13.874982,2.076,0.0,-25.5,0.42382812,0.0,0.0,0.0,0.0,0.0,0.99121094,1.0,56.837463,2.375936,99.88886,100.97265,0.0,87.98671,28.125,0.0,108.01666,100.40483,494.625,540.0,1.6465974,143.59375,0.0,143.03125,28.009521,38.99999,52.508545,0.0,104.29,127.15625,0.0,-23.776245,25.708008,1.9317627,0.75683594,104.25,104.37,103.4,103.61,0
367193.06,0.009459739,0.5308311,0.45700467,0.47077844,101.38227,21.80451,13.719212,-0.15491912,210.58841,97.15374,26.88,4.278,5.36,16.88,24.845,0.0,90.62982,0.0,0.0,453.375,211.875,3288.0,0.0,-4.0546875,0.1361084,122.20385,17434.703,17312.648,1100.0834,499.89316,28.485785,32.8943,0.0,3.839808,4.0,51.101685,36.09923,14.249982,13.874982,2.08,0.0,-25.5,0.4319458,0.0,0.0,0.0,0.0,0.0,0.9892578,1.0,56.80847,2.36628,100.31443,102.270035,0.0,87.98804,28.710938,0.0,108.08299,101.74809,494.625,540.0,1.4735279,144.40625,0.0,146.5625,28.943172,38.99999,53.033447,0.0,104.51,129.59375,0.0,-16.955566,25.305176,8.349609,0.6689453,104.56,104.48,103.57,103.76,0
367193.1,0.007567791,0.54983246,0.46240038,0.47806945,101.38237,21.80451,13.70501,-0.06615641,215.59677,99.52482,26.88,4.32,5.36,16.88,24.845,0.0,90.69935,0.0,0.0,453.375,211.5,3290.0,0.0,-4.140625,0.13879395,122.560394,17393.31,17448.5,1100.0834,499.89316,30.499289,33.593727,0.0,3.6945934,4.0,52.259827,36.09833,13.874982,13.499983,2.072,0.0,-25.265625,0.43841553,0.0,0.0,0.0,0.0,0.0,0.99121094,1.0,56.86035,2.359521,100.92636,103.43411,0.0,87.989235,29.101562,0.0,108.12445,102.89236,494.625,540.375,1.3350724,145.65625,0.0,148.9375,29.876823,38.99999,53.430176,0.0,104.45,131.53125,0.0,-10.726929,24.993896,14.266968,0.6640625,104.56,104.6,103.73,103.69,0
367193.12,0.026054233,0.557433,0.46827996,0.4769673,101.38246,21.80451,13.712647,0.046757758,215.4294,99.598694,26.88,4.358,5.36,16.88,24.845,0.0,90.75497,0.0,0.0,453.375,211.5,3295.0,0.0,-4.1484375,0.13946533,122.83402,17522.264,17521.732,1100.0834,499.89316,31.092743,33.975235,0.0,3.5790977,4.0,52.76947,36.097523,13.874982,13.499983,2.12,0.0,-24.765625,0.4375,0.0,0.0,0.0,0.0,0.0,0.9921875,1.0,56.965637,2.3547897,101.70476,103.08993,0.0,87.99031,29.101562,0.0,107.83424,103.10794,495.375,540.375,1.2243079,148.875,0.0,148.8125,32.21095,38.99999,53.320312,0.0,104.69,131.25,0.0,-7.8033447,25.22583,17.422485,0.7495117,104.62,104.6,103.57,103.88,0
367193.16,0.020843387,0.5792232,0.4734615,0.48213887,101.38254,21.80451,13.717994,0.11241608,220.49477,102.09524,26.88,4.4,5.36,16.88,24.845,0.0,90.79946,0.0,0.0,453.0,211.5,3300.0,0.0,-4.125,0.14056396,123.16569,17598.15,17568.432,1100.0834,499.89316,30.965574,34.18718,0.0,3.487174,4.0,52.520752,36.096794,13.874982,13.499983,2.128,0.0,-24.210938,0.44354248,0.0,0.0,0.0,0.0,0.0,0.9941406,1.0,57.0282,2.3514776,102.15741,103.65718,0.0,87.99128,29.394531,0.0,107.875694,103.34011,495.375,540.0,1.1356963,150.75,0.0,150.5,33.1446,38.99999,53.656006,0.0,104.71,133.0625,0.0,-7.0648193,24.676514,17.611694,0.65185547,104.87,104.79,104.06,103.95,0
367193.22,0.01667471,0.5879393,0.4763551,0.4819693,101.38261,21.80451,13.710017,0.18078287,220.48239,102.12044,26.88,4.44,5.36,16.88,24.845,0.0,90.684685,0.0,0.0,453.375,211.125,3301.0,0.0,-4.2421875,0.14123535,123.40615,17663.422,17625.744,1100.0834,499.89316,31.74978,34.462715,0.0,3.4139662,4.0,52.65503,36.096138,13.499983,13.124983,2.116,0.0,-24.117188,0.4432373,0.0,0.0,0.0,0.0,0.0,0.9951172,1.0,57.066345,2.3491592,102.62872,103.550804,0.0,87.99215,29.394531,0.0,107.83424,103.56399,495.375,540.375,1.064807,151.65625,0.0,150.46875,35.0119,38.99999,53.900146,0.0,104.81,132.96875,0.0,-5.8807373,24.822998,18.94226,0.6958008,104.75,104.96,104.03,103.95,0
367193.25,0.013339768,0.5914258,0.48138154,0.48578432,101.382675,21.80451,13.716152,0.30132988,220.65039,102.35305,26.88,4.478,5.36,16.88,24.845,0.0,90.592865,0.0,0.0,453.0,211.125,3306.0,0.0,-4.5,0.1427002,123.696365,17731.879,17730.818,1100.0834,499.89316,32.025314,35.310505,0.0,3.3556323,4.0,52.78015,36.095547,13.499983,13.124983,2.14,0.0,-23.914062,0.4486084,0.0,0.0,0.0,0.0,0.0,1.0,1.0,57.156372,2.3475366,103.45971,104.16927,0.0,87.992935,29.589844,0.0,108.31516,103.87078,495.375,540.375,1.0080956,153.15625,0.0,151.5625,35.945553,38.99999,55.163574,0.0,105.01,134.59375,0.0,-6.2286377,24.414062,18.185425,0.68603516,105.02,104.94,104.33,104.21,0
367193.28,-0.029328184,0.6115703,0.48347563,0.4876071,101.38274,21.80451,13.697009,0.34176642,225.19437,104.61885,26.88,4.52,5.36,16.88,24.845,0.0,90.669785,0.0,0.0,452.625,211.125,3311.0,0.0,-4.640625,0.14349365,124.05291,17742.492,17804.582,1100.0834,499.89316,32.343235,35.45887,0.0,3.4653773,4.0,52.949524,36.095016,13.499983,13.124983,2.184,0.0,-23.875,0.4510498,0.0,0.0,0.0,0.0,0.0,1.0058594,1.0,57.174683,2.3464007,103.738495,104.16264,0.0,87.993645,29.785156,0.0,108.364914,104.12782,496.125,540.75,1.1189765,154.40625,0.0,152.65625,36.879204,38.99999,55.560303,0.0,105.0,135.3125,0.0,-5.264282,24.291992,19.02771,0.6347656,105.05,105.17,104.33,104.14,0
367193.3,-0.043462545,0.61962813,0.4879959,0.4938384,101.38279,21.80451,13.712906,0.43283138,225.2315,104.69931,26.88,4.558,5.36,16.88,24.845,0.0,90.731316,0.0,0.0,452.625,211.125,3313.0,0.0,-4.5390625,0.1453247,124.30995,17875.691,17840.137,1100.0834,499.89316,32.512794,35.967545,0.0,3.5532866,4.0,53.00598,36.09454,13.499983,13.124983,2.176,0.0,-23.757812,0.45770264,0.0,0.0,0.0,0.0,0.0,1.0048828,1.0,57.25708,2.3456054,104.36625,105.25225,0.0,87.99428,30.175781,0.0,108.5888,104.849205,496.125,540.75,1.2076812,156.125,0.0,155.03125,38.27968,38.99999,55.877686,0.0,105.22,137.3125,0.0,-4.0740967,24.090576,20.01648,0.7788086,105.18,105.26,104.21,104.48,0
367193.38,-0.034770038,0.62285125,0.4905215,0.50185,101.382835,21.80451,13.706456,0.51944125,225.49188,104.9469,26.88,4.604,5.36,16.88,24.845,0.0,90.78054,0.0,0.0,451.875,210.75,3317.0,0.0,-4.4921875,0.14855957,124.82404,17802.99,17806.174,1100.0834,499.89316,33.212223,35.882763,0.0,3.623694,4.0,53.378296,36.09411,13.499983,12.749984,2.216,0.0,-23.984375,0.46374512,0.0,0.0,0.0,0.0,0.0,1.0019531,1.0,57.322693,2.345049,104.96329,106.77077,0.0,87.99485,30.664062,0.0,108.65513,106.69827,496.125,540.375,1.2786449,157.3125,0.0,158.125,40.14698,38.99999,56.115723,0.0,105.36,139.125,0.0,-1.6540527,24.145508,22.491455,0.6738281,105.52,105.36,104.67,104.56,0
367193.4,-0.027816031,0.6428905,0.49519387,0.50163805,101.38288,21.80451,13.690223,0.5990713,229.79123,107.07684,26.88,4.639,5.36,16.88,24.845,0.0,90.66955,0.0,0.0,451.875,210.75,3321.0,0.0,-4.4765625,0.14959717,125.03963,17902.225,17874.63,1100.0834,499.89316,33.763287,36.158295,0.0,3.5238252,4.0,53.637695,36.09372,13.124983,12.749984,2.22,0.0,-23.46875,0.46270752,0.0,0.0,0.0,0.0,0.0,0.99902344,1.0,57.30896,2.3446593,105.512215,106.63912,0.0,87.99537,30.664062,0.0,108.91217,106.94702,496.125,540.375,1.179166,158.46875,0.0,158.0,41.08063,38.99999,56.903076,0.0,105.46,138.8125,0.0,-1.0192871,24.401855,23.382568,1.1669922,105.37,105.49,104.48,104.33,0
367193.44,-0.022252826,0.6509062,0.49910346,0.50566506,101.38292,21.80451,13.696437,0.66296756,230.1261,107.32975,26.88,4.678,5.36,16.88,24.845,0.0,90.58075,0.0,0.0,451.125,210.375,3324.0,0.0,-4.5390625,0.15106201,125.33813,18005.176,17928.758,1100.0834,499.89316,32.830715,36.455025,0.0,3.6002192,4.0,53.141785,36.093372,13.124983,12.374984,2.252,0.0,-23.265625,0.46740723,0.0,0.0,0.0,0.0,0.0,0.9980469,1.0,57.318115,2.3443866,105.95268,107.11526,0.0,87.995834,30.859375,0.0,109.19409,107.278694,496.125,540.75,1.2558328,160.0,0.0,159.125,42.014282,38.99999,57.34253,0.0,105.59,140.21875,0.0,-1.1108398,24.261475,23.150635,1.2402344,105.64,105.52,104.9,104.75,0
367193.47,-0.01780226,0.6728625,0.50255066,0.50545317,101.38295,21.80451,13.689068,0.74274266,234.5589,109.4301,26.88,4.719,5.36,16.88,24.845,0.0,90.50971,0.0,0.0,451.5,210.375,3325.0,0.0,-4.59375,0.15148926,125.64492,17902.756,18042.322,1100.0834,499.89316,35.225727,37.11206,0.0,3.5051117,4.0,54.40674,36.09306,13.124983,12.374984,2.268,0.0,-22.648438,0.46746826,0.0,0.0,0.0,0.0,0.0,0.9970703,1.0,57.37152,2.3441956,106.502594,106.963425,0.0,87.996254,30.859375,0.0,109.76623,107.45282,496.875,540.75,1.1609162,161.15625,0.0,159.0625,42.481106,38.99999,59.16748,0.0,105.52,140.25,0.0,-1.8432617,24.32251,22.479248,1.4331055,105.49,105.59,104.9,104.75,0
367193.53,-0.014241809,0.700395,0.5073739,0.49841642,101.38298,21.80451,13.707347,0.8236213,238.9469,111.577835,26.88,4.759,5.36,16.88,24.845,0.0,90.45288,0.0,0.0,451.125,210.375,3328.0,0.0,-5.1796875,0.1508789,125.794174,17970.682,18018.973,1100.0834,499.89316,35.225727,36.9425,0.0,3.4290447,4.0,53.974915,36.092777,13.124983,12.374984,2.284,0.0,-22.320312,0.45996094,0.0,0.0,0.0,0.0,0.0,0.9951172,1.0,57.466125,2.3440619,107.06011,105.583084,0.0,87.99663,30.46875,0.0,110.081314,106.92215,496.5,541.125,1.084983,162.03125,0.0,156.65625,42.947933,38.99999,58.813477,0.0,105.72,138.0,0.0,-2.154541,24.829102,22.67456,1.4794922,105.59,105.59,104.84,104.94,0
367193.56,-0.031393446,0.73015803,0.5065951,0.48201165,101.38301,21.80451,13.708424,0.8188518,243.22908,113.71395,26.88,4.801,5.36,16.88,24.845,0.0,90.40742,0.0,0.0,451.125,210.375,3332.0,0.0,-5.1328125,0.1449585,125.64492,17954.762,18004.645,1100.0834,499.89316,35.69201,36.79414,0.0,3.3682046,4.0,54.19922,36.09252,13.124983,12.374984,2.284,0.0,-22.460938,0.4473877,0.0,0.0,0.0,0.0,0.0,0.9951172,1.0,57.470703,2.3439684,107.02727,102.76584,0.0,87.99696,29.394531,0.0,110.41298,103.12453,496.875,541.125,1.0242363,163.21875,0.0,149.9375,41.08063,38.99999,59.28955,0.0,105.67,134.21875,0.0,-8.8897705,24.951172,16.061401,1.2646484,106.07,105.83,105.02,104.93,0
367193.6,-0.06511476,0.76081324,0.50044775,0.4644624,101.38303,21.80451,13.703319,0.70313513,247.0658,115.68101,26.88,4.839,5.36,16.88,24.845,0.0,90.37105,0.0,0.0,451.125,210.375,3337.0,0.0,-4.6796875,0.13909912,125.23034,17963.783,17952.107,1100.0834,499.89316,34.441517,36.47622,0.0,3.319542,4.0,53.55835,36.092293,13.124983,12.374984,2.28,0.0,-23.257812,0.43341064,0.0,0.0,0.0,0.0,0.0,0.9941406,1.0,57.409668,2.3439028,106.22967,100.35949,0.0,87.99727,28.320312,0.0,111.05144,101.499344,496.875,540.75,0.97563905,162.90625,0.0,143.25,34.54508,38.99999,58.42285,0.0,105.87,130.03125,0.0,-24.594116,25.65918,1.0650635,1.0742188,105.79,105.91,104.63,104.82,0
367193.62,-0.11209181,0.7918253,0.46494576,0.45259333,101.38306,21.80451,13.711464,-0.025442047,251.45149,117.34638,26.88,4.878,5.36,16.88,24.845,0.0,90.34195,0.0,0.0,451.875,211.5,3326.0,0.0,-4.6953125,0.13433838,124.69966,17966.436,17623.092,1100.0834,499.89316,26.451086,32.85191,0.0,3.2806182,4.0,49.80774,36.092087,14.249982,13.499983,2.248,0.0,-24.460938,0.4171753,0.0,0.0,0.0,0.0,0.0,0.9951172,1.0,56.956482,2.3438568,101.20769,99.283195,0.0,87.99754,27.636719,0.0,113.124374,100.54579,496.875,540.75,0.93676126,149.71875,0.0,139.34375,24.741743,38.99999,58.22754,0.0,105.99,125.15625,0.0,-37.158203,26.776123,0.0,0.75683594,106.04,105.87,104.82,105.11,0
367193.66,-0.08967345,0.8042301,0.44785216,0.44555667,101.38308,21.80451,13.711306,-0.3004001,251.47623,117.11093,26.88,4.92,5.36,16.88,24.845,0.0,90.31867,0.0,0.0,454.5,212.25,3319.0,0.0,-4.6953125,0.1307373,122.72623,17613.54,17294.074,1100.0834,499.89316,24.119661,31.410666,0.0,3.2494838,4.0,48.693848,36.0919,14.624981,14.249982,2.056,0.0,-26.09375,0.4109497,0.0,0.0,0.0,0.0,0.0,0.9921875,1.0,56.74591,2.3438249,99.312454,98.92131,0.0,87.99779,27.246094,0.0,113.87064,99.68345,495.75,540.75,0.905659,143.53125,0.0,137.15625,22.874443,38.99999,58.63037,0.0,105.8,123.28125,0.0,-44.802856,26.849365,0.0,0.72265625,105.87,106.01,104.79,104.75,0
367193.72,-0.071738765,0.77169204,0.44385564,0.45509434,101.383095,21.80451,13.722914,-0.32731095,243.08012,113.71252,26.88,4.958,5.36,16.88,24.845,0.0,90.30005,0.0,0.0,455.625,212.25,3334.0,0.0,-4.6171875,0.13110352,122.071175,17150.793,16979.387,1100.0834,499.89316,23.865324,30.711237,0.0,3.4589548,4.0,47.93396,36.091732,14.624981,14.249982,1.984,0.0,-26.539062,0.42510986,0.0,0.0,0.0,0.0,0.0,0.99902344,1.0,56.61316,2.5781775,99.126976,100.62898,0.0,87.99801,27.832031,0.0,114.0116,100.139496,495.375,540.75,0.88077724,139.71875,0.0,140.8125,22.407618,38.99999,58.605957,0.0,106.14,127.53125,0.0,-46.273804,25.238037,0.0,0.60302734,106.07,105.95,104.79,105.11,0
367193.75,-0.037391014,0.7024268,0.452458,0.46573406,101.38311,21.80451,13.71932,-0.15712617,230.30106,107.92837,26.88,5.0,5.36,16.88,24.845,0.0,90.28516,0.0,0.0,456.0,212.25,3340.0,0.0,-4.5,0.13427734,122.19556,16963.467,17161.938,1100.0834,499.89316,29.35477,31.74978,0.0,3.368721,4.0,51.078796,36.091583,14.624981,14.249982,1.952,0.0,-26.867188,0.43756104,0.0,0.0,0.0,0.0,0.0,1.0058594,1.0,56.770325,2.5078492,100.30006,102.08976,0.0,87.99821,28.515625,0.0,113.37313,101.67347,495.375,540.375,0.8608718,142.3125,0.0,144.9375,23.808094,38.99999,59.18579,0.0,106.16,131.28125,0.0,-41.29944,24.310303,0.0,0.5908203,106.66,106.42,105.17,105.17,0
367193.78,0.0100871865,0.5997207,0.46685976,0.4805704,101.383125,21.80451,13.716805,0.09552113,211.21127,99.27848,26.88,5.039,5.36,16.88,24.845,0.0,90.27324,0.0,0.0,454.5,211.875,3350.0,0.0,-4.5,0.13952637,122.88377,17005.92,17366.246,1100.0834,499.89316,33.46656,33.212223,0.0,3.459817,4.0,53.497314,36.09145,14.249982,13.874982,2.024,0.0,-26.117188,0.45300293,0.0,0.0,0.0,0.0,0.0,1.0126953,1.0,56.936646,2.4586196,102.04154,103.880875,0.0,87.99839,29.394531,0.0,112.63517,103.38157,495.375,540.375,1.0011975,146.4375,0.0,150.15625,26.14222,38.99999,59.606934,0.0,106.54,135.90625,0.0,-33.206177,23.480225,0.0,0.5932617,106.31,106.55,105.14,105.44,0
367193.84,0.02806975,0.5398883,0.47920898,0.48629302,101.38314,21.80451,13.715045,0.33192208,206.55399,97.32122,26.88,5.078,5.36,16.88,24.845,0.0,90.2637,0.0,0.0,452.625,211.5,3358.0,0.0,-4.5,0.14398193,123.81245,17286.645,17557.29,1100.0834,499.89316,35.522453,34.293156,0.0,3.5376165,4.0,54.779053,36.091328,13.874982,13.499983,2.152,0.0,-25.140625,0.45715332,0.0,0.0,0.0,0.0,0.0,1.0,1.0,57.084656,2.4241586,103.67104,104.79755,0.0,87.99855,29.785156,0.0,111.73138,104.575584,496.125,540.375,1.1134579,152.40625,0.0,152.4375,28.943172,38.99999,58.53882,0.0,106.75,137.15625,0.0,-22.20459,23.90747,1.7028809,0.7348633,106.78,106.71,105.72,105.79,0
367193.88,0.0424558,0.5159553,0.48149964,0.49358404,101.383156,21.80451,13.713813,0.35101524,206.49352,97.35066,26.88,5.119,5.36,16.88,24.845,0.0,90.25607,0.0,0.0,452.625,211.5,3360.0,0.0,-4.5,0.14648438,124.6582,17639.012,17618.316,1100.0834,499.89316,33.445362,34.441517,0.0,3.447052,4.0,53.219604,36.091217,13.874982,13.499983,2.168,0.0,-24.796875,0.46313477,0.0,0.0,0.0,0.0,0.0,0.99609375,1.0,57.151794,2.4000359,103.802666,105.73973,0.0,87.998695,30.175781,0.0,111.51578,105.67838,496.5,540.375,1.0470163,154.34375,0.0,154.53125,29.409998,38.99999,58.441162,0.0,106.66,138.9375,0.0,-16.122437,23.858643,7.736206,0.80810547,106.82,106.82,105.83,105.68,0
367193.9,0.03396464,0.5251322,0.49030983,0.51414305,101.38316,21.80451,13.71295,0.5262816,211.77388,99.988655,26.88,5.158,5.36,16.88,24.845,0.0,90.24997,0.0,0.0,453.375,211.5,3365.0,0.0,-4.734375,0.17449951,126.76431,17754.168,17835.36,1100.0834,499.89316,33.33939,35.882763,0.0,3.3770132,4.0,53.141785,36.091118,13.874982,13.499983,2.14,0.0,-24.507812,0.47125244,0.0,0.0,0.0,0.0,0.0,0.9980469,1.0,57.18994,2.38315,105.010765,109.15898,0.0,87.998825,31.542969,0.0,111.26703,109.60867,496.875,540.75,0.99386305,154.84375,0.0,162.8125,32.21095,38.99999,59.32617,0.0,107.05,141.375,0.0,-1.8951416,27.667236,25.772095,0.8935547,106.73,106.86,106.04,105.98,0
367193.94,0.0071717147,0.5663029,0.49908668,0.5182972,101.38317,21.80451,13.712346,0.7106551,221.60681,104.81782,26.88,5.201,5.36,16.88,24.845,0.0,90.24509,0.0,0.0,452.25,210.75,3371.0,0.0,-4.921875,0.18981934,128.26512,17886.305,17965.906,1100.0834,499.89316,35.45887,36.58219,0.0,3.3226705,4.0,54.214478,36.09103,13.499983,12.749984,2.224,0.0,-24.054688,0.4689331,0.0,0.0,0.0,0.0,0.0,1.0039062,1.0,57.447815,2.37133,106.28164,109.62956,0.0,87.99895,31.738281,0.0,110.86902,110.42956,497.25,541.125,0.95134044,159.6875,0.0,163.8125,36.879204,38.99999,59.136963,0.0,106.97,140.6875,0.0,-0.103759766,30.334473,30.230713,1.3769531,107.25,106.97,106.19,106.19,0
367193.97,-0.014262628,0.60152113,0.50503737,0.51804274,101.38318,21.80451,13.706064,0.8485453,226.24963,107.07731,26.88,5.24,5.36,16.88,24.845,0.0,90.24118,0.0,0.0,451.875,210.75,3373.0,0.0,-5.1015625,0.19238281,129.16891,17973.336,18047.098,1100.0834,499.89316,36.009933,37.19684,0.0,3.4366283,4.0,54.222107,36.09095,13.499983,12.749984,2.256,0.0,-23.484375,0.46697998,0.0,0.0,0.0,0.0,0.0,1.0078125,1.0,57.485962,2.363056,107.23211,109.458176,0.0,87.999054,31.738281,0.0,110.98511,110.62027,497.625,541.125,1.0735723,162.65625,0.0,163.65625,40.14698,38.99999,59.82666,0.0,107.03,140.09375,0.0,-0.18920898,30.93872,30.749512,1.5844727,106.86,107.18,106.19,106.27,0
367194.06,-0.011410102,0.63435847,0.51312166,0.51702553,101.38319,21.80451,13.719245,0.977294,231.0318,109.37299,26.88,5.278,5.36,16.88,24.845,0.0,90.23806,0.0,0.0,451.125,210.75,3374.0,0.0,-4.734375,0.19152832,129.4011,18061.957,18077.348,1100.0834,499.89316,36.815334,37.49357,0.0,3.5286217,4.0,54.62799,36.090878,13.499983,12.749984,2.28,0.0,-22.929688,0.46673584,0.0,0.0,0.0,0.0,0.0,1.0,1.0,57.637024,2.357264,108.11957,108.81826,0.0,87.99915,31.738281,0.0,111.23386,110.46272,497.625,540.75,1.1713578,164.71875,0.0,163.53125,42.014282,38.99999,60.10742,0.0,107.27,140.03125,0.0,-0.28686523,30.828857,30.541992,1.6064453,107.14,107.02,106.46,106.71,0
367194.1,-0.009128082,0.6849934,0.51662743,0.5126169,101.383194,21.80451,13.705034,1.0624285,239.68816,113.63915,26.88,5.319,5.36,16.88,24.845,0.0,90.235565,0.0,0.0,451.125,210.75,3379.0,0.0,-4.7734375,0.1875,129.35133,18073.102,18083.184,1100.0834,499.89316,37.49357,37.938656,0.0,3.446546,4.0,54.96521,36.090813,13.499983,12.749984,2.304,0.0,-22.523438,0.46600342,0.0,0.0,0.0,0.0,0.0,0.9970703,1.0,57.661438,2.35321,108.7064,108.01608,0.0,87.99924,31.542969,0.0,111.62357,109.99839,498.0,540.75,1.0933362,167.46875,0.0,162.28125,42.947933,38.99999,61.315918,0.0,107.25,139.8125,0.0,-0.7293701,30.255127,29.525757,1.6503906,107.33,107.37,106.38,106.38,0
367194.12,-0.0073024654,0.7052474,0.5203323,0.51350707,101.3832,21.80451,13.724383,1.1212565,239.71019,113.78414,26.88,5.358,5.36,16.88,24.845,0.0,90.23357,0.0,0.0,450.375,210.75,3383.0,0.0,-4.8828125,0.18481445,129.39279,18095.92,18151.64,1100.0834,499.89316,37.42998,38.61689,0.0,3.381291,4.0,54.94232,36.090755,13.499983,12.749984,2.34,0.0,-22.210938,0.47070312,0.0,0.0,0.0,0.0,0.0,0.99316406,1.0,57.699585,2.3503718,109.1119,107.97722,0.0,87.99931,31.542969,0.0,112.05475,109.69159,498.0,541.125,1.030919,169.03125,0.0,162.15625,42.947933,38.99999,61.914062,0.0,107.47,141.21875,0.0,-1.4831543,29.35791,27.874756,1.6015625,107.33,107.42,106.5,106.46,0
367194.2,-0.0058419723,0.732099,0.5179358,0.5133799,101.38321,21.80451,13.726209,1.0791674,244.15466,116.03085,26.88,5.4,5.36,16.88,24.845,0.0,90.231964,0.0,0.0,449.625,210.75,3387.0,0.0,-5.5546875,0.18255615,129.48401,18087.43,18113.963,1100.0834,499.89316,37.175644,38.25658,0.0,3.3293705,4.0,54.818726,36.090702,13.499983,12.749984,2.392,0.0,-22.109375,0.47216797,0.0,0.0,0.0,0.0,0.0,0.9863281,1.0,57.685852,2.3483853,108.82179,108.07102,0.0,87.99938,31.542969,0.0,112.46934,109.476006,498.375,541.5,0.98098516,168.6875,0.0,162.125,40.14698,38.99999,62.091064,0.0,107.49,141.65625,0.0,-1.6326904,28.857422,27.224731,1.6357422,107.75,107.58,106.86,106.73,0
367194.22,0.015326422,0.74283963,0.5203932,0.5224937,101.38322,21.80451,13.721627,1.160512,243.99509,116.02348,26.88,5.439,5.36,16.88,24.845,0.0,90.23068,0.0,0.0,449.625,210.75,3389.0,0.0,-5.40625,0.19152832,130.20538,18129.883,18127.23,1100.0834,499.89316,36.921307,37.663124,0.0,3.288033,4.0,54.67224,36.090656,13.499983,12.749984,2.38,0.0,-22.53125,0.47735596,0.0,0.0,0.0,0.0,0.0,0.9824219,1.0,57.704163,2.3469949,109.3825,109.78189,0.0,87.99944,32.128906,0.0,113.29851,110.703186,498.375,541.5,0.94103813,168.9375,0.0,165.625,39.21333,38.99999,63.494873,0.0,107.72,143.21875,0.0,-3.5888672,29.742432,26.153564,1.4550781,107.58,107.82,106.58,106.82,0
367194.25,0.032261137,0.7658859,0.5221895,0.5294032,101.383224,21.80451,13.71842,1.2356184,248.46764,118.39429,26.88,5.478,5.36,16.88,24.845,0.0,90.22966,0.0,0.0,450.75,210.75,3396.0,0.0,-5.4140625,0.20458984,131.6896,18110.78,18169.684,1100.0834,499.89316,37.72671,37.747906,0.0,3.255102,4.0,54.655457,36.090614,13.499983,12.749984,2.336,0.0,-22.851562,0.47625732,0.0,0.0,0.0,0.0,0.0,0.98339844,1.0,57.62329,2.3460214,109.90021,111.172585,0.0,87.9995,32.617188,0.0,113.58872,112.12108,498.375,541.5,0.9090805,169.625,0.0,168.4375,40.14698,38.99999,64.30054,0.0,107.98,142.875,0.0,-1.6326904,31.89087,30.258179,1.4990234,107.99,107.82,107.02,107.14,0
367194.28,0.04580891,0.7751044,0.5250172,0.5451298,101.383224,21.80451,13.710316,1.2639593,248.41779,118.509964,26.88,5.519,5.36,16.88,24.845,0.0,90.22884,0.0,0.0,450.75,210.75,3400.0,0.0,-5.4140625,0.23034668,134.55856,18035.955,18222.22,1100.0834,499.89316,37.959854,38.065826,0.0,3.2288544,4.0,54.779053,36.090576,13.499983,12.749984,2.336,0.0,-22.273438,0.4746704,0.0,0.0,0.0,0.0,0.0,0.99316406,1.0,57.598877,2.34534,110.09556,113.62892,0.0,87.99955,33.691406,0.0,113.47263,116.018196,498.375,541.5,0.8835144,172.125,0.0,174.9375,41.08063,38.99999,64.35547,0.0,107.92,142.40625,0.0,-0.26550293,36.102295,35.836792,1.5405273,108.18,108.07,107.02,107.1,0
367194.34,0.05664713,0.7787918,0.534242,0.5542859,101.383224,21.80451,13.72222,1.4534796,248.45248,118.631096,26.88,5.558,5.36,16.88,24.845,0.0,90.22819,0.0,0.0,451.125,210.75,3403.0,0.0,-5.4765625,0.24450684,136.25836,17954.762,18280.064,1100.0834,499.89316,42.28359,38.40494,0.0,3.2079244,4.0,57.04956,36.09054,13.499983,12.749984,2.348,0.0,-21.445312,0.47479248,0.0,0.0,0.0,0.0,0.0,1.0009766,1.0,57.71942,2.344863,111.4019,114.92604,0.0,87.999596,34.277344,0.0,114.376434,116.88054,499.125,541.5,0.86306155,174.21875,0.0,178.4375,42.481106,38.99999,66.28418,0.0,108.08,142.4375,0.0,0.02746582,38.305664,38.33313,1.7138672,108.07,108.15,107.1,107.37,0
367194.38,0.045317706,0.78026676,0.5395779,0.5604324,101.383224,21.80451,13.724695,1.5383396,248.66628,118.94251,26.88,5.602,5.36,16.88,24.845,0.0,90.22766,0.0,0.0,450.375,210.75,3409.0,0.0,-5.65625,0.25476074,137.75089,18136.781,18302.883,1100.0834,499.89316,42.34717,38.61689,0.0,3.1912284,4.0,57.061768,36.09051,13.499983,12.749984,2.376,0.0,-21.023438,0.47406006,0.0,0.0,0.0,0.0,0.0,1.0058594,1.0,57.814026,2.3445292,111.98683,115.75379,0.0,87.99963,34.765625,0.0,114.633484,118.049675,499.125,541.875,0.84669924,177.375,0.0,181.21875,44.348408,38.99999,66.1438,0.0,108.22,142.21875,0.0,0.2685547,40.31372,40.582275,1.8408203,108.39,108.18,107.5,107.42,0
367194.4,0.056254163,0.7996067,0.54475707,0.56526476,101.383224,21.80451,13.720568,1.6270214,252.51785,120.92654,26.88,5.639,5.36,16.88,24.845,0.0,90.22724,0.0,0.0,450.375,210.75,3413.0,0.0,-5.625,0.2616577,138.72931,18334.723,18358.604,1100.0834,499.89316,40.990707,39.040787,0.0,3.1779048,4.0,56.323242,36.090485,13.499983,12.749984,2.4,0.0,-20.09375,0.47583008,0.0,0.0,0.0,0.0,0.0,0.9980469,1.0,57.833862,2.3442955,112.59811,116.16832,0.0,87.99967,35.15625,0.0,115.02319,118.38135,499.5,541.5,0.8336094,179.9375,0.0,183.5625,45.748886,38.99999,67.07764,0.0,108.26,142.75,0.0,1.3977051,41.63208,43.029785,1.9384766,108.23,108.51,107.22,107.42,0
367194.44,0.045003332,0.80734265,0.5509086,0.5684864,101.383224,21.80451,13.723537,1.7543923,252.78143,121.1237,26.88,5.678,5.36,16.88,24.845,0.0,90.226906,0.0,0.0,449.625,210.375,3415.0,0.0,-5.2890625,0.2687378,139.78236,18384.076,18452.531,1100.0834,499.89316,41.393406,39.824993,0.0,3.1672695,4.0,56.53534,36.090458,13.874982,12.374984,2.42,0.0,-19.695312,0.4746704,0.0,0.0,0.0,0.0,0.0,0.9980469,1.0,57.87201,2.344132,113.47606,116.509636,0.0,87.9997,35.351562,0.0,115.76945,119.227104,499.5,541.5,0.8231375,181.71875,0.0,184.53125,47.14936,38.99999,68.29834,0.0,108.59,142.40625,0.0,1.7700195,43.359375,45.129395,2.0019531,108.56,108.47,107.54,107.78,0
367194.5,0.056002665,0.8104371,0.5541417,0.5788718,101.383224,21.80451,13.702179,1.839012,252.87961,121.27718,26.88,5.719,5.36,16.88,24.845,0.0,90.22664,0.0,0.0,449.625,211.125,3418.0,0.0,-5.484375,0.2810669,141.45729,18479.596,18463.676,1100.0834,499.89316,40.948315,39.867382,0.0,3.1587775,4.0,56.300354,36.090435,14.249982,13.124983,2.44,0.0,-19.226562,0.47729492,0.0,0.0,0.0,0.0,0.0,0.9970703,1.0,57.91931,2.3440175,114.05933,118.33673,0.0,87.99973,36.23047,0.0,116.23379,121.1425,499.875,541.5,0.81476,185.03125,0.0,189.96875,48.08301,38.99999,69.03076,0.0,108.67,143.1875,0.0,2.3223877,45.81299,48.135376,2.0605469,108.89,108.68,107.82,107.69,0
367194.53,0.044802133,0.81167483,0.56023926,0.5815424,101.383224,21.80451,13.704806,1.9555401,252.75284,121.50011,26.88,5.759,5.36,16.88,24.845,0.0,90.226425,0.0,0.0,449.25,211.125,3426.0,0.0,-5.625,0.28912354,142.47719,18418.568,18528.95,1100.0834,499.89316,43.173767,40.354862,0.0,3.1519954,4.0,57.011414,36.090416,14.249982,13.124983,2.448,0.0,-18.84375,0.47595215,0.0,0.0,0.0,0.0,0.0,0.9980469,1.0,58.033752,2.3439374,114.86255,118.54915,0.0,87.99976,36.42578,0.0,116.83909,121.75609,499.875,541.5,0.808058,186.5,0.0,191.0,49.483486,38.99999,70.08667,0.0,108.78,142.78125,0.0,3.7139893,47.772217,51.486206,2.1533203,108.77,108.93,107.66,107.94,0
367194.56,0.07584171,0.8121699,0.56444436,0.582475,101.383224,21.80451,13.712505,2.0701654,253.17372,121.84452,26.88,5.801,5.36,16.88,24.845,0.0,90.22626,0.0,0.0,448.875,211.125,3430.0,0.0,-5.9140625,0.2913208,143.12393,18498.701,18596.344,1100.0834,499.89316,42.749874,40.863537,0.0,3.1465776,4.0,56.788635,36.090397,14.249982,13.124983,2.484,0.0,-19.054688,0.47583008,0.0,0.0,0.0,0.0,0.0,0.9970703,1.0,58.085632,2.3438811,115.65265,118.816345,0.0,87.99979,36.42578,0.0,117.527306,121.97997,500.25,541.875,0.8026964,188.6875,0.0,190.9375,50.883965,38.99999,71.051025,0.0,108.99,142.75,0.08239746,3.2165527,48.284912,51.583862,2.2167969,108.98,108.89,108.18,108.18,0
367194.6,0.10067336,0.831118,0.56873995,0.57954997,101.383224,21.80451,13.706176,2.142168,257.0199,123.73162,26.88,5.84,5.36,16.88,24.845,0.0,90.22612,0.0,0.0,448.875,211.125,3431.0,0.0,-5.8984375,0.29125977,143.30635,18514.621,18665.861,1100.0834,499.89316,43.767223,41.22385,0.0,3.1422489,4.0,57.044983,36.015194,14.249982,13.124983,2.504,0.0,-18.984375,0.4727173,0.0,0.0,0.0,0.0,0.0,0.99316406,1.0,58.15735,2.3438418,116.14896,118.007576,0.0,87.99981,36.23047,0.0,117.97506,121.96339,500.625,541.875,0.79840714,190.34375,0.0,189.875,51.35079,38.99999,71.728516,0.0,108.9,141.8125,0.18310547,3.100586,48.614502,51.898193,2.2460938,109.01,109.09,108.07,108.02,0
367194.66,0.100538686,0.85744727,0.5757122,0.57162315,101.383224,21.80451,13.719323,2.3258588,260.98074,125.89474,26.88,5.878,5.36,16.88,24.845,0.0,90.22601,0.0,0.0,448.5,211.125,3438.0,0.0,-6.0859375,0.2843628,142.91664,18567.158,18652.064,1100.0834,499.89316,44.360676,41.160263,0.0,2.9825401,4.0,57.333374,35.94751,14.249982,13.124983,2.524,0.0,-18.570312,0.47039795,0.0,0.0,0.0,0.0,0.0,0.9902344,1.0,58.20923,2.3438144,117.415115,116.6769,0.0,87.99983,35.839844,0.0,119.16078,120.42941,500.625,542.25,0.6387257,192.875,0.0,187.375,51.35079,38.99999,72.77832,0.0,109.15,141.125,0.2593994,1.2573242,47.351074,48.867798,2.2509766,109.01,109.09,108.15,108.26,0
367194.7,0.12043095,0.86797893,0.58002895,0.5670028,101.383224,21.80451,13.705089,2.4326198,260.91962,125.93848,26.88,5.919,5.36,16.88,24.845,0.0,90.22592,0.0,0.0,448.125,211.125,3440.0,0.0,-6.6796875,0.27459717,142.15381,18627.654,18691.334,1100.0834,499.89316,45.0813,41.351017,0.0,2.8547757,4.0,57.687378,35.96178,14.249982,13.124983,2.536,0.0,-18.023438,0.4741211,0.0,0.0,0.0,0.0,0.0,0.9873047,1.0,58.285522,2.343795,118.15101,115.88627,0.0,87.99985,35.64453,0.0,119.98995,119.15248,500.625,542.625,0.51098055,195.4375,0.0,186.125,50.883965,38.99999,74.44458,0.0,109.19,142.25,0.2746582,-0.37841797,44.732666,44.628906,2.2045898,109.51,109.34,108.43,108.11,0
367194.72,0.13634476,0.8909416,0.57749516,0.5660702,101.383224,21.80451,13.712703,2.3747184,264.81888,127.894844,26.88,5.958,5.36,16.88,24.845,0.0,90.22585,0.0,0.0,448.125,211.125,3442.0,0.0,-6.75,0.27142334,142.07918,18668.516,18710.969,1100.0834,499.89316,44.318287,41.45699,0.0,2.7525659,4.0,57.299805,35.974625,14.249982,13.124983,2.548,0.0,-18.15625,0.47625732,0.0,0.0,0.0,0.0,0.0,0.98828125,1.0,58.190918,2.3437815,117.7519,115.74327,0.0,87.99986,35.64453,0.0,120.669876,118.96177,501.0,542.625,0.40878445,194.46875,0.0,185.875,42.947933,38.99999,75.11597,0.0,109.36,142.875,0.22583008,-0.8605957,43.76831,43.133545,2.0947266,109.3,109.51,108.18,108.35,0
367194.75,0.10907581,0.9001267,0.579534,0.5656039,101.383224,21.80451,13.718033,2.4039803,265.2561,128.2921,26.88,6.0,5.36,16.88,24.845,0.0,90.2258,0.0,0.0,448.125,211.125,3447.0,0.0,-6.0859375,0.27026367,141.92163,18798.531,18736.441,1100.0834,499.89316,42.60151,41.54177,0.0,2.6707995,4.0,56.41327,35.986187,14.249982,13.124983,2.54,0.0,-18.703125,0.47821045,0.0,0.0,0.0,0.0,0.0,0.98828125,1.0,58.18634,2.343772,117.9536,115.534645,0.0,87.99988,35.64453,0.0,121.39126,118.86227,501.0,542.25,0.32702756,195.59375,0.0,185.75,41.54746,38.99999,75.91553,0.0,109.71,143.46875,0.119018555,-1.5441895,43.267822,41.84265,1.9873047,109.63,109.55,108.73,108.73,0
367194.8,0.08726065,0.8850507,0.5809565,0.5725134,101.383224,21.80451,13.715904,2.4443913,261.344,126.65668,26.88,6.039,5.36,16.88,24.845,0.0,90.22575,0.0,0.0,448.125,211.125,3454.0,0.0,-6.34375,0.27227783,142.30305,18608.549,18743.34,1100.0834,499.89316,45.865505,41.520576,0.0,2.6053872,4.0,58.09784,35.921402,14.249982,13.124983,2.54,0.0,-19.289062,0.48706055,0.0,0.0,0.0,0.0,0.0,0.9902344,1.0,58.21991,2.3437653,118.23215,116.77659,0.0,87.99989,36.035156,0.0,122.20384,119.00323,501.0,542.25,0.26162204,195.5625,0.0,188.34375,39.680157,38.99999,76.77612,0.0,109.69,146.125,0.015258789,-2.911377,42.645264,39.749146,1.9677734,110.1,109.85,108.77,108.77,0
367194.84,0.10980852,0.87902033,0.5773393,0.5779393,101.383224,21.80451,13.720273,2.3959255,261.30542,126.85797,26.88,6.078,5.36,16.88,24.845,0.0,90.225716,0.0,0.0,448.125,211.125,3460.0,0.0,-6.4375,0.2826538,143.3727,18677.006,18729.543,1100.0834,499.89316,43.788418,41.478188,0.0,2.5530581,4.0,56.878662,35.8631,14.249982,13.124983,2.532,0.0,-19.726562,0.48632812,0.0,0.0,0.0,0.0,0.0,0.99609375,1.0,58.190918,2.3437605,117.89808,118.0193,0.0,87.99991,36.42578,0.0,122.36139,120.56208,501.0,542.625,0.20929764,196.125,0.0,190.59375,38.27968,38.99999,76.623535,0.0,109.96,145.90625,-0.08239746,-0.80566406,45.117188,44.229126,1.9042969,109.85,110.14,108.81,108.93,0
367194.88,0.1278468,0.87660813,0.583249,0.59163105,101.383224,21.80451,13.705753,2.5189984,261.55844,127.201004,26.88,6.119,5.36,16.88,24.845,0.0,90.225685,0.0,0.0,448.875,211.125,3466.0,0.0,-6.390625,0.29943848,145.5783,18710.969,18739.625,1100.0834,499.89316,44.636208,41.58416,0.0,2.5111952,4.0,57.321167,35.810623,14.249982,13.124983,2.524,0.0,-19.539062,0.4876709,0.0,0.0,0.0,0.0,0.0,0.99609375,1.0,58.309937,2.3437572,118.74641,120.20835,0.0,87.999916,37.304688,0.0,123.091064,123.29007,501.375,542.625,0.16743812,197.125,0.0,195.75,38.746506,38.99999,77.65503,0.0,110.18,146.3125,-0.13122559,-0.5950928,48.83423,48.10791,1.9580078,110.27,110.31,109.17,109.17,0
367194.9,0.16227745,0.8568933,0.5883134,0.60850215,101.383224,21.80451,13.707309,2.6138444,257.56314,125.36643,26.88,6.158,5.36,16.88,24.845,0.0,90.22566,0.0,0.0,448.125,211.125,3469.0,0.0,-6.375,0.3182373,148.54674,18733.79,18827.188,1100.0834,499.89316,45.589973,42.198807,0.0,2.4777055,4.0,57.52411,35.763397,14.249982,13.124983,2.544,0.0,-19.289062,0.48632812,0.0,0.0,0.0,0.0,0.0,0.9970703,1.0,58.32367,2.343755,119.40017,122.90667,0.0,87.99992,38.378906,0.0,123.27348,127.162315,501.375,542.25,0.1339505,199.625,0.0,202.15625,40.613808,38.99999,78.723145,0.0,110.16,145.90625,-0.119018555,0.1159668,53.2959,53.292847,2.0874023,110.27,110.31,109.14,109.22,0
367194.97,0.18982196,0.8677573,0.5944039,0.6083326,101.383224,21.80451,13.702538,2.757074,261.72318,127.5749,26.88,6.2,5.36,16.88,24.845,0.0,90.22565,0.0,0.0,448.125,211.125,3474.0,0.0,-6.453125,0.32269287,149.55833,18760.322,18838.33,1100.0834,499.89316,46.16223,42.2412,0.0,2.4509137,4.0,57.810974,35.720894,14.249982,13.124983,2.552,0.0,-18.226562,0.48156738,0.0,0.0,0.0,0.0,0.0,0.9951172,1.0,58.38623,2.3437533,120.387436,122.8167,0.0,87.99993,38.476562,0.0,123.45591,127.23694,501.375,542.625,0.107160404,202.375,0.0,202.65625,42.481106,38.99999,78.479004,0.0,110.43,144.46875,-0.048828125,2.2399902,54.77295,56.96411,2.2460938,110.27,110.23,109.63,109.46,0
367195.0,0.17185757,0.890853,0.60270375,0.61074877,101.383224,21.80451,13.699198,2.8919713,265.66638,129.49698,26.88,6.24,5.36,16.88,24.845,0.0,90.22563,0.0,0.0,447.375,211.125,3474.0,0.0,-6.453125,0.3239746,149.93147,18749.709,18917.4,1100.0834,499.89316,48.68441,42.77107,0.0,2.4294808,4.0,58.82263,35.68264,14.249982,13.124983,2.596,0.0,-17.0,0.48413086,0.0,0.0,0.0,0.0,0.0,0.99316406,1.0,58.462524,2.3437524,121.31727,122.94309,0.0,87.99994,38.671875,0.0,124.10266,127.24523,501.75,542.625,0.085728325,205.4375,0.0,203.6875,44.348408,38.99999,79.60205,0.0,110.47,145.25,0.030517578,1.461792,54.82788,56.32019,2.3706055,110.69,110.48,109.85,109.55,0
367195.03,0.13748606,0.91884124,0.6081893,0.61350405,101.383224,21.80451,13.708579,3.0119162,269.42242,131.55466,26.88,6.278,5.36,16.88,24.845,0.0,90.22562,0.0,0.0,446.25,210.75,3480.0,0.0,-6.3515625,0.32641602,150.64456,18866.986,19061.213,1100.0834,499.89316,48.345295,43.703636,0.0,2.4123344,4.0,58.636475,35.648212,13.874982,12.749984,2.644,0.0,-15.8984375,0.4873047,0.0,0.0,0.0,0.0,0.0,0.9921875,1.0,58.529663,2.3437517,122.144035,123.05896,0.0,87.99995,38.867188,0.0,124.923546,127.45252,501.75,542.25,0.06858266,207.625,0.0,204.78125,45.28206,38.99999,81.68945,0.0,110.54,146.1875,0.09460449,0.8300781,55.090332,56.015015,2.409668,110.43,110.74,109.59,109.68,0
367195.06,0.109988846,0.9487865,0.6121203,0.6227026,101.383224,21.80451,13.703427,3.0983944,273.51035,133.78098,26.88,6.319,5.36,16.88,24.845,0.0,90.22561,0.0,0.0,446.625,210.75,3486.0,0.0,-6.28125,0.33306885,151.99611,18881.846,19083.502,1100.0834,499.89316,49.108307,43.809612,0.0,2.3986173,4.0,59.020996,35.617226,13.874982,12.749984,2.628,0.0,-15.4609375,0.49224854,0.0,0.0,0.0,0.0,0.0,0.9921875,1.0,58.55255,2.3437512,122.74012,124.59153,0.0,87.999954,39.453125,0.0,125.25521,128.95334,501.75,542.25,0.05486613,210.53125,0.0,208.15625,45.748886,38.99999,81.23779,0.0,110.88,147.6875,0.14343262,0.5432129,56.176758,56.863403,2.4145508,110.82,110.69,110.06,110.06,0
367195.12,0.08799108,0.9795146,0.62022537,0.66055655,101.383224,21.80451,13.670524,3.2680523,276.88214,135.50792,26.88,6.358,5.36,16.88,24.845,0.0,90.2256,0.0,0.0,446.625,210.375,3488.0,0.0,-6.4140625,0.38519287,160.37907,18966.754,19154.08,1100.0834,499.89316,50.909863,44.275898,0.0,2.3876438,4.0,59.788513,35.58934,13.499983,12.374984,2.66,0.0,-15.0234375,0.48217773,0.0,0.0,0.0,0.0,0.0,0.9921875,1.0,58.65326,2.343751,123.90955,131.0097,0.0,87.99996,41.69922,0.0,126.34143,137.44409,502.125,542.625,0.043892905,212.8125,0.0,222.0,46.682537,38.99999,82.751465,0.0,110.86,144.65625,0.23803711,5.6488037,64.94751,70.83435,2.4536133,111.16,110.99,110.1,109.76,0
367195.16,0.07039287,0.9918059,0.6347772,0.7085415,101.383224,21.80451,13.688507,3.617083,277.0119,135.76576,26.88,6.401,5.36,16.88,24.845,0.0,90.22559,0.0,0.0,446.25,210.0,3493.0,0.0,-6.3828125,0.44329834,171.89632,19232.621,19253.316,1100.0834,499.89316,49.99849,45.017715,0.0,2.3788648,4.0,59.295654,35.564243,13.124983,11.999985,2.676,0.0,-14.203125,0.46362305,0.0,0.0,0.0,0.0,0.0,0.9941406,1.0,58.83484,2.3437505,126.315384,139.18372,0.0,87.99997,44.628906,0.0,127.02136,147.51027,502.5,542.625,0.035114326,218.71875,0.0,240.21875,68.1565,38.99999,84.10034,0.0,111.05,139.09375,0.5279541,17.965698,71.92383,90.41748,2.7539062,110.95,111.21,109.97,110.18,0
367195.2,0.0763143,0.9967224,0.6485819,0.7681836,101.38239,21.80451,13.683517,3.9029613,277.1419,136.02391,26.88,6.439,5.36,16.88,24.845,0.0,90.225586,0.0,0.0,446.625,209.625,3498.0,0.0,-6.453125,0.4970703,184.45003,19223.6,19362.635,1100.0834,499.89316,53.28368,45.780727,0.0,2.371842,4.0,60.66742,35.541653,12.749984,11.624985,2.672,0.0,-12.53125,0.45214844,0.0,0.0,0.0,0.0,0.0,0.99609375,1.0,58.94928,2.3437505,128.28508,149.31303,0.0,87.99998,48.14453,0.0,128.85384,159.98936,502.875,542.625,0.02809146,221.90625,0.0,262.15625,77.026184,38.99999,86.553955,0.0,111.29,135.65625,0.87890625,29.727173,76.66626,99.998474,3.1298828,111.47,111.26,110.43,110.18,0
367195.22,0.08105144,0.979939,0.66184884,0.84037304,101.381645,21.80451,13.6858835,4.2339425,273.5756,134.42708,26.88,6.478,5.36,16.88,24.845,0.0,90.225586,0.0,0.0,444.75,209.25,3502.0,0.0,-6.46875,0.55426025,198.69527,19313.283,19563.76,1100.0834,499.89316,55.38196,47.158386,0.0,2.3662236,4.0,61.44409,35.52132,12.374984,11.249986,2.776,0.0,-10.625,0.40344238,0.0,0.0,0.0,0.0,0.0,0.9951172,1.0,59.039307,2.3437505,130.56575,162.23354,0.0,87.99998,52.441406,0.0,131.25014,175.90123,503.25,542.625,0.02247317,227.5,0.0,287.53125,79.36031,38.99999,89.37378,0.0,111.4,121.03125,1.2634277,35.97107,82.35474,99.998474,3.4667969,111.56,111.56,110.35,110.35,0
367195.25,0.10484115,0.9732256,0.6880694,0.89929456,101.381805,21.80451,13.681681,4.8520794,273.63977,134.88095,26.88,6.519,5.36,16.88,24.845,0.0,90.225586,0.0,0.0,443.625,208.5,3513.0,0.0,-6.0546875,0.6034546,212.85757,19556.861,19824.85,1100.0834,499.89316,57.925335,49.235477,0.0,2.361729,4.0,62.41455,35.50302,11.624985,10.499987,2.82,0.0,-8.8125,0.35821533,0.0,0.0,0.0,0.0,0.0,0.98535156,1.0,59.4162,2.3437505,134.82666,172.20975,0.0,87.99998,55.664062,0.0,135.47066,188.1896,503.25,542.25,0.017978536,236.09375,0.0,306.03125,79.82713,38.99999,94.30542,0.0,111.65,107.46875,1.1688232,35.549927,86.25488,99.998474,3.6083984,111.47,111.68,110.57,110.69,0
367195.3,0.08387292,0.98929024,0.7142169,0.93842006,101.38195,21.80451,13.684598,5.500334,277.4805,136.85196,26.88,6.558,5.36,16.88,24.845,0.0,90.225586,0.0,0.0,443.25,207.0,3515.0,0.0,-5.6484375,0.6338501,222.84914,19881.102,20000.502,1100.0834,499.89316,60.02362,51.100616,0.0,2.2018833,4.0,63.139343,35.486553,10.124987,8.999989,2.864,0.0,-6.5625,0.34509277,0.0,0.0,0.0,0.0,0.0,0.9794922,0.9970703,59.654236,2.3437505,139.29515,179.24747,0.0,87.99998,58.007812,0.0,139.93161,196.46478,504.0,541.875,-0.14186716,243.53125,0.0,319.0625,79.82713,38.99999,99.02954,0.0,111.63,103.53125,0.0,35.20508,87.46948,99.998474,3.6279297,111.95,111.81,110.78,110.82,0
367195.38,0.10709834,0.9957161,0.75728935,0.9937809,101.38208,21.80451,13.674922,6.5440674,277.3807,136.99734,26.88,6.602,5.36,16.88,24.845,0.0,90.225586,0.0,0.0,441.75,204.0,3520.0,0.0,-4.9453125,0.6669922,233.99326,20090.186,20000.502,1100.0834,499.89316,61.104553,54.597755,0.0,2.0740068,4.0,63.25531,35.471733,7.124991,5.9999924,2.956,0.0,-4.21875,0.32080078,0.0,0.0,0.0,0.0,0.0,0.9814453,0.9902344,60.035706,2.3437505,146.48962,188.60979,0.0,87.99998,59.570312,0.0,146.88841,208.38004,504.375,541.125,-0.2697437,251.65625,0.0,327.6875,79.82713,38.99999,105.841064,0.0,111.78,96.25,0.0,35.1532,89.07471,99.998474,3.6328125,111.77,111.91,110.74,110.92,0
367195.4,0.10567868,1.0357865,0.79794896,1.0585945,101.38136,21.80451,13.656429,7.578573,284.81216,140.70767,26.88,6.638,5.36,16.88,24.845,0.0,90.225586,0.0,0.0,440.625,201.375,3521.0,0.0,-5.046875,0.7052002,246.87035,20056.754,20000.502,1100.0834,499.89316,64.24138,57.353077,0.0,1.9717056,4.0,64.842224,35.458393,4.1249948,3.3749957,3.044,0.0,-2.703125,0.28601074,0.0,0.0,0.0,0.0,0.0,0.984375,0.984375,60.546875,2.3437505,153.61964,200.17151,0.0,87.99998,61.42578,0.0,154.00272,222.62526,505.125,541.125,-0.37204495,261.3125,0.0,342.53125,79.82713,38.99999,111.62109,0.0,112.14,85.8125,0.0,35.1532,91.07056,99.998474,3.6328125,111.98,111.98,111.34,111.03,0
367195.47,0.084542945,1.0705646,0.8422447,1.1302754,101.38072,21.80451,13.655204,8.730408,288.35312,142.74025,26.88,6.678,5.36,16.88,24.845,0.0,90.225586,0.0,0.0,437.625,199.5,3528.0,0.0,-4.9296875,0.7593384,265.54337,20214.363,20000.502,1100.0834,499.89316,66.10652,61.295307,0.0,2.0461144,4.0,65.78674,35.44639,2.9999962,1.4999981,3.18,0.0,-0.828125,0.24725342,0.0,0.0,0.0,0.0,0.0,0.9902344,0.97753906,61.491394,2.3437505,161.55847,213.17383,0.0,87.99998,63.671875,0.0,161.52335,238.63663,505.125,541.125,-0.29763597,270.9375,0.0,361.84375,79.82713,38.99999,117.15698,0.0,112.16,74.1875,0.0,35.1532,93.35327,99.998474,3.6328125,112.47,112.25,111.21,111.16,0
367195.5,0.06763436,1.1219759,0.89553297,1.1978018,101.380974,21.80451,13.648486,10.089567,295.16458,146.73329,26.88,6.719,5.36,16.88,24.845,0.0,90.225586,0.0,0.0,431.25,198.0,3543.0,0.0,-4.9921875,0.7973633,281.24796,20097.615,20000.502,1100.0834,499.89316,72.062256,66.23369,0.0,2.1056416,4.0,68.80188,35.435585,1.1249986,0.0,3.472,0.0,1.3984375,0.24133301,0.0,0.0,0.0,0.0,0.0,0.99121094,0.96875,62.22534,2.3437505,170.92726,225.26912,0.0,87.99998,65.625,0.0,170.81839,253.52863,505.125,541.125,-0.23810878,284.6875,0.0,378.3125,79.82713,38.99999,123.88916,0.0,112.37,72.40625,0.0,35.1532,93.933105,99.998474,3.6328125,112.34,112.55,111.3,111.3,0
367195.53,0.054107487,1.1612904,0.9341323,1.3573561,101.3812,21.80451,13.655502,11.276794,298.6741,148.64557,26.88,6.758,5.36,16.88,24.845,0.0,90.225586,0.0,0.0,426.0,196.125,3547.0,0.0,-4.9140625,0.86901855,308.17957,20163.95,20000.502,1100.0834,499.89316,75.19908,70.53623,0.0,2.1532636,4.0,70.388794,35.42586,0.37499952,-1.8749976,3.696,0.0,2.953125,0.0,0.0,0.0,0.0,0.0,0.0,0.9902344,0.96484375,63.293457,2.3437505,179.11092,256.149,0.0,87.99998,69.921875,0.0,179.78178,280.8997,505.125,541.125,-0.19048703,288.6875,0.0,415.34375,79.82713,38.99999,129.62036,0.0,112.8,0.0,0.0,35.1532,99.998474,99.998474,3.6328125,112.68,112.74,111.81,111.51,0
367195.56,0.06328599,1.2145162,0.99331015,1.4337422,101.38141,21.80451,13.666273,12.946347,305.30817,152.11859,26.88,6.801,5.36,16.88,24.845,0.0,90.225586,0.0,0.0,422.625,195.375,3551.0,0.0,-4.6484375,0.89385986,319.05005,20151.213,20000.502,1100.0834,499.89316,79.33206,75.32625,0.0,2.191361,4.0,72.480774,35.41711,-0.74999905,-2.6249967,3.864,0.0,4.7265625,0.029785156,0.0,0.0,0.0,0.0,0.0,0.98535156,0.9580078,64.3692,2.3437505,190.61917,271.00427,0.0,87.99998,74.02344,0.0,190.5196,280.8997,505.125,540.75,-0.15238963,305.3125,0.0,425.15625,79.82713,38.99999,135.99854,0.0,112.82,8.9375,0.0,35.1532,99.505615,99.998474,3.6279297,113.09,113.01,111.77,111.6,0
367195.6,0.07062879,1.2733065,1.0388944,1.5423018,101.38159,21.80451,13.662094,14.173902,311.8236,155.93369,26.88,6.84,5.36,16.88,24.845,0.0,90.225586,0.0,0.0,417.0,193.875,3564.0,0.0,-4.390625,0.9092407,327.40814,20082.758,20000.502,1100.0834,499.89316,85.35138,80.709724,0.0,2.2218387,4.0,75.061035,35.409233,-2.2499971,-4.1249948,4.104,0.0,5.9296875,0.08642578,0.0,0.0,0.0,0.0,0.0,0.9824219,0.9511719,65.56091,2.3437505,199.08075,291.4275,0.0,87.99998,77.83203,0.0,199.69028,280.8997,504.75,540.375,-0.121911705,316.40625,0.0,434.40625,79.82713,38.99999,142.08374,0.0,113.06,25.9375,0.0,35.1532,98.55957,99.998474,3.6254883,113.01,113.18,111.86,111.91,0
367195.66,0.07650304,1.3155726,1.1069405,1.601096,101.38176,21.80451,13.659169,16.013826,314.8938,157.95502,26.88,6.878,5.36,16.88,24.845,0.0,90.225586,0.0,0.0,412.875,192.375,3575.0,0.0,-4.375,0.923584,334.03323,20039.773,20000.502,1100.0834,499.89316,89.71751,85.097046,0.0,2.246221,4.0,77.26135,35.402145,-3.7499952,-5.624993,4.3,0.0,7.09375,0.1486206,0.0,0.0,0.0,0.0,0.0,0.97753906,0.9453125,66.726685,2.3437505,211.76332,302.71875,0.0,87.99998,81.25,0.0,212.02843,280.8997,505.125,540.375,-0.09752937,325.34375,0.0,439.78125,79.82713,38.99999,149.05396,0.0,113.49,44.59375,0.0,35.1532,97.528076,99.998474,3.6279297,113.54,113.42,112.38,111.91,0
367195.7,0.061202433,1.3887291,1.1669949,1.6011384,101.38108,21.80451,13.651262,17.748404,324.33258,162.91716,26.88,6.919,5.36,16.88,24.845,0.0,90.225586,0.0,0.0,389.625,190.875,3580.0,0.0,-4.25,0.9338379,340.37643,19804.686,20000.502,1100.0834,499.89316,97.70794,90.03543,0.0,2.265727,4.0,81.28815,35.395767,-5.2499933,-7.124991,5.404,0.0,8.125,0.30517578,0.0,0.0,0.0,0.0,0.0,0.9472656,0.9296875,67.90466,2.3437505,223.71889,304.0291,0.0,87.99998,84.08203,0.0,224.30019,280.8997,506.625,540.375,-0.07802349,327.375,0.0,439.875,79.82713,38.99999,155.26123,0.0,113.56,91.5625,0.0,35.1532,92.25464,99.998474,3.6254883,113.77,113.77,112.21,112.16,0
367195.72,0.06896195,1.4742417,1.2407216,1.6011384,101.38047,21.80451,13.657446,19.761211,333.64734,167.877,26.88,6.958,5.36,16.88,24.845,0.0,90.225586,0.0,0.0,383.25,190.125,3586.0,0.0,-4.09375,0.9490967,347.47418,19774.967,20000.502,1100.0834,499.89316,103.578896,94.57111,0.0,2.1250818,4.0,83.73413,35.390026,-6.374992,-7.87499,5.768,0.0,8.7578125,0.47998047,0.0,0.0,0.0,0.0,0.0,0.90625,0.91503906,69.42139,2.3437505,237.59236,304.3503,0.0,87.99998,86.91406,0.0,238.00647,280.8997,507.75,540.0,-0.21866879,349.53125,0.0,439.875,79.82713,38.99999,161.54785,0.0,113.98,144.0,0.0,35.1532,84.49707,99.998474,3.6230469,113.77,113.99,112.68,112.61,0
367195.78,0.05516956,1.5646968,1.3109101,1.6011809,101.37992,21.80451,13.655915,21.662262,342.37646,172.41324,26.88,7.001,5.36,16.88,24.845,0.0,90.225586,0.0,0.0,378.375,189.375,3589.0,0.0,-3.703125,0.96154785,354.42267,19830.688,20000.502,1100.0834,499.89316,107.64829,98.958435,0.0,1.7000655,4.0,85.77576,35.384857,-7.124991,-8.624989,5.992,0.0,9.2109375,0.60339355,0.0,0.0,0.0,0.0,0.0,0.87597656,0.90527344,70.51544,2.3437505,250.69554,304.4861,0.0,87.99998,90.33203,0.0,249.73932,280.8997,507.75,539.625,-0.643685,355.1875,0.0,440.0,79.82713,38.99999,165.7898,0.0,114.17,181.03125,0.0,35.1532,78.90625,99.998474,3.618164,114.36,114.14,112.91,112.68,0
367195.8,0.04413565,1.6196288,1.3797603,1.601308,101.38026,21.80451,13.648984,23.415901,345.15945,174.73485,26.88,7.038,5.36,16.88,24.845,0.0,90.225586,0.0,0.0,372.375,188.25,3608.0,0.0,-3.6171875,0.98223877,364.49713,19945.844,20000.502,1100.0834,499.89316,113.2861,105.82554,0.0,1.0475526,4.0,88.60321,35.455395,-8.2499895,-9.749988,6.252,0.0,9.1796875,0.7131958,0.0,0.0,0.0,0.0,0.0,0.86328125,0.8925781,71.98181,2.3437505,262.7835,303.79816,0.0,87.99998,96.19141,0.0,262.74078,280.8997,507.75,539.625,-1.2961979,367.625,0.0,439.5,79.82713,38.99999,173.4436,0.0,114.23,213.96875,0.0,27.529907,74.468994,99.998474,3.6254883,114.5,114.59,112.91,112.87,0
367195.84,0.03530852,1.6603515,1.4608102,1.601308,101.380554,21.80451,13.649992,25.582298,348.55173,176.6478,26.88,7.078,5.36,16.88,24.845,0.0,90.225586,0.0,0.0,365.25,187.875,3612.0,0.0,-4.3359375,0.99957275,372.20847,20116.72,20000.502,1100.0834,499.89316,116.88921,111.399765,0.0,0.52554226,4.0,90.40985,35.51888,-8.624989,-10.124987,6.564,0.0,9.546875,0.7628174,0.0,0.0,0.0,0.0,0.0,0.8574219,0.8925781,73.59924,2.3437505,277.71655,303.63617,0.0,87.99998,99.90234,0.0,277.47522,280.8997,507.75,540.375,-1.8182082,380.625,0.0,439.5,79.82713,38.99999,180.34668,0.0,114.78,228.84375,0.076293945,8.486938,72.33887,80.83038,3.5351562,114.62,114.77,113.58,113.54,0
367195.88,0.028246818,1.7328906,1.5145376,1.6014775,101.38082,21.80451,13.644838,27.072062,356.4298,181.99075,26.88,7.119,5.36,16.88,24.845,0.0,90.225586,0.0,0.0,355.125,188.25,3639.0,0.0,-4.6796875,1.0162354,381.86838,20116.72,20000.502,1100.0834,499.89316,120.40755,114.98168,0.0,0.107934,4.0,92.04712,35.57601,-8.2499895,-9.749988,6.996,0.0,10.0625,0.7908325,0.0,0.0,0.0,0.0,0.0,0.8652344,0.890625,73.70148,2.3437505,287.9856,304.15735,0.0,87.99998,99.90234,0.0,288.7188,280.8997,507.75,540.75,-2.2358165,400.34375,0.0,439.5,79.82713,38.99999,186.2915,0.0,115.09,237.25,-0.009155273,-4.486084,71.09985,66.41693,3.046875,115.32,115.13,113.64,113.45,0
367195.94,0.022597454,1.7994063,1.5523243,1.6016047,101.381065,21.80451,13.658809,27.886349,361.84207,185.8204,26.88,7.158,5.36,16.88,24.845,0.0,90.225586,0.0,0.0,349.125,188.25,3660.0,0.0,-5.1796875,1.0422363,392.55643,20274.86,20000.502,1100.0834,499.89316,121.91238,118.839134,0.0,-0.06990266,4.0,92.25311,35.627434,-8.2499895,-9.749988,7.212,0.0,10.5,0.7841797,0.0,0.0,0.0,0.0,0.0,0.8828125,0.8876953,73.70148,2.3437505,293.59863,302.67282,0.0,87.99998,99.90234,0.0,294.22455,280.8997,508.125,541.125,-2.4136531,402.0,0.0,439.375,79.82713,38.99999,189.35547,0.0,115.27,235.25,-0.6958008,-16.714478,71.710205,54.039,2.5854492,115.65,115.84,113.73,113.86,0
367195.97,0.018077964,1.9010127,1.5508946,1.6016896,101.38129,21.80451,13.662728,27.864065,372.88275,192.11807,26.88,7.2,5.36,16.88,24.845,0.0,90.225586,0.0,0.0,347.625,188.25,3672.0,0.0,-5.125,1.0527954,396.52817,20240.896,20000.502,1100.0834,499.89316,121.615654,119.580956,0.0,-0.05592203,4.0,92.1051,35.673714,-8.2499895,-9.749988,7.288,0.0,10.8515625,0.78204346,0.0,0.0,0.0,0.0,0.0,0.8984375,0.8876953,73.70148,2.3437505,293.44525,302.86417,0.0,87.99998,99.90234,0.0,293.9841,280.8997,508.125,541.125,-2.3996725,401.40625,0.0,439.375,79.82713,38.99999,188.22021,0.0,115.93,234.625,-1.2145996,-11.349487,71.94824,59.098816,2.2314453,115.97,115.97,114.54,114.41,0
367196.0,0.03446237,2.054155,1.52023,1.6015624,101.381485,21.80451,13.659613,27.165318,388.49,199.23262,26.88,7.239,5.36,16.88,24.845,0.0,90.225586,0.0,0.0,347.625,188.25,3655.0,0.0,-5.15625,1.0462646,394.07382,20218.61,20000.502,1100.0834,499.89316,118.56361,116.82563,0.0,0.11151242,4.0,90.58075,35.715366,-8.2499895,-9.749988,7.272,0.0,10.8984375,0.7791748,0.0,0.0,0.0,0.0,0.0,0.9042969,0.8876953,73.70148,2.3437505,288.62906,303.5556,0.0,87.99998,99.90234,0.0,289.00076,280.8997,508.125,541.125,-2.232238,401.9375,0.0,439.28125,79.82713,38.99999,185.38208,0.0,116.32,233.75,-1.4251709,-9.646606,72.0459,60.68268,2.2070312,116.69,116.4,114.72,114.59,0
367196.03,0.027569896,2.190412,1.4987907,1.6016896,101.38166,21.80451,13.651572,26.548534,398.36496,205.19121,26.88,7.278,5.36,16.88,24.845,0.0,90.225586,0.0,0.0,349.5,188.25,3671.0,0.0,-5.484375,1.0355835,390.04404,20097.615,20000.502,1100.0834,499.89316,118.54241,115.91425,0.0,0.24546003,4.0,90.57007,35.752853,-8.2499895,-9.749988,7.204,0.0,10.9453125,0.8085327,0.0,0.0,0.0,0.0,0.0,0.9091797,0.8876953,73.70148,2.3437505,284.3778,303.20978,0.0,87.99998,99.90234,0.0,284.73877,280.8997,508.125,541.5,-2.0982904,401.21875,0.0,439.28125,79.82713,38.99999,182.67212,0.0,116.39,242.5625,-1.5899658,-5.743408,70.269775,62.565613,2.2265625,116.44,116.78,114.9,115.09,0
367196.1,0.022055916,2.282415,1.4821519,1.6017321,101.38182,21.80451,13.634226,25.982727,403.5337,208.36313,26.88,7.319,5.36,16.88,24.845,0.0,90.225586,0.0,0.0,351.375,188.25,3680.0,0.0,-5.5234375,1.0302124,388.01254,20048.264,20000.502,1100.0834,499.89316,119.0087,115.829475,0.0,0.5088681,4.0,90.26489,35.78659,-8.2499895,-9.749988,7.088,0.0,10.8671875,0.82977295,0.0,0.0,0.0,0.0,0.0,0.9091797,0.8857422,73.70148,2.3437505,280.47794,302.29153,0.0,87.99998,99.90234,0.0,281.1982,280.8997,508.125,541.5,-1.8348824,395.9375,0.0,439.28125,79.82713,38.99999,180.85327,0.0,117.06,248.9375,-1.6082764,0.81481934,69.06128,67.915344,2.3095703,116.78,116.73,115.55,115.42,0
367196.12,0.017644733,2.319216,1.4577436,1.6016896,101.381966,21.80451,13.633801,25.396431,403.6823,208.15666,26.88,7.358,5.36,16.88,24.845,0.0,90.225586,0.0,0.0,352.125,188.25,3675.0,0.0,-5.6328125,1.0266724,386.69415,20027.037,20000.502,1100.0834,499.89316,117.143555,113.75239,0.0,0.7195946,4.0,89.871216,35.816956,-8.2499895,-9.749988,7.052,0.0,10.8515625,0.8239136,0.0,0.0,0.0,0.0,0.0,0.9033203,0.8876953,73.70148,2.3437505,276.4368,302.95016,0.0,87.99998,99.90234,0.0,276.8119,280.8997,508.125,541.5,-1.6241559,390.0,0.0,439.28125,79.82713,38.99999,178.8208,0.0,117.2,247.1875,-1.3763428,4.0771484,69.37866,71.73309,2.4316406,117.45,117.2,115.61,115.51,0
367196.16,0.014115787,2.3339365,1.4502686,1.6018591,101.382095,21.80451,13.633505,25.048985,403.60583,209.64624,26.88,7.4,5.36,16.88,24.845,0.0,90.225586,0.0,0.0,352.5,188.25,3702.0,0.0,-5.71875,1.0252686,386.16348,20027.037,20000.502,1100.0834,499.89316,117.31311,113.92194,0.0,0.8881757,4.0,89.42261,35.844284,-8.2499895,-9.749988,7.012,0.0,10.1484375,0.8529053,0.0,0.0,0.0,0.0,0.0,0.8964844,0.8857422,73.70148,2.3437505,274.04202,301.7718,0.0,87.99998,99.90234,0.0,274.68088,280.8997,508.125,541.875,-1.4555748,381.59375,0.0,439.28125,79.82713,38.99999,178.06396,0.0,117.2,255.875,-1.0284424,7.788086,67.785645,74.19891,2.5585938,117.41,117.59,115.79,115.88,0
367196.2,0.01129263,2.3210747,1.4466615,1.6018591,101.38221,21.80451,13.627438,24.95799,401.54343,208.34961,26.88,7.439,5.36,16.88,24.845,0.0,90.225586,0.0,0.0,352.5,188.25,3698.0,0.0,-5.828125,1.0249634,386.0474,20005.28,20000.502,1100.0834,499.89316,116.27457,112.62907,0.0,0.86679065,4.0,88.90686,35.868877,-8.2499895,-9.749988,6.972,0.0,10.078125,0.8491211,0.0,0.0,0.0,0.0,0.0,0.88964844,0.8857422,73.70148,2.3437505,273.41492,301.69684,0.0,87.99998,99.90234,0.0,273.9429,280.8997,508.125,541.875,-1.4769598,379.25,0.0,439.28125,79.82713,38.99999,177.81372,0.0,117.94,254.75,-0.67749023,7.940674,67.993164,74.83063,2.6708984,117.83,117.77,116.4,116.08,0
367196.25,0.029034104,2.29718,1.4459853,1.6019015,101.38232,21.80451,13.623191,24.897106,399.1678,207.78905,26.88,7.478,5.36,16.88,24.845,0.0,90.225586,0.0,0.0,353.25,188.25,3710.0,0.0,-5.8671875,1.022583,385.14362,20056.754,20000.502,1100.0834,499.89316,116.25337,113.201324,0.0,0.84968257,4.0,88.89618,35.891014,-7.87499,-9.749988,6.94,0.0,10.1328125,0.854126,0.0,0.0,0.0,0.0,0.0,0.88671875,0.8857422,73.70148,2.3437505,272.99536,301.5155,0.0,87.99998,99.90234,0.0,273.67758,280.8997,508.125,541.875,-1.4940679,380.09375,0.0,439.375,79.82713,38.99999,177.92358,0.0,117.87,256.25,-0.37841797,8.111572,67.73071,75.04425,2.7563477,118.22,118.08,116.27,116.45,0
367196.28,0.043227285,2.3063722,1.4471949,1.6019439,101.38241,21.80451,13.60264,24.92681,401.87006,209.47766,26.88,7.519,5.36,16.88,24.845,0.0,90.225586,0.0,0.0,352.875,188.625,3715.0,0.0,-5.734375,1.0279541,387.16678,20056.754,20000.502,1100.0834,499.89316,115.70231,112.671455,0.0,0.83599615,4.0,88.48572,35.910934,-7.87499,-9.374988,6.952,0.0,10.65625,0.8555298,0.0,0.0,0.0,0.0,0.0,0.88183594,0.8828125,73.70148,2.3437505,273.2002,301.46252,0.0,87.99998,99.90234,0.0,273.71902,280.8997,508.5,541.875,-1.5077543,385.34375,0.0,439.28125,79.82713,38.99999,178.10059,0.0,118.23,256.65625,-0.14648438,8.276367,67.63916,75.3006,2.788086,118.27,118.5,116.65,116.73,0
367196.3,0.05458183,2.272549,1.4599707,1.602071,101.38249,21.80451,13.62341,25.166334,397.06183,208.19699,26.88,7.558,5.36,16.88,24.845,0.0,90.225586,0.0,0.0,352.5,188.625,3737.0,0.0,-5.6875,1.0336304,389.30606,20035.527,20000.502,1100.0834,499.89316,117.80059,114.55779,0.0,0.825047,4.0,89.52789,35.928864,-7.87499,-9.374988,6.964,0.0,11.1484375,0.86572266,0.0,0.0,0.0,0.0,0.0,0.8798828,0.8828125,73.70148,2.3437505,274.8513,300.658,0.0,87.99998,99.90234,0.0,275.44373,280.8997,508.5,541.875,-1.5187035,387.65625,0.0,439.28125,79.82713,38.99999,179.26636,0.0,118.58,259.71875,0.015258789,5.5511475,67.04712,72.02911,2.7978516,118.59,118.46,117.23,116.96,0
367196.34,0.08366546,2.2402697,1.4661313,1.6020287,101.38257,21.80451,13.63795,25.387728,394.83102,206.7503,26.88,7.605,5.36,16.88,24.845,0.0,90.225586,0.0,0.0,350.625,188.625,3732.0,0.0,-5.8671875,1.0394897,391.51996,20133.701,20000.502,1100.0834,499.89316,115.95664,113.90075,0.0,0.81628764,4.0,88.61084,35.945,-7.87499,-9.374988,7.012,0.0,11.1171875,0.8555298,0.0,0.0,0.0,0.0,0.0,0.8769531,0.8828125,73.70148,2.3437505,276.3774,301.05695,0.0,87.99998,99.90234,0.0,276.93625,280.8997,508.5,541.875,-1.5274628,389.5,0.0,439.28125,79.82713,38.99999,179.92554,0.0,118.95,256.65625,0.13122559,3.289795,67.60254,70.46356,2.7954102,119.23,118.99,117.11,117.16,0
367196.4,0.10693237,2.2461078,1.4776133,1.6021134,101.38264,21.80451,13.642268,25.632925,397.39005,208.81517,26.88,7.639,5.36,16.88,24.845,0.0,90.225586,0.0,0.0,349.5,188.625,3745.0,0.0,-5.8359375,1.0460205,393.9826,20010.055,20000.502,1100.0834,499.89316,119.02989,115.59634,0.0,0.65303016,4.0,89.616394,35.959522,-7.87499,-9.374988,7.044,0.0,11.2421875,0.85736084,0.0,0.0,0.0,0.0,0.0,0.8779297,0.8798828,73.70148,2.3437505,278.0676,300.65436,0.0,87.99998,99.90234,0.0,278.66095,280.8997,508.5,541.875,-1.6907203,392.96875,0.0,439.1875,79.82713,38.99999,180.87769,0.0,118.95,257.21875,0.20446777,1.2054443,67.474365,68.25104,2.7783203,119.06,119.4,117.41,117.54,0
367196.44,0.1455459,2.2296932,1.4851531,1.6021982,101.3827,21.80451,13.65115,25.7848,395.06503,208.31407,26.88,7.678,5.36,16.88,24.845,0.0,90.225586,0.0,0.0,348.375,188.625,3758.0,0.0,-5.84375,1.0508423,395.79852,19916.656,20000.502,1100.0834,499.89316,120.64069,116.1474,0.0,0.5224242,4.0,90.4129,35.97259,-7.87499,-9.374988,7.08,0.0,11.2890625,0.8602905,0.0,0.0,0.0,0.0,0.0,0.87890625,0.8798828,73.70148,2.3437505,279.1145,300.344,0.0,87.99998,99.90234,0.0,279.67255,280.8997,508.5,541.875,-1.8213263,394.78125,0.0,439.09375,79.82713,38.99999,181.51855,0.0,119.52,258.09375,0.23803711,-0.11291504,67.28516,66.752625,2.7197266,119.31,119.4,118.08,117.7,0
367196.47,0.17643672,2.2043772,1.4990716,1.602283,101.38275,21.80451,13.651507,26.029877,392.72662,207.90761,26.88,7.719,5.36,16.88,24.845,0.0,90.225586,0.0,0.0,347.25,188.625,3773.0,0.0,-5.84375,1.0612793,399.72052,19907.635,20000.502,1100.0834,499.89316,121.997154,117.37669,0.0,0.41793942,4.0,91.08429,35.984356,-7.87499,-9.374988,7.16,0.0,11.8671875,0.86187744,0.0,0.0,0.0,0.0,0.0,0.8798828,0.8798828,73.70148,2.3437505,280.80386,299.52975,0.0,87.99998,99.90234,0.0,281.27283,280.8997,508.5,541.875,-1.925811,397.875,0.0,439.09375,79.82713,38.99999,182.33032,0.0,119.71,258.5625,0.21972656,-0.97351074,67.144775,65.69672,2.6611328,119.84,119.94,118.02,118.03,0
367196.5,0.22114938,2.1942508,1.4956474,1.6024101,101.382805,21.80451,13.663477,25.83629,392.75708,208.75037,26.88,7.759,5.36,16.88,24.845,0.0,90.225586,0.0,0.0,345.0,188.625,3788.0,0.0,-5.9375,1.0701294,403.0455,19916.125,20000.502,1100.0834,499.89316,120.83144,116.21098,0.0,0.33435178,4.0,90.382385,35.99494,-7.87499,-9.374988,7.196,0.0,11.8203125,0.86309814,0.0,0.0,0.0,0.0,0.0,0.87597656,0.8779297,73.70148,2.3437505,279.46954,298.61664,0.0,87.99998,99.90234,0.0,279.714,280.8997,508.5,541.875,-2.0093987,397.03125,0.0,438.875,79.82713,38.99999,182.05566,0.0,119.93,258.9375,0.25634766,2.0568848,67.02881,68.507385,2.5927734,120.16,120.43,118.25,118.37,0
367196.56,0.21691951,2.1902003,1.4924284,1.6023679,101.38285,21.80451,13.665997,25.820656,393.15726,208.85272,26.88,7.801,5.36,16.88,24.845,0.0,90.225586,0.0,0.0,344.25,189.0,3786.0,0.0,-6.0,1.0737305,404.39706,19877.387,20000.502,1100.0834,499.89316,122.12433,117.03758,0.0,0.26748157,4.0,91.02173,36.00447,-7.87499,-8.999989,7.204,0.0,11.8984375,0.8527832,0.0,0.0,0.0,0.0,0.0,0.8779297,0.8779297,73.70148,2.3437505,279.36182,299.29117,0.0,87.99998,99.90234,0.0,279.87152,280.8997,508.875,541.875,-2.076269,401.65625,0.0,439.1875,79.82713,38.99999,181.98242,0.0,120.75,255.84375,0.28076172,0.869751,67.66968,67.99164,2.5756836,120.66,120.64,118.64,118.76,0
367196.6,0.23353562,2.2260802,1.4916995,1.6025374,101.38289,21.80451,13.656041,25.661316,397.77148,212.86664,26.88,7.839,5.36,16.88,24.845,0.0,90.225586,0.0,0.0,343.5,189.0,3814.0,0.0,-6.0703125,1.0752563,404.97748,19862.527,20000.502,1100.0834,499.89316,122.548225,116.71966,0.0,0.21398544,4.0,90.69672,36.013046,-7.4999905,-8.999989,7.204,0.0,11.828125,0.87768555,0.0,0.0,0.0,0.0,0.0,0.87597656,0.875,73.70148,2.3437505,278.26355,298.1598,0.0,87.99998,99.90234,0.0,278.7853,280.8997,508.5,542.25,-2.129765,399.4375,0.0,439.09375,79.82713,38.99999,181.70776,0.0,121.03,263.3125,0.34484863,1.6937256,66.07666,67.22565,2.5732422,120.96,120.86,118.72,118.81,0
367196.62,0.22682849,2.2591822,1.486993,1.6025374,101.38293,21.80451,13.666651,25.536776,400.5698,214.30794,26.88,7.878,5.36,16.88,24.845,0.0,90.225586,0.0,0.0,345.75,189.0,3813.0,0.0,-6.0390625,1.074646,404.7453,19916.125,20000.502,1100.0834,499.89316,122.633,117.20714,0.0,0.1711886,4.0,90.737915,36.020763,-7.4999905,-8.999989,7.128,0.0,12.1015625,0.8800049,0.0,0.0,0.0,0.0,0.0,0.8779297,0.875,73.70148,2.3437505,277.40515,298.07224,0.0,87.99998,99.90234,0.0,277.981,280.8997,508.875,542.25,-2.172562,397.0625,0.0,439.09375,79.82713,38.99999,181.31714,0.0,120.95,264.0,0.5004883,2.1362305,65.930176,67.68341,2.578125,121.22,121.31,119.23,119.1,0
367196.7,0.2414628,2.272423,1.4781044,1.6024525,101.38296,21.80451,13.65064,25.40519,401.09717,213.80219,26.88,7.919,5.36,16.88,24.845,0.0,90.225586,0.0,0.0,343.5,189.0,3799.0,0.0,-6.140625,1.0743408,404.6458,19894.37,20000.502,1100.0834,499.89316,121.276535,115.3208,0.0,0.13695097,4.0,90.60211,36.02771,-7.4999905,-8.999989,7.2,0.0,12.2265625,0.8629761,0.0,0.0,0.0,0.0,0.0,0.87597656,0.8779297,73.70148,2.3437505,276.49817,298.81332,0.0,87.99998,99.90234,0.0,276.97772,280.8997,508.875,542.25,-2.2067995,396.3125,0.0,439.1875,79.82713,38.99999,180.75562,0.0,121.35,258.90625,0.68359375,3.5125732,67.022705,70.32318,2.5830078,121.22,121.64,119.67,119.46,0
367196.75,0.23317024,2.2964692,1.4835422,1.6026646,101.38299,21.80451,13.651151,25.345633,403.21503,216.7981,26.88,7.958,5.36,16.88,24.845,0.0,90.225586,0.0,0.0,344.625,189.0,3832.0,0.0,-6.25,1.0756836,405.1433,20023.322,20000.502,1100.0834,499.89316,120.979805,116.44412,0.0,0.10956097,4.0,89.923096,36.033962,-7.4999905,-8.999989,7.144,0.0,12.2421875,0.88964844,0.0,0.0,0.0,0.0,0.0,0.87597656,0.875,73.70148,2.3437505,276.08768,297.2979,0.0,87.99998,99.90234,0.0,276.69577,280.8997,508.875,542.25,-2.2341895,390.8125,0.0,438.875,79.82713,38.99999,181.03638,0.0,121.53,266.90625,0.82702637,3.6590576,65.30762,68.80646,2.590332,121.67,121.4,119.6,119.84,0
367196.78,0.22653618,2.2685876,1.4778281,1.6026646,101.38302,21.80451,13.651508,25.20423,398.65527,214.45831,26.88,8.0,5.36,16.88,24.845,0.0,90.225586,0.0,0.0,343.5,189.0,3834.0,0.0,-6.2734375,1.0844727,408.45172,19975.56,20000.502,1100.0834,499.89316,120.68308,115.638725,0.0,0.08764887,4.0,89.77814,36.03959,-7.4999905,-8.999989,7.156,0.0,12.265625,0.8809204,0.0,0.0,0.0,0.0,0.0,0.87109375,0.875,73.70148,2.3437505,275.11304,297.49573,0.0,87.99998,99.90234,0.0,275.60956,280.8997,508.875,542.25,-2.2561016,389.1875,0.0,439.09375,79.82713,38.99999,180.59692,0.0,121.83,264.28125,0.98876953,6.021118,65.802,71.80023,2.5927734,122.22,121.99,119.9,120.37,0
367196.8,0.26122895,2.257435,1.4764248,1.6027068,101.38304,21.80451,13.64004,25.105696,399.10007,214.92157,26.88,8.039,5.36,16.88,24.845,0.0,90.225586,0.0,0.0,345.75,189.0,3838.0,0.0,-6.0625,1.0824585,407.68887,19975.56,20000.502,1100.0834,499.89316,120.38635,115.341995,0.0,0.07011914,4.0,89.63165,36.044655,-7.4999905,-8.999989,7.076,0.0,12.2265625,0.8869629,0.0,0.0,0.0,0.0,0.0,0.8691406,0.875,73.70148,2.3437505,274.43387,297.02603,0.0,87.99998,99.90234,0.0,274.88818,280.8997,508.875,542.25,-2.2736313,388.71875,0.0,439.0,79.82713,38.99999,180.52368,0.0,122.12,266.09375,1.1688232,6.536865,65.41748,72.099304,2.6171875,121.99,122.27,120.51,120.41,0
367196.84,0.26898316,2.2717242,1.4733802,1.6027492,101.383064,21.80451,13.637872,24.973907,401.60327,216.72038,26.88,8.078,5.36,16.88,24.845,0.0,90.225586,0.0,0.0,345.0,189.0,3846.0,0.0,-5.90625,1.0836182,408.12836,19962.824,20000.502,1100.0834,499.89316,120.789055,115.59634,0.0,0.05609536,4.0,89.30359,36.049213,-7.4999905,-8.999989,7.1,0.0,12.28125,0.8895874,0.0,0.0,0.0,0.0,0.0,0.8691406,0.8730469,73.70148,2.3437505,273.52548,296.50708,0.0,87.99998,99.90234,0.0,274.11703,280.8997,508.875,541.875,-2.287655,381.90625,0.0,438.875,79.82713,38.99999,180.13916,0.0,122.49,266.875,1.4587402,8.178711,65.24048,73.84796,2.644043,122.45,122.39,120.6,120.64,0
367196.88,0.29518652,2.2774398,1.4778547,1.6028764,101.38309,21.80451,13.612916,25.000822,401.5002,217.84781,26.88,8.119,5.36,16.88,24.845,0.0,90.225586,0.0,0.0,343.875,189.0,3867.0,0.0,-5.84375,1.0878296,409.72864,19916.125,20000.502,1100.0834,499.89316,121.467285,115.7235,0.0,0.044876337,4.0,89.63623,36.053314,-7.4999905,-8.999989,7.104,0.0,12.1484375,0.8930054,0.0,0.0,0.0,0.0,0.0,0.8671875,0.8730469,73.70148,2.3437505,273.71103,295.9889,0.0,87.99998,99.90234,0.0,274.19998,280.8997,508.875,541.875,-2.2988741,382.46875,0.0,439.1875,79.82713,38.99999,180.45654,0.0,122.58,267.90625,1.7059326,7.8552246,64.97803,73.4848,2.6904297,123.09,122.76,120.77,120.95,0
367196.94,0.29614922,2.2422261,1.4764522,1.6028341,101.3831,21.80451,13.624744,25.017626,397.34872,215.20502,26.88,8.158,5.36,16.88,24.845,0.0,90.225586,0.0,0.0,344.25,189.0,3860.0,0.0,-5.859375,1.0908813,410.85632,19937.354,20000.502,1100.0834,499.89316,121.14937,115.65992,0.0,0.035901308,4.0,89.48059,36.057007,-7.4999905,-8.999989,7.072,0.0,12.1328125,0.892395,0.0,0.0,0.0,0.0,0.0,0.8652344,0.8730469,73.70148,2.3437505,273.82687,296.37766,0.0,87.99998,99.90234,0.0,274.3409,280.8997,508.875,541.875,-2.3078492,382.6875,0.0,439.1875,79.82713,38.99999,180.45654,0.0,122.96,267.71875,1.9348145,7.522583,64.98413,73.36273,2.722168,122.9,123.37,121.4,121.4,0
367196.97,0.2769194,2.2281406,1.4887314,1.6030037,101.38312,21.80451,13.627165,25.134375,396.89844,216.7432,26.88,8.2,5.36,16.88,24.845,0.0,90.225586,0.0,0.0,344.25,189.375,3892.0,0.0,-5.8828125,1.0991211,413.96573,19920.371,20000.502,1100.0834,499.89316,121.25534,115.55395,0.0,-0.1275289,4.0,89.009094,36.06033,-7.124991,-8.624989,7.08,0.0,12.3359375,0.9022827,0.0,0.0,0.0,0.0,0.0,0.86328125,0.8701172,73.70148,2.3437505,274.63162,294.86157,0.0,87.99998,99.90234,0.0,275.0872,280.8997,508.875,541.875,-2.4712794,387.96875,0.0,438.78125,79.82713,38.99999,181.2561,0.0,123.31,270.6875,2.0996094,5.7800293,64.22119,70.97931,2.7294922,123.32,123.09,121.45,121.36,0
367197.0,0.2815355,2.2037563,1.4942322,1.6029612,101.38313,21.80451,13.634718,25.31736,394.6234,214.89175,26.88,8.239,5.36,16.88,24.845,0.0,90.225586,0.0,0.0,342.75,189.375,3881.0,0.0,-6.0,1.1046143,416.0304,19847.67,20000.502,1100.0834,499.89316,123.39601,116.359344,0.0,-0.2582729,4.0,90.05432,36.06332,-7.124991,-8.624989,7.136,0.0,12.2890625,0.90112305,0.0,0.0,0.0,0.0,0.0,0.8652344,0.8701172,73.70148,2.3437505,275.89294,295.04922,0.0,87.99998,99.90234,0.0,276.45532,280.8997,509.25,541.875,-2.6020234,390.09375,0.0,439.09375,79.82713,38.99999,181.74438,0.0,123.6,270.34375,2.230835,3.817749,64.2395,69.16046,2.7294922,123.83,123.59,121.4,121.72,0
367197.06,0.26522842,2.1940026,1.506428,1.6030884,101.38315,21.80451,13.6458645,25.501844,394.86923,216.63235,26.88,8.278,5.36,16.88,24.845,0.0,90.225586,0.0,0.0,340.5,189.375,3910.0,0.0,-6.1484375,1.1134033,419.35538,19847.67,20000.502,1100.0834,499.89316,124.51934,117.20714,0.0,-0.3628683,4.0,90.068054,36.06601,-7.124991,-8.624989,7.192,0.0,12.4375,0.90875244,0.0,0.0,0.0,0.0,0.0,0.8652344,0.86816406,73.70148,2.3437505,277.16458,294.5866,0.0,87.99998,99.90234,0.0,277.61615,280.8997,509.25,542.25,-2.7066188,390.59375,0.0,439.0,79.82713,38.99999,182.4768,0.0,123.76,272.625,2.3162842,2.1850586,63.598633,66.93573,2.7197266,124.07,124.16,122.03,122.25,0
367197.1,0.27218273,2.1901011,1.5089571,1.6030884,101.383156,21.80451,13.647808,25.608955,395.1586,216.34753,26.88,8.319,5.36,16.88,24.845,0.0,90.225586,0.0,0.0,339.75,189.375,3902.0,0.0,-6.15625,1.1209106,422.18286,19774.967,20000.502,1100.0834,499.89316,126.17253,117.46147,0.0,-0.44654465,4.0,91.41083,35.993244,-7.124991,-8.624989,7.204,0.0,12.5078125,0.8935547,0.0,0.0,0.0,0.0,0.0,0.8623047,0.8701172,73.70148,2.3437505,277.9029,294.5988,0.0,87.99998,99.90234,0.0,278.33755,280.8997,509.25,542.25,-2.7902951,390.34375,0.0,439.0,79.82713,38.99999,183.02612,0.0,124.25,268.0625,2.3773193,0.8911133,64.60571,66.685486,2.692871,124.25,124.39,122.3,122.22,0
367197.12,0.2577462,2.2072906,1.5177956,1.6031733,101.38316,21.80451,13.655028,25.671535,397.3589,218.44424,26.88,8.358,5.36,16.88,24.845,0.0,90.225586,0.0,0.0,339.75,189.375,3918.0,0.0,-6.359375,1.1246338,423.57587,19901.268,20000.502,1100.0834,499.89316,125.96058,118.01254,0.0,-0.51348567,4.0,90.76843,35.927753,-7.124991,-8.624989,7.2,0.0,12.6875,0.9006958,0.0,0.0,0.0,0.0,0.0,0.86035156,0.86816406,73.70148,2.3437505,278.33426,293.3289,0.0,87.99998,99.90234,0.0,278.85992,280.8997,509.25,542.25,-2.8572361,390.3125,0.0,440.0,79.82713,38.99999,184.0393,0.0,124.6,270.21875,2.407837,0.22277832,64.05029,65.486145,2.6660156,124.72,124.49,122.17,122.48,0
367197.16,0.26619694,2.2329164,1.5238576,1.6033003,101.38317,21.80451,13.660082,25.75939,400.14563,220.98685,26.88,8.4,5.36,16.88,24.845,0.0,90.225586,0.0,0.0,337.125,189.375,3936.0,0.0,-6.3828125,1.1323242,426.478,19791.95,20000.502,1100.0834,499.89316,128.56754,118.54241,0.0,-0.56703854,4.0,91.91284,35.868813,-7.124991,-8.624989,7.288,0.0,13.71875,0.9012451,0.0,0.0,0.0,0.0,0.0,0.86328125,0.8652344,73.70148,2.3437505,278.93985,292.8031,0.0,87.99998,99.90234,0.0,279.42377,280.8997,509.25,542.625,-2.910789,389.4375,0.0,440.0,79.82713,38.99999,184.85718,0.0,124.81,270.375,2.4719238,0.0,63.928223,65.18097,2.6293945,125.02,124.96,122.76,122.86,0
367197.2,0.25295755,2.2244167,1.5254713,1.603258,101.38318,21.80451,13.66362,25.791656,397.97348,219.61972,26.88,8.439,5.36,16.88,24.845,0.0,90.225586,0.0,0.0,337.125,189.375,3933.0,0.0,-6.0625,1.1381836,428.6919,19762.762,20000.502,1100.0834,499.89316,129.60608,118.71197,0.0,-0.6098807,4.0,92.53998,35.815765,-7.124991,-8.624989,7.264,0.0,13.6015625,0.8895874,0.0,0.0,0.0,0.0,0.0,0.8623047,0.86816406,73.70148,2.3437505,279.16226,292.71216,0.0,87.99998,99.90234,0.0,279.50668,280.8997,509.25,542.25,-2.9536312,389.0625,0.0,440.0,79.82713,38.99999,184.78394,0.0,125.17,266.875,2.5482178,-0.09765625,64.73389,65.93475,2.5927734,124.91,125.25,123.26,122.99,0
367197.25,0.28236604,2.2585168,1.5203874,1.6033003,101.38319,21.80451,13.666097,25.658676,402.94205,222.70082,26.88,8.478,5.36,16.88,24.845,0.0,90.225586,0.0,0.0,336.75,189.375,3939.0,0.0,-6.21875,1.1386108,428.84943,20042.957,20000.502,1100.0834,499.89316,126.59643,118.62719,0.0,-0.64415455,4.0,90.95459,35.768024,-7.124991,-8.624989,7.292,0.0,12.953125,0.89282227,0.0,0.0,0.0,0.0,0.0,0.8613281,0.8652344,73.70148,2.3437505,278.24564,292.74802,0.0,87.99998,99.90234,0.0,278.74384,280.8997,509.25,542.25,-2.987905,383.53125,0.0,439.78125,79.82713,38.99999,184.39941,0.0,125.44,267.84375,2.6245117,1.0742188,64.48364,66.93268,2.5878906,125.63,125.12,123.18,123.37,0
367197.28,0.34589282,2.2721567,1.5212723,1.6033851,101.383194,21.80451,13.644393,25.64297,403.11407,223.47464,26.88,8.519,5.36,16.88,24.845,0.0,90.225586,0.0,0.0,337.875,189.375,3951.0,0.0,-6.0625,1.1397095,429.24744,19984.582,20000.502,1100.0834,499.89316,126.63882,118.076126,0.0,-0.82782364,4.0,90.97443,35.725056,-7.124991,-8.624989,7.244,0.0,13.0703125,0.89990234,0.0,0.0,0.0,0.0,0.0,0.85839844,0.8652344,73.70148,2.3437505,278.1374,292.4781,0.0,87.99998,99.90234,0.0,278.5863,280.8997,509.25,542.25,-3.171574,383.75,0.0,440.09375,79.82713,39.19999,184.48486,0.0,125.56,269.96875,2.7130127,0.3753662,63.934326,65.77301,2.590332,125.93,125.59,123.51,123.79,0
367197.3,0.41671425,2.2776127,1.5196972,1.6033851,101.3832,21.80451,13.6526375,25.537453,403.60815,223.80516,26.88,8.558,5.36,16.88,24.845,0.0,90.225586,0.0,0.0,337.125,189.375,3952.0,0.0,-5.890625,1.1435547,430.6985,19979.807,20000.502,1100.0834,499.89316,127.04152,118.41524,0.0,-0.97475886,4.0,91.16974,35.686386,-7.124991,-8.624989,7.224,0.0,13.109375,0.8955078,0.0,0.0,0.0,0.0,0.0,0.859375,0.8652344,73.70148,2.3437505,277.4101,291.991,0.0,87.99998,99.90234,0.0,277.85663,280.8997,509.25,541.875,-3.3185093,383.09375,0.0,440.1875,79.82713,39.379993,184.09424,0.0,125.75,268.65625,2.8503418,1.864624,64.227295,67.68646,2.5976562,125.73,125.97,124.11,124.02,0
367197.38,0.51337135,2.261045,1.5211715,1.6034698,101.38321,21.80451,13.652549,25.541115,401.1604,222.95445,26.88,8.602,5.36,16.88,24.845,0.0,90.225586,0.0,0.0,337.5,189.75,3961.0,0.0,-6.234375,1.1431885,430.57413,19890.123,20000.502,1100.0834,499.89316,127.931694,118.28807,0.0,-1.0923071,4.0,91.60309,35.651585,-6.7499914,-8.2499895,7.232,0.0,13.53125,0.9017334,0.0,0.0,0.0,0.0,0.0,0.85839844,0.8535156,73.70148,2.3437505,277.43533,291.91898,0.0,87.99998,99.90234,0.0,277.981,280.8997,509.25,542.25,-3.4360576,387.21875,0.0,440.0,79.82713,39.541996,184.25293,0.0,126.03,270.53125,3.012085,3.2073975,63.76953,68.73932,2.5878906,125.93,126.17,124.16,124.11,0
367197.4,0.61069703,2.2356682,1.5232327,1.6035547,101.38322,21.80451,13.634909,25.506998,398.62842,222.38623,26.88,8.639,5.36,16.88,24.845,0.0,90.225586,0.0,0.0,334.125,189.75,3976.0,0.0,-6.3984375,1.1499023,433.1031,19894.37,20000.502,1100.0834,499.89316,129.56369,119.962456,0.0,-1.1863456,4.0,91.874695,35.620262,-6.7499914,-8.2499895,7.344,0.0,13.578125,0.9061279,0.0,0.0,0.0,0.0,0.0,0.86035156,0.8535156,73.70148,2.3437505,277.20016,291.0739,0.0,87.99998,99.90234,0.0,277.65762,280.8997,509.625,542.625,-3.530096,386.375,0.0,440.0,79.82713,39.687798,184.77173,0.0,126.28,271.84375,3.100586,1.5777588,63.38501,66.81366,2.5927734,126.65,126.41,124.21,124.68,0
367197.44,0.6885576,2.2067673,1.5219787,1.6036395,101.383224,21.80451,13.640139,25.310724,396.763,222.45895,26.88,8.678,5.36,16.88,24.845,0.0,90.225586,0.0,0.0,334.125,189.75,3996.0,0.0,-5.671875,1.1542969,434.74487,19964.947,20000.502,1100.0834,499.89316,128.7159,119.85648,0.0,-1.2615764,4.0,91.46423,35.59207,-6.7499914,-8.2499895,7.324,0.0,13.421875,0.9133301,0.0,0.0,0.0,0.0,0.0,0.8535156,0.8535156,73.70148,2.3437505,275.8473,289.95612,0.0,87.99998,99.90234,0.0,276.09045,280.8997,509.625,542.25,-3.605327,385.21875,0.0,439.875,79.82713,39.81902,184.5581,0.0,126.59,274.0,3.2562256,5.227661,62.8479,70.08209,2.6000977,127.24,126.89,125.06,125.06,0
367197.47,0.7508461,2.213957,1.5169154,1.603597,101.383224,21.80451,13.626222,25.249674,399.42117,223.33287,26.88,8.719,5.36,16.88,24.845,0.0,90.225586,0.0,0.0,333.375,189.75,3985.0,0.0,-5.8203125,1.1582031,436.2291,19822.197,20000.502,1100.0834,499.89316,129.9452,119.07228,0.0,-1.3217611,4.0,92.059326,35.5667,-6.7499914,-8.2499895,7.336,0.0,13.1953125,0.8939209,0.0,0.0,0.0,0.0,0.0,0.84765625,0.85546875,73.70148,2.3437505,275.42648,290.37683,0.0,87.99998,99.90234,0.0,275.85004,280.8997,509.625,541.875,-3.6655116,385.34375,0.0,440.09375,79.82713,39.93712,183.87451,0.0,127.06,268.1875,3.427124,5.215454,64.19678,71.54083,2.602539,126.75,127.19,125.21,125.12,0
367197.53,0.8006769,2.2355828,1.5155184,1.6036395,101.383224,21.80451,13.61648,25.238039,401.43405,225.8665,26.88,8.758,5.36,16.88,24.845,0.0,90.225586,0.0,0.0,334.5,190.125,4010.0,0.0,-6.4453125,1.1551514,435.08484,19894.37,20000.502,1100.0834,499.89316,128.88547,118.62719,0.0,-1.3699088,4.0,91.02173,35.543865,-6.7499914,-7.87499,7.312,0.0,13.4453125,0.91259766,0.0,0.0,0.0,0.0,0.0,0.8486328,0.8574219,73.70148,2.3437505,275.34628,290.6315,0.0,87.99998,99.90234,0.0,275.49347,280.8997,509.625,542.625,-3.7136593,385.5,0.0,439.875,79.82713,40.043407,184.41772,0.0,127.32,273.78125,3.5858154,6.7199707,62.88452,71.910095,2.6367188,127.1,127.1,125.02,125.5,0
367197.56,0.8205415,2.2067332,1.5180056,1.6036818,101.383224,21.80451,13.6155205,25.2548,397.19092,223.14471,26.88,8.801,5.36,16.88,24.845,0.0,90.225586,0.0,0.0,333.375,190.125,4004.0,0.0,-6.46875,1.163147,438.08646,19828.564,20000.502,1100.0834,499.89316,130.15715,118.796745,0.0,-1.408427,4.0,91.63513,35.52331,-6.7499914,-7.87499,7.288,0.0,13.515625,0.8955078,0.0,0.0,0.0,0.0,0.0,0.8486328,0.8466797,73.70148,2.3437505,275.46182,290.1673,0.0,87.99998,99.90234,0.0,275.8583,280.8997,509.625,542.625,-3.7521775,389.1875,0.0,440.1875,79.82713,40.13907,184.58862,0.0,127.34,268.65625,3.717041,5.368042,64.019775,71.81244,2.65625,127.79,127.59,125.59,125.88,0
367197.6,0.7964332,2.1764433,1.5196335,1.603597,101.383224,21.80451,13.626567,25.32201,394.9168,222.86452,26.88,8.839,5.36,16.88,24.845,0.0,90.225586,0.0,0.0,334.125,190.125,4022.0,0.0,-6.2734375,1.1642456,438.49274,19994.135,20000.502,1100.0834,499.89316,129.161,119.53857,0.0,-1.5954916,4.0,91.15448,35.504814,-6.7499914,-7.87499,7.292,0.0,13.4609375,0.90600586,0.0,0.0,0.0,0.0,0.0,0.84765625,0.84765625,73.70148,2.3437505,275.92508,290.4801,0.0,87.99998,99.90234,0.0,276.1817,280.8997,509.625,542.25,-3.9392421,388.875,0.0,440.0,79.82713,40.225163,185.61401,0.0,127.58,271.8125,3.8208008,3.0395508,63.24463,68.81256,2.6513672,127.55,127.89,126.11,126.02,0
367197.62,0.79714656,2.1643274,1.5329391,1.6035547,101.383224,21.80451,13.628441,25.58161,394.96838,223.05988,26.88,8.878,5.36,16.88,24.845,0.0,90.225586,0.0,0.0,331.875,190.125,4025.0,0.0,-5.640625,1.1688843,440.2423,19822.729,20000.502,1100.0834,499.89316,132.3614,120.72547,0.0,-1.7451429,4.0,92.69714,35.488167,-6.7499914,-7.87499,7.356,0.0,13.4140625,0.90319824,0.0,0.0,0.0,0.0,0.0,0.8457031,0.8486328,73.70148,2.3437505,277.71448,290.00824,0.0,87.99998,99.90234,0.0,278.02246,280.8997,510.0,541.875,-4.0888934,388.75,0.0,440.0,79.82713,40.302647,186.77979,0.0,128.06,270.96875,3.9001465,1.8951416,63.378906,67.863464,2.65625,127.85,128.09,126.11,126.11,0
367197.7,0.77771723,2.140731,1.5316668,1.6034698,101.383224,21.80451,13.629752,25.663326,392.42084,222.50212,26.88,8.919,5.36,16.88,24.845,0.0,90.225586,0.0,0.0,332.25,190.875,4041.0,0.0,-5.6640625,1.1759644,442.91223,19724.023,20000.502,1100.0834,499.89316,133.67548,120.28038,0.0,-1.8648643,4.0,93.177795,35.398,-6.374992,-7.124991,7.368,0.0,13.515625,0.89801025,0.0,0.0,0.0,0.0,0.0,0.84375,0.8515625,73.70148,2.3437505,278.27774,290.77905,0.0,87.99998,99.90234,0.0,278.7024,280.8997,510.0,541.875,-4.208615,392.5,0.0,439.6875,79.82713,40.372383,187.42065,0.0,128.3,269.40625,3.9611816,1.0223389,63.684082,67.28363,2.6660156,128.44,128.18,126.26,126.6,0
367197.72,0.7421738,2.1312926,1.5300014,1.6034274,101.383224,21.80451,13.642389,25.600258,392.92215,223.61334,26.88,8.958,5.36,16.88,24.845,0.0,90.225586,0.0,0.0,330.75,191.25,4056.0,0.0,-6.078125,1.1817627,445.10126,19706.51,20000.502,1100.0834,499.89316,135.2015,119.771706,0.0,-1.9606414,4.0,93.91327,35.316845,-6.374992,-6.7499914,7.38,0.0,13.4609375,0.895813,0.0,0.0,0.0,0.0,0.0,0.84375,0.8535156,73.70148,2.3437505,277.84302,290.55646,0.0,87.99998,99.90234,0.0,278.1966,280.8997,510.0,542.25,-4.304392,396.34375,0.0,440.0,79.82713,40.435146,187.55493,0.0,128.36,268.75,4.034424,2.105713,63.806152,68.55011,2.6513672,129.1,128.69,127.0,126.95,0
367197.75,0.65373904,2.1462672,1.5321437,1.6034274,101.383224,21.80451,13.639516,25.660404,395.5155,224.86725,26.88,9.0,5.36,16.88,24.845,0.0,90.225586,0.0,0.0,330.75,191.25,4052.0,0.0,-6.2890625,1.1862793,446.80936,19741.004,20000.502,1100.0834,499.89316,135.87975,119.30542,0.0,-2.037263,4.0,94.23981,35.24381,-6.374992,-6.7499914,7.372,0.0,13.28125,0.8850708,0.0,0.0,0.0,0.0,0.0,0.8457031,0.8359375,73.70148,2.3437505,278.2576,290.6965,0.0,87.99998,99.90234,0.0,278.66095,280.8997,510.375,542.25,-4.3810134,396.21875,0.0,439.875,79.82713,40.491634,187.677,0.0,128.89,265.53125,4.0893555,0.78125,64.660645,68.11066,2.6586914,128.59,128.95,127.1,127.0,0
367197.78,0.6229912,2.171007,1.5302154,1.6033428,101.38239,21.80451,13.637505,25.645664,398.235,227.3074,26.88,9.039,5.36,16.88,24.845,0.0,90.225586,0.0,0.0,329.625,191.25,4068.0,0.0,-5.9609375,1.189331,447.93704,19940.537,20000.502,1100.0834,499.89316,136.79112,121.997154,0.0,-2.0985603,4.0,94.52515,35.178074,-6.374992,-6.7499914,7.396,0.0,12.734375,0.8965454,0.0,0.0,0.0,0.0,0.0,0.8496094,0.83691406,73.70148,2.3437505,278.15515,290.81537,0.0,87.99998,99.90234,0.0,278.4785,280.8997,510.0,542.25,-4.442311,395.5625,0.0,439.6875,79.82713,40.542473,187.81128,0.0,129.5,268.96875,4.1381836,1.7669678,63.66577,68.211365,2.6513672,129.2,129.16,127.45,127.59,0
367197.84,0.578393,2.1809027,1.531385,1.6033428,101.381645,21.80451,13.641956,25.653864,398.4107,227.74312,26.88,9.078,5.36,16.88,24.845,0.0,90.225586,0.0,0.0,327.0,191.25,4074.0,0.0,-5.453125,1.1902466,448.2853,19994.135,20000.502,1100.0834,499.89316,136.62155,122.39986,0.0,-2.1475983,4.0,94.444275,35.11891,-6.374992,-6.7499914,7.512,0.0,12.4765625,0.90008545,0.0,0.0,0.0,0.0,0.0,0.84277344,0.8378906,73.70148,2.3437505,278.21094,290.72336,0.0,87.99998,99.90234,0.0,278.7107,280.8997,510.375,541.5,-4.4913487,395.625,0.0,440.0,79.82713,40.588226,187.98218,0.0,129.42,270.03125,4.180908,1.3916016,63.34839,67.53082,2.6538086,129.77,129.41,127.7,128.04,0
367197.88,0.5427144,2.2036111,1.5320643,1.6033428,101.38015,21.80451,13.639213,25.654106,400.94394,229.24744,26.88,9.119,5.36,16.88,24.845,0.0,90.225586,0.0,0.0,327.0,191.25,4075.0,0.0,-5.296875,1.1992798,450.64844,19940.537,20000.502,1100.0834,499.89316,136.81232,122.01836,0.0,-2.1868286,4.0,94.53583,35.065666,-6.374992,-6.7499914,7.48,0.0,13.5703125,0.8828125,0.0,0.0,0.0,0.0,0.0,0.83691406,0.8408203,73.70148,2.3437505,278.21112,290.66965,0.0,87.99998,99.90234,0.0,278.7107,280.8997,510.375,541.5,-4.530579,395.4375,0.0,440.09375,79.82713,40.629406,187.96997,0.0,129.6,264.84375,4.2297363,0.9979248,64.74609,68.50433,2.6464844,130.02,129.96,128.04,127.79,0
367197.9,0.49417153,2.2314444,1.5315984,1.6032156,101.37881,21.80451,13.643152,25.754896,403.22986,231.91234,26.88,9.158,5.36,16.88,24.845,0.0,90.225586,0.0,0.0,327.0,191.25,4099.0,0.0,-5.3984375,1.2067261,452.42288,19940.537,20000.502,1100.0834,499.89316,135.73137,120.746666,0.0,-2.2182126,4.0,93.87207,35.017746,-5.9999924,-6.7499914,7.496,0.0,13.578125,0.8845825,0.0,0.0,0.0,0.0,0.0,0.8378906,0.84375,73.70148,2.3437505,278.9045,291.41318,0.0,87.99998,99.90234,0.0,279.3989,280.8997,510.375,541.5,-4.561963,394.96875,0.0,439.78125,79.82713,40.666466,188.7024,0.0,129.83,265.375,4.272461,0.32958984,64.53247,67.61627,2.644043,129.71,130.28,128.14,127.95,0
367197.94,0.45533723,2.2425778,1.5329542,1.6032156,101.377594,21.80451,13.657628,25.77644,403.34613,232.09239,26.88,9.2,5.36,16.88,24.845,0.0,90.225586,0.0,0.0,328.125,191.625,4101.0,0.0,-6.1171875,1.2125854,454.1061,19945.844,20000.502,1100.0834,499.89316,135.58301,120.64069,0.0,-2.24332,4.0,93.800354,34.974617,-5.9999924,-6.374992,7.408,0.0,13.2890625,0.8773804,0.0,0.0,0.0,0.0,0.0,0.83984375,0.83203125,73.70148,2.3437505,279.0518,291.2713,0.0,87.99998,99.90234,0.0,279.44867,280.8997,510.75,541.875,-4.5870705,398.75,0.0,440.0,79.82713,40.69982,188.95874,0.0,130.35,263.21875,4.2785645,0.32348633,65.11841,68.12286,2.6538086,130.28,130.44,128.09,128.5,0
367198.03,0.3842698,2.2657812,1.5350779,1.6031733,101.37733,21.80451,13.650184,25.8727,406.32263,234.31822,26.88,9.239,5.36,16.88,24.845,0.0,90.225586,0.0,0.0,328.125,191.625,4110.0,0.0,-5.8828125,1.2138672,454.57874,19974.5,20000.502,1100.0834,499.89316,137.74487,123.09929,0.0,-2.2634058,4.0,94.84253,34.935802,-5.9999924,-6.374992,7.392,0.0,12.671875,0.8851929,0.0,0.0,0.0,0.0,0.0,0.8417969,0.83496094,73.70148,2.3437505,279.71503,291.52057,0.0,87.99998,99.90234,0.0,280.112,280.8997,510.75,541.875,-4.6071563,398.46875,0.0,439.875,79.82713,40.72984,189.28223,0.0,130.4,265.5625,4.3029785,-0.3479004,64.416504,66.7923,2.6391602,131.01,130.53,128.75,128.8,0
367198.06,0.32741585,2.2938125,1.5279056,1.6031307,101.37709,21.80451,13.656691,25.746859,408.79993,236.32043,26.88,9.278,5.36,16.88,24.845,0.0,90.225586,0.0,0.0,324.75,191.625,4120.0,0.0,-5.6953125,1.217102,455.79764,19930.984,20000.502,1100.0834,499.89316,136.53677,121.4037,0.0,-2.2794743,4.0,94.25964,34.900867,-5.9999924,-6.374992,7.532,0.0,12.640625,0.883728,0.0,0.0,0.0,0.0,0.0,0.8388672,0.83691406,73.70148,2.3437505,278.84738,291.9365,0.0,87.99998,99.90234,0.0,279.21646,280.8997,510.75,541.875,-4.6232247,398.21875,0.0,439.59375,79.82713,40.756855,188.91602,0.0,131.0,265.125,4.370117,0.8117676,64.52026,68.11066,2.644043,131.12,131.06,129.41,128.95,0
367198.1,0.2819327,2.305025,1.5303367,1.6030884,101.37605,21.80451,13.631948,25.797817,408.88373,236.94258,26.88,9.319,5.36,16.88,24.845,0.0,90.225586,0.0,0.0,325.5,191.625,4130.0,0.0,-5.359375,1.22229,457.19894,19979.807,20000.502,1100.0834,499.89316,136.51558,121.89118,0.0,-2.2923293,4.0,94.096375,34.869427,-5.9999924,-6.374992,7.496,0.0,12.90625,0.88256836,0.0,0.0,0.0,0.0,0.0,0.8378906,0.8408203,73.70148,2.3437505,279.1976,291.995,0.0,87.99998,99.90234,0.0,279.63107,280.8997,511.125,541.5,-4.63608,397.78125,0.0,440.0,79.82713,40.78117,189.30054,0.0,131.13,264.78125,4.3884277,0.119018555,64.5813,67.46063,2.6391602,130.8,131.27,129.16,129.31,0
367198.12,0.24554616,2.32826,1.5255826,1.6030037,101.375114,21.80451,13.638067,25.67546,411.2809,238.9665,26.88,9.358,5.36,16.88,24.845,0.0,90.225586,0.0,0.0,326.625,191.625,4141.0,0.0,-5.40625,1.2269897,458.4427,20028.098,20000.502,1100.0834,499.89316,135.45584,121.19176,0.0,-2.3026133,4.0,93.585205,34.84113,-5.9999924,-6.374992,7.432,0.0,13.546875,0.881958,0.0,0.0,0.0,0.0,0.0,0.8388672,0.84277344,73.70148,2.3437505,278.35327,291.97952,0.0,87.99998,99.90234,0.0,278.66095,280.8997,511.125,541.5,-4.6463637,397.71875,0.0,439.875,79.82713,40.803055,188.92822,0.0,131.58,264.59375,4.4525146,2.1484375,64.59961,69.52362,2.6464844,131.59,131.33,129.31,129.56,0
367198.2,0.21643692,2.318804,1.5257653,1.6029612,101.374275,21.80451,13.64235,25.7292,409.34897,238.59065,26.88,9.4,5.36,16.88,24.845,0.0,90.225586,0.0,0.0,325.875,191.625,4154.0,0.0,-5.5625,1.2316895,460.20056,20003.688,20000.502,1100.0834,499.89316,135.51942,120.979805,0.0,-2.3108406,4.0,93.61725,34.815662,-5.9999924,-6.374992,7.436,0.0,13.6484375,0.8833008,0.0,0.0,0.0,0.0,0.0,0.83984375,0.82910156,73.70148,2.3437505,278.72284,292.1741,0.0,87.99998,99.90234,0.0,279.30768,280.8997,511.125,541.5,-4.654591,397.28125,0.0,439.875,79.82713,40.82275,189.43481,0.0,131.76,265.0,4.501343,0.5767822,64.44092,67.85431,2.6391602,132.12,131.86,129.92,130.02,0
367198.22,0.21314955,2.2962718,1.5220599,1.6030037,101.374344,21.80451,13.639489,25.71222,407.0374,236.84357,26.88,9.44,5.36,16.88,24.845,0.0,90.225586,0.0,0.0,322.875,191.625,4147.0,0.0,-6.125,1.2285156,459.52893,20009.523,20000.502,1100.0834,499.89316,136.57916,122.12433,0.0,-2.3174224,4.0,94.12689,34.792744,-5.9999924,-6.374992,7.54,0.0,13.421875,0.88531494,0.0,0.0,0.0,0.0,0.0,0.8417969,0.8300781,73.70148,2.3437505,278.60587,292.8761,0.0,87.99998,99.90234,0.0,279.0755,280.8997,511.125,542.25,-4.661173,397.34375,0.0,440.09375,79.82713,40.840477,189.01978,0.0,131.89,265.59375,4.5318604,1.0498047,64.28223,68.247986,2.6391602,132.01,132.23,130.49,129.92,0
367198.25,0.21051964,2.3060088,1.5239401,1.6028341,101.374405,21.80451,13.637486,25.785536,409.36572,239.92151,26.88,9.478,5.36,16.88,24.845,0.0,90.225586,0.0,0.0,324.375,192.0,4177.0,0.0,-6.3515625,1.2335815,461.42773,19868.896,20000.502,1100.0834,499.89316,138.40192,122.39986,0.0,-2.1664376,4.0,94.851685,34.772118,-5.624993,-5.9999924,7.504,0.0,13.171875,0.8973999,0.0,0.0,0.0,0.0,0.0,0.83691406,0.83203125,73.70148,2.3437505,279.1113,292.93863,0.0,87.99998,99.90234,0.0,279.63107,280.8997,511.125,542.25,-4.510188,401.375,0.0,439.875,79.82713,40.85643,189.84985,0.0,132.37,269.21875,4.58374,0.16479492,63.116455,66.304016,2.6367188,132.23,132.84,130.23,130.44,0
367198.28,0.24841571,2.3099036,1.5247539,1.6028764,101.37446,21.80451,13.641944,25.81271,409.87848,239.87697,26.88,9.519,5.36,16.88,24.845,0.0,90.225586,0.0,0.0,323.25,192.0,4171.0,0.0,-6.34375,1.2357788,462.2569,19856.16,20000.502,1100.0834,499.89316,139.2709,122.76017,0.0,-2.04565,4.0,95.2713,34.75355,-5.624993,-5.9999924,7.512,0.0,13.4453125,0.8892822,0.0,0.0,0.0,0.0,0.0,0.83691406,0.8339844,73.70148,2.3437505,279.29865,292.9414,0.0,87.99998,99.90234,0.0,279.7886,280.8997,511.5,542.25,-4.3894005,400.71875,0.0,440.1875,79.82713,40.87079,189.80103,0.0,132.69,266.78125,4.6325684,-0.064086914,63.848877,66.770935,2.6342773,132.65,132.38,131.01,130.65,0
367198.34,0.21873257,2.2927115,1.5244924,1.6028341,101.375336,21.80451,13.645063,25.80377,407.6779,238.8751,26.88,9.558,5.36,16.88,24.845,0.0,90.225586,0.0,0.0,323.25,192.0,4176.0,0.0,-5.359375,1.2376709,462.43933,19916.656,20000.502,1100.0834,499.89316,138.86821,122.929726,0.0,-1.9490199,4.0,95.077515,34.736843,-5.624993,-5.9999924,7.512,0.0,13.59375,0.89105225,0.0,0.0,0.0,0.0,0.0,0.8378906,0.8359375,73.70148,2.3437505,279.2379,293.0819,0.0,87.99998,99.90234,0.0,279.74716,280.8997,511.5,541.875,-4.2927704,400.84375,0.0,440.0,79.82713,40.883713,189.86816,0.0,132.61,267.3125,4.672241,0.10681152,63.66577,66.77399,2.6342773,133.13,132.81,130.91,131.48,0
367198.38,0.25498605,2.3233347,1.5253868,1.6027915,101.37613,21.80451,13.647247,25.736168,412.51526,242.46196,26.88,9.604,5.36,16.88,24.845,0.0,90.225586,0.0,0.0,322.5,192.0,4189.0,0.0,-4.8671875,1.2440796,464.81906,19958.58,20000.502,1100.0834,499.89316,137.85086,122.35747,0.0,-1.8717155,4.0,94.58618,34.721806,-5.624993,-5.9999924,7.524,0.0,13.5546875,0.8881836,0.0,0.0,0.0,0.0,0.0,0.8359375,0.82421875,73.70148,2.3437505,278.77274,292.29932,0.0,87.99998,99.90234,0.0,279.0755,280.8997,511.5,540.75,-4.215466,400.40625,0.0,440.0,79.82713,40.895344,190.1001,0.0,132.94,266.46875,4.7088623,1.6693115,63.87329,68.61725,2.6269531,133.3,133.19,131.12,131.12,0
367198.4,0.28398883,2.298084,1.5161675,1.6027068,101.37684,21.80451,13.642917,25.606237,407.5526,240.68878,26.88,9.639,5.36,16.88,24.845,0.0,90.225586,0.0,0.0,319.875,192.0,4209.0,0.0,-5.0546875,1.2485962,467.05783,19881.633,20000.502,1100.0834,499.89316,139.03777,122.67539,0.0,-1.9661222,4.0,95.0058,34.70827,-5.624993,-5.9999924,7.596,0.0,13.15625,0.8936157,0.0,0.0,0.0,0.0,0.0,0.8359375,0.8251953,73.70148,2.3437505,277.87784,293.09787,0.0,88.099976,99.90234,0.0,278.33755,280.8997,511.5,541.125,-4.3098726,395.625,0.0,440.0,79.82713,40.90581,189.61792,0.0,133.4,268.09375,4.7790527,2.5360107,63.311768,69.00482,2.6367188,133.41,134.06,131.21,131.48,0
367198.44,0.32719105,2.2879837,1.5161871,1.6026222,101.37748,21.80451,13.645744,25.658012,407.5577,241.4352,26.88,9.678,5.36,16.88,24.845,0.0,90.225586,0.0,0.0,322.125,192.375,4222.0,0.0,-5.0703125,1.2498169,467.5139,19872.08,20000.502,1100.0834,499.89316,139.58882,122.56942,0.0,-1.8853974,4.0,95.2713,34.69609,-5.2499933,-5.624993,7.508,0.0,12.546875,0.9003906,0.0,0.0,0.0,0.0,0.0,0.8339844,0.8261719,73.70148,2.3437505,278.23535,293.47913,0.0,88.18998,99.90234,0.0,278.7107,280.8997,511.875,541.125,-4.229148,399.40625,0.0,440.0,79.82713,40.91523,189.96582,0.0,134.16,270.125,4.8339844,0.9552002,62.664795,66.91742,2.6245117,134.23,133.91,131.38,131.9,0
367198.47,0.30175284,2.2651935,1.5149779,1.6025797,101.37806,21.80451,13.641865,25.607565,405.6061,241.07584,26.88,9.719,5.36,16.88,24.845,0.0,90.225586,0.0,0.0,319.5,192.375,4236.0,0.0,-5.1796875,1.2570801,469.678,19911.88,20000.502,1100.0834,499.89316,139.6948,123.035706,0.0,-1.820818,4.0,95.17975,34.685127,-5.2499933,-5.624993,7.56,0.0,11.9296875,0.8997803,0.0,0.0,0.0,0.0,0.0,0.8339844,0.828125,73.70148,2.3437505,277.8882,293.3715,0.0,88.27098,99.90234,0.0,278.4785,280.8997,511.875,541.125,-4.1645684,398.6875,0.0,440.0,79.82713,40.92371,190.16113,0.0,134.17,269.9375,4.8797607,1.7608643,62.628174,69.34662,2.6245117,134.63,134.5,132.01,132.01,0
367198.53,0.24140227,2.2748275,1.5117229,1.6025374,101.37858,21.80451,13.639149,25.584366,407.88824,242.7184,26.88,9.758,5.36,16.88,24.845,0.0,90.225586,0.0,0.0,320.25,192.375,4241.0,0.0,-5.515625,1.2597656,470.6979,19974.5,20000.502,1100.0834,499.89316,139.03777,122.86614,0.0,-1.7691541,4.0,94.862366,34.675262,-5.2499933,-5.624993,7.548,0.0,12.4296875,0.89801025,0.0,0.0,0.0,0.0,0.0,0.83203125,0.82910156,73.70148,2.3437505,277.72882,293.83023,0.0,88.34388,99.90234,0.0,278.25464,280.8997,512.25,541.875,-4.1129045,398.6875,0.0,440.09375,79.82713,40.93134,189.97803,0.0,134.59,269.40625,4.9468994,2.0477295,62.77466,69.85321,2.6342773,134.73,134.84,132.01,131.94,0
367198.56,0.19312182,2.316181,1.5135165,1.602495,101.37904,21.80451,13.631389,25.612827,412.74802,246.36313,26.88,9.8,5.36,16.88,24.845,0.0,90.225586,0.0,0.0,320.625,192.375,4254.0,0.0,-5.609375,1.262146,471.57684,19891.184,20000.502,1100.0834,499.89316,139.63121,122.50583,0.0,-1.7278233,4.0,95.14923,34.66638,-5.2499933,-5.624993,7.528,0.0,12.7734375,0.9013672,0.0,0.0,0.0,0.0,0.0,0.8310547,0.82421875,73.70148,2.3437505,277.92548,293.66605,0.0,88.40949,99.90234,0.0,278.51996,280.8997,512.25,541.5,-4.0715737,394.15625,0.0,440.0,79.82713,40.938206,190.37476,0.0,134.94,270.40625,4.9865723,1.4007568,62.46338,68.94684,2.6293945,134.67,135.08,132.17,132.23,0
367198.6,0.13449746,2.3139725,1.514573,1.602495,101.37946,21.80451,13.620097,25.715298,410.66708,245.00583,26.88,9.84,5.36,16.88,24.845,0.0,90.225586,0.0,0.0,319.125,192.375,4252.0,0.0,-5.625,1.262146,471.5851,19906.574,20000.502,1100.0834,499.89316,140.58498,123.48079,0.0,-1.6947584,4.0,95.60852,34.65839,-5.2499933,-5.624993,7.556,0.0,12.8515625,0.9024658,0.0,0.0,0.0,0.0,0.0,0.8359375,0.82421875,73.70148,2.3437505,278.6322,294.1157,0.0,88.468544,99.90234,0.0,278.9843,280.8997,512.25,541.5,-4.038509,394.125,0.0,440.09375,79.82713,40.944386,190.43579,0.0,135.27,270.75,5.0567627,0.36315918,62.390137,67.90619,2.6269531,135.22,134.97,132.44,132.71,0
367198.66,0.087597966,2.3130891,1.5116771,1.6024525,101.379845,21.80451,13.629771,25.634516,411.23065,245.57285,26.88,9.878,5.36,16.88,24.845,0.0,90.225586,0.0,0.0,319.125,192.375,4256.0,0.0,-5.4140625,1.2634888,472.08264,20003.688,20000.502,1100.0834,499.89316,139.18613,122.86614,0.0,-1.5120566,4.0,94.781494,34.6512,-5.2499933,-5.624993,7.56,0.0,12.9453125,0.9015503,0.0,0.0,0.0,0.0,0.0,0.8330078,0.8251953,73.70148,2.3437505,278.07578,294.1546,0.0,88.52169,99.90234,0.0,278.56973,280.8997,512.25,541.5,-3.855807,393.75,0.0,440.0,79.82713,40.949947,190.38696,0.0,135.15,270.46875,5.102539,0.8911133,62.438965,68.53485,2.6293945,135.33,135.03,133.13,133.03,0
367198.7,0.050078373,2.3127358,1.511376,1.6024101,101.38019,21.80451,13.607246,25.61371,411.15024,246.10172,26.88,9.919,5.36,16.88,24.845,0.0,90.225586,0.0,0.0,319.5,192.375,4266.0,0.0,-5.0625,1.2651367,473.2269,20067.898,20000.502,1100.0834,499.89316,140.5214,124.90084,0.0,-1.3658953,4.0,95.42389,34.644726,-5.2499933,-5.624993,7.552,0.0,12.96875,0.9075928,0.0,0.0,0.0,0.0,0.0,0.82910156,0.8144531,73.70148,2.3437505,277.9327,293.9988,0.0,88.56952,99.90234,0.0,278.4785,280.8997,512.25,541.125,-3.7096457,393.34375,0.0,440.09375,79.82713,40.954952,190.59448,0.0,135.2,272.28125,5.1452637,1.8096924,62.036133,69.08722,2.6269531,135.53,135.43,133.36,133.08,0
367198.72,0.0200627,2.3125944,1.5097146,1.6023679,101.38049,21.80451,13.614916,25.553715,411.3893,246.93748,26.88,9.958,5.36,16.88,24.845,0.0,90.225586,0.0,0.0,316.125,192.375,4278.0,0.0,-4.78125,1.2715454,475.6232,20014.3,20000.502,1100.0834,499.89316,140.71214,124.60412,0.0,-1.2489662,4.0,95.51697,34.6389,-5.2499933,-5.624993,7.636,0.0,12.921875,0.90686035,0.0,0.0,0.0,0.0,0.0,0.82910156,0.8144531,73.70148,2.3437505,277.51947,293.83472,0.0,88.612564,99.90234,0.0,278.0722,280.8997,512.25,540.75,-3.5927167,392.5625,0.0,440.0,79.82713,40.959457,190.77759,0.0,135.56,272.0625,5.1971436,1.5380859,62.01172,68.8858,2.6293945,135.61,135.98,133.62,133.46,0
367198.75,0.01605016,2.312538,1.509303,1.6023679,101.38077,21.80451,13.608566,25.545303,411.76025,247.10237,26.88,10.001,5.36,16.88,24.845,0.0,90.225586,0.0,0.0,315.75,192.75,4277.0,0.0,-4.8671875,1.2722778,475.91342,19984.582,20000.502,1100.0834,499.89316,141.60233,125.19757,0.0,-1.1554229,4.0,95.94574,34.63366,-5.2499933,-5.2499933,7.652,0.0,12.8125,0.90319824,0.0,0.0,0.0,0.0,0.0,0.8222656,0.8154297,73.70148,2.3437505,277.46176,293.89923,0.0,88.651306,99.90234,0.0,278.0722,280.8997,512.625,540.75,-3.4991734,396.625,0.0,440.0,79.82713,40.963512,190.52124,0.0,136.14,270.96875,5.267334,1.9958496,62.23755,69.63959,2.6416016,135.98,136.18,133.8,134.06,0
367198.78,0.0128401285,2.3312652,1.5064726,1.602283,101.38102,21.80451,13.598262,25.56265,414.41125,249.79805,26.88,10.039,5.36,16.88,24.845,0.0,90.225586,0.0,0.0,315.75,192.75,4296.0,0.0,-4.9375,1.27771,477.39764,20067.898,20000.502,1100.0834,499.89316,140.73334,125.17638,0.0,-1.0805883,4.0,95.373535,34.553753,-4.874994,-5.2499933,7.644,0.0,13.34375,0.9043579,0.0,0.0,0.0,0.0,0.0,0.8232422,0.8154297,73.70148,2.3437505,277.58157,294.64297,0.0,88.68617,99.90234,0.0,278.16345,280.8997,512.625,541.125,-3.4243388,396.21875,0.0,440.0,79.82713,40.967163,190.74097,0.0,136.34,271.3125,5.3253174,1.5930176,62.10327,69.166565,2.6342773,136.59,136.13,134.29,134.4,0
367198.84,0.010272103,2.338756,1.5079693,1.6022406,101.38124,21.80451,13.614487,25.559677,414.03583,250.1527,26.88,10.078,5.36,16.88,24.845,0.0,90.225586,0.0,0.0,315.75,192.75,4306.0,0.0,-5.078125,1.2832642,478.91504,20092.309,20000.502,1100.0834,499.89316,140.1187,124.87965,0.0,-1.0207207,4.0,95.077515,34.48184,-4.874994,-5.2499933,7.636,0.0,13.5546875,0.90289307,0.0,0.0,0.0,0.0,0.0,0.8173828,0.8154297,73.70148,2.3437505,277.5613,294.28302,0.0,88.71755,99.90234,0.0,278.1966,280.8997,512.625,541.125,-3.3644712,395.875,0.0,439.875,79.82713,40.970448,191.02173,0.0,136.45,270.875,5.380249,1.486206,62.127686,69.1452,2.631836,136.88,136.59,134.68,134.06,0
367198.88,-0.0117823165,2.3417525,1.504562,1.6022406,101.38144,21.80451,13.614125,25.5389,414.597,250.66624,26.88,10.12,5.36,16.88,24.845,0.0,90.225586,0.0,0.0,315.75,192.75,4309.0,0.0,-5.8125,1.2825928,479.21353,20096.555,20000.502,1100.0834,499.89316,141.03008,125.896996,0.0,-0.9728265,4.0,95.51697,34.417114,-4.874994,-5.2499933,7.628,0.0,13.9296875,0.9041748,0.0,0.0,0.0,0.0,0.0,0.8203125,0.8076172,73.70148,2.3437505,277.4183,294.83176,0.0,88.7458,99.90234,0.0,278.02246,280.8997,513.0,541.5,-3.316577,395.28125,0.0,440.0,79.82713,40.973404,190.91187,0.0,136.81,271.25,5.441284,2.2644043,62.060547,69.9234,2.631836,136.88,137.09,134.67,134.63,0
367198.9,-0.009425853,2.361701,1.4985222,1.6021982,101.38162,21.80451,13.613872,25.445736,417.06085,252.4485,26.88,10.158,5.36,16.88,24.845,0.0,90.225586,0.0,0.0,314.25,192.75,4314.0,0.0,-5.8359375,1.2797852,478.1605,20246.734,20000.502,1100.0834,499.89316,138.35953,125.070404,0.0,-0.9345112,4.0,94.229126,34.358864,-4.874994,-5.2499933,7.684,0.0,13.546875,0.9064331,0.0,0.0,0.0,0.0,0.0,0.8183594,0.8076172,73.70148,2.3437505,276.7763,295.29816,0.0,88.77122,99.90234,0.0,277.33426,280.8997,513.0,541.875,-3.2782617,395.09375,0.0,439.875,79.82713,40.976067,190.2832,0.0,137.02,271.9375,5.5480957,3.4088135,61.950684,71.06476,2.6416016,136.73,137.14,134.78,134.88,0
367198.97,0.012459317,2.3696804,1.4966778,1.6021558,101.38178,21.80451,13.596116,25.400307,417.57452,253.34534,26.88,10.2,5.36,16.88,24.845,0.0,90.225586,0.0,0.0,315.0,192.75,4324.0,0.0,-5.734375,1.2840576,479.22183,20057.814,20000.502,1100.0834,499.89316,141.03008,126.00297,0.0,-0.9038589,4.0,95.362854,34.30644,-4.874994,-5.2499933,7.644,0.0,12.7265625,0.9057007,0.0,0.0,0.0,0.0,0.0,0.8154297,0.80859375,73.70148,2.3437505,276.46332,295.23666,0.0,88.7941,99.90234,0.0,277.01917,280.8997,513.0,541.875,-3.2476094,393.78125,0.0,439.875,79.82713,40.978462,190.13062,0.0,137.44,271.71875,5.6518555,2.6519775,61.94458,70.40558,2.6464844,137.34,137.14,135.39,135.47,0
367199.0,0.029967453,2.3541222,1.5011829,1.602071,101.381096,21.80451,13.595407,25.423506,415.0705,252.58324,26.88,10.24,5.36,16.88,24.845,0.0,90.225586,0.0,0.0,313.875,192.75,4337.0,0.0,-4.9140625,1.2932129,482.0825,20014.3,20000.502,1100.0834,499.89316,141.24202,125.748634,0.0,-0.7230871,4.0,95.46509,34.259254,-4.874994,-5.2499933,7.664,0.0,12.953125,0.8989258,0.0,0.0,0.0,0.0,0.0,0.81640625,0.80859375,73.70148,2.3437505,276.62256,294.65924,0.0,88.81469,99.90234,0.0,277.23474,280.8997,513.0,541.125,-3.0668375,394.1875,0.0,439.875,79.82713,40.980618,190.94849,0.0,137.54,269.6875,5.7373047,3.0914307,62.31079,71.302795,2.6513672,137.86,137.55,135.84,135.43,0
367199.03,0.023973962,2.347899,1.504007,1.6021134,101.38048,21.80451,13.612488,25.491982,415.24573,252.80641,26.88,10.278,5.36,16.88,24.845,0.0,90.225586,0.0,0.0,312.0,192.75,4339.0,0.0,-4.9765625,1.2979126,483.2848,20057.814,20000.502,1100.0834,499.89316,141.19963,126.17253,0.0,-0.5784695,4.0,95.44525,34.21679,-4.874994,-5.2499933,7.728,0.0,13.109375,0.89849854,0.0,0.0,0.0,0.0,0.0,0.8154297,0.80859375,73.70148,2.3437505,277.09393,294.67627,0.0,88.83322,99.90234,0.0,277.55814,280.8997,513.0,541.125,-2.92222,394.125,0.0,440.0,79.82713,40.982555,190.66162,0.0,137.77,269.5625,5.847168,3.9123535,62.31079,72.239685,2.6635742,138.17,138.05,135.87,135.62,0
367199.06,0.03917917,2.3454096,1.5042603,1.6020287,101.38075,21.80451,13.6010065,25.534874,415.23108,253.55489,26.88,10.319,5.36,16.88,24.845,0.0,90.225586,0.0,0.0,312.0,193.125,4352.0,0.0,-5.0078125,1.3001709,484.6695,20155.459,20000.502,1100.0834,499.89316,141.34799,127.57139,0.0,-0.46277547,4.0,95.373535,34.17857,-4.4999943,-4.874994,7.72,0.0,13.453125,0.8981323,0.0,0.0,0.0,0.0,0.0,0.8144531,0.8027344,73.70148,2.3437505,277.38986,294.84576,0.0,88.8499,99.90234,0.0,277.981,280.8997,513.0,541.125,-2.806526,401.65625,0.0,439.78125,79.82713,40.984303,191.71143,0.0,138.09,269.4375,5.923462,1.385498,62.316895,69.80133,2.680664,137.84,138.43,135.77,136.07,0
367199.12,0.091343336,2.3444138,1.5003457,1.6019439,101.381004,21.80451,13.604689,25.487707,415.61365,254.48828,26.88,10.358,5.36,16.88,24.845,0.0,90.225586,0.0,0.0,310.875,193.125,4364.0,0.0,-4.96875,1.3051758,486.54346,20151.213,20000.502,1100.0834,499.89316,140.77573,127.25346,0.0,-0.37022042,4.0,95.09735,34.144173,-4.4999943,-4.874994,7.74,0.0,13.453125,0.89904785,0.0,0.0,0.0,0.0,0.0,0.8105469,0.8027344,73.70148,2.3437505,277.065,295.15063,0.0,88.86491,99.90234,0.0,277.6991,280.8997,513.375,541.125,-2.713971,401.34375,0.0,440.0,79.82713,40.985874,191.62598,0.0,138.6,269.71875,5.999756,2.6275635,62.17041,70.961,2.6879883,138.52,138.47,136.28,136.53,0
367199.16,0.19307467,2.3440156,1.5013356,1.6019864,101.38123,21.80451,13.595548,25.515457,416.19513,254.78593,26.88,10.4,5.36,16.88,24.845,0.0,90.225586,0.0,0.0,309.75,193.125,4363.0,0.0,-4.4609375,1.3078003,486.96634,20189.422,20000.502,1100.0834,499.89316,140.22467,127.97408,0.0,-0.2961762,4.0,94.83185,34.113216,-4.4999943,-4.874994,7.76,0.0,13.5078125,0.8978882,0.0,0.0,0.0,0.0,0.0,0.8105469,0.8017578,73.70148,2.3437505,277.2565,295.28833,0.0,88.87842,99.90234,0.0,277.93124,280.8997,513.375,540.75,-2.6399267,401.40625,0.0,440.0,79.82713,40.98729,191.79688,0.0,138.82,269.375,6.060791,2.4841309,62.261963,70.95795,2.6879883,139.05,138.52,136.82,136.81,0
367199.2,0.27445975,2.3438563,1.5030298,1.6019015,101.38144,21.80451,13.600867,25.615633,415.90964,255.19473,26.88,10.439,5.36,16.88,24.845,0.0,90.225586,0.0,0.0,310.125,193.125,4373.0,0.0,-4.609375,1.3104248,487.94476,20053.57,20000.502,1100.0834,499.89316,141.22083,127.9105,0.0,-0.23694086,4.0,95.3125,34.085354,-4.4999943,-4.874994,7.76,0.0,13.4609375,0.8959961,0.0,0.0,0.0,0.0,0.0,0.8066406,0.8017578,73.70148,2.3437505,277.9472,295.65735,0.0,88.89058,99.90234,0.0,278.61948,280.8997,513.375,540.75,-2.5806913,401.125,0.0,439.875,79.82713,40.988564,192.41943,0.0,138.83,268.8125,6.109619,1.4343262,62.43286,70.09735,2.6855469,139.2,139.2,136.93,136.67,0
367199.22,0.3395678,2.3437924,1.5011814,1.6018168,101.38162,21.80451,13.61631,25.595665,415.7585,256.7354,26.88,10.478,5.36,16.88,24.845,0.0,90.225586,0.0,0.0,308.25,193.125,4401.0,0.0,-4.8125,1.3184204,490.92148,20088.064,20000.502,1100.0834,499.89316,140.18228,127.23227,0.0,-0.18955255,4.0,94.6579,34.060276,-4.4999943,-4.874994,7.796,0.0,13.4375,0.8949585,0.0,0.0,0.0,0.0,0.0,0.8076172,0.8017578,73.70148,2.3437505,277.80975,295.96313,0.0,88.90152,99.90234,0.0,278.40387,280.89142,513.75,540.75,-2.533303,400.3125,0.0,439.78125,79.82713,40.989708,192.84058,0.0,139.3,268.5,6.173706,2.3101807,62.46338,71.025085,2.6855469,139.52,139.89,136.98,136.88,0
367199.28,0.35165423,2.306267,1.5081792,1.6018168,101.38178,21.80451,13.615401,25.722603,411.22064,253.76012,26.88,10.519,5.36,16.88,24.845,0.0,90.225586,0.0,0.0,308.625,193.125,4398.0,0.0,-4.84375,1.322937,492.6047,20198.443,20000.502,1100.0834,499.89316,139.50404,127.889305,0.0,-0.15164208,4.0,94.33136,34.03771,-4.4999943,-4.874994,7.76,0.0,13.015625,0.892395,0.0,0.0,0.0,0.0,0.0,0.8046875,0.7998047,73.70148,2.3437505,278.68488,295.48453,0.0,88.91137,99.90234,0.0,279.30768,280.8997,513.75,540.75,-2.4953926,400.03125,0.0,439.875,79.82713,40.990738,193.573,0.0,139.78,267.71875,6.222534,0.2685547,62.695312,69.2337,2.6855469,139.52,140.0,137.08,137.5,0
367199.3,0.3413234,2.3100069,1.5054146,1.6017742,101.38193,21.80451,13.620625,25.712048,414.11542,256.0694,26.88,10.558,5.36,16.88,24.845,0.0,90.225586,0.0,0.0,307.875,193.5,4407.0,0.0,-4.4375,1.3254395,493.5334,20007.932,20000.502,1100.0834,499.89316,140.88171,127.78333,0.0,-0.12131357,4.0,94.99512,34.017395,-4.1249948,-4.4999943,7.784,0.0,13.078125,0.8900757,0.0,0.0,0.0,0.0,0.0,0.8046875,0.7998047,73.70148,2.3437505,278.61227,295.8252,0.0,88.920235,99.90234,0.0,279.26624,280.86652,513.75,540.375,-2.465064,404.0,0.0,439.875,79.82713,40.991665,193.64624,0.0,140.18,267.03125,6.25,1.1871338,62.927246,70.381165,2.6904297,139.95,139.85,137.65,137.8,0
367199.38,0.31305873,2.311503,1.5072259,1.6016896,101.38206,21.80451,13.618422,25.813793,413.99402,256.74948,26.88,10.602,5.36,16.88,24.845,0.0,90.225586,0.0,0.0,306.75,193.5,4420.0,0.0,-4.125,1.328064,494.5118,20170.318,20000.502,1100.0834,499.89316,139.80078,128.6947,0.0,0.059199333,4.0,94.32068,33.999115,-4.1249948,-4.4999943,7.828,0.0,13.140625,0.89208984,0.0,0.0,0.0,0.0,0.0,0.8066406,0.7998047,73.70148,2.3437505,279.31372,296.19125,0.0,88.92821,99.90234,0.0,279.95444,280.8002,513.75,540.0,-2.2845511,403.9375,0.0,439.875,79.82713,40.9925,194.25659,0.0,140.36,267.625,6.2713623,0.048828125,62.677002,69.00787,2.6953125,140.63,140.21,138.05,137.7,0
367199.4,0.250447,2.2933512,1.5062455,1.6016047,101.38135,21.80451,13.605161,25.812422,411.54996,256.3309,26.88,10.639,5.36,16.88,24.845,0.0,90.225586,0.0,0.0,306.75,193.5,4439.0,0.0,-4.328125,1.333313,496.46866,19940.537,20000.502,1100.0834,499.89316,142.02623,128.56754,0.0,0.047359705,4.0,95.39337,33.982662,-4.1249948,-4.4999943,7.808,0.0,13.3203125,0.8931885,0.0,0.0,0.0,0.0,0.0,0.80371094,0.7998047,73.70148,2.3437505,279.30356,296.37704,0.0,88.93539,99.90234,0.0,279.85495,280.65094,513.75,540.375,-2.2963908,403.1875,0.0,439.875,79.82713,40.99325,194.42139,0.0,140.65,267.96875,6.2927246,0.3265381,62.506104,69.114685,2.6953125,141.08,141.08,138.22,137.9,0
367199.47,0.1603576,2.2673404,1.5047594,1.6016471,101.38071,21.80451,13.607596,25.78486,409.2876,254.5198,26.88,10.678,5.36,16.88,24.845,0.0,90.225586,0.0,0.0,305.625,193.5,4432.0,0.0,-4.4375,1.3312988,495.7224,20036.059,20000.502,1100.0834,499.89316,140.39423,127.889305,0.0,0.19413781,4.0,94.607544,33.967854,-4.1249948,-4.4999943,7.824,0.0,13.359375,0.88842773,0.0,0.0,0.0,0.0,0.0,0.80371094,0.7998047,73.70148,2.3437505,279.11295,296.54608,0.0,88.94185,99.90234,0.0,279.74716,280.52658,514.125,540.375,-2.1496127,402.96875,0.0,440.0,79.82713,40.993927,194.33594,0.0,140.82,266.53125,6.314087,0.74768066,63.05542,70.088196,2.692871,140.91,141.08,137.96,138.27,0
367199.5,0.08828608,2.2756863,1.5075133,1.6016471,101.38096,21.80451,13.597583,25.819221,412.3501,256.53998,26.88,10.719,5.36,16.88,24.845,0.0,90.225586,0.0,0.0,304.875,193.5,4434.0,0.0,-4.4375,1.3325195,496.17847,20120.965,20000.502,1100.0834,499.89316,140.33064,128.99144,0.0,0.3115604,4.0,94.57703,33.95453,-4.1249948,-4.4999943,7.86,0.0,12.640625,0.8915405,0.0,0.0,0.0,0.0,0.0,0.8066406,0.7998047,73.70148,2.3437505,279.35004,296.1826,0.0,88.94766,99.90234,0.0,279.9959,280.46854,513.75,540.375,-2.03219,403.03125,0.0,440.0,79.82713,40.994537,194.51294,0.0,140.98,267.46875,6.326294,0.22277832,62.695312,69.21539,2.6904297,140.59,140.91,138.58,138.84,0
367199.53,0.050628867,2.3165245,1.5093015,1.6016047,101.38119,21.80451,13.602292,25.859055,417.3559,259.94708,26.88,10.759,5.36,16.88,24.845,0.0,90.225586,0.0,0.0,305.625,193.5,4439.0,0.0,-4.03125,1.3360596,497.49686,19925.678,20000.502,1100.0834,499.89316,141.79308,128.67351,0.0,0.4054984,4.0,95.28198,33.942535,-4.1249948,-4.4999943,7.84,0.0,12.46875,0.8867798,0.0,0.0,0.0,0.0,0.0,0.80371094,0.7998047,73.70148,2.3437505,279.62485,296.2834,0.0,88.952896,99.90234,0.0,280.26953,280.41876,514.125,540.0,-1.9382521,403.03125,0.0,439.875,79.82713,40.995087,194.91577,0.0,141.22,266.03125,6.3476562,0.46691895,63.1958,69.96307,2.6879883,141.18,140.96,139.25,138.84,0
367199.56,0.040503096,2.3141098,1.5109646,1.6015624,101.38139,21.80451,13.605589,25.904455,415.00577,259.29852,26.88,10.8,5.36,16.88,24.845,0.0,90.225586,0.0,0.0,303.0,193.5,4453.0,0.0,-4.0859375,1.3405762,499.17178,20048.793,20000.502,1100.0834,499.89316,140.83932,129.05502,0.0,0.48064876,4.0,94.66858,33.93174,-4.1249948,-4.4999943,7.9,0.0,12.3828125,0.88916016,0.0,0.0,0.0,0.0,0.0,0.80566406,0.7998047,73.70148,2.3437505,279.938,296.12302,0.0,88.9576,99.90234,0.0,280.55145,280.3027,514.125,540.0,-1.8631017,402.28125,0.0,440.0,79.82713,40.99558,195.45898,0.0,141.47,266.75,6.3598633,0.009155273,62.88452,69.18182,2.6904297,141.77,141.35,139.32,139.05,0
367199.62,0.012402479,2.2756438,1.5097768,1.6014775,101.38158,21.80451,13.613756,25.955137,410.32507,257.2376,26.88,10.84,5.36,16.88,24.845,0.0,90.225586,0.0,0.0,303.75,193.5,4468.0,0.0,-4.1328125,1.3430786,500.10876,20019.076,20000.502,1100.0834,499.89316,140.73334,128.60992,0.0,0.5407691,4.0,94.618225,33.922024,-4.1249948,-4.4999943,7.872,0.0,12.8359375,0.8859253,0.0,0.0,0.0,0.0,0.0,0.80371094,0.7998047,73.70148,2.3437505,280.2875,296.84875,0.0,88.961845,99.90234,0.0,280.96603,280.16174,514.125,540.375,-1.8029814,402.09375,0.0,439.78125,79.82713,40.99602,195.93506,0.0,141.68,265.78125,6.3598633,-0.16174316,63.23242,69.340515,2.6855469,142.1,142.05,139.52,139.37,0
367199.66,-0.050078016,2.2602575,1.5051119,1.6014352,101.381744,21.80451,13.625332,25.946236,410.52356,257.76523,26.88,10.878,5.36,16.88,24.845,0.0,90.225586,0.0,0.0,303.0,193.875,4475.0,0.0,-4.28125,1.3427124,499.9595,20053.04,20000.502,1100.0834,499.89316,140.83932,129.26697,0.0,0.5888654,4.0,94.66858,33.91328,-3.7499952,-4.1249948,7.872,0.0,13.2265625,0.88397217,0.0,0.0,0.0,0.0,0.0,0.8046875,0.7998047,73.70148,2.3437505,280.22632,297.6339,0.0,88.96566,99.90234,0.0,280.82507,280.01248,514.5,540.375,-1.7548851,406.0,0.0,440.0,79.82713,40.99642,195.61768,0.0,141.84,265.1875,6.3598633,-0.43029785,63.45215,69.26727,2.6879883,142.22,142.49,139.64,139.79,0
367199.7,-0.08006241,2.2728531,1.5053797,1.6013929,101.3819,21.80451,13.615857,25.8823,413.1596,260.17404,26.88,10.919,5.36,16.88,24.845,0.0,90.225586,0.0,0.0,305.25,193.875,4488.0,0.0,-4.25,1.3441772,501.0872,20042.957,20000.502,1100.0834,499.89316,140.64856,128.97025,0.0,0.62734234,4.0,94.43359,33.90541,-3.7499952,-4.1249948,7.78,0.0,12.890625,0.89312744,0.0,0.0,0.0,0.0,0.0,0.8027344,0.7998047,73.70148,2.3437505,279.78577,297.02777,0.0,88.96909,99.90234,0.0,280.4105,279.83835,514.125,540.375,-1.7164081,405.34375,0.0,439.875,79.82713,40.99678,195.80688,0.0,142.34,267.9375,6.3476562,-0.36010742,62.402344,68.29376,2.6855469,142.22,142.76,140.06,140.0,0
367199.72,-0.10404993,2.2966413,1.5117205,1.6013929,101.382034,21.80451,13.626803,25.928421,415.9924,261.8995,26.88,10.958,5.36,16.88,24.845,0.0,90.225586,0.0,0.0,302.25,193.875,4487.0,0.0,-3.984375,1.3463135,502.45532,20018.545,20000.502,1100.0834,499.89316,141.81429,129.88162,0.0,0.65812397,4.0,94.99512,33.89833,-3.7499952,-4.1249948,7.892,0.0,11.609375,0.89624023,0.0,0.0,0.0,0.0,0.0,0.8027344,0.7998047,73.70148,2.3437505,280.10382,296.195,0.0,88.97218,99.90234,0.0,280.7753,279.72226,514.5,540.0,-1.6856265,405.46875,0.0,440.09375,79.82713,40.997105,196.25854,0.0,142.84,268.875,6.335449,-0.84228516,62.03003,67.42096,2.6904297,142.64,142.22,140.59,140.38,0
367199.78,-0.10323994,2.3249066,1.5099773,1.6013505,101.38216,21.80451,13.634465,25.900719,418.23264,263.66202,26.88,11.0,5.36,16.88,24.845,0.0,90.225586,0.0,0.0,302.25,193.875,4493.0,0.0,-3.8828125,1.3497925,503.74884,20008.994,20000.502,1100.0834,499.89316,141.79308,129.83923,0.0,0.6827493,4.0,94.984436,33.891956,-3.7499952,-4.1249948,7.9,0.0,11.1953125,0.8925781,0.0,0.0,0.0,0.0,0.0,0.80371094,0.7998047,73.70148,2.3437505,279.913,296.34335,0.0,88.97497,99.90234,0.0,280.64267,279.63934,514.5,540.0,-1.6610012,405.28125,0.0,440.0,79.82713,40.997395,196.33179,0.0,142.73,267.78125,6.3201904,-0.82702637,62.408447,67.78717,2.6855469,143.1,142.88,140.63,140.32,0
367199.8,-0.10259195,2.3174627,1.5147703,1.6012657,101.38226,21.80451,13.62811,25.91739,416.08344,263.2996,26.88,11.039,5.36,16.88,24.845,0.0,89.924835,0.0,0.0,300.375,193.875,4510.0,0.0,-3.84375,1.3565674,506.26953,20068.43,20000.502,1100.0834,499.89316,140.88171,129.66966,0.0,0.70244944,4.0,94.54651,33.88622,-3.7499952,-4.1249948,7.94,0.0,11.28125,0.897583,0.0,0.0,0.0,0.0,0.0,0.8017578,0.7998047,73.70148,2.3437505,280.028,295.53555,0.0,88.97747,99.90234,0.0,280.7339,279.49838,514.875,540.0,-1.641301,404.96875,0.0,439.875,79.82713,40.997658,197.11304,0.0,142.84,269.28125,6.30188,-0.9552002,61.76758,66.98151,2.6855469,143.44,143.21,140.86,140.75,0
367199.84,-0.102073565,2.2957351,1.5095193,1.6012657,101.38236,21.80451,13.62952,25.88438,413.6522,261.87717,26.88,11.078,5.36,16.88,24.845,0.0,89.684235,0.0,0.0,301.125,193.875,4512.0,0.0,-3.6796875,1.3571167,506.4851,19945.844,20000.502,1100.0834,499.89316,141.98384,129.56369,0.0,0.7182096,4.0,94.9234,33.881058,-3.7499952,-4.1249948,7.892,0.0,11.5234375,0.89019775,0.0,0.0,0.0,0.0,0.0,0.8027344,0.7998047,73.70148,2.3437505,279.80057,296.28345,0.0,88.97972,99.90234,0.0,280.5017,279.34915,514.875,539.625,-1.6255409,404.40625,0.0,440.0,79.82713,40.997894,196.73462,0.0,143.34,267.0625,6.286621,-0.9094238,62.615967,67.829895,2.6855469,143.54,143.66,140.75,141.5,0
367199.88,-0.061658856,2.3057942,1.5094422,1.6012232,101.382454,21.80451,13.618789,25.897785,416.94464,264.4881,26.88,11.119,5.36,16.88,24.845,0.0,89.49175,0.0,0.0,300.75,193.875,4521.0,0.0,-3.25,1.3563232,506.1783,19916.125,20000.502,1100.0834,499.89316,142.40773,129.62727,0.0,0.7308178,4.0,95.12787,33.87641,-3.7499952,-4.1249948,7.904,0.0,11.015625,0.8949585,0.0,0.0,0.0,0.0,0.0,0.80078125,0.7998047,73.70148,2.3437505,279.89307,296.4307,0.0,88.98175,99.90234,0.0,280.55145,279.24133,514.5,539.25,-1.6129327,404.34375,0.0,439.78125,79.82713,40.998108,196.93604,0.0,143.69,268.5,6.2713623,-0.97351074,62.072754,67.21954,2.680664,143.36,143.7,141.73,141.67,0
367199.94,-0.029327087,2.3098178,1.5110883,1.6011809,101.38254,21.80451,13.634714,25.889963,416.8487,265.30457,26.88,11.159,5.36,16.88,24.845,0.0,89.33777,0.0,0.0,301.5,193.875,4536.0,0.0,-3.1796875,1.3624878,508.48343,19820.074,20000.502,1100.0834,499.89316,143.50986,129.43652,0.0,0.74090433,4.0,95.658875,33.87223,-3.7499952,-4.1249948,7.864,0.0,11.2265625,0.8965454,0.0,0.0,0.0,0.0,0.0,0.8046875,0.7998047,73.70148,2.3437505,279.83923,295.94183,0.0,88.983574,99.90234,0.0,280.5017,279.05893,515.25,539.25,-1.6028461,403.9375,0.0,439.5,79.82713,40.9983,197.51587,0.0,144.12,268.96875,6.2561035,-1.184082,61.82251,66.71295,2.6757812,143.93,144.1,142.1,141.77,0
367199.97,0.01653833,2.330177,1.5076975,1.6011809,101.38261,21.80451,13.628284,25.865639,419.11023,267.09677,26.88,11.2,5.36,16.88,24.845,0.0,89.21458,0.0,0.0,299.625,193.875,4542.0,0.0,-3.1875,1.362793,508.6078,19872.08,20000.502,1100.0834,499.89316,143.7218,129.37294,0.0,0.7489735,4.0,95.76111,33.868465,-3.7499952,-4.1249948,7.916,0.0,11.53125,0.89385986,0.0,0.0,0.0,0.0,0.0,0.8027344,0.7998047,73.70148,2.3437505,279.67163,296.4485,0.0,88.985214,99.90234,0.0,280.4105,278.90967,515.25,539.25,-1.594777,403.96875,0.0,439.59375,79.82713,40.99847,197.32666,0.0,144.41,268.15625,6.237793,-1.2420654,62.139893,67.43927,2.6708984,144.5,144.05,141.94,141.73,0
367200.0,0.033230662,2.3383207,1.5069892,1.6011384,101.382675,21.80451,13.612064,25.831793,419.41995,268.00034,26.88,11.24,5.36,16.88,24.845,0.0,89.11603,0.0,0.0,298.875,193.875,4554.0,0.0,-3.03125,1.3648071,509.35406,19916.125,20000.502,1100.0834,499.89316,143.23433,129.1186,0.0,0.7554289,4.0,95.373535,33.865078,-3.7499952,-4.1249948,7.944,0.0,11.6796875,0.8970947,0.0,0.0,0.0,0.0,0.0,0.8017578,0.7998047,73.70148,2.3437505,279.43842,296.39944,0.0,88.986694,99.90234,0.0,280.04565,278.7853,515.25,539.25,-1.5883216,407.5,0.0,439.5,79.82713,40.998623,197.47925,0.0,144.37,269.125,6.225586,-0.9277344,61.73706,67.33856,2.6611328,144.73,144.44,142.16,142.16,0
367200.03,0.02658453,2.3415782,1.5028089,1.6011809,101.38274,21.80451,13.618289,25.77572,419.70404,267.5341,26.88,11.278,5.36,16.88,24.845,0.0,89.037186,0.0,0.0,299.625,193.875,4543.0,0.0,-2.890625,1.3616333,508.16833,20133.701,20000.502,1100.0834,499.89316,140.39423,128.75829,0.0,0.7605932,4.0,94.15741,33.86203,-3.7499952,-4.1249948,7.916,0.0,11.7421875,0.89068604,0.0,0.0,0.0,0.0,0.0,0.8027344,0.7998047,73.70148,2.3437505,279.05197,296.81406,0.0,88.98802,99.90234,0.0,279.74716,278.6941,515.625,538.875,-1.5831573,403.875,0.0,439.6875,79.82713,40.99876,196.67969,0.0,144.6,267.21875,6.210327,-0.6744385,62.51831,68.370056,2.65625,144.96,144.83,142.28,142.55,0
367200.1,0.041267626,2.3241315,1.5051113,1.601096,101.38279,21.80451,13.605068,25.73925,417.41806,267.71686,26.88,11.319,5.36,16.88,24.845,0.0,88.97411,0.0,0.0,301.125,194.25,4571.0,0.0,-2.828125,1.3690186,510.9212,19979.807,20000.502,1100.0834,499.89316,142.45012,129.24577,0.0,0.7647246,4.0,94.99512,33.859287,-3.3749957,-3.7499952,7.852,0.0,11.828125,0.9036255,0.0,0.0,0.0,0.0,0.0,0.80078125,0.7998047,73.70148,2.3437505,278.80063,295.91287,0.0,88.98922,99.90234,0.0,279.5399,278.55313,515.25,538.875,-1.5790259,410.75,0.0,439.28125,79.82713,40.998886,197.58911,0.0,144.91,271.09375,6.19812,-0.76904297,61.138916,66.83502,2.6538086,144.83,145.36,142.72,142.88,0
367200.12,0.0530141,2.2984028,1.5031861,1.601096,101.382835,21.80451,13.601672,25.691486,415.5447,266.57364,26.88,11.359,5.36,16.88,24.845,0.0,88.92365,0.0,0.0,300.375,194.25,4572.0,0.0,-2.8828125,1.3718262,511.96597,20087.002,20000.502,1100.0834,499.89316,140.9241,128.84308,0.0,0.7680298,4.0,94.25964,33.85682,-3.3749957,-3.7499952,7.844,0.0,12.34375,0.89746094,0.0,0.0,0.0,0.0,0.0,0.80371094,0.7998047,73.70148,2.3437505,278.47147,295.99585,0.0,88.990295,99.90234,0.0,279.2082,278.40387,515.625,538.875,-1.5757207,410.65625,0.0,439.28125,79.82713,40.999,197.42432,0.0,145.4,269.25,6.185913,-0.40283203,61.621094,67.6651,2.6586914,145.01,145.24,143.21,143.27,0
367200.16,0.06241128,2.2881112,1.5006614,1.601096,101.38288,21.80451,13.611014,25.606184,415.09515,266.6347,26.88,11.4,5.36,16.88,24.845,0.0,88.883286,0.0,0.0,300.0,194.25,4578.0,0.0,-2.953125,1.3717651,511.94937,20041.365,20000.502,1100.0834,499.89316,141.26321,128.6947,0.0,0.9269239,4.0,94.270325,33.854595,-3.3749957,-3.7499952,7.86,0.0,12.453125,0.9013672,0.0,0.0,0.0,0.0,0.0,0.8017578,0.7998047,73.70148,2.3437505,277.8835,295.88425,0.0,88.991264,99.90234,0.0,278.56143,278.2795,515.625,538.875,-1.4168266,410.53125,0.0,439.1875,79.82713,40.999104,197.08862,0.0,145.57,270.40625,6.173706,-0.15258789,61.242676,67.4942,2.6513672,145.59,145.41,143.54,142.88,0
367200.2,0.049929023,2.3027446,1.5022615,1.6010537,101.38292,21.80451,13.617554,25.649895,417.96048,268.59253,26.88,11.439,5.36,16.88,24.845,0.0,88.85099,0.0,0.0,300.375,194.25,4580.0,0.0,-2.9765625,1.3704834,512.0654,20062.592,20000.502,1100.0834,499.89316,140.9453,128.7159,0.0,0.8977891,4.0,94.11774,33.852596,-3.3749957,-3.7499952,7.836,0.0,12.4453125,0.9024048,0.0,0.0,0.0,0.0,0.0,0.80078125,0.7998047,73.70148,2.3437505,278.18484,295.84485,0.0,88.992134,99.90234,0.0,278.8931,278.1966,515.625,538.875,-1.4459614,410.625,0.0,439.28125,79.82713,40.999195,197.27783,0.0,145.86,270.71875,6.161499,-0.2960205,61.193848,67.31415,2.6513672,146.04,145.41,143.6,143.32,0
367200.25,0.059943218,2.2898479,1.4988763,1.6010537,101.38295,21.80451,13.63385,25.586254,415.7464,267.40305,26.88,11.478,5.36,16.88,24.845,0.0,88.82516,0.0,0.0,300.75,194.25,4584.0,0.0,-2.9375,1.3722534,512.7205,20093.371,20000.502,1100.0834,499.89316,139.56763,127.698555,0.0,0.8744813,4.0,93.45245,33.850796,-3.3749957,-3.7499952,7.812,0.0,11.7109375,0.8970947,0.0,0.0,0.0,0.0,0.0,0.79785156,0.7998047,73.70148,2.3437505,277.74622,296.10065,0.0,88.99292,99.90234,0.0,278.46194,278.09708,515.625,538.875,-1.4692692,410.28125,0.0,439.09375,79.82713,40.999275,197.16187,0.0,145.8,269.125,6.149292,-0.289917,61.657715,67.77191,2.6464844,146.11,146.11,143.54,143.76,0
367200.28,0.06795457,2.2659392,1.5006677,1.6009688,101.38298,21.80451,13.633538,25.505281,413.23538,267.75937,26.88,11.519,5.36,16.88,24.845,0.0,88.80449,0.0,0.0,298.875,194.625,4618.0,0.0,-2.9453125,1.37854,515.0671,19969.725,20000.502,1100.0834,499.89316,142.40773,129.30936,0.0,0.8558351,4.0,94.67926,33.773987,-3.3749957,-3.3749957,7.856,0.0,11.53125,0.91052246,0.0,0.0,0.0,0.0,0.0,0.8017578,0.7998047,73.70148,2.3437505,277.1881,295.57266,0.0,88.99363,99.90234,0.0,277.981,277.92294,516.0,538.875,-1.4879154,412.90625,0.0,438.78125,79.82713,40.999348,197.52808,0.0,146.17,273.15625,6.137085,-0.06713867,60.638428,66.91437,2.6464844,146.57,146.57,143.88,144.33,0
367200.3,0.13436365,2.2751257,1.4988965,1.6009688,101.38301,21.80451,13.64504,25.405825,416.28128,269.733,26.88,11.558,5.36,16.88,24.845,0.0,88.78796,0.0,0.0,298.125,194.625,4618.0,0.0,-3.0,1.3839111,517.082,20067.898,20000.502,1100.0834,499.89316,141.55994,129.45772,0.0,0.8409182,4.0,94.270325,33.704857,-3.3749957,-3.3749957,7.864,0.0,11.140625,0.91345215,0.0,0.0,0.0,0.0,0.0,0.7998047,0.7998047,73.70148,2.3437505,276.5026,294.60492,0.0,88.99426,99.90234,0.0,277.37573,277.73224,516.0,538.875,-1.5028323,413.4375,0.0,438.6875,79.82713,40.999413,197.59521,0.0,146.85,274.03125,6.1309814,0.036621094,60.406494,66.75568,2.6416016,146.63,146.91,144.44,144.61,0
367200.34,0.22749092,2.2975504,1.5000576,1.6009265,101.38303,21.80451,13.635512,25.377762,418.33936,272.2992,26.88,11.604,5.36,16.88,24.845,0.0,88.77473,0.0,0.0,298.5,194.625,4639.0,0.0,-2.9609375,1.3895874,519.18805,19794.07,20000.502,1100.0834,499.89316,144.61198,129.20338,0.0,0.8289846,4.0,95.74127,33.64264,-3.3749957,-3.3749957,7.86,0.0,11.8671875,0.9182129,0.0,0.0,0.0,0.0,0.0,0.7988281,0.7998047,73.70148,2.3437505,276.30917,294.28497,0.0,88.994835,99.90234,0.0,277.14352,277.5581,516.375,538.875,-1.5147659,412.78125,0.0,438.6875,79.82713,40.999474,198.18726,0.0,147.28,275.46875,6.1431885,0.23803711,60.076904,66.6214,2.644043,147.03,147.39,144.67,144.39,0
367200.38,0.28199273,2.3252702,1.4998834,1.6008841,101.38306,21.80451,13.622984,25.371098,421.01227,274.15714,26.88,11.639,5.36,16.88,24.845,0.0,88.764145,0.0,0.0,298.5,194.625,4641.0,0.0,-3.0625,1.3892212,519.0554,19951.15,20000.502,1100.0834,499.89316,142.49251,128.63112,0.0,0.81943774,4.0,94.566345,33.586647,-3.3749957,-3.3749957,7.824,0.0,11.84375,0.9179077,0.0,0.0,0.0,0.0,0.0,0.79785156,0.7998047,73.70148,2.3437505,276.26328,294.21744,0.0,88.99535,99.90234,0.0,277.06064,277.384,516.375,539.25,-1.5243127,413.0625,0.0,438.59375,79.82713,40.999527,198.21777,0.0,147.5,275.375,6.1553955,0.25634766,60.095215,66.64581,2.644043,147.86,147.32,144.9,144.67,0
367200.44,0.3055942,2.336358,1.4987801,1.6008841,101.38308,21.80451,13.631792,25.28502,421.3233,274.4188,26.88,11.678,5.36,16.88,24.845,0.0,88.75568,0.0,0.0,297.375,194.625,4642.0,0.0,-3.125,1.3907471,519.62756,20058.877,20000.502,1100.0834,499.89316,141.3056,128.54634,0.0,0.81180024,4.0,93.99414,33.536255,-3.3749957,-3.3749957,7.856,0.0,11.859375,0.91986084,0.0,0.0,0.0,0.0,0.0,0.7988281,0.7998047,73.70148,2.3437505,275.66998,293.68985,0.0,88.99582,99.90234,0.0,276.4719,277.24304,516.375,539.25,-1.5319502,412.9375,0.0,438.59375,79.82713,40.999577,198.03467,0.0,147.79,275.96875,6.1676025,0.55236816,59.973145,66.81366,2.6416016,147.97,147.5,145.01,144.96,0
367200.47,0.30447537,2.3407931,1.4953575,1.6009265,101.383095,21.80451,13.626239,25.214573,421.5844,274.52972,26.88,11.719,5.36,16.88,24.845,0.0,88.598526,0.0,0.0,297.375,194.625,4641.0,0.0,-3.15625,1.3880005,518.59937,20110.352,20000.502,1100.0834,499.89316,140.37303,128.14365,0.0,0.8056903,4.0,93.54553,33.4909,-3.3749957,-3.3749957,7.864,0.0,11.0,0.91674805,0.0,0.0,0.0,0.0,0.0,0.79785156,0.7998047,73.70148,2.3437505,275.1844,293.8863,0.0,88.99624,99.90234,0.0,275.94125,277.1684,516.375,539.25,-1.5380602,411.46875,0.0,438.6875,79.82713,40.99962,197.11914,0.0,147.56,275.03125,6.2042236,1.4190674,60.180664,68.41278,2.6342773,147.86,147.86,145.18,145.41,0
367200.5,0.3235803,2.3425672,1.493536,1.6008418,101.38311,21.80451,13.63993,25.172157,421.83734,275.58224,26.88,11.759,5.36,16.88,24.845,0.0,88.47281,0.0,0.0,297.375,194.625,4656.0,0.0,-3.015625,1.394043,520.2577,20104.514,20000.502,1100.0834,499.89316,139.24971,127.020325,0.0,0.80080235,4.0,93.003845,33.45008,-3.3749957,-3.3749957,7.856,0.0,11.3671875,0.9170532,0.0,0.0,0.0,0.0,0.0,0.796875,0.7998047,73.70148,2.3437505,274.89206,293.85645,0.0,88.99661,99.90234,0.0,275.61786,277.0606,516.375,539.25,-1.5429481,410.5625,0.0,438.5,79.82713,40.999657,197.58301,0.0,147.79,275.125,6.2469482,1.4953613,60.095215,68.42804,2.6269531,148.04,148.33,145.59,145.81,0
367200.56,0.33886427,2.324527,1.4927688,1.6008418,101.383125,21.80451,13.631935,25.103891,419.86017,274.70297,26.88,11.801,5.36,16.88,24.845,0.0,88.37224,0.0,0.0,300.0,194.625,4663.0,0.0,-3.125,1.3969116,521.33563,20072.143,20000.502,1100.0834,499.89316,140.26706,127.76214,0.0,0.7968919,4.0,93.49365,33.413345,-3.3749957,-3.3749957,7.744,0.0,11.3515625,0.91864014,0.0,0.0,0.0,0.0,0.0,0.79785156,0.7998047,73.70148,2.3437505,274.4215,293.59506,0.0,88.99695,99.90234,0.0,275.26132,276.91138,516.75,539.25,-1.5468585,410.125,0.0,438.28125,79.82713,40.99969,197.79053,0.0,148.23,275.59375,6.286621,1.6937256,59.973145,68.5318,2.6293945,148.22,148.39,146.04,146.04,0
367200.6,0.37109143,2.3173108,1.4880422,1.6008418,101.38314,21.80451,13.61462,24.993628,419.69455,275.0068,26.88,11.84,5.36,16.88,24.845,0.0,88.29178,0.0,0.0,299.25,194.625,4670.0,0.0,-3.1171875,1.3969727,521.35223,20065.244,20000.502,1100.0834,499.89316,139.2709,126.89315,0.0,0.79376364,4.0,93.01453,33.38028,-3.3749957,-3.3749957,7.772,0.0,11.46875,0.920105,0.0,0.0,0.0,0.0,0.0,0.79785156,0.7998047,73.70148,2.3437505,273.6615,293.59665,0.0,88.99725,99.90234,0.0,274.38242,276.7953,516.75,539.25,-1.5499868,409.6875,0.0,438.28125,79.82713,40.99972,197.11914,0.0,148.62,276.03125,6.362915,2.6885986,59.8938,69.51752,2.6293945,148.28,148.76,146.52,145.98,0
367200.62,0.35687315,2.2956743,1.4906684,1.6007993,101.383156,21.80451,13.620078,25.00609,417.57208,274.14337,26.88,11.878,5.36,16.88,24.845,0.0,88.22741,0.0,0.0,299.25,194.625,4679.0,0.0,-3.1171875,1.4002686,522.596,19912.412,20000.502,1100.0834,499.89316,141.36919,127.55019,0.0,0.79126096,4.0,93.87207,33.350525,-3.3749957,-3.3749957,7.752,0.0,11.3046875,0.9176636,0.0,0.0,0.0,0.0,0.0,0.7988281,0.7998047,73.70148,2.3437505,273.7474,293.24152,0.0,88.99753,99.90234,0.0,274.5731,276.65433,516.75,539.25,-1.5524895,409.875,0.0,438.1875,79.82713,40.999752,197.83936,0.0,148.84,275.3125,6.4178467,2.0202637,59.99756,69.00787,2.6293945,148.73,148.58,146.34,146.34,0
367200.7,0.32549852,2.2682698,1.4862431,1.6007993,101.38233,21.80451,13.618039,24.906023,415.15042,273.07776,26.88,11.919,5.36,16.88,24.845,0.0,88.17592,0.0,0.0,299.625,194.625,4688.0,0.0,-2.9765625,1.399353,522.8447,20002.625,20000.502,1100.0834,499.89316,140.9241,127.95289,0.0,0.78925884,4.0,93.65692,33.323746,-3.3749957,-3.3749957,7.732,0.0,11.078125,0.9244385,0.0,0.0,0.0,0.0,0.0,0.7988281,0.7998047,73.70148,2.3437505,273.05682,293.3332,0.0,88.99777,99.90234,0.0,273.92633,276.5548,516.75,538.875,-1.5544916,408.78125,0.0,438.09375,79.82713,40.99978,197.43042,0.0,149.03,277.34375,6.503296,2.9449463,59.625244,69.62128,2.6269531,149.24,148.69,146.45,146.52,0
367200.75,0.26039883,2.238558,1.4859287,1.6007571,101.38159,21.80451,13.6166115,24.915436,412.7773,272.09595,26.88,11.958,5.36,16.88,24.845,0.0,88.13472,0.0,0.0,299.25,195.0,4698.0,0.0,-2.8046875,1.3997803,523.00226,20140.07,20000.502,1100.0834,499.89316,138.33833,127.08391,0.0,0.78765714,4.0,92.411804,33.299644,-2.9999962,-2.9999962,7.748,0.0,11.171875,0.92559814,0.0,0.0,0.0,0.0,0.0,0.79589844,0.7998047,73.70148,2.3437505,273.12097,293.4484,0.0,88.99799,99.90234,0.0,273.90146,276.43045,517.125,538.875,-1.5560933,412.1875,0.0,438.09375,79.82713,40.9998,197.66846,0.0,149.18,277.6875,6.5734863,2.6184082,59.552002,69.29169,2.6293945,149.42,149.3,146.63,146.99,0
367200.78,0.22831906,2.2079232,1.48592,1.6007148,101.38093,21.80451,13.603893,24.847837,410.71872,271.2576,26.88,12.0,5.36,16.88,24.845,0.0,88.10176,0.0,0.0,300.375,195.0,4707.0,0.0,-2.609375,1.4030762,524.23773,19968.13,20000.502,1100.0834,499.89316,139.50404,126.82957,0.0,0.78637576,4.0,92.819214,33.27795,-2.9999962,-2.9999962,7.672,0.0,11.609375,0.93048096,0.0,0.0,0.0,0.0,0.0,0.7939453,0.7998047,73.70148,2.3437505,272.65436,292.84073,0.0,88.99819,99.90234,0.0,273.41226,276.26462,517.125,538.5,-1.5573747,411.03125,0.0,437.875,79.82713,40.999825,197.71729,0.0,149.46,279.15625,6.665039,2.4841309,59.277344,68.95599,2.6391602,149.84,149.9,147.09,147.16,0
367200.8,0.18265526,2.1956692,1.484776,1.6006722,101.381165,21.80451,13.60085,24.760052,410.8919,272.0638,26.88,12.039,5.36,16.88,24.845,0.0,88.07539,0.0,0.0,298.125,195.0,4719.0,0.0,-2.40625,1.4042358,525.2659,19888.0,20000.502,1100.0834,499.89316,140.16109,126.46925,0.0,0.7853507,4.0,93.1366,33.258427,-2.9999962,-2.9999962,7.74,0.0,11.8046875,0.93341064,0.0,0.0,0.0,0.0,0.0,0.7988281,0.7998047,73.70148,2.3437505,272.0495,292.4749,0.0,88.998375,99.90234,0.0,272.88156,276.10706,517.125,538.5,-1.5583998,411.03125,0.0,437.6875,79.82713,40.999844,197.77832,0.0,149.93,280.03125,6.7626953,3.1707764,59.106445,69.55719,2.644043,150.14,150.14,147.56,147.39,0
367200.84,0.16612421,2.2095177,1.4815336,1.6006724,101.38137,21.80451,13.604579,24.688177,413.33093,274.02673,26.88,12.078,5.36,16.88,24.845,0.0,88.054306,0.0,0.0,296.25,195.0,4725.0,0.0,-2.3671875,1.4039307,525.15814,19891.184,20000.502,1100.0834,499.89316,140.22467,126.40567,0.0,0.78453064,4.0,93.167114,33.240852,-2.9999962,-2.9999962,7.804,0.0,11.78125,0.93652344,0.0,0.0,0.0,0.0,0.0,0.796875,0.7998047,73.70148,2.3437505,271.5543,292.58566,0.0,88.998535,99.90234,0.0,272.29288,275.95782,517.5,538.5,-1.5592198,409.53125,0.0,438.0,79.82713,40.99986,197.43042,0.0,150.15,280.96875,6.8573,3.5736084,58.929443,69.87152,2.6416016,150.14,150.63,147.74,147.45,0
367200.9,0.15289937,2.233807,1.4800454,1.6006299,101.38156,21.80451,13.583752,24.656698,415.9462,276.11078,26.88,12.119,5.36,16.88,24.845,0.0,88.03743,0.0,0.0,297.75,195.0,4731.0,0.0,-2.0390625,1.4069214,525.66394,19877.387,20000.502,1100.0834,499.89316,139.54643,125.515495,0.0,0.62762463,4.0,92.840576,33.225037,-2.9999962,-2.9999962,7.744,0.0,11.4609375,0.93603516,0.0,0.0,0.0,0.0,0.0,0.79589844,0.7998047,73.70148,2.3437505,271.3375,292.493,0.0,88.99868,99.90234,0.0,272.07727,275.81686,517.5,537.75,-1.7161258,409.34375,0.0,437.78125,79.82713,40.999874,197.43042,0.0,150.6,280.8125,6.9610596,3.640747,58.95996,70.07294,2.6464844,150.52,150.71,147.92,147.68,0
367200.94,0.1223195,2.224773,1.4772589,1.6006298,101.38173,21.80451,13.59261,24.609415,413.6993,275.1997,26.88,12.158,5.36,16.88,24.845,0.0,88.02393,0.0,0.0,297.75,195.0,4741.0,0.0,-2.0703125,1.4074707,525.8712,19926.209,20000.502,1100.0834,499.89316,139.08015,125.4731,0.0,0.50209975,4.0,92.47284,33.210804,-2.9999962,-2.9999962,7.728,0.0,11.3359375,0.93426514,0.0,0.0,0.0,0.0,0.0,0.79589844,0.7998047,73.70148,2.3437505,271.01175,292.78064,0.0,88.99881,99.90234,0.0,271.7539,275.6676,517.5,538.125,-1.8416507,411.5625,0.0,437.6875,79.82713,40.99989,197.3877,0.0,150.66,280.28125,7.0739746,4.019165,59.057617,70.66193,2.6538086,150.75,150.63,147.97,148.04,0
367200.97,0.0778556,2.2024093,1.4810443,1.6005875,101.38188,21.80451,13.598811,24.654114,411.33542,274.14667,26.88,12.2,5.36,16.88,24.845,0.0,88.01314,0.0,0.0,299.625,195.0,4750.0,0.0,-2.15625,1.4112549,527.2974,19985.645,20000.502,1100.0834,499.89316,139.35568,126.2997,0.0,0.40167987,4.0,92.60559,33.197994,-2.9999962,-2.9999962,7.66,0.0,11.1171875,0.93084717,0.0,0.0,0.0,0.0,0.0,0.7939453,0.7998047,73.70148,2.3437505,271.32,292.27924,0.0,88.99893,99.90234,0.0,272.24313,275.5764,517.5,538.125,-1.9420706,412.9375,0.0,437.5,79.82713,40.9999,198.24219,0.0,150.96,279.25,7.1746826,2.1087646,59.25293,69.04755,2.6513672,151.38,150.88,148.16,148.28,0
367201.0,0.022284482,2.1747139,1.4822392,1.6005874,101.38202,21.80451,13.585574,24.630705,409.19412,273.23627,26.88,12.24,5.36,16.88,24.845,0.0,88.0045,0.0,0.0,295.5,195.0,4759.0,0.0,-2.203125,1.4138184,528.251,19934.168,20000.502,1100.0834,499.89316,139.71599,126.13014,0.0,0.32134414,4.0,92.77954,33.186466,-2.9999962,-2.9999962,7.768,0.0,11.0703125,0.9406128,0.0,0.0,0.0,0.0,0.0,0.79589844,0.7998047,73.70148,2.3437505,271.15878,291.95383,0.0,88.99904,99.90234,0.0,271.96948,275.37738,517.875,538.125,-2.0224063,408.46875,0.0,437.375,79.82713,40.999912,198.47412,0.0,151.33,282.1875,7.2784424,2.3925781,58.703613,68.855286,2.65625,151.51,151.35,148.56,148.73,0
367201.06,-0.022172414,2.1636357,1.4808168,1.6005874,101.38214,21.80451,13.588027,24.588095,409.60602,273.2814,26.88,12.278,5.36,16.88,24.845,0.0,87.99759,0.0,0.0,298.875,195.0,4755.0,0.0,-2.4296875,1.413147,527.9939,19925.678,20000.502,1100.0834,499.89316,140.0975,126.34209,0.0,0.25707555,4.0,92.96265,33.17609,-2.9999962,-2.9999962,7.676,0.0,11.015625,0.93237305,0.0,0.0,0.0,0.0,0.0,0.7949219,0.7998047,73.70148,2.3437505,270.8652,291.82544,0.0,88.99914,99.90234,0.0,271.6793,275.30276,517.875,538.5,-2.086675,409.28125,0.0,437.59375,79.82713,40.999924,198.32764,0.0,151.36,279.71875,7.3913574,3.6254883,59.16748,70.65277,2.6635742,151.26,151.53,148.87,148.94,0
367201.1,-0.07773793,2.1779542,1.4805052,1.6005452,101.382256,21.80451,13.583884,24.541697,411.98788,275.85324,26.88,12.319,5.36,16.88,24.845,0.0,87.841675,0.0,0.0,298.125,195.0,4772.0,0.0,-2.4453125,1.4147339,529.2045,19969.193,20000.502,1100.0834,499.89316,138.50789,125.19757,0.0,0.20566058,4.0,92.04407,33.16675,-2.9999962,-2.9999962,7.684,0.0,11.484375,0.9415283,0.0,0.0,0.0,0.0,0.0,0.79589844,0.7998047,73.70148,2.3437505,270.5455,291.58737,0.0,88.99922,99.90234,0.0,271.27298,275.19498,517.875,538.5,-2.13809,408.78125,0.0,437.28125,79.82713,40.99993,198.47412,0.0,151.68,282.46875,7.495117,4.232788,58.64868,70.84503,2.6611328,151.94,151.98,149.06,149.0,0
367201.12,-0.102190346,2.1649318,1.4818535,1.6005027,101.382355,21.80451,13.5868435,24.531034,409.4911,274.98587,26.88,12.358,5.36,16.88,24.845,0.0,87.71695,0.0,0.0,296.25,195.0,4786.0,0.0,-2.5703125,1.4182739,530.5063,20019.607,20000.502,1100.0834,499.89316,138.84702,125.85461,0.0,0.16452861,4.0,92.20734,33.158348,-2.9999962,-2.9999962,7.736,0.0,11.3828125,0.9491577,0.0,0.0,0.0,0.0,0.0,0.7949219,0.7998047,73.70148,2.3437505,270.4721,291.12915,0.0,88.9993,99.90234,0.0,271.26468,275.02914,518.25,538.5,-2.1792219,409.15625,0.0,437.1875,79.82713,40.99994,198.9624,0.0,151.88,284.75,7.611084,4.058838,58.215332,70.32318,2.6635742,152.08,152.55,149.42,149.15,0
367201.16,-0.12175228,2.1409729,1.4810239,1.6004602,101.38245,21.80451,13.600634,24.516464,407.13074,273.5722,26.88,12.401,5.36,16.88,24.845,0.0,87.61717,0.0,0.0,297.75,195.0,4789.0,0.0,-2.5234375,1.4177856,530.9458,20093.371,20000.502,1100.0834,499.89316,138.61386,126.00297,0.0,0.13162303,4.0,92.09442,33.150784,-2.9999962,-2.9999962,7.676,0.0,11.3671875,0.9505005,0.0,0.0,0.0,0.0,0.0,0.7919922,0.7998047,73.70148,2.3437505,270.37177,291.30066,0.0,88.99937,99.90234,0.0,271.27298,274.8633,518.25,538.5,-2.2121274,408.4375,0.0,437.0,79.82713,40.999947,199.28589,0.0,152.59,285.15625,7.7209473,3.515625,58.14209,69.792175,2.6611328,152.21,152.45,149.3,149.36,0
367201.22,-0.11740182,2.1501393,1.479669,1.6004602,101.38253,21.80451,13.592709,24.550547,409.79968,275.4806,26.88,12.44,5.36,16.88,24.845,0.0,87.53735,0.0,0.0,298.5,195.0,4791.0,0.0,-2.5390625,1.4138184,529.45325,19990.951,20000.502,1100.0834,499.89316,138.80463,125.15518,0.0,-0.05095148,4.0,92.185974,33.143974,-2.9999962,-2.9999962,7.64,0.0,10.984375,0.95196533,0.0,0.0,0.0,0.0,0.0,0.7919922,0.7998047,73.70148,2.3437505,270.60678,291.7966,0.0,88.99943,84.27734,0.0,271.38907,274.7638,518.25,538.875,-2.394702,407.1875,0.0,437.09375,79.82713,40.999954,198.90747,0.0,152.57,285.59375,7.8338623,2.0965576,58.05664,68.40668,2.6635742,152.45,152.21,149.54,149.48,0
367201.25,-0.15392146,2.1538057,1.4790895,1.4444243,101.38261,21.80451,13.59302,24.45889,410.51935,275.6188,26.88,12.478,5.36,16.88,24.845,0.0,87.473495,0.0,0.0,298.875,195.0,4785.0,0.0,-2.5234375,1.3341064,499.61124,20105.045,20000.502,1100.0834,499.89316,138.40192,125.8758,0.0,-0.197011,4.0,91.99219,33.137848,-2.9999962,-2.9999962,7.636,0.0,11.3125,0.85406494,0.0,0.0,0.0,0.0,0.0,0.79296875,0.7998047,73.70148,2.3437505,269.97507,263.9773,0.0,88.99948,68.359375,0.0,270.75888,274.70575,518.25,538.5,-2.5407615,409.25,0.0,351.0625,79.82713,40.99996,198.71216,0.0,152.59,256.21875,7.9467773,4.296875,66.85181,79.62494,2.6708984,152.6,152.32,150.03,150.08,0
367201.28,-0.20313716,2.1365223,1.4781415,1.2279408,101.38184,21.80451,13.587379,24.454317,408.23456,274.6576,26.88,12.52,5.36,16.88,24.845,0.0,87.42241,0.0,99.84131,298.875,195.0,4795.0,0.0,-2.4296875,1.2366333,463.11096,19831.219,20000.502,1100.0834,499.89316,140.9453,125.23996,0.0,-0.31385875,4.0,93.218994,33.13233,-2.9999962,-2.9999962,7.632,0.0,11.4921875,0.9283447,0.0,0.0,0.0,0.0,0.0,0.7949219,0.7998047,73.70148,2.3437505,269.94278,226.23695,0.0,88.999535,37.597656,0.0,270.68427,254.80556,518.25,538.5,-2.6576092,408.71875,0.0,162.875,79.82713,40.999966,201.08032,0.0,152.57,278.5,8.029175,0.0,60.998535,69.55109,2.7490234,152.72,152.48,150.33,150.39,0
367201.3,-0.2625097,2.110859,1.305483,1.0620282,101.38116,21.80451,13.601009,20.073242,405.88135,272.73267,26.88,12.558,5.36,16.88,24.845,0.0,87.38153,0.0,99.998474,305.625,195.0,4789.0,0.0,-2.5,1.0716553,401.3208,19950.09,20000.502,1100.0834,499.89316,122.71778,108.17816,0.0,-0.40733695,4.0,84.43451,33.12737,-2.6249967,-2.9999962,7.384,0.0,11.484375,1.4138184,0.0,0.0,0.0,0.0,0.0,0.7919922,0.7998047,73.70148,2.3437505,239.74384,197.24585,0.0,88.99958,11.425781,0.0,240.60178,219.1593,518.25,538.5,-2.7510874,386.1875,0.0,24.5,69.09016,40.99997,176.45264,0.0,152.6,424.15625,7.998657,-35.29358,45.880127,18.748474,2.4804688,152.95,152.96,151.03,150.39,0
367201.38,-0.31000775,2.0818436,1.1536069,0.8918763,101.38054,21.80451,13.616409,16.31343,404.02853,270.80737,26.88,12.604,5.36,16.88,24.845,0.0,87.34883,0.0,99.998474,329.25,195.375,4777.0,0.0,-3.140625,0.86535645,328.56897,20030.752,20000.502,1100.0834,499.89316,108.11458,94.380356,0.0,-0.32586956,4.0,77.397156,33.122902,-1.4999981,-3.3749957,6.576,0.0,10.2890625,1.3543701,0.0,0.0,0.0,0.0,0.0,0.8261719,0.7998047,73.70148,2.3437505,213.82724,168.0138,0.0,88.99962,0.0,0.0,225.9171,183.19798,518.25,538.875,-2.66962,337.78125,0.0,-51.375,35.0119,40.999973,156.96411,0.0,152.71,406.3125,7.9437256,-46.728516,49.816895,11.0321045,1.8969727,152.72,152.89,151.38,150.82,0
367201.4,-0.2680062,2.0327375,0.91897607,0.68009806,101.38081,21.80451,13.62719,10.531053,399.366,266.89774,26.88,12.639,5.36,16.88,24.845,0.0,87.32268,0.0,99.998474,363.375,193.875,4763.0,0.0,-5.0,0.61053467,250.07925,20548.156,20000.502,1100.0834,499.89316,84.44001,76.44958,0.0,0.2080543,4.0,66.14227,33.11888,2.2499971,-4.4999943,5.388,0.0,7.0859375,1.4188232,0.0,0.0,0.0,0.0,0.0,0.85058594,0.7998047,72.22748,2.3437505,173.97021,131.80412,0.0,89.099655,0.0,0.0,217.0698,138.67126,517.875,541.125,-2.1356962,269.21875,0.0,-44.6875,23.341269,40.999977,148.57178,0.0,152.73,425.65625,7.2906494,-47.421265,8.69751,0.0,1.7041016,152.66,152.63,151.43,151.03,0
367201.44,-0.21440497,1.881845,0.67109895,0.471711,101.38106,21.80451,13.634736,4.57314,381.13342,253.96417,26.88,12.678,5.36,16.88,24.845,0.0,87.30176,0.0,99.998474,405.375,193.875,4749.0,0.0,-10.9140625,0.2630005,177.31084,20738.668,19763.822,1100.0834,499.89316,61.104553,57.607414,0.0,0.79144347,4.0,55.119324,33.115265,14.249982,-3.3749957,3.912,0.0,-0.0546875,1.4293823,0.0,0.0,0.0,0.0,0.0,0.8701172,0.7998047,65.70587,2.3437505,132.90321,96.27757,0.0,89.18969,0.0,0.0,212.61711,101.383255,517.125,546.0,-1.552307,192.03125,0.0,-35.875,18.206188,40.99998,142.89551,0.0,152.54,428.8125,6.0699463,-48.327637,0.0,0.0,1.496582,152.25,152.32,151.13,151.35,0
367201.47,-0.15152398,1.6527381,0.48325318,0.3289854,101.38128,21.80451,13.640018,-0.18850537,356.1236,236.7495,26.88,12.719,5.36,16.88,24.845,0.0,87.28502,0.0,99.998474,415.125,196.5,4738.0,0.0,-13.109375,0.14501953,147.5849,20144.314,19292.055,1100.0834,499.89316,46.077454,43.343327,0.0,1.4144049,4.0,48.857117,33.112007,16.874979,-2.2499971,3.552,0.0,-6.546875,0.8691406,0.0,0.0,0.0,0.0,0.0,0.85058594,0.7998047,61.41815,2.3437505,100.08193,71.98378,0.0,89.27072,0.0,0.0,204.73167,101.383255,516.0,549.0,-0.9293456,119.0,0.0,-29.28125,14.471586,40.999985,136.09009,0.0,152.59,260.75,4.849243,-48.657227,0.0,0.0,1.2548828,151.88,151.64,151.51,151.51,0
367201.53,-0.16121918,1.3548453,0.3406905,0.20257972,101.38148,21.80451,13.667153,-3.6182275,321.32904,212.08528,26.88,12.759,5.36,16.88,24.845,0.0,87.27162,0.0,99.998474,443.25,196.5,4704.0,0.0,-12.21875,0.103515625,133.56355,20014.3,18825.064,1100.0834,499.89316,27.404852,30.117783,0.0,1.600274,4.0,40.43579,33.109077,21.374973,-3.3749957,2.512,0.0,-13.0625,0.51727295,0.0,0.0,0.0,0.0,0.0,0.80078125,0.7998047,58.43811,2.3437505,76.44143,49.59064,0.0,89.34365,0.0,0.0,189.67384,101.383255,514.125,548.25,-0.7434765,66.0625,0.0,-29.09375,11.670634,40.99999,125.634766,0.0,151.9,155.1875,3.62854,-50.338745,13.873291,0.0,1.0180664,151.56,151.43,151.13,151.43,0
367201.56,-0.16897535,1.0106882,0.23222075,0.10991612,101.38165,21.80451,13.680288,-6.3096814,276.13492,181.82982,26.88,12.8,5.36,16.88,24.845,0.0,87.26091,0.0,99.998474,454.875,195.75,4693.0,0.0,-7.0390625,0.07702637,123.09936,19576.496,18358.072,1100.0834,499.89316,15.91728,20.3046,0.0,1.2802193,4.0,35.38971,33.106438,29.249962,0.74999905,2.04,0.0,-19.28125,0.2781372,0.0,0.0,0.0,0.0,0.0,0.76660156,0.7998047,56.7276,2.3437505,57.889706,34.14405,0.0,89.40929,0.0,0.0,180.23782,101.383255,512.625,543.75,-1.0635312,23.34375,0.0,-29.875,7.936031,40.999992,117.60254,0.0,151.25,83.4375,2.407837,-50.881958,29.663086,0.0,0.7836914,151.01,151.07,150.63,150.52,0
367201.6,-0.15518028,0.5917753,0.15529543,0.09444394,101.38181,21.80451,13.677764,-8.319096,200.87904,130.92229,26.88,12.84,5.36,16.88,24.845,0.0,87.252335,0.0,99.998474,469.125,210.375,4645.0,0.0,-5.2890625,0.068847656,115.70311,18622.877,17897.45,1100.0834,499.89316,14.115724,14.921125,0.0,1.4148005,4.0,35.240173,33.104065,39.37495,13.874982,1.376,0.0,-20.601562,0.07434082,0.0,0.0,0.0,0.0,0.0,0.82128906,0.7998047,55.97992,2.5781255,44.039196,32.28848,0.0,89.46835,0.0,0.0,172.2363,101.383255,507.75,541.5,-1.163325,12.65625,0.0,-31.875,6.535555,40.999996,111.590576,0.0,151.16,22.3125,1.1871338,-53.256226,69.99512,17.926025,0.72265625,151.31,151.53,150.82,150.33,0
367201.62,-0.16414422,0.18046011,0.13001978,0.094486326,101.38196,21.80451,13.687716,-9.144597,0.0,0.0,26.88,12.878,5.36,16.88,24.845,0.0,87.24548,0.0,99.998474,477.375,212.25,4662.0,0.0,-6.75,0.06585693,110.6866,17969.09,17436.826,1100.0834,499.89316,11.614739,12.716868,0.0,1.4990281,4.0,34.51996,33.10193,40.12495,13.124983,1.012,0.0,-19.125,0.046875,0.0,0.0,0.0,0.0,0.0,0.7841797,0.7998047,55.78766,2.742188,38.349247,31.483866,0.0,89.521515,0.0,0.0,164.30937,101.383255,505.875,542.25,-1.2431599,1.6875,0.0,-32.6875,6.535555,40.999996,103.54614,0.0,151.38,14.0625,0.0,-52.41394,80.88989,28.475952,0.48339844,151.53,151.64,150.58,150.2,0
367201.7,-0.13131538,-0.20906594,0.11820637,0.09461351,101.38209,21.80451,13.688823,-9.706348,0.0,0.0,26.88,12.919,5.36,16.88,24.845,0.0,87.23999,0.0,99.998474,483.75,208.875,4693.0,0.0,-8.71875,0.065979004,109.23554,17433.64,16969.834,1100.0834,499.89316,9.770794,11.275623,0.0,1.3937536,4.0,32.89032,33.02482,40.12495,10.874986,0.78,0.0,-16.367188,0.047058105,0.0,0.0,0.0,0.0,0.0,0.7910156,0.7998047,55.659485,2.8570316,34.47729,29.893068,0.0,89.56936,0.0,0.0,155.57816,101.383255,505.875,544.875,-1.4632779,-6.78125,0.0,-33.5,6.535555,40.999996,94.72046,0.0,150.85,14.125,0.0,-50.881958,80.822754,29.940796,0.40039062,150.95,150.71,150.59,150.58,0
367201.72,-0.10505231,-0.4586264,0.11084909,0.09478305,101.3822,21.80451,13.701317,-10.1429825,0.0,0.0,26.88,12.959,5.36,16.88,24.845,0.0,87.235596,0.0,99.998474,486.75,209.625,4731.0,0.0,-9.65625,0.06555176,108.51416,16664.166,16502.842,1100.0834,499.89316,11.508766,10.427832,0.0,1.2980497,4.0,32.92389,32.955418,40.12495,12.374984,0.664,0.0,-11.8125,0.047668457,0.0,0.0,0.0,0.0,0.0,0.7783203,0.7998047,55.586243,2.937422,31.467724,28.365465,0.0,89.61242,0.0,0.0,149.1935,101.383255,505.5,546.0,-1.6393723,-7.84375,0.0,-33.59375,6.535555,40.999996,87.76245,0.0,150.99,14.3125,0.0,-49.002075,80.54199,31.539917,0.52978516,150.52,150.82,150.14,150.47,0
367201.75,-0.04404185,-0.5959506,0.10392067,0.09474067,101.38231,21.80451,13.704203,-10.496589,0.0,0.0,26.88,13.0,5.36,16.88,24.845,0.0,87.232086,0.0,99.998474,486.375,210.375,4713.0,0.0,-9.6015625,0.06561279,108.00008,16220.525,16035.852,1100.0834,499.89316,10.258274,10.237079,0.0,1.2134476,4.0,31.539917,32.89296,40.12495,13.124983,0.68,0.0,-8.7578125,0.04663086,0.0,0.0,0.0,0.0,0.0,0.7910156,0.8544922,55.49469,2.9936955,29.030466,27.270153,0.0,89.65118,0.0,0.0,143.61316,101.383255,505.875,545.625,-1.7802479,-9.875,0.0,-34.09375,6.535555,40.999996,81.622314,0.0,150.44,14.0,0.0,-50.109863,80.96924,30.859375,0.6176758,150.41,150.27,149.87,149.9,0
367201.78,0.02476652,-0.6508803,0.10073477,0.09474067,101.3824,21.80451,13.694504,-10.606492,0.0,0.0,26.88,13.039,5.36,16.88,24.845,0.0,87.22928,0.0,99.998474,488.625,210.375,4698.0,0.0,-9.8203125,0.066223145,107.3782,15837.91,15568.859,1100.0834,499.89316,7.6725106,9.134951,0.0,1.1401384,4.0,29.676819,32.836746,40.12495,12.374984,0.6,0.0,-6.9140625,0.04425049,0.0,0.0,0.0,0.0,0.0,0.78808594,0.86035156,55.259705,3.0330868,28.273003,27.15094,0.0,89.68606,0.0,0.0,137.82552,101.383255,505.875,546.0,-1.8929484,-11.5625,0.0,-34.1875,7.0023804,40.999996,76.31836,0.0,150.72,13.28125,0.0,-50.424194,81.98242,31.558228,0.6542969,150.08,150.03,149.87,149.9,0
367201.84,0.059813216,-0.6541021,0.10056126,0.09474067,101.382484,21.80451,13.705293,-10.605044,0.0,0.0,26.88,13.078,5.36,16.88,24.845,0.0,87.227036,0.0,99.998474,488.25,208.5,4713.0,0.0,-9.8515625,0.06640625,107.21236,15069.497,15101.868,1100.0834,499.89316,10.173494,9.262119,0.0,1.0775518,4.0,30.085754,32.78615,40.12495,10.124987,0.6,0.0,-6.3359375,0.044067383,0.0,0.0,0.0,0.0,0.0,0.80078125,0.8671875,55.264282,3.0606606,28.283064,27.172615,0.0,89.71745,0.0,0.0,133.9118,101.383255,505.5,546.0,-1.9831088,-12.9375,0.0,-34.0,7.0023804,40.999996,71.221924,0.0,150.12,13.21875,0.0,-50.494385,82.06787,31.573486,0.5957031,150.82,149.97,149.78,149.72,0
367201.88,0.047850575,-0.6928909,0.10039243,0.09474067,101.38173,21.80451,13.695268,-10.622791,0.0,0.0,26.88,13.119,5.36,16.88,24.845,0.0,87.225235,0.0,99.998474,487.5,207.0,4712.0,0.0,-9.734375,0.066711426,107.1709,14682.106,14634.877,1100.0834,499.89316,9.495262,8.986587,0.0,1.0247254,4.0,29.109192,32.665432,40.12495,8.999989,0.632,0.0,-5.6484375,0.042907715,0.0,0.0,0.0,0.0,0.0,0.82128906,0.87109375,55.18036,3.0799625,28.159988,27.089123,0.0,89.745705,0.0,0.0,130.27173,101.37496,505.5,545.625,-2.055237,-14.5,0.0,-34.0,7.469206,40.999996,66.87622,0.0,150.02,12.875,0.0,-50.582886,82.55615,31.973267,0.5419922,149.75,150.08,149.9,149.48,0
367201.9,0.03828046,-0.7084063,0.09818391,0.094655894,101.38105,21.80451,13.699968,-10.693402,0.0,0.0,26.88,13.159,5.36,16.88,24.845,0.0,87.2238,0.0,99.998474,487.5,205.875,4703.0,0.0,-9.4765625,0.06665039,107.08798,14157.803,14167.885,1100.0834,499.89316,10.237079,8.371939,0.0,0.6680341,4.0,29.200745,32.55678,40.12495,7.4999905,0.644,0.0,-5.5078125,0.04058838,0.0,0.0,0.0,0.0,0.0,0.8046875,0.8769531,55.15747,3.0934737,27.67259,27.007307,0.0,89.77113,0.0,0.0,127.36961,101.37496,505.875,545.625,-2.4254396,-15.9375,0.0,-34.0,7.469206,40.999996,62.982178,0.0,150.02,12.1875,0.0,-47.94922,83.49609,35.546875,0.5810547,150.14,150.14,149.72,149.3,0
367201.94,0.03062437,-0.75211257,0.096933454,0.09461351,101.38044,21.80451,13.709118,-10.722454,0.0,0.0,26.88,13.2,5.36,16.88,24.845,0.0,87.22266,0.0,99.998474,487.5,204.375,4703.0,0.0,-9.2265625,0.066833496,106.83094,13462.091,13489.687,1100.0834,499.89316,12.822843,8.223575,0.0,-0.009294987,4.0,30.052185,32.459,40.12495,6.374992,0.624,0.0,-5.6015625,0.039367676,0.0,0.0,0.0,0.0,0.0,0.79003906,0.8671875,55.067444,3.3373065,27.471735,26.963858,0.0,89.79402,0.0,0.0,124.434326,101.37496,505.5,545.25,-3.3466015,-17.71875,0.0,-34.09375,7.469206,40.999996,59.87549,0.0,149.89,11.8125,0.0,-44.77234,84.002686,39.230347,0.5810547,149.84,149.82,149.21,148.94,0
367201.97,0.024499496,-0.769595,0.093159296,0.09461351,101.38072,21.80451,13.721382,-10.688093,0.0,0.0,26.88,13.24,5.36,16.88,24.845,0.0,87.22174,0.0,99.998474,487.875,204.0,4689.0,0.0,-9.7109375,0.066833496,106.80606,12938.849,12938.849,1100.0834,499.89316,7.312199,7.163836,0.0,0.83070827,4.0,26.168823,32.370995,40.12495,5.9999924,0.62,0.0,-6.09375,0.037353516,0.0,0.0,0.0,0.0,0.0,0.79296875,1.0,52.900696,3.5079894,27.70886,27.985062,0.0,89.81462,0.0,0.0,122.220436,101.383255,505.5,545.625,-2.6772811,-21.84375,0.0,-34.09375,7.469206,40.999996,55.993652,0.0,149.74,11.21875,0.0,-41.619873,84.82056,43.200684,0.52978516,149.42,149.42,148.94,149.0,0
367202.06,0.019599598,-0.7765881,0.09124101,0.094486326,101.380974,21.80451,13.7358265,-10.604675,0.0,0.0,26.88,13.278,5.36,16.88,24.845,0.0,87.22101,0.0,99.998474,486.75,204.0,4668.0,0.0,-9.765625,0.066833496,106.32514,12350.863,12350.863,1100.0834,499.89316,4.7900205,7.057862,0.0,1.4856427,4.0,24.284363,32.29179,40.12495,5.9999924,0.66,0.0,-6.0625,0.036621094,0.0,0.0,0.0,0.0,0.0,0.8154297,1.0,52.900696,3.6274676,28.284105,28.893826,0.0,89.83316,0.0,0.0,120.39625,101.383255,505.5,546.0,-2.141825,-25.78125,0.0,-33.875,7.469206,40.999996,53.326416,0.0,149.68,11.0,0.0,-39.642334,85.11963,45.477295,0.67871094,149.42,149.32,148.76,149.06,0
367202.1,0.05567968,-0.77938527,0.087544866,0.094486326,101.3812,21.80451,13.740078,-10.428129,0.0,0.0,26.88,13.319,5.36,16.88,24.845,0.0,87.22041,0.0,99.998474,490.125,204.0,4666.0,0.0,-9.8046875,0.06744385,105.728134,11557.509,11557.509,1100.0834,499.89316,0.0,6.570382,0.0,1.9976423,4.0,0.0,32.220505,40.12495,5.9999924,0.524,0.0,-6.0234375,0.035095215,0.0,0.0,0.0,0.0,0.0,0.8925781,1.0,52.487183,3.7111022,29.501242,30.827637,0.0,89.849846,0.0,0.0,118.73791,101.383255,505.125,546.0,-1.71346,-32.1875,0.0,-33.59375,7.936031,40.999996,50.585938,0.0,149.47,10.53125,0.0,-36.30066,85.7666,49.465942,0.6176758,149.3,149.18,148.82,148.94,0
367202.12,0.044543743,-0.7805041,0.09156773,0.09444394,101.38141,21.80451,13.766492,-10.314696,0.0,0.0,26.88,13.359,5.36,16.88,24.845,0.0,87.21994,0.0,99.998474,0.0,204.0,4654.0,0.0,-9.9140625,0.06768799,105.62034,11469.417,11469.417,1100.0834,499.89316,0.0,6.9942775,0.0,2.3988786,4.0,0.0,32.15635,40.12495,5.9999924,0.0,0.0,-5.296875,0.03466797,0.0,0.0,0.0,0.0,0.0,1.2265625,1.0,52.487183,3.7696466,30.283333,30.78873,0.0,89.86486,0.0,0.0,116.86397,101.383255,720.0,546.0,-1.370768,-32.21875,0.0,-33.375,7.936031,40.999996,48.480225,0.0,149.1,10.40625,0.0,-33.64868,85.94971,52.301025,0.5883789,149.1,149.06,148.76,148.82,0
367202.2,0.095635,-0.81845164,0.09192857,0.09444394,101.38159,21.80451,13.779122,-10.327135,0.0,0.0,26.88,13.4,5.36,16.88,24.845,0.0,87.21956,0.0,99.998474,0.0,204.375,4644.0,0.0,-9.921875,0.0690918,105.79447,11522.484,11522.484,1100.0834,499.89316,0.0,7.2274203,0.0,2.7140133,4.0,0.0,32.09861,40.12495,5.9999924,0.0,0.0,-5.1171875,0.032714844,0.0,0.0,0.0,0.0,0.0,1.8925781,1.0,52.07367,3.8106277,30.197777,30.682005,0.0,89.87837,0.0,0.0,115.6119,101.383255,720.0,546.0,-1.0966144,-32.21875,0.0,-33.5,7.469206,40.999996,46.002197,0.0,148.93,9.8125,0.0,-31.439209,86.8042,55.36499,0.60302734,149.0,149.18,148.76,148.33,0
367202.22,0.136508,-0.8523807,0.09336183,0.09444394,101.38176,21.80451,13.787964,-10.275957,0.0,0.0,26.88,13.439,5.36,16.88,24.845,0.0,87.21925,0.0,99.998474,0.0,204.0,4659.0,0.0,-9.9453125,0.070373535,105.777885,11565.469,11565.469,1100.0834,499.89316,0.0,7.6089263,0.0,2.962023,4.0,0.0,31.971455,40.12495,5.9999924,0.0,0.0,-5.1484375,0.032043457,0.0,0.0,0.0,0.0,0.0,1.9999695,1.0,52.07367,3.8393145,30.550707,30.771332,0.0,89.89053,0.0,0.0,114.55885,101.383255,720.0,546.0,-0.8772915,-32.21875,0.0,-33.5,7.936031,40.999996,45.288086,0.0,148.95,9.625,0.0,-28.771973,87.13989,58.36792,0.67626953,148.82,148.94,148.45,148.04,0
367202.25,0.1292064,-0.9222023,0.095251545,0.09444394,101.38191,21.80451,13.794152,-10.22388,0.0,0.0,26.88,13.479,5.36,16.88,24.845,0.0,87.21901,0.0,99.998474,0.0,204.0,4655.0,0.0,-9.90625,0.07116699,105.99347,11571.837,11571.837,1100.0834,499.89316,0.0,7.4181733,0.0,3.1575618,4.0,0.0,31.857018,40.12495,5.9999924,0.0,0.0,-5.1796875,0.029785156,0.0,0.0,0.0,0.0,0.0,1.9999695,1.0,52.07367,3.859395,30.909824,30.764545,0.0,89.90148,0.0,0.0,113.58872,101.383255,720.0,546.0,-0.7018332,-32.28125,0.0,-33.59375,7.936031,40.999996,43.54248,0.0,148.83,8.9375,0.0,-26.947021,88.07373,61.12671,0.6176758,148.61,148.69,147.97,148.1,0
367202.28,0.18336512,-0.96888095,0.095339164,0.09444394,101.38205,21.80451,13.786766,-10.2331705,0.0,0.0,26.88,13.519,5.36,16.88,24.845,0.0,87.21881,0.0,99.998474,0.0,204.0,4647.0,0.0,-9.890625,0.072509766,106.03493,11605.8,11605.8,1100.0834,499.89316,0.0,7.75729,0.0,3.311985,4.0,0.0,31.75402,40.12495,5.9999924,0.0,0.0,-5.2578125,0.028015137,0.0,0.0,0.0,0.0,0.0,1.9999695,1.0,51.660156,3.8734515,30.845917,30.684998,0.0,89.91133,0.0,0.0,112.759544,101.383255,720.0,546.0,-0.5614666,-32.25,0.0,-33.59375,7.936031,40.999996,42.175293,0.0,148.62,8.40625,0.0,-25.387573,88.83667,63.449097,0.57128906,148.28,148.28,147.62,148.1,0
367202.34,0.2266921,-0.9688024,0.09476319,0.09427439,101.38217,21.80451,13.799173,-10.252299,0.0,0.0,26.88,13.559,5.36,16.88,24.845,0.0,87.21866,0.0,99.998474,0.0,204.0,4636.0,0.0,-9.84375,0.07312012,106.05151,11640.294,11640.294,1100.0834,499.89316,0.0,7.4817576,0.0,3.4341178,4.0,0.0,31.661324,40.12495,5.9999924,0.0,0.0,-5.625,0.025268555,0.0,0.0,0.0,0.0,0.0,1.9999695,1.0,51.660156,3.883291,30.714184,30.626808,0.0,89.9202,0.0,0.0,111.98841,101.383255,720.0,546.0,-0.44917327,-32.125,0.0,-33.375,7.936031,40.999996,40.72876,0.0,148.33,7.59375,0.0,-24.075317,89.95361,65.878296,0.5957031,148.16,147.92,147.68,147.97,0
367202.38,0.22135368,-0.95002097,0.09435607,0.09427439,101.38228,21.80451,13.801999,-10.268245,0.0,0.0,26.88,13.605,5.36,16.88,24.845,0.0,87.21854,0.0,99.998474,0.0,204.0,4626.0,0.0,-9.75,0.074401855,105.99347,11674.257,11674.257,1100.0834,499.89316,0.0,7.4817576,0.0,3.5308402,4.0,0.0,31.577896,40.12495,5.9999924,0.0,0.0,-5.3984375,0.023132324,0.0,0.0,0.0,0.0,0.0,1.9999695,1.0,51.246643,3.8901787,30.604385,30.59325,0.0,89.92818,0.0,0.0,111.29191,101.383255,720.0,545.625,-0.3593386,-32.0625,0.0,-33.375,7.936031,40.999996,39.630127,0.0,148.05,6.9375,0.0,-23.202515,90.84473,67.64221,0.53222656,147.97,147.92,147.68,147.76,0
367202.4,0.23708294,-0.92375845,0.093808666,0.09423199,101.38238,21.80451,13.798118,-10.290405,0.0,0.0,26.88,13.64,5.36,16.88,24.845,0.0,87.218445,0.0,99.998474,0.0,204.0,4620.0,0.0,-10.0703125,0.07470703,105.94372,11688.054,11688.054,1100.0834,499.89316,0.0,7.630121,0.0,3.6075292,4.0,0.0,31.502811,40.12495,5.9999924,0.0,0.0,-5.6484375,0.02142334,0.0,0.0,0.0,0.0,0.0,1.9999695,1.0,51.246643,3.895,30.451738,30.536135,0.0,89.935356,0.0,0.0,110.703186,101.383255,720.0,546.0,-0.2874709,-32.0,0.0,-33.28125,7.936031,40.999996,38.586426,0.0,147.73,6.4375,0.0,-21.994019,91.52832,69.5343,0.6567383,147.5,147.81,147.5,147.39,0
367202.44,0.20966636,-0.8945034,0.09387459,0.09423199,101.38247,21.80451,13.807119,-10.282525,0.0,0.0,26.88,13.678,5.36,16.88,24.845,0.0,87.21837,0.0,99.998474,0.0,204.0,4613.0,0.0,-10.2109375,0.07598877,105.935425,11712.996,11712.996,1100.0834,499.89316,0.0,7.4393682,0.0,3.6683984,4.0,0.0,31.435238,40.12495,5.9999924,0.0,0.0,-5.2890625,0.019226074,0.0,0.0,0.0,0.0,0.0,1.9999695,1.0,51.246643,3.898375,30.50614,30.57337,0.0,89.94182,0.0,0.0,110.05643,101.383255,720.0,546.375,-0.22997673,-31.9375,0.0,-33.1875,7.936031,40.999996,37.634277,0.0,147.53,5.78125,0.0,-20.544434,92.43164,71.88721,0.6567383,147.62,147.56,147.16,146.91,0
367202.5,0.2077331,-0.8828014,0.093516745,0.09414723,101.382545,21.80451,13.795843,-10.30786,0.0,0.0,26.88,13.719,5.36,16.88,24.845,0.0,87.21831,0.0,99.998474,0.0,204.0,4606.0,0.0,-10.125,0.07727051,105.92714,11742.713,11742.713,1100.0834,499.89316,0.0,7.524147,0.0,3.716756,4.0,0.0,31.37442,40.12495,5.9999924,0.0,0.0,-5.0078125,0.017456055,0.0,0.0,0.0,0.0,0.0,1.9999695,1.0,50.83313,3.9007375,30.331587,30.45457,0.0,89.94763,0.0,0.0,109.50089,101.383255,720.0,546.375,-0.18398139,-31.875,0.0,-33.09375,7.936031,40.999996,36.572266,0.0,147.34,5.25,0.0,-19.021606,93.15796,74.13635,0.61279297,147.09,147.27,146.91,146.8,0
367202.53,0.20618647,-0.8968706,0.093389414,0.094104834,101.382614,21.80451,13.805528,-10.305359,0.0,0.0,26.88,13.759,5.36,16.88,24.845,0.0,87.21826,0.0,99.998474,0.0,204.0,4601.0,0.0,-10.5546875,0.07788086,105.88568,11742.713,11742.713,1100.0834,499.89316,0.0,7.4181733,0.0,3.755206,4.0,0.0,31.319683,40.12495,5.9999924,0.0,0.0,-5.078125,0.01550293,0.0,0.0,0.0,0.0,0.0,1.9999695,1.0,50.83313,3.9023912,30.348898,30.482824,0.0,89.952866,0.0,0.0,109.0863,101.383255,720.0,546.75,-0.14718512,-31.8125,0.0,-33.0,7.936031,40.999996,35.858154,0.0,147.31,4.65625,0.0,-17.999268,93.93921,75.93994,0.5834961,147.03,147.09,146.34,146.75,0
367202.56,0.16494918,-0.92124826,0.09347731,0.094104834,101.382675,21.80451,13.800588,-10.308968,0.0,0.0,26.88,13.801,5.36,16.88,24.845,0.0,87.218216,0.0,99.998474,0.0,204.0,4601.0,0.0,-10.6640625,0.0791626,105.89397,11781.983,11781.983,1100.0834,499.89316,0.0,7.333394,0.0,3.7858007,4.0,0.0,31.27042,40.12495,5.9999924,0.0,0.0,-4.9296875,0.0138549805,0.0,0.0,0.0,0.0,0.0,1.9999695,1.0,50.83313,3.9035487,30.324078,30.435574,0.0,89.95758,0.0,0.0,108.49759,101.383255,720.0,546.75,-0.1177481,-31.8125,0.0,-33.0,7.936031,40.999996,34.936523,0.0,147.26,4.15625,0.0,-16.464233,94.610596,78.14636,0.5859375,147.16,147.03,146.27,146.75,0
367202.6,0.15195934,-0.94974935,0.093149334,0.094104834,101.38274,21.80451,13.79127,-10.320378,0.0,0.0,26.88,13.839,5.36,16.88,24.845,0.0,87.218185,0.0,99.998474,0.0,204.0,4597.0,0.0,-10.671875,0.079833984,105.89397,11811.17,11811.17,1100.0834,499.89316,0.0,7.4393682,0.0,3.8101606,4.0,0.0,31.226086,40.12495,5.9999924,0.0,0.0,-4.65625,0.012268066,0.0,0.0,0.0,0.0,0.0,1.9999695,1.0,50.83313,3.904359,30.245493,30.437075,0.0,89.96182,0.0,0.0,108.12445,101.383255,720.0,546.75,-0.09419848,-31.78125,0.0,-33.0,7.936031,40.999996,34.375,0.0,147.17,3.6875,0.0,-15.390015,95.23926,79.84924,0.60058594,147.03,147.09,146.45,146.63,0
367202.66,0.16156748,-0.97989976,0.09274401,0.094104834,101.38279,21.80451,13.790607,-10.325592,0.0,0.0,26.88,13.878,5.36,16.88,24.845,0.0,87.218155,0.0,99.998474,0.0,204.0,4596.0,0.0,-10.671875,0.08074951,105.87739,11811.17,11811.17,1100.0834,499.89316,0.0,7.5029526,0.0,3.8295674,4.0,0.0,31.186184,40.12495,5.9999924,0.0,0.0,-4.8515625,0.010925293,0.0,0.0,0.0,0.0,0.0,1.9999695,1.0,50.83313,3.9049263,30.209608,30.469673,0.0,89.96564,0.0,0.0,107.75133,101.383255,720.0,546.75,-0.075358786,-31.75,0.0,-33.0,7.936031,40.999996,33.69751,0.0,146.94,3.28125,0.0,-14.532471,95.77026,81.23779,0.56640625,146.91,146.99,146.52,146.21,0
367202.7,0.16925398,-0.9919599,0.09393623,0.094104834,101.382835,21.80451,13.784285,-10.2996435,0.0,0.0,26.88,13.919,5.36,16.88,24.845,0.0,87.21814,0.0,99.998474,0.0,204.0,4590.0,0.0,-10.671875,0.0814209,105.87739,11845.133,11845.133,1100.0834,499.89316,0.0,7.2910047,0.0,3.8450363,4.0,0.0,31.150272,40.12495,5.9999924,0.0,0.0,-5.0546875,0.008850098,0.0,0.0,0.0,0.0,0.0,1.9999695,1.0,50.419617,3.9053233,30.388515,30.420105,0.0,89.96907,0.0,0.0,107.32016,101.383255,720.0,546.75,-0.06028703,-31.71875,0.0,-33.0,7.936031,40.999996,32.843018,0.0,146.78,2.65625,0.0,-13.525391,96.58203,83.05664,0.6347656,146.57,146.99,146.16,145.98,0
367202.72,0.17540318,-0.996784,0.093578346,0.09406243,101.38288,21.80451,13.803296,-10.316593,0.0,0.0,26.88,13.958,5.36,16.88,24.845,0.0,87.218124,0.0,99.998474,0.0,204.0,4581.0,0.0,-10.5,0.08276367,105.92714,11879.627,11879.627,1100.0834,499.89316,0.0,7.333394,0.0,3.8573716,4.0,0.0,31.11795,40.12495,5.9999924,0.0,0.0,-4.9921875,0.006958008,0.0,0.0,0.0,0.0,0.0,1.9999695,1.0,50.419617,3.9056013,30.27173,30.35912,0.0,89.97216,0.0,0.0,107.16261,101.383255,720.0,546.75,-0.048229624,-31.6875,0.0,-32.875,7.936031,40.999996,32.733154,0.0,146.56,2.09375,0.0,-13.012695,97.32666,84.313965,0.5859375,146.27,146.21,145.87,145.94,0
367202.75,0.18032256,-0.9612136,0.093179196,0.09393526,101.38292,21.80451,13.816604,-10.325024,0.0,0.0,26.88,14.0,5.36,16.88,24.845,0.0,87.21811,0.0,99.998474,0.0,204.0,4570.0,0.0,-10.4296875,0.08337402,105.89397,11883.872,11883.872,1100.0834,499.89316,0.0,7.4181733,0.0,3.867212,4.0,0.0,31.088863,40.12495,5.9999924,0.0,0.0,-5.2734375,0.0051879883,0.0,0.0,0.0,0.0,0.0,1.9999695,1.0,50.00763,3.9057958,30.21365,30.366465,0.0,89.974945,0.0,0.0,106.83923,101.383255,720.0,546.375,-0.0385837,-31.59375,0.0,-32.78125,7.936031,40.999996,31.817627,0.0,146.11,1.5625,0.0,-12.289429,98.010254,85.720825,0.6591797,145.81,145.94,145.46,145.94,0
367202.8,0.18425804,-0.92823553,0.09317076,0.09389288,101.38295,21.80451,13.82006,-10.339395,0.0,0.0,26.88,14.039,5.36,16.88,24.845,0.0,87.218094,0.0,99.998474,0.0,204.0,4555.0,0.0,-10.3828125,0.084350586,105.869095,11902.977,11902.977,1100.0834,499.89316,0.0,7.4393682,0.0,3.875065,4.0,0.0,31.062683,40.12495,5.9999924,0.0,0.0,-5.25,0.003112793,0.0,0.0,0.0,0.0,0.0,1.9999695,1.0,50.00763,3.905932,30.114632,30.254665,0.0,89.97745,0.0,0.0,106.51586,101.383255,720.0,546.375,-0.03086696,-31.46875,0.0,-32.6875,7.936031,40.999996,31.317139,0.0,145.8,0.9375,0.0,-11.669922,98.809814,87.13989,0.5859375,145.46,145.41,145.3,145.64,0
367202.84,0.20740645,-0.8775443,0.09256807,0.09389288,101.38298,21.80451,13.822479,-10.358498,0.0,0.0,26.88,14.078,5.36,16.88,24.845,0.0,87.21808,0.0,99.998474,0.0,204.0,4548.0,0.0,-10.0390625,0.08496094,105.85251,11913.59,11913.59,1100.0834,499.89316,0.0,7.2062254,0.0,3.8813338,4.0,0.0,31.03912,40.12495,5.9999924,0.0,0.0,-4.5625,9.1552734E-4,0.0,0.0,0.0,0.0,0.0,1.9999695,1.0,50.00763,3.9060273,29.982985,30.233171,0.0,89.9797,0.0,0.0,106.23394,101.383255,720.0,546.0,-0.02469357,-31.40625,0.0,-32.5,7.936031,40.999996,30.749512,0.0,145.69,0.28125,0.0,-10.852051,99.6521,88.80005,0.6347656,145.46,145.41,145.36,145.3,0
367202.88,0.18592516,-0.85726774,0.091498196,0.09389288,101.38301,21.80451,13.812454,-10.390579,0.0,0.0,26.88,14.119,5.36,16.88,24.845,0.0,87.21808,0.0,99.998474,0.0,204.0,4547.0,0.0,-10.3125,0.08520508,105.7613,11941.185,11941.185,1100.0834,499.89316,0.0,7.1002517,0.0,3.8863392,4.0,0.0,31.017914,40.12495,5.9999924,0.0,0.0,-4.59375,0.0,0.0,0.0,0.0,0.0,0.0,1.9999695,1.0,49.594116,3.906094,29.761877,30.22681,0.0,89.98173,0.0,0.0,106.20077,101.383255,720.0,546.0,-0.019754855,-31.375,0.0,-32.5,7.936031,40.999996,30.731201,0.0,145.23,0.0,0.0,-10.357666,99.998474,89.64081,0.6152344,145.41,145.64,145.18,144.96,0
367202.9,0.24874012,-0.86790717,0.091054246,0.09389288,101.38303,21.80451,13.817155,-10.400561,0.0,0.0,26.88,14.158,5.36,16.88,24.845,0.0,87.21808,0.0,99.998474,0.0,204.0,4547.0,0.0,-10.375,0.08648682,105.7613,11951.798,11951.798,1100.0834,499.89316,0.0,7.2062254,0.0,3.890337,4.0,0.0,30.998829,40.12495,5.9999924,0.0,0.0,-4.71875,0.0,0.0,0.0,0.0,0.0,0.0,1.9999695,1.0,49.594116,3.9061408,29.6931,30.248749,0.0,89.98355,0.0,0.0,105.869095,101.383255,720.0,546.375,-0.015803885,-31.375,0.0,-32.5,7.936031,40.999996,29.779053,0.0,145.51,0.0,0.0,-9.42688,99.998474,90.571594,0.6640625,145.41,145.46,144.96,144.61,0
367202.97,0.27899212,-0.8909129,0.092219,0.09389288,101.38306,21.80451,13.820446,-10.372917,0.0,0.0,26.88,14.2,5.36,16.88,24.845,0.0,87.21808,0.0,99.998474,0.0,204.0,4544.0,0.0,-10.3828125,0.0871582,105.74472,11982.047,11982.047,1100.0834,499.89316,0.0,7.142641,0.0,3.8935304,4.0,0.0,30.981651,40.12495,5.9999924,0.0,0.0,-4.828125,0.0,0.0,0.0,0.0,0.0,0.0,1.9999695,1.0,49.180603,3.9061735,29.88367,30.21252,0.0,89.98519,0.0,0.0,105.76131,101.383255,720.0,546.375,-0.012643108,-31.34375,0.0,-32.375,7.936031,40.999996,30.010986,0.0,145.37,0.0,0.0,-8.914185,99.998474,91.08429,0.57128906,145.13,145.18,144.67,144.44,0
367203.0,0.32319367,-0.90011525,0.09231197,0.093765706,101.38308,21.80451,13.81103,-10.377403,0.0,0.0,26.88,14.24,5.36,16.88,24.845,0.0,87.21808,0.0,99.998474,0.0,204.0,4535.0,0.0,-10.359375,0.088134766,105.79447,11986.292,11986.292,1100.0834,499.89316,0.0,7.312199,0.0,3.896082,4.0,0.0,30.966194,40.12495,5.9999924,0.0,0.0,-4.875,0.0,0.0,0.0,0.0,0.0,0.0,1.9999695,1.0,49.180603,3.9061964,29.85277,30.13419,0.0,89.98667,0.0,0.0,105.554016,101.383255,720.0,546.375,-0.010114486,-31.28125,0.0,-32.375,7.936031,40.999996,29.211426,0.0,144.94,0.0,0.0,-8.016968,99.998474,91.98151,0.5883789,144.79,144.79,144.44,144.44,0
367203.03,0.39855492,-0.8850461,0.09223617,0.093765706,101.383095,21.80451,13.810299,-10.374715,0.0,0.0,26.88,14.278,5.36,16.88,24.845,0.0,87.21808,0.0,99.998474,0.0,204.0,4526.0,0.0,-10.3125,0.08880615,105.79447,12016.01,12016.01,1100.0834,499.89316,0.0,7.4181733,0.0,3.8981206,4.0,0.0,30.952282,40.12495,5.9999924,0.0,0.0,-5.5,0.0,0.0,0.0,0.0,0.0,0.0,1.9999695,1.0,49.180603,3.9062123,29.871315,30.175459,0.0,89.988,0.0,0.0,105.272095,101.383255,720.0,546.375,-0.008091589,-31.21875,0.0,-32.28125,7.936031,40.999996,28.88794,0.0,144.85,0.0,0.0,-7.4310303,99.998474,92.567444,0.60058594,144.61,144.5,144.5,144.33,0
367203.06,0.4988439,-0.8602685,0.0922173,0.09372331,101.38228,21.80451,13.792209,-10.379851,0.0,0.0,26.88,14.319,5.36,16.88,24.845,0.0,87.21808,0.0,99.998474,0.0,204.0,4522.0,0.0,-10.15625,0.09008789,105.78618,12029.807,12029.807,1100.0834,499.89316,0.0,7.2910047,0.0,3.8997502,4.0,0.0,30.939762,40.12495,5.9999924,0.0,0.0,-5.6875,0.0,0.0,0.0,0.0,0.0,0.0,1.9999695,1.0,48.76709,3.9062235,29.835093,30.126759,0.0,89.9892,0.0,0.0,105.23062,101.37496,720.0,546.375,-0.0064732716,-31.1875,0.0,-32.28125,7.936031,40.999996,28.723145,0.0,144.72,0.0,0.0,-6.8237305,99.998474,93.17474,0.61035156,144.5,144.61,144.33,144.17,0
367203.12,0.53907514,-0.8316074,0.09238045,0.09372331,101.381546,21.80451,13.802983,-10.390574,0.0,0.0,26.88,14.358,5.36,16.88,24.845,0.0,87.21808,0.0,99.998474,0.0,204.0,4512.0,0.0,-10.09375,0.09069824,105.76959,12050.503,12050.503,1100.0834,499.89316,0.0,7.2274203,0.0,3.9010527,4.0,0.0,30.928493,40.12495,5.9999924,0.0,0.0,-4.9140625,0.0,0.0,0.0,0.0,0.0,0.0,1.9999695,1.0,48.76709,3.9062314,29.760443,30.017391,0.0,89.99027,0.0,0.0,105.180885,101.37496,720.0,546.0,-0.0051786173,-31.125,0.0,-32.1875,7.936031,40.999996,28.753662,0.0,144.21,0.0,0.0,-6.6497803,99.998474,93.348694,0.60546875,143.99,144.33,144.05,143.88,0
367203.16,0.6312601,-0.80139303,0.09202442,0.09363854,101.38088,21.80451,13.8046665,-10.409827,0.0,0.0,26.88,14.401,5.36,16.88,24.845,0.0,87.21808,0.0,99.998474,0.0,204.0,4502.0,0.0,-10.078125,0.09136963,105.7613,12054.749,12055.81,1100.0834,499.89316,0.0,7.312199,0.0,3.902094,4.0,0.0,30.91835,40.12495,5.9999924,0.0,0.0,-4.578125,0.0,0.0,0.0,0.0,0.0,0.0,1.9999695,1.0,48.76709,3.906237,29.627077,29.972546,0.0,89.99124,0.0,0.0,104.948715,101.37496,720.0,546.0,-0.004142894,-31.03125,0.0,-32.09375,7.936031,40.999996,28.02124,0.0,144.04,0.0,0.0,-5.831909,99.998474,94.166565,0.5957031,143.7,144.1,143.66,143.82,0
367203.2,0.7450081,-0.78930724,0.09171452,0.09363854,101.38112,21.80451,13.799985,-10.412619,0.0,0.0,26.88,14.439,5.36,16.88,24.845,0.0,87.21808,0.0,99.998474,0.0,204.0,4493.0,0.0,-10.046875,0.09234619,105.79447,12079.159,12079.159,1100.0834,499.89316,0.0,7.121446,0.0,3.9029264,4.0,0.0,30.909222,40.12495,5.9999924,0.0,0.0,-4.515625,0.0,0.0,0.0,0.0,0.0,0.0,1.9999695,1.0,48.76709,3.9062407,29.608072,29.971975,0.0,89.99212,0.0,0.0,104.90725,101.383255,720.0,546.0,-0.003314315,-31.0,0.0,-32.09375,7.936031,40.999996,28.179932,0.0,143.78,0.0,0.0,-5.52063,99.998474,94.477844,0.5810547,143.32,143.48,142.94,143.44,0
367203.22,0.7960065,-0.78447294,0.091679566,0.09363854,101.38133,21.80451,13.8025675,-10.418353,0.0,0.0,26.88,14.478,5.36,16.88,24.845,0.0,87.21808,0.0,99.998474,0.0,204.0,4489.0,0.0,-10.0546875,0.09295654,105.79447,12084.466,12084.466,1100.0834,499.89316,0.0,6.9942775,0.0,3.903592,4.0,0.0,30.901005,40.12495,5.9999924,0.0,0.0,-4.9765625,0.0,0.0,0.0,0.0,0.0,0.0,1.9999695,1.0,48.76709,3.9062436,29.56876,29.93918,0.0,89.992905,0.0,0.0,104.79946,101.383255,720.0,546.0,-0.002651452,-30.90625,0.0,-32.0,7.936031,40.999996,27.752686,0.0,143.53,0.0,0.0,-5.0720215,99.998474,94.92645,0.5444336,143.36,143.36,142.94,143.48,0
367203.25,0.89680517,-0.8012892,0.090638205,0.09363854,101.38152,21.80451,13.786798,-10.43575,0.0,0.0,26.88,14.519,5.36,16.88,24.845,0.0,87.21808,0.0,99.998474,0.0,204.0,4487.0,0.0,-10.0625,0.09429932,105.81105,12103.57,12103.57,1100.0834,499.89316,0.0,7.142641,0.0,3.9041243,4.0,0.0,30.9688,40.12495,5.9999924,0.0,0.0,-5.796875,0.0,0.0,0.0,0.0,0.0,0.0,1.9999695,1.0,48.353577,3.9062455,29.449036,30.035759,0.0,89.993614,0.0,0.0,104.58388,101.383255,720.0,546.0,-0.0021211617,-30.90625,0.0,-32.0,7.936031,40.999996,27.44751,0.0,143.67,0.0,0.0,-4.40979,99.998474,95.588684,0.56640625,143.54,143.88,142.94,143.27,0
367203.3,1.0374441,-0.8267657,0.09047628,0.09363854,101.3817,21.80451,13.799195,-10.435562,0.0,0.0,26.88,14.558,5.36,16.88,24.845,0.0,87.21808,0.0,99.998474,0.0,204.0,4492.0,0.0,-10.1875,0.09490967,105.81105,12122.675,12122.675,1100.0834,499.89316,0.0,7.121446,0.0,3.90455,4.0,0.0,31.029816,40.12495,5.9999924,0.0,0.0,-5.5625,0.0,0.0,0.0,0.0,0.0,0.0,1.9999695,1.0,48.353577,3.906247,29.45051,30.061047,0.0,89.99425,0.0,0.0,104.58388,101.383255,720.0,546.375,-0.0016969293,-30.9375,0.0,-32.0,7.936031,40.999996,27.288818,0.0,143.61,0.0,0.0,-4.220581,99.998474,95.77789,0.60302734,143.48,143.99,142.94,142.88,0
367203.38,1.0699552,-0.87445635,0.09105512,0.09363854,101.38185,21.80451,13.802014,-10.427627,0.0,0.0,26.88,14.602,5.36,16.88,24.845,0.0,87.21808,0.0,99.998474,0.0,204.0,4493.0,0.0,-10.546875,0.09588623,105.81934,12138.064,12138.064,1100.0834,499.89316,0.0,7.2062254,0.0,3.9048903,4.0,0.0,31.08473,40.12495,5.9999924,0.0,0.0,-5.15625,0.0,0.0,0.0,0.0,0.0,0.0,1.9999695,1.0,47.940063,3.9062479,29.505356,30.005766,0.0,89.99482,0.0,0.0,104.58388,101.383255,720.0,546.75,-0.0013575435,-30.9375,0.0,-32.0,7.936031,40.999996,27.496338,0.0,143.61,0.0,0.0,-4.1137695,99.998474,95.884705,0.5932617,143.44,143.7,142.6,142.94,0
367203.4,1.2159641,-0.93103254,0.09174974,0.09363854,101.38199,21.80451,13.798129,-10.412976,0.0,0.0,26.88,14.639,5.36,16.88,24.845,0.0,87.21808,0.0,99.998474,0.0,204.0,4491.0,0.0,-10.4296875,0.09655762,105.81934,12152.923,12152.923,1100.0834,499.89316,0.0,7.2274203,0.0,3.9051626,4.0,0.0,31.134153,40.12495,5.9999924,0.0,0.0,-4.9609375,0.0,0.0,0.0,0.0,0.0,0.0,1.9999695,1.0,47.940063,3.9062486,29.60648,29.983955,0.0,89.99534,0.0,0.0,104.26879,101.383255,720.0,546.375,-0.0010860348,-30.9375,0.0,-31.875,7.936031,40.999996,26.782227,0.0,143.78,0.0,0.0,-3.414917,99.998474,96.58356,0.5834961,143.32,143.6,142.38,142.94,0
367203.47,1.3527713,-0.97241306,0.091756284,0.09363854,101.38212,21.80451,13.801269,-10.412811,0.0,0.0,26.88,14.678,5.36,16.88,24.845,0.0,87.21808,0.0,99.998474,0.0,204.0,4484.0,0.0,-10.3046875,0.09753418,105.844215,12162.475,12162.475,1100.0834,499.89316,0.0,7.4181733,0.0,3.9053802,4.0,0.0,31.178633,40.12495,5.9999924,0.0,0.0,-5.0234375,0.0,0.0,0.0,0.0,0.0,0.0,1.9999695,1.0,47.940063,3.906249,29.607742,29.97293,0.0,89.995804,0.0,0.0,104.26879,101.383255,720.0,546.375,-8.6882786E-4,-30.90625,0.0,-31.875,7.936031,40.999996,26.690674,0.0,143.26,0.0,0.0,-2.9693604,99.998474,97.02911,0.60058594,143.21,143.44,142.28,142.76,0
367203.5,1.4222171,-0.9889653,0.09185581,0.09363854,101.38223,21.80451,13.791747,-10.40531,0.0,0.0,26.88,14.719,5.36,16.88,24.845,0.0,87.21808,0.0,99.998474,0.0,204.0,4481.0,0.0,-10.125,0.09820557,105.83593,12191.131,12191.131,1100.0834,499.89316,0.0,7.2274203,0.0,3.9055543,4.0,0.0,31.218664,40.12495,5.9999924,0.0,0.0,-5.5,0.0,0.0,0.0,0.0,0.0,0.0,1.9999695,1.0,47.52655,3.9062493,29.659567,30.003004,0.0,89.99622,0.0,0.0,104.26879,101.383255,720.0,546.375,-6.950623E-4,-30.875,0.0,-31.875,7.936031,40.999996,26.605225,0.0,143.36,0.0,0.0,-2.9693604,99.998474,97.02911,0.60546875,142.94,143.1,142.49,142.88,0
367203.53,1.5377737,-0.99558616,0.09289972,0.09346898,101.38233,21.80451,13.80266,-10.372557,0.0,0.0,26.88,14.759,5.36,16.88,24.845,0.0,87.21808,0.0,99.998474,0.0,204.0,4468.0,0.0,-10.046875,0.09881592,105.83593,12209.174,12209.174,1100.0834,499.89316,0.0,7.0790567,0.0,3.9056935,4.0,0.0,31.254694,40.12495,5.9999924,0.0,0.0,-6.1796875,0.0,0.0,0.0,0.0,0.0,0.0,1.9999695,1.0,47.52655,3.9062495,29.885433,29.989328,0.0,89.9966,0.0,0.0,104.20245,101.383255,720.0,546.0,-5.560498E-4,-30.84375,0.0,-31.78125,7.936031,40.999996,26.9104,0.0,142.95,0.0,0.0,-2.8656006,99.998474,97.13287,0.5786133,142.43,142.82,142.38,142.76,0
367203.56,1.570219,-0.9607345,0.09248751,0.09346898,101.38242,21.80451,13.80444,-10.3876505,0.0,0.0,26.88,14.801,5.36,16.88,24.845,0.0,87.21808,0.0,99.998474,0.0,204.0,4455.0,0.0,-10.03125,0.09979248,105.85251,12210.235,12210.235,1100.0834,499.89316,0.0,7.142641,0.0,3.9058046,4.0,0.0,31.28712,40.12495,5.9999924,0.0,0.0,-6.375,0.0,0.0,0.0,0.0,0.0,0.0,1.9999695,1.0,47.52655,3.9062495,29.781477,29.983248,0.0,89.99693,0.0,0.0,104.161,101.383255,720.0,546.0,-4.4483985E-4,-30.78125,0.0,-31.78125,7.936031,40.999996,26.44043,0.0,142.4,0.0,0.0,-2.6306152,99.998474,97.36786,0.67626953,142.0,142.49,142.1,142.28,0
367203.6,1.5961753,-0.8905438,0.091460116,0.09338419,101.38251,21.80451,13.805686,-10.411725,0.0,0.0,26.88,14.84,5.36,16.88,24.845,0.0,87.21808,0.0,99.998474,0.0,204.0,4437.0,0.0,-10.2890625,0.10046387,105.85251,12225.625,12225.625,1100.0834,499.89316,0.0,7.1850305,0.0,3.9058936,4.0,0.0,31.316303,40.12495,5.9999924,0.0,0.0,-6.375,0.0,0.0,0.0,0.0,0.0,0.0,1.9999695,1.0,47.52655,3.9062495,29.615622,29.991062,0.0,89.99724,0.0,0.0,103.945404,101.383255,720.0,546.0,-3.558719E-4,-30.65625,0.0,-31.6875,7.936031,40.999996,25.79956,0.0,141.93,0.0,0.0,-1.8798828,99.998474,98.11859,0.5419922,141.56,141.83,141.56,142.0,0
367203.66,1.6369402,-0.82496756,0.09120614,0.09338419,101.38258,21.80451,13.812418,-10.421238,0.0,0.0,26.88,14.878,5.36,16.88,24.845,0.0,87.21808,0.0,99.998474,0.0,204.0,4428.0,0.0,-10.375,0.101135254,105.85251,12244.7295,12244.7295,1100.0834,499.89316,0.0,7.057862,0.0,3.9059649,4.0,0.0,31.342567,40.12495,5.9999924,0.0,0.0,-6.2890625,0.0,0.0,0.0,0.0,0.0,0.0,1.9999695,1.0,47.52655,3.9062495,29.550127,29.9805,0.0,89.99751,0.0,0.0,103.945404,101.383255,720.0,546.375,-2.846975E-4,-30.5625,0.0,-31.59375,7.936031,40.999996,25.848389,0.0,141.6,0.0,0.0,-1.7333984,99.998474,98.265076,0.5810547,141.29,141.4,141.02,141.73,0
367203.7,1.6295521,-0.77998704,0.09104641,0.09338419,101.38265,21.80451,13.811271,-10.443474,0.0,0.0,26.88,14.919,5.36,16.88,24.845,0.0,87.21808,0.0,0.7904053,0.0,204.0,4421.0,0.0,-10.3515625,0.10241699,105.869095,12248.975,12248.975,1100.0834,499.89316,0.0,6.9094987,0.0,3.9060218,4.0,0.0,31.366205,40.12495,5.9999924,0.0,0.0,-5.640625,0.0,0.0,0.0,0.0,0.0,0.0,1.9999695,1.0,47.114563,3.9062495,29.396929,29.840967,0.0,89.99776,0.0,0.0,103.945404,101.383255,720.0,546.375,-2.27758E-4,-30.53125,0.0,-31.5,7.936031,40.999996,25.848389,0.0,141.52,0.0,0.0,-1.6143799,99.998474,98.384094,0.5859375,141.56,141.94,141.02,141.35,0
367203.72,1.7036417,-0.78074485,0.09018595,0.09338419,101.38271,21.80451,13.822186,-10.462825,0.0,0.0,26.88,14.959,5.36,16.88,24.845,0.0,87.21808,0.0,0.0015258789,0.0,204.0,4425.0,0.0,-10.0390625,0.10308838,105.869095,12278.692,12278.692,1100.0834,499.89316,0.0,6.930693,0.0,3.9060674,4.0,0.0,31.38748,40.12495,5.9999924,0.0,0.0,-5.34375,0.0,0.0,0.0,0.0,0.0,0.0,1.9999695,1.0,47.114563,3.9062495,29.263607,29.882734,0.0,89.99798,0.0,0.0,103.945404,101.383255,720.0,546.0,-1.8220641E-4,-30.53125,0.0,-31.5,7.936031,40.999996,24.67041,0.0,141.52,0.0,0.0,-1.6204834,99.998474,98.37799,0.68359375,140.96,141.45,140.86,141.12,0
367203.78,1.7829133,-0.762298,0.09023742,0.09338419,101.38277,21.80451,13.812249,-10.471926,0.0,0.0,26.88,15.0,5.36,16.88,24.845,0.0,87.21808,0.0,0.0,0.0,204.0,4419.0,0.0,-9.9375,0.10437012,105.88568,12289.306,12289.306,1100.0834,499.89316,0.0,7.121446,0.0,3.9061038,4.0,0.0,31.406628,40.12495,5.9999924,0.0,0.0,-4.96875,0.0,0.0,0.0,0.0,0.0,0.0,1.9999695,1.0,46.70105,3.9062495,29.200918,29.804283,0.0,89.99818,0.0,0.0,103.945404,101.383255,720.0,546.0,-1.4576512E-4,-30.53125,0.0,-31.5,7.936031,40.999996,24.255371,0.0,141.25,0.0,0.0,-1.5808105,99.998474,98.41766,0.63964844,141.08,141.83,140.7,141.08,0
367203.8,1.9063307,-0.77366924,0.092350096,0.09338419,101.38281,21.80451,13.805293,-10.397506,0.0,0.0,26.88,15.039,5.36,16.88,24.845,0.0,87.21808,0.0,0.0,0.0,204.0,4416.0,0.0,-10.4921875,0.10601807,105.91055,12303.634,12303.634,1100.0834,499.89316,0.0,7.121446,0.0,3.906133,4.0,0.0,31.499048,40.12495,5.9999924,0.0,0.0,-4.875,0.0,0.0,0.0,0.0,0.0,0.0,1.9999695,1.0,46.70105,3.9062495,29.713936,29.917473,0.0,89.99836,0.0,0.0,105.41305,101.383255,720.0,546.375,-1.166121E-4,-30.5,0.0,-31.5,7.936031,40.999996,26.416016,0.0,141.37,0.0,0.0,-6.3201904,99.998474,93.67828,0.6347656,141.08,141.4,140.32,141.08,0
367203.84,2.0650644,-0.79696774,0.09094252,0.09321464,101.38286,21.80451,13.806283,-10.439291,0.0,0.0,26.88,15.078,5.36,16.88,24.845,0.0,87.21808,0.0,0.0,0.0,204.0,4415.0,0.0,-10.84375,0.10668945,105.91055,12323.8,12323.8,1100.0834,499.89316,0.0,6.973083,0.0,3.9061563,4.0,0.0,31.582226,40.12495,5.9999924,0.0,0.0,-4.875,0.0,0.0,0.0,0.0,0.0,0.0,1.9999695,1.0,46.70105,3.9062495,29.42596,29.869778,0.0,89.99852,0.0,0.0,105.23062,101.383255,720.0,546.75,-9.328968E-5,-30.46875,0.0,-31.5,7.936031,40.999996,25.53711,0.0,141.19,0.0,0.0,-7.1105957,99.998474,92.88788,0.6298828,140.75,141.18,140.06,140.91,0
367203.88,2.1320515,-0.8250371,0.09100267,0.09321464,101.3829,21.80451,13.795258,-10.439986,0.0,0.0,26.88,15.119,5.36,16.88,24.845,0.0,87.21808,0.0,0.0,0.0,204.0,4409.0,0.0,-10.9453125,0.107299805,105.89397,12340.781,12340.781,1100.0834,499.89316,0.0,6.8459144,0.0,3.906175,4.0,0.0,31.657085,40.12495,5.9999924,0.0,0.0,-4.7890625,0.0,0.0,0.0,0.0,0.0,0.0,1.9999695,1.0,46.70105,3.9062495,29.421207,29.850712,0.0,89.998665,0.0,0.0,105.23062,101.383255,720.0,547.125,-7.4631746E-5,-30.46875,0.0,-31.5,7.936031,40.999996,25.024414,0.0,141.17,0.0,0.0,-6.7108154,99.998474,93.28766,0.56640625,140.8,141.08,140.27,140.86,0
367203.94,2.2656412,-0.83626485,0.0905768,0.09321464,101.3821,21.80451,13.810977,-10.454166,0.0,0.0,26.88,15.158,5.36,16.88,24.845,0.0,87.21808,0.0,0.0,0.0,204.0,4398.0,0.0,-10.8359375,0.10858154,105.91055,12352.456,12352.456,1100.0834,499.89316,0.0,7.057862,0.0,3.90619,4.0,0.0,31.72446,40.12495,5.9999924,0.0,0.0,-4.8046875,0.0,0.0,0.0,0.0,0.0,0.0,1.9999695,1.0,46.70105,3.9062495,29.32267,29.84036,0.0,89.998795,0.0,0.0,105.180885,101.37496,720.0,546.75,-5.97054E-5,-30.40625,0.0,-31.375,7.936031,40.999996,24.517822,0.0,140.65,0.0,0.0,-6.6497803,99.998474,93.348694,0.625,140.06,141.08,140.06,140.8,0
367203.97,2.3125129,-0.84075594,0.09097119,0.09321464,101.381386,21.80451,13.82198,-10.447769,0.0,0.0,26.88,15.2,5.36,16.88,24.845,0.0,87.21808,0.0,0.0,0.0,204.0,4389.0,0.0,-10.359375,0.10925293,105.90226,12362.008,12362.008,1100.0834,499.89316,0.0,6.9942775,0.0,3.9062018,4.0,0.0,31.785097,40.12495,5.9999924,0.0,0.0,-4.796875,0.0,0.0,0.0,0.0,0.0,0.0,1.9999695,1.0,46.287537,3.9062495,29.366055,29.806583,0.0,89.99892,0.0,0.0,105.13113,101.37496,720.0,546.75,-4.776432E-5,-30.34375,0.0,-31.28125,7.936031,40.999996,24.188232,0.0,140.31,0.0,0.0,-6.564331,99.998474,93.43414,0.56884766,139.95,140.42,139.79,140.32,0
367204.0,2.3500102,-0.82380235,0.09100243,0.09312987,101.38158,21.80451,13.823824,-10.457485,0.0,0.0,26.88,15.24,5.36,16.88,24.845,0.0,87.21808,0.0,0.0,0.0,204.0,4379.0,0.0,-10.2734375,0.11090088,105.935425,12386.949,12386.949,1100.0834,499.89316,0.0,7.121446,0.0,3.9062114,4.0,0.0,31.83967,40.12495,5.9999924,0.0,0.0,-4.8046875,0.0,0.0,0.0,0.0,0.0,0.0,1.9999695,1.0,46.287537,3.9062495,29.29927,29.723509,0.0,89.99902,0.0,0.0,105.180885,101.383255,720.0,546.375,-3.8211456E-5,-30.28125,0.0,-31.28125,7.936031,40.999996,24.194336,0.0,140.15,0.0,0.0,-6.6741943,99.998474,93.32428,0.6542969,139.41,140.48,139.05,140.54,0
367204.03,2.4400082,-0.81702095,0.091315806,0.09312987,101.381744,21.80451,13.825114,-10.440546,0.0,0.0,26.88,15.278,5.36,16.88,24.845,0.0,87.21808,0.0,0.0,0.0,204.375,4373.0,0.0,-10.2109375,0.11151123,105.935425,12392.256,12392.256,1100.0834,499.89316,0.0,6.867109,0.0,3.906219,4.0,0.0,31.888786,40.12495,5.9999924,0.0,0.0,-4.890625,0.0,0.0,0.0,0.0,0.0,0.0,1.9999695,1.0,46.287537,3.9062495,29.416195,29.75632,0.0,89.99912,0.0,0.0,105.13113,101.383255,720.0,546.375,-3.0569165E-5,-30.25,0.0,-31.28125,7.936031,40.999996,24.102783,0.0,139.94,0.0,0.0,-6.4575195,99.998474,93.540955,0.56884766,139.47,140.06,138.84,140.11,0
367204.1,2.4520066,-0.8143084,0.09097664,0.09312987,101.381065,21.80451,13.808439,-10.446479,0.0,0.0,26.88,15.319,5.36,16.88,24.845,0.0,87.21808,0.0,0.0,0.0,204.0,4371.0,0.0,-10.6640625,0.111816406,105.918846,12396.502,12396.502,1100.0834,499.89316,0.0,7.057862,0.0,3.906225,4.0,0.0,31.932991,40.12495,5.9999924,0.0,0.0,-4.9375,0.0,0.0,0.0,0.0,0.0,0.0,1.9999695,1.0,46.287537,3.9062495,29.374622,29.794266,0.0,89.99921,0.0,0.0,105.13113,101.37496,720.0,546.75,-2.4455332E-5,-30.25,0.0,-31.1875,7.936031,40.999996,24.102783,0.0,139.86,0.0,0.0,-6.5856934,99.998474,93.41278,0.63964844,139.47,140.11,138.84,139.95,0
367204.12,2.5216053,-0.83197343,0.0915271,0.09312987,101.380455,21.80451,13.814344,-10.433328,0.0,0.0,26.88,15.359,5.36,16.88,24.845,0.0,87.21808,0.0,0.0,0.0,204.0,4368.0,0.0,-11.1015625,0.11315918,105.94372,12426.219,12426.219,1100.0834,499.89316,0.0,7.0154724,0.0,3.90623,4.0,0.0,31.972775,40.12495,5.9999924,0.0,0.0,-5.140625,0.0,0.0,0.0,0.0,0.0,0.0,1.9999695,1.0,46.287537,3.9062495,29.46466,29.790148,0.0,89.99928,0.0,0.0,105.08967,101.37496,720.0,547.125,-1.9564266E-5,-30.21875,0.0,-31.1875,7.936031,40.999996,23.97461,0.0,139.76,0.0,0.0,-6.3446045,99.998474,93.65387,0.56884766,139.2,140.16,139.05,139.64,0
367204.16,2.637284,-0.83903944,0.09127791,0.09312987,101.379906,21.80451,13.812619,-10.4378605,0.0,0.0,26.88,15.4,5.36,16.88,24.845,0.0,87.21808,0.0,0.0,0.0,204.0,4370.0,0.0,-11.0625,0.11480713,105.960304,12426.219,12426.219,1100.0834,499.89316,0.0,7.0790567,0.0,3.9062338,4.0,0.0,32.00858,40.12495,5.9999924,0.0,0.0,-5.625,0.0,0.0,0.0,0.0,0.0,0.0,1.9999695,1.0,45.874023,3.9062495,29.43287,29.790148,0.0,89.99935,0.0,0.0,104.99846,101.37496,720.0,547.125,-1.5651412E-5,-30.1875,0.0,-31.1875,7.936031,40.999996,23.724365,0.0,139.62,0.0,0.0,-6.3446045,99.998474,93.65387,0.63964844,139.58,140.06,138.79,139.32,0
367204.2,2.6898272,-0.8793658,0.09144089,0.09312987,101.378586,21.80451,13.811412,-10.431975,0.0,0.0,26.88,15.439,5.36,16.88,24.845,0.0,87.21808,0.0,0.0,0.0,204.0,4367.0,0.0,-11.4140625,0.115112305,105.95201,12430.465,12430.465,1100.0834,499.89316,0.0,7.248615,0.0,3.906237,4.0,0.0,32.11599,40.12495,5.9999924,0.0,0.0,-5.625,0.0,0.0,0.0,0.0,0.0,0.0,1.9999695,1.0,45.874023,3.9062495,29.472113,29.801054,0.0,89.99941,0.0,0.0,104.99846,101.36668,720.0,547.125,-1.252113E-5,-30.21875,0.0,-31.1875,7.936031,40.999996,23.669434,0.0,139.62,0.0,0.0,-6.2805176,99.998474,93.71796,0.52490234,139.1,139.79,138.27,139.2,0
367204.25,2.7518618,-0.9142463,0.09121837,0.09312987,101.377396,21.80451,13.822285,-10.440439,0.0,0.0,26.88,15.478,5.36,16.88,24.845,0.0,87.21808,0.0,0.0,0.0,204.0,4362.0,0.0,-11.375,0.11578369,105.95201,12454.875,12454.875,1100.0834,499.89316,0.0,7.1002517,0.0,3.9062395,4.0,0.0,32.21266,40.12495,5.9999924,0.0,0.0,-4.9453125,0.0,0.0,0.0,0.0,0.0,0.0,1.9999695,1.0,45.874023,3.9062495,29.412582,29.786268,0.0,89.999466,0.0,0.0,105.03992,101.36668,720.0,547.5,-1.00169045E-5,-30.1875,0.0,-31.28125,7.936031,40.999996,23.571777,0.0,139.62,0.0,0.0,-6.286621,99.998474,93.71185,0.7006836,139.2,139.41,138.47,139.32,0
367204.28,2.7214894,-0.9469485,0.09082144,0.09312987,101.37715,21.80451,13.806458,-10.453942,0.0,0.0,26.88,15.519,5.36,16.88,24.845,0.0,87.21808,0.0,0.0,0.0,204.0,4356.0,0.0,-11.2890625,0.116760254,105.97689,12460.182,12460.182,1100.0834,499.89316,0.0,7.1002517,0.0,3.9062414,4.0,0.0,32.299667,40.12495,5.9999924,0.0,0.0,-4.8828125,0.0,0.0,0.0,0.0,0.0,0.0,1.9999695,1.0,45.874023,3.9062495,29.319267,29.767302,0.0,89.99952,0.0,0.0,105.03992,101.37496,720.0,547.5,-8.013524E-6,-30.15625,0.0,-31.28125,7.936031,40.999996,23.797607,0.0,139.33,0.0,0.0,-6.225586,99.998474,93.77289,0.5859375,139.05,139.16,138.47,139.32,0
367204.3,2.6371915,-0.9412794,0.090602465,0.0929603,101.37693,21.80451,13.818818,-10.462446,0.0,0.0,26.88,15.559,5.36,16.88,24.845,0.0,87.21808,0.0,0.0,0.0,204.0,4342.0,0.0,-11.1953125,0.11743164,105.97689,12489.369,12489.369,1100.0834,499.89316,0.0,6.8883038,0.0,3.906243,4.0,0.0,32.37797,40.12495,5.9999924,0.0,0.0,-4.9375,0.0,0.0,0.0,0.0,0.0,0.0,1.9999695,1.0,45.874023,3.9062495,29.260427,29.731627,0.0,89.999565,0.0,0.0,104.948715,101.37496,720.0,547.125,-6.4108194E-6,-30.0625,0.0,-31.0,7.936031,40.999996,23.480225,0.0,138.92,0.0,0.0,-6.112671,99.998474,93.8858,0.60302734,138.43,139.16,138.22,138.84,0
367204.34,2.5497534,-0.92026186,0.09067659,0.0929603,101.37673,21.80451,13.815751,-10.465099,0.0,0.0,26.88,15.604,5.36,16.88,24.845,0.0,87.21808,0.0,0.0,0.0,204.0,4334.0,0.0,-11.125,0.11773682,105.9686,12494.676,12494.676,1100.0834,499.89316,0.0,6.973083,0.0,3.9062443,4.0,0.0,32.448444,40.12495,5.9999924,0.0,0.0,-4.9296875,0.0,0.0,0.0,0.0,0.0,0.0,1.9999695,1.0,45.46051,3.9062495,29.241943,29.680946,0.0,89.9996,0.0,0.0,105.03992,101.37496,720.0,547.125,-5.1286556E-6,-30.03125,0.0,-30.875,7.936031,40.999996,23.553467,0.0,138.62,0.0,0.0,-6.1584473,99.998474,93.84003,0.5395508,138.47,138.74,137.8,138.32,0
367204.4,2.4398026,-0.8931048,0.09023929,0.0929603,101.37739,21.80451,13.819463,-10.477484,0.0,0.0,26.88,15.639,5.36,16.88,24.845,0.0,87.21808,0.0,0.0,0.0,204.0,4328.0,0.0,-11.1015625,0.11804199,105.97689,12499.982,12499.982,1100.0834,499.89316,0.0,6.73994,0.0,3.9062455,4.0,0.0,32.51187,40.12495,5.9999924,0.0,0.0,-4.9453125,0.0,0.0,0.0,0.0,0.0,0.0,1.9999695,1.0,45.46051,3.9062495,29.15723,29.685072,0.0,89.99964,0.0,0.0,105.00675,101.383255,720.0,547.125,-4.102925E-6,-29.96875,0.0,-30.875,7.936031,40.999996,23.413086,0.0,138.49,0.0,0.0,-6.210327,99.998474,93.78815,0.5859375,138.08,138.47,137.55,138.25,0
367204.44,2.3318422,-0.88224196,0.090322465,0.0929603,101.377975,21.80451,13.827921,-10.475232,0.0,0.0,26.88,15.678,5.36,16.88,24.845,0.0,87.21808,0.0,0.0,0.0,204.0,4325.0,0.0,-11.1484375,0.119384766,106.00176,12508.474,12508.474,1100.0834,499.89316,0.0,6.9942775,0.0,3.9062462,4.0,0.0,32.568954,40.12495,5.9999924,0.0,0.0,-5.078125,0.0,0.0,0.0,0.0,0.0,0.0,1.9999695,1.0,45.46051,3.9062495,29.173344,29.681305,0.0,89.99967,0.0,0.0,104.948715,101.383255,720.0,547.125,-3.2823398E-6,-29.9375,0.0,-30.78125,7.936031,40.999996,23.406982,0.0,138.5,0.0,0.0,-6.0699463,99.998474,93.92853,0.6542969,138.05,138.27,137.8,138.22,0
367204.47,2.2254736,-0.85914683,0.09133305,0.0929603,101.3785,21.80451,13.810404,-10.44929,0.0,0.0,26.88,15.72,5.36,16.88,24.845,0.0,87.21808,0.0,0.0,0.0,204.0,4320.0,0.0,-11.2578125,0.11968994,105.99347,12528.639,12528.639,1100.0834,499.89316,0.0,6.9094987,0.0,3.906247,4.0,0.0,32.62033,40.12495,5.9999924,0.0,0.0,-5.2421875,0.0,0.0,0.0,0.0,0.0,0.0,1.9999695,1.0,45.46051,3.9062495,29.352682,29.66625,0.0,89.9997,0.0,0.0,104.99846,101.383255,720.0,547.5,-2.625872E-6,-29.9375,0.0,-30.78125,7.936031,40.999996,23.657227,0.0,138.2,0.0,0.0,-5.987549,99.998474,94.010925,0.5957031,138.22,138.12,137.65,137.9,0
367204.5,2.100379,-0.84990877,0.091325454,0.092875525,101.378975,21.80451,13.81572,-10.451955,0.0,0.0,26.88,15.759,5.36,16.88,24.845,0.0,87.21808,0.0,0.0,0.0,204.0,4317.0,0.0,-11.3125,0.11999512,105.99347,12538.191,12538.191,1100.0834,499.89316,0.0,7.0154724,0.0,3.9062474,4.0,0.0,32.66657,40.12495,5.9999924,0.0,0.0,-5.5,0.0,0.0,0.0,0.0,0.0,0.0,1.9999695,1.0,45.46051,3.9062495,29.33479,29.634352,0.0,89.99973,0.0,0.0,104.948715,101.383255,720.0,547.5,-2.1006977E-6,-29.90625,0.0,-30.78125,7.936031,40.999996,23.406982,0.0,138.0,0.0,0.0,-5.9509277,99.998474,94.04755,0.6567383,137.9,138.01,137.38,137.55,0
367204.56,1.9803032,-0.8462136,0.091523424,0.092875525,101.3794,21.80451,13.819441,-10.446453,0.0,0.0,26.88,15.8,5.36,16.88,24.845,0.0,87.21808,0.0,0.0,0.0,204.0,4311.0,0.0,-11.1484375,0.12097168,106.010056,12542.437,12542.437,1100.0834,499.89316,0.0,7.1850305,0.0,3.9062479,4.0,0.0,32.708183,40.12495,5.9999924,0.0,0.0,-5.59375,0.0,0.0,0.0,0.0,0.0,0.0,1.9999695,1.0,45.046997,3.9062495,29.373138,29.638454,0.0,89.999756,0.0,0.0,104.948715,101.383255,720.0,547.125,-1.6805582E-6,-29.875,0.0,-30.78125,7.936031,40.999996,23.608398,0.0,138.0,0.0,0.0,-5.8502197,99.998474,94.148254,0.6323242,137.7,137.7,137.03,137.44,0
367204.6,1.8242426,-0.8447355,0.09036802,0.092875525,101.37979,21.80451,13.816187,-10.481363,0.0,0.0,26.88,15.839,5.36,16.88,24.845,0.0,87.21808,0.0,0.0,0.0,204.0,4302.0,0.0,-11.078125,0.12133789,106.010056,12563.133,12563.133,1100.0834,499.89316,0.0,6.8459144,0.0,3.906248,4.0,0.0,32.745636,40.12495,5.9999924,0.0,0.0,-5.34375,0.0,0.0,0.0,0.0,0.0,0.0,1.9999695,1.0,45.046997,3.9062495,29.132898,29.615301,0.0,89.99978,0.0,0.0,104.948715,101.383255,720.0,547.125,-1.3444466E-6,-29.8125,0.0,-30.6875,7.936031,40.999996,23.278809,0.0,137.51,0.0,0.0,-5.9020996,99.998474,94.096375,0.6738281,137.5,137.34,136.87,137.39,0
367204.62,1.6793941,-0.8253942,0.08995834,0.092875525,101.380135,21.80451,13.813909,-10.492927,0.0,0.0,26.88,15.879,5.36,16.88,24.845,0.0,87.21808,0.0,0.0,0.0,204.0,4290.0,0.0,-10.75,0.12164307,106.010056,12567.378,12567.378,1100.0834,499.89316,0.0,6.9094987,0.0,3.9062483,4.0,0.0,32.779343,40.12495,5.9999924,0.0,0.0,-5.28125,0.0,0.0,0.0,0.0,0.0,0.0,1.9999695,1.0,45.046997,3.9062495,29.05354,29.623491,0.0,89.9998,0.0,0.0,104.90725,101.383255,720.0,546.75,-1.0755573E-6,-29.71875,0.0,-30.6875,7.936031,40.999996,23.339844,0.0,137.33,0.0,0.0,-5.7159424,99.998474,94.28253,0.5541992,136.82,137.19,136.98,137.14,0
367204.7,1.5835153,-0.79890776,0.089877695,0.092790745,101.38045,21.80451,13.800595,-10.494236,0.0,0.0,26.88,15.919,5.36,16.88,24.845,0.0,87.21808,0.0,0.0,0.0,204.0,4280.0,0.0,-10.7578125,0.12194824,106.00176,12591.789,12591.789,1100.0834,499.89316,0.0,6.7187457,0.0,3.9062486,4.0,0.0,32.88487,40.12495,5.9999924,0.0,0.0,-5.15625,0.0,0.0,0.0,0.0,0.0,0.0,1.9999695,1.0,45.046997,3.9062495,29.044825,29.605862,0.0,89.99982,0.0,0.0,104.90725,101.383255,720.0,546.75,-8.604458E-7,-29.71875,0.0,-30.6875,7.936031,40.999996,23.29712,0.0,137.07,0.0,0.0,-5.7891846,99.998474,94.20929,0.57128906,136.82,137.14,137.03,136.74,0
367204.75,1.5068122,-0.78831315,0.090242155,0.092790745,101.38073,21.80451,13.820573,-10.488788,0.0,0.0,26.88,15.958,5.36,16.88,24.845,0.0,87.21808,0.0,0.0,0.0,204.0,4277.0,0.0,-10.875,0.12194824,106.00176,12597.096,12597.096,1100.0834,499.89316,0.0,6.930693,0.0,3.9062488,4.0,0.0,32.97984,40.12495,5.9999924,0.0,0.0,-4.9453125,0.0,0.0,0.0,0.0,0.0,0.0,1.9999695,1.0,45.046997,3.9062495,29.082657,29.578377,0.0,89.99983,0.0,0.0,104.857506,101.383255,720.0,546.75,-6.883567E-7,-29.6875,0.0,-30.6875,7.936031,40.999996,23.223877,0.0,136.89,0.0,0.0,-5.593872,99.998474,94.4046,0.5541992,136.88,136.77,136.3,136.49,0
367204.78,1.4054499,-0.8028253,0.09149794,0.092790745,101.38098,21.80451,13.822839,-10.455852,0.0,0.0,26.88,16.0,5.36,16.88,24.845,0.0,87.21808,0.0,0.0,0.0,204.0,4273.0,0.0,-11.0,0.12225342,105.99347,12597.096,12597.096,1100.0834,499.89316,0.0,6.930693,0.0,3.906249,4.0,0.0,33.065315,40.12495,5.9999924,0.0,0.0,-4.8203125,0.0,0.0,0.0,0.0,0.0,0.0,1.9999695,1.0,44.633484,3.9062495,29.309935,29.567238,0.0,89.99985,0.0,0.0,104.80775,101.383255,720.0,547.125,-5.5068534E-7,-29.65625,0.0,-30.6875,7.936031,40.999996,23.309326,0.0,136.69,0.0,0.0,-5.4473877,99.998474,94.55109,0.5932617,136.59,136.43,135.98,136.43,0
367204.8,1.3243599,-0.8273802,0.091752365,0.092790745,101.38121,21.80451,13.812706,-10.461724,0.0,0.0,26.88,16.039,5.36,16.88,24.845,0.0,87.21808,0.0,0.0,0.0,204.0,4269.0,0.0,-11.0625,0.123291016,106.01835,12625.752,12625.752,1100.0834,499.89316,0.0,6.973083,0.0,3.906249,4.0,0.0,33.142242,40.12495,5.9999924,0.0,0.0,-4.7421875,0.0,0.0,0.0,0.0,0.0,0.0,1.9999695,1.0,44.633484,3.9062495,29.269684,29.47379,0.0,89.99986,0.0,0.0,104.7663,101.383255,720.0,547.125,-4.405483E-7,-29.625,0.0,-30.59375,7.936031,40.999996,23.120117,0.0,136.63,0.0,0.0,-5.19104,99.998474,94.807434,0.67871094,136.28,136.34,136.07,136.3,0
367204.84,1.2194879,-0.8372021,0.09153734,0.092790745,101.38142,21.80451,13.823191,-10.4701805,0.0,0.0,26.88,16.078,5.36,16.88,24.845,0.0,87.21808,0.0,0.0,0.0,204.0,4264.0,0.0,-10.921875,0.12359619,106.01835,12631.589,12631.589,1100.0834,499.89316,0.0,7.163836,0.0,3.9062493,4.0,0.0,33.21148,40.12495,5.9999924,0.0,0.0,-4.8125,0.0,0.0,0.0,0.0,0.0,0.0,1.9999695,1.0,44.633484,3.9062495,29.211605,29.458282,0.0,89.99988,0.0,0.0,104.7663,101.383255,720.0,547.125,-3.5243863E-7,-29.59375,0.0,-30.59375,7.936031,40.999996,23.254395,0.0,136.43,0.0,0.0,-5.3100586,99.998474,94.688416,0.6640625,136.34,136.18,136.07,136.02,0
367204.9,1.1355903,-0.82238084,0.091517314,0.0925788,101.3816,21.80451,13.812952,-10.462558,0.0,0.0,26.88,16.119,5.36,16.88,24.845,0.0,87.21808,0.0,0.0,0.0,204.0,4254.0,0.0,-10.671875,0.12390137,106.010056,12631.589,12631.589,1100.0834,499.89316,0.0,6.930693,0.0,3.9062493,4.0,0.0,33.273792,40.12495,6.374992,0.0,0.0,-4.8515625,0.0,0.0,0.0,0.0,0.0,0.0,1.9999695,1.0,44.633484,3.9062495,29.26433,29.474718,0.0,89.999886,0.0,0.0,104.80775,101.383255,720.0,546.75,-2.8195092E-7,-29.5625,0.0,-30.59375,7.936031,40.999996,23.016357,0.0,136.04,0.0,0.0,-5.3344727,99.998474,94.664,0.64941406,135.87,136.3,135.67,135.77,0
367204.94,1.1684722,-0.7977024,0.090550326,0.0925788,101.38177,21.80451,13.823363,-10.489811,0.0,0.0,26.88,16.159,5.36,16.88,24.845,0.0,87.21808,0.0,0.0,0.0,204.375,4253.0,0.0,-10.84375,0.12420654,106.010056,12654.938,12654.938,1100.0834,499.89316,0.0,6.867109,0.0,3.9062493,4.0,0.0,33.329872,40.12495,6.374992,0.0,0.0,-4.875,0.0,0.0,0.0,0.0,0.0,0.0,1.9999695,1.0,44.633484,3.9062495,29.076647,29.475014,0.0,89.99989,0.0,0.0,104.7663,101.383255,720.0,546.75,-2.2556074E-7,-29.5,0.0,-30.5,7.936031,40.999996,23.199463,0.0,136.22,0.0,0.0,-5.2734375,99.998474,94.72504,0.5859375,136.18,136.18,135.29,135.56,0
367204.97,1.1347778,-0.80658096,0.09058606,0.0925788,101.38192,21.80451,13.824792,-10.491213,0.0,0.0,26.88,16.2,5.36,16.88,24.845,0.0,87.21808,0.0,0.0,0.0,204.375,4253.0,0.0,-11.03125,0.124572754,106.00176,12665.553,12665.553,1100.0834,499.89316,0.0,6.8247194,0.0,3.9062493,4.0,0.0,33.380344,40.12495,6.374992,0.0,0.0,-4.890625,0.0,0.0,0.0,0.0,0.0,0.0,1.9999695,1.0,44.221497,3.9062495,29.06713,29.446728,0.0,89.9999,0.0,0.0,104.80775,101.383255,720.0,547.125,-1.804486E-7,-29.5,0.0,-30.5,7.936031,40.999996,23.199463,0.0,136.08,0.0,0.0,-5.2368164,99.998474,94.76166,0.57128906,135.92,136.18,135.29,135.67,0
367205.0,1.1278223,-0.8476324,0.09023234,0.0925788,101.381226,21.80451,13.819932,-10.509211,0.0,0.0,26.88,16.24,5.36,16.88,24.845,0.0,87.21808,0.0,0.0,0.0,204.375,4254.0,0.0,-10.5625,0.12487793,105.99347,12665.553,12665.553,1100.0834,499.89316,0.0,7.0366673,0.0,3.9062493,4.0,0.0,33.42577,40.12495,6.374992,0.0,0.0,-4.796875,0.0,0.0,0.0,0.0,0.0,0.0,1.9999695,1.0,44.221497,3.9062495,28.942385,29.401108,0.0,89.99991,0.0,0.0,104.70825,101.37496,720.0,546.75,-1.4435888E-7,-29.53125,0.0,-30.5,7.936031,40.999996,22.875977,0.0,136.3,0.0,0.0,-5.178833,99.998474,94.81964,0.5908203,136.02,135.82,135.73,135.62,0
367205.06,1.1422578,-0.882803,0.090401225,0.0925788,101.3806,21.80451,13.82239,-10.506756,0.0,0.0,26.88,16.279,5.36,16.88,24.845,0.0,87.21808,0.0,0.0,0.0,204.375,4251.0,0.0,-11.0234375,0.1251831,105.99347,12694.209,12694.209,1100.0834,499.89316,0.0,6.78233,0.0,3.9062495,4.0,0.0,33.466652,40.12495,6.374992,0.0,0.0,-4.796875,0.0,0.0,0.0,0.0,0.0,0.0,1.9999695,1.0,44.221497,3.9062495,28.958677,29.385036,0.0,89.999916,0.0,0.0,104.71654,101.37496,720.0,547.125,-1.15487104E-7,-29.53125,0.0,-30.5,7.936031,40.999996,22.979736,0.0,135.92,0.0,0.0,-5.065918,99.998474,94.932556,0.60302734,135.79,136.02,135.29,135.32,0
367205.1,1.1338062,-0.89687127,0.090315096,0.0925788,101.38087,21.80451,13.812391,-10.501078,0.0,0.0,26.88,16.319,5.36,16.88,24.845,0.0,87.21808,0.0,0.0,0.0,204.375,4245.0,0.0,-11.0625,0.1251831,105.99347,12699.516,12699.516,1100.0834,499.89316,0.0,6.8035245,0.0,3.9062495,4.0,0.0,33.503445,40.12495,6.374992,0.0,0.0,-4.734375,0.0,0.0,0.0,0.0,0.0,0.0,1.9999695,1.0,44.221497,3.9062495,28.998081,29.439081,0.0,89.99992,0.0,0.0,104.71654,101.383255,720.0,547.125,-9.238968E-8,-29.5,0.0,-30.5,7.936031,40.999996,22.96753,0.0,135.63,0.0,0.0,-4.8980713,99.998474,95.1004,0.6640625,135.58,135.56,135.11,135.14,0
367205.12,1.047045,-0.88374853,0.090607226,0.0925788,101.3811,21.80451,13.82297,-10.497661,0.0,0.0,26.88,16.358,5.36,16.88,24.845,0.0,87.21808,0.0,0.0,0.0,204.375,4236.0,0.0,-11.0703125,0.12548828,105.99347,12699.516,12699.516,1100.0834,499.89316,0.0,7.0366673,0.0,3.9062495,4.0,0.0,33.53656,40.12495,6.374992,0.0,0.0,-4.6875,0.0,0.0,0.0,0.0,0.0,0.0,1.9999695,1.0,44.221497,3.9062495,29.021873,29.4033,0.0,89.99993,0.0,0.0,104.7497,101.383255,720.0,547.125,-7.391175E-8,-29.4375,0.0,-30.375,7.936031,40.999996,23.132324,0.0,135.45,0.0,0.0,-4.9835205,99.998474,95.01495,0.5932617,135.08,135.01,134.84,135.22,0
367205.16,0.99763596,-0.8409994,0.09096185,0.09249402,101.38132,21.80451,13.818657,-10.494867,0.0,0.0,26.88,16.4,5.36,16.88,24.845,0.0,87.21808,0.0,0.0,0.0,204.375,4216.0,0.0,-10.9921875,0.12548828,105.99347,12703.761,12703.761,1100.0834,499.89316,0.0,6.8035245,0.0,3.9062495,4.0,0.0,33.566364,40.12495,6.374992,0.0,0.0,-4.71875,0.0,0.0,0.0,0.0,0.0,0.0,1.9999695,1.0,43.807983,3.9062495,29.041338,29.350985,0.0,89.99994,0.0,0.0,104.71654,101.383255,720.0,547.125,-5.9129402E-8,-29.3125,0.0,-30.28125,7.936031,40.999996,23.010254,0.0,134.95,0.0,0.0,-4.9835205,99.998474,95.01495,0.60058594,134.78,134.57,134.89,135.03,0
367205.2,0.91810876,-0.76764977,0.090158105,0.09249402,101.38151,21.80451,13.821497,-10.497431,0.0,0.0,26.88,16.439,5.36,16.88,24.845,0.0,87.21808,0.0,0.0,0.0,204.375,4209.0,0.0,-11.015625,0.12585449,105.99347,12734.009,12734.009,1100.0834,499.89316,0.0,6.8035245,0.0,3.9062495,4.0,0.0,33.668373,40.12495,6.374992,0.0,0.0,-5.59375,0.0,0.0,0.0,0.0,0.0,0.0,1.9999695,1.0,43.807983,3.9062495,29.023859,29.485243,0.0,89.99995,0.0,0.0,104.7663,101.383255,720.0,547.125,-4.7303523E-8,-29.25,0.0,-30.28125,7.469206,40.999996,22.96753,0.0,134.71,0.0,0.0,-5.2337646,99.998474,94.76471,0.60302734,134.78,134.78,134.68,134.63,0
