Time,Accel. Lat (m/s2),Accel. Long (m/s2),Airmass (g/stk),Airmass SP (g/stk),Ambient Press (kpa),Ambient Temp (°C),Battery Volts (V),Boost (psi),Calc TQ (nm),Calc HP (hp),Calc 0-60mph (s),Calc 60-130mph (s),Calc 0-60ft (s),Calc 1/8mile (s),Calc 1/4mile (s),Comb Mode (),Coolant Temp (°C),Cruise (),DV Position (%),EOI Actual (°),EOI Limit (°),Engine Speed (rpm),Eth Content (%),Exh Cam Position (°),Exh Flow Factor (),Exh Pres Desired (kpa),FP DI (kpa),FP DI SP (kpa),FP MPI (kpa),FP MPI SP (kpa),Fuel Flow (mg/stk),Fuel Flow SP (mg/stk),Fuel Split MPI (),Fuel Trim (%),Gear (gear),HPFP Eff Vol (%),IAT (°C),Ign Table (°),Ign Avg (°),Inj PW DI (ms),Inj PW MPI (ms),Intake Cam Pos (°),Intake Flow Fact (),Knock Avg (°),Knock Cyl 1 (°),Knock Cyl 2 (°),Knock Cyl 3 (°),Knock Cyl 4 (°),Lambda (l),Lambda SP (l),LPFP Duty (%),LTFT (%),MAP (kpa),MAP SP (kpa),Misfires (),Oil Temp (°C),Pedal Pos (%),Port Flap Pos (%),PUT (kpa),PUT SP (kpa),SOI Actual (°),SOI Limit (°),STFT (%),Torque (Nm),Torque Lim (),Torque Req (Nm),TPS (%),Trans Temp (°C),Turbo Speed (rpm),Valve Lift Pos (),Vehicle Speed (km/h),WG Flow Des (kg/hr),WG I Value (%),WG P-D Value (%),WG Pos Base (%),WG Pos Final (%),WG Voltage (V),Wheel Speed FL (km/h),Wheel Speed FR (km/h),Wheel Speed RL (km/h),Wheel Speed RR (km/h),SimosTools [R2.12:2026_7_15:CB_HSL_SP2933_5G0906259L_0002_BasicsGuide_R11.bin]
368448.34,0.11562863,0.3824556,0.3290724,0.33941317,100.19039,23.30828,13.732365,-2.1005607,176.20152,68.58188,26.88,0.0,5.36,16.88,24.845,0.0,100.00002,0.0,0.0,457.875,214.125,2774.0,0.0,-8.4921875,0.112854004,112.02987,15531.713,15601.762,1100.0834,513.6906,23.58979,23.653376,0.0,2.102675,4.0,46.75293,38.49521,16.874979,16.124979,1.592,0.0,-30.25,0.20495605,0.0,0.0,0.0,0.0,0.0,1.0195312,1.0,56.744385,3.125018,85.71146,87.15877,0.0,106.00006,21.386719,1.0,105.08138,86.49127,484.5,544.5,-1.0223428,98.5,0.0,100.0625,17.27254,66.99998,37.68921,1.0,88.07,61.5,0.0,-62.11548,46.722412,0.0,0.65185547,88.04,88.01,87.66,87.47,0
368448.38,0.1125029,0.39673224,0.34008896,0.33924365,100.19028,23.30828,13.749373,-1.875735,182.06009,70.836624,26.88,0.0,5.36,16.88,24.845,0.0,100.00002,0.0,0.0,457.875,214.125,2773.0,0.0,-8.46875,0.112854004,112.087906,15563.022,15745.043,1100.0834,513.6906,25.772854,24.60714,0.0,2.1508882,4.0,48.08197,38.480274,16.499979,16.124979,1.596,0.0,-30.234375,0.20581055,0.0,0.0,0.0,0.0,0.0,1.0136719,1.0,56.77948,3.1250124,87.26104,87.172295,0.0,106.00006,21.386719,1.0,104.782875,86.89757,484.5,544.5,-0.97412425,102.125,0.0,100.0625,18.206188,66.99998,38.165283,1.0,88.02,61.75,0.0,-58.05359,46.64917,0.0,0.65185547,88.04,88.04,87.49,87.51,0
368448.44,0.110002324,0.4024429,0.3416408,0.3397099,100.19018,23.30828,13.749561,-1.8469924,182.08328,70.99894,26.88,0.0,5.36,16.88,24.845,0.0,100.00002,0.0,0.0,456.75,213.75,2779.0,0.0,-8.40625,0.113220215,112.44445,15714.264,15760.433,1100.0834,513.6906,24.47997,24.60714,0.0,2.189459,4.0,47.45636,38.46683,16.499979,15.74998,1.648,0.0,-29.992188,0.20666504,0.0,0.0,0.0,0.0,0.0,1.0107422,1.0,56.791687,3.1250086,87.45906,87.220604,0.0,106.00006,21.386719,1.0,104.849205,87.07169,484.5,544.5,-0.93554944,102.5,0.0,100.15625,18.206188,66.99998,38.23242,1.0,88.19,62.0,0.0,-57.055664,46.661377,0.0,0.52490234,88.1,88.1,87.74,87.61,0
368448.47,0.10800186,0.40472716,0.34069914,0.34369457,100.19009,23.30828,13.749693,-1.8719053,182.05942,70.98963,26.88,0.0,5.36,16.88,24.845,0.0,99.84965,0.0,0.0,456.375,213.75,2779.0,0.0,-8.328125,0.11407471,112.56883,15707.8955,15730.184,1100.0834,513.956,23.75935,24.47997,0.0,2.2203164,4.0,46.990967,38.454735,16.499979,15.74998,1.668,0.0,-30.0,0.21063232,0.0,0.0,0.0,0.0,0.0,0.9980469,1.0,56.78711,3.125006,87.28725,87.67422,0.0,106.00006,21.582031,1.0,104.90725,87.3619,484.5,544.5,-0.90468955,102.3125,0.0,101.5625,17.739363,66.99998,38.14087,1.0,88.16,63.1875,0.0,-56.445312,46.533203,0.0,0.52001953,88.1,88.17,87.58,87.64,0
368448.5,0.10640149,0.42439088,0.3411518,0.34369457,100.19,23.30828,13.749784,-1.8728306,187.72137,73.22372,26.88,0.0,5.36,16.88,24.845,0.0,99.72935,0.0,0.0,456.75,213.75,2780.0,0.0,-8.3828125,0.11364746,112.53566,15634.132,15755.656,1100.0834,513.956,25.073425,24.925062,0.0,2.0887523,4.0,47.695923,38.443848,16.499979,15.74998,1.644,0.0,-29.765625,0.21136475,0.0,0.0,0.0,0.0,0.0,0.9951172,1.0,56.80542,3.125004,87.280785,87.67825,0.0,106.00006,21.582031,1.0,104.874084,87.5692,484.5,544.5,-1.0362517,102.34375,0.0,101.59375,17.739363,66.99998,38.153076,1.0,88.31,63.40625,0.0,-55.584717,46.36841,0.0,0.57373047,88.25,88.21,87.89,87.66,0
368448.53,0.105121195,0.45100635,0.34418517,0.34369457,100.189926,23.30828,13.74399,-1.8803108,193.10286,75.322845,26.88,0.0,5.36,16.88,24.845,0.0,99.6331,0.0,0.0,456.375,213.75,2780.0,0.0,-8.7734375,0.113708496,112.56883,15637.847,15812.969,1100.0834,513.956,26.55706,25.348957,0.0,1.9835016,4.0,48.580933,38.434048,16.499979,15.74998,1.676,0.0,-28.953125,0.2119751,0.0,0.0,0.0,0.0,0.0,0.9970703,1.0,56.83136,3.1250029,87.22915,87.14241,0.0,106.00006,21.582031,1.0,104.90725,87.5692,484.5,544.875,-1.1415013,103.3125,0.0,101.59375,18.206188,66.99998,38.43994,1.0,88.27,63.59375,0.0,-55.221558,46.331787,0.0,0.5761719,88.22,88.31,87.64,87.62,0
368448.6,0.08409696,0.46165255,0.34406862,0.3437369,100.18986,23.30828,13.757511,-1.8726647,193.15411,75.47835,26.88,0.0,5.36,16.88,24.845,0.0,99.70648,0.0,0.0,456.0,213.75,2785.0,0.0,-8.3359375,0.11383057,112.67662,15751.941,15768.923,1100.0834,513.956,25.073425,25.13701,0.0,2.055551,4.0,47.854614,38.42523,16.499979,15.74998,1.696,0.0,-28.882812,0.21246338,0.0,0.0,0.0,0.0,0.0,0.9921875,1.0,56.826782,3.125002,87.281784,87.22946,0.0,106.00006,21.582031,1.0,104.90725,87.51945,484.5,544.5,-1.069451,103.28125,0.0,101.59375,18.206188,66.99998,38.43994,1.0,88.36,63.75,0.0,-55.3833,46.31958,0.0,0.48339844,88.33,88.38,88.01,87.76,0
368448.62,0.08727758,0.46591103,0.3427564,0.34407607,100.1898,23.30828,13.755258,-1.874957,193.11415,75.51692,26.88,0.0,5.36,16.88,24.845,0.0,99.76519,0.0,0.0,456.375,213.75,2787.0,0.0,-8.46875,0.11383057,112.68491,15771.046,15740.798,1100.0834,513.956,24.501167,24.946257,0.0,2.1131904,4.0,47.525024,38.41729,16.499979,15.74998,1.684,0.0,-29.367188,0.2130127,0.0,0.0,0.0,0.0,0.0,0.9892578,1.0,56.822205,3.1250012,87.26592,87.47442,0.0,106.00006,21.582031,1.0,104.92384,87.51945,484.5,544.5,-1.0118108,102.84375,0.0,101.625,17.739363,66.99998,38.146973,1.0,88.33,63.90625,0.0,-55.474854,46.276855,0.0,0.6542969,88.4,88.46,87.74,87.76,0
368448.7,0.08982207,0.4676144,0.34097415,0.34382167,100.18974,23.30828,13.75368,-1.8903576,193.25752,75.57299,26.88,0.0,5.36,16.88,24.845,0.0,99.66178,0.0,0.0,456.375,213.75,2787.0,0.0,-8.53125,0.113464355,112.66004,15702.589,15745.043,1100.0834,513.956,24.946257,24.946257,0.0,2.159302,4.0,47.729492,38.41015,16.499979,15.74998,1.68,0.0,-29.609375,0.21289062,0.0,0.0,0.0,0.0,0.0,0.9863281,1.0,56.814575,3.1250007,87.15971,87.54539,0.0,106.00006,21.582031,1.0,105.08138,87.59407,484.5,544.5,-0.96569866,102.28125,0.0,101.5625,17.739363,66.99998,38.40332,1.0,88.5,63.875,0.0,-55.86853,46.19751,0.0,0.56396484,88.49,88.49,88.15,87.92,0
368448.72,0.09185766,0.46829575,0.34071782,0.34386408,100.1897,23.30828,13.752576,-1.8812195,193.23343,75.6178,26.88,0.0,5.36,16.88,24.845,0.0,99.57905,0.0,0.0,456.375,213.75,2789.0,0.0,-8.453125,0.11340332,112.602,15764.678,15717.979,1100.0834,513.956,23.314259,24.734308,0.0,2.1961915,4.0,46.7865,38.40372,16.499979,15.74998,1.68,0.0,-29.734375,0.21331787,0.0,0.0,0.0,0.0,0.0,0.984375,1.0,56.82373,3.1250005,87.22266,87.65451,0.0,106.00006,21.582031,1.0,105.04822,87.68528,484.5,544.5,-0.9288089,102.21875,0.0,101.5625,17.739363,66.99998,38.305664,1.0,88.53,64.0,0.0,-55.493164,46.14258,0.0,0.49316406,88.55,88.55,87.92,87.92,0
368448.78,0.09348613,0.46856833,0.34488356,0.34386408,100.18965,23.30828,13.751803,-1.8340478,193.25702,75.7355,26.88,0.0,5.36,16.88,24.845,0.0,99.51286,0.0,0.0,456.75,213.75,2793.0,0.0,-8.5234375,0.11340332,112.61029,15652.706,15789.619,1100.0834,513.956,26.090775,25.031036,0.0,2.225703,4.0,48.376465,38.397934,16.499979,15.74998,1.664,0.0,-29.34375,0.2140503,0.0,0.0,0.0,0.0,0.0,0.98046875,1.0,56.832886,3.1250002,87.54776,87.39723,0.0,106.00006,21.582031,1.0,105.04822,87.701866,484.5,544.5,-0.8992972,103.53125,0.0,101.53125,18.206188,66.99998,38.586426,1.0,88.64,64.21875,0.0,-55.25818,46.081543,0.0,0.52246094,88.61,88.58,88.31,88.01,0
368448.8,0.074788906,0.46867734,0.34425104,0.3439065,100.18961,23.30828,13.762981,-1.817352,193.22096,75.8027,26.88,0.0,5.36,16.88,24.845,0.0,99.459915,0.0,0.0,456.75,213.75,2796.0,0.0,-8.6875,0.11352539,112.75125,15654.828,15757.248,1100.0834,514.2213,26.429892,24.713114,0.0,2.2493124,4.0,48.60382,38.392727,16.499979,15.74998,1.66,0.0,-29.554688,0.21417236,0.0,0.0,0.0,0.0,0.0,0.984375,1.0,56.83899,3.1250002,87.6628,87.58856,0.0,106.00006,21.582031,1.0,105.031624,87.718445,484.875,544.875,-0.8756878,103.40625,0.0,101.53125,18.206188,66.99998,38.5437,1.0,88.67,64.25,0.0,-55.291748,46.099854,0.0,0.56152344,88.71,88.69,88.04,88.01,0
368448.84,0.07983112,0.44997096,0.3442487,0.3439065,100.189575,23.30828,13.764946,-1.8005158,187.9193,73.72279,26.88,0.0,5.36,16.88,24.845,0.0,99.41756,0.0,0.0,456.375,213.75,2796.0,0.0,-8.25,0.11352539,112.74296,15798.641,15736.552,1100.0834,514.2213,23.420233,24.07727,0.0,2.2682,4.0,46.93451,38.38804,16.499979,15.74998,1.68,0.0,-29.585938,0.21343994,0.0,0.0,0.0,0.0,0.0,0.9863281,1.0,56.82831,3.1250002,87.77882,87.71892,0.0,106.00006,21.582031,1.0,105.031624,87.768196,484.5,544.125,-0.85680026,103.40625,0.0,101.53125,18.206188,66.99998,38.476562,1.0,88.8,64.03125,0.0,-55.2063,46.16089,0.0,0.5175781,88.78,88.78,88.49,88.15,0
368448.88,0.0638649,0.46123838,0.34503666,0.34390652,100.19037,23.30828,13.754602,-1.7954497,193.34467,75.8241,26.88,0.0,5.36,16.88,24.845,0.0,99.383675,0.0,0.0,457.5,213.75,2795.0,0.0,-8.4765625,0.11352539,112.734665,15637.847,15743.451,1100.0834,514.2213,26.111969,24.056076,0.0,2.43956,4.0,48.42224,38.38382,16.499979,15.74998,1.648,0.0,-29.953125,0.21343994,0.0,0.0,0.0,0.0,0.0,0.98828125,1.0,56.81305,3.1250002,87.81453,87.64414,0.0,106.00006,21.582031,1.0,105.0648,87.82624,485.25,544.5,-0.68544024,103.65625,0.0,101.625,18.206188,66.99998,38.500977,1.0,88.86,64.03125,0.0,-55.08728,46.16089,0.0,0.49072266,88.85,88.8,88.21,88.15,0
368448.94,0.07109192,0.46574536,0.34315252,0.34403366,100.19108,23.30828,13.7532215,-1.8507335,193.43639,75.94149,26.88,0.0,5.36,16.88,24.845,0.0,99.35657,0.0,0.0,457.875,213.75,2798.0,0.0,-8.78125,0.11352539,112.74296,15691.445,15721.693,1100.0834,514.2213,24.946257,23.716959,0.0,2.576648,4.0,47.77527,38.380024,16.499979,15.74998,1.624,0.0,-29.664062,0.21374512,0.0,0.0,0.0,0.0,0.0,0.9970703,1.0,56.803894,3.1250002,87.43417,87.58867,0.0,106.00006,21.582031,1.0,105.156006,87.81795,485.25,544.875,-0.5483522,103.03125,0.0,101.625,17.739363,66.99998,38.45215,1.0,88.94,64.125,0.0,-55.264282,46.136475,0.0,0.5957031,88.88,88.88,88.54,88.31,0
368448.97,0.056873538,0.46754813,0.34194535,0.34403366,100.19172,23.30828,13.734676,-1.8610073,193.43639,75.94149,26.88,0.0,5.36,16.88,24.845,0.0,99.33488,0.0,0.0,457.875,213.75,2798.0,0.0,-8.390625,0.11352539,112.7015,15789.089,15745.573,1100.0834,514.2213,23.27187,23.75935,0.0,2.6863184,4.0,46.844482,38.376606,16.499979,15.74998,1.608,0.0,-29.671875,0.21386719,0.0,0.0,0.0,0.0,0.0,1.0048828,1.0,56.796265,3.1250002,87.364,87.67275,0.0,106.00006,21.582031,1.0,105.18917,87.83453,484.875,544.5,-0.43868175,102.625,0.0,101.625,17.739363,66.99998,38.43994,1.0,88.89,64.15625,0.0,-55.40161,46.124268,0.0,0.6201172,88.94,88.94,88.33,88.31,0
368449.0,0.04549883,0.48701927,0.34151235,0.34403366,100.191475,23.30828,13.745132,-1.8522433,198.7402,77.99584,26.88,0.0,5.36,16.88,24.845,0.0,99.31753,0.0,0.0,458.25,213.75,2797.0,0.0,-8.2890625,0.113464355,112.66004,15779.536,15729.653,1100.0834,514.2213,23.293064,23.632181,0.0,2.7740548,4.0,46.844482,38.37353,16.499979,15.74998,1.588,0.0,-29.96875,0.21362305,0.0,0.0,0.0,0.0,0.0,1.0146484,1.0,56.78711,3.1250002,87.424164,87.78936,0.0,106.00006,21.582031,1.0,105.247215,87.859406,484.875,544.5,-0.3509454,102.5,0.0,101.625,17.739363,66.99998,38.56201,1.0,88.97,64.09375,0.0,-55.496216,46.13037,0.0,0.5395508,88.95,88.99,88.58,88.38,0
368449.03,0.056399062,0.49480772,0.34224907,0.34776393,100.19125,23.30828,13.7465925,-1.8454384,198.73203,78.0484,26.88,0.0,5.36,16.88,24.845,0.0,99.30365,0.0,0.0,458.25,213.75,2799.0,0.0,-8.484375,0.11383057,112.668335,15705.773,15736.552,1100.0834,514.2213,23.950102,23.695765,0.0,2.844244,4.0,47.161865,38.370766,16.499979,15.74998,1.584,0.0,-29.867188,0.2177124,0.0,0.0,0.0,0.0,0.0,1.0214844,1.0,56.785583,3.1250002,87.47085,88.23542,0.0,106.00006,21.777344,1.0,105.197464,87.975494,484.875,544.5,-0.28075632,102.6875,0.0,102.9375,17.739363,66.99998,38.47046,1.0,88.95,65.3125,0.0,-55.181885,45.874023,0.0,0.47851562,89.03,88.97,88.4,88.46,0
368449.1,0.06511925,0.4791731,0.35047165,0.3493324,100.19188,23.30828,13.735896,-1.7366217,193.58032,76.10664,26.88,0.0,5.36,16.88,24.845,0.0,99.29255,0.0,0.0,458.25,213.375,2802.0,0.0,-9.109375,0.11456299,112.74296,15629.887,15891.508,1100.0834,514.2213,26.980955,24.47997,0.0,2.9003952,4.0,48.93341,38.293087,16.499979,15.37498,1.6,0.0,-29.3125,0.22039795,0.0,0.0,0.0,0.0,0.0,1.0244141,1.0,56.80847,3.1250002,88.221535,88.073494,0.0,106.00006,21.875,1.0,104.99846,88.05012,485.25,545.25,-0.22460507,105.28125,0.0,103.59375,18.206188,66.99998,38.83667,1.0,89.11,66.125,0.0,-54.223633,45.825195,0.0,0.5834961,89.07,89.13,88.74,88.55,0
368449.12,0.052095402,0.47291923,0.35024264,0.35785267,100.192444,23.30828,13.734268,-1.7116014,193.51978,76.27291,26.88,0.0,5.36,16.88,24.845,0.0,99.28367,0.0,0.0,457.125,213.375,2809.0,0.0,-8.671875,0.11627197,113.08292,15847.993,15843.748,1100.0834,514.2213,24.946257,24.289219,0.0,2.945316,4.0,47.877502,38.223175,16.499979,15.37498,1.648,0.0,-29.515625,0.22906494,0.0,0.0,0.0,0.0,0.0,1.0273438,1.0,56.819153,3.1250002,88.39456,89.51247,0.0,106.00006,22.265625,1.0,105.01505,88.879295,485.25,544.875,-0.17968406,105.21875,0.0,106.3125,18.206188,66.99998,38.983154,1.0,89.24,68.71875,0.0,-53.26538,45.507812,0.0,0.56640625,89.24,89.13,88.58,88.61,0
368449.16,0.041676324,0.45166773,0.3577384,0.3608623,100.19295,23.30828,13.727269,-1.5622243,188.18257,74.19573,26.88,0.0,5.36,16.88,24.845,0.0,99.27656,0.0,0.0,457.875,213.375,2810.0,0.0,-8.6796875,0.11706543,113.149254,15870.8125,15987.56,1100.0834,514.2213,26.217943,25.073425,0.0,2.981253,4.0,48.66028,38.160255,16.124979,15.37498,1.628,0.0,-29.796875,0.23309326,0.0,0.0,0.0,0.0,0.0,1.0205078,1.0,56.837463,3.1250002,89.424706,89.87606,0.0,106.00006,22.460938,1.0,104.90725,89.56751,485.625,544.875,-0.14374726,108.34375,0.0,107.53125,19.13984,66.99998,39.68506,1.0,89.27,69.9375,0.0,-49.95117,45.355225,0.0,0.52978516,89.22,89.29,88.91,88.69,0
368449.2,0.03334106,0.4619171,0.36019653,0.36336327,100.19258,23.30828,13.734088,-1.4816921,193.5156,76.40703,26.88,0.0,5.36,16.88,24.845,0.0,99.270874,0.0,0.0,457.125,213.0,2814.0,0.0,-9.25,0.11767578,113.41459,15886.201,15943.514,1100.0834,514.48663,26.451086,24.840282,0.0,3.0100024,4.0,48.841858,38.10363,16.124979,14.999981,1.668,0.0,-29.984375,0.23553467,0.0,0.0,0.0,0.0,0.0,1.0166016,1.0,56.854248,3.1250002,89.97944,90.41557,0.0,106.00006,22.65625,1.0,104.84092,90.031845,485.625,545.25,-0.114997804,109.96875,0.0,109.09375,19.13984,66.99998,39.276123,1.0,89.32,70.65625,0.0,-47.720337,45.300293,0.0,0.5029297,89.39,89.33,88.69,88.65,0
368449.25,0.02667285,0.46601683,0.36642948,0.3659067,100.192245,23.30828,13.727142,-1.392656,193.67596,76.47035,26.88,0.0,5.36,16.88,24.845,0.0,99.26633,0.0,0.0,456.75,213.375,2814.0,0.0,-9.09375,0.11853027,113.54726,15982.784,16052.302,1100.0834,514.48663,26.853786,25.454931,0.0,3.033002,4.0,49.171448,38.052666,15.74998,15.37498,1.684,0.0,-29.648438,0.23852539,0.0,0.0,0.0,0.0,0.0,1.0166016,1.0,56.884766,3.1250002,90.59282,90.53151,0.0,106.00006,22.851562,1.0,104.80775,90.32206,485.25,545.25,-0.09199824,112.625,0.0,110.4375,19.606665,66.99998,39.84375,1.0,89.41,71.5625,0.0,-46.4386,45.25757,0.0,0.6347656,89.39,89.45,89.03,88.85,0
368449.28,0.02133828,0.48640674,0.366522,0.36599147,100.19195,23.30828,13.72814,-1.3906969,198.89151,78.55755,26.88,0.0,5.36,16.88,24.845,0.0,99.26269,0.0,0.0,456.75,213.375,2815.0,0.0,-9.0546875,0.11871338,113.76284,16106.431,16002.949,1100.0834,514.48663,25.815243,25.242985,0.0,3.0514016,4.0,48.66028,38.006798,15.74998,15.37498,1.684,0.0,-29.664062,0.23840332,0.0,0.0,0.0,0.0,0.0,1.0195312,1.0,56.88629,3.1250002,90.606026,90.50499,0.0,106.00006,22.851562,1.0,104.92384,90.46302,485.25,545.25,-0.07359859,112.625,0.0,110.40625,19.606665,66.99998,39.874268,1.0,89.46,71.53125,0.0,-46.0083,45.3125,0.0,0.5493164,89.49,89.43,88.85,88.84,0
368449.3,0.037070625,0.49456272,0.36448196,0.36599147,100.19168,23.30828,13.740557,-1.4112201,198.98389,78.62195,26.88,0.0,5.36,16.88,24.845,0.0,99.25977,0.0,0.0,456.75,213.375,2816.0,0.0,-8.9921875,0.11798096,113.729675,16231.669,15988.091,1100.0834,514.48663,23.377844,25.942411,0.0,3.0661213,4.0,47.320557,37.965515,16.124979,15.37498,1.704,0.0,-29.679688,0.23956299,0.0,0.0,0.0,0.0,0.0,1.0214844,1.0,56.904602,3.1250002,90.464294,90.67291,0.0,106.00006,22.851562,1.0,104.90725,90.5791,485.625,544.875,-0.058878876,111.8125,0.0,110.40625,19.606665,66.99998,39.709473,1.0,89.49,71.875,0.0,-45.64209,45.03784,0.0,0.5419922,89.52,89.56,89.11,88.97,0
368449.34,0.0496565,0.4978251,0.36479425,0.3678142,100.19144,23.30828,13.73753,-1.4117382,198.89941,78.672295,26.88,0.0,5.36,16.88,24.845,0.0,99.25745,0.0,0.0,456.75,213.375,2819.0,0.0,-8.96875,0.11834717,113.74626,16109.614,16025.237,1100.0834,514.48663,25.073425,26.366306,0.0,3.077897,4.0,48.24066,37.928364,16.124979,15.37498,1.704,0.0,-29.726562,0.2421875,0.0,0.0,0.0,0.0,0.0,1.0205078,1.0,56.91681,3.1250002,90.46048,90.91787,0.0,106.00006,22.949219,1.0,105.01505,90.69519,485.625,544.875,-0.047103103,111.9375,0.0,111.0625,19.606665,66.99998,39.996338,1.0,89.55,72.65625,0.0,-45.581055,44.903564,0.0,0.47851562,89.62,89.56,89.03,88.91,0
368449.4,0.0597252,0.5178801,0.3652416,0.36785656,100.19204,23.30828,13.74713,-1.3908917,204.09836,80.81459,26.88,0.0,5.36,16.88,24.845,0.0,99.255585,0.0,0.0,456.0,213.375,2822.0,0.0,-9.0,0.1184082,113.77943,16102.716,15991.274,1100.0834,514.752,25.62449,26.366306,0.0,3.2435677,4.0,48.558044,37.894924,15.74998,15.37498,1.732,0.0,-29.75,0.24291992,0.0,0.0,0.0,0.0,0.0,1.0126953,1.0,56.930542,3.1250002,90.604774,90.96653,0.0,106.10006,22.949219,1.0,104.95701,90.82786,485.625,544.875,0.1185675,112.125,0.0,111.0625,19.606665,66.99998,39.971924,1.0,89.65,72.875,0.0,-45.184326,44.86084,0.0,0.56396484,89.6,89.65,89.24,89.11,0
368449.44,0.06778016,0.52590203,0.36885953,0.36726314,100.19259,23.30828,13.747992,-1.3803135,204.04202,80.84954,26.88,0.0,5.36,16.88,24.845,0.0,99.2541,0.0,0.0,456.0,213.375,2824.0,0.0,-9.0234375,0.11846924,113.81259,16125.535,16048.057,1100.0834,514.752,26.027191,26.769009,0.0,3.3761044,4.0,48.841858,37.86483,15.74998,15.37498,1.744,0.0,-29.0,0.24298096,0.0,0.0,0.0,0.0,0.0,0.99902344,1.0,56.96106,3.1250002,90.67824,90.484,0.0,106.190056,22.949219,1.0,105.031624,90.819565,485.625,545.25,0.251104,113.71875,0.0,111.0625,19.606665,66.99998,40.289307,1.0,89.68,72.90625,0.0,-45.010376,44.866943,0.0,0.5541992,89.88,89.75,89.24,89.07,0
368449.47,0.07422413,0.51036084,0.36660123,0.37535957,100.19391,23.30828,13.742735,-1.4158268,199.09624,79.00157,26.88,0.0,5.36,16.88,24.845,0.0,99.25291,0.0,0.0,455.25,213.375,2828.0,0.0,-9.0,0.12005615,114.01989,16189.746,16042.75,1100.0834,514.752,24.840282,26.747814,0.0,3.4821334,4.0,48.184204,37.837746,16.124979,15.37498,1.776,0.0,-28.882812,0.25146484,0.0,0.0,0.0,0.0,0.0,0.9970703,1.0,56.948853,3.1250002,90.43477,91.737595,0.0,106.27105,23.339844,1.0,105.23062,91.051735,485.625,544.875,0.35713318,112.59375,0.0,113.6875,19.606665,66.99998,40.649414,1.0,89.79,75.4375,0.0,-45.31555,44.543457,0.0,0.49804688,89.75,89.88,89.45,89.29,0
368449.5,0.079379305,0.5228944,0.37406462,0.3745966,100.1951,23.30828,13.750773,-1.2663102,204.07411,81.03406,26.88,0.0,5.36,16.88,24.845,0.0,99.25195,0.0,0.0,456.375,213.0,2830.0,0.0,-9.0625,0.11999512,113.961845,16213.626,16122.351,1100.0834,514.752,26.260334,27.04454,0.0,3.7232068,4.0,49.11499,37.81337,15.74998,14.999981,1.74,0.0,-28.875,0.25152588,0.0,0.0,0.0,0.0,0.0,0.9951172,1.0,56.97937,3.1250002,91.46656,91.53042,0.0,106.34395,23.339844,1.0,104.940414,91.30048,486.0,545.25,0.5982065,115.90625,0.0,113.6875,20.07349,66.99998,40.58838,1.0,89.83,75.46875,0.0,-43.70117,44.525146,0.0,0.48828125,90.05,89.88,89.39,89.2,0
368449.56,0.08350344,0.5279078,0.37541154,0.38510916,100.19617,23.30828,13.738823,-1.2496743,204.18677,81.250694,26.88,0.0,5.36,16.88,24.845,0.0,99.25119,0.0,0.0,455.625,213.0,2836.0,0.0,-9.46875,0.121398926,114.3101,16115.982,16142.517,1100.0834,514.752,27.786358,27.235292,0.0,3.9160655,4.0,49.943542,37.79143,15.74998,14.999981,1.792,0.0,-28.992188,0.26281738,0.0,0.0,0.0,0.0,0.0,0.99902344,1.0,56.988525,3.1250002,91.5823,93.02533,0.0,106.40955,23.925781,1.0,105.01505,92.47791,486.375,545.625,0.7910652,116.34375,0.0,117.5625,20.07349,66.99998,40.856934,1.0,89.97,78.84375,0.0,-42.767334,43.927002,0.0,0.60058594,89.94,90.05,89.52,89.43,0
368449.6,0.066802755,0.5299131,0.3839768,0.38693187,100.1963,23.30828,13.742176,-1.0660634,204.2472,81.24608,26.88,0.0,5.36,16.88,24.845,0.0,99.25058,0.0,0.0,455.625,212.625,2835.0,0.0,-9.8125,0.12219238,114.401306,16143.047,16324.537,1100.0834,515.01733,29.503136,28.295033,0.0,4.0703526,4.0,50.987244,37.771687,15.74998,14.624981,1.792,0.0,-29.242188,0.26538086,0.0,0.0,0.0,0.0,0.0,0.9970703,1.0,57.019043,3.1250002,92.84804,93.27628,0.0,106.4686,24.023438,1.0,104.84092,92.793,486.375,546.0,0.9453522,119.9375,0.0,118.21875,21.473967,66.99998,41.52832,1.0,90.03,79.625,0.0,-38.952637,43.90869,2.1499634,0.703125,90.17,90.08,89.6,89.49,0
368449.62,0.053442206,0.5307153,0.3862961,0.3862113,100.19642,23.30828,13.744523,-0.9979689,204.30371,81.44055,26.88,0.0,5.36,16.88,24.845,0.0,99.25009,0.0,0.0,454.875,212.625,2841.0,0.0,-9.21875,0.12176514,114.674934,16399.361,16323.476,1100.0834,515.01733,28.0195,28.316227,0.0,4.350032,4.0,50.34027,37.753918,15.37498,14.624981,1.828,0.0,-29.34375,0.26531982,0.0,0.0,0.0,0.0,0.0,0.9970703,1.0,57.03125,3.1250002,93.31753,93.33033,0.0,106.521736,24.023438,1.0,104.849205,93.03346,486.375,545.25,1.2250317,120.6875,0.0,118.25,21.473967,66.99998,41.882324,1.0,90.13,79.59375,0.0,-37.649536,43.811035,3.3554077,0.61035156,90.11,90.15,89.72,89.65,0
368449.66,0.042753767,0.53103614,0.38552004,0.38981435,100.1957,23.30828,13.7344475,-0.9945853,204.25536,81.4786,26.88,0.0,5.36,16.88,24.845,0.0,99.2497,0.0,0.0,454.5,212.625,2843.0,0.0,-9.4609375,0.12261963,114.79931,16370.175,16356.908,1100.0834,515.01733,27.743967,28.528175,0.0,4.573776,4.0,50.125122,37.737923,15.37498,14.624981,1.856,0.0,-29.851562,0.26922607,0.0,0.0,0.0,0.0,0.0,0.9941406,1.0,57.035828,3.1250002,93.34013,93.972916,0.0,106.569565,24.21875,1.0,105.01505,93.315384,486.375,545.625,1.4487754,120.53125,0.0,119.53125,21.473967,66.99998,42.46216,1.0,90.17,80.78125,0.0,-37.280273,43.69507,3.6209106,0.55908203,90.32,90.21,89.72,89.62,0
368449.72,0.034203015,0.5499145,0.38742247,0.38998392,100.19506,23.30828,13.739113,-0.9356123,209.3118,83.49564,26.88,0.0,5.36,16.88,24.845,0.0,99.24939,0.0,0.0,454.875,212.625,2843.0,0.0,-9.4140625,0.12225342,114.79931,16425.895,16372.297,1100.0834,515.01733,27.256489,28.528175,0.0,4.7527704,4.0,49.908447,37.72353,15.37498,14.624981,1.852,0.0,-29.976562,0.2695923,0.0,0.0,0.0,0.0,0.0,0.9941406,1.0,57.037354,3.1250002,93.74599,94.09933,0.0,106.61261,24.21875,1.0,104.940414,93.638756,486.75,545.625,1.6277703,121.28125,0.0,119.53125,21.940792,66.99998,42.523193,1.0,90.24,80.875,0.0,-36.132812,43.572998,4.6463013,0.48828125,90.17,90.28,89.85,89.78,0
368449.75,0.027362412,0.5574658,0.38990182,0.389772,100.19448,23.30828,13.73066,-0.9066018,209.23921,83.58412,26.88,0.0,5.36,16.88,24.845,0.0,99.24914,0.0,0.0,454.875,212.625,2847.0,0.0,-9.4140625,0.12231445,114.86565,16333.027,16376.543,1100.0834,515.01733,28.337421,28.612953,0.0,4.8959665,4.0,50.465393,37.710575,15.37498,14.624981,1.844,0.0,-29.578125,0.27020264,0.0,0.0,0.0,0.0,0.0,0.9951172,1.0,57.051086,3.1250002,93.94537,93.926346,0.0,106.65135,24.21875,1.0,105.01505,93.88751,486.75,545.625,1.7709663,122.25,0.0,119.5,21.940792,66.99998,42.7063,1.0,90.31,81.0625,0.0,-35.165405,43.536377,5.5770874,0.5493164,90.44,90.34,89.94,89.75,0
368449.78,0.02188993,0.5792363,0.3906253,0.38981438,100.19396,23.30828,13.742322,-0.9405367,214.05179,85.65675,26.88,0.0,5.36,16.88,24.845,0.0,99.24894,0.0,0.0,454.875,212.625,2852.0,0.0,-9.4609375,0.123168945,114.99002,16391.932,16385.033,1100.0834,515.01733,28.782513,28.782513,0.0,5.1667733,4.0,50.88501,37.698917,15.37498,14.624981,1.856,0.0,-29.132812,0.2709961,0.0,0.0,0.0,0.0,0.0,1.0,1.0,57.06024,3.1250002,93.710945,93.60508,0.0,106.68622,24.21875,1.0,105.04822,93.9041,486.75,545.625,2.041773,122.59375,0.0,119.53125,21.940792,66.99998,42.559814,1.0,90.39,81.3125,0.0,-34.906006,43.68286,5.982971,0.61279297,90.41,90.44,90.08,89.85,0
368449.8,0.017511945,0.58794457,0.3890198,0.39740214,100.19349,23.30828,13.744625,-0.9176769,214.0277,85.70718,26.88,0.0,5.36,16.88,24.845,0.0,99.24878,0.0,0.0,454.5,212.625,2854.0,0.0,-9.4296875,0.12432861,115.10611,16550.604,16361.153,1100.0834,515.01733,25.26418,28.761318,0.0,5.3834186,4.0,48.887634,37.688423,15.37498,14.624981,1.864,0.0,-29.554688,0.27893066,0.0,0.0,0.0,0.0,0.0,1.0039062,1.0,57.05414,3.1250002,93.86804,95.10265,0.0,106.7176,24.609375,1.0,105.23062,94.426476,486.75,545.625,2.2584183,121.625,0.0,122.125,21.940792,66.99998,43.28003,1.0,90.48,83.6875,0.0,-35.040283,43.310547,5.4885864,0.5566406,90.68,90.51,90.17,89.85,0
368449.88,0.014009557,0.59142786,0.39305606,0.39714777,100.19307,23.30828,13.740378,-0.83512694,214.12862,85.77763,26.88,0.0,5.36,16.88,24.845,0.0,99.24865,0.0,0.0,454.875,212.625,2855.0,0.0,-9.40625,0.12432861,115.07294,16500.72,16479.492,1100.0834,515.28265,26.387503,29.185213,0.0,5.556735,4.0,49.580383,37.678978,15.37498,14.624981,1.856,0.0,-29.867188,0.2796631,0.0,0.0,0.0,0.0,0.0,0.9970703,1.0,57.069397,3.1250002,94.43663,95.0126,0.0,106.74584,24.609375,1.0,105.13943,94.7084,486.75,545.625,2.4317346,123.4375,0.0,122.125,22.407618,66.99998,43.371582,1.0,90.58,83.90625,0.0,-33.28247,43.24951,7.1914673,0.5419922,90.51,90.57,90.15,89.99,0
368449.9,0.011207646,0.5928212,0.39581642,0.4064735,100.19269,23.30828,13.743265,-0.7565384,214.1409,85.872696,26.88,0.0,5.36,16.88,24.845,0.0,99.24854,0.0,0.0,454.5,212.25,2858.0,0.0,-9.8203125,0.12524414,115.27194,16492.229,16520.355,1100.0834,515.28265,27.298878,29.48194,0.0,5.695388,4.0,50.125122,37.67048,15.37498,14.249982,1.868,0.0,-30.125,0.28979492,0.0,0.0,0.0,0.0,0.0,0.9980469,1.0,57.084656,3.1250002,94.97795,96.50697,0.0,106.77126,25.097656,1.0,105.13943,95.80291,486.75,546.0,2.5703876,124.4375,0.0,125.34375,22.874443,66.99998,43.73169,1.0,90.69,86.9375,0.0,-31.304932,42.633057,8.564758,0.5029297,90.78,90.71,90.17,90.05,0
368449.94,0.008966117,0.5933785,0.40549847,0.4098223,100.192345,23.30828,13.721848,-0.59548074,214.12897,85.958046,26.88,0.0,5.36,16.88,24.845,0.0,99.24846,0.0,0.0,454.125,212.25,2861.0,0.0,-10.109375,0.12573242,115.421196,16494.352,16655.145,1100.0834,515.28265,29.56672,30.244951,0.0,5.8063107,4.0,51.51062,37.66283,14.999981,14.249982,1.892,0.0,-29.1875,0.29364014,0.0,0.0,0.0,0.0,0.0,0.9970703,1.0,57.122803,3.1250002,96.08776,96.59234,0.0,106.794136,25.292969,1.0,104.99017,96.26724,486.75,546.0,2.6813102,128.125,0.0,126.625,24.27492,66.99998,43.951416,1.0,90.74,88.09375,0.0,-27.545166,42.437744,12.141418,0.52978516,90.71,90.78,90.21,90.08,0
368449.97,0.0071728937,0.6123514,0.41067562,0.41380686,100.19204,23.30828,13.730293,-0.53990245,218.94246,88.01321,26.88,0.0,5.36,16.88,24.845,0.0,99.24839,0.0,0.0,453.375,211.875,2865.0,0.0,-10.1796875,0.12646484,115.761154,16584.035,16681.68,1100.0834,515.28265,29.503136,30.393316,0.0,5.895048,4.0,51.57776,37.580757,14.999981,13.874982,1.94,0.0,-28.789062,0.29864502,0.0,0.0,0.0,0.0,0.0,0.9970703,1.0,57.14569,3.1250002,96.47055,96.95923,0.0,106.81473,25.488281,1.0,104.90725,96.482834,486.75,546.375,2.7700481,130.15625,0.0,128.0,24.741743,66.99998,43.951416,1.0,90.86,89.59375,0.0,-25.802612,42.20581,13.658142,0.6176758,91.08,90.91,90.34,90.32,0
368450.06,0.005738315,0.6199406,0.4138586,0.42186087,100.191765,23.30828,13.730346,-0.47264364,218.95865,88.019714,26.88,0.0,5.36,16.88,24.845,0.0,99.24834,0.0,0.0,453.375,211.875,2865.0,0.0,-10.2265625,0.12750244,116.043076,16731.562,16741.115,1100.0834,515.28265,28.379812,30.732431,0.0,5.9660387,4.0,51.02234,37.506893,14.999981,13.874982,1.944,0.0,-28.859375,0.30688477,0.0,0.0,0.0,0.0,0.0,0.99902344,1.0,57.16095,3.1250002,96.93388,98.166626,0.0,106.83326,25.976562,1.0,104.97359,97.90072,487.125,546.375,2.8410385,131.375,0.0,131.21875,25.208569,66.99998,44.641113,1.0,90.96,92.0625,0.0,-21.154785,41.760254,18.037415,0.5517578,90.91,91.01,90.34,90.34,0
368450.1,0.0045906524,0.64172626,0.41617322,0.42194563,100.19151,23.30828,13.736242,-0.4113131,223.54372,89.98834,26.88,0.0,5.36,16.88,24.845,0.0,99.2483,0.0,0.0,453.0,211.875,2869.0,0.0,-11.0234375,0.12762451,116.15086,16762.342,16787.283,1100.0834,515.548,29.418356,31.007965,0.0,6.022831,4.0,51.679993,37.440414,14.999981,13.874982,1.968,0.0,-29.171875,0.3079834,0.0,0.0,0.0,0.0,0.0,1.0029297,1.0,57.174683,3.1250002,97.35638,98.0841,0.0,106.84994,25.976562,1.0,105.04822,98.04168,487.125,546.75,2.8978307,132.25,0.0,131.25,25.675394,66.99998,44.92798,1.0,91.11,92.40625,0.0,-19.473267,41.693115,19.676208,0.52734375,91.14,91.06,90.62,90.44,0
368450.12,0.003672522,0.6316905,0.41795614,0.42203042,100.191284,23.30828,13.752089,-0.34586066,219.03601,88.20448,26.88,0.0,5.36,16.88,24.845,0.0,99.24827,0.0,0.0,453.0,211.875,2870.0,0.0,-10.984375,0.12774658,116.25866,16836.105,16795.773,1100.0834,515.548,28.86729,31.156328,0.0,6.068265,4.0,51.408386,37.380585,14.999981,13.874982,1.968,0.0,-29.601562,0.30828857,0.0,0.0,0.0,0.0,0.0,1.0048828,1.0,57.177734,3.1250002,97.807304,98.24406,0.0,106.864944,25.976562,1.0,105.13943,98.16605,487.125,547.125,2.9432647,132.90625,0.0,131.25,26.14222,66.99998,45.062256,1.0,91.15,92.5,0.0,-19.174194,41.69922,19.999695,0.53466797,91.06,91.21,90.51,90.51,0
368450.16,0.0029380177,0.6464262,0.41890967,0.42215762,100.19108,23.30828,13.739743,-0.32317355,223.6536,90.18948,26.88,0.0,5.36,16.88,24.845,0.0,99.24824,0.0,0.0,453.0,211.875,2874.0,0.0,-10.890625,0.1274414,116.341576,16768.709,16789.936,1100.0834,515.548,29.651499,31.092743,0.0,6.1046124,4.0,51.828003,37.326736,14.999981,13.874982,1.984,0.0,-29.53125,0.30914307,0.0,0.0,0.0,0.0,0.0,1.0019531,1.0,57.183838,3.1250002,97.96348,98.58338,0.0,106.87845,25.976562,1.0,105.18917,98.3236,487.5,547.125,2.9796119,133.1875,0.0,131.25,26.14222,66.99998,45.12329,1.0,91.28,92.75,0.0,-18.78357,41.54663,20.256042,0.52001953,91.29,91.19,90.81,90.65,0
368450.22,0.0023504142,0.6523205,0.42131966,0.42203042,100.19172,23.30828,13.754539,-0.2905558,223.62943,90.24249,26.88,0.0,5.36,16.88,24.845,0.0,99.248215,0.0,0.0,453.0,211.875,2876.0,0.0,-10.875,0.12750244,116.39962,16740.053,16781.445,1100.0834,515.548,30.838406,31.007965,0.0,6.13369,4.0,52.54364,37.278275,14.999981,13.874982,1.992,0.0,-29.046875,0.3095703,0.0,0.0,0.0,0.0,0.0,1.0029297,1.0,57.192993,3.1250002,98.18895,98.23838,0.0,106.8906,25.976562,1.0,105.33843,98.398224,487.5,546.75,3.0086896,134.1875,0.0,131.1875,26.14222,66.99998,45.428467,1.0,91.3,92.875,0.0,-18.786621,41.52832,20.246887,0.52734375,91.25,91.31,90.74,90.65,0
368450.25,0.0018803313,0.67342824,0.4221706,0.42220002,100.1923,23.30828,13.759036,-0.29654387,228.20079,92.18326,26.88,0.0,5.36,16.88,24.845,0.0,99.2482,0.0,0.0,452.625,211.5,2879.0,0.0,-10.875,0.12762451,116.48254,16820.184,16812.756,1100.0834,515.548,30.647654,31.241106,0.0,6.156952,4.0,52.508545,37.234657,14.999981,13.499983,2.008,0.0,-28.601562,0.31048584,0.0,0.0,0.0,0.0,0.0,1.0126953,1.0,57.2052,3.1250002,98.148254,98.19343,0.0,106.90154,25.976562,1.0,105.32184,98.38993,487.5,546.75,3.0319517,134.40625,0.0,131.1875,26.14222,66.99998,45.446777,1.0,91.48,93.15625,0.0,-18.774414,41.479492,20.240784,0.64453125,91.46,91.38,91.01,90.85,0
368450.28,0.0015042651,0.6818713,0.42163548,0.42236957,100.19365,23.30828,13.756325,-0.29751566,228.22122,92.22353,26.88,0.0,5.36,16.88,24.845,0.0,99.248184,0.0,0.0,453.0,211.5,2880.0,0.0,-11.2109375,0.12738037,116.56545,16853.617,16805.855,1100.0834,515.548,29.715082,31.43186,0.0,6.331812,4.0,52.03247,37.195404,14.999981,13.499983,1.984,0.0,-28.804688,0.31103516,0.0,0.0,0.0,0.0,0.0,1.0166016,1.0,57.22809,3.1250002,98.14291,98.19369,0.0,106.91139,25.976562,1.0,105.64522,98.38993,487.5,547.125,3.2068114,134.34375,0.0,131.1875,25.675394,66.99998,45.806885,1.0,91.45,93.3125,0.0,-20.074463,41.363525,18.836975,0.5932617,91.46,91.52,90.89,90.98,0
368450.3,0.021203412,0.70399857,0.42206314,0.42232716,100.19486,23.30828,13.766146,-0.28602988,232.60359,94.15762,26.88,0.0,5.36,16.88,24.845,0.0,99.24818,0.0,0.0,452.625,211.5,2885.0,0.0,-10.734375,0.12738037,116.56545,16998.49,16784.1,1100.0834,515.548,28.95207,31.855755,0.0,6.4716997,4.0,51.66931,37.160076,14.999981,13.499983,2.016,0.0,-28.835938,0.31292725,0.0,0.0,0.0,0.0,0.0,1.0166016,1.0,57.232666,3.1250002,98.22329,98.14121,0.0,106.92026,25.976562,1.0,105.89397,98.38993,487.875,546.75,3.3466992,134.25,0.0,131.15625,25.675394,66.99998,46.453857,1.0,91.64,93.875,0.0,-20.983887,41.204834,17.805481,0.53222656,91.61,91.56,91.25,91.01,0
368450.38,0.03696273,0.71284944,0.420062,0.42262396,100.19596,23.30828,13.755443,-0.2893117,232.5794,94.2131,26.88,0.0,5.36,16.88,24.845,0.0,99.24817,0.0,0.0,452.625,211.5,2887.0,0.0,-10.7421875,0.1274414,116.63179,16898.193,16786.22,1100.0834,515.548,29.56672,32.00412,0.0,6.5836096,4.0,51.976013,37.12828,14.999981,13.499983,2.02,0.0,-29.265625,0.31341553,0.0,0.0,0.0,0.0,0.0,1.0068359,1.0,57.244873,3.1250002,98.20177,98.46667,0.0,106.92823,25.976562,1.0,105.93544,98.447975,487.875,546.75,3.4586093,133.46875,0.0,131.15625,25.675394,66.99998,46.289062,1.0,91.62,94.03125,0.0,-21.377563,41.174316,17.399597,0.5932617,91.67,91.77,91.06,91.01,0
368450.4,0.029570183,0.6976398,0.42112646,0.42576072,100.19611,23.30828,13.759669,-0.2765464,228.32016,92.64794,26.88,0.0,5.36,16.88,24.845,0.0,99.24816,0.0,0.0,451.125,211.5,2892.0,0.0,-11.25,0.12774658,116.60691,16746.422,16819.123,1100.0834,515.81335,31.580223,32.237263,0.0,6.6731377,4.0,53.042603,37.099663,14.999981,13.499983,2.08,0.0,-29.25,0.3178711,0.0,0.0,0.0,0.0,0.0,0.99121094,1.0,57.261658,3.1250002,98.28991,98.80649,0.0,106.93541,26.171875,1.0,106.13444,98.61381,487.5,547.125,3.5481374,133.84375,0.0,132.4375,25.675394,66.99998,46.77124,1.0,91.83,95.375,0.0,-21.273804,40.86914,17.308044,0.52001953,91.82,91.79,91.38,91.19,0
368450.44,0.043656148,0.691556,0.4218905,0.42580312,100.19625,23.30828,13.756768,-0.26397592,228.2839,92.729324,26.88,0.0,5.36,16.88,24.845,0.0,99.24815,0.0,0.0,451.125,211.5,2895.0,0.0,-11.1640625,0.12780762,116.65666,16805.855,16812.756,1100.0834,515.81335,30.690042,32.131287,0.0,6.5885105,4.0,52.56653,37.073906,14.999981,13.499983,2.108,0.0,-29.21875,0.31799316,0.0,0.0,0.0,0.0,0.0,0.97753906,1.0,57.269287,3.1250002,98.37669,98.86952,0.0,106.94187,26.171875,1.0,106.12615,98.76306,487.875,547.125,3.46351,134.0625,0.0,132.34375,25.675394,66.99998,46.655273,1.0,91.86,95.40625,0.0,-20.64209,40.86914,17.951965,0.52246094,91.94,91.94,91.19,91.21,0
368450.47,0.05492492,0.68912244,0.42435068,0.4388591,100.19555,23.30828,13.73716,-0.2111006,228.43503,92.88686,26.88,0.0,5.36,16.88,24.845,0.0,99.248146,0.0,0.0,451.125,211.5,2898.0,0.0,-10.5390625,0.13134766,116.95517,16820.184,16881.742,1100.0834,516.0787,31.410666,32.428013,0.0,6.520808,4.0,53.03192,37.050728,14.999981,13.499983,2.088,0.0,-29.210938,0.3302002,0.0,0.0,0.0,0.0,0.0,0.9707031,1.0,57.269287,3.1250002,98.740456,100.861984,0.0,106.947685,26.953125,1.0,106.09299,100.25558,487.5,546.75,3.395808,135.0,0.0,137.5,26.14222,66.99998,46.89331,1.0,92.05,99.0625,0.0,-14.556885,40.686035,24.098206,0.5834961,92.03,92.07,91.59,91.42,0
368450.53,0.06393994,0.706899,0.4295034,0.4532292,100.19492,23.30828,13.717574,-0.11151954,232.76453,94.77798,26.88,0.0,5.36,16.88,24.845,0.0,99.248146,0.0,0.0,451.125,211.5,2902.0,0.0,-11.15625,0.14038086,117.66826,16827.613,16919.951,1100.0834,516.0787,33.191025,32.661156,0.0,6.4666467,4.0,54.10919,37.029865,14.624981,13.499983,2.104,0.0,-29.273438,0.33850098,0.0,0.0,0.0,0.0,0.0,0.97265625,1.0,57.28607,3.1250002,99.42623,103.05317,0.0,106.95292,27.832031,1.0,106.101265,103.13281,487.875,547.125,3.3416464,137.0,0.0,143.28125,27.542696,66.99998,47.38159,1.0,92.06,101.5625,0.0,-5.307007,42.199707,35.06317,0.68847656,92.18,92.1,91.46,91.49,0
368450.56,0.07115195,0.69525963,0.4413156,0.48531806,100.19436,23.30828,13.703864,0.12294776,228.55467,93.22414,26.88,0.0,5.36,16.88,24.845,0.0,99.248146,0.0,0.0,451.125,211.125,2907.0,0.0,-11.8125,0.16290283,119.417816,16884.926,17164.06,1100.0834,516.0787,34.18718,33.254612,0.0,6.4233174,4.0,54.80194,37.01109,14.624981,13.124983,2.124,0.0,-29.289062,0.35247803,0.0,0.0,0.0,0.0,0.0,0.9746094,1.0,57.307434,3.1250002,101.041824,108.57219,0.0,106.95763,29.785156,1.0,105.83592,109.592094,488.25,547.875,3.2983172,141.53125,0.0,156.0625,31.744123,66.99998,48.016357,1.0,92.22,105.75,0.0,-0.41503906,46.47827,44.50836,1.4916992,92.24,92.24,91.77,91.7,0
368450.6,0.07692156,0.69060385,0.45638093,0.5149059,100.19385,23.30828,13.700127,0.4016802,228.34756,93.299866,26.88,0.0,5.36,16.88,24.845,0.0,99.248146,0.0,0.0,451.125,210.375,2912.0,0.0,-12.71875,0.21899414,125.00646,17059.518,17354.041,1100.0834,516.0787,36.984894,33.890453,0.0,6.3886538,4.0,56.767273,36.919003,14.249982,12.374984,2.116,0.0,-28.296875,0.33862305,0.0,0.0,0.0,0.0,0.0,0.9736328,1.0,57.328796,3.1250002,102.962585,113.53987,0.0,106.96187,31.542969,1.0,105.6701,115.50411,488.25,548.625,3.2636538,146.15625,0.0,167.75,40.14698,66.99998,48.236084,1.0,92.28,101.59375,0.0,8.261108,61.65161,67.741394,1.8920898,92.45,92.35,91.52,91.77,0
368450.62,0.08153725,0.7074915,0.46552798,0.52923363,100.19339,23.30828,13.70337,0.60099506,232.90974,95.32731,26.88,0.0,5.36,16.88,24.845,0.0,99.248146,0.0,0.0,450.0,210.375,2917.0,0.0,-13.6171875,0.24908447,128.53046,17335.998,17469.727,1100.0834,516.0787,35.92515,34.441517,0.0,6.3609233,4.0,56.358337,36.836124,14.249982,12.374984,2.168,0.0,-27.492188,0.32855225,0.0,0.0,0.0,0.0,0.0,0.984375,1.0,57.36847,3.1250002,104.33598,115.8119,0.0,106.96568,32.421875,1.0,105.80276,117.96676,488.25,549.375,3.235923,150.875,0.0,173.40625,51.35079,66.99998,49.108887,1.0,92.43,98.5625,0.0,21.661377,70.17822,89.22272,2.5512695,92.42,92.45,92.03,91.86,0
368450.7,0.105229795,0.73299664,0.47247812,0.53881365,100.19298,23.30828,13.693921,0.7798642,237.11646,97.01579,26.88,0.0,5.36,16.88,24.845,0.0,99.248146,0.0,0.0,450.0,210.375,2916.0,0.0,-14.546875,0.26745605,130.7941,17520.672,17557.29,1100.0834,516.344,35.034973,34.780636,0.0,6.3387384,4.0,55.9494,36.761536,13.874982,12.374984,2.188,0.0,-27.023438,0.3215332,0.0,0.0,0.0,0.0,0.0,0.99316406,1.0,57.406616,3.1250002,105.5685,117.43814,0.0,106.96912,33.007812,1.0,106.5739,120.064575,488.625,550.5,3.2137384,153.59375,0.0,177.4375,62.5546,66.99998,50.634766,1.0,92.49,96.46875,0.0,30.426025,72.51587,99.998474,2.9882812,92.58,92.49,91.79,91.86,0
368450.72,0.12418383,0.78069866,0.47996688,0.53860176,100.192604,23.30828,13.710745,1.0352609,245.50934,100.44973,26.88,0.0,5.36,16.88,24.845,0.0,99.248146,0.0,0.0,450.0,210.0,2916.0,0.0,-15.59375,0.27416992,131.7145,17666.076,17655.992,1100.0834,516.344,34.823025,35.24692,0.0,6.320991,4.0,55.80139,36.694405,13.499983,11.999985,2.2,0.0,-26.953125,0.31518555,0.0,0.0,0.0,0.0,0.0,0.99316406,1.0,57.444763,3.1250002,107.328545,117.760345,0.0,106.972206,33.007812,1.0,108.00007,120.3465,488.625,551.625,3.1959908,156.28125,0.0,177.375,73.75841,66.99998,53.100586,1.0,92.61,94.5625,0.0,31.37207,73.66333,99.998474,3.3129883,92.56,92.63,92.21,91.97,0
368450.75,0.13934708,0.8185295,0.48851526,0.5477579,100.19227,23.30828,13.704943,1.2691958,249.5502,102.13806,26.88,0.0,5.36,16.88,24.845,0.0,99.248146,0.0,0.0,449.625,210.0,2917.0,0.0,-15.71875,0.28582764,133.6133,17744.084,17772.74,1100.0834,516.344,35.967545,35.713207,0.0,6.150543,4.0,56.381226,36.633987,13.499983,11.999985,2.212,0.0,-27.085938,0.31103516,0.0,0.0,0.0,0.0,0.0,0.9921875,1.0,57.5058,3.1250002,108.9407,119.71624,0.0,106.97499,33.496094,1.0,109.658424,122.61843,488.625,551.625,3.0255427,158.25,0.0,180.59375,74.225235,66.99998,55.871582,1.0,92.67,93.3125,0.0,31.054688,74.92676,99.998474,3.5327148,92.9,92.73,92.03,92.1,0
368450.78,0.15147766,0.8336618,0.496066,0.56233984,100.19197,23.30828,13.712601,1.496173,249.57974,102.32524,26.88,0.0,5.36,16.88,24.845,0.0,99.248146,0.0,0.0,449.25,209.25,2922.0,0.0,-16.0,0.30419922,136.54028,17765.312,17922.922,1100.0834,516.344,37.472374,36.433826,0.0,6.0141845,4.0,57.174683,36.579613,13.124983,11.249986,2.232,0.0,-27.09375,0.30499268,0.0,0.0,0.0,0.0,0.0,0.9902344,1.0,57.60193,3.1250002,110.50493,122.516495,0.0,106.97749,34.375,1.0,111.358246,125.92684,488.625,552.0,2.8891842,161.96875,0.0,186.1875,74.225235,66.99998,58.691406,1.0,92.84,91.5,0.0,35.48889,76.82495,99.998474,3.5791016,92.8,92.83,92.28,92.14,0
368450.84,0.16118214,0.83971477,0.50744253,0.5988373,100.191696,23.30828,13.712102,1.8723127,249.58907,102.53919,26.88,0.0,5.36,16.88,24.845,0.0,99.248146,0.0,0.0,448.5,209.25,2928.0,0.0,-16.585938,0.3493042,143.43903,17880.467,18054.527,1100.0834,516.344,38.956005,37.218037,0.0,5.905098,4.0,57.92389,36.530674,12.749984,11.249986,2.284,0.0,-26.859375,0.29125977,0.0,0.0,0.0,0.0,0.0,0.9863281,1.0,57.711792,3.1250002,113.09734,129.77171,0.0,106.979744,36.42578,1.0,113.93697,135.72769,489.0,552.75,2.7800975,166.40625,0.0,199.5625,74.692055,66.99998,62.701416,1.0,92.95,87.375,0.0,56.19507,81.00586,99.998474,3.5791016,93.08,92.98,92.35,92.24,0
368450.88,0.1689457,0.8421359,0.52248853,0.6385987,100.19145,23.30828,13.711753,2.237468,249.70978,102.90411,26.88,0.0,5.36,16.88,24.845,0.0,99.248146,0.0,0.0,448.5,209.25,2937.0,0.0,-17.046875,0.38946533,151.03427,18020.564,18211.607,1100.0834,516.6093,40.354862,38.1718,0.0,5.427203,4.0,58.628845,36.48663,12.374984,11.249986,2.336,0.0,-25.460938,0.28198242,0.0,0.0,0.0,0.0,0.0,0.98046875,1.0,57.81555,2.8906252,115.614075,136.82701,0.0,106.98177,38.867188,0.0,116.43279,144.43404,489.75,553.125,2.536578,172.53125,0.0,215.28125,75.62571,66.99998,66.68701,1.0,93.17,84.59375,0.0,65.71655,83.91113,99.998474,3.5766602,93.05,93.15,92.52,92.56,0
368450.9,0.17515656,0.84310436,0.54086256,0.6716626,100.19123,23.30828,13.705648,2.6074014,249.70633,103.007805,26.88,0.0,5.36,16.88,24.845,0.0,99.248146,0.0,0.0,448.5,209.25,2940.0,0.0,-17.40625,0.41967773,157.17017,18187.195,18418.04,1100.0834,516.6093,41.90208,39.63424,0.0,5.068325,4.0,59.41162,36.44699,11.624985,11.249986,2.388,0.0,-23.546875,0.27313232,0.0,0.0,0.0,0.0,0.0,0.9794922,1.0,57.9834,2.7265627,118.163765,142.18645,0.0,106.9836,40.820312,0.0,118.961784,150.14705,490.875,553.5,2.3417623,179.90625,0.0,227.40625,76.09254,66.99998,70.56885,1.0,93.24,81.9375,0.0,66.05835,85.9314,99.998474,3.5839844,93.32,93.23,92.77,92.56,0
368450.94,0.18012527,0.86224174,0.5633438,0.70082647,100.19103,23.30828,13.689657,3.0307837,253.65837,104.81603,26.88,0.0,5.36,16.88,24.845,0.0,99.248146,0.0,0.0,448.125,208.5,2945.0,0.0,-16.953125,0.4407959,161.92134,18358.072,18655.78,1100.0834,516.6093,45.25086,41.605354,0.0,4.6413784,4.0,61.183167,36.411316,11.249986,10.499987,2.476,0.0,-21.140625,0.27215576,0.0,0.0,0.0,0.0,0.0,0.98046875,1.0,58.207703,2.611719,121.081894,146.18489,0.0,106.98524,42.773438,0.0,121.86389,155.76057,492.0,553.125,2.0296597,187.78125,0.0,239.15625,76.55936,66.99998,74.95117,1.0,93.36,81.65625,0.0,65.91797,86.95679,99.998474,3.6328125,93.36,93.47,92.8,92.66,0
368451.0,0.20410022,0.8886467,0.58689415,0.7622914,100.19086,23.30828,13.696041,3.4988503,257.5135,106.77036,26.88,0.0,5.36,16.88,24.845,0.0,99.248146,0.0,0.0,447.375,208.5,2955.0,0.0,-16.5,0.48327637,172.68404,18577.24,18880.254,1100.0834,516.8747,47.47631,43.343327,0.0,4.311306,4.0,62.31842,36.379208,10.499987,10.499987,2.592,0.0,-19.140625,0.24969482,0.0,0.0,0.0,0.0,0.0,0.9824219,1.0,58.384705,2.5313282,124.30805,156.1415,0.0,106.98672,46.777344,0.0,125.07281,168.23965,493.5,552.375,1.7799778,197.5,0.0,263.46875,77.95983,66.99998,79.63257,1.0,93.53,74.90625,0.0,65.9668,89.4043,99.998474,3.6425781,93.65,93.57,92.94,92.8,0
368451.03,0.20328018,0.91795874,0.6316302,0.81739783,100.1907,23.30828,13.694651,3.9939775,261.31488,108.67648,26.88,0.0,5.36,16.88,24.845,0.0,99.248146,0.0,0.0,447.0,207.75,2964.0,0.0,-15.4921875,0.51501465,180.88458,18788.447,19283.564,1100.0834,516.8747,53.665184,46.458958,0.0,4.055287,4.0,65.50903,36.35031,11.999985,9.749988,2.692,0.0,-16.460938,0.24017334,0.0,0.0,0.0,0.0,0.0,0.97753906,1.0,58.73871,2.4750547,127.72075,161.71902,0.0,106.988045,50.0,0.0,128.48071,175.12181,495.0,551.625,1.5802323,210.46875,0.0,283.6875,79.36031,66.99998,84.88159,1.0,93.7,72.0625,0.0,66.571045,90.67993,99.998474,3.6425781,93.72,93.87,92.94,92.94,0
368451.06,0.22262415,0.96718353,0.67422324,0.8524965,100.19055,23.30828,13.693677,4.5180674,268.7954,112.089226,26.88,0.0,5.36,16.88,24.845,0.0,99.248146,0.0,0.0,444.75,207.375,2972.0,0.0,-13.578125,0.52911377,185.42017,19181.676,19752.68,1100.0834,517.14,60.21437,49.97729,0.0,3.8560991,4.0,68.86902,36.324303,13.499983,9.374988,2.88,0.0,-10.203125,0.26843262,0.0,0.0,0.0,0.0,0.0,0.9794922,1.0,59.129333,2.4356632,131.3331,162.53662,0.0,106.98924,51.5625,0.0,132.0959,175.40373,496.5,549.75,1.4204358,225.9375,0.0,292.40625,79.82713,66.99998,89.63623,1.0,94.0,80.53125,0.0,66.50696,89.782715,99.998474,3.6376953,94.12,94.01,93.26,93.15,0
368451.1,0.21809933,1.0243735,0.70745414,0.9007782,100.19042,23.30828,13.698855,5.2071977,275.94232,115.45671,26.88,0.0,5.36,16.88,24.845,0.0,99.248146,0.0,0.0,442.875,207.0,2982.0,0.0,-12.5078125,0.5625,194.62401,19662.996,20000.502,1100.0834,517.14,62.73655,51.630486,0.0,3.700688,4.0,70.07294,36.300896,13.124983,8.999989,3.068,0.0,-6.5703125,0.2767334,0.0,0.0,0.0,0.0,0.0,0.9746094,1.0,59.48639,2.4080892,136.08307,169.93304,0.0,106.99032,54.101562,0.0,136.5237,185.25433,498.0,548.625,1.2925986,237.8125,0.0,307.3125,79.82713,66.99998,94.4397,1.0,94.02,83.03125,0.0,66.12244,90.24048,99.998474,3.6401367,94.19,94.29,93.26,93.3,0
368451.16,0.23447947,1.1034994,0.73798007,0.964744,100.19031,23.30828,13.684902,5.929201,286.67917,119.90888,26.88,0.0,5.36,16.88,24.845,0.0,99.248146,0.0,0.0,442.5,205.125,2981.0,0.0,-11.6640625,0.5979004,206.45634,20093.371,20000.502,1100.0834,517.14,60.235565,53.538017,0.0,3.4228663,4.0,68.72101,36.27983,11.999985,7.124991,3.124,0.0,-5.390625,0.25842285,0.0,0.0,0.0,0.0,0.0,0.96972656,1.0,59.753418,2.3887873,141.05965,180.95386,0.0,106.99129,57.226562,0.0,141.48218,198.83623,498.75,547.875,1.034079,245.875,0.0,325.71875,79.82713,66.99998,99.49951,1.0,94.42,77.53125,0.0,66.29639,91.62598,99.998474,3.6401367,94.48,94.48,93.72,93.68,0
368451.2,0.24758358,1.1913998,0.7741048,1.0463016,100.1902,23.30828,13.692713,6.7716002,296.64594,124.077675,26.88,0.0,5.36,16.88,24.845,0.0,99.248146,0.0,0.0,442.125,203.25,2981.0,0.0,-11.1015625,0.6411133,220.6767,20286.004,20000.502,1100.0834,517.40533,59.85406,56.29334,0.0,3.2025392,4.0,68.51654,36.26087,10.874986,5.2499933,3.188,0.0,-4.140625,0.2088623,0.0,0.0,0.0,0.0,0.0,0.9716797,1.0,59.986877,2.375276,146.8661,194.65985,0.0,106.99216,60.44922,0.0,147.21178,215.73482,499.5,547.125,0.8272632,253.8125,0.0,346.84375,79.82713,66.99998,105.17578,1.0,94.54,62.65625,0.0,65.48462,94.055176,99.998474,3.6376953,94.67,94.67,93.68,93.8,0
368451.22,0.25806686,1.3015599,0.8112021,1.2402338,100.19011,23.30828,13.692321,7.6529937,309.60443,129.84532,26.88,0.0,5.36,16.88,24.845,2.0,99.248146,0.0,0.0,440.25,201.375,2989.0,0.0,-9.9296875,0.73565674,252.40924,20269.023,20000.502,1100.0834,517.40533,61.80398,59.345387,0.0,3.027629,4.0,69.56177,36.24381,9.749988,3.3749957,3.32,0.0,-2.859375,0.0,0.0,0.0,0.0,0.0,0.0,0.9785156,1.0,60.41107,2.3658183,152.94136,228.10005,0.0,106.99294,67.77344,0.0,153.2233,256.9614,500.25,546.0,0.6618106,262.1875,0.0,417.5625,79.36031,66.99998,110.20508,1.0,94.78,0.0,0.0,64.697266,99.998474,99.998474,3.6376953,94.8,94.92,94.12,94.08,0
368451.25,0.26645347,1.383124,0.84762675,1.3446816,100.19085,23.30828,13.662749,8.617714,315.69806,132.71101,26.88,0.0,5.36,16.88,24.845,2.0,99.248146,0.0,0.0,440.25,201.0,2996.0,0.0,-8.71875,0.79937744,276.00757,20338.01,20000.502,1100.0834,517.67065,62.100708,61.973537,0.0,2.8886461,4.0,69.72046,36.22845,7.87499,2.9999962,3.364,0.0,2.1640625,0.0,0.0,0.0,0.0,0.0,0.0,0.984375,1.0,60.765076,2.3591976,159.59181,247.07451,0.0,106.99365,76.953125,0.0,159.79037,269.89655,501.0,544.875,0.52944845,273.5625,0.0,439.28125,79.36031,66.99998,115.28931,1.0,95.0,0.0,0.0,63.745117,99.998474,99.998474,3.635254,95.21,95.09,94.12,94.19,0
368451.3,0.27316278,1.4532497,0.8866029,1.3721925,100.19151,23.30828,13.659628,9.629367,321.8982,135.9497,26.88,0.0,5.36,16.88,24.845,2.0,99.248146,0.0,0.0,450.0,199.5,3010.0,0.0,-7.2265625,0.8096924,280.75873,20138.477,20000.502,1100.0834,517.67065,66.33966,64.38975,0.0,2.778122,4.0,71.9574,36.21463,5.9999924,1.4999981,2.848,0.0,4.34375,0.0,0.0,0.0,0.0,0.0,0.0,0.98535156,1.0,61.13739,2.3545632,166.56569,252.22577,0.0,106.994286,86.52344,0.0,166.76373,269.9463,501.75,543.375,0.42355877,279.25,0.0,439.28125,79.82713,66.99998,120.38574,1.0,95.22,0.0,0.0,62.89673,99.998474,99.998474,3.635254,95.28,95.39,94.55,94.55,0
368451.38,0.29853022,1.50005,0.92958784,1.3810093,100.19211,23.30828,13.645723,10.699591,324.80948,137.36154,26.88,0.0,5.36,16.88,24.845,2.0,99.248146,0.0,0.0,447.0,198.375,3014.0,0.0,-6.6796875,0.81170654,283.24625,20029.69,20000.502,1100.0834,517.67065,70.53623,67.27223,0.0,2.6901662,4.0,74.20502,36.20219,4.1249948,0.37499952,3.04,0.0,4.8671875,0.0,0.0,0.0,0.0,0.0,0.0,0.9765625,1.0,61.442566,2.3513193,173.94322,253.31593,0.0,106.99486,98.53516,0.0,174.10193,270.0292,502.5,542.625,0.338847,291.21875,0.0,438.78125,79.82713,66.99998,125.31128,1.0,95.52,0.0,0.0,62.295532,99.998474,99.998474,3.6328125,95.77,95.62,94.55,94.59,0
368451.4,0.31882417,1.55627,0.97202045,1.3877071,100.191826,23.30828,13.647709,11.753521,330.7554,140.38657,26.88,0.0,5.36,16.88,24.845,2.0,99.248146,0.0,0.0,444.0,197.625,3025.0,0.0,-6.390625,0.81427,285.98254,19940.006,20000.502,1100.0834,517.93604,75.05072,70.72698,0.0,2.6201262,4.0,76.623535,36.190994,2.6249967,-0.37499952,3.208,0.0,4.1015625,0.021850586,0.0,0.0,0.0,0.0,0.0,0.98046875,1.0,62.06665,2.3490486,181.20757,254.0374,0.0,106.99538,99.90234,0.0,181.53964,270.17847,502.5,542.625,0.2710776,304.125,0.0,438.875,79.82713,66.99998,130.2185,1.0,95.74,6.5625,0.0,62.21924,99.63379,99.998474,3.6279297,95.8,95.9,94.99,94.85,0
368451.44,0.35505933,1.6350081,1.0240058,1.3883005,100.19157,23.30828,13.64324,13.025935,339.3197,144.59294,26.88,0.0,5.36,16.88,24.845,2.0,99.248146,0.0,0.0,439.875,196.5,3037.0,0.0,-6.7265625,0.8178711,288.79346,19953.803,20000.502,1100.0834,517.93604,79.12012,74.92355,0.0,2.564321,4.0,78.804016,36.18092,0.74999905,-1.4999981,3.408,0.0,3.9375,0.11657715,0.0,0.0,0.0,0.0,0.0,0.9824219,1.0,62.820435,2.3474588,189.97792,253.78378,0.0,106.99584,99.90234,0.0,190.0304,270.38574,502.5,542.625,0.21686208,318.6875,0.0,438.6875,79.82713,66.99998,135.55298,1.0,95.98,34.96875,0.0,60.531616,98.05298,99.998474,3.6328125,96.32,96.17,95.06,95.06,0
368451.5,0.38404745,1.7040033,1.0676326,1.3926666,100.19134,23.30828,13.634253,14.202319,345.17365,147.1359,26.88,0.0,5.36,16.88,24.845,2.0,99.248146,0.0,0.0,436.125,195.75,3038.0,0.0,-6.7890625,0.82006836,291.7619,19967.602,20000.502,1100.0834,517.93604,82.362915,79.07773,0.0,2.5198357,4.0,80.54047,36.171852,-0.74999905,-2.2499971,3.62,0.0,4.4453125,0.22662354,0.0,0.0,0.0,0.0,0.0,0.9824219,1.0,63.623047,2.3463461,198.08638,254.95938,0.0,106.99626,99.90234,0.0,198.74501,270.55157,502.5,543.0,0.17348967,333.5625,0.0,439.875,79.82713,66.99998,140.42358,1.0,96.34,68.0,0.0,59.8114,94.7937,99.998474,3.630371,96.41,96.53,95.43,95.46,0
368451.53,0.42723796,1.8066013,1.1213158,1.3977112,100.19113,23.30828,13.633821,15.502094,355.95474,152.68047,26.88,0.0,5.36,16.88,24.845,2.0,99.248146,0.0,0.0,433.875,195.75,3057.0,0.0,-6.7578125,0.8256836,295.3771,20110.883,20000.502,1100.0834,517.93604,84.63076,83.88894,0.0,2.484359,4.0,81.23169,36.16369,-1.4999981,-2.2499971,3.768,0.0,4.6015625,0.29779053,0.0,0.0,0.0,0.0,0.0,0.98046875,0.9892578,64.312744,2.3455672,207.04538,255.55174,0.0,106.996635,99.90234,0.0,207.69183,270.79205,502.875,543.0,0.13879174,352.34375,0.0,439.0,79.82713,66.99998,145.23926,0.0,96.7,89.34375,0.0,58.9386,92.32788,99.998474,3.6279297,96.94,96.78,95.69,95.65,0
368451.56,0.46179038,1.8663906,1.1734631,1.407715,100.19094,23.30828,13.604221,16.868698,358.58298,154.56248,26.88,0.0,5.36,16.88,24.845,2.0,99.248146,0.0,0.0,430.875,195.375,3072.0,0.0,-6.8046875,0.8319092,299.56442,20210.12,20000.502,1100.0834,517.93604,88.33984,88.33984,0.0,2.2998056,4.0,82.67212,36.15634,-2.9999962,-2.6249967,3.956,0.0,5.1015625,0.37469482,0.0,0.0,0.0,0.0,0.0,0.9785156,0.9746094,65.41443,2.3450222,216.46504,257.57886,0.0,106.99697,99.90234,0.0,217.11125,271.12372,504.375,543.0,-0.04521659,365.09375,0.0,438.78125,79.82713,66.99998,150.67749,0.0,96.98,112.40625,0.0,58.102417,88.879395,99.998474,3.6279297,97.13,97.33,95.84,95.88,0
368451.6,0.5094323,1.9653063,1.1379141,1.5418355,100.19077,23.30828,13.624517,18.369297,369.21277,159.61057,26.88,0.0,5.36,16.88,24.845,2.0,99.248146,0.0,0.0,428.25,194.25,3081.0,0.0,-6.5625,0.8423462,305.3189,20252.041,20000.502,1100.0834,517.93604,91.64623,93.066284,0.0,2.1522171,4.0,84.425354,36.14973,-5.624993,-3.7499952,4.144,0.0,4.625,0.4343872,0.0,0.0,0.0,0.0,0.0,0.97558594,0.9091797,66.433716,2.3446405,226.80833,306.45905,0.0,106.99728,99.90234,0.0,227.4013,271.4222,505.5,542.625,-0.19242325,385.5,0.0,439.0,79.82713,66.99998,154.6753,0.0,97.41,130.3125,0.0,56.326294,85.687256,99.998474,3.6279297,97.56,97.56,96.37,96.26,0
368451.66,0.5675459,2.0798726,1.1973947,1.5976201,100.19062,23.30828,13.621146,20.060844,379.62836,163.15443,26.88,0.0,5.36,16.88,24.845,2.0,99.248146,0.0,0.0,423.0,190.875,3063.0,0.0,-6.2578125,0.8323364,303.04697,20138.477,20000.502,1100.0834,517.93604,95.164566,96.181915,0.0,2.0341847,4.0,86.846924,36.14378,-6.7499914,-7.124991,4.36,0.0,4.34375,0.41571045,0.0,0.0,0.0,0.0,0.0,0.9707031,0.921875,66.95099,2.3443732,238.46783,317.41974,0.0,106.99755,99.90234,0.0,239.05122,271.57147,504.75,542.25,-0.3101886,356.875,0.0,439.28125,79.82713,66.99998,160.45532,0.0,97.75,124.71875,0.0,52.178955,86.9812,99.998474,3.6230469,97.91,97.86,96.41,96.59,0
368451.7,0.63403666,2.1819491,1.2483144,1.597705,100.19131,23.30828,13.624646,21.509207,387.28104,167.14978,26.88,0.0,5.36,16.88,24.845,2.0,99.248146,0.0,0.0,421.125,190.125,3076.0,0.0,-5.8671875,0.8388672,307.11823,20049.855,20000.502,1100.0834,517.93604,101.1203,101.9045,0.0,2.0960355,4.0,89.453125,36.138424,-6.7499914,-7.87499,4.54,0.0,4.9609375,0.4736328,0.0,0.0,0.0,0.0,0.0,0.9404297,0.921875,68.02368,2.3441863,248.45192,317.32983,0.0,106.997795,99.90234,0.0,249.0262,271.6544,505.5,541.875,-0.24815087,370.5625,0.0,439.1875,79.82713,66.99998,164.28223,0.0,97.92,142.09375,0.0,50.823975,83.6792,99.998474,3.6230469,98.01,98.14,97.04,96.94,0
368451.72,0.6672293,2.2227798,1.3202363,1.5979168,100.191925,23.30828,13.632956,23.509174,386.9187,168.62207,26.88,0.079,5.36,16.88,24.845,2.0,99.248146,0.0,0.0,412.875,189.75,3106.0,0.0,-6.078125,0.85076904,312.53275,19978.215,20000.502,1100.0834,517.93604,104.53266,102.87946,0.0,2.1455348,4.0,91.12854,36.133606,-7.124991,-8.2499895,4.948,0.0,4.9140625,0.51989746,0.0,0.0,0.0,0.0,0.0,0.9189453,0.9482422,68.58978,2.3440554,262.2381,316.89072,0.0,106.99802,99.90234,0.0,261.53018,272.0524,505.5,542.25,-0.1985207,375.4375,0.0,439.1875,79.82713,66.99998,169.80591,0.0,98.19,155.96875,0.0,38.235474,79.833984,99.998474,3.618164,98.77,98.6,96.94,97.25,0
368451.75,0.7137834,2.239112,1.370154,1.597959,100.19248,23.30828,13.6153345,24.817934,387.34323,169.24188,26.88,0.119,5.36,16.88,24.845,2.0,99.248146,0.0,0.0,411.375,189.375,3114.0,0.0,-6.1953125,0.8661499,319.6139,20068.959,20000.502,1100.0834,517.93604,106.84289,106.249435,0.0,1.872647,4.0,92.35382,36.12927,-7.87499,-8.624989,5.0,0.0,4.8828125,0.55548096,0.0,0.0,0.0,0.0,0.0,0.90527344,0.9423828,69.19098,2.3439636,271.2598,315.85953,0.0,106.998215,99.90234,0.0,270.6511,272.34262,505.5,542.25,-0.47131652,385.5,0.0,439.375,79.82713,66.99998,174.67041,0.0,98.7,166.65625,0.015258789,4.2175293,76.86157,79.35028,3.618164,98.77,98.85,97.56,97.71,0
368451.8,0.77102673,2.283145,1.420314,1.5980865,100.19216,23.30828,13.632297,26.214752,392.02252,172.22148,26.88,0.16,5.36,16.88,24.845,2.0,99.248146,0.0,0.0,406.125,189.0,3131.0,0.0,-5.859375,0.87683105,324.28214,20200.035,20000.502,1100.0834,517.93604,107.18201,108.51728,0.0,1.4980962,4.0,92.533875,36.125366,-7.87499,-8.999989,5.276,0.0,4.8671875,0.55615234,0.0,0.0,0.0,0.0,0.0,0.9091797,0.9404297,70.30487,2.3438995,280.8876,315.53552,0.0,106.9984,99.90234,0.0,280.39392,272.6743,505.5,541.875,-0.8458032,393.4375,0.0,439.375,79.82713,66.99998,178.74756,0.0,99.07,166.84375,-0.16479492,-5.5236816,76.40381,69.19098,3.0859375,99.32,99.21,97.63,97.91,0
368451.84,0.8168214,2.319508,1.4337798,1.5983831,100.19187,23.30828,13.64417,26.428661,394.38437,175.5279,26.88,0.199,5.36,16.88,24.845,2.0,99.248146,0.0,0.0,403.125,189.0,3172.0,0.0,-5.8203125,0.89208984,331.04822,20071.082,20000.502,1100.0834,517.93604,109.81016,109.91613,0.0,1.1984621,4.0,92.74902,36.121853,-7.87499,-8.999989,5.424,0.0,5.046875,0.57299805,0.0,0.0,0.0,0.0,0.0,0.9189453,0.93359375,71.00983,2.3438547,282.36176,314.2228,0.0,106.99856,99.90234,0.0,282.9975,273.74393,505.875,541.875,-1.1453925,397.59375,0.0,439.375,79.82713,66.99998,180.05371,0.0,99.48,171.90625,-0.7751465,-12.756348,74.505615,59.73053,2.6538086,99.65,99.77,98.18,98.29,0
368451.88,0.8334571,2.4090533,1.3881135,1.5983832,100.19161,23.30828,13.640762,25.19835,403.99268,180.03098,26.88,0.239,5.36,16.88,24.845,2.0,99.248146,0.0,0.0,399.0,189.0,3176.0,0.0,-6.0859375,0.89294434,333.26212,20049.855,20000.502,1100.0834,517.93604,106.0163,105.40164,0.0,0.9587592,4.0,90.756226,36.11869,-7.87499,-8.999989,5.556,0.0,5.6171875,0.56884766,0.0,0.0,0.0,0.0,0.0,0.9277344,0.9355469,70.643616,2.3438232,273.8811,314.76584,0.0,106.9987,99.90234,0.0,274.656,274.13364,505.875,542.25,-1.385064,393.625,0.0,439.5,79.82713,66.99998,176.68457,0.0,100.11,170.65625,-0.93078613,-3.768921,74.78638,68.95294,2.4316406,100.28,100.14,98.49,98.57,0
368451.9,0.8667657,2.5386214,1.3771095,1.5983407,100.191376,23.30828,13.632518,24.873583,415.93146,184.94272,26.88,0.278,5.36,16.88,24.845,2.0,99.248146,0.0,0.0,404.625,189.0,3169.0,0.0,-6.046875,0.87542725,327.8393,20070.55,20000.502,1100.0834,517.93604,105.10492,105.55001,0.0,0.9232501,4.0,90.2771,36.115845,-7.87499,-8.999989,5.256,0.0,5.671875,0.59436035,0.0,0.0,0.0,0.0,0.0,0.9404297,0.93652344,70.51239,2.3438013,271.64227,314.55164,0.0,106.99883,99.90234,0.0,272.15192,274.22482,505.875,542.25,-1.4205512,390.0,0.0,439.375,79.82713,66.99998,175.64697,0.0,100.44,178.3125,-0.8758545,1.5777588,73.65112,73.11554,2.5268555,100.46,100.52,99.01,99.05,0
368451.97,0.9134126,2.6466985,1.3563967,1.5983832,100.19116,23.30828,13.615028,24.240274,422.83386,188.24918,26.88,0.32,5.36,16.88,24.845,2.0,99.248146,0.0,0.0,403.875,189.375,3173.0,0.0,-5.734375,0.8666992,325.67517,20186.77,20000.502,1100.0834,517.93604,102.85827,105.126114,0.0,1.0510948,4.0,89.09607,36.113285,-7.87499,-8.624989,5.32,0.0,5.5625,0.61309814,0.0,0.0,0.0,0.0,0.0,0.94921875,0.93847656,69.95697,2.3437858,267.27673,314.2569,0.0,106.998955,99.90234,0.0,267.23486,274.36578,505.875,541.875,-1.292691,386.28125,0.0,439.28125,79.82713,66.99998,172.86377,0.0,100.78,183.9375,-0.5706787,9.109497,73.2666,80.78766,2.631836,100.74,100.88,99.32,99.41,0
368452.0,0.97073007,2.6899295,1.3428125,1.5985104,100.19097,23.30828,13.626223,23.709442,422.7837,189.35394,26.88,0.359,5.36,16.88,24.845,2.0,99.248146,0.0,0.0,408.0,189.0,3192.0,0.0,-5.5703125,0.86053467,324.108,20027.566,20000.502,1100.0834,517.93604,102.56155,103.155,0.0,1.1533722,4.0,88.94043,36.11098,-7.4999905,-8.999989,5.088,0.0,5.1328125,0.64019775,0.0,0.0,0.0,0.0,0.0,0.9501953,0.9423828,70.3125,2.343775,263.61758,312.86566,0.0,106.99906,99.90234,0.0,264.24985,274.59796,505.875,541.5,-1.1904029,383.59375,0.0,439.375,79.82713,66.99998,171.61255,0.0,101.06,192.0625,-0.25634766,10.018921,72.65015,81.651306,2.824707,101.39,101.21,99.53,99.89,0
368452.03,1.016584,2.707222,1.3484883,1.5985104,100.1908,23.30828,13.6282,23.858871,423.21323,189.78384,26.88,0.4,5.36,16.88,24.845,2.0,99.248146,0.0,0.0,406.125,189.375,3196.0,0.0,-5.6015625,0.8596802,323.78464,20096.023,20000.502,1100.0834,517.93604,102.51916,104.57505,0.0,1.2351954,4.0,88.91907,36.108906,-7.4999905,-8.624989,5.152,0.0,5.4765625,0.64801025,0.0,0.0,0.0,0.0,0.0,0.9482422,0.93847656,70.277405,2.3437676,264.6474,312.89914,0.0,106.99916,99.90234,0.0,265.25317,274.79697,505.875,541.5,-1.1085722,385.65625,0.0,439.5,79.82713,66.99998,172.14966,0.0,101.51,194.40625,0.12512207,11.315918,72.41821,83.140564,2.9589844,101.49,101.56,100.09,100.17,0
368452.06,1.0732672,2.714139,1.3578854,1.5985104,100.19065,23.30828,13.612005,24.235771,423.2818,189.81459,26.88,0.439,5.36,16.88,24.845,2.0,99.248146,0.0,0.0,406.5,189.0,3196.0,0.0,-5.7578125,0.86242676,324.8294,19944.252,20000.502,1100.0834,517.93604,106.101074,105.65598,0.0,1.3006546,4.0,90.800476,36.107037,-7.87499,-8.999989,5.148,0.0,5.8046875,0.6421509,0.0,0.0,0.0,0.0,0.0,0.94433594,0.9375,70.33844,2.3437624,267.24518,313.8098,0.0,106.999245,99.90234,0.0,267.45874,274.98767,505.875,541.875,-1.0431077,381.625,0.0,439.5,79.82713,66.99998,173.19336,0.0,101.73,192.65625,0.3540039,7.70874,72.50366,79.90265,2.9956055,101.96,101.84,100.17,100.42,0
368452.12,1.0986137,2.6981556,1.3637222,1.5986373,100.19051,23.30828,13.612388,24.297255,421.57202,189.93513,26.88,0.481,5.36,16.88,24.845,2.0,99.248146,0.0,0.0,405.0,189.0,3211.0,0.0,-5.78125,0.8670044,326.55408,20012.709,20000.502,1100.0834,517.93604,105.65598,106.0163,0.0,1.3530223,4.0,90.0116,36.105354,-7.87499,-8.999989,5.192,0.0,5.5703125,0.6503906,0.0,0.0,0.0,0.0,0.0,0.93847656,0.93359375,70.38269,2.3437586,267.66885,313.01666,0.0,106.99932,99.90234,0.0,268.3294,275.21155,505.875,541.875,-0.9907362,383.46875,0.0,439.5,79.82713,66.99998,173.88916,0.0,101.99,195.125,0.52490234,6.604004,72.06421,78.63922,3.010254,102.01,102.26,100.97,101.03,0
368452.16,1.138891,2.6730123,1.3734971,1.5987647,100.19039,23.30828,13.612656,24.47518,419.0688,189.92453,26.88,0.518,5.36,16.88,24.845,2.0,99.248146,0.0,0.0,403.125,189.0,3230.0,0.0,-5.5234375,0.87384033,329.1245,20008.463,20000.502,1100.0834,517.93604,105.74076,105.55001,0.0,1.394917,4.0,90.05585,36.103844,-7.87499,-8.999989,5.276,0.0,5.4609375,0.65875244,0.0,0.0,0.0,0.0,0.0,0.9316406,0.9326172,70.82672,2.343756,268.89514,312.10953,0.0,106.99939,99.90234,0.0,269.57315,275.51007,506.25,541.5,-0.94883895,386.09375,0.0,439.5,79.82713,66.99998,174.79248,0.0,102.48,197.625,0.6713867,5.2978516,71.55762,77.05231,3.0004883,102.65,102.56,100.92,101.21,0
368452.2,1.1311128,2.606705,1.3881207,1.5988494,100.1911,23.30828,13.630422,24.807516,412.5716,188.07985,26.88,0.559,5.36,16.88,24.845,2.0,99.248146,0.0,0.0,403.875,189.0,3249.0,0.0,-5.4609375,0.87957764,331.2804,20002.625,20000.502,1100.0834,517.93604,106.14346,106.3766,0.0,1.2721832,4.0,89.70642,36.10248,-7.87499,-8.999989,5.236,0.0,4.7421875,0.66082764,0.0,0.0,0.0,0.0,0.0,0.9296875,0.9267578,70.73059,2.3437543,271.1866,311.933,0.0,106.99945,99.90234,0.0,271.67096,275.82513,506.25,541.5,-1.0715711,391.125,0.0,439.5,79.82713,66.99998,175.73853,0.0,102.83,198.25,0.7965088,3.7017822,71.295166,75.40436,2.9833984,103.04,102.98,101.5,101.66,0
368452.22,1.1448902,2.580182,1.3986694,1.5989342,100.19174,23.30828,13.642858,25.03659,412.73898,188.3878,26.88,0.6,5.36,16.88,24.845,2.0,99.248146,0.0,0.0,399.0,188.625,3253.0,0.0,-5.875,0.88568115,333.5772,19893.838,20000.502,1100.0834,517.93604,108.60206,107.39395,0.0,1.173996,4.0,90.98663,36.101257,-8.2499895,-9.374988,5.436,0.0,4.546875,0.6687622,0.0,0.0,0.0,0.0,0.0,0.93066406,0.9267578,71.2265,2.3437529,272.76624,311.00818,0.0,106.999504,99.90234,0.0,273.18005,276.1734,506.25,541.875,-1.1697569,386.25,0.0,439.5,79.82713,66.99998,176.48315,0.0,103.2,200.625,0.9033203,1.9195557,70.86792,73.38104,2.9296875,103.28,103.43,101.75,101.87,0
368452.28,1.1359122,2.588323,1.3972205,1.5989342,100.193146,23.30828,13.645703,24.991516,415.19,189.50655,26.88,0.639,5.36,16.88,24.845,2.0,99.248146,0.0,0.0,398.625,188.625,3253.0,0.0,-5.6171875,0.8925781,336.1891,19944.252,20000.502,1100.0834,517.93604,107.81785,108.199356,0.0,1.0954465,4.0,90.5777,36.024967,-8.2499895,-9.374988,5.46,0.0,4.6953125,0.66156006,0.0,0.0,0.0,0.0,0.0,0.92578125,0.9267578,71.40961,2.343752,272.45694,310.9776,0.0,106.99956,99.90234,0.0,272.97278,276.43045,506.25,541.5,-1.2483054,387.4375,0.0,439.5,79.82713,66.99998,176.40381,0.0,103.55,198.46875,0.97961426,1.8554688,70.825195,73.28339,2.8442383,103.95,103.69,101.96,102.3,0
368452.3,1.1487297,2.6103292,1.4020691,1.5990614,100.19441,23.30828,13.653555,25.054922,417.69183,191.76198,26.88,0.678,5.36,16.88,24.845,2.0,99.248146,0.0,0.0,398.25,188.625,3272.0,0.0,-5.46875,0.8949585,337.06802,19875.795,20000.502,1100.0834,517.93604,109.42865,107.92382,0.0,1.0326071,4.0,91.28418,35.956306,-8.2499895,-9.374988,5.476,0.0,5.375,0.6734009,0.0,0.0,0.0,0.0,0.0,0.9248047,0.9238281,71.67206,2.3437514,272.89526,310.02258,0.0,106.9996,99.90234,0.0,273.43713,276.71237,506.25,541.5,-1.3111444,389.75,0.0,440.0,79.82713,66.99998,176.68457,0.0,103.83,202.03125,1.0650635,1.3214111,70.45288,72.61505,2.8076172,103.84,104.03,102.51,102.65,0
368452.34,1.1789837,2.6191316,1.3980762,1.5991038,100.19555,23.30828,13.635613,24.99843,417.5945,192.18605,26.88,0.72,5.36,16.88,24.845,2.0,99.248146,0.0,0.0,397.875,188.625,3280.0,0.0,-5.4453125,0.8998413,338.92538,19856.691,20000.502,1100.0834,517.93604,109.449844,107.37276,0.0,0.98233545,4.0,91.29486,35.894512,-8.2499895,-9.374988,5.472,0.0,6.3203125,0.67089844,0.0,0.0,0.0,0.0,0.0,0.9238281,0.9238281,71.47217,2.343751,272.50702,310.9488,0.0,106.99964,99.90234,0.0,273.0723,276.96112,506.25,541.5,-1.3614155,387.6875,0.0,440.0,79.82713,66.99998,176.50757,0.0,104.24,201.28125,1.1871338,2.7740479,70.355225,74.01886,2.8051758,104.29,104.14,102.51,102.98,0
368452.38,1.1631869,2.6039028,1.394209,1.5991886,100.19575,23.30828,13.646492,24.905283,415.81345,192.18318,26.88,0.758,5.36,16.88,24.845,2.0,99.248146,0.0,0.0,398.625,188.625,3294.0,0.0,-5.9453125,0.901001,339.35654,19993.604,20000.502,1100.0834,517.93604,107.24559,106.03749,0.0,0.94211805,4.0,90.1474,35.838898,-8.2499895,-9.374988,5.424,0.0,6.4140625,0.6779785,0.0,0.0,0.0,0.0,0.0,0.9238281,0.9238281,71.27838,2.3437505,271.86514,311.0014,0.0,106.99968,99.90234,0.0,272.467,277.3011,506.25,541.875,-1.4016324,387.6875,0.0,440.0,79.82713,66.99998,176.36719,0.0,104.49,203.40625,1.3702393,4.2633057,70.26367,75.70343,2.7929688,104.67,104.71,103.25,103.32,0
368452.44,1.1905495,2.579061,1.3890003,1.5992733,100.19592,23.30828,13.642388,24.831257,413.56934,191.90034,26.88,0.799,5.36,16.88,24.845,2.0,99.248146,0.0,0.0,399.75,188.625,3307.0,0.0,-6.1015625,0.9024048,339.8872,19928.332,20000.502,1100.0834,517.93604,106.71572,105.465225,0.0,0.90994453,4.0,89.315796,35.788845,-8.2499895,-9.374988,5.364,0.0,6.59375,0.68133545,0.0,0.0,0.0,0.0,0.0,0.92578125,0.92089844,71.23566,2.3437505,271.35507,311.6541,0.0,106.99971,99.90234,0.0,271.68756,277.59128,506.625,542.25,-1.433806,386.53125,0.0,440.0,79.82713,66.99998,176.13525,0.0,104.97,204.40625,1.5319824,6.161499,70.29419,77.830505,2.8027344,105.11,104.98,103.46,103.55,0
368452.47,1.2324395,2.5691245,1.3857335,1.5993156,100.196915,23.30828,13.6336565,24.730934,413.85352,192.26448,26.88,0.84,5.36,16.88,24.845,2.0,99.248146,0.0,0.0,399.0,188.625,3311.0,0.0,-6.5078125,0.90496826,340.84076,19878.979,20000.502,1100.0834,517.93604,107.73307,106.3978,0.0,1.0404557,4.0,89.842224,35.743797,-8.2499895,-9.374988,5.38,0.0,6.6328125,0.6829834,0.0,0.0,0.0,0.0,0.0,0.9316406,0.9199219,71.62628,2.3437505,270.66455,311.69556,0.0,106.99974,99.90234,0.0,271.14032,277.8898,506.625,542.625,-1.3032948,387.53125,0.0,440.09375,79.82713,66.99998,175.90942,0.0,105.25,204.90625,1.776123,7.6446533,70.44678,79.7287,2.8222656,105.56,105.41,103.84,103.92,0
368452.5,1.2659516,2.5651498,1.3912486,1.5994005,100.19781,23.30828,13.627543,24.841702,414.08853,193.30328,26.88,0.878,5.36,16.88,24.845,2.0,99.248146,0.0,0.0,398.625,188.25,3327.0,0.0,-6.546875,0.9069824,341.59534,19893.838,20000.502,1100.0834,517.93604,109.34387,107.47874,0.0,1.1448647,4.0,90.67688,35.703255,-8.624989,-9.749988,5.404,0.0,6.65625,0.69506836,0.0,0.0,0.0,0.0,0.0,0.92578125,0.9199219,71.84601,2.3437505,271.42896,311.2535,0.0,106.99977,99.90234,0.0,272.07727,278.12195,506.625,542.625,-1.1988858,380.96875,0.0,440.0,79.82713,66.99998,176.33667,0.0,105.55,208.53125,1.940918,5.484009,70.28198,77.59247,2.849121,105.49,105.59,104.33,104.45,0
368452.53,1.2927613,2.54481,1.3948433,1.5995277,100.19861,23.30828,13.617405,24.896564,411.54004,193.03752,26.88,0.92,5.36,16.88,24.845,2.0,99.248146,0.0,0.0,398.25,188.25,3343.0,0.0,-6.5859375,0.9136963,344.1326,19986.174,20000.502,1100.0834,517.93604,107.945015,106.50378,0.0,1.0721419,4.0,89.81018,35.666763,-8.624989,-9.749988,5.372,0.0,6.6796875,0.69976807,0.0,0.0,0.0,0.0,0.0,0.9248047,0.9169922,71.70715,2.3437505,271.80792,310.78284,0.0,106.999794,99.90234,0.0,272.467,278.47852,506.625,542.625,-1.2716086,382.6875,0.0,440.09375,79.82713,66.99998,176.58691,0.0,105.93,209.9375,2.1026611,5.291748,70.617676,77.98309,2.8857422,106.19,105.98,104.25,104.71,0
368452.6,1.2742091,2.536674,1.3994212,1.5994852,100.198494,23.30828,13.616168,24.95041,412.29453,192.87077,26.88,0.959,5.36,16.88,24.845,2.0,99.248146,0.0,0.0,397.125,188.25,3334.0,0.0,-6.5859375,0.9169922,345.38464,19928.332,20000.502,1100.0834,517.93604,109.11073,106.927666,0.0,1.0139636,4.0,90.41443,35.633923,-8.624989,-9.749988,5.408,0.0,6.2734375,0.69470215,0.0,0.0,0.0,0.0,0.0,0.9238281,0.9169922,71.73157,2.3437505,272.17896,310.22488,0.0,106.99982,99.90234,0.0,272.83185,278.74384,506.625,542.625,-1.3297869,384.0625,0.0,440.09375,79.82713,66.99998,176.7456,0.0,106.22,208.40625,2.2583008,5.2886963,70.99609,78.526306,2.8857422,106.27,106.42,104.98,105.17,0
368452.62,1.2393674,2.5334196,1.4083577,1.5996548,100.198395,23.30828,13.615302,25.098091,412.17807,194.31996,26.88,0.999,5.36,16.88,24.845,2.0,99.248146,0.0,0.0,396.0,188.25,3360.0,0.0,-6.546875,0.920105,346.5372,19935.76,20000.502,1100.0834,517.93604,108.962364,107.49993,0.0,0.96742094,4.0,89.78119,35.604366,-8.624989,-9.749988,5.472,0.0,6.1953125,0.713501,0.0,0.0,0.0,0.0,0.0,0.92285156,0.9140625,71.96655,2.3437505,273.1968,309.51022,0.0,106.99984,99.90234,0.0,273.68588,279.02576,506.625,542.625,-1.3763295,386.625,0.0,440.09375,79.82713,66.99998,177.22778,0.0,106.67,214.0625,2.3895264,4.40979,70.60547,77.40936,2.9077148,106.82,106.82,105.21,105.5,0
368452.7,1.2514938,2.5321178,1.411481,1.5996972,100.19748,23.30828,13.620555,25.193506,412.33276,194.6243,26.88,1.038,5.36,16.88,24.845,2.0,98.94739,0.0,0.0,394.125,189.0,3364.0,0.0,-6.46875,0.92749023,349.3315,19890.654,20000.502,1100.0834,517.93604,110.191666,108.75042,0.0,1.0864369,4.0,90.415955,35.50258,-8.624989,-8.999989,5.54,0.0,6.25,0.70861816,0.0,0.0,0.0,0.0,0.0,0.921875,0.9140625,72.62726,2.3437505,273.85358,309.6849,0.0,106.999855,99.90234,0.0,274.33264,279.34085,506.625,542.625,-1.2573136,393.03125,0.0,440.09375,79.82713,66.99998,177.55737,0.0,106.89,212.59375,2.508545,4.1168213,71.240234,77.882385,2.9003906,107.37,107.18,105.44,105.75,0
368452.72,1.2611951,2.5128472,1.429293,1.5999092,100.196655,23.30828,13.624232,25.537733,410.1349,195.37085,26.88,1.078,5.36,16.88,24.845,2.0,98.70679,0.0,0.0,393.375,189.0,3395.0,0.0,-6.25,0.9335327,351.59518,19859.875,20000.502,1100.0834,517.93604,111.78127,109.17432,0.0,1.0253996,4.0,90.68756,35.41097,-8.624989,-8.999989,5.572,0.0,6.2734375,0.73101807,0.0,0.0,0.0,0.0,0.0,0.91308594,0.91015625,72.64557,2.3437505,276.22546,308.35315,0.0,106.99987,99.90234,0.0,276.76212,279.85492,506.625,542.25,-1.3183509,394.53125,0.0,440.0,79.82713,66.99998,178.74756,0.0,107.29,219.3125,2.6153564,2.017212,70.75195,75.43182,2.915039,107.25,107.5,105.98,106.23,0
368452.78,1.2689561,2.5051389,1.4291399,1.5999515,100.195915,23.30828,13.626806,25.46991,410.18802,195.85658,26.88,1.118,5.36,16.88,24.845,2.0,98.5143,0.0,0.0,392.625,189.0,3403.0,0.0,-6.15625,0.94470215,355.80737,19944.252,20000.502,1100.0834,517.93604,110.65795,108.89878,0.0,0.9765698,4.0,90.11078,35.328518,-8.624989,-8.999989,5.564,0.0,6.3671875,0.7249756,0.0,0.0,0.0,0.0,0.0,0.90527344,0.91015625,72.72339,2.3437505,275.75723,307.84784,0.0,106.999886,99.90234,0.0,276.33096,280.16174,507.0,542.25,-1.3671807,395.78125,0.0,439.875,79.82713,66.99998,178.69263,0.0,108.04,217.5,2.6947021,2.3773193,71.624756,76.73187,2.902832,107.94,107.78,106.15,106.38,0
368452.8,1.2751648,2.5208056,1.4309868,1.5999516,100.196075,23.30828,13.634467,25.577208,412.78418,197.15411,26.88,1.158,5.36,16.88,24.845,2.0,98.360306,0.0,0.0,393.0,189.0,3404.0,0.0,-6.125,0.9463501,356.43756,19892.775,20000.502,1100.0834,517.93604,111.23021,109.216705,0.0,0.93750584,4.0,90.40527,35.254314,-8.624989,-8.999989,5.54,0.0,6.953125,0.72125244,0.0,0.0,0.0,0.0,0.0,0.9042969,0.91015625,73.0011,2.3437505,276.49698,308.34412,0.0,106.9999,99.90234,0.0,276.97772,280.41876,507.0,542.25,-1.4062446,398.0625,0.0,440.0,79.82713,66.99998,178.9856,0.0,108.12,216.375,2.786255,2.9174805,71.8811,77.63214,2.915039,108.43,108.26,106.5,106.82,0
368452.84,1.380132,2.5645723,1.4388115,1.5999941,100.19622,23.30828,13.63983,25.791285,417.48676,200.04451,26.88,1.199,5.36,16.88,24.845,2.0,98.23712,0.0,0.0,391.5,189.0,3415.0,0.0,-6.125,0.9490967,357.47403,19927.27,20000.502,1100.0834,517.93604,112.4807,110.08569,0.0,0.90625477,4.0,91.04614,35.18753,-8.624989,-8.999989,5.596,0.0,6.8984375,0.72631836,0.0,0.0,0.0,0.0,0.0,0.90722656,0.91015625,73.2193,2.3437505,277.97275,308.3909,0.0,106.999916,99.90234,0.0,278.50342,280.5846,507.0,542.25,-1.4374957,399.53125,0.0,440.0,79.82713,66.99998,179.59595,0.0,108.49,217.90625,2.8381348,1.0437012,71.80786,75.730896,2.9003906,108.26,108.56,106.82,107.06,0
368452.88,1.4041055,2.582079,1.4453094,1.6002907,100.19718,23.30828,13.631865,25.851622,417.4427,202.07343,26.88,1.239,5.36,16.88,24.845,2.0,98.138565,0.0,0.0,390.0,188.625,3450.0,0.0,-6.125,0.9625244,362.53198,19777.621,20000.502,1100.0834,517.93604,114.79093,109.87374,0.0,0.88125384,4.0,92.10205,35.127426,-8.999989,-9.374988,5.62,0.0,7.2734375,0.7294922,0.0,0.0,0.0,0.0,0.0,0.90722656,0.90722656,73.210144,2.3437505,278.3896,307.5916,0.0,106.99992,99.90234,0.0,279.06726,280.6924,507.0,542.25,-1.4624966,399.71875,0.0,440.0,79.82713,66.99998,180.07202,0.0,108.88,218.84375,2.8564453,1.1199951,72.387695,76.423645,2.9101562,109.3,109.14,107.25,107.37,0
368452.94,1.4032844,2.5703316,1.4542817,1.6001636,100.198044,23.30828,13.626289,26.142359,415.81778,200.35333,26.88,1.279,5.36,16.88,24.845,2.0,98.05972,0.0,0.0,389.25,188.625,3434.0,0.0,-6.15625,0.9647217,363.35287,19906.043,20000.502,1100.0834,517.93604,113.37088,109.78896,0.0,0.86125314,4.0,91.37268,35.07333,-8.624989,-9.374988,5.66,0.0,7.3515625,0.7122803,0.0,0.0,0.0,0.0,0.0,0.9082031,0.90722656,73.21167,2.3437505,280.39447,307.9902,0.0,106.99993,99.90234,0.0,280.83337,280.76703,507.0,542.25,-1.4824973,399.1875,0.0,440.09375,79.82713,66.99998,180.63965,0.0,109.27,213.6875,2.8289795,-0.5767822,73.4375,75.712585,2.8930664,109.01,109.3,107.75,107.94,0
368452.97,1.4626276,2.5843828,1.4626975,1.6002483,100.19882,23.30828,13.622387,26.313824,418.03864,201.95131,26.88,1.32,5.36,16.88,24.845,2.0,97.99664,0.0,0.0,389.25,189.0,3443.0,0.0,-6.0546875,0.96813965,364.62982,19917.719,20000.502,1100.0834,517.93604,114.5154,110.61556,0.0,0.84525263,4.0,91.960144,35.024643,-8.999989,-8.999989,5.684,0.0,7.3515625,0.7180176,0.0,0.0,0.0,0.0,0.0,0.9121094,0.90722656,73.35968,2.3437505,281.57715,307.38773,0.0,106.99994,99.90234,0.0,282.1186,280.80847,507.0,542.25,-1.4984978,406.53125,0.0,440.0,79.82713,66.99998,181.31714,0.0,109.53,215.40625,2.7313232,-1.550293,73.33374,74.531555,2.8759766,109.51,109.59,107.82,108.23,0
368453.0,1.4301021,2.6087532,1.4620792,1.6002907,100.19869,23.30828,13.631373,26.248198,420.70868,203.89052,26.88,1.36,5.36,16.88,24.845,2.0,97.94618,0.0,0.0,385.875,188.625,3454.0,0.0,-5.9609375,0.97491455,367.1837,19820.605,20000.502,1100.0834,517.93604,116.86802,111.90844,0.0,0.8324522,4.0,93.16864,34.980827,-8.999989,-9.374988,5.792,0.0,7.34375,0.7189331,0.0,0.0,0.0,0.0,0.0,0.9091797,0.90722656,74.002075,2.3437505,281.12466,307.0278,0.0,106.99995,99.90234,0.0,281.59622,280.84164,507.0,541.875,-1.5112983,404.75,0.0,440.09375,79.82713,66.99998,181.21338,0.0,109.77,215.6875,2.6428223,0.021362305,73.68164,76.387024,2.8833008,110.14,110.02,108.51,108.43,0
368453.03,1.3240817,2.5247512,1.4721464,1.6005026,100.19857,23.30828,13.637665,26.42868,409.21667,200.10104,26.88,1.399,5.36,16.88,24.845,2.0,97.90582,0.0,0.0,385.125,188.625,3485.0,0.0,-5.8515625,0.97943115,368.89178,19863.059,20000.502,1100.0834,517.93604,115.13005,110.34003,0.0,0.82221186,4.0,91.716,34.94139,-8.999989,-9.374988,5.84,0.0,7.2421875,0.7336426,0.0,0.0,0.0,0.0,0.0,0.9033203,0.9033203,74.220276,2.3437505,282.3686,306.31543,0.0,106.999954,99.90234,0.0,282.64096,280.87482,507.0,541.875,-1.5215386,405.03125,0.0,440.0,79.82713,66.99998,181.97632,0.0,110.09,220.09375,2.5726318,-0.35095215,73.065186,75.364685,2.8637695,110.27,110.39,108.77,109.09,0
368453.1,1.2592654,2.5099006,1.4782819,1.6004179,100.19764,23.30828,13.630349,26.595127,411.8667,200.70338,26.88,1.44,5.36,16.88,24.845,2.0,97.873535,0.0,0.0,384.375,188.625,3473.0,0.0,-5.6875,0.9849243,370.96472,19849.262,20000.502,1100.0834,517.93604,116.38054,112.31114,0.0,0.65776956,4.0,92.35535,34.83071,-8.999989,-9.374988,5.824,0.0,6.90625,0.72332764,0.0,0.0,0.0,0.0,0.0,0.89941406,0.9033203,74.06311,2.3437505,283.51495,306.34927,0.0,106.99996,99.90234,0.0,284.0091,280.8997,507.375,541.875,-1.6859809,404.125,0.0,440.09375,79.82713,66.99998,182.40967,0.0,110.66,217.0,2.4291992,-2.8442383,73.99902,73.63129,2.8613281,110.78,110.48,108.98,109.3,0
368453.12,1.1274123,2.5227103,1.4890054,1.6005026,100.1968,23.30828,13.625229,26.689661,414.67645,202.82898,26.88,1.478,5.36,16.88,24.845,2.0,97.8477,0.0,0.0,384.0,188.625,3486.0,0.0,-5.53125,0.98883057,372.43234,19891.184,20000.502,1100.0834,517.93604,117.50387,112.39592,0.0,0.5262157,4.0,92.92908,34.7311,-8.999989,-9.374988,5.848,0.0,7.078125,0.7354126,0.0,0.0,0.0,0.0,0.0,0.89941406,0.9033203,74.43695,2.3437505,284.16574,304.9828,0.0,106.99997,99.90234,0.0,284.7637,280.8997,507.375,541.5,-1.8175348,409.125,0.0,440.0,79.82713,66.99998,182.90405,0.0,110.84,220.625,2.3101807,-3.4729004,73.4375,72.3587,2.8466797,110.82,110.99,109.72,109.72,0
368453.16,1.0219299,2.5465841,1.4952546,1.6006722,100.196045,23.30828,13.627503,26.748466,416.5666,205.2147,26.88,1.518,5.36,16.88,24.845,0.0,97.82703,0.0,0.0,383.625,188.625,3511.0,0.0,-5.359375,0.9971924,375.57492,19914.004,20000.502,1100.0834,517.93604,118.09732,113.13774,0.0,0.4209726,4.0,92.6712,34.64145,-8.999989,-9.374988,5.848,0.0,7.0859375,0.7439575,0.0,0.0,0.0,0.0,0.0,0.89941406,0.9003906,74.6109,2.3437505,284.5703,304.07828,0.0,106.99998,99.90234,0.0,285.08704,280.8997,507.375,541.5,-1.9227779,411.65625,0.0,440.09375,79.82713,66.99998,183.12378,0.0,111.26,223.1875,2.1759033,-2.3162842,73.28491,73.25287,2.8173828,111.21,111.38,109.63,109.72,0
368453.2,0.9175439,2.5186338,1.4962066,1.6006722,100.195366,23.30828,13.640815,26.771852,412.59534,203.14256,26.88,1.56,5.36,16.88,24.845,0.0,97.810486,0.0,0.0,357.0,188.625,3509.0,0.0,-5.25,1.001831,377.33276,19830.156,20000.502,1100.0834,517.93604,120.89503,114.5366,0.0,0.33677816,4.0,94.09332,34.560764,-8.999989,-9.374988,7.08,0.0,7.1171875,0.7394409,0.0,0.0,0.0,0.0,0.0,0.89941406,0.9003906,75.03815,2.3437505,284.73083,304.07828,0.0,106.999985,99.90234,0.0,285.228,280.8997,507.375,541.5,-2.0069723,415.0625,0.0,440.09375,79.82713,66.99998,183.36182,0.0,111.67,221.84375,2.0477295,-4.4311523,73.76709,71.4859,2.7978516,111.98,111.81,110.31,110.27,0
368453.25,0.79403514,2.5262036,1.4972521,1.6007993,100.194756,23.30828,13.644274,26.766937,415.02795,205.50493,26.88,1.6,5.36,16.88,24.845,0.0,97.79726,0.0,0.0,355.875,187.5,3529.0,0.0,-4.71875,1.005127,378.56824,20054.102,20000.502,1100.0834,517.93604,118.43643,114.57899,0.0,0.26942277,4.0,92.276,34.488148,-8.999989,-10.499987,7.136,0.0,7.1328125,0.74871826,0.0,0.0,0.0,0.0,0.0,0.89941406,0.89746094,75.03815,2.3437505,284.69635,303.92136,0.0,106.999985,99.90234,0.0,285.19482,280.8997,507.375,540.75,-2.0743277,401.90625,0.0,440.09375,79.82713,66.99998,183.44727,0.0,111.96,224.625,1.9165039,-4.019165,73.17505,71.18683,2.7807617,111.95,112.16,110.69,110.69,0
368453.28,0.6552281,2.5292315,1.4876447,1.6007147,100.19421,23.30828,13.652554,26.622705,415.27377,204.86917,26.88,1.638,5.36,16.88,24.845,0.0,97.78668,0.0,0.0,356.625,188.625,3516.0,0.0,-4.53125,1.0059204,378.85846,20068.43,20000.502,1100.0834,517.93604,116.804436,113.158936,0.0,0.21553826,4.0,92.01355,34.42279,-8.999989,-9.374988,7.08,0.0,7.3671875,0.73132324,0.0,0.0,0.0,0.0,0.0,0.8964844,0.9003906,75.03815,2.3437505,283.70163,304.59283,0.0,106.999985,99.90234,0.0,283.89304,280.8997,507.375,540.75,-2.1282122,415.84375,0.0,440.0,79.82713,66.99998,182.84912,0.0,112.37,219.40625,1.8188477,-1.7089844,74.38965,74.58954,2.758789,112.34,112.38,110.78,110.82,0
368453.3,0.5241825,2.5304427,1.4915985,1.6009265,100.19371,23.30828,13.664209,26.65516,415.25632,206.78331,26.88,1.681,5.36,16.88,24.845,0.0,97.77821,0.0,0.0,356.625,187.5,3549.0,0.0,-4.4765625,1.0057373,378.80872,20076.92,20000.502,1100.0834,517.93604,117.101166,113.54044,0.0,0.17243075,4.0,91.60004,34.36397,-8.624989,-10.499987,7.112,0.0,7.890625,0.75683594,0.0,0.0,0.0,0.0,0.0,0.8955078,0.89746094,75.02136,2.3437505,283.92484,304.19565,0.0,106.999985,99.90234,0.0,284.17493,280.8997,507.375,540.375,-2.1713197,401.65625,0.0,440.0,79.82713,66.99998,183.19702,0.0,112.4,227.0625,1.7211914,-1.7120361,72.7417,72.88971,2.7612305,112.74,112.61,111.43,111.21,0
368453.34,0.379346,2.474677,1.4916297,1.6010114,100.19327,23.30828,13.65479,26.605072,408.18466,203.89188,26.88,1.718,5.36,16.88,24.845,0.0,97.77144,0.0,0.0,355.875,187.875,3560.0,0.0,-4.46875,1.0153809,382.42392,19948.496,20000.502,1100.0834,517.93604,119.72932,114.72735,0.0,0.1379447,4.0,92.38434,34.311035,-8.624989,-10.124987,7.06,0.0,8.109375,0.756958,0.0,0.0,0.0,0.0,0.0,0.89746094,0.8955078,75.03815,2.3437505,283.57913,303.8752,0.0,106.999985,99.90234,0.0,283.85156,280.8997,507.75,540.375,-2.2058058,401.9375,0.0,440.0,79.82713,66.99998,183.26416,0.0,113.08,227.09375,1.5869141,-1.739502,72.88208,72.89276,2.758789,113.14,113.5,111.68,111.21,0
368453.4,0.24347681,2.414871,1.4917661,1.6009688,100.19369,23.30828,13.654056,26.715425,403.98175,201.67912,26.88,1.758,5.36,16.88,24.845,0.0,97.76602,0.0,0.0,355.125,187.875,3558.0,0.0,-4.5,1.012146,381.22162,19989.36,20000.502,1100.0834,517.93604,119.30542,114.663765,0.0,0.110355854,4.0,92.170715,34.26339,-8.624989,-10.124987,7.116,0.0,8.71875,0.75897217,0.0,0.0,0.0,0.0,0.0,0.8984375,0.8955078,75.03815,2.3437505,284.3402,304.58917,0.0,106.999985,99.90234,0.0,284.7637,280.8997,507.75,540.375,-2.2333946,406.6875,0.0,440.0,79.82713,66.99998,183.41064,0.0,113.27,227.6875,1.486206,-3.616333,72.72949,70.74432,2.7514648,113.45,113.42,111.81,111.72,0
368453.44,0.114781454,2.4284484,1.4882425,1.6011384,100.19407,23.30828,13.66526,26.580925,408.88232,205.27304,26.88,1.799,5.36,16.88,24.845,0.0,97.76169,0.0,0.0,354.0,187.875,3578.0,0.0,-4.5390625,1.0150146,382.29953,20004.217,20000.502,1100.0834,517.93604,119.22064,114.76974,0.0,0.08828473,4.0,92.12799,34.22051,-8.624989,-10.124987,7.128,0.0,8.7421875,0.77008057,0.0,0.0,0.0,0.0,0.0,0.89746094,0.8955078,75.03815,2.3437505,283.41348,304.42404,0.0,106.999985,99.90234,0.0,283.89304,280.8997,507.75,540.75,-2.2554657,400.125,0.0,440.0,79.82713,66.99998,183.3252,0.0,113.67,231.03125,1.3885498,-1.6540527,72.18628,72.13898,2.746582,113.9,113.86,112.52,112.21,0
368453.47,-0.04817482,2.4151294,1.4843436,1.6010537,100.195244,23.30828,13.667245,26.526894,406.6416,203.69167,26.88,1.84,5.36,16.88,24.845,0.0,97.758224,0.0,0.0,354.75,188.25,3570.0,0.0,-4.5390625,1.0154419,382.4571,19987.236,20000.502,1100.0834,517.93604,118.86033,114.19748,0.0,0.07062793,4.0,91.94641,34.106728,-8.624989,-9.749988,7.092,0.0,8.71875,0.7609253,0.0,0.0,0.0,0.0,0.0,0.89453125,0.8955078,75.03815,2.3437505,283.04224,304.74066,0.0,106.999985,99.90234,0.0,283.2048,280.8997,507.75,540.75,-2.2731225,404.53125,0.0,440.0,79.82713,66.99998,182.91626,0.0,113.94,228.28125,1.3244629,-0.869751,72.67456,73.30475,2.7392578,113.9,113.99,112.65,112.21,0
368453.5,-0.19853985,2.4098017,1.5009475,1.6012657,100.196304,23.30828,13.674493,26.740734,406.63635,205.57187,26.88,1.878,5.36,16.88,24.845,0.0,97.75545,0.0,0.0,355.5,188.25,3603.0,0.0,-4.6171875,1.0170898,383.07895,19954.865,20000.502,1100.0834,517.93604,119.814095,114.79093,0.0,0.05650258,4.0,91.87775,34.004326,-8.624989,-9.749988,7.076,0.0,8.640625,0.7920532,0.0,0.0,0.0,0.0,0.0,0.8955078,0.8925781,75.03052,2.3437505,284.51727,303.03662,0.0,106.999985,99.90234,0.0,284.8383,280.8997,507.75,540.75,-2.287248,405.8125,0.0,440.0,79.82713,66.99998,183.94165,0.0,114.14,237.625,1.2298584,-3.918457,71.04492,68.592834,2.7514648,114.36,114.17,113.01,112.65,0
368453.56,-0.29883188,2.3889208,1.4997749,1.6013929,100.19726,23.30828,13.661988,26.605568,404.50995,205.51852,26.88,1.919,5.36,16.88,24.845,0.0,97.753235,0.0,0.0,350.25,188.25,3621.0,0.0,-4.6953125,1.0293579,387.68918,19906.043,20000.502,1100.0834,517.93604,121.806404,116.06262,0.0,0.045202255,4.0,92.74902,33.912163,-8.624989,-9.749988,7.212,0.0,8.5234375,0.7921753,0.0,0.0,0.0,0.0,0.0,0.89453125,0.890625,75.03052,2.3437505,283.58655,302.29977,0.0,106.999985,99.90234,0.0,284.1335,280.8997,507.75,540.75,-2.2985482,407.21875,0.0,440.0,79.82713,66.99998,183.93555,0.0,114.63,237.65625,1.184082,-1.7852783,71.14258,70.7901,2.746582,114.77,114.87,113.45,113.14,0
368453.6,-0.3790655,2.3805685,1.503046,1.6013929,100.19728,23.30828,13.659095,26.75696,404.75803,205.70137,26.88,1.958,5.36,16.88,24.845,0.0,97.751465,0.0,0.0,351.0,188.25,3622.0,0.0,-4.71875,1.032898,389.03244,19989.889,20000.502,1100.0834,517.93604,120.36516,115.57514,0.0,0.0361619,4.0,92.02576,33.829216,-8.624989,-9.749988,7.2,0.0,8.7265625,0.7838135,0.0,0.0,0.0,0.0,0.0,0.890625,0.890625,75.03815,2.3437505,284.6301,302.77225,0.0,106.999985,99.90234,0.0,284.90463,280.8997,507.75,540.75,-2.3075886,406.1875,0.0,440.0,79.82713,66.99998,184.2041,0.0,115.13,235.15625,1.0528564,-4.2022705,71.63696,68.73016,2.7392578,115.09,115.19,113.42,113.45,0
368453.62,-0.42325243,2.4334774,1.4976944,1.6013929,100.1973,23.30828,13.668788,26.5502,412.08026,209.7695,26.88,1.999,5.36,16.88,24.845,0.0,97.750046,0.0,0.0,351.75,188.25,3628.0,0.0,-4.78125,1.0331421,389.11536,19940.006,20000.502,1100.0834,517.93604,120.789055,115.42677,0.0,-0.12732029,4.0,92.23938,33.754562,-8.624989,-9.749988,7.16,0.0,8.8359375,0.791626,0.0,0.0,0.0,0.0,0.0,0.8857422,0.890625,75.03815,2.3437505,283.20493,302.7124,0.0,106.999985,99.90234,0.0,283.69403,280.8997,507.75,540.75,-2.4710708,405.9375,0.0,440.0,79.82713,66.99998,183.77686,0.0,115.34,237.5,0.9857178,-1.5380859,71.20361,70.88776,2.7294922,115.51,115.32,114.17,113.82,0
368453.66,-0.49860194,2.4358912,1.4988354,1.60152,100.1965,23.30828,13.663855,26.534786,409.85245,209.55554,26.88,2.04,5.36,16.88,24.845,0.0,97.598526,0.0,0.0,351.375,189.0,3644.0,0.0,-4.75,1.0367432,390.4835,19854.568,20000.502,1100.0834,517.93604,121.21295,114.68496,0.0,-0.258106,4.0,92.45148,33.687378,-8.2499895,-8.999989,7.148,0.0,8.8125,0.7973633,0.0,0.0,0.0,0.0,0.0,0.8857422,0.890625,75.03815,2.3437505,283.0979,301.86014,0.0,106.999985,99.90234,0.0,283.56964,280.8997,507.75,540.75,-2.6018565,415.4375,0.0,440.0,79.82713,66.99998,183.91113,0.0,115.59,239.21875,0.91552734,-0.98876953,70.910645,71.11664,2.7197266,115.65,115.79,114.5,114.14,0
368453.72,-0.5788815,2.3993566,1.4962143,1.6016047,100.19578,23.30828,13.666261,26.419674,405.17264,208.01552,26.88,2.078,5.36,16.88,24.845,0.0,97.47731,0.0,0.0,352.125,189.0,3659.0,0.0,-4.765625,1.0410156,392.0921,20016.953,20000.502,1100.0834,517.93604,118.605995,113.90075,0.0,-0.3627348,4.0,90.60211,33.62691,-8.2499895,-8.999989,7.112,0.0,8.8671875,0.7999878,0.0,0.0,0.0,0.0,0.0,0.88964844,0.8876953,75.03815,2.3437505,282.3037,301.69107,0.0,106.999985,99.90234,0.0,282.60782,280.8997,508.125,540.75,-2.7064853,415.0625,0.0,440.0,79.82713,66.99998,183.66089,0.0,116.01,240.0,0.8880615,0.030517578,70.79468,72.01691,2.7270508,116.02,116.21,114.36,114.41,0
368453.75,-0.64310515,2.3847427,1.494237,1.6015624,100.19513,23.30828,13.662086,26.417345,405.75336,207.85822,26.88,2.118,5.36,16.88,24.845,0.0,97.38034,0.0,0.0,351.75,189.0,3651.0,0.0,-4.5390625,1.043335,392.95444,19948.496,20000.502,1100.0834,517.93604,120.40755,114.96049,0.0,-0.29018784,4.0,91.50238,33.57249,-8.2499895,-8.999989,7.112,0.0,8.9921875,0.7889404,0.0,0.0,0.0,0.0,0.0,0.88964844,0.8876953,75.03815,2.3437505,282.28702,302.0181,0.0,106.999985,99.90234,0.0,282.76535,280.8997,508.125,540.75,-2.6339383,414.0,0.0,440.0,79.82713,66.99998,183.58765,0.0,116.39,236.6875,0.869751,-0.77819824,71.447754,71.824646,2.734375,116.73,116.48,115.13,114.87,0
368453.78,-0.6944841,2.3976471,1.4972079,1.6017742,100.19454,23.30828,13.665022,26.30164,407.9006,210.84691,26.88,2.159,5.36,16.88,24.845,0.0,97.302765,0.0,0.0,349.875,189.0,3684.0,0.0,-4.4375,1.0479736,394.6957,19931.516,20000.502,1100.0834,517.93604,120.66189,114.896904,0.0,-0.38840032,4.0,91.08734,33.523514,-8.2499895,-8.999989,7.156,0.0,9.3984375,0.8125,0.0,0.0,0.0,0.0,0.0,0.8876953,0.8857422,75.03815,2.3437505,281.4889,300.5894,0.0,106.999985,99.90234,0.0,281.8781,280.8997,508.125,540.375,-2.7321508,414.53125,0.0,440.0,79.82713,66.99998,183.69751,0.0,116.79,243.75,0.869751,0.25024414,70.10498,71.57745,2.7368164,116.92,116.96,115.46,115.09,0
368453.8,-0.73558724,2.402809,1.4998087,1.6017742,100.194016,23.30828,13.667078,26.370422,408.16437,210.98323,26.88,2.199,5.36,16.88,24.845,0.0,97.24071,0.0,0.0,349.125,189.0,3684.0,0.0,-4.3984375,1.0530396,396.6194,19880.041,20000.502,1100.0834,517.93604,121.93357,115.384384,0.0,-0.4669702,4.0,91.719055,33.47943,-8.2499895,-8.999989,7.172,0.0,9.390625,0.80407715,0.0,0.0,0.0,0.0,0.0,0.88964844,0.8857422,75.03815,2.3437505,281.96246,300.5894,0.0,106.999985,99.90234,0.0,282.1186,280.8997,508.125,540.375,-2.8107207,414.6875,0.0,440.0,79.82713,66.99998,183.82568,0.0,117.2,241.21875,0.82702637,0.036621094,70.62988,71.80939,2.7368164,117.07,117.26,115.51,115.37,0
368453.88,-0.7884698,2.4048736,1.5004188,1.6018168,100.19354,23.30828,13.656798,26.332464,408.30273,211.62766,26.88,2.238,5.36,16.88,24.845,0.0,97.191055,0.0,0.0,349.125,189.0,3694.0,0.0,-4.3984375,1.0558472,397.67245,19829.096,20000.502,1100.0834,517.93604,122.293884,114.72735,0.0,-0.52982616,4.0,91.89911,33.36457,-8.2499895,-8.999989,7.156,0.0,9.328125,0.80584717,0.0,0.0,0.0,0.0,0.0,0.8847656,0.8857422,75.03815,2.3437505,281.70035,300.19086,0.0,106.999985,99.90234,0.0,282.04398,280.8997,508.125,540.375,-2.8735766,410.34375,0.0,440.09375,79.82713,66.99998,183.92334,0.0,117.27,241.75,0.80566406,-0.30517578,70.54443,71.38519,2.7319336,117.77,117.45,116.12,115.65,0
368453.9,-0.83077586,2.4056995,1.5056353,1.6019015,100.193115,23.30828,13.655462,26.357416,408.5078,212.65105,26.88,2.28,5.36,16.88,24.845,0.0,97.15134,0.0,0.0,347.625,189.0,3710.0,0.0,-4.4296875,1.0620728,400.0107,19948.496,20000.502,1100.0834,517.93604,121.91238,115.638725,0.0,-0.5801108,4.0,91.708374,33.261196,-7.87499,-8.999989,7.192,0.0,9.25,0.81396484,0.0,0.0,0.0,0.0,0.0,0.88378906,0.8857422,75.03815,2.3437505,281.87192,299.26514,0.0,106.999985,99.90234,0.0,282.35907,280.8997,508.125,540.375,-2.9238613,409.8125,0.0,440.09375,79.82713,66.99998,184.30786,0.0,117.63,244.1875,0.76904297,-0.47302246,70.08057,70.74127,2.734375,117.74,117.83,116.35,116.08,0
368453.94,-0.88462067,2.38728,1.507526,1.6019864,100.192726,23.30828,13.636949,26.357708,406.23062,212.09262,26.88,2.319,5.36,16.88,24.845,0.0,97.11957,0.0,0.0,348.75,189.375,3721.0,0.0,-4.6640625,1.0671997,401.9593,19948.496,20000.502,1100.0834,517.93604,121.86999,115.49036,0.0,-0.6203387,4.0,91.55121,33.16816,-7.87499,-8.624989,7.168,0.0,9.234375,0.8148804,0.0,0.0,0.0,0.0,0.0,0.8828125,0.8828125,75.03815,2.3437505,281.87354,299.0012,0.0,106.999985,99.90234,0.0,282.2015,280.8997,508.5,540.75,-2.9640892,414.03125,0.0,439.875,79.82713,66.99998,184.34448,0.0,118.16,244.46875,0.7507324,-0.5065918,70.05005,70.64667,2.7319336,118.02,118.22,116.59,116.31,0
368453.97,-0.90769655,2.3799121,1.5043902,1.6019864,100.19321,23.30828,13.647427,26.340286,406.63947,212.47725,26.88,2.358,5.36,16.88,24.845,0.0,97.09415,0.0,0.0,346.875,189.375,3724.0,0.0,-4.625,1.0706177,403.2445,20016.424,20000.502,1100.0834,517.93604,121.615654,115.95664,0.0,-0.6525209,4.0,91.42456,33.084427,-7.87499,-8.624989,7.212,0.0,9.5234375,0.80944824,0.0,0.0,0.0,0.0,0.0,0.88378906,0.8828125,75.03815,2.3437505,281.75394,299.4072,0.0,106.999985,99.90234,0.0,282.16006,280.8997,508.5,540.75,-2.9962714,414.25,0.0,440.0,79.82713,66.99998,184.35669,0.0,118.36,242.84375,0.68969727,-0.27160645,70.40405,71.180725,2.7270508,118.61,118.42,117.2,116.78,0
368454.06,-0.92615724,2.3957148,1.5100415,1.6021134,100.193634,23.30828,13.648902,26.300583,409.08237,214.7869,26.88,2.399,5.36,16.88,24.845,0.0,97.07381,0.0,0.0,347.625,189.375,3742.0,0.0,-4.390625,1.0761719,405.32574,19910.29,20000.502,1100.0834,517.93604,122.16672,115.3208,0.0,-0.67826676,4.0,91.69769,33.009068,-7.87499,-8.624989,7.176,0.0,9.546875,0.8222656,0.0,0.0,0.0,0.0,0.0,0.87890625,0.8828125,75.03815,2.3437505,281.48068,297.98746,0.0,106.999985,99.90234,0.0,281.63766,280.8997,508.5,540.375,-3.0220172,413.375,0.0,440.0,79.82713,66.99998,184.5581,0.0,118.62,246.6875,0.68359375,0.2593994,69.6167,70.97931,2.7270508,118.72,118.81,117.5,117.11,0
368454.1,-0.9609258,2.383286,1.5114942,1.6021134,100.1932,23.30828,13.649935,26.34525,406.96176,213.90189,26.88,2.439,5.36,16.88,24.845,0.0,97.05754,0.0,0.0,346.125,189.375,3746.0,0.0,-4.4921875,1.079895,406.73532,19829.096,20000.502,1100.0834,517.93604,124.75248,116.02023,0.0,-0.69886327,4.0,92.448425,32.941242,-7.87499,-8.624989,7.188,0.0,9.5625,0.81726074,0.0,0.0,0.0,0.0,0.0,0.87890625,0.8798828,75.03815,2.3437505,281.78815,298.1385,0.0,106.999985,99.90234,0.0,282.24298,280.8997,508.5,540.375,-3.0426137,413.40625,0.0,440.0,79.82713,66.99998,184.77783,0.0,119.17,245.1875,0.6652832,-0.7507324,69.94629,70.24994,2.7294922,119.01,119.21,117.62,117.41,0
368454.12,-0.9887407,2.3970644,1.5126523,1.6022406,100.1928,23.30828,13.656517,26.34414,409.42154,216.28625,26.88,2.479,5.36,16.88,24.845,0.0,97.044525,0.0,0.0,344.625,189.375,3765.0,0.0,-4.6171875,1.0847778,408.5678,19973.969,20000.502,1100.0834,517.93604,123.756325,116.40173,0.0,-0.7153406,4.0,91.95557,32.8802,-7.87499,-8.624989,7.26,0.0,9.53125,0.82299805,0.0,0.0,0.0,0.0,0.0,0.88183594,0.8798828,75.03815,2.3437505,281.7801,297.98572,0.0,106.999985,99.90234,0.0,282.1186,280.8997,508.5,540.75,-3.059091,413.5625,0.0,440.0,79.82713,66.99998,184.93042,0.0,119.36,246.90625,0.64697266,-0.22888184,69.592285,70.399475,2.7270508,119.67,119.4,118.27,117.77,0
368454.16,-0.99099255,2.4025757,1.5128633,1.6022406,100.19245,23.30828,13.6494055,26.35191,409.70615,216.4941,26.88,2.518,5.36,16.88,24.845,0.0,97.03412,0.0,0.0,343.875,189.375,3766.0,0.0,-4.6640625,1.0895386,410.35052,19910.29,20000.502,1100.0834,517.93604,124.64651,116.52891,0.0,-0.72852254,4.0,92.39502,32.82526,-7.87499,-8.624989,7.244,0.0,9.53125,0.8175049,0.0,0.0,0.0,0.0,0.0,0.8779297,0.87109375,75.03815,2.3437505,281.83328,297.8565,0.0,106.999985,99.90234,0.0,282.16006,280.8997,508.5,540.75,-3.072273,412.75,0.0,440.09375,79.82713,66.99998,184.94263,0.0,119.75,245.25,0.62561035,-0.58898926,69.9707,70.414734,2.7270508,119.9,119.95,118.46,118.08,0
368454.22,-0.99279404,2.4047804,1.5151625,1.6023254,100.192955,23.30828,13.650287,26.360502,409.88025,217.27621,26.88,2.56,5.36,16.88,24.845,0.0,97.02579,0.0,0.0,345.0,189.375,3778.0,0.0,-4.6640625,1.090271,410.64905,19884.285,20000.502,1100.0834,517.93604,125.30354,116.82563,0.0,-0.89531803,4.0,92.59491,32.775818,-7.87499,-8.624989,7.212,0.0,9.8671875,0.8260498,0.0,0.0,0.0,0.0,0.0,0.87597656,0.8730469,75.03815,2.3437505,281.89304,297.66867,0.0,106.999985,99.90234,0.0,282.24298,280.8997,508.5,540.75,-3.2390685,411.8125,0.0,439.875,79.82713,66.99998,185.2539,0.0,120.02,247.8125,0.579834,-1.1047363,69.403076,69.33441,2.7246094,120.11,120.29,118.61,118.42,0
368454.25,-0.9942352,2.405662,1.5180489,1.6023679,100.19341,23.30828,13.650904,26.37993,410.10596,217.8562,26.88,2.6,5.36,16.88,24.845,0.0,97.01912,0.0,0.0,342.375,189.375,3786.0,0.0,-4.7109375,1.0945435,412.24106,19927.27,20000.502,1100.0834,517.93604,125.939384,117.88537,0.0,-0.8725045,4.0,92.90924,32.73132,-7.87499,-8.624989,7.308,0.0,10.1171875,0.83032227,0.0,0.0,0.0,0.0,0.0,0.8730469,0.87597656,75.03815,2.3437505,282.0274,297.13458,0.0,106.999985,99.90234,0.0,282.44196,280.8997,508.5,540.75,-3.216255,412.40625,0.0,440.0,79.82713,66.99998,185.40039,0.0,120.41,249.09375,0.54016113,-0.7141113,69.12842,69.38629,2.7246094,120.56,120.26,119.25,118.76,0
368454.28,-0.97538817,2.406015,1.5199528,1.602495,100.19466,23.30828,13.645476,26.313929,410.27563,219.09767,26.88,2.639,5.36,16.88,24.845,0.0,96.86342,0.0,0.0,341.625,189.75,3806.0,0.0,-4.796875,1.104126,415.86456,19933.639,20000.502,1100.0834,517.93604,125.0916,117.03758,0.0,-1.0105035,4.0,92.489624,32.69127,-7.4999905,-8.2499895,7.296,0.0,9.8515625,0.83258057,0.0,0.0,0.0,0.0,0.0,0.8701172,0.87597656,75.03815,2.3437505,281.5737,296.36432,0.0,106.999985,99.90234,0.0,281.64597,280.8997,508.875,540.75,-3.354254,410.40625,0.0,440.0,79.82713,66.99998,185.46753,0.0,120.68,249.78125,0.5065918,0.4699707,68.98804,70.44525,2.7148438,120.92,120.86,119.54,119.2,0
368454.3,-0.98031056,2.387406,1.5206332,1.602495,100.19577,23.30828,13.641677,26.40877,408.1,217.99309,26.88,2.678,5.36,16.88,24.845,0.0,96.73886,0.0,0.0,342.0,189.75,3807.0,0.0,-4.7109375,1.1067505,416.85126,19863.059,20000.502,1100.0834,517.93604,126.2997,117.3555,0.0,-1.1209028,4.0,93.08777,32.655224,-7.4999905,-8.2499895,7.292,0.0,10.2890625,0.82458496,0.0,0.0,0.0,0.0,0.0,0.8720703,0.87597656,75.03052,2.3437505,282.22855,296.89108,0.0,106.999985,99.90234,0.0,282.60782,280.8997,508.875,540.75,-3.4646533,410.09375,0.0,440.09375,79.82713,66.99998,185.82764,0.0,121.1,247.375,0.4699707,-0.50354004,69.54346,69.97223,2.7075195,121.04,121.31,119.5,119.4,0
368454.38,-0.98424846,2.3799624,1.526536,1.6026646,100.19678,23.30828,13.633158,26.404037,408.09442,219.53613,26.88,2.718,5.36,16.88,24.845,0.0,96.639206,0.0,0.0,342.375,189.75,3834.0,0.0,-4.640625,1.1113892,418.58423,19931.516,20000.502,1100.0834,517.93604,125.60027,117.22833,0.0,-1.2092221,4.0,92.19971,32.622784,-7.4999905,-8.2499895,7.268,0.0,10.5390625,0.84436035,0.0,0.0,0.0,0.0,0.0,0.87109375,0.8642578,75.03052,2.3437505,282.19693,295.83273,0.0,106.999985,99.90234,0.0,282.52487,280.8997,508.875,540.75,-3.5529726,404.65625,0.0,439.875,79.82713,66.99998,186.34644,0.0,121.48,253.3125,0.4547119,-1.0314941,68.16406,68.10455,2.7001953,121.72,121.58,120.16,119.75,0
368454.4,-0.96739876,2.376985,1.5297793,1.6026646,100.196846,23.30828,13.644773,26.408442,408.4047,219.70305,26.88,2.758,5.36,16.88,24.845,0.0,96.55948,0.0,0.0,338.25,189.75,3834.0,0.0,-4.640625,1.1183472,421.21274,19863.059,20000.502,1100.0834,517.93604,128.84308,119.55976,0.0,-1.2798777,4.0,93.7973,32.5184,-7.4999905,-8.2499895,7.404,0.0,10.4453125,0.84313965,0.0,0.0,0.0,0.0,0.0,0.87109375,0.8652344,75.03815,2.3437505,282.22736,295.15414,0.0,106.999985,99.90234,0.0,282.60782,280.8997,508.875,540.75,-3.6236281,404.375,0.0,440.0,79.82713,66.99998,186.47461,0.0,121.94,252.9375,0.4119873,-1.159668,68.24341,68.00079,2.6953125,122.08,122.0,120.51,120.07,0
368454.44,-0.95391905,2.3945441,1.5304829,1.6027068,100.196915,23.30828,13.652904,26.371498,410.86246,221.31346,26.88,2.799,5.36,16.88,24.845,0.0,96.4957,0.0,0.0,337.875,189.75,3839.0,0.0,-4.625,1.1217651,422.48965,19717.654,20000.502,1100.0834,517.93604,130.7294,118.987495,0.0,-1.3364022,4.0,94.72656,32.424454,-7.4999905,-8.2499895,7.412,0.0,10.4375,0.84228516,0.0,0.0,0.0,0.0,0.0,0.8652344,0.8671875,75.03815,2.3437505,281.97278,294.8399,0.0,106.999985,99.90234,0.0,282.32587,280.8997,508.875,540.75,-3.6801527,404.1875,0.0,440.0,79.82713,66.99998,186.56006,0.0,122.12,252.6875,0.39672852,-0.44250488,68.30444,68.77594,2.6757812,122.08,122.3,120.43,120.24,0
368454.47,-0.94313526,2.4015677,1.525592,1.6028341,100.19615,23.30828,13.652736,26.206427,410.99603,222.53876,26.88,2.838,5.36,16.88,24.845,0.0,96.44467,0.0,0.0,337.875,189.75,3859.0,0.0,-4.5390625,1.1276245,424.69525,19773.375,20000.502,1100.0834,517.93604,130.55984,118.309265,0.0,-1.3816216,4.0,94.096375,32.3399,-7.4999905,-8.2499895,7.4,0.0,10.4765625,0.8463135,0.0,0.0,0.0,0.0,0.0,0.8652344,0.8701172,75.03815,2.3437505,280.8342,294.53354,0.0,106.999985,99.90234,0.0,281.05725,280.8997,508.875,540.75,-3.725372,398.65625,0.0,439.875,79.82713,66.99998,186.22437,0.0,122.4,253.90625,0.39978027,0.79345703,68.00537,69.85016,2.6708984,122.58,122.53,121.0,120.64,0
368454.53,-0.9345082,2.3856273,1.5312266,1.6028764,100.195465,23.30828,13.664337,26.235394,409.01596,222.0979,26.88,2.878,5.36,16.88,24.845,0.0,96.403854,0.0,0.0,337.875,189.75,3870.0,0.0,-4.546875,1.1321411,426.40335,19829.096,20000.502,1100.0834,517.93604,130.55984,118.26688,0.0,-1.4177973,4.0,94.096375,32.263805,-7.4999905,-8.2499895,7.364,0.0,10.7421875,0.8466797,0.0,0.0,0.0,0.0,0.0,0.8613281,0.8720703,75.03815,2.3437505,281.03317,293.71753,0.0,106.999985,99.90234,0.0,281.27283,280.8997,508.875,540.75,-3.7615478,397.875,0.0,439.875,79.82713,66.99998,186.9873,0.0,122.75,254.0,0.38757324,-0.033569336,67.96875,68.98651,2.6757812,123.09,122.81,121.49,121.17,0
368454.56,-0.94760656,2.3605008,1.5339751,1.6029189,100.19485,23.30828,13.643161,26.316631,406.80435,221.01115,26.88,2.919,5.36,16.88,24.845,0.0,96.3712,0.0,0.0,338.625,189.75,3872.0,0.0,-4.59375,1.133728,427.00867,19854.568,20000.502,1100.0834,517.93604,130.22073,117.7582,0.0,-1.6029878,4.0,93.38684,32.19532,-7.4999905,-8.2499895,7.324,0.0,11.09375,0.84539795,0.0,0.0,0.0,0.0,0.0,0.8623047,0.8544922,75.03815,2.3437505,281.59253,293.74887,0.0,106.999985,99.90234,0.0,281.8781,280.8997,508.875,540.75,-3.9467382,398.34375,0.0,440.09375,79.82713,66.99998,187.18872,0.0,123.15,253.625,0.37231445,-0.49438477,68.06641,68.559265,2.6782227,122.95,123.23,121.49,121.36,0
368454.6,-0.95808524,2.3504503,1.534035,1.6030037,100.19429,23.30828,13.657635,26.211634,406.81445,221.92993,26.88,2.96,5.36,16.88,24.845,0.0,96.34508,0.0,0.0,334.5,190.125,3888.0,0.0,-4.609375,1.1397095,429.264,19794.602,20000.502,1100.0834,517.93604,133.37875,119.3902,0.0,-1.7511401,4.0,94.929504,32.133682,-7.124991,-7.87499,7.46,0.0,11.2421875,0.8499756,0.0,0.0,0.0,0.0,0.0,0.8642578,0.85546875,75.03815,2.3437505,280.86823,292.97772,0.0,106.999985,99.90234,0.0,281.2397,280.8997,508.875,540.75,-4.0948906,400.53125,0.0,439.875,79.82713,66.99998,187.43286,0.0,123.34,255.0,0.38452148,0.21972656,67.7124,68.925476,2.680664,123.51,123.69,121.95,121.58,0
368454.62,-0.94646823,2.34643,1.5379915,1.6030884,100.19379,23.30828,13.661906,26.275536,407.25024,223.0248,26.88,2.999,5.36,16.88,24.845,0.0,96.32419,0.0,0.0,336.0,190.125,3903.0,0.0,-4.703125,1.1411743,429.80298,19829.096,20000.502,1100.0834,517.93604,133.01845,119.07228,0.0,-1.8696618,4.0,94.7525,32.07821,-7.124991,-7.87499,7.416,0.0,10.984375,0.85705566,0.0,0.0,0.0,0.0,0.0,0.86035156,0.8564453,75.03815,2.3437505,281.3082,292.73874,0.0,106.999985,99.90234,0.0,281.59622,280.8997,509.25,540.75,-4.2134123,400.3125,0.0,439.78125,79.82713,66.99998,188.07983,0.0,123.67,257.125,0.38452148,-0.24414062,67.16919,67.94281,2.6782227,124.02,123.69,122.63,122.22,0
368454.7,-0.93717456,2.344822,1.5309435,1.6030884,100.19334,23.30828,13.659038,26.098417,407.28662,223.10187,26.88,3.038,5.36,16.88,24.845,0.0,96.307465,0.0,0.0,334.5,190.125,3904.0,0.0,-4.8046875,1.1464844,431.8013,19735.166,20000.502,1100.0834,517.93604,135.15912,119.45378,0.0,-1.8082294,4.0,95.24078,32.028282,-7.124991,-7.87499,7.444,0.0,11.03125,0.8473511,0.0,0.0,0.0,0.0,0.0,0.8574219,0.85839844,75.03815,2.3437505,280.08688,292.8342,0.0,106.999985,99.90234,0.0,280.51,280.8997,509.25,540.75,-4.15198,399.5,0.0,440.0,79.82713,66.99998,187.28027,0.0,124.2,254.21875,0.42419434,0.5157471,67.90161,69.49921,2.668457,124.11,124.21,122.72,122.27,0
368454.72,-0.9297396,2.3441787,1.5425534,1.603258,100.19293,23.30828,13.657029,26.18415,407.16846,224.35114,26.88,3.078,5.36,16.88,24.845,0.0,96.2941,0.0,0.0,335.25,190.125,3927.0,0.0,-4.8046875,1.1500244,433.15286,19811.584,20000.502,1100.0834,517.93604,135.54062,119.85648,0.0,-1.9153333,4.0,95.425415,31.983349,-7.124991,-7.87499,7.384,0.0,11.6796875,0.8577881,0.0,0.0,0.0,0.0,0.0,0.8564453,0.86035156,75.03815,2.3437505,280.67743,291.79657,0.0,106.999985,99.90234,0.0,280.9909,280.8997,509.25,540.75,-4.2590837,398.28125,0.0,439.875,79.82713,66.99998,188.56201,0.0,124.46,257.34375,0.43029785,-0.36010742,67.08374,67.80548,2.6708984,124.39,124.64,122.86,122.45,0
368454.75,-0.92379165,2.3439214,1.5345558,1.6031733,100.192566,23.30828,13.632186,26.071941,407.8905,224.34836,26.88,3.12,5.36,16.88,24.845,0.0,96.2834,0.0,0.0,333.75,190.125,3920.0,0.0,-4.7265625,1.158081,435.68182,19841.832,20000.502,1100.0834,517.93604,133.52711,117.69462,0.0,-2.0010166,4.0,94.44733,31.94291,-7.124991,-7.87499,7.436,0.0,11.796875,0.83636475,0.0,0.0,0.0,0.0,0.0,0.85253906,0.85839844,75.03815,2.3437505,279.90363,291.99887,0.0,106.999985,99.90234,0.0,279.913,280.8997,509.25,540.75,-4.344767,399.03125,0.0,440.0,79.82713,66.99998,187.75024,0.0,124.76,250.90625,0.47302246,1.260376,68.75,71.110535,2.6733398,124.72,124.55,123.46,123.09,0
368454.78,-0.9190333,2.3438187,1.5441599,1.6033003,100.19224,23.30828,13.644093,26.1605,407.98682,225.20277,26.88,3.158,5.36,16.88,24.845,0.0,95.97409,0.0,0.0,334.125,190.125,3934.0,0.0,-4.6796875,1.1602173,436.48615,19850.322,20000.502,1100.0834,517.93604,135.90094,119.45378,0.0,-2.069563,4.0,95.60089,31.906513,-7.124991,-7.87499,7.396,0.0,11.6640625,0.8446655,0.0,0.0,0.0,0.0,0.0,0.8544922,0.86035156,75.03815,2.3437505,280.5137,290.87717,0.0,106.999985,99.90234,0.0,280.87485,280.8997,509.25,540.75,-4.4133134,398.15625,0.0,439.875,79.82713,66.99998,188.98926,0.0,124.93,253.40625,0.4638672,-0.036621094,68.09082,69.200134,2.680664,125.25,125.02,123.65,123.37,0
368454.84,-0.9352266,2.3062775,1.5480133,1.6033003,100.19194,23.30828,13.652427,26.259878,403.2066,222.90361,26.88,3.199,5.36,16.88,24.845,0.0,95.72664,0.0,0.0,333.0,190.125,3940.0,0.0,-4.640625,1.1636963,437.79623,19781.865,20000.502,1100.0834,517.93604,136.68513,119.15706,0.0,-2.1244001,4.0,95.858765,31.873756,-7.124991,-7.87499,7.44,0.0,11.625,0.84277344,0.0,0.0,0.0,0.0,0.0,0.8544922,0.8613281,75.03815,2.3437505,281.19843,290.74564,0.0,106.999985,99.90234,0.0,281.5216,280.8997,509.25,540.75,-4.4681506,393.28125,0.0,440.0,79.82713,66.99998,189.55688,0.0,125.29,252.84375,0.4638672,-0.27160645,68.237305,69.08722,2.6708984,125.25,125.5,123.74,123.46,0
368454.88,-0.9481813,2.272511,1.544684,1.6034698,100.1925,23.30828,13.646543,26.03083,400.98022,223.24814,26.88,3.238,5.36,16.88,24.845,0.0,95.52868,0.0,0.0,334.5,190.5,3968.0,0.0,-4.609375,1.1708984,441.00513,19875.795,20000.502,1100.0834,517.93604,137.57532,120.1956,0.0,-2.16827,4.0,95.75348,31.844276,-6.7499914,-7.4999905,7.364,0.0,11.34375,0.85162354,0.0,0.0,0.0,0.0,0.0,0.8564453,0.8457031,75.03815,2.3437505,279.62018,289.767,0.0,106.999985,99.90234,0.0,279.5896,280.8997,509.25,540.75,-4.5120206,395.5625,0.0,440.0,79.82713,66.99998,189.2395,0.0,125.72,255.5,0.5371094,2.2979736,67.51099,71.00372,2.6660156,125.88,125.97,124.34,124.02,0
368454.9,-0.938545,2.2777545,1.5528373,1.6035123,100.193,23.30828,13.642424,26.188417,403.7175,224.99872,26.88,3.279,5.36,16.88,24.845,0.0,95.37031,0.0,0.0,329.625,190.5,3972.0,0.0,-4.734375,1.1726685,441.6685,19956.988,20000.502,1100.0834,517.93604,138.42311,121.91238,0.0,-2.2033658,4.0,96.16394,31.817743,-6.7499914,-7.4999905,7.56,0.0,11.9296875,0.85510254,0.0,0.0,0.0,0.0,0.0,0.85058594,0.8457031,75.03815,2.3437505,280.7069,289.46155,0.0,106.999985,99.90234,0.0,281.1153,280.8997,509.625,540.75,-4.5471163,396.1875,0.0,440.0,79.82713,66.99998,190.14893,0.0,126.03,256.53125,0.5554199,-0.47302246,67.22412,67.99469,2.6782227,126.22,125.93,124.68,124.39,0
368454.94,-0.93083596,2.2986019,1.551355,1.6035547,100.19345,23.30828,13.63368,26.176702,406.06964,226.53752,26.88,3.319,5.36,16.88,24.845,0.0,95.243614,0.0,0.0,330.375,190.5,3976.0,0.0,-4.8671875,1.1790771,444.08966,19854.568,20000.502,1100.0834,517.93604,139.3133,121.55207,0.0,-2.2314425,4.0,96.59424,31.793865,-6.7499914,-7.4999905,7.512,0.0,12.453125,0.8461304,0.0,0.0,0.0,0.0,0.0,0.84472656,0.84765625,75.03815,2.3437505,280.62662,289.73572,0.0,106.999985,99.90234,0.0,280.9909,280.8997,509.625,540.75,-4.575193,395.28125,0.0,439.875,79.82713,66.99998,190.24658,0.0,126.28,253.84375,0.56762695,0.076293945,67.95044,69.27643,2.6733398,126.32,126.35,124.68,124.39,0
368455.0,-0.9046688,2.3256907,1.5574598,1.6036395,100.19303,23.30828,13.63342,26.159555,408.6136,228.98872,26.88,3.359,5.36,16.88,24.845,0.0,95.14226,0.0,0.0,330.0,190.5,3994.0,0.0,-4.96875,1.182312,444.7862,19923.025,20000.502,1100.0834,517.93604,138.61386,121.36131,0.0,-2.2539039,4.0,96.25549,31.772373,-6.7499914,-7.4999905,7.516,0.0,12.21875,0.8535156,0.0,0.0,0.0,0.0,0.0,0.84375,0.8486328,75.03815,2.3437505,280.508,288.47986,0.0,106.999985,99.90234,0.0,280.83337,280.8997,509.625,541.125,-4.5976543,394.28125,0.0,439.875,79.82713,66.99998,190.49072,0.0,126.5,256.0625,0.60424805,0.22583008,67.32788,68.93158,2.6660156,126.51,126.81,125.25,124.78,0
368455.03,-0.84373504,2.3177764,1.5498283,1.6036818,100.19266,23.30828,13.627378,26.034779,406.6924,228.36859,26.88,3.399,5.36,16.88,24.845,0.0,95.06117,0.0,0.0,329.25,190.875,4002.0,0.0,-4.9765625,1.1881104,446.9752,19972.908,20000.502,1100.0834,517.93604,137.68129,120.95861,0.0,-2.428123,4.0,95.26062,31.75303,-6.7499914,-7.124991,7.504,0.0,11.7578125,0.84906006,0.0,0.0,0.0,0.0,0.0,0.83984375,0.8486328,75.03815,2.3437505,279.64755,289.02023,0.0,106.999985,99.90234,0.0,279.77203,280.8997,509.625,541.125,-4.7718735,394.0625,0.0,440.0,79.82713,66.99998,190.31982,0.0,126.99,254.71875,0.6652832,1.1688232,67.68799,70.28961,2.6757812,127.15,126.89,125.78,125.35,0
368455.06,-0.77498806,2.3146107,1.553177,1.6036395,100.19314,23.30828,13.629008,26.141638,406.75192,228.80153,26.88,3.439,5.36,16.88,24.845,0.0,94.84593,0.0,0.0,328.875,191.25,4009.0,0.0,-5.0546875,1.1917114,447.81268,19901.797,20000.502,1100.0834,518.20135,138.52908,121.001,0.0,-2.5674982,4.0,95.669556,31.660435,-6.7499914,-6.7499914,7.492,0.0,12.0,0.8488159,0.0,0.0,0.0,0.0,0.0,0.84375,0.8496094,75.03815,2.3437505,280.3846,289.19333,0.0,106.999985,99.90234,0.0,280.67584,280.8997,509.625,541.125,-4.9112487,397.625,0.0,440.09375,79.82713,66.99998,190.75928,0.0,127.21,254.65625,0.67749023,-0.13427734,67.7063,69.02313,2.6733398,127.64,127.39,125.93,125.5,0
368455.1,-0.7199905,2.3320942,1.563194,1.603597,100.19357,23.30828,13.647728,26.247454,409.2875,231.2615,26.88,3.478,5.36,16.88,24.845,0.0,94.67374,0.0,0.0,329.25,191.25,4027.0,0.0,-4.9765625,1.1947632,448.9652,19833.342,20000.502,1100.0834,518.20135,139.52524,120.789055,0.0,-2.6789985,4.0,96.15021,31.577099,-6.7499914,-6.7499914,7.464,0.0,12.0703125,0.85113525,0.0,0.0,0.0,0.0,0.0,0.84472656,0.85058594,75.05951,2.3437505,281.1144,288.1689,0.0,106.999985,99.90234,0.0,281.39722,280.8997,509.625,541.125,-5.022749,397.3125,0.0,439.875,79.82713,66.99998,191.38184,0.0,127.58,255.34375,0.68359375,-0.05493164,67.49878,68.87665,2.6660156,127.55,127.89,126.02,125.88,0
368455.16,-0.6959924,2.3578377,1.5584526,1.6035123,100.19396,23.30828,13.631535,26.203335,411.99847,233.25577,26.88,3.519,5.36,16.88,24.845,0.0,94.53598,0.0,0.0,327.375,191.625,4035.0,0.0,-4.9375,1.2036743,451.79272,19739.412,20000.502,1100.0834,518.20135,141.66591,121.043396,0.0,-2.768199,4.0,97.02759,31.502094,-6.374992,-6.374992,7.52,0.0,12.5234375,0.8477173,0.0,0.0,0.0,0.0,0.0,0.84472656,0.8496094,75.05951,2.3437505,280.8107,288.5686,0.0,106.999985,99.90234,0.0,281.27283,280.8997,510.0,541.125,-5.1119494,400.875,0.0,439.875,79.82713,66.99998,191.89453,0.0,128.03,254.3125,0.692749,-0.23498535,67.77954,69.00482,2.6782227,128.0,128.14,126.71,126.32,0
368455.2,-0.67679393,2.3681352,1.5541623,1.6034274,100.19349,23.30828,13.643637,26.138668,412.08398,234.40277,26.88,3.558,5.36,16.88,24.845,0.0,94.42577,0.0,0.0,326.25,191.625,4054.0,0.0,-4.875,1.2070312,453.06134,19961.232,20000.502,1100.0834,518.73206,139.86436,120.789055,0.0,-2.839559,4.0,96.15936,31.434593,-6.374992,-6.374992,7.572,0.0,12.75,0.85406494,0.0,0.0,0.0,0.0,0.0,0.84765625,0.85058594,75.05951,2.3437505,280.36447,288.9751,0.0,106.999985,99.90234,0.0,280.67584,280.8997,510.0,541.125,-5.1833096,400.53125,0.0,439.875,79.82713,66.99998,191.74805,0.0,128.3,256.21875,0.72631836,0.20446777,67.211914,68.90411,2.668457,128.65,128.24,126.85,126.65,0
368455.22,-0.6614352,2.391004,1.5526333,1.6034274,100.19307,23.30828,13.652108,26.104729,414.4795,235.59091,26.88,3.6,5.36,16.88,24.845,0.0,94.33761,0.0,0.0,327.75,191.625,4051.0,0.0,-4.75,1.2113647,454.16415,19787.172,20000.502,1100.0834,518.73206,140.86052,119.60215,0.0,-2.8966475,4.0,96.640015,31.37384,-6.374992,-6.374992,7.5,0.0,12.671875,0.8442383,0.0,0.0,0.0,0.0,0.0,0.84375,0.85058594,75.09308,2.3437505,280.13013,288.9701,0.0,106.999985,99.90234,0.0,280.4105,280.8997,510.375,540.75,-5.240398,400.4375,0.0,440.0,79.82713,66.99998,191.68091,0.0,128.74,253.28125,0.7385254,0.28686523,68.07251,69.86542,2.6708984,128.9,128.84,127.0,126.65,0
368455.25,-0.6291481,2.4001517,1.5478169,1.6033428,100.19269,23.30828,13.646319,26.024471,414.76352,236.74168,26.88,3.638,5.36,16.88,24.845,0.0,94.267075,0.0,0.0,327.75,191.625,4068.0,0.0,-4.75,1.2159424,455.35815,19914.004,20000.502,1100.0834,519.2627,139.92795,119.55976,0.0,-3.098568,4.0,96.03729,31.319164,-6.374992,-6.374992,7.484,0.0,12.6484375,0.84820557,0.0,0.0,0.0,0.0,0.0,0.8457031,0.85253906,75.09308,2.3437505,279.57654,289.21646,0.0,106.999985,99.90234,0.0,279.68082,280.8997,510.375,540.75,-5.4423184,399.84375,0.0,439.875,79.82713,66.99998,191.46118,0.0,129.01,254.46875,0.77819824,1.1383057,67.7124,70.39642,2.680664,128.95,129.31,127.45,127.15,0
368455.3,-0.60331845,2.4038107,1.5482748,1.6033003,100.192345,23.30828,13.653986,26.016874,415.07773,237.73639,26.88,3.678,5.36,16.88,24.845,0.0,94.21065,0.0,0.0,327.75,191.625,4082.0,0.0,-4.7109375,1.2191772,456.0381,20090.717,20000.502,1100.0834,519.2627,138.14758,119.70812,0.0,-3.1038542,4.0,95.17975,31.269955,-6.374992,-6.374992,7.46,0.0,12.6875,0.8502197,0.0,0.0,0.0,0.0,0.0,0.8466797,0.8535156,75.1358,2.3437505,279.52383,289.19052,0.0,106.999985,99.90234,0.0,279.85495,280.8997,510.375,540.75,-5.4476047,399.65625,0.0,440.09375,79.82713,66.99998,191.80298,0.0,129.42,255.0625,0.78430176,0.7293701,67.52319,69.810486,2.6660156,129.62,129.51,127.85,127.64,0
368455.38,-0.5826548,2.3865244,1.5508258,1.603258,100.19204,23.30828,13.635915,26.080828,412.74448,236.7475,26.88,3.718,5.36,16.88,24.845,0.0,94.16551,0.0,0.0,328.875,191.625,4088.0,0.0,-4.671875,1.2235107,458.17737,19963.355,20000.502,1100.0834,519.2627,138.31714,118.50002,0.0,-3.2643332,4.0,95.26062,31.225666,-6.374992,-6.374992,7.396,0.0,12.2734375,0.8475952,0.0,0.0,0.0,0.0,0.0,0.84765625,0.83496094,75.1358,2.3437505,279.96436,288.9806,0.0,106.999985,99.90234,0.0,280.04565,280.8997,510.375,540.75,-5.6080837,399.4375,0.0,440.0,79.82713,66.99998,192.21191,0.0,129.7,254.28125,0.7873535,0.50964355,67.75513,69.81964,2.6757812,130.02,129.62,128.14,127.74,0
368455.4,-0.6061238,2.3796098,1.5489901,1.6031733,100.19259,23.30828,13.646703,26.06867,412.74945,238.08237,26.88,3.758,5.36,16.88,24.845,0.0,94.1294,0.0,0.0,324.75,192.0,4111.0,0.0,-4.7578125,1.2255859,459.47916,20090.717,20000.502,1100.0834,520.0587,140.60617,122.16672,0.0,-3.3927164,4.0,96.2204,31.185806,-5.9999924,-5.9999924,7.552,0.0,12.21875,0.85998535,0.0,0.0,0.0,0.0,0.0,0.85058594,0.83496094,75.1358,2.3437505,279.8811,289.3441,0.0,106.999985,99.90234,0.0,280.12857,280.8997,510.75,540.75,-5.736467,402.9375,0.0,439.78125,79.82713,66.99998,192.67578,0.0,129.98,258.0,0.79956055,-0.46081543,66.61987,67.69562,2.6660156,130.02,130.28,128.18,128.04,0
368455.44,-0.644899,2.376844,1.5456512,1.6031307,100.19308,23.30828,13.642535,25.980556,413.13022,238.41794,26.88,3.799,5.36,16.88,24.845,0.0,94.10051,0.0,0.0,324.75,192.0,4113.0,0.0,-4.765625,1.2286987,460.64832,20046.672,20000.502,1100.0834,520.0587,141.03008,122.12433,0.0,-3.3391733,4.0,96.424866,31.149933,-5.9999924,-5.9999924,7.516,0.0,12.28125,0.8605957,0.0,0.0,0.0,0.0,0.0,0.8408203,0.83496094,75.18463,2.3437505,279.27423,289.31802,0.0,106.999985,99.90234,0.0,279.714,280.8997,510.75,540.75,-5.682924,402.71875,0.0,440.0,79.82713,66.99998,192.10205,0.0,130.35,258.1875,0.8331299,0.5157471,66.552734,68.63861,2.6757812,130.38,130.59,128.8,128.44,0
368455.5,-0.6559192,2.3944876,1.5465683,1.6031733,100.192696,23.30828,13.645477,26.005753,416.12756,239.62221,26.88,3.839,5.36,16.88,24.845,0.0,93.927025,0.0,0.0,324.75,192.0,4104.0,0.0,-4.7578125,1.2321777,460.89706,19987.236,20000.502,1100.0834,520.58936,140.77573,121.234146,0.0,-3.2963386,4.0,96.302795,31.117645,-5.9999924,-5.9999924,7.528,0.0,12.1953125,0.84954834,0.0,0.0,0.0,0.0,0.0,0.83984375,0.8359375,75.18463,2.3437505,279.4475,289.26724,0.0,106.999985,99.90234,0.0,279.5399,280.8997,510.75,540.75,-5.640089,402.9375,0.0,440.0,79.82713,66.99998,192.12646,0.0,130.74,254.875,0.8300781,0.76904297,67.559814,69.92035,2.6660156,130.91,130.65,129.31,128.95,0
368455.53,-0.6447354,2.382795,1.53818,1.603046,100.19235,23.30828,13.647537,25.890268,413.4261,240.03888,26.88,3.878,5.36,16.88,24.845,0.0,93.78824,0.0,0.0,324.375,192.0,4138.0,0.0,-4.671875,1.2406006,463.52554,20090.717,20000.502,1100.0834,520.58936,139.50404,121.17056,0.0,-3.2620707,4.0,95.536804,31.088589,-5.9999924,-5.9999924,7.52,0.0,12.296875,0.8580322,0.0,0.0,0.0,0.0,0.0,0.8378906,0.83691406,75.21973,2.3437505,278.65115,290.0218,0.0,106.999985,99.90234,0.0,279.0755,280.8997,510.75,540.75,-5.605821,402.03125,0.0,440.0,79.82713,66.99998,192.0105,0.0,130.84,257.40625,0.869751,1.2542725,66.74194,69.60907,2.6733398,131.42,131.12,129.46,129.05,0
368455.56,-0.6557883,2.359368,1.5378003,1.603046,100.19204,23.30828,13.63726,25.893559,411.52704,238.7053,26.88,3.919,5.36,16.88,24.845,0.0,93.67721,0.0,0.0,324.0,192.0,4134.0,0.0,-4.5703125,1.2446289,465.02634,20046.672,20000.502,1100.0834,520.58936,139.01657,120.1956,0.0,-3.2346563,4.0,95.30182,31.062435,-5.9999924,-5.9999924,7.516,0.0,12.4375,0.8488159,0.0,0.0,0.0,0.0,0.0,0.8388672,0.8359375,75.21973,2.3437505,278.67352,289.8982,0.0,106.999985,99.90234,0.0,278.94284,280.8997,511.125,540.75,-5.578407,401.9375,0.0,440.0,79.82713,66.99998,192.48047,0.0,131.42,254.65625,0.89416504,0.1586914,67.60254,69.41681,2.6611328,131.27,131.59,129.71,129.46,0
368455.6,-0.68463063,2.3499973,1.5427877,1.6030037,100.19259,23.30828,13.630067,25.948904,411.8703,239.25116,26.88,3.959,5.36,16.88,24.845,0.0,93.58838,0.0,0.0,324.0,192.0,4140.0,0.0,-4.6015625,1.2442627,464.363,20050.916,20000.502,1100.0834,519.2627,140.41542,121.67924,0.0,-3.2127252,4.0,95.97626,31.038898,-5.9999924,-5.9999924,7.528,0.0,13.125,0.8529053,0.0,0.0,0.0,0.0,0.0,0.83984375,0.83691406,75.21973,2.3437505,279.05557,289.50217,0.0,106.999985,99.90234,0.0,279.5896,280.8997,511.125,540.75,-5.5564756,401.9375,0.0,440.0,79.82713,66.99998,192.55981,0.0,131.69,255.875,0.93688965,0.24719238,67.21802,69.17572,2.6782227,131.42,131.8,130.28,129.87,0
368455.66,-0.70770454,2.364999,1.547088,1.6029189,100.19308,23.30828,13.63675,26.097395,414.3614,242.03543,26.88,3.999,5.36,16.88,24.845,0.0,93.51732,0.0,0.0,323.625,192.375,4163.0,0.0,-4.625,1.251648,467.12418,20002.625,20000.502,1100.0834,519.2627,141.28441,122.060745,0.0,-3.19518,4.0,96.24176,31.017715,-5.624993,-5.624993,7.528,0.0,13.15625,0.85198975,0.0,0.0,0.0,0.0,0.0,0.83691406,0.83691406,75.14343,2.3437505,280.0796,289.8871,0.0,106.999985,99.90234,0.0,280.43536,280.8997,511.125,540.75,-5.5389304,405.59375,0.0,440.0,79.82713,66.99998,192.82837,0.0,132.0,255.59375,0.95214844,0.7598877,67.28516,69.77081,2.6660156,132.17,131.86,130.7,130.28,0
368455.7,-0.7461636,2.3334997,1.5430828,1.6028764,100.19435,23.30828,13.62385,26.05817,409.6256,239.61401,26.88,4.039,5.36,16.88,24.845,0.0,93.46047,0.0,0.0,322.875,192.375,4169.0,0.0,-4.53125,1.2572632,469.21368,20007.402,20000.502,1100.0834,520.0587,141.41158,122.2303,0.0,-3.1811438,4.0,96.302795,30.99865,-5.624993,-5.624993,7.528,0.0,13.03125,0.85131836,0.0,0.0,0.0,0.0,0.0,0.83691406,0.82910156,75.14343,2.3437505,279.8105,290.30865,0.0,106.999985,99.90234,0.0,280.22806,280.8997,511.125,540.75,-5.524894,405.0625,0.0,440.09375,79.82713,66.99998,193.34106,0.0,132.29,255.40625,0.9918213,-0.17089844,67.333984,68.922424,2.6757812,132.77,132.33,130.75,130.38,0
368455.72,-0.7969309,2.3209,1.5431232,1.6028341,100.195496,23.30828,13.626538,26.039782,409.8101,240.58446,26.88,4.078,5.36,16.88,24.845,0.0,93.41499,0.0,0.0,321.0,192.375,4184.0,0.0,-4.453125,1.262085,471.02127,20038.18,20000.502,1100.0834,520.0587,141.41158,122.61181,0.0,-3.1699152,4.0,96.302795,30.981491,-5.624993,-5.624993,7.568,0.0,12.96875,0.8533325,0.0,0.0,0.0,0.0,0.0,0.8378906,0.82910156,75.18463,2.3437505,279.68488,290.09296,0.0,106.999985,99.90234,0.0,280.15344,280.8997,511.5,540.375,-5.5136657,404.6875,0.0,440.09375,79.82713,66.99998,193.59741,0.0,132.64,256.0,1.0284424,0.14648438,67.126465,69.07501,2.668457,132.69,133.09,131.06,130.75,0
368455.75,-0.8175447,2.33461,1.5402625,1.6027492,100.196526,23.30828,13.616702,26.014341,412.6131,243.2721,26.88,4.118,5.36,16.88,24.845,0.0,93.37861,0.0,0.0,321.375,192.375,4202.0,0.0,-4.3125,1.2677002,473.1191,20094.963,20000.502,1100.0834,520.0587,140.64856,122.484634,0.0,-3.160932,4.0,95.78247,30.96605,-5.624993,-5.624993,7.572,0.0,13.015625,0.8545532,0.0,0.0,0.0,0.0,0.0,0.8339844,0.82910156,75.18463,2.3437505,279.51056,290.4286,0.0,106.999985,99.90234,0.0,279.9959,280.8997,511.5,540.375,-5.5046825,400.0625,0.0,440.0,79.82713,66.99998,193.7378,0.0,133.12,256.375,1.05896,0.44555664,66.99219,69.270325,2.6757812,132.98,133.32,131.74,131.38,0
368455.8,-0.83403575,2.358844,1.5399756,1.6027068,100.19829,23.30828,13.621535,26.000416,415.15042,245.00107,26.88,4.158,5.36,16.88,24.845,0.0,93.3495,0.0,0.0,321.0,192.375,4206.0,0.0,-4.1953125,1.2712402,474.4375,20007.402,20000.502,1100.0834,520.85474,141.58113,122.484634,0.0,-3.1537457,4.0,96.23108,30.952152,-5.624993,-5.624993,7.556,0.0,13.0703125,0.8508301,0.0,0.0,0.0,0.0,0.0,0.8330078,0.82910156,75.18463,2.3437505,279.41632,290.2855,0.0,106.999985,99.90234,0.0,279.95444,280.8997,511.875,540.375,-5.497496,399.6875,0.0,440.09375,79.82713,66.99998,193.7439,0.0,133.56,255.25,1.0986328,0.5584717,67.352295,69.78912,2.680664,133.91,133.46,131.8,131.59,0
368455.84,-0.84722865,2.3685377,1.5365691,1.6026222,100.199875,23.30828,13.636637,25.971699,415.05396,245.64299,26.88,4.199,5.36,16.88,24.845,0.0,93.32622,0.0,0.0,320.625,192.75,4218.0,0.0,-3.796875,1.2755737,476.05438,20075.857,20000.502,1100.0834,520.85474,140.98769,122.633,0.0,-3.1479964,4.0,95.94574,30.939644,-5.2499933,-5.2499933,7.552,0.0,12.890625,0.8530884,0.0,0.0,0.0,0.0,0.0,0.83496094,0.82910156,75.23346,2.3437505,279.21997,290.82126,0.0,106.999985,99.90234,0.0,279.68082,280.8997,511.875,540.0,-5.491747,403.53125,0.0,440.09375,79.82713,66.99998,194.0857,0.0,133.77,255.9375,1.1169434,0.5645752,67.11426,69.5755,2.6660156,134.12,133.74,132.12,131.65,0
368455.88,-0.8977829,2.372415,1.5355402,1.6026222,100.20047,23.30828,13.617911,26.003323,415.46387,246.23535,26.88,4.239,5.36,16.88,24.845,0.0,93.006836,0.0,0.0,319.875,192.75,4224.0,0.0,-3.6875,1.2770996,476.61823,20026.506,20000.502,1100.0834,521.12006,142.02623,123.24765,0.0,-3.1433973,4.0,96.302795,30.928387,-5.2499933,-5.2499933,7.572,0.0,12.40625,0.85479736,0.0,0.0,0.0,0.0,0.0,0.83203125,0.82128906,75.23346,2.3437505,279.43854,291.15085,0.0,106.999985,99.90234,0.0,279.913,280.8997,511.875,539.625,-5.487148,403.3125,0.0,440.0,79.82713,66.99998,193.93921,0.0,134.08,256.4375,1.1291504,0.43029785,66.94336,69.27643,2.680664,133.95,134.29,132.41,132.12,0
368455.9,-0.9782263,2.3739662,1.5359855,1.6025797,100.201004,23.30828,13.628241,25.99734,415.8452,247.21988,26.88,4.278,5.36,16.88,24.845,0.0,92.751335,0.0,0.0,317.625,192.75,4237.0,0.0,-3.6953125,1.2815552,478.28485,20109.82,20000.502,1100.0834,521.12006,141.47516,123.73513,0.0,-3.139718,4.0,96.03729,30.918255,-5.2499933,-5.2499933,7.624,0.0,12.4453125,0.85687256,0.0,0.0,0.0,0.0,0.0,0.8330078,0.8203125,75.26245,2.3437505,279.39783,290.99606,0.0,106.999985,99.90234,0.0,279.85495,280.8997,511.875,539.625,-5.4834685,402.5,0.0,439.875,79.82713,66.99998,194.25659,0.0,134.41,257.0625,1.1413574,0.4638672,66.71753,69.09027,2.6757812,134.29,134.67,133.09,132.65,0
368455.97,-1.022581,2.3558364,1.5350232,1.6025374,100.201485,23.30828,13.617893,26.035076,413.6898,246.22873,26.88,4.32,5.36,16.88,24.845,0.0,92.546936,0.0,0.0,318.375,192.75,4242.0,0.0,-3.671875,1.2870483,479.78568,19992.543,20000.502,1100.0834,521.12006,143.10716,124.13783,0.0,-3.1367745,4.0,96.82312,30.909138,-5.2499933,-5.2499933,7.632,0.0,12.4765625,0.8514404,0.0,0.0,0.0,0.0,0.0,0.82910156,0.82128906,75.26245,2.3437505,279.65842,291.46048,0.0,106.999985,99.90234,0.0,280.1866,280.8997,512.25,539.625,-5.480525,402.53125,0.0,439.78125,79.82713,66.99998,194.53125,0.0,134.88,255.4375,1.1535645,0.3265381,67.25464,69.50836,2.6708984,134.93,134.61,133.25,132.92,0
368456.0,-1.0780648,2.3485847,1.5325605,1.6024525,100.20109,23.30828,13.61065,26.013315,413.53876,247.2993,26.88,4.358,5.36,16.88,24.845,0.0,92.383415,0.0,0.0,317.25,192.75,4262.0,0.0,-3.78125,1.2962646,482.6712,20038.18,20000.502,1100.0834,521.9161,142.11101,123.60796,0.0,-3.1344194,4.0,96.18988,30.900932,-5.2499933,-5.2499933,7.616,0.0,12.484375,0.8477783,0.0,0.0,0.0,0.0,0.0,0.82714844,0.82128906,75.268555,2.3437505,279.50803,291.86826,0.0,106.999985,99.90234,0.0,279.77203,280.8997,512.25,539.625,-5.47817,397.5625,0.0,439.875,79.82713,66.99998,194.81201,0.0,135.02,254.34375,1.1627197,0.61950684,67.614746,70.17059,2.6831055,135.58,135.22,133.52,133.03,0
368456.03,-1.1624519,2.3456838,1.5309602,1.6024101,100.20073,23.30828,13.617299,25.964018,413.63657,247.93817,26.88,4.398,5.36,16.88,24.845,0.0,92.252594,0.0,0.0,316.5,192.75,4272.0,0.0,-3.890625,1.300293,484.1803,20036.059,20000.502,1100.0834,521.9161,142.21698,123.8411,0.0,-2.9762855,4.0,96.24176,30.893547,-5.2499933,-5.2499933,7.636,0.0,12.625,0.8467407,0.0,0.0,0.0,0.0,0.0,0.828125,0.82128906,75.31738,2.3437505,279.16788,291.75156,0.0,106.999985,99.90234,0.0,279.63107,280.8997,512.625,540.0,-5.320036,397.28125,0.0,440.0,79.82713,66.99998,194.83032,0.0,135.56,254.03125,1.184082,0.93078613,67.718506,70.606995,2.6733398,135.67,135.9,133.7,133.25,0
368456.06,-1.2499615,2.3445234,1.5308262,1.602283,100.20124,23.30828,13.621953,25.986206,413.90482,249.9574,26.88,4.44,5.36,16.88,24.845,0.0,92.14794,0.0,0.0,317.25,193.125,4304.0,0.0,-3.84375,1.3063354,486.42737,20109.82,20000.502,1100.0834,522.7121,142.61967,125.15518,0.0,-2.8497782,4.0,96.28296,30.81171,-4.874994,-4.874994,7.612,0.0,13.125,0.852478,0.0,0.0,0.0,0.0,0.0,0.82714844,0.81347656,75.31738,2.3437505,279.32132,292.02322,0.0,106.999985,99.90234,0.0,279.913,280.8997,512.625,540.0,-5.1935287,400.125,0.0,439.78125,79.82713,66.99998,195.58716,0.0,136.14,255.75,1.1962891,0.42114258,67.10205,69.49921,2.6708984,136.28,136.73,134.33,133.91,0
368456.12,-1.2799692,2.3253095,1.5260314,1.6021982,100.2017,23.30828,13.625211,25.842306,411.41135,248.91339,26.88,4.479,5.36,16.88,24.845,0.0,92.06422,0.0,0.0,313.875,193.125,4312.0,0.0,-3.5625,1.3148193,489.58652,20129.457,20000.502,1100.0834,522.7121,140.96649,124.37097,0.0,-2.7485723,4.0,95.484924,30.738058,-4.874994,-4.874994,7.68,0.0,13.34375,0.84924316,0.0,0.0,0.0,0.0,0.0,0.8251953,0.81347656,75.36621,2.3437505,278.3299,291.767,0.0,106.999985,99.90234,0.0,278.6775,280.8997,513.0,539.625,-5.092323,399.78125,0.0,440.09375,79.82713,66.99998,195.08667,0.0,136.62,254.78125,1.2756348,2.7801514,67.42554,72.254944,2.6757812,136.41,136.13,134.63,133.91,0
368456.16,-1.3239753,2.3363738,1.5307562,1.6023254,100.20211,23.30828,13.598194,25.930584,414.18256,249.36963,26.88,4.518,5.36,16.88,24.845,0.0,91.99724,0.0,0.0,315.75,193.125,4291.0,0.0,-3.4609375,1.3079834,487.03265,20041.365,20000.502,1100.0834,522.7121,142.25937,125.11279,0.0,-2.6676078,4.0,96.10901,30.67177,-4.874994,-4.874994,7.648,0.0,12.84375,0.8498535,0.0,0.0,0.0,0.0,0.0,0.82128906,0.80566406,75.36621,2.3437505,278.9388,291.552,0.0,106.999985,99.90234,0.0,279.3989,280.8997,513.0,539.625,-5.0113583,400.25,0.0,440.0,79.82713,66.99998,194.98901,0.0,136.29,254.96875,1.3214111,0.36621094,67.37671,69.83795,2.6855469,136.73,136.23,134.67,134.01,0
368456.2,-1.3791802,2.3407996,1.5284529,1.6021982,100.203316,23.30828,13.60272,25.914602,414.41174,250.67055,26.88,4.56,5.36,16.88,24.845,0.0,91.94366,0.0,0.0,311.625,193.125,4311.0,0.0,-3.546875,1.3091431,488.02768,20143.785,20000.502,1100.0834,522.7121,142.28056,126.61762,0.0,-2.6028361,4.0,96.118164,30.612112,-4.874994,-4.874994,7.78,0.0,12.7265625,0.861145,0.0,0.0,0.0,0.0,0.0,0.8232422,0.8046875,75.36621,2.3437505,278.82983,291.776,0.0,106.999985,99.90234,0.0,279.35745,280.8997,512.625,539.625,-4.9465866,399.34375,0.0,439.875,79.82713,66.99998,195.41016,0.0,136.67,258.34375,1.348877,0.98876953,66.16821,69.27948,2.680664,136.93,136.82,134.89,134.48,0
368456.22,-1.4233441,2.3238199,1.5311646,1.6021982,100.2044,23.30828,13.6234665,25.979242,412.6741,250.1985,26.88,4.6,5.36,16.88,24.845,0.0,91.90079,0.0,0.0,311.625,193.125,4321.0,0.0,-3.71875,1.3167114,490.28302,20070.55,20000.502,1100.0834,522.7121,142.81044,126.44806,0.0,-2.5510187,4.0,96.2204,30.558418,-4.874994,-4.874994,7.784,0.0,12.3125,0.8554077,0.0,0.0,0.0,0.0,0.0,0.81640625,0.80371094,75.37384,2.3437505,279.2765,291.82425,0.0,106.999985,99.90234,0.0,279.77203,280.8997,513.0,539.625,-4.894769,398.96875,0.0,439.875,79.82713,66.99998,196.14258,0.0,137.02,256.625,1.3702393,0.32958984,66.75415,69.2276,2.6757812,136.81,137.32,135.56,135.22,0
368456.28,-1.4186753,2.335778,1.5276442,1.6021558,100.204544,23.30828,13.620411,25.943218,415.53055,252.16354,26.88,4.639,5.36,16.88,24.845,0.0,91.71612,0.0,0.0,309.75,193.125,4325.0,0.0,-3.6796875,1.3240356,492.44717,20159.174,20000.502,1100.0834,523.50806,142.23817,126.97793,0.0,-2.5095649,4.0,95.94574,30.510094,-4.874994,-4.874994,7.828,0.0,12.6796875,0.8473511,0.0,0.0,0.0,0.0,0.0,0.8144531,0.80371094,75.37384,2.3437505,279.02832,292.20074,0.0,106.999985,99.90234,0.0,279.5896,280.8997,513.0,539.625,-4.8533154,398.46875,0.0,440.0,79.82713,66.99998,195.9961,0.0,137.41,254.21875,1.385498,0.82702637,67.614746,70.60089,2.6879883,137.38,137.5,136.13,135.71,0
368456.3,-1.3949403,2.3780613,1.5284649,1.6021134,100.20467,23.30828,13.612412,25.931686,420.17447,255.6302,26.88,4.678,5.36,16.88,24.845,0.0,91.56838,0.0,0.0,310.5,193.125,4336.0,0.0,-3.6875,1.3272095,493.07733,20134.232,20000.502,1100.0834,523.50806,142.30176,127.25346,0.0,-2.4764018,4.0,95.97626,30.466602,-4.874994,-4.874994,7.788,0.0,13.3359375,0.8496704,0.0,0.0,0.0,0.0,0.0,0.81347656,0.80371094,75.4303,2.3437505,278.94897,291.99072,0.0,106.999985,99.90234,0.0,279.44867,280.8997,513.0,539.625,-4.8201523,398.375,0.0,439.875,79.82713,66.99998,196.16699,0.0,137.61,254.90625,1.4434814,0.83618164,67.352295,70.40558,2.6879883,137.96,137.5,136.34,135.77,0
368456.34,-1.3559523,2.4324746,1.5280412,1.6020287,100.20479,23.30828,13.595095,25.972559,425.10138,259.70132,26.88,4.718,5.36,16.88,24.845,0.0,91.450195,0.0,0.0,309.75,193.5,4354.0,0.0,-3.8359375,1.3348389,495.92142,20050.916,20000.502,1100.0834,523.50806,142.9376,127.38063,0.0,-2.293621,4.0,96.13953,30.42746,-4.4999943,-4.4999943,7.8,0.0,13.3671875,0.8484497,0.0,0.0,0.0,0.0,0.0,0.8125,0.7998047,75.4303,2.3437505,279.2308,292.3234,0.0,106.999985,99.90234,0.0,279.81348,280.8997,513.375,540.0,-4.6373715,406.3125,0.0,439.875,79.82713,66.99998,196.8811,0.0,137.88,254.53125,1.461792,0.5767822,67.474365,70.27435,2.6879883,138.27,138.22,136.28,136.24,0
368456.38,-1.3047619,2.43549,1.524552,1.6018168,100.20572,23.30828,13.60641,25.97159,422.45547,260.39664,26.88,4.758,5.36,16.88,24.845,0.0,91.355644,0.0,0.0,307.875,193.5,4393.0,0.0,-3.9296875,1.348877,500.55652,20031.812,20000.502,1100.0834,524.03876,143.3403,127.63497,0.0,-2.1473966,4.0,96.180725,30.392231,-4.4999943,-4.4999943,7.824,0.0,13.40625,0.85339355,0.0,0.0,0.0,0.0,0.0,0.8125,0.7998047,75.4303,2.3437505,279.22507,292.88373,0.0,107.09998,99.90234,0.0,279.77203,280.8997,513.375,540.0,-4.491147,404.4375,0.0,439.6875,79.82713,66.99998,197.43042,0.0,138.83,256.03125,1.4801025,0.5859375,66.88843,69.72809,2.680664,138.79,139.64,136.87,136.43,0
368456.44,-1.3038095,2.380446,1.5194615,1.6017742,100.20656,23.30828,13.62019,25.949036,415.70514,257.16907,26.88,4.799,5.36,16.88,24.845,0.0,91.28001,0.0,0.0,307.125,193.5,4409.0,0.0,-3.65625,1.354248,502.54654,20075.857,20000.502,1100.0834,524.03876,142.32295,127.18988,0.0,-2.030417,4.0,95.68939,30.360525,-4.4999943,-4.4999943,7.836,0.0,13.421875,0.85113525,0.0,0.0,0.0,0.0,0.0,0.8095703,0.7998047,75.4715,2.3437505,279.07043,293.2369,0.0,107.18999,99.90234,0.0,279.68082,280.89142,513.75,539.625,-4.3741674,404.09375,0.0,439.875,79.82713,66.99998,197.35107,0.0,139.43,255.34375,1.4984131,0.8087158,67.13257,70.21332,2.680664,139.95,140.48,137.27,136.93,0
368456.47,-1.3030477,2.3209286,1.5122519,1.6016471,100.20648,23.30828,13.623977,25.797705,410.2754,255.2492,26.88,4.839,5.36,16.88,24.845,0.0,91.2195,0.0,0.0,306.375,193.875,4434.0,0.0,-3.53125,1.361145,505.10867,20120.436,20000.502,1100.0834,525.63074,141.09366,126.49045,0.0,-1.9368334,4.0,94.94476,30.331991,-4.1249948,-4.1249948,7.828,0.0,13.4609375,0.8574829,0.0,0.0,0.0,0.0,0.0,0.8066406,0.7998047,75.4715,2.3437505,278.02725,294.0,0.0,107.27099,99.90234,0.0,278.56143,280.74216,514.125,539.625,-4.280584,407.34375,0.0,439.875,79.82713,66.99998,197.18018,0.0,140.82,257.25,1.5716553,2.3895264,66.37573,71.24481,2.6757812,140.59,140.54,137.09,136.64,0
368456.5,-1.3024381,2.2783713,1.5141575,1.6016896,100.20641,23.30828,13.626627,25.864395,408.137,253.28888,26.88,4.878,5.36,16.88,24.845,0.0,91.17109,0.0,0.0,306.375,193.875,4423.0,0.0,-3.4296875,1.3591919,504.3873,20118.842,20000.502,1100.0834,525.63074,141.45396,126.871956,0.0,-1.8619666,4.0,95.11871,30.30631,-4.1249948,-4.1249948,7.824,0.0,13.4609375,0.8539429,0.0,0.0,0.0,0.0,0.0,0.80859375,0.7998047,75.57678,2.3437505,278.48688,294.12903,0.0,107.34389,99.90234,0.0,279.03406,280.64264,514.125,539.625,-4.205717,407.375,0.0,440.09375,79.82713,66.99998,197.17407,0.0,140.47,256.1875,1.6204834,0.87280273,66.796875,70.210266,2.6831055,140.59,139.85,137.21,136.77,0
368456.53,-1.3219506,2.3175986,1.5165292,1.6017742,100.20635,23.30828,13.599186,25.880077,416.02295,257.19055,26.88,4.918,5.36,16.88,24.845,0.0,91.13236,0.0,0.0,307.5,193.5,4406.0,0.0,-3.3203125,1.3527832,501.99927,20036.059,20000.502,1100.0834,525.63074,142.87402,127.42302,0.0,-1.6458232,4.0,95.954895,30.283197,-4.4999943,-4.4999943,7.816,0.0,13.25,0.85510254,0.0,0.0,0.0,0.0,0.0,0.81152344,0.7998047,75.57678,2.3437505,278.5949,293.7285,0.0,107.4095,99.90234,0.0,279.0755,280.7173,513.75,539.25,-3.9895737,404.25,0.0,440.0,79.82713,66.99998,196.92993,0.0,139.93,256.53125,1.6540527,0.8331299,66.68091,70.07599,2.6904297,140.54,140.27,137.72,137.19,0
368456.6,-1.2975605,2.3520396,1.5141505,1.6016471,100.20713,23.30828,13.597555,25.894356,418.70016,260.13812,26.88,4.959,5.36,16.88,24.845,0.0,91.10138,0.0,0.0,305.625,193.875,4428.0,0.0,-2.9296875,1.3571167,504.1966,20168.195,20000.502,1100.0834,525.3654,140.90291,126.97793,0.0,-1.4729085,4.0,94.851685,30.262396,-4.1249948,-4.1249948,7.84,0.0,13.1796875,0.8577881,0.0,0.0,0.0,0.0,0.0,0.8095703,0.7998047,75.57678,2.3437505,278.6941,294.34238,0.0,107.46855,99.90234,0.0,279.21646,280.63437,513.75,538.875,-3.816659,407.34375,0.0,439.875,79.82713,66.99998,197.43042,0.0,140.53,257.34375,1.7028809,0.7019043,66.35742,69.651794,2.6904297,140.32,140.59,138.01,137.75,0
368456.62,-1.2580484,2.347066,1.5122274,1.6016896,100.20783,23.30828,13.596414,25.84673,417.14224,259.05313,26.88,4.998,5.36,16.88,24.845,0.0,91.07659,0.0,0.0,306.75,193.875,4426.0,0.0,-2.9453125,1.3565063,503.96442,19973.438,20000.502,1100.0834,525.3654,142.47131,126.871956,0.0,-1.3345768,4.0,95.60852,30.243675,-4.1249948,-4.1249948,7.816,0.0,13.4375,0.85736084,0.0,0.0,0.0,0.0,0.0,0.8076172,0.7998047,75.56305,2.3437505,278.36652,294.4132,0.0,107.5217,99.90234,0.0,278.88483,280.5846,514.125,538.875,-3.6783273,407.46875,0.0,440.0,79.82713,66.99998,197.19238,0.0,140.58,257.21875,1.739502,1.4526367,66.40625,70.50629,2.692871,140.38,140.91,138.74,138.48,0
368456.7,-1.1864387,2.3263264,1.5073915,1.60152,100.207634,23.30828,13.589755,25.8805,414.11053,259.20404,26.88,5.038,5.36,16.88,24.845,0.0,91.05676,0.0,0.0,305.625,193.875,4461.0,0.0,-3.015625,1.3571777,504.7853,20007.402,20000.502,1100.0834,525.8961,142.08981,126.85076,0.0,-1.2239115,4.0,95.2713,30.226826,-4.1249948,-4.1249948,7.84,0.0,13.4375,0.8666382,0.0,0.0,0.0,0.0,0.0,0.8095703,0.7998047,75.56305,2.3437505,278.59912,295.4032,0.0,107.56953,99.90234,0.0,279.0755,280.46854,513.75,538.875,-3.567662,407.1875,0.0,439.875,79.82713,66.99998,197.60742,0.0,141.17,260.0,1.7730713,1.0131836,65.338135,69.02008,2.6904297,141.29,141.73,138.89,138.32,0
368456.72,-1.149151,2.3180306,1.5092591,1.6015624,100.20745,23.30828,13.590954,25.824327,414.873,258.80807,26.88,5.08,5.36,16.88,24.845,0.0,91.0409,0.0,0.0,304.5,193.875,4446.0,0.0,-3.1953125,1.359375,505.60617,19973.438,20000.502,1100.0834,525.8961,142.47131,126.89315,0.0,-1.1353791,4.0,95.60852,30.21166,-4.1249948,-4.1249948,7.856,0.0,13.4296875,0.8601074,0.0,0.0,0.0,0.0,0.0,0.80859375,0.7998047,75.590515,2.3437505,278.21173,294.68668,0.0,107.61257,99.90234,0.0,278.7853,280.31097,514.5,539.25,-3.4791296,406.46875,0.0,440.09375,79.82713,66.99998,197.47314,0.0,141.36,258.03125,1.8096924,1.4007568,66.07666,70.1767,2.6904297,141.73,141.08,139.05,138.84,0
368456.78,-1.1393207,2.3522124,1.5094793,1.6014775,100.20729,23.30828,13.585933,25.87134,419.72235,262.95218,26.88,5.119,5.36,16.88,24.845,0.0,91.02821,0.0,0.0,304.125,193.875,4465.0,0.0,-3.34375,1.3609009,506.16174,19880.041,20000.502,1100.0834,525.8961,143.97615,127.23227,0.0,-1.0645533,4.0,96.180725,30.198013,-4.1249948,-4.1249948,7.868,0.0,13.4765625,0.86590576,0.0,0.0,0.0,0.0,0.0,0.8105469,0.7998047,75.590515,2.3437505,278.5356,294.9994,0.0,107.65131,99.90234,0.0,279.0755,280.2115,514.125,539.25,-3.4083037,406.53125,0.0,439.875,79.82713,66.99998,197.95532,0.0,141.52,259.78125,1.8463135,0.84228516,65.39917,68.98346,2.6855469,141.83,141.94,139.47,139.16,0
368456.8,-1.1314566,2.4033852,1.5107996,1.6014352,100.206314,23.30828,13.599997,25.840237,425.00983,266.6822,26.88,5.159,5.36,16.88,24.845,0.0,91.01806,0.0,0.0,303.0,194.25,4472.0,0.0,-3.5078125,1.3673706,508.0025,20022.26,20000.502,1100.0834,526.69214,142.70445,127.401825,0.0,-1.0078926,4.0,95.56732,30.18573,-3.7499952,-3.7499952,7.88,0.0,13.5,0.864563,0.0,0.0,0.0,0.0,0.0,0.80859375,0.7998047,75.598145,2.3437505,278.32025,294.58823,0.0,107.68618,99.90234,0.0,278.8931,280.04565,514.5,539.625,-3.351643,409.71875,0.0,440.09375,79.82713,66.99998,198.15674,0.0,141.99,259.375,1.8798828,0.82092285,65.52124,69.12384,2.6855469,141.77,142.0,140.11,139.79,0
368456.84,-1.1251653,2.4051042,1.5057919,1.6014352,100.20543,23.30828,13.615701,25.826029,422.89523,265.65204,26.88,5.199,5.36,16.88,24.845,0.0,91.00993,0.0,0.0,303.75,194.25,4477.0,0.0,-3.5546875,1.3652344,507.78693,19997.85,20000.502,1100.0834,526.69214,142.64087,127.1263,0.0,-0.962564,4.0,95.536804,30.174675,-3.7499952,-3.7499952,7.852,0.0,13.578125,0.85998535,0.0,0.0,0.0,0.0,0.0,0.80566406,0.7998047,75.64697,2.3437505,278.22144,295.4445,0.0,107.71756,99.90234,0.0,278.8931,279.92126,514.5,539.625,-3.3063145,409.625,0.0,440.0,79.82713,66.99998,197.94312,0.0,142.18,258.0,1.9073486,0.869751,66.07056,69.76776,2.6855469,142.0,142.43,140.48,140.06,0
368456.88,-1.0801322,2.4245417,1.5030024,1.6013505,100.20547,23.30828,13.620834,25.74911,425.234,268.1355,26.88,5.239,5.36,16.88,24.845,0.0,90.85306,0.0,0.0,304.5,194.25,4494.0,0.0,-3.5625,1.3656616,508.5083,19915.596,20000.502,1100.0834,526.95746,142.87402,126.49045,0.0,-0.92630124,4.0,95.50629,30.164726,-3.7499952,-3.7499952,7.804,0.0,13.46875,0.8691406,0.0,0.0,0.0,0.0,0.0,0.8076172,0.7998047,75.64697,2.3437505,277.69128,295.25034,0.0,107.745804,99.90234,0.0,278.24634,279.76373,514.875,539.625,-3.2700517,408.875,0.0,440.0,79.82713,66.99998,197.97974,0.0,142.53,260.75,1.953125,1.6143799,64.99634,69.45343,2.6879883,142.76,142.6,140.63,140.27,0
368456.94,-1.0041058,2.4135666,1.5059967,1.6012232,100.205505,23.30828,13.630287,25.731333,422.8245,268.63327,26.88,5.281,5.36,16.88,24.845,0.0,90.72756,0.0,0.0,302.625,194.25,4528.0,0.0,-3.515625,1.374939,511.97424,20031.812,20000.502,1100.0834,526.95746,141.36919,126.15134,0.0,-0.89729095,4.0,94.62738,30.155771,-3.7499952,-3.7499952,7.86,0.0,13.421875,0.87475586,0.0,0.0,0.0,0.0,0.0,0.8095703,0.7998047,75.67444,2.3437505,277.5688,294.5614,0.0,107.771225,99.90234,0.0,278.18832,279.53156,514.875,539.625,-3.2410414,407.9375,0.0,439.6875,79.82713,66.99998,199.03564,0.0,143.26,262.4375,2.0019531,1.4282227,64.28223,68.58368,2.6855469,143.93,143.44,140.63,140.63,0
368456.97,-0.92328465,2.3904266,1.5014014,1.6012232,100.205536,23.30828,13.619326,25.673012,421.0412,267.1458,26.88,5.319,5.36,16.88,24.845,0.0,90.62717,0.0,0.0,301.125,194.25,4522.0,0.0,-3.4375,1.3765259,512.5712,19948.496,20000.502,1100.0834,526.95746,142.72565,126.681206,0.0,-0.7178328,4.0,95.28198,30.147713,-3.7499952,-3.7499952,7.88,0.0,13.453125,0.8687134,0.0,0.0,0.0,0.0,0.0,0.8046875,0.7998047,75.67444,2.3437505,277.1668,294.99228,0.0,107.794106,99.90234,0.0,277.7903,279.2828,515.25,539.625,-3.0615833,407.75,0.0,439.78125,79.82713,66.99998,198.38257,0.0,143.72,260.625,2.0568848,1.2268066,64.990234,69.16351,2.6855469,143.88,143.66,141.08,141.18,0
368457.0,-0.85862774,2.4374208,1.4974982,1.6012657,100.2064,23.30828,13.617512,25.65357,428.3368,271.5945,26.88,5.359,5.36,16.88,24.845,0.0,90.546844,0.0,0.0,303.375,194.25,4519.0,0.0,-2.859375,1.3693848,509.9096,19933.639,20000.502,1100.0834,527.7535,142.72565,126.532845,0.0,-0.7305162,4.0,95.28198,30.14046,-3.7499952,-3.7499952,7.82,0.0,13.6171875,0.871521,0.0,0.0,0.0,0.0,0.0,0.8066406,0.7998047,75.67444,2.3437505,277.03366,295.63232,0.0,107.8147,99.90234,0.0,277.55814,279.1833,515.25,538.875,-3.0742667,406.5625,0.0,439.78125,79.82713,66.99998,197.76001,0.0,143.82,261.46875,2.105713,1.2573242,64.697266,68.9621,2.6855469,143.54,143.88,141.56,141.29,0
368457.03,-0.7669022,2.4749684,1.5019596,1.6011809,100.20717,23.30828,13.616242,25.663061,430.9439,274.2755,26.88,5.399,5.36,16.88,24.845,0.0,90.48259,0.0,0.0,301.875,194.25,4536.0,0.0,-2.8359375,1.3736572,511.48505,19967.602,20000.502,1100.0834,527.7535,143.3403,127.4866,0.0,-0.5844128,4.0,95.578,30.133932,-3.7499952,-3.7499952,7.852,0.0,13.703125,0.8786011,0.0,0.0,0.0,0.0,0.0,0.8066406,0.7998047,75.730896,2.3437505,277.09985,294.83298,0.0,107.83323,99.90234,0.0,277.6991,279.06723,515.25,538.875,-2.9281633,407.5,0.0,439.78125,79.82713,66.99998,198.6023,0.0,143.93,263.59375,2.1484375,0.91552734,63.83667,67.778015,2.6879883,143.93,144.33,141.94,141.77,0
368457.1,-0.6535218,2.4337373,1.500856,1.6011809,100.208694,23.30828,13.609494,25.591143,423.9742,270.61298,26.88,5.439,5.36,16.88,24.845,0.0,90.43118,0.0,0.0,302.625,194.25,4549.0,0.0,-2.7578125,1.3813477,514.3457,20016.953,20000.502,1100.0834,528.2841,141.45396,126.10895,0.0,-0.46753025,4.0,94.51599,30.128057,-3.7499952,-3.7499952,7.804,0.0,13.5625,0.87677,0.0,0.0,0.0,0.0,0.0,0.80566406,0.7998047,75.730896,2.3437505,276.60565,294.62238,0.0,107.84991,99.90234,0.0,277.22647,278.8848,515.25,538.875,-2.8112807,411.125,0.0,439.5,79.82713,66.99998,199.03564,0.0,144.34,263.03125,2.191162,1.7059326,63.99536,68.76984,2.6855469,144.56,144.5,142.22,141.94,0
368457.12,-0.52281743,2.379745,1.5000693,1.6011809,100.21007,23.30828,13.61063,25.631193,419.69025,267.5842,26.88,5.48,5.36,16.88,24.845,0.0,90.39006,0.0,0.0,301.5,194.25,4544.0,0.0,-2.6875,1.3778076,513.0273,19885.348,20000.502,1100.0834,528.2841,143.743,127.020325,0.0,-0.37402415,4.0,95.617676,30.12277,-3.7499952,-3.7499952,7.852,0.0,13.8046875,0.87768555,0.0,0.0,0.0,0.0,0.0,0.8046875,0.7998047,75.76599,2.3437505,276.8831,294.93652,0.0,107.864914,99.90234,0.0,277.5167,278.79358,515.25,538.875,-2.7177746,411.3125,0.0,439.6875,79.82713,66.99998,198.71826,0.0,144.55,263.3125,2.230835,0.85754395,63.909912,67.89398,2.6855469,144.9,144.61,142.28,142.38,0
368457.16,-0.41825396,2.358148,1.5035906,1.601096,100.2113,23.30828,13.593847,25.569105,419.6214,269.5421,26.88,5.52,5.36,16.88,24.845,0.0,90.35716,0.0,0.0,300.75,194.625,4578.0,0.0,-2.5625,1.3904419,518.33405,19943.72,20000.502,1100.0834,528.2841,142.72565,126.46925,0.0,-0.29921937,4.0,94.97528,30.118011,-3.3749957,-3.3749957,7.84,0.0,13.890625,0.87927246,0.0,0.0,0.0,0.0,0.0,0.8066406,0.7998047,75.76599,2.3437505,276.45636,293.83173,0.0,107.878426,99.90234,0.0,277.11868,278.5863,515.25,538.5,-2.6429698,414.34375,0.0,439.28125,79.82713,66.99998,199.95728,0.0,144.97,263.78125,2.2613525,1.3641357,63.62915,68.13812,2.6855469,145.36,145.13,142.64,142.82,0
368457.2,-0.33460316,2.3307593,1.4989816,1.601096,100.21324,23.30828,13.599677,25.507881,417.74332,268.33575,26.88,5.558,5.36,16.88,24.845,0.0,90.33084,0.0,0.0,298.125,194.625,4578.0,0.0,-2.5703125,1.3912964,518.6408,20069.49,20000.502,1100.0834,529.08014,141.64471,126.66001,0.0,-0.23937535,4.0,94.45343,30.113728,-3.3749957,-3.3749957,7.904,0.0,14.0390625,0.8773804,0.0,0.0,0.0,0.0,0.0,0.8046875,0.7998047,75.76599,2.3437505,276.0363,294.26675,0.0,107.89059,99.90234,0.0,276.69577,278.379,515.625,538.5,-2.5831258,414.09375,0.0,439.1875,79.82713,66.99998,199.27979,0.0,145.6,263.21875,2.3040771,1.5991211,63.848877,68.647766,2.6855469,145.36,145.41,143.1,143.32,0
368457.25,-0.24768253,2.3385537,1.5029043,1.6010537,100.21499,23.30828,13.621336,25.548668,420.44055,270.36328,26.88,5.599,5.36,16.88,24.845,0.0,90.309784,0.0,0.0,298.875,194.625,4583.0,0.0,-2.5078125,1.3920898,518.93933,19924.086,20000.502,1100.0834,529.08014,143.743,127.33824,0.0,-0.19150019,4.0,95.46509,30.109873,-3.3749957,-3.3749957,7.896,0.0,14.125,0.88342285,0.0,0.0,0.0,0.0,0.0,0.8017578,0.7998047,75.82245,2.3437505,276.31918,293.78513,0.0,107.90153,99.90234,0.0,277.0523,278.2712,515.625,538.5,-2.5352507,414.34375,0.0,439.1875,79.82713,66.99998,199.85352,0.0,145.69,265.03125,2.3406982,1.0009766,63.11035,67.33551,2.680664,145.59,146.21,143.48,143.44,0
368457.28,-0.17814603,2.3791714,1.502182,1.6010114,100.21573,23.30828,13.630638,25.449131,424.82468,274.67267,26.88,5.638,5.36,16.88,24.845,0.0,90.29294,0.0,0.0,300.375,194.625,4608.0,0.0,-2.4453125,1.401062,522.2975,19978.215,20000.502,1100.0834,529.6108,143.10716,127.25346,0.0,-0.15320015,4.0,95.01648,30.106403,-3.3749957,-3.3749957,7.816,0.0,14.109375,0.8848877,0.0,0.0,0.0,0.0,0.0,0.8017578,0.7998047,75.82245,2.3437505,275.63382,293.18848,0.0,107.91138,99.90234,0.0,276.3724,278.0639,516.0,538.5,-2.4969506,413.75,0.0,438.875,79.82713,66.99998,200.28076,0.0,146.09,265.46875,2.3834229,1.8737793,62.86621,67.99469,2.6757812,146.16,146.27,143.6,143.44,0
368457.3,-0.082516834,2.3391685,1.4994564,1.6009688,100.2164,23.30828,13.648869,25.37676,418.14462,270.29498,26.88,5.678,5.36,16.88,24.845,0.0,90.279465,0.0,0.0,300.0,194.625,4607.0,0.0,-2.484375,1.402771,522.936,20057.285,20000.502,1100.0834,529.6108,142.49251,127.444214,0.0,-0.122560024,4.0,94.862366,30.103281,-3.3749957,-3.3749957,7.808,0.0,14.0,0.88604736,0.0,0.0,0.0,0.0,0.0,0.8017578,0.7998047,75.849915,2.3437505,275.13565,293.16125,0.0,107.92024,99.90234,0.0,275.94952,277.8815,516.0,538.5,-2.4663105,413.59375,0.0,438.875,79.82713,66.99998,199.94507,0.0,146.41,265.8125,2.4383545,2.0080566,62.719727,68.03131,2.6708984,146.63,146.68,143.82,143.88,0
368457.34,-0.0060134716,2.3231676,1.4985851,1.6010114,100.216995,23.30828,13.632333,25.367355,418.50778,270.64716,26.88,5.718,5.36,16.88,24.845,0.0,90.268684,0.0,0.0,300.0,194.625,4609.0,0.0,-3.0,1.4004517,522.0653,19992.543,20000.502,1100.0834,529.6108,143.21313,127.5078,0.0,-0.09804797,4.0,95.06683,30.100471,-3.3749957,-3.3749957,7.824,0.0,13.953125,0.88830566,0.0,0.0,0.0,0.0,0.0,0.8017578,0.7998047,75.849915,2.3437505,275.0714,293.32022,0.0,107.928215,99.90234,0.0,275.81686,277.79028,515.625,538.875,-2.4417984,412.59375,0.0,439.09375,79.82713,66.99998,199.6521,0.0,146.53,266.5,2.4871826,1.7242432,62.44507,67.53998,2.6708984,146.86,146.52,144.17,144.33,0
368457.4,0.015189222,2.3167672,1.4994683,1.6008841,100.216705,23.30828,13.626617,25.274633,418.63824,272.5525,26.88,5.76,5.36,16.88,24.845,0.0,90.26006,0.0,0.0,297.375,194.625,4640.0,0.0,-3.2734375,1.40979,526.14484,20166.604,20000.502,1100.0834,529.87616,141.41158,127.71975,0.0,-0.07843828,4.0,94.04602,30.097942,-3.3749957,-3.3749957,7.864,0.0,13.75,0.8880005,0.0,0.0,0.0,0.0,0.0,0.8027344,0.7998047,75.849915,2.3437505,274.432,292.31662,0.0,107.935394,99.90234,0.0,275.26132,277.5747,516.375,539.25,-2.4221888,413.125,0.0,438.5,79.82713,66.99998,200.59814,0.0,147.03,266.40625,2.5543213,2.456665,62.48169,68.351746,2.6782227,147.32,146.91,144.67,144.73,0
368457.44,0.03215138,2.257957,1.5005809,1.6008841,100.216446,23.30828,13.622617,25.292288,412.08362,268.28513,26.88,5.799,5.36,16.88,24.845,0.0,90.25317,0.0,0.0,299.25,194.625,4640.0,0.0,-2.546875,1.40979,526.13654,20012.709,20000.502,1100.0834,529.87616,141.34799,126.44806,0.0,-0.06275058,4.0,94.0155,30.095667,-3.3749957,-3.3749957,7.792,0.0,13.8515625,0.8934326,0.0,0.0,0.0,0.0,0.0,0.79785156,0.7998047,75.86365,2.3437505,274.55344,292.23743,0.0,107.94186,99.90234,0.0,275.29446,277.39227,516.375,538.875,-2.406501,413.09375,0.0,438.59375,79.82713,66.99998,200.84839,0.0,147.64,268.03125,2.6123047,2.255249,61.810303,67.50641,2.680664,147.68,147.68,145.3,145.36,0
368457.47,0.025721103,2.234433,1.4972883,1.6008841,100.21704,23.30828,13.613956,25.225327,412.11,268.70706,26.88,5.838,5.36,16.88,24.845,0.0,90.24765,0.0,0.0,299.25,194.625,4647.0,0.0,-2.8125,1.4099731,526.2112,19958.049,20000.502,1100.0834,530.9375,141.79308,126.36328,0.0,-0.20645022,4.0,94.229126,30.093618,-3.3749957,-3.3749957,7.784,0.0,13.890625,0.89489746,0.0,0.0,0.0,0.0,0.0,0.7988281,0.7998047,75.86365,2.3437505,274.09247,292.46094,0.0,107.94767,99.90234,0.0,274.81357,277.20157,516.75,538.875,-2.5502007,412.75,0.0,438.375,79.82713,66.99998,200.56763,0.0,147.99,268.46875,2.6794434,2.6519775,61.6333,67.96417,2.680664,147.5,147.86,145.53,145.41,0
368457.5,0.020576883,2.2625232,1.4922838,1.6008841,100.217575,23.30828,13.631331,25.10157,416.81433,272.18378,26.88,5.878,5.36,16.88,24.845,0.0,90.24323,0.0,0.0,299.625,194.625,4654.0,0.0,-2.6953125,1.409668,526.1034,20002.096,20000.502,1100.0834,530.9375,142.42892,127.33824,0.0,-0.32141018,4.0,94.53583,30.091774,-3.3749957,-3.3749957,7.792,0.0,14.03125,0.89312744,0.0,0.0,0.0,0.0,0.0,0.8027344,0.7998047,75.94147,2.3437505,273.23996,292.42508,0.0,107.9529,99.90234,0.0,274.01755,277.11865,516.375,538.875,-2.6651607,411.65625,0.0,438.5,79.82713,66.99998,199.85962,0.0,147.93,267.9375,2.7740479,3.6987305,61.846924,69.306946,2.6733398,147.97,148.52,145.53,145.36,0
368457.56,0.036461506,2.2550092,1.4969802,1.6007993,100.21806,23.30828,13.620057,25.118858,414.4028,271.65567,26.88,5.918,5.36,16.88,24.845,0.0,90.2397,0.0,0.0,297.75,194.625,4672.0,0.0,-2.4921875,1.4147339,528.58264,19914.533,20000.502,1100.0834,530.9375,142.70445,126.7024,0.0,-0.257128,4.0,94.51599,30.090115,-3.3749957,-3.3749957,7.816,0.0,14.03125,0.89886475,0.0,0.0,0.0,0.0,0.0,0.8017578,0.7998047,75.94147,2.3437505,273.35962,291.58554,0.0,107.95761,99.90234,0.0,274.11703,276.91965,516.75,538.5,-2.6008785,411.625,0.0,438.1875,79.82713,66.99998,200.93384,0.0,148.29,269.65625,2.886963,2.7313232,61.138916,67.76886,2.668457,148.58,148.39,145.59,145.81,0
368457.6,0.06916921,2.2332537,1.4960988,1.6007993,100.21932,23.30828,13.618024,25.09188,412.41858,270.29706,26.88,5.958,5.36,16.88,24.845,0.0,90.23688,0.0,0.0,298.5,194.625,4671.0,0.0,-2.3828125,1.4127808,527.86127,20034.996,20000.502,1100.0834,531.2028,140.98769,126.193726,0.0,-0.3619523,4.0,93.84155,30.088621,-3.3749957,-3.3749957,7.792,0.0,13.953125,0.90423584,0.0,0.0,0.0,0.0,0.0,0.80078125,0.7998047,75.94147,2.3437505,273.17493,291.66412,0.0,107.96185,99.90234,0.0,273.9595,276.81186,516.75,538.5,-2.7057028,411.15625,0.0,438.375,79.82713,66.99998,200.79956,0.0,148.56,271.28125,2.960205,2.923584,60.760498,67.5827,2.6708984,148.82,148.58,145.98,146.16,0
368457.62,0.095335364,2.2433014,1.4951427,1.6007993,100.22046,23.30828,13.610742,25.036816,415.3423,272.97086,26.88,5.999,5.36,16.88,24.845,0.0,90.23462,0.0,0.0,297.0,194.625,4684.0,0.0,-2.59375,1.4139404,528.8977,20128.926,20000.502,1100.0834,531.2028,140.01273,126.51164,0.0,-0.44581175,4.0,93.218994,30.087276,-3.3749957,-3.3749957,7.832,0.0,13.8125,0.90631104,0.0,0.0,0.0,0.0,0.0,0.7988281,0.7998047,75.9613,2.3437505,272.7965,291.40573,0.0,107.96567,99.90234,0.0,273.5615,276.6626,516.75,538.5,-2.7895622,411.3125,0.0,438.1875,79.82713,66.99998,200.89111,0.0,148.8,271.90625,3.060913,3.1707764,60.64453,67.82074,2.668457,149.18,148.83,146.57,146.75,0
368457.66,0.07626829,2.2285707,1.4939114,1.600757,100.22231,23.30828,13.599785,25.020311,413.52014,272.00537,26.88,6.038,5.36,16.88,24.845,0.0,90.23281,0.0,0.0,300.0,194.625,4688.0,0.0,-2.7578125,1.4138794,528.86456,20029.69,20000.502,1100.0834,531.46814,139.94914,125.4731,0.0,-0.5128994,4.0,93.18695,30.086067,-2.9999962,-3.3749957,7.72,0.0,13.7421875,0.9111328,0.0,0.0,0.0,0.0,0.0,0.79589844,0.7998047,75.9613,2.3437505,272.6846,291.41068,0.0,107.9691,99.90234,0.0,273.31274,276.52164,517.125,538.875,-2.8566499,410.09375,0.0,438.09375,79.82713,66.99998,200.74463,0.0,149.01,273.34375,3.161621,3.414917,60.369873,67.866516,2.6635742,149.18,149.11,147.22,147.16,0
368457.72,0.061014634,2.2414284,1.4960402,1.6007147,100.22398,23.30828,13.621411,24.983269,415.5147,274.54172,26.88,6.078,5.36,16.88,24.845,0.0,90.23136,0.0,0.0,298.5,195.0,4709.0,0.0,-2.921875,1.4204712,531.3438,19929.393,20000.502,1100.0834,531.46814,141.77188,126.25731,0.0,-0.56656957,4.0,93.91327,30.084978,-2.9999962,-2.9999962,7.748,0.0,13.8515625,0.91082764,0.0,0.0,0.0,0.0,0.0,0.7988281,0.7998047,75.982666,2.3437505,272.43094,290.7058,0.0,107.97219,99.90234,0.0,273.20496,276.3558,517.125,538.875,-2.91032,414.25,0.0,437.875,79.82713,66.99998,201.59302,0.0,149.61,273.25,3.2531738,2.9785156,60.388184,67.54608,2.6611328,149.54,150.03,147.32,147.03,0
368457.75,0.028811708,2.2278214,1.4934886,1.6007146,100.22549,23.30828,13.601394,24.922642,413.4306,273.3967,26.88,6.118,5.36,16.88,24.845,0.0,90.2302,0.0,0.0,297.375,195.0,4713.0,0.0,-2.890625,1.420105,531.2111,19915.596,20000.502,1100.0834,531.46814,141.53874,125.83341,0.0,-0.60950565,4.0,93.800354,30.083998,-2.9999962,-2.9999962,7.776,0.0,14.0078125,0.91955566,0.0,0.0,0.0,0.0,0.0,0.79785156,0.7998047,75.982666,2.3437505,272.01456,290.8166,0.0,107.974976,99.90234,0.0,272.77377,276.1734,517.5,538.875,-2.9532561,414.3125,0.0,437.6875,79.82713,66.99998,201.30005,0.0,149.89,275.875,3.3477783,3.326416,59.8938,67.45758,2.668457,149.66,149.99,147.62,147.39,0
368457.78,0.023049368,2.2223787,1.4913247,1.6006724,100.22766,23.30828,13.593241,24.87391,413.71924,273.76172,26.88,6.16,5.36,16.88,24.845,0.0,90.22928,0.0,0.0,298.125,195.0,4716.0,0.0,-2.6953125,1.4191895,530.85455,19950.09,20000.502,1100.0834,531.99884,141.09366,125.49429,0.0,-0.6438544,4.0,93.585205,30.083117,-2.9999962,-2.9999962,7.756,0.0,14.1484375,0.9189453,0.0,0.0,0.0,0.0,0.0,0.79589844,0.7998047,75.982666,2.3437505,271.68082,290.87018,0.0,107.97748,99.90234,0.0,272.50842,276.0656,517.125,538.875,-2.9876049,411.6875,0.0,438.0,79.82713,66.99998,201.00708,0.0,150.05,275.6875,3.4484863,2.89917,59.93042,67.15546,2.6757812,150.14,150.14,147.68,147.68,0
368457.8,0.018439494,2.2389514,1.491749,1.6005874,100.22963,23.30828,13.616831,24.768864,416.1095,277.6788,26.88,6.199,5.36,16.88,24.845,0.0,90.22854,0.0,0.0,294.375,195.0,4756.0,0.0,-2.5703125,1.4289551,534.51953,19758.516,20000.502,1100.0834,531.99884,144.03973,125.62147,0.0,-0.67133355,4.0,94.862366,30.082323,-2.9999962,-2.9999962,7.844,0.0,13.6484375,0.9169922,0.0,0.0,0.0,0.0,0.0,0.79785156,0.7998047,76.02539,2.3437505,270.9587,289.72675,0.0,107.97973,99.90234,0.0,271.72903,275.8666,517.5,538.5,-3.015084,416.375,0.0,437.5,79.82713,66.99998,201.81274,0.0,150.32,275.09375,3.5583496,4.1534424,60.040283,68.65997,2.6611328,150.88,150.82,148.13,148.28,0
368457.88,0.034751594,2.2080805,1.4940072,1.6005874,100.23222,23.30828,13.609906,24.759357,411.68924,274.90237,26.88,6.239,5.36,16.88,24.845,0.0,90.22794,0.0,0.0,295.125,195.0,4759.0,0.0,-2.0078125,1.4328003,535.9457,19835.463,20000.502,1100.0834,533.0602,143.48866,125.4731,0.0,-0.6933167,4.0,94.59686,30.08161,-2.9999962,-2.9999962,7.792,0.0,13.765625,0.93237305,0.0,0.0,0.0,0.0,0.0,0.7988281,0.7998047,76.02539,2.3437505,270.89578,289.37924,0.0,107.98176,99.90234,0.0,271.7539,275.5764,517.875,537.75,-3.0370672,411.84375,0.0,437.28125,79.82713,66.99998,202.10571,0.0,151.28,279.71875,3.6956787,3.0548096,59.16748,66.78314,2.6611328,151.58,151.38,148.58,148.58,0
368457.9,0.027801275,2.195732,1.4879382,1.6006298,100.23456,23.30828,13.610919,24.708086,411.96942,274.22238,26.88,6.28,5.36,16.88,24.845,0.0,90.22747,0.0,0.0,296.25,195.0,4744.0,0.0,-2.0234375,1.4279175,533.50793,19886.408,20000.502,1100.0834,533.0602,142.28056,124.688896,0.0,-0.7109034,4.0,94.0155,30.080967,-2.9999962,-2.9999962,7.752,0.0,13.671875,0.92230225,0.0,0.0,0.0,0.0,0.0,0.79785156,0.7998047,76.101685,2.3437505,270.5447,290.19263,0.0,107.98358,99.90234,0.0,271.38907,275.44373,517.875,538.125,-3.054654,415.0625,0.0,437.375,79.82713,66.99998,201.25732,0.0,151.31,276.6875,3.817749,3.3660889,59.735107,67.77191,2.6660156,151.35,151.09,148.82,148.64,0
368457.94,0.002241021,2.247043,1.482317,1.6005874,100.23666,23.30828,13.611628,24.59359,419.5405,279.9095,26.88,6.318,5.36,16.88,24.845,0.0,90.22709,0.0,0.0,296.25,195.0,4755.0,0.0,-2.171875,1.4269409,533.7484,20001.033,20000.502,1100.0834,533.0602,141.98384,125.0916,0.0,-0.8812227,4.0,93.87207,30.080389,-2.9999962,-2.9999962,7.772,0.0,13.2421875,0.91729736,0.0,0.0,0.0,0.0,0.0,0.79589844,0.7998047,76.101685,2.3437505,269.7576,290.2498,0.0,107.98522,99.90234,0.0,270.44382,275.38568,517.5,538.125,-3.2249732,410.875,0.0,437.5,79.82713,66.99998,200.84229,0.0,151.3,275.1875,3.9520264,5.2124023,60.021973,70.07599,2.6586914,151.32,151.35,149.24,149.0,0
368457.97,-0.018207183,2.2488172,1.4859703,1.6005025,100.23938,23.30828,13.606264,24.554358,416.60107,279.8189,26.88,6.359,5.36,16.88,24.845,0.0,90.22678,0.0,0.0,297.375,195.0,4787.0,0.0,-2.2265625,1.4331055,536.6671,20057.285,20000.502,1100.0834,533.0602,141.13605,124.85845,0.0,-0.8612282,4.0,93.31055,30.079868,-2.9999962,-2.9999962,7.684,0.0,13.359375,0.928833,0.0,0.0,0.0,0.0,0.0,0.796875,0.7998047,76.101685,2.3437505,269.4899,289.42648,0.0,107.9867,99.90234,0.0,270.36087,275.1618,517.875,538.125,-3.2049787,410.59375,0.0,437.0,79.82713,66.99998,201.87378,0.0,151.86,278.65625,4.095459,4.8309326,59.368896,69.19098,2.6635742,151.81,152.15,149.36,148.94,0
368458.06,-0.014565746,2.174527,1.4869157,1.6005452,100.24183,23.30828,13.614228,24.607151,407.6896,272.80368,26.88,6.399,5.36,16.88,24.845,0.0,90.22654,0.0,0.0,298.875,195.0,4769.0,0.0,-2.3515625,1.4281006,534.80975,20036.059,20000.502,1100.0834,533.0602,140.75453,124.30739,0.0,-1.0014825,4.0,93.125916,30.0794,-2.9999962,-2.9999962,7.644,0.0,13.3203125,0.93621826,0.0,0.0,0.0,0.0,0.0,0.79589844,0.7998047,76.08795,2.3437505,269.85623,289.68802,0.0,107.98803,99.90234,0.0,270.62622,275.0374,517.875,538.5,-3.345233,409.78125,0.0,437.1875,79.82713,66.99998,201.51978,0.0,152.06,280.875,4.223633,3.1677246,58.947754,67.14935,2.668457,151.92,152.26,149.66,149.54,0
368458.1,-0.011652597,2.1823108,1.4874161,1.6004603,100.244865,23.30828,13.625663,24.535086,412.67252,277.46973,26.88,6.438,5.36,16.88,24.845,0.0,90.22635,0.0,0.0,297.375,195.0,4792.0,0.0,-2.3359375,1.4332275,536.72516,19992.543,20000.502,1100.0834,533.5908,140.62737,123.79871,0.0,-1.1136858,4.0,93.06488,30.078978,-2.9999962,-2.9999962,7.68,0.0,13.2421875,0.9337158,0.0,0.0,0.0,0.0,0.0,0.7988281,0.7998047,76.08795,2.3437505,269.36255,289.0008,0.0,107.98923,99.90234,0.0,270.09555,274.91306,517.875,538.5,-3.4574363,409.21875,0.0,437.0,79.82713,66.99998,201.92871,0.0,152.3,280.125,4.3640137,4.2663574,59.09424,68.559265,2.6611328,152.45,152.51,149.84,149.9,0
368458.12,-0.009322078,2.1666744,1.4875294,1.6004602,100.2476,23.30828,13.616089,24.546047,410.5894,276.41473,26.88,6.48,5.36,16.88,24.845,0.0,90.2262,0.0,0.0,295.125,195.0,4798.0,0.0,-2.390625,1.434021,537.0319,20103.453,20000.502,1100.0834,533.5908,139.58882,123.92588,0.0,-1.2034485,4.0,92.56439,30.078598,-2.9999962,-2.9999962,7.752,0.0,13.125,0.9397583,0.0,0.0,0.0,0.0,0.0,0.7949219,0.7998047,76.12915,2.3437505,269.44083,288.9428,0.0,107.9903,99.90234,0.0,270.26138,274.7638,518.25,538.5,-3.547199,409.5,0.0,437.0,79.82713,66.99998,202.22168,0.0,152.55,281.9375,4.5074463,3.1829834,58.746338,67.222595,2.6660156,152.66,152.44,150.25,150.27,0
368458.16,-0.0074576624,2.1416698,1.4842374,1.6004179,100.25005,23.30828,13.615247,24.425556,408.48013,275.79715,26.88,6.518,5.36,16.88,24.845,0.0,90.226074,0.0,0.0,296.25,195.0,4812.0,0.0,-2.3515625,1.4345703,537.22266,20086.47,20000.502,1100.0834,533.5908,139.80078,124.37097,0.0,-1.2752588,4.0,92.51404,30.078257,-2.9999962,-2.9999962,7.712,0.0,12.9609375,0.9382324,0.0,0.0,0.0,0.0,0.0,0.7949219,0.7998047,76.12915,2.3437505,268.61276,289.05844,0.0,107.99127,99.90234,0.0,269.55658,274.6477,518.25,538.5,-3.6190093,408.71875,0.0,436.875,79.82713,66.99998,201.81885,0.0,152.84,281.46875,4.6661377,5.004883,58.83789,69.288635,2.65625,153.12,152.89,150.76,150.75,0
368458.22,-0.02596613,2.150418,1.4841478,1.6003757,100.251434,23.30828,13.614657,24.381477,411.1716,278.30667,26.88,6.56,5.36,16.88,24.845,0.0,90.225975,0.0,0.0,297.0,195.375,4824.0,0.0,-2.3359375,1.4381104,538.5493,20086.47,20000.502,1100.0834,534.38684,139.50404,124.22261,0.0,-1.3327069,4.0,92.370605,30.07795,-2.6249967,-2.6249967,7.644,0.0,12.8984375,0.9501953,0.0,0.0,0.0,0.0,0.0,0.79589844,0.7998047,76.12915,2.3437505,268.3103,288.3285,0.0,107.99214,99.90234,0.0,269.18344,274.4487,518.25,538.5,-3.6764574,412.875,0.0,436.6875,79.82713,66.99998,202.2461,0.0,153.25,285.0625,4.827881,4.7943115,58.1604,68.507385,2.6635742,153.58,153.27,151.13,151.07,0
368458.25,-0.040772904,2.1351674,1.4796094,1.6003755,100.25268,23.30828,13.608385,24.274166,408.70837,276.81146,26.88,6.6,5.36,16.88,24.845,0.0,90.22589,0.0,0.0,298.125,195.375,4827.0,0.0,-2.3203125,1.437561,538.34204,19924.086,20000.502,1100.0834,534.38684,140.90291,123.98946,0.0,-1.3786654,4.0,93.045044,30.077673,-2.6249967,-2.6249967,7.612,0.0,12.796875,0.9494629,0.0,0.0,0.0,0.0,0.0,0.7939453,0.7998047,76.17798,2.3437505,267.57187,288.39777,0.0,107.99293,99.90234,0.0,268.37088,274.29947,518.625,538.5,-3.722416,411.96875,0.0,436.78125,79.82713,66.99998,201.78223,0.0,153.6,284.84375,5.014038,5.718994,58.19702,69.66095,2.668457,153.75,153.69,151.38,151.13,0
368458.28,-0.032618325,2.1478171,1.4795274,1.6003332,100.25297,23.30828,13.609854,24.249828,411.12766,279.7768,26.88,6.638,5.36,16.88,24.845,0.0,90.22583,0.0,0.0,297.0,195.375,4850.0,0.0,-2.25,1.439209,539.5692,20046.672,20000.502,1100.0834,534.6522,138.59267,122.88734,0.0,-1.5716822,4.0,91.778564,30.077423,-2.6249967,-2.6249967,7.64,0.0,12.75,0.95428467,0.0,0.0,0.0,0.0,0.0,0.796875,0.7998047,76.17798,2.3437505,267.4044,288.1739,0.0,107.99364,99.90234,0.0,268.2216,274.10876,518.625,538.125,-3.9154327,410.5,0.0,436.59375,79.82713,66.99998,202.23389,0.0,153.88,286.28125,5.194092,5.319214,57.928467,69.12384,2.6611328,154.26,154.49,151.51,151.35,0
368458.3,-0.0060946606,2.1528769,1.4782962,1.6003332,100.25323,23.30828,13.599163,24.221165,411.4936,279.9103,26.88,6.68,5.36,16.88,24.845,0.0,90.22578,0.0,0.0,295.5,195.375,4848.0,0.0,-2.15625,1.4379272,539.09656,20046.672,20000.502,1100.0834,534.6522,138.57147,122.86614,0.0,-1.7260957,4.0,91.76788,30.077198,-2.6249967,-2.6249967,7.68,0.0,13.2265625,0.9588623,0.0,0.0,0.0,0.0,0.0,0.7949219,0.7998047,76.21307,2.3437505,267.2071,288.22638,0.0,107.99427,99.90234,0.0,268.0558,273.9429,519.0,538.125,-4.069846,409.90625,0.0,436.5,79.82713,66.99998,201.99585,0.0,154.29,287.65625,5.3741455,4.699707,57.666016,68.42804,2.6660156,154.1,154.43,151.64,151.64,0
368458.38,0.035124272,2.1549008,1.4779499,1.6003332,100.25346,23.30828,13.59168,24.216722,411.6051,280.10168,26.88,6.718,5.36,16.88,24.845,0.0,90.22574,0.0,0.0,297.0,195.375,4850.0,0.0,-1.9921875,1.4402466,539.34534,20086.47,20000.502,1100.0834,534.6522,138.12639,122.80256,0.0,-1.8496265,4.0,91.552734,30.076996,-2.6249967,-2.6249967,7.62,0.0,12.9765625,0.9456177,0.0,0.0,0.0,0.0,0.0,0.79589844,0.7998047,76.21307,2.3437505,267.1767,288.22006,0.0,107.99484,99.90234,0.0,268.0558,273.8766,518.625,538.125,-4.193377,410.375,0.0,436.5,79.82713,66.99998,202.14233,0.0,154.35,283.6875,5.541992,4.1625977,58.416748,68.852234,2.6611328,154.26,154.56,151.76,151.87,0
368458.4,0.08809942,2.1557105,1.477885,1.6002482,100.2545,23.30828,13.586441,24.182278,411.9026,281.22885,26.88,6.758,5.36,16.88,24.845,0.0,90.22571,0.0,0.0,297.75,195.375,4866.0,0.0,-1.90625,1.4425659,540.22424,20034.996,20000.502,1100.0834,535.18286,139.10135,123.29004,0.0,-1.948451,4.0,91.8808,30.076815,-2.6249967,-2.6249967,7.572,0.0,13.046875,0.9591675,0.0,0.0,0.0,0.0,0.0,0.796875,0.7998047,76.21307,2.3437505,266.9403,287.98083,0.0,107.99536,99.90234,0.0,267.8485,273.70245,519.0,538.125,-4.2922015,409.53125,0.0,436.28125,79.82713,66.99998,202.36816,0.0,154.55,287.75,5.7250977,3.8665771,57.647705,67.93976,2.6708984,154.85,154.75,152.21,152.51,0
368458.44,0.15047953,2.0997844,1.4782655,1.6002059,100.25544,23.30828,13.606212,24.035357,404.72046,277.51773,26.88,6.798,5.36,16.88,24.845,0.0,90.22568,0.0,0.0,297.375,195.375,4887.0,0.0,-1.8984375,1.447998,542.24744,20081.164,20000.502,1100.0834,535.18286,138.80463,123.459595,0.0,-2.0275106,4.0,91.737366,30.07665,-2.6249967,-2.6249967,7.576,0.0,12.5234375,0.95788574,0.0,0.0,0.0,0.0,0.0,0.7939453,0.7998047,76.234436,2.3437505,265.92853,286.86896,0.0,107.99583,99.90234,0.0,266.72083,273.54492,519.0,538.125,-4.371261,410.09375,0.0,436.1875,79.82713,66.99998,202.56958,0.0,155.25,287.375,5.9051514,5.9783936,57.720947,70.27435,2.6611328,155.26,154.97,152.76,152.95,0
368458.47,0.18038362,2.0586638,1.4792829,1.6002058,100.255455,23.30828,13.5907545,24.071085,402.75928,276.22946,26.88,6.839,5.36,16.88,24.845,0.0,90.225655,0.0,0.0,297.375,195.375,4888.0,0.0,-1.890625,1.4477539,542.15625,19744.719,20000.502,1100.0834,535.9789,141.62352,122.590614,0.0,-2.0907583,4.0,93.0954,30.076504,-2.6249967,-2.6249967,7.568,0.0,12.765625,0.9660034,0.0,0.0,0.0,0.0,0.0,0.7949219,0.7998047,76.234436,2.3437505,266.17484,286.84393,0.0,107.99625,99.90234,0.0,267.0442,273.3542,519.375,537.75,-4.434509,410.4375,0.0,436.09375,79.82713,66.99998,202.74048,0.0,155.46,289.8125,6.07605,4.46167,57.263184,68.385315,2.6708984,155.68,155.39,153.4,153.27,0
368458.53,0.1643069,2.0609655,1.4751073,1.6001636,100.25546,23.30828,13.5857935,23.982271,404.92847,278.5126,26.88,6.878,5.36,16.88,24.845,0.0,90.22564,0.0,0.0,296.25,195.375,4902.0,0.0,-1.9453125,1.4488525,542.5708,19932.576,20000.502,1100.0834,535.9789,140.79694,122.6542,0.0,-2.1413565,4.0,92.544556,30.076372,-2.6249967,-2.6249967,7.6,0.0,12.765625,0.96551514,0.0,0.0,0.0,0.0,0.0,0.79785156,0.7998047,76.29089,2.3437505,265.56265,286.98718,0.0,107.99662,99.90234,0.0,266.49695,273.18835,519.375,538.125,-4.485107,407.8125,0.0,436.0,79.82713,66.99998,202.64282,0.0,155.87,289.65625,6.2835693,4.901123,57.2937,69.11774,2.6611328,155.97,155.72,153.46,153.12,0
368458.56,0.17144552,2.0618863,1.4724573,1.6002059,100.25547,23.30828,13.570602,23.897646,405.11615,278.13013,26.88,6.919,5.36,16.88,24.845,0.0,90.225624,0.0,0.0,297.375,195.375,4893.0,0.0,-2.0078125,1.4469604,541.8577,19915.596,20000.502,1100.0834,535.9789,141.34799,122.86614,0.0,-2.1818352,4.0,92.96265,30.076254,-2.6249967,-2.6249967,7.552,0.0,12.703125,0.97039795,0.0,0.0,0.0,0.0,0.0,0.79589844,0.7998047,76.29089,2.3437505,264.97934,286.79797,0.0,107.996956,99.90234,0.0,265.9165,273.07227,519.375,538.125,-4.5255857,408.375,0.0,436.0,79.82713,66.99998,202.02026,0.0,155.9,291.125,6.478882,5.6518555,57.01294,69.69147,2.6708984,155.91,155.85,153.69,153.17,0
368458.6,0.17715642,2.0622547,1.4732256,1.600121,100.254654,23.30828,13.589265,23.920547,405.27057,279.77145,26.88,6.959,5.36,16.88,24.845,0.0,90.22562,0.0,0.0,297.75,195.375,4920.0,0.0,-1.9921875,1.4481201,542.92737,20034.465,20000.502,1100.0834,535.9789,138.61386,121.25534,0.0,-2.3704681,4.0,91.4917,30.076147,-2.6249967,-2.6249967,7.544,0.0,13.109375,0.96813965,0.0,0.0,0.0,0.0,0.0,0.796875,0.7998047,76.29089,2.3437505,265.13638,286.8499,0.0,107.99726,99.90234,0.0,266.016,272.9479,519.375,538.125,-4.7142186,406.875,0.0,435.875,79.82713,66.99998,202.84424,0.0,156.12,290.4375,6.665039,5.0750732,57.141113,69.477844,2.6660156,156.14,156.44,153.69,153.63,0
368458.62,0.18172514,2.0436518,1.4709507,1.6001209,100.25392,23.30828,13.59647,23.870638,403.02274,278.38934,26.88,6.999,5.36,16.88,24.845,0.0,90.22561,0.0,0.0,297.375,195.375,4923.0,0.0,-1.9921875,1.4471436,542.5625,19927.27,20000.502,1100.0834,535.9789,139.84317,121.44609,0.0,-2.5213742,4.0,92.085266,30.07605,-2.6249967,-2.6249967,7.528,0.0,12.9921875,0.9819336,0.0,0.0,0.0,0.0,0.0,0.79589844,0.7998047,76.297,2.3437505,264.79163,286.91797,0.0,107.997536,99.90234,0.0,265.69263,272.77377,519.75,538.125,-4.8651247,406.84375,0.0,435.78125,79.82713,66.99998,202.57568,0.0,156.46,294.59375,6.869507,5.0750732,56.359863,68.82172,2.668457,156.52,156.68,153.92,154.1,0
368458.7,0.24538012,2.0174608,1.46986,1.600121,100.25408,23.30828,13.583935,23.774136,400.72568,276.8589,26.88,7.038,5.36,16.88,24.845,0.0,90.2256,0.0,0.0,297.75,195.375,4924.0,0.0,-1.8984375,1.4468384,543.06006,19881.633,20000.502,1100.0834,536.5095,141.00888,122.103134,0.0,-2.6420994,4.0,92.64679,30.075962,-2.6249967,-2.6249967,7.5,0.0,12.5390625,0.9737549,0.0,0.0,0.0,0.0,0.0,0.7949219,0.7998047,76.297,2.3437505,264.12662,286.3375,0.0,107.99778,99.90234,0.0,265.0044,272.68256,519.375,537.75,-4.98585,406.375,0.0,435.6875,79.82713,66.99998,202.36816,0.0,156.68,292.125,7.1014404,5.996704,56.82373,70.49408,2.6708984,156.56,156.81,154.16,154.43,0
368458.72,0.2963041,2.0257344,1.4730681,1.6000788,100.25423,23.30828,13.592738,23.762897,403.79205,279.71396,26.88,7.08,5.36,16.88,24.845,0.0,90.22559,0.0,0.0,297.0,195.375,4937.0,0.0,-1.8515625,1.4477539,543.39996,20001.033,20000.502,1100.0834,536.5095,139.71599,121.29773,0.0,-2.7386794,4.0,91.87012,30.075884,-2.6249967,-2.6249967,7.528,0.0,12.8125,0.98968506,0.0,0.0,0.0,0.0,0.0,0.796875,0.7998047,76.33209,2.3437505,264.0493,285.99292,0.0,107.998,99.90234,0.0,264.88834,272.5582,519.75,537.75,-5.08243,411.21875,0.0,435.6875,79.82713,66.99998,202.83203,0.0,156.8,296.90625,7.296753,4.1168213,55.92041,67.82074,2.6708984,156.99,157.17,154.79,154.74,0
368458.75,0.3170433,2.010294,1.4740293,1.599994,100.25436,23.30828,13.575463,23.721546,401.166,279.47092,26.88,7.119,5.36,16.88,24.845,0.0,90.225586,0.0,0.0,296.625,195.75,4965.0,0.0,-1.875,1.4477539,543.39996,20034.996,20000.502,1100.0834,536.5095,139.39807,121.318924,0.0,-2.8159437,4.0,91.563416,30.075813,-2.2499971,-2.2499971,7.508,0.0,12.8359375,1.0029297,0.0,0.0,0.0,0.0,0.0,0.7949219,0.7998047,76.33209,2.3437505,263.7644,285.04666,0.0,107.9982,99.90234,0.0,264.6313,272.34262,519.75,538.125,-5.159694,414.84375,0.0,435.375,79.82713,66.99998,203.43628,0.0,157.28,300.875,7.4920654,5.1757812,55.17578,68.23883,2.6733398,157.58,157.53,155.03,155.21,0
368458.78,0.31363466,1.9853678,1.468199,1.5999941,100.25531,23.30828,13.586808,23.667887,398.9819,277.72543,26.88,7.158,5.36,16.88,24.845,0.0,90.225586,0.0,0.0,297.0,195.75,4961.0,0.0,-1.8671875,1.4477539,543.39996,20051.979,20000.502,1100.0834,537.57086,138.86821,120.937416,0.0,-2.8777552,4.0,91.30859,30.07575,-2.2499971,-2.2499971,7.496,0.0,12.28125,0.99884033,0.0,0.0,0.0,0.0,0.0,0.7910156,0.7998047,76.33209,2.3437505,263.39548,285.739,0.0,107.99838,99.90234,0.0,264.3079,272.1685,520.125,537.75,-5.2215056,413.03125,0.0,435.375,79.82713,66.99998,202.83813,0.0,157.85,299.65625,7.7026367,5.2124023,55.40161,68.699646,2.668457,157.96,157.77,155.55,155.32,0
368458.84,0.29090774,2.012897,1.4698284,1.599994,100.256165,23.30828,13.59475,23.651497,404.1601,281.55673,26.88,7.199,5.36,16.88,24.845,0.0,90.225586,0.0,0.0,297.75,195.75,4965.0,0.0,-1.859375,1.4477539,543.39996,20029.69,20000.502,1100.0834,537.57086,139.22852,121.17056,0.0,-3.0834541,4.0,91.482544,30.075693,-2.2499971,-2.2499971,7.46,0.0,12.4296875,0.99334717,0.0,0.0,0.0,0.0,0.0,0.7939453,0.7998047,76.40228,2.3437505,263.28336,285.42136,0.0,107.99854,99.90234,0.0,264.15036,272.0358,520.125,538.125,-5.4272046,412.40625,0.0,435.5,79.82713,66.99998,202.771,0.0,158.1,298.0,7.940674,4.559326,55.71289,68.63861,2.6733398,158.45,158.02,155.72,155.39,0
368458.88,0.2727262,2.0239089,1.4659773,1.5999093,100.25777,23.30828,13.582731,23.546322,404.00433,282.80872,26.88,7.238,5.36,16.88,24.845,0.0,90.225586,0.0,0.0,297.0,195.75,4989.0,0.0,-1.984375,1.4477539,543.39996,19966.54,20000.502,1100.0834,537.83624,139.2921,120.64069,0.0,-3.2480135,4.0,91.51306,30.075642,-2.2499971,-2.2499971,7.452,0.0,12.484375,1.0140381,0.0,0.0,0.0,0.0,0.0,0.79589844,0.7998047,76.40228,2.3437505,262.56,285.22116,0.0,107.99869,99.90234,0.0,263.44556,271.83682,520.125,538.125,-5.591764,412.21875,0.0,435.0,79.82713,66.99998,202.92969,0.0,158.34,304.21875,8.139038,5.441284,54.541016,68.50433,2.6708984,158.51,158.32,155.8,155.55,0
368458.9,0.23818097,1.9908137,1.4641032,1.5999515,100.25921,23.30828,13.597755,23.487635,399.5221,279.33472,26.88,7.28,5.36,16.88,24.845,0.0,90.225586,0.0,0.0,297.0,195.75,4983.0,0.0,-2.0,1.446106,543.39996,20056.754,20000.502,1100.0834,537.83624,138.9106,120.91622,0.0,-3.3796606,4.0,91.32843,30.075596,-2.2499971,-2.2499971,7.476,0.0,12.609375,1.0068359,0.0,0.0,0.0,0.0,0.0,0.79589844,0.7998047,76.43738,2.3437505,262.15692,285.10217,0.0,107.99882,99.90234,0.0,263.07245,271.72073,520.5,538.125,-5.723411,411.0,0.0,435.1875,79.82713,66.99998,202.58179,0.0,158.5,302.0625,8.364868,5.783081,54.94995,69.480896,2.6635742,158.62,158.57,156.1,156.04,0
368458.94,0.23054478,1.9963255,1.4649065,1.5999092,100.260506,23.30828,13.578976,23.443325,402.09677,281.92474,26.88,7.319,5.36,16.88,24.845,0.0,90.225586,0.0,0.0,297.375,195.75,4997.0,0.0,-1.921875,1.446106,543.39996,19978.746,20000.502,1100.0834,537.83624,139.24971,120.598305,0.0,-3.4849787,4.0,91.34979,30.075554,-2.2499971,-2.2499971,7.44,0.0,13.40625,1.0186157,0.0,0.0,0.0,0.0,0.0,0.7939453,0.7998047,76.43738,2.3437505,261.85278,284.7112,0.0,107.99894,99.90234,0.0,262.74905,271.56317,520.5,538.125,-5.828729,410.65625,0.0,435.0,79.82713,66.99998,203.00293,0.0,159.15,305.59375,8.572388,5.9143066,54.284668,69.148254,2.6782227,158.95,158.95,156.2,156.27,0
368459.0,0.22443584,1.9985303,1.4641674,1.5999093,100.26084,23.30828,13.565829,23.468454,402.45493,281.66763,26.88,7.358,5.36,16.88,24.845,0.0,90.225586,0.0,0.0,298.5,195.75,4988.0,0.0,-1.9765625,1.446106,543.39996,19875.795,20000.502,1100.0834,538.3669,139.37688,119.64454,0.0,-3.569233,4.0,91.552734,30.075516,-2.2499971,-2.2499971,7.42,0.0,13.3515625,1.0065308,0.0,0.0,0.0,0.0,0.0,0.7949219,0.7998047,76.43738,2.3437505,262.02634,284.93433,0.0,107.99905,99.90234,0.0,262.8651,271.49686,520.5,538.125,-5.9129834,410.90625,0.0,435.1875,79.82713,66.99998,202.68555,0.0,159.02,301.96875,8.792114,4.8797607,54.96826,69.01703,2.6708984,158.87,158.95,156.39,156.68,0
368459.03,0.27954865,1.9994122,1.4606807,1.5998666,100.26115,23.30828,13.580065,23.428326,402.8435,282.90048,26.88,7.399,5.36,16.88,24.845,0.0,90.225586,0.0,0.0,297.375,195.75,5005.0,0.0,-1.9375,1.446106,543.39996,19971.846,20000.502,1100.0834,538.3669,139.14374,119.92007,0.0,-3.6366363,4.0,91.29791,30.075481,-2.2499971,-2.2499971,7.444,0.0,12.78125,1.0145874,0.0,0.0,0.0,0.0,0.0,0.7949219,0.7998047,76.45874,2.3437505,261.75003,285.3242,0.0,107.999146,99.90234,0.0,262.64124,271.38907,520.5,538.125,-5.9803867,411.40625,0.0,434.875,79.82713,66.99998,203.00903,0.0,159.15,304.375,9.008789,5.0231934,54.510498,68.925476,2.668457,159.19,159.25,156.92,157.17,0
368459.06,0.30363894,1.9997649,1.4588305,1.5998667,100.26225,23.30828,13.566592,23.364023,403.21783,283.67255,26.88,7.439,5.36,16.88,24.845,0.0,90.225586,0.0,0.0,297.75,195.75,5014.0,0.0,-1.9765625,1.446106,543.39996,19971.846,20000.502,1100.0834,538.63226,138.99538,119.771706,0.0,-3.690559,4.0,91.2262,30.07545,-2.2499971,-2.2499971,7.408,0.0,12.609375,1.013916,0.0,0.0,0.0,0.0,0.0,0.79785156,0.7998047,76.45874,2.3437505,261.30792,285.27048,0.0,107.99923,99.90234,0.0,262.21838,271.2232,520.5,538.125,-6.0343094,408.6875,0.0,434.28125,79.82713,66.99998,202.75879,0.0,159.51,304.1875,9.213257,5.2581787,54.553223,69.40765,2.6782227,159.31,159.55,157.41,157.34,0
368459.1,0.36291113,1.9811561,1.458939,1.5998243,100.263245,23.30828,13.574739,23.35406,400.81854,282.37827,26.88,7.478,5.36,16.88,24.845,0.0,90.225586,0.0,0.0,297.75,195.75,5021.0,0.0,-2.125,1.446106,543.39996,19944.252,20000.502,1100.0834,538.63226,138.69864,119.093475,0.0,-3.889947,4.0,91.08429,30.075424,-2.2499971,-2.2499971,7.4,0.0,12.46875,1.0155029,0.0,0.0,0.0,0.0,0.0,0.7949219,0.7998047,76.486206,2.3437505,261.24023,285.1282,0.0,107.999306,99.90234,0.0,262.05252,271.06567,520.5,538.125,-6.2336974,409.03125,0.0,433.875,79.82713,66.99998,202.75269,0.0,159.63,304.65625,9.436035,4.9560547,54.46167,69.236755,2.6708984,159.75,159.8,157.58,158.13,0
368459.16,0.41032892,1.9737126,1.4556408,1.5998244,100.26414,23.30828,13.574583,23.322386,401.8194,282.9706,26.88,7.519,5.36,16.88,24.845,0.0,90.225586,0.0,0.0,298.5,195.75,5019.0,0.0,-2.1015625,1.446106,543.39996,19937.883,20000.502,1100.0834,538.63226,138.84702,119.135864,0.0,-4.0494576,4.0,91.15448,30.0754,-2.2499971,-2.2499971,7.372,0.0,12.3828125,1.0159302,0.0,0.0,0.0,0.0,0.0,0.7949219,0.7998047,76.486206,2.3437505,261.0228,285.50525,0.0,107.999374,99.90234,0.0,261.94476,270.90814,520.875,538.125,-6.393208,408.375,0.0,433.28125,79.82713,66.99998,202.6001,0.0,159.83,304.78125,9.640503,4.7668457,54.437256,69.2215,2.668457,160.07,159.99,158.45,158.38,0
368459.2,0.38826314,1.9707351,1.4532833,1.5998245,100.26577,23.30828,13.568614,23.301138,401.5388,283.56177,26.88,7.559,5.36,16.88,24.845,0.0,90.225586,0.0,0.0,298.875,195.75,5033.0,0.0,-2.1328125,1.446106,543.39996,19927.27,20000.502,1100.0834,538.8976,138.9106,119.07228,0.0,-4.177066,4.0,91.03241,30.075378,-2.2499971,-2.2499971,7.356,0.0,12.3203125,1.0128174,0.0,0.0,0.0,0.0,0.0,0.7998047,0.7998047,76.486206,2.3437505,260.878,285.8161,0.0,107.999435,99.90234,0.0,261.7872,270.7257,520.875,538.125,-6.5208163,408.125,0.0,432.6875,79.82713,66.99998,202.81372,0.0,160.11,303.84375,9.866333,5.2093506,54.614258,70.06683,2.6708984,160.31,160.31,158.69,158.32,0
368459.22,0.3706105,1.9695442,1.4512107,1.5998667,100.267235,23.30828,13.570295,23.276411,401.63785,284.6461,26.88,7.599,5.36,16.88,24.845,0.0,90.225586,0.0,0.0,297.75,196.125,5051.0,0.0,-2.203125,1.446106,543.39996,19961.232,20000.502,1100.0834,538.8976,137.82967,118.309265,0.0,-4.279153,4.0,90.512085,30.07536,-1.8749976,-1.8749976,7.356,0.0,12.265625,1.0228271,0.0,0.0,0.0,0.0,0.0,0.7998047,0.7998047,76.50757,2.3437505,260.709,286.0009,0.0,107.99949,99.90234,0.0,261.57162,270.4604,520.875,538.125,-6.6229033,409.5625,0.0,431.28125,79.82713,66.99998,202.7893,0.0,160.45,306.84375,10.073853,4.86145,54.04663,69.35272,2.6733398,160.81,160.62,158.75,158.62,0
368459.25,0.3764884,1.9690678,1.445693,1.5999092,100.26939,23.30828,13.571472,23.18313,401.49072,285.10516,26.88,7.638,5.36,16.88,24.845,0.0,90.225586,0.0,0.0,298.875,196.125,5061.0,0.0,-2.2421875,1.446106,543.39996,19950.62,20000.502,1100.0834,540.22424,137.91444,118.309265,0.0,-4.360822,4.0,90.47089,30.075342,-1.8749976,-1.8749976,7.32,0.0,12.140625,1.0175781,0.0,0.0,0.0,0.0,0.0,0.796875,0.7998047,76.50757,2.3437505,260.06818,286.42395,0.0,107.99954,99.90234,0.0,260.9829,270.19504,521.25,538.125,-6.7045727,404.46875,0.0,431.09375,79.82713,66.99998,202.37427,0.0,160.88,305.28125,10.324097,5.4229736,54.345703,70.46356,2.6733398,161.06,160.94,159.01,158.62,0
368459.3,0.3411907,1.9876273,1.4441805,1.5999514,100.271324,23.30828,13.589874,23.174015,404.2135,288.05954,26.88,7.68,5.36,16.88,24.845,0.0,90.225586,0.0,0.0,300.75,196.125,5079.0,0.0,-2.2421875,1.446106,543.39996,19989.36,20000.502,1100.0834,540.22424,136.98187,117.73701,0.0,-4.426158,4.0,90.02075,30.075327,-1.8749976,-1.8749976,7.26,0.0,12.203125,1.0198975,0.0,0.0,0.0,0.0,0.0,0.79785156,0.7998047,76.59912,2.3437505,260.0073,286.61597,0.0,107.99959,99.90234,0.0,260.86682,269.9463,521.25,538.125,-6.7699084,400.28125,0.0,430.6875,79.82713,66.99998,202.67334,0.0,161.27,305.96875,10.534668,5.786133,54.211426,70.89081,2.6708984,161.45,161.25,159.12,158.95,0
368459.38,0.29295257,1.976301,1.4421359,1.5999515,100.27306,23.30828,13.585177,23.153809,401.70154,286.77667,26.88,7.718,5.36,16.88,24.845,0.0,90.225586,0.0,0.0,298.125,196.125,5088.0,0.0,-2.3125,1.446106,543.39996,20081.164,20000.502,1100.0834,540.22424,135.77376,117.39789,0.0,-4.4784265,4.0,89.367676,30.075312,-1.8749976,-1.8749976,7.312,0.0,12.1015625,1.0197754,0.0,0.0,0.0,0.0,0.0,0.79785156,0.7998047,76.59912,2.3437505,259.86975,286.88974,0.0,107.999626,99.90234,0.0,260.2864,269.61462,521.25,538.5,-6.822177,401.09375,0.0,428.78125,79.82713,66.99998,202.69775,0.0,161.66,305.9375,10.78186,7.0129395,54.21753,72.377014,2.6733398,162.02,161.95,159.19,159.12,0
368459.4,0.25436205,1.9717705,1.4370763,1.599994,100.2738,23.30828,13.58189,23.01774,401.6402,287.29645,26.88,7.758,5.36,16.88,24.845,0.0,89.924835,0.0,0.0,299.25,196.125,5098.0,0.0,-2.1875,1.446106,543.39996,19927.27,20000.502,1100.0834,541.2856,137.2574,117.46147,0.0,-4.5202413,4.0,90.08331,30.075298,-1.8749976,-1.8749976,7.26,0.0,12.0703125,1.0244751,0.0,0.0,0.0,0.0,0.0,0.796875,0.7998047,76.59912,2.3437505,258.9326,286.7997,0.0,108.09966,99.90234,0.0,259.85522,269.3244,521.25,538.125,-6.8639917,397.75,0.0,428.6875,79.82713,66.99998,202.16675,0.0,162.07,307.34375,11.04126,7.3913574,53.95508,72.75238,2.692871,162.08,162.08,159.19,159.37,0
368459.44,0.22348964,1.9699583,1.4392581,1.5999941,100.27447,23.30828,13.5737295,23.050716,402.08902,288.18167,26.88,7.798,5.36,16.88,24.845,0.0,89.684235,0.0,0.0,301.125,196.125,5108.0,0.0,-2.0546875,1.4477539,543.39996,19984.053,20000.502,1100.0834,541.2856,136.13408,116.846825,0.0,-4.553693,4.0,89.541626,30.075287,-1.8749976,-1.8749976,7.2,0.0,12.046875,1.0281982,0.0,0.0,0.0,0.0,0.0,0.80078125,0.7998047,76.66168,2.3437505,259.16055,286.62448,0.0,108.1897,99.90234,0.0,260.01276,269.04248,521.625,538.125,-6.8974433,397.21875,0.0,427.6875,79.82713,66.99998,202.58789,0.0,162.45,308.46875,11.2335205,6.576538,53.741455,71.90399,2.6953125,162.4,162.47,159.68,159.86,0
368459.5,0.21879172,1.9879835,1.4338816,1.599994,100.275894,23.30828,13.579736,22.97072,405.09766,290.16745,26.88,7.839,5.36,16.88,24.845,0.0,89.49175,0.0,0.0,301.125,196.125,5105.0,0.0,-2.03125,1.4477539,543.39996,20023.322,20000.502,1100.0834,541.5509,136.13408,117.16475,0.0,-4.5804543,4.0,89.541626,30.075275,-1.8749976,-1.8749976,7.192,0.0,11.9765625,1.0281982,0.0,0.0,0.0,0.0,0.0,0.7988281,0.7998047,76.66168,2.3437505,258.61057,287.12204,0.0,108.27073,99.90234,0.0,259.53186,268.85178,521.625,538.125,-6.924205,396.96875,0.0,427.59375,79.82713,66.99998,202.05688,0.0,162.48,308.46875,11.437988,7.559204,53.741455,73.10333,2.7001953,162.2,162.2,160.07,159.99,0
368459.53,0.23503338,1.9951935,1.4327186,1.5999942,100.277176,23.30828,13.595658,22.997408,405.2709,290.519,26.88,7.88,5.36,16.88,24.845,0.0,89.33777,0.0,0.0,300.375,196.125,5109.0,0.0,-2.1328125,1.4477539,543.39996,19984.053,20000.502,1100.0834,541.5509,135.85855,116.52891,0.0,-4.6018634,4.0,89.408875,30.075266,-1.8749976,-1.8749976,7.224,0.0,11.890625,1.0223999,0.0,0.0,0.0,0.0,0.0,0.79785156,0.7998047,76.69678,2.3437505,258.7958,287.5802,0.0,108.34366,99.90234,0.0,259.6894,268.744,521.625,538.125,-6.945614,397.03125,0.0,427.875,79.82713,66.99998,202.14233,0.0,162.58,306.71875,11.642456,7.067871,54.071045,73.15216,2.7197266,162.53,162.6,160.18,160.49,0
368459.56,0.2680267,1.9793274,1.4313493,1.6000364,100.278336,23.30828,13.589227,22.993708,403.37997,290.0691,26.88,7.919,5.36,16.88,24.845,0.0,89.21458,0.0,0.0,299.625,196.125,5125.0,0.0,-2.1640625,1.4477539,543.39996,19954.865,20000.502,1100.0834,541.5509,136.11288,116.52891,0.0,-4.618991,4.0,89.45007,30.075258,-1.8749976,-1.8749976,7.228,0.0,11.78125,1.0175781,0.0,0.0,0.0,0.0,0.0,0.7988281,0.7998047,76.69678,2.3437505,258.77145,287.39734,0.0,108.409294,99.90234,0.0,259.5816,268.53668,521.625,538.125,-6.9627414,396.8125,0.0,426.875,79.82713,66.99998,202.99072,0.0,162.68,305.28125,11.834717,7.409668,54.345703,73.95477,2.7368164,162.8,162.98,161.0,160.94,0
368459.6,0.29442137,1.9354811,1.431379,1.6000364,100.280205,23.30828,13.584724,23.0227,398.44925,287.1384,26.88,7.958,5.36,16.88,24.845,0.0,89.11603,0.0,0.0,298.875,196.5,5136.0,0.0,-2.265625,1.4477539,543.39996,19927.8,20000.502,1100.0834,542.3469,136.49438,116.5501,0.0,-4.632693,4.0,89.63318,30.07525,-1.4999981,-1.4999981,7.236,0.0,11.734375,1.0206299,0.0,0.0,0.0,0.0,0.0,0.7998047,0.7998047,76.69678,2.3437505,258.97318,288.0338,0.0,108.46836,99.90234,0.0,259.905,268.28793,521.625,538.5,-6.9764433,400.28125,0.0,426.0,79.82713,66.99998,202.75879,0.0,163.03,306.1875,12.039185,7.107544,54.1687,73.67401,2.758789,163.11,163.31,161.32,161.32,0
368459.66,0.29553708,1.9179425,1.4267685,1.6000787,100.28189,23.30828,13.581573,23.000408,398.05466,287.41254,26.88,7.999,5.36,16.88,24.845,0.0,89.037186,0.0,0.0,298.875,196.5,5146.0,0.0,-2.3671875,1.446106,543.39996,19989.889,20000.502,1100.0834,542.3469,135.05315,115.681114,0.0,-4.6436543,4.0,88.9389,30.075243,-1.4999981,-1.4999981,7.224,0.0,11.625,1.020813,0.0,0.0,0.0,0.0,0.0,0.79785156,0.7998047,76.737976,2.3437505,258.8212,288.80435,0.0,108.52152,99.90234,0.0,259.6894,268.06406,521.625,538.5,-6.987405,399.78125,0.0,425.5,79.82713,66.99998,202.594,0.0,163.32,306.25,12.219238,7.6538086,54.162598,74.40033,2.7636719,163.37,163.7,161.63,161.12,0
368459.7,0.27642968,1.929677,1.4284061,1.6000787,100.28341,23.30828,13.573507,22.99135,401.10373,289.55783,26.88,8.038,5.36,16.88,24.845,0.0,88.97411,0.0,0.0,300.375,196.5,5145.0,0.0,-2.3125,1.446106,543.39996,19927.8,20000.502,1100.0834,542.8776,136.53677,116.52891,0.0,-4.8086734,4.0,89.653015,30.075237,-1.4999981,-1.4999981,7.18,0.0,11.5078125,1.0203247,0.0,0.0,0.0,0.0,0.0,0.7949219,0.7998047,76.737976,2.3437505,258.76028,288.4015,0.0,108.56937,99.90234,0.0,259.6894,267.86505,522.0,538.5,-7.152424,397.09375,0.0,424.875,79.82713,66.99998,202.6062,0.0,163.62,306.09375,12.414551,7.9071045,54.18701,74.879456,2.7734375,163.83,163.77,161.69,161.45,0
368459.72,0.22114375,1.953121,1.4311172,1.6000788,100.284775,23.30828,13.57958,23.004917,403.81415,291.68448,26.88,8.08,5.36,16.88,24.845,0.0,88.92365,0.0,0.0,301.875,196.5,5148.0,0.0,-2.21875,1.446106,543.39996,20074.797,20000.502,1100.0834,542.8776,134.31133,115.65992,0.0,-4.9406886,4.0,88.58185,30.075232,-1.4999981,-1.4999981,7.124,0.0,11.7890625,1.0299683,0.0,0.0,0.0,0.0,0.0,0.7998047,0.7998047,76.77307,2.3437505,258.85516,287.90115,0.0,108.61243,99.90234,0.0,259.73917,267.71582,522.0,538.125,-7.284439,397.78125,0.0,424.6875,79.82713,66.99998,202.9602,0.0,163.78,309.0,12.573242,7.965088,53.6438,74.54071,2.7832031,164.03,163.9,162.08,161.57,0
368459.75,0.176915,1.9437485,1.4373556,1.6001211,100.286,23.30828,13.577971,23.195705,401.45303,290.8239,26.88,8.118,5.36,16.88,24.845,0.0,88.883286,0.0,0.0,299.625,196.5,5163.0,0.0,-2.15625,1.446106,543.39996,19933.107,20000.502,1100.0834,542.8776,135.2439,115.341995,0.0,-5.046301,4.0,88.95874,30.075226,-1.4999981,-1.4999981,7.18,0.0,11.8046875,1.0392456,0.0,0.0,0.0,0.0,0.0,0.79785156,0.7998047,76.77307,2.3437505,260.17148,288.2498,0.0,108.651184,99.90234,0.0,260.9912,267.5002,522.0,538.125,-7.3900514,397.5,0.0,423.875,79.82713,66.99998,204.06494,0.0,164.02,311.78125,12.72583,1.473999,53.118896,67.6651,2.7929688,164.23,164.03,162.2,161.95,0
368459.8,0.161532,1.9212494,1.4306145,1.600121,100.28711,23.30828,13.594423,23.059895,399.0714,289.9385,26.88,8.16,5.36,16.88,24.845,0.0,88.85099,0.0,0.0,298.125,196.5,5178.0,0.0,-2.1875,1.446106,543.39996,19899.145,20000.502,1100.0834,543.40826,136.0281,115.78709,0.0,-5.1307907,4.0,89.33716,30.075222,-1.4999981,-1.4999981,7.212,0.0,11.8515625,1.0465698,0.0,0.0,0.0,0.0,0.0,0.796875,0.7998047,76.77307,2.3437505,259.23645,288.57303,0.0,108.686066,99.90234,0.0,260.12885,267.25146,522.0,538.125,-7.474541,398.34375,0.0,423.0,79.82713,66.99998,203.77808,0.0,164.44,313.96875,12.850952,7.3760986,52.703857,73.27118,2.7929688,164.62,164.42,162.47,162.33,0
368459.84,0.1692256,1.9122498,1.4364258,1.600121,100.2881,23.30828,13.6000805,23.146704,399.36407,289.98303,26.88,8.199,5.36,16.88,24.845,0.0,88.82516,0.0,0.0,298.125,196.5,5175.0,0.0,-2.1953125,1.4477539,543.39996,20039.242,20000.502,1100.0834,543.40826,134.52327,115.55395,0.0,-5.1983824,4.0,88.612366,30.075218,-1.4999981,-1.4999981,7.208,0.0,11.921875,1.0461426,0.0,0.0,0.0,0.0,0.0,0.79785156,0.7998047,76.8219,2.3437505,259.83582,288.52835,0.0,108.71746,99.90234,0.0,260.85855,267.00272,522.375,538.125,-7.542133,397.96875,0.0,422.1875,79.82713,66.99998,204.26025,0.0,164.68,313.84375,13.000488,4.6936035,52.72827,70.75043,2.7929688,164.82,164.76,162.53,162.73,0
368459.88,0.13538049,1.9086499,1.4306133,1.6001636,100.288994,23.30828,13.592321,23.03198,399.37317,290.88623,26.88,8.239,5.36,16.88,24.845,0.0,88.80449,0.0,0.0,298.5,196.5,5191.0,0.0,-2.2421875,1.4477539,543.39996,19989.889,20000.502,1100.0834,544.2043,135.30748,115.89306,0.0,-5.2524557,4.0,88.90839,30.075214,-1.4999981,-1.4999981,7.192,0.0,12.03125,1.0495605,0.0,0.0,0.0,0.0,0.0,0.7998047,0.7998047,76.8219,2.3437505,259.04593,288.46054,0.0,108.74571,99.90234,0.0,259.96304,266.8203,522.375,538.125,-7.596206,394.28125,0.0,422.1875,79.82713,66.99998,204.12598,0.0,164.97,314.875,13.137817,8.114624,52.53296,74.11957,2.7978516,164.95,164.82,162.73,162.91,0
368459.9,0.108304396,1.9259601,1.428578,1.6002059,100.2898,23.30828,13.59275,23.02868,402.3958,293.70886,26.88,8.28,5.36,16.88,24.845,0.0,88.78796,0.0,0.0,300.0,196.5,5202.0,0.0,-2.296875,1.4477539,543.39996,20126.271,20000.502,1100.0834,544.2043,133.25159,115.25722,0.0,-5.2957144,4.0,87.91809,30.07521,-1.4999981,-1.4999981,7.116,0.0,12.1015625,1.0612183,0.0,0.0,0.0,0.0,0.0,0.7988281,0.7998047,76.87225,2.3437505,259.024,288.73068,0.0,108.77114,99.90234,0.0,259.96304,266.5384,522.375,538.5,-7.639465,389.90625,0.0,420.5,79.82713,66.99998,204.05273,0.0,165.31,318.375,13.250732,7.7423096,52.227783,73.542786,2.7954102,165.35,165.41,163.18,163.37,0
368459.97,0.08664352,1.914134,1.4283261,1.6002059,100.29053,23.30828,13.575472,23.013742,399.8545,292.41498,26.88,8.318,5.36,16.88,24.845,0.0,88.77473,0.0,0.0,301.875,196.875,5212.0,0.0,-2.25,1.446106,543.39996,19967.07,20000.502,1100.0834,544.2043,135.05315,115.89306,0.0,-5.3303213,4.0,88.786316,30.075207,-1.1249986,-1.1249986,7.06,0.0,12.1796875,1.0598755,0.0,0.0,0.0,0.0,0.0,0.79589844,0.7998047,76.87225,2.3437505,258.92175,288.6394,0.0,108.79403,99.90234,0.0,259.8055,266.27304,522.75,538.125,-7.674072,393.84375,0.0,420.09375,79.82713,66.99998,204.08325,0.0,165.82,317.96875,13.406372,8.383179,52.2583,74.36371,2.800293,165.69,165.69,163.37,163.7,0
368460.0,0.08931482,1.9094037,1.4277554,1.6002059,100.29118,23.30828,13.575096,22.984436,400.30798,293.19595,26.88,8.358,5.36,16.88,24.845,0.0,88.764145,0.0,0.0,300.375,196.875,5220.0,0.0,-2.140625,1.446106,543.39996,20103.984,20000.502,1100.0834,545.0003,133.92982,116.08382,0.0,-5.358007,4.0,88.16223,30.075205,-1.1249986,-1.1249986,7.104,0.0,12.296875,1.064148,0.0,0.0,0.0,0.0,0.0,0.7988281,0.7998047,76.87225,2.3437505,258.7204,288.53732,0.0,108.81463,99.90234,0.0,259.3743,266.016,522.75,538.125,-7.7017574,392.71875,0.0,419.5,79.82713,66.99998,204.27856,0.0,166.01,319.25,13.510132,8.224487,52.15454,74.19891,2.800293,165.89,165.89,163.83,163.9,0
368460.03,0.09145185,1.9075115,1.4318968,1.6002482,100.29177,23.30828,13.568974,23.08615,400.35025,293.67633,26.88,8.398,5.36,16.88,24.845,0.0,88.75568,0.0,0.0,300.375,196.875,5228.0,0.0,-2.1171875,1.446106,543.39996,19835.994,20000.502,1100.0834,545.0003,135.39226,114.60018,0.0,-5.3801556,4.0,88.86719,30.075203,-1.1249986,-1.1249986,7.08,0.0,12.59375,1.0678711,0.0,0.0,0.0,0.0,0.0,0.79785156,0.7998047,76.927185,2.3437505,259.4221,288.52896,0.0,108.83317,99.90234,0.0,260.4108,265.78384,522.75,538.125,-7.723906,391.75,0.0,419.09375,79.82713,66.99998,204.84619,0.0,166.3,320.375,13.616943,4.672241,52.06299,70.66193,2.8027344,166.16,166.3,163.96,164.19,0
368460.06,0.11316148,1.9067547,1.4355878,1.6002482,100.2923,23.30828,13.570547,23.17231,400.80554,294.17902,26.88,8.438,5.36,16.88,24.845,0.0,88.7489,0.0,0.0,299.25,196.875,5231.0,0.0,-2.1953125,1.4477539,543.39996,19944.781,20000.502,1100.0834,545.53094,134.0358,113.92194,0.0,-5.3978744,4.0,88.21411,30.075201,-1.1249986,-1.1249986,7.112,0.0,12.5625,1.0678711,0.0,0.0,0.0,0.0,0.0,0.80078125,0.7998047,76.927185,2.3437505,260.0165,288.507,0.0,108.84985,99.90234,0.0,260.72586,265.5931,522.75,538.125,-7.741625,392.0,0.0,418.59375,79.82713,66.99998,205.13916,0.0,166.52,320.375,13.690186,-0.3265381,52.06299,65.730286,2.7978516,166.43,166.43,164.55,164.36,0
368460.12,0.15052919,1.906452,1.4312743,1.6002482,100.29277,23.30828,13.589227,23.105637,401.21695,295.10022,26.88,8.478,5.36,16.88,24.845,0.0,88.743484,0.0,0.0,297.375,196.875,5242.0,0.0,-2.3125,1.4477539,543.39996,19889.062,20000.502,1100.0834,545.53094,135.98572,114.663765,0.0,-5.4120493,4.0,89.15405,30.0752,-1.1249986,-1.1249986,7.172,0.0,12.5390625,1.0685425,0.0,0.0,0.0,0.0,0.0,0.79785156,0.7998047,76.97601,2.3437505,259.5574,288.8048,0.0,108.86487,99.90234,0.0,260.4108,265.42728,522.75,538.5,-7.7558,390.9375,0.0,418.5,79.82713,66.99998,204.99268,0.0,166.55,320.5625,13.772583,-0.1373291,52.044678,65.99579,2.7832031,166.62,166.75,164.85,164.82,0
368460.16,0.18042335,1.9063308,1.4201975,1.6002908,100.2932,23.30828,13.578865,22.87056,401.22934,295.3908,26.88,8.518,5.36,16.88,24.845,0.0,88.73915,0.0,0.0,297.75,196.875,5247.0,0.0,-2.3515625,1.4477539,543.39996,20019.076,20000.502,1100.0834,545.53094,134.43849,114.133896,0.0,-5.5796394,4.0,88.4079,30.075197,-1.1249986,-1.1249986,7.144,0.0,12.59375,1.0665283,0.0,0.0,0.0,0.0,0.0,0.80078125,0.7998047,76.97601,2.3437505,257.93747,289.23206,0.0,108.87838,99.90234,0.0,258.8851,265.2117,522.75,538.5,-7.92339,389.71875,0.0,417.6875,79.82713,66.99998,203.88794,0.0,166.85,319.96875,13.885498,8.380127,52.093506,74.668884,2.7734375,166.94,167.18,164.95,164.89,0
368460.2,0.20433868,1.9062824,1.4158117,1.6002907,100.29359,23.30828,13.58919,22.788486,401.24176,296.24445,26.88,8.558,5.36,16.88,24.845,0.0,88.73569,0.0,0.0,298.5,196.875,5262.0,0.0,-2.3515625,1.4477539,543.39996,20122.027,20000.502,1100.0834,546.06165,134.0358,114.98168,0.0,-5.5574617,4.0,88.142395,30.075195,-1.1249986,-1.1249986,7.12,0.0,12.6953125,1.0750732,0.0,0.0,0.0,0.0,0.0,0.7988281,0.7998047,76.97601,2.3437505,257.37213,289.51706,0.0,108.89054,99.90234,0.0,258.40417,264.98782,523.125,538.5,-7.901212,389.5,0.0,417.09375,79.82713,66.99998,203.71094,0.0,167.05,322.53125,13.99231,8.651733,51.879883,74.827576,2.7783203,167.18,167.42,165.46,165.08,0
368460.22,0.22347096,1.9062631,1.4223622,1.6003331,100.29394,23.30828,13.596416,22.988901,401.1166,296.99625,26.88,8.598,5.36,16.88,24.845,0.0,88.73291,0.0,0.0,301.5,196.875,5277.0,0.0,-2.4453125,1.4477539,543.39996,20101.861,20000.502,1100.0834,546.06165,132.31902,113.158936,0.0,-5.695969,4.0,87.31537,30.075193,-1.1249986,-1.1249986,7.008,0.0,12.7890625,1.0719604,0.0,0.0,0.0,0.0,0.0,0.80078125,0.7998047,77.01111,2.3437505,258.75394,289.8433,0.0,108.90149,99.90234,0.0,259.5733,264.73077,523.125,538.5,-8.03972,388.1875,0.0,416.09375,79.82713,66.99998,204.74854,0.0,167.46,321.59375,14.071655,-0.051879883,51.95923,66.28265,2.775879,167.59,167.8,165.55,165.16,0
368460.28,0.23877677,1.9062552,1.4109755,1.600333,100.29425,23.30828,13.583898,22.742418,401.37274,297.35486,26.88,8.638,5.36,16.88,24.845,0.0,88.73069,0.0,0.0,299.25,196.875,5280.0,0.0,-2.484375,1.4477539,543.39996,20132.64,20000.502,1100.0834,546.85767,132.50977,113.96433,0.0,-5.650525,4.0,87.324524,30.075191,-1.1249986,-1.1249986,7.06,0.0,12.140625,1.0640259,0.0,0.0,0.0,0.0,0.0,0.8017578,0.7998047,77.01111,2.3437505,257.05527,290.14084,0.0,108.91134,99.90234,0.0,257.5501,264.49033,523.125,538.5,-7.9942756,386.8125,0.0,415.59375,79.82713,66.99998,203.73535,0.0,167.68,319.21875,14.199829,8.618164,52.15454,75.28229,2.7783203,167.85,167.99,165.82,165.4,0
368460.3,0.27102143,1.9062521,1.4080743,1.6003755,100.29453,23.30828,13.586853,22.705956,401.99014,298.0943,26.88,8.678,5.36,16.88,24.845,0.0,88.72891,0.0,0.0,301.5,196.875,5285.0,0.0,-2.5078125,1.4477539,543.39996,20064.184,20000.502,1100.0834,546.85767,133.2304,114.04912,0.0,-5.61417,4.0,87.672424,30.07519,-1.1249986,-1.1249986,6.984,0.0,11.8046875,1.0557251,0.0,0.0,0.0,0.0,0.0,0.8027344,0.7998047,77.067566,2.3437505,256.8042,290.37918,0.0,108.920204,99.90234,0.0,257.2848,264.27472,523.125,538.5,-7.9579206,385.125,0.0,415.09375,79.82713,66.99998,203.40576,0.0,167.88,316.71875,14.294434,8.734131,52.36206,75.694275,2.7734375,168.2,168.2,166.03,165.95,0
368460.34,0.29681712,1.9250009,1.4015948,1.6003755,100.294785,23.30828,13.565484,22.624073,404.65884,300.58426,26.88,8.718,5.36,16.88,24.845,0.0,88.72749,0.0,0.0,299.625,197.25,5294.0,0.0,-2.8359375,1.4477539,543.39996,19931.516,20000.502,1100.0834,546.85767,134.24774,113.837166,0.0,-5.585086,4.0,88.16223,30.07519,-0.74999905,-0.74999905,7.048,0.0,11.5390625,1.0531006,0.0,0.0,0.0,0.0,0.0,0.8027344,0.7998047,77.067566,2.3437505,256.24005,291.13596,0.0,108.928185,99.90234,0.0,257.2848,264.09232,523.125,539.25,-7.9288363,389.34375,0.0,414.875,79.82713,66.99998,202.88696,0.0,168.18,315.9375,14.4104,9.420776,52.4292,76.57623,2.7807617,168.34,168.34,166.09,166.13,0
368460.38,0.31745368,1.8950005,1.401043,1.5927876,100.29418,23.30828,13.573964,22.629932,450.41498,335.4571,26.88,8.758,5.36,16.88,24.845,0.0,88.72636,0.0,0.0,301.5,197.25,5308.0,0.0,-2.9765625,1.4477539,543.39996,19949.559,20000.502,1100.0834,547.3883,134.12057,113.58283,0.0,-5.5618186,5.0,88.1012,30.07519,-0.74999905,-0.74999905,6.976,0.0,11.2578125,1.0576172,0.0,0.0,0.0,0.0,0.0,0.8027344,0.7998047,77.067566,2.3437505,256.27985,289.97925,0.0,108.93536,99.90234,0.0,256.7956,263.87674,523.5,538.875,-7.905569,387.71875,0.0,414.09375,79.82713,66.99998,203.66211,0.0,168.47,317.28125,14.501953,3.8208008,52.319336,70.96405,2.788086,168.76,168.68,166.37,166.3,0
368460.44,0.31396297,1.8642502,1.4054924,1.6004179,100.29364,23.30828,13.57404,22.80681,447.6299,333.44568,26.88,8.799,5.36,16.88,24.845,0.0,88.72545,0.0,0.0,301.875,197.25,5309.0,0.0,-3.0078125,1.4477539,543.39996,20176.154,20000.502,1100.0834,547.3883,129.58488,111.56933,0.0,-5.543205,5.0,85.91614,30.07519,-0.74999905,-0.74999905,6.952,0.0,11.234375,1.0452881,0.0,0.0,0.0,0.0,0.0,0.8027344,0.7998047,77.10266,2.3437505,257.4985,291.37283,0.0,108.941826,99.90234,0.0,258.2881,263.63626,523.5,539.25,-7.8869553,385.34375,0.0,413.0,79.82713,66.99998,203.67432,0.0,168.82,313.59375,14.593506,-0.43029785,52.7771,67.24396,2.7929688,169.25,169.12,166.56,166.77,0
368460.47,0.27117038,1.8519502,1.4026186,1.6003331,100.29398,23.30828,13.585813,22.60459,448.0869,332.2143,26.88,8.839,5.36,16.88,24.845,0.0,88.57435,0.0,0.0,300.75,196.875,5284.0,0.0,-2.953125,1.4477539,543.39996,19819.014,20000.502,1100.0834,547.3883,135.2439,113.498055,0.0,-5.5283136,5.0,88.64288,30.07519,-1.1249986,-1.1249986,6.996,0.0,11.3046875,1.0511475,0.0,0.0,0.0,0.0,0.0,0.80078125,0.7998047,77.10266,2.3437505,256.10495,290.7191,0.0,108.94764,99.90234,0.0,256.6878,263.66943,523.5,538.875,-7.872064,386.40625,0.0,414.6875,79.82713,66.99998,202.91138,0.0,169.23,315.34375,14.700317,9.197998,52.478027,76.70441,2.788086,169.25,169.12,166.62,166.94,0
368460.5,0.2569363,1.8282802,1.3976091,1.5915585,100.29429,23.30828,13.599913,22.555353,444.88538,331.4012,26.88,8.88,5.36,16.88,24.845,0.0,88.45347,0.0,0.0,301.125,197.25,5309.0,0.0,-2.9296875,1.4494019,543.39996,19972.377,20000.502,1100.0834,547.3883,133.31517,112.904594,0.0,-5.516401,5.0,87.71362,30.07519,-0.74999905,-0.74999905,6.976,0.0,11.375,1.0458374,0.0,0.0,0.0,0.0,0.0,0.80371094,0.7998047,77.08893,2.3437505,255.76588,289.8959,0.0,108.95287,99.90234,0.0,256.7956,263.6031,523.125,538.875,-7.8601513,386.46875,0.0,414.28125,79.82713,66.99998,202.91138,0.0,168.99,313.75,14.813232,8.706665,52.746582,76.60675,2.8027344,168.88,168.93,166.86,167.04,0
368460.53,0.26554903,1.7250621,1.4089619,1.592364,100.29456,23.30828,13.574626,22.759172,429.4701,318.59247,26.88,8.919,5.36,16.88,24.845,0.0,88.356766,0.0,0.0,298.875,196.875,5287.0,0.0,-2.9453125,1.4477539,543.39996,19951.15,20000.502,1100.0834,547.3883,133.06084,112.43831,0.0,-5.5068707,5.0,87.59003,30.07519,-1.1249986,-1.1249986,7.056,0.0,11.3984375,1.0460205,0.0,0.0,0.0,0.0,0.0,0.8017578,0.7998047,77.08893,2.3437505,257.17105,289.29193,0.0,108.95759,99.90234,0.0,258.09738,263.6031,523.5,538.875,-7.850621,383.21875,0.0,413.875,79.82713,66.99998,203.54004,0.0,169.24,313.8125,14.904785,-0.3173828,52.734375,67.637634,2.8076172,169.18,169.06,167.09,167.38,0
368460.6,0.25243923,1.590025,1.4124081,1.6002482,100.294815,23.30828,13.586223,22.754389,413.8011,304.0657,26.88,8.959,5.36,16.88,24.845,0.0,88.2794,0.0,0.0,300.375,196.875,5237.0,0.0,-2.921875,1.4477539,543.39996,20206.404,20000.502,1100.0834,547.3883,130.68701,112.75623,0.0,-5.4992466,5.0,86.59973,30.07519,-1.1249986,-17.624977,7.048,0.0,11.4921875,1.0442505,0.0,0.0,0.0,0.0,0.0,0.7998047,0.7998047,77.08893,2.3437505,257.13834,289.95166,0.0,108.96183,99.90234,0.0,258.03107,264.29962,523.125,538.875,-7.842997,383.96875,0.0,416.0,79.82713,66.99998,202.63672,0.0,169.33,313.28125,14.978027,-0.16479492,52.83203,67.985535,2.800293,169.43,169.32,167.38,167.75,0
368460.62,0.24195138,1.47976,1.424477,1.6002905,100.29504,23.30828,13.59434,23.095734,412.42615,274.06345,26.88,8.999,5.36,16.88,24.845,0.0,88.217514,0.0,0.0,302.25,187.5,4736.0,0.0,-3.390625,1.4679565,541.6836,22250.021,20000.502,1100.0834,547.3883,15.726527,98.34378,0.0,-3.9306474,5.0,33.0307,30.07519,-2.6249967,-10.499987,7.052,0.0,11.5234375,0.78863525,0.0,0.0,0.0,0.0,0.0,0.7939453,1.0,60.775757,2.3437505,259.49142,288.45392,0.0,108.965645,99.90234,0.0,260.33615,273.61124,522.75,539.625,-6.274398,37.0,0.0,427.6875,79.82713,66.99998,197.58301,0.0,169.76,236.59375,15.100098,3.338623,74.731445,93.785095,2.836914,169.69,169.5,167.66,167.81,0
368460.7,0.2335611,1.4544041,1.4409097,1.6024525,100.29524,23.30828,13.594163,23.711632,427.10376,255.17157,26.88,9.039,5.36,16.88,24.845,0.0,88.168,0.0,0.0,0.0,193.125,4258.0,0.0,-5.0390625,1.3933105,490.3991,19406.68,20000.502,1100.0834,526.42676,124.75248,100.08176,0.0,-2.675768,5.0,87.82501,30.07519,-5.2499933,-10.124987,0.0,0.0,11.3671875,0.63061523,0.0,0.0,0.0,0.0,0.0,1.1748047,0.83984375,64.15253,2.3437505,263.73694,292.54535,0.0,108.96908,99.90234,0.0,263.91818,280.8997,720.0,541.125,-5.0195184,264.8125,0.0,444.28125,79.82713,66.99998,184.08203,0.0,169.82,189.1875,15.292358,15.005493,82.65991,99.998474,2.9589844,169.94,169.76,168.23,168.18,0
368460.72,0.20684887,1.4630117,1.4713442,1.6028764,100.295425,23.30828,13.564742,24.30643,433.01776,253.41899,26.88,9.078,5.36,16.88,24.845,0.0,88.12839,0.0,0.0,355.875,192.375,4171.0,0.0,-4.734375,1.4285278,489.13046,19690.59,20000.502,1100.0834,526.42676,144.46362,120.76786,0.0,-1.6718645,5.0,97.77374,30.07519,-5.624993,-5.624993,6.048,0.0,11.9453125,0.5321655,0.0,0.0,0.0,0.0,0.0,1.9999695,0.8457031,75.63324,2.3437505,267.837,291.04208,0.0,108.97217,99.90234,0.0,268.0475,280.8997,512.25,540.75,-4.015615,391.8125,0.0,439.875,79.82713,66.99998,185.51025,0.0,169.96,159.65625,15.496826,14.389038,85.7605,99.998474,3.0957031,170.15,170.02,168.34,168.55,0
368460.78,0.16547911,1.4477048,1.5328358,1.6030037,100.295586,23.30828,13.579304,25.525791,430.6709,249.80966,26.88,9.118,5.36,16.88,24.845,0.0,88.096695,0.0,0.0,319.875,192.0,4134.0,0.0,-4.2734375,1.3127441,471.65976,20218.078,20000.502,1100.0834,526.42676,143.19194,125.57908,0.0,-0.8687415,5.0,97.31445,30.07519,-5.9999924,-5.9999924,7.68,0.0,11.921875,0.73706055,0.0,0.0,0.0,0.0,0.0,1.1308594,0.7998047,75.63324,2.3437505,276.2421,288.84766,0.0,108.97495,99.90234,0.0,276.52997,280.8997,511.125,540.375,-3.212492,400.125,0.0,440.1875,79.82713,66.99998,190.66772,0.0,170.21,221.125,15.582275,4.6844482,78.54614,98.94562,3.347168,170.27,170.15,168.47,168.62,0
368460.8,0.13238329,1.441582,1.5809501,1.6033003,100.29573,23.30828,13.601215,26.607899,432.54208,247.67844,26.88,9.158,5.36,16.88,24.845,0.0,88.07134,0.0,0.0,308.625,191.625,4081.0,0.0,-3.7578125,1.2390137,464.52054,20207.996,20000.502,1100.0834,519.2627,154.23442,137.53293,0.0,-0.22624326,5.0,99.998474,30.07519,-6.374992,-6.374992,8.188,0.0,10.8125,0.8486328,0.0,0.0,0.0,0.0,0.0,0.8095703,0.7998047,75.63324,2.3437505,283.70108,287.608,0.0,108.977455,99.90234,0.0,283.76865,280.8997,511.125,540.375,-2.5699937,397.21875,0.0,440.1875,79.82713,66.99998,196.54541,0.0,170.47,254.59375,15.594482,-1.3458252,67.62695,82.5943,3.3740234,170.47,170.27,169.12,168.76,0
368460.84,0.10590663,1.4203829,1.6197307,1.6033428,100.29586,23.30828,13.622413,27.626314,429.63293,245.22896,26.88,9.199,5.36,16.88,24.845,0.0,88.05106,0.0,0.0,305.625,191.625,4068.0,0.0,-3.921875,1.2419434,467.75433,20076.389,20000.502,1100.0834,519.2627,154.93385,137.00307,0.0,-0.18099451,5.0,99.998474,30.07519,-6.374992,-6.374992,8.372,0.0,10.2734375,0.85040283,0.0,0.0,0.0,0.0,0.0,0.7626953,0.7998047,75.1358,2.3437505,290.72104,287.88446,0.0,108.979706,95.703125,0.0,290.9327,280.8997,510.375,540.0,-2.524745,398.21875,0.0,440.09375,79.82713,66.99998,201.84937,0.0,170.61,255.125,15.072632,-12.70752,67.46216,70.53375,3.1713867,170.53,170.59,169.25,168.93,0
368460.88,0.084725305,1.3931532,1.6457722,1.4229327,100.29598,23.30828,13.602095,28.397226,425.76547,244.87338,26.88,9.238,5.36,16.88,24.845,0.0,88.034836,0.0,99.20807,303.375,191.625,4099.0,0.0,-3.96875,1.2387085,464.41275,19871.02,20000.502,1100.0834,518.4667,148.44824,138.18997,0.0,-0.45729566,5.0,99.998474,30.07519,-5.9999924,-6.374992,8.432,0.0,10.1875,0.67767334,0.0,0.0,0.0,0.0,0.0,0.7685547,0.7998047,75.1358,2.3437505,296.03497,257.5385,0.0,108.981735,25.488281,0.0,296.44672,280.8997,510.375,540.0,-2.8010461,397.6875,0.0,104.78125,79.82713,66.99998,205.24902,0.0,170.82,203.3125,14.334106,-16.366577,80.07202,78.1662,2.8417969,170.93,170.93,169.37,169.25,0
368460.94,0.04778025,1.3635113,1.6126924,1.1861023,100.29609,23.30828,13.61131,27.685335,421.41867,244.67946,26.88,9.28,5.36,16.88,24.845,0.0,88.02186,0.0,99.99695,299.25,190.875,4138.0,0.0,-3.953125,1.1344604,421.95068,19641.768,20000.502,1100.0834,518.4667,148.76616,135.6254,0.0,-0.5220864,5.0,99.998474,30.07519,-5.9999924,-8.2499895,8.572,0.0,10.2734375,1.1705933,0.0,0.0,0.0,0.0,0.0,0.7832031,0.7998047,75.06561,2.3437505,291.12808,217.16518,0.0,108.98356,0.0,0.0,292.74036,243.59511,510.75,540.0,-2.8658369,387.75,0.0,-40.875,58.35317,66.99998,205.98755,0.0,171.23,351.1875,14.050293,-76.62048,50.28076,0.0,2.7197266,171.18,171.29,169.52,169.43,0
368460.97,0.0382242,1.3891547,1.3278537,1.0119236,100.29619,23.30828,13.606042,20.436348,430.13434,245.87726,26.88,9.318,5.36,16.88,24.845,0.0,88.011475,0.0,99.998474,334.5,189.0,4074.0,0.0,-4.0859375,0.97210693,362.38275,20128.926,20000.502,1100.0834,518.4667,120.449936,103.02783,0.0,-0.41766906,5.0,86.65161,30.07519,-5.9999924,-8.999989,7.148,0.0,10.1953125,1.3637085,0.0,0.0,0.0,0.0,0.0,0.8027344,0.7998047,75.06561,2.3437505,241.16171,186.49472,0.0,108.9852,0.0,0.0,246.63818,205.83446,511.125,540.0,-2.7614195,347.125,0.0,-40.59375,28.943172,66.99998,169.36646,0.0,171.59,409.125,13.964844,-81.49414,47.71118,0.0,1.953125,171.57,171.63,169.63,169.32,0
368461.0,0.0105793625,1.4181619,1.0543792,0.83749056,100.29627,23.30828,13.625792,13.607496,434.73303,246.55408,26.88,9.36,5.36,16.88,24.845,0.0,88.00317,0.0,99.998474,378.0,188.25,4042.0,0.0,-5.09375,0.7385254,281.3972,20520.56,20000.502,1100.0834,517.93604,102.51916,91.073975,0.0,-0.021635294,5.0,78.16315,30.07519,-1.4999981,-10.124987,5.448,0.0,8.1640625,1.2078247,0.0,0.0,0.0,0.0,0.0,0.83496094,0.7998047,72.79358,2.3437505,194.09126,156.52824,0.0,108.98668,0.0,0.0,237.76602,168.94446,510.0,541.125,-2.3653858,264.6875,0.0,-37.375,22.407618,66.99998,158.14209,0.0,171.53,362.34375,13.311768,-83.078,49.79248,0.0,1.6674805,170.95,170.98,169.83,169.43,0
368461.03,0.00846349,1.3547647,0.78464746,0.56242466,100.29635,23.30828,13.645475,6.895803,420.10916,238.96765,26.88,9.398,5.36,16.88,24.845,0.0,87.99652,0.0,99.998474,382.125,187.5,4054.0,0.0,-5.75,0.36132812,185.56941,20696.215,20000.502,1100.0834,517.93604,78.01799,70.81176,0.0,0.45144188,5.0,66.35742,30.07519,6.7499914,-10.874986,5.248,0.0,6.265625,1.230896,0.0,0.0,0.0,0.0,0.0,0.84765625,0.7998047,70.217896,2.3437505,147.82837,109.10973,0.0,108.98801,0.0,0.0,227.67496,110.57881,510.0,541.875,-1.8923086,204.625,0.0,-34.28125,17.27254,66.99998,149.57886,0.0,170.95,369.28125,12.091064,-82.48291,0.0,0.0,1.4550781,171.12,171.12,169.89,169.5,0
368461.1,0.006770792,1.1419059,0.5761223,0.39019588,100.29642,23.30828,13.653395,1.692516,381.7693,215.39136,26.88,9.439,5.36,16.88,24.845,0.0,87.9912,0.0,99.998474,409.875,189.0,4021.0,0.0,-6.59375,0.14971924,149.13545,19988.297,19767.008,1100.0834,517.14,65.385895,53.28368,0.0,0.9861536,5.0,60.68878,30.07519,15.74998,-6.374992,4.156,0.0,1.234375,0.9510498,0.0,0.0,0.0,0.0,0.0,0.86035156,0.7998047,64.07318,2.3437505,111.962746,81.64255,0.0,108.989204,0.0,0.0,213.86089,100.993546,510.0,542.625,-1.3575969,141.25,0.0,-27.5,14.471586,66.99998,141.25366,0.0,170.91,285.3125,10.870361,-84.1156,0.0,0.0,1.2475586,170.74,170.79,169.73,169.58,0
368461.12,0.0054166336,0.90676236,0.43552345,0.26099253,100.29648,23.30828,13.670657,-1.596271,344.82162,195.41666,26.88,9.478,5.36,16.88,24.845,0.0,87.98695,0.0,99.998474,426.375,195.0,4039.0,0.0,-7.5625,0.11029053,134.83218,19246.95,19366.88,1100.0834,517.14,53.792355,37.49357,0.0,1.2576729,5.0,55.90515,30.07519,18.374977,-3.7499952,3.444,0.0,-3.6484375,0.56121826,0.0,0.0,0.0,0.0,0.0,0.80078125,0.7998047,60.702515,2.3437505,89.29356,57.61013,0.0,108.99028,0.0,0.0,200.31215,100.75308,509.25,543.375,-1.0860776,98.46875,0.0,-24.0,11.203809,66.99998,132.88574,0.0,170.58,168.375,9.649658,-83.22449,12.194824,0.0,1.0205078,170.74,170.74,169.73,169.45,0
368461.16,0.024333306,0.60645497,0.29028088,0.12911859,100.29654,23.30828,13.676882,-5.1252055,283.32294,159.88843,26.88,9.518,5.36,16.88,24.845,0.0,87.98355,0.0,99.998474,436.5,193.5,4022.0,0.0,-7.84375,0.076049805,122.7511,18957.732,18965.691,1100.0834,517.14,41.58416,25.75166,0.0,1.1623884,5.0,50.724792,30.07519,23.99997,-5.2499933,2.928,0.0,-10.78125,0.28259277,0.0,0.0,0.0,0.0,0.0,0.7626953,0.7998047,58.461,2.3437505,64.969055,33.92773,0.0,108.99125,0.0,0.0,187.53456,100.59554,507.375,543.75,-1.181362,50.34375,0.0,-24.28125,8.402857,66.99998,123.809814,0.0,170.78,84.78125,8.428955,-84.06677,29.040527,0.0,0.80566406,170.74,170.79,169.83,169.37,0
368461.2,0.019466644,0.280082,0.19018036,0.09240924,100.29659,23.30828,13.692958,-7.547474,180.13101,100.33957,26.88,9.558,5.36,16.88,24.845,0.0,87.98083,0.0,99.998474,462.375,199.875,3970.0,0.0,-7.28125,0.06506348,115.86066,19001.777,18569.81,1100.0834,516.8747,26.790203,16.48954,0.0,0.5392859,5.0,44.28711,30.07519,33.374958,5.624993,1.696,0.0,-17.953125,0.09423828,0.0,0.0,0.0,0.0,0.0,0.74609375,0.7998047,57.17926,2.5781255,48.27268,29.113588,0.0,108.99213,0.0,0.0,179.8647,100.48775,503.25,543.375,-2.0388396,17.6875,0.0,-25.875,5.135079,66.99998,117.51709,0.0,170.52,28.28125,7.208252,-85.1532,61.468506,0.0,0.5957031,170.41,170.45,169.76,169.43,0
368461.25,0.015573315,0.018282793,0.13791968,0.09109517,100.29664,23.30828,13.710071,-9.037102,0.0,0.0,26.88,9.599,5.36,16.88,24.845,0.0,87.97865,0.0,99.998474,468.375,214.125,3918.0,0.0,-7.765625,0.061340332,109.84084,18591.037,18180.297,1100.0834,516.8747,21.237171,12.907621,0.0,0.3298664,5.0,42.56134,30.07519,39.37495,17.624977,1.312,0.0,-17.234375,0.016845703,0.0,0.0,0.0,0.0,0.0,0.80859375,0.7998047,56.79016,2.742188,38.004883,28.814238,0.0,108.99291,0.0,0.0,171.78023,100.42141,499.5,543.75,-2.4123216,12.15625,0.0,-27.375,4.6682534,66.99998,111.76758,0.0,170.39,5.0625,5.987549,-85.1532,93.02368,13.858032,0.49560547,170.33,170.3,169.69,169.58,0
368461.28,0.03245865,-0.21768689,0.12276064,0.09177339,100.296684,23.30828,13.71619,-9.811415,0.0,0.0,26.88,9.638,5.36,16.88,24.845,0.0,87.97691,0.0,99.998474,477.0,216.75,4036.0,0.0,-8.953125,0.060058594,106.90556,18099.104,17781.762,1100.0834,516.6093,19.795925,11.339208,0.0,1.0834243,5.0,41.752625,30.07519,40.12495,16.499979,0.864,0.0,-11.4375,0.023620605,0.0,0.0,0.0,0.0,0.0,0.78808594,0.7998047,56.62384,2.8570316,32.667675,26.680387,0.0,108.99362,0.0,0.0,162.26129,100.37995,498.0,544.875,-1.7736073,4.25,0.0,-28.78125,5.135079,66.99998,102.612305,0.0,169.43,7.09375,4.7668457,-83.37402,90.17334,11.566162,0.3930664,169.25,169.12,169.58,169.37,0
368461.3,0.025966922,-0.42457476,0.1126453,0.09177339,100.29672,23.30828,13.720473,-10.316002,0.0,0.0,26.88,9.678,5.36,16.88,24.845,0.0,87.97552,0.0,99.998474,481.5,210.0,4054.0,0.0,-10.734375,0.059753418,106.44122,17815.725,17378.451,1100.0834,516.6093,15.95967,10.237079,0.0,0.5029113,5.0,40.486145,30.07519,40.12495,12.374984,0.7,0.0,-4.2890625,0.022827148,0.0,0.0,0.0,0.0,0.0,0.7265625,0.7998047,56.35681,3.171797,29.189642,25.183498,0.0,108.994255,0.0,0.0,155.18016,100.34679,498.75,546.75,-2.6688857,-4.375,0.0,-29.1875,5.135079,67.19998,95.251465,0.0,170.03,6.84375,3.5461426,-82.48291,90.496826,11.560059,0.59814453,170.15,170.33,169.25,169.11,0
368461.34,0.08077353,-0.63857996,0.10351585,0.09177339,100.29675,23.30828,13.717612,-10.610895,0.0,0.0,26.88,9.718,5.36,16.88,24.845,0.0,87.9744,0.0,99.998474,483.0,212.25,4049.0,0.0,-12.03125,0.060302734,105.70326,17232.518,16975.14,1100.0834,516.6093,15.980865,9.791988,0.0,0.0070245266,5.0,40.05432,30.07519,40.12495,14.249982,0.636,0.0,-4.2578125,0.021362305,0.0,0.0,0.0,0.0,0.0,0.7519531,0.8828125,56.071472,3.392133,27.157005,24.89516,0.0,108.99483,0.0,0.0,147.4937,100.31362,498.75,548.25,-3.3851085,-5.625,0.0,-29.59375,5.6019044,67.37998,88.11035,0.0,170.03,6.40625,2.3254395,-82.7301,91.12549,10.720825,0.63964844,169.69,169.76,169.19,168.93,0
368461.4,0.104618825,-0.724182,0.099409014,0.09177339,100.29595,23.30828,13.727328,-10.706476,0.0,0.0,26.88,9.759,5.36,16.88,24.845,0.0,87.97351,0.0,99.998474,486.0,212.625,4040.0,0.0,-12.5078125,0.06060791,105.0565,17034.045,16571.83,1100.0834,517.40533,12.059831,8.329549,0.0,-0.25546837,5.0,37.51068,30.07519,40.12495,14.624981,0.52,0.0,-5.8125,0.018310547,0.0,0.0,0.0,0.0,0.0,0.7675781,0.890625,55.711365,3.5463681,26.497375,25.032587,0.0,108.995346,0.0,0.0,142.12064,100.28874,498.75,548.25,-3.8018365,-6.625,0.0,-29.875,5.6019044,67.541985,81.066895,0.0,169.54,5.5,1.1047363,-83.17566,92.40112,10.3302,0.6542969,169.32,169.32,168.99,168.96,0
368461.44,0.16369507,-0.75842285,0.09848112,0.09168862,100.295235,23.30828,13.728271,-10.718132,0.0,0.0,26.88,9.799,5.36,16.88,24.845,0.0,87.97279,0.0,99.998474,486.0,211.875,4031.0,0.0,-12.265625,0.060791016,104.79117,16716.703,16170.642,1100.0834,517.40533,8.859418,8.117601,0.0,-0.1683867,5.0,35.569763,30.07519,40.12495,13.874982,0.504,0.0,-6.609375,0.016845703,0.0,0.0,0.0,0.0,0.0,0.8017578,0.89941406,55.747986,3.6543326,26.41632,25.106787,0.0,108.99581,0.0,0.0,137.40263,100.28874,498.375,548.25,-3.8227193,-7.90625,0.0,-29.6875,6.06873,67.68779,75.701904,0.0,169.24,5.0625,0.0,-83.74939,93.011475,9.262085,0.64453125,169.04,168.96,168.5,168.62,0
368461.47,0.23095605,-0.8096192,0.09788577,0.09164623,100.29542,23.30828,13.734789,-10.713455,0.0,0.0,26.88,9.839,5.36,16.88,24.845,0.0,87.97222,0.0,99.998474,486.0,210.75,4004.0,0.0,-11.7109375,0.06097412,104.63362,15826.767,15771.576,1100.0834,516.6093,14.539619,8.838223,0.0,0.046732187,5.0,38.180542,30.000002,40.12495,12.749984,0.508,0.0,-7.265625,0.016357422,0.0,0.0,0.0,0.0,0.0,0.8330078,0.8544922,55.68695,3.7299078,26.448738,25.33114,0.0,108.99623,0.0,0.0,132.46904,100.297035,498.375,547.875,-3.6831756,-9.4375,0.0,-29.5,6.06873,67.819016,70.26367,0.0,168.77,4.90625,0.0,-85.22339,93.218994,7.9956055,0.6616211,168.99,168.99,168.2,168.31,0
368461.5,0.18476485,-0.9238477,0.09788744,0.09151906,100.295586,23.30828,13.733493,-10.720567,0.0,0.0,26.88,9.879,5.36,16.88,24.845,0.0,87.97176,0.0,99.998474,484.5,209.25,3982.0,0.0,-11.7734375,0.061950684,104.68337,15360.836,15377.287,1100.0834,516.6093,15.175463,8.668665,0.0,0.21126986,5.0,38.249207,29.932333,40.12495,10.874986,0.556,0.0,-6.9921875,0.014282227,0.0,0.0,0.0,0.0,0.0,0.8574219,0.859375,55.760193,3.7828104,26.399889,25.167622,0.0,108.996605,0.0,0.0,129.31818,100.297035,498.0,547.875,-3.5715406,-10.4375,0.0,-29.375,6.06873,67.93712,66.41235,0.0,168.9,4.28125,0.0,-85.71777,94.0979,8.380127,0.65185547,168.34,168.13,168.06,167.87,0
368461.56,0.22781187,-1.0820391,0.09627035,0.0913071,100.29573,23.30828,13.720867,-10.770701,0.0,0.0,26.88,9.919,5.36,16.88,24.845,0.0,87.9714,0.0,99.998474,483.0,208.125,3964.0,0.0,-11.796875,0.06188965,104.58387,14920.909,14984.59,1100.0834,516.6093,15.726527,8.350743,0.0,0.33760977,5.0,38.261414,29.87143,40.12495,10.124987,0.608,0.0,-6.8828125,0.012145996,0.0,0.0,0.0,0.0,0.0,0.84472656,0.86621094,55.737305,3.8198423,26.05446,25.095736,0.0,108.99694,0.0,0.0,126.266815,100.297035,497.625,547.875,-3.4822326,-11.75,0.0,-29.28125,6.06873,68.04341,62.06665,0.0,168.36,3.65625,0.0,-80.45654,94.97681,14.520264,0.6567383,168.2,168.27,167.87,168.12,0
368461.6,0.22224951,-1.2390656,0.095671624,0.09122233,100.29586,23.30828,13.735466,-10.787383,0.0,0.0,26.88,9.958,5.36,16.88,24.845,0.0,87.97111,0.0,99.998474,483.0,207.0,3938.0,0.0,-11.9296875,0.062194824,104.484375,14548.377,14591.893,1100.0834,516.344,15.684137,8.032822,0.0,-0.19002151,5.0,37.727356,29.816616,39.74995,8.2499895,0.608,0.0,-6.8203125,0.010070801,0.0,0.0,0.0,0.0,0.0,0.7910156,0.8720703,55.662537,3.8457646,25.939608,25.087223,0.0,108.997246,0.0,0.0,123.928535,100.297035,497.625,547.875,-4.035786,-12.65625,0.0,-29.28125,6.06873,68.13907,58.862305,0.0,168.01,3.03125,0.0,-74.23401,95.843506,21.609497,0.60546875,167.66,167.59,167.51,167.3,0
368461.62,0.23779961,-1.4518763,0.09382678,0.09151906,100.29598,23.30828,13.739826,-10.851169,0.0,0.0,26.88,9.999,5.36,16.88,24.845,0.0,87.97087,0.0,99.998474,483.0,206.25,3984.0,0.0,-12.0546875,0.0625,104.484375,14172.661,14199.194,1100.0834,516.344,16.341175,7.926848,0.0,-0.61471844,5.0,37.420654,29.767284,40.12495,8.2499895,0.6,0.0,-6.3203125,0.0115356445,0.0,0.0,0.0,0.0,0.0,0.76464844,0.8779297,55.52826,3.8639102,25.500061,25.04406,0.0,108.99752,0.0,0.0,121.59855,100.297035,497.25,548.25,-4.4786286,-14.0625,0.0,-29.1875,6.06873,68.22516,55.767822,0.0,167.81,3.46875,0.0,-69.348145,95.23926,25.891113,0.56640625,167.55,167.59,167.25,166.97,0
368461.66,0.2502397,-1.7432506,0.093473755,0.091476664,100.29526,23.30828,13.731159,-10.868123,0.0,0.0,26.88,10.039,5.36,16.88,24.845,0.0,87.97069,0.0,99.998474,483.75,205.5,3976.0,0.0,-12.1171875,0.0625,104.4512,13986.3955,13986.3955,1100.0834,516.344,15.323827,8.138796,0.0,0.29370928,5.0,36.50055,29.6477,40.12495,7.4999905,0.584,0.0,-5.9296875,0.011108398,0.0,0.0,0.0,0.0,0.0,0.7597656,1.0,53.601074,3.8766122,25.382467,24.998243,0.0,108.997765,0.0,0.0,119.70803,100.28874,498.0,548.25,-3.582903,-15.125,0.0,-29.59375,6.535555,68.30264,53.063965,0.0,167.3,3.34375,0.0,-64.10828,95.41626,31.307983,0.57128906,166.77,166.56,167.05,166.9,0
368461.72,0.22019176,-1.9723003,0.09125156,0.091264725,100.29461,23.30828,13.730952,-10.792291,0.0,0.0,26.88,10.078,5.36,16.88,24.845,0.0,87.970535,0.0,99.998474,0.0,205.5,3944.0,0.0,-12.1328125,0.062805176,104.4512,13772.004,13772.004,1100.0834,516.344,13.713023,6.676356,0.0,1.2535565,5.0,35.62622,29.540071,40.12495,7.124991,0.0,0.0,-6.4765625,0.0068359375,0.0,0.0,0.0,0.0,0.0,0.77246094,1.0,53.601074,4.119879,25.904524,25.896805,0.0,108.997986,0.0,0.0,118.04968,100.28874,720.0,548.25,-2.8663223,-19.1875,0.0,-29.5,6.535555,68.372375,50.457764,0.0,166.58,2.0625,0.0,-58.996582,97.180176,38.183594,0.6201172,166.75,166.69,166.43,166.32,0
368461.75,0.23615341,-2.1764202,0.08683912,0.09113756,100.29402,23.30828,13.736667,-10.666405,0.0,0.0,26.88,10.118,5.36,16.88,24.845,0.0,87.97041,0.0,99.998474,0.0,204.0,3932.0,0.0,-12.0078125,0.06311035,104.42633,13356.487,13356.487,1100.0834,516.344,11.720714,6.464408,0.0,1.997107,5.0,34.196472,29.443207,40.12495,5.9999924,0.0,0.0,-6.5546875,0.0051879883,0.0,0.0,0.0,0.0,0.0,0.82421875,1.0,53.181458,4.290165,26.77165,27.599113,0.0,108.998184,0.0,0.0,116.407906,100.28874,720.0,548.25,-2.293058,-25.4375,0.0,-29.375,6.535555,68.435135,47.9187,0.0,166.61,1.5625,0.0,-54.293823,97.86377,43.569946,0.61035156,166.56,166.56,166.09,165.48,0
368461.78,0.24892274,-2.3330681,0.08601638,0.09109517,100.29433,23.30828,13.769963,-10.573006,0.0,0.0,26.88,10.159,5.36,16.88,24.845,0.0,87.97032,0.0,99.998474,0.0,204.0,3925.0,0.0,-11.8359375,0.064086914,104.459496,13014.734,13014.734,1100.0834,516.344,0.0,6.2312655,0.0,2.5749192,5.0,0.0,29.35603,40.12495,5.9999924,0.0,0.0,-6.1484375,0.0032348633,0.0,0.0,0.0,0.0,0.0,0.9433594,1.0,53.181458,4.4093657,27.41575,28.396395,0.0,108.99837,0.0,0.0,114.998314,100.297035,720.0,547.875,-1.8344463,-27.6875,0.0,-29.375,6.535555,68.49162,45.62378,0.0,165.72,0.96875,0.0,-49.676514,98.67554,48.999023,0.56640625,165.35,165.29,165.96,165.41,0
368461.8,0.1991382,-2.4894774,0.08766337,0.09109517,100.2946,23.30828,13.781552,-10.526849,0.0,0.0,26.88,10.198,5.36,16.88,24.845,0.0,87.970245,0.0,99.998474,0.0,204.0,3920.0,0.0,-11.8046875,0.06439209,104.459496,13059.842,13059.842,1100.0834,516.344,0.0,6.464408,0.0,3.025249,5.0,0.0,29.277569,40.12495,5.9999924,0.0,0.0,-6.1328125,0.0022583008,0.0,0.0,0.0,0.0,0.0,1.2597656,1.0,53.181458,4.492806,27.73418,28.404045,0.0,108.99853,0.0,0.0,113.92038,100.297035,720.0,547.875,-1.4675571,-27.65625,0.0,-29.375,6.535555,68.542465,43.97583,0.0,165.6,0.6875,0.0,-45.791626,99.072266,53.28064,0.60058594,165.16,165.23,165.33,164.76,0
368461.88,0.27931055,-2.6082911,0.089701995,0.09109517,100.294846,23.30828,13.783805,-10.474459,0.0,0.0,26.88,10.238,5.36,16.88,24.845,0.0,87.970184,0.0,99.998474,0.0,204.0,3919.0,0.0,-11.859375,0.06567383,104.46779,13088.498,13088.498,1100.0834,516.344,0.0,6.9094987,0.0,3.3771687,5.0,0.0,29.206955,40.12495,5.9999924,0.0,0.0,-6.1171875,0.001159668,0.0,0.0,0.0,0.0,0.0,1.7675781,1.0,52.763367,4.551214,28.095545,28.361017,0.0,108.99867,0.0,0.0,112.95026,100.297035,720.0,547.875,-1.1740457,-27.625,0.0,-29.28125,6.535555,68.58822,42.785645,0.0,165.1,0.34375,0.0,-42.645264,99.53003,56.884766,0.5541992,165.16,165.16,164.95,164.15,0
368461.9,0.24344844,-2.7308166,0.09077594,0.090840824,100.29507,23.30828,13.785382,-10.461873,0.0,0.0,26.88,10.278,5.36,16.88,24.845,0.0,87.97014,0.0,99.998474,0.0,204.0,3894.0,0.0,-12.4609375,0.06628418,104.46779,13143.157,13143.157,1100.0834,516.344,0.0,6.930693,0.0,3.6528635,5.0,0.0,29.143402,39.74995,5.9999924,0.0,0.0,-5.703125,0.0,0.0,0.0,0.0,0.0,0.0,1.9999695,1.0,52.763367,4.5921,28.18252,28.212793,0.0,108.9988,0.0,0.0,111.70649,100.297035,720.0,548.625,-0.9392366,-27.5625,0.0,-29.28125,6.535555,68.629395,41.16211,0.0,164.67,0.0,0.0,-39.51416,99.998474,60.484314,0.60058594,164.13,164.03,164.42,163.9,0
368461.94,0.19475876,-2.7985768,0.09075543,0.090840824,100.295265,23.30828,13.780627,-10.470386,0.0,0.0,26.88,10.32,5.36,16.88,24.845,0.0,87.9701,0.0,99.998474,0.0,204.0,3897.0,0.0,-12.5234375,0.06695557,104.47608,13172.875,13172.875,1100.0834,516.344,0.0,7.1002517,0.0,3.8693306,5.0,0.0,29.086205,39.74995,5.9999924,0.0,0.0,-5.796875,0.0,0.0,0.0,0.0,0.0,0.0,1.9999695,1.0,52.34375,4.62072,28.124037,28.130617,0.0,108.998924,0.0,0.0,111.01827,100.297035,720.0,548.625,-0.75138927,-27.5625,0.0,-29.28125,6.535555,68.66646,39.59961,0.0,164.67,0.0,0.0,-37.097168,99.998474,62.901306,0.625,164.28,164.42,164.1,163.43,0
368461.97,0.25580698,-2.8631809,0.09063988,0.09075605,100.29545,23.30828,13.794876,-10.47292,0.0,0.0,26.88,10.358,5.36,16.88,24.845,0.0,87.97007,0.0,99.998474,0.0,204.0,3873.0,0.0,-12.546875,0.06756592,104.47608,13206.838,13206.838,1100.0834,516.344,0.0,7.057862,0.0,4.0396423,5.0,0.0,29.034727,39.74995,5.9999924,0.0,0.0,-5.765625,0.0,0.0,0.0,0.0,0.0,0.0,1.9999695,1.0,52.34375,4.6407537,28.106749,28.138311,0.0,108.99903,0.0,0.0,110.2969,100.297035,720.0,548.625,-0.6011114,-27.5,0.0,-29.1875,6.535555,68.699814,38.482666,0.0,163.72,0.0,0.0,-34.82361,99.998474,65.174866,0.61035156,163.05,163.18,163.64,163.05,0
368462.06,0.20464559,-2.8702724,0.090569854,0.09075605,100.29561,23.30828,13.804851,-10.4749155,0.0,0.0,26.88,10.399,5.36,16.88,24.845,0.0,87.97005,0.0,99.998474,0.0,204.0,3872.0,0.0,-12.5703125,0.06890869,104.50095,13240.2705,13240.2705,1100.0834,516.344,0.0,6.9942775,0.0,4.173888,5.0,0.0,28.988398,39.74995,5.9999924,0.0,0.0,-6.078125,0.0,0.0,0.0,0.0,0.0,0.0,1.9999695,1.0,52.34375,4.6547775,28.093157,28.120707,0.0,108.99913,0.0,0.0,109.733055,100.297035,720.0,548.625,-0.48088914,-27.4375,0.0,-29.0,6.535555,68.72983,37.469482,0.0,163.56,0.0,0.0,-32.67517,99.998474,67.3233,0.65185547,163.5,163.5,163.05,162.6,0
368462.1,0.18371648,-2.9481091,0.090269335,0.090713665,100.29575,23.30828,13.800114,-10.485785,0.0,0.0,26.88,10.438,5.36,16.88,24.845,0.0,87.970024,0.0,99.998474,0.0,204.0,3869.0,0.0,-12.546875,0.06982422,104.51754,13258.313,13258.313,1100.0834,516.344,0.0,6.930693,0.0,4.279883,5.0,0.0,28.946701,39.74995,5.9999924,0.0,0.0,-5.7734375,0.0,0.0,0.0,0.0,0.0,0.0,1.9999695,1.0,51.92566,4.664594,28.018377,28.107393,0.0,108.999214,0.0,0.0,109.0863,100.297035,720.0,548.625,-0.38471133,-27.46875,0.0,-29.09375,6.535555,68.75684,36.30371,0.0,163.26,0.0,0.0,-29.89502,99.998474,70.103455,0.60546875,162.65,162.86,162.6,162.27,0
368462.12,0.20697318,-2.9792438,0.09014731,0.09067126,100.29588,23.30828,13.802657,-10.49879,0.0,0.0,26.88,10.478,5.36,16.88,24.845,0.0,87.97001,0.0,99.998474,0.0,204.0,3860.0,0.0,-12.53125,0.070495605,104.51754,13279.54,13279.54,1100.0834,516.344,0.0,7.057862,0.0,4.363697,5.0,0.0,28.909174,39.74995,5.9999924,0.0,0.0,-5.359375,0.0,0.0,0.0,0.0,0.0,0.0,1.9999695,1.0,51.92566,4.671466,27.928873,28.031483,0.0,108.99929,0.0,0.0,108.44783,100.297035,720.0,548.625,-0.30776906,-27.40625,0.0,-29.0,6.535555,68.78116,35.247803,0.0,162.81,0.0,0.0,-27.416992,99.998474,72.58148,0.6225586,162.73,162.73,162.02,162.08,0
368462.16,0.12557855,-3.0291977,0.08978964,0.09067126,100.296,23.30828,13.7868595,-10.508877,0.0,0.0,26.88,10.518,5.36,16.88,24.845,0.0,87.96999,0.0,99.998474,0.0,204.0,3856.0,0.0,-12.53125,0.071777344,104.52583,13314.033,13314.033,1100.0834,516.344,0.0,7.057862,0.0,4.430061,5.0,0.0,28.875399,39.74995,5.9999924,0.0,0.0,-5.3515625,0.0,0.0,0.0,0.0,0.0,0.0,1.9999695,1.0,51.506042,4.676276,27.859453,28.035444,0.0,108.99936,0.0,0.0,107.84253,100.297035,720.0,548.625,-0.24621525,-27.40625,0.0,-29.0,6.535555,68.80304,34.735107,0.0,162.71,0.0,0.0,-25.93689,99.998474,74.061584,0.625,162.65,162.4,161.69,161.63,0
368462.22,0.16046284,-3.0679293,0.08999937,0.09037453,100.296104,23.30828,13.79338,-10.509479,0.0,0.0,26.88,10.56,5.36,16.88,24.845,0.0,87.969986,0.0,99.998474,0.0,203.625,3820.0,0.0,-12.53125,0.072387695,104.52583,13347.997,13347.997,1100.0834,516.344,0.0,6.930693,0.0,4.4826713,5.0,0.0,28.845001,39.74995,5.624993,0.0,0.0,-5.25,0.0,0.0,0.0,0.0,0.0,0.0,1.9999695,1.0,51.506042,4.6796436,27.855413,27.927174,0.0,108.99942,0.0,0.0,107.485985,100.297035,720.0,548.625,-0.1969722,-27.25,0.0,-28.875,6.535555,68.82274,33.64258,0.0,161.84,0.0,0.0,-23.529053,99.998474,76.46942,0.60058594,161.25,160.88,161.38,161.51,0
368462.25,0.12837027,-3.0459218,0.09050302,0.09033216,100.2962,23.30828,13.797944,-10.507242,0.0,0.0,26.88,10.599,5.36,16.88,24.845,0.0,87.96998,0.0,99.998474,0.0,203.625,3811.0,0.0,-12.4921875,0.07305908,104.52583,13356.487,13356.487,1100.0834,516.344,0.0,7.0154724,0.0,4.524422,5.0,0.0,28.817644,39.74995,5.624993,0.0,0.0,-5.125,0.0,0.0,0.0,0.0,0.0,0.0,1.9999695,1.0,51.506042,4.682,27.870926,27.836685,0.0,108.99947,0.0,0.0,107.16261,100.297035,720.0,548.625,-0.15757777,-27.21875,0.0,-28.78125,6.535555,68.84047,32.95288,0.0,160.96,0.0,0.0,-22.094727,99.998474,77.90375,0.6567383,161.12,161.0,161.12,161.06,0
368462.28,0.16269621,-3.093369,0.09026356,0.09033216,100.29629,23.30828,13.7952795,-10.506835,0.0,0.0,26.88,10.639,5.36,16.88,24.845,0.0,88.120346,0.0,99.998474,0.0,203.625,3809.0,0.0,-12.28125,0.07434082,104.53412,13382.49,13382.49,1100.0834,516.344,0.0,7.0366673,0.0,4.5575876,5.0,0.0,28.793022,39.74995,5.624993,0.0,0.0,-5.0859375,0.0,0.0,0.0,0.0,0.0,0.0,1.9999695,1.0,51.506042,4.68365,27.873816,27.889154,0.0,108.99953,0.0,0.0,106.79778,100.297035,720.0,548.25,-0.12606221,-27.21875,0.0,-28.78125,6.535555,68.85642,32.385254,0.0,161.14,0.0,0.0,-20.333862,99.998474,79.66461,0.5810547,161.12,161.06,160.12,159.62,0
368462.3,0.19015698,-3.1498475,0.09066064,0.090247385,100.296364,23.30828,13.7992735,-10.505211,0.0,0.0,26.88,10.678,5.36,16.88,24.845,0.0,88.24064,0.0,99.998474,0.0,203.625,3802.0,0.0,-12.4375,0.07495117,104.53412,13416.453,13416.453,1100.0834,516.344,0.0,6.930693,0.0,4.5839553,5.0,0.0,28.770863,39.74995,5.624993,0.0,0.0,-5.046875,0.0,0.0,0.0,0.0,0.0,0.0,1.9999695,1.0,51.506042,4.684805,27.885088,27.804161,0.0,108.99957,0.0,0.0,106.43294,100.297035,720.0,548.625,-0.10084977,-27.21875,0.0,-28.78125,6.535555,68.87078,31.713867,0.0,160.85,0.0,0.0,-18.743896,99.998474,81.25458,0.6152344,159.86,160.07,160.49,160.07,0
368462.38,0.15212558,-3.209939,0.09085476,0.090204984,100.29643,23.30828,13.790351,-10.504528,0.0,0.0,26.88,10.719,5.36,16.88,24.845,0.0,88.336876,0.0,99.998474,0.0,203.625,3792.0,0.0,-12.4921875,0.075927734,104.54241,13439.803,13439.803,1100.0834,516.344,0.0,6.951888,0.0,4.6049337,5.0,0.0,28.75092,39.74995,5.624993,0.0,0.0,-5.0078125,0.0,0.0,0.0,0.0,0.0,0.0,1.9999695,1.0,51.08795,4.6856136,27.889864,27.770313,0.0,108.99961,0.0,0.0,105.869095,100.297035,720.0,548.625,-0.08067982,-27.15625,0.0,-28.78125,6.535555,68.8837,30.664062,0.0,159.8,0.0,0.0,-16.76941,99.998474,83.229065,0.6347656,159.86,159.99,159.92,159.55,0
368462.4,0.28170046,-3.2152257,0.09095063,0.09007782,100.29649,23.30828,13.801683,-10.505938,0.0,0.0,26.88,10.758,5.36,16.88,24.845,0.0,88.413864,0.0,99.998474,0.0,203.625,3775.0,0.0,-13.234375,0.07659912,104.54241,13463.152,13463.152,1100.0834,516.344,0.0,7.057862,0.0,4.6216354,5.0,0.0,28.73297,39.74995,5.624993,0.0,0.0,-4.9453125,0.0,0.0,0.0,0.0,0.0,0.0,1.9999695,1.0,51.08795,4.686179,27.880213,27.721247,0.0,108.99965,0.0,0.0,105.62864,100.297035,720.0,549.0,-0.06454386,-27.09375,0.0,-28.6875,6.535555,68.895325,30.13916,0.0,159.67,0.0,0.0,-15.548706,99.998474,84.44977,0.6225586,159.12,158.95,159.12,158.57,0
368462.44,0.32536036,-3.1985903,0.09066969,0.09003542,100.29655,23.30828,13.797897,-10.498814,0.0,0.0,26.88,10.799,5.36,16.88,24.845,0.0,88.47546,0.0,99.998474,0.0,203.625,3766.0,0.0,-13.9609375,0.07788086,104.56729,13484.91,13484.91,1100.0834,516.344,0.0,7.163836,0.0,4.63494,5.0,0.0,28.716816,39.74995,5.624993,0.0,0.0,-4.84375,0.0,0.0,0.0,0.0,0.0,0.0,1.9999695,1.0,51.08795,4.6865754,27.929367,27.80812,0.0,108.99968,0.0,0.0,105.42964,100.297035,720.0,550.125,-0.051635087,-27.03125,0.0,-28.59375,6.535555,68.90579,29.956055,0.0,158.89,0.0,0.0,-14.51416,99.998474,85.484314,0.63720703,159.37,159.55,158.87,158.51,0
368462.47,0.2602883,-3.2856863,0.09147073,0.09003542,100.2966,23.30828,13.801106,-10.480937,0.0,0.0,26.88,10.838,5.36,16.88,24.845,0.0,88.52473,0.0,99.998474,0.0,203.625,3765.0,0.0,-14.078125,0.078186035,104.559,13514.628,13514.628,1100.0834,516.344,0.0,7.121446,0.0,4.6455445,5.0,0.0,28.702276,39.74995,5.624993,0.0,0.0,-4.7578125,0.0,0.0,0.0,0.0,0.0,0.0,1.9999695,1.0,50.668335,4.6868525,28.052647,27.785044,0.0,108.99971,0.0,0.0,105.23062,100.297035,720.0,550.125,-0.04130807,-27.03125,0.0,-28.6875,6.535555,68.915215,29.522705,0.0,159.39,0.0,0.0,-13.552856,99.998474,86.44562,0.6201172,158.62,158.95,158.08,157.71,0
368462.53,0.34823063,-3.3205247,0.091487,0.08999302,100.296646,23.30828,13.803352,-10.487685,0.0,0.0,26.88,10.878,5.36,16.88,24.845,0.0,88.56415,0.0,99.998474,0.0,203.625,3748.0,0.0,-13.734375,0.07879639,104.559,13523.118,13523.118,1100.0834,516.344,0.0,7.121446,0.0,4.6540008,5.0,0.0,28.689192,39.37495,5.624993,0.0,0.0,-4.671875,0.0,0.0,0.0,0.0,0.0,0.0,1.9999695,1.0,50.668335,4.687047,28.00617,27.71307,0.0,108.99974,0.0,0.0,104.90725,100.297035,720.0,550.125,-0.033046458,-26.96875,0.0,-28.6875,6.535555,68.92369,28.747559,0.0,158.28,0.0,0.0,-11.941528,99.998474,88.056946,0.60791016,157.83,158.08,157.83,158.02,0
368462.56,0.29858452,-3.33446,0.09185908,0.08982348,100.296684,23.30828,13.793206,-10.505967,0.0,0.0,26.88,10.918,5.36,16.88,24.845,0.0,88.59568,0.0,99.998474,0.0,203.625,3738.0,0.0,-13.5859375,0.080078125,104.56729,13553.367,13553.367,1100.0834,516.344,0.0,7.163836,0.0,4.6607456,5.0,0.0,28.677416,39.37495,5.624993,0.0,0.0,-4.6328125,0.0,0.0,0.0,0.0,0.0,0.0,1.9999695,1.0,50.250244,4.687183,27.880196,27.490437,0.0,108.99976,0.0,0.0,104.58388,100.297035,720.0,549.75,-0.026437167,-26.9375,0.0,-28.59375,6.535555,68.93132,28.198242,0.0,157.95,0.0,0.0,-10.501099,99.998474,89.497375,0.6347656,157.34,157.41,157.11,157.41,0
368462.6,0.35886762,-3.302534,0.091688134,0.08978109,100.29672,23.30828,13.797822,-10.502923,0.0,0.0,26.88,10.958,5.36,16.88,24.845,0.0,88.62091,0.0,99.998474,0.0,203.625,3725.0,0.0,-13.4609375,0.080444336,104.56729,13566.103,13566.103,1100.0834,516.344,0.0,7.2062254,0.0,4.666128,5.0,0.0,28.666817,39.37495,5.624993,0.0,0.0,-4.5625,0.0,0.0,0.0,0.0,0.0,0.0,1.9999695,1.0,50.250244,4.687278,27.901213,27.526297,0.0,108.99979,0.0,0.0,104.34342,100.297035,720.0,549.375,-0.021149734,-26.875,0.0,-28.59375,6.535555,68.93819,27.783203,0.0,157.52,0.0,0.0,-9.3688965,99.998474,90.62958,0.625,157.05,156.99,156.92,156.81,0
368462.62,0.4070941,-3.2335138,0.0924337,0.08935718,100.29675,23.30828,13.801053,-10.495503,0.0,0.0,26.88,10.999,5.36,16.88,24.845,0.0,88.64109,0.0,99.998474,0.0,203.25,3672.0,0.0,-13.421875,0.08105469,104.56729,13587.33,13587.33,1100.0834,516.344,0.0,7.2062254,0.0,4.670425,5.0,0.0,28.657278,38.99995,5.2499933,0.0,0.0,-4.296875,0.0,0.0,0.0,0.0,0.0,0.0,1.9999695,1.0,50.250244,4.6873446,27.952394,27.348001,0.0,108.99981,0.0,0.0,104.26879,100.297035,720.0,549.375,-0.016919788,-26.75,0.0,-28.5,6.535555,68.94437,27.612305,0.0,155.81,0.0,0.0,-8.428955,99.998474,91.56952,0.6274414,155.32,155.26,156.75,156.56,0
368462.7,0.36567527,-3.1496556,0.09230265,0.0893148,100.29595,23.30828,13.785737,-10.511165,0.0,0.0,26.88,11.039,5.36,16.88,24.845,0.0,88.657234,0.0,99.998474,0.0,203.25,3659.0,0.0,-13.359375,0.08166504,104.550705,13620.762,13620.762,1100.0834,516.344,0.0,7.142641,0.0,4.6738553,5.0,0.0,28.648693,38.99995,5.2499933,0.0,0.0,-4.03125,0.0,0.0,0.0,0.0,0.0,0.0,1.9999695,1.0,49.832153,4.6873913,27.843636,27.264223,0.0,108.999825,0.0,0.0,103.945404,100.28874,720.0,549.375,-0.01353583,-26.625,0.0,-28.28125,6.535555,68.94993,26.861572,0.0,154.95,0.0,0.0,-7.2387695,99.998474,92.759705,0.6640625,154.67,154.74,155.49,155.21,0
368462.72,0.45254022,-3.0973625,0.092511624,0.0893148,100.295235,23.30828,13.792594,-10.520238,0.0,0.0,26.88,11.078,5.36,16.88,24.845,0.0,88.67015,0.0,99.998474,0.0,203.25,3652.0,0.0,-13.2265625,0.08300781,104.575584,13620.762,13620.762,1100.0834,516.344,0.0,7.2698097,0.0,4.676595,5.0,0.0,28.640966,38.99995,5.2499933,0.0,0.0,-3.53125,0.0,0.0,0.0,0.0,0.0,0.0,1.9999695,1.0,49.832153,4.6874237,27.780378,27.160957,0.0,108.99984,0.0,0.0,103.945404,100.28874,720.0,549.375,-0.0108286645,-26.59375,0.0,-28.28125,6.535555,68.95494,26.812744,0.0,154.87,0.0,0.0,-6.6955566,99.998474,93.30292,0.6347656,154.67,155.44,154.33,153.86,0
368462.75,0.44203216,-3.113945,0.0921695,0.0893148,100.294586,23.30828,13.785675,-10.529853,0.0,0.0,26.88,11.118,5.36,16.88,24.845,0.0,88.68048,0.0,99.998474,0.0,203.25,3650.0,0.0,-13.2265625,0.083618164,104.559,13655.256,13655.256,1100.0834,516.344,0.0,7.333394,0.0,4.678784,5.0,0.0,28.634012,38.99995,5.2499933,0.0,0.0,-3.390625,0.0,0.0,0.0,0.0,0.0,0.0,1.9999695,1.0,49.412537,4.6874466,27.713455,27.160957,0.0,108.999855,0.0,0.0,103.62203,100.28874,720.0,549.375,-0.008662932,-26.5625,0.0,-28.28125,6.535555,68.95944,26.190186,0.0,154.43,0.0,0.0,-5.380249,99.998474,94.618225,0.6323242,155.03,154.91,154.39,153.86,0
368462.78,0.41362575,-3.233078,0.092298254,0.08931481,100.29483,23.30828,13.79255,-10.531046,0.0,0.0,26.88,11.159,5.36,16.88,24.845,0.0,88.68875,0.0,99.998474,0.0,203.25,3655.0,0.0,-13.453125,0.0848999,104.59216,13681.259,13681.259,1100.0834,516.344,0.0,7.2698097,0.0,4.6805325,5.0,0.0,28.627754,38.99995,5.2499933,0.0,0.0,-3.4921875,0.0,0.0,0.0,0.0,0.0,0.0,1.9999695,1.0,49.412537,4.687463,27.705475,27.12512,0.0,108.99987,0.0,0.0,103.58058,100.297035,720.0,549.375,-0.006930345,-26.59375,0.0,-28.28125,6.535555,68.9635,26.190186,0.0,155.56,0.0,0.0,-5.001831,99.998474,94.99664,0.64697266,154.85,155.21,154.03,153.65,0
368462.84,0.4709006,-3.3182313,0.092342645,0.08935718,100.29505,23.30828,13.797363,-10.532225,0.0,0.0,26.88,11.199,5.36,16.88,24.845,0.0,88.695366,0.0,99.998474,0.0,203.25,3662.0,0.0,-14.1796875,0.08520508,104.59216,13689.749,13689.749,1100.0834,516.344,0.0,7.163836,0.0,4.68193,5.0,0.0,28.622122,38.99995,5.2499933,0.0,0.0,-3.46875,0.0,0.0,0.0,0.0,0.0,0.0,1.9999695,1.0,49.412537,4.6874743,27.697573,27.114061,0.0,108.999886,0.0,0.0,103.34011,100.297035,720.0,549.75,-0.0055442764,-26.59375,0.0,-28.28125,6.535555,68.96715,25.665283,0.0,154.88,0.0,0.0,-3.9672852,99.998474,96.03119,0.61035156,154.62,154.79,153.97,153.92,0
368462.88,0.3767205,-3.4085426,0.091236174,0.08935718,100.29525,23.30828,13.800733,-10.508318,0.0,0.0,26.88,11.238,5.36,16.88,24.845,0.0,88.70065,0.0,99.998474,0.0,203.25,3668.0,0.0,-14.3515625,0.08648682,104.60875,13706.731,13706.731,1100.0834,516.344,0.0,7.057862,0.0,4.6830463,5.0,0.0,28.617052,39.37495,5.2499933,0.0,0.0,-3.421875,0.0,0.0,0.0,0.0,0.0,0.0,1.9999695,1.0,49.412537,4.687482,27.862555,27.487087,0.0,108.99989,0.0,0.0,103.29865,100.297035,720.0,550.5,-0.0044354214,-26.65625,0.0,-28.375,6.535555,68.97043,25.55542,0.0,155.16,0.0,0.0,-3.4454346,99.998474,96.55304,0.63964844,154.67,154.79,153.52,153.58,0
368462.9,0.3613764,-3.463417,0.091971174,0.08931481,100.29543,23.30828,13.80895,-10.508462,0.0,0.0,26.88,11.279,5.36,16.88,24.845,0.0,88.70489,0.0,99.998474,0.0,203.25,3655.0,0.0,-14.203125,0.0871582,104.60875,13724.243,13724.243,1100.0834,516.344,0.0,7.1850305,0.0,4.6839395,5.0,0.0,28.61249,38.99995,5.2499933,0.0,0.0,-3.4453125,0.0,0.0,0.0,0.0,0.0,0.0,1.9999695,1.0,49.412537,4.6874876,27.861748,27.337315,0.0,108.9999,0.0,0.0,103.265495,100.297035,720.0,550.125,-0.0035483371,-26.59375,0.0,-28.28125,6.535555,68.97339,25.427246,0.0,154.17,0.0,0.0,-3.1188965,99.998474,96.87958,0.6298828,154.22,153.69,153.4,153.59,0
368462.94,0.34910113,-3.447867,0.092034705,0.08923002,100.29559,23.30828,13.797125,-10.5115,0.0,0.0,26.88,11.318,5.36,16.88,24.845,0.0,88.708275,0.0,99.998474,0.0,203.25,3647.0,0.0,-13.734375,0.08843994,104.61704,13749.716,13749.716,1100.0834,516.344,0.0,7.1850305,0.0,4.684653,5.0,0.0,28.608383,38.99995,5.2499933,0.0,0.0,-3.640625,0.0,0.0,0.0,0.0,0.0,0.0,1.9999695,1.0,48.994446,4.6874914,27.840967,27.29389,0.0,108.99991,0.0,0.0,102.983574,100.297035,720.0,550.125,-0.0028386698,-26.5625,0.0,-28.28125,6.535555,68.97605,25.006104,0.0,154.0,0.0,0.0,-2.0477295,99.998474,97.950745,0.64941406,153.98,153.81,153.4,153.33,0
368463.0,0.3192809,-3.4228969,0.092738904,0.08918764,100.29574,23.30828,13.806425,-10.518014,0.0,0.0,26.88,11.358,5.36,16.88,24.845,0.0,88.71098,0.0,99.998474,0.0,203.25,3639.0,0.0,-13.6875,0.08874512,104.61704,13758.206,13758.206,1100.0834,516.344,0.0,7.1850305,0.0,4.6852236,5.0,0.0,28.604687,38.99995,5.2499933,0.0,0.0,-3.484375,0.0,0.0,0.0,0.0,0.0,0.0,1.9999695,1.0,48.994446,4.6874943,27.796207,27.095911,0.0,108.999916,0.0,0.0,102.983574,100.297035,720.0,549.75,-0.0022709358,-26.53125,0.0,-28.1875,6.535555,68.97845,24.932861,0.0,153.61,0.0,0.0,-1.7791748,99.998474,98.2193,0.6201172,153.46,153.52,153.22,152.83,0
368463.03,0.27542472,-3.3941588,0.09280144,0.08897568,100.29587,23.30828,13.8070755,-10.522837,0.0,0.0,26.88,11.399,5.36,16.88,24.845,0.0,88.71315,0.0,99.998474,0.0,203.25,3602.0,0.0,-13.703125,0.089416504,104.61704,13792.169,13792.169,1100.0834,516.344,0.0,7.1002517,0.0,4.6856794,5.0,0.0,28.60136,38.99995,5.2499933,0.0,0.0,-3.375,0.0,0.0,0.0,0.0,0.0,0.0,1.9999695,1.0,48.994446,4.687496,27.7631,26.994991,0.0,108.99992,0.0,0.0,102.65189,100.297035,720.0,549.75,-0.0018167486,-26.4375,0.0,-28.1875,6.535555,68.980606,24.316406,0.0,152.89,0.0,0.0,-1.2176514,99.998474,98.78082,0.63964844,151.43,151.69,152.83,152.45,0
368463.06,0.24033977,-3.2701635,0.09382623,0.08855179,100.29516,23.30828,13.801671,-10.514608,0.0,0.0,26.88,11.438,5.36,16.88,24.845,0.0,88.71488,0.0,99.998474,0.0,202.875,3547.0,0.0,-13.6796875,0.08972168,104.60046,13791.639,13791.639,1100.0834,516.344,0.0,7.2910047,0.0,4.6860437,5.0,0.0,28.598368,38.62495,4.874994,0.0,0.0,-3.125,0.0,0.0,0.0,0.0,0.0,0.0,1.9999695,1.0,48.57483,4.687497,27.819109,26.796358,0.0,108.99993,0.0,0.0,102.65189,100.28874,720.0,549.75,-0.001453399,-26.21875,0.0,-27.875,6.535555,68.982544,24.066162,0.0,150.69,0.0,0.0,-0.7293701,99.998474,99.269104,0.6347656,150.63,150.63,152.19,151.58,0
368463.1,0.3122718,-3.1080656,0.09068257,0.088509396,100.29452,23.30828,13.8096075,-10.570371,0.0,0.0,26.88,11.478,5.36,16.88,24.845,0.0,88.71627,0.0,99.998474,0.0,202.875,3539.0,0.0,-14.546875,0.09033203,104.60046,13817.642,13817.642,1100.0834,516.344,0.0,7.163836,0.0,4.6863356,5.0,0.0,28.595675,38.99995,4.874994,0.0,0.0,-2.4375,0.0,0.0,0.0,0.0,0.0,0.0,1.9999695,1.0,48.57483,4.687498,27.434101,26.997002,0.0,108.99994,0.0,0.0,102.65189,100.28874,720.0,550.5,-0.0011627192,-26.15625,0.0,-28.0,6.06873,68.98429,23.706055,0.0,149.91,0.0,0.0,-0.73547363,99.998474,99.263,0.6323242,149.36,149.36,150.33,149.72,0
368463.16,0.32981744,-3.0432262,0.09014836,0.08855179,100.29394,23.30828,13.797585,-10.598142,0.0,0.0,26.88,11.518,5.36,16.88,24.845,0.0,88.71738,0.0,99.998474,0.0,202.875,3542.0,0.0,-14.359375,0.09161377,104.61704,13830.378,13830.378,1100.0834,516.344,0.0,7.1850305,0.0,4.6865683,5.0,0.0,28.59325,38.99995,4.874994,0.0,0.0,-2.265625,0.0,0.0,0.0,0.0,0.0,0.0,1.9999695,1.0,48.15674,4.6874986,27.242107,26.93674,0.0,108.99995,0.0,0.0,102.61873,100.28874,720.0,550.5,-9.3017536E-4,-26.125,0.0,-27.875,6.06873,68.98586,23.919678,0.0,150.02,0.0,0.0,-0.7232666,99.998474,99.27521,0.6591797,149.6,150.46,149.3,148.82,0
368463.2,0.30385396,-3.0922906,0.092520535,0.088509396,100.29425,23.30828,13.8067465,-10.537227,0.0,0.0,26.88,11.558,5.36,16.88,24.845,0.0,88.71826,0.0,99.998474,0.0,202.875,3536.0,0.0,-14.59375,0.09197998,104.62533,13860.626,13860.626,1100.0834,516.344,0.0,7.4181733,0.0,4.6867547,5.0,0.0,28.666256,38.62495,4.874994,0.0,0.0,-1.921875,0.0,0.0,0.0,0.0,0.0,0.0,1.9999695,1.0,48.15674,4.687499,27.662289,26.878382,0.0,108.999954,0.0,0.0,102.336815,100.297035,720.0,550.5,-7.441403E-4,-26.09375,0.0,-28.09375,6.535555,68.987274,23.638916,0.0,148.96,0.0,0.0,-0.6347656,99.998474,99.36371,0.61035156,149.3,149.06,149.11,148.87,0
368463.22,0.30308315,-3.2056665,0.0931643,0.088509396,100.29453,23.30828,13.801441,-10.499532,0.0,0.0,26.88,11.599,5.36,16.88,24.845,0.0,88.71897,0.0,99.998474,0.0,202.875,3531.0,0.0,-14.7734375,0.09326172,104.65021,13860.626,13860.626,1100.0834,516.344,0.0,7.3969784,0.0,4.686904,5.0,0.0,28.73196,38.62495,4.874994,0.0,0.0,-2.390625,0.0,0.0,0.0,0.0,0.0,0.0,1.9999695,1.0,48.15674,4.687499,27.922401,27.012245,0.0,108.999954,0.0,0.0,102.336815,100.297035,720.0,550.875,-5.953123E-4,-26.09375,0.0,-28.09375,6.535555,68.98855,23.461914,0.0,149.77,0.0,0.0,-0.6286621,99.998474,99.36981,0.64697266,149.48,149.6,148.76,148.69,0
368463.25,0.32246652,-3.2697668,0.093212195,0.088509396,100.294785,23.30828,13.803587,-10.4781,0.0,0.0,26.88,11.638,5.36,16.88,24.845,0.0,88.71954,0.0,0.7904053,0.0,202.875,3530.0,0.0,-14.703125,0.09387207,104.641914,13895.119,13895.119,1100.0834,516.344,0.0,7.2910047,0.0,4.6870227,5.0,0.0,28.791094,38.62495,4.874994,0.0,0.0,-2.4765625,0.0,0.0,0.0,0.0,0.0,0.0,1.9999695,1.0,48.15674,4.687499,28.070381,27.149498,0.0,108.999954,0.0,0.0,102.336815,100.297035,720.0,550.875,-4.762498E-4,-26.09375,0.0,-28.09375,6.535555,68.98969,23.29712,0.0,149.6,0.0,0.0,-0.6378174,99.998474,99.36066,0.61035156,149.36,149.36,149.0,148.39,0
368463.3,0.23797323,-3.3329067,0.093704745,0.088509396,100.29501,23.30828,13.810948,-10.503534,0.0,0.0,26.88,11.678,5.36,16.88,24.845,0.0,88.72,0.0,0.0015258789,0.0,202.875,3537.0,0.0,-14.6015625,0.095214844,104.666794,13905.733,13905.733,1100.0834,516.344,0.0,7.375784,0.0,4.687118,5.0,0.0,28.844315,38.62495,4.874994,0.0,0.0,-2.03125,0.0,0.0,0.0,0.0,0.0,0.0,1.9999695,1.0,48.15674,4.687499,27.89529,26.879784,0.0,108.999954,0.0,0.0,102.29535,100.297035,720.0,550.5,-3.8099985E-4,-26.09375,0.0,-28.09375,6.535555,68.99072,22.302246,0.0,149.67,0.0,0.0,-0.6164551,99.998474,99.38202,0.64453125,150.08,150.03,148.94,148.39,0
368463.38,0.21037859,-3.3394127,0.09249442,0.088509396,100.29522,23.30828,13.798523,-10.538114,0.0,0.0,26.88,11.718,5.36,16.88,24.845,0.0,88.72037,0.0,0.0,0.0,202.875,3535.0,0.0,-14.5234375,0.095825195,104.6585,13929.083,13929.083,1100.0834,516.344,0.0,7.2698097,0.0,4.6871943,5.0,0.0,28.892214,38.62495,4.874994,0.0,0.0,-1.875,0.0,0.0,0.0,0.0,0.0,0.0,1.9999695,1.0,47.73712,4.687499,27.657148,26.878382,0.0,108.999954,0.0,0.0,102.013435,100.297035,720.0,550.5,-3.0479988E-4,-26.125,0.0,-28.09375,6.535555,68.99165,21.130371,0.0,149.48,0.0,0.0,-0.5157471,99.998474,99.48273,0.60791016,148.82,148.69,149.0,148.45,0
368463.4,0.18830287,-3.1545153,0.09243615,0.08846701,100.29457,23.30828,13.813263,-10.527583,0.0,0.0,26.88,11.758,5.36,16.88,24.845,0.0,88.72066,0.0,0.0,0.0,202.875,3526.0,0.0,-14.7265625,0.09643555,104.65021,13928.552,13928.552,1100.0834,516.344,0.0,7.4393682,0.0,4.6872554,5.0,0.0,28.935324,38.62495,4.874994,0.0,0.0,-1.7734375,0.0,0.0,0.0,0.0,0.0,0.0,1.9999695,1.0,47.73712,4.687499,27.729088,26.967293,0.0,108.999954,0.0,0.0,103.29865,100.28874,720.0,550.875,-2.4383991E-4,-26.09375,0.0,-28.09375,6.535555,68.99249,23.101807,0.0,148.86,0.0,0.0,-3.6743164,99.998474,96.32416,0.6542969,148.69,148.67,148.52,148.28,0
368463.44,0.1506423,-2.9493062,0.09070119,0.08846701,100.29399,23.30828,13.817721,-10.581862,0.0,0.0,26.88,11.798,5.36,16.88,24.845,0.0,88.72089,0.0,0.0,0.0,202.875,3521.0,0.0,-14.7890625,0.09777832,104.67508,13958.27,13958.27,1100.0834,516.344,0.0,7.121446,0.0,4.687304,5.0,0.0,28.974121,38.99995,4.874994,0.0,0.0,-1.8125,0.0,0.0,0.0,0.0,0.0,0.0,1.9999695,1.0,47.73712,4.687499,27.35436,26.907478,0.0,108.999954,0.0,0.0,102.983574,100.28874,720.0,550.875,-1.9507193E-4,-26.0625,0.0,-28.09375,6.06873,68.99324,21.923828,0.0,148.62,0.0,0.0,-2.0324707,99.998474,97.966,0.625,148.64,148.39,147.92,147.81,0
368463.5,0.18051384,-2.7922225,0.0913255,0.08838224,100.2943,23.30828,13.814983,-10.5616665,0.0,0.0,26.88,11.839,5.36,16.88,24.845,0.0,88.72107,0.0,0.0,0.0,202.875,3514.0,0.0,-14.75,0.09838867,104.67508,13962.515,13962.515,1100.0834,516.344,0.0,7.1850305,0.0,4.687343,5.0,0.0,29.009039,38.99995,4.874994,0.0,0.0,-1.8515625,0.0,0.0,0.0,0.0,0.0,0.0,1.9999695,1.0,47.31903,4.687499,27.49388,26.925447,0.0,108.999954,0.0,0.0,102.90065,100.297035,720.0,550.875,-1.5605755E-4,-26.03125,0.0,-28.0,6.06873,68.99391,21.636963,0.0,148.5,0.0,0.0,-1.7364502,99.998474,98.262024,0.6201172,147.86,147.68,147.74,147.86,0
368463.53,0.12441108,-2.6356392,0.092467695,0.08821268,100.29457,23.30828,13.8130665,-10.531522,0.0,0.0,26.88,11.878,5.36,16.88,24.845,0.0,88.72122,0.0,0.0,0.0,202.875,3487.0,0.0,-14.625,0.09899902,104.67508,13993.294,13993.294,1100.0834,516.344,0.0,7.2698097,0.0,4.687374,5.0,0.0,29.040466,38.62495,4.874994,0.0,0.0,-1.875,0.0,0.0,0.0,0.0,0.0,0.0,1.9999695,1.0,47.31903,4.687499,27.701935,26.85568,0.0,108.999954,0.0,0.0,102.726524,100.297035,720.0,550.5,-1.2484605E-4,-25.9375,0.0,-27.875,6.06873,68.99452,21.07544,0.0,147.2,0.0,0.0,-1.095581,99.998474,98.90289,0.625,147.39,147.32,147.68,147.56,0
368463.56,0.15952887,-2.5167558,0.09306958,0.08821268,100.29482,23.30828,13.800006,-10.533738,0.0,0.0,26.88,11.918,5.36,16.88,24.845,0.0,88.721344,0.0,0.0,0.0,202.875,3481.0,0.0,-14.53125,0.1003418,104.691666,14000.724,14000.724,1100.0834,516.344,0.0,7.3969784,0.0,4.6873994,5.0,0.0,29.06875,38.62495,4.874994,0.0,0.0,-2.1171875,0.0,0.0,0.0,0.0,0.0,0.0,1.9999695,1.0,47.31903,4.687499,27.68691,26.725163,0.0,108.999954,0.0,0.0,102.65189,100.297035,720.0,550.5,-9.987684E-5,-25.90625,0.0,-27.875,6.06873,68.99507,20.697021,0.0,147.14,0.0,0.0,-0.72021484,99.998474,99.27826,0.6225586,146.99,147.03,147.03,146.63,0
368463.6,0.2076231,-2.4504523,0.09260116,0.08821268,100.295044,23.30828,13.802582,-10.532621,0.0,0.0,26.88,11.958,5.36,16.88,24.845,0.0,88.721436,0.0,0.0,0.0,202.875,3482.0,0.0,-14.671875,0.10095215,104.691666,14027.257,14027.257,1100.0834,516.344,0.0,7.2274203,0.0,4.687419,5.0,0.0,29.094206,38.62495,4.874994,0.0,0.0,-1.5078125,0.0,0.0,0.0,0.0,0.0,0.0,1.9999695,1.0,47.31903,4.687499,27.69483,26.833155,0.0,108.999954,0.0,0.0,102.65189,100.297035,720.0,550.875,-7.9901474E-5,-25.90625,0.0,-27.875,6.06873,68.99556,20.611572,0.0,147.4,0.0,0.0,-0.73547363,99.998474,99.263,0.6298828,147.27,147.16,146.63,146.27,0
368463.66,0.14609848,-2.480181,0.09097367,0.08817029,100.29524,23.30828,13.810245,-10.572403,0.0,0.0,26.88,11.999,5.36,16.88,24.845,0.0,88.72151,0.0,0.0,0.0,202.875,3470.0,0.0,-15.375,0.1026001,104.71654,14035.748,14035.748,1100.0834,516.344,0.0,7.1850305,0.0,4.687435,5.0,0.0,29.117115,38.99995,4.874994,0.0,0.0,-0.8046875,0.0,0.0,0.0,0.0,0.0,0.0,1.9999695,1.0,47.31903,4.687499,27.420824,26.87046,0.0,108.999954,0.0,0.0,102.65189,100.297035,720.0,551.25,-6.392118E-5,-25.90625,0.0,-27.6875,6.06873,68.996,20.446777,0.0,146.56,0.0,0.0,-0.73547363,99.998474,99.263,0.6201172,146.04,145.87,146.34,146.27,0
368463.7,0.15687878,-2.4733224,0.09068491,0.08817029,100.29459,23.30828,13.80975,-10.573839,0.0,0.0,26.88,12.038,5.36,16.88,24.845,0.0,88.72157,0.0,0.0,0.0,202.875,3459.0,0.0,-15.375,0.10290527,104.69996,14056.975,14056.975,1100.0834,516.344,0.0,7.163836,0.0,4.687448,5.0,0.0,29.212921,38.62495,4.874994,0.0,0.0,-0.9609375,0.0,0.0,0.0,0.0,0.0,0.0,1.9999695,1.0,46.90094,4.687499,27.410267,26.912622,0.0,108.999954,0.0,0.0,102.5441,100.28874,720.0,551.25,-5.1136944E-5,-25.84375,0.0,-27.78125,6.06873,68.9964,20.257568,0.0,146.24,0.0,0.0,-0.680542,99.998474,99.31793,0.6542969,145.81,145.98,145.64,145.94,0
368463.72,0.20550303,-2.433079,0.09069391,0.0880431,100.29401,23.30828,13.803543,-10.573499,0.0,0.0,26.88,12.078,5.36,16.88,24.845,0.0,88.72162,0.0,0.0,0.0,202.5,3455.0,0.0,-15.0703125,0.103515625,104.69996,14065.466,14065.466,1100.0834,516.344,0.0,7.2274203,0.0,4.687458,5.0,0.0,29.299147,38.62495,4.4999943,0.0,0.0,-1.0546875,0.0,0.0,0.0,0.0,0.0,0.0,1.9999695,1.0,46.90094,4.687499,27.412031,26.899736,0.0,108.999954,0.0,0.0,102.57727,100.28874,720.0,551.25,-4.0909556E-5,-25.8125,0.0,-27.78125,6.06873,68.99676,20.202637,0.0,145.92,0.0,0.0,-0.70495605,99.998474,99.29352,0.61035156,145.7,145.46,145.36,145.3,0
368463.75,0.16440243,-2.4169817,0.0908947,0.088000715,100.29348,23.30828,13.79334,-10.574396,0.0,0.0,26.88,12.118,5.36,16.88,24.845,0.0,88.72166,0.0,0.0,0.0,202.5,3450.0,0.0,-14.8671875,0.10479736,104.71654,14080.324,14080.324,1100.0834,516.344,0.0,7.142641,0.0,4.687466,5.0,0.0,29.37675,38.62495,4.4999943,0.0,0.0,-1.1328125,0.0,0.0,0.0,0.0,0.0,0.0,1.9999695,1.0,46.90094,4.687499,27.405317,26.83306,0.0,108.999954,0.0,0.0,102.336815,100.28874,720.0,550.875,-3.2727647E-5,-25.78125,0.0,-27.78125,6.06873,68.997086,19.665527,0.0,145.69,0.0,0.0,-0.6164551,99.998474,99.38202,0.63964844,146.16,146.11,145.46,145.41,0
368463.8,0.15152194,-2.3917928,0.09181627,0.088000715,100.292175,23.30828,13.803775,-10.540707,0.0,0.0,26.88,12.159,5.36,16.88,24.845,0.0,88.72169,0.0,0.0,0.0,202.5,3450.0,0.0,-14.9140625,0.10546875,104.70825,14099.429,14099.429,1100.0834,516.344,0.0,7.1850305,0.0,4.687473,5.0,0.0,29.446594,38.24995,4.4999943,0.0,0.0,-1.515625,0.0,0.0,0.0,0.0,0.0,0.0,1.9999695,1.0,46.90094,4.687499,27.636232,26.877514,0.0,108.999954,0.0,0.0,102.336815,100.28046,720.0,550.875,-2.6182117E-5,-25.8125,0.0,-27.78125,6.06873,68.997375,19.84253,0.0,145.95,0.0,0.0,-0.6347656,99.998474,99.36371,0.625,145.7,145.76,145.3,145.18,0
368463.84,0.22121754,-2.269217,0.092417166,0.088000715,100.291,23.30828,13.816939,-10.5089245,0.0,0.0,26.88,12.198,5.36,16.88,24.845,0.0,88.72171,0.0,0.0,0.0,202.5,3447.0,0.0,-15.1875,0.10675049,104.73312,14106.857,14106.857,1100.0834,516.344,0.0,7.5029526,0.0,4.687478,5.0,0.0,29.509453,38.24995,4.4999943,0.0,0.0,-1.375,0.0,0.0,0.0,0.0,0.0,0.0,1.9999695,1.0,46.90094,4.687499,27.854124,26.974936,0.0,108.999954,0.0,0.0,102.336815,100.28046,720.0,551.25,-2.0945694E-5,-25.78125,0.0,-27.78125,6.06873,68.997635,19.84253,0.0,145.51,0.0,0.0,-0.6439209,99.998474,99.35455,0.6298828,145.36,145.36,145.24,144.96,0
368463.88,0.17697404,-2.145187,0.09291617,0.088000715,100.29077,23.30828,13.814436,-10.507433,0.0,0.0,26.88,12.239,5.36,16.88,24.845,0.0,88.72173,0.0,0.0,0.0,202.5,3445.0,0.0,-15.1875,0.107421875,104.73312,14133.922,14133.922,1100.0834,516.344,0.0,7.354589,0.0,4.6874824,5.0,0.0,29.566025,38.24995,4.4999943,0.0,0.0,-1.0390625,0.0,0.0,0.0,0.0,0.0,0.0,1.9999695,1.0,46.481323,4.687499,27.864182,26.911749,0.0,108.999954,0.0,0.0,102.336815,100.28874,720.0,551.25,-1.6756556E-5,-25.78125,0.0,-27.78125,6.06873,68.99787,19.958496,0.0,145.54,0.0,0.0,-0.7080078,99.998474,99.29047,0.625,145.36,145.46,145.07,144.83,0
368463.9,0.24157923,-2.0205748,0.09296385,0.088000715,100.290565,23.30828,13.8185425,-10.506047,0.0,0.0,26.88,12.278,5.36,16.88,24.845,0.0,88.72175,0.0,0.0,0.0,202.5,3443.0,0.0,-15.0234375,0.10772705,104.73312,14138.167,14138.167,1100.0834,516.344,0.0,7.2698097,0.0,4.6874857,5.0,0.0,29.61694,38.24995,4.4999943,0.0,0.0,-0.890625,0.0,0.0,0.0,0.0,0.0,0.0,1.9999695,1.0,46.481323,4.687499,27.87353,26.910398,0.0,108.999954,0.0,0.0,102.336815,100.28874,720.0,551.25,-1.3405245E-5,-25.78125,0.0,-27.78125,6.06873,68.998085,19.915771,0.0,145.43,0.0,0.0,-0.6378174,99.998474,99.36066,0.6298828,145.3,145.36,144.56,144.83,0
368463.97,0.2332634,-1.85823,0.09187474,0.088000715,100.29038,23.30828,13.809698,-10.54422,0.0,0.0,26.88,12.319,5.36,16.88,24.845,0.0,88.72176,0.0,0.0,0.0,202.5,3438.0,0.0,-15.125,0.10900879,104.74971,14163.64,14163.64,1100.0834,516.344,0.0,7.1850305,0.0,4.6874886,5.0,0.0,29.662764,38.24995,4.4999943,0.0,0.0,-0.484375,0.0,0.0,0.0,0.0,0.0,0.0,1.9999695,1.0,46.481323,4.687499,27.610226,26.84946,0.0,108.999954,0.0,0.0,102.29535,100.28874,720.0,551.25,-1.0724197E-5,-25.78125,0.0,-27.875,6.06873,68.998276,19.702148,0.0,145.25,0.0,0.0,-0.63171387,99.998474,99.36676,0.6347656,144.79,144.67,144.9,144.9,0
368464.0,0.20661072,-1.605792,0.09163515,0.08795833,100.29105,23.30828,13.821085,-10.578186,0.0,0.0,26.88,12.359,5.36,16.88,24.845,0.0,88.72177,0.0,0.0,0.0,202.5,3432.0,0.0,-14.9140625,0.109313965,104.758,14168.416,14168.416,1100.0834,516.344,0.0,7.0366673,0.0,4.6874905,5.0,0.0,29.704006,38.62495,4.4999943,0.0,0.0,-0.625,0.0,0.0,0.0,0.0,0.0,0.0,1.9999695,1.0,46.481323,4.687499,27.376768,26.662634,0.0,108.999954,0.0,0.0,102.18756,100.297035,720.0,550.875,-8.579357E-6,-25.75,0.0,-27.875,6.06873,68.99844,19.488525,0.0,144.85,0.0,0.0,-0.5645752,99.998474,99.4339,0.6298828,144.96,144.83,144.9,144.56,0
368464.03,0.28528857,-1.3735669,0.0905099,0.08795833,100.29166,23.30828,13.823196,-10.588033,0.0,0.0,26.88,12.398,5.36,16.88,24.845,0.0,88.72178,0.0,0.0,0.0,202.5,3431.0,0.0,-15.0,0.109680176,104.758,14193.888,14193.888,1100.0834,516.344,0.0,7.057862,0.0,4.6874924,5.0,0.0,29.741123,38.62495,4.4999943,0.0,0.0,-1.0859375,0.0,0.0,0.0,0.0,0.0,0.0,1.9999695,1.0,46.481323,4.687499,27.309504,26.716997,0.0,108.999954,0.0,0.0,102.013435,100.297035,720.0,550.875,-6.863486E-6,-25.75,0.0,-27.875,6.06873,68.9986,19.152832,0.0,144.88,0.0,0.0,-0.52490234,99.998474,99.47357,0.6201172,144.9,145.01,144.5,143.99,0
368464.06,0.28823087,-1.2056768,0.09084351,0.08795833,100.2922,23.30828,13.824675,-10.576758,0.0,0.0,26.88,12.438,5.36,16.88,24.845,0.0,88.72179,0.0,0.0,0.0,202.5,3433.0,0.0,-15.0546875,0.11065674,104.77458,14202.379,14202.379,1100.0834,516.344,0.0,7.121446,0.0,4.6874933,5.0,0.0,29.774529,38.62495,4.4999943,0.0,0.0,-0.9453125,0.0,0.0,0.0,0.0,0.0,0.0,1.9999695,1.0,46.063232,4.687499,27.387754,26.830935,0.0,108.999954,0.0,0.0,102.013435,100.297035,720.0,551.25,-5.4907887E-6,-25.75,0.0,-27.78125,6.06873,68.99873,19.195557,0.0,145.12,0.0,0.0,-0.52490234,99.998474,99.47357,0.625,144.9,145.01,144.39,143.93,0
368464.12,0.2705847,-1.1010208,0.090502195,0.08795833,100.29269,23.30828,13.831569,-10.586515,0.0,0.0,26.88,12.479,5.36,16.88,24.845,0.0,88.721794,0.0,0.0,0.0,202.5,3429.0,0.0,-15.0546875,0.110961914,104.77458,14225.197,14225.197,1100.0834,516.344,0.0,7.1850305,0.0,4.6874948,5.0,0.0,29.804594,38.62495,4.4999943,0.0,0.0,-0.9609375,0.0,0.0,0.0,0.0,0.0,0.0,1.9999695,1.0,46.063232,4.687499,27.32099,26.819477,0.0,108.999954,0.0,0.0,102.013435,100.297035,720.0,551.25,-4.392631E-6,-25.71875,0.0,-27.78125,6.06873,68.998856,19.110107,0.0,144.57,0.0,0.0,-0.5371094,99.998474,99.461365,0.6201172,144.61,144.67,144.05,143.99,0
368464.16,0.29646778,-1.0216583,0.09079938,0.08795833,100.29312,23.30828,13.818817,-10.582424,0.0,0.0,26.88,12.518,5.36,16.88,24.845,0.0,88.7218,0.0,0.0,0.0,202.5,3426.0,0.0,-14.8984375,0.11126709,104.76629,14236.872,14236.872,1100.0834,516.344,0.0,7.142641,0.0,4.6874957,5.0,0.0,29.831654,38.62495,4.4999943,0.0,0.0,-1.1171875,0.0,0.0,0.0,0.0,0.0,0.0,1.9999695,1.0,46.063232,4.687499,27.34962,26.785587,0.0,108.999954,0.0,0.0,102.013435,100.297035,720.0,550.875,-3.514105E-6,-25.71875,0.0,-27.78125,6.06873,68.99897,19.317627,0.0,144.66,0.0,0.0,-0.59814453,99.998474,99.40033,0.6298828,144.5,144.44,143.99,144.22,0
368464.2,0.27717423,-0.93366337,0.09040273,0.087873556,100.29352,23.30828,13.8216095,-10.584118,0.0,0.0,26.88,12.558,5.36,16.88,24.845,0.0,88.7218,0.0,0.0,0.0,202.5,3420.0,0.0,-15.109375,0.111572266,104.76629,14244.302,14244.302,1100.0834,516.344,0.0,7.2274203,0.0,4.687496,5.0,0.0,29.931194,38.62495,4.4999943,0.0,0.0,-0.8203125,0.0,0.0,0.0,0.0,0.0,0.0,1.9999695,1.0,46.063232,4.687499,27.338348,26.845493,0.0,108.999954,0.0,0.0,102.013435,100.297035,720.0,551.25,-2.811284E-6,-25.6875,0.0,-27.78125,6.06873,68.99907,19.244385,0.0,144.49,0.0,0.0,-0.5371094,99.998474,99.461365,0.6298828,144.1,143.99,144.17,144.05,0
368464.22,0.2617394,-0.8797154,0.09104209,0.087873556,100.29387,23.30828,13.823564,-10.575632,0.0,0.0,26.88,12.599,5.36,16.88,24.845,0.0,88.7218,0.0,0.0,0.0,202.5,3417.0,0.0,-15.125,0.11291504,104.79117,14270.836,14270.836,1100.0834,516.344,0.0,7.1002517,0.0,4.6874967,5.0,0.0,30.020782,38.62495,4.4999943,0.0,0.0,-0.59375,0.0,0.0,0.0,0.0,0.0,0.0,1.9999695,1.0,46.063232,4.687499,27.39719,26.77931,0.0,108.999954,0.0,0.0,101.97197,100.297035,720.0,551.25,-2.2490274E-6,-25.6875,0.0,-27.78125,6.06873,68.99916,19.195557,0.0,144.26,0.0,0.0,-0.5126953,99.998474,99.48578,0.6347656,144.27,144.39,144.17,143.82,0
368464.28,0.3293915,-0.83938617,0.091060154,0.08783117,100.29419,23.30828,13.819073,-10.572755,0.0,0.0,26.88,12.639,5.36,16.88,24.845,0.0,88.7218,0.0,0.0,0.0,202.5,3414.0,0.0,-15.125,0.113220215,104.782875,14270.836,14270.836,1100.0834,516.344,0.0,7.1002517,0.0,4.687497,5.0,0.0,30.10141,38.24995,4.4999943,0.0,0.0,-0.4921875,0.0,0.0,0.0,0.0,0.0,0.0,1.9999695,1.0,45.643616,4.687499,27.417345,26.779446,0.0,108.999954,0.0,0.0,101.97197,100.297035,720.0,551.25,-1.7992219E-6,-25.6875,0.0,-27.78125,6.06873,68.999245,19.152832,0.0,144.23,0.0,0.0,-0.5187988,99.998474,99.479675,0.6152344,143.93,143.88,143.7,143.36,0
368464.3,0.3235132,-0.7857545,0.09107294,0.08783117,100.29448,23.30828,13.827647,-10.580203,0.0,0.0,26.88,12.678,5.36,16.88,24.845,0.0,88.7218,0.0,0.0,0.0,202.5,3408.0,0.0,-15.109375,0.11352539,104.782875,14288.878,14288.878,1100.0834,516.344,0.0,7.1002517,0.0,4.6874976,5.0,0.0,30.173977,38.24995,4.4999943,0.0,0.0,-0.4375,0.0,0.0,0.0,0.0,0.0,0.0,1.9999695,1.0,45.643616,4.687499,27.366297,26.734243,0.0,108.999954,0.0,0.0,101.93052,100.297035,720.0,551.25,-1.4393776E-6,-25.65625,0.0,-27.78125,6.06873,68.99932,19.07959,0.0,143.75,0.0,0.0,-0.5065918,99.998474,99.49188,0.64941406,143.82,144.05,143.6,143.48,0
368464.34,0.31881058,-0.78305185,0.091212876,0.08783118,100.29474,23.30828,13.821931,-10.576269,0.0,0.0,26.88,12.718,5.36,16.88,24.845,0.0,88.7218,0.0,0.0,0.0,202.5,3406.0,0.0,-15.0390625,0.11383057,104.782875,14305.329,14305.329,1100.0834,516.344,0.0,7.1002517,0.0,4.687498,5.0,0.0,30.239285,38.24995,4.4999943,0.0,0.0,-0.375,0.0,0.0,0.0,0.0,0.0,0.0,1.9999695,1.0,45.643616,4.687499,27.393667,26.74771,0.0,108.999954,0.0,0.0,101.847595,100.297035,720.0,551.25,-1.151502E-6,-25.65625,0.0,-27.78125,6.06873,68.99939,18.927002,0.0,143.95,0.0,0.0,-0.53100586,99.998474,99.46747,0.6201172,143.93,143.93,143.21,143.32,0
368464.38,0.3750485,-0.80072075,0.091691494,0.08783117,100.29497,23.30828,13.835507,-10.589185,0.0,0.0,26.88,12.758,5.36,16.88,24.845,0.0,88.7218,0.0,0.0,0.0,202.5,3407.0,0.0,-14.96875,0.11413574,104.782875,14308.514,14308.514,1100.0834,516.344,0.0,7.163836,0.0,4.687498,5.0,0.0,30.298061,38.24995,4.4999943,0.0,0.0,-0.3046875,0.0,0.0,0.0,0.0,0.0,0.0,1.9999695,1.0,45.643616,4.687499,27.30487,26.594664,0.0,108.999954,0.0,0.0,101.77298,100.297035,720.0,550.875,-9.2120166E-7,-25.65625,0.0,-27.78125,6.06873,68.99945,18.798828,0.0,144.18,0.0,0.0,-0.4852295,99.998474,99.513245,0.6298828,143.99,143.99,143.36,143.32,0
368464.44,0.30003878,-0.8077883,0.091417916,0.08783117,100.29517,23.30828,13.839152,-10.596977,0.0,0.0,26.88,12.799,5.36,16.88,24.845,0.0,88.7218,0.0,0.0,0.0,202.5,3406.0,0.0,-14.8828125,0.115478516,104.80775,14339.292,14339.292,1100.0834,516.344,0.0,7.163836,0.0,4.687498,5.0,0.0,30.350964,38.24995,4.4999943,0.0,0.0,-0.2265625,0.0,0.0,0.0,0.0,0.0,0.0,1.9999695,1.0,45.643616,4.687499,27.251362,26.549818,0.0,108.999954,0.0,0.0,101.731514,100.297035,720.0,550.875,-7.3696134E-7,-25.65625,0.0,-27.78125,6.06873,68.999504,18.701172,0.0,143.84,0.0,0.0,-0.43640137,99.998474,99.56207,0.625,143.88,143.7,143.54,143.1,0
368464.47,0.28003103,-0.8293654,0.09160501,0.08783118,100.295364,23.30828,13.835844,-10.591696,0.0,0.0,26.88,12.839,5.36,16.88,24.845,0.0,88.7218,0.0,0.0,0.0,202.5,3406.0,0.0,-14.78125,0.11578369,104.79946,14342.477,14342.477,1100.0834,516.344,0.0,7.1850305,0.0,4.6874986,5.0,0.0,30.398575,38.24995,4.4999943,0.0,0.0,-0.1875,0.0,0.0,0.0,0.0,0.0,0.0,1.9999695,1.0,45.225525,4.687499,27.287954,26.553205,0.0,108.999954,0.0,0.0,101.690056,100.297035,720.0,550.875,-5.895691E-7,-25.65625,0.0,-27.59375,6.06873,68.99956,18.743896,0.0,143.95,0.0,0.0,-0.4333496,99.998474,99.565125,0.6298828,143.76,143.82,143.54,143.04,0
368464.5,0.30402482,-0.8192462,0.091582164,0.08783118,100.29553,23.30828,13.839388,-10.592369,0.0,0.0,26.88,12.88,5.36,16.88,24.845,0.0,88.7218,0.0,0.0,0.0,202.5,3406.0,0.0,-14.828125,0.11608887,104.79946,14361.58,14361.58,1100.0834,516.344,0.0,7.121446,0.0,4.6874986,5.0,0.0,30.441425,38.24995,4.4999943,0.0,0.0,-0.1953125,0.0,0.0,0.0,0.0,0.0,0.0,1.9999695,1.0,45.225525,4.687499,27.283484,26.553205,0.0,108.999954,0.0,0.0,101.690056,100.297035,720.0,550.875,-4.7165528E-7,-25.65625,0.0,-27.59375,6.06873,68.9996,18.792725,0.0,143.75,0.0,0.0,-0.4333496,99.998474,99.565125,0.6225586,143.76,143.88,143.32,142.98,0
368464.53,0.20321986,-0.8151985,0.09106845,0.08783117,100.295685,23.30828,13.82429,-10.570882,0.0,0.0,26.88,12.919,5.36,16.88,24.845,0.0,88.7218,0.0,0.0,0.0,202.5,3402.0,0.0,-15.2109375,0.11608887,104.79117,14373.255,14373.255,1100.0834,516.344,0.0,6.973083,0.0,4.6874986,5.0,0.0,30.479988,38.24995,4.4999943,0.0,0.0,-0.90625,0.0,0.0,0.0,0.0,0.0,0.0,1.9999695,1.0,45.225525,4.687499,27.43175,26.796015,0.0,108.999954,0.0,0.0,101.690056,100.297035,720.0,551.25,-3.7732423E-7,-25.625,0.0,-27.5,6.06873,68.99964,18.817139,0.0,143.61,0.0,0.0,-0.43640137,99.998474,99.56207,0.6298828,143.15,143.15,142.94,142.98,0
368464.6,0.22257589,-0.7760794,0.09101181,0.08778878,100.29582,23.30828,13.837159,-10.567134,0.0,0.0,26.88,12.959,5.36,16.88,24.845,0.0,88.57143,0.0,0.0,0.0,202.5,3396.0,0.0,-15.09375,0.11639404,104.79117,14388.645,14388.645,1100.0834,516.344,0.0,7.0790567,0.0,4.6874986,5.0,0.0,30.589884,38.24995,4.4999943,0.0,0.0,-0.7734375,0.0,0.0,0.0,0.0,0.0,0.0,1.9999695,1.0,45.225525,4.687499,27.457718,26.822098,0.0,108.999954,0.0,0.0,101.690056,100.297035,720.0,551.25,-3.018594E-7,-25.625,0.0,-27.5,6.06873,68.99968,18.719482,0.0,143.18,0.0,0.0,-0.43945312,99.998474,99.55902,0.63964844,143.48,143.36,142.88,142.98,0
368464.62,0.2180607,-0.77918184,0.091387436,0.08778878,100.295944,23.30828,13.834449,-10.5902195,0.0,0.0,26.88,12.999,5.36,16.88,24.845,0.0,88.451126,0.0,0.0,0.0,202.5,3396.0,0.0,-14.9609375,0.11669922,104.79117,14407.749,14407.749,1100.0834,516.344,0.0,7.1002517,0.0,4.6874986,5.0,0.0,30.688791,38.24995,4.4999943,0.0,0.0,-0.171875,0.0,0.0,0.0,0.0,0.0,0.0,1.9999695,1.0,45.225525,4.687499,27.298716,26.596678,0.0,108.999954,0.0,0.0,101.690056,100.297035,720.0,550.875,-2.4148753E-7,-25.625,0.0,-27.5,6.06873,68.99971,18.676758,0.0,143.5,0.0,0.0,-0.43640137,99.998474,99.56207,0.625,143.27,143.21,142.82,142.72,0
368464.7,0.17444856,-0.7804228,0.091289796,0.08783117,100.29523,23.30828,13.832552,-10.592892,0.0,0.0,26.88,13.039,5.36,16.88,24.845,0.0,88.35489,0.0,0.0,0.0,202.5,3397.0,0.0,-14.9140625,0.11767578,104.80775,14428.445,14428.445,1100.0834,516.344,0.0,7.142641,0.0,4.687499,5.0,0.0,30.777807,38.24995,4.4999943,0.0,0.0,-0.0234375,0.0,0.0,0.0,0.0,0.0,0.0,1.9999695,1.0,44.80591,4.687499,27.27958,26.610052,0.0,108.999954,0.0,0.0,101.690056,100.28874,720.0,550.875,-1.9319002E-7,-25.625,0.0,-27.5,6.06873,68.99974,18.762207,0.0,143.31,0.0,0.0,-0.43640137,99.998474,99.56207,0.625,143.54,143.36,143.04,142.6,0
368464.72,0.15955885,-0.81841916,0.09079909,0.08783117,100.29458,23.30828,13.837083,-10.60675,0.0,0.0,26.88,13.078,5.36,16.88,24.845,0.0,88.2779,0.0,0.0,0.0,202.5,3399.0,0.0,-14.84375,0.11804199,104.80775,14441.182,14441.182,1100.0834,516.344,0.0,6.9942775,0.0,4.687499,5.0,0.0,30.857922,38.24995,4.4999943,0.0,0.0,-0.125,0.0,0.0,0.0,0.0,0.0,0.0,1.9999695,1.0,44.80591,4.687499,27.183409,26.596655,0.0,108.999954,0.0,0.0,101.690056,100.28874,720.0,550.875,-1.5455201E-7,-25.625,0.0,-27.5,6.06873,68.99977,18.66455,0.0,143.53,0.0,0.0,-0.46081543,99.998474,99.53766,0.625,143.36,143.44,142.76,142.6,0
368464.78,0.18764709,-0.8336177,0.09039185,0.08778878,100.294,23.30828,13.828536,-10.611012,0.0,0.0,26.88,13.118,5.36,16.88,24.845,0.0,88.21631,0.0,0.0,0.0,202.5,3395.0,0.0,-14.9765625,0.11834717,104.79946,14441.182,14441.182,1100.0834,516.344,0.0,7.121446,0.0,4.687499,5.0,0.0,30.930025,38.24995,4.4999943,0.0,0.0,-0.6015625,0.0,0.0,0.0,0.0,0.0,0.0,1.9999695,1.0,44.80591,4.687499,27.15344,26.66029,0.0,108.999954,0.0,0.0,101.64859,100.28874,720.0,550.875,-1.2364161E-7,-25.59375,0.0,-27.5,6.06873,68.999794,18.682861,0.0,143.31,0.0,0.0,-0.43640137,99.998474,99.56207,0.625,143.04,143.21,142.38,142.32,0
368464.8,0.17011768,-0.82094705,0.090418555,0.08766161,100.294304,23.30828,13.840132,-10.598746,0.0,0.0,26.88,13.158,5.36,16.88,24.845,0.0,88.16704,0.0,0.0,0.0,202.5,3391.0,0.0,-15.1171875,0.11834717,104.80775,14449.142,14449.142,1100.0834,516.344,0.0,7.121446,0.0,4.687499,5.0,0.0,30.994919,38.24995,4.4999943,0.0,0.0,-0.5,0.0,0.0,0.0,0.0,0.0,0.0,1.9999695,1.0,44.80591,4.687499,27.238295,26.71177,0.0,108.999954,0.0,0.0,101.44959,100.297035,720.0,551.25,-9.891329E-8,-25.59375,0.0,-27.78125,6.06873,68.99982,18.353271,0.0,142.86,0.0,0.0,-0.38757324,99.998474,99.6109,0.6201172,142.76,142.82,142.55,142.6,0
368464.84,0.21609414,-0.77837884,0.090640485,0.087619215,100.29458,23.30828,13.842389,-10.587677,0.0,0.0,26.88,13.199,5.36,16.88,24.845,0.0,88.12762,0.0,0.0,0.0,202.5,3381.0,0.0,-15.15625,0.118652344,104.80775,14476.206,14476.206,1100.0834,516.344,0.0,7.0790567,0.0,4.687499,5.0,0.0,31.053322,38.24995,4.4999943,0.0,0.0,-0.5859375,0.0,0.0,0.0,0.0,0.0,0.0,1.9999695,1.0,44.80591,4.687499,27.31487,26.723858,0.0,108.999954,0.0,0.0,101.690056,100.297035,720.0,551.25,-7.9130636E-8,-25.5625,0.0,-27.78125,6.06873,68.99983,18.725586,0.0,142.7,0.0,0.0,-0.52490234,99.998474,99.47357,0.6323242,142.55,142.32,142.6,142.6,0
