Time,Accel. Lat (m/s2),Accel. Long (m/s2),Airmass (g/stk),Airmass SP (g/stk),Ambient Press (kpa),Ambient Temp (°C),Battery Volts (V),Boost (psi),Calc TQ (nm),Calc HP (hp),Calc 0-60mph (s),Calc 60-130mph (s),Calc 0-60ft (s),Calc 1/8mile (s),Calc 1/4mile (s),Comb Mode (),Coolant Temp (°C),Cruise (),DV Position (%),EOI Actual (°),EOI Limit (°),Engine Speed (rpm),Eth Content (%),Exh Cam Position (°),Exh Flow Factor (),Exh Pres Desired (kpa),FP DI (kpa),FP DI SP (kpa),FP MPI (kpa),FP MPI SP (kpa),Fuel Flow (mg/stk),Fuel Flow SP (mg/stk),Fuel Split MPI (),Fuel Trim (%),Gear (gear),HPFP Eff Vol (%),IAT (°C),Ign Table (°),Ign Avg (°),Inj PW DI (ms),Inj PW MPI (ms),Intake Cam Pos (°),Intake Flow Fact (),Knock Avg (°),Knock Cyl 1 (°),Knock Cyl 2 (°),Knock Cyl 3 (°),Knock Cyl 4 (°),Lambda (l),Lambda SP (l),LPFP Duty (%),LTFT (%),MAP (kpa),MAP SP (kpa),Misfires (),Oil Temp (°C),Pedal Pos (%),Port Flap Pos (%),PUT (kpa),PUT SP (kpa),SOI Actual (°),SOI Limit (°),STFT (%),Torque (Nm),Torque Lim (),Torque Req (Nm),TPS (%),Trans Temp (°C),Turbo Speed (rpm),Valve Lift Pos (),Vehicle Speed (km/h),WG Flow Des (kg/hr),WG I Value (%),WG P-D Value (%),WG Pos Base (%),WG Pos Final (%),WG Voltage (V),Wheel Speed FL (km/h),Wheel Speed FR (km/h),Wheel Speed RL (km/h),Wheel Speed RR (km/h),SimosTools [R2.12:2026_7_15:CB_HSL_SP2933_5G0906259L_0002_BasicsGuide_R11.bin]
367352.2,-0.3829636,0.0499484,0.26917315,0.29842255,101.1656,23.308264,13.700247,-3.733455,102.40869,50.40686,26.88,79.678,5.36,16.88,24.845,0.0,90.225555,0.0,0.0,463.125,219.375,3508.0,0.0,-3.9765625,0.11517334,112.98342,13710.977,13891.405,1100.0834,511.83328,29.630304,21.110003,0.0,6.5929184,4.0,45.39032,39.76709,20.999973,21.374973,1.456,0.0,-31.328125,0.24188232,0.0,0.0,0.0,0.0,0.0,0.9550781,0.9394531,56.71234,3.125239,75.431305,81.22432,0.0,97.99997,20.507812,0.0,100.08145,80.73679,493.875,540.0,3.4676797,78.90625,0.0,93.21875,18.206188,48.999985,31.610107,0.0,111.33,72.5625,0.0,-62.750244,41.38794,0.0,0.63720703,111.26,111.3,110.95,110.48,0
367352.22,-0.4263709,0.07622936,0.30287573,0.32907015,101.16581,23.308264,13.703454,-2.7883825,115.47989,56.9865,26.88,79.718,5.36,16.88,24.845,0.0,90.225555,0.0,0.0,463.125,217.5,3517.0,0.0,-3.96875,0.12219238,114.06964,14411.994,14451.795,1100.0834,511.83328,30.986769,24.034882,0.0,6.836811,4.0,47.08252,39.77534,19.124975,19.499975,1.496,0.0,-31.28125,0.28381348,0.0,0.0,0.0,0.0,0.0,0.96777344,0.9394531,56.855774,3.1251671,81.94579,86.06405,0.0,97.99997,24.609375,0.0,99.0367,86.00205,494.625,540.0,3.711644,88.9375,0.0,117.90625,21.473967,48.999985,34.60083,0.0,111.28,85.15625,0.0,-50.161743,39.434814,0.0,0.6274414,111.47,111.16,110.69,110.57,0
367352.28,-0.44109672,0.10549175,0.333154,0.35662338,101.16599,23.308264,13.69398,-2.1160896,126.51074,62.554207,26.88,79.759,5.36,16.88,24.845,0.0,90.225555,0.0,0.0,462.0,216.375,3524.0,0.0,-3.90625,0.12786865,115.75286,15037.657,15012.185,1100.0834,511.83328,33.530144,27.48963,0.0,7.110057,4.0,49.27368,39.78277,18.374977,18.374977,1.58,0.0,-31.257812,0.32000732,0.0,0.0,0.0,0.0,0.0,0.99316406,0.9394531,56.99768,2.890742,86.58002,89.79012,0.0,97.99997,26.757812,0.0,98.57236,89.5758,495.375,540.0,4.219315,104.6875,0.0,131.25,24.27492,48.999985,35.614014,0.0,111.4,96.0,0.0,-36.63025,37.023926,0.39367676,0.6347656,111.3,111.34,111.03,110.65,0
367352.3,-0.45287737,0.1359467,0.35498184,0.38642326,101.16616,23.308264,13.7049265,-1.6472005,136.13069,67.36817,26.88,79.799,5.36,16.88,24.845,0.0,90.225555,0.0,0.0,459.375,215.625,3527.0,0.0,-3.5546875,0.13311768,117.270256,15621.927,15572.574,1100.0834,511.83328,35.24692,30.244951,0.0,7.6645966,4.0,50.964355,39.78945,17.624977,17.624977,1.72,0.0,-31.148438,0.36120605,0.0,0.0,0.0,0.0,0.0,1.0253906,0.9394531,57.183838,2.7266445,89.81219,93.973366,0.0,97.99997,28.125,0.0,97.93389,94.194305,495.75,539.625,4.937952,113.125,0.0,139.5,30.343649,48.999985,38.458252,0.0,111.44,108.375,0.0,-20.29419,33.258057,12.963867,0.7421875,111.51,111.51,110.69,110.57,0
367352.34,-0.4623019,0.1856287,0.3673652,0.42173374,101.16631,23.308264,13.712589,-1.4177284,152.98325,75.81547,26.88,79.845,5.36,16.88,24.845,0.0,90.225555,0.0,0.0,457.125,215.25,3532.0,0.0,-3.3203125,0.13739014,118.45597,16257.672,16132.964,1100.0834,511.83328,33.212223,30.287342,0.0,8.280888,4.0,50.590515,39.795467,17.624977,17.249977,1.86,0.0,-31.03125,0.40527344,0.0,0.0,0.0,0.0,0.0,1.0214844,0.9394531,57.53174,2.611776,91.394066,98.58554,0.0,97.99997,29.980469,0.0,97.14617,98.96207,496.5,539.25,5.6691117,117.0625,0.0,150.65625,36.412376,48.999985,38.031006,0.0,111.44,121.59375,0.0,-0.41809082,28.771973,28.353882,0.64208984,111.68,111.43,110.95,110.6,0
367352.38,-0.48984155,0.26175147,0.37839982,0.45034665,101.16645,23.308264,13.712093,-1.2024893,174.35718,86.40797,26.88,79.878,5.36,16.88,24.845,0.0,90.225555,0.0,0.0,454.875,215.25,3532.0,0.0,-3.3359375,0.14276123,119.31003,16727.848,16580.32,1100.0834,511.83328,34.27196,32.173676,0.0,8.785408,4.0,51.73645,39.80088,17.249977,17.249977,1.992,0.0,-30.875,0.44073486,0.0,0.0,0.0,0.0,0.0,0.99609375,0.9394531,57.44629,2.5313683,92.87782,102.30845,0.0,97.99997,30.859375,0.0,97.51101,102.63531,497.25,539.25,6.2540393,119.90625,0.0,155.625,42.481106,48.999985,41.35742,0.0,111.72,132.21875,0.0,0.3540039,25.396729,25.750732,0.60058594,111.43,111.68,111.13,110.69,0
367352.44,-0.49187323,0.3484506,0.39173627,0.48866683,101.16657,23.308264,13.741043,-1.0076528,192.6625,95.50675,26.88,79.918,5.36,16.88,24.845,0.0,90.225555,0.0,0.0,453.75,214.875,3533.0,0.0,-3.3359375,0.17358398,121.81413,17081.807,16616.938,1100.0834,511.83328,29.35477,32.131287,0.0,9.197064,4.0,49.194336,39.805756,16.874979,16.874979,2.056,0.0,-29.671875,0.46777344,0.0,0.0,0.0,0.0,0.0,0.99121094,0.9394531,57.64618,2.4750829,94.22093,107.19496,0.0,97.99997,31.738281,0.0,97.68514,108.11616,497.625,539.25,6.7219815,122.03125,0.0,160.90625,49.016663,48.999985,41.07666,0.0,111.61,140.34375,0.0,9.255981,27.844238,37.10022,0.6274414,111.6,111.64,110.74,110.74,0
367352.47,-0.4934986,0.43938026,0.40133297,0.5211796,101.16668,23.308264,13.732011,-0.91151506,209.04976,103.71825,26.88,79.962,5.36,16.88,24.845,0.0,90.225555,0.0,0.0,454.5,214.5,3536.0,0.0,-3.375,0.22851562,127.576904,17018.656,16738.992,1100.0834,511.83328,32.512794,33.191025,0.0,9.532019,4.0,51.24817,39.810143,16.499979,16.499979,2.048,0.0,-28.257812,0.46142578,0.0,0.0,0.0,0.0,0.0,0.9892578,0.9394531,57.836914,2.435683,94.883705,112.12953,0.0,97.99997,33.496094,0.0,97.66856,113.30679,498.0,539.625,7.0963354,127.78125,0.0,171.09375,62.5546,48.999985,42.071533,0.0,111.72,138.4375,0.0,16.07666,37.43286,53.50952,1.6601562,111.91,111.6,111.3,110.92,0
367352.5,-0.47479886,0.49450213,0.41624615,0.55962694,101.16678,23.308264,13.731548,-0.7658282,213.87646,106.112976,26.88,79.998,5.36,16.88,24.845,0.0,90.225555,0.0,0.0,453.375,214.5,3536.0,0.0,-3.8046875,0.28710938,134.38443,17018.656,16973.018,1100.0834,511.83328,33.46656,34.63227,0.0,9.803921,4.0,51.896667,39.81409,16.124979,16.499979,2.104,0.0,-26.257812,0.44537354,0.0,0.0,0.0,0.0,0.0,0.99121094,0.9394531,57.9422,2.408103,95.88801,118.213806,0.0,97.99997,36.035156,0.0,98.34848,121.15909,498.0,540.0,7.395818,129.6875,0.0,185.96875,78.893486,48.999985,43.56079,0.0,111.85,133.625,0.0,23.873901,50.909424,74.783325,2.2192383,111.68,111.95,111.13,110.65,0
367352.53,-0.4798391,0.55405086,0.43353924,0.6121052,101.16686,23.308264,13.742943,-0.55903107,223.84372,111.05814,26.88,80.043,5.36,16.88,24.845,0.0,90.225555,0.0,0.0,452.625,213.375,3536.0,0.0,-5.4921875,0.35516357,144.93153,17088.705,17109.4,1100.0834,511.83328,35.797985,35.713207,0.0,10.024201,4.0,53.372192,39.817642,15.74998,15.37498,2.144,0.0,-24.578125,0.39849854,0.0,0.0,0.0,0.0,0.0,0.97753906,0.9394531,58.189392,2.388797,97.31352,126.83379,0.0,97.99997,39.453125,0.0,99.608826,132.22028,498.375,541.5,7.6354046,137.28125,0.0,205.90625,78.42666,48.999985,44.830322,0.0,111.96,119.5625,0.0,53.131104,68.463135,99.998474,2.8466797,111.95,111.95,111.03,110.92,0
367352.6,-0.4638713,0.5966203,0.4486621,0.63440216,101.16694,23.383451,13.733341,-0.38039657,228.8054,113.26301,26.88,80.079,5.36,16.88,24.845,0.0,90.225555,0.0,0.0,451.5,213.0,3528.0,0.0,-5.515625,0.38806152,151.19182,17236.232,17311.057,1100.0834,511.83328,38.1718,37.11206,0.0,10.202356,4.0,54.94995,39.82084,14.999981,14.999981,2.22,0.0,-22.835938,0.3720703,0.0,0.0,0.0,0.0,0.0,0.96484375,0.9394531,58.355713,2.3752828,98.54491,130.00372,0.0,97.99997,40.625,0.0,100.72821,135.9267,498.75,541.5,7.8270736,142.34375,0.0,213.09375,78.42666,48.999985,47.72339,0.0,111.91,111.625,0.0,52.597046,73.64502,99.998474,3.2226562,112.04,111.86,111.6,111.13,0
367352.62,-0.47109705,0.6323981,0.46733698,0.64372784,101.16701,23.45112,13.72662,-0.15811238,233.43352,115.3575,26.88,80.118,5.36,16.88,24.845,0.0,90.225555,0.0,0.0,448.5,211.875,3522.0,0.0,-5.453125,0.39465332,153.03258,17561.533,17652.28,1100.0834,511.83328,38.93481,39.295124,0.0,10.189981,4.0,55.586243,39.823715,14.624981,13.874982,2.38,0.0,-20.054688,0.38134766,0.0,0.0,0.0,0.0,0.0,0.94140625,0.9394531,58.537292,2.3658228,100.077156,130.33255,0.0,97.99997,40.820312,0.0,102.336815,136.55687,499.125,541.5,7.824159,151.5625,0.0,214.4375,77.95983,48.999985,51.367188,0.0,112.07,114.40625,0.0,52.774048,73.54126,99.998474,3.5205078,111.86,112.08,111.34,111.13,0
367352.7,-0.47687763,0.6654593,0.48948288,0.6433464,101.16707,23.512024,13.716056,0.24461378,237.85596,117.67646,26.88,80.16,5.36,16.88,24.845,0.0,90.225555,0.0,0.0,448.125,211.125,3526.0,0.0,-5.4609375,0.39630127,154.58315,17851.81,17880.467,1100.0834,511.83328,39.71902,40.482033,0.0,10.024778,4.0,55.426025,39.751118,14.249982,13.124983,2.432,0.0,-17.703125,0.4109497,0.0,0.0,0.0,0.0,0.0,0.9169922,0.9394531,58.84247,2.359201,102.853165,129.53119,0.0,97.99997,40.625,0.0,105.031624,136.34128,499.875,541.5,7.6655774,160.84375,0.0,212.96875,77.95983,48.999985,56.506348,0.0,112.09,123.28125,0.0,52.371216,71.484375,99.998474,3.635254,112.29,111.98,111.34,111.16,0
367352.75,-0.5015021,0.67868376,0.50864077,0.64474523,101.16713,23.566837,13.72038,0.63986206,237.93593,117.749405,26.88,80.199,5.36,16.88,24.845,0.0,90.225555,0.0,0.0,447.0,210.375,3527.0,0.0,-5.3203125,0.39575195,155.31282,17973.336,18116.617,1100.0834,511.83328,43.597664,41.817303,0.0,9.737028,4.0,57.128906,39.68578,13.874982,12.374984,2.516,0.0,-15.0,0.43328857,0.0,0.0,0.0,0.0,0.0,0.90722656,0.9394531,59.00879,2.3545656,105.57763,129.46587,0.0,97.99997,40.625,0.0,107.71816,135.72769,500.25,541.5,7.382462,167.96875,0.0,212.90625,77.95983,48.999985,61.21826,0.0,112.11,130.0,0.0,51.974487,69.76929,99.998474,3.6450195,112.25,112.16,111.77,111.26,0
367352.78,-0.52120167,0.6652235,0.53690726,0.6547068,101.16718,23.616169,13.711688,1.3041866,233.452,115.72694,26.88,80.243,5.36,16.88,24.845,0.0,90.225555,0.0,0.0,445.125,210.0,3533.0,0.0,-4.84375,0.39996338,157.15358,18185.074,18432.367,1100.0834,511.83328,46.41657,44.148727,0.0,9.35104,4.0,58.291626,39.626976,13.874982,11.999985,2.608,0.0,-14.96875,0.45318604,0.0,0.0,0.0,0.0,0.0,0.9013672,0.9394531,59.248352,2.3513207,110.1568,130.64369,0.0,97.99997,41.69922,0.0,112.021576,136.25008,500.625,540.75,6.9997196,177.375,0.0,219.40625,77.95983,48.999985,67.82837,0.0,112.29,135.96875,0.0,51.123047,68.7561,99.998474,3.6523438,112.25,112.43,111.47,111.3,0
367352.8,-0.5369613,0.67858946,0.56920195,0.684761,101.16723,23.660566,13.688025,2.1087115,238.02866,118.162674,26.88,80.278,5.36,16.88,24.845,0.0,90.225555,0.0,0.0,444.0,210.0,3538.0,0.0,-4.9609375,0.43566895,164.84833,18353.297,18653.127,1100.0834,511.83328,50.782696,45.695946,0.0,8.886326,4.0,59.951782,39.57405,14.249982,11.999985,2.692,0.0,-15.046875,0.44030762,0.0,0.0,0.0,0.0,0.0,0.8964844,0.9394531,59.580994,2.3490496,115.70235,135.892,0.0,97.99997,43.554688,0.0,117.20392,143.32294,501.375,541.125,6.537276,189.4375,0.0,230.875,78.42666,48.999985,75.14038,0.0,112.4,132.09375,0.0,50.27771,72.84546,99.998474,3.6523438,112.61,112.34,111.81,111.51,0
367352.84,-0.56956905,0.70268583,0.59428275,0.6873891,101.167274,23.700525,13.659742,2.7392738,242.31161,120.35683,26.88,80.318,5.36,16.88,24.845,0.0,90.225555,0.0,0.0,442.875,209.625,3540.0,0.0,-5.09375,0.44586182,167.74216,18543.277,18906.787,1100.0834,511.83328,54.767315,47.603477,0.0,8.51478,4.0,61.688232,39.52642,14.249982,11.624985,2.772,0.0,-14.625,0.44537354,0.0,0.0,0.0,0.0,0.0,0.890625,0.9394531,59.843445,2.3474598,120.04879,136.28967,0.0,97.99997,44.23828,0.0,121.48247,143.39757,501.75,541.125,6.1673207,200.40625,0.0,234.96875,78.893486,48.999985,80.71289,0.0,112.57,133.625,0.0,49.398804,73.413086,99.998474,3.6523438,112.47,112.65,111.95,111.47,0
367352.88,-0.5956552,0.7498244,0.62129843,0.7042601,101.16731,23.736488,13.645803,3.3894882,250.82127,124.86514,26.88,80.359,5.36,16.88,24.845,0.0,90.225555,0.0,0.0,439.875,208.875,3548.0,0.0,-5.2578125,0.46594238,173.10692,18830.371,19281.973,1100.0834,511.83328,58.857906,49.680565,0.0,7.9052033,4.0,63.453674,39.48355,13.499983,10.874986,2.96,0.0,-12.8046875,0.44470215,0.0,0.0,0.0,0.0,0.0,0.86621094,0.9394531,60.081482,2.3463469,124.530685,139.1872,0.0,97.99997,45.507812,0.0,126.5819,147.52686,503.25,541.5,5.5588565,216.125,0.0,242.65625,78.893486,48.999985,86.96289,0.0,112.78,133.40625,0.0,49.853516,74.93286,99.998474,3.6572266,112.74,112.87,111.81,111.68,0
367352.94,-0.6365242,0.7874298,0.6583897,0.7273201,101.16734,23.768854,13.641906,4.3117023,255.16151,127.24063,26.88,80.399,5.36,16.88,24.845,0.0,90.225555,0.0,0.0,438.75,208.125,3554.0,0.0,-5.359375,0.4901123,179.84811,19261.277,19612.582,1100.0834,511.83328,62.461018,52.011993,0.0,7.261403,4.0,64.19525,39.44497,12.374984,10.124987,3.04,0.0,-10.6484375,0.43884277,0.0,0.0,0.0,0.0,0.0,0.87109375,1.0,60.453796,2.3455677,130.88744,143.12427,0.0,97.99997,46.777344,0.0,132.45245,151.72249,503.625,541.5,4.9158354,227.1875,0.0,250.3125,78.893486,48.999985,93.50586,0.0,112.82,131.65625,0.0,49.209595,76.95923,99.998474,3.6547852,113.04,112.84,112.29,112.04,0
367352.97,-0.68921936,0.83997196,0.703882,0.75021034,101.16737,23.797983,13.645037,5.3973203,262.7947,131.19455,26.88,80.442,5.36,16.88,24.845,0.0,90.225555,0.0,0.0,437.625,207.0,3558.0,0.0,-5.3125,0.51397705,186.71368,19539.348,20000.502,1100.0834,511.83328,65.152756,52.605446,0.0,6.7464404,4.0,65.20691,39.410248,10.874986,8.999989,3.108,0.0,-9.0,0.43341064,0.0,0.0,0.0,0.0,0.0,0.8798828,0.9980469,60.440063,2.3450222,138.37051,146.60156,0.0,97.99997,46.777344,0.0,139.60823,156.62291,504.0,541.5,4.401418,233.4375,0.0,249.40625,79.36031,48.999985,100.74463,0.0,113.04,130.03125,0.0,46.224976,78.72925,99.998474,3.6523438,112.91,113.14,112.29,111.77,0
367353.0,-0.7513755,0.91723883,0.7314128,0.75555146,101.167404,23.8242,13.641369,6.0814753,274.31406,137.13779,26.88,80.479,5.36,16.88,24.845,0.0,90.225555,0.0,0.0,436.5,204.375,3563.0,0.0,-5.2734375,0.520874,189.43338,19816.89,20000.502,1100.0834,511.83328,67.335815,55.212402,0.0,6.334525,4.0,65.98358,39.378998,8.999989,6.374992,3.188,0.0,-6.8359375,0.43579102,0.0,0.0,0.0,0.0,0.0,0.8955078,0.99121094,60.972595,2.3446405,143.08635,147.41354,0.0,97.99997,46.777344,0.0,144.9647,157.01262,504.75,541.5,3.9898846,244.21875,0.0,248.8125,79.36031,48.999985,105.64575,0.0,113.25,130.75,0.0,27.529907,78.9978,99.998474,3.647461,113.23,113.27,112.25,111.98,0
367353.03,-0.8011004,0.98564553,0.7785952,0.76640326,101.16743,23.847795,13.638802,7.2718487,281.82678,141.09134,26.88,80.518,5.36,16.88,24.845,0.0,90.225555,0.0,0.0,437.625,202.125,3568.0,0.0,-5.296875,0.5344238,193.93579,20018.016,20000.502,1100.0834,511.83328,68.120026,58.243256,0.0,5.8487806,4.0,66.378784,39.350872,5.9999924,4.1249948,3.144,0.0,-5.1328125,0.43548584,0.0,0.0,0.0,0.0,0.0,0.9296875,0.9863281,61.499023,2.3443732,151.29149,149.14615,0.0,97.99997,46.58203,0.0,152.64287,159.79036,505.125,541.5,3.5044076,253.71875,0.0,247.125,79.36031,48.999985,111.920166,0.0,113.31,130.65625,0.0,3.1921387,79.78516,82.977295,3.618164,113.58,113.36,112.78,112.29,0
367353.1,-0.86088026,1.0692582,0.8195175,0.7782299,101.16745,23.86903,13.637005,8.374296,292.2181,146.62157,26.88,80.559,5.36,16.88,24.845,0.0,90.225555,0.0,0.0,432.75,199.5,3576.0,0.0,-5.34375,0.5456543,199.10156,20090.717,20000.502,1100.0834,511.83328,72.04106,63.03328,0.0,5.6164627,4.0,68.3548,39.325558,3.7499952,1.4999981,3.384,0.0,-4.6875,0.4437256,0.0,0.0,0.0,0.0,0.0,0.95703125,0.97753906,62.31537,2.3441863,158.89056,151.45264,0.0,97.99997,46.58203,0.0,160.6776,162.81685,505.5,541.5,3.2722762,264.6875,0.0,246.375,79.36031,48.999985,117.7063,0.0,113.55,133.125,0.021362305,1.1871338,80.0293,81.23779,3.1738281,113.45,113.67,112.65,112.25,0
367353.12,-0.9287042,1.1402034,0.85246265,0.793575,101.16747,23.888142,13.665044,9.241231,299.14944,150.26729,26.88,80.599,5.36,16.88,24.845,0.0,90.225555,0.0,0.0,429.0,198.375,3580.0,0.0,-5.3125,0.55810547,204.34195,20073.736,20000.502,1100.0834,511.83328,75.05072,65.873375,0.0,5.4306264,4.0,69.87152,39.302776,2.6249967,0.37499952,3.54,0.0,-4.203125,0.45111084,0.0,0.0,0.0,0.0,0.0,0.9765625,0.97265625,63.272095,2.3440554,164.86627,154.2675,0.0,97.99997,46.58203,0.0,166.5896,165.23804,505.5,541.5,3.086571,270.21875,0.0,246.40625,79.82713,48.999985,121.82007,0.0,113.83,135.34375,-0.024414062,-1.1932373,80.340576,79.122925,3.0273438,113.9,113.73,112.78,112.47,0
367353.16,-1.0029633,1.2060814,0.88209695,0.80739397,101.16749,23.905342,13.678812,9.951414,305.84244,153.88676,26.88,80.643,5.36,16.88,24.845,0.0,90.225555,0.0,0.0,424.875,196.875,3586.0,0.0,-5.2109375,0.56292725,207.73328,20116.19,20000.502,1100.0834,511.83328,78.12396,69.51888,0.0,5.4382205,4.0,70.965576,39.282272,1.4999981,-1.1249986,3.732,0.0,-3.609375,0.46862793,0.0,0.0,0.0,0.0,0.0,0.98339844,0.96777344,63.998413,2.3439636,169.7615,156.50543,0.0,97.99997,46.58203,0.0,171.4154,168.28941,505.5,541.125,3.0942569,278.5,0.0,246.15625,79.82713,48.999985,124.85962,0.0,113.97,140.59375,-0.4119873,-4.776001,79.62036,74.43237,2.9638672,114.26,114.05,113.27,112.65,0
367353.2,-1.0823706,1.2699326,0.8981963,0.8128198,101.1675,23.920822,13.665012,10.422217,312.2636,157.46812,26.88,80.679,5.36,16.88,24.845,0.0,90.225555,0.0,0.0,422.625,196.875,3594.0,0.0,-4.6953125,0.5637207,209.90572,20120.436,20000.502,1100.0834,511.83328,79.204895,70.96013,0.0,5.444305,4.0,71.50726,39.26382,1.1249986,-1.1249986,3.844,0.0,-3.09375,0.48059082,0.0,0.0,0.0,0.0,0.0,0.9785156,0.96484375,64.382935,2.3438995,173.00671,157.70381,0.0,97.99997,46.58203,0.0,174.47507,170.12189,505.5,540.75,3.1004055,283.625,0.0,245.9375,79.82713,48.999985,126.79443,0.0,114.19,144.1875,-0.8758545,-7.965088,79.00391,70.162964,2.849121,114.14,114.36,113.04,112.74,0
367353.25,-1.2058965,1.314223,0.9183493,0.81642294,101.16752,23.934755,13.696368,10.9257965,315.67578,159.45457,26.88,80.718,5.36,16.88,24.845,0.0,90.225555,0.0,0.0,418.875,196.125,3600.0,0.0,-4.7109375,0.56463623,211.45627,20180.4,20000.502,1100.0834,511.83328,79.162506,72.18942,0.0,5.449179,4.0,71.4859,39.24721,0.74999905,-1.8749976,4.0,0.0,-2.671875,0.4887085,0.0,0.0,0.0,0.0,0.0,0.96972656,0.9628906,64.90936,2.3438547,176.47784,158.22383,0.0,97.99997,46.58203,0.0,178.0488,170.1965,505.5,540.75,3.1053245,288.71875,0.0,245.4375,79.82713,48.999985,129.04053,0.0,114.44,146.625,-1.4038086,-10.614014,78.61328,66.59546,2.7368164,114.68,114.45,113.64,113.09,0
367353.28,-1.3047172,1.3506893,0.9379446,0.83240384,101.167534,23.947294,13.677301,11.436939,318.72128,161.5743,26.88,80.759,5.36,16.88,24.845,0.0,90.225555,0.0,0.0,415.125,195.75,3613.0,0.0,-4.6796875,0.56884766,214.2506,20028.629,20000.502,1100.0834,511.83328,82.55367,74.03337,0.0,5.453083,4.0,73.187256,39.232265,0.0,-2.2499971,4.168,0.0,-2.796875,0.51123047,0.0,0.0,0.0,0.0,0.0,0.9658203,0.9609375,65.03601,2.3438232,180.00111,161.06123,0.0,97.99997,47.265625,0.0,181.49817,174.46677,505.875,540.75,3.1092596,290.28125,0.0,249.8125,79.82713,48.999985,131.12793,0.0,114.6,153.375,-1.9592285,-13.751221,77.62451,61.914062,2.5976562,114.81,114.62,113.86,113.18,0
367353.3,-1.4237738,1.3840258,0.9448926,0.8831864,101.16755,23.95858,13.681533,11.618177,321.97595,163.13388,26.88,80.798,5.36,16.88,24.845,0.0,90.225555,0.0,0.0,414.0,195.375,3611.0,0.0,-4.6953125,0.6034546,224.44115,20090.717,20000.502,1100.0834,511.83328,82.29933,74.52085,0.0,5.456209,4.0,73.05908,39.21881,0.0,-2.6249967,4.224,0.0,-2.796875,0.5231323,0.0,0.0,0.0,0.0,0.0,0.9667969,0.9609375,65.42053,2.3438013,181.25038,170.23639,0.0,97.99997,49.414062,0.0,182.71706,185.76842,505.875,540.75,3.1124077,293.09375,0.0,263.1875,79.82713,48.999985,131.781,0.0,114.92,156.9375,-2.5024414,-3.6621094,78.985596,72.821045,2.4780273,114.81,115.09,113.77,113.33,0
367353.34,-1.619019,1.4161103,0.95856774,0.908493,101.16756,23.968737,13.684495,11.967441,325.2414,165.51852,26.88,80.845,5.36,16.88,24.845,0.0,90.225555,0.0,0.0,412.875,195.375,3627.0,0.0,-4.703125,0.62005615,230.36975,20107.7,20000.502,1100.0834,511.83328,83.57102,76.02568,0.0,5.4587116,4.0,73.57025,39.206703,0.0,-2.6249967,4.28,0.0,-1.8046875,0.5332031,0.0,0.0,0.0,0.0,0.0,0.9658203,0.9580078,65.61432,2.3437858,183.65782,174.8441,0.0,97.99997,50.878906,0.0,184.8978,191.43997,505.875,540.75,3.114926,295.46875,0.0,272.03125,79.82713,48.999985,132.4585,0.0,115.06,159.96875,-2.5543213,0.96435547,79.1626,77.57263,2.6635742,115.28,115.09,114.05,113.77,0
367353.4,-1.7752153,1.4289441,0.9660315,0.9382081,101.167564,23.977879,13.66899,12.175337,325.1537,165.65637,26.88,80.879,5.36,16.88,24.845,0.0,90.225555,0.0,0.0,411.75,195.75,3631.0,0.0,-4.7109375,0.6402588,238.13913,20097.086,20000.502,1100.0834,510.24127,84.88509,77.27617,0.0,5.4607162,4.0,74.22943,39.12062,-0.37499952,-2.2499971,4.3,0.0,-0.4765625,0.5405884,0.0,0.0,0.0,0.0,0.0,0.9628906,0.9560547,66.11786,2.343775,185.09084,180.08519,0.0,97.99997,53.320312,0.0,186.32397,198.73672,505.875,540.75,3.116941,300.40625,0.0,286.375,79.82713,48.999985,133.94165,0.0,115.34,162.1875,-2.4719238,13.656616,79.663086,90.84778,2.8466797,115.46,115.6,114.54,113.73,0
367353.44,-1.9401722,1.4715776,0.98201936,0.9649559,101.16757,23.986105,13.669855,12.511603,331.36557,169.1931,26.88,80.918,5.36,16.88,24.845,0.0,90.225555,0.0,0.0,409.5,195.375,3639.0,0.0,-4.7109375,0.65319824,242.95663,20150.684,20000.502,1100.0834,510.24127,83.91013,77.53051,0.0,5.4623203,4.0,73.739624,39.043144,-0.74999905,-2.6249967,4.428,0.0,0.359375,0.5574951,0.0,0.0,0.0,0.0,0.0,0.95410156,0.9550781,66.20178,2.3437676,187.40869,184.38622,0.0,97.99997,53.90625,0.0,188.67055,203.19768,506.25,540.75,3.118553,303.84375,0.0,289.40625,79.82713,48.999985,135.40039,0.0,115.61,167.25,-2.4719238,22.085571,79.44946,99.06311,3.1835938,115.51,115.79,114.54,114.05,0
367353.47,-2.0721376,1.5261312,1.0091742,0.9727556,101.16758,23.99351,13.658742,13.295252,337.66882,172.12724,26.88,80.96,5.36,16.88,24.845,0.0,90.37593,0.0,0.0,405.375,195.0,3633.0,0.0,-4.6171875,0.6619873,246.50551,20064.715,20000.502,1100.0834,510.24127,87.47086,80.13747,0.0,5.307355,4.0,75.52643,38.973415,-1.4999981,-2.9999962,4.604,0.0,1.09375,0.5545654,0.0,0.0,0.0,0.0,0.0,0.94140625,0.9511719,66.54053,2.3437624,192.8103,186.29936,0.0,97.99997,53.90625,0.0,193.97726,205.55254,505.875,540.75,2.9635923,309.625,0.0,289.34375,79.82713,48.999985,138.34839,0.0,115.76,166.375,-2.4719238,14.834595,79.870605,92.23328,3.4594727,115.88,115.7,115.09,114.41,0
367353.53,-2.17771,1.5854526,1.0625505,0.9885245,101.16759,24.000174,13.668541,14.635542,343.09784,175.66493,26.88,81.0,5.36,16.88,24.845,0.0,90.49623,0.0,0.0,398.25,193.875,3649.0,0.0,-4.5,0.6755371,251.82881,19970.785,20000.502,1100.0834,510.24127,93.0027,84.63076,0.0,5.1833825,4.0,77.8183,38.91066,-2.6249967,-4.1249948,4.9,0.0,1.5859375,0.5656128,0.0,0.0,0.0,0.0,0.0,0.93359375,0.94433594,67.588806,2.3437586,202.04878,188.78545,0.0,97.99997,54.19922,0.0,202.90749,207.82448,505.875,540.75,2.839624,318.5,0.0,290.78125,79.82713,48.999985,144.49463,0.0,115.85,169.6875,-2.4719238,1.5380859,79.888916,78.95508,3.4472656,115.88,115.93,115.13,114.26,0
367353.56,-2.262168,1.590431,1.1120833,1.0111182,101.167595,24.00617,13.675401,15.974178,340.10974,174.75542,26.88,81.043,5.36,16.88,24.845,0.0,90.592476,0.0,0.0,393.375,192.75,3662.0,0.0,-4.40625,0.7044678,262.31787,19984.053,20000.502,1100.0834,510.24127,95.8216,87.59803,0.0,4.927955,4.0,79.22516,38.85418,-3.7499952,-5.2499933,5.128,0.0,1.640625,0.5574951,0.0,0.0,0.0,0.0,0.0,0.9160156,0.9355469,68.688965,2.343756,211.27586,193.01105,0.0,97.99997,54.19922,0.0,212.36008,213.90233,506.25,540.375,2.5841992,325.21875,0.0,290.3125,79.82713,48.999985,150.14038,0.0,116.08,167.25,-2.4627686,1.1260986,81.18286,79.84619,3.1225586,116.16,116.44,115.19,114.31,0
367353.6,-2.3297343,1.6111724,1.1527412,1.0333303,101.1676,24.011568,13.6802025,17.005533,343.15305,176.99321,26.88,81.079,5.36,16.88,24.845,0.0,90.66947,0.0,0.0,388.5,192.0,3676.0,0.0,-3.6171875,0.7265625,270.2282,19868.365,20000.502,1100.0834,510.24127,99.44591,89.50556,0.0,4.5673637,4.0,81.03485,38.80335,-4.4999943,-5.9999924,5.36,0.0,2.28125,0.56048584,0.0,0.0,0.0,0.0,0.0,0.9033203,0.9277344,69.28253,2.3437543,218.38489,196.88994,0.0,97.99997,54.19922,0.0,219.39148,217.89067,507.0,539.625,2.2236094,334.46875,0.0,290.125,79.82713,48.999985,153.8147,0.0,116.42,168.15625,-2.532959,-1.3549805,81.677246,77.78931,3.0029297,116.73,116.4,115.74,114.68,0
367353.62,-2.4037876,1.638219,1.1790236,1.051812,101.16761,24.016426,13.654266,17.72756,346.08505,178.31126,26.88,81.118,5.36,16.88,24.845,0.0,90.731064,0.0,0.0,384.75,191.25,3672.0,0.0,-3.65625,0.7470703,277.54153,19842.893,20000.502,1100.0834,510.24127,102.62513,91.752205,0.0,4.1226406,4.0,82.621765,38.7576,-5.2499933,-6.7499914,5.54,0.0,2.9453125,0.5515747,0.0,0.0,0.0,0.0,0.0,0.8955078,0.9189453,69.62738,2.3437529,223.36176,200.44408,0.0,97.99997,54.39453,0.0,224.58212,222.06972,507.375,539.625,1.7788876,340.0,0.0,291.09375,79.82713,48.999985,156.37207,0.0,116.72,165.46875,-2.923584,-3.4820557,82.53174,76.1261,2.9394531,116.78,116.9,115.79,114.72,0
367353.66,-2.50303,1.6677877,1.2018738,1.0621127,101.16762,24.020798,13.653689,18.351292,349.0873,180.49484,26.88,81.159,5.36,16.88,24.845,0.0,90.78034,0.0,0.0,380.25,190.125,3685.0,0.0,-3.625,0.75897217,283.24625,19859.875,20000.502,1100.0834,510.24127,103.83323,92.62119,0.0,3.766862,4.0,82.72247,38.716427,-5.624993,-7.87499,5.776,0.0,3.6953125,0.55529785,0.0,0.0,0.0,0.0,0.0,0.8925781,0.91308594,70.29724,2.343752,227.66107,202.42778,0.0,97.99997,54.589844,0.0,228.8358,225.75954,508.125,539.625,1.4231101,338.875,0.0,292.125,79.82713,48.999985,158.37402,0.0,116.96,166.59375,-3.3569336,-4.434204,82.666016,74.87488,2.8515625,116.96,117.2,115.79,115.09,0
367353.72,-2.582424,1.7171152,1.2118016,1.1037394,101.16762,24.024733,13.670864,18.649588,354.944,183.57285,26.88,81.199,5.36,16.88,24.845,0.0,90.81976,0.0,0.0,377.625,190.125,3686.0,0.0,-3.625,0.7850342,293.31244,19945.312,20000.502,1100.0834,510.24127,104.38429,94.06244,0.0,3.4822397,4.0,82.995605,38.67937,-5.624993,-7.87499,5.872,0.0,4.5859375,0.56726074,0.0,0.0,0.0,0.0,0.0,0.8955078,0.9121094,70.599365,2.3437514,229.7172,210.18416,0.0,97.99997,55.273438,0.0,230.89214,234.65659,508.125,539.625,1.1384882,341.5625,0.0,296.03125,79.82713,48.999985,159.23462,0.0,117.22,170.1875,-3.6376953,-0.8880615,82.79419,78.26843,2.8320312,117.54,117.26,116.4,115.42,0
367353.75,-2.6259391,1.7743461,1.2354063,1.1377782,101.16762,24.028275,13.665308,19.26309,360.28778,187.14542,26.88,81.242,5.36,16.88,24.845,0.0,90.8513,0.0,0.0,376.125,189.75,3702.0,0.0,-3.6171875,0.8031006,301.09012,19902.86,20000.502,1100.0834,510.24127,107.2032,96.372665,0.0,3.2545414,4.0,84.39789,38.64602,-5.9999924,-8.2499895,5.936,0.0,4.9453125,0.5940552,0.0,0.0,0.0,0.0,0.0,0.8935547,0.9082031,71.12274,2.343751,233.946,216.2536,0.0,97.99997,56.54297,0.0,235.11264,241.53874,508.125,539.625,0.91079056,341.0,0.0,303.25,79.82713,48.999985,161.21216,0.0,117.52,178.21875,-3.6499023,0.6347656,81.744385,78.72925,2.8466797,117.49,117.54,116.54,115.51,0
367353.78,-2.6607513,1.8159885,1.2486889,1.1492658,101.166794,24.031462,13.6497,19.647835,363.25308,189.19539,26.88,81.277,5.36,16.88,24.845,0.0,90.87653,0.0,0.0,373.875,189.375,3712.0,0.0,-3.640625,0.80944824,304.87115,20018.016,20000.502,1100.0834,510.24127,106.56736,97.02971,0.0,3.072383,4.0,83.9447,38.616005,-6.374992,-8.624989,6.02,0.0,5.8203125,0.60528564,0.0,0.0,0.0,0.0,0.0,0.890625,0.9042969,71.51947,2.3437505,236.59718,218.68427,0.0,97.99997,56.73828,0.0,237.64163,245.43587,508.125,539.625,0.72863245,340.84375,0.0,304.28125,79.82713,48.999985,162.18872,0.0,117.79,181.59375,-3.6132812,2.2216797,80.27954,78.88794,2.8735352,117.7,118.0,116.59,115.93,0
367353.8,-2.668601,1.8701456,1.2720934,1.153547,101.166046,24.03433,13.656352,20.240595,368.7672,192.1708,26.88,81.318,5.36,16.88,24.845,0.0,90.89671,0.0,0.0,370.125,189.375,3714.0,0.0,-3.6484375,0.8161621,307.40015,20116.19,20000.502,1100.0834,510.24127,107.81785,99.44591,0.0,2.9266565,4.0,84.565735,38.58899,-6.374992,-8.624989,6.18,0.0,6.65625,0.6083374,0.0,0.0,0.0,0.0,0.0,0.8886719,0.89941406,71.9574,2.3437505,240.68227,219.25597,0.0,97.99997,56.933594,0.0,241.82895,245.58513,508.5,539.625,0.58290595,348.3125,0.0,305.34375,79.82713,48.999985,163.92212,0.0,118.02,182.5,-3.5858154,2.5787354,79.12598,78.1189,2.9077148,118.25,117.98,117.26,116.16,0
367353.88,-2.6748807,1.9293084,1.2923685,1.1692313,101.16621,24.036913,13.64929,20.72708,374.01868,195.58968,26.88,81.359,5.36,16.88,24.845,0.0,90.91286,0.0,0.0,369.375,189.375,3727.0,0.0,-3.65625,0.8279419,311.8445,20039.242,20000.502,1100.0834,510.24127,110.46719,101.26866,0.0,2.8100753,4.0,85.88257,38.56468,-6.7499914,-8.624989,6.22,0.0,6.609375,0.6220703,0.0,0.0,0.0,0.0,0.0,0.8876953,0.8964844,72.43042,2.3437505,244.0357,221.84196,0.0,97.99997,57.128906,0.0,245.04617,249.3247,508.5,539.625,0.46632478,353.03125,0.0,306.28125,79.82713,48.999985,165.22827,0.0,118.23,186.625,-3.5308838,0.24414062,76.75781,73.47107,2.9052734,118.17,118.27,117.23,116.35,0
367353.9,-2.6399047,1.9529735,1.3152474,1.1766071,101.16635,24.039236,13.667784,21.333757,374.2908,195.94205,26.88,81.399,5.36,16.88,24.845,0.0,90.92577,0.0,0.0,366.375,189.375,3731.0,0.0,-3.609375,0.84033203,316.5045,20107.7,20000.502,1100.0834,510.24127,111.80247,103.43053,0.0,2.5605602,4.0,86.546326,38.542797,-7.124991,-8.624989,6.324,0.0,6.71875,0.62323,0.0,0.0,0.0,0.0,0.0,0.8847656,0.8925781,73.11859,2.3437505,248.21762,223.12259,0.0,97.99997,58.007812,0.0,249.19205,250.1373,508.5,539.625,0.21680985,359.25,0.0,311.3125,79.82713,48.999985,166.82129,0.0,118.48,186.96875,-3.579712,-1.2878418,75.03052,70.162964,2.8857422,118.51,118.85,117.26,116.69,0
367353.94,-2.571924,1.9811895,1.3317559,1.2415903,101.16648,24.041327,13.669011,21.775595,377.06488,197.92336,26.88,81.443,5.36,16.88,24.845,0.0,90.93611,0.0,0.0,363.75,189.0,3741.0,0.0,-3.6328125,0.883728,332.84753,20111.943,20000.502,1100.0834,510.24127,112.43831,104.257126,0.0,2.3609483,4.0,86.86218,38.5231,-7.124991,-8.999989,6.424,0.0,6.84375,0.63500977,0.0,0.0,0.0,0.0,0.0,0.8828125,0.89160156,73.76404,2.3437505,251.26328,235.03453,0.0,97.99997,60.15625,0.0,252.1605,265.57654,508.5,539.625,0.017197907,360.15625,0.0,324.21875,79.82713,48.999985,168.2373,0.0,118.65,190.5,-3.6071777,3.7963867,71.85669,72.0459,2.7905273,119.06,118.72,117.88,117.02,0
367353.97,-2.4975393,2.029976,1.34766,1.3127624,101.16577,24.04321,13.6405735,22.181688,382.43225,200.63338,26.88,81.478,5.36,16.88,24.845,0.0,90.94438,0.0,0.0,361.5,188.625,3739.0,0.0,-3.6484375,0.9290161,349.91196,20187.83,20000.502,1100.0834,510.24127,113.3073,106.249435,0.0,2.201259,4.0,87.29401,38.50538,-7.4999905,-9.374988,6.536,0.0,7.40625,0.66101074,0.0,0.0,0.0,0.0,0.0,0.8847656,0.8876953,73.91052,2.3437505,254.06174,247.70251,0.0,97.99997,61.42578,0.0,255.06259,280.8997,508.5,539.625,-0.14249165,360.625,0.0,334.65625,79.82713,48.999985,169.81812,0.0,119.07,198.3125,-3.604126,37.921143,73.0957,99.998474,2.788086,118.97,119.06,117.9,117.26,0
367354.06,-2.3780315,2.0869904,1.3617347,1.3914374,101.16513,24.044903,13.649963,22.61823,387.77524,203.92615,26.88,81.518,5.36,16.88,24.845,0.0,90.951,0.0,0.0,360.0,188.625,3748.0,0.0,-3.7890625,0.9541626,359.36456,20185.176,20000.502,1100.0834,510.24127,113.79478,107.79665,0.0,2.073507,4.0,87.02545,38.489426,-7.4999905,-9.374988,6.588,0.0,8.796875,0.7393799,0.0,0.0,0.0,0.0,0.0,0.8808594,0.8828125,74.443054,2.3437505,257.07013,262.55264,0.0,97.99997,63.378906,0.0,257.91498,280.8997,508.5,539.625,-0.27024332,364.59375,0.0,350.78125,79.82713,48.999985,171.56372,0.0,119.23,221.8125,-3.604126,46.176147,71.45996,99.998474,3.0273438,119.2,119.51,118.03,117.7,0
367354.1,-2.2224252,2.1097963,1.393527,1.4516305,101.16538,24.046427,13.62724,23.398014,387.77652,205.06941,26.88,81.559,5.36,16.88,24.845,0.0,90.95628,0.0,0.0,357.75,189.0,3769.0,0.0,-3.859375,0.9776001,368.19525,20116.19,20000.502,1100.0834,510.24127,116.67727,110.382416,0.0,1.9713058,4.0,88.45215,38.399883,-7.87499,-8.999989,6.668,0.0,8.9375,0.8041382,0.0,0.0,0.0,0.0,0.0,0.8701172,0.8798828,74.443054,2.3437505,262.44534,273.05853,0.0,97.99997,64.74609,0.0,263.06412,280.8997,508.5,540.0,-0.37244463,370.8125,0.0,361.5,79.82713,48.999985,175.10376,0.0,119.45,241.25,-3.604126,43.859863,69.732666,99.998474,3.3105469,119.71,119.58,118.57,117.98,0
367354.12,-2.03794,2.1189187,1.4371798,1.4787174,101.16561,24.047798,13.64649,24.47439,387.87537,204.90399,26.88,81.599,5.36,16.88,24.845,0.0,90.96052,0.0,0.0,354.375,188.625,3765.0,0.0,-4.28125,0.9958496,375.07742,20145.906,20000.502,1100.0834,510.24127,117.92776,112.31114,0.0,1.7332947,4.0,89.07013,38.319294,-7.87499,-9.374988,6.8,0.0,9.0078125,0.8154297,0.0,0.0,0.0,0.0,0.0,0.8535156,0.8798828,74.443054,2.3437505,269.86493,277.46918,0.0,97.99997,64.74609,0.0,270.17847,280.8997,508.5,540.0,-0.6104557,376.4375,0.0,362.25,79.82713,48.999985,178.80249,0.0,119.97,244.625,-3.604126,22.616577,69.64111,88.653564,3.4301758,120.01,119.84,118.5,118.03,0
367354.16,-1.8303521,2.1413176,1.4857001,1.4775305,101.16582,24.049032,13.659965,25.751245,390.69012,206.61023,26.88,81.642,5.36,16.88,24.845,0.0,90.963905,0.0,0.0,347.625,188.625,3769.0,0.0,-4.390625,1.0133057,381.6445,20051.979,20000.502,1100.0834,510.24127,123.29004,116.69846,0.0,1.230386,4.0,91.72363,38.24676,-7.87499,-9.374988,7.108,0.0,9.296875,0.79486084,0.0,0.0,0.0,0.0,0.0,0.8466797,0.8798828,74.443054,2.3437505,278.66635,277.19305,0.0,97.99997,64.74609,0.0,279.54816,280.8997,508.5,540.375,-1.1133645,394.0,0.0,361.96875,79.82713,48.999985,183.09937,0.0,119.93,238.46875,-3.5766602,2.7954102,70.86182,70.09125,3.2104492,119.84,120.07,118.67,118.42,0
367354.22,-1.6042817,2.169027,1.5366051,1.5020741,101.166,24.050144,13.663538,26.962666,393.245,209.39592,26.88,81.678,5.36,16.88,24.845,0.0,90.96661,0.0,0.0,342.75,188.25,3795.0,0.0,-4.40625,1.0445557,393.42706,20009.523,20000.502,1100.0834,510.24127,127.46541,120.38635,0.0,0.98430896,4.0,93.66455,38.181484,-7.4999905,-9.749988,7.296,0.0,9.9765625,0.80114746,0.0,0.0,0.0,0.0,0.0,0.8613281,0.8779297,74.443054,2.3437505,287.01672,280.8789,0.0,97.99997,64.74609,0.0,287.79016,280.8997,508.5,540.375,-1.3594415,393.0625,0.0,361.4375,79.82713,48.999985,189.38599,0.0,120.33,240.34375,-3.8269043,-6.906128,70.74585,60.07843,2.7661133,120.56,120.45,119.15,118.85,0
367354.25,-1.4234253,2.142611,1.5622537,1.5130529,101.16617,24.051144,13.671898,27.422245,387.52444,208.63354,26.88,81.718,5.36,16.88,24.845,0.0,90.96878,0.0,0.0,338.625,188.625,3837.0,0.0,-4.3359375,1.0689087,402.59775,19967.07,20000.502,1100.0834,510.24127,131.23808,123.73513,0.0,0.7874472,4.0,94.97681,38.122734,-7.4999905,-9.374988,7.44,0.0,9.8515625,0.80926514,0.0,0.0,0.0,0.0,0.0,0.87597656,0.875,74.443054,2.3437505,290.18472,281.51538,0.0,97.99997,64.94141,0.0,290.9659,280.8997,508.875,540.375,-1.5563033,390.6875,0.0,362.40625,79.82713,48.999985,191.97998,0.0,120.81,242.78125,-4.397583,-13.6657715,70.41016,52.430725,2.4194336,121.08,120.71,119.25,118.61,0
367354.28,-1.2987403,2.1507945,1.5479174,1.5113574,101.16631,24.052044,13.660172,27.114439,390.95947,209.49547,26.88,81.759,5.36,16.88,24.845,0.0,90.97051,0.0,0.0,333.0,188.625,3819.0,0.0,-4.234375,1.0831299,407.94592,19962.295,20000.502,1100.0834,510.24127,130.22073,122.633,0.0,0.7862078,4.0,94.47632,38.06986,-7.4999905,-9.374988,7.62,0.0,9.921875,0.7785034,0.0,0.0,0.0,0.0,0.0,0.88183594,0.875,74.443054,2.3437505,288.0632,281.50128,0.0,97.99997,64.94141,0.0,288.76028,280.8997,508.875,540.375,-1.5575427,390.90625,0.0,362.34375,79.82713,48.999985,190.05737,0.0,121.14,233.5625,-4.702759,-9.8602295,72.491455,58.09784,2.1826172,121.17,121.43,119.36,119.54,0
367354.34,-1.1389923,2.2665677,1.5234754,1.4942744,101.16645,24.052855,13.651964,26.49126,405.79837,217.78851,26.88,81.799,5.36,16.88,24.845,0.0,90.9719,0.0,0.0,336.0,188.625,3825.0,0.0,-4.15625,1.0654297,401.28766,19945.312,20000.502,1100.0834,510.24127,128.54634,120.746666,0.0,0.94146633,4.0,93.65082,38.02227,-7.4999905,-9.374988,7.532,0.0,10.1171875,0.7799072,0.0,0.0,0.0,0.0,0.0,0.8876953,0.875,74.443054,2.3437505,283.76782,278.6368,0.0,97.99997,65.13672,0.0,284.4154,280.8997,508.875,540.375,-1.4022841,391.09375,0.0,363.625,79.82713,48.999985,185.62012,0.0,121.43,233.96875,-4.86145,-5.5389404,72.20459,61.875916,2.1923828,121.45,121.22,120.2,119.71,0
367354.38,-0.97119385,2.3878772,1.5035532,1.5732461,101.16657,24.053583,13.646218,25.97655,415.51788,222.9466,26.88,81.845,5.36,16.88,24.845,0.0,90.97301,0.0,0.0,336.375,188.625,3824.0,0.0,-4.421875,1.0790405,406.41196,20037.12,20000.502,1100.0834,510.24127,126.46925,119.68693,0.0,1.0656731,4.0,92.62848,37.979443,-7.4999905,-9.374988,7.472,0.0,10.1640625,0.8736572,0.0,0.0,0.0,0.0,0.0,0.8857422,0.875,74.443054,2.3437505,280.2201,292.7519,0.0,97.99997,66.40625,0.0,280.9909,280.8997,508.875,540.375,-1.2780774,391.125,0.0,374.0,79.82713,48.999985,183.6731,0.0,121.69,262.09375,-4.904175,-0.2593994,66.30859,61.314392,2.2485352,122.27,121.86,120.37,120.03,0
367354.4,-0.77695507,2.436401,1.4836597,1.6027915,101.16668,24.05424,13.618759,25.292463,415.35864,224.78438,26.88,81.879,5.36,16.88,24.845,0.0,90.97389,0.0,0.0,339.375,188.625,3857.0,0.0,-4.2578125,1.0730591,404.1566,20105.045,20000.502,1100.0834,510.24127,123.58677,117.56745,0.0,1.1650386,4.0,90.675354,37.940895,-7.4999905,-9.374988,7.372,0.0,10.0859375,0.9232178,0.0,0.0,0.0,0.0,0.0,0.8828125,0.8730469,74.443054,2.3437505,275.50488,296.66907,0.0,97.99997,67.96875,0.0,276.04904,280.8997,508.875,540.375,-1.1787119,382.53125,0.0,385.96875,79.82713,48.999985,181.79321,0.0,121.91,276.96875,-4.675293,3.982544,62.982178,61.930847,2.2924805,121.95,122.3,120.3,120.6,0
367354.44,-0.5615641,2.4745603,1.4643545,1.6027915,101.16678,24.05483,13.605397,24.86228,418.43356,226.38977,26.88,81.919,5.36,16.88,24.845,0.0,90.9746,0.0,0.0,341.25,188.625,3856.0,0.0,-4.3828125,1.0704346,403.1616,20051.979,20000.502,1100.0834,510.24127,123.12048,116.52891,0.0,1.244531,4.0,90.44647,37.906204,-7.4999905,-9.374988,7.228,0.0,10.3125,0.921875,0.0,0.0,0.0,0.0,0.0,0.8798828,0.8730469,74.443054,2.3437505,272.53976,297.2137,0.0,97.99997,67.96875,0.0,273.15518,280.8997,508.875,540.375,-1.0992194,376.375,0.0,385.78125,79.82713,48.999985,180.3711,0.0,122.69,276.5625,-4.257202,9.555054,63.11035,68.0069,2.3608398,122.9,122.61,121.11,121.07,0
367354.47,-0.32925126,2.5085742,1.4494023,1.6028341,101.16686,24.055363,13.584325,24.473509,420.6204,227.809,26.88,81.962,5.36,16.88,24.845,0.0,90.975174,0.0,0.0,341.625,188.625,3860.0,0.0,-4.796875,1.0691528,402.67236,20086.47,20000.502,1100.0834,510.24127,121.67924,115.46916,0.0,1.3081249,4.0,89.73999,37.87498,-7.4999905,-9.374988,7.192,0.0,10.9765625,0.9182129,0.0,0.0,0.0,0.0,0.0,0.8779297,0.8730469,74.443054,2.3437505,269.8601,297.29486,0.0,97.99997,67.77344,0.0,270.38577,280.8997,508.875,540.75,-1.0356256,372.125,0.0,383.75,79.82713,48.999985,179.21753,0.0,122.8,275.46875,-3.7872314,13.574219,63.391113,72.74017,2.4804688,123.18,122.76,121.16,121.01,0
367354.53,-0.103401005,2.5221798,1.4466221,1.6028341,101.16694,24.055841,13.598871,24.397243,420.49945,227.62549,26.88,81.999,5.36,16.88,24.845,0.0,90.97563,0.0,0.0,342.75,188.625,3858.0,0.0,-4.6875,1.0651855,401.19644,20005.28,20000.502,1100.0834,510.24127,122.33627,115.23602,0.0,1.2027501,4.0,90.06195,37.84688,-7.4999905,-9.374988,7.152,0.0,10.8515625,0.9170532,0.0,0.0,0.0,0.0,0.0,0.8720703,0.8730469,74.443054,2.3437505,269.33447,297.11075,0.0,97.99997,67.77344,0.0,270.09555,280.8997,508.875,540.75,-1.1410004,368.28125,0.0,383.4375,79.82713,48.999985,178.9917,0.0,122.99,275.125,-3.314209,15.066528,63.513184,74.84589,2.6171875,122.67,123.09,120.86,121.31,0
367354.56,0.1572792,2.527622,1.4515772,1.6029612,101.16701,24.056273,13.614913,24.434364,420.93457,229.10133,26.88,82.043,5.36,16.88,24.845,0.0,90.976,0.0,0.0,343.875,189.0,3879.0,0.0,-4.7265625,1.0679321,402.2329,19975.031,20000.502,1100.0834,510.24127,121.4249,114.00673,0.0,1.1184502,4.0,89.09302,37.82159,-7.124991,-8.999989,7.104,0.0,10.890625,0.9112549,0.0,0.0,0.0,0.0,0.0,0.8671875,0.8701172,74.443054,2.3437505,269.59042,296.56448,0.0,97.99997,67.77344,0.0,270.336,280.8997,508.875,540.75,-1.2253003,374.375,0.0,382.84375,79.82713,48.999985,179.57153,0.0,123.18,273.375,-2.9266357,12.747192,63.909912,73.298645,2.7197266,123.18,123.41,121.58,121.81,0
367354.6,0.40582335,2.473549,1.4552914,1.6029189,101.16707,24.05666,13.620283,24.53441,414.2585,225.40964,26.88,82.078,5.36,16.88,24.845,0.0,90.97629,0.0,0.0,342.75,189.375,3878.0,0.0,-4.78125,1.0723267,403.87466,19919.84,20000.502,1100.0834,510.24127,122.929726,114.87571,0.0,1.0510103,4.0,89.826965,37.72364,-7.124991,-8.624989,7.112,0.0,10.9375,0.91748047,0.0,0.0,0.0,0.0,0.0,0.86816406,0.8701172,74.443054,2.3437505,270.2801,296.51932,0.0,97.99997,69.23828,0.0,270.98276,280.8997,509.25,540.75,-1.2927402,378.625,0.0,395.375,79.82713,48.999985,179.93774,0.0,123.4,275.25,-2.597046,11.895752,63.409424,72.30072,2.7441406,123.69,123.51,121.89,121.83,0
367354.62,0.6246587,2.4144197,1.4702653,1.6030037,101.16713,24.057009,13.629901,24.806347,409.49075,223.38992,26.88,82.119,5.36,16.88,24.845,0.0,90.97652,0.0,0.0,343.125,189.375,3888.0,0.0,-4.7890625,1.0773926,405.79007,19881.633,20000.502,1100.0834,510.24127,124.71009,116.168594,0.0,0.9970583,4.0,90.69672,37.635487,-7.124991,-8.624989,7.124,0.0,10.9765625,0.9217529,0.0,0.0,0.0,0.0,0.0,0.8652344,0.8701172,74.443054,2.3437505,272.15457,295.61472,0.0,97.99997,70.99609,0.0,272.8733,280.8997,509.25,540.75,-1.3466922,382.28125,0.0,404.8125,79.82713,48.999985,181.12183,0.0,123.64,276.53125,-2.3529053,9.719849,63.043213,69.99054,2.7514648,123.59,123.74,121.89,122.3,0
367354.7,0.779727,2.353268,1.4802192,1.6031733,101.16718,24.057323,13.624915,24.91296,404.94733,222.38864,26.88,82.159,5.36,16.88,24.845,0.0,90.9767,0.0,0.0,341.25,189.375,3914.0,0.0,-4.7734375,1.0925293,411.49478,19939.475,20000.502,1100.0834,510.24127,124.053055,115.681114,0.0,0.95389664,4.0,89.8407,37.55615,-7.124991,-8.624989,7.176,0.0,11.0234375,0.92736816,0.0,0.0,0.0,0.0,0.0,0.8623047,0.86816406,74.443054,2.3437505,272.8895,294.54498,0.0,97.99997,73.14453,0.0,273.4786,280.8997,509.25,540.75,-1.3898538,385.375,0.0,412.5625,79.82713,48.999985,181.81152,0.0,123.98,278.21875,-2.1392822,9.53064,62.487793,69.48395,2.7563477,123.88,124.16,122.45,122.67,0
367354.72,0.88378155,2.2725573,1.4888052,1.6030884,101.16723,24.057606,13.644862,25.182762,398.19437,218.2331,26.88,82.198,5.36,16.88,24.845,0.0,90.97685,0.0,0.0,339.75,189.375,3906.0,0.0,-4.78125,1.0974731,413.36044,19907.104,20000.502,1100.0834,510.24127,126.02417,117.27072,0.0,0.91936743,4.0,90.79895,37.484745,-7.124991,-8.624989,7.212,0.0,11.1875,0.92822266,0.0,0.0,0.0,0.0,0.0,0.86328125,0.86816406,74.443054,2.3437505,274.74927,295.01004,0.0,97.99997,75.97656,0.0,275.4852,280.8997,509.25,540.75,-1.424383,387.75,0.0,422.8125,79.82713,48.999985,182.59888,0.0,124.37,278.46875,-1.9805908,5.3619385,62.37793,65.38849,2.7319336,124.58,124.31,122.99,122.86,0
367354.75,0.94702524,2.240273,1.5006893,1.6032156,101.167274,24.05786,13.658825,25.393368,398.21466,219.13818,26.88,82.243,5.36,16.88,24.845,0.0,90.976974,0.0,0.0,337.875,189.375,3922.0,0.0,-4.765625,1.1047974,416.105,19770.723,20000.502,1100.0834,510.24127,128.63112,117.92776,0.0,0.735494,4.0,92.066956,37.420483,-7.124991,-8.624989,7.272,0.0,11.6953125,0.9279785,0.0,0.0,0.0,0.0,0.0,0.86328125,0.86816406,74.443054,2.3437505,276.201,294.3368,0.0,97.99997,76.171875,0.0,276.8119,280.8997,509.25,540.75,-1.6082565,388.15625,0.0,423.40625,79.82713,48.999985,183.70361,0.0,124.55,278.40625,-1.8249512,3.817749,62.322998,63.96942,2.6464844,125.02,124.68,123.09,123.14,0
367354.78,0.97762024,2.2461092,1.5067036,1.603258,101.16731,24.058088,13.65688,25.499956,400.8523,220.92715,26.88,82.278,5.36,16.88,24.845,0.0,90.977066,0.0,0.0,335.625,189.375,3928.0,0.0,-4.7265625,1.1157227,420.2177,19799.908,20000.502,1100.0834,510.24127,129.62727,118.309265,0.0,0.74464524,4.0,92.55066,37.362644,-7.124991,-8.624989,7.332,0.0,11.6796875,0.92333984,0.0,0.0,0.0,0.0,0.0,0.8642578,0.86816406,74.443054,2.3437505,276.93573,293.94034,0.0,97.99997,76.171875,0.0,277.61615,280.8997,509.25,540.75,-1.5991052,383.9375,0.0,423.15625,79.82713,48.999985,184.56421,0.0,124.96,277.0,-1.7272949,1.9134521,62.542725,62.443542,2.5683594,124.91,125.3,123.37,123.56,0
367354.84,0.9820962,2.2671938,1.5060596,1.6033428,101.16734,24.058294,13.661379,25.445654,403.55963,223.3819,26.88,82.319,5.36,16.88,24.845,0.0,90.97714,0.0,0.0,335.25,189.375,3945.0,0.0,-4.828125,1.1193848,421.60245,19838.648,20000.502,1100.0834,510.24127,130.3479,118.94511,0.0,0.59571624,4.0,92.778015,37.31059,-7.124991,-8.624989,7.356,0.0,11.6171875,0.9291382,0.0,0.0,0.0,0.0,0.0,0.8652344,0.8652344,74.443054,2.3437505,276.56146,293.6416,0.0,97.99997,76.171875,0.0,277.33426,280.8997,509.25,540.75,-1.7480342,383.78125,0.0,422.8125,79.82713,48.999985,184.49097,0.0,125.36,278.75,-1.5808105,2.5146484,62.097168,62.81891,2.5048828,125.25,125.39,123.88,123.98,0
367354.88,0.9456769,2.3131275,1.5000777,1.6033428,101.16737,24.05848,13.64109,25.295856,408.2886,226.05681,26.88,82.362,5.36,16.88,24.845,0.0,90.9772,0.0,0.0,335.25,189.375,3946.0,0.0,-4.828125,1.121521,422.41504,19830.156,20000.502,1100.0834,510.24127,130.11476,117.92776,0.0,0.4765731,4.0,92.663574,37.188553,-7.124991,-8.624989,7.344,0.0,11.53125,0.9260254,0.0,0.0,0.0,0.0,0.0,0.8652344,0.8652344,74.443054,2.3437505,275.52896,293.7359,0.0,97.99997,75.97656,0.0,276.24802,280.8997,509.25,540.75,-1.8671774,383.5,0.0,422.09375,79.82713,48.999985,183.63037,0.0,125.46,277.8125,-1.3824463,5.3100586,62.298584,66.04462,2.5024414,125.88,125.5,124.02,123.83,0
367354.9,0.87654155,2.331501,1.5020019,1.6034698,101.167404,24.058645,13.638607,25.124538,408.15295,227.2416,26.88,82.399,5.36,16.88,24.845,0.0,90.97725,0.0,0.0,336.0,189.75,3968.0,0.0,-4.8046875,1.123352,423.08667,19924.086,20000.502,1100.0834,510.24127,130.11476,118.73316,0.0,0.5375086,4.0,92.14172,37.07872,-6.7499914,-8.2499895,7.3,0.0,11.3515625,0.9354248,0.0,0.0,0.0,0.0,0.0,0.86621094,0.86328125,74.443054,2.3437505,274.3481,292.02103,0.0,97.99997,75.97656,0.0,275.00427,280.8997,509.25,540.75,-1.8062419,385.90625,0.0,422.90625,79.82713,48.999985,183.40454,0.0,125.8,280.625,-1.0650635,7.208252,61.621094,67.50946,2.5,126.02,125.97,123.98,124.31,0
367354.94,0.8212333,2.3388505,1.4941474,1.6035123,101.16743,24.058796,13.631009,24.934969,408.6992,227.7751,26.88,82.442,5.36,16.88,24.845,0.0,90.97729,0.0,0.0,334.5,189.75,3972.0,0.0,-4.8046875,1.128418,425.01035,20001.033,20000.502,1100.0834,510.24127,127.9105,117.3555,0.0,0.586257,4.0,91.075134,36.97987,-6.7499914,-8.2499895,7.348,0.0,11.34375,0.9324951,0.0,0.0,0.0,0.0,0.0,0.8642578,0.86328125,74.443054,2.3437505,273.04144,291.9855,0.0,97.99997,76.36719,0.0,273.4786,280.8997,509.625,540.75,-1.7574935,386.375,0.0,424.3125,79.82713,48.999985,182.73926,0.0,126.28,279.75,-0.79345703,9.716797,61.77368,70.46661,2.5292969,126.08,126.41,124.58,124.82,0
367355.0,0.77698666,2.3417902,1.4927047,1.6035547,101.16745,24.058931,13.619831,24.909264,408.88745,228.10951,26.88,82.478,5.36,16.88,24.845,0.0,90.97732,0.0,0.0,336.375,189.75,3976.0,0.0,-4.84375,1.1286621,425.09326,19958.049,20000.502,1100.0834,510.24127,128.50395,117.50387,0.0,0.4690057,4.0,91.362,36.890907,-6.7499914,-8.2499895,7.24,0.0,11.453125,0.934021,0.0,0.0,0.0,0.0,0.0,0.8613281,0.86328125,74.443054,2.3437505,272.8643,292.1687,0.0,97.99997,76.75781,0.0,273.52002,280.8997,509.625,540.75,-1.8747448,385.28125,0.0,425.75,79.82713,48.999985,182.75146,0.0,126.45,280.21875,-0.49438477,9.396362,61.66382,70.34149,2.5732422,126.65,126.46,125.02,124.82,0
367355.03,0.74158937,2.3617163,1.4908661,1.6036395,101.16747,24.059053,13.623725,24.768684,411.11542,230.39076,26.88,82.518,5.36,16.88,24.845,0.0,90.97734,0.0,0.0,336.75,189.75,3994.0,0.0,-4.765625,1.1286011,425.0684,19979.275,20000.502,1100.0834,510.24127,128.24962,117.482666,0.0,0.37520468,4.0,91.23993,36.81084,-6.7499914,-8.2499895,7.236,0.0,11.3671875,0.9359131,0.0,0.0,0.0,0.0,0.0,0.86035156,0.86328125,74.443054,2.3437505,271.89532,291.45325,0.0,97.99997,77.83203,0.0,272.40897,280.8997,509.625,540.75,-1.9685458,383.5625,0.0,430.0,79.82713,48.999985,182.6355,0.0,126.67,280.78125,-0.14038086,11.715698,61.52954,72.86224,2.6220703,127.1,126.71,124.91,125.02,0
367355.06,0.7132715,2.3696866,1.4857327,1.6036395,101.16749,24.059162,13.608873,24.68003,411.5566,230.63802,26.88,82.559,5.36,16.88,24.845,0.0,90.97736,0.0,0.0,335.625,189.75,3994.0,0.0,-4.7734375,1.1339722,427.09158,19940.006,20000.502,1100.0834,510.24127,128.10126,116.76205,0.0,0.30016398,4.0,91.16669,36.73878,-6.7499914,-8.2499895,7.236,0.0,11.21875,0.9329834,0.0,0.0,0.0,0.0,0.0,0.85546875,0.86328125,74.443054,2.3437505,271.28424,291.8437,0.0,97.99997,78.515625,0.0,271.90317,280.8997,509.625,540.75,-2.0435865,381.8125,0.0,432.8125,79.82713,48.999985,182.27539,0.0,127.11,279.90625,0.2532959,12.536621,61.68213,74.272156,2.6635742,127.05,127.3,125.35,125.5,0
367355.12,0.75061715,2.3541245,1.4949882,1.6036818,101.1675,24.059261,13.610195,24.859512,409.3881,229.76741,26.88,82.599,5.36,16.88,24.845,0.0,90.97738,0.0,0.0,336.0,190.125,4000.0,0.0,-4.7890625,1.1352539,427.58908,19936.822,20000.502,1100.0834,510.24127,128.99144,117.60984,0.0,0.24013138,4.0,91.07361,36.673927,-6.7499914,-7.87499,7.236,0.0,11.4140625,0.9336548,0.0,0.0,0.0,0.0,0.0,0.8535156,0.86035156,74.443054,2.3437505,272.52142,291.42245,0.0,97.99997,79.10156,0.0,273.0723,280.8997,509.625,540.75,-2.103619,382.8125,0.0,435.1875,79.82713,48.999985,183.42285,0.0,127.27,280.09375,0.49743652,9.204102,61.627197,71.14105,2.7026367,127.24,127.34,125.84,125.63,0
367355.16,0.8004937,2.3479,1.4999052,1.6036395,101.16752,24.05935,13.616981,24.99164,409.61224,230.23805,26.88,82.642,5.36,16.88,24.845,0.0,90.977394,0.0,0.0,334.5,190.125,4006.0,0.0,-4.796875,1.1409912,429.74493,19895.96,20000.502,1100.0834,510.24127,129.62727,117.7582,0.0,0.035855293,4.0,91.38031,36.61556,-6.7499914,-7.87499,7.288,0.0,11.3515625,0.9328003,0.0,0.0,0.0,0.0,0.0,0.8535156,0.86035156,74.443054,2.3437505,273.43216,291.52362,0.0,97.99997,81.25,0.0,273.80194,280.8997,509.625,540.75,-2.3078952,383.375,0.0,438.78125,79.82713,48.999985,184.11255,0.0,127.36,279.84375,0.7446289,8.001709,61.627197,70.210266,2.709961,127.79,127.39,126.02,125.93,0
367355.2,0.800395,2.28916,1.5023229,1.6035123,101.167534,24.05943,13.62173,25.087107,402.10062,227.48276,26.88,82.678,5.36,16.88,24.845,0.0,90.9774,0.0,0.0,334.5,190.125,4032.0,0.0,-4.796875,1.1494751,432.94556,19886.408,20000.502,1100.0834,510.77194,130.15715,117.92776,0.0,-0.12756562,4.0,91.482544,36.48784,-6.374992,-7.87499,7.264,0.0,11.4140625,0.9346924,0.0,0.0,0.0,0.0,0.0,0.8515625,0.859375,74.443054,2.3437505,274.09024,291.61105,0.0,97.99997,82.12891,0.0,274.5731,280.8997,509.625,540.75,-2.471316,388.59375,0.0,440.0,79.82713,48.999985,185.55298,0.0,127.75,280.40625,0.9246826,7.4920654,61.419678,69.70978,2.7148438,127.95,128.04,125.97,126.17,0
367355.22,0.780316,2.2469141,1.5169971,1.6035547,101.16755,24.059502,13.630914,25.326502,400.3123,226.41489,26.88,82.718,5.36,16.88,24.845,0.0,90.97741,0.0,0.0,332.625,190.125,4031.0,0.0,-4.8046875,1.154541,434.85266,19900.736,20000.502,1100.0834,510.77194,131.04733,118.71197,0.0,-0.25830245,4.0,92.0639,36.37289,-6.7499914,-7.87499,7.34,0.0,11.53125,0.930603,0.0,0.0,0.0,0.0,0.0,0.8535156,0.86035156,74.46442,2.3437505,275.74036,290.83755,0.0,97.99997,83.88672,0.0,276.32266,280.8997,510.0,540.75,-2.602053,388.78125,0.0,440.0,79.82713,48.999985,186.99951,0.0,128.18,279.1875,1.0650635,4.498291,61.65161,67.137146,2.7197266,127.95,128.29,126.6,126.81,0
367355.25,0.78425276,2.2675157,1.5206767,1.6035123,101.16756,24.059566,13.637342,25.510843,405.16367,229.67044,26.88,82.759,5.36,16.88,24.845,0.0,90.97742,0.0,0.0,331.875,190.875,4040.0,0.0,-4.734375,1.1620483,437.67184,19774.436,20000.502,1100.0834,510.77194,133.12442,118.54241,0.0,-0.3628919,4.0,92.91229,36.269436,-6.374992,-7.124991,7.356,0.0,11.5625,0.9220581,0.0,0.0,0.0,0.0,0.0,0.8515625,0.859375,74.46442,2.3437505,277.01102,291.47055,0.0,97.99997,84.08203,0.0,277.2845,280.8997,510.0,540.75,-2.7066424,392.46875,0.0,439.78125,79.82713,48.999985,188.21411,0.0,128.45,276.625,1.1474609,1.9256592,62.164307,65.25421,2.6855469,128.54,128.39,126.71,126.71,0
367355.3,0.7874023,2.2945063,1.5236548,1.6033851,101.167564,24.059624,13.647702,25.566622,407.409,232.258,26.88,82.799,5.36,16.88,24.845,0.0,90.977425,0.0,0.0,329.625,190.875,4063.0,0.0,-4.7734375,1.1704712,440.8393,19787.703,20000.502,1100.0834,510.77194,135.32867,119.72932,0.0,-0.44656348,4.0,93.974304,36.176327,-6.374992,-7.124991,7.384,0.0,11.84375,0.92456055,0.0,0.0,0.0,0.0,0.0,0.8535156,0.859375,74.47815,2.3437505,277.3955,291.32175,0.0,97.99997,84.08203,0.0,277.981,280.8997,510.0,540.75,-2.790314,391.9375,0.0,439.78125,79.82713,48.999985,188.68408,0.0,128.51,277.375,1.2207031,1.8859863,61.90796,65.08026,2.6611328,129.2,128.75,126.85,126.89,0
367355.38,0.74992186,2.2865527,1.5266359,1.6033851,101.16757,24.059675,13.666673,25.641684,405.39984,231.1126,26.88,82.844,5.36,16.88,24.845,0.0,90.97743,0.0,0.0,328.125,190.875,4063.0,0.0,-4.8203125,1.1784058,443.8409,19715.531,20000.502,1100.0834,510.77194,137.6177,119.87768,0.0,-0.5135007,4.0,95.077515,36.09253,-6.374992,-7.124991,7.456,0.0,12.09375,0.90997314,0.0,0.0,0.0,0.0,0.0,0.85546875,0.859375,74.47815,2.3437505,277.9129,291.32175,0.0,97.99997,84.27734,0.0,278.1966,280.8997,510.375,540.75,-2.8572512,391.5625,0.0,440.0,79.82713,48.999985,188.94043,0.0,129.12,273.0,1.28479,2.4841309,62.817383,66.71295,2.6171875,128.9,129.25,127.24,127.55,0
367355.4,0.7199375,2.320871,1.5227203,1.6033003,101.16758,24.059723,13.662374,25.576561,410.43787,235.13649,26.88,82.878,5.36,16.88,24.845,0.0,90.97743,0.0,0.0,328.125,190.875,4083.0,0.0,-4.8125,1.184021,445.94702,19906.043,20000.502,1100.0834,511.3026,135.45584,118.90272,0.0,-0.56705046,4.0,93.88275,36.017113,-6.374992,-7.124991,7.472,0.0,11.9765625,0.90893555,0.0,0.0,0.0,0.0,0.0,0.85546875,0.8574219,74.47815,2.3437505,277.46402,291.53287,0.0,97.99997,84.27734,0.0,278.0722,280.8997,510.375,540.75,-2.910801,391.28125,0.0,440.0,79.82713,48.999985,188.65967,0.0,129.45,272.6875,1.3549805,1.5686035,62.823486,65.93475,2.5952148,129.31,129.77,127.74,127.79,0
367355.44,0.67595005,2.3345985,1.5168449,1.6032156,101.16759,24.059765,13.659365,25.531607,410.22766,235.76434,26.88,82.918,5.36,16.88,24.845,0.0,90.97743,0.0,0.0,329.25,190.875,4096.0,0.0,-4.78125,1.1875,447.2571,19906.043,20000.502,1100.0834,511.3026,135.58301,118.92391,0.0,-0.6098902,4.0,93.800354,35.949238,-5.9999924,-7.124991,7.368,0.0,11.03125,0.9102173,0.0,0.0,0.0,0.0,0.0,0.85253906,0.8564453,74.505615,2.3437505,277.15417,292.1951,0.0,97.99997,84.27734,0.0,277.55814,280.8997,510.375,540.75,-2.9536407,390.9375,0.0,439.6875,79.82713,48.999985,188.44604,0.0,129.83,273.0625,1.4709473,3.060913,62.701416,67.43927,2.590332,130.08,129.81,127.89,127.7,0
367355.5,0.62076,2.3400893,1.5186614,1.6031733,101.16843,24.059803,13.63968,25.58391,410.16434,236.18837,26.88,82.959,5.36,16.88,24.845,0.0,90.97743,0.0,0.0,328.875,191.25,4104.0,0.0,-4.7890625,1.1885376,447.64682,19817.42,20000.502,1100.0834,511.83328,137.19382,119.3902,0.0,-0.6441622,4.0,94.57703,35.88815,-5.9999924,-6.7499914,7.392,0.0,11.359375,0.91552734,0.0,0.0,0.0,0.0,0.0,0.8574219,0.8564453,74.505615,2.3437505,277.51553,292.2279,0.0,97.99997,84.375,0.0,278.05563,280.8997,510.75,540.75,-2.9879127,394.65625,0.0,440.09375,79.82713,48.999985,188.64746,0.0,130.09,274.65625,1.6143799,1.4556885,62.335205,65.61737,2.5756836,130.38,130.08,127.74,128.04,0
367355.53,0.556608,2.3797858,1.5139827,1.6031307,101.16918,24.059837,13.63762,25.452492,415.5217,239.91466,26.88,83.0,5.36,16.88,24.845,0.0,90.97743,0.0,0.0,328.875,191.25,4115.0,0.0,-4.6953125,1.1901855,448.2687,20008.463,20000.502,1100.0834,511.83328,134.71402,118.75436,0.0,-0.6715796,4.0,93.38226,35.833168,-5.9999924,-6.7499914,7.376,0.0,11.515625,0.9197998,0.0,0.0,0.0,0.0,0.0,0.859375,0.8564453,74.54071,2.3437505,276.61044,292.15295,0.0,97.99997,84.375,0.0,277.19327,280.8997,510.75,540.75,-3.01533,394.375,0.0,440.0,79.82713,48.999985,188.33618,0.0,130.5,275.9375,1.7425537,3.2684326,62.036133,67.25922,2.5830078,130.18,130.75,128.5,128.54,0
367355.56,0.46528643,2.3956642,1.5117785,1.6031307,101.16986,24.059868,13.642037,25.396595,415.67484,240.00308,26.88,83.043,5.36,16.88,24.845,0.0,90.97743,0.0,0.0,329.625,191.25,4115.0,0.0,-4.7734375,1.1934814,449.52078,20051.979,20000.502,1100.0834,511.83328,134.18416,118.71197,0.0,-0.69351363,4.0,93.125916,35.783688,-5.9999924,-6.7499914,7.352,0.0,11.5859375,0.9142456,0.0,0.0,0.0,0.0,0.0,0.8574219,0.8564453,74.54071,2.3437505,276.22583,292.15295,0.0,97.99997,84.765625,0.0,276.73724,280.8997,510.75,540.75,-3.037264,394.40625,0.0,440.0,79.82713,48.999985,188.09204,0.0,130.73,274.28125,1.8829346,4.220581,62.365723,68.681335,2.578125,130.49,130.7,128.99,128.65,0
367355.6,0.41222915,2.4020157,1.5108744,1.6031733,101.16964,24.059896,13.63341,25.369455,415.90878,239.96307,26.88,83.079,5.36,16.88,24.845,0.0,90.97743,0.0,0.0,329.625,191.625,4112.0,0.0,-4.7890625,1.190918,448.55063,20022.791,20000.502,1100.0834,511.83328,134.62924,118.839134,0.0,-0.71106076,4.0,93.341064,35.663967,-5.9999924,-6.374992,7.328,0.0,11.140625,0.9160156,0.0,0.0,0.0,0.0,0.0,0.85546875,0.8564453,74.54071,2.3437505,276.03854,292.10223,0.0,97.99997,85.44922,0.0,276.52997,280.8997,510.75,540.75,-3.0548112,398.5,0.0,440.0,79.82713,48.999985,187.6648,0.0,130.76,274.8125,2.041626,3.1158447,62.280273,67.66205,2.5952148,131.27,130.8,129.05,128.84,0
367355.66,0.34978333,2.3858063,1.5016878,1.603046,101.16944,24.059921,13.639091,25.176332,413.74484,239.99174,26.88,83.118,5.36,16.88,24.845,0.0,90.97743,0.0,0.0,330.0,191.625,4134.0,0.0,-4.75,1.1925049,449.13934,19998.91,20000.502,1100.0834,511.83328,134.54446,118.54241,0.0,-0.7250986,4.0,93.14728,35.556217,-5.9999924,-6.374992,7.316,0.0,11.0390625,0.92126465,0.0,0.0,0.0,0.0,0.0,0.85546875,0.85546875,74.55444,2.3437505,274.70715,292.4922,0.0,97.99997,86.52344,0.0,275.3525,280.8997,510.75,540.75,-3.068849,397.75,0.0,439.78125,79.82713,48.999985,187.37793,0.0,130.95,276.375,2.2399902,6.1157227,61.90796,70.469666,2.602539,131.33,131.17,129.31,129.35,0
367355.7,0.27982667,2.3605726,1.5061611,1.6030037,101.169266,24.059944,13.625488,25.226595,411.92197,239.28119,26.88,83.162,5.36,16.88,24.845,0.0,90.97743,0.0,0.0,328.875,191.625,4140.0,0.0,-4.8125,1.1974487,450.9967,19959.11,20000.502,1100.0834,512.36395,134.88359,118.43643,0.0,-0.73632884,4.0,93.31055,35.459244,-5.9999924,-6.374992,7.344,0.0,12.21875,0.92144775,0.0,0.0,0.0,0.0,0.0,0.85839844,0.85546875,74.55444,2.3437505,275.05344,291.9998,0.0,97.99997,88.47656,0.0,275.62616,280.8997,511.125,540.75,-3.0800793,397.6875,0.0,440.0,79.82713,48.999985,187.89673,0.0,131.52,276.4375,2.3834229,5.4107666,61.846924,69.86542,2.6220703,131.17,131.59,129.96,129.92,0
367355.72,0.24386133,2.3504791,1.507866,1.6030037,101.169106,24.059965,13.621826,25.276218,411.91028,239.50558,26.88,83.199,5.36,16.88,24.845,0.0,90.97743,0.0,0.0,328.5,191.625,4144.0,0.0,-4.875,1.2022705,452.8292,19949.559,20000.502,1100.0834,512.36395,134.33252,117.7582,0.0,-0.7453129,4.0,93.045044,35.371967,-5.9999924,-6.374992,7.332,0.0,12.7421875,0.91674805,0.0,0.0,0.0,0.0,0.0,0.85839844,0.85546875,74.575806,2.3437505,275.39532,291.94748,0.0,97.99997,89.453125,0.0,275.76712,280.8997,511.125,540.75,-3.0890634,397.4375,0.0,440.09375,79.82713,48.999985,188.39111,0.0,131.79,275.03125,2.5390625,5.871582,62.109375,70.762634,2.6220703,131.86,131.9,130.23,129.96,0
367355.75,0.25508907,2.3651917,1.5071075,1.6029189,101.16896,24.059984,13.613403,25.23343,414.27133,241.92468,26.88,83.243,5.36,16.88,24.845,0.0,90.97743,0.0,0.0,327.75,191.625,4162.0,0.0,-4.953125,1.2056885,454.1144,20002.625,20000.502,1100.0834,512.36395,134.92598,118.86033,0.0,-0.7525003,4.0,93.177795,35.29342,-5.624993,-6.374992,7.352,0.0,13.125,0.92041016,0.0,0.0,0.0,0.0,0.0,0.8535156,0.8535156,74.575806,2.3437505,275.10025,291.907,0.0,97.99997,89.55078,0.0,275.72565,280.8997,511.125,541.125,-3.0962508,397.3125,0.0,439.875,79.82713,48.999985,188.63525,0.0,131.89,276.125,2.709961,5.9783936,61.834717,70.784,2.6513672,132.38,131.9,130.18,130.38,0
367355.8,0.24407127,2.3710768,1.5080973,1.6028764,101.16883,24.060001,13.613366,25.295952,414.55377,242.43863,26.88,83.278,5.36,16.88,24.845,0.0,90.97743,0.0,0.0,327.75,192.0,4168.0,0.0,-5.0859375,1.2126465,456.71802,19998.91,20000.502,1100.0834,512.89465,135.05315,118.9663,0.0,-0.75825024,4.0,93.23883,35.222725,-5.624993,-5.9999924,7.336,0.0,13.2421875,0.9168701,0.0,0.0,0.0,0.0,0.0,0.8515625,0.8535156,74.575806,2.3437505,275.53107,292.10632,0.0,97.99997,89.55078,0.0,276.14026,280.8997,511.5,541.125,-3.1020007,400.96875,0.0,440.09375,79.82713,48.999985,188.90991,0.0,132.26,275.0625,2.8533936,4.4403076,61.99341,69.59076,2.644043,132.65,132.44,130.53,130.75,0
367355.84,0.255257,2.3734307,1.5075926,1.6028764,101.16872,24.060017,13.625059,25.3358,415.1002,243.04941,26.88,83.319,5.36,16.88,24.845,0.0,90.97743,0.0,0.0,327.75,192.0,4173.0,0.0,-5.1328125,1.211792,456.40292,19998.91,20000.502,1100.0834,512.89465,134.20535,118.118515,0.0,-0.76285005,4.0,92.829895,35.1591,-5.624993,-5.9999924,7.336,0.0,12.4140625,0.9192505,0.0,0.0,0.0,0.0,0.0,0.8496094,0.8535156,74.6109,2.3437505,275.80563,292.5213,0.0,97.99997,89.55078,0.0,276.32266,280.8997,511.5,541.125,-3.1066005,400.75,0.0,439.875,79.82713,48.999985,189.0503,0.0,132.61,275.78125,2.9785156,3.869629,61.846924,69.00482,2.65625,132.28,132.79,131.33,131.12,0
367355.88,0.28420562,2.3931222,1.5062785,1.6027915,101.16861,24.06003,13.603948,25.342255,417.37305,245.43434,26.88,83.359,5.36,16.88,24.845,0.0,90.97743,0.0,0.0,327.75,192.0,4191.0,0.0,-5.21875,1.2181396,458.79095,20003.156,20000.502,1100.0834,512.89465,135.2227,119.15706,0.0,-0.76653004,4.0,93.3197,35.101837,-5.624993,-5.9999924,7.308,0.0,11.7109375,0.9226074,0.0,0.0,0.0,0.0,0.0,0.85058594,0.8486328,74.6109,2.3437505,275.85,292.81036,0.0,97.99997,89.55078,0.0,276.41388,280.8997,511.5,541.125,-3.1102805,400.5625,0.0,440.0,79.82713,48.999985,189.34326,0.0,133.01,276.78125,3.1066895,4.022217,61.56006,69.02313,2.65625,132.87,133.03,131.48,131.27,0
367355.94,0.3073645,2.4009988,1.5062089,1.6027492,101.16851,24.060041,13.612607,25.33834,417.53848,245.76595,26.88,83.399,5.36,16.88,24.845,0.0,90.97743,0.0,0.0,326.625,192.0,4195.0,0.0,-5.265625,1.2216797,460.14252,19998.91,20000.502,1100.0834,512.89465,134.52327,118.43643,0.0,-0.769474,4.0,92.829895,35.0503,-5.624993,-5.9999924,7.364,0.0,12.09375,0.92071533,0.0,0.0,0.0,0.0,0.0,0.85253906,0.8515625,74.62463,2.3437505,275.82294,293.35013,0.0,97.99997,89.55078,0.0,276.41388,280.8997,511.5,541.5,-3.1132245,395.71875,0.0,440.09375,79.82713,48.999985,189.45923,0.0,133.18,276.21875,3.237915,4.5074463,61.645508,69.73724,2.65625,133.62,133.13,131.53,131.48,0
367355.97,0.2858916,2.3853996,1.5051776,1.6027068,101.16843,24.060053,13.612809,25.373627,415.472,245.01596,26.88,83.442,5.36,16.88,24.845,0.0,90.97743,0.0,0.0,326.25,192.0,4203.0,0.0,-5.21875,1.2258911,461.70966,19871.549,20000.502,1100.0834,512.89465,136.70633,119.15706,0.0,-0.7718291,4.0,93.88275,35.003918,-5.624993,-5.9999924,7.352,0.0,12.3984375,0.9180298,0.0,0.0,0.0,0.0,0.0,0.8515625,0.85253906,74.62463,2.3437505,276.06607,293.18054,0.0,97.99997,89.74609,0.0,276.69577,280.8997,511.875,541.125,-3.1155796,395.46875,0.0,440.09375,79.82713,48.999985,189.80713,0.0,133.52,275.40625,3.3477783,4.244995,61.779785,69.73724,2.6708984,133.91,133.66,131.86,132.01,0
367356.0,0.26871327,2.37916,1.5118011,1.6026646,101.16835,24.060062,13.601232,25.518702,415.68442,246.13277,26.88,83.478,5.36,16.88,24.845,0.0,90.97743,0.0,0.0,325.5,192.0,4220.0,0.0,-4.953125,1.2301025,463.29337,19812.645,20000.502,1100.0834,513.16,138.27475,119.70812,0.0,-0.77371335,4.0,94.63806,34.886986,-5.2499933,-5.9999924,7.36,0.0,12.5234375,0.920166,0.0,0.0,0.0,0.0,0.0,0.8515625,0.85253906,74.62463,2.3437505,277.06598,293.06506,0.0,97.99997,89.74609,0.0,277.65762,280.8997,511.875,541.125,-3.1174638,395.3125,0.0,440.09375,79.82713,48.999985,190.71655,0.0,133.91,276.0625,3.427124,1.7364502,61.59668,67.15546,2.6586914,133.58,134.12,132.6,132.28,0
367356.03,0.27497062,2.3954139,1.5089078,1.6025797,101.16828,24.06007,13.622424,25.491657,417.9856,248.1991,26.88,83.519,5.36,16.88,24.845,0.0,90.97743,0.0,0.0,324.375,192.375,4232.0,0.0,-4.828125,1.2365112,465.72287,19871.549,20000.502,1100.0834,513.16,137.00307,118.66958,0.0,-0.77522063,4.0,93.88275,34.781746,-5.2499933,-5.624993,7.392,0.0,11.5546875,0.91729736,0.0,0.0,0.0,0.0,0.0,0.85253906,0.8515625,74.645996,2.3437505,276.8795,293.3462,0.0,97.99997,89.55078,0.0,277.46692,280.8997,511.875,540.75,-3.118971,398.90625,0.0,439.78125,79.82713,48.999985,190.86304,0.0,134.22,275.1875,3.5064697,2.835083,61.71875,68.50433,2.6635742,134.29,134.5,132.65,132.38,0
367356.06,0.2999765,2.4019156,1.5119478,1.602495,101.16822,24.060078,13.607963,25.54981,417.86462,249.124,26.88,83.559,5.36,16.88,24.845,0.0,90.97743,0.0,0.0,324.375,192.375,4249.0,0.0,-4.796875,1.2414551,467.5802,19911.35,20000.502,1100.0834,513.956,139.88556,121.67924,0.0,-0.77642655,4.0,95.2713,34.68703,-5.2499933,-5.624993,7.376,0.0,11.734375,0.9251709,0.0,0.0,0.0,0.0,0.0,0.85058594,0.83496094,74.645996,2.3437505,277.28027,293.25537,0.0,97.99997,89.25781,0.0,277.8815,280.8997,512.25,540.75,-3.120177,398.5625,0.0,440.0,79.82713,48.999985,191.40015,0.0,134.8,277.5625,3.5858154,1.6052246,61.157227,66.804504,2.6635742,135.18,134.73,132.54,132.48,0
367356.12,0.2999812,2.4045162,1.5132937,1.602495,101.16817,24.060085,13.6154175,25.577692,418.28284,249.37334,26.88,83.599,5.36,16.88,24.845,0.0,90.97743,0.0,0.0,320.25,192.375,4249.0,0.0,-4.71875,1.2442627,468.64154,19895.96,20000.502,1100.0834,513.956,139.61002,121.10698,0.0,-0.7773912,4.0,95.13855,34.601788,-5.2499933,-5.624993,7.516,0.0,12.2578125,0.9232178,0.0,0.0,0.0,0.0,0.0,0.8496094,0.83691406,74.687195,2.3437505,277.4724,293.20145,0.0,97.99997,89.0625,0.0,277.981,280.8997,512.25,540.75,-3.1211417,394.21875,0.0,440.0,79.82713,48.999985,191.41235,0.0,134.94,276.96875,3.704834,1.4312744,61.254883,66.87164,2.6586914,135.22,135.05,132.88,133.03,0
367356.16,0.27998498,2.4430566,1.5156944,1.602495,101.16811,24.060091,13.638214,25.639,423.39178,252.41922,26.88,83.643,5.36,16.88,24.845,0.0,90.97743,0.0,0.0,320.25,192.375,4249.0,0.0,-4.703125,1.2477417,469.94336,19964.418,20000.502,1100.0834,513.956,139.54643,121.74282,0.0,-0.77816296,4.0,95.10803,34.525066,-5.2499933,-5.624993,7.532,0.0,12.3359375,0.9161377,0.0,0.0,0.0,0.0,0.0,0.84277344,0.83984375,74.687195,2.3437505,277.89496,293.20145,0.0,97.99997,89.0625,0.0,278.56973,280.8997,512.25,540.75,-3.1219134,394.125,0.0,440.0,79.82713,48.999985,191.91895,0.0,135.24,274.84375,3.7597656,0.66833496,61.676025,66.596985,2.6635742,134.84,135.39,133.52,133.3,0
367356.2,0.263988,2.4772227,1.509387,1.6023679,101.16807,24.060097,13.624875,25.567453,425.41882,255.41843,26.88,83.678,5.36,16.88,24.845,0.0,90.97743,0.0,0.0,320.625,192.375,4279.0,0.0,-4.6953125,1.2606812,473.7244,19959.11,20000.502,1100.0834,513.956,138.95299,120.76786,0.0,-0.7787802,4.0,94.66858,34.45602,-5.2499933,-5.624993,7.496,0.0,12.921875,0.9122925,0.0,0.0,0.0,0.0,0.0,0.8408203,0.84375,74.687195,2.3437505,277.40173,293.77023,0.0,97.99997,89.0625,0.0,278.02246,280.8997,512.25,540.75,-3.1225307,393.625,0.0,440.0,79.82713,48.999985,191.91284,0.0,135.36,273.6875,3.8269043,2.6550293,61.78589,68.82782,2.6660156,135.77,135.9,133.6,133.41,0
367356.22,0.27119038,2.4533892,1.508655,1.6023679,101.16803,24.060102,13.633116,25.555212,421.10114,252.94429,26.88,83.719,5.36,16.88,24.845,0.0,90.97743,0.0,0.0,320.25,192.75,4281.0,0.0,-4.6015625,1.2643433,474.56186,19993.604,20000.502,1100.0834,513.956,138.04161,120.23799,0.0,-0.7792742,4.0,94.229126,34.39388,-5.2499933,-5.2499933,7.476,0.0,12.25,0.9064331,0.0,0.0,0.0,0.0,0.0,0.8408203,0.84765625,74.694824,2.3437505,277.31732,293.9562,0.0,97.99997,89.0625,0.0,277.981,280.8997,512.625,540.75,-3.1230247,397.3125,0.0,440.0,79.82713,48.999985,191.87622,0.0,135.96,271.9375,3.9031982,2.1820068,62.121582,68.80951,2.65625,136.23,135.92,133.74,133.75,0
367356.28,0.2769523,2.4251056,1.5119092,1.6023254,101.16799,24.060106,13.627165,25.62992,419.15237,251.95015,26.88,83.76,5.36,16.88,24.845,0.0,90.97743,0.0,0.0,322.5,192.75,4284.0,0.0,-4.546875,1.263794,474.90182,19979.275,20000.502,1100.0834,514.48663,142.25937,124.30739,0.0,-0.7796693,4.0,96.2616,34.33795,-4.874994,-5.2499933,7.396,0.0,12.5625,0.9176636,0.0,0.0,0.0,0.0,0.0,0.8457031,0.8203125,74.694824,2.3437505,277.83224,293.9074,0.0,97.99997,89.0625,0.0,278.42874,280.8997,512.625,540.75,-3.1234198,396.96875,0.0,440.0,79.82713,48.999985,192.16919,0.0,135.89,275.3125,3.9520264,1.0986328,61.413574,67.06085,2.6513672,136.3,135.98,134.15,134.23,0
367356.3,0.24156183,2.4325423,1.5118945,1.6023254,101.16796,24.06011,13.640577,25.558586,422.14905,253.81067,26.88,83.798,5.36,16.88,24.845,0.0,90.97743,0.0,0.0,316.125,192.75,4285.0,0.0,-4.4296875,1.2636108,475.37445,20105.576,20000.502,1100.0834,514.48663,140.77573,124.13783,0.0,-0.7799854,4.0,95.547485,34.287617,-4.874994,-5.2499933,7.656,0.0,12.6171875,0.91778564,0.0,0.0,0.0,0.0,0.0,0.84472656,0.8222656,74.72229,2.3437505,277.3405,293.23157,0.0,97.99997,89.0625,0.0,277.93124,280.8997,512.625,540.375,-3.123736,397.03125,0.0,440.0,79.82713,48.999985,192.0044,0.0,136.38,275.34375,4.0374756,2.191162,61.40747,68.22662,2.6611328,136.07,136.38,134.84,134.78,0
367356.34,0.21324946,2.416767,1.5097643,1.6022406,101.16793,24.060114,13.626529,25.613436,419.33096,253.41077,26.88,83.845,5.36,16.88,24.845,0.0,90.97743,0.0,0.0,315.375,192.75,4307.0,0.0,-4.34375,1.2739868,478.7326,20018.016,20000.502,1100.0834,514.48663,141.55994,124.07425,0.0,-0.7802384,4.0,95.77179,34.242313,-4.874994,-5.2499933,7.636,0.0,12.625,0.91345215,0.0,0.0,0.0,0.0,0.0,0.83203125,0.82421875,74.72229,2.3437505,277.71857,294.12427,0.0,97.99997,89.0625,0.0,278.33755,280.8997,512.625,540.375,-3.1239889,396.375,0.0,439.875,79.82713,48.999985,192.48657,0.0,136.7,274.03125,4.0893555,1.3153076,61.566162,67.585754,2.65625,136.43,136.93,134.97,134.61,0
367356.38,0.23059957,2.391707,1.5106392,1.6021982,101.1679,24.060118,13.622555,25.627197,417.34512,252.44492,26.88,83.879,5.36,16.88,24.845,0.0,90.97743,0.0,0.0,315.75,192.75,4311.0,0.0,-4.1875,1.282898,480.42413,20139.54,20000.502,1100.0834,514.752,139.01657,122.972115,0.0,-0.78044057,4.0,94.54651,34.20154,-4.874994,-5.2499933,7.624,0.0,12.6171875,0.90112305,0.0,0.0,0.0,0.0,0.0,0.828125,0.828125,74.72229,2.3437505,277.8134,293.96686,0.0,97.99997,89.0625,0.0,278.42874,280.8997,513.0,540.375,-3.124191,396.375,0.0,440.0,79.82713,48.999985,192.7002,0.0,136.89,270.34375,4.135132,1.7211914,62.249756,68.78815,2.6513672,137.03,137.03,135.14,135.01,0
367356.44,0.22447965,2.4004328,1.5111681,1.6021558,101.16788,24.060122,13.637351,25.6473,419.85703,254.4945,26.88,83.919,5.36,16.88,24.845,0.0,90.97743,0.0,0.0,317.25,192.75,4320.0,0.0,-4.1640625,1.2888184,482.0908,20067.367,20000.502,1100.0834,514.752,139.6736,122.972115,0.0,-0.78060246,4.0,94.70978,34.16485,-4.874994,-5.2499933,7.552,0.0,11.75,0.8965454,0.0,0.0,0.0,0.0,0.0,0.8300781,0.83203125,74.75128,2.3437505,277.95193,294.06006,0.0,97.99997,89.0625,0.0,278.66095,280.8997,513.0,540.0,-3.124353,395.875,0.0,439.875,79.82713,48.999985,193.00537,0.0,137.0,268.96875,4.1748047,1.449585,62.60376,68.94684,2.65625,137.5,137.03,135.27,135.39,0
367356.47,0.15958372,2.403923,1.5091754,1.602071,101.167854,24.060123,13.612552,25.636915,420.28632,255.8162,26.88,83.96,5.36,16.88,24.845,0.0,90.97743,0.0,0.0,316.875,192.75,4338.0,0.0,-4.234375,1.291565,483.6828,19954.865,20000.502,1100.0834,515.01733,143.61583,125.76983,0.0,-0.6244819,4.0,96.6095,34.056633,-4.874994,-5.2499933,7.568,0.0,12.0703125,0.90423584,0.0,0.0,0.0,0.0,0.0,0.8339844,0.8154297,74.75128,2.3437505,277.8803,294.31604,0.0,97.99997,89.0625,0.0,278.51996,280.8997,513.0,540.375,-2.9682324,395.15625,0.0,440.0,79.82713,48.999985,193.19458,0.0,137.49,271.28125,4.2510986,1.3977051,61.956787,68.33649,2.6611328,137.72,137.55,135.9,135.9,0
367356.5,0.06766698,2.3865693,1.5124701,1.602071,101.16783,24.060125,13.618629,25.699839,417.96368,254.813,26.88,83.999,5.36,16.88,24.845,0.0,90.97743,0.0,0.0,313.125,193.5,4345.0,0.0,-4.703125,1.2963257,485.4572,20110.883,20000.502,1100.0834,515.01733,141.58113,125.38832,0.0,-0.4995854,4.0,95.62836,33.95924,-4.4999943,-4.4999943,7.688,0.0,12.3515625,0.90423584,0.0,0.0,0.0,0.0,0.0,0.8310547,0.8173828,74.765015,2.3437505,278.31403,294.27777,0.0,97.99997,89.0625,0.0,279.03406,280.8997,513.375,540.75,-2.8433359,403.09375,0.0,439.875,79.82713,48.999985,193.77441,0.0,137.95,271.28125,4.2907715,0.692749,61.901855,67.63458,2.6611328,137.6,138.2,136.43,136.02,0
367356.53,-0.005866416,2.3796277,1.5087775,1.6019864,101.167816,24.060127,13.622884,25.643547,417.8153,255.6019,26.88,84.043,5.36,16.88,24.845,0.0,90.97743,0.0,0.0,312.375,193.5,4360.0,0.0,-4.671875,1.3024902,487.77063,20027.566,20000.502,1100.0834,515.01733,142.28056,125.23996,0.0,-0.39966822,4.0,95.82214,33.871586,-4.4999943,-4.4999943,7.704,0.0,12.703125,0.90167236,0.0,0.0,0.0,0.0,0.0,0.82421875,0.8203125,74.765015,2.3437505,277.926,294.49918,0.0,97.99997,89.0625,0.0,278.56973,280.8997,513.375,540.75,-2.7434187,406.84375,0.0,440.0,79.82713,48.999985,193.67676,0.0,138.04,270.5,4.360962,1.7822266,61.99341,68.91022,2.6538086,138.17,138.43,136.41,136.07,0
367356.6,-0.084693134,2.376851,1.5053483,1.6019015,101.1678,24.06013,13.625862,25.53992,418.1318,256.5582,26.88,84.079,5.36,16.88,24.845,0.0,90.97743,0.0,0.0,312.375,193.5,4373.0,0.0,-4.3125,1.3076172,489.1139,20164.48,20000.502,1100.0834,515.28265,139.50404,124.243805,0.0,-0.31973457,4.0,94.48547,33.792698,-4.4999943,-4.4999943,7.68,0.0,12.6875,0.8978882,0.0,0.0,0.0,0.0,0.0,0.8232422,0.8232422,74.765015,2.3437505,277.2117,294.33884,0.0,97.99997,89.0625,0.0,277.54984,280.8997,513.375,540.375,-2.663485,406.75,0.0,439.78125,79.82713,48.999985,193.53638,0.0,138.54,269.375,4.46167,4.1778564,62.261963,71.66901,2.6464844,138.84,138.47,136.53,136.59,0
367356.62,-0.1677545,2.3757405,1.5067513,1.6018591,101.167786,24.060131,13.633806,25.634432,418.5865,257.42453,26.88,84.119,5.36,16.88,24.845,0.0,90.97743,0.0,0.0,313.5,193.5,4383.0,0.0,-4.078125,1.3132324,490.66446,20144.846,20000.502,1100.0834,515.28265,138.55028,123.29004,0.0,-0.2557876,4.0,94.02466,33.7217,-4.4999943,-4.4999943,7.612,0.0,12.6953125,0.89508057,0.0,0.0,0.0,0.0,0.0,0.8261719,0.8261719,74.79248,2.3437505,277.86313,294.7242,0.0,97.99997,89.0625,0.0,278.51996,280.8997,513.75,540.0,-2.599538,406.6875,0.0,439.875,79.82713,48.999985,194.04297,0.0,138.97,268.53125,4.5166016,1.3977051,62.506104,69.18182,2.6513672,139.37,139.01,137.14,137.08,0
367356.7,-0.2542036,2.3940463,1.5046948,1.6018591,101.16777,24.060133,13.621789,25.583553,421.07474,258.8957,26.88,84.158,5.36,16.88,24.845,0.0,90.97743,0.0,0.0,315.0,193.5,4382.0,0.0,-3.9140625,1.3112793,490.49033,20071.613,20000.502,1100.0834,515.81335,140.26706,124.41336,0.0,-0.20463014,4.0,94.851685,33.6578,-4.4999943,-4.4999943,7.544,0.0,12.6640625,0.89642334,0.0,0.0,0.0,0.0,0.0,0.82714844,0.8173828,74.79248,2.3437505,277.51242,294.85324,0.0,97.99997,88.671875,0.0,278.16345,280.8997,513.75,540.0,-2.5483806,405.6875,0.0,440.0,79.82713,48.999985,193.76831,0.0,139.3,268.9375,4.5776367,1.8707275,62.384033,69.59381,2.65625,139.16,139.37,137.7,137.19,0
367356.75,-0.32336286,2.4388685,1.5033183,1.6018168,101.167755,24.060135,13.613378,25.534903,425.6742,262.26117,26.88,84.198,5.36,16.88,24.845,0.0,90.97743,0.0,0.0,312.0,193.5,4391.0,0.0,-3.9609375,1.3122559,490.86343,20067.367,20000.502,1100.0834,515.81335,140.56378,124.85845,0.0,-0.16370416,4.0,94.84253,33.60029,-4.4999943,-4.4999943,7.676,0.0,12.5859375,0.8997803,0.0,0.0,0.0,0.0,0.0,0.8300781,0.81933594,74.82147,2.3437505,277.17706,294.8169,0.0,97.99997,88.671875,0.0,277.84003,280.8997,513.75,540.0,-2.5074546,406.21875,0.0,439.875,79.82713,48.999985,193.75,0.0,139.48,269.9375,4.650879,2.368164,62.01172,69.792175,2.6611328,139.05,139.64,137.7,137.24,0
367356.78,-0.3786903,2.4567976,1.5024513,1.6017742,101.16775,24.060137,13.60749,25.568693,426.08813,263.11404,26.88,84.243,5.36,16.88,24.845,0.0,90.97743,0.0,0.0,312.75,193.5,4401.0,0.0,-3.9765625,1.3163452,492.38083,20179.34,20000.502,1100.0834,515.81335,138.0628,123.81991,0.0,-0.13096333,4.0,93.637085,33.54853,-4.4999943,-4.4999943,7.624,0.0,12.4765625,0.8967285,0.0,0.0,0.0,0.0,0.0,0.8232422,0.8183594,74.82147,2.3437505,277.40997,295.19058,0.0,97.99997,88.671875,0.0,278.0722,280.89142,513.75,540.0,-2.4747138,405.71875,0.0,439.875,79.82713,48.999985,194.13452,0.0,139.63,269.03125,4.727173,2.0263672,62.298584,69.807434,2.6611328,139.85,139.95,137.86,137.75,0
367356.8,-0.44295225,2.445219,1.5028561,1.601732,101.16774,24.060139,13.591649,25.581358,423.97742,262.28656,26.88,84.279,5.36,16.88,24.845,0.0,90.97743,0.0,0.0,311.625,193.5,4409.0,0.0,-4.4296875,1.3169556,492.62958,20143.785,20000.502,1100.0834,516.0787,138.59267,124.265,0.0,-0.10477042,4.0,93.89191,33.501945,-4.1249948,-4.4999943,7.644,0.0,12.3359375,0.8967285,0.0,0.0,0.0,0.0,0.0,0.82421875,0.8203125,74.82147,2.3437505,277.49725,295.1837,0.0,97.99997,88.671875,0.0,278.16345,280.85825,513.75,540.375,-2.448521,405.40625,0.0,440.0,79.82713,48.999985,194.34814,0.0,139.88,269.03125,4.8309326,1.7150879,62.29248,69.58771,2.6708984,140.38,139.95,138.11,138.05,0
367356.84,-0.5143618,2.4405878,1.5007577,1.601732,101.16773,24.060139,13.603998,25.554857,424.55188,263.1185,26.88,84.319,5.36,16.88,24.845,0.0,90.97743,0.0,0.0,312.0,193.875,4417.0,0.0,-4.4375,1.3188477,493.3178,20037.12,20000.502,1100.0834,516.0787,139.46165,124.30739,0.0,-0.08381629,4.0,94.15741,33.460022,-4.1249948,-4.1249948,7.616,0.0,12.984375,0.89746094,0.0,0.0,0.0,0.0,0.0,0.82421875,0.8222656,74.84131,2.3437505,277.31458,295.41748,0.0,97.99997,88.671875,0.0,278.02246,280.7919,513.75,540.375,-2.4275668,409.125,0.0,439.875,79.82713,48.999985,194.33594,0.0,140.18,269.25,4.9346924,1.5228271,62.18872,69.39545,2.6782227,140.63,140.27,138.84,138.68,0
367356.88,-0.59148943,2.4574852,1.4994757,1.6016471,101.167725,24.060139,13.595064,25.571438,426.8064,265.35416,26.88,84.363,5.36,16.88,24.845,0.0,90.97743,0.0,0.0,311.25,193.875,4431.0,0.0,-4.4453125,1.321167,494.20502,19993.604,20000.502,1100.0834,516.344,141.62352,126.08775,0.0,0.08919716,4.0,95.199585,33.42229,-4.1249948,-4.1249948,7.628,0.0,12.8984375,0.9024658,0.0,0.0,0.0,0.0,0.0,0.82714844,0.81152344,74.84131,2.3437505,277.42886,295.81567,0.0,97.99997,88.671875,0.0,278.02246,280.6675,513.75,540.375,-2.2545533,407.09375,0.0,439.875,79.82713,48.999985,194.56177,0.0,140.63,270.75,4.9957275,1.7456055,61.73706,69.2276,2.680664,140.54,140.8,139.2,138.79,0
367356.94,-0.65319157,2.4642441,1.5000935,1.6016047,101.16772,24.060139,13.606388,25.650688,485.31766,302.20847,26.88,84.399,5.36,16.88,24.845,0.0,90.97743,0.0,0.0,308.25,193.875,4438.0,0.0,-4.1015625,1.3221436,495.1337,20098.678,20000.502,1100.0834,516.344,139.56763,125.13399,0.0,0.22760797,5.0,94.20929,33.388332,-4.1249948,-4.1249948,7.74,0.0,12.8828125,0.9005127,0.0,0.0,0.0,0.0,0.0,0.8261719,0.8125,74.86267,2.3437505,277.97513,296.12262,0.0,97.99997,88.671875,0.0,278.61948,280.55145,513.75,540.0,-2.1161425,407.59375,0.0,439.875,79.82713,48.999985,195.12329,0.0,140.98,270.15625,5.050659,0.3692627,61.84082,68.003845,2.680664,140.86,141.35,139.41,138.89,0
367356.97,-0.66255325,2.4669478,1.4983107,1.60152,101.16771,24.060139,13.614315,25.58232,485.3011,303.96857,26.88,84.443,5.36,16.88,24.845,0.0,90.97743,0.0,0.0,307.5,193.875,4464.0,0.0,-4.0546875,1.3268433,496.32773,20101.33,20000.502,1100.0834,516.344,139.94914,125.60027,0.0,0.33833647,5.0,94.23981,33.35777,-4.1249948,-4.1249948,7.728,0.0,12.7578125,0.8997803,0.0,0.0,0.0,0.0,0.0,0.8183594,0.8144531,74.86267,2.3437505,277.50385,296.47546,0.0,97.99997,88.671875,0.0,278.11368,280.4022,514.125,540.0,-2.005414,405.625,0.0,439.875,79.82713,48.999985,194.90967,0.0,141.42,269.9375,5.130005,2.4383545,61.846924,70.15228,2.680664,141.61,141.67,139.32,139.2,0
367357.0,-0.6500426,2.430529,1.5059097,1.601732,101.1677,24.060139,13.614005,25.651539,481.12894,297.8449,26.88,84.479,5.36,16.88,24.845,0.0,90.82706,0.0,0.0,308.25,193.875,4412.0,0.0,-4.0,1.3273926,495.9463,20037.12,20000.502,1100.0834,516.8747,140.9241,126.02417,0.0,0.42691922,5.0,95.01648,33.33026,-4.1249948,-4.1249948,7.724,0.0,12.390625,0.88635254,0.0,0.0,0.0,0.0,0.0,0.8183594,0.81640625,74.86267,2.3437505,277.98096,295.14233,0.0,97.99997,88.671875,0.0,278.66095,280.3939,514.5,540.0,-1.9168313,408.65625,0.0,440.5,79.82713,48.999985,194.90356,0.0,141.71,265.90625,5.1727295,0.28686523,63.31787,69.52057,2.6879883,142.05,141.61,139.79,139.68,0
367357.03,-0.66003406,2.3972118,1.4973904,1.60152,101.167694,24.060139,13.619647,25.5584,477.93475,299.22052,26.88,84.518,5.36,16.88,24.845,0.0,90.70676,0.0,0.0,309.0,193.875,4462.0,0.0,-4.3125,1.3341064,497.88657,20081.695,20000.502,1100.0834,516.8747,139.48285,125.070404,0.0,0.49778545,5.0,94.0155,33.305504,-4.1249948,-4.1249948,7.688,0.0,12.5859375,0.89282227,0.0,0.0,0.0,0.0,0.0,0.8183594,0.8173828,74.89014,2.3437505,277.33896,296.00082,0.0,97.99997,88.671875,0.0,277.981,280.31927,513.75,540.375,-1.845965,407.625,0.0,439.59375,79.82713,48.999985,195.33691,0.0,142.02,267.84375,5.2459717,2.6000977,62.542725,71.12579,2.6904297,141.61,141.4,140.11,139.89,0
367357.1,-0.68802726,2.290135,1.5046573,1.601732,101.16852,24.060139,13.606018,25.660128,464.6148,287.75217,26.88,84.559,5.36,16.88,24.845,0.0,90.61052,0.0,0.0,308.625,193.875,4414.0,0.0,-4.140625,1.3248901,495.58145,20047.732,20000.502,1100.0834,516.344,143.14955,128.41917,0.0,0.5544784,5.0,96.08765,33.283226,-4.1249948,-4.1249948,7.692,0.0,12.78125,0.8919678,0.0,0.0,0.0,0.0,0.0,0.8183594,0.7998047,74.89014,2.3437505,278.041,295.42737,0.0,97.99997,88.86719,0.0,278.7107,280.3027,514.5,540.375,-1.7892721,407.125,0.0,440.09375,79.82713,48.999985,194.83643,0.0,141.9,267.59375,5.3009033,0.18615723,62.72583,68.95599,2.7001953,141.77,142.0,140.48,139.85,0
367357.12,-0.6904218,2.153554,1.5135598,1.6020287,101.169266,24.060139,13.608197,25.773087,451.18073,275.44373,26.88,84.598,5.36,16.88,24.845,0.0,90.53353,0.0,0.0,307.125,193.5,4351.0,0.0,-4.1015625,1.309021,489.65286,20086.47,20000.502,1100.0834,516.344,143.48866,129.35175,0.0,0.5998328,5.0,96.54846,33.263176,-4.4999943,-19.874975,7.876,0.0,12.8203125,0.89227295,0.0,0.0,0.0,0.0,0.0,0.81933594,0.7998047,74.86267,2.3437505,278.82034,294.49252,0.0,97.99997,88.86719,0.0,279.4901,280.50998,513.75,540.0,-1.7439177,400.9375,0.0,440.09375,79.82713,48.999985,194.22607,0.0,141.9,267.6875,5.3344727,-0.119018555,62.854004,68.83087,2.7026367,141.94,142.22,140.42,139.95,0
367357.16,-0.65233743,2.0801716,1.5473726,1.6035123,101.16994,24.060139,13.609722,26.248478,455.47375,251.41487,26.88,84.642,5.36,16.88,24.845,0.0,90.47194,0.0,0.0,0.0,190.5,3934.0,0.0,-4.046875,1.2781372,467.95334,21632.85,20000.502,1100.0834,516.344,47.327946,107.86024,0.0,0.94861627,5.0,52.545166,33.24513,-6.7499914,-7.4999905,0.0,0.0,12.78125,0.66070557,0.0,0.0,0.0,0.0,0.0,0.80859375,1.0,62.286377,2.3437505,282.09784,289.78702,0.0,97.99997,88.86719,0.0,282.52487,280.64264,720.0,540.0,-1.3951342,171.5,0.0,441.59375,79.82713,48.999985,189.04419,0.0,142.4,198.21875,5.2337646,-2.3864746,81.0791,84.1629,2.722168,142.55,142.55,140.54,140.42,0
367357.2,-0.60186994,2.0508187,1.4804101,1.6014352,101.16971,24.060139,13.622508,26.222235,461.8774,235.44276,26.88,84.679,5.36,16.88,24.845,0.0,90.42267,0.0,0.0,0.0,185.625,3633.0,0.0,-5.1328125,1.1877441,423.02863,19361.574,20000.502,1100.0834,510.24127,126.2997,104.744606,0.0,1.2276431,5.0,95.00275,33.153698,-8.2499895,-10.124987,0.0,0.0,11.109375,0.49945068,0.0,0.0,0.0,0.0,0.0,1.2109375,0.890625,73.44971,2.3437505,281.91672,304.5043,0.0,97.99997,88.86719,0.0,282.0025,280.73386,720.0,541.5,-1.1161073,365.15625,0.0,440.28125,79.82713,48.999985,181.37817,0.0,142.7,149.84375,5.004883,-0.38452148,86.85303,91.47339,2.9174805,142.94,142.49,140.86,140.96,0
367357.25,-0.6014959,2.0390775,1.4731852,1.6004602,101.1695,24.060139,13.625599,26.518202,465.74878,227.02557,26.88,84.718,5.36,16.88,24.845,0.0,90.38325,0.0,0.0,369.75,188.625,3474.0,0.0,-5.03125,1.1454468,401.42862,20677.11,20000.502,1100.0834,510.24127,120.83144,114.76974,0.0,1.4508646,5.0,94.62891,33.07141,-8.999989,-9.374988,6.36,0.0,9.359375,0.45184326,0.0,0.0,0.0,0.0,0.0,1.9999695,0.9033203,74.443054,2.3437505,283.95657,308.15164,0.0,97.99997,88.671875,0.0,284.05057,280.7919,507.75,541.125,-0.89288586,405.25,0.0,440.09375,79.82713,48.999985,180.5664,0.0,142.7,135.5625,4.8675537,-3.604126,88.43994,89.70337,3.1933594,142.98,142.88,141.29,141.12,0
367357.28,-0.6011967,2.034381,1.5143522,1.6002059,101.16932,24.060139,13.633622,27.430477,466.23914,224.8441,26.88,84.759,5.36,16.88,24.845,0.0,90.351715,0.0,0.0,356.25,188.625,3437.0,0.0,-5.046875,1.0525513,385.79037,21064.5,20000.502,1100.0834,510.24127,133.92982,133.99341,0.0,1.6294417,5.0,99.998474,32.997353,-8.624989,-9.374988,7.2,0.0,8.671875,0.6174927,0.0,0.0,0.0,0.0,0.0,1.0625,0.7998047,74.443054,2.3437505,290.2446,306.35843,0.0,97.99997,88.671875,0.0,289.91284,280.82507,507.375,541.125,-0.7143087,415.09375,0.0,440.0,79.82713,48.999985,182.94067,0.0,143.0,185.25,4.4403076,-9.262085,82.37305,77.55127,3.2348633,142.98,143.04,141.61,140.86,0
367357.3,-0.54095733,1.9950025,1.5416244,1.6000788,101.16915,24.060139,13.645098,28.020325,460.83405,221.07361,26.88,84.799,5.36,16.88,24.845,0.0,90.326485,0.0,0.0,337.125,189.0,3419.0,0.0,-5.078125,1.0201416,383.79205,20517.908,20000.502,1100.0834,510.24127,141.17844,136.4096,0.0,1.7723036,5.0,99.998474,32.9307,-8.624989,-8.999989,8.236,0.0,7.03125,0.66967773,0.0,0.0,0.0,0.0,0.0,0.88378906,0.7998047,74.443054,2.3437505,294.3102,305.33136,0.0,97.99997,88.47656,0.0,294.5562,280.85825,507.0,541.125,-0.57144696,419.125,0.0,440.0,79.82713,48.999985,185.16846,0.0,143.08,200.90625,3.7261963,-16.262817,78.77197,66.23535,3.022461,142.88,143.36,141.4,140.96,0
367357.34,-0.45276588,1.941751,1.5666553,1.6001635,101.169,24.060139,13.641412,28.356697,455.1399,219.23604,26.88,84.844,5.36,16.88,24.845,0.0,90.306305,0.0,0.0,334.125,189.0,3433.0,0.0,-5.0078125,1.0363159,389.41385,20305.11,20000.502,1100.0834,510.24127,142.64087,137.55412,0.0,1.8865929,5.0,99.998474,32.870712,-8.624989,-8.999989,8.38,0.0,5.65625,0.671875,0.0,0.0,0.0,0.0,0.0,0.82910156,0.828125,74.443054,2.3437505,296.62863,302.75076,0.0,97.99997,88.37891,0.0,296.96085,280.89142,507.0,541.125,-0.45715758,419.8125,0.0,440.0,79.82713,48.999985,186.56616,0.0,143.11,201.5625,3.07312,-14.620972,78.74756,67.19971,2.692871,143.44,143.36,141.45,141.73,0
367357.4,-0.36221272,1.8642006,1.5686363,1.600333,101.16886,24.060139,13.632973,28.195543,445.888,216.34358,26.88,84.879,5.36,16.88,24.845,0.0,90.29016,0.0,0.0,332.625,188.625,3458.0,0.0,-4.3828125,1.0734863,397.9129,20180.4,20000.502,1100.0834,508.91458,138.31714,133.10323,0.0,1.9780244,5.0,99.998474,32.816723,-8.999989,-9.374988,8.408,0.0,4.46875,0.63238525,0.0,0.0,0.0,0.0,0.0,0.8203125,0.8330078,74.443054,2.3437505,295.51767,301.41663,0.0,98.09997,88.18359,0.0,295.8829,280.8997,507.0,540.375,-0.36572608,414.28125,0.0,440.0,79.82713,48.999985,186.37085,0.0,143.56,189.71875,2.709961,-10.668945,81.48804,73.52905,2.5976562,143.93,143.54,141.89,142.1,0
367357.44,-0.3097702,1.8331804,1.5519032,1.6002482,101.16874,24.060139,13.627065,27.679478,446.6935,216.10765,26.88,84.918,5.36,16.88,24.845,0.0,90.277245,0.0,0.0,337.875,188.625,3448.0,0.0,-4.4140625,1.0840454,398.66745,20366.137,20000.502,1100.0834,508.91458,133.69667,131.34406,0.0,2.0511696,5.0,99.998474,32.76813,-8.999989,-9.374988,8.12,0.0,3.8359375,0.6113281,0.0,0.0,0.0,0.0,0.0,0.8222656,0.8378906,74.33777,2.3437505,291.96036,300.82437,0.0,98.18997,87.5,0.0,292.41693,280.8997,507.0,540.375,-0.29258087,418.125,0.0,440.0,79.82713,48.999985,184.3872,0.0,143.87,183.40625,2.508545,-10.397339,82.8125,74.923706,2.6513672,143.99,143.6,142.43,142.28,0
367357.47,-0.30781615,1.8395222,1.5342406,1.6002059,101.16863,24.060139,13.611211,27.221592,450.01065,217.20732,26.88,84.961,5.36,16.88,24.845,0.0,90.26691,0.0,0.0,340.5,188.625,3440.0,0.0,-4.40625,1.0791016,396.85986,20624.572,20000.502,1100.0834,508.91458,127.168686,130.49626,0.0,2.109686,5.0,98.45581,32.7244,-8.999989,-9.374988,8.016,0.0,3.7734375,0.61016846,0.0,0.0,0.0,0.0,0.0,0.8251953,0.82421875,74.33777,2.3437505,288.8041,300.92728,0.0,98.27097,87.30469,0.0,288.87637,280.8997,507.0,540.375,-0.2340647,418.0625,0.0,440.0,79.82713,48.999985,182.84302,0.0,143.95,183.0625,2.3162842,-9.1796875,82.873535,76.01013,2.6904297,144.05,144.1,142.72,142.28,0
367357.53,-0.30625293,1.8420589,1.5205885,1.6002907,101.16853,24.060139,13.611832,26.861235,449.70935,218.00838,26.88,85.0,5.36,16.88,24.845,0.0,90.25864,0.0,0.0,343.875,188.625,3455.0,0.0,-4.484375,1.0733643,394.2894,20693.03,20000.502,1100.0834,508.91458,123.01451,129.26697,0.0,2.1564987,5.0,96.32263,32.685043,-8.999989,-9.374988,7.856,0.0,3.84375,0.6273804,0.0,0.0,0.0,0.0,0.0,0.828125,0.828125,74.33777,2.3437505,286.3201,301.0473,0.0,98.34387,87.109375,0.0,286.6293,280.8997,507.0,540.375,-0.18725176,414.25,0.0,440.0,79.82713,48.999985,181.88477,0.0,144.23,188.21875,2.154541,-6.4971924,81.80542,77.46277,2.734375,143.93,144.39,142.82,142.32,0
367357.56,-0.26500234,1.8430736,1.5216426,1.6002483,101.16844,24.060139,13.612267,26.866724,450.4662,217.61682,26.88,85.044,5.36,16.88,24.845,0.0,90.25202,0.0,0.0,345.0,188.625,3443.0,0.0,-4.4296875,1.0720215,393.8002,20522.154,20000.502,1100.0834,508.91458,123.24765,128.99144,0.0,2.193949,5.0,96.44318,32.64962,-8.999989,-9.374988,7.828,0.0,3.84375,0.62249756,0.0,0.0,0.0,0.0,0.0,0.8232422,0.828125,74.33777,2.3437505,286.35785,300.80646,0.0,98.409485,87.109375,0.0,286.80344,280.8997,507.0,540.375,-0.14980142,418.0,0.0,440.0,79.82713,48.999985,181.80542,0.0,144.37,186.75,2.0111084,-6.213379,82.10449,77.90222,2.8051758,144.22,144.5,142.76,142.64,0
367357.6,-0.21200188,1.8247296,1.5172837,1.6002482,101.168365,24.060139,13.612571,26.759964,447.80878,216.6472,26.88,85.079,5.36,16.88,24.845,0.0,90.246735,0.0,0.0,343.125,188.625,3448.0,0.0,-4.3984375,1.0692749,392.7886,20351.277,20000.502,1100.0834,508.91458,124.41336,129.01263,0.0,2.2239094,5.0,97.04132,32.61774,-8.999989,-9.374988,7.88,0.0,3.796875,0.6300049,0.0,0.0,0.0,0.0,0.0,0.82421875,0.8310547,74.33777,2.3437505,285.6219,300.82437,0.0,98.46854,87.109375,0.0,286.09033,280.8997,507.0,540.375,-0.119841136,418.34375,0.0,440.0,79.82713,49.199986,181.5979,0.0,144.52,189.0,1.8981934,-4.8858643,81.62842,78.64075,2.8710938,144.79,144.61,143.04,143.1,0
367357.62,-0.1896015,1.7986419,1.5155108,1.6002482,101.1683,24.060139,13.624502,26.708376,445.38092,215.28514,26.88,85.118,5.36,16.88,24.845,0.0,90.2425,0.0,0.0,342.75,188.625,3445.0,0.0,-4.3671875,1.0708618,393.36902,20226.04,20000.502,1100.0834,508.91458,122.484634,128.67351,0.0,2.0916276,5.0,96.051025,32.58905,-8.999989,-9.374988,7.9,0.0,3.8046875,0.6273804,0.0,0.0,0.0,0.0,0.0,0.8203125,0.83496094,74.33777,2.3437505,285.26624,300.44928,0.0,98.52168,86.91406,0.0,285.5431,280.8997,507.0,540.375,-0.25212288,417.875,0.0,440.0,79.82713,49.37999,181.45142,0.0,144.77,188.21875,1.6723633,-4.2144775,81.79321,79.2511,2.9052734,144.96,144.44,143.48,143.6,0
367357.66,-0.2116812,1.7694569,1.5329332,1.6004602,101.168236,24.060139,13.615276,27.081526,441.437,215.17499,26.88,85.159,5.36,16.88,24.845,0.0,89.93836,0.0,0.0,343.125,188.625,3474.0,0.0,-4.3515625,1.0720825,394.28113,20032.344,20000.502,1100.0834,508.91458,125.96058,130.07237,0.0,1.9858022,5.0,97.24884,32.56323,-8.999989,-9.374988,7.888,0.0,3.8125,0.64886475,0.0,0.0,0.0,0.0,0.0,0.82128906,0.8330078,74.33777,2.3437505,287.83826,300.1078,0.0,98.56951,86.91406,0.0,288.19644,280.8997,507.0,540.375,-0.3579483,415.15625,0.0,440.09375,79.82713,49.541992,182.78809,0.0,144.85,194.65625,1.3824463,-8.407593,80.46265,73.4375,2.9003906,145.01,144.83,143.93,143.44,0
367357.72,-0.22934496,1.7390327,1.5316663,1.6004179,101.168175,24.060139,13.638115,27.041277,438.18338,213.40459,26.88,85.199,5.36,16.88,24.845,0.0,89.69505,0.0,0.0,340.875,188.625,3471.0,0.0,-4.3515625,1.0775757,396.29602,19979.275,20000.502,1100.0834,508.91458,125.939384,129.37294,0.0,1.9011419,5.0,97.23816,32.53999,-8.999989,-9.374988,7.972,0.0,4.015625,0.6387329,0.0,0.0,0.0,0.0,0.0,0.82128906,0.8359375,74.33777,2.3437505,287.56076,300.03485,0.0,98.61256,85.83984,0.0,287.98917,280.8997,507.375,540.375,-0.44260865,415.46875,0.0,440.09375,79.82713,49.687794,182.8003,0.0,145.2,191.625,1.0925293,-7.989502,81.11572,74.21875,2.8857422,145.18,145.59,143.82,143.36,0
367357.75,-0.22347596,1.7268631,1.5341601,1.6003331,101.16812,24.060139,13.648243,27.219528,439.04984,212.90251,26.88,85.243,5.36,16.88,24.845,0.0,89.500404,0.0,0.0,341.25,188.625,3456.0,0.0,-4.65625,1.0755615,395.98923,19987.236,20000.502,1100.0834,508.91458,123.96827,128.01648,0.0,1.8334136,5.0,96.23108,32.519073,-8.999989,-9.374988,7.94,0.0,4.125,0.62323,0.0,0.0,0.0,0.0,0.0,0.81933594,0.8339844,74.33777,2.3437505,288.78937,300.8815,0.0,98.6513,85.15625,0.0,289.08365,280.8997,507.375,540.75,-0.51033694,414.9375,0.0,440.09375,79.82713,49.819016,183.11768,0.0,145.31,186.96875,0.7659912,-10.232544,82.06177,72.595215,2.878418,145.13,145.53,143.82,143.7,0
367357.78,-0.21878079,1.7219954,1.5437485,1.6005026,101.168076,24.060139,13.655333,27.383486,438.36246,214.53743,26.88,85.279,5.36,16.88,24.845,0.0,89.34469,0.0,0.0,342.375,188.625,3488.0,0.0,-4.671875,1.0755005,395.96436,19933.639,20000.502,1100.0834,508.91458,127.18988,130.15715,0.0,1.622981,5.0,97.29462,32.500248,-8.999989,-9.374988,7.924,0.0,4.1171875,0.6512451,0.0,0.0,0.0,0.0,0.0,0.8251953,0.83691406,74.33777,2.3437505,289.91946,300.16885,0.0,98.686165,84.96094,0.0,290.26938,280.8997,507.375,540.75,-0.7207695,416.25,0.0,440.0,79.82713,49.937115,183.47778,0.0,145.37,195.375,0.47302246,-10.449219,80.33447,70.35828,2.8320312,145.59,145.59,143.76,144.05,0
367357.8,-0.23502463,1.6825482,1.5337691,1.6003755,101.16803,24.060139,13.672014,27.229427,433.12222,210.69661,26.88,85.319,5.36,16.88,24.845,0.0,89.220116,0.0,0.0,340.875,188.625,3467.0,0.0,-4.703125,1.076416,396.76035,20042.957,20000.502,1100.0834,508.91458,124.18022,128.37679,0.0,1.4546349,5.0,96.33942,32.483307,-8.999989,-9.374988,7.928,0.0,4.1875,0.62841797,0.0,0.0,0.0,0.0,0.0,0.828125,0.83984375,74.33777,2.3437505,288.8575,301.00925,0.0,98.717545,83.00781,0.0,289.19974,280.8997,507.375,540.75,-0.8891156,415.875,0.0,440.09375,79.82713,50.043404,183.27637,0.0,146.0,188.53125,0.18615723,-9.240723,81.75049,72.69592,2.8076172,145.98,145.7,144.33,144.27,0
367357.88,-0.3080197,1.6667693,1.5361726,1.6005026,101.16799,24.060139,13.660254,27.216682,432.7472,211.66785,26.88,85.359,5.36,16.88,24.845,0.0,89.12045,0.0,0.0,342.375,188.625,3486.0,0.0,-5.125,1.0776367,397.19983,20001.033,20000.502,1100.0834,508.91458,124.49814,128.22842,0.0,1.3199581,5.0,96.502686,32.46806,-8.999989,-9.374988,7.876,0.0,4.1953125,0.64312744,0.0,0.0,0.0,0.0,0.0,0.83203125,0.8378906,74.33777,2.3437505,288.76962,300.4896,0.0,98.74579,77.83203,0.0,288.79346,280.8997,507.375,541.125,-1.0237924,416.03125,0.0,432.5,79.82713,50.139065,183.27026,0.0,145.95,192.9375,-0.119018555,-8.54187,80.841064,72.180176,2.7685547,146.11,145.76,144.79,144.33,0
367357.9,-0.40641576,1.6417077,1.5363109,1.5641748,101.16796,24.060139,13.66374,27.231594,428.96304,210.17805,26.88,85.399,5.36,16.88,24.845,0.0,89.040726,0.0,0.0,340.5,188.625,3492.0,0.0,-4.984375,1.0807495,398.35236,19948.496,20000.502,1100.0834,508.91458,124.90084,128.03767,0.0,1.2122166,5.0,96.13037,32.454334,-8.999989,-9.374988,7.932,0.0,4.234375,0.6380005,0.0,0.0,0.0,0.0,0.0,0.8359375,0.83984375,74.33777,2.3437505,288.87238,293.96625,0.0,98.77121,66.40625,0.0,289.08365,280.8997,507.375,541.125,-1.1315339,417.0,0.0,376.0625,79.82713,50.22516,183.37402,0.0,146.09,191.40625,-0.42114258,-8.920288,81.17676,71.83533,2.7392578,146.34,146.27,145.01,144.1,0
367357.94,-0.4851326,1.6504331,1.5335666,1.323402,101.16793,24.060139,13.642743,27.087114,432.8938,212.22546,26.88,85.443,5.36,16.88,24.845,0.0,88.976944,0.0,99.84131,342.75,188.625,3494.0,0.0,-5.0,1.0376587,382.89655,19894.898,20000.502,1100.0834,508.91458,125.4731,127.97408,0.0,1.2822734,5.0,96.421814,32.441982,-8.999989,-9.374988,7.832,0.0,4.2265625,0.45361328,0.0,0.0,0.0,0.0,0.0,0.8359375,0.83691406,74.33777,2.3437505,287.87646,249.52937,0.0,98.79409,40.527344,0.0,288.2296,280.8997,507.375,541.125,-1.0614771,417.0,0.0,203.09375,79.82713,50.302643,183.3435,0.0,146.38,136.09375,-0.6225586,-8.853149,88.37891,78.9032,2.7734375,146.27,146.63,145.07,144.56,0
367357.97,-0.5481061,1.6539233,1.2743664,1.1244255,101.1679,24.060139,13.616326,20.314398,433.96503,211.35016,26.88,85.478,5.36,16.88,24.845,0.0,88.92592,0.0,99.998474,341.625,188.25,3471.0,0.0,-4.9765625,0.9199219,339.84576,20016.953,20000.502,1100.0834,508.91458,99.99698,103.89681,0.0,1.1820688,5.0,83.984375,32.430866,-7.124991,-9.749988,7.872,0.0,4.1953125,0.79589844,0.0,0.0,0.0,0.0,0.0,0.8339844,0.8388672,72.63794,2.3437505,241.19284,213.78102,0.0,98.81468,15.625,0.0,241.77092,239.39119,507.375,541.125,-1.1616817,387.625,0.0,56.8125,77.026184,50.37238,161.93237,0.0,146.56,238.78125,-0.72631836,-9.170532,68.45703,58.56018,2.7514648,146.39,146.75,145.13,144.9,0
367358.06,-0.5984849,1.6553193,1.1336393,0.8709359,101.16788,24.060139,13.632991,16.584557,434.2118,211.89682,26.88,85.519,5.36,16.88,24.845,0.0,88.8851,0.0,99.998474,367.5,189.75,3478.0,0.0,-5.3515625,0.70825195,266.13208,19902.86,20000.502,1100.0834,508.91458,92.091324,94.2108,0.0,1.1019052,5.0,79.94537,32.42086,-4.4999943,-8.624989,6.676,0.0,3.71875,0.71099854,0.0,0.0,0.0,0.0,0.0,0.8417969,0.8408203,69.23981,2.3437505,215.48341,167.47247,0.0,98.83321,0.0,0.0,221.282,182.34393,507.375,541.5,-1.2418453,336.03125,0.0,-33.28125,39.21333,50.435143,149.81079,0.0,146.61,213.3125,-0.7598877,-59.970093,75.44556,14.715576,2.5146484,146.39,146.27,145.24,145.18,0
367358.1,-0.63878787,1.5996277,0.9625755,0.68196326,101.167854,24.060139,13.644656,11.961646,424.48978,207.15245,26.88,85.56,5.36,16.88,24.845,0.0,88.85245,0.0,99.998474,387.75,186.75,3478.0,0.0,-6.015625,0.49261475,206.95384,19624.787,20000.502,1100.0834,508.91458,84.03731,81.345566,0.0,1.3502743,5.0,75.831604,32.411858,-0.37499952,-11.249986,5.576,0.0,2.5625,0.93029785,0.0,0.0,0.0,0.0,0.0,0.86035156,0.8388672,67.30957,2.3437505,183.61818,132.58604,0.0,98.84989,0.0,0.0,222.16922,139.39265,505.125,542.25,-0.9934762,268.59375,0.0,-31.875,21.007141,50.49163,147.42432,0.0,146.67,279.09375,-0.18920898,-85.910034,39.14795,0.0,2.067871,146.86,146.39,145.7,145.36,0
367358.12,-0.69103026,1.4836011,0.72851914,0.48828527,101.16783,24.060139,13.6704,5.761611,408.61017,196.24985,26.88,85.598,5.36,16.88,24.845,0.0,88.826324,0.0,99.998474,412.875,184.5,3423.0,0.0,-5.6953125,0.16870117,154.84018,19778.15,20000.502,1100.0834,508.91458,63.62673,61.67681,0.0,1.5489695,5.0,65.96985,32.403755,9.374988,-14.624981,4.432,0.0,0.6953125,1.1686401,0.0,0.0,0.0,0.0,0.0,0.8779297,0.8408203,62.469482,2.3437505,140.88199,97.3217,0.0,98.8649,0.0,0.0,213.0234,101.16767,504.75,541.875,-0.79478097,173.09375,0.0,-28.375,15.405237,50.54247,140.84473,0.0,146.64,350.59375,0.0,-85.1532,0.0,0.0,1.7797852,146.52,146.21,145.94,145.41,0
367358.16,-0.7328242,1.3434405,0.5274503,0.32495835,101.167816,24.060139,13.68842,0.6033836,389.53738,187.90929,26.88,85.643,5.36,16.88,24.845,0.0,88.80542,0.0,99.998474,430.125,185.625,3438.0,0.0,-5.328125,0.116760254,137.09584,19595.6,19663.525,1100.0834,508.91458,50.46477,48.49366,0.0,1.8641757,5.0,59.420776,32.39646,13.874982,-10.499987,3.604,0.0,-7.25,0.62280273,0.0,0.0,0.0,0.0,0.0,0.8828125,0.84277344,60.057068,2.3437505,105.32687,72.57077,0.0,98.87841,0.0,0.0,202.20268,101.16767,503.625,541.5,-0.4795748,124.75,0.0,-23.09375,12.13746,50.588223,133.77686,0.0,146.33,186.84375,0.0,-85.1532,8.898926,0.0,1.550293,146.04,146.21,145.98,145.18,0
367358.22,-0.74625933,1.0998762,0.37432376,0.1989342,101.1678,24.060139,13.695175,-2.5499504,348.0056,169.87674,26.88,85.678,5.36,16.88,24.845,0.0,88.7887,0.0,99.998474,441.0,190.875,3479.0,0.0,-4.9140625,0.08660889,125.562004,19484.158,19321.773,1100.0834,508.91458,30.605263,31.325886,0.0,2.1163406,5.0,49.11499,32.389896,16.874979,-7.124991,2.884,0.0,-13.5390625,0.33636475,0.0,0.0,0.0,0.0,0.0,0.8671875,0.84472656,57.66754,2.3437505,83.59127,49.496346,0.0,98.89057,0.0,0.0,189.95576,101.16767,500.625,541.125,-0.22740985,80.625,0.0,-21.6875,8.869681,50.629402,125.3479,0.0,145.98,100.90625,0.0,-85.1532,26.220703,0.0,1.3330078,146.11,146.11,145.64,145.18,0
367358.25,-0.73700744,0.77745044,0.25922677,0.08558452,101.167786,24.060139,13.711622,-5.227568,290.2467,139.64584,26.88,85.719,5.36,16.88,24.845,0.0,88.77532,0.0,99.998474,455.25,187.875,3429.0,0.0,-4.8359375,0.065979004,117.49413,19219.354,18980.02,1100.0834,508.91458,21.321949,22.763195,0.0,2.3961976,5.0,44.76776,32.383987,21.749971,-11.249986,1.996,0.0,-19.75,0.13739014,0.0,0.0,0.0,0.0,0.0,0.8466797,0.8466797,56.648254,2.5781255,65.13473,30.137163,0.0,98.90151,0.0,0.0,181.96251,101.16767,496.875,540.75,-0.18192789,29.34375,0.0,-22.6875,6.535555,50.666462,118.927,0.0,146.12,41.21875,0.0,-85.1532,44.000244,0.0,1.0986328,145.87,145.94,145.3,145.18,0
367358.28,-0.68960595,0.49848017,0.1749275,0.08749204,101.1686,24.060139,13.705557,-7.3620267,239.30022,114.462524,26.88,85.759,5.36,16.88,24.845,0.0,88.76462,0.0,99.998474,462.75,198.75,3409.0,0.0,-6.90625,0.063964844,113.29851,18415.385,18644.635,1100.0834,508.91458,19.965483,16.023254,0.0,2.5966456,5.0,44.706726,32.303482,28.499964,0.74999905,1.532,0.0,-23.25,0.02935791,0.0,0.0,0.0,0.0,0.0,0.84765625,0.8515625,56.32019,2.742188,50.422955,33.097446,0.0,98.91136,0.0,0.0,173.71222,101.175964,494.25,543.0,-0.14554231,12.75,0.0,-24.59375,4.2014284,50.699818,112.51221,0.0,145.92,8.8125,0.0,-85.1532,87.95166,2.798462,0.8544922,145.7,145.53,145.36,145.3,0
367358.34,-0.65168476,0.25564206,0.14891195,0.088000715,101.16934,24.060139,13.718889,-8.405454,169.71866,82.227936,26.88,85.799,5.36,16.88,24.845,0.0,88.75606,0.0,99.998474,468.0,204.0,3453.0,0.0,-8.1796875,0.061157227,108.31516,18227.527,18304.475,1100.0834,508.91458,16.680292,13.013596,0.0,2.4280977,5.0,43.122864,32.23103,32.999958,5.9999924,1.16,0.0,-21.257812,0.0,0.0,0.0,0.0,0.0,0.0,0.8125,0.8564453,56.018066,2.8570316,43.231464,30.938879,0.0,98.92023,0.0,0.0,164.95613,101.175964,491.625,544.125,-0.42893383,7.96875,0.0,-25.59375,4.2014284,50.729836,106.066895,0.0,145.69,0.0,0.0,-85.1532,99.998474,14.845276,0.7055664,145.59,145.36,145.41,145.24,0
367358.38,-0.6213478,0.008506827,0.14617507,0.08821268,101.170006,24.060139,13.716503,-9.2949505,0.0,0.0,26.88,85.845,5.36,16.88,24.845,0.0,88.74921,0.0,99.998474,475.875,203.625,3475.0,0.0,-9.3359375,0.06085205,107.237236,17989.256,17962.72,1100.0834,508.91458,14.433645,12.356557,0.0,1.813025,5.0,42.269897,32.16582,33.749958,4.4999943,0.784,0.0,-10.140625,0.0,0.0,0.0,0.0,0.0,0.0,0.796875,0.91308594,55.819702,2.937422,37.10092,25.52637,0.0,98.9282,0.0,0.0,158.38907,101.175964,492.375,545.25,-1.124397,4.4375,0.0,-26.375,4.6682534,50.75685,97.473145,0.0,145.57,0.0,0.0,-85.1532,99.998474,14.845276,0.52246094,145.7,145.46,145.46,144.79,0
367358.4,-0.61707824,-0.20284729,0.12984866,0.08821268,101.16977,24.060139,13.714833,-10.012173,0.0,0.0,26.88,85.878,5.36,16.88,24.845,0.0,88.74373,0.0,99.998474,477.75,201.75,3472.0,0.0,-10.9453125,0.061035156,106.98019,17633.705,17620.969,1100.0834,508.91458,12.844037,10.131105,0.0,1.547303,5.0,41.70685,32.107132,35.249954,4.1249948,0.704,0.0,-2.9296875,0.0,0.0,0.0,0.0,0.0,0.0,0.8125,0.92285156,55.39093,3.2280705,32.15695,23.89744,0.0,98.93538,0.0,0.0,150.78552,101.16767,492.75,547.125,-1.6807675,-2.125,0.0,-26.875,4.6682534,50.781166,89.416504,0.0,145.45,0.0,0.0,-85.1532,99.998474,14.845276,0.46875,145.46,145.36,145.13,144.67,0
367358.44,-0.6136626,-0.34363893,0.11689793,0.08817029,101.169556,24.060139,13.725383,-10.444354,0.0,0.0,26.88,85.918,5.36,16.88,24.845,0.0,88.73935,0.0,99.998474,480.75,204.0,3459.0,0.0,-13.6015625,0.06085205,106.01835,17382.166,17279.217,1100.0834,508.91458,11.04248,9.283314,0.0,1.4619102,5.0,40.815735,32.054314,35.999954,6.374992,0.56,0.0,-1.3203125,0.0,0.0,0.0,0.0,0.0,0.0,0.8339844,0.93359375,55.19409,3.4315243,29.177757,23.4987,0.0,98.94184,0.0,0.0,145.43735,101.16767,492.375,549.75,-1.969614,-4.21875,0.0,-27.59375,4.6682534,50.80305,83.19092,0.0,145.46,0.0,0.0,-85.1532,99.998474,14.845276,0.44433594,145.36,145.3,144.83,144.56,0
367358.47,-0.6109301,-0.41870558,0.10665533,0.08795834,101.169365,24.060139,13.721049,-10.636875,0.0,0.0,26.88,85.959,5.36,16.88,24.845,0.0,88.73584,0.0,99.998474,481.5,205.875,3434.0,0.0,-15.265625,0.06072998,105.263794,17241.008,16937.463,1100.0834,508.91458,7.2274203,8.308354,0.0,1.5295007,5.0,38.49945,31.931587,36.749954,7.87499,0.508,0.0,-2.4296875,0.0,0.0,0.0,0.0,0.0,0.0,0.8642578,0.96875,55.0354,3.573942,27.850538,24.065128,0.0,98.947655,0.0,0.0,139.69116,101.16767,492.375,551.25,-2.0444412,-5.625,0.0,-28.0,5.135079,50.822746,76.48926,0.0,145.26,0.0,0.0,-85.1532,99.998474,14.845276,0.6567383,145.24,145.07,144.5,144.61,0
367358.53,-0.6087441,-0.44873226,0.10177617,0.087873556,101.1692,24.060139,13.735594,-10.746023,0.0,0.0,26.88,85.999,5.36,16.88,24.845,0.0,88.73303,0.0,99.998474,481.125,206.625,3418.0,0.0,-15.4765625,0.06097412,105.13113,16979.916,16597.303,1100.0834,508.91458,4.1329823,7.905653,0.0,1.8818313,5.0,36.546326,31.821136,37.124954,8.624989,0.504,0.0,-2.9921875,0.0,0.0,0.0,0.0,0.0,0.0,0.90722656,0.9824219,54.896545,3.6736343,27.098032,24.365969,0.0,98.95289,0.0,0.0,134.78244,101.16767,491.625,551.625,-1.791803,-6.65625,0.0,-28.28125,5.135079,50.840473,70.76416,0.0,145.17,0.0,0.0,-85.22949,99.998474,14.768982,0.6542969,145.18,144.79,144.56,144.5,0
367358.56,-0.62699527,-0.4794929,0.098387286,0.08783117,101.169044,24.060139,13.734056,-10.884069,0.0,0.0,26.88,86.043,5.36,16.88,24.845,0.0,88.73079,0.0,99.998474,481.125,207.0,3409.0,0.0,-14.9765625,0.061279297,105.09796,16523.008,16261.917,1100.0834,508.91458,4.4085145,7.6089263,0.0,2.3099766,5.0,36.239624,31.72173,37.124954,8.999989,0.5,0.0,-3.1796875,0.0,0.0,0.0,0.0,0.0,0.0,0.9248047,0.9941406,54.8584,3.743419,26.14634,24.073528,0.0,98.957596,0.0,0.0,131.44916,101.16767,491.625,550.875,-1.4334425,-7.71875,0.0,-28.375,5.135079,50.856426,66.80908,0.0,145.09,0.0,0.0,-85.43396,99.998474,14.564514,0.6542969,144.96,144.67,144.73,144.22,0
367358.6,-0.6615962,-0.51054716,0.0967429,0.08783117,101.16891,24.060139,13.73298,-10.92848,0.0,0.0,26.88,86.078,5.36,16.88,24.845,0.0,88.729,0.0,99.998474,480.75,206.625,3413.0,0.0,-14.828125,0.061279297,105.09796,16104.308,15926.532,1100.0834,508.91458,4.747631,7.2910047,0.0,2.5673892,5.0,35.9787,31.557074,37.49995,8.2499895,0.496,0.0,-3.09375,0.0,0.0,0.0,0.0,0.0,0.0,0.9189453,1.0,54.79126,4.0266433,25.840076,24.102474,0.0,98.96184,0.0,0.0,127.87541,101.16767,491.25,550.875,-1.459254,-8.78125,0.0,-28.375,5.135079,50.870785,62.017822,0.0,144.91,0.0,0.0,-83.53882,99.998474,16.459656,0.6542969,145.13,144.96,144.83,143.93,0
367358.66,-0.68927693,-0.54171884,0.09504446,0.088000715,101.168785,24.060139,13.732226,-10.988941,0.0,0.0,26.88,86.118,5.36,16.88,24.845,0.0,88.72756,0.0,99.998474,481.5,206.25,3449.0,0.0,-14.8515625,0.061584473,105.12283,15810.315,15584.779,1100.0834,508.91458,3.666697,7.0366673,0.0,2.432497,5.0,34.79767,31.408884,37.87495,7.87499,0.488,0.0,-3.0,0.0,0.0,0.0,0.0,0.0,0.0,0.91015625,1.0,54.71649,4.2249002,25.42321,24.031073,0.0,98.96565,0.0,0.0,125.338135,101.16767,491.625,550.875,-1.7924032,-10.03125,0.0,-28.5,5.135079,50.88371,58.459473,0.0,144.66,0.0,0.0,-75.75989,99.998474,24.238586,0.64941406,144.73,144.5,144.56,143.88,0
367358.7,-0.7314216,-0.59168756,0.09328902,0.088000715,101.16867,24.060139,13.71998,-11.017323,0.0,0.0,26.88,86.161,5.36,16.88,24.845,0.0,88.72641,0.0,99.998474,481.125,206.25,3448.0,0.0,-15.0625,0.06188965,105.106255,15281.235,15243.027,1100.0834,508.91458,5.5742273,6.7187457,0.0,1.9922574,5.0,35.365295,31.275515,38.24995,7.4999905,0.492,0.0,-2.8359375,0.0,0.0,0.0,0.0,0.0,0.0,0.9091797,1.0,54.67224,4.36368,25.227463,24.193552,0.0,98.969086,0.0,0.0,122.701355,101.16767,491.625,551.25,-2.3714225,-10.96875,0.0,-28.5,5.6019044,50.89534,54.79126,0.0,144.77,0.0,0.0,-69.81201,99.998474,30.186462,0.6665039,144.79,144.61,144.17,143.93,0
367358.72,-0.74513733,-0.63042504,0.09215852,0.08795833,101.16857,24.060139,13.734845,-11.049509,0.0,0.0,26.88,86.199,5.36,16.88,24.845,0.0,88.725494,0.0,99.998474,481.5,205.125,3432.0,0.0,-15.0703125,0.06188965,105.106255,15027.043,15027.043,1100.0834,508.91458,6.125292,6.973083,0.0,2.5636878,5.0,35.41107,31.155481,38.24995,6.7499914,0.476,0.0,-2.765625,0.0,0.0,0.0,0.0,0.0,0.0,0.90722656,1.0,53.26538,4.460826,25.005507,24.18323,0.0,98.972176,0.0,0.0,121.02641,101.16767,491.625,551.25,-1.897138,-12.28125,0.0,-28.5,5.6019044,50.905807,52.386475,0.0,144.58,0.0,0.0,-64.77966,99.998474,35.21881,0.67626953,144.61,144.39,143.93,143.99,0
367358.75,-0.7761098,-0.62717,0.08944936,0.08795833,101.16848,24.060139,13.727673,-11.013026,0.0,0.0,26.88,86.243,5.36,16.88,24.845,0.0,88.72476,0.0,99.998474,481.5,204.0,3424.0,0.0,-15.03125,0.062194824,105.081375,14843.962,14843.962,1100.0834,508.91458,2.988464,6.676356,0.0,3.0111177,5.0,33.19702,31.047451,38.62495,5.9999924,0.492,0.0,-2.953125,0.0,0.0,0.0,0.0,0.0,0.0,0.9111328,1.0,53.26538,4.528828,25.25689,24.934446,0.0,98.97496,0.0,0.0,118.98665,101.16767,491.625,551.25,-1.5177104,-16.5625,0.0,-28.28125,5.6019044,50.915226,49.54834,0.0,144.57,0.0,0.0,-59.298706,99.998474,40.699768,0.6982422,144.56,144.17,144.17,143.93,0
367358.78,-0.78088784,-0.607118,0.086381435,0.087873556,101.168396,24.060139,13.716792,-10.982069,0.0,0.0,26.88,86.278,5.36,16.88,24.845,0.0,88.724174,0.0,99.998474,481.125,204.0,3428.0,0.0,-15.0625,0.062561035,105.106255,14536.702,14536.702,1100.0834,508.91458,2.6705425,6.506798,0.0,3.3622608,5.0,32.70874,30.950224,38.99995,5.9999924,0.48,0.0,-2.96875,0.0,0.0,0.0,0.0,0.0,0.0,0.9238281,1.0,52.848816,4.5764294,25.470192,25.706963,0.0,98.97746,0.0,0.0,117.25367,101.16767,491.25,551.25,-1.2141684,-20.46875,0.0,-28.28125,5.6019044,50.923706,47.24121,0.0,144.21,0.0,0.0,-54.379272,99.998474,45.6192,0.6176758,144.17,144.05,144.33,143.54,0
367358.84,-0.7847103,-0.59909725,0.085595936,0.08795833,101.16832,24.060139,13.732614,-10.9005785,0.0,0.0,26.88,86.319,5.36,16.88,24.845,0.0,88.7237,0.0,99.998474,481.125,202.5,3425.0,0.0,-15.1015625,0.06286621,105.106255,14399.789,14399.789,1100.0834,508.91458,0.46628517,6.4008236,0.0,3.638416,5.0,31.210327,30.86272,38.99995,4.4999943,0.488,0.0,-2.9609375,0.0,0.0,0.0,0.0,0.0,0.0,0.9814453,1.0,52.848816,4.6097507,26.031822,26.507704,0.0,98.97971,0.0,0.0,115.9187,101.16767,491.25,551.25,-0.97133476,-23.46875,0.0,-28.28125,5.6019044,50.931335,44.91577,0.0,144.09,0.0,0.0,-49.11499,99.998474,50.883484,0.52246094,144.1,143.99,144.1,143.44,0
367358.88,-0.7477682,-0.6146389,0.08655408,0.08783117,101.16825,24.060139,13.743689,-10.772241,0.0,0.0,26.88,86.359,5.36,16.88,24.845,0.0,88.57295,0.0,99.998474,0.0,202.5,3408.0,0.0,-15.03125,0.06347656,105.08967,14168.946,14168.946,1100.0834,508.91458,0.0,6.5279922,0.0,3.8560078,5.0,0.0,30.708778,38.99995,4.4999943,0.0,0.0,-2.9140625,0.0,0.0,0.0,0.0,0.0,0.0,1.1132812,1.0,52.848816,4.6330757,26.916367,27.170742,0.0,98.98174,0.0,0.0,114.68323,101.16767,720.0,551.25,-0.77706784,-25.65625,0.0,-28.1875,5.6019044,50.9382,43.07251,0.0,143.87,0.0,0.0,-45.48645,99.998474,54.512024,0.59814453,143.88,143.82,143.6,143.21,0
367358.9,-0.69821453,-0.62085557,0.088047355,0.08783117,101.16819,24.060139,13.769019,-10.742295,0.0,0.0,26.88,86.399,5.36,16.88,24.845,0.0,88.45235,0.0,99.998474,0.0,202.5,3403.0,0.0,-15.0234375,0.06384277,105.11455,14202.909,14202.909,1100.0834,508.91458,0.0,7.0366673,0.0,4.027748,5.0,0.0,30.57023,38.62495,4.4999943,0.0,0.0,-2.5625,0.0,0.0,0.0,0.0,0.0,0.0,1.3730469,1.0,52.43225,4.6494026,27.12272,27.085592,0.0,98.98357,0.0,0.0,113.55556,101.16767,720.0,551.25,-0.6216543,-25.65625,0.0,-28.28125,5.6019044,50.94438,41.333008,0.0,143.75,0.0,0.0,-41.42151,99.998474,58.576965,0.5810547,143.66,143.6,143.15,143.15,0
367358.94,-0.6585716,-0.6420922,0.08979464,0.08783117,101.16814,24.060139,13.786751,-10.683079,0.0,0.0,26.88,86.442,5.36,16.88,24.845,0.0,88.355865,0.0,99.998474,0.0,202.5,3405.0,0.0,-15.4453125,0.064453125,105.08967,14237.403,14237.403,1100.0834,508.91458,0.0,7.4393682,0.0,4.163508,5.0,0.0,30.445538,38.24995,4.4999943,0.0,0.0,-2.265625,0.0,0.0,0.0,0.0,0.0,0.0,1.7783203,1.0,52.43225,4.6608315,27.530834,27.146627,0.0,98.98521,0.0,0.0,112.63517,101.16767,720.0,551.625,-0.49732342,-25.65625,0.0,-28.28125,5.6019044,50.949944,40.026855,0.0,143.67,0.0,0.0,-38.223267,99.998474,61.775208,0.56640625,143.66,143.32,143.1,143.04,0
367359.0,-0.6268573,-0.6693369,0.091829866,0.08783117,101.16809,24.060139,13.787444,-10.632536,0.0,0.0,26.88,86.478,5.36,16.88,24.845,0.0,88.27868,0.0,99.998474,0.0,202.5,3403.0,0.0,-15.3125,0.06573486,105.11455,14255.446,14255.446,1100.0834,508.91458,0.0,7.4817576,0.0,4.036598,5.0,0.0,30.333315,37.87495,4.4999943,0.0,0.0,-2.25,0.0,0.0,0.0,0.0,0.0,0.0,1.9999695,1.0,52.015686,4.434457,27.879185,27.100565,0.0,98.98669,0.0,0.0,111.66502,101.16767,720.0,551.25,-0.39785874,-25.65625,0.0,-28.28125,5.6019044,50.95495,38.537598,0.0,143.58,0.0,0.0,-34.936523,99.998474,65.06195,0.6152344,143.6,143.27,143.36,142.94,0
367359.03,-0.6214858,-0.6802348,0.092658654,0.08783117,101.168045,24.060139,13.793789,-10.616939,0.0,0.0,26.88,86.519,5.36,16.88,24.845,0.0,88.216934,0.0,99.998474,0.0,202.5,3399.0,0.0,-15.34375,0.06640625,105.11455,14278.796,14278.796,1100.0834,508.91458,0.0,7.736095,0.0,3.957708,5.0,0.0,30.232313,37.87495,4.4999943,0.0,0.0,-2.328125,0.0,0.0,0.0,0.0,0.0,0.0,1.9999695,1.0,52.015686,4.275995,27.986639,27.056503,0.0,98.988014,0.0,0.0,110.98511,101.16767,720.0,551.25,-0.318287,-25.65625,0.0,-28.28125,5.6019044,50.959454,37.402344,0.0,143.36,0.0,0.0,-32.629395,99.998474,67.36908,0.6591797,143.36,143.27,143.32,142.6,0
367359.06,-0.61718863,-0.6845939,0.09276423,0.08783117,101.16801,24.060139,13.780652,-10.611543,0.0,0.0,26.88,86.56,5.36,16.88,24.845,0.0,88.167534,0.0,99.998474,0.0,202.5,3397.0,0.0,-15.2421875,0.06768799,105.12283,14305.86,14305.86,1100.0834,508.91458,0.0,7.75729,0.0,3.9104419,5.0,0.0,30.141413,37.87495,4.4999943,0.0,0.0,-2.328125,0.0,0.0,0.0,0.0,0.0,0.0,1.9999695,1.0,52.015686,4.1650715,28.0238,27.04641,0.0,98.98921,0.0,0.0,110.37152,101.16767,720.0,551.25,-0.25462958,-25.65625,0.0,-28.28125,5.6019044,50.96351,36.4563,0.0,143.23,0.0,0.0,-30.099487,99.998474,69.89899,0.6274414,143.32,143.21,142.88,142.6,0
367359.12,-0.6137509,-0.6863376,0.09163657,0.08778878,101.16797,24.060139,13.800754,-10.624265,0.0,0.0,26.88,86.598,5.36,16.88,24.845,0.0,88.12801,0.0,99.998474,0.0,202.5,3392.0,0.0,-15.46875,0.067993164,105.12283,14323.902,14323.902,1100.0834,508.91458,0.0,7.4393682,0.0,3.8837216,5.0,0.0,30.059603,37.87495,4.4999943,0.0,0.0,-2.4609375,0.0,0.0,0.0,0.0,0.0,0.0,1.9999695,1.0,51.600647,4.087425,27.936062,27.045612,0.0,98.99029,0.0,0.0,109.62526,101.16767,720.0,551.625,-0.20370367,-25.625,0.0,-28.1875,5.6019044,50.96716,35.168457,0.0,143.16,0.0,0.0,-27.233887,99.998474,72.76459,0.6323242,142.98,142.98,142.55,142.6,0
367359.16,-0.5710007,-0.70578504,0.0921255,0.08766161,101.16794,24.060139,13.797246,-10.622419,0.0,0.0,26.88,86.643,5.36,16.88,24.845,0.0,88.0964,0.0,99.998474,0.0,202.5,3390.0,0.0,-15.3828125,0.0692749,105.13113,14335.577,14335.577,1100.0834,508.91458,0.0,7.4605627,0.0,4.1044846,5.0,0.0,29.985973,37.87495,4.4999943,0.0,0.0,-2.6171875,0.0,0.0,0.0,0.0,0.0,0.0,1.9999695,1.0,51.600647,4.2674475,27.948757,27.079563,0.0,98.99126,0.0,0.0,109.0863,101.16767,720.0,551.625,-0.16296294,-25.625,0.0,-28.1875,5.6019044,50.970444,34.173584,0.0,142.97,0.0,0.0,-24.865723,99.998474,75.13275,0.625,142.98,142.82,142.55,142.55,0
367359.2,-0.53680056,-0.71356404,0.091130495,0.08766162,101.16791,24.060139,13.794791,-10.628984,0.0,0.0,26.88,86.678,5.36,16.88,24.845,0.0,88.071106,0.0,99.998474,0.0,202.5,3383.0,0.0,-15.609375,0.070617676,105.156006,14365.295,14365.295,1100.0834,508.91458,0.0,7.4393682,0.0,4.263093,5.0,0.0,29.919706,38.24995,4.4999943,0.0,0.0,-2.984375,0.0,0.0,0.0,0.0,0.0,0.0,1.9999695,1.0,51.184082,4.393463,27.90347,27.227333,0.0,98.99213,0.0,0.0,108.44783,101.16767,720.0,551.625,-0.13037036,-25.59375,0.0,-28.1875,5.6019044,50.9734,33.09326,0.0,142.87,0.0,0.0,-22.51892,99.998474,77.47955,0.6298828,142.76,142.55,142.55,142.22,0
367359.22,-0.5094405,-0.71667564,0.091580436,0.087619215,101.167885,24.060139,13.798932,-10.607364,0.0,0.0,26.88,86.718,5.36,16.88,24.845,0.0,88.05087,0.0,99.998474,0.0,202.5,3380.0,0.0,-15.9296875,0.07122803,105.156006,14373.786,14373.786,1100.0834,508.91458,0.0,7.5029526,0.0,4.377378,5.0,0.0,29.860065,38.24995,4.4999943,0.0,0.0,-2.59375,0.0,0.0,0.0,0.0,0.0,0.0,1.9999695,1.0,51.184082,4.481674,28.052483,27.284935,0.0,98.99291,0.0,0.0,108.12445,101.16767,720.0,552.0,-0.10429629,-25.59375,0.0,-28.0,5.6019044,50.976063,32.440186,0.0,142.73,0.0,0.0,-20.837402,99.998474,79.16107,0.6201172,142.64,142.55,142.49,141.89,0
367359.25,-0.4875524,-0.7179203,0.09098912,0.087619215,101.16869,24.060139,13.795971,-10.623499,0.0,0.0,26.88,86.759,5.36,16.88,24.845,0.0,88.03468,0.0,99.998474,0.0,202.5,3379.0,0.0,-15.921875,0.071899414,105.172585,14381.215,14381.215,1100.0834,508.91458,0.0,7.4817576,0.0,4.459985,5.0,0.0,29.806389,38.24995,4.4999943,0.0,0.0,-2.2578125,0.0,0.0,0.0,0.0,0.0,0.0,1.9999695,1.0,51.184082,4.5434217,27.942074,27.268047,0.0,98.99362,0.0,0.0,107.577194,101.175964,720.0,552.0,-0.08343703,-25.59375,0.0,-28.0,5.6019044,50.97846,31.463623,0.0,142.57,0.0,0.0,-18.978882,99.998474,81.01959,0.64453125,142.64,142.55,142.28,141.94,0
367359.3,-0.47004193,-0.73716813,0.09179212,0.087619215,101.16942,24.060139,13.805617,-10.6255665,0.0,0.0,26.88,86.798,5.36,16.88,24.845,0.0,88.021736,0.0,99.998474,0.0,202.5,3376.0,0.0,-15.6015625,0.072509766,105.172585,14408.279,14408.279,1100.0834,508.91458,0.0,7.4605627,0.0,4.5198956,5.0,0.0,29.75808,37.87495,4.4999943,0.0,0.0,-2.3203125,0.0,0.0,0.0,0.0,0.0,0.0,1.9999695,1.0,51.184082,4.586645,27.928541,27.108522,0.0,98.994255,0.0,0.0,107.16261,101.175964,720.0,551.625,-0.066749625,-25.5625,0.0,-28.0,5.6019044,50.980614,30.645752,0.0,142.42,0.0,0.0,-17.251587,99.998474,82.74689,0.6567383,142.38,142.38,142.0,141.83,0
367359.38,-0.41603354,-0.74486727,0.09063675,0.087619215,101.170074,24.060139,13.80651,-10.655926,0.0,0.0,26.88,86.845,5.36,16.88,24.845,0.0,88.011375,0.0,99.998474,0.0,202.5,3372.0,0.0,-15.53125,0.07318115,105.1643,14418.893,14418.893,1100.0834,508.91458,0.0,7.4393682,0.0,4.563502,5.0,0.0,29.714602,38.24995,4.4999943,0.0,0.0,-2.3203125,0.0,0.0,0.0,0.0,0.0,0.0,1.9999695,1.0,51.184082,4.6169014,27.719942,27.136328,0.0,98.99483,0.0,0.0,106.83923,101.175964,720.0,551.625,-0.0533997,-25.5625,0.0,-28.0,5.6019044,50.98255,30.133057,0.0,142.42,0.0,0.0,-15.67688,99.998474,84.321594,0.64453125,142.28,142.16,141.73,142.0,0
367359.4,-0.39282683,-0.7479469,0.090988316,0.087619215,101.16983,24.060139,13.801275,-10.660955,0.0,0.0,26.88,86.878,5.36,16.88,24.845,0.0,88.00309,0.0,99.998474,0.0,202.5,3369.0,0.0,-15.71875,0.074157715,105.18088,14442.242,14442.242,1100.0834,508.91458,0.0,7.4817576,0.0,4.5953608,5.0,0.0,29.675472,38.24995,4.4999943,0.0,0.0,-1.9453125,0.0,0.0,0.0,0.0,0.0,0.0,1.9999695,1.0,50.767517,4.6380806,27.685026,27.028048,0.0,98.995346,0.0,0.0,106.51586,101.16767,720.0,551.625,-0.042719763,-25.5625,0.0,-28.0,5.6019044,50.9843,29.559326,0.0,142.31,0.0,0.0,-14.4592285,99.998474,85.539246,0.63964844,142.22,141.89,141.94,141.73,0
367359.44,-0.37426147,-0.7304288,0.09081828,0.08757684,101.16961,24.060139,13.803471,-10.665721,0.0,0.0,26.88,86.918,5.36,16.88,24.845,0.0,87.99646,0.0,99.998474,0.0,202.5,3363.0,0.0,-15.6953125,0.07543945,105.20576,14449.672,14449.672,1100.0834,508.91458,0.0,7.375784,0.0,4.6187305,5.0,0.0,29.640255,38.24995,4.4999943,0.0,0.0,-2.0078125,0.0,0.0,0.0,0.0,0.0,0.0,1.9999695,1.0,50.767517,4.6529064,27.651958,27.007227,0.0,98.99581,0.0,0.0,106.20077,101.16767,720.0,551.625,-0.03417581,-25.53125,0.0,-27.875,5.6019044,50.98587,28.936768,0.0,141.96,0.0,0.0,-13.183594,99.998474,86.81488,0.63964844,141.89,141.77,141.89,141.12,0
367359.5,-0.35940918,-0.7234216,0.09068086,0.08757684,101.16941,24.060139,13.793288,-10.669568,0.0,0.0,26.88,86.961,5.36,16.88,24.845,0.0,87.99116,0.0,99.998474,0.0,202.5,3361.0,0.0,-15.6484375,0.07611084,105.18917,14472.491,14472.491,1100.0834,508.91458,0.0,7.312199,0.0,4.635944,5.0,0.0,29.60856,38.24995,4.4999943,0.0,0.0,-2.0625,0.0,0.0,0.0,0.0,0.0,0.0,1.9999695,1.0,50.767517,4.6632843,27.625237,27.021057,0.0,98.99623,0.0,0.0,105.869095,101.16767,720.0,551.625,-0.027340649,-25.53125,0.0,-27.875,5.6019044,50.987286,28.289795,0.0,141.85,0.0,0.0,-11.87439,99.998474,88.124084,0.63964844,141.83,141.73,141.61,141.12,0
367359.53,-0.36752737,-0.7206186,0.09044529,0.08749204,101.169235,24.060139,13.80374,-10.673798,0.0,0.0,26.88,86.999,5.36,16.88,24.845,0.0,87.986916,0.0,99.998474,0.0,202.5,3355.0,0.0,-15.5625,0.076416016,105.18917,14494.779,14494.779,1100.0834,508.91458,0.0,7.2274203,0.0,4.6486764,5.0,0.0,29.580034,38.24995,4.4999943,0.0,0.0,-2.046875,0.0,0.0,0.0,0.0,0.0,0.0,1.9999695,1.0,50.350952,4.670549,27.595911,27.022148,0.0,98.996605,0.0,0.0,105.57888,101.16767,720.0,551.625,-0.021872519,-25.5,0.0,-27.875,5.6019044,50.98856,27.679443,0.0,141.71,0.0,0.0,-10.71167,99.998474,89.286804,0.6347656,141.5,141.56,141.4,141.12,0
367359.56,-0.3740219,-0.71949744,0.09032788,0.08749204,101.169075,24.060139,13.805196,-10.684838,0.0,0.0,26.88,87.043,5.36,16.88,24.845,0.0,87.98352,0.0,99.998474,0.0,202.5,3350.0,0.0,-15.625,0.077697754,105.21404,14506.454,14506.454,1100.0834,508.91458,0.0,7.2698097,0.0,4.6581364,5.0,0.0,29.554361,38.24995,4.4999943,0.0,0.0,-1.984375,0.0,0.0,0.0,0.0,0.0,0.0,1.9999695,1.0,50.350952,4.6756344,27.519644,26.981695,0.0,98.99694,0.0,0.0,105.51255,101.16767,720.0,551.625,-0.017498014,-25.46875,0.0,-27.875,5.6019044,50.989704,27.48413,0.0,141.37,0.0,0.0,-9.820557,99.998474,90.17792,0.63964844,141.5,141.4,140.91,141.12,0
367359.6,-0.3792175,-0.719049,0.09017905,0.08749204,101.16893,24.060139,13.800356,-10.691396,0.0,0.0,26.88,87.078,5.36,16.88,24.845,0.0,87.980804,0.0,99.998474,0.0,202.5,3350.0,0.0,-15.7109375,0.07800293,105.21404,14510.699,14510.699,1100.0834,508.91458,0.0,7.375784,0.0,4.6651955,5.0,0.0,29.531256,38.24995,4.4999943,0.0,0.0,-1.984375,0.0,0.0,0.0,0.0,0.0,0.0,1.9999695,1.0,49.935913,4.679194,27.4743,26.966602,0.0,98.997246,0.0,0.0,105.23062,101.16767,720.0,551.625,-0.013998412,-25.46875,0.0,-27.875,5.6019044,50.990734,27.01416,0.0,141.55,0.0,0.0,-8.64563,99.998474,91.352844,0.6347656,141.4,141.18,141.12,140.96,0
367359.66,-0.38337404,-0.71886957,0.0901506,0.087449655,101.1688,24.060139,13.802827,-10.689791,0.0,0.0,26.88,87.119,5.36,16.88,24.845,0.0,87.97863,0.0,99.998474,0.0,202.5,3345.0,0.0,-15.75,0.0793457,105.23892,14536.172,14536.172,1100.0834,508.91458,0.0,7.248615,0.0,4.670487,5.0,0.0,29.51046,38.24995,4.4999943,0.0,0.0,-1.9375,0.0,0.0,0.0,0.0,0.0,0.0,1.9999695,1.0,49.935913,4.6816854,27.485237,26.956987,0.0,98.99752,0.0,0.0,104.940414,101.16767,720.0,551.625,-0.011198729,-25.46875,0.0,-27.875,5.6019044,50.99166,26.403809,0.0,141.3,0.0,0.0,-7.373047,99.998474,92.62543,0.63964844,141.35,141.02,141.24,140.38,0
367359.7,-0.42669925,-0.7375479,0.08993388,0.087449655,101.16786,24.060139,13.792838,-10.695757,0.0,0.0,26.88,87.159,5.36,16.88,24.845,0.0,87.97689,0.0,99.998474,0.0,202.5,3341.0,0.0,-15.703125,0.079956055,105.21404,14544.662,14544.662,1100.0834,508.91458,0.0,7.2274203,0.0,4.674471,5.0,0.0,29.491745,37.87495,4.4999943,0.0,0.0,-1.9921875,0.0,0.0,0.0,0.0,0.0,0.0,1.9999695,1.0,49.935913,4.6834297,27.443172,26.969574,0.0,98.997765,0.0,0.0,104.75801,101.15938,720.0,551.625,-0.008958983,-25.46875,0.0,-27.78125,5.6019044,50.992496,26.11084,0.0,141.12,0.0,0.0,-6.5948486,99.998474,93.403625,0.6347656,141.24,141.12,140.91,140.38,0
367359.72,-0.4613594,-0.7450192,0.08978308,0.087449655,101.16701,24.060139,13.7975645,-10.697493,0.0,0.0,26.88,87.199,5.36,16.88,24.845,0.0,87.9755,0.0,99.998474,0.0,202.5,3339.0,0.0,-15.59375,0.08123779,105.23892,14544.662,14544.662,1100.0834,508.91458,0.0,7.2062254,0.0,4.677483,5.0,0.0,29.474901,37.87495,4.4999943,0.0,0.0,-2.0,0.0,0.0,0.0,0.0,0.0,0.0,1.9999695,1.0,49.51935,4.6846504,27.43036,26.974543,0.0,98.997986,0.0,0.0,104.58388,101.15938,720.0,551.625,-0.0071671866,-25.4375,0.0,-27.78125,5.6019044,50.993248,25.750732,0.0,141.12,0.0,0.0,-5.41687,99.998474,94.581604,0.64453125,141.02,140.91,140.63,140.42,0
367359.75,-0.48908755,-0.7292577,0.08953994,0.087449655,101.166245,24.060139,13.800873,-10.704228,0.0,0.0,26.88,87.243,5.36,16.88,24.845,0.0,87.97439,0.0,99.998474,0.0,202.5,3339.0,0.0,-15.5234375,0.08190918,105.23063,14579.156,14579.156,1100.0834,508.91458,0.0,7.121446,0.0,4.679771,5.0,0.0,29.459742,37.87495,4.4999943,0.0,0.0,-2.015625,0.0,0.0,0.0,0.0,0.0,0.0,1.9999695,1.0,49.51935,4.685505,27.383167,26.974543,0.0,98.998184,0.0,0.0,104.29366,101.15938,720.0,551.625,-0.0057337494,-25.4375,0.0,-27.78125,5.6019044,50.993923,25.219727,0.0,140.9,0.0,0.0,-4.9346924,99.998474,95.06378,0.64453125,140.75,140.7,140.32,140.48,0
367359.8,-0.49127004,-0.7229531,0.08937865,0.087449655,101.16638,24.060139,13.79733,-10.711177,0.0,0.0,26.88,87.278,5.36,16.88,24.845,0.0,87.973495,0.0,99.998474,0.0,202.5,3335.0,0.0,-15.5234375,0.08319092,105.263794,14574.911,14574.911,1100.0834,508.91458,0.0,6.9942775,0.0,4.681516,5.0,0.0,29.446098,37.87495,4.4999943,0.0,0.0,-2.015625,0.0,0.0,0.0,0.0,0.0,0.0,1.9999695,1.0,49.102783,4.6861033,27.335407,26.972023,0.0,98.99837,0.0,0.0,104.26879,101.16767,720.0,551.625,-0.004587,-25.40625,0.0,-27.78125,5.6019044,50.994534,24.987793,0.0,140.8,0.0,0.0,-3.8269043,99.998474,96.17157,0.6347656,140.8,140.48,140.48,140.21,0
367359.84,-0.47301602,-0.68293124,0.088919096,0.087449655,101.16651,24.060139,13.806568,-10.705037,0.0,0.0,26.88,87.318,5.36,16.88,24.845,0.0,87.972786,0.0,99.998474,0.0,202.5,3330.0,0.0,-15.859375,0.083496094,105.263794,14601.444,14601.444,1100.0834,508.91458,0.0,7.057862,0.0,4.6828527,5.0,0.0,29.433819,38.24995,4.4999943,0.0,0.0,-2.03125,0.0,0.0,0.0,0.0,0.0,0.0,1.9999695,1.0,49.102783,4.6865225,27.377851,27.092052,0.0,98.99853,0.0,0.0,104.086365,101.16767,720.0,552.0,-0.0036695998,-25.40625,0.0,-27.78125,5.6019044,50.995083,24.920654,0.0,140.63,0.0,0.0,-3.5858154,99.998474,96.41266,0.63964844,140.54,140.32,140.48,139.85,0
367359.88,-0.49841282,-0.6669225,0.08904621,0.08728009,101.166626,24.060139,13.801316,-10.701474,0.0,0.0,26.88,87.36,5.36,16.88,24.845,0.0,87.97221,0.0,99.998474,0.0,202.5,3327.0,0.0,-15.7109375,0.08416748,105.25551,14613.119,14613.119,1100.0834,508.91458,0.0,7.057862,0.0,4.68388,5.0,0.0,29.422768,37.87495,4.1249948,0.0,0.0,-1.828125,0.0,0.0,0.0,0.0,0.0,0.0,1.9999695,1.0,49.102783,4.6868157,27.402523,27.05289,0.0,98.99867,0.0,0.0,103.945404,101.16767,720.0,552.0,-0.0029356799,-25.375,0.0,-27.78125,5.6019044,50.995575,24.377441,0.0,140.45,0.0,0.0,-2.3345947,99.998474,97.66388,0.64453125,140.48,140.32,140.16,139.79,0
367359.94,-0.5187302,-0.660519,0.08916445,0.0872801,101.166725,24.060139,13.815218,-10.722533,0.0,0.0,26.88,87.399,5.36,16.88,24.845,0.0,87.971756,0.0,99.998474,0.0,202.125,3323.0,0.0,-15.6640625,0.08544922,105.28038,14601.444,14601.444,1100.0834,508.91458,0.0,7.1002517,0.0,4.684673,5.0,0.0,29.41282,37.87495,4.1249948,0.0,0.0,-1.875,0.0,0.0,0.0,0.0,0.0,0.0,1.9999695,1.0,49.102783,4.6870213,27.257467,26.911016,0.0,98.9988,0.0,0.0,103.83762,101.16767,720.0,551.625,-0.0023485438,-25.375,0.0,-27.78125,5.6019044,50.996017,24.084473,0.0,140.31,0.0,0.0,-1.7272949,99.998474,98.27118,0.63964844,140.27,140.21,139.95,139.79,0
367359.97,-0.5349842,-0.6579576,0.088912606,0.0872801,101.16682,24.060139,13.81909,-10.729625,0.0,0.0,26.88,87.443,5.36,16.88,24.845,0.0,87.97139,0.0,99.998474,0.0,202.125,3319.0,0.0,-15.5234375,0.086120605,105.263794,14643.367,14643.367,1100.0834,508.91458,0.0,7.121446,0.0,4.919661,5.0,0.0,29.40387,37.87495,4.1249948,0.0,0.0,-1.875,0.0,0.0,0.0,0.0,0.0,0.0,1.9999695,1.0,49.102783,4.92154,27.20868,26.89952,0.0,98.998924,0.0,0.0,103.62203,101.16767,720.0,551.625,-0.0018788351,-25.34375,0.0,-27.6875,5.6019044,50.996418,23.632812,0.0,140.18,0.0,0.0,-0.78125,99.998474,99.217224,0.63964844,140.21,140.0,139.68,139.68,0
367360.0,-0.54798734,-0.6756831,0.08907552,0.08723771,101.1669,24.060139,13.804222,-10.73459,0.0,0.0,26.88,87.478,5.36,16.88,24.845,0.0,87.9711,0.0,99.998474,0.0,202.125,3316.0,0.0,-15.5234375,0.08709717,105.28867,14635.9375,14635.9375,1100.0834,508.91458,0.0,7.142641,0.0,4.849825,5.0,0.0,29.395813,37.87495,4.1249948,0.0,0.0,-1.8125,0.0,0.0,0.0,0.0,0.0,0.0,1.9999695,1.0,48.687744,4.851328,27.174547,26.824032,0.0,98.99903,0.0,0.0,103.62203,101.16767,720.0,551.625,-0.0015030681,-25.34375,0.0,-27.6875,5.6019044,50.996777,23.54126,0.0,140.29,0.0,0.0,-0.83618164,99.998474,99.16229,0.64453125,140.21,139.85,139.89,139.32,0
367360.03,-0.5783899,-0.68277323,0.08887406,0.08723771,101.16698,24.060139,13.799674,-10.73788,0.0,0.0,26.88,87.519,5.36,16.88,24.845,0.0,87.97087,0.0,99.998474,0.0,202.125,3312.0,0.0,-15.5390625,0.08770752,105.28867,14647.612,14647.612,1100.0834,508.91458,0.0,7.121446,0.0,4.8009768,5.0,0.0,29.388561,37.87495,4.1249948,0.0,0.0,-1.703125,0.0,0.0,0.0,0.0,0.0,0.0,1.9999695,1.0,48.687744,4.8021793,27.151941,26.827679,0.0,98.99913,0.0,0.0,103.29865,101.16767,720.0,551.625,-0.0012024546,-25.34375,0.0,-27.6875,5.6019044,50.9971,23.046875,0.0,139.96,0.0,0.0,-0.59814453,99.998474,99.40033,0.64208984,140.0,139.73,139.85,139.07,0
367360.06,-0.6427119,-0.68560934,0.0888889,0.08723771,101.167046,24.060139,13.784772,-10.737473,0.0,0.0,26.88,87.559,5.36,16.88,24.845,0.0,87.97069,0.0,99.998474,0.0,202.125,3311.0,0.0,-15.5625,0.08898926,105.30525,14665.655,14665.655,1100.0834,510.24127,0.0,7.163836,0.0,4.7668138,5.0,0.0,29.382036,37.87495,4.1249948,0.0,0.0,-1.6171875,0.0,0.0,0.0,0.0,0.0,0.0,1.9999695,1.0,48.687744,4.7677755,27.154818,26.846655,0.0,98.999214,0.0,0.0,103.29865,101.16767,720.0,551.625,-9.6196367E-4,-25.34375,0.0,-27.78125,5.6019044,50.99739,22.973633,0.0,139.88,0.0,0.0,-0.6530762,99.998474,99.3454,0.63964844,139.95,139.85,139.68,139.1,0
367360.12,-0.6941695,-0.68674374,0.08898312,0.08723771,101.16711,24.060139,13.797778,-10.737216,0.0,0.0,26.88,87.598,5.36,16.88,24.845,0.0,87.970535,0.0,99.998474,0.0,202.125,3308.0,0.0,-15.6328125,0.08935547,105.30525,14681.576,14681.576,1100.0834,510.24127,0.0,7.163836,0.0,4.7429233,5.0,0.0,29.376163,37.87495,4.1249948,0.0,0.0,-1.5703125,0.0,0.0,0.0,0.0,0.0,0.0,1.9999695,1.0,48.324585,4.743693,27.156649,26.82493,0.0,98.99929,0.0,0.0,103.29865,101.16767,720.0,551.625,-7.6957094E-4,-25.3125,0.0,-27.78125,5.6019044,50.997654,22.930908,0.0,139.78,0.0,0.0,-0.66833496,99.998474,99.33014,0.63964844,139.58,139.41,139.2,139.16,0
367360.16,-0.7153356,-0.7059475,0.08966829,0.08723771,101.16716,24.060139,13.806882,-10.732745,0.0,0.0,26.88,87.643,5.36,16.88,24.845,0.0,87.97041,0.0,99.998474,0.0,202.125,3304.0,0.0,-15.7109375,0.08996582,105.29697,14684.76,14684.76,1100.0834,510.24127,0.0,7.142641,0.0,4.7262197,5.0,0.0,29.370878,37.87495,4.1249948,0.0,0.0,-1.390625,0.0,0.0,0.0,0.0,0.0,0.0,1.9999695,1.0,48.324585,4.7268353,27.187513,26.719448,0.0,98.99936,0.0,0.0,103.07478,101.16767,720.0,551.625,-6.156568E-4,-25.3125,0.0,-27.78125,5.6019044,50.99789,22.589111,0.0,139.6,0.0,0.0,-0.5218506,99.998474,99.47662,0.63964844,139.68,139.41,139.2,139.05,0
367360.2,-0.7122685,-0.713629,0.08927964,0.08723771,101.167206,24.060139,13.801536,-10.738428,0.0,0.0,26.88,87.678,5.36,16.88,24.845,0.0,87.97032,0.0,99.998474,0.0,202.125,3300.0,0.0,-15.4375,0.09094238,105.32184,14703.864,14703.864,1100.0834,510.24127,0.0,6.9942775,0.0,4.714542,5.0,0.0,29.441309,37.87495,4.1249948,0.0,0.0,-1.4296875,0.0,0.0,0.0,0.0,0.0,0.0,1.9999695,1.0,47.90802,4.7150345,27.148394,26.755835,0.0,98.99942,0.0,0.0,102.983574,101.16767,720.0,551.625,-4.9252546E-4,-25.3125,0.0,-27.78125,5.6019044,50.998104,22.29004,0.0,139.55,0.0,0.0,-0.5371094,99.998474,99.461365,0.63964844,139.52,139.2,139.16,138.79,0
367360.22,-0.7098148,-0.6979517,0.08898671,0.08719533,101.16725,24.060139,13.809512,-10.737136,0.0,0.0,26.88,87.718,5.36,16.88,24.845,0.0,87.970245,0.0,19.921875,0.0,202.125,3297.0,0.0,-15.5390625,0.09161377,105.32184,14707.048,14707.048,1100.0834,510.24127,0.0,7.0366673,0.0,4.70638,5.0,0.0,29.504696,37.87495,4.1249948,0.0,0.0,-1.4921875,0.0,0.0,0.0,0.0,0.0,0.0,1.9999695,1.0,47.90802,4.7067738,27.157341,26.802248,0.0,98.99947,0.0,0.0,102.983574,101.16767,720.0,551.625,-3.9402038E-4,-25.28125,0.0,-27.78125,5.6019044,50.998295,22.247314,0.0,139.27,0.0,0.0,-0.56762695,99.998474,99.43085,0.64453125,139.2,138.84,139.32,138.47,0
367360.28,-0.72785187,-0.69168067,0.08962443,0.08711054,101.16729,24.060139,13.803377,-10.712071,0.0,0.0,26.88,87.76,5.36,16.88,24.845,0.0,87.970184,0.0,0.032043457,0.0,202.125,3295.0,0.0,-15.7421875,0.09289551,105.338425,14715.539,14715.539,1100.0834,510.24127,0.0,7.057862,0.0,4.7006764,5.0,0.0,29.561745,37.87495,4.1249948,0.0,0.0,-1.9375,0.0,0.0,0.0,0.0,0.0,0.0,1.9999695,1.0,47.90802,4.7009916,27.330143,26.845675,0.0,98.99953,0.0,0.0,102.983574,101.16767,720.0,551.625,-3.152163E-4,-25.28125,0.0,-27.78125,5.6019044,50.998466,21.765137,0.0,139.14,0.0,0.0,-0.56762695,99.998474,99.43085,0.64453125,139.32,139.16,138.89,138.32,0
367360.3,-0.74228156,-0.68917227,0.08973788,0.08711054,101.16733,24.060139,13.816661,-10.706507,0.0,0.0,26.88,87.799,5.36,16.88,24.845,0.0,87.97014,0.0,0.0,0.0,202.125,3292.0,0.0,-15.671875,0.093566895,105.338425,14726.683,14726.683,1100.0834,510.24127,0.0,7.121446,0.0,4.931067,5.0,0.0,29.613089,37.87495,4.1249948,0.0,0.0,-1.890625,0.0,0.0,0.0,0.0,0.0,0.0,1.9999695,1.0,47.90802,4.931319,27.368546,26.869848,0.0,98.99957,0.0,0.0,102.82603,101.16767,720.0,551.625,-2.5217305E-4,-25.28125,0.0,-27.78125,5.6019044,50.99862,20.74585,0.0,139.04,0.0,0.0,-0.49743652,99.998474,99.50104,0.64453125,139.01,138.89,138.43,138.43,0
367360.34,-0.7738253,-0.70691895,0.08976866,0.08711056,101.16736,24.060139,13.81424,-10.705646,0.0,0.0,26.88,87.845,5.36,16.88,24.845,0.0,87.9701,0.0,0.0,0.0,202.125,3289.0,0.0,-15.9375,0.09484863,105.355,14745.787,14745.787,1100.0834,510.24127,0.0,7.163836,0.0,4.8579717,5.0,0.0,29.659298,37.87495,4.1249948,0.0,0.0,-1.875,0.0,0.0,0.0,0.0,0.0,0.0,1.9999695,1.0,47.90802,4.8581734,27.374512,26.863386,0.0,98.99961,0.0,0.0,103.21574,101.16767,720.0,551.625,-2.0173844E-4,-25.25,0.0,-28.0,5.6019044,50.998756,20.922852,0.0,138.99,0.0,0.0,-1.5411377,99.998474,98.45734,0.64453125,138.94,138.58,138.48,138.47,0
367360.38,-0.7990602,-0.7327676,0.089541405,0.08711054,101.16739,24.060139,13.806687,-10.690595,0.0,0.0,26.88,87.878,5.36,16.88,24.845,0.0,87.97007,0.0,0.0,0.0,202.125,3287.0,0.0,-16.351562,0.09552002,105.355,14750.032,14750.032,1100.0834,510.24127,0.0,6.951888,0.0,4.8068104,5.0,0.0,29.700886,37.87495,4.1249948,0.0,0.0,-1.75,0.0,0.0,0.0,0.0,0.0,0.0,1.9999695,1.0,47.491455,4.8069715,27.47829,27.01559,0.0,98.99965,0.0,0.0,103.62203,101.16767,720.0,552.375,-1.6139075E-4,-25.25,0.0,-27.78125,5.6019044,50.998882,21.209717,0.0,138.97,0.0,0.0,-1.361084,99.998474,98.63739,0.64941406,138.94,138.64,138.68,137.96,0
367360.44,-0.8192482,-0.724357,0.0889689,0.08711054,101.16741,24.060139,13.813119,-10.704304,0.0,0.0,26.88,87.918,5.36,16.88,24.845,0.0,87.97005,0.0,0.0,0.0,202.125,3282.0,0.0,-16.25,0.09613037,105.355,14753.217,14753.217,1100.0834,510.24127,0.0,7.0154724,0.0,5.005376,5.0,0.0,29.738316,37.87495,4.1249948,0.0,0.0,-1.6953125,0.0,0.0,0.0,0.0,0.0,0.0,1.9999695,1.0,47.491455,5.005505,27.383814,27.014336,0.0,98.99968,0.0,0.0,103.29865,101.16767,720.0,552.375,-1.2911261E-4,-25.21875,0.0,-27.6875,5.6019044,50.998997,20.269775,0.0,138.57,0.0,0.0,-0.6378174,99.998474,99.36066,0.64453125,138.68,138.48,138.64,137.86,0
367360.47,-0.85539854,-0.7397428,0.08873557,0.087068155,101.167435,24.060139,13.805902,-10.727542,0.0,0.0,26.88,87.961,5.36,16.88,24.845,0.0,87.970024,0.0,0.0,0.0,202.125,3281.0,0.0,-16.0625,0.09741211,105.37159,14768.075,14768.075,1100.0834,510.24127,0.0,6.9942775,0.0,5.1443753,5.0,0.0,29.772001,37.87495,4.1249948,0.0,0.0,-1.6484375,0.0,0.0,0.0,0.0,0.0,0.0,1.9999695,1.0,47.491455,5.144479,27.223654,26.917772,0.0,98.99971,0.0,0.0,103.29865,101.16767,720.0,552.0,-1.0329009E-4,-25.21875,0.0,-27.6875,5.6019044,50.9991,19.952393,0.0,138.5,0.0,0.0,-0.6530762,99.998474,99.3454,0.64453125,138.89,138.58,138.05,137.8,0
367360.5,-0.8843188,-0.78339714,0.08787227,0.08711054,101.16746,24.060139,13.812569,-10.749424,0.0,0.0,26.88,88.0,5.36,16.88,24.845,0.0,87.97001,0.0,0.0,0.0,202.125,3282.0,0.0,-16.085938,0.098083496,105.37159,14779.75,14779.75,1100.0834,510.24127,0.0,6.973083,0.0,5.2416778,5.0,0.0,29.802319,38.24995,4.1249948,0.0,0.0,-1.65625,0.0,0.0,0.0,0.0,0.0,0.0,1.9999695,1.0,47.07489,5.2417603,27.072844,26.922129,0.0,98.99974,0.0,0.0,103.29865,101.16767,720.0,552.0,-8.2632076E-5,-25.21875,0.0,-27.6875,5.6019044,50.99919,19.769287,0.0,138.94,0.0,0.0,-0.66833496,99.998474,99.33014,0.64941406,138.52,138.58,137.78,138.01,0
367360.53,-0.8674551,-0.80085886,0.08802597,0.087068155,101.16748,24.060139,13.817235,-10.745109,0.0,0.0,26.88,88.043,5.36,16.88,24.845,0.0,87.96999,0.0,0.0,0.0,202.125,3276.0,0.0,-16.132812,0.099365234,105.388176,14783.995,14783.995,1100.0834,510.24127,0.0,6.930693,0.0,5.309791,5.0,0.0,29.829605,37.87495,4.1249948,0.0,0.0,-1.6640625,0.0,0.0,0.0,0.0,0.0,0.0,1.9999695,1.0,47.07489,5.3098574,27.10262,26.916437,0.0,98.99976,0.0,0.0,103.29865,101.16767,720.0,552.375,-6.610566E-5,-25.1875,0.0,-27.6875,5.6019044,50.99927,19.67163,0.0,138.16,0.0,0.0,-0.66833496,99.998474,99.33014,0.64941406,138.37,138.01,137.8,137.5,0
367360.6,-0.8339641,-0.77034354,0.08771714,0.086898595,101.167496,24.060139,13.814643,-10.744719,0.0,0.0,26.88,88.079,5.36,16.88,24.845,0.0,87.969986,0.0,0.0,0.0,202.125,3262.0,0.0,-16.164062,0.10003662,105.388176,14809.998,14809.998,1100.0834,510.24127,0.0,6.930693,0.0,5.3574724,5.0,0.0,29.854162,37.87495,4.1249948,0.0,0.0,-1.6875,0.0,0.0,0.0,0.0,0.0,0.0,1.9999695,1.0,47.07489,5.3575253,27.105322,26.946548,0.0,98.99979,0.0,0.0,103.265495,101.16767,720.0,552.375,-5.288453E-5,-25.15625,0.0,-27.6875,5.6019044,50.999344,19.54956,0.0,137.82,0.0,0.0,-0.6530762,99.998474,99.3454,0.6347656,137.3,137.03,138.01,137.45,0
367360.62,-0.76717126,-0.66438746,0.088527426,0.0868562,101.16751,24.060139,13.830406,-10.73626,0.0,0.0,26.88,88.118,5.36,16.88,24.845,0.0,87.96998,0.0,0.0,0.0,202.125,3250.0,0.0,-16.117188,0.10064697,105.388176,14806.814,14806.814,1100.0834,510.24127,0.0,6.8459144,0.0,5.3908505,5.0,0.0,29.876265,37.87495,4.1249948,0.0,0.0,-1.6875,0.0,0.0,0.0,0.0,0.0,0.0,1.9999695,1.0,47.07489,5.390893,27.163637,26.850698,0.0,98.99981,0.0,0.0,103.07478,101.16767,720.0,552.0,-4.2307624E-5,-25.09375,0.0,-27.59375,5.6019044,50.99941,19.122314,0.0,137.19,0.0,0.0,-0.5493164,99.998474,99.44916,0.6591797,137.3,137.19,137.67,137.45,0
367360.7,-0.73373705,-0.60325503,0.08850636,0.0868562,101.16753,24.060139,13.823862,-10.742071,0.0,0.0,26.88,88.159,5.36,16.88,24.845,0.0,87.96997,0.0,0.0,0.0,202.125,3249.0,0.0,-15.984375,0.101989746,105.404755,14818.489,14818.489,1100.0834,510.24127,0.0,6.9094987,0.0,5.4142165,5.0,0.0,29.971344,37.49995,4.1249948,0.0,0.0,-1.375,0.0,0.0,0.0,0.0,0.0,0.0,1.9999695,1.0,47.07489,5.4142504,27.123592,26.796635,0.0,98.999825,0.0,0.0,103.008446,101.16767,720.0,552.0,-3.38461E-5,-25.09375,0.0,-27.59375,5.6019044,50.99947,18.920898,0.0,137.11,0.0,0.0,-0.5340576,99.998474,99.46442,0.6347656,137.08,137.19,136.98,136.82,0
367360.75,-0.68698967,-0.616302,0.089070454,0.0868562,101.16754,24.060139,13.83686,-10.757137,0.0,0.0,26.88,88.199,5.36,16.88,24.845,0.0,87.96996,0.0,0.0,0.0,202.125,3249.0,0.0,-16.039062,0.1026001,105.404755,14818.489,14818.489,1100.0834,510.24127,0.0,7.057862,0.0,5.430573,5.0,0.0,30.056915,37.49995,4.1249948,0.0,0.0,0.1328125,0.0,0.0,0.0,0.0,0.0,0.0,1.9999695,1.0,46.658325,5.4306,27.019768,26.59558,0.0,98.99984,0.0,0.0,102.983574,101.16767,720.0,552.0,-2.707688E-5,-25.09375,0.0,-27.59375,5.6019044,50.999523,18.865967,0.0,137.3,0.0,0.0,-0.5554199,99.998474,99.443054,0.63964844,137.24,137.08,136.81,136.73,0
367360.78,-0.6895917,-0.65902084,0.088658616,0.0868562,101.16755,24.060139,13.834239,-10.761123,0.0,0.0,26.88,88.243,5.36,16.88,24.845,0.0,87.969955,0.0,0.0,0.0,202.125,3251.0,0.0,-16.03125,0.10394287,105.429634,14818.489,14818.489,1100.0834,510.24127,0.0,7.142641,0.0,5.4420238,5.0,0.0,30.13393,37.87495,4.1249948,0.0,0.0,0.3671875,0.0,0.0,0.0,0.0,0.0,0.0,1.9999695,1.0,46.658325,5.442045,26.992304,26.654444,0.0,98.999855,0.0,0.0,102.983574,101.16767,720.0,552.0,-2.1661504E-5,-25.09375,0.0,-27.59375,5.6019044,50.999573,18.933105,0.0,137.35,0.0,0.0,-0.56762695,99.998474,99.43085,0.63964844,137.6,137.34,137.03,136.52,0
367360.8,-0.67167336,-0.7136084,0.08883538,0.0868562,101.16756,24.060139,13.832405,-10.7561655,0.0,0.0,26.88,88.278,5.36,16.88,24.845,0.0,87.969955,0.0,0.0,0.0,202.125,3252.0,0.0,-16.125,0.10424805,105.429634,14852.452,14852.452,1100.0834,510.24127,0.0,7.057862,0.0,5.4500394,5.0,0.0,30.203243,37.87495,4.1249948,0.0,0.0,0.4609375,0.0,0.0,0.0,0.0,0.0,0.0,1.9999695,1.0,46.658325,5.4500566,27.02648,26.635313,0.0,98.99987,0.0,0.0,102.983574,101.16767,720.0,552.0,-1.7329205E-5,-25.125,0.0,-27.59375,5.6019044,50.999615,18.908691,0.0,137.38,0.0,0.0,-0.56762695,99.998474,99.43085,0.64453125,137.34,137.19,136.98,136.43,0
367360.84,-0.6573387,-0.73544335,0.08852609,0.0868562,101.167564,24.060139,13.83698,-10.750573,0.0,0.0,26.88,88.318,5.36,16.88,24.845,0.0,87.969955,0.0,0.0,0.0,202.125,3248.0,0.0,-16.210938,0.10491943,105.429634,14855.636,14855.636,1100.0834,510.24127,0.0,7.0366673,0.0,5.455651,5.0,0.0,30.265625,37.49995,4.1249948,0.0,0.0,0.7421875,0.0,0.0,0.0,0.0,0.0,0.0,1.9999695,1.0,46.658325,5.4556646,27.065031,26.756319,0.0,98.999886,0.0,0.0,102.983574,101.16767,720.0,552.375,-1.3863364E-5,-25.09375,0.0,-27.59375,5.6019044,50.999653,18.908691,0.0,137.01,0.0,0.0,-0.56762695,99.998474,99.43085,0.64453125,137.14,136.77,136.62,136.43,0
367360.88,-0.66587096,-0.74417734,0.08931297,0.0868562,101.16757,24.060139,13.822604,-10.750352,0.0,0.0,26.88,88.359,5.36,16.88,24.845,0.0,87.969955,0.0,0.0,0.0,202.125,3247.0,0.0,-16.132812,0.10620117,105.44621,14863.065,14863.065,1100.0834,510.24127,0.0,6.9094987,0.0,5.4595795,5.0,0.0,30.32177,37.49995,4.1249948,0.0,0.0,0.75,0.0,0.0,0.0,0.0,0.0,0.0,1.9999695,1.0,46.658325,5.4595904,27.066566,26.594017,0.0,98.99989,0.0,0.0,102.79286,101.16767,720.0,552.375,-1.1090691E-5,-25.09375,0.0,-27.59375,5.6019044,50.999687,18.560791,0.0,137.28,0.0,0.0,-0.46691895,99.998474,99.531555,0.63964844,137.19,137.08,136.3,136.62,0
367360.94,-0.63269675,-0.74767095,0.099025816,0.0868562,101.16675,24.060139,13.818401,-10.886544,0.0,0.0,26.88,88.398,5.36,16.88,24.845,0.0,87.969955,0.0,0.0,0.0,201.75,3248.0,0.0,-15.875,0.10583496,105.41305,14877.925,14725.621,1100.0834,510.24127,1.3140764,8.096406,0.0,5.2279544,5.0,33.094788,30.3723,35.999954,4.1249948,0.0,0.0,0.8359375,0.0,0.0,0.0,0.0,0.0,0.0,1.9999695,1.0,53.98407,5.2279634,26.12698,23.797308,0.0,98.9999,2.0507812,0.0,102.82603,80.604126,720.0,552.0,-8.872553E-6,-25.09375,0.0,-14.6875,5.6019044,50.999718,18.713379,0.0,137.08,0.0,0.0,-58.636475,99.998474,41.362,0.63964844,137.19,136.98,136.59,136.13,0
367360.97,-0.68615735,-0.7490684,0.093975045,0.10003936,101.166016,24.060139,13.797881,-11.020866,0.0,0.0,26.88,88.443,5.36,16.88,24.845,0.0,87.969955,0.0,0.0,477.375,213.375,3278.0,0.0,-15.9140625,0.10784912,105.50426,14255.977,14402.973,1100.0834,510.24127,9.940352,8.562692,0.0,5.0658174,5.0,36.97815,30.417774,37.124954,17.999977,0.596,0.0,0.59375,0.0,0.0,0.0,0.0,0.0,0.0,1.9999695,0.9033203,54.908752,5.0658245,25.200384,26.392118,0.0,98.99991,6.25,0.0,102.65189,80.604126,489.375,552.0,-7.0980423E-6,-3.21875,0.0,11.09375,5.6019044,50.99975,18.695068,0.0,137.11,0.0,0.0,-67.67273,99.998474,32.325745,0.63964844,136.98,136.74,136.67,136.02,0
367361.0,-0.6689259,-0.7308774,0.098299794,0.11161172,101.166176,24.060139,13.783517,-10.911126,0.0,0.0,26.88,88.478,5.36,16.88,24.845,0.0,87.969955,0.0,0.0,477.375,219.375,3284.0,0.0,-15.4296875,0.106933594,105.5623,14323.902,14080.324,1100.0834,510.24127,4.3025403,7.948043,0.0,4.952321,5.0,33.332825,30.533892,36.749954,21.374973,0.6,0.0,-0.0859375,0.0,0.0,0.0,0.0,0.0,0.0,1.9999695,0.9033203,54.901123,4.952327,25.956972,28.544601,0.0,98.999916,8.886719,0.0,102.57727,80.61242,489.375,551.625,-5.678434E-6,2.625,0.0,26.6875,6.535555,50.999775,19.171143,0.0,137.02,0.0,0.0,-68.481445,99.998474,31.517029,0.6298828,136.93,136.82,136.52,136.13,0
367361.03,-0.63514066,-0.667351,0.10222729,0.12407424,101.16632,24.060139,13.773461,-10.819967,0.0,0.0,26.88,88.519,5.36,16.88,24.845,0.0,87.969955,0.0,0.0,478.125,223.875,3266.0,0.0,-12.4375,0.107055664,105.64522,14096.775,13757.676,1100.0834,510.24127,2.7341268,8.4567175,0.0,4.8728743,5.0,31.869507,30.638397,35.999954,26.249966,0.584,0.0,-1.890625,0.0,0.0,0.0,0.0,0.0,0.0,1.4433594,0.9033203,54.98352,4.872879,26.58546,30.827383,0.0,98.99992,8.300781,0.0,102.45289,80.61242,489.75,549.375,-4.5427473E-6,6.375,0.0,23.21875,7.0023804,50.999798,19.360352,0.0,136.15,0.0,0.0,-68.30444,99.998474,31.69403,0.5932617,135.82,135.62,135.98,136.07,0
367361.1,-0.58811253,-0.5669404,0.11321083,0.13581614,101.16645,24.060139,13.742986,-10.364785,0.0,0.0,26.88,88.56,5.36,16.88,24.845,0.0,87.969955,0.0,0.0,478.125,226.5,3251.0,0.0,-9.1875,0.10675049,105.686676,13978.966,13435.027,1100.0834,510.24127,0.0,9.007782,0.0,4.8172617,5.0,29.49524,30.732452,35.249954,28.499964,0.588,0.0,-4.7265625,0.0,0.0,0.0,0.0,0.0,0.0,0.953125,0.9033203,55.056763,4.8172655,29.723112,34.11032,0.0,98.99993,8.691406,0.0,102.336815,80.61242,489.75,545.25,-3.6341978E-6,11.59375,0.0,26.0625,7.936031,50.99982,20.64209,0.0,136.62,0.0,0.0,-68.00842,99.998474,31.990051,0.6323242,136.82,136.3,135.73,136.18,0
367361.12,-0.57049,-0.5080262,0.12606083,0.13793562,101.16657,24.060139,13.756808,-9.742794,0.0,0.0,26.88,88.599,5.36,16.88,24.845,0.0,87.969955,0.0,0.0,476.625,229.875,3236.0,0.0,-7.796875,0.10449219,105.661804,13349.058,13112.378,1100.0834,510.24127,1.9075303,10.10991,0.0,4.5439577,5.0,30.279541,30.817102,34.124958,31.87496,0.644,0.0,-10.8125,0.0,0.0,0.0,0.0,0.0,0.0,0.8613281,0.9033203,55.23987,4.5439606,34.01055,36.296894,0.0,98.99994,8.886719,0.0,102.013435,80.61242,489.375,543.75,-2.9073583E-6,19.125,0.0,27.84375,8.402857,50.99984,20.928955,0.0,136.0,0.0,0.0,-67.29431,99.998474,32.704163,0.625,136.13,136.28,135.98,135.08,0
367361.16,-0.616392,-0.48446047,0.12757318,0.16392043,101.16668,24.060139,13.7547655,-9.360712,0.0,0.0,26.88,88.643,5.36,16.88,24.845,0.0,87.969955,0.0,0.0,475.5,231.75,3242.0,0.0,-6.796875,0.10845947,106.076385,12780.708,12789.7295,1100.0834,510.24127,5.1927214,10.491417,0.0,4.352645,5.0,31.414795,30.893288,34.124958,32.999958,0.716,0.0,-17.226562,0.011108398,0.0,0.0,0.0,0.0,0.0,0.8564453,0.9013672,55.273438,4.3526473,36.644306,43.80868,0.0,98.99995,13.8671875,0.0,102.013435,80.61242,489.75,543.0,-2.3258867E-6,20.15625,0.0,55.5625,8.869681,50.999855,21.77124,0.0,136.63,3.34375,0.0,-67.333984,96.13037,28.796387,0.6298828,136.38,136.24,135.95,135.32,0
367361.2,-0.5731136,-0.4937842,0.15007079,0.1766373,101.16678,24.060139,13.741617,-8.179289,0.0,0.0,26.88,88.678,5.36,16.88,24.845,0.0,87.969955,0.0,0.0,474.375,230.625,3243.0,0.0,-6.484375,0.11004639,106.34172,12446.385,12467.081,1100.0834,510.24127,6.930693,11.7631035,0.0,4.218726,5.0,31.70929,30.961855,32.624958,31.87496,0.784,0.0,-22.6875,0.029174805,0.0,0.0,0.0,0.0,0.0,0.8691406,0.9033203,55.50232,4.218728,44.787834,50.06501,0.0,98.999954,19.238281,0.0,101.42472,80.61242,489.75,542.625,-1.8607094E-6,26.8125,0.0,85.625,10.270158,50.99987,23.034668,0.0,136.19,8.75,0.0,-66.03699,89.904785,23.867798,0.6225586,136.3,136.23,135.73,135.53,0
367361.25,-0.5384909,-0.4975137,0.16989003,0.19130407,101.16686,24.060139,13.738273,-7.3494773,0.0,0.0,26.88,88.718,5.36,16.88,24.845,0.0,87.969955,0.0,0.0,471.75,227.25,3238.0,0.0,-6.0703125,0.112854004,107.47769,12019.193,12144.433,1100.0834,510.24127,9.940352,13.289127,0.0,4.1249833,5.0,32.652283,31.023565,29.999962,29.249962,0.928,0.0,-24.65625,0.047790527,0.0,0.0,0.0,0.0,0.0,0.89160156,0.9091797,55.867004,4.1249847,50.507717,54.716427,0.0,98.999954,19.726562,0.0,101.36667,80.61242,490.125,542.25,-1.4885676E-6,37.0,0.0,89.15625,10.736983,50.999886,23.498535,0.0,136.14,14.34375,0.0,-65.87219,83.654785,17.782593,0.61035156,135.92,135.92,135.43,135.58,0
367361.28,-0.51079273,-0.4427555,0.18531269,0.20758165,101.16694,24.060139,13.718353,-6.700879,0.0,0.0,26.88,88.761,5.36,16.88,24.845,0.0,87.969955,0.0,0.0,469.5,225.375,3232.0,0.0,-5.8984375,0.115112305,108.37321,11699.729,11821.783,1100.0834,510.24127,11.635935,14.348866,0.0,4.0593634,5.0,32.87964,31.079103,27.374966,26.999966,1.028,0.0,-27.265625,0.06829834,0.0,0.0,0.0,0.0,0.0,0.9013672,0.9121094,55.989075,4.0593643,54.978508,59.352676,0.0,98.999954,19.433594,0.0,101.36667,80.61242,489.75,541.875,-1.190854E-6,42.28125,0.0,87.90625,11.203809,50.999897,24.725342,0.0,136.14,20.5,0.0,-65.78674,76.85547,11.068726,0.5957031,136.02,135.73,135.71,135.33,0
367361.3,-0.4686342,-0.38335222,0.2026331,0.22169736,101.16701,24.060139,13.727847,-6.0038123,0.0,0.0,26.88,88.799,5.36,16.88,24.845,0.0,87.969955,0.0,0.0,468.0,223.875,3235.0,0.0,-5.328125,0.11767578,109.26042,11426.433,11503.911,1100.0834,510.24127,12.356557,15.175463,0.0,3.779054,5.0,32.595825,31.12909,25.124968,25.124968,1.112,0.0,-28.539062,0.086364746,0.0,0.0,0.0,0.0,0.0,0.90625,0.9169922,56.170654,3.7790549,59.783382,63.47311,0.0,98.999954,19.238281,0.0,101.05158,80.61242,489.75,541.5,-9.5268325E-7,48.5625,0.0,87.15625,12.13746,50.99991,25.64087,0.0,135.89,25.90625,0.0,-65.10315,71.04492,5.9417725,0.60546875,136.07,135.87,135.87,135.11,0
367361.34,-0.49490735,-0.3220909,0.21635146,0.23314258,101.16707,24.060139,13.734493,-5.4901223,0.0,0.0,26.88,88.844,5.36,16.88,24.845,0.0,87.969955,0.0,0.0,465.375,222.0,3234.0,0.0,-5.3359375,0.118896484,110.07301,11176.486,11391.939,1100.0834,510.24127,12.8652315,16.277592,0.0,3.5828376,5.0,32.18689,31.174076,24.37497,23.62497,1.22,0.0,-29.835938,0.10205078,0.0,0.0,0.0,0.0,0.0,0.8955078,0.92285156,56.31256,3.5828383,63.324253,66.61475,0.0,98.999954,19.238281,0.0,100.79455,80.61242,489.375,541.5,-7.621466E-7,54.875,0.0,87.46875,13.07111,50.99992,26.739502,0.0,135.81,30.625,0.0,-64.54773,65.96069,1.4129639,0.5908203,135.87,135.87,135.45,134.95,0
367361.4,-0.49592587,-0.27883637,0.23377952,0.24509643,101.16713,24.060139,13.727427,-4.873967,0.0,0.0,26.88,88.878,5.36,16.88,24.845,0.0,87.969955,0.0,0.0,463.875,220.875,3228.0,0.0,-5.5234375,0.119628906,110.744644,10853.307,11909.345,1100.0834,510.24127,25.878828,17.740032,0.0,3.445486,5.0,40.304565,31.214563,22.874971,22.124971,1.324,0.0,-30.726562,0.119018555,0.0,0.0,0.0,0.0,0.0,0.89941406,0.92871094,56.365967,3.4454868,67.5714,69.807434,0.0,98.999954,19.433594,0.0,100.59555,80.61242,489.75,541.5,-6.097173E-7,62.0625,0.0,88.9375,13.537935,50.999928,26.947021,0.0,135.78,35.71875,0.0,-64.06555,60.424805,0.0,0.5761719,135.56,135.61,134.95,135.29,0
367361.44,-0.4967407,-0.22403455,0.24907248,0.25806764,101.16718,24.060139,13.728339,-4.449579,0.0,0.0,26.88,88.918,5.36,16.88,24.845,0.0,87.969955,0.0,0.0,461.625,219.375,3229.0,0.0,-4.9765625,0.12121582,111.5904,11207.266,12418.79,1100.0834,510.24127,29.863445,18.439459,0.0,3.1930902,5.0,43.528748,31.251003,22.124971,21.374973,1.46,0.0,-31.273438,0.1359253,0.0,0.0,0.0,0.0,0.0,0.90234375,0.93359375,56.41327,3.3493407,70.49672,72.243515,0.0,98.999954,19.433594,0.0,100.57066,80.61242,490.125,541.125,-0.15625048,67.59375,0.0,89.15625,14.004761,50.999935,28.167725,0.0,135.71,40.78125,0.0,-63.99231,55.10254,0.0,0.57128906,135.67,135.33,135.22,134.84,0
367361.47,-0.5173926,-0.20211382,0.2601373,0.27192903,101.16723,24.060139,13.717259,-4.108313,0.0,0.0,26.88,88.961,5.36,16.88,24.845,0.0,87.969955,0.0,0.0,460.875,218.625,3238.0,0.0,-4.71875,0.12133789,112.3035,11813.293,12933.542,1100.0834,510.24127,30.287342,19.181276,0.0,2.8445382,5.0,44.72046,31.358986,20.999973,20.624973,1.524,0.0,-31.132812,0.15612793,0.0,0.0,0.0,0.0,0.0,0.8984375,0.9394531,56.45294,3.2820385,72.849075,75.1283,0.0,98.999954,20.117188,0.0,100.40484,80.61242,490.5,540.75,-0.43750036,72.59375,0.0,93.1875,14.938412,50.999943,28.78418,0.0,136.05,46.84375,0.0,-63.5437,49.957275,0.0,0.6201172,136.07,135.98,135.29,134.78,0
367361.53,-0.51391405,-0.19334553,0.27593085,0.2939716,101.167274,24.060139,13.721222,-3.6656106,0.0,0.0,26.88,88.998,5.36,16.88,24.845,0.0,87.969955,0.0,0.0,460.875,217.875,3238.0,0.0,-5.1484375,0.123046875,112.91708,12591.789,13453.601,1100.0834,510.24127,29.92703,20.283405,0.0,2.5724268,5.0,45.53833,31.456171,19.874975,19.874975,1.54,0.0,-31.070312,0.18530273,0.0,0.0,0.0,0.0,0.0,0.89746094,0.9394531,56.47583,3.234927,75.90062,79.385735,0.0,98.999954,22.65625,0.0,100.114624,80.61242,490.875,541.125,-0.66250026,78.90625,0.0,109.28125,16.338888,50.99995,30.499268,0.0,135.74,55.59375,0.0,-62.835693,47.88208,0.0,0.60058594,135.92,136.02,135.45,134.12,0
367361.56,-0.55113125,-0.22733822,0.3020917,0.32114327,101.16731,24.060139,13.723996,-2.9485922,0.0,0.0,26.88,89.043,5.36,16.88,24.845,0.0,87.969955,0.0,0.0,461.25,216.0,3238.0,0.0,-4.4921875,0.1274414,113.77113,13293.868,13973.659,1100.0834,510.24127,30.923185,21.491508,0.0,2.3594487,5.0,47.0932,31.543636,18.374977,17.999977,1.524,0.0,-30.601562,0.2199707,0.0,0.0,0.0,0.0,0.0,0.90527344,0.9394531,56.541443,3.201949,80.84299,83.60793,0.0,98.999954,25.976562,0.0,99.608826,83.40674,490.875,540.375,-0.8425002,87.0625,0.0,130.28125,18.206188,50.999958,32.635498,0.0,136.09,66.0,0.0,-58.288574,45.941162,0.0,0.64697266,135.9,135.79,135.01,135.05,0
367361.6,-0.520905,-0.2221853,0.3266075,0.3419142,101.16734,24.060139,13.725938,-2.4248376,0.0,0.0,26.88,89.078,5.36,16.88,24.845,0.0,87.969955,0.0,0.0,460.875,214.5,3241.0,0.0,-3.953125,0.13006592,114.88223,13916.877,14493.718,1100.0834,510.24127,33.02147,23.293064,0.0,2.1923642,5.0,49.227905,31.622356,17.624977,16.874979,1.572,0.0,-30.421875,0.24737549,0.0,0.0,0.0,0.0,0.0,0.92578125,0.9394531,56.64978,3.1788642,84.4532,86.45614,0.0,98.999954,27.050781,0.0,99.26057,86.010345,491.625,540.0,-0.98650014,97.59375,0.0,137.1875,19.606665,50.99996,33.80127,0.0,135.95,74.21875,0.0,-47.732544,44.244385,0.0,0.6665039,135.82,135.79,134.95,135.29,0
367361.62,-0.53672403,-0.16387412,0.34873632,0.3610743,101.16737,24.060139,13.733156,-2.0175478,0.0,0.0,26.88,89.119,5.36,16.88,24.845,0.0,87.969955,0.0,0.0,460.125,213.75,3240.0,0.0,-3.921875,0.13214111,116.109406,14838.124,15013.776,1100.0834,510.24127,31.83456,25.370153,0.0,2.2172549,5.0,49.60327,31.693203,16.874979,16.499979,1.64,0.0,-30.453125,0.27270508,0.0,0.0,0.0,0.0,0.0,0.9433594,0.9394531,56.729126,3.162705,87.260635,88.89933,0.0,98.999954,27.050781,0.0,99.04498,88.39008,492.0,540.0,-0.9454501,106.375,0.0,137.34375,21.007141,50.999966,35.229492,0.0,135.81,81.8125,0.0,-39.154053,42.62085,3.4667969,0.64941406,135.95,135.71,135.45,134.89,0
367361.66,-0.52937925,-0.084299654,0.36437303,0.3840494,101.167404,24.060139,13.714771,-1.6649886,0.0,0.0,26.88,89.16,5.36,16.88,24.845,0.0,87.969955,0.0,0.0,457.875,214.125,3238.0,0.0,-3.4375,0.13482666,117.21221,15428.762,15533.835,1100.0834,510.24127,32.32204,26.663034,0.0,2.3950334,5.0,50.646973,31.832153,16.499979,15.74998,1.772,0.0,-30.742188,0.3015747,0.0,0.0,0.0,0.0,0.0,0.9501953,0.9394531,56.803894,3.1513934,89.69082,92.265564,0.0,98.999954,27.050781,0.0,98.91232,91.82287,492.375,539.625,-0.7563601,112.1875,0.0,137.4375,22.407618,50.99997,36.419678,0.0,135.61,90.46875,0.0,-28.50647,40.7959,12.289429,0.6347656,135.45,135.62,135.56,134.89,0
367361.72,-0.5035034,-0.014969863,0.38785166,0.40405726,101.16743,24.060139,13.731199,-1.2236887,124.783775,56.622803,26.88,89.198,5.36,16.88,24.845,0.0,87.969955,0.0,0.0,457.125,213.375,3234.0,0.0,-3.53125,0.1361084,117.97505,15935.023,16053.894,1100.0834,510.24127,33.720898,28.0195,0.0,2.5383873,5.0,52.134705,31.957209,15.74998,15.37498,1.828,0.0,-30.648438,0.3270874,0.0,0.0,0.0,0.0,0.0,0.9501953,0.9394531,56.881714,3.1434753,92.73267,94.8595,0.0,98.999954,26.953125,0.0,98.613815,94.451355,492.75,539.625,-0.6050881,120.21875,0.0,137.125,25.675394,50.999973,38.23242,0.0,135.68,98.125,0.0,-15.927124,38.00049,22.073364,0.6591797,135.61,135.61,135.17,134.78,0
367361.75,-0.5028027,0.050262056,0.3995485,0.4281769,101.16745,24.060139,13.73098,-1.0437958,159.70663,72.46966,26.88,89.242,5.36,16.88,24.845,0.0,87.969955,0.0,0.0,456.375,213.375,3234.0,0.0,-3.5703125,0.13848877,119.119316,16523.008,16352.132,1100.0834,510.24127,31.686197,28.930876,0.0,2.6538622,5.0,51.55487,32.06976,15.37498,15.37498,1.868,0.0,-29.953125,0.35614014,0.0,0.0,0.0,0.0,0.0,0.94921875,0.9394531,56.915283,3.1379328,93.97268,97.735535,0.0,98.999954,26.757812,0.0,98.472855,97.19592,492.75,539.625,-0.4840705,126.28125,0.0,135.84375,27.542696,50.999977,38.726807,0.0,135.55,106.84375,0.0,-2.645874,34.979248,32.333374,0.5834961,135.43,135.61,134.73,135.08,0
367361.78,-0.4622422,0.076354824,0.41366065,0.4311866,101.16747,24.060139,13.724967,-0.80535823,159.50473,72.35566,26.88,89.278,5.36,16.88,24.845,0.0,87.969955,0.0,0.0,456.75,213.0,3233.0,0.0,-3.1171875,0.13720703,119.57536,16944.893,16588.81,1100.0834,510.24127,29.333576,30.223757,0.0,2.7467966,5.0,50.66986,32.171055,14.999981,14.999981,1.868,0.0,-29.023438,0.3633423,0.0,0.0,0.0,0.0,0.0,0.9511719,0.9394531,56.996155,3.134053,95.61623,97.88788,0.0,98.999954,26.757812,0.0,98.25726,97.64368,493.125,539.25,-0.3872564,130.65625,0.0,135.8125,33.611427,50.99998,39.819336,0.0,135.66,109.0,0.0,-0.32043457,33.831787,33.511353,0.5761719,135.62,135.58,135.05,134.57,0
367361.8,-0.44979376,0.10554193,0.422974,0.4308899,101.16749,24.060139,13.720758,-0.71277577,172.32213,78.21833,26.88,89.318,5.36,16.88,24.845,0.0,87.969955,0.0,0.0,455.25,213.0,3235.0,0.0,-3.234375,0.13635254,120.10603,17096.664,16813.816,1100.0834,510.24127,27.871136,31.580223,0.0,2.821532,5.0,50.068665,32.262222,14.999981,14.999981,1.94,0.0,-28.171875,0.3661499,0.0,0.0,0.0,0.0,0.0,0.95703125,0.9394531,57.025146,3.1313372,96.2544,97.30528,0.0,98.999954,26.757812,0.0,98.149475,97.70172,493.125,539.25,-0.30980512,135.03125,0.0,135.65625,36.879204,50.999985,40.53955,0.0,135.69,109.84375,0.0,-0.1739502,33.325195,33.151245,0.67871094,135.77,135.43,135.22,134.61,0
