Time,Accel. Lat (m/s2),Accel. Long (m/s2),Airmass (g/stk),Airmass SP (g/stk),Ambient Press (kpa),Ambient Temp (°C),Battery Volts (V),Boost (psi),Calc TQ (nm),Calc HP (hp),Calc 0-60mph (s),Calc 60-130mph (s),Calc 0-60ft (s),Calc 1/8mile (s),Calc 1/4mile (s),Comb Mode (),Coolant Temp (°C),Cruise (),DV Position (%),EOI Actual (°),EOI Limit (°),Engine Speed (rpm),Eth Content (%),Exh Cam Position (°),Exh Flow Factor (),Exh Pres Desired (kpa),FP DI (kpa),FP DI SP (kpa),FP MPI (kpa),FP MPI SP (kpa),Fuel Flow (mg/stk),Fuel Flow SP (mg/stk),Fuel Split MPI (),Fuel Trim (%),Gear (gear),HPFP Eff Vol (%),IAT (°C),Ign Table (°),Ign Avg (°),Inj PW DI (ms),Inj PW MPI (ms),Intake Cam Pos (°),Intake Flow Fact (),Knock Avg (°),Knock Cyl 1 (°),Knock Cyl 2 (°),Knock Cyl 3 (°),Knock Cyl 4 (°),Lambda (l),Lambda SP (l),LPFP Duty (%),LTFT (%),MAP (kpa),MAP SP (kpa),Misfires (),Oil Temp (°C),Pedal Pos (%),Port Flap Pos (%),PUT (kpa),PUT SP (kpa),SOI Actual (°),SOI Limit (°),STFT (%),Torque (Nm),Torque Lim (),Torque Req (Nm),TPS (%),Trans Temp (°C),Turbo Speed (rpm),Valve Lift Pos (),Vehicle Speed (km/h),WG Flow Des (kg/hr),WG I Value (%),WG P-D Value (%),WG Pos Base (%),WG Pos Final (%),WG Voltage (V),Wheel Speed FL (km/h),Wheel Speed FR (km/h),Wheel Speed RL (km/h),Wheel Speed RR (km/h),SimosTools [R2.12:2026_7_12:CB_HSL_SP2933_5G0906259L_0002_BasicsGuide_R09.bin]
26830.996,-2.2577877,-0.5079347,0.11596261,0.12356556,101.59871,17.293226,14.026993,-10.477628,0.0,0.0,69.759,0.0,4.6,25.601,48.801,0.0,97.0934,0.0,0.0,459.75,218.625,1920.0,0.0,-11.5625,0.09240723,105.106255,9757.469,9974.514,1100.0834,499.89316,0.48747995,9.452872,0.0,4.7119217,3.0,23.706055,27.06453,30.74996,20.624973,0.78,0.0,0.5390625,0.0,0.0,0.0,0.0,0.0,0.0,0.9267578,0.9033203,53.886414,4.7119217,29.377562,30.86177,0.0,92.99998,6.9335938,1.0,104.71654,80.96067,469.125,547.5,2.9991724E-11,12.21875,0.0,12.46875,5.135079,53.999985,19.714355,1.0,41.43,0.0,0.0,-72.561646,99.998474,27.436829,3.6816406,42.08,40.94,41.85,40.33,0
26831.04,-2.2462301,-0.39067388,0.119704336,0.12081024,101.598724,17.293226,14.025926,-10.332606,0.0,0.0,69.799,0.0,4.6,25.601,48.801,0.0,97.07321,0.0,0.0,460.125,217.875,1873.0,0.0,-11.296875,0.09008789,105.0565,9535.647,9787.717,1100.0834,499.89316,2.1830623,9.791988,0.0,4.704595,3.0,24.353027,27.064844,30.74996,19.874975,0.78,0.0,-0.5078125,0.0,0.0,0.0,0.0,0.0,0.0,0.9267578,0.9033203,53.92151,4.704595,30.377193,30.439583,0.0,92.99998,6.9335938,1.0,104.73313,80.96067,469.5,547.5,2.399338E-11,14.03125,0.0,12.0625,5.135079,53.999985,19.793701,1.0,41.37,0.0,0.0,-72.60132,99.998474,27.397156,3.6816406,42.03,40.58,41.81,40.56,0
26831.076,-2.236984,-0.25001955,0.11772563,0.12025919,101.59874,17.293226,14.031038,-10.371766,0.0,0.0,69.843,0.0,4.6,25.601,48.801,0.0,97.05707,0.0,0.0,459.375,217.5,1866.0,0.0,-11.3671875,0.089782715,105.0565,9508.053,9600.921,1100.0834,499.89316,0.72062254,9.495262,0.0,4.6994667,3.0,23.330688,27.065126,30.74996,19.499975,0.808,0.0,-0.7734375,0.0,0.0,0.0,0.0,0.0,0.0,0.92871094,0.90234375,53.858948,4.6994667,30.10728,30.635023,0.0,92.99998,6.9335938,1.0,104.7497,80.96067,468.75,547.5,1.9194705E-11,13.09375,0.0,11.84375,4.6682534,53.999985,19.342041,1.0,41.28,0.0,0.0,-72.6593,99.998474,27.339172,3.6816406,41.66,40.48,41.85,40.24,0
26831.115,-2.2295873,-0.17500782,0.115633465,0.11958095,101.598755,17.293226,14.028758,-10.442891,0.0,0.0,69.88,0.0,4.6,25.601,48.801,0.0,97.04414,0.0,0.0,459.375,217.875,1874.0,0.0,-11.375,0.08843994,105.031624,9343.545,9414.124,1100.0834,499.89316,0.21194781,9.495262,0.0,4.6958766,3.0,22.660828,27.065382,30.74996,19.874975,0.808,0.0,-0.5,0.0,0.0,0.0,0.0,0.0,0.0,0.9355469,0.90234375,53.858948,4.6958766,29.61704,30.402143,0.0,92.99998,6.9335938,1.0,104.42633,80.96067,468.75,547.5,1.5355764E-11,12.34375,0.0,11.78125,5.135079,53.999985,19.012451,1.0,41.14,0.0,0.0,-72.13745,99.998474,27.861023,3.6816406,41.78,40.43,41.91,40.37,0
26831.156,-2.2236698,-0.20125315,0.118500255,0.1230145,101.59876,17.293226,14.009583,-10.396666,0.0,0.0,69.92,0.0,4.6,25.601,48.801,0.0,97.03381,0.0,0.0,459.375,217.875,1881.0,0.0,-11.3515625,0.08880615,105.0565,9160.463,9227.327,1100.0834,499.89316,1.2504921,9.622431,0.0,4.6933637,3.0,22.979736,27.06561,31.12496,19.874975,0.8,0.0,0.375,0.0,0.0,0.0,0.0,0.0,0.0,0.9394531,0.9013672,53.886414,4.6933637,29.935677,30.801893,0.0,92.99998,7.1289062,1.0,104.45121,80.96067,468.375,547.5,1.2284611E-11,13.59375,0.0,12.90625,5.135079,53.999985,19.067383,1.0,41.09,0.0,0.0,-71.89331,99.998474,28.105164,3.6816406,41.81,40.4,41.53,40.31,0
26831.195,-2.2389357,-0.24925126,0.11960522,0.123268835,101.59877,17.293226,14.025458,-10.359381,0.0,0.0,69.96,0.0,4.6,25.601,48.801,0.0,97.02554,0.0,0.0,459.375,217.875,1888.0,0.0,-11.3984375,0.08850098,105.0565,8940.233,9040.531,1100.0834,499.89316,1.5896086,9.791988,0.0,4.6916046,3.0,22.706604,27.065817,31.12496,19.874975,0.816,0.0,0.7421875,0.0,0.0,0.0,0.0,0.0,0.0,0.9423828,0.9013672,53.930664,4.6916046,30.19269,30.842745,0.0,92.99998,7.1289062,1.0,104.42633,80.96067,468.75,547.5,9.827689E-12,13.96875,0.0,13.0,5.135079,53.999985,19.122314,1.0,41.19,0.0,0.0,-71.89331,99.998474,28.105164,3.6816406,41.81,40.43,41.63,40.07,0
26831.238,-2.2911484,-0.2872005,0.121176764,0.123353615,101.59878,17.293226,14.030711,-10.319751,0.0,0.0,69.999,0.0,4.6,25.601,48.801,0.0,97.018936,0.0,0.0,459.375,217.875,1877.0,0.0,-11.40625,0.087524414,105.031624,8753.968,8853.734,1100.0834,499.89316,2.2678416,10.1523,0.0,4.4559984,3.0,22.808838,27.066002,31.12496,19.874975,0.816,0.0,0.75,0.0,0.0,0.0,0.0,0.0,0.0,0.9472656,0.9003906,53.94745,4.4559984,30.465858,30.875666,0.0,92.99998,7.1289062,1.0,104.42633,80.96067,468.75,547.5,7.862151E-12,14.4375,0.0,13.125,5.135079,53.999985,19.16504,1.0,41.15,0.0,0.0,-71.92078,99.998474,28.077698,3.6816406,41.81,40.31,41.51,40.33,0
26831.275,-2.3529186,-0.3023802,0.12200774,0.12216671,101.598785,17.293226,14.01681,-10.290002,0.0,0.0,70.042,0.0,4.6,25.601,48.801,0.0,97.01364,0.0,0.0,459.0,217.5,1868.0,0.0,-11.4296875,0.0871582,105.031624,8613.34,8666.9375,1100.0834,499.89316,1.6531929,10.131105,0.0,4.291074,3.0,22.161865,27.06617,30.74996,19.499975,0.852,0.0,0.59375,0.0,0.0,0.0,0.0,0.0,0.0,0.9472656,0.9003906,53.93982,4.291074,30.670921,30.678738,0.0,92.99998,7.1289062,1.0,104.40975,80.96067,468.75,547.5,6.289721E-12,14.8125,0.0,13.03125,5.135079,53.999985,19.146729,1.0,41.04,0.0,0.0,-71.92078,99.998474,28.077698,3.6816406,41.69,40.31,41.81,40.12,0
26831.316,-2.442335,-0.30845207,0.12257295,0.12161565,101.59879,17.293226,14.018799,-10.273096,0.0,0.0,70.08,0.0,4.6,25.601,48.801,0.0,97.009415,0.0,0.0,459.0,217.5,1865.0,0.0,-11.4375,0.08618164,105.00675,8518.88,8480.141,1100.0834,499.89316,1.0173495,10.046326,0.0,4.4100018,3.0,21.582031,27.06632,30.74996,19.499975,0.852,0.0,-0.0390625,0.0,0.0,0.0,0.0,0.0,0.0,0.94628906,0.89941406,53.930664,4.4100018,30.787458,30.614685,0.0,92.99998,7.1289062,1.0,104.42633,80.96067,468.75,547.5,5.0317766E-12,15.28125,0.0,12.96875,5.135079,53.999985,19.16504,1.0,40.95,0.0,0.0,-71.92993,99.998474,28.068542,3.6816406,41.63,40.14,41.51,39.95,0
26831.355,-2.5338678,-0.31088084,0.12169633,0.12369272,101.5988,17.293226,14.002612,-10.306502,0.0,0.0,70.12,0.0,4.6,25.601,48.801,0.0,97.00603,0.0,0.0,458.25,217.5,1873.0,0.0,-11.4140625,0.08618164,105.00675,8254.605,8293.345,1100.0834,499.89316,1.5684137,10.19469,0.0,4.571376,3.0,21.479797,27.066456,30.74996,19.499975,0.9,0.0,-0.3359375,0.0,0.0,0.0,0.0,0.0,0.0,0.93652344,0.89941406,53.956604,4.258876,30.557201,30.951714,0.0,92.99998,7.2265625,1.0,104.40975,80.96067,468.375,547.5,0.31249997,14.71875,0.0,13.5,5.135079,53.999985,19.030762,1.0,40.89,0.0,0.0,-71.847534,99.998474,28.15094,3.6816406,41.87,40.28,41.36,39.95,0
26831.396,-2.5870943,-0.33060235,0.12125462,0.1428952,101.59881,17.293226,14.026438,-10.318965,0.0,0.0,70.16,0.0,4.6,25.601,48.801,0.0,97.00331,0.0,0.0,457.875,217.875,1877.0,0.0,-11.421875,0.08850098,105.09796,8104.9556,8106.548,1100.0834,499.89316,1.547219,10.237079,0.0,4.715588,3.0,21.218872,27.066578,31.12496,19.874975,0.928,0.0,-0.15625,0.0,0.0,0.0,0.0,0.0,0.0,0.92578125,0.8984375,53.96576,4.153088,30.471304,34.690414,0.0,92.99998,9.375,1.0,104.31025,80.96067,468.375,547.5,0.56249994,14.78125,0.0,24.03125,5.6019044,53.999985,19.342041,1.0,40.97,0.0,0.0,-71.63696,99.998474,28.361511,3.6816406,41.77,40.28,41.48,39.91,0
26831.436,-2.6096754,-0.37599093,0.13247436,0.1615042,101.598816,17.293226,14.0255375,-10.002428,0.0,0.0,70.2,0.0,4.6,25.601,48.801,0.0,97.001144,0.0,0.0,457.875,217.125,1873.0,0.0,-11.4140625,0.09051514,105.18088,7860.8467,7919.751,1100.0834,499.89316,3.666697,11.805492,0.0,4.6852865,3.0,21.968079,27.066687,30.374962,19.124975,0.928,0.0,-1.1953125,0.0,0.0,0.0,0.0,0.0,0.0,0.91308594,0.8984375,54.179382,4.0790367,32.653164,38.305473,0.0,92.99998,11.425781,1.0,104.111244,80.96067,468.375,547.5,0.6062499,19.0625,0.0,34.15625,6.535555,53.999985,20.111084,1.0,41.06,0.0,0.0,-71.16394,99.998474,28.834534,3.6816406,41.72,40.16,41.53,39.99,0
26831.477,-2.6077404,-0.4128964,0.14378953,0.16981257,101.59882,17.293226,14.024907,-9.581249,0.0,0.0,70.241,0.0,4.6,25.601,48.801,0.0,96.999405,0.0,0.0,457.5,216.75,1871.0,0.0,-11.3828125,0.09185791,105.23063,7660.783,7732.9546,1100.0834,499.89316,5.4258637,12.462531,0.0,4.668451,3.0,22.660828,27.066786,30.374962,18.749975,0.996,0.0,-2.5234375,0.0,0.0,0.0,0.0,0.0,0.0,0.90625,0.89746094,54.27704,4.0272007,35.556313,40.595028,0.0,92.99998,11.71875,1.0,104.0615,80.96067,468.75,547.5,0.64124995,23.9375,0.0,35.96875,6.535555,53.999985,20.153809,1.0,40.97,0.0,0.0,-71.04187,99.998474,28.956604,3.6816406,41.78,40.18,41.63,40.04,0
26831.516,-2.6261923,-0.42765856,0.1527595,0.18308048,101.59883,17.293226,14.012748,-9.218249,0.0,0.0,70.28,0.0,4.6,25.601,48.801,0.0,96.99802,0.0,0.0,454.5,216.75,1881.0,0.0,-11.375,0.09350586,105.30525,7485.131,7757.896,1100.0834,499.89316,7.0366673,13.246738,0.0,4.5039153,3.0,23.284912,27.066875,30.374962,18.749975,1.212,0.0,-4.8125,0.0,0.0,0.0,0.0,0.0,0.0,0.9013672,0.8964844,54.393005,3.9909155,38.05844,43.505714,0.0,92.99998,12.109375,1.0,104.0615,80.96067,468.375,547.5,0.51299995,28.09375,0.0,38.25,7.0023804,53.999985,20.3125,1.0,41.0,0.0,0.0,-71.102905,99.998474,28.895569,3.6816406,41.96,40.28,41.66,39.86,0
26831.557,-2.6609538,-0.43356344,0.1663656,0.18320768,101.59883,17.218039,14.010096,-8.732969,0.0,0.0,70.32,0.0,4.6,25.601,48.801,0.0,96.9969,0.0,0.0,454.5,216.75,1889.0,0.0,-11.3515625,0.09283447,105.28038,7335.481,8057.1953,1100.0834,499.89316,16.065643,14.6879835,0.0,4.375916,3.0,28.633118,27.066956,28.874964,18.749975,1.212,0.0,-7.484375,0.0,0.0,0.0,0.0,0.0,0.0,0.89746094,0.8955078,54.486084,3.9655159,41.403423,44.62037,0.0,92.99998,12.109375,1.0,103.787865,80.96067,468.375,547.5,0.41039997,33.0625,0.0,38.875,7.469206,53.999985,20.78247,1.0,41.13,0.0,0.0,-70.3949,99.998474,29.603577,3.6816406,41.85,40.32,41.57,39.95,0
26831.596,-2.688763,-0.3984254,0.167815,0.18142733,101.59883,17.15037,14.008239,-8.4758215,0.0,0.0,70.361,0.0,4.6,25.601,48.801,0.0,96.99602,0.0,0.0,453.0,216.375,1892.0,0.0,-11.3203125,0.0925293,105.28038,7372.0977,8356.494,1100.0834,499.89316,20.3046,14.476035,0.0,4.276056,3.0,31.391907,27.067028,27.374966,18.374977,1.364,0.0,-11.859375,0.0,0.0,0.0,0.0,0.0,0.0,0.8964844,0.89453125,54.525757,3.947736,43.17592,45.173447,0.0,92.99998,12.109375,1.0,103.90395,80.96067,468.75,547.5,0.32832,36.4375,0.0,38.96875,7.0023804,53.999985,20.422363,1.0,41.08,0.0,0.0,-70.651245,99.998474,29.347229,3.6816406,41.81,40.31,41.62,39.92,0
26831.639,-2.6910102,-0.32812017,0.16914605,0.18113057,101.59883,17.089468,14.024517,-8.302133,0.0,0.0,70.399,0.0,4.6,25.601,48.801,0.0,96.995316,0.0,0.0,453.0,216.375,1888.0,0.0,-11.2578125,0.09222412,105.28038,7762.1416,8655.794,1100.0834,499.89316,20.325794,14.6879835,0.0,4.197946,3.0,31.913757,27.067093,26.624966,18.374977,1.364,0.0,-13.375,0.0,0.0,0.0,0.0,0.0,0.0,0.8925781,0.8925781,54.51355,3.93529,44.373135,46.68489,0.0,92.99998,12.109375,1.0,103.84592,80.96067,468.75,547.5,0.262656,36.0,0.0,39.0,7.0023804,53.999985,20.379639,1.0,41.05,0.0,0.0,-70.70007,99.998474,29.2984,3.6816406,41.74,40.28,41.41,39.73,0
26831.674,-2.6928082,-0.24374807,0.1698356,0.18142733,101.59883,17.034657,14.000755,-8.149505,0.0,0.0,70.442,0.0,4.6,25.601,48.801,0.0,97.14513,0.0,0.0,452.25,216.375,1883.0,0.0,-10.640625,0.091552734,105.25551,7995.1064,8827.731,1100.0834,499.89316,20.643717,14.666788,0.0,4.136703,3.0,32.414246,27.06715,25.874968,18.374977,1.44,0.0,-14.5625,0.0,0.0,0.0,0.0,0.0,0.0,0.88671875,0.89160156,54.530334,3.926578,45.425182,47.711052,0.0,92.99998,12.109375,1.0,103.82932,80.96067,468.75,546.75,0.2101248,36.40625,0.0,38.90625,7.0023804,53.999985,20.361328,1.0,40.97,0.0,0.0,-70.55969,99.998474,29.438782,3.6816406,41.72,40.19,41.4,39.86,0
26831.719,-2.6542466,-0.17249924,0.1728773,0.18045235,101.59883,16.985325,14.019279,-8.026738,0.0,0.0,70.478,0.0,4.6,25.601,48.801,0.0,97.26497,0.0,0.0,452.625,216.375,1878.0,0.0,-10.625,0.09124756,105.25551,8326.246,8947.663,1100.0834,499.89316,20.283405,14.730372,0.0,3.9323294,3.0,32.56073,27.067202,25.124968,18.374977,1.396,0.0,-15.046875,0.0,0.0,0.0,0.0,0.0,0.0,0.8730469,0.890625,54.51355,3.9204795,46.2714,47.789856,0.0,92.99998,12.109375,1.0,103.82932,80.96067,468.75,546.75,0.011849865,37.6875,0.0,38.9375,7.0023804,53.999985,20.385742,1.0,40.95,0.0,0.0,-70.510864,99.998474,29.48761,3.6816406,41.72,40.19,41.28,39.91,0
26831.754,-2.6033974,-0.1064997,0.17444617,0.17935023,101.59883,16.940928,13.991229,-7.9439654,0.0,0.0,70.522,0.0,4.6,25.601,48.801,0.0,97.210464,0.0,0.0,452.625,216.375,1876.0,0.0,-10.546875,0.09124756,105.25551,8595.297,9002.854,1100.0834,499.89316,17.888395,14.666788,0.0,3.6131907,3.0,31.289673,27.142437,24.749968,18.374977,1.396,0.0,-15.4765625,0.0,0.0,0.0,0.0,0.0,0.0,0.86816406,0.8886719,54.519653,3.9162107,46.84194,47.82021,0.0,92.99998,12.109375,1.0,103.80445,80.96067,468.75,546.75,-0.3030201,38.75,0.0,38.8125,7.0023804,53.999985,20.33081,1.0,40.91,0.0,0.0,-70.547485,99.998474,29.450989,3.6816406,41.57,39.98,41.46,39.88,0
26831.797,-2.542718,-0.042599883,0.17218252,0.17816332,101.59883,16.90097,14.01261,-7.9576797,12.93939,3.396885,70.558,0.0,4.6,25.601,48.801,0.0,97.16687,0.0,0.0,453.0,216.0,1871.0,0.0,-10.5,0.090270996,105.23063,8849.489,8922.19,1100.0834,499.89316,14.730372,14.560814,0.0,3.3583064,3.0,29.553223,27.210148,25.124968,17.999977,1.38,0.0,-15.6875,0.0,0.0,0.0,0.0,0.0,0.0,0.8671875,0.8876953,54.50287,3.9132223,46.74741,47.897636,0.0,92.99998,11.9140625,1.0,103.945404,80.96067,468.75,546.375,-0.554916,37.46875,0.0,37.8125,7.0023804,53.999985,20.361328,1.0,40.85,0.0,0.0,-70.877075,99.998474,29.121399,3.6816406,41.53,40.09,41.51,39.95,0
26831.834,-2.5141745,-0.017039953,0.17297916,0.17553516,101.59883,16.86501,14.00414,-7.986756,12.883134,3.3803089,70.6,0.0,4.6,25.601,48.801,0.0,97.13199,0.0,0.0,453.375,216.0,1870.0,0.0,-10.4375,0.090270996,105.23063,8991.179,8876.553,1100.0834,499.89316,12.420141,14.433645,0.0,3.154698,3.0,28.28064,27.271088,25.124968,17.999977,1.324,0.0,-15.0703125,0.0,0.0,0.0,0.0,0.0,0.0,0.8652344,0.88671875,54.492188,3.9111307,46.546993,47.01794,0.0,92.99998,11.71875,1.0,104.028336,80.96067,468.375,546.375,-0.7564328,37.4375,0.0,36.84375,6.535555,53.999985,20.440674,1.0,40.8,0.0,0.0,-71.173096,99.998474,28.825378,3.6816406,41.67,40.05,41.32,39.81,0
26831.877,-2.5113397,-0.006815981,0.1722849,0.17549276,101.59883,16.832644,14.015788,-8.070836,12.822275,3.3661397,70.638,0.0,4.6,25.601,48.801,0.0,97.254456,0.0,0.0,453.375,216.0,1871.0,0.0,-10.375,0.0892334,105.20576,9025.142,8869.654,1100.0834,499.89316,10.957702,14.433645,0.0,2.8357704,3.0,27.39563,27.325933,25.124968,17.999977,1.324,0.0,-14.4921875,0.0,0.0,0.0,0.0,0.0,0.0,0.86621094,0.8847656,54.50287,3.9096665,45.967438,46.60713,0.0,92.99998,11.71875,1.0,103.86249,80.96067,468.375,546.375,-1.0738962,37.71875,0.0,36.84375,6.535555,53.999985,20.080566,1.0,40.89,0.0,0.0,-70.68176,99.998474,29.316711,3.6816406,41.51,40.18,41.45,39.69,0
26831.916,-2.5290718,-0.0027263926,0.17221251,0.17557757,101.59883,16.803514,14.0005045,-8.102509,12.923185,3.3980706,70.681,0.0,4.6,25.601,48.801,0.0,97.35243,0.0,0.0,453.75,216.0,1874.0,0.0,-10.2890625,0.0892334,105.20576,8969.951,8927.498,1100.0834,499.89316,11.551155,14.603204,0.0,2.7370248,3.0,27.690125,27.375296,25.499968,17.999977,1.3,0.0,-14.078125,0.0,0.0,0.0,0.0,0.0,0.0,0.8720703,0.88378906,54.50287,3.9086416,45.749123,46.375263,0.0,92.99998,11.71875,1.0,103.84592,80.96067,468.375,546.375,-1.1716169,37.125,0.0,36.84375,6.535555,53.999985,20.123291,1.0,40.87,0.0,0.0,-70.77637,99.998474,29.222107,3.6816406,41.63,40.12,41.45,39.96,0
26831.955,-2.5232575,-0.019840557,0.17268015,0.17629817,101.59883,16.777298,14.001525,-8.089341,0.0,0.0,70.72,0.0,4.6,25.601,48.801,0.0,97.43082,0.0,0.0,453.75,216.375,1874.0,0.0,-10.296875,0.08892822,105.20576,8941.826,8958.276,1100.0834,499.89316,12.653284,14.836347,0.0,2.6581306,3.0,28.349304,27.419722,25.499968,18.374977,1.3,0.0,-14.015625,0.0,0.0,0.0,0.0,0.0,0.0,0.8769531,0.88183594,54.530334,3.9079242,45.83988,46.515045,0.0,92.99998,11.71875,1.0,103.80445,80.96067,468.375,546.375,-1.2497935,38.0625,0.0,36.875,7.0023804,53.999985,20.17212,1.0,40.97,0.0,0.0,-70.56885,99.998474,29.429626,3.6816406,41.81,40.11,41.72,39.86,0
26831.994,-2.538606,-0.045436226,0.17476283,0.17570473,101.59883,16.753704,13.99638,-8.046057,0.0,0.0,70.761,0.0,4.6,25.601,48.801,0.0,97.49353,0.0,0.0,453.375,216.375,1877.0,0.0,-10.25,0.08892822,105.20576,8924.845,9164.708,1100.0834,499.89316,15.980865,15.111878,0.0,2.595087,3.0,30.471802,27.459705,25.499968,18.374977,1.312,0.0,-13.90625,0.0,0.0,0.0,0.0,0.0,0.0,0.8828125,0.8798828,54.54712,3.9074218,46.138237,46.30748,0.0,92.99998,11.71875,1.0,103.787865,80.96067,468.375,546.375,-1.3123348,38.875,0.0,36.9375,7.0023804,53.999985,20.281982,1.0,40.89,0.0,0.0,-70.51697,99.998474,29.481506,3.6816406,41.84,40.33,41.62,39.82,0
26832.04,-2.5908847,-0.093174495,0.17602696,0.175408,101.59883,16.732468,14.010356,-8.007038,0.0,0.0,70.798,0.0,4.6,25.601,48.801,0.0,97.5437,0.0,0.0,453.375,216.0,1885.0,0.0,-10.21875,0.08862305,105.20576,9012.405,9255.983,1100.0834,499.89316,17.273746,15.239047,0.0,2.7009523,3.0,31.381226,27.49569,25.124968,17.999977,1.352,0.0,-13.9375,0.0,0.0,0.0,0.0,0.0,0.0,0.88378906,0.8798828,54.563904,3.9070702,46.40719,46.321507,0.0,92.99998,11.71875,1.0,103.97029,80.96067,468.75,546.375,-1.2061179,39.125,0.0,37.0,7.0023804,53.999985,20.599365,1.0,41.15,0.0,0.0,-70.93201,99.998474,29.066467,3.6816406,41.83,40.28,41.51,39.92,0
26832.076,-2.6127079,-0.1310198,0.1765292,0.17557757,101.59883,16.713356,13.973265,-7.988122,0.0,0.0,70.844,0.0,4.6,25.601,48.801,0.0,97.58383,0.0,0.0,453.375,216.0,1889.0,0.0,-10.1875,0.08862305,105.197464,9157.278,9227.858,1100.0834,499.89316,15.726527,15.196658,0.0,2.7856798,3.0,30.529785,27.528076,25.124968,17.999977,1.352,0.0,-13.9140625,0.0,0.0,0.0,0.0,0.0,0.0,0.8828125,0.8798828,54.570007,3.906824,46.537575,46.334045,0.0,92.99998,11.71875,1.0,103.88737,80.96067,468.75,546.375,-1.1211443,39.4375,0.0,37.15625,7.0023804,53.999985,20.495605,1.0,41.15,0.0,0.0,-70.736694,99.998474,29.26178,3.6816406,41.95,40.37,41.64,39.92,0
26832.117,-2.5901663,-0.12740792,0.1764103,0.17519607,101.59883,16.696156,13.988317,-7.993857,0.0,0.0,70.881,0.0,4.6,25.601,48.801,0.0,97.61594,0.0,0.0,453.0,216.375,1890.0,0.0,-10.171875,0.08862305,105.197464,9264.475,9277.211,1100.0834,499.89316,14.412451,15.217853,0.0,2.6972363,3.0,29.837036,27.557224,25.124968,18.374977,1.368,0.0,-13.8671875,0.0,0.0,0.0,0.0,0.0,0.0,0.8769531,0.8798828,54.57611,3.9066517,46.498047,46.25129,0.0,92.99998,11.71875,1.0,103.90395,80.96067,468.75,546.375,-1.2094154,39.65625,0.0,37.25,7.0023804,53.999985,20.52002,1.0,41.15,0.0,0.0,-70.7489,99.998474,29.249573,3.6816406,41.99,40.4,41.6,40.13,0
26832.156,-2.612133,-0.12596318,0.17700298,0.17523845,101.59883,16.680676,13.969556,-7.9604588,0.0,0.0,70.922,0.0,4.6,25.601,48.801,0.0,97.64162,0.0,0.0,453.375,216.375,1892.0,0.0,-10.1484375,0.08862305,105.197464,9354.158,9222.0205,1100.0834,499.89316,14.094529,15.005905,0.0,2.6264987,3.0,29.779053,27.583456,24.749968,18.374977,1.352,0.0,-13.875,0.0,0.0,0.0,0.0,0.0,0.0,0.86816406,0.8798828,54.57611,3.906531,46.728256,46.35622,0.0,92.99998,11.71875,1.0,104.003456,80.96067,468.75,546.375,-1.2800323,40.125,0.0,37.28125,7.0023804,53.999985,20.770264,1.0,41.19,0.0,0.0,-71.04492,99.998474,28.953552,3.6816406,41.99,40.41,41.74,40.07,0
26832.195,-2.6897063,-0.12538528,0.17716378,0.17489931,101.59883,16.666744,14.003299,-7.966669,0.0,0.0,70.961,0.0,4.6,25.601,48.801,0.0,97.66217,0.0,0.0,453.375,216.375,1895.0,0.0,-10.09375,0.088256836,105.197464,9435.351,9186.466,1100.0834,499.89316,11.360402,14.921125,0.0,2.413671,3.0,28.190613,27.607065,24.749968,18.374977,1.352,0.0,-13.875,0.0,0.0,0.0,0.0,0.0,0.0,0.86328125,0.8798828,54.563904,3.9064467,46.685448,46.225563,0.0,92.99998,11.71875,1.0,104.028336,80.96067,468.75,546.0,-1.4927758,40.1875,0.0,37.34375,7.0023804,53.999985,20.715332,1.0,41.23,0.0,0.0,-71.09985,99.998474,28.89862,3.6816406,42.17,40.46,41.62,40.14,0
26832.236,-2.751765,-0.14390412,0.17504328,0.17973174,101.59883,16.654205,14.003481,-8.028644,0.0,0.0,71.001,0.0,4.6,25.601,48.801,0.0,97.678604,0.0,0.0,453.375,216.375,1897.0,0.0,-10.1171875,0.08892822,105.222336,9388.651,9043.715,1100.0834,499.89316,9.1773405,14.836347,0.0,2.2434168,3.0,26.794434,27.628313,25.124968,18.374977,1.332,0.0,-13.875,0.0,0.0,0.0,0.0,0.0,0.0,0.8613281,0.8798828,54.536438,3.9063876,46.258263,47.124413,0.0,92.99998,12.109375,1.0,104.0615,80.96067,468.75,546.0,-1.6629707,39.0625,0.0,39.15625,7.0023804,53.999985,20.605469,1.0,41.32,0.0,0.0,-71.121216,99.998474,28.877258,3.6816406,41.91,40.58,41.91,40.19,0
26832.275,-2.721412,-0.15131165,0.17581452,0.19664516,101.59883,16.642921,14.003609,-8.015408,0.0,0.0,71.041,0.0,4.6,25.601,48.801,0.0,97.69176,0.0,0.0,453.375,216.75,1901.0,0.0,-10.1640625,0.09094238,105.29697,9277.741,9147.727,1100.0834,499.89316,9.643625,15.281437,0.0,2.1072197,3.0,27.009583,27.647436,25.124968,18.749975,1.332,0.0,-13.9609375,0.0,0.0,0.0,0.0,0.0,0.0,0.8623047,0.8798828,54.559326,3.9063463,46.3495,50.37258,0.0,92.99998,14.2578125,1.0,103.86249,80.96067,468.75,546.375,-1.7991265,39.59375,0.0,49.625,7.469206,53.999985,20.965576,1.0,41.32,0.0,0.0,-70.79773,99.998474,29.200745,3.6816406,42.23,40.77,41.95,40.33,0
26832.316,-2.5571294,-0.15427466,0.18290341,0.207073,101.59883,16.632765,13.997838,-7.6438212,0.0,0.0,71.08,0.0,4.6,25.601,48.801,0.0,97.70227,0.0,0.0,453.75,216.375,1902.0,0.0,-10.140625,0.092285156,105.34671,9108.457,9447.025,1100.0834,499.89316,15.896086,15.726527,0.0,1.9982662,3.0,30.722046,27.664648,23.62497,18.374977,1.3,0.0,-15.90625,0.0,0.0,0.0,0.0,0.0,0.0,0.86621094,0.8798828,54.660034,3.9063175,48.910805,53.633575,0.0,92.99998,14.2578125,1.0,103.787865,80.96067,468.75,546.375,-1.9080513,42.53125,0.0,49.96875,7.936031,53.999985,21.716309,1.0,41.52,0.0,0.0,-70.443726,99.998474,29.554749,3.6816406,42.2,40.79,41.87,40.48,0
26832.355,-2.2657037,-0.08045986,0.19655779,0.20851426,101.59883,16.623623,13.999659,-7.15862,0.0,0.0,71.12,0.0,4.6,25.601,48.801,0.0,97.71069,0.0,0.0,452.625,216.0,1912.0,0.0,-10.171875,0.09295654,105.37159,9130.215,9746.325,1100.0834,499.89316,23.377844,17.188967,0.0,1.9111062,3.0,35.365295,27.680138,22.124971,17.999977,1.384,0.0,-17.492188,0.0,0.0,0.0,0.0,0.0,0.0,0.8730469,0.8798828,54.71649,3.9062972,52.255245,54.650585,0.0,92.99998,14.550781,1.0,103.787865,80.96067,468.75,546.375,-1.995191,48.90625,0.0,51.5,8.402857,53.999985,22.058105,1.0,41.66,0.0,0.0,-70.47424,99.998474,29.524231,3.6816406,42.19,40.91,41.96,40.75,0
26832.396,-2.072563,-0.050933946,0.2039752,0.21199019,101.59883,16.615395,14.000933,-6.8112993,0.0,0.0,71.16,0.0,4.6,25.601,48.801,0.0,97.71742,0.0,0.0,452.625,216.0,1916.0,0.0,-10.1875,0.09259033,105.37159,9376.446,10045.624,1100.0834,499.89316,24.310413,17.273746,0.0,1.9976301,3.0,36.228943,27.694078,21.374973,17.999977,1.384,0.0,-18.742188,0.0,0.0,0.0,0.0,0.0,0.0,0.8779297,0.8798828,54.788208,3.906283,54.64929,56.2281,0.0,92.99998,14.941406,1.0,103.787865,80.96067,468.75,546.375,-1.9086528,52.5,0.0,53.6875,8.402857,53.999985,21.972656,1.0,41.53,0.0,0.0,-70.47424,99.998474,29.524231,3.6816406,42.4,41.3,41.91,40.61,0
26832.436,-1.9380504,-0.02037358,0.20745383,0.21207497,101.59883,16.60799,14.007684,-6.6814833,12.957392,3.5034227,71.2,0.0,4.6,25.601,48.801,0.0,97.72281,0.0,0.0,451.5,216.0,1927.0,0.0,-10.171875,0.09259033,105.37988,9746.855,10355.536,1100.0834,499.89316,26.366306,17.634058,0.0,2.0668507,3.0,38.034058,27.706625,20.999973,17.999977,1.516,0.0,-19.40625,0.0,0.0,0.0,0.0,0.0,0.0,0.8769531,0.8798828,54.811096,3.906273,55.544094,56.45103,0.0,92.99998,14.941406,1.0,103.787865,80.96067,469.125,546.375,-1.8394222,54.09375,0.0,54.09375,8.402857,53.999985,21.905518,1.0,41.83,0.0,0.0,-70.47424,99.998474,29.524231,3.6816406,42.17,40.94,42.19,40.84,0
26832.477,-1.9104402,-0.008149432,0.20700742,0.2094892,101.59883,16.601326,14.006551,-6.593242,12.883772,3.485325,71.241,0.0,4.6,25.601,48.801,0.0,97.72711,0.0,0.0,451.125,216.0,1928.0,0.0,-10.1484375,0.09277344,105.52913,10203.764,10665.449,1100.0834,499.89316,27.08693,17.464499,0.0,2.1222281,3.0,39.294434,27.717918,20.624973,17.999977,1.532,0.0,-19.835938,0.0,0.0,0.0,0.0,0.0,0.0,0.87597656,0.8798828,54.800415,3.906266,56.152332,56.66864,0.0,92.99998,14.746094,1.0,103.98687,80.96067,469.125,546.375,-1.7840378,54.15625,0.0,53.25,7.936031,53.999985,21.905518,1.0,41.76,0.0,0.0,-70.895386,99.998474,29.103088,3.6816406,42.33,41.3,41.48,40.69,0
26832.516,-1.9083521,-0.022009773,0.20550118,0.21207497,101.59883,16.59533,13.994039,-6.5868006,0.0,0.0,71.281,0.0,4.6,25.601,48.801,0.0,97.73056,0.0,0.0,451.125,216.0,1922.0,0.0,-10.078125,0.09246826,105.5623,10600.707,10975.361,1100.0834,499.89316,25.66688,17.29494,0.0,2.010281,3.0,39.031982,27.72808,20.624973,17.999977,1.532,0.0,-20.414062,0.0,0.0,0.0,0.0,0.0,0.0,0.87109375,0.8798828,54.78363,3.9062612,56.19673,57.504616,0.0,92.99998,14.941406,1.0,104.111244,80.96067,469.125,546.0,-1.8959802,53.3125,0.0,54.0625,7.936031,53.999985,22.155762,1.0,41.85,0.0,0.0,-71.50574,99.998474,28.492737,3.6816406,42.12,41.15,41.95,40.69,0
26832.557,-1.9066818,-0.046303913,0.20513377,0.23208283,101.59883,16.589931,13.991139,-6.548282,0.0,0.0,71.32,0.0,4.6,25.601,48.801,0.0,97.73332,0.0,0.0,451.875,216.0,1926.0,0.0,-10.015625,0.09509277,105.636925,11075.658,11048.594,1100.0834,499.89316,20.940443,17.718836,0.0,1.9207237,3.0,36.671448,27.737228,20.624973,17.999977,1.48,0.0,-20.765625,0.001159668,0.0,0.0,0.0,0.0,0.0,0.8701172,0.8798828,54.78363,3.9062579,56.462234,61.881035,0.0,92.99998,17.773438,1.0,104.111244,80.96067,469.125,546.0,-1.9855342,53.15625,0.0,67.71875,8.402857,53.999985,22.943115,1.0,42.07,0.34375,0.0,-71.28906,99.591064,28.302002,3.6816406,42.8,40.9,42.46,40.61,0
26832.596,-1.9853454,-0.07477157,0.22013153,0.24662243,101.59883,16.585073,13.98911,-6.051867,0.0,0.0,71.361,0.0,4.6,25.601,48.801,0.0,97.735535,0.0,0.0,452.625,216.0,1921.0,0.0,-9.8125,0.09637451,105.62034,11314.991,11358.507,1100.0834,499.89316,22.021378,18.693796,0.0,1.8490782,3.0,37.773132,27.74546,19.874975,17.999977,1.404,0.0,-21.117188,0.0115356445,0.0,0.0,0.0,0.0,0.0,0.8701172,0.8798828,54.934692,3.9062555,59.883972,65.14304,0.0,92.99998,17.675781,1.0,103.787865,80.96067,469.125,546.0,-2.0571773,59.78125,0.0,67.53125,9.803332,53.999985,23.760986,1.0,41.59,3.46875,0.0,-70.49255,95.965576,25.450134,3.6816406,42.39,41.34,42.46,40.61,0
26832.637,-2.0882761,-0.029908627,0.23659004,0.23115025,101.59883,16.580702,14.016986,-5.5093846,13.033586,3.5203664,71.4,0.0,4.6,25.601,48.801,0.0,97.737305,0.0,0.0,452.625,216.0,1925.0,0.0,-9.7109375,0.09454346,105.70326,11615.883,11668.419,1100.0834,499.89316,23.822933,19.562782,0.0,1.7917621,3.0,39.58893,27.752869,19.499975,17.999977,1.404,0.0,-21.632812,0.0021972656,0.0,0.0,0.0,0.0,0.0,0.86816406,0.8847656,55.00183,3.9062538,63.62324,62.5444,0.0,92.99998,16.699219,1.0,103.88737,80.96067,469.125,545.625,-2.1144917,67.78125,0.0,63.03125,9.336507,53.999985,23.284912,1.0,41.87,0.65625,0.0,-70.669556,99.22485,28.544617,3.6816406,42.17,40.98,42.21,41.15,0
26832.676,-2.110621,0.04428655,0.23170787,0.23021768,101.59883,16.576767,14.013062,-5.537817,71.8936,19.458784,71.441,0.0,4.6,25.601,48.801,0.0,97.73871,0.0,0.0,451.125,216.0,1929.0,0.0,-9.65625,0.09448242,106.04322,11821.253,11978.332,1100.0834,499.89316,23.526207,19.011719,0.0,1.7459092,3.0,39.952087,27.759537,19.499975,17.999977,1.548,0.0,-22.375,0.0010375977,0.0,0.0,0.0,0.0,0.0,0.87597656,0.88378906,54.93927,3.9062526,63.42726,63.190228,0.0,92.99998,16.699219,1.0,104.227325,80.96067,469.125,545.625,-2.1603434,65.6875,0.0,63.125,8.402857,53.999985,23.046875,1.0,41.62,0.3125,0.0,-72.021484,99.63379,27.607727,3.6816406,42.39,41.07,41.9,40.6,0
26832.717,-2.1484969,0.13021463,0.22704849,0.23021768,101.59883,16.573227,14.016174,-5.6711082,96.34673,25.942104,71.48,0.0,4.6,25.601,48.801,0.0,97.73984,0.0,0.0,451.125,216.0,1919.0,0.0,-9.640625,0.09460449,106.192474,12267.548,12242.606,1100.0834,499.89316,22.530052,18.736187,0.0,1.7092273,3.0,40.429688,27.765537,19.499975,17.999977,1.548,0.0,-22.625,6.1035156E-5,0.0,0.0,0.0,0.0,0.0,0.8779297,0.8828125,54.92859,3.906252,62.5085,63.179462,0.0,92.99998,16.699219,1.0,104.42633,80.96067,469.125,545.625,-2.1970246,63.40625,0.0,62.875,8.402857,53.999985,23.327637,1.0,41.76,0.03125,0.0,-72.265625,99.98169,27.711487,3.6816406,42.23,40.87,42.12,40.43,0
26832.756,-2.2387974,0.20208585,0.22295824,0.23610982,101.59883,16.57004,14.006635,-5.6799273,109.3074,29.30917,71.521,0.0,4.6,25.601,48.801,0.0,97.74074,0.0,0.0,451.5,216.0,1911.0,0.0,-9.5703125,0.09490967,106.11784,12485.654,12165.659,1100.0834,499.89316,18.778576,18.609018,0.0,1.6798816,3.0,38.37433,27.770939,19.499975,17.999977,1.496,0.0,-22.8125,0.0038452148,0.0,0.0,0.0,0.0,0.0,0.8808594,0.8808594,54.89502,3.9062512,62.447712,65.072235,0.0,92.99998,17.089844,1.0,104.42633,80.96067,469.125,545.625,-2.2263696,61.5625,0.0,64.59375,8.402857,53.999985,23.394775,1.0,41.65,1.15625,0.0,-72.161865,98.64502,26.478577,3.6816406,42.26,40.82,41.38,40.4,0
26832.797,-2.351038,0.23083435,0.22941178,0.23984012,101.59883,16.567171,14.005816,-5.4951158,109.449196,29.208977,71.56,0.0,4.6,25.601,48.801,0.0,97.741455,0.0,0.0,452.625,216.0,1902.0,0.0,-9.546875,0.0947876,106.00176,12657.062,12443.2,1100.0834,499.89316,18.142733,19.520393,0.0,1.656405,3.0,38.430786,27.7758,19.499975,17.999977,1.432,0.0,-23.382812,0.0065307617,0.0,0.0,0.0,0.0,0.0,0.8808594,0.88183594,54.96826,3.9062507,63.721596,65.82619,0.0,92.99998,17.480469,1.0,104.42633,80.96067,469.125,545.625,-2.2498457,64.65625,0.0,66.21875,9.336507,53.999985,24.102783,1.0,41.46,1.96875,0.0,-71.94519,97.698975,25.743103,3.6816406,42.21,40.91,42.23,40.58,0
26832.838,-2.4808304,0.20483375,0.23620407,0.23759347,101.59883,16.56459,14.016962,-5.2014995,96.510826,25.756083,71.599,0.0,4.6,25.601,48.801,0.0,97.742035,0.0,0.0,452.625,216.0,1902.0,0.0,-9.5546875,0.0947876,105.99347,12793.444,12723.926,1100.0834,499.89316,19.753536,19.520393,0.0,1.637624,3.0,39.87274,27.780176,19.124975,17.999977,1.432,0.0,-23.570312,0.0053100586,0.0,0.0,0.0,0.0,0.0,0.8808594,0.88378906,54.96826,3.9062505,65.74546,65.984314,0.0,92.99998,17.480469,1.0,104.46779,80.96067,469.125,545.625,-2.2686265,67.65625,0.0,66.3125,9.336507,53.999985,24.060059,1.0,41.65,1.59375,0.0,-71.94519,98.12622,26.17035,3.6816406,42.19,40.75,42.46,40.54,0
26832.873,-2.5646644,0.1569335,0.23584065,0.23784782,101.59883,16.562267,13.995467,-5.156481,81.20678,21.763008,71.642,0.0,4.6,25.601,48.801,0.0,97.74249,0.0,0.0,451.5,216.0,1910.0,0.0,-9.5390625,0.09460449,106.15102,12904.886,12587.013,1100.0834,499.89316,17.082993,19.435614,0.0,1.6225991,3.0,38.37433,27.784113,19.124975,17.999977,1.48,0.0,-23.953125,0.006225586,0.0,0.0,0.0,0.0,0.0,0.8847656,0.8847656,54.96826,3.9062502,66.05577,66.45154,0.0,92.99998,17.480469,1.0,104.7497,80.96067,468.75,545.625,-2.283651,67.625,0.0,66.375,8.869681,53.999985,24.249268,1.0,41.65,1.875,0.0,-72.961426,97.802734,24.830627,3.6816406,42.48,40.71,42.25,40.76,0
26832.916,-2.6317315,0.1190234,0.23618047,0.2411966,101.59883,16.560177,14.009718,-5.13989,71.924904,19.32597,71.678,0.0,4.6,25.601,48.801,0.0,97.74286,0.0,0.0,451.875,216.0,1915.0,0.0,-9.546875,0.09466553,106.23393,13020.041,12568.439,1100.0834,499.89316,12.886427,19.41442,0.0,1.7668295,3.0,36.012268,27.787657,19.124975,17.999977,1.464,0.0,-24.179688,0.008972168,0.0,0.0,0.0,0.0,0.0,0.8876953,0.8847656,54.956055,3.9062502,66.17013,67.21387,0.0,92.99998,17.675781,1.0,104.7663,80.96067,468.75,545.625,-2.1394207,67.75,0.0,67.53125,8.869681,53.999985,24.261475,1.0,41.57,2.6875,0.0,-72.86987,96.83838,23.951721,3.6816406,42.59,41.1,42.29,40.46,0
26832.955,-2.7053852,0.08510936,0.23564896,0.24123898,101.59883,16.558294,13.984537,-5.106332,61.15477,16.449234,71.721,0.0,4.6,25.601,48.801,0.0,97.743164,0.0,0.0,451.875,216.0,1917.0,0.0,-9.5390625,0.09436035,106.242226,13004.121,12648.57,1100.0834,499.89316,11.614739,19.562782,0.0,1.7259636,3.0,35.298157,27.790846,19.124975,17.999977,1.464,0.0,-24.351562,0.009460449,0.0,0.0,0.0,0.0,0.0,0.8847656,0.8847656,54.978943,3.9062502,66.40144,67.51642,0.0,92.99998,17.675781,1.0,104.874084,80.96067,468.75,545.625,-2.1802866,67.53125,0.0,67.5625,9.336507,53.999985,24.639893,1.0,41.8,2.84375,0.0,-73.12317,96.66138,23.521423,3.6816406,42.48,40.97,42.33,40.64,0
26832.996,-2.7443082,0.09029375,0.23955557,0.2407727,101.59883,16.5566,14.013785,-5.0499234,71.9829,19.361753,71.759,0.0,4.6,25.601,48.801,0.0,97.74341,0.0,0.0,452.25,216.0,1917.0,0.0,-9.5078125,0.09436035,106.22564,12862.962,12890.026,1100.0834,499.89316,17.400915,19.85951,0.0,1.8495209,3.0,38.87329,27.793716,19.124975,17.999977,1.452,0.0,-24.257812,0.009765625,0.0,0.0,0.0,0.0,0.0,0.8857422,0.8857422,55.00641,3.9062502,66.79026,67.04579,0.0,92.99998,17.675781,1.0,105.03992,80.96067,469.125,545.625,-2.0567293,69.34375,0.0,67.6875,9.336507,53.999985,24.932861,1.0,41.81,2.9375,0.0,-73.41919,96.55151,23.109436,3.6816406,42.55,41.03,42.39,40.62,0
26833.04,-2.7954466,0.0923675,0.24095339,0.24102704,101.59883,16.555077,14.004962,-5.016959,71.92032,19.385286,71.799,0.0,4.6,25.601,48.801,0.0,97.74359,0.0,0.0,451.5,216.0,1921.0,0.0,-9.4609375,0.09442139,106.29198,12927.174,12874.637,1100.0834,499.89316,17.50689,19.838314,0.0,1.9483668,3.0,38.87329,27.796299,19.124975,17.999977,1.496,0.0,-24.171875,0.010192871,0.0,0.0,0.0,0.0,0.0,0.88964844,0.8857422,55.018616,3.9062502,67.01748,67.06267,0.0,92.99998,17.675781,1.0,105.07309,80.96067,469.125,545.625,-1.9578835,69.875,0.0,67.78125,9.336507,53.999985,24.987793,1.0,41.85,3.0625,0.0,-73.55957,96.40503,22.82257,3.6816406,42.75,41.02,42.26,40.54,0
26833.076,-2.8363574,0.074447006,0.24032848,0.25221786,101.59883,16.553703,14.010505,-5.0056458,61.114365,16.524117,71.843,0.0,4.6,25.601,48.801,0.0,97.743744,0.0,0.0,451.5,216.0,1927.0,0.0,-9.375,0.09576416,106.399765,13085.845,12890.026,1100.0834,499.89316,14.8787365,19.880705,0.0,2.0274434,3.0,37.443542,27.798624,19.124975,17.999977,1.496,0.0,-24.484375,0.018859863,0.0,0.0,0.0,0.0,0.0,0.890625,0.8857422,55.018616,3.9062502,67.09546,69.49337,0.0,93.099976,18.554688,1.0,105.263794,80.96067,469.125,545.25,-1.8788068,69.46875,0.0,72.25,9.336507,53.999985,25.280762,1.0,41.89,5.65625,0.0,-73.97156,93.38379,19.38324,3.6816406,42.68,41.13,42.39,40.7,0
26833.115,-2.8490858,0.08602881,0.24538475,0.26103488,101.59883,16.552467,14.008525,-4.7863646,71.93807,19.470821,71.88,0.0,4.6,25.601,48.801,0.0,97.743866,0.0,0.0,451.5,216.0,1929.0,0.0,-9.546875,0.09680176,106.474396,13043.391,13161.2,1100.0834,499.89316,17.634058,20.580132,0.0,2.090705,3.0,39.134216,27.800716,18.374977,17.999977,1.496,0.0,-24.6875,0.025634766,0.0,0.0,0.0,0.0,0.0,0.8955078,0.8876953,55.085754,3.9062502,68.60694,71.70333,0.0,93.18998,19.238281,1.0,105.21405,80.96067,469.125,545.625,-1.8155454,71.6875,0.0,75.71875,9.803332,53.999985,26.165771,1.0,41.94,7.6875,0.0,-73.82202,91.052246,17.176819,3.6816406,42.75,41.15,42.52,40.7,0
26833.156,-2.8392687,0.090661526,0.2555017,0.25993276,101.59883,16.551357,13.989561,-4.442704,72.03172,19.516382,71.92,0.0,4.6,25.601,48.801,0.0,97.74396,0.0,0.0,451.125,215.625,1931.0,0.0,-9.703125,0.09686279,106.50756,13150.587,13471.112,1100.0834,499.89316,22.678415,21.088806,0.0,2.141314,3.0,42.46216,27.802599,17.624977,17.624977,1.536,0.0,-25.210938,0.025817871,0.0,0.0,0.0,0.0,0.0,0.8984375,0.890625,55.169678,3.9062502,70.97575,71.311935,0.0,93.27098,19.238281,1.0,105.29697,80.96067,469.125,545.625,-1.7649363,76.59375,0.0,75.9375,10.270158,53.999985,26.361084,1.0,41.95,7.75,0.0,-73.97156,90.99121,16.966248,3.6816406,42.76,41.23,42.62,40.94,0
26833.195,-2.831415,0.111264616,0.25813323,0.26039907,101.59883,16.550358,14.011442,-4.3116755,81.0676,22.066948,71.96,0.0,4.6,25.601,48.801,0.0,97.74403,0.0,0.0,451.125,215.625,1940.0,0.0,-9.625,0.09674072,106.74802,13503.483,13655.256,1100.0834,499.89316,22.911558,21.300755,0.0,2.3380513,3.0,43.086243,27.804295,17.249977,17.624977,1.536,0.0,-25.429688,0.026855469,0.0,0.0,0.0,0.0,0.0,0.9003906,0.89160156,55.169678,3.9062502,71.87892,72.342,0.0,93.34388,19.238281,1.0,105.58718,80.96067,469.125,545.625,-1.568199,76.90625,0.0,76.09375,10.270158,53.999985,26.751709,1.0,42.03,8.0625,0.0,-74.72839,90.625,15.843201,3.6816406,42.95,41.26,42.69,40.85,0
26833.236,-2.8651319,0.13825585,0.2583012,0.2605686,101.59883,16.549458,14.003322,-4.2393937,89.10339,24.279331,72.001,0.0,4.6,25.601,48.801,0.0,97.744095,0.0,0.0,450.375,216.0,1942.0,0.0,-9.3046875,0.09686279,106.89727,13680.729,13672.768,1100.0834,499.89316,20.813274,21.449118,0.0,2.495441,3.0,41.95099,27.80582,16.874979,17.999977,1.576,0.0,-25.820312,0.02746582,0.0,0.0,0.0,0.0,0.0,0.9003906,0.8925781,55.197144,3.9062502,72.37715,72.84248,0.0,93.40949,19.238281,1.0,105.71156,80.96067,469.125,545.25,-1.4108093,77.25,0.0,76.25,10.270158,53.999985,26.904297,1.0,42.08,8.25,0.0,-75.07019,90.41138,15.287781,3.6816406,42.84,41.32,42.59,40.85,0
26833.275,-2.9321055,0.14905234,0.26072392,0.26035666,101.59883,16.548647,14.021075,-4.18061,89.11665,24.257936,72.041,0.0,4.6,25.601,48.801,0.0,97.74414,0.0,0.0,450.375,216.0,1940.0,0.0,-9.265625,0.09661865,106.94702,13932.267,13699.302,1100.0834,499.89316,16.595512,21.59748,0.0,2.6213527,3.0,39.68048,27.807194,16.874979,17.999977,1.576,0.0,-26.054688,0.027404785,0.0,0.0,0.0,0.0,0.0,0.89941406,0.8925781,55.19104,3.9062502,72.78234,72.65935,0.0,93.468544,19.238281,1.0,105.93544,80.96067,469.125,545.25,-1.2848974,78.28125,0.0,76.28125,10.270158,53.999985,27.233887,1.0,42.12,8.21875,0.0,-75.6073,90.423584,14.762878,3.6816406,42.97,41.32,42.76,40.85,0
26833.316,-3.0256846,0.13462093,0.25831553,0.26527387,101.59883,16.547916,14.015924,-4.191383,81.114265,22.06827,72.08,0.0,4.6,25.601,48.801,0.0,97.74419,0.0,0.0,450.75,216.0,1939.0,0.0,-9.0625,0.09729004,106.98019,13964.107,13586.799,1100.0834,499.89316,15.005905,21.385534,0.0,2.7220821,3.0,38.793945,27.80843,16.874979,17.999977,1.552,0.0,-26.507812,0.030700684,0.0,0.0,0.0,0.0,0.0,0.89746094,0.89160156,55.18036,3.9062502,72.708084,74.12498,0.0,93.52169,19.628906,1.0,106.04323,80.96067,469.125,545.25,-1.184168,77.34375,0.0,78.125,9.803332,53.999985,27.105713,1.0,42.14,9.21875,0.0,-75.88196,89.30664,13.365173,3.6816406,43.07,41.36,42.69,40.94,0
26833.355,-3.1205478,0.09134838,0.2606868,0.2862991,101.59883,16.54726,14.0006,-4.066809,61.174534,16.65197,72.12,0.0,4.6,25.601,48.801,0.0,97.74422,0.0,0.0,450.75,216.0,1940.0,0.0,-9.046875,0.09899902,107.05482,13892.466,13734.856,1100.0834,499.89316,14.98471,22.08496,0.0,2.8026657,3.0,38.771057,27.809542,16.499979,17.999977,1.544,0.0,-26.804688,0.046142578,0.0,0.0,0.0,0.0,0.0,0.8984375,0.89160156,55.186462,3.9062502,73.56676,78.66575,0.0,93.56952,20.996094,1.0,106.18418,80.96067,469.125,545.25,-1.1035844,78.28125,0.0,86.46875,10.736983,53.999985,28.155518,1.0,42.23,13.84375,0.0,-76.15967,84.05762,7.814026,3.6816406,43.22,41.36,42.88,41.03,0
26833.396,-3.1564384,0.055289354,0.28445247,0.30766344,101.59883,16.546669,14.01917,-3.3163664,47.062557,12.8304405,72.16,0.0,4.6,25.601,48.801,0.0,97.74425,0.0,0.0,450.75,215.25,1943.0,0.0,-9.0,0.10168457,107.12115,13767.759,14044.77,1100.0834,499.89316,22.996338,24.07727,0.0,2.8671327,3.0,43.562317,27.810543,15.37498,17.249977,1.544,0.0,-27.140625,0.06298828,0.0,0.0,0.0,0.0,0.0,0.8984375,0.89746094,55.348206,3.9062502,78.73948,82.73805,0.0,93.612564,22.265625,1.0,105.968605,82.11322,469.125,544.875,-1.0391175,85.03125,0.0,94.875,12.604284,53.999985,29.595947,1.0,42.3,18.90625,0.0,-74.801636,78.49121,3.5690308,3.6816406,43.19,41.4,42.88,41.1,0
26833.438,-3.0851507,0.07836574,0.30484292,0.31207192,101.59883,16.546139,13.997012,-2.7605839,71.92095,19.70838,72.2,0.0,4.6,25.601,48.801,0.0,97.74426,0.0,0.0,450.375,214.125,1953.0,0.0,-8.9296875,0.1026001,107.394775,13857.973,14354.682,1100.0834,499.89316,28.252644,25.391348,0.0,2.9187062,3.0,46.650696,27.811443,13.124983,16.124979,1.576,0.0,-28.015625,0.068115234,0.0,0.0,0.0,0.0,0.0,0.90234375,0.9042969,55.545044,3.9062502,82.57043,83.95602,0.0,93.651306,22.460938,1.0,106.01006,83.27407,469.125,544.875,-0.987544,95.09375,0.0,96.375,13.07111,53.999985,29.852295,1.0,42.35,20.4375,0.0,-71.90857,76.84326,4.801941,3.6816406,43.22,41.51,43.18,41.02,0
26833.477,-2.9081206,0.1813463,0.31604943,0.32343236,101.59883,16.54566,14.010799,-2.535289,109.3221,30.202778,72.242,0.0,4.6,25.601,48.801,0.0,97.74428,0.0,0.0,448.125,213.75,1969.0,0.0,-8.90625,0.10418701,108.04983,14186.989,14664.595,1100.0834,499.89316,30.266148,25.815243,0.0,2.959965,3.0,48.217773,27.812254,12.749984,15.74998,1.744,0.0,-28.109375,0.07757568,0.0,0.0,0.0,0.0,0.0,0.90625,0.9082031,55.57251,3.9062502,84.12336,85.28999,0.0,93.68617,23.144531,1.0,106.358315,84.72513,469.125,544.875,-0.9462852,100.5,0.0,101.125,13.537935,53.999985,30.560303,1.0,42.42,23.28125,0.0,-70.39795,73.81592,3.2730103,3.6816406,43.22,41.81,42.98,41.3,0
26833.516,-2.6864965,0.31628853,0.32373744,0.33606443,101.59883,16.545229,14.008731,-2.329436,135.81915,37.52321,72.28,0.0,4.6,25.601,48.801,0.0,97.74429,0.0,0.0,448.125,213.375,1969.0,0.0,-8.5859375,0.10559082,108.43954,14555.275,14974.507,1100.0834,499.89316,30.096588,26.429892,0.0,2.9148471,3.0,48.48938,27.812984,11.999985,15.37498,1.744,0.0,-28.453125,0.08709717,0.0,0.0,0.0,0.0,0.0,0.9121094,0.91015625,55.61371,3.6718752,85.54228,87.24406,0.0,93.71755,23.925781,1.0,106.61536,86.74002,469.125,544.5,-0.75702816,103.9375,0.0,106.65625,14.004761,53.999985,31.45752,1.0,42.59,26.125,0.0,-66.51611,70.79468,4.109192,3.6816406,43.37,41.87,43.03,41.3,0
26833.555,-2.4491973,0.5015154,0.33740506,0.3373785,101.59883,16.544842,13.995564,-2.0450742,165.50821,45.679058,72.32,0.0,4.6,25.601,48.801,0.0,97.74431,0.0,0.0,448.5,212.625,1967.0,0.0,-8.328125,0.10546875,108.67171,14927.277,15284.419,1100.0834,499.89316,33.360584,28.125475,0.0,2.9021902,3.0,50.72632,27.81364,11.624985,14.624981,1.812,0.0,-28.78125,0.089782715,0.0,0.0,0.0,0.0,0.0,0.91796875,0.91503906,55.682373,3.5078127,87.50236,87.666405,0.0,93.7458,24.023438,1.0,106.95532,87.07999,470.25,544.5,-0.60562253,110.1875,0.0,107.21875,14.471586,53.999985,32.48291,1.0,42.66,26.9375,0.0,-65.06958,69.87305,4.6279907,3.6816406,43.31,42.05,43.01,41.59,0
26833.596,-2.239358,0.65060616,0.34181744,0.336022,101.59883,16.544493,14.015645,-1.9578621,180.11781,49.78702,72.358,0.0,4.6,25.601,48.801,0.0,97.74432,0.0,0.0,448.5,212.625,1970.0,0.0,-8.3515625,0.10473633,108.96192,15321.566,15594.332,1100.0834,499.89316,32.300846,27.786358,0.0,2.9084709,3.0,50.442505,27.814232,11.624985,14.624981,1.916,0.0,-28.851562,0.08917236,0.0,0.0,0.0,0.0,0.0,0.9199219,0.9160156,55.656433,3.392969,88.1035,87.9223,0.0,93.77122,24.023438,1.0,107.59379,87.536026,471.375,544.5,-0.48449802,112.25,0.0,107.0625,14.004761,53.999985,33.07495,1.0,42.7,26.75,0.0,-65.39307,69.97681,4.408264,3.6816406,43.4,42.27,43.22,41.76,0
26833.637,-2.0914865,0.7102425,0.33505487,0.3372937,101.59883,16.544178,14.000404,-2.0276346,180.17352,49.726578,72.4,0.0,4.6,25.601,48.801,0.0,97.74432,0.0,0.0,448.5,212.625,1967.0,0.0,-8.875,0.10455322,109.127754,15615.028,15650.583,1100.0834,499.89316,29.460745,27.17171,0.0,2.9249797,3.0,49.057007,27.814764,11.624985,14.624981,1.916,0.0,-29.203125,0.089660645,0.0,0.0,0.0,0.0,0.0,0.9169922,0.9140625,55.622864,3.3125782,87.62257,88.36588,0.0,93.7941,24.023438,1.0,108.06641,87.85112,471.375,544.875,-0.38759843,109.09375,0.0,107.3125,13.537935,53.999985,33.477783,1.0,42.82,26.90625,0.0,-66.48865,69.7876,3.1234741,3.6816406,43.5,42.33,43.26,41.84,0
26833.676,-1.9931891,0.734097,0.33568084,0.33695462,101.59883,16.543896,14.007314,-2.0083246,180.26996,49.829075,72.441,0.0,4.6,25.601,48.801,0.0,97.74432,0.0,0.0,448.875,212.625,1970.0,0.0,-8.84375,0.10418701,109.06971,15847.993,15737.613,1100.0834,499.89316,27.722773,27.383657,0.0,2.9462261,3.0,48.184204,27.815243,11.624985,14.624981,1.852,0.0,-29.359375,0.09100342,0.0,0.0,0.0,0.0,0.0,0.9140625,0.91503906,55.644226,3.2563047,87.75567,88.33949,0.0,93.81469,24.023438,1.0,108.69658,88.075,471.0,544.875,-0.31007874,109.40625,0.0,107.21875,13.537935,53.999985,34.448242,1.0,42.93,27.3125,0.0,-67.022705,69.281006,2.0828247,3.6816406,43.67,42.44,43.32,42.1,0
26833.719,-1.9545512,0.7248888,0.33554688,0.3397099,101.59883,16.54364,14.01801,-2.0073838,176.69044,48.9884,72.48,0.0,4.6,25.601,48.801,0.0,97.74432,0.0,0.0,449.25,212.625,1976.0,0.0,-8.8046875,0.1038208,109.011665,16002.419,15652.706,1100.0834,499.89316,22.742,26.874983,0.0,2.9688501,3.0,45.436096,27.815674,11.624985,14.624981,1.804,0.0,-29.320312,0.09375,0.0,0.0,0.0,0.0,0.0,0.921875,0.91503906,55.621338,3.2169132,87.76215,88.50148,0.0,93.83322,24.21875,1.0,109.293594,88.24912,471.0,544.875,-0.248063,109.40625,0.0,108.59375,13.537935,53.999985,35.0708,1.0,43.11,28.125,0.0,-67.926025,68.30444,0.19683838,3.6816406,43.73,42.53,43.43,42.05,0
26833.756,-1.9636409,0.7024555,0.33702403,0.3439065,101.59883,16.543411,13.984482,-2.0005136,173.12776,48.146374,72.522,0.0,4.6,25.601,48.801,0.0,97.74432,0.0,0.0,449.25,212.625,1982.0,0.0,-8.65625,0.10418701,109.04484,16069.814,15741.328,1100.0834,499.89316,21.76704,27.426046,0.0,2.9908888,3.0,44.970703,27.816061,11.624985,14.624981,1.804,0.0,-29.335938,0.09893799,0.0,0.0,0.0,0.0,0.0,0.92578125,0.9160156,55.647278,3.1893392,87.80951,88.79825,0.0,93.8499,24.414062,1.0,109.67502,88.46471,471.0,544.875,-0.1984504,110.0625,0.0,110.21875,13.537935,53.999985,35.90088,1.0,43.18,29.6875,0.0,-68.24951,66.60156,0.0,3.6816406,43.84,42.65,43.7,42.21,0
26833.797,-1.9909127,0.6747322,0.3428287,0.35403758,101.59883,16.543205,14.007887,-1.875082,169.44208,47.216496,72.561,0.0,4.6,25.601,48.801,0.0,97.74432,0.0,0.0,449.625,212.625,1986.0,0.0,-8.5390625,0.10559082,109.152626,15975.885,15873.466,1100.0834,499.89316,24.56475,28.210253,0.0,3.011277,3.0,46.276855,27.81641,11.624985,14.624981,1.764,0.0,-29.320312,0.10748291,0.0,0.0,0.0,0.0,0.0,0.9345703,0.9169922,55.67169,3.1700373,88.674095,89.92652,0.0,93.86491,25.0,1.0,110.13106,89.24413,471.0,544.5,-0.15876032,112.75,0.0,114.375,14.004761,53.999985,37.21924,1.0,43.31,32.25,0.0,-68.16101,63.952637,0.0,3.6816406,43.88,42.78,43.73,42.25,0
26833.836,-2.0127301,0.68239295,0.35379705,0.35420716,101.59883,16.54302,14.012552,-1.7022496,173.18869,48.382023,72.599,0.0,4.6,25.601,48.801,0.0,97.74432,0.0,0.0,449.625,212.25,1991.0,0.0,-8.3359375,0.105285645,109.1858,16001.357,15898.9375,1100.0834,499.89316,25.370153,28.337421,0.0,3.029518,3.0,46.7865,27.816725,11.249986,14.249982,1.824,0.0,-29.226562,0.109069824,0.0,0.0,0.0,0.0,0.0,0.9394531,0.92089844,55.69153,3.156526,89.86541,89.95562,0.0,93.87842,25.097656,1.0,110.28031,89.58409,471.75,544.5,-0.12700826,117.6875,0.0,114.9375,14.471586,53.999985,37.6709,1.0,43.37,32.71875,0.0,-67.08374,63.372803,0.0,3.6816406,44.11,42.86,43.73,42.48,0
26833.877,-2.030184,0.6854572,0.35900086,0.354843,101.59883,16.542854,13.99238,-1.6631225,173.16455,48.54536,72.641,0.0,4.6,25.601,48.801,0.0,97.74432,0.0,0.0,449.625,212.25,1998.0,0.0,-8.078125,0.105285645,109.50917,16064.508,15994.989,1100.0834,499.89316,26.47228,28.803707,0.0,3.0454617,3.0,47.468567,27.817007,11.249986,14.249982,1.824,0.0,-28.679688,0.110839844,0.0,0.0,0.0,0.0,0.0,0.9355469,0.92285156,55.71289,3.1470683,90.13511,89.79127,0.0,93.89058,25.097656,1.0,110.9022,89.74164,471.75,544.125,-0.10160661,119.8125,0.0,115.375,14.004761,53.999985,38.17749,1.0,43.51,33.25,0.0,-67.95654,62.78076,0.0,3.6816406,44.13,42.97,43.85,42.53,0
26833.916,-2.0641472,0.68668294,0.35255662,0.35509732,101.59883,16.542706,14.007557,-1.7311683,173.13635,48.756092,72.681,0.0,4.6,25.601,48.801,0.0,97.74432,0.0,0.0,449.625,212.25,2007.0,0.0,-7.9921875,0.10546875,109.69159,16121.82,15881.956,1100.0834,499.89316,23.568596,28.104279,0.0,3.2154126,3.0,45.84503,27.81726,11.249986,14.249982,1.884,0.0,-28.539062,0.11193848,0.0,0.0,0.0,0.0,0.0,0.9345703,0.921875,55.69763,3.1404479,89.66608,89.910286,0.0,93.90152,25.097656,1.0,111.62357,89.84943,472.5,544.125,0.074964695,117.28125,0.0,115.5625,13.537935,53.999985,39.215088,1.0,43.6,33.59375,0.0,-69.262695,62.44507,0.0,3.6816406,44.24,43.12,44.03,42.6,0
26833.955,-2.0713177,0.7059232,0.35270995,0.35543647,101.59883,16.54257,14.000602,-1.7581245,176.8153,49.742485,72.72,0.0,4.6,25.601,48.801,0.0,97.74432,2.0,0.0,449.625,212.25,2005.0,0.0,-8.015625,0.105041504,109.64184,16117.574,15834.727,1100.0834,499.89316,22.678415,27.765163,0.0,3.1957853,3.0,45.35675,27.81749,11.249986,14.249982,1.836,0.0,-28.328125,0.11230469,0.0,0.0,0.0,0.0,0.0,0.93066406,0.921875,55.677795,3.1358135,89.48027,89.77986,0.0,93.91137,25.097656,1.0,112.06304,89.890884,472.125,544.125,0.059971757,117.34375,0.0,115.625,13.537935,53.999985,39.68506,1.0,43.73,33.6875,0.0,-70.4895,62.243652,0.0,3.6816406,44.28,43.16,44.15,42.76,0
26833.996,-2.077054,0.7323693,0.35191163,0.35887003,101.59883,16.542448,13.995733,-1.7597704,180.31473,50.82816,72.759,0.0,4.6,25.601,48.801,0.0,97.74432,2.0,0.0,449.625,212.25,2009.0,0.0,-8.0078125,0.10473633,109.64184,15985.4375,15873.466,1100.0834,499.89316,23.568596,27.955915,0.0,3.1805468,3.0,45.809937,27.817696,11.249986,14.249982,1.836,0.0,-28.367188,0.11602783,0.0,0.0,0.0,0.0,0.0,0.9316406,0.92089844,55.682373,3.1325693,89.468925,90.181335,0.0,93.920235,25.292969,1.0,112.643456,89.99039,472.125,544.125,0.047977407,116.84375,0.0,116.9375,13.537935,53.999985,40.46631,1.0,43.78,34.8125,0.0,-71.292114,60.9375,0.0,3.6816406,44.55,43.26,44.13,42.78,0
26834.04,-2.081643,0.74294776,0.3541284,0.36828047,101.59883,16.54234,14.009904,-1.7105056,180.37129,51.021263,72.799,0.0,4.6,25.601,48.801,0.0,97.74432,2.0,0.0,449.625,212.25,2016.0,0.0,-7.9453125,0.1060791,109.64184,15961.557,15995.52,1100.0834,499.89316,25.497322,28.697733,0.0,3.3249302,3.0,46.59424,27.81788,11.249986,14.249982,1.828,0.0,-28.296875,0.124572754,0.0,0.0,0.0,0.0,0.0,0.93652344,0.921875,55.703735,3.1302984,89.8085,91.248276,0.0,93.92821,25.878906,1.0,113.082924,90.587395,472.125,544.125,0.1946319,118.0,0.0,121.03125,14.004761,53.999985,41.833496,1.0,43.93,37.375,0.0,-71.554565,58.325195,0.0,3.6816406,44.59,43.37,44.27,43.01,0
26834.076,-2.1053145,0.7284291,0.37054798,0.37875074,101.598,16.54224,14.013964,-1.4526716,176.8352,50.24432,72.843,0.0,4.6,25.601,48.801,0.0,97.74432,2.0,0.0,449.625,211.875,2025.0,0.0,-7.875,0.1071167,109.683304,15903.183,16180.725,1100.0834,499.89316,29.863445,29.778667,0.0,3.4406643,3.0,49.079895,27.818048,10.874986,13.874982,1.852,0.0,-28.25,0.13433838,0.0,0.0,0.0,0.0,0.0,0.9394531,0.9267578,55.737305,3.1287088,91.58489,92.45235,0.0,93.93539,26.5625,1.0,113.34826,91.77312,472.5,543.75,0.3119555,123.125,0.0,125.78125,14.471586,53.999985,42.95044,1.0,43.98,40.3125,0.0,-69.6228,55.273438,0.0,3.6816406,44.72,43.55,44.55,43.1,0
26834.115,-2.1242516,0.70387167,0.3787886,0.3800224,101.59725,16.542152,14.005087,-1.3087701,173.25507,49.37295,72.881,0.0,4.6,25.601,48.801,0.0,97.74432,2.0,0.0,449.625,211.125,2031.0,0.0,-7.7734375,0.10809326,109.9901,16054.955,16245.997,1100.0834,499.89316,30.647654,29.990614,0.0,3.5334105,3.0,49.63684,27.8182,11.249986,13.124983,1.852,0.0,-28.125,0.13635254,0.0,0.0,0.0,0.0,0.0,0.93847656,0.9296875,55.78003,3.1275961,92.57604,92.666985,0.0,93.94185,26.5625,1.0,113.64677,92.12966,472.5,543.75,0.4058144,127.71875,0.0,126.1875,14.938412,53.999985,43.432617,1.0,44.2,40.90625,0.0,-69.000244,54.80957,0.0,3.6865234,44.8,43.66,44.63,43.22,0
26834.156,-2.1394012,0.6940487,0.38014,0.38379505,101.59658,16.542072,13.993013,-1.2727675,173.15903,49.637142,72.92,0.0,4.6,25.601,48.801,0.0,98.04508,2.0,0.0,449.25,211.125,2043.0,0.0,-7.796875,0.10876465,110.33835,16123.942,16281.553,1100.0834,500.1585,30.690042,30.117783,0.0,3.6077187,3.0,49.682617,27.818335,11.249986,13.124983,1.94,0.0,-27.539062,0.1408081,0.0,0.0,0.0,0.0,0.0,0.93847656,0.9316406,55.789185,3.1268172,92.82353,93.204575,0.0,93.94766,26.757812,1.0,114.13598,92.51937,472.875,543.75,0.48090154,128.21875,0.0,127.78125,14.938412,53.999985,44.18335,1.0,44.3,42.25,0.0,-69.177246,53.479004,0.0,3.6816406,45.06,43.76,44.66,43.18,0
26834.195,-2.171521,0.70886946,0.38436025,0.38739818,101.59681,16.542,14.007999,-1.2142861,176.82295,50.811478,72.96,0.0,4.6,25.601,48.801,0.0,98.28569,2.0,0.0,449.25,211.125,2048.0,0.0,-8.421875,0.10858154,110.495895,16180.725,16322.414,1100.0834,500.1585,30.160173,30.350925,0.0,3.6672432,3.0,49.47815,27.818457,11.249986,13.124983,1.952,0.0,-27.414062,0.14489746,0.0,0.0,0.0,0.0,0.0,0.9404297,0.9326172,55.79834,3.126272,93.22687,93.55155,0.0,93.952896,26.953125,1.0,114.76615,93.0003,473.25,544.5,0.5409712,129.96875,0.0,129.3125,14.938412,53.999985,45.343018,1.0,44.48,43.46875,0.0,-69.47632,52.087402,0.0,3.6816406,45.04,43.92,44.77,43.41,0
26834.236,-2.2172167,0.7335478,0.38784528,0.38765252,101.597015,16.541935,14.01263,-1.1505847,180.32043,51.89241,73.0,0.0,4.6,25.601,48.801,0.0,98.47818,2.0,0.0,449.25,211.125,2051.0,0.0,-8.2734375,0.1083374,110.562225,16330.905,16330.905,1100.0834,500.1585,29.015656,30.41451,0.0,3.7149172,3.0,48.921204,27.818565,10.874986,13.124983,1.952,0.0,-27.257812,0.14593506,0.0,0.0,0.0,0.0,0.0,0.9433594,0.93359375,55.812073,3.1258903,93.66616,93.66829,0.0,93.9576,26.953125,1.0,115.16415,93.30709,473.25,544.5,0.589027,131.40625,0.0,129.40625,14.938412,53.999985,46.0083,1.0,44.56,43.78125,0.0,-69.91882,51.690674,0.0,3.6816406,45.2,44.02,45.05,43.41,0
26834.275,-2.2537735,0.7621691,0.38180497,0.39880097,101.5972,16.541878,13.986575,-1.1940241,183.79427,52.96947,73.041,0.0,4.6,25.601,48.801,0.0,98.63217,2.0,0.0,449.25,211.125,2054.0,0.0,-7.6875,0.10986328,110.744644,16449.775,16235.914,1100.0834,500.1585,25.412542,29.948225,0.0,3.9093447,3.0,46.90094,27.818665,11.249986,13.124983,1.964,0.0,-27.265625,0.15423584,0.0,0.0,0.0,0.0,0.0,0.9501953,0.9326172,55.796814,3.1256232,93.36692,95.08984,0.0,93.961845,27.636719,1.0,116.00991,94.608894,473.625,543.75,0.78372157,128.875,0.0,134.15625,14.471586,53.999985,46.844482,1.0,44.68,46.28125,0.0,-70.97168,50.32959,0.0,3.6816406,45.29,44.13,44.98,43.52,0
26834.316,-2.2830188,0.7923677,0.3949533,0.41952947,101.59737,16.541824,13.997634,-1.0187666,187.21765,54.034897,73.081,0.0,4.6,25.601,48.801,0.0,98.75536,2.0,0.0,450.0,210.75,2057.0,0.0,-8.0859375,0.111572266,110.81098,16391.932,16504.436,1100.0834,500.1585,29.587914,31.665003,0.0,4.0649137,3.0,49.284363,27.818752,10.874986,12.749984,1.92,0.0,-27.195312,0.17175293,0.0,0.0,0.0,0.0,0.0,0.9501953,0.9355469,55.841064,3.1254363,94.57512,97.11504,0.0,93.96566,28.710938,1.0,116.391335,96.77304,473.625,544.125,0.9394772,134.375,0.0,141.53125,15.405237,53.999985,48.425293,1.0,44.78,51.53125,0.0,-59.68933,49.243164,0.0,3.6816406,45.56,44.21,45.23,43.67,0
26834.355,-2.326415,0.80444705,0.4150928,0.44742176,101.59752,16.541779,13.999516,-0.6799898,187.2753,54.34058,73.12,0.0,4.6,25.601,48.801,0.0,98.85392,2.0,0.0,450.0,210.375,2068.0,0.0,-8.1015625,0.11566162,111.117775,16417.936,16792.059,1100.0834,500.1585,35.310505,33.191025,0.0,4.1893873,3.0,52.61078,27.818832,10.499987,12.374984,1.92,0.0,-27.140625,0.1953125,0.0,0.0,0.0,0.0,0.0,0.95410156,0.9394531,55.911255,3.1253054,96.91042,100.25912,0.0,93.96909,30.175781,1.0,116.53229,99.87416,473.625,544.125,1.0640818,142.46875,0.0,151.59375,16.805714,53.999985,50.0,1.0,44.92,58.59375,0.0,-21.84143,48.21167,24.150085,3.6816406,45.59,44.33,45.33,43.96,0
26834.396,-2.361132,0.80927885,0.44408205,0.46289402,101.59766,16.541737,14.012551,-0.23597372,187.2216,54.561424,73.161,0.0,4.6,25.601,48.801,0.0,98.93276,2.0,0.0,449.25,210.0,2077.0,0.0,-8.0703125,0.119506836,111.5904,16504.965,17116.83,1100.0834,500.1585,40.799953,35.946346,0.0,4.4452295,3.0,55.767822,27.818905,10.124987,11.999985,2.02,0.0,-26.671875,0.20904541,0.0,0.0,0.0,0.0,0.0,0.9580078,0.9394531,56.02722,3.1252139,99.971115,101.97917,0.0,93.97218,30.859375,1.0,116.58205,101.46617,474.75,544.125,1.3200154,153.875,0.0,156.90625,18.206188,53.999985,51.678467,1.0,45.05,62.71875,0.0,-9.683228,47.979736,35.758972,3.6816406,45.76,44.55,45.65,43.97,0
26834.436,-2.3689055,0.8112116,0.46298754,0.46340266,101.59778,16.541698,14.009957,0.055274967,187.1836,54.996834,73.2,0.0,4.6,25.601,48.801,0.0,98.995834,2.0,0.0,448.125,208.875,2094.0,0.0,-8.0078125,0.123413086,112.35324,16907.746,17445.848,1100.0834,500.1585,42.87704,37.00609,0.0,4.649912,3.0,57.25403,27.81897,9.749988,10.874986,2.192,0.0,-25.726562,0.21136475,0.0,0.0,0.0,0.0,0.0,0.95996094,0.9394531,56.09131,3.1251497,101.97878,102.037674,0.0,93.97497,30.859375,1.0,117.06296,101.71493,475.875,544.125,1.5247624,161.40625,0.0,157.40625,18.673014,53.999985,52.337646,1.0,45.23,63.40625,0.0,-10.687256,48.73047,35.505676,3.6816406,45.93,44.75,45.63,44.13,0
26834.475,-2.3951244,0.83073467,0.46079397,0.46442,101.597885,16.541664,14.002282,0.033152364,190.50394,56.159504,73.241,0.0,4.6,25.601,48.801,0.0,99.046295,2.0,0.0,447.375,208.875,2101.0,0.0,-7.65625,0.12426758,113.11609,17366.777,17390.127,1100.0834,500.1585,39.23154,36.497414,0.0,4.8136644,3.0,55.438232,27.819027,10.124987,10.874986,2.328,0.0,-25.265625,0.21142578,0.0,0.0,0.0,0.0,0.0,0.9580078,0.9394531,56.08368,3.1251047,101.8264,102.253624,0.0,93.97747,30.859375,1.0,118.28185,101.95539,477.375,543.75,1.6885599,160.75,0.0,157.75,17.739363,53.999985,53.771973,1.0,45.48,63.4375,0.0,-11.11145,48.931885,35.282898,3.6816406,46.25,44.98,45.86,44.25,0
26834.516,-2.4160995,0.8760439,0.46334255,0.46467432,101.597984,16.541634,14.014488,0.0810214,197.08765,58.07269,73.278,0.0,4.6,25.601,48.801,0.0,99.08666,2.0,0.0,447.375,208.875,2100.0,0.0,-7.4453125,0.12414551,113.339966,17600.803,17467.074,1100.0834,500.1585,36.603386,36.857723,0.0,4.944671,3.0,54.052734,27.819078,9.749988,10.874986,2.328,0.0,-25.15625,0.21173096,0.0,0.0,0.0,0.0,0.0,0.9482422,0.9394531,56.097412,3.1250732,102.156456,102.30656,0.0,93.97972,30.859375,1.0,119.51732,102.1378,477.375,543.375,1.819598,161.53125,0.0,157.8125,17.739363,53.999985,55.804443,1.0,45.64,63.53125,0.0,-11.239624,48.876953,35.099792,3.6816406,46.34,45.17,45.98,44.55,0
26834.557,-2.4528797,0.95041764,0.45766926,0.46403855,101.598076,16.541607,14.011313,0.02423226,206.3562,60.861618,73.32,0.0,4.6,25.601,48.801,0.0,99.11896,2.0,0.0,447.375,208.875,2102.0,0.0,-7.5859375,0.12445068,113.29851,17652.809,17395.963,1100.0834,500.1585,34.653465,36.30666,0.0,4.8932295,3.0,52.996826,27.819126,10.124987,10.874986,2.332,0.0,-25.125,0.21142578,0.0,0.0,0.0,0.0,0.0,0.94140625,0.9394531,56.082153,3.1250513,101.76511,102.40794,0.0,93.98175,30.859375,1.0,120.852295,102.311935,477.375,543.75,1.7681783,159.3125,0.0,157.65625,17.27254,53.999985,57.214355,1.0,45.79,63.4375,0.0,-11.309814,48.980713,35.13336,3.6816406,46.48,45.32,46.34,44.59,0
26834.596,-2.5023036,0.9989171,0.45721543,0.46085924,101.59815,16.54158,14.014951,0.020913925,209.40157,61.93609,73.36,0.0,4.6,25.601,48.801,0.0,99.14479,2.0,0.0,447.75,208.875,2108.0,0.0,-8.125,0.12414551,113.29851,17631.05,17365.715,1100.0834,500.1585,33.487755,36.073517,0.0,4.8520784,3.0,52.326965,27.819168,10.124987,10.874986,2.276,0.0,-25.179688,0.21038818,0.0,0.0,0.0,0.0,0.0,0.9404297,0.9394531,56.077576,3.1250358,101.74231,102.1475,0.0,93.983574,30.664062,1.0,121.54051,102.38656,477.0,544.125,1.7270427,159.15625,0.0,156.5,16.805714,53.999985,58.172607,1.0,45.97,63.125,0.0,-11.209106,48.986816,35.240173,3.6816406,46.61,45.5,46.4,44.8,0
26834.637,-2.541843,1.0370669,0.45278662,0.4615799,101.59822,16.541557,14.005778,-0.0074479915,212.31117,63.00521,73.399,0.0,4.6,25.601,48.801,0.0,99.16546,2.0,0.0,447.75,208.875,2115.0,0.0,-8.421875,0.12445068,113.265335,17608.764,17315.832,1100.0834,500.1585,33.593727,35.755596,0.0,4.819159,3.0,52.520752,27.819206,10.124987,10.874986,2.276,0.0,-25.421875,0.2121582,0.0,0.0,0.0,0.0,0.0,0.9423828,0.9394531,56.077576,3.125025,101.54688,102.4839,0.0,93.985214,30.664062,1.0,122.71795,102.43631,477.0,544.5,1.6941341,157.46875,0.0,156.875,16.805714,53.999985,59.576416,1.0,46.15,63.65625,0.0,-11.21521,48.919678,35.16693,3.6865234,46.81,45.63,46.41,44.82,0
26834.676,-2.5934744,1.0523268,0.45397905,0.4623005,101.59828,16.541538,13.987638,0.010092256,212.40271,63.3304,73.441,0.0,4.6,25.601,48.801,0.0,99.18199,2.0,0.0,448.125,209.25,2125.0,0.0,-8.125,0.1251831,113.33167,17506.344,17353.51,1100.0834,500.68918,33.148636,36.1371,0.0,4.9490747,3.0,52.201843,27.81924,10.124987,11.249986,2.268,0.0,-25.492188,0.21496582,0.0,0.0,0.0,0.0,0.0,0.94921875,0.9394531,56.085205,3.1250174,101.66785,102.57742,0.0,93.986694,30.664062,1.0,123.704666,102.53581,477.375,544.125,1.8240573,157.75,0.0,157.21875,16.805714,53.999985,61.120605,1.0,46.24,64.5,0.0,-11.1328125,48.858643,35.188293,3.6816406,46.92,45.7,46.66,45.17,0
26834.717,-2.6747794,1.0396807,0.45597368,0.4624277,101.59834,16.54152,13.986659,0.058291133,209.4469,62.537254,73.48,0.0,4.6,25.601,48.801,0.0,99.19522,2.0,0.0,448.125,209.25,2128.0,0.0,-8.0078125,0.12548828,113.29851,17403.924,17380.043,1100.0834,500.68918,35.01378,36.285465,0.0,5.053008,3.0,53.23639,27.819271,10.124987,11.249986,2.252,0.0,-25.640625,0.21569824,0.0,0.0,0.0,0.0,0.0,0.9511719,0.9394531,56.106567,3.1250122,102.00014,102.71428,0.0,93.98802,30.664062,1.0,124.69967,102.6436,477.375,544.125,1.9279959,158.78125,0.0,157.25,16.338888,53.999985,62.506104,1.0,46.36,64.71875,0.0,-11.135864,48.87085,35.19745,3.6816406,47.05,45.8,46.88,45.19,0
26834.756,-2.7598236,1.0158724,0.45311415,0.46255484,101.5984,16.541504,13.985973,0.030956373,206.48029,61.825302,73.521,0.0,4.6,25.601,48.801,0.0,99.2058,2.0,0.0,448.125,209.25,2134.0,0.0,-7.90625,0.12561035,113.38972,17399.678,17260.643,1100.0834,500.68918,33.50895,35.670815,0.0,5.136155,3.0,52.36206,27.8193,10.124987,11.249986,2.252,0.0,-25.609375,0.2163086,0.0,0.0,0.0,0.0,0.0,0.95410156,0.9394531,56.100464,3.1250086,101.811775,102.846085,0.0,93.98922,30.664062,1.0,125.53713,102.73481,477.375,544.125,2.0111468,157.65625,0.0,157.46875,16.338888,53.999985,63.354492,1.0,46.49,64.90625,0.0,-11.029053,48.85254,35.28595,3.6816406,47.39,45.99,47.06,45.33,0
26834.797,-2.8878589,0.98759896,0.4549599,0.4628516,101.59844,16.541489,14.008931,0.05697841,203.41904,61.194107,73.56,0.0,4.6,25.601,48.801,0.0,99.21427,2.0,0.0,447.75,209.25,2144.0,0.0,-7.8203125,0.12640381,113.497505,17365.186,17311.588,1100.0834,500.68918,34.611076,35.98874,0.0,5.2026734,3.0,53.07617,27.819324,10.124987,11.249986,2.268,0.0,-25.546875,0.21820068,0.0,0.0,0.0,0.0,0.0,0.9511719,0.9394531,56.114197,3.125006,101.99119,102.82198,0.0,93.990295,30.664062,1.0,126.34973,102.842606,477.375,543.75,2.0776675,158.375,0.0,157.6875,16.338888,53.999985,64.575195,1.0,46.71,65.46875,0.0,-10.983276,48.88916,35.368347,3.6865234,47.53,46.16,47.13,45.42,0
26834.838,-3.0302873,0.9387896,0.45743588,0.46793836,101.59849,16.541475,14.013283,0.069406115,197.24059,59.61221,73.6,0.0,4.6,25.601,48.801,0.0,99.22105,2.0,0.0,447.375,209.25,2154.0,0.0,-7.8046875,0.12750244,113.522385,17369.43,17367.838,1100.0834,500.68918,35.183334,36.34905,0.0,5.255888,3.0,53.39508,27.819347,10.124987,11.249986,2.28,0.0,-25.335938,0.22320557,0.0,0.0,0.0,0.0,0.0,0.9550781,0.9394531,56.13098,3.125004,102.0769,103.2803,0.0,93.991264,30.859375,1.0,127.03794,103.025024,477.375,543.75,2.130884,159.15625,0.0,159.5,15.872062,53.999985,65.20386,1.0,46.81,66.96875,0.0,-10.952759,48.736572,35.246277,3.6816406,47.75,46.25,47.34,45.67,0
26834.877,-3.1642299,0.88176584,0.45927024,0.4684894,101.598526,16.541462,14.010469,0.09982899,190.77908,57.90026,73.642,0.0,4.6,25.601,48.801,0.0,99.22646,2.0,0.0,447.75,209.25,2163.0,0.0,-7.828125,0.12841797,113.71309,17382.166,17402.863,1100.0834,500.68918,36.1371,36.58219,0.0,5.29846,3.0,53.97339,27.819368,10.124987,11.249986,2.284,0.0,-25.164062,0.22558594,0.0,0.0,0.0,0.0,0.0,0.95214844,0.9394531,56.158447,3.1250029,102.28664,103.25485,0.0,93.992134,30.859375,1.0,127.51886,103.15769,477.75,543.75,2.1734571,160.15625,0.0,159.8125,15.872062,53.999985,66.25366,1.0,47.06,67.6875,0.0,-10.946655,48.760986,35.276794,3.6816406,47.89,46.54,47.78,45.76,0
26834.916,-3.291384,0.8214564,0.46048138,0.4729403,101.59856,16.54145,13.996781,0.14015374,184.12292,56.11267,73.68,0.0,4.6,25.601,48.801,0.0,99.2308,2.0,0.0,447.75,208.875,2172.0,0.0,-8.2890625,0.12963867,113.87893,17416.66,17423.027,1100.0834,500.68918,36.327854,36.730556,0.0,5.3325176,3.0,54.10919,27.819387,10.124987,10.874986,2.284,0.0,-25.023438,0.23010254,0.0,0.0,0.0,0.0,0.0,0.9482422,0.9394531,56.175232,3.125002,102.56462,103.93495,0.0,93.99292,31.054688,1.0,128.09099,103.40644,477.75,544.5,2.2075157,160.625,0.0,161.46875,15.872062,53.999985,67.08984,1.0,47.29,69.03125,0.0,-10.900879,48.687744,35.24933,3.6865234,48.19,46.64,47.66,45.96,0
26834.955,-3.4131072,0.7973326,0.4697501,0.4770097,101.59859,16.541441,13.975481,0.2919139,184.15128,56.405537,73.72,0.0,4.6,25.601,48.801,0.0,99.23426,2.0,0.0,447.375,208.875,2183.0,0.0,-8.25,0.13092041,114.119385,17431.52,17557.818,1100.0834,500.9545,38.913616,37.451176,0.0,5.3597636,3.0,55.732727,27.819405,10.124987,10.874986,2.328,0.0,-25.1875,0.23468018,0.0,0.0,0.0,0.0,0.0,0.94433594,0.9394531,56.21643,3.1250012,103.61072,104.39943,0.0,93.99363,31.25,1.0,128.7792,103.73811,478.125,544.125,2.2347624,164.28125,0.0,163.09375,16.338888,53.999985,68.35327,1.0,47.47,70.40625,0.0,-10.928345,48.620605,35.154724,3.6816406,48.31,46.82,47.87,46.18,0
26834.996,-3.5104856,0.78768307,0.47188827,0.47764558,101.59862,16.541431,13.925415,0.3586536,184.03795,56.603226,73.759,0.0,4.6,25.601,48.801,0.0,99.23704,2.0,0.0,446.625,208.875,2192.0,0.0,-8.1640625,0.13226318,114.376434,17576.924,17626.275,1100.0834,500.9545,37.06967,37.7691,0.0,5.3815603,3.0,54.734802,27.81942,10.124987,10.874986,2.384,0.0,-25.4375,0.23590088,0.0,0.0,0.0,0.0,0.0,0.9433594,0.9394531,56.237793,3.1250007,104.07078,104.73929,0.0,93.99426,31.25,1.0,129.2933,104.14441,478.5,544.125,2.2565598,165.15625,0.0,163.375,16.338888,53.999985,69.02466,1.0,47.61,70.78125,0.0,-10.864258,48.846436,35.44464,3.581543,48.44,46.94,48.23,46.05,0
26835.04,-3.5683885,0.8025732,0.4808024,0.47836614,101.59864,16.541424,13.954822,0.34059092,187.47897,57.872,73.801,0.0,4.6,25.601,48.801,0.0,99.23926,2.0,0.0,447.0,208.5,2200.0,0.0,-8.1171875,0.13323975,114.56715,17718.613,17645.91,1100.0834,500.9545,36.285465,37.938656,0.0,5.3989983,3.0,54.393005,27.819433,10.499987,10.499987,2.376,0.0,-25.359375,0.23730469,0.0,0.0,0.0,0.0,0.0,0.9394531,0.9394531,56.248474,3.1250005,103.9463,103.64287,0.0,93.994835,31.25,1.0,129.81567,104.20245,478.875,544.125,2.2739978,168.875,0.0,163.75,16.338888,53.999985,69.84253,1.0,47.76,71.1875,0.0,-10.778809,48.97461,35.658264,2.307129,48.59,47.23,48.23,46.31,0
26835.074,-3.6147108,0.8460293,0.47263238,0.47912917,101.59866,16.541416,13.969547,0.0360025,194.01894,60.108574,73.845,0.0,4.6,25.601,48.801,0.0,99.241035,2.0,0.0,447.0,208.875,2208.0,0.0,-8.0859375,0.13238525,114.74956,17762.658,17526.51,1100.0834,500.9545,33.487755,37.32401,0.0,5.4129486,3.0,52.9068,27.744257,10.499987,10.874986,2.376,0.0,-25.296875,0.23944092,0.0,0.0,0.0,0.0,0.0,0.9404297,0.9394531,56.23474,3.1250002,101.846825,102.8311,0.0,93.99535,31.25,1.0,129.04454,103.879074,478.875,544.125,2.2879481,165.6875,0.0,163.90625,15.872062,53.999985,68.2251,1.0,47.94,71.84375,0.0,-8.837891,48.590088,37.21466,1.7626953,48.78,47.3,48.52,46.37,0
26835.115,-3.6317687,0.9009117,0.47201988,0.47963786,101.59869,16.541409,13.979855,-0.05315203,200.47029,62.107254,73.878,0.0,4.6,25.601,48.801,0.0,99.242455,2.0,0.0,447.0,208.875,2208.0,0.0,-8.078125,0.13079834,114.59202,17694.201,17625.744,1100.0834,500.9545,35.60723,38.065826,0.0,5.4241085,3.0,54.075623,27.6766,10.874986,10.874986,2.368,0.0,-25.234375,0.24298096,0.0,0.0,0.0,0.0,0.0,0.9453125,0.9394531,56.251526,3.1250002,101.232315,102.19482,0.0,93.99582,31.25,1.0,127.37791,103.19915,478.875,544.125,2.2991085,165.25,0.0,164.125,16.338888,53.999985,66.09497,1.0,48.06,72.90625,0.0,-7.63855,47.906494,37.730408,1.5893555,48.84,47.41,48.59,46.64,0
26835.156,-3.665415,0.9603647,0.47413227,0.48095196,101.5987,16.541403,13.969492,-0.056305446,206.6559,64.11059,73.92,0.0,4.6,25.601,48.801,0.0,99.24359,2.0,0.0,447.0,208.875,2211.0,0.0,-8.390625,0.12915039,114.401306,17553.574,17700.04,1100.0834,501.21985,38.638084,38.40494,0.0,5.433037,3.0,55.767822,27.615707,10.874986,10.874986,2.368,0.0,-25.195312,0.2468872,0.0,0.0,0.0,0.0,0.0,0.9394531,0.9394531,56.27289,3.1250002,101.210594,102.02361,0.0,93.99624,31.347656,1.0,125.66151,102.72652,478.875,544.5,2.3080368,166.125,0.0,164.71875,16.805714,53.999985,63.659668,1.0,48.18,74.0625,0.0,-7.4798584,47.174072,37.156677,1.5063477,48.95,47.47,48.77,46.82,0
26835.195,-3.692332,0.9841459,0.47716933,0.48489422,101.59872,16.541397,13.991535,-0.03527198,206.61241,64.30003,73.96,0.0,4.6,25.601,48.801,0.0,99.2445,2.0,0.0,447.0,208.5,2218.0,0.0,-8.3984375,0.12890625,114.492516,17731.879,17734.002,1100.0834,501.21985,37.514763,38.489723,0.0,5.28393,3.0,55.233765,27.560904,10.874986,10.499987,2.368,0.0,-25.234375,0.25177002,0.0,0.0,0.0,0.0,0.0,0.9296875,0.9394531,56.300354,3.1250002,101.35559,102.2178,0.0,93.99661,31.542969,1.0,124.44263,102.57727,478.875,544.5,2.1589293,167.21875,0.0,166.25,17.27254,53.999985,62.213135,1.0,48.24,75.53125,0.0,-7.7209473,46.710205,36.45172,1.7504883,49.35,47.63,48.95,46.82,0
26835.238,-3.7138658,0.97490835,0.48071992,0.49286342,101.59873,16.541393,14.001105,0.012942393,203.65245,63.693184,73.999,0.0,4.6,25.601,48.801,0.0,99.245224,2.0,0.0,446.625,208.5,2229.0,0.0,-8.34375,0.1305542,114.68323,17801.928,17767.434,1100.0834,501.21985,36.878918,38.595695,0.0,5.164644,3.0,54.91638,27.511581,10.874986,10.499987,2.428,0.0,-25.460938,0.25976562,0.0,0.0,0.0,0.0,0.0,0.92089844,0.9394531,56.30493,3.1250002,101.68794,103.21375,0.0,93.99695,31.933594,1.0,123.19887,102.77627,479.25,544.5,2.0396435,168.625,0.0,169.15625,17.27254,53.999985,60.803223,1.0,48.5,77.9375,0.0,-7.8430176,46.45996,36.079407,1.7626953,49.43,47.84,49.04,47.15,0
26835.275,-3.7510927,0.93371344,0.4915677,0.49909467,101.59875,16.54139,14.0019455,0.19641933,197.34985,62.026615,74.042,0.0,4.6,25.601,48.801,0.0,99.245804,2.0,0.0,447.0,208.5,2240.0,0.0,-8.453125,0.13226318,114.94027,17720.734,17920.799,1100.0834,501.21985,40.757565,39.358707,0.0,4.912965,3.0,57.209778,27.46719,10.499987,10.499987,2.428,0.0,-25.554688,0.26611328,0.0,0.0,0.0,0.0,0.0,0.9160156,0.9394531,56.344604,3.1250002,102.952644,103.79857,0.0,93.99725,32.226562,1.0,122.08777,103.17428,480.0,544.5,1.7879648,172.875,0.0,171.5625,18.206188,53.999985,59.979248,1.0,48.68,79.84375,0.0,-8.029175,46.3562,35.78949,1.809082,49.6,48.02,49.3,47.13,0
26835.316,-3.8008742,0.91723543,0.49463812,0.49990007,101.59876,16.541386,14.008393,0.23501076,197.44617,62.278515,74.08,0.0,4.6,25.601,48.801,0.0,99.24627,2.0,0.0,446.25,208.125,2248.0,0.0,-8.46875,0.13372803,115.30511,17868.262,17908.062,1100.0834,501.21985,38.765255,39.189148,0.0,4.711622,3.0,56.141663,27.427238,10.499987,10.124987,2.476,0.0,-25.382812,0.26678467,0.0,0.0,0.0,0.0,0.0,0.91503906,0.9394531,56.347656,3.1250002,103.218666,103.95437,0.0,93.99753,32.226562,1.0,121.10934,103.53082,480.0,544.5,1.5866219,174.03125,0.0,171.90625,18.673014,53.999985,58.666992,1.0,48.85,80.03125,0.0,-8.242798,46.66748,35.887146,1.7895508,49.68,48.33,49.49,47.46,0
26835.355,-3.8606994,0.9293942,0.49666315,0.50040877,101.59877,16.541382,13.995328,0.2828344,200.4992,63.494698,74.12,0.0,4.6,25.601,48.801,0.0,99.24664,2.0,0.0,446.25,208.125,2257.0,0.0,-8.5546875,0.1350708,115.56215,17983.95,17912.309,1100.0834,501.48517,37.28162,38.913616,0.0,4.5505476,3.0,55.369568,27.391281,10.874986,10.124987,2.476,0.0,-25.171875,0.26757812,0.0,0.0,0.0,0.0,0.0,0.9160156,0.9394531,56.34308,3.1250002,103.54832,104.06748,0.0,93.99777,32.226562,1.0,120.28017,103.77957,480.0,544.5,1.4255475,174.75,0.0,172.15625,19.13984,53.999985,57.76367,1.0,49.06,80.28125,0.0,-8.432007,46.936035,35.96649,1.7529297,50.0,48.41,49.58,47.39,0
26835.396,-3.9085596,0.9717577,0.50124776,0.51918733,101.59878,16.541378,14.00962,0.37367025,206.69792,65.54473,74.16,0.0,4.6,25.601,48.801,0.0,99.24694,2.0,0.0,446.25,208.125,2260.0,0.0,-8.6171875,0.14251709,116.15086,18060.365,17989.785,1100.0834,501.48517,37.49357,39.401096,0.0,4.421688,3.0,55.529785,27.358921,10.499987,10.124987,2.448,0.0,-25.203125,0.27746582,0.0,0.0,0.0,0.0,0.0,0.92089844,0.9394531,56.367493,3.1250002,104.174446,106.582,0.0,93.99799,33.203125,1.0,119.55048,106.54902,480.0,544.5,1.296688,176.46875,0.0,178.90625,19.606665,53.999985,57.385254,1.0,49.25,83.25,0.0,-8.538818,47.991943,36.91559,1.784668,50.0,48.61,49.66,47.6,0
26835.436,-3.9468477,0.98870313,0.51570517,0.5285554,101.598785,16.541374,14.019625,0.6815361,206.7497,65.88026,74.2,0.0,4.6,25.601,48.801,0.0,99.24718,2.0,0.0,447.0,208.125,2271.0,0.0,-8.640625,0.14849854,116.664955,18063.02,18152.172,1100.0834,501.48517,40.39725,40.672783,0.0,4.3186007,3.0,57.209778,27.329796,10.124987,10.124987,2.44,0.0,-25.570312,0.2833252,0.0,0.0,0.0,0.0,0.0,0.92578125,0.9394531,56.42395,3.1250002,106.29654,107.97104,0.0,93.99819,33.691406,1.0,118.67157,107.3782,480.75,544.875,1.1936004,181.9375,0.0,182.34375,21.007141,53.999985,57.22046,1.0,49.34,85.0,0.0,-8.462524,49.023438,38.023376,1.7895508,50.15,48.71,50.0,47.87,0
26835.477,-3.977478,1.0142313,0.52469075,0.532752,101.59879,16.541372,14.014909,0.8942493,209.75589,67.10305,74.241,0.0,4.6,25.601,48.801,0.0,99.24737,2.0,0.0,446.625,208.125,2280.0,0.0,-8.703125,0.15325928,117.32829,18028.525,18200.463,1100.0834,501.48517,42.177612,41.13907,0.0,4.2361307,3.0,58.276367,27.303583,10.124987,10.124987,2.532,0.0,-25.359375,0.2841797,0.0,0.0,0.0,0.0,0.0,0.92871094,0.9394531,56.443787,3.1250002,107.76276,108.87951,0.0,93.998375,33.88672,1.0,117.98335,108.389786,481.5,544.875,1.1111304,185.28125,0.0,183.96875,22.407618,53.999985,56.622314,1.0,49.51,85.25,0.0,-8.651733,50.15869,38.96942,1.6772461,50.41,48.95,50.11,48.03,0
26835.516,-3.9419825,1.0619426,0.53125346,0.5408484,101.5988,16.54137,14.0174675,1.0075686,215.62138,69.22151,74.28,0.0,4.6,25.601,48.801,0.0,99.24752,2.0,0.0,445.875,208.125,2288.0,0.0,-8.71875,0.15679932,117.85068,18181.36,18226.465,1100.0834,501.48517,41.22385,41.287434,0.0,4.1701546,3.0,57.810974,27.279993,10.124987,10.124987,2.576,0.0,-24.679688,0.28948975,0.0,0.0,0.0,0.0,0.0,0.9238281,0.9394531,56.47583,3.1250002,108.54386,109.8317,0.0,93.998535,34.277344,1.0,117.48585,109.14433,481.875,544.875,1.0451542,187.71875,0.0,186.875,23.341269,53.999985,56.152344,1.0,49.73,86.84375,-0.15258789,-8.001709,50.628662,39.93683,1.7529297,50.47,49.24,50.12,48.18,0
26835.553,-3.8135862,1.1372771,0.536058,0.5583552,101.59881,16.541368,14.00754,1.0865535,224.22104,72.23397,74.32,0.0,4.6,25.601,48.801,0.0,99.24764,2.0,0.0,445.875,208.125,2296.0,0.0,-8.78125,0.1663208,118.71302,18202.586,18301.291,1100.0834,501.75052,42.156418,41.4146,0.0,3.9611237,3.0,58.355713,27.25876,10.499987,10.124987,2.576,0.0,-24.015625,0.29760742,0.0,0.0,0.0,0.0,0.0,0.9238281,0.9394531,56.495667,3.1250002,109.0883,112.1877,0.0,93.99868,35.15625,1.0,117.179054,111.598694,481.875,544.875,0.8361234,188.9375,0.0,193.125,24.27492,53.999985,56.414795,1.0,49.89,89.28125,-0.32958984,-5.618286,52.39868,43.91327,1.8676758,50.6,49.4,50.3,48.59,0
26835.596,-3.630869,1.2424109,0.54243416,0.5647137,101.597984,16.541367,14.00059,1.1921436,235.00264,75.872185,74.357,0.0,4.6,25.601,48.801,0.0,99.24774,2.0,0.0,445.875,207.75,2301.0,0.0,-8.8125,0.17016602,119.135895,18231.771,18383.545,1100.0834,501.75052,43.110184,42.220005,0.0,3.793899,3.0,58.935547,27.239653,10.499987,9.749988,2.592,0.0,-23.476562,0.3001709,0.0,0.0,0.0,0.0,0.0,0.9277344,0.9394531,56.529236,3.1250002,109.8153,113.05997,0.0,93.99881,35.44922,1.0,116.8225,112.35324,482.25,544.875,0.66889876,190.84375,0.0,195.3125,25.675394,53.999985,56.732178,1.0,50.02,90.0625,-0.4547119,-3.5095215,53.17383,46.67206,1.9848633,50.77,49.56,50.61,48.65,0
26835.639,-3.4046953,1.3594644,0.5511191,0.5723439,101.597244,16.541367,13.984007,1.3966308,245.3815,79.532936,74.399,0.0,4.6,25.601,48.801,0.0,99.24782,2.0,0.0,445.875,207.75,2310.0,0.0,-9.34375,0.17926025,119.88216,18150.049,18485.965,1100.0834,501.75052,46.352985,43.067795,0.0,3.8163693,3.0,60.784912,27.222454,10.124987,9.749988,2.612,0.0,-23.320312,0.30297852,0.0,0.0,0.0,0.0,0.0,0.93359375,0.9394531,56.567383,3.1250002,111.22407,114.29668,0.0,93.99893,35.839844,1.0,116.49912,113.679924,482.625,545.25,0.691369,194.59375,0.0,198.09375,28.009521,53.999985,56.744385,1.0,50.26,90.90625,-0.55236816,-1.9378662,55.212402,50.221252,2.0605469,51.0,49.79,50.63,48.99,0
26835.676,-3.1037562,1.4812858,0.5578112,0.5846792,101.597404,16.541367,13.966539,1.5308661,255.34248,83.22724,74.442,0.0,4.6,25.601,48.801,0.0,99.24788,2.0,0.0,445.5,208.125,2323.0,0.0,-9.6328125,0.19836426,121.9468,18389.912,18541.154,1100.0834,501.75052,45.73834,43.21616,0.0,3.8343453,3.0,60.523987,27.206976,10.124987,10.124987,2.688,0.0,-22.742188,0.3010254,0.0,0.0,0.0,0.0,0.0,0.93652344,0.9394531,56.62079,3.1250002,112.1495,116.04343,0.0,93.99904,36.42578,1.0,116.23379,115.421196,483.375,545.625,0.7093452,197.28125,0.0,202.40625,31.2773,53.999985,56.75049,1.0,50.43,90.3125,-0.5950928,-0.27770996,60.2417,56.843567,2.1875,51.04,50.12,50.78,49.43,0
26835.717,-2.763005,1.6050143,0.56310177,0.60608596,101.59755,16.541367,13.977749,1.651888,264.8299,86.76551,74.481,0.0,4.6,25.601,48.801,0.0,99.24793,2.0,0.0,445.5,208.125,2335.0,0.0,-9.5390625,0.22808838,125.20546,18591.037,18602.182,1100.0834,501.75052,44.46665,43.767223,0.0,3.8487265,3.0,59.899902,27.193047,10.124987,10.124987,2.688,0.0,-22.578125,0.29675293,0.0,0.0,0.0,0.0,0.0,0.9394531,0.9394531,56.663513,3.1250002,112.98383,119.19908,0.0,93.99914,37.5,0.0,116.20062,118.86227,483.375,545.625,0.7237262,199.09375,0.0,210.1875,34.07825,53.999985,57.061768,1.0,50.64,89.03125,-0.5950928,0.16174316,68.115234,65.14435,2.3632812,51.17,50.45,51.04,49.66,0
26835.754,-2.4304042,1.6920059,0.5690761,0.61613226,101.59768,16.541367,13.973877,1.7673656,269.5422,88.64977,74.521,0.0,4.6,25.601,48.801,0.0,99.24797,2.0,0.0,445.5,208.125,2344.0,0.0,-9.5703125,0.24346924,127.021355,18596.875,18645.166,1100.0834,502.01587,45.0813,44.16992,0.0,3.8602312,3.0,60.28595,27.10532,10.124987,10.124987,2.7,0.0,-21.6875,0.29382324,0.0,0.0,0.0,0.0,0.0,0.9423828,0.9394531,56.71997,3.1250002,113.77994,120.60873,0.0,93.99922,37.98828,0.0,116.366455,119.98995,483.75,545.625,0.735231,201.1875,0.0,213.71875,36.879204,53.999985,57.580566,1.0,50.86,88.15625,-0.5584717,0.8087158,72.21069,69.9234,2.5683594,51.53,50.77,51.18,50.04,0
26835.797,-2.1043234,1.7830524,0.5764526,0.61702245,101.5978,16.541367,13.994604,1.9031162,276.30795,91.340195,74.558,0.0,4.6,25.601,48.801,0.0,99.248,2.0,0.0,445.125,208.125,2356.0,0.0,-10.0,0.24884033,127.79249,18657.371,18729.543,1100.0834,502.01587,46.458958,44.95413,0.0,3.869435,3.0,61.10382,27.026367,10.124987,10.124987,2.716,0.0,-21.039062,0.293396,0.0,0.0,0.0,0.0,0.0,0.9482422,0.9404297,56.822205,3.1250002,114.715775,120.68215,0.0,93.9993,37.98828,0.0,116.8225,120.23041,484.125,546.0,0.7444348,203.28125,0.0,214.0,39.680157,53.999985,58.691406,1.0,51.19,88.03125,-0.4699707,1.3580322,73.59619,71.94672,2.7441406,51.57,51.02,51.18,50.25,0
26835.838,-1.8034587,1.856971,0.58174795,0.61820936,101.59791,16.541367,13.997395,2.011302,280.79608,93.33604,74.6,0.0,4.6,25.601,48.801,0.0,99.248024,2.0,0.0,445.125,207.75,2369.0,0.0,-10.171875,0.25219727,128.33145,18719.46,18778.895,1100.0834,502.01587,46.480156,45.272053,0.0,4.033048,3.0,61.17096,26.95531,9.749988,9.749988,2.772,0.0,-20.8125,0.29486084,0.0,0.0,0.0,0.0,0.0,0.9511719,0.9433594,56.86035,3.1250002,115.46159,120.86747,0.0,93.99937,37.98828,0.0,117.295135,120.48746,484.5,546.375,0.9080478,205.03125,0.0,214.21875,41.08063,53.999985,59.729004,1.0,51.38,88.46875,-0.37231445,1.1413574,73.98071,72.21222,2.8173828,51.73,51.29,51.42,50.62,0
26835.873,-1.502767,1.9052885,0.5945185,0.621431,101.59801,16.541367,13.993488,2.1284056,282.9868,94.42158,74.642,0.0,4.6,25.601,48.801,0.0,99.24805,2.0,0.0,445.125,208.125,2378.0,0.0,-9.734375,0.255188,128.82896,18882.906,18873.355,1100.0834,502.01587,45.18727,45.52639,0.0,4.0076885,3.0,60.513306,26.891357,10.124987,10.124987,2.768,0.0,-20.398438,0.2979126,0.0,0.0,0.0,0.0,0.0,0.94628906,0.9472656,56.874084,3.1250002,116.268875,120.37913,0.0,93.99943,37.98828,0.0,117.875565,120.6367,485.25,545.625,0.8826882,209.34375,0.0,214.53125,42.947933,53.999985,60.88257,1.0,51.59,89.375,-0.2746582,0.7171631,73.98682,71.891785,2.8295898,51.9,51.63,51.62,50.78,0
26835.916,-1.2422136,1.9433656,0.62547994,0.63198596,101.59809,16.541367,13.984895,2.1999524,285.2389,95.693306,74.678,0.0,4.6,25.601,48.801,0.0,99.24806,2.0,0.0,445.125,208.125,2391.0,0.0,-9.2578125,0.24786377,128.31487,18950.834,19219.885,1100.0834,502.01587,50.84628,48.027374,0.0,3.9874008,3.0,63.760376,26.833801,10.124987,10.124987,2.768,0.0,-20.460938,0.32073975,0.0,0.0,0.0,0.0,0.0,0.9453125,0.94921875,57.165527,3.1250002,116.76212,117.71675,0.0,93.99948,37.79297,0.0,118.38965,118.22381,485.25,545.25,0.8624006,217.375,0.0,213.78125,44.815235,53.999985,62.902832,1.0,51.88,96.21875,-0.18310547,0.0,70.703125,68.299866,2.8295898,52.19,51.88,51.82,51.17,0
26835.951,-1.0337709,1.9585963,0.6372392,0.63804764,101.59817,16.541367,13.961301,2.3186576,285.31216,96.358406,74.721,0.0,4.6,25.601,48.801,0.0,99.24808,2.0,0.0,445.125,208.5,2407.0,0.0,-9.3203125,0.24432373,128.70457,18998.594,19316.467,1100.0834,502.2812,54.93687,48.557243,0.0,4.1274204,3.0,66.07666,26.782001,10.124987,10.499987,2.864,0.0,-20.359375,0.33416748,0.0,0.0,0.0,0.0,0.0,0.94921875,0.953125,57.302856,3.1250002,117.58042,117.72081,0.0,93.999535,37.79297,0.0,119.12761,118.049675,486.75,545.25,1.0024204,220.5625,0.0,214.5,46.682537,53.999985,64.46533,1.0,52.12,100.25,-0.19836426,-0.3265381,68.4021,66.181946,2.7636719,52.34,52.19,52.01,51.55,0
26835.996,-0.8670168,1.9834386,0.6436555,0.640803,101.598236,16.541367,13.99166,2.47182,287.47012,97.53091,74.757,0.0,4.6,25.601,48.801,0.0,99.248085,2.0,0.0,444.75,208.125,2418.0,0.0,-9.75,0.24407959,129.21037,19446.48,19388.107,1100.0834,502.2812,50.31641,48.790386,0.0,4.0831866,3.0,63.645935,26.735378,10.124987,10.124987,2.996,0.0,-20.101562,0.3397827,0.0,0.0,0.0,0.0,0.0,0.94140625,0.95703125,57.34253,3.1250002,118.63622,118.192154,0.0,93.99958,37.79297,0.0,119.998245,118.11601,488.625,545.625,0.9581863,220.875,0.0,214.78125,49.950314,53.999985,65.86914,1.0,52.35,101.9375,-0.2593994,-1.3183594,67.74902,64.6225,2.6660156,52.52,52.43,52.31,51.74,0
26836.04,-0.7336135,1.9933755,0.6454791,0.64143884,101.5983,16.541367,13.995334,2.563817,287.57626,97.849365,74.8,0.0,4.6,25.601,48.801,0.0,99.24809,2.0,0.0,444.75,208.125,2425.0,0.0,-10.125,0.24475098,129.55862,19501.672,19426.846,1100.0834,502.2812,49.595787,48.663216,0.0,3.8915493,3.0,63.272095,26.69342,9.749988,10.124987,2.964,0.0,-20.046875,0.34197998,0.0,0.0,0.0,0.0,0.0,0.93359375,0.9609375,57.33795,3.1250002,119.27041,118.65607,0.0,93.99962,37.79297,0.0,120.59525,118.3233,488.625,546.0,0.76654905,222.46875,0.0,214.90625,52.28444,53.999985,66.73584,1.0,52.6,102.59375,-0.34484863,-1.9348145,67.67578,63.91449,2.6171875,52.94,52.79,52.43,52.07,0
26836.076,-0.5868908,2.0161002,0.6497703,0.6447028,101.59835,16.541367,13.997906,2.6648104,289.80063,99.134834,74.843,0.0,4.6,25.601,48.801,0.0,99.2481,2.0,0.0,445.5,207.75,2438.0,0.0,-10.3515625,0.24725342,130.03127,19557.922,19445.951,1100.0834,502.54654,49.595787,48.40888,0.0,3.7382395,3.0,63.31787,26.655659,10.124987,9.749988,2.944,0.0,-19.429688,0.3466797,0.0,0.0,0.0,0.0,0.0,0.9345703,0.9658203,57.366943,3.1250002,119.9666,119.16337,0.0,93.99966,37.79297,0.0,121.25859,118.59693,489.0,546.375,0.6132392,222.84375,0.0,215.15625,52.751266,53.999985,67.82837,1.0,52.93,104.0,-0.44555664,-2.432251,67.79785,63.511658,2.5927734,53.11,53.09,52.66,52.47,0
26836.115,-0.44951266,2.04394,0.65205926,0.6488147,101.598404,16.541367,13.993846,2.7581854,292.01373,100.42454,74.88,0.0,4.6,25.601,48.801,0.0,99.24811,2.0,0.0,445.5,207.375,2451.0,0.0,-10.484375,0.25378418,130.95164,19657.69,19496.895,1100.0834,502.54654,48.3241,48.599632,0.0,3.6155915,3.0,62.64801,26.62167,10.124987,9.374988,2.944,0.0,-19.382812,0.3480835,0.0,0.0,0.0,0.0,0.0,0.94433594,0.9707031,57.38983,3.1250002,120.610275,120.14358,0.0,93.99969,37.79297,0.0,121.88047,119.45098,489.0,546.375,0.49059138,222.5,0.0,215.78125,52.751266,53.999985,68.75,1.0,53.17,104.4375,-0.55236816,-2.532959,68.670654,64.24408,2.5830078,53.36,53.36,53.13,52.88,0
26836.156,-0.33961013,2.0550761,0.6575742,0.6502134,101.59845,16.541367,13.985146,2.8762574,292.04483,101.04989,74.92,0.0,4.6,25.601,48.801,0.0,99.248116,2.0,0.0,445.875,207.375,2466.0,0.0,-10.5,0.25738525,131.56523,19626.379,19536.695,1100.0834,502.54654,48.89636,48.451267,0.0,3.5174732,3.0,62.965393,26.59108,10.124987,9.374988,2.936,0.0,-19.3125,0.3499756,0.0,0.0,0.0,0.0,0.0,0.953125,0.9746094,57.38983,3.1250002,121.42418,120.263466,0.0,93.99972,37.79297,0.0,122.684784,119.78265,489.75,546.375,0.3924731,223.03125,0.0,216.0625,52.751266,53.999985,69.99512,1.0,53.45,105.0,-0.6591797,-2.6611328,68.76831,64.07013,2.578125,53.76,53.75,53.36,53.15,0
26836.195,-0.2516881,2.0595305,0.6621659,0.6501711,101.59849,16.541367,14.002492,2.9945188,291.96893,101.59716,74.961,0.0,4.6,25.601,48.801,0.0,99.248116,2.0,0.0,445.875,207.375,2480.0,0.0,-10.8046875,0.258667,132.02129,19646.545,19572.781,1100.0834,502.54654,49.61698,48.53605,0.0,3.5952287,3.0,63.38501,26.563549,10.124987,9.374988,2.932,0.0,-19.265625,0.35272217,0.0,0.0,0.0,0.0,0.0,0.9628906,0.97753906,57.447815,3.1250002,122.23938,120.35391,0.0,93.99975,37.597656,0.0,123.45591,119.973366,489.75,546.75,0.4702285,224.5,0.0,215.09375,52.751266,53.999985,71.173096,1.0,53.81,105.8125,-0.78125,-3.2104492,68.59131,63.264465,2.5830078,53.92,54.0,53.36,53.17,0
26836.236,-0.16135049,2.0800622,0.663252,0.6516547,101.598526,16.541367,13.997057,3.0373294,294.15616,102.81226,74.999,0.0,4.6,25.601,48.801,0.0,99.248116,2.0,0.0,446.25,207.375,2491.0,0.0,-11.171875,0.26086426,132.5105,19612.582,19614.174,1100.0834,502.54654,49.97729,48.68441,0.0,3.501183,3.0,63.56659,26.538773,10.124987,9.374988,2.916,0.0,-19.148438,0.35516357,0.0,0.0,0.0,0.0,0.0,0.96875,0.9814453,57.485962,3.1250002,122.53451,120.66237,0.0,93.99977,37.597656,0.0,123.82903,120.26357,490.5,547.125,0.3761828,224.46875,0.0,215.4375,52.28444,53.999985,71.728516,1.0,54.07,106.5625,-0.92163086,-3.4698486,68.52417,62.852478,2.5878906,54.17,54.21,53.62,53.53,0
26836.275,-0.0690804,2.088275,0.66549987,0.6553425,101.59856,16.541367,14.004971,3.170063,294.235,103.293945,75.041,0.0,4.6,25.601,48.801,0.0,99.248116,2.0,0.0,446.625,207.0,2502.0,0.0,-11.4296875,0.2645874,133.19041,19587.11,19626.91,1100.0834,502.81186,50.909863,48.620827,0.0,3.5821965,3.0,64.07776,26.516476,10.124987,8.999989,2.916,0.0,-19.078125,0.3572998,0.0,0.0,0.0,0.0,0.0,0.9736328,0.9824219,57.5058,3.1250002,123.449455,121.62822,0.0,93.999794,37.597656,0.0,124.74113,120.91033,490.875,547.5,0.45719624,224.0625,0.0,215.78125,51.817616,53.999985,72.65625,1.0,54.26,107.1875,-1.0864258,-4.0283203,68.621826,62.257385,2.578125,54.48,54.48,54.0,53.85,0
26836.316,-0.015264321,2.11031,0.66954774,0.6556393,101.59859,16.541367,14.01051,3.2637112,296.32846,104.52782,75.081,0.0,4.6,25.601,48.801,0.0,99.248116,2.0,0.0,446.625,207.0,2514.0,0.0,-11.296875,0.26885986,133.89522,19734.637,19640.176,1100.0834,502.81186,49.29906,48.68441,0.0,3.6470072,3.0,63.22632,26.496407,10.124987,8.999989,2.916,0.0,-19.132812,0.35803223,0.0,0.0,0.0,0.0,0.0,0.97753906,0.98535156,57.54242,3.1250002,124.09499,121.86686,0.0,93.99982,37.597656,0.0,125.38788,121.382965,490.875,547.5,0.522007,225.46875,0.0,215.71875,51.35079,53.999985,73.83423,1.0,54.6,107.40625,-1.2512207,-3.994751,68.90869,62.321472,2.5683594,54.71,54.75,54.26,54.05,0
26836.355,0.027788542,2.1191242,0.6742043,0.6560632,101.59862,16.541367,13.961654,3.326979,296.47473,105.0786,75.12,0.0,4.6,25.601,48.801,0.0,99.248116,2.0,0.0,446.25,207.0,2526.0,0.0,-11.25,0.27038574,134.23518,19732.514,19705.98,1100.0834,503.0772,50.252827,49.065918,0.0,3.6988559,3.0,63.760376,26.403156,10.499987,8.999989,2.92,0.0,-19.710938,0.3605957,0.0,0.0,0.0,0.0,0.0,0.9794922,0.9863281,57.595825,3.1250002,124.53112,121.70967,0.0,93.99983,37.597656,0.0,125.90198,121.59855,490.875,547.125,0.5738556,226.625,0.0,215.4375,50.417137,53.999985,74.67041,1.0,54.82,108.1875,-1.4312744,-4.370117,68.78052,61.65619,2.5439453,54.93,55.03,54.56,54.53,0
26836.396,0.062230833,2.1038997,0.6694721,0.6553425,101.59864,16.541367,13.986048,3.2579215,294.45358,104.899345,75.16,0.0,4.6,25.601,48.801,0.0,99.248116,2.0,0.0,446.625,207.0,2539.0,0.0,-11.1796875,0.27166748,134.66635,19942.129,19670.955,1100.0834,503.0772,47.47631,48.7268,0.0,3.7403347,3.0,62.261963,26.319231,10.499987,8.999989,2.924,0.0,-19.851562,0.36218262,0.0,0.0,0.0,0.0,0.0,0.9824219,1.0,57.59735,3.1250002,124.05514,121.86478,0.0,93.99985,37.597656,0.0,126.888695,121.7478,491.625,547.125,0.61533445,225.03125,0.0,215.375,41.54746,53.999985,75.598145,1.0,55.11,108.65625,-1.6326904,-5.1605225,68.725586,60.639954,2.5292969,55.27,55.32,55.01,54.82,0
26836.438,0.06978467,2.0978098,0.6683013,0.6592001,101.59866,16.541367,13.997265,3.24701,294.44974,105.393745,75.2,0.0,4.6,25.601,48.801,0.0,99.248116,2.0,0.0,446.625,207.0,2551.0,0.0,-11.2109375,0.2738037,134.9234,19874.203,19650.79,1100.0834,503.0772,46.437763,48.260517,0.0,3.7735178,3.0,61.68213,26.243698,10.499987,8.999989,2.908,0.0,-19.664062,0.36694336,0.0,0.0,0.0,0.0,0.0,0.9863281,1.0,57.56836,3.1250002,123.97995,122.53938,0.0,93.99986,37.597656,0.0,127.560326,122.07947,491.625,547.125,0.64851755,222.90625,0.0,215.21875,37.346027,53.999985,76.62964,1.0,55.43,110.09375,-1.8676758,-5.7128906,68.43872,59.614563,2.5195312,55.64,55.67,55.06,54.97,0
26836.477,0.055827737,2.0953739,0.66739535,0.65682626,101.59869,16.541367,13.999257,3.2786262,294.4798,105.98298,75.242,0.0,4.6,25.601,48.801,0.0,99.248116,2.0,0.0,447.375,207.375,2565.0,0.0,-11.625,0.27514648,135.15556,19700.674,19636.992,1100.0834,503.0772,47.412724,48.133347,0.0,3.8000643,3.0,62.182617,26.175718,10.499987,9.374988,2.86,0.0,-19.65625,0.3671875,0.0,0.0,0.0,0.0,0.0,0.9892578,1.0,57.591248,3.1250002,124.1979,122.48825,0.0,93.99988,37.597656,0.0,128.12416,122.25359,491.625,547.5,0.675064,223.28125,0.0,215.125,34.54508,53.999985,76.989746,1.0,55.74,110.15625,-2.11792,-6.3079834,68.53027,58.854675,2.4658203,55.91,55.94,55.37,55.22,0
26836.516,0.06466219,2.0943995,0.66590184,0.65504587,101.5987,16.541367,14.000651,3.2934978,294.52698,106.61984,75.279,0.0,4.6,25.601,48.801,0.0,99.248116,2.0,0.0,447.0,207.375,2580.0,0.0,-12.1875,0.2765503,135.44577,19575.965,19564.291,1100.0834,503.0772,47.34914,47.539894,0.0,3.8213015,3.0,62.113953,26.114536,10.874986,9.374988,2.868,0.0,-19.359375,0.36761475,0.0,0.0,0.0,0.0,0.0,0.99121094,1.0,57.543945,3.1250002,124.30042,122.61543,0.0,93.99989,37.597656,0.0,128.84555,122.41943,492.0,548.25,0.6963012,222.875,0.0,214.875,31.744123,53.999985,77.99072,1.0,55.99,110.28125,-2.3895264,-6.781006,68.61572,58.177185,2.4365234,56.15,56.24,55.77,55.52,0
26836.557,0.07172975,2.07526,0.6637996,0.6545372,101.59872,16.541367,13.98405,3.2765994,292.53534,106.350365,75.32,0.0,4.6,25.601,48.801,0.0,99.248116,2.0,0.0,447.375,207.375,2591.0,0.0,-12.625,0.2772827,135.6116,19625.318,19464.523,1100.0834,503.34253,46.035065,47.13719,0.0,3.6820412,3.0,61.398315,26.059473,10.874986,9.374988,2.852,0.0,-19.382812,0.36901855,0.0,0.0,0.0,0.0,0.0,0.9921875,1.0,57.56378,3.1250002,124.18396,122.65056,0.0,93.9999,37.597656,0.0,129.20209,122.5521,492.0,548.625,0.557041,222.1875,0.0,214.84375,29.876823,53.999985,78.17993,1.0,56.32,110.71875,-2.6733398,-7.03125,68.53638,57.55768,2.434082,56.57,56.53,55.91,55.88,0
26836.596,0.0573838,2.067604,0.66036695,0.6521634,101.59873,16.541367,14.001725,3.2359548,292.5309,106.88235,75.361,0.0,4.6,25.601,48.801,0.0,99.248116,2.0,0.0,447.375,207.75,2604.0,0.0,-12.5390625,0.27801514,135.76915,19628.502,19417.824,1100.0834,503.34253,44.23351,46.798077,0.0,3.570633,3.0,60.41107,26.009916,10.874986,9.749988,2.852,0.0,-19.421875,0.36901855,0.0,0.0,0.0,0.0,0.0,0.99121094,1.0,57.525635,3.1250002,123.90382,122.5671,0.0,93.99991,37.597656,0.0,129.64984,122.626724,492.0,548.625,0.4456328,221.71875,0.0,214.8125,28.943172,53.999985,78.533936,1.0,56.61,110.71875,-2.960205,-7.2418213,68.603516,57.102966,2.421875,56.76,56.76,56.17,56.04,0
26836.639,0.045907043,2.0645418,0.6594591,0.65101886,101.59875,16.541367,13.99652,3.1807995,292.62988,107.24699,75.4,0.0,4.6,25.601,48.801,0.0,99.248116,2.0,0.0,447.0,207.75,2612.0,0.0,-12.375,0.27789307,135.7194,19495.303,19402.967,1100.0834,503.34253,45.695946,46.64971,0.0,3.4815063,3.0,61.193848,25.965315,10.874986,9.749988,2.832,0.0,-19.453125,0.3701172,0.0,0.0,0.0,0.0,0.0,0.9892578,1.0,57.54547,3.1250002,123.52365,122.23433,0.0,93.999916,37.597656,0.0,129.7825,122.585266,491.625,548.25,0.35650623,221.4375,0.0,214.53125,28.009521,53.999985,78.68652,1.0,56.83,111.03125,-3.2348633,-7.159424,68.481445,56.837463,2.3999023,56.96,56.99,56.68,56.36,0
26836.676,0.036725637,2.0633168,0.6562233,0.6502134,101.59959,16.541367,13.998735,3.1358824,292.76706,107.87236,75.442,0.0,4.6,25.601,48.801,0.0,99.248116,2.0,0.0,447.0,207.375,2626.0,0.0,-12.1953125,0.27825928,135.87695,19460.809,19384.924,1100.0834,503.60788,45.52639,46.522545,0.0,3.4102051,3.0,61.091614,25.925173,11.249986,9.374988,2.812,0.0,-19.421875,0.37280273,0.0,0.0,0.0,0.0,0.0,0.9892578,1.0,57.55768,3.1250002,123.21488,122.29958,0.0,93.99992,37.597656,0.0,130.00638,122.54381,491.625,548.25,0.28520498,219.78125,0.0,214.5,27.542696,53.999985,78.826904,1.0,57.07,111.84375,-3.515625,-7.510376,68.24951,56.010437,2.3730469,57.38,57.32,56.89,56.84,0
26836.717,0.02938051,2.0440767,0.6522939,0.65080696,101.60034,16.541367,13.988567,3.0726237,290.69617,107.55799,75.481,0.0,4.6,25.601,48.801,0.0,99.248116,2.0,0.0,446.625,207.375,2637.0,0.0,-12.265625,0.2793579,136.0179,19364.758,19364.227,1100.0834,503.60788,46.607323,46.33179,0.0,3.3531642,3.0,61.65924,25.889046,11.249986,9.374988,2.812,0.0,-19.523438,0.37487793,0.0,0.0,0.0,0.0,0.0,0.9892578,1.0,57.56836,3.1250002,122.7796,122.56831,0.0,93.99993,37.597656,0.0,130.0147,122.56868,491.625,548.25,0.22816399,218.5,0.0,214.34375,27.07587,53.999985,78.8147,1.0,57.43,112.46875,-3.7841797,-7.4005127,68.14575,55.7724,2.368164,57.55,57.62,57.08,57.06,0
26836.756,0.023504408,2.0363808,0.649332,0.6481364,101.6002,16.541367,13.98145,3.0461135,290.7423,108.26856,75.521,0.0,4.6,25.601,48.801,0.0,99.248116,2.0,0.0,447.0,208.125,2654.0,0.0,-12.46875,0.27990723,136.08424,19267.645,19354.145,1100.0834,503.8732,46.458958,46.247013,0.0,3.3075314,3.0,61.569214,25.856531,11.249986,10.124987,2.812,0.0,-20.351562,0.37615967,0.0,0.0,0.0,0.0,0.0,0.9902344,1.0,57.572937,3.1250002,122.596725,122.38361,0.0,93.99994,37.597656,0.0,130.13907,122.61843,492.0,548.625,0.1825312,218.1875,0.0,214.21875,27.07587,53.999985,79.01001,1.0,57.68,112.84375,-4.055786,-7.659912,68.06641,55.16815,2.3583984,57.78,57.84,57.52,57.38,0
26836.795,0.018803528,2.0333023,0.6437853,0.64720374,101.60007,16.541367,13.982327,3.0277054,290.80417,108.65884,75.559,0.0,4.6,25.601,48.801,0.0,99.248116,2.0,0.0,447.0,208.125,2663.0,0.0,-13.1484375,0.2805786,136.19203,19140.283,19291.525,1100.0834,503.8732,46.946438,45.420414,0.0,3.2710252,3.0,61.819458,25.827269,11.624985,10.124987,2.792,0.0,-20.257812,0.37591553,0.0,0.0,0.0,0.0,0.0,0.99121094,1.0,57.5119,3.1250002,122.46971,123.00095,0.0,93.99995,37.597656,0.0,130.0147,122.73452,492.0,549.375,0.14602496,216.1875,0.0,214.0625,27.07587,53.999985,78.6438,1.0,57.88,112.78125,-4.3151855,-7.1624756,68.151855,55.47943,2.3486328,58.18,58.12,57.63,57.63,0
26836.836,0.015042822,2.0320709,0.6437239,0.6463985,101.599945,16.541367,13.982942,3.0359826,290.74796,109.08658,75.598,0.0,4.6,25.601,48.801,0.0,99.248116,2.0,0.0,447.0,208.125,2674.0,0.0,-13.390625,0.28100586,136.20862,19221.477,19281.441,1100.0834,503.8732,46.480156,45.67475,0.0,3.24182,3.0,61.579895,25.800932,11.249986,10.124987,2.756,0.0,-19.84375,0.37756348,0.0,0.0,0.0,0.0,0.0,0.99121094,1.0,57.57904,3.1250002,122.52664,122.93475,0.0,93.999954,37.597656,0.0,129.92348,122.83402,491.625,549.375,0.11681997,216.1875,0.0,213.875,27.542696,53.999985,78.50952,1.0,58.23,113.28125,-4.562378,-6.8969727,68.029785,55.381775,2.3388672,58.35,58.34,57.68,57.65,0
26836.877,0.012034258,2.0315783,0.6440388,0.64936566,101.59984,16.541367,13.983372,3.0514495,290.88208,109.70829,75.641,0.0,4.6,25.601,48.801,0.0,99.248116,2.0,0.0,447.0,208.125,2688.0,0.0,-13.3203125,0.28308105,136.6232,19162.041,19301.607,1100.0834,503.8732,47.30675,45.8867,0.0,3.2184563,3.0,62.0224,25.77723,11.624985,10.124987,2.776,0.0,-19.875,0.38134766,0.0,0.0,0.0,0.0,0.0,0.9951172,1.0,57.598877,3.1250002,122.63315,123.557655,0.0,93.99996,37.79297,0.0,129.98152,122.99156,492.0,549.375,0.09345598,216.375,0.0,215.09375,27.542696,53.999985,78.83911,1.0,58.39,114.40625,-4.812622,-7.0770264,67.84668,54.774475,2.3291016,58.6,58.58,58.2,58.12,0
26836.916,-0.010372593,2.0126314,0.64492375,0.6880673,101.59974,16.541367,13.983672,3.1053941,288.8516,109.388306,75.681,0.0,4.6,25.601,48.801,0.0,99.248116,2.0,0.0,446.625,208.5,2699.0,0.0,-13.3984375,0.31274414,141.1588,19236.865,19292.055,1100.0834,503.8732,46.458958,45.780727,0.0,3.199765,3.0,61.569214,25.755896,11.624985,10.499987,2.788,0.0,-19.875,0.3850708,0.0,0.0,0.0,0.0,0.0,0.9921875,1.0,57.626343,3.1250002,123.00488,130.04846,0.0,93.99996,40.625,0.0,129.8903,130.21368,492.0,549.375,0.07476478,217.0,0.0,234.03125,28.476347,53.999985,79.05884,1.0,58.64,115.53125,-4.9987793,-3.62854,70.23926,60.154724,2.3266602,58.97,58.91,58.52,58.46,0
26836.955,-0.028298074,1.9863026,0.66624445,0.8796681,101.599655,16.541367,13.966305,3.6657534,286.58008,109.33229,75.721,0.0,4.6,25.601,48.801,0.0,99.248116,2.0,0.0,446.625,207.75,2719.0,0.0,-13.640625,0.43048096,161.58138,19236.865,19632.746,1100.0834,504.13855,52.499474,48.15454,0.0,3.184812,3.0,64.83917,25.661509,11.249986,9.749988,2.788,0.0,-19.5,0.38323975,0.0,0.0,0.0,0.0,0.0,0.9941406,1.0,57.902527,3.1250002,126.867294,161.80426,0.0,93.99996,61.523438,0.0,128.7875,161.92963,492.0,549.75,0.059811827,224.0625,0.0,372.15625,48.08301,53.999985,78.49121,1.0,59.04,114.96875,-4.702759,35.62317,79.418945,99.998474,2.4975586,59.2,59.2,58.61,58.43,0
26836.994,-0.02263846,1.9757712,0.6750874,1.2737216,101.59958,16.541367,13.965866,3.7775285,286.75513,110.16354,75.76,0.0,4.6,25.601,48.801,0.0,99.248116,2.0,0.0,446.625,207.375,2738.0,0.0,-13.4140625,0.6224365,213.13121,19447.543,19728.268,1100.0834,504.13855,53.834743,49.1295,0.0,3.1728497,3.0,65.55328,25.576561,11.249986,9.374988,2.812,0.0,-17.0625,0.0,0.0,0.0,0.0,0.0,0.0,0.99609375,1.0,58.052063,3.1250002,127.63767,226.43802,0.0,93.99996,99.90234,0.0,128.55533,226.48093,492.75,549.375,0.04784946,226.40625,0.0,439.875,70.49063,53.999985,78.68652,1.0,59.33,0.0,-4.092407,76.89514,99.998474,99.998474,2.9541016,59.53,59.58,59.05,59.09,0
26837.04,-0.018110769,1.9528085,0.7002686,1.2754594,101.59951,16.541367,13.9597,3.9204562,284.5855,110.2085,75.798,0.0,4.6,25.601,48.801,0.0,99.248116,2.0,0.0,444.75,207.0,2760.0,0.0,-8.8359375,0.6514282,222.35992,19991.48,19986.705,1100.0834,504.13855,51.524513,51.12181,0.0,3.3195298,3.0,64.305115,25.500107,11.249986,8.999989,2.972,0.0,-12.6875,0.0,0.0,0.0,0.0,0.0,0.0,1.0,1.0,58.267212,3.1250002,128.62279,223.8192,0.0,93.99996,99.90234,0.0,129.43425,223.86073,494.25,544.875,0.19452956,232.9375,0.0,439.875,77.026184,53.999985,80.895996,1.0,59.66,0.0,-2.871704,74.76807,99.998474,99.998474,3.2885742,60.0,59.95,59.35,59.3,0
26837.076,-0.054488614,1.9623735,0.72400147,1.2815213,101.59945,16.541367,13.955383,4.2850146,286.7055,111.63291,75.843,0.0,4.6,25.601,48.801,2.0,99.248116,2.0,0.0,445.125,206.25,2775.0,0.0,-5.6015625,0.6548462,223.9851,20472.8,20000.502,1100.0834,504.40387,47.497505,52.75381,0.0,3.280624,3.0,62.147522,25.4313,10.874986,8.2499895,2.98,0.0,-8.6171875,0.0,0.0,0.0,0.0,0.0,0.0,0.9970703,1.0,58.528137,3.1250002,131.13559,222.88834,0.0,93.99996,99.90234,0.0,131.68134,223.12276,495.0,541.5,0.15562366,241.78125,0.0,439.6875,78.42666,53.999985,84.124756,1.0,60.06,0.0,-1.651001,72.4823,99.998474,99.998474,3.5546875,60.21,60.25,59.43,59.41,0
26837.115,-0.083590895,2.0036993,0.73683167,1.2797832,101.59939,16.541367,13.940643,4.702204,291.14328,113.68763,75.881,0.0,4.6,25.601,48.801,2.0,99.248116,2.0,0.0,444.75,206.625,2783.0,0.0,-5.2734375,0.6559448,225.06303,20497.742,20000.502,1100.0834,504.40387,47.773037,54.8309,0.0,3.249499,3.0,62.295532,25.369371,10.499987,8.624989,3.064,0.0,-3.6015625,0.0,0.0,0.0,0.0,0.0,0.0,0.9980469,1.0,58.825684,3.1250002,134.01117,224.13861,0.0,93.99996,99.90234,0.0,134.72441,223.3964,496.5,541.5,0.124498926,247.78125,0.0,439.78125,78.42666,53.999985,87.56714,1.0,60.31,0.0,-0.43029785,71.606445,99.998474,99.998474,3.647461,60.47,60.49,60.08,59.89,0
26837.156,-0.08687271,2.0577297,0.7619575,1.2892361,101.599335,16.541367,13.912747,5.4612074,295.45398,115.95128,75.92,0.0,4.6,25.601,48.801,2.0,99.248116,2.0,0.0,459.375,205.125,2797.0,0.0,-5.9296875,0.6651001,228.43777,19942.66,20000.502,1100.0834,504.66922,55.869442,56.738426,0.0,3.2245994,3.0,66.58783,25.313637,9.749988,7.124991,2.248,0.0,0.4375,0.0,0.0,0.0,0.0,0.0,0.0,0.99316406,1.0,59.072876,3.1250002,139.24284,227.74304,0.0,93.99996,99.90234,0.0,139.92332,227.22719,497.25,541.875,0.099599145,254.5625,0.0,439.6875,78.42666,53.999985,93.273926,1.0,60.6,0.0,0.0,69.366455,99.998474,99.998474,3.6669922,60.95,60.83,60.31,60.38,0
26837.195,-0.069498174,2.116842,0.79645693,1.3007237,101.59929,16.541367,13.916657,6.329945,299.55264,118.35839,75.961,0.0,4.6,25.601,48.801,2.0,99.248116,2.0,0.0,457.125,203.25,2816.0,0.0,-6.15625,0.67456055,232.4344,19880.57,20000.502,1100.0834,504.66922,58.4764,58.306843,0.0,3.2046795,3.0,67.94891,25.263475,8.2499895,5.2499933,2.396,0.0,1.0859375,0.0,0.0,0.0,0.0,0.0,0.0,0.98046875,1.0,59.277344,3.1250002,145.23091,229.91528,0.0,93.99996,99.90234,0.0,145.40417,229.98834,497.625,542.25,0.07967932,263.90625,0.0,439.59375,78.893486,53.999985,99.07837,1.0,60.97,0.0,0.0,68.463135,99.998474,99.998474,3.6645508,61.24,61.21,60.47,60.56,0
26837.238,-0.05559854,2.159237,0.8355478,1.3225119,101.59924,16.541367,13.9193945,7.2953215,301.71558,120.18668,75.999,0.0,4.6,25.601,48.801,2.0,99.248116,2.0,0.0,455.625,202.125,2839.0,0.0,-6.21875,0.6866455,237.33482,19848.73,20000.502,1100.0834,504.66922,61.7192,60.82902,0.0,3.1887436,3.0,69.68689,25.21833,6.7499914,4.1249948,2.54,0.0,0.7890625,0.0,0.0,0.0,0.0,0.0,0.0,0.97558594,1.0,59.591675,3.1250002,151.8851,233.65303,0.0,93.99996,99.90234,0.0,151.73907,233.30504,499.125,542.25,0.06374346,273.6875,0.0,439.875,78.893486,53.999985,105.114746,1.0,61.32,0.0,0.0,66.72974,99.998474,99.998474,3.6669922,61.58,61.63,61.05,61.01,0
26837.275,-0.04447883,2.1949449,0.8746864,1.3380688,101.599205,16.541367,13.915451,8.251524,303.76996,121.687,76.042,0.0,4.6,25.601,48.801,2.0,99.248116,2.0,0.0,452.625,201.0,2855.0,0.0,-6.203125,0.6977539,242.21037,19774.967,20000.502,1100.0834,504.93454,65.80979,63.541954,0.0,3.175995,3.0,71.84448,25.1777,5.624993,2.9999962,2.732,0.0,0.734375,0.043518066,0.0,0.0,0.0,0.0,0.0,0.97265625,1.0,59.84955,3.1250002,158.47606,236.42012,0.0,93.99996,99.90234,0.0,158.23152,236.38127,499.875,542.25,0.050994765,278.375,0.0,439.78125,78.893486,53.999985,108.73413,1.0,61.75,13.0625,0.0,67.037964,99.1272,99.998474,3.6669922,62.12,62.05,61.26,61.37,0
26837.316,-0.035583064,2.227978,0.89519215,1.3453175,101.599174,16.541367,13.91269,8.807705,305.83948,123.15972,76.081,0.0,4.6,25.601,48.801,2.0,99.248116,2.0,0.0,450.375,200.25,2870.0,0.0,-6.1953125,0.70355225,245.51878,19866.773,20000.502,1100.0834,504.93454,66.63639,65.80979,0.0,3.009546,3.0,72.28699,25.141132,3.3749957,2.2499971,2.92,0.0,1.2734375,0.07110596,0.0,0.0,0.0,0.0,0.0,0.9736328,1.0,60.221863,3.1250002,162.30972,238.2073,0.0,93.99996,99.90234,0.0,162.93294,238.71954,501.0,542.25,-0.11545417,287.6875,0.0,439.6875,78.893486,53.999985,113.983154,1.0,62.2,21.34375,0.0,66.00342,98.59619,99.998474,3.671875,62.45,62.4,61.63,61.56,0
26837.355,-0.008466452,2.2974412,0.93913275,1.3626125,101.599144,16.541367,13.89318,9.909493,311.8048,126.91817,76.12,0.0,4.6,25.601,48.801,2.0,99.248116,2.0,0.0,447.375,199.125,2901.0,0.0,-6.203125,0.7147217,250.20363,19908.697,20000.502,1100.0834,505.1999,69.77322,69.137375,0.0,2.876387,3.0,73.93341,25.108221,2.2499971,1.1249986,3.084,0.0,1.6796875,0.11584473,0.0,0.0,0.0,0.0,0.0,0.97753906,1.0,60.72693,3.1250002,169.9042,241.44498,0.0,93.99996,99.90234,0.0,170.5199,240.59349,501.375,542.25,-0.24861333,299.96875,0.0,439.5,78.893486,53.999985,119.45801,1.0,62.55,34.75,0.0,64.05029,97.802734,99.998474,3.6694336,62.87,62.87,62.09,61.94,0
26837.396,0.033226836,2.3627264,0.980451,1.3680384,101.59911,16.541367,13.90296,11.021029,315.81784,129.17203,76.161,0.0,4.6,25.601,48.801,2.0,99.248116,2.0,0.0,444.375,198.375,2915.0,0.0,-6.4453125,0.71936035,254.00954,20051.447,20000.502,1100.0834,505.1999,70.6634,72.40137,0.0,2.7698596,3.0,74.375916,25.078602,0.74999905,0.37499952,3.248,0.0,2.84375,0.21313477,0.0,0.0,0.0,0.0,0.0,0.98046875,1.0,61.143494,3.1250002,177.56587,243.30977,0.0,93.99996,99.90234,0.0,178.1566,243.62827,501.75,542.625,-0.35514066,312.96875,0.0,439.375,79.36031,53.999985,124.42627,1.0,63.05,63.9375,0.0,63.528442,94.67163,99.998474,3.6669922,63.35,63.25,62.33,62.39,0
26837.436,0.06658147,2.4638407,1.0340345,1.3768977,101.59909,16.541367,13.903947,12.307272,323.64658,132.91898,76.2,0.0,4.6,25.601,48.801,2.0,99.248116,2.0,0.0,441.75,197.25,2927.0,0.0,-6.3828125,0.7238159,256.9614,20102.922,20000.502,1100.0834,505.1999,74.22412,75.62298,0.0,2.6846378,3.0,76.283264,25.051945,-0.37499952,-0.74999905,3.396,0.0,2.640625,0.28790283,0.0,0.0,0.0,0.0,0.0,0.9814453,1.0,61.972046,3.1250002,186.43178,244.60144,0.0,93.99996,99.90234,0.0,186.36543,243.93506,501.75,542.625,-0.4403625,328.4375,0.0,439.5,79.36031,53.999985,129.66309,1.0,63.34,86.375,0.0,62.756348,91.71753,99.998474,3.6669922,63.67,63.61,62.87,62.81,0
26837.477,0.093265176,2.5792863,1.0831139,1.3761346,101.59907,16.541367,13.892919,13.611935,331.20074,136.95084,76.241,0.0,4.6,25.601,48.801,2.0,99.248116,2.0,0.0,438.0,196.5,2947.0,0.0,-6.4140625,0.72753906,259.9713,20143.254,20000.502,1100.0834,505.4652,77.04303,79.14131,0.0,2.6164603,3.0,77.75879,25.027952,-1.8749976,-1.4999981,3.604,0.0,2.96875,0.38146973,0.0,0.0,0.0,0.0,0.0,0.984375,1.0,62.683105,3.1250002,195.42465,245.38881,0.0,93.99996,99.90234,0.0,195.31224,244.50719,502.125,542.625,-0.50854,344.8125,0.0,440.5,79.36031,53.999985,134.93652,1.0,63.74,114.4375,0.0,61.54785,88.55591,99.998474,3.6669922,64.16,64.16,63.42,63.2,0
26837.516,0.09461214,2.7004647,1.1373892,1.3916492,101.599045,16.541367,13.896918,14.991073,338.59348,141.0529,76.279,0.0,4.6,25.601,48.801,2.0,99.248116,2.0,0.0,435.75,195.375,2969.0,0.0,-6.3828125,0.7368164,265.0127,20163.95,20000.502,1100.0834,505.4652,80.94287,83.867744,0.0,2.5619183,3.0,79.84772,25.00636,-2.9999962,-2.6249967,3.76,0.0,3.5,0.44488525,0.0,0.0,0.0,0.0,0.0,0.98535156,0.99316406,63.638306,3.1250002,204.93088,248.26123,0.0,93.99996,99.90234,0.0,204.63217,247.40102,503.25,542.625,-0.563082,357.34375,0.0,439.375,79.36031,53.999985,139.99023,1.0,64.28,133.46875,0.0,59.555054,86.535645,99.998474,3.6621094,64.44,64.55,63.69,63.64,0
26837.557,0.07568971,2.823936,1.1918178,1.4127593,101.59903,16.541367,13.882139,16.423487,345.78455,145.4556,76.321,0.0,4.6,25.601,48.801,2.0,99.248116,2.0,0.0,432.75,195.0,2998.0,0.0,-6.3515625,0.7541504,272.1519,20116.72,20000.502,1100.0834,505.73056,86.36873,88.86971,0.0,2.5182848,3.0,82.72095,24.986925,-4.1249948,-2.9999962,3.972,0.0,4.0625,0.49822998,0.0,0.0,0.0,0.0,0.0,0.984375,0.9814453,64.642334,3.1250002,214.80434,252.61316,0.0,93.99996,99.90234,0.0,214.5408,252.62482,504.375,542.25,-0.60671556,372.21875,0.0,439.5,79.82713,53.999985,145.18433,1.0,64.63,149.46875,0.0,56.741333,84.61304,99.998474,3.6621094,64.98,65.04,64.16,64.08,0
26837.596,0.06055177,2.9483244,1.2472398,1.417295,101.599014,16.541367,13.889372,17.882036,352.77377,149.53412,76.36,0.0,4.6,25.601,48.801,2.0,99.248116,2.0,0.0,429.375,194.25,3021.0,0.0,-6.765625,0.7626343,277.65762,20143.254,20000.502,1100.0834,505.73056,91.79459,94.74067,0.0,2.483378,3.0,85.59265,24.969435,-5.2499933,-3.7499952,4.148,0.0,4.6640625,0.5665283,0.0,0.0,0.0,0.0,0.0,0.9824219,0.9716797,65.86914,3.1250002,224.85794,254.01979,0.0,93.99996,99.90234,0.0,224.5158,255.02113,505.125,543.0,-0.6416224,383.5625,0.0,439.5,79.82713,53.999985,150.62256,1.0,65.11,169.96875,0.0,54.32434,81.96411,99.998474,3.6621094,65.76,65.7,64.52,64.34,0
26837.637,0.048441418,3.0730798,1.3109192,1.4303509,101.599,16.541367,13.888576,19.437887,359.60648,154.14589,76.4,0.0,4.6,25.601,48.801,2.0,99.248116,2.0,0.0,423.75,194.25,3055.0,0.0,-7.046875,0.77819824,284.9129,20236.652,20000.502,1100.0834,505.73056,96.49984,101.39583,0.0,2.4554522,3.0,87.55951,24.953693,-6.374992,-3.7499952,4.444,0.0,4.7578125,0.6134033,0.0,0.0,0.0,0.0,0.0,0.9716797,0.9589844,67.21344,3.1250002,235.58224,255.99017,0.0,93.99996,99.90234,0.0,235.25362,258.14713,505.125,543.0,-0.669548,401.875,0.0,439.28125,79.82713,53.999985,156.09131,0.0,65.84,184.03125,0.0,50.360107,80.05371,99.998474,3.6621094,66.19,66.19,64.82,64.7,0
26837.676,0.018753134,3.197982,1.3708398,1.4410754,101.59898,16.541367,13.858722,20.886652,366.43713,158.82198,76.441,0.0,4.6,25.601,48.801,2.0,99.248116,2.0,0.0,412.125,194.25,3089.0,0.0,-7.1875,0.7965088,292.59937,20140.07,20000.502,1100.0834,505.73056,102.45557,107.945015,0.0,2.276862,3.0,90.16113,24.939526,-6.7499914,-3.7499952,5.028,0.0,5.0546875,0.6583252,0.0,0.0,0.0,0.0,0.0,0.95703125,0.94433594,68.725586,3.1250002,245.5684,257.7217,0.0,93.99996,99.90234,0.0,246.09921,260.30298,505.5,543.375,-0.84813833,423.5,0.0,439.875,79.82713,53.999985,160.90088,0.0,66.35,197.5,0.0,43.536377,77.22778,99.998474,3.6621094,66.8,67.06,65.45,65.34,0
26837.717,-0.024997491,3.3229427,1.3203341,1.5980865,101.59897,16.541367,13.867121,22.388002,373.0596,163.99547,76.481,0.0,4.6,25.601,48.801,2.0,99.248116,2.0,0.0,403.5,193.875,3133.0,0.0,-7.1171875,0.8253174,303.86786,20142.191,20000.502,1100.0834,505.73056,102.39198,107.86024,0.0,1.9777396,3.0,89.99176,24.926775,-7.4999905,-4.1249948,5.436,0.0,5.34375,0.6534424,0.0,0.0,0.0,0.0,0.0,0.93066406,0.9042969,69.49463,3.1250002,255.91704,309.0751,0.0,93.99996,99.90234,0.0,256.41415,267.49194,505.5,543.0,-1.1472607,452.03125,0.0,439.78125,79.82713,53.999985,163.82446,0.0,67.21,196.03125,0.0,17.410278,75.512695,92.92297,3.6572266,67.61,67.64,66.0,65.92,0
26837.756,-0.09999799,3.4666772,1.3906684,1.5980865,101.59896,16.541367,13.8788595,24.344315,381.3281,167.41624,76.521,0.0,4.6,25.601,48.801,2.0,99.248116,2.0,0.0,401.25,194.25,3129.0,0.0,-7.1484375,0.8244629,303.88443,19959.11,20000.502,1100.0834,505.73056,106.31302,109.72538,0.0,1.4259417,3.0,92.07306,24.9153,-7.87499,-7.124991,5.46,0.0,5.140625,0.65026855,0.0,0.0,0.0,0.0,0.0,0.9042969,0.921875,69.869995,3.1250002,269.40167,309.2801,0.0,93.99996,99.90234,0.0,269.87167,267.35098,505.5,543.375,-1.6990585,397.71875,0.0,448.5,79.82713,53.999985,170.63599,0.0,67.77,195.09375,0.015258789,1.2207031,75.77515,77.01111,3.3374023,68.3,68.3,66.4,66.29,0
26837.797,-0.1799984,3.6554213,1.4524872,1.5980017,101.59895,16.541367,13.892936,26.06877,392.56528,173.01073,76.56,0.0,4.6,25.601,48.801,2.0,99.248116,2.0,0.0,401.25,189.75,3141.0,0.0,-7.203125,0.8378296,309.87106,20031.281,20000.502,1100.0834,505.73056,111.37857,114.812126,0.0,1.2970034,3.0,94.158936,24.904972,-7.87499,-8.2499895,5.544,0.0,5.4140625,0.63397217,0.0,0.0,0.0,0.0,0.0,0.9082031,0.921875,70.79315,3.1250002,281.28815,308.98376,0.0,93.99996,99.90234,0.0,280.99918,267.45877,505.875,543.375,-1.8279969,410.75,0.0,440.0,79.82713,53.999985,174.50562,0.0,68.31,190.1875,-0.43945312,-12.219238,74.89624,62.23755,2.9418945,68.75,68.81,67.14,66.91,0
26837.838,-0.22399873,3.824669,1.4496708,1.5987647,101.598946,16.541367,13.902789,25.643162,400.01923,181.23505,76.6,0.0,4.6,25.601,48.801,2.0,99.248116,2.0,0.0,394.125,189.375,3229.0,0.0,-7.1328125,0.8487549,314.60568,20085.941,20000.502,1100.0834,505.73056,107.902626,111.993225,0.0,1.1938528,3.0,91.18652,24.895678,-8.2499895,-8.624989,5.84,0.0,5.6796875,0.6845703,0.0,0.0,0.0,0.0,0.0,0.9091797,0.93066406,71.15173,3.1250002,278.35446,306.60703,0.0,93.99996,99.90234,0.0,278.92627,266.2067,505.5,543.375,-1.9311475,407.125,0.0,439.6875,79.82713,53.999985,175.09155,0.0,69.05,205.375,-0.96435547,-10.369873,71.624756,60.290527,2.524414,69.84,69.74,67.57,67.47,0
26837.877,-0.25919896,3.8548675,1.4404057,1.5990192,101.59894,16.541367,13.903828,25.140768,397.03262,182.05453,76.642,0.0,4.6,25.601,48.801,2.0,99.248116,2.0,0.0,395.625,189.375,3268.0,0.0,-6.3203125,0.8588257,319.4232,19953.273,20000.502,1100.0834,505.73056,108.771614,110.31883,0.0,1.1113324,3.0,90.94238,24.887312,-8.2499895,-8.624989,5.644,0.0,5.453125,0.6994629,0.0,0.0,0.0,0.0,0.0,0.9238281,0.9238281,71.25397,3.1250002,274.8915,304.6865,0.0,93.99996,99.90234,0.0,275.64273,265.48532,506.25,542.25,-2.0136678,405.78125,0.0,440.0,79.82713,53.999985,174.05396,0.0,70.25,209.84375,-1.1383057,-9.335327,70.70923,60.235596,2.3876953,70.83,71.37,68.11,68.05,0
26837.916,-0.30735916,3.848197,1.4105918,1.599146,101.59893,16.541367,13.898695,24.191069,395.5412,182.14764,76.679,0.0,4.6,25.601,48.801,2.0,99.248116,2.0,0.0,393.75,189.375,3282.0,0.0,-6.0,0.85028076,318.06332,19907.635,20000.502,1100.0834,505.73056,105.952705,107.88143,0.0,1.201566,3.0,89.47449,24.879784,-8.2499895,-8.624989,5.68,0.0,5.0546875,0.72351074,0.0,0.0,0.0,0.0,0.0,0.9394531,0.9238281,71.08307,3.1250002,268.34534,303.5722,0.0,93.99996,99.90234,0.0,268.88498,264.9049,506.25,541.875,-1.9234343,402.3125,0.0,440.09375,79.82713,53.999985,171.75903,0.0,71.0,217.0625,-1.2969971,-7.281494,70.062256,61.473083,2.3779297,71.68,71.26,68.66,68.3,0
26837.955,-0.38588732,3.920529,1.3951012,1.599019,101.59892,16.541367,13.877523,23.924213,402.0374,184.293,76.721,0.0,4.6,25.601,48.801,2.0,99.248116,2.0,0.0,396.75,189.375,3267.0,0.0,-6.1328125,0.8397217,314.81296,19858.283,20000.502,1100.0834,505.73056,106.20705,107.18201,0.0,1.4300028,3.0,89.60724,24.873007,-8.2499895,-8.624989,5.512,0.0,5.640625,0.72198486,0.0,0.0,0.0,0.0,0.0,0.9423828,0.9238281,70.82672,3.1250002,266.50592,304.68442,0.0,93.99996,99.90234,0.0,266.9861,264.74738,506.25,542.25,-1.6949974,398.03125,0.0,440.09375,79.82713,53.999985,169.7815,0.0,71.52,216.59375,-1.3641357,-2.1972656,70.92285,67.35077,2.4023438,71.2,71.5,69.17,68.97,0
26837.996,-0.44870985,4.043212,1.3766913,1.5990189,101.598915,16.541367,13.880281,23.463411,409.96893,188.04385,76.76,0.0,4.6,25.601,48.801,2.0,99.248116,2.0,0.0,397.125,189.375,3269.0,0.0,-6.1796875,0.8306885,311.79477,20063.121,20000.502,1100.0834,505.73056,103.70606,107.18201,0.0,1.6127523,3.0,88.305664,24.866909,-8.2499895,-8.624989,5.5,0.0,6.34375,0.7363281,0.0,0.0,0.0,0.0,0.0,0.94433594,0.9267578,70.74127,3.1250002,263.32965,305.1951,0.0,93.99996,99.90234,0.0,263.9099,264.68933,506.25,542.25,-1.5122479,391.28125,0.0,440.0,79.82713,53.999985,168.0603,0.0,71.37,220.90625,-1.3305664,1.2756348,70.928955,70.86334,2.4707031,71.87,71.66,70.04,69.91,0
26838.04,-0.47896788,4.1297846,1.3644663,1.5992309,101.59891,16.541367,13.876353,23.099138,412.93317,191.14165,76.801,0.0,4.6,25.601,48.801,2.0,99.248116,2.0,0.0,398.25,189.375,3299.0,0.0,-6.1875,0.8260498,310.40176,19963.887,20000.502,1100.0834,505.73056,103.79084,105.9951,0.0,1.7589519,3.0,87.8006,24.86142,-8.2499895,-8.624989,5.456,0.0,6.7890625,0.7607422,0.0,0.0,0.0,0.0,0.0,0.9394531,0.92285156,70.32318,3.1250002,260.81876,304.81458,0.0,93.99996,99.90234,0.0,261.55505,264.5152,506.25,542.25,-1.3660483,390.8125,0.0,440.0,79.82713,53.999985,167.0105,0.0,71.9,228.21875,-1.1535645,2.8411865,70.30029,71.977234,2.5805664,71.77,71.92,70.35,70.27,0
26838.076,-0.54317427,4.0894136,1.3608346,1.5993583,101.5989,16.541367,13.867744,22.901243,407.20297,189.57478,76.845,0.0,4.6,25.601,48.801,2.0,99.248116,2.0,0.0,400.5,189.75,3318.0,0.0,-6.1875,0.82666016,310.99048,19937.354,20000.502,1100.0834,505.73056,104.27832,105.69837,0.0,1.8759116,3.0,88.053894,24.85648,-7.87499,-8.2499895,5.292,0.0,6.71875,0.7744751,0.0,0.0,0.0,0.0,0.0,0.94140625,0.92285156,70.49408,3.1250002,259.45468,303.96338,0.0,93.99996,99.90234,0.0,260.2035,264.23328,506.625,542.25,-1.2490886,390.84375,0.0,440.0,79.82713,53.999985,166.47949,0.0,72.06,232.34375,-0.9094238,4.4067383,69.940186,73.42682,2.6513672,72.47,72.38,71.09,70.91,0
26838.115,-0.5745394,4.0170155,1.3608915,1.5996124,101.5989,16.541367,13.861718,22.77121,402.65436,189.77354,76.879,0.0,4.6,25.601,48.801,2.0,99.248116,2.0,0.0,399.75,189.75,3359.0,0.0,-6.234375,0.8276367,311.71185,19927.27,20000.502,1100.0834,505.73056,103.9392,105.63479,0.0,2.1257293,3.0,87.734985,24.852034,-7.87499,-8.2499895,5.292,0.0,6.6640625,0.7944336,0.0,0.0,0.0,0.0,0.0,0.9423828,0.92089844,70.82672,3.1250002,258.55838,303.307,0.0,93.99996,99.90234,0.0,259.15872,263.85184,506.625,542.25,-0.9992709,392.3125,0.0,440.0,79.82713,53.999985,166.36963,0.0,72.64,238.34375,-0.69885254,4.5684814,69.42139,73.27423,2.7197266,73.08,73.08,71.56,71.3,0
26838.156,-0.5596315,3.9693065,1.3577774,1.5997397,101.5989,16.541367,13.84578,22.645565,401.36343,189.95354,76.921,0.0,4.6,25.601,48.801,2.0,99.248116,2.0,0.0,399.0,189.75,3373.0,0.0,-6.1953125,0.82995605,312.59906,20018.545,20000.502,1100.0834,505.73056,103.17619,106.588554,0.0,2.3255835,3.0,86.798096,24.848032,-7.87499,-8.2499895,5.288,0.0,6.5390625,0.80718994,0.0,0.0,0.0,0.0,0.0,0.9404297,0.91796875,71.040344,3.1250002,257.69232,302.5273,0.0,93.99996,99.90234,0.0,258.32126,263.35434,506.625,542.25,-0.7994167,392.78125,0.0,440.0,79.82713,53.999985,165.81421,0.0,73.23,242.15625,-0.5126953,5.8654785,69.018555,74.34845,2.758789,73.82,73.93,71.96,71.92,0
26838.195,-0.5677052,3.9314728,1.3695887,1.5999515,101.5989,16.541367,13.863921,22.88743,399.92877,191.12633,76.96,0.0,4.6,25.601,48.801,2.0,99.248116,2.0,0.0,397.5,189.375,3406.0,0.0,-6.1875,0.8361206,314.90417,19987.766,20000.502,1100.0834,505.73056,104.596245,107.033646,0.0,2.485467,3.0,86.99951,24.84443,-8.2499895,-8.624989,5.336,0.0,6.421875,0.81414795,0.0,0.0,0.0,0.0,0.0,0.9345703,0.91308594,71.27991,3.1250002,259.35947,301.8825,0.0,93.99996,99.90234,0.0,260.04596,262.77393,506.625,542.25,-0.6395334,389.4375,0.0,440.0,79.82713,53.999985,166.80298,0.0,74.06,244.25,-0.42419434,2.017212,68.59741,70.16144,2.7661133,74.55,74.22,72.74,72.47,0
26838.238,-0.57416415,3.8975892,1.3800336,1.600121,101.5989,16.541367,13.882479,23.012777,398.49988,191.72949,77.0,0.0,4.6,25.601,48.801,2.0,99.248116,2.0,0.0,397.125,189.0,3429.0,0.0,-5.8671875,0.84375,317.7897,19861.467,20000.502,1100.0834,505.73056,106.94886,106.65214,0.0,2.6133735,3.0,88.07678,24.84119,-8.624989,-8.999989,5.344,0.0,6.5,0.8226929,0.0,0.0,0.0,0.0,0.0,0.9296875,0.9082031,71.61255,3.1250002,260.22348,300.60156,0.0,93.99996,99.90234,0.0,260.94147,262.3096,507.0,541.875,-0.5116267,387.5,0.0,440.0,79.82713,53.999985,167.83447,0.0,74.47,246.8125,-0.3265381,0.30212402,68.10913,68.04962,2.775879,74.71,75.0,73.1,72.93,0
26838.275,-0.5393313,3.8465357,1.3803403,1.600121,101.5989,16.541367,13.883751,23.018684,395.75192,190.35185,77.042,0.0,4.6,25.601,48.801,2.0,99.248116,2.0,0.0,394.5,189.0,3428.0,0.0,-5.859375,0.84924316,319.85434,19860.406,20000.502,1100.0834,505.73056,106.48258,106.86408,0.0,2.715699,3.0,87.83722,24.838274,-8.624989,-8.999989,5.412,0.0,6.5546875,0.8145752,0.0,0.0,0.0,0.0,0.0,0.921875,0.9091797,71.987915,3.1250002,260.2642,300.502,0.0,93.99996,99.90234,0.0,260.6927,261.85355,507.0,541.875,-0.40930137,387.65625,0.0,440.0,79.82713,53.999985,167.81616,0.0,74.9,244.375,-0.28686523,0.98876953,68.029785,68.69049,2.7612305,75.09,75.0,73.69,73.58,0
26838.316,-0.5114651,3.8261144,1.3837696,1.600333,101.5989,16.541367,13.902219,23.081278,395.8482,192.06442,77.081,0.0,4.6,25.601,48.801,2.0,99.248116,2.0,0.0,394.875,189.0,3458.0,0.0,-5.65625,0.8510132,320.5177,19926.74,20000.502,1100.0834,505.73056,106.63094,108.241745,0.0,2.7975593,3.0,87.37488,24.83565,-8.624989,-8.999989,5.412,0.0,6.7890625,0.83239746,0.0,0.0,0.0,0.0,0.0,0.921875,0.9033203,72.1344,3.1250002,260.69565,300.48544,0.0,93.99996,99.90234,0.0,261.33945,261.57993,507.0,541.875,-0.3274411,389.4375,0.0,440.0,79.82713,53.999985,168.34106,0.0,75.27,249.71875,-0.30822754,0.0,67.67578,67.326355,2.7197266,75.59,75.46,74.27,74.11,0
26838.355,-0.46917206,3.817946,1.3883554,1.6005026,101.5989,16.541367,13.88585,23.105244,395.9251,193.3239,77.121,0.0,4.6,25.601,48.801,2.0,99.248116,2.0,0.0,389.625,188.625,3480.0,0.0,-5.390625,0.8577881,323.07153,19813.176,20000.502,1100.0834,505.73056,108.94117,107.81785,0.0,2.8630474,3.0,88.55438,24.833286,-8.999989,-9.374988,5.608,0.0,6.96875,0.83966064,0.0,0.0,0.0,0.0,0.0,0.9169922,0.9033203,72.28699,3.1250002,260.86084,299.5494,0.0,93.99996,99.90234,0.0,261.65454,261.18192,507.375,541.5,-0.26195288,384.8125,0.0,439.875,79.82713,53.999985,168.77441,0.0,75.78,251.90625,-0.34484863,0.2593994,67.51099,67.37213,2.6757812,76.1,76.04,74.63,74.51,0
26838.396,-0.39533767,3.7771783,1.3945082,1.600757,101.5989,16.541367,13.903688,23.194962,392.94965,193.91103,77.161,0.0,4.6,25.601,48.801,0.0,99.248116,2.0,0.0,389.625,188.625,3517.0,0.0,-5.3828125,0.86517334,325.85757,19941.598,20000.502,1100.0834,505.73056,109.59821,109.83135,0.0,2.915438,3.0,88.34839,24.83116,-8.999989,-9.374988,5.572,0.0,7.03125,0.854126,0.0,0.0,0.0,0.0,0.0,0.91308594,0.9003906,72.97058,3.1250002,261.47925,298.9078,0.0,93.99996,99.90234,0.0,261.895,260.54346,507.375,541.5,-0.2095623,391.34375,0.0,440.0,79.82713,53.999985,169.24438,0.0,76.18,256.25,-0.39978027,0.36010742,67.24243,67.14325,2.6269531,76.78,76.69,75.5,75.17,0
26838.436,-0.33627015,3.7421212,1.3955935,1.6008418,101.5989,16.541367,13.916176,23.250042,391.51724,194.02818,77.2,0.0,4.6,25.601,48.801,0.0,99.248116,2.0,0.0,361.125,187.875,3532.0,0.0,-5.2578125,0.8670044,326.5375,19808.93,20000.502,1100.0834,505.73056,112.77743,110.55198,0.0,2.9573505,3.0,89.4104,24.829247,-8.999989,-10.124987,6.9,0.0,8.109375,0.8590698,0.0,0.0,0.0,0.0,0.0,0.91015625,0.89746094,73.49243,3.1250002,261.85892,299.19702,0.0,93.99996,99.90234,0.0,262.37595,260.1869,507.375,541.5,-0.16764985,379.0625,0.0,440.0,79.82713,53.999985,169.53125,0.0,76.82,257.71875,-0.4699707,-0.15563965,67.15698,66.43524,2.6220703,77.0,77.07,75.68,75.59,0
26838.477,-0.26901612,3.7280984,1.3971357,1.6009265,101.5989,16.541367,13.919057,23.253067,391.8526,194.96413,77.241,0.0,4.6,25.601,48.801,0.0,99.248116,2.0,0.0,359.625,188.25,3546.0,0.0,-4.671875,0.87042236,327.8393,19851.914,20000.502,1100.0834,505.73056,113.60403,111.357376,0.0,2.9908803,3.0,89.83002,24.827524,-8.624989,-9.749988,6.916,0.0,8.109375,0.8654785,0.0,0.0,0.0,0.0,0.0,0.9091797,0.89746094,73.51837,3.1250002,261.87976,298.9552,0.0,93.99996,99.90234,0.0,262.5169,259.83035,507.375,540.75,-0.13411988,381.0625,0.0,440.0,79.82713,53.999985,169.64722,0.0,77.22,259.65625,-0.5432129,-1.7364502,67.04712,64.6225,2.6000977,77.73,77.63,76.5,76.41,0
26838.516,-0.2152129,3.7224894,1.396692,1.6010114,101.5989,16.541367,13.921074,23.272657,391.87802,196.02148,77.279,0.0,4.6,25.601,48.801,0.0,99.248116,2.0,0.0,360.375,188.25,3565.0,0.0,-4.7265625,0.8692627,327.40814,19865.713,20000.502,1100.0834,505.73056,113.158936,110.95467,0.0,3.0177042,3.0,89.07471,24.825974,-8.624989,-9.749988,6.888,0.0,8.3125,0.87719727,0.0,0.0,0.0,0.0,0.0,0.9042969,0.8955078,73.79913,3.1250002,262.0148,299.15082,0.0,93.99996,99.90234,0.0,262.5915,259.47382,507.75,540.75,-0.10729591,382.4375,0.0,440.0,79.82713,53.999985,169.7937,0.0,77.77,263.15625,-0.592041,-2.3651123,66.86401,63.72528,2.5830078,78.02,78.06,76.67,76.84,0
26838.557,-0.17217033,3.701496,1.4026372,1.6011808,101.5989,16.541367,13.916627,23.218704,390.44748,197.1138,77.321,0.0,4.6,25.601,48.801,0.0,99.248116,2.0,0.0,360.0,188.25,3598.0,0.0,-4.53125,0.873291,328.92554,19916.125,20000.502,1100.0834,505.73056,114.47301,112.65026,0.0,3.0391636,3.0,89.1983,24.749392,-8.624989,-9.749988,6.876,0.0,8.53125,0.9012451,0.0,0.0,0.0,0.0,0.0,0.9003906,0.8925781,73.82507,3.1250002,261.6429,298.30087,0.0,93.99996,99.90234,0.0,262.37595,258.93484,507.75,540.75,-0.08583673,377.3125,0.0,440.0,79.82713,53.999985,169.9707,0.0,78.15,270.375,-0.680542,-2.9754639,66.47949,62.550354,2.5708008,78.55,78.53,77.3,77.36,0
26838.596,-0.117736265,3.6555986,1.4057919,1.6013929,101.5989,16.541367,13.936952,23.26167,387.47256,196.86237,77.36,0.0,4.6,25.601,48.801,0.0,99.248116,2.0,0.0,356.625,188.25,3621.0,0.0,-4.5,0.88165283,332.0598,19827.504,20000.502,1100.0834,505.73056,115.99904,112.75623,0.0,3.056331,3.0,89.83612,24.680468,-8.624989,-9.749988,6.932,0.0,8.640625,0.90216064,0.0,0.0,0.0,0.0,0.0,0.8955078,0.890625,74.10736,3.1250002,261.93906,297.14136,0.0,93.99996,99.90234,0.0,262.55005,258.40417,507.75,540.375,-0.068669386,378.65625,0.0,440.0,79.82713,53.999985,170.33691,0.0,78.78,270.65625,-0.76904297,-3.9276123,66.45508,61.405945,2.5610352,78.97,79.02,77.9,77.9,0
26838.637,-0.07418901,3.5809896,1.4047599,1.6014775,101.5989,16.541367,13.93946,23.120674,382.80338,195.29579,77.401,0.0,4.6,25.601,48.801,0.0,99.248116,2.0,0.0,357.375,188.625,3636.0,0.0,-4.53125,0.8861084,333.73474,19808.93,20000.502,1100.0834,505.73056,115.57514,111.48454,0.0,3.0700648,3.0,89.62402,24.618435,-8.2499895,-9.374988,6.916,0.0,8.7265625,0.9052124,0.0,0.0,0.0,0.0,0.0,0.8925781,0.890625,74.10736,3.1250002,260.9672,296.2857,0.0,93.99996,99.90234,0.0,261.57993,258.03934,508.125,540.75,-0.05493551,384.03125,0.0,440.0,79.82713,53.999985,170.1294,0.0,79.16,271.5625,-0.869751,-1.8951416,66.37573,63.197327,2.5146484,79.4,79.43,78.28,78.28,0
26838.676,6.4879283E-4,3.551146,1.4068389,1.6016471,101.5989,16.541367,13.929497,23.03573,382.92163,197.12915,77.441,0.0,4.6,25.601,48.801,0.0,99.248116,2.0,0.0,355.875,188.625,3669.0,0.0,-4.4765625,0.89349365,336.52078,19920.371,20000.502,1100.0834,505.73056,115.29961,112.31114,0.0,3.0810518,3.0,88.95111,24.562607,-8.2499895,-9.374988,6.924,0.0,8.7890625,0.9169922,0.0,0.0,0.0,0.0,0.0,0.89453125,0.8876953,74.10736,3.1250002,260.38168,295.2063,0.0,93.99996,99.90234,0.0,261.01608,257.50037,508.125,540.75,-0.04394841,383.1875,0.0,440.0,79.82713,53.999985,169.99512,0.0,79.74,275.09375,-0.9246826,-1.4404297,66.033936,63.206482,2.4829102,80.15,80.09,78.91,78.87,0
26838.717,0.080519035,3.5392084,1.4091171,1.6018168,101.5989,16.541367,13.922523,23.01284,382.8951,198.51233,77.479,0.0,4.6,25.601,48.801,0.0,99.248116,2.0,0.0,354.375,188.625,3695.0,0.0,-4.5703125,0.90075684,339.26535,19979.275,20000.502,1100.0834,505.73056,114.72735,112.28995,0.0,3.0898416,3.0,88.13782,24.512362,-8.2499895,-9.374988,6.94,0.0,8.8359375,0.91833496,0.0,0.0,0.0,0.0,0.0,0.8935547,0.8857422,74.10736,3.1250002,260.2239,294.6161,0.0,93.99996,99.90234,0.0,260.6927,256.8536,508.125,540.75,-0.035158727,380.21875,0.0,440.0,79.82713,53.999985,170.22705,0.0,80.24,275.5,-0.982666,-1.8676758,65.94238,62.52594,2.475586,80.62,80.69,79.1,79.19,0
26838.756,0.14441523,3.5344334,1.4072021,1.6019439,101.5989,16.541367,13.911781,22.935883,383.14398,199.71655,77.521,0.0,4.6,25.601,48.801,0.0,99.248116,2.0,0.0,353.25,188.625,3715.0,0.0,-4.578125,0.90460205,340.6998,19903.92,20000.502,1100.0834,505.73056,116.316956,113.03177,0.0,3.0968733,3.0,88.79089,24.46714,-7.87499,-9.374988,6.944,0.0,8.96875,0.9248657,0.0,0.0,0.0,0.0,0.0,0.890625,0.8828125,74.10736,3.1250002,259.69345,294.32153,0.0,93.99996,99.90234,0.0,260.32785,256.53024,508.125,540.75,-0.028126983,378.5625,0.0,440.0,79.82713,53.999985,170.06226,0.0,80.81,277.46875,-1.0467529,-2.6947021,65.66162,61.32965,2.475586,81.22,81.09,79.8,79.8,0
26838.797,0.19553217,3.5512733,1.4118519,1.6021558,101.5989,16.541367,13.921841,22.914349,384.70413,202.527,77.56,0.0,4.6,25.601,48.801,0.0,99.248116,2.0,0.0,351.375,189.0,3752.0,0.0,-4.625,0.9146118,344.48914,19804.686,20000.502,1100.0834,505.73056,118.13971,113.26491,0.0,3.1024988,3.0,89.175415,24.426441,-7.87499,-8.999989,6.992,0.0,9.8984375,0.9338379,0.0,0.0,0.0,0.0,0.0,0.8857422,0.8798828,74.10736,3.1250002,259.545,293.1897,0.0,93.99996,99.90234,0.0,260.0874,255.82544,508.5,540.75,-0.022501586,383.53125,0.0,440.0,79.82713,53.999985,170.36133,0.0,81.25,280.15625,-1.1413574,-2.8900146,65.112305,60.343933,2.4682617,81.59,81.68,80.12,80.18,0
26838.838,0.25642574,3.5580094,1.410728,1.6022406,101.5989,16.541367,13.923022,22.843164,384.98416,203.26862,77.6,0.0,4.6,25.601,48.801,0.0,99.248116,2.0,0.0,350.25,189.0,3763.0,0.0,-4.6015625,0.91741943,345.5422,19783.457,20000.502,1100.0834,505.73056,119.24184,113.62522,0.0,3.106999,3.0,89.72168,24.389812,-7.87499,-8.999989,7.012,0.0,10.015625,0.93792725,0.0,0.0,0.0,0.0,0.0,0.8886719,0.8798828,74.10736,3.1250002,259.05435,292.75107,0.0,93.99996,99.90234,0.0,259.6065,255.51865,508.5,540.75,-0.01800127,383.28125,0.0,439.875,79.82713,53.999985,170.16602,0.0,81.82,281.375,-1.2268066,-2.6763916,64.886475,60.264587,2.4560547,82.31,82.5,80.78,80.87,0
26838.877,0.2651406,3.5607038,1.413208,1.6023679,101.5989,16.541367,13.917991,22.81989,385.01288,204.41823,77.642,0.0,4.6,25.601,48.801,0.0,99.248116,2.0,0.0,349.125,189.0,3784.0,0.0,-4.6875,0.92437744,348.1541,19851.914,20000.502,1100.0834,505.73056,118.92391,113.498055,0.0,3.1105993,3.0,89.43787,24.356846,-7.87499,-8.999989,7.02,0.0,9.90625,0.9397583,0.0,0.0,0.0,0.0,0.0,0.8798828,0.8779297,74.10736,3.1250002,258.89392,292.20895,0.0,93.99996,99.90234,0.0,259.36603,255.11235,508.5,540.75,-0.014401016,381.25,0.0,439.78125,79.82713,53.999985,170.40405,0.0,82.42,281.9375,-1.3122559,-3.8024902,64.61792,58.61969,2.446289,82.64,82.57,81.06,81.13,0
26838.916,0.23211247,3.5430317,1.414141,1.6024525,101.5989,16.541367,13.920328,22.805895,383.60995,204.53458,77.679,0.0,4.6,25.601,48.801,0.0,99.248116,2.0,0.0,347.625,189.375,3800.0,0.0,-4.7265625,0.92852783,349.72952,19805.215,20000.502,1100.0834,505.73056,120.301575,113.75239,0.0,3.1134794,3.0,90.119934,24.327175,-7.4999905,-8.624989,7.06,0.0,9.8984375,0.94281006,0.0,0.0,0.0,0.0,0.0,0.8779297,0.8779297,74.10736,3.1250002,258.79745,291.78616,0.0,93.99996,99.90234,0.0,259.36603,254.7641,508.875,540.75,-0.011520813,385.40625,0.0,439.875,79.82713,53.999985,170.69702,0.0,82.75,282.84375,-1.4099121,-4.2419434,64.367676,57.82013,2.4365234,83.21,83.11,81.61,81.65,0
26838.955,0.24568997,3.5359628,1.4156878,1.6026646,101.5989,16.541367,13.910245,22.715345,383.6208,206.15514,77.72,0.0,4.6,25.601,48.801,0.0,99.248116,2.0,0.0,346.5,189.375,3830.0,0.0,-4.796875,0.9346924,352.0512,19733.045,20000.502,1100.0834,505.73056,122.633,114.176285,0.0,3.1157837,3.0,90.737915,24.225285,-7.4999905,-8.624989,7.064,0.0,9.9453125,0.95288086,0.0,0.0,0.0,0.0,0.0,0.87597656,0.875,74.10736,3.1250002,258.1733,290.87756,0.0,93.99996,99.90234,0.0,258.67783,254.24171,508.875,540.75,-0.00921665,380.8125,0.0,439.78125,79.82713,53.999985,170.8252,0.0,83.37,285.875,-1.4923096,-3.1524658,63.708496,58.04596,2.4047852,83.48,83.45,81.95,82.14,0
26838.996,0.25655198,3.5331354,1.4138279,1.6027068,101.5989,16.541367,13.932484,22.559763,383.90088,206.73659,77.759,0.0,4.6,25.601,48.801,0.0,99.248116,2.0,0.0,345.0,189.375,3838.0,0.0,-4.7578125,0.9446411,355.7825,19762.23,20000.502,1100.0834,505.73056,123.77752,114.38823,0.0,3.117627,3.0,91.30249,24.133583,-7.4999905,-8.624989,7.096,0.0,9.96875,0.9445801,0.0,0.0,0.0,0.0,0.0,0.87402344,0.875,74.10736,3.1250002,257.1009,290.02585,0.0,93.99996,99.90234,0.0,257.39258,253.88516,508.875,540.75,-0.0073733204,379.59375,0.0,439.875,79.82713,53.999985,170.37354,0.0,83.74,283.375,-1.5960693,-2.6489258,63.78784,58.46405,2.3828125,84.27,84.13,82.57,82.64,0
26839.04,0.2852416,3.5132542,1.4141699,1.6027915,101.5989,16.541367,13.936332,22.542158,382.47324,206.77275,77.799,0.0,4.6,25.601,48.801,0.0,99.248116,2.0,0.0,345.375,189.375,3853.0,0.0,-4.734375,0.9458618,356.24686,19885.877,20000.502,1100.0834,505.73056,121.97596,113.73119,0.0,3.1191015,3.0,89.88495,24.051052,-7.4999905,-8.624989,7.084,0.0,10.21875,0.9483032,0.0,0.0,0.0,0.0,0.0,0.8730469,0.8730469,74.10736,3.1250002,256.97955,289.82556,0.0,93.99996,99.90234,0.0,257.43402,253.57008,508.875,540.75,-0.0058986563,374.46875,0.0,440.09375,79.82713,53.999985,170.45288,0.0,84.31,284.5,-1.6784668,-3.302002,63.56201,57.484436,2.3364258,84.58,84.43,83.07,83.39,0
26839.076,0.32819328,3.505302,1.4182974,1.6030884,101.5989,16.541367,13.9331665,22.38599,382.4259,209.59108,77.843,0.0,4.6,25.601,48.801,0.0,99.248116,2.0,0.0,342.375,189.75,3906.0,0.0,-4.671875,0.95892334,361.17215,19967.07,20000.502,1100.0834,505.73056,121.573265,114.23987,0.0,3.1202812,3.0,88.635254,23.976774,-7.124991,-8.2499895,7.112,0.0,10.671875,0.9682007,0.0,0.0,0.0,0.0,0.0,0.87109375,0.86816406,74.10736,3.1250002,255.90309,287.59537,0.0,94.09996,99.90234,0.0,256.43073,252.77408,508.875,540.75,-0.0047189253,376.5,0.0,439.875,79.82713,53.999985,170.84961,0.0,84.61,290.46875,-1.7669678,-2.3254395,61.99341,56.60858,2.3291016,85.15,85.0,83.54,83.64,0
26839.115,0.4225546,3.4646208,1.4154463,1.6032156,101.5989,16.541367,13.925092,22.226158,379.31604,208.95114,77.881,0.0,4.6,25.601,48.801,0.0,99.248116,2.0,0.0,343.875,189.75,3926.0,0.0,-4.640625,0.96765137,364.4557,19921.432,20000.502,1100.0834,505.73056,121.91238,114.02792,0.0,3.121225,3.0,88.80005,23.909924,-7.124991,-8.2499895,7.04,0.0,10.84375,0.96673584,0.0,0.0,0.0,0.0,0.0,0.86816406,0.86816406,74.10736,3.1250002,254.80139,287.02524,0.0,94.189964,99.90234,0.0,255.0709,252.38435,509.25,540.75,-0.0037751403,375.65625,0.0,440.0,79.82713,53.999985,170.52002,0.0,85.32,290.03125,-1.8218994,-1.5197754,61.712646,56.980896,2.3266602,85.46,85.43,83.99,84.07,0
26839.156,0.51804364,3.4483485,1.4153409,1.603258,101.5989,16.541367,13.91358,22.240387,379.53772,209.23302,77.921,0.0,4.6,25.601,48.801,0.0,99.248116,2.0,0.0,342.75,189.75,3929.0,0.0,-4.6015625,0.9682007,364.67126,19894.37,20000.502,1100.0834,505.73056,122.103134,113.56164,0.0,3.1219802,3.0,88.89313,23.849758,-7.124991,-8.2499895,7.04,0.0,11.0,0.96276855,0.0,0.0,0.0,0.0,0.0,0.86816406,0.86816406,74.10736,3.1250002,254.89946,287.1751,0.0,94.270966,99.90234,0.0,255.38599,252.0444,509.25,540.75,-0.0030201122,374.46875,0.0,439.875,79.82713,53.999985,170.75195,0.0,85.55,288.84375,-1.8798828,-2.267456,61.938477,56.303406,2.3242188,85.93,85.95,84.44,84.56,0
26839.195,0.59443486,3.4793396,1.4160792,1.6033428,101.5989,16.541367,13.928959,22.143152,383.03668,212.02185,77.959,0.0,4.6,25.601,48.801,0.0,99.248116,2.0,0.0,342.375,189.75,3945.0,0.0,-4.9140625,0.97003174,365.3595,19741.004,20000.502,1100.0834,505.73056,125.8758,114.74854,0.0,3.122584,3.0,90.60364,23.79561,-7.124991,-8.2499895,7.06,0.0,11.03125,0.9776001,0.0,0.0,0.0,0.0,0.0,0.86816406,0.8652344,74.10736,3.1250002,254.22925,286.13754,0.0,94.343864,99.90234,0.0,254.78069,251.79564,509.25,541.125,-0.0024160899,371.78125,0.0,439.78125,79.82713,53.999985,170.54443,0.0,86.12,293.28125,-1.9226074,-1.776123,60.9375,55.818176,2.3266602,86.11,86.35,85.1,85.18,0
26839.238,0.65554786,3.5104861,1.4076812,1.603597,101.5989,16.541367,13.933865,21.834404,384.57562,214.97815,77.999,0.0,4.6,25.601,48.801,0.0,99.248116,2.0,0.0,340.125,190.125,3984.0,0.0,-4.875,0.9804077,369.25662,19754.8,20000.502,1100.0834,505.73056,126.193726,113.94314,0.0,3.1230674,3.0,90.24353,23.746876,-6.7499914,-7.87499,7.096,0.0,11.0703125,0.98309326,0.0,0.0,0.0,0.0,0.0,0.8642578,0.86328125,74.10736,3.1250002,252.10107,285.4417,0.0,94.40948,99.90234,0.0,252.3595,251.19864,509.25,540.75,-0.0019328719,371.0,0.0,439.875,79.82713,53.999985,169.9646,0.0,86.41,294.9375,-1.953125,0.12207031,60.08911,56.562805,2.3120117,86.81,86.92,85.38,85.64,0
26839.275,0.68443835,3.4666944,1.4048661,1.6036818,101.5989,16.541367,13.937299,21.734575,379.88794,213.42378,78.042,0.0,4.6,25.601,48.801,0.0,99.248116,2.0,0.0,340.125,190.5,4004.0,0.0,-4.8203125,0.98480225,370.90668,19800.44,20000.502,1100.0834,505.73056,126.51164,113.688805,0.0,3.1234539,3.0,89.878845,23.703016,-6.7499914,-7.4999905,7.06,0.0,11.109375,0.9866333,0.0,0.0,0.0,0.0,0.0,0.859375,0.86035156,74.10736,3.1250002,251.41295,285.0622,0.0,94.46853,99.90234,0.0,251.92831,250.79234,509.625,540.75,-0.0015462976,369.0625,0.0,439.78125,79.82713,53.999985,169.80591,0.0,87.06,296.0,-1.9317627,-0.076293945,59.625244,55.799866,2.3095703,87.32,87.32,85.88,86.05,0
26839.316,0.70755064,3.4116778,1.4060787,1.6035547,101.5989,16.541367,13.945562,21.692314,376.68753,212.73569,78.081,0.0,4.6,25.601,48.801,0.0,99.248116,2.0,0.0,338.25,190.5,4025.0,0.0,-4.78125,0.9875488,371.95142,19847.67,20000.502,1100.0834,505.73056,126.99912,114.324646,0.0,2.9675133,3.0,90.11383,23.663542,-6.7499914,-7.4999905,7.068,0.0,11.8203125,0.9941406,0.0,0.0,0.0,0.0,0.0,0.85839844,0.86035156,74.10736,3.1250002,251.12167,284.61865,0.0,94.521675,99.90234,0.0,251.68787,250.36118,509.625,540.75,-0.15748702,366.15625,0.0,439.78125,79.82713,53.999985,170.1416,0.0,87.46,298.25,-1.9226074,-0.36621094,58.953857,54.71344,2.3095703,87.89,88.01,86.22,86.39,0
26839.355,0.66604054,3.3896713,1.4003092,1.6034274,101.5989,16.541367,13.927909,21.578773,376.91846,214.4527,78.12,0.0,4.6,25.601,48.801,0.0,98.94736,2.0,0.0,339.0,190.875,4055.0,0.0,-4.6953125,0.9937134,374.27313,19891.184,20000.502,1100.0834,506.26123,126.25731,113.79478,0.0,2.8427606,3.0,89.60266,23.628016,-6.374992,-7.124991,7.044,0.0,11.765625,0.9957886,0.0,0.0,0.0,0.0,0.0,0.85839844,0.859375,74.10736,3.1250002,250.33904,284.83536,0.0,94.5695,99.90234,0.0,250.89185,249.99634,510.0,540.75,-0.28223962,368.1875,0.0,439.78125,79.82713,53.999985,170.07446,0.0,88.2,298.75,-1.9439697,-0.24719238,58.502197,54.286194,2.290039,88.46,88.36,86.96,87.08,0
26839.396,0.6128324,3.3996186,1.3923773,1.6033851,101.5989,16.541367,13.93313,21.365015,378.60156,216.04778,78.161,0.0,4.6,25.601,48.801,0.0,98.70676,2.0,0.0,338.625,191.25,4067.0,0.0,-4.6796875,0.99835205,376.01437,19954.865,20000.502,1100.0834,506.26123,124.582924,112.62907,0.0,2.7429585,3.0,88.64288,23.59604,-6.374992,-6.7499914,7.036,0.0,11.8203125,0.99017334,0.0,0.0,0.0,0.0,0.0,0.85546875,0.8574219,74.13483,3.1250002,248.86562,284.62216,0.0,94.61255,99.90234,0.0,249.37447,249.65637,510.0,540.75,-0.3820417,369.28125,0.0,439.875,79.82713,53.999985,169.28711,0.0,88.52,297.0625,-1.8829346,1.0345459,58.673096,55.830383,2.2827148,88.74,88.85,87.17,87.49,0
26839.44,0.5902659,3.4223475,1.3897668,1.6033003,101.5989,16.541367,13.930925,21.39185,380.5301,218.42972,78.2,0.0,4.6,25.601,48.801,0.0,98.51428,2.0,0.0,339.75,191.25,4091.0,0.0,-4.765625,0.99786377,375.82367,19803.623,20000.502,1100.0834,506.26123,126.80837,112.84101,0.0,2.663117,3.0,89.715576,23.567265,-6.374992,-6.7499914,6.96,0.0,11.859375,0.99572754,0.0,0.0,0.0,0.0,0.0,0.8564453,0.8574219,74.13483,3.1250002,249.05058,284.9176,0.0,94.65129,99.90234,0.0,249.59003,249.37445,510.375,540.75,-0.46188337,368.375,0.0,439.875,79.82713,53.999985,169.64111,0.0,89.03,298.71875,-1.8951416,-0.05493164,58.276367,54.29535,2.2729492,89.12,89.22,87.97,87.99,0
26839.477,0.5522128,3.431439,1.3805361,1.6031733,101.599724,16.541367,13.917664,21.19995,380.48386,219.36412,78.243,0.0,4.6,25.601,48.801,0.0,98.36029,2.0,0.0,339.0,191.625,4109.0,0.0,-4.8125,1.0021973,377.46545,19979.807,20000.502,1100.0834,506.7919,124.94323,112.75623,0.0,2.5992436,3.0,88.6734,23.466177,-5.9999924,-6.374992,6.972,0.0,11.875,0.9923706,0.0,0.0,0.0,0.0,0.0,0.8574219,0.8564453,74.1272,3.1250002,247.72865,285.6711,0.0,94.68616,99.90234,0.0,248.1224,249.06766,510.75,540.75,-0.52575666,371.875,0.0,439.875,79.82713,53.999985,169.00024,0.0,89.3,297.71875,-1.8371582,1.5960693,58.40454,56.08368,2.2729492,89.62,89.75,88.07,88.33,0
26839.516,0.5017702,3.3975759,1.3765527,1.603046,101.600464,16.541367,13.925958,21.1205,377.4259,219.29573,78.279,0.0,4.6,25.601,48.801,0.0,98.23711,2.0,0.0,338.625,191.625,4141.0,0.0,-4.84375,1.0049438,378.49362,20014.3,20000.502,1100.0834,506.7919,124.01066,112.183975,0.0,2.5481448,3.0,88.07068,23.375198,-5.9999924,-6.374992,6.968,0.0,11.34375,0.99780273,0.0,0.0,0.0,0.0,0.0,0.8535156,0.85839844,74.15619,3.1250002,247.18178,285.82812,0.0,94.71754,99.90234,0.0,247.78246,248.72769,510.75,540.75,-0.5768553,366.78125,0.0,439.78125,79.82713,53.999985,168.89648,0.0,89.92,299.34375,-1.751709,1.0040283,57.97119,55.13153,2.265625,90.17,90.21,88.78,88.88,0
26839.557,0.44141614,3.3652806,1.3708932,1.6029612,101.6003,16.541367,13.908326,21.022476,375.81247,219.20197,78.321,0.0,4.6,25.601,48.801,0.0,98.13855,2.0,0.0,338.625,191.625,4157.0,0.0,-4.765625,1.0084229,379.8037,19964.947,20000.502,1100.0834,507.05725,123.73513,111.37857,0.0,2.507266,3.0,87.93793,23.293318,-5.624993,-6.374992,6.912,0.0,11.5,0.9960327,0.0,0.0,0.0,0.0,0.0,0.8564453,0.85839844,74.15619,3.1250002,246.50594,286.18958,0.0,94.74578,99.90234,0.0,246.97815,248.37944,511.125,540.75,-0.61773425,366.28125,0.0,439.875,79.82713,53.999985,168.87207,0.0,90.34,298.8125,-1.7120361,1.3458252,58.08716,55.622864,2.2680664,90.81,90.85,89.0,89.27,0
26839.596,0.39313293,3.3523624,1.3677979,1.6028341,101.60016,16.541367,13.919422,20.97306,376.09433,220.7384,78.359,0.0,4.6,25.601,48.801,0.0,98.05971,2.0,0.0,338.625,192.375,4183.0,0.0,-4.6171875,1.0117798,381.07236,20008.994,20000.502,1100.0834,507.05725,122.99331,111.08185,0.0,2.630813,3.0,87.42676,23.219625,-5.2499933,-5.624993,6.888,0.0,11.53125,1.0009155,0.0,0.0,0.0,0.0,0.0,0.859375,0.8574219,74.191284,3.1250002,246.16518,286.45636,0.0,94.7712,99.90234,0.0,246.70451,248.03119,511.125,540.75,-0.4941874,370.96875,0.0,439.875,79.82713,53.999985,168.9331,0.0,90.92,300.28125,-1.6784668,0.94299316,57.69043,54.893494,2.2631836,91.14,91.21,89.81,89.78,0
26839.637,0.33450636,3.365945,1.3641926,1.6027068,101.60003,16.541367,13.927189,20.915005,377.73657,222.92128,78.4,0.0,4.6,25.601,48.801,0.0,97.99664,2.0,0.0,337.875,192.375,4206.0,0.0,-4.578125,1.0153198,382.41562,20135.824,20000.502,1100.0834,507.05725,121.89118,111.42096,0.0,2.7296503,3.0,86.743164,23.153303,-5.2499933,-5.624993,6.884,0.0,11.625,1.0045776,0.0,0.0,0.0,0.0,0.0,0.859375,0.85546875,74.191284,3.1250002,245.76488,286.725,0.0,94.79408,99.90234,0.0,246.06604,247.69122,511.5,540.75,-0.39534995,366.625,0.0,439.78125,79.82713,53.999985,168.98193,0.0,91.4,301.375,-1.6357422,1.7028809,57.391357,55.44586,2.2729492,91.79,91.72,90.01,90.15,0
26839.676,0.2876051,3.3713782,1.362069,1.6025374,101.599915,16.541367,13.915048,20.820005,377.78378,224.7514,78.441,0.0,4.6,25.601,48.801,0.0,97.94618,2.0,0.0,337.875,192.375,4240.0,0.0,-4.390625,1.0237427,385.57477,19945.844,20000.502,1100.0834,507.58792,123.73513,111.2514,0.0,2.8087204,3.0,87.48779,23.093613,-5.2499933,-5.624993,6.852,0.0,11.7890625,1.0090332,0.0,0.0,0.0,0.0,0.0,0.85839844,0.85546875,74.191284,3.1250002,245.10994,286.39832,0.0,94.814674,99.90234,0.0,245.69292,247.27664,511.875,540.375,-0.31627998,364.78125,0.0,439.875,79.82713,53.999985,169.20166,0.0,92.0,302.71875,-1.5930176,1.385498,57.006836,54.933167,2.2705078,92.42,92.45,90.44,90.57,0
26839.717,0.2500841,3.3735514,1.35609,1.602495,101.59981,16.541367,13.924127,20.767553,377.95325,225.91284,78.481,0.0,4.6,25.601,48.801,0.0,97.90582,2.0,0.0,337.125,192.75,4260.0,0.0,-3.9765625,1.0250854,386.09717,19906.574,20000.502,1100.0834,507.58792,123.713936,110.721535,0.0,2.8719764,3.0,87.324524,23.03989,-4.874994,-5.2499933,6.864,0.0,11.984375,1.0085449,0.0,0.0,0.0,0.0,0.0,0.8574219,0.85546875,74.23248,3.1250002,244.74829,286.72446,0.0,94.833206,99.90234,0.0,245.04617,246.9118,512.25,540.0,-0.25302398,371.65625,0.0,439.875,79.82713,53.999985,169.4458,0.0,92.59,302.5625,-1.550293,0.0793457,57.03125,53.663635,2.2631836,93.01,92.77,90.95,91.12,0
26839.756,0.24006727,3.3931706,1.3525901,1.6023679,101.59972,16.541367,13.912904,20.722075,379.8047,227.81886,78.521,0.0,4.6,25.601,48.801,0.0,97.873535,2.0,0.0,335.625,192.75,4275.0,0.0,-3.890625,1.0263672,386.5615,19891.184,20000.502,1100.0834,508.1186,123.73513,110.50959,0.0,2.922581,3.0,87.335205,22.99154,-4.874994,-5.2499933,6.876,0.0,11.9921875,1.0075073,0.0,0.0,0.0,0.0,0.0,0.86035156,0.85546875,74.23248,3.1250002,244.43472,287.52487,0.0,94.849884,99.90234,0.0,245.00471,246.58014,512.25,540.0,-0.20241919,367.9375,0.0,439.875,79.82713,53.999985,168.98804,0.0,92.98,302.25,-1.5045166,1.1810303,57.104492,54.878235,2.265625,93.26,93.3,91.49,91.56,0
26839.797,0.23205382,3.4197683,1.351169,1.6022406,101.59963,16.541367,13.910908,20.70515,381.4941,230.22395,78.559,0.0,4.6,25.601,48.801,0.0,97.8477,2.0,0.0,336.375,192.75,4301.0,0.0,-3.8515625,1.0314941,388.49347,19764.354,20000.502,1100.0834,508.1186,125.62147,110.000916,0.0,2.963065,3.0,88.090515,22.948027,-4.874994,-5.2499933,6.852,0.0,12.078125,1.0100708,0.0,0.0,0.0,0.0,0.0,0.859375,0.85546875,74.261475,3.1250002,244.318,287.71686,0.0,94.86489,99.90234,0.0,244.9052,246.26505,512.625,540.0,-0.16193536,367.5,0.0,439.875,79.82713,53.999985,169.34204,0.0,93.48,303.03125,-1.473999,0.9979248,56.878662,54.57306,2.265625,94.34,93.8,91.86,92.0,0
26839.838,0.24564306,3.4304075,1.34875,1.6021134,101.599556,16.541367,13.909511,20.656752,381.6105,232.16824,78.601,0.0,4.6,25.601,48.801,0.0,97.82703,2.0,0.0,334.5,193.125,4336.0,0.0,-3.8828125,1.0374146,390.74054,19872.08,20000.502,1100.0834,508.1186,125.11279,110.234055,0.0,2.995452,3.0,87.69226,22.908863,-4.4999943,-4.874994,6.876,0.0,12.203125,1.015686,0.0,0.0,0.0,0.0,0.0,0.8613281,0.8535156,74.261475,3.1250002,243.9843,287.9226,0.0,94.8784,99.90234,0.0,244.54866,245.86703,513.0,540.0,-0.1295483,368.5,0.0,439.875,79.82713,53.999985,169.53125,0.0,94.16,304.71875,-1.4190674,0.8514404,56.433105,54.127502,2.2607422,94.27,94.27,92.42,92.49,0
26839.877,0.27651447,3.415913,1.3449383,1.602071,101.59949,16.541367,13.9143915,20.59448,380.16507,231.92897,78.642,0.0,4.6,25.601,48.801,0.0,97.810486,2.0,0.0,334.875,193.5,4348.0,0.0,-3.8046875,1.0405273,391.8931,20033.404,20000.502,1100.0834,508.64926,123.4384,109.85255,0.0,3.0213616,3.0,86.8866,22.873617,-4.1249948,-4.4999943,6.828,0.0,12.3515625,1.0111084,0.0,0.0,0.0,0.0,0.0,0.86035156,0.8544922,74.261475,3.1250002,243.555,288.17917,0.0,94.890564,99.90234,0.0,244.17554,245.51878,513.0,540.0,-0.10363864,371.4375,0.0,439.875,79.82713,53.999985,169.4397,0.0,94.33,303.34375,-1.3763428,1.0742188,56.75049,54.71039,2.2558594,94.76,94.85,92.87,93.08,0
26839.916,0.32121158,3.4476156,1.3416638,1.602071,101.59943,16.541367,13.917809,20.558327,383.6736,233.90794,78.68,0.0,4.6,25.601,48.801,0.0,97.79726,2.0,0.0,336.375,193.5,4345.0,0.0,-3.4609375,1.039978,391.6941,19877.387,20000.502,1100.0834,508.64926,125.28235,110.12808,0.0,3.0420892,3.0,87.77466,22.841894,-4.1249948,-4.4999943,6.776,0.0,12.453125,1.0072021,0.0,0.0,0.0,0.0,0.0,0.859375,0.8544922,74.29657,3.1250002,243.30574,288.5736,0.0,94.901505,99.90234,0.0,243.9019,245.26175,513.375,539.625,-0.08291092,370.625,0.0,440.0,79.82713,53.999985,169.21997,0.0,94.79,302.15625,-1.3519287,0.9277344,57.04956,54.862976,2.265625,94.92,95.06,93.3,93.62,0
26839.951,0.35696927,3.4790463,1.3399721,1.6019439,101.59937,16.541367,13.896763,20.525625,385.4741,236.41185,78.72,0.0,4.6,25.601,48.801,0.0,97.63631,2.0,0.0,334.5,193.5,4371.0,0.0,-3.0234375,1.0427856,392.75543,20041.895,20000.502,1100.0834,508.64926,123.33243,109.87374,0.0,3.0586715,3.0,86.691284,22.813345,-4.1249948,-4.4999943,6.832,0.0,12.40625,1.0133057,0.0,0.0,0.0,0.0,0.0,0.8613281,0.8544922,74.29657,3.1250002,243.08026,288.6862,0.0,94.911354,99.90234,0.0,243.6117,245.01299,513.375,539.25,-0.066328734,373.3125,0.0,439.875,79.82713,53.999985,169.39697,0.0,95.07,304.0,-1.3275146,1.4251709,56.57959,54.969788,2.2583008,95.46,95.46,93.89,94.15,0
26839.996,0.4255754,3.472869,1.3347348,1.6017742,101.59932,16.541367,13.899609,20.483744,383.86588,236.98749,78.757,0.0,4.6,25.601,48.801,0.0,97.50754,2.0,0.0,334.5,193.875,4400.0,0.0,-3.046875,1.0477295,394.6128,19865.713,20000.502,1100.0834,508.64926,125.38832,110.000916,0.0,3.0719373,3.0,87.52899,22.78765,-4.1249948,-4.1249948,6.788,0.0,12.34375,1.0128174,0.0,0.0,0.0,0.0,0.0,0.859375,0.8535156,74.3103,3.1250002,242.79153,289.4663,0.0,94.92022,99.90234,0.0,243.33806,244.6979,513.75,539.25,-0.053062987,374.125,0.0,439.875,79.82713,53.999985,169.49463,0.0,95.57,303.84375,-1.2908936,1.5136719,56.585693,55.11322,2.2607422,95.88,95.99,94.19,94.52,0
26840.04,0.48046032,3.4328976,1.3285323,1.6016471,101.59927,16.541367,13.901601,20.444107,380.88208,236.90897,78.8,0.0,4.6,25.601,48.801,0.0,97.404526,2.0,0.0,333.0,194.25,4433.0,0.0,-2.96875,1.0517578,396.13846,20014.3,20000.502,1100.0834,508.64926,124.09544,110.10689,0.0,3.0825498,3.0,86.753845,22.764524,-3.7499952,-3.7499952,6.812,0.0,12.296875,1.0143433,0.0,0.0,0.0,0.0,0.0,0.8613281,0.85253906,74.3103,3.1250002,242.51828,290.4414,0.0,94.92819,99.90234,0.0,243.20538,244.35794,513.75,539.25,-0.04245039,375.21875,0.0,439.78125,79.82713,53.999985,169.55566,0.0,96.16,304.3125,-1.2664795,1.0253906,56.451416,54.53949,2.2583008,96.55,96.55,94.99,95.14,0
26840.076,0.50436825,3.4169092,1.3280606,1.60152,101.599236,16.541367,13.902995,20.412695,380.96854,238.13875,78.846,0.0,4.6,25.601,48.801,0.0,97.32211,2.0,0.0,334.125,194.25,4455.0,0.0,-2.890625,1.0570068,398.1202,20101.33,20000.502,1100.0834,509.44525,122.6542,109.57702,0.0,3.09104,3.0,85.90546,22.668524,-3.7499952,-3.7499952,6.74,0.0,11.9296875,1.013916,0.0,0.0,0.0,0.0,0.0,0.859375,0.85253906,74.3103,3.1250002,242.30173,290.3215,0.0,94.93537,99.90234,0.0,242.94006,243.98482,514.5,538.875,-0.033960313,372.21875,0.0,439.875,79.82713,53.999985,169.69604,0.0,96.66,304.1875,-1.2298584,1.2176514,56.451416,54.78058,2.2558594,97.01,96.98,95.36,95.57,0
26840.115,0.5034946,3.4292636,1.3236679,1.6014352,101.5992,16.541367,13.909831,20.336472,382.85565,240.50017,78.88,0.0,4.6,25.601,48.801,0.0,97.25618,2.0,0.0,331.875,194.625,4477.0,0.0,-2.8203125,1.0615845,399.8283,20189.422,20000.502,1100.0834,509.44525,121.55207,109.76777,0.0,3.097832,3.0,85.37445,22.582123,-3.3749957,-3.3749957,6.8,0.0,11.90625,1.0113525,0.0,0.0,0.0,0.0,0.0,0.859375,0.8515625,74.3515,3.1250002,241.77628,290.68298,0.0,94.94183,99.90234,0.0,242.47574,243.62827,514.5,538.875,-0.02716825,375.96875,0.0,440.0,79.82713,53.999985,169.75708,0.0,97.33,303.40625,-1.2023926,1.0528564,56.61621,54.826355,2.253418,97.51,97.59,96.03,96.03,0
26840.156,0.5027957,3.4529557,1.3200166,1.6013505,101.59917,16.541367,13.902897,20.270247,384.51883,242.40819,78.921,0.0,4.6,25.601,48.801,0.0,97.203445,2.0,0.0,333.0,194.625,4493.0,0.0,-2.734375,1.0646973,401.00574,19980.338,20000.502,1100.0834,509.97595,123.33243,109.83135,0.0,3.1032655,3.0,86.08856,22.504362,-3.3749957,-3.3749957,6.744,0.0,11.7890625,1.0095825,0.0,0.0,0.0,0.0,0.0,0.8613281,0.85058594,74.3515,3.1250002,241.31976,290.93375,0.0,94.94765,99.90234,0.0,242.01137,243.2883,514.875,538.875,-0.0217346,373.59375,0.0,440.0,79.82713,53.999985,169.6106,0.0,97.6,302.875,-1.171875,1.2420654,56.726074,55.16205,2.253418,98.14,98.06,96.26,96.32,0
26840.195,0.48223656,3.4811826,1.3208987,1.6012657,101.59914,16.541367,13.909762,20.252926,386.47437,244.99664,78.921,0.0,4.6,25.601,48.801,0.0,97.161255,2.0,0.0,331.5,194.625,4518.0,0.0,-2.65625,1.0742798,404.62094,19959.64,20000.502,1100.0834,509.97595,123.8623,110.12808,0.0,3.1076126,3.0,86.190796,22.434378,-3.3749957,-3.3749957,6.772,0.0,11.453125,1.0067749,0.0,0.0,0.0,0.0,0.0,0.8613281,0.8496094,74.3866,3.1250002,241.20035,290.42282,0.0,94.95288,99.90234,0.0,241.88701,242.95663,514.875,538.875,-0.01738768,373.4375,0.0,439.6875,79.82713,53.999985,169.94629,0.0,98.21,302.03125,-1.1505127,1.0070801,56.878662,55.16205,2.2485352,98.29,98.41,97.1,97.17,0
26840.238,0.46578926,3.5112233,1.3213848,1.6012232,101.599106,16.541367,13.908709,20.2299,388.1628,246.28487,78.921,0.079,4.6,25.601,48.801,0.0,97.1275,2.0,0.0,330.0,194.625,4522.0,0.0,-2.5625,1.0762329,405.34232,19823.258,20000.502,1100.0834,509.97595,126.2997,110.36122,0.0,3.1110902,3.0,87.36572,22.371391,-3.3749957,-3.3749957,6.808,0.0,11.171875,1.0050049,0.0,0.0,0.0,0.0,0.0,0.8564453,0.8496094,74.3866,3.1250002,241.04161,290.16467,0.0,94.95759,99.90234,0.0,241.79579,242.72447,514.875,538.5,-0.013910145,372.90625,0.0,439.875,79.82713,53.999985,170.01343,0.0,98.55,301.5,-1.1322021,0.7904053,56.99463,55.000305,2.2558594,98.96,98.77,97.28,97.48,0
26840.275,0.4326314,3.5044894,1.3248036,1.6011384,101.59908,16.541367,13.902111,20.24828,386.79037,247.09648,78.921,0.121,4.6,25.601,48.801,0.0,97.100494,2.0,0.0,327.375,194.625,4553.0,0.0,-2.4140625,1.0865479,409.23944,19717.123,20000.502,1100.0834,510.24127,127.656166,109.68299,0.0,3.113872,3.0,87.86621,22.314705,-3.3749957,-3.3749957,6.884,0.0,11.1796875,1.0059204,0.0,0.0,0.0,0.0,0.0,0.85546875,0.8486328,74.3866,3.1250002,241.16827,289.5811,0.0,94.96183,99.90234,0.0,241.84557,242.40938,515.25,538.5,-0.0111281155,376.0,0.0,439.5,79.82713,53.999985,170.95337,0.0,99.0,301.78125,-1.1138916,0.7659912,56.866455,55.018616,2.253418,99.29,99.41,97.99,97.99,0
26840.316,0.38610512,3.483046,1.3230643,1.601096,101.59906,16.541367,13.897493,20.166908,385.28897,247.38072,78.921,0.16,4.6,25.601,48.801,0.0,97.07889,2.0,0.0,326.25,194.625,4576.0,0.0,-2.3671875,1.0922241,411.36212,19751.086,20000.502,1100.0834,510.24127,129.47891,110.74273,0.0,3.1160977,3.0,88.591,22.263687,-3.3749957,-3.3749957,6.896,0.0,11.4453125,1.0141602,0.0,0.0,0.0,0.0,0.0,0.8535156,0.8457031,74.41559,3.1250002,240.60736,289.15442,0.0,94.965645,99.90234,0.0,241.37292,242.086,515.625,538.5,-0.008902493,375.28125,0.0,439.28125,79.82713,53.999985,171.0083,0.0,99.48,304.25,-1.1016846,0.6591797,56.237793,54.319763,2.2583008,100.04,99.89,98.41,98.49,0
26840.355,0.3488841,3.4557185,1.3247838,1.6010114,101.59904,16.541367,13.882542,20.1925,383.7004,248.02971,78.921,0.2,4.6,25.601,48.801,0.0,97.0616,2.0,0.0,325.875,195.0,4607.0,0.0,-2.2421875,1.1008301,414.6042,19999.441,20000.502,1100.0834,510.77194,127.55019,110.446,0.0,3.1178782,3.0,87.66174,22.21777,-2.9999962,-2.9999962,6.896,0.0,11.4609375,1.0155029,0.0,0.0,0.0,0.0,0.0,0.85058594,0.8466797,74.41559,3.1250002,240.78374,288.8658,0.0,94.96908,99.90234,0.0,241.47241,241.71288,515.625,538.5,-0.0071219946,374.875,0.0,439.0,79.82713,53.999985,171.90552,0.0,100.08,304.65625,-1.0894775,0.33569336,56.097412,53.990173,2.2509766,100.3,100.46,98.77,98.93,0
26840.396,0.3191073,3.4260373,1.323887,1.6009265,101.59902,16.541367,13.889654,20.160564,382.29617,248.3021,78.921,0.238,4.6,25.601,48.801,0.0,97.047775,2.0,0.0,325.125,195.0,4629.0,0.0,-2.3125,1.109375,417.83798,20037.65,20000.502,1100.0834,510.77194,127.55019,110.8487,0.0,3.1193027,3.0,87.51984,22.176445,-2.9999962,-2.9999962,6.884,0.0,11.09375,1.010315,0.0,0.0,0.0,0.0,0.0,0.8466797,0.84375,74.443054,3.1250002,240.56358,288.74478,0.0,94.97217,99.90234,0.0,241.24026,241.34804,516.375,538.5,-0.005697596,374.8125,0.0,438.6875,79.82713,53.999985,172.34497,0.0,100.61,303.09375,-1.083374,-0.0030517578,56.414795,54.005432,2.2583008,100.78,101.06,99.37,99.37,0
26840.436,0.27528584,3.414165,1.3250004,1.6008841,101.59901,16.541367,13.900492,20.101887,382.4036,249.06938,78.921,0.279,4.6,25.601,48.801,0.0,97.03671,2.0,0.0,324.75,195.0,4642.0,0.0,-2.2734375,1.1175537,420.92252,19979.807,20000.502,1100.0834,510.77194,128.80069,111.505745,0.0,3.1204422,3.0,87.968445,22.139252,-2.9999962,-2.9999962,6.88,0.0,11.0859375,1.0078735,0.0,0.0,0.0,0.0,0.0,0.8457031,0.8408203,74.443054,3.1250002,240.15912,287.95865,0.0,94.97495,99.90234,0.0,240.86711,241.00807,516.375,538.5,-0.0045580766,375.21875,0.0,438.5,79.82713,53.999985,172.41821,0.0,101.08,302.375,-1.0864258,-0.009155273,56.54297,54.136658,2.2558594,101.24,101.5,99.68,99.85,0
26840.477,0.22022867,3.428166,1.3266366,1.6007993,101.59899,16.541367,13.902219,20.08432,384.18594,252.22478,78.921,0.32,4.6,25.601,48.801,0.0,96.87749,2.0,0.0,324.375,195.0,4679.0,0.0,-2.3515625,1.126709,424.35532,19877.387,20000.502,1100.0834,511.0373,129.66966,111.357376,0.0,3.1213539,3.0,88.23395,22.105778,-2.9999962,-2.9999962,6.852,0.0,11.0625,1.012085,0.0,0.0,0.0,0.0,0.0,0.84277344,0.83984375,74.443054,3.1250002,240.03801,287.37994,0.0,94.977455,99.90234,0.0,240.77591,240.6847,516.375,538.5,-0.0036464613,371.5,0.0,438.28125,79.82713,53.999985,173.12012,0.0,101.76,303.625,-1.0894775,-0.018310547,56.19507,53.782654,2.2460938,102.28,101.99,100.35,100.3,0
26840.516,0.21618295,3.4337664,1.3265048,1.6007146,101.598976,16.541367,13.897569,20.065609,384.15082,253.76483,78.921,0.359,4.6,25.601,48.801,0.0,96.75011,2.0,0.0,323.625,195.0,4708.0,0.0,-2.3515625,1.1393433,429.13135,20133.701,20000.502,1100.0834,511.0373,126.66001,110.97587,0.0,3.1220832,3.0,86.63025,22.075651,-2.9999962,-2.9999962,6.852,0.0,11.5078125,1.0007324,0.0,0.0,0.0,0.0,0.0,0.84277344,0.8388672,74.47052,3.1250002,239.90904,287.17792,0.0,94.979706,99.90234,0.0,240.61008,240.20378,516.75,538.5,-0.0029171691,371.53125,0.0,437.875,79.82713,53.999985,173.75488,0.0,102.4,300.21875,-1.1016846,-0.3326416,56.915283,54.24347,2.2485352,102.65,102.53,100.52,100.71,0
26840.557,0.25294638,3.3985066,1.3294263,1.6007147,101.59897,16.541367,13.876736,20.089327,381.19733,251.97427,78.921,0.4,4.6,25.601,48.801,0.0,96.64821,2.0,0.0,322.5,195.0,4711.0,0.0,-2.2578125,1.1418457,430.05173,19997.318,20000.502,1100.0834,511.56796,128.6947,111.654106,0.0,3.1226666,3.0,87.61139,22.048538,-2.9999962,-2.9999962,6.868,0.0,10.8515625,0.9989624,0.0,0.0,0.0,0.0,0.0,0.8408203,0.8378906,74.47052,3.1250002,240.07251,286.78595,0.0,94.981735,99.90234,0.0,240.87543,239.89697,517.125,538.5,-0.0023337353,370.75,0.0,438.0,79.82713,53.999985,174.11499,0.0,102.72,299.6875,-1.1138916,-0.7324219,57.025146,53.953552,2.2460938,102.72,102.92,101.3,101.08,0
26840.596,0.2423571,3.4219027,1.3307363,1.6006721,101.59896,16.541367,13.897308,20.089703,384.59088,255.13478,78.921,0.438,4.6,25.601,48.801,0.0,96.56668,2.0,0.0,320.625,195.0,4728.0,0.0,-2.1328125,1.1426392,430.36682,20106.637,20000.502,1100.0834,511.56796,130.55984,115.08766,0.0,3.1231332,3.0,88.51013,22.024136,-2.9999962,-2.9999962,6.96,0.0,11.421875,1.0067749,0.0,0.0,0.0,0.0,0.0,0.8388672,0.81933594,74.505615,3.1250002,240.07509,286.95956,0.0,94.98356,99.90234,0.0,240.82565,239.6814,517.125,538.125,-0.0018669883,371.59375,0.0,437.6875,79.82713,53.999985,174.63379,0.0,102.85,302.03125,-1.1383057,-1.6174316,56.47583,52.50702,2.2387695,103.64,103.29,101.46,101.63,0
26840.639,0.19388568,3.431261,1.3296765,1.6005875,101.59895,16.541367,13.899991,20.056429,384.70383,256.7211,78.921,0.479,4.6,25.601,48.801,0.0,96.501465,2.0,0.0,316.125,195.375,4756.0,0.0,-2.0078125,1.1569824,435.75647,19901.797,20000.502,1100.0834,511.56796,132.46738,115.02408,0.0,3.1235065,3.0,89.286804,22.002174,-2.6249967,-2.6249967,7.064,0.0,11.5234375,1.0050049,0.0,0.0,0.0,0.0,0.0,0.8330078,0.8222656,74.505615,3.1250002,239.84573,286.3807,0.0,94.9852,99.90234,0.0,240.63496,239.3663,517.5,538.125,-0.0014935907,374.15625,0.0,437.5,79.82713,53.999985,175.12817,0.0,103.38,301.5,-1.1535645,-0.93688965,56.51245,53.318787,2.2436523,103.55,103.73,101.92,102.11,0
26840.676,0.19510856,3.3975046,1.329355,1.6005452,101.598946,16.541367,13.884291,20.016336,381.69757,255.57187,78.921,0.521,4.6,25.601,48.801,0.0,96.449295,2.0,0.0,315.75,195.375,4772.0,0.0,-1.890625,1.163208,438.1196,20304.047,20000.502,1100.0834,511.83328,127.67736,114.706154,0.0,3.2800553,3.0,86.824036,21.982409,-2.6249967,-2.6249967,7.056,0.0,11.5390625,1.0012207,0.0,0.0,0.0,0.0,0.0,0.82421875,0.8251953,74.505615,3.1250002,239.56937,286.09827,0.0,94.98668,99.90234,0.0,240.36133,239.05122,517.875,538.125,0.1550551,374.6875,0.0,437.28125,79.82713,53.999985,175.177,0.0,103.98,300.375,-1.1657715,-0.6378174,56.732178,53.849792,2.241211,104.1,104.25,102.51,102.58,0
26840.717,0.21608685,3.365252,1.3352754,1.6005026,101.59894,16.541367,13.896738,20.069645,380.10068,255.72931,78.921,0.558,4.6,25.601,48.801,0.0,96.40756,2.0,0.0,316.875,195.375,4795.0,0.0,-1.75,1.1702881,440.77298,20270.615,20000.502,1100.0834,511.83328,124.964424,113.47685,0.0,3.2490444,3.0,85.51788,21.964619,-2.6249967,-2.6249967,7.004,0.0,11.625,1.0025635,0.0,0.0,0.0,0.0,0.0,0.8232422,0.82910156,74.53461,3.1250002,239.93681,285.56927,0.0,94.98801,99.90234,0.0,240.71788,238.75272,517.875,537.75,0.12404408,373.96875,0.0,437.09375,79.82713,53.999985,175.97656,0.0,104.24,300.78125,-1.1901855,-2.130127,56.5979,52.223206,2.2314453,104.82,104.75,102.81,102.98,0
26840.756,0.2528695,3.371101,1.332908,1.6004179,101.59893,16.541367,13.882013,20.000132,382.04477,258.3774,78.921,0.6,4.6,25.601,48.801,0.0,96.374176,2.0,0.0,318.0,195.375,4820.0,0.0,-1.7578125,1.1768799,443.2522,19928.861,20000.502,1100.0834,512.36395,127.1263,112.523094,0.0,3.2242355,3.0,86.405945,21.948608,-2.6249967,-2.6249967,6.936,0.0,11.59375,1.0013428,0.0,0.0,0.0,0.0,0.0,0.8232422,0.83203125,74.53461,3.1250002,239.45766,285.07596,0.0,94.989204,99.90234,0.0,240.23694,238.45421,518.25,537.75,0.09923527,374.625,0.0,436.875,79.82713,53.999985,176.2024,0.0,104.88,300.40625,-1.2054443,-1.663208,56.640625,52.772522,2.2338867,105.02,105.26,103.65,103.55,0
26840.797,0.26229557,3.3546906,1.3327254,1.6003331,101.59892,16.541367,13.8951435,19.934242,380.41187,258.34058,78.921,0.64,4.6,25.601,48.801,0.0,96.34746,2.0,0.0,317.625,195.375,4840.0,0.0,-1.7890625,1.1835327,445.75632,20161.297,20000.502,1100.0834,512.36395,128.80069,116.46532,0.0,3.2043884,3.0,87.05902,21.9342,-2.6249967,-2.6249967,6.94,0.0,11.5859375,1.012085,0.0,0.0,0.0,0.0,0.0,0.8251953,0.80859375,74.56207,3.1250002,239.00348,284.48013,0.0,94.99028,99.90234,0.0,239.86382,238.12254,518.625,537.75,0.079388216,373.125,0.0,436.5,79.82713,53.999985,176.77612,0.0,105.3,303.625,-1.2298584,-2.368164,55.877686,51.353455,2.2265625,105.83,105.72,103.76,103.92,0
26840.838,0.26983646,3.3293762,1.3335321,1.600206,101.598915,16.541367,13.892616,19.915962,378.84393,259.4552,78.921,0.679,4.6,25.601,48.801,0.0,96.32608,2.0,0.0,310.125,195.375,4881.0,0.0,-1.7734375,1.192749,449.23056,19928.861,20000.502,1100.0834,512.36395,130.7294,116.18979,0.0,3.188511,3.0,87.846375,21.921232,-2.6249967,-2.6249967,7.144,0.0,11.609375,1.0219727,0.0,0.0,0.0,0.0,0.0,0.8251953,0.8105469,74.56207,3.1250002,238.87749,284.05185,0.0,94.99125,99.90234,0.0,239.75603,237.68307,518.625,537.75,0.063510574,372.59375,0.0,436.09375,79.82713,53.999985,177.31323,0.0,106.1,306.59375,-1.2451172,-2.0324707,55.163574,51.03302,2.229004,106.1,106.46,104.41,104.29,0
26840.877,0.25586918,3.3005006,1.3368236,1.6002058,101.59891,16.541367,13.896707,19.900526,377.37982,258.982,78.921,0.721,4.6,25.601,48.801,0.0,96.00823,2.0,0.0,308.25,195.375,4891.0,0.0,-1.75,1.1976318,451.07962,19831.748,20000.502,1100.0834,512.89465,131.91632,115.89306,0.0,3.1758087,3.0,88.41858,21.909561,-2.6249967,-2.6249967,7.18,0.0,11.59375,1.015686,0.0,0.0,0.0,0.0,0.0,0.81347656,0.8125,74.56207,3.1250002,238.77107,283.57278,0.0,94.99212,99.90234,0.0,239.5902,237.35971,519.0,537.75,0.05080846,372.125,0.0,436.1875,79.82713,53.999985,177.36816,0.0,106.54,304.71875,-1.260376,-1.8005371,55.5542,51.683044,2.211914,106.78,106.78,104.71,104.75,0
26840.916,0.20469534,3.2514505,1.3370017,1.6001636,101.5989,16.541367,13.89371,19.871504,374.18353,257.15604,78.921,0.76,4.6,25.601,48.801,0.0,95.75395,2.0,0.0,307.5,195.375,4898.0,0.0,-1.5546875,1.2035522,453.30182,19945.312,20000.502,1100.0834,512.89465,130.53865,115.36319,0.0,3.165647,3.0,87.60071,21.899057,-2.6249967,-2.6249967,7.212,0.0,11.5859375,1.0131226,0.0,0.0,0.0,0.0,0.0,0.8105469,0.8154297,74.60327,3.1250002,238.57101,282.94208,0.0,94.992905,99.90234,0.0,239.43265,237.08607,519.375,537.75,0.04064677,372.625,0.0,436.0,79.82713,53.999985,177.85645,0.0,106.77,303.9375,-1.2878418,-2.3651123,55.69458,51.237488,2.2094727,107.42,107.1,105.02,105.14,0
26840.955,0.18375628,3.2505803,1.3375989,1.600121,101.5989,16.541367,13.891613,19.836115,376.10632,260.21893,78.921,0.8,4.6,25.601,48.801,0.0,95.55053,2.0,0.0,309.375,195.75,4931.0,0.0,-1.5546875,1.2107544,455.4991,19820.074,20000.502,1100.0834,513.16,132.23424,115.27841,0.0,3.1575177,3.0,88.264465,21.814415,-2.2499971,-2.2499971,7.116,0.0,11.6640625,1.0150146,0.0,0.0,0.0,0.0,0.0,0.8095703,0.8183594,74.60327,3.1250002,238.32707,282.77307,0.0,94.993614,99.90234,0.0,239.21706,236.78757,519.375,537.75,0.032517415,375.53125,0.0,435.78125,79.82713,53.999985,178.05176,0.0,107.33,304.5,-1.3153076,-1.1535645,55.52368,52.2995,2.1923828,107.42,107.45,105.83,105.74,0
26840.996,0.14700502,3.2502322,1.338603,1.6000788,101.5989,16.541367,13.890144,19.771759,376.1522,260.77844,78.921,0.839,4.6,25.601,48.801,0.0,95.38779,2.0,0.0,309.0,195.75,4941.0,0.0,-1.5859375,1.21698,458.36807,19900.736,20000.502,1100.0834,513.16,134.20535,117.92776,0.0,3.151014,3.0,89.21509,21.738235,-2.2499971,-2.2499971,7.104,0.0,11.625,1.0269775,0.0,0.0,0.0,0.0,0.0,0.8095703,0.7998047,74.62463,3.1250002,237.88347,281.60928,0.0,94.99425,99.90234,0.0,238.78589,236.48077,519.75,537.75,0.026013931,374.71875,0.0,435.59375,79.82713,53.999985,178.62549,0.0,107.61,308.09375,-1.3397217,-1.8432617,54.70581,50.798035,2.1850586,108.02,107.86,105.91,106.07,0
26841.04,0.13760401,3.250093,1.3365575,1.6000364,101.5989,16.541367,13.900835,19.6914,376.5113,261.767,78.921,0.878,4.6,25.601,48.801,0.0,95.2576,2.0,0.0,304.5,195.75,4955.0,0.0,-1.578125,1.2203369,459.63672,20138.477,20000.502,1100.0834,513.16,131.13211,116.76205,0.0,3.1458113,3.0,87.73346,21.669674,-2.2499971,-2.2499971,7.252,0.0,11.671875,1.0286255,0.0,0.0,0.0,0.0,0.0,0.8095703,0.8017578,74.62463,3.1250002,237.32957,281.2757,0.0,94.99482,99.90234,0.0,238.13914,236.22374,519.75,537.75,0.020811146,373.625,0.0,435.375,79.82713,53.999985,178.37524,0.0,108.02,308.59375,-1.3641357,-1.1016846,54.577637,51.41754,2.1728516,108.23,108.32,106.73,106.63,0
26841.074,0.15008321,3.2687874,1.3327502,1.5999515,101.5989,16.541367,13.8966,19.61973,378.3691,263.96118,78.921,0.923,4.6,25.601,48.801,0.0,95.15344,2.0,0.0,305.25,195.75,4972.0,0.0,-1.6640625,1.2235107,460.81415,20185.176,20000.502,1100.0834,513.6906,130.24193,116.82563,0.0,3.1416492,3.0,87.1521,21.607971,-2.2499971,-2.2499971,7.216,0.0,11.546875,1.0263672,0.0,0.0,0.0,0.0,0.0,0.8027344,0.80371094,74.62463,3.1250002,236.83556,281.48944,0.0,94.99534,99.90234,0.0,237.70795,235.98328,520.125,537.75,0.016648917,373.84375,0.0,435.375,79.82713,53.999985,178.32642,0.0,108.51,307.90625,-1.385498,-1.3153076,54.718018,51.32904,2.1679688,108.59,108.64,107.1,107.14,0
26841.115,0.18006657,3.257515,1.3284743,1.5999092,101.5989,16.541367,13.893636,19.52645,376.6991,264.32892,78.921,0.957,4.6,25.601,48.801,0.0,95.07012,2.0,0.0,305.625,195.75,5001.0,0.0,-1.6484375,1.232544,463.1607,20024.914,20000.502,1100.0834,513.6906,131.1745,116.359344,0.0,3.1383193,3.0,87.457275,21.552437,-2.2499971,-2.2499971,7.16,0.0,11.46875,1.026123,0.0,0.0,0.0,0.0,0.0,0.79785156,0.8066406,74.645996,3.1250002,236.1926,281.45853,0.0,94.995804,99.90234,0.0,237.12753,235.67648,520.125,537.75,0.013319134,372.8125,0.0,434.875,79.82713,53.999985,178.57056,0.0,108.75,307.84375,-1.3977051,-1.0681152,54.6875,51.58844,2.1679688,109.43,109.22,107.37,107.61,0
26841.156,0.22405326,3.215506,1.3269215,1.5998244,101.5989,16.541367,13.885701,19.464212,373.6302,263.17154,78.921,1.0,4.6,25.601,48.801,0.0,95.00346,2.0,0.0,305.25,195.75,5020.0,0.0,-1.6328125,1.2369385,464.2884,19968.13,20000.502,1100.0834,514.48663,130.24193,114.83332,0.0,3.1356556,3.0,87.00867,21.502457,-2.2499971,-2.2499971,7.152,0.0,11.4609375,1.026001,0.0,0.0,0.0,0.0,0.0,0.8017578,0.8095703,74.645996,3.1250002,235.7636,281.33795,0.0,94.99622,99.90234,0.0,236.64662,235.41115,520.5,537.75,0.010655307,371.0,0.0,434.0,79.82713,53.999985,178.62549,0.0,109.38,307.8125,-1.4099121,-1.3580322,54.675293,51.286316,2.1582031,109.59,109.59,108.32,108.02,0
26841.193,0.2592426,3.1987023,1.3215493,1.5998667,101.5989,16.541367,13.891866,19.356043,373.76624,264.10648,78.921,1.04,4.6,25.601,48.801,0.0,94.950134,2.0,0.0,306.75,195.75,5036.0,0.0,-1.7265625,1.2352295,464.164,19939.475,20000.502,1100.0834,514.48663,131.72556,115.99904,0.0,3.1335244,3.0,87.57019,21.457474,-2.2499971,-2.2499971,7.092,0.0,11.5859375,1.03479,0.0,0.0,0.0,0.0,0.0,0.80371094,0.7998047,74.70245,3.1250002,235.018,281.56628,0.0,94.9966,99.90234,0.0,235.89206,235.20384,520.875,537.75,0.008524246,369.84375,0.0,433.1875,79.82713,53.999985,178.37524,0.0,109.8,310.4375,-1.4221191,-0.41503906,54.11377,51.65558,2.163086,110.06,110.06,108.39,108.43,0
26841.236,0.26739407,3.1919808,1.3183242,1.5999092,101.5989,16.541367,13.878603,19.297628,373.9501,265.6006,78.921,1.077,4.6,25.601,48.801,0.0,94.90747,2.0,0.0,303.375,196.125,5062.0,0.0,-1.7421875,1.2423706,466.84225,19860.406,20000.502,1100.0834,514.48663,132.25543,115.681114,0.0,3.1318197,3.0,87.74414,21.416988,-1.8749976,-1.8749976,7.168,0.0,11.625,1.03479,0.0,0.0,0.0,0.0,0.0,0.80078125,0.7998047,74.70245,3.1250002,234.61534,281.76862,0.0,94.99693,99.90234,0.0,235.51894,235.00485,520.875,537.75,0.0068193967,364.71875,0.0,431.1875,79.82713,53.999985,178.68652,0.0,110.11,310.4375,-1.4373779,-0.40893555,54.07715,51.634216,2.1606445,110.65,110.52,108.93,109.09,0
26841.275,0.25391525,3.1705425,1.3144258,1.5999515,101.5989,16.541367,13.875178,19.218496,372.40604,265.96698,78.921,1.12,4.6,25.601,48.801,0.0,94.72297,2.0,0.0,302.625,196.125,5090.0,0.0,-1.703125,1.2463379,467.81238,19973.438,20000.502,1100.0834,515.548,130.92017,114.96049,0.0,3.1304557,3.0,87.0285,21.380554,-1.8749976,-1.8749976,7.176,0.0,11.6640625,1.0396729,0.0,0.0,0.0,0.0,0.0,0.80078125,0.80078125,74.70245,3.1250002,234.0699,282.0494,0.0,94.99724,99.90234,0.0,234.9717,234.81413,521.25,537.75,0.0054555177,363.6875,0.0,430.0,79.82713,53.999985,178.73535,0.0,110.84,311.90625,-1.449585,-0.40283203,53.74756,51.31073,2.1582031,110.92,111.03,109.43,109.46,0
26841.316,0.2431322,3.143217,1.3086076,1.5999942,101.5989,16.541367,13.8845,19.13053,370.69867,265.4758,78.921,1.16,4.6,25.601,48.801,0.0,94.57536,2.0,0.0,304.125,196.125,5104.0,0.0,-1.671875,1.2490234,468.285,20053.57,20000.502,1100.0834,515.548,129.9876,114.854515,0.0,3.1293647,3.0,86.579895,21.347763,-1.8749976,-1.8749976,7.1,0.0,11.625,1.0369873,0.0,0.0,0.0,0.0,0.0,0.7988281,0.8027344,74.78638,3.1250002,233.46356,282.56012,0.0,94.99751,99.90234,0.0,234.39127,234.64001,521.25,537.75,0.004364414,361.3125,0.0,428.0,79.82713,53.999985,178.4668,0.0,111.09,311.09375,-1.461792,-0.015258789,53.90625,51.8631,2.1533203,111.56,111.51,109.55,109.68,0
26841.355,0.21450576,3.132287,1.306005,1.5999941,101.5989,16.541367,13.879306,19.092781,371.00525,266.4762,78.921,1.2,4.6,25.601,48.801,0.0,94.45728,2.0,0.0,304.125,196.125,5119.0,0.0,-1.625,1.248352,468.02795,20088.064,20000.502,1100.0834,516.6093,128.52515,113.837166,0.0,3.1284919,3.0,85.87494,21.318249,-1.8749976,-1.8749976,7.072,0.0,11.3671875,1.0369873,0.0,0.0,0.0,0.0,0.0,0.79785156,0.80566406,74.78638,3.1250002,233.20335,282.90427,0.0,94.99776,99.90234,0.0,234.11763,234.50734,521.625,537.75,0.0034915314,359.6875,0.0,427.09375,79.82713,53.999985,178.34473,0.0,111.55,311.09375,-1.4556885,0.0793457,53.912354,51.976013,2.1533203,111.68,111.91,110.39,110.18,0
26841.395,0.17160462,3.127915,1.3072435,1.6000363,101.5989,16.541367,13.887389,19.05374,371.25574,267.28122,78.921,1.24,4.6,25.601,48.801,0.0,94.362816,2.0,0.0,305.25,196.125,5131.0,0.0,-1.5078125,1.2536621,470.02628,20014.3,20000.502,1100.0834,516.6093,129.86043,114.55779,0.0,3.1277936,3.0,86.43646,21.291687,-1.8749976,-1.8749976,7.032,0.0,11.6015625,1.0438232,0.0,0.0,0.0,0.0,0.0,0.7998047,0.80078125,74.86267,3.1250002,232.93425,282.19016,0.0,94.99798,99.90234,0.0,233.8523,234.37468,521.625,537.75,0.0027932252,358.8125,0.0,426.28125,79.82713,53.999985,178.74756,0.0,112.09,313.15625,-1.4465332,0.3173828,53.448486,51.76544,2.1582031,112.08,112.16,110.69,110.69,0
26841.436,0.1372837,3.126166,1.3029135,1.6000787,101.5989,16.541367,13.881329,18.975689,371.2902,268.45215,78.921,1.277,4.6,25.601,48.801,0.0,94.28725,2.0,0.0,306.0,196.125,5153.0,0.0,-1.4140625,1.2581177,471.69293,20093.371,20000.502,1100.0834,516.6093,128.88547,114.367035,0.0,3.127235,3.0,85.894775,21.26778,-1.4999981,-1.8749976,6.988,0.0,11.703125,1.0449829,0.0,0.0,0.0,0.0,0.0,0.80078125,0.8027344,74.86267,3.1250002,232.39626,282.49622,0.0,94.99818,99.90234,0.0,233.32162,234.242,522.0,537.375,0.0022345802,358.4375,0.0,424.6875,79.82713,53.999985,178.77808,0.0,112.22,313.5,-1.4251709,1.184082,53.356934,52.586365,2.1606445,112.84,112.65,110.95,111.13,0
26841.477,0.12982696,3.0879664,1.3061142,1.600121,101.5989,16.541367,13.871226,19.12445,368.15854,267.42764,78.921,1.32,4.6,25.601,48.801,0.0,94.22679,2.0,0.0,304.125,196.5,5177.0,0.0,-1.3671875,1.2618408,472.54697,20006.871,20000.502,1100.0834,517.67065,127.97408,112.62907,0.0,3.126788,3.0,85.45532,21.246265,-1.4999981,-1.4999981,7.028,0.0,11.7578125,1.0410156,0.0,0.0,0.0,0.0,0.0,0.7998047,0.8046875,74.86267,3.1250002,233.42165,283.22855,0.0,94.99836,99.90234,0.0,234.19226,234.10933,522.0,537.375,0.0017876643,357.5625,0.0,423.375,79.82713,53.999985,179.82178,0.0,112.78,312.3125,-1.4007568,0.091552734,53.59497,51.76239,2.163086,112.87,113.01,111.77,111.64,0
26841.516,0.10386157,3.0539365,1.2953584,1.6001637,101.5989,16.541367,13.870014,18.873554,366.39648,267.17587,78.921,1.36,4.6,25.601,48.801,0.0,94.17842,2.0,0.0,306.75,196.5,5197.0,0.0,-1.34375,1.2684937,473.93997,20122.027,20000.502,1100.0834,517.67065,126.7024,112.69265,0.0,3.1264303,3.0,84.76105,21.226902,-1.4999981,-1.4999981,6.908,0.0,11.765625,1.0422974,0.0,0.0,0.0,0.0,0.0,0.7988281,0.8076172,74.92523,3.1250002,231.69226,283.3249,0.0,94.99852,99.90234,0.0,232.5671,233.96838,522.375,537.375,0.0014301314,354.15625,0.0,421.875,79.82713,53.999985,179.05884,0.0,113.25,312.6875,-1.3824463,1.0803223,53.485107,52.690125,2.1655273,113.36,113.42,111.77,111.91,0
26841.557,0.083089255,3.0403247,1.2955383,1.6002059,101.5989,16.541367,13.851588,18.903639,366.67026,268.14725,78.921,1.4,4.6,25.601,48.801,0.0,94.139725,2.0,0.0,307.5,196.5,5212.0,0.0,-1.2734375,1.2717285,475.16718,20338.541,20000.502,1100.0834,518.73206,123.98946,112.62907,0.0,3.1261444,3.0,83.454895,21.209476,-1.4999981,-1.4999981,6.876,0.0,11.734375,1.039978,0.0,0.0,0.0,0.0,0.0,0.80078125,0.8095703,74.92523,3.1250002,231.89963,283.6442,0.0,94.998665,99.90234,0.0,232.40125,233.83571,522.375,537.375,0.0011441051,351.3125,0.0,420.6875,79.82713,53.999985,179.47998,0.0,113.49,312.0,-1.348877,2.105713,53.619385,53.91388,2.163086,114.08,113.86,112.34,112.52,0
26841.596,0.066471405,3.03488,1.2963924,1.6002907,101.5989,16.541367,13.862127,18.967955,366.87708,269.99722,78.921,1.439,4.6,25.601,48.801,0.0,94.10877,2.0,0.0,310.125,196.5,5245.0,0.0,-1.2109375,1.2767334,477.0328,20027.037,20000.502,1100.0834,518.73206,125.30354,112.01442,0.0,3.1259155,3.0,84.00574,21.19379,-1.4999981,-1.4999981,6.772,0.0,11.796875,1.0449829,0.0,0.0,0.0,0.0,0.0,0.8017578,0.80078125,75.016785,3.1250002,232.34294,284.11157,0.0,94.998795,99.90234,0.0,233.1641,233.69475,522.75,537.375,9.152841E-4,349.65625,0.0,419.1875,79.82713,53.999985,180.2002,0.0,114.05,313.5,-1.3153076,0.25024414,53.28369,51.750183,2.1655273,114.26,114.26,113.01,112.97,0
26841.639,0.053177126,3.032702,1.2926682,1.6002907,101.5989,16.541367,13.863646,18.908012,366.76788,270.53442,78.921,1.48,4.6,25.601,48.801,0.0,94.08401,2.0,0.0,306.375,196.875,5257.0,0.0,-1.203125,1.2762451,476.85037,19979.807,20000.502,1100.0834,518.73206,125.34593,111.56933,0.0,3.1257324,3.0,83.95538,21.179676,-1.1249986,-1.1249986,6.876,0.0,11.7578125,1.0458984,0.0,0.0,0.0,0.0,0.0,0.8046875,0.8027344,75.016785,3.1250002,231.92978,284.44977,0.0,94.99892,99.90234,0.0,232.78267,233.5455,523.125,537.375,7.322273E-4,348.5625,0.0,417.1875,79.82713,53.999985,180.12085,0.0,114.49,313.78125,-1.2573242,0.44555664,53.22876,51.960754,2.1728516,114.77,114.77,112.91,113.23,0
26841.676,0.0425417,3.0318308,1.2893974,1.6003332,101.5989,16.541367,13.858849,18.8507,367.13007,271.88333,78.921,1.521,4.6,25.601,48.801,0.0,93.91382,2.0,0.0,303.0,196.875,5278.0,0.0,-1.1796875,1.2815552,478.82382,19922.494,20000.502,1100.0834,520.0587,126.06656,111.6753,0.0,3.125586,3.0,84.30176,21.166973,-1.1249986,-1.1249986,6.956,0.0,11.765625,1.0471802,0.0,0.0,0.0,0.0,0.0,0.7998047,0.8046875,75.016785,3.1250002,231.53473,284.6535,0.0,94.99902,99.90234,0.0,232.45927,233.41283,523.125,537.375,5.857818E-4,347.5625,0.0,416.59375,79.82713,53.999985,180.17578,0.0,114.87,314.15625,-1.2054443,0.390625,53.125,51.84784,2.1801758,115.51,115.32,113.67,113.67,0
26841.719,0.014033362,3.0502324,1.2819656,1.6004179,101.5989,16.541367,13.855491,18.707018,368.85873,274.71616,78.921,1.559,4.6,25.601,48.801,0.0,93.77767,2.0,0.0,302.625,196.875,5308.0,0.0,-1.1875,1.2896118,481.28647,20058.346,20000.502,1100.0834,520.0587,124.98562,111.82366,0.0,3.125469,3.0,83.699036,21.15554,-1.1249986,-1.1249986,6.936,0.0,11.734375,1.0463257,0.0,0.0,0.0,0.0,0.0,0.80078125,0.8066406,75.10071,3.1250002,230.54433,285.20917,0.0,94.99912,99.90234,0.0,231.06627,233.26358,523.125,537.375,4.6862545E-4,346.3125,0.0,414.5,79.82713,53.999985,180.11475,0.0,115.54,313.90625,-1.1444092,3.1921387,53.149414,54.76532,2.1801758,115.65,115.97,113.99,113.95,0
26841.756,-0.028773308,3.020093,1.2828443,1.6004602,101.5989,16.541367,13.841421,18.763462,365.31378,273.35742,78.921,1.601,4.6,25.601,48.801,0.0,93.668755,2.0,0.0,304.125,196.875,5333.0,0.0,-1.3515625,1.293335,482.68777,20185.176,20000.502,1100.0834,521.6507,120.746666,109.57702,0.0,2.9691253,3.0,81.57501,21.145248,-1.1249986,-1.1249986,6.868,0.0,11.625,1.045166,0.0,0.0,0.0,0.0,0.0,0.7998047,0.8076172,75.10071,3.1250002,230.93341,285.57986,0.0,94.99921,99.90234,0.0,231.82083,233.09775,523.5,537.75,-0.15587509,345.53125,0.0,412.375,79.82713,53.999985,180.57251,0.0,115.92,313.5625,-1.0742188,0.68969727,53.21045,52.418518,2.1923828,116.31,116.48,114.05,114.22,0
26841.795,-0.083018646,2.9892874,1.2698872,1.6005026,101.5989,16.541367,13.843291,18.554468,363.7803,273.38394,78.921,1.64,4.6,25.601,48.801,0.0,93.58162,2.0,0.0,305.625,196.875,5356.0,0.0,-1.609375,1.2907715,481.71765,20068.959,20000.502,1100.0834,521.6507,122.33627,110.95467,0.0,2.8440502,3.0,82.26929,21.135986,-0.74999905,-1.1249986,6.8,0.0,11.375,1.048706,0.0,0.0,0.0,0.0,0.0,0.8027344,0.8017578,75.2121,3.1250002,229.49283,286.70578,0.0,94.99928,99.90234,0.0,230.46927,232.9319,523.875,537.75,-0.28095007,345.78125,0.0,410.78125,79.82713,53.999985,179.79736,0.0,116.51,314.625,-1.0101318,2.8411865,52.996826,54.414368,2.1923828,116.88,116.69,114.81,114.59,0
26841.836,-0.1464149,2.976965,1.2708697,1.600545,101.5989,16.541367,13.85046,18.63911,364.01584,274.53137,78.921,1.677,4.6,25.601,48.801,0.0,93.51191,2.0,0.0,302.625,197.25,5375.0,0.0,-1.6328125,1.2910767,481.842,19741.535,20000.502,1100.0834,521.6507,125.34593,110.61556,0.0,2.7439902,3.0,83.7204,21.127651,-0.74999905,-0.74999905,6.86,0.0,11.1796875,1.0484009,0.0,0.0,0.0,0.0,0.0,0.8027344,0.8027344,75.2121,3.1250002,230.07625,287.35043,0.0,94.99935,99.90234,0.0,230.63512,232.77437,523.875,537.75,-0.38101006,341.4375,0.0,409.6875,79.82713,53.999985,180.46875,0.0,116.96,314.53125,-0.9277344,3.1188965,53.015137,54.792786,2.2021484,116.96,117.26,115.13,115.13,0
26841.877,-0.15713193,2.9720361,1.2727526,1.600545,101.5989,16.541367,13.849619,18.675844,364.05084,274.81317,78.921,1.72,4.6,25.601,48.801,0.0,93.45615,2.0,0.0,301.875,197.25,5380.0,0.0,-1.6015625,1.2946777,482.63803,19937.883,20000.502,1100.0834,522.9774,123.268845,109.95852,0.0,2.820192,3.0,82.637024,21.120148,-0.74999905,-0.74999905,6.888,0.0,11.2109375,1.0465698,0.0,0.0,0.0,0.0,0.0,0.8027344,0.8046875,75.2121,3.1250002,230.32947,287.25702,0.0,94.99941,99.90234,0.0,231.2404,232.65828,524.25,537.75,-0.30480805,340.625,0.0,408.59375,79.82713,53.999985,180.67017,0.0,117.06,313.96875,-0.8331299,0.7751465,53.112793,52.6474,2.211914,117.45,117.3,115.28,115.23,0
26841.916,-0.16570553,2.9700646,1.2755477,1.6005874,101.5989,16.541367,13.872467,18.727016,364.4651,275.68842,78.921,1.759,4.6,25.601,48.801,0.0,93.41153,2.0,0.0,301.5,197.25,5391.0,0.0,-1.515625,1.3032227,485.2748,20014.3,20000.502,1100.0834,522.9774,122.548225,109.704185,0.0,2.7249038,3.0,82.28912,21.113396,-0.74999905,-0.74999905,6.88,0.0,11.125,1.0441284,0.0,0.0,0.0,0.0,0.0,0.80078125,0.8046875,75.30365,3.1250002,230.68219,287.14655,0.0,94.999466,99.90234,0.0,231.61353,232.55878,524.25,537.375,-0.40009642,342.78125,0.0,407.875,79.82713,53.999985,181.49414,0.0,117.41,313.25,-0.78125,0.2746582,53.22876,52.35138,2.2192383,117.83,117.65,116.08,115.97,0
26841.955,-0.13256443,3.0067759,1.2699177,1.597366,101.5989,16.541367,13.859164,18.641178,368.0473,279.4309,78.921,1.8,4.6,25.601,48.801,0.0,93.37584,2.0,0.0,303.0,197.25,5411.0,0.0,-1.4296875,1.303894,485.507,20157.05,20000.502,1100.0834,519.7934,120.110825,108.68684,0.0,2.648673,3.0,81.04401,21.107319,-0.74999905,-0.74999905,6.828,0.0,10.8984375,1.0422974,0.0,0.0,0.0,0.0,0.0,0.79785156,0.80371094,75.30365,3.1250002,230.0905,287.0969,0.0,94.99952,99.90234,0.0,231.04141,232.45927,524.25,537.375,-0.47632712,341.3125,0.0,407.09375,79.82713,53.999985,181.18286,0.0,117.94,312.6875,-0.7293701,0.91552734,53.338623,53.129578,2.2265625,117.83,117.88,116.31,116.45,0
26841.994,-0.10605154,3.0027103,1.2651578,1.5941018,101.5989,16.541367,13.861571,18.540218,366.3155,279.04123,78.921,1.84,4.6,25.601,48.801,0.0,93.34729,2.0,0.0,305.625,197.25,5429.0,0.0,-1.5,1.3076782,486.91656,20008.463,20000.502,1100.0834,519.7934,122.52703,110.424805,0.0,2.5876884,3.0,82.20825,21.101849,-0.74999905,-0.74999905,6.724,0.0,10.7421875,1.0458984,0.0,0.0,0.0,0.0,0.0,0.7988281,0.7998047,75.079346,3.1250002,229.3946,286.7926,0.0,94.999565,99.90234,0.0,230.4195,232.3432,524.625,537.375,-0.5373117,338.6875,0.0,406.0,79.82713,53.999985,181.14624,0.0,118.07,313.78125,-0.6713867,2.89917,53.10669,54.933167,2.229004,118.51,118.32,116.48,116.48,0
26842.04,-0.08484124,2.9823341,1.264173,1.5739244,101.5989,16.541367,13.869116,18.63392,364.8491,278.84567,78.921,1.877,4.6,25.601,48.801,0.0,93.32445,2.0,0.0,301.5,197.25,5447.0,0.0,-1.4453125,1.3103027,487.895,20178.809,20000.502,1100.0834,519.7934,118.90272,109.17432,0.0,2.5389009,3.0,80.38025,21.096928,-0.74999905,-0.74999905,6.824,0.0,10.5,1.0466309,0.0,0.0,0.0,0.0,0.0,0.7998047,0.7998047,75.079346,3.1250002,230.0405,283.5636,0.0,94.9996,99.90234,0.0,231.10773,232.22711,524.625,537.375,-0.5860993,341.84375,0.0,404.375,79.82713,53.999985,181.46362,0.0,118.48,314.0,-0.62561035,2.2003174,53.045654,54.19464,2.229004,119.02,119.02,117.31,117.07,0
26842.076,-0.06787299,2.9554338,1.2604524,1.5668877,101.5989,16.541367,13.862678,18.552252,363.33664,278.70932,78.921,1.923,4.6,25.601,48.801,0.0,93.005424,2.0,0.0,303.0,197.625,5467.0,0.0,-1.4296875,1.3114014,488.31787,20137.416,20000.502,1100.0834,520.58936,118.309265,109.78896,0.0,2.4998708,3.0,80.09338,21.092499,-0.37499952,-0.37499952,6.76,0.0,10.5,1.0441284,0.0,0.0,0.0,0.0,0.0,0.79785156,0.80078125,75.079346,3.1250002,229.47755,283.31345,0.0,95.09964,99.90234,0.0,230.15417,232.10274,525.0,537.375,-0.62512946,341.3125,0.0,403.09375,79.82713,53.999985,181.54297,0.0,119.12,313.25,-0.5340576,3.729248,53.198242,55.973816,2.2314453,119.01,119.25,117.62,117.77,0
26842.115,-0.054298397,2.9446735,1.2575548,1.5609107,101.5989,16.541367,13.858171,18.482649,363.284,279.79034,78.921,1.96,4.6,25.601,48.801,0.0,92.750206,2.0,0.0,303.0,197.625,5489.0,0.0,-1.484375,1.3174438,490.0011,20434.592,20000.502,1100.0834,520.58936,115.10886,109.97971,0.0,2.4686465,3.0,78.46985,21.088512,-0.37499952,-0.37499952,6.752,0.0,10.4140625,1.0424805,0.0,0.0,0.0,0.0,0.0,0.7998047,0.80078125,75.14343,3.1250002,228.99779,282.47525,0.0,95.18968,99.90234,0.0,229.9386,231.97006,525.0,537.375,-0.6563536,338.71875,0.0,401.5,79.82713,53.999985,181.63452,0.0,119.39,312.75,-0.45776367,3.302002,53.277588,55.66559,2.2363281,119.75,119.6,117.74,118.08,0
26842.156,-0.023438718,2.9216194,1.2563989,1.5574348,101.5989,16.541367,13.843298,18.59207,361.89093,279.37756,78.921,2.0,4.6,25.601,48.801,0.0,92.54603,2.0,0.0,305.25,197.625,5502.0,0.0,-1.5390625,1.3167725,489.1885,20001.033,20000.502,1100.0834,521.9161,115.57514,108.30533,0.0,2.4436674,3.0,78.69415,21.084923,-0.37499952,-0.37499952,6.668,0.0,10.3203125,1.0391235,0.0,0.0,0.0,0.0,0.0,0.79785156,0.80078125,75.14343,3.1250002,229.75201,283.106,0.0,95.27072,99.90234,0.0,230.72632,231.8374,525.375,537.75,-0.6813329,339.15625,0.0,400.5,79.82713,53.999985,181.79932,0.0,119.73,311.75,-0.3753662,0.91552734,53.479004,53.56903,2.241211,120.33,120.07,118.57,118.42,0
26842.195,0.021249024,2.9123979,1.2505653,1.5544252,101.5989,16.541367,13.856324,18.459625,362.1162,280.11038,78.921,2.039,4.6,25.601,48.801,0.0,92.38269,2.0,0.0,300.375,197.625,5513.0,0.0,-1.6015625,1.3214111,490.36594,19997.318,20000.502,1100.0834,521.9161,117.334305,109.449844,0.0,2.423684,3.0,79.470825,21.081696,-0.37499952,-0.37499952,6.796,0.0,10.125,1.0372925,0.0,0.0,0.0,0.0,0.0,0.80078125,0.7998047,75.227356,3.1250002,228.83908,282.7158,0.0,95.34364,99.90234,0.0,229.40791,231.72131,525.375,537.75,-0.7013163,338.21875,0.0,399.09375,79.82713,53.999985,181.37207,0.0,120.28,311.1875,-0.28381348,4.272461,53.570557,57.096863,2.2460938,120.29,120.46,118.89,118.86,0
26842.238,0.07699922,2.9087093,1.2443268,1.5460322,101.5989,16.541367,13.853724,18.41419,362.04114,281.52545,78.921,2.08,4.6,25.601,48.801,0.0,92.252014,2.0,0.0,303.375,197.25,5542.0,0.0,-1.703125,1.3215332,490.4074,20093.9,20000.502,1100.0834,521.9161,115.08766,108.919975,0.0,2.4076972,3.0,78.30658,21.078789,-0.37499952,-0.74999905,6.704,0.0,9.953125,1.0422974,0.0,0.0,0.0,0.0,0.0,0.7998047,0.7998047,75.227356,3.1250002,228.52591,282.28445,0.0,95.40929,99.90234,0.0,229.6152,231.58035,525.75,537.75,-0.71730304,331.65625,0.0,397.78125,79.82713,53.999985,181.31714,0.0,120.6,312.6875,-0.19836426,3.2562256,53.26538,56.245422,2.2485352,120.83,120.73,119.01,119.15,0
26842.275,0.14159937,2.9072337,1.2438548,1.5270416,101.5989,16.541367,13.863622,18.42373,362.40393,282.67203,78.921,2.121,4.6,25.601,48.801,0.0,92.14748,2.0,0.0,302.25,197.625,5559.0,0.0,-1.8046875,1.3225708,490.80542,20008.463,20000.502,1100.0834,522.9774,114.72735,108.771614,0.0,2.3949077,3.0,78.13263,21.076172,-0.37499952,-0.37499952,6.708,0.0,9.859375,1.0377197,0.0,0.0,0.0,0.0,0.0,0.79785156,0.7998047,75.227356,3.1250002,228.59167,279.249,0.0,95.46835,99.90234,0.0,229.7313,231.40622,525.75,537.75,-0.73009247,334.65625,0.0,396.375,79.82713,53.999985,182.02515,0.0,120.85,311.3125,-0.14953613,1.2634277,53.54004,54.57611,2.2558594,121.4,121.26,119.75,119.71,0
26842.316,0.21327949,2.8878937,1.2394001,1.5384867,101.5989,16.541367,13.864692,18.395754,360.8234,281.84424,78.921,2.16,4.6,25.601,48.801,0.0,92.06384,2.0,0.0,301.875,197.625,5567.0,0.0,-1.9453125,1.3225098,490.77225,19729.33,20000.502,1100.0834,522.9774,117.101166,108.32652,0.0,2.3846762,3.0,79.27704,21.073818,-0.37499952,-0.37499952,6.708,0.0,9.7421875,1.0379028,0.0,0.0,0.0,0.0,0.0,0.80078125,0.7998047,75.29602,3.1250002,228.39883,282.0109,0.0,95.521515,99.90234,0.0,228.927,231.24869,526.125,538.125,-0.74032396,333.03125,0.0,394.78125,79.82713,53.999985,181.37207,0.0,121.42,311.375,-0.08850098,3.4698486,53.527832,56.819153,2.2583008,121.4,121.67,120.07,120.2,0
26842.355,0.27062356,2.8614075,1.2459817,1.534714,101.5989,16.541367,13.842003,18.584568,359.00443,281.22937,78.921,2.2,4.6,25.601,48.801,0.0,91.99694,2.0,0.0,300.75,197.625,5583.0,0.0,-2.0,1.3242798,490.87173,19911.35,20000.502,1100.0834,523.77344,116.359344,108.4113,0.0,2.376491,3.0,78.84827,21.071701,-0.37499952,-0.37499952,6.74,0.0,9.6484375,1.0380859,0.0,0.0,0.0,0.0,0.0,0.80566406,0.7998047,75.29602,3.1250002,229.7003,281.5791,0.0,95.56937,99.90234,0.0,230.91702,231.10773,526.125,538.125,-0.74850917,331.15625,0.0,394.0,79.82713,53.999985,182.6477,0.0,121.81,311.4375,-0.02746582,0.2746582,53.50952,53.67279,2.2583008,121.79,121.89,120.16,120.51,0
26842.396,0.31649885,2.8508132,1.2454083,1.5285676,101.5989,16.541367,13.855417,18.649576,359.39282,282.54218,78.921,2.239,4.6,25.601,48.801,0.0,91.94342,2.0,0.0,301.125,197.625,5603.0,0.0,-2.0,1.324707,491.03757,20116.72,20000.502,1100.0834,523.77344,113.73119,107.73307,0.0,2.369943,3.0,77.49939,21.069794,-0.37499952,-0.37499952,6.7,0.0,9.6015625,1.0397949,0.0,0.0,0.0,0.0,0.0,0.80078125,0.7998047,75.35248,3.1250002,230.1484,281.20743,0.0,95.61243,99.90234,0.0,230.97508,230.9419,526.125,538.125,-0.75505733,332.96875,0.0,392.5,79.82713,53.999985,182.87354,0.0,122.0,311.9375,-0.009155273,-0.064086914,53.40576,53.23639,2.2583008,122.58,122.36,120.92,120.95,0
26842.44,0.33319908,2.8278255,1.2322869,1.5075424,101.5989,16.541367,13.853088,18.388191,357.76004,282.11188,78.921,2.28,4.6,25.601,48.801,0.0,91.900604,2.0,0.0,303.0,198.0,5620.0,0.0,-1.9375,1.3255615,491.34436,20006.871,20000.502,1100.0834,523.77344,114.45181,107.902626,0.0,2.3647044,3.0,77.84729,21.068077,0.0,0.0,6.612,0.0,9.546875,1.0395508,0.0,0.0,0.0,0.0,0.0,0.7988281,0.7998047,75.35248,3.1250002,228.3467,278.13794,0.0,95.651184,99.90234,0.0,228.927,230.76776,526.125,538.125,-0.76029587,333.625,0.0,390.875,79.82713,53.999985,181.75049,0.0,122.51,311.875,0.02746582,2.3773193,53.41797,55.72052,2.2583008,122.67,122.86,121.31,121.31,0
26842.477,0.36655927,2.8186302,1.2281427,1.4977081,101.5989,16.541367,13.845599,18.387741,357.49948,283.56177,78.921,2.322,4.6,25.601,48.801,0.0,91.71597,2.0,0.0,303.75,198.0,5653.0,0.0,-1.890625,1.3268433,491.8253,20273.799,20000.502,1100.0834,524.8348,110.234055,106.88528,0.0,2.3605134,3.0,75.73242,21.066532,0.0,0.0,6.58,0.0,9.5078125,1.0421753,0.0,0.0,0.0,0.0,0.0,0.8017578,0.7998047,75.35248,3.1250002,228.3436,277.35233,0.0,95.686066,99.90234,0.0,229.36646,230.56047,526.5,538.125,-0.76448673,331.21875,0.0,389.09375,79.82713,53.999985,182.18994,0.0,123.06,312.65625,0.08850098,2.6885986,53.253174,55.92804,2.2607422,123.09,123.09,121.22,121.53,0
26842.516,0.39324743,2.7962022,1.2297231,1.4949102,101.5989,16.541367,13.846216,18.467321,356.13434,282.92868,78.921,2.359,4.6,25.601,48.801,0.0,91.56827,2.0,0.0,303.375,198.0,5662.0,0.0,-1.8359375,1.3234253,491.12048,20109.82,20000.502,1100.0834,524.8348,110.31883,106.440186,0.0,2.3571608,3.0,75.77362,21.065144,0.0,0.0,6.564,0.0,9.390625,1.045105,0.0,0.0,0.0,0.0,0.0,0.80371094,0.7998047,75.4364,3.1250002,228.89214,277.2624,0.0,95.71745,99.90234,0.0,230.07954,230.36975,526.5,537.75,-0.7678394,330.25,0.0,387.5,79.82713,53.999985,182.48291,0.0,123.27,313.53125,0.15563965,0.42419434,53.08838,53.58429,2.2583008,123.92,123.69,121.95,122.03,0
26842.557,0.39459795,2.8059812,1.220121,1.4882125,101.5989,16.541367,13.840789,18.279987,358.09418,285.64127,78.921,2.399,4.6,25.601,48.801,0.0,91.4501,2.0,0.0,301.125,198.0,5685.0,0.0,-1.8125,1.3234253,491.12048,19838.117,20000.502,1100.0834,525.8961,113.56164,107.415146,0.0,2.3544788,3.0,77.264404,21.063892,0.37499952,0.0,6.62,0.0,9.1328125,1.052063,0.0,0.0,0.0,0.0,0.0,0.8017578,0.7998047,75.4364,3.1250002,227.60086,276.65518,0.0,95.74571,99.90234,0.0,228.76115,230.17905,526.875,537.75,-0.7705215,331.09375,0.0,386.09375,79.82713,53.999985,181.64062,0.0,123.8,315.625,0.16784668,0.64086914,52.746582,53.49579,2.2607422,124.25,124.25,122.45,122.39,0
26842.596,0.39567834,2.8098927,1.2154057,1.4665095,101.5989,16.541367,13.854568,18.216805,357.9486,286.73056,78.921,2.44,4.6,25.601,48.801,0.0,91.355576,2.0,0.0,303.0,198.375,5709.0,0.0,-1.7734375,1.3248291,491.62628,20144.846,20000.502,1100.0834,525.8961,110.191666,107.24559,0.0,2.508583,3.0,75.55847,21.062767,0.37499952,0.37499952,6.532,0.0,8.9296875,1.0504761,0.0,0.0,0.0,0.0,0.0,0.8027344,0.7998047,75.51422,3.1250002,227.16534,273.3617,0.0,95.77115,99.90234,0.0,228.44606,229.98004,526.875,537.75,-0.6164172,330.59375,0.0,384.1875,79.82713,53.999985,181.56738,0.0,124.46,315.15625,0.18920898,1.2756348,52.7771,54.182434,2.2558594,124.34,124.49,122.39,122.72,0
26842.639,0.41654268,2.792707,1.2123368,1.4604899,101.5989,16.541367,13.858354,18.273664,356.33365,286.23688,78.921,2.479,4.6,25.601,48.801,0.0,91.27995,2.0,0.0,303.75,198.375,5725.0,0.0,-1.84375,1.3234253,491.1122,20040.834,20000.502,1100.0834,525.8961,108.94117,105.10492,0.0,2.6318665,3.0,74.957275,21.061752,0.37499952,0.37499952,6.504,0.0,8.203125,1.0458374,0.0,0.0,0.0,0.0,0.0,0.8027344,0.7998047,75.51422,3.1250002,227.55728,273.3352,0.0,95.79404,99.90234,0.0,228.6036,229.78104,527.25,537.75,-0.49313378,328.75,0.0,382.78125,79.82713,53.999985,181.7749,0.0,124.62,313.75,0.23498535,2.2857666,53.045654,55.500793,2.2558594,124.88,124.78,122.81,123.14,0
26842.676,0.43323416,2.785833,1.2112676,1.4601932,101.5989,16.541367,13.8551445,18.251858,356.82834,286.48404,78.921,2.521,4.6,25.601,48.801,0.0,91.21945,2.0,0.0,303.75,198.375,5722.0,0.0,-1.875,1.3222656,490.68103,20322.09,20000.502,1100.0834,527.2228,105.97391,105.316864,0.0,2.7304933,3.0,73.526,21.06084,0.37499952,0.37499952,6.496,0.0,8.2734375,1.0447998,0.0,0.0,0.0,0.0,0.0,0.8046875,0.7998047,75.51422,3.1250002,227.40697,273.32477,0.0,95.81464,99.90234,0.0,228.33829,229.63179,527.25,537.75,-0.39450702,328.03125,0.0,382.0,79.82713,53.999985,181.56128,0.0,124.86,313.4375,0.2960205,2.5024414,53.112793,55.845642,2.253418,125.35,125.16,123.65,123.51,0
26842.717,0.44658732,2.8018332,1.2087519,1.4541315,101.5989,16.541367,13.852898,18.253893,358.63434,289.19202,78.921,2.56,4.6,25.601,48.801,0.0,91.17105,2.0,0.0,304.5,198.375,5747.0,0.0,-1.9140625,1.3204346,490.54837,20096.023,20000.502,1100.0834,527.2228,107.11842,104.829384,0.0,2.8093946,3.0,74.00665,21.06002,0.37499952,0.37499952,6.468,0.0,8.34375,1.0501709,0.0,0.0,0.0,0.0,0.0,0.80566406,0.7998047,75.598145,3.1250002,227.42099,272.86942,0.0,95.833176,99.90234,0.0,227.95686,229.48254,527.25,538.125,-0.3156056,329.0625,0.0,381.28125,79.82713,53.999985,182.18994,0.0,125.27,315.0625,0.34484863,0.19226074,52.801514,53.27301,2.2558594,125.25,125.5,123.74,123.88,0
26842.756,0.47726986,2.7894833,1.2001723,1.4483664,101.5989,16.541367,13.839606,18.108477,356.88623,288.68375,78.921,2.6,4.6,25.601,48.801,0.0,91.13233,2.0,0.0,301.5,198.75,5765.0,0.0,-1.9140625,1.3197021,490.29132,20031.281,20000.502,1100.0834,528.0188,108.538475,105.82554,0.0,2.8725157,3.0,74.609375,21.05928,0.74999905,0.74999905,6.54,0.0,8.2421875,1.0540771,0.0,0.0,0.0,0.0,0.0,0.80566406,0.7998047,75.598145,3.1250002,226.41866,272.56335,0.0,95.84985,99.90234,0.0,227.64177,229.3167,527.625,537.75,-0.2524845,326.875,0.0,379.6875,79.82713,53.999985,180.85327,0.0,125.72,316.21875,0.36315918,1.2878418,52.703857,54.307556,2.2509766,125.69,125.73,123.98,124.16,0
26842.797,0.50181586,2.7470434,1.2012624,1.4437461,101.5989,16.541367,13.85374,18.160051,353.61215,286.7796,78.921,2.64,4.6,25.601,48.801,0.0,91.10136,2.0,0.0,301.875,198.75,5780.0,0.0,-1.9375,1.3230591,490.97952,20034.465,20000.502,1100.0834,528.0188,108.241745,105.55001,0.0,2.9230127,3.0,74.46594,21.058617,0.74999905,0.74999905,6.512,0.0,7.9453125,1.0471802,0.0,0.0,0.0,0.0,0.0,0.80566406,0.7998047,75.653076,3.1250002,226.77415,271.8738,0.0,95.86487,99.90234,0.0,228.08125,229.14258,527.625,538.125,-0.20198761,326.46875,0.0,378.09375,79.82713,53.999985,181.427,0.0,125.82,314.15625,0.39978027,0.76293945,52.96631,54.075623,2.2509766,126.32,126.26,124.82,124.64,0
26842.838,0.5014527,2.7300673,1.1916589,1.4393798,101.5989,16.541367,13.863633,18.049189,353.82593,287.89624,78.921,2.68,4.6,25.601,48.801,0.0,91.07658,2.0,0.0,304.125,198.75,5799.0,0.0,-2.015625,1.3206787,490.10062,19791.95,20000.502,1100.0834,528.0188,110.191666,105.06253,0.0,2.9634101,3.0,75.32501,21.058018,0.74999905,0.74999905,6.428,0.0,7.6015625,1.050415,0.0,0.0,0.0,0.0,0.0,0.8046875,0.7998047,75.653076,3.1250002,226.01,272.44217,0.0,95.87839,99.90234,0.0,227.20232,228.98503,527.625,538.125,-0.16159008,322.34375,0.0,376.78125,79.82713,53.999985,180.44434,0.0,126.28,315.125,0.43640137,1.6235352,52.79541,54.789734,2.2509766,126.65,126.6,125.12,125.21,0
26842.877,0.48116213,2.704527,1.1865034,1.4323009,101.5989,16.541367,13.85884,17.935717,351.84082,287.16965,78.921,2.721,4.6,25.601,48.801,0.0,91.05675,2.0,0.0,301.125,198.75,5817.0,0.0,-2.3203125,1.3223267,490.6976,20239.305,20000.502,1100.0834,529.08014,105.613594,103.83323,0.0,2.9957283,3.0,73.11859,21.05748,0.74999905,0.74999905,6.504,0.0,7.609375,1.0430298,0.0,0.0,0.0,0.0,0.0,0.8076172,0.7998047,75.653076,3.1250002,225.22784,271.39932,0.0,95.89055,99.90234,0.0,226.34827,228.81091,528.0,538.5,-0.12927207,322.125,0.0,375.375,79.82713,53.999985,180.08423,0.0,126.87,312.90625,0.5218506,3.8787842,53.222656,57.54547,2.2558594,126.81,126.89,125.06,125.39,0
26842.916,0.4849297,2.694311,1.1880531,1.3969904,101.5989,16.541367,13.855485,17.99998,352.21924,288.76343,78.921,2.758,4.6,25.601,48.801,0.0,91.040886,2.0,0.0,303.375,199.125,5843.0,0.0,-2.3359375,1.3257446,491.98285,20158.113,20000.502,1100.0834,529.08014,105.33806,104.17235,0.0,3.0215826,3.0,72.91412,21.056995,1.1249986,1.1249986,6.416,0.0,7.90625,1.0454102,0.0,0.0,0.0,0.0,0.0,0.80371094,0.7998047,75.72327,3.1250002,225.6708,264.90015,0.0,95.90149,99.90234,0.0,226.28194,228.6285,528.0,538.5,-0.10341766,325.6875,0.0,374.09375,79.82713,53.999985,180.98755,0.0,127.09,313.625,0.6225586,4.3914795,53.05786,58.000183,2.2705078,127.39,127.34,125.84,125.93,0
26842.955,0.48794377,2.6902244,1.1785814,1.3924971,101.5989,16.541367,13.835558,17.883799,352.3901,289.64517,78.921,2.8,4.6,25.601,48.801,0.0,91.0282,2.0,0.0,302.625,199.125,5858.0,0.0,-2.15625,1.3218384,490.5235,19999.973,20000.502,1100.0834,530.1415,106.291824,103.79084,0.0,3.0422661,3.0,73.29254,21.05656,1.1249986,1.1249986,6.424,0.0,7.71875,1.041565,0.0,0.0,0.0,0.0,0.0,0.8066406,0.7998047,75.72327,3.1250002,224.86998,265.35883,0.0,95.91135,99.90234,0.0,225.82588,228.42949,528.375,538.125,-0.08273413,324.1875,0.0,371.78125,79.82713,53.999985,180.06592,0.0,127.44,312.46875,0.74768066,4.5440674,53.308105,58.528137,2.2753906,128.09,127.79,126.41,126.22,0
26842.996,0.490355,2.6885898,1.1762465,1.3895298,101.5989,16.541367,13.839188,17.862713,352.43094,290.07434,78.921,2.839,4.6,25.601,48.801,0.0,91.01805,2.0,0.0,302.25,199.125,5866.0,0.0,-2.0546875,1.322937,490.38254,19959.11,20000.502,1100.0834,530.1415,106.31302,103.53651,0.0,3.0588129,3.0,73.3017,21.056168,1.1249986,1.1249986,6.42,0.0,7.3046875,1.041565,0.0,0.0,0.0,0.0,0.0,0.80859375,0.7998047,75.80719,3.1250002,224.72464,265.17023,0.0,95.92021,99.90234,0.0,225.3118,228.27194,528.375,538.125,-0.06618731,325.0,0.0,371.0,79.82713,53.999985,179.76074,0.0,127.99,312.46875,0.8758545,4.7210693,53.308105,58.82721,2.2851562,128.0,128.18,126.35,126.56,0
26843.04,0.512284,2.706686,1.1716923,1.3842735,101.5989,16.541367,13.841728,17.818811,354.29257,292.55112,78.921,2.879,4.6,25.601,48.801,0.0,91.00993,2.0,0.0,301.875,199.5,5885.0,0.0,-2.0078125,1.3230591,490.42398,19795.664,20000.502,1100.0834,530.1415,107.09723,103.11261,0.0,3.0720503,3.0,73.680115,21.055813,1.4999981,1.4999981,6.416,0.0,6.875,1.0441284,0.0,0.0,0.0,0.0,0.0,0.8046875,0.7998047,75.80719,3.1250002,224.42203,264.31763,0.0,95.92819,99.90234,0.0,224.9967,228.1144,528.375,538.125,-0.052949846,327.34375,0.0,370.0,79.82713,53.999985,180.63354,0.0,128.4,313.25,0.99487305,0.7446289,53.149414,54.811096,2.3144531,128.35,128.44,126.56,126.81,0
26843.076,0.5098272,2.6951745,1.172208,1.3642656,101.599724,16.541367,13.849366,17.855026,352.80325,292.36087,78.921,2.924,4.6,25.601,48.801,0.0,90.85306,2.0,0.0,301.5,199.5,5906.0,0.0,-1.953125,1.3236084,490.6313,20001.033,20000.502,1100.0834,530.9375,105.274475,102.92185,0.0,3.0826404,3.0,72.72034,21.055496,1.4999981,1.4999981,6.42,0.0,7.0546875,1.0495605,0.0,0.0,0.0,0.0,0.0,0.8046875,0.7998047,75.80109,3.1250002,224.67247,261.3341,0.0,95.93538,99.90234,0.0,226.02487,227.94028,528.75,538.125,-0.042359877,325.21875,0.0,368.28125,79.82713,53.999985,180.3711,0.0,128.48,314.875,1.0803223,2.2888184,52.819824,56.129456,2.3242188,129.1,128.9,127.49,127.24,0
26843.115,0.48786175,2.67182,1.1679066,1.3586702,101.600464,16.541367,13.8547125,17.827145,351.09256,291.83,78.921,2.958,4.6,25.601,48.801,0.0,90.72756,2.0,0.0,301.875,199.5,5924.0,0.0,-1.96875,1.322815,490.34106,19932.047,20000.502,1100.0834,530.9375,106.16466,102.646324,0.0,3.0911124,3.0,73.07739,21.05521,1.4999981,1.4999981,6.38,0.0,6.90625,1.0526733,0.0,0.0,0.0,0.0,0.0,0.8066406,0.7998047,75.849915,3.1250002,224.48103,260.95938,0.0,95.94185,99.90234,0.0,225.82588,227.74956,528.75,538.125,-0.033887904,324.78125,0.0,366.5,79.82713,53.999985,180.18799,0.0,128.99,315.8125,1.1444092,1.5960693,52.72827,55.415344,2.3242188,129.62,129.35,127.59,127.7,0
26843.156,0.4702894,2.662478,1.1659708,1.3553213,101.6003,16.541367,13.846736,17.816814,350.93295,292.18973,78.921,2.999,4.6,25.601,48.801,0.0,90.62717,2.0,0.0,300.0,199.5,5934.0,0.0,-1.96875,1.3218384,489.95966,19924.617,20000.502,1100.0834,531.7335,107.076035,102.90066,0.0,3.09789,3.0,73.516846,21.05495,1.4999981,1.4999981,6.412,0.0,6.921875,1.0508423,0.0,0.0,0.0,0.0,0.0,0.80566406,0.7998047,75.849915,3.1250002,224.40967,260.75958,0.0,95.94766,99.90234,0.0,225.7098,227.59203,528.75,538.125,-0.027110323,324.125,0.0,365.5,79.82713,53.999985,180.05981,0.0,129.52,315.25,1.2115479,1.361084,52.783203,55.296326,2.3242188,129.46,129.66,127.45,127.89,0
26843.195,0.51623154,2.6587415,1.164835,1.349514,101.60016,16.541367,13.85873,17.809834,351.26288,293.40085,78.921,3.04,4.6,25.601,48.801,0.0,90.546844,2.0,0.0,302.625,199.5,5953.0,0.0,-1.96875,1.3221436,490.6313,19924.617,20000.502,1100.0834,531.7335,106.69453,102.20123,0.0,3.103312,3.0,73.25134,21.054718,1.4999981,1.4999981,6.34,0.0,6.90625,1.0504761,0.0,0.0,0.0,0.0,0.0,0.80371094,0.7998047,75.92621,3.1250002,224.3614,259.83673,0.0,95.952896,99.90234,0.0,225.7098,227.43448,529.125,538.125,-0.021688258,324.0625,0.0,364.59375,79.82713,53.999985,180.48706,0.0,129.81,315.15625,1.2786865,0.8331299,52.789307,54.866028,2.3242188,129.87,129.87,128.09,128.35,0
26843.238,0.57298523,2.6572466,1.159568,1.3307354,101.60003,16.541367,13.861267,17.754713,351.54456,294.524,78.921,3.079,4.6,25.601,48.801,0.0,90.48259,2.0,0.0,301.875,199.875,5971.0,0.0,-1.96875,1.321167,490.26645,20103.453,20000.502,1100.0834,531.7335,104.72341,102.22243,0.0,3.1076496,3.0,72.30072,21.054508,1.8749976,1.8749976,6.348,0.0,6.8203125,1.0532227,0.0,0.0,0.0,0.0,0.0,0.8027344,0.7998047,75.92621,3.1250002,223.98134,257.03296,0.0,95.95761,99.90234,0.0,225.3118,227.26865,529.125,538.125,-0.017350607,325.3125,0.0,363.28125,79.82713,53.999985,180.2185,0.0,129.96,315.96875,1.3397217,2.1881104,52.722168,56.214905,2.3242188,130.38,130.34,128.84,128.65,0
26843.275,0.5983882,2.6378987,1.1557555,1.3254791,101.599915,16.541367,13.857183,17.67976,349.80176,293.84918,78.921,3.121,4.6,25.601,48.801,0.0,90.43118,2.0,0.0,302.625,199.875,5987.0,0.0,-1.96875,1.3214111,490.36594,20178.277,20000.502,1100.0834,532.79486,102.58274,101.862114,0.0,3.1111197,3.0,71.19751,21.054321,1.8749976,1.8749976,6.308,0.0,6.8203125,1.0564575,0.0,0.0,0.0,0.0,0.0,0.8027344,0.7998047,75.92621,3.1250002,223.46457,256.2409,0.0,95.96185,99.90234,0.0,224.806,227.1028,529.5,538.125,-0.013880486,323.65625,0.0,361.59375,79.82713,53.999985,179.76685,0.0,130.4,316.9375,1.4129639,3.07312,52.63672,57.09381,2.3242188,130.78,130.75,128.95,129.16,0
26843.316,0.59871054,2.6301594,1.1517644,1.3206891,101.59981,16.541367,13.860185,17.609007,349.8038,294.3908,78.921,3.16,4.6,25.601,48.801,0.0,90.39006,2.0,0.0,303.75,199.875,5998.0,0.0,-1.96875,1.3207397,490.1255,20197.912,20000.502,1100.0834,532.79486,100.357285,101.69256,0.0,3.270146,3.0,70.12634,21.054153,1.8749976,1.8749976,6.264,0.0,6.8125,1.0548706,0.0,0.0,0.0,0.0,0.0,0.80371094,0.7998047,75.9964,3.1250002,222.97678,255.63367,0.0,95.96567,99.90234,0.0,224.34996,226.94527,529.5,538.125,0.1451456,323.53125,0.0,360.375,79.82713,53.999985,179.40063,0.0,130.95,316.46875,1.4953613,3.567505,52.679443,57.713318,2.319336,130.75,131.01,129.05,129.35,0
26843.355,0.6189684,2.608314,1.1502966,1.3139493,101.59972,16.541367,13.850567,17.570227,348.2696,293.8815,78.921,3.2,4.6,25.601,48.801,0.0,90.35716,2.0,0.0,302.625,199.875,6014.0,0.0,-1.9453125,1.3203735,490.54007,19871.02,20000.502,1100.0834,533.5908,102.158844,101.56539,0.0,3.3973668,3.0,70.99304,21.054,1.8749976,1.8749976,6.292,0.0,6.75,1.0578003,0.0,0.0,0.0,0.0,0.0,0.8046875,0.7998047,75.9964,3.1250002,222.70938,254.3963,0.0,95.9691,99.90234,0.0,224.1012,226.796,529.5,538.125,0.27236646,323.03125,0.0,359.09375,79.82713,53.999985,179.49829,0.0,131.13,317.34375,1.5808105,3.3752441,52.6062,57.539368,2.3242188,131.33,131.38,129.66,129.81,0
26843.396,0.59517473,2.5995758,1.1498915,1.3038604,101.59963,16.541367,13.855553,17.561258,348.51364,295.06543,78.921,3.24,4.6,25.601,48.801,0.0,90.33084,2.0,0.0,298.125,199.875,6034.0,0.0,-1.671875,1.3242188,491.419,19952.21,20000.502,1100.0834,533.5908,103.133804,101.671364,0.0,3.4991434,3.0,71.38214,21.053864,1.8749976,1.8749976,6.392,0.0,6.4140625,1.0597534,0.0,0.0,0.0,0.0,0.0,0.8066406,0.7998047,76.03912,3.1250002,222.64748,252.42932,0.0,95.9722,99.90234,0.0,224.02657,226.59702,529.5,537.75,0.37414315,322.15625,0.0,357.1875,79.82713,53.999985,179.90112,0.0,131.39,317.9375,1.6662598,3.0334473,52.545166,57.209778,2.3242188,131.96,131.74,130.23,130.18,0
26843.438,0.55613977,2.5585804,1.148061,1.286608,101.599556,16.541367,13.853184,17.586603,344.8057,292.36154,78.921,3.28,4.6,25.601,48.801,0.0,90.309784,2.0,0.0,300.0,199.875,6043.0,0.0,-1.8359375,1.3165894,488.57492,19932.047,20000.502,1100.0834,533.5908,102.81588,101.18388,0.0,3.5805647,3.0,71.22803,21.053741,1.8749976,1.8749976,6.332,0.0,6.0,1.0576172,0.0,0.0,0.0,0.0,0.0,0.8027344,0.7998047,76.03912,3.1250002,222.8221,249.6874,0.0,95.974976,99.90234,0.0,224.1012,224.76453,529.5,537.75,0.4555645,322.09375,0.0,355.0,79.82713,53.999985,179.92554,0.0,131.84,317.28125,1.751709,2.3162842,52.62451,56.65741,2.3242188,132.17,132.12,130.34,130.44,0
26843.477,0.5049118,2.5421822,1.1439128,1.2754173,101.59949,16.541367,13.857385,17.493862,344.76837,293.44254,78.921,3.321,4.6,25.601,48.801,0.0,90.29294,2.0,0.0,301.5,200.25,6066.0,0.0,-1.890625,1.3113403,486.63464,19904.982,20000.502,1100.0834,534.1215,103.38814,101.43822,0.0,3.645702,3.0,71.11664,21.05363,2.2499971,2.2499971,6.26,0.0,5.625,1.0558472,0.0,0.0,0.0,0.0,0.0,0.8017578,0.7998047,76.03912,3.1250002,222.18277,247.65271,0.0,95.97748,99.90234,0.0,223.51247,223.07301,529.5,538.125,0.5207016,325.09375,0.0,353.1875,79.82713,53.999985,179.6936,0.0,132.37,316.75,1.7822266,0.37841797,52.69165,54.856873,2.3266602,132.17,132.41,130.49,130.59,0
26843.516,0.46392944,2.535623,1.1441683,1.2583764,101.59943,16.541367,13.866185,17.515339,345.10156,294.01666,78.921,3.359,4.6,25.601,48.801,0.0,90.279465,2.0,0.0,300.375,200.25,6072.0,0.0,-2.015625,1.2980347,481.68448,20143.254,20000.502,1100.0834,534.1215,100.56924,100.95074,0.0,3.6978116,3.0,69.758606,21.053532,2.2499971,2.2499971,6.276,0.0,5.4921875,1.036438,0.0,0.0,0.0,0.0,0.0,0.80078125,0.7998047,76.08032,3.1250002,222.33075,244.4532,0.0,95.97974,99.90234,0.0,223.64514,219.79778,529.5,538.125,0.57281125,323.84375,0.0,351.375,79.82713,53.999985,179.8523,0.0,132.51,310.9375,1.7486572,-4.3640137,53.729248,51.148987,2.319336,132.65,132.65,131.27,131.01,0
26843.553,0.41114354,2.5142493,1.1395122,1.251679,101.59937,16.541367,13.866486,17.46824,343.43103,293.4126,78.921,3.4,4.6,25.601,48.801,0.0,90.268684,2.0,0.0,300.375,200.25,6089.0,0.0,-2.3203125,1.2940063,480.7475,20334.295,20000.502,1100.0834,534.6522,98.322586,101.01433,0.0,3.739499,3.0,68.28766,21.05344,2.2499971,2.2499971,6.268,0.0,5.4765625,1.03302,0.0,0.0,0.0,0.0,0.0,0.8017578,0.7998047,76.08032,3.1250002,222.00606,243.7457,0.0,95.981766,99.90234,0.0,223.3881,219.09297,529.5,538.5,0.614499,325.46875,0.0,350.375,79.82713,53.999985,179.82178,0.0,132.73,309.90625,1.6448975,-3.753662,53.95508,51.8631,2.3046875,133.25,133.09,131.59,131.48,0
26843.596,0.34891486,2.5056996,1.1351216,1.2435402,101.59932,16.541367,13.872556,17.358938,343.4808,294.22623,78.921,3.436,4.6,25.601,48.801,0.0,90.26006,2.0,0.0,301.5,200.25,6105.0,0.0,-2.3984375,1.2890015,478.87357,19929.393,20000.502,1100.0834,534.6522,100.86596,101.03552,0.0,3.7728493,3.0,69.51294,21.05336,2.2499971,2.2499971,6.22,0.0,5.3203125,1.0268555,0.0,0.0,0.0,0.0,0.0,0.8027344,0.7998047,76.11542,3.1250002,221.2526,242.36394,0.0,95.9836,99.90234,0.0,222.49261,217.50925,529.5,538.5,0.64784914,321.96875,0.0,348.09375,79.82713,53.999985,179.91333,0.0,133.17,308.0625,1.5563965,-4.4677734,54.364014,51.423645,2.2558594,133.52,133.46,131.69,131.8,0
26843.639,0.2791319,2.48353,1.1322696,1.2365458,101.59927,16.541367,13.870945,17.290577,341.625,293.35556,78.921,3.479,4.6,25.601,48.801,0.0,90.25317,2.0,0.0,299.625,200.25,6120.0,0.0,-2.4609375,1.2841187,477.06598,19726.676,20000.502,1100.0834,534.6522,103.74845,101.24747,0.0,3.7995296,3.0,70.513916,21.053288,2.2499971,2.2499971,6.252,0.0,5.109375,1.0216675,0.0,0.0,0.0,0.0,0.0,0.80566406,0.7998047,76.11542,3.1250002,220.78134,241.04344,0.0,95.985245,99.90234,0.0,222.0946,215.96698,529.5,538.5,0.6745293,320.03125,0.0,346.375,79.82713,53.999985,179.02222,0.0,133.68,306.5,1.486206,-3.17688,54.711914,52.96173,2.2460938,133.46,133.75,131.9,132.07,0
26843.676,0.22330551,2.474662,1.1265111,1.2171739,101.599236,16.541367,13.869818,17.202274,341.89105,294.35156,78.921,3.521,4.6,25.601,48.801,0.0,90.24765,2.0,0.0,299.625,200.25,6136.0,0.0,-2.421875,1.2696533,471.7012,19986.705,20000.502,1100.0834,535.18286,101.35344,100.56924,0.0,3.8208737,3.0,69.36035,21.053223,2.2499971,2.2499971,6.244,0.0,4.8125,0.9949951,0.0,0.0,0.0,0.0,0.0,0.8027344,0.7998047,76.11542,3.1250002,220.17264,237.86781,0.0,95.986725,99.90234,0.0,221.45613,212.1362,529.5,538.5,0.69587344,320.34375,0.0,344.375,79.82713,53.999985,178.52173,0.0,133.86,298.5,1.348877,-6.680298,56.469727,51.01776,2.241211,133.95,134.06,132.69,132.41,0
26843.717,0.1786444,2.452365,1.1240052,1.2095437,101.5992,16.541367,13.880747,17.143541,340.23407,293.68878,78.921,3.559,4.6,25.601,48.801,0.0,90.24323,2.0,0.0,300.0,200.25,6152.0,0.0,-2.203125,1.2666626,470.58182,19775.498,20000.502,1100.0834,535.18286,103.04903,100.23012,0.0,3.837949,3.0,69.78912,21.053165,2.2499971,2.2499971,6.22,0.0,4.5703125,0.99560547,0.0,0.0,0.0,0.0,0.0,0.80078125,0.7998047,76.15814,3.1250002,219.76776,236.39012,0.0,95.98805,99.90234,0.0,221.00838,211.27385,529.5,538.125,0.71294874,320.3125,0.0,343.1875,79.82713,53.999985,178.52173,0.0,134.06,298.6875,1.1016846,-9.573364,56.445312,47.66388,2.2265625,134.63,134.39,133.03,132.92,0
26843.756,0.122915536,2.4434462,1.1198196,1.2049657,101.59917,16.541367,13.870819,17.094444,340.2937,294.21774,78.921,3.6,4.6,25.601,48.801,0.0,90.2397,2.0,0.0,298.125,200.25,6162.0,0.0,-2.234375,1.2620239,468.86542,19535.635,20000.502,1100.0834,535.71356,107.39395,99.84861,0.0,3.8516092,3.0,71.88263,21.053112,2.2499971,2.2499971,6.256,0.0,3.8203125,0.9897461,0.0,0.0,0.0,0.0,0.0,0.7998047,0.7998047,76.15814,3.1250002,219.4293,236.04457,0.0,95.98924,99.90234,0.0,220.6767,210.46126,529.5,538.125,0.726609,318.40625,0.0,340.875,79.82713,53.999985,178.02124,0.0,134.49,296.9375,0.72631836,-11.328125,56.848145,45.863342,2.1777344,135.05,134.73,133.09,133.19,0
26843.797,0.078332424,2.4398785,1.1175841,1.1980561,101.59914,16.541367,13.887307,17.112396,340.3434,295.35907,78.921,3.638,4.6,25.601,48.801,0.0,90.23688,2.0,0.0,297.0,200.25,6185.0,0.0,-2.21875,1.2584839,467.54703,20703.643,20000.502,1100.0834,535.71356,95.65205,99.57308,0.0,3.8625374,3.0,65.83557,21.053062,2.2499971,2.2499971,6.26,0.0,3.7734375,0.9848633,0.0,0.0,0.0,0.0,0.0,0.8027344,0.7998047,76.19324,3.1250002,219.55302,235.25897,0.0,95.990326,99.90234,0.0,220.75131,209.39162,529.5,538.125,0.7375372,315.25,0.0,339.09375,79.82713,53.999985,178.05786,0.0,135.02,295.46875,0.30517578,-12.545776,57.183838,44.413757,2.0922852,134.78,135.17,133.41,133.36,0
26843.838,0.082665935,2.4384515,1.1259593,1.178133,101.599106,16.541367,13.887131,17.36882,340.39624,296.6467,78.921,3.679,4.6,25.601,48.801,0.0,90.23462,2.0,0.0,301.875,200.625,6211.0,0.0,-2.4140625,1.2298584,456.91702,19792.479,20000.502,1100.0834,535.71356,102.28601,99.0856,0.0,3.87128,3.0,68.644714,21.05302,2.6249967,2.6249967,6.116,0.0,3.609375,0.99121094,0.0,0.0,0.0,0.0,0.0,0.796875,0.7998047,76.19324,3.1250002,221.3205,231.57373,0.0,95.99129,99.90234,0.0,222.0863,204.997,529.5,538.5,0.7462798,315.65625,0.0,336.0,79.82713,53.999985,179.6997,0.0,135.34,297.375,-0.24414062,-15.652466,56.970215,40.574646,2.0336914,135.45,135.56,133.95,133.66,0
26843.877,0.08613275,2.4378808,1.1058192,1.1662216,101.59991,16.541367,13.887007,16.810295,340.67795,297.56143,78.921,3.721,4.6,25.601,48.801,0.0,90.23281,2.0,0.0,298.5,200.625,6225.0,0.0,-2.453125,1.2185669,452.199,19800.44,20000.502,1100.0834,536.5095,105.50762,99.95458,0.0,3.878274,3.0,70.19653,21.052982,2.6249967,2.6249967,6.188,0.0,3.6171875,1.0061035,0.0,0.0,0.0,0.0,0.0,0.8066406,0.7998047,76.18561,3.1250002,217.47144,229.29823,0.0,95.99216,99.90234,0.0,218.75304,203.64543,529.5,538.5,0.75327384,317.375,0.0,333.78125,79.82713,53.999985,176.94092,0.0,135.54,301.84375,-0.692749,-15.512085,56.066895,39.283752,1.9628906,136.02,135.79,134.29,134.17,0
26843.916,0.0689062,2.4376523,1.103042,1.1640173,101.600624,16.541367,13.88692,16.738737,340.72086,297.93353,78.921,3.76,4.6,25.601,48.801,0.0,90.23136,2.0,0.0,298.125,200.625,6232.0,0.0,-2.34375,1.2138672,450.44943,20210.648,20000.502,1100.0834,536.5095,99.827415,99.02202,0.0,4.040119,3.0,67.46063,21.052948,2.6249967,2.6249967,6.192,0.0,3.5703125,1.0100098,0.0,0.0,0.0,0.0,0.0,0.8046875,0.7998047,76.24817,3.1250002,216.97891,228.9522,0.0,95.992935,99.90234,0.0,218.1809,203.27231,529.5,538.5,0.91511905,313.65625,0.0,332.875,79.82713,53.999985,176.09863,0.0,135.87,303.0,-1.1383057,-15.707397,55.841064,38.423157,1.9042969,136.38,136.18,134.29,134.5,0
26843.955,0.055124965,2.456311,1.0882359,1.1591426,101.60045,16.541367,13.869282,16.394512,342.6964,300.43036,78.921,3.799,4.6,25.601,48.801,0.0,90.2302,2.0,0.0,299.625,200.625,6248.0,0.0,-2.1796875,1.2019043,446.02164,19918.248,20000.502,1100.0834,536.7749,100.611626,97.26285,0.0,4.0133457,3.0,67.44995,21.052917,2.6249967,2.6249967,6.124,0.0,3.3828125,1.0150146,0.0,0.0,0.0,0.0,0.0,0.8046875,0.7998047,76.24817,3.1250002,214.60603,228.46791,0.0,95.99364,99.90234,0.0,215.79288,202.25243,529.5,538.125,0.88834524,310.0625,0.0,331.09375,79.82713,53.999985,173.93799,0.0,136.42,304.5,-1.4953613,-14.254761,55.57251,39.219666,1.8652344,136.18,136.52,134.5,134.67,0
26843.996,0.08409997,2.4450245,1.0838825,1.0114996,101.60029,16.541367,13.880372,16.341322,341.1224,299.76846,78.921,3.84,4.6,25.601,48.801,0.0,90.22928,2.0,96.02966,301.875,200.625,6263.0,0.0,-2.0390625,1.0765991,399.5132,20300.332,20000.502,1100.0834,536.7749,94.973816,96.415054,0.0,4.148176,3.0,64.73236,21.05289,2.6249967,2.6249967,6.048,0.0,2.65625,1.0822754,0.0,0.0,0.0,0.0,0.0,0.8046875,0.7998047,76.27716,3.1250002,214.23924,200.03374,0.0,95.99428,29.394531,0.0,214.77296,179.2594,529.5,538.125,1.0231762,307.09375,0.0,78.78125,79.82713,53.999985,173.87695,0.0,136.65,324.6875,-1.876831,-19.714355,52.84424,30.253601,1.8505859,136.59,136.82,135.11,135.17,0
26844.04,0.087279975,2.4217598,1.0213361,0.897175,101.60014,16.541367,13.882276,14.567759,339.38422,298.62192,78.921,3.879,4.6,25.601,48.801,0.0,90.22854,2.0,99.99237,306.0,199.125,6271.0,0.0,-2.109375,0.9683838,362.6398,19883.225,20000.502,1100.0834,536.7749,93.12987,88.9333,0.0,4.256041,3.0,63.8443,21.052864,2.6249967,1.1249986,5.936,0.0,2.2890625,1.3885498,0.0,0.0,0.0,0.0,0.0,0.8046875,0.7998047,76.27716,3.1250002,202.01411,177.75568,0.0,95.99486,0.0,0.0,203.43814,161.93793,529.5,538.125,1.1310409,285.0,0.0,-71.09375,62.5546,53.999985,169.18945,0.0,136.77,416.5625,-2.1606445,-23.434448,47.15576,21.560669,1.796875,137.24,136.93,135.67,135.45,0
26844.076,0.06982398,2.412454,0.846014,0.75610256,101.60084,16.541367,13.87189,9.665677,339.77158,297.6279,78.921,3.923,4.6,25.601,48.801,0.0,90.22794,2.0,99.998474,355.125,200.625,6243.0,0.0,-3.9140625,0.7390747,287.61603,19754.8,20000.502,1100.0834,537.0402,79.75596,74.64802,0.0,4.342333,3.0,57.398987,21.052841,5.2499933,1.8749976,4.648,0.0,1.3203125,1.3187256,0.0,0.0,0.0,0.0,0.0,0.8154297,0.7998047,76.26953,3.1250002,168.2253,150.49925,0.0,96.095375,0.0,0.0,189.15974,141.34122,529.5,539.625,1.2173327,227.125,0.0,-65.875,33.1446,53.999985,144.14062,0.0,137.11,395.625,-2.2460938,-23.434448,42.02881,16.348267,1.6015625,137.55,137.19,135.73,136.07,0
26844.115,0.095859185,2.3712316,0.7154364,0.59197015,101.60146,16.541367,13.888058,6.33388,335.9447,292.86157,78.921,3.959,4.6,25.601,48.801,0.0,90.22747,2.0,99.998474,383.25,198.75,6213.0,0.0,-5.7265625,0.51623535,224.64845,19966.01,19835.994,1100.0834,537.0402,66.424446,61.867565,0.0,5.0363665,3.0,51.353455,21.052822,10.499987,0.74999905,3.892,0.0,-2.6015625,1.2628174,0.0,0.0,0.0,0.0,0.0,0.86328125,0.7998047,75.6134,3.1250002,145.26021,120.409706,0.0,96.18584,0.0,0.0,184.59099,118.14918,528.375,541.5,1.9113661,192.0,0.0,-54.59375,25.675394,53.999985,134.76562,0.0,137.31,378.84375,-1.3519287,-23.934937,3.4729004,0.0,1.2548828,137.03,137.24,135.58,135.87,0
26844.156,0.11668735,2.2422428,0.548956,0.43521363,101.601204,16.541367,13.875937,2.295355,324.19183,282.57047,78.921,4.0,4.6,25.601,48.801,0.0,90.22709,2.0,99.998474,397.125,201.75,6212.0,0.0,-9.71875,0.27868652,174.93939,19399.781,19237.396,1100.0834,536.2442,54.428196,50.909863,0.0,6.060343,3.0,45.10193,21.052803,17.999977,3.3749957,3.504,0.0,-10.1796875,1.1344604,0.0,0.0,0.0,0.0,0.0,0.8701172,0.7998047,70.30945,3.1250002,117.42284,93.395035,0.0,96.26726,0.0,0.0,183.30579,101.59884,527.625,545.625,2.9353428,141.875,0.0,-46.5,21.473967,53.999985,127.57568,0.0,137.13,340.34375,-0.13122559,-24.813843,0.0,0.0,1.015625,136.49,136.98,135.98,136.07,0
26844.195,0.113349885,1.9281471,0.41031122,0.3080025,101.60097,16.541367,13.8967495,-1.3435329,294.0675,255.77725,78.921,4.038,4.6,25.601,48.801,0.0,90.22678,2.0,99.998474,415.125,199.125,6199.0,0.0,-13.75,0.16125488,150.51189,19262.338,18638.799,1100.0834,536.2442,35.92515,39.54946,0.0,6.567024,3.0,36.073303,21.052788,19.874975,1.1249986,2.996,0.0,-14.5,0.8598633,0.0,0.0,0.0,0.0,0.0,0.8173828,0.8017578,66.137695,3.1250002,92.34014,72.59734,0.0,96.34053,0.0,0.0,180.03053,101.59884,526.875,549.75,3.4420242,86.28125,0.0,-41.09375,17.739363,53.999985,122.19849,0.0,136.82,257.96875,0.0,-24.578857,0.0,0.0,0.7714844,136.81,136.59,136.3,136.18,0
26844.238,0.09067991,1.4837589,0.30169514,0.18867593,101.60075,16.541367,13.917177,-3.3832312,251.62958,217.38225,78.921,4.079,4.6,25.601,48.801,0.0,90.22654,2.0,99.998474,438.375,200.25,6157.0,0.0,-18.273438,0.117614746,135.68623,17745.146,18040.2,1100.0834,536.2442,31.007965,27.362461,0.0,6.3473697,3.0,33.551025,21.052773,22.874971,2.6249967,2.352,0.0,-23.390625,0.54089355,0.0,0.0,0.0,0.0,0.0,0.7783203,0.8046875,61.5448,3.1250002,78.28051,55.60461,0.0,96.40648,0.0,0.0,175.58615,101.59884,525.75,554.25,3.2223694,55.75,0.0,-38.375,14.471586,53.999985,117.07764,0.0,136.72,162.28125,0.0,-24.163818,14.282227,0.0,0.64941406,136.49,136.41,136.13,136.28,0
26844.275,0.07254393,1.0060036,0.21910529,0.11237474,101.60056,16.541367,13.925617,-5.917947,201.11894,173.35115,78.921,4.121,4.6,25.601,48.801,0.0,90.22635,2.0,99.998474,460.875,202.125,6143.0,0.0,-14.4921875,0.087402344,125.08938,17791.846,17441.602,1100.0834,535.4482,18.863356,20.368185,0.0,6.171646,3.0,27.514648,21.052757,26.999966,3.7499952,1.716,0.0,-23.851562,0.31311035,0.0,0.0,0.0,0.0,0.0,0.7910156,0.7998047,59.547424,3.1250002,60.8088,39.5573,0.0,96.465836,0.0,0.0,167.92458,101.59884,524.25,551.25,3.0466456,21.9375,0.0,-38.6875,9.803332,53.999985,108.39844,0.0,136.32,93.9375,0.0,-23.498535,28.753662,5.255127,0.6298828,136.23,136.59,135.67,136.07,0
26844.316,0.09803514,0.51490146,0.14117849,0.09694492,101.600395,16.541367,13.931525,-8.558999,125.21835,106.190506,78.921,4.16,4.6,25.601,48.801,0.0,90.2262,2.0,99.998474,473.25,204.375,6044.0,0.0,-7.1484375,0.07562256,116.86396,17436.295,16843.004,1100.0834,535.4482,9.919157,15.535774,0.0,6.343567,3.0,23.756409,21.052746,37.124954,9.374988,1.324,0.0,-19.898438,0.117614746,0.0,0.0,0.0,0.0,0.0,0.82910156,0.7998047,58.224487,3.1250002,42.60415,34.087437,0.0,96.51926,0.0,0.0,159.69087,101.59884,522.0,543.75,3.2185667,-3.4375,0.0,-39.6875,7.469206,53.999985,98.24829,0.0,136.46,35.28125,0.0,-23.446655,53.649902,30.203247,0.60058594,135.53,135.45,135.73,135.71,0
26844.355,0.11842811,0.037210584,0.13176261,0.09694492,101.60024,16.541367,13.923943,-9.374793,0.0,0.0,78.921,4.2,4.6,25.601,48.801,0.0,90.226074,2.0,99.998474,485.625,206.625,6044.0,0.0,-6.7578125,0.07305908,112.941956,16405.2,16244.405,1100.0834,534.38684,12.674479,16.31998,0.0,8.356103,3.0,24.746704,21.052734,37.87495,7.124991,0.968,0.0,-11.7578125,0.11352539,0.0,0.0,0.0,0.0,0.0,0.95996094,0.7998047,58.224487,3.1250002,36.980812,30.469833,0.0,96.56733,0.0,0.0,152.74237,101.59884,521.625,542.625,5.231103,-8.65625,0.0,-42.875,7.936031,53.999985,92.12036,0.0,135.25,34.0625,0.0,-23.602295,54.852295,31.25,0.56884766,135.03,135.22,135.53,135.11,0
26844.396,0.11474249,-0.5663658,0.12157819,0.09690253,101.600105,16.541367,13.942072,-9.886307,0.0,0.0,78.921,4.24,4.6,25.601,48.801,0.0,90.225975,2.0,99.998474,481.875,203.25,5936.0,0.0,-8.2578125,0.07348633,112.527374,15817.745,15653.768,1100.0834,534.38684,11.169649,14.370061,0.0,10.747382,3.0,24.150085,21.052723,38.24995,5.2499933,1.088,0.0,-5.0703125,0.103393555,0.0,0.0,0.0,0.0,0.0,0.92871094,0.87109375,58.114624,3.1250002,33.45487,28.976404,0.0,96.610596,0.0,0.0,146.30797,101.59884,521.25,544.5,7.622382,-13.28125,0.0,-42.375,8.402857,53.999985,85.32715,0.0,135.18,31.03125,0.0,-23.651123,58.947754,35.29663,0.6933594,135.22,134.84,134.95,134.88,0
26844.438,0.09179399,-1.2390463,0.12062754,0.09690253,101.59998,16.541367,13.948903,-9.913411,0.0,0.0,78.921,4.28,4.6,25.601,48.801,0.0,90.22589,2.0,99.998474,485.625,201.375,5968.0,0.0,-8.6875,0.073913574,111.61528,14408.279,15063.129,1100.0834,534.38684,20.558937,14.200503,0.0,12.972905,3.0,28.240967,21.052715,38.24995,2.9999962,0.964,0.0,-4.078125,0.10406494,0.0,0.0,0.0,0.0,0.0,0.95996094,0.87890625,58.084106,3.1250002,33.267925,28.965363,0.0,96.649536,0.0,0.0,140.9681,101.59884,520.5,544.875,9.847905,-16.28125,0.0,-42.6875,8.402857,53.999985,80.27344,0.0,134.99,31.21875,0.0,-23.971558,58.73413,34.762573,0.69091797,134.48,134.33,134.17,134.23,0
26844.477,0.073435195,-1.8456186,0.118081614,0.09690254,101.59987,16.541367,13.947825,-9.980406,0.0,0.0,78.921,4.321,4.6,25.601,48.801,0.0,90.22583,2.0,99.998474,485.25,201.0,5926.0,0.0,-8.7421875,0.07421875,111.582115,14600.383,14475.675,1100.0834,531.7335,13.882582,14.115724,0.0,15.065824,3.0,24.69635,21.052708,38.62495,3.3749957,0.976,0.0,-5.1171875,0.101745605,0.0,0.0,0.0,0.0,0.0,0.984375,0.82910156,58.042908,3.1250002,32.80602,28.957052,0.0,96.684586,0.0,0.0,136.333,101.59884,520.125,544.5,11.940824,-17.03125,0.0,-43.0,8.402857,53.999985,75.04883,0.0,134.22,30.53125,0.0,-24.087524,59.698486,35.610962,0.79833984,133.52,133.74,133.41,133.52,0
26844.516,0.038748156,-2.3694975,0.11655971,0.09690253,101.59977,16.541367,13.95293,-9.999149,0.0,0.0,78.921,4.36,4.6,25.601,48.801,0.0,90.22578,2.0,99.998474,485.25,201.375,5937.0,0.0,-8.7890625,0.074157715,111.42457,14047.423,13889.8125,1100.0834,531.7335,12.844037,14.645594,0.0,16.740158,3.0,23.820496,21.0527,38.62495,3.7499952,0.968,0.0,-5.8984375,0.103759766,0.0,0.0,0.0,0.0,0.0,0.9873047,0.8330078,57.97119,3.1250002,32.67672,29.090967,0.0,96.716125,0.0,0.0,132.6017,101.59884,520.125,544.875,13.615158,-16.84375,0.0,-42.875,8.402857,53.999985,71.588135,0.0,133.7,31.125,0.0,-24.28894,58.898926,34.609985,0.6542969,132.98,132.87,132.98,132.92,0
26844.557,-0.009001473,-2.860299,0.116704814,0.09690253,101.59968,16.541367,13.938926,-10.008759,0.0,0.0,78.921,4.4,4.6,25.601,48.801,0.0,89.92499,2.0,99.998474,481.875,201.375,5959.0,0.0,-8.3125,0.073791504,111.3914,13505.606,13302.358,1100.0834,531.99884,13.734218,14.645594,0.0,18.548376,3.0,23.840332,20.977505,38.62495,3.7499952,1.064,0.0,-5.875,0.10467529,0.0,0.0,0.0,0.0,0.0,0.9951172,0.83691406,57.94983,3.1250002,32.610397,28.99914,0.0,96.744514,0.0,0.0,129.3845,101.59884,520.125,544.125,15.423376,-17.21875,0.0,-43.1875,8.869681,53.999985,67.7124,0.0,132.86,31.40625,0.0,-24.279785,58.483887,34.2041,0.79589844,132.48,132.17,132.6,132.33,0
26844.596,-0.027201178,-3.2628698,0.115153156,0.09690253,101.599594,16.541367,13.946701,-10.053859,0.0,0.0,78.921,4.439,4.6,25.601,48.801,0.0,89.68436,2.0,99.998474,481.875,202.125,5969.0,0.0,-8.5078125,0.074035645,111.30019,12999.876,12710.129,1100.0834,531.99884,14.285282,15.111878,0.0,20.307451,3.0,23.74878,20.909828,38.99995,3.7499952,1.072,0.0,-5.28125,0.10614014,0.0,0.0,0.0,0.0,0.0,0.98339844,0.84277344,57.97119,3.1250002,32.299442,28.981396,0.0,96.770065,0.0,0.0,126.68969,101.59884,520.5,544.5,17.182451,-16.28125,0.0,-43.5,8.869681,53.999985,64.39819,0.0,132.22,31.84375,0.0,-22.634888,57.93457,35.299683,0.67626953,132.01,131.96,131.65,131.59,0
26844.639,-0.021760942,-3.5551481,0.11384726,0.09686014,101.59952,16.541367,13.946284,-10.096787,0.0,0.0,78.921,4.48,4.6,25.601,48.801,0.0,89.49185,2.0,99.998474,480.0,201.75,5981.0,0.0,-8.5390625,0.074035645,111.26703,12242.076,12117.898,1100.0834,531.99884,15.281437,14.921125,0.0,22.02721,3.0,23.92273,20.84892,38.99995,4.1249948,1.124,0.0,-5.1171875,0.10601807,0.0,0.0,0.0,0.0,0.0,0.97753906,0.84765625,57.963562,3.1250002,32.003464,28.911224,0.0,96.79306,0.0,0.0,124.56701,101.59884,520.5,544.5,18.90221,-16.875,0.0,-43.78125,8.869681,53.999985,61.853027,0.0,131.84,31.8125,0.0,-21.444702,57.977295,36.532593,0.5859375,131.21,131.53,130.7,130.7,0
26844.676,-0.017408755,-3.7470593,0.113446854,0.09686014,101.59945,16.541367,13.940133,-10.094948,0.0,0.0,78.921,4.521,4.6,25.601,48.801,0.0,89.337845,2.0,99.998474,479.25,202.125,5982.0,0.0,-8.578125,0.07397461,111.17582,12084.997,11525.669,1100.0834,533.0602,9.516457,14.815152,0.0,23.715517,3.0,20.89386,20.794104,38.99995,4.1249948,1.136,0.0,-5.609375,0.10559082,0.0,0.0,0.0,0.0,0.0,0.9658203,0.8535156,57.974243,3.1250002,32.016075,28.99059,0.0,96.81376,0.0,0.0,122.311646,101.59884,520.5,544.5,20.590517,-16.90625,0.0,-43.875,8.869681,53.999985,59.161377,0.0,131.41,31.6875,0.0,-20.13855,58.148193,38.009644,0.72753906,130.59,130.91,130.59,130.49,0
26844.719,-0.033927005,-3.8613238,0.113702536,0.09690253,101.59939,16.541367,13.941687,-10.0899105,0.0,0.0,78.921,4.559,4.6,25.601,48.801,0.0,89.21464,2.0,99.998474,478.875,202.125,5953.0,0.0,-8.671875,0.073913574,111.12607,11316.053,10933.438,1100.0834,533.0602,10.1523,14.815152,0.0,25.222414,3.0,20.976257,20.744768,38.99995,4.1249948,1.148,0.0,-5.625,0.10449219,0.0,0.0,0.0,0.0,0.0,0.9589844,0.859375,58.033752,3.1250002,32.050735,28.986015,0.0,96.83238,0.0,0.0,120.51233,101.59884,520.125,544.875,22.097414,-16.5,0.0,-43.6875,8.869681,53.999985,56.54297,0.0,130.71,31.34375,0.0,-19.143677,58.569336,39.42566,0.65185547,130.53,130.34,130.28,130.02,0
26844.756,-0.027141605,-3.8695297,0.11287225,0.09681775,101.599335,16.541367,13.936914,-10.115215,0.0,0.0,78.921,4.601,4.6,25.601,48.801,0.0,89.11607,2.0,99.998474,477.75,202.125,5910.0,0.0,-8.3984375,0.07421875,111.08461,10367.742,10347.576,1100.0834,531.7335,12.971206,14.476035,0.0,26.58418,3.0,22.280884,20.700365,38.99995,4.1249948,1.18,0.0,-5.484375,0.10144043,0.0,0.0,0.0,0.0,0.0,0.9511719,0.8652344,58.032227,3.1250002,31.876259,28.967867,0.0,96.849144,0.0,0.0,119.02811,101.59884,519.75,544.5,23.45918,-16.71875,0.0,-43.375,8.869681,53.999985,53.918457,0.0,130.22,30.4375,0.0,-17.904663,59.820557,41.915894,0.68359375,129.96,129.81,129.35,129.25,0
26844.797,-0.021713285,-3.835312,0.10855816,0.096817754,101.59929,16.541367,13.951153,-10.230235,0.0,0.0,78.921,4.64,4.6,25.601,48.801,0.0,89.037224,2.0,99.998474,476.25,202.875,5890.0,0.0,-8.375,0.073913574,110.62027,9930.468,9761.714,1100.0834,531.7335,11.445182,14.030945,0.0,27.829845,3.0,21.235657,20.660402,39.37495,4.874994,1.208,0.0,-5.5546875,0.10040283,0.0,0.0,0.0,0.0,0.0,0.95410156,0.8701172,57.911682,3.1250002,31.083385,28.963272,0.0,96.864235,0.0,0.0,117.867256,101.59884,519.375,544.5,24.704845,-16.875,0.0,-43.6875,8.869681,53.999985,52.453613,0.0,129.76,30.125,0.0,-16.870117,60.186768,43.31665,0.5908203,128.99,129.31,128.8,128.69,0
26844.836,-0.017370628,-3.802875,0.10931337,0.09677537,101.59924,16.541367,13.95526,-10.205933,0.0,0.0,78.921,4.679,4.6,25.601,48.801,0.0,88.974144,2.0,99.998474,476.25,202.875,5871.0,0.0,-8.8359375,0.07385254,110.4876,9180.098,9182.221,1100.0834,531.7335,12.63209,13.988555,0.0,28.982626,3.0,21.237183,20.624437,39.37495,4.4999943,1.2,0.0,-6.109375,0.099243164,0.0,0.0,0.0,0.0,0.0,0.9472656,0.875,57.88269,3.1250002,31.250862,28.98075,0.0,96.877815,0.0,0.0,116.64838,101.59884,519.0,544.875,25.857626,-16.9375,0.0,-43.59375,8.869681,53.999985,50.360107,0.0,129.27,29.78125,0.0,-15.887451,60.638428,44.750977,0.5932617,128.54,128.54,128.54,128.29,0
26844.877,-0.033896502,-3.8274002,0.10936855,0.09669059,101.599205,16.541367,13.946417,-10.196262,0.0,0.0,78.921,4.72,4.6,25.601,48.801,0.0,88.923676,2.0,99.998474,473.25,202.875,5844.0,0.0,-8.71875,0.07385254,110.495895,8892.474,8602.727,1100.0834,530.1415,9.537651,13.649439,0.0,30.061102,3.0,19.128418,20.592068,39.37495,4.4999943,1.296,0.0,-6.3359375,0.09716797,0.0,0.0,0.0,0.0,0.0,0.953125,0.88183594,57.878113,3.1250002,31.317484,29.020828,0.0,96.89004,0.0,0.0,115.68654,101.59884,519.0,544.875,26.936102,-16.78125,0.0,-43.28125,8.869681,53.999985,48.968506,0.0,128.38,29.15625,0.0,-15.090942,61.462402,46.37146,0.68847656,128.24,128.04,127.95,127.79,0
26844.916,-0.0671172,-3.8559601,0.10875649,0.0966482,101.599174,16.541367,13.951944,-10.225741,0.0,0.0,78.921,4.759,4.6,25.601,48.801,0.0,88.8833,2.0,99.998474,471.0,202.5,5815.0,0.0,-8.1953125,0.07312012,110.3881,7801.942,8026.4165,1100.0834,530.1415,14.624398,13.903776,0.0,31.080132,3.0,21.040344,20.562935,39.37495,4.874994,1.348,0.0,-5.8671875,0.09667969,0.0,0.0,0.0,0.0,0.0,0.953125,0.8876953,57.769775,3.1250002,31.114252,28.936584,0.0,96.90104,0.0,0.0,114.72469,101.59884,518.25,544.5,27.955132,-16.75,0.0,-43.09375,8.869681,53.999985,47.38159,0.0,127.94,29.0,0.0,-14.273071,61.56006,47.286987,0.6591797,127.85,127.55,127.0,126.89,0
26844.955,-0.05369376,-3.8486342,0.10717885,0.0966482,101.599144,16.541367,13.944096,-10.2692585,0.0,0.0,78.921,4.8,4.6,25.601,48.801,0.0,88.851006,2.0,99.998474,472.125,202.875,5791.0,0.0,-8.0234375,0.07299805,110.19739,7353.524,7453.2905,1100.0834,528.8148,15.111878,13.331517,0.0,32.051605,3.0,20.599365,20.536716,39.37495,4.874994,1.312,0.0,-6.0703125,0.09454346,0.0,0.0,0.0,0.0,0.0,0.9511719,0.8935547,57.800293,3.1250002,30.814266,28.923832,0.0,96.910934,0.0,0.0,114.07793,101.59884,518.25,544.125,28.926605,-16.65625,0.0,-43.0,8.869681,53.999985,46.539307,0.0,127.61,28.375,0.0,-13.748169,62.390137,48.641968,0.64208984,126.71,127.15,126.65,126.51,0
26844.996,-0.06295501,-3.8644538,0.1050432,0.0966482,101.59911,16.541367,13.95032,-10.327383,0.0,0.0,78.921,4.84,4.6,25.601,48.801,0.0,88.825165,2.0,99.998474,471.0,202.875,5779.0,0.0,-8.203125,0.07281494,109.97351,7121.62,6880.1646,1100.0834,528.8148,11.678324,12.9924,0.0,32.985035,3.0,18.261719,20.513119,39.74995,5.2499933,1.34,0.0,-6.40625,0.093811035,0.0,0.0,0.0,0.0,0.0,0.9628906,0.9003906,57.71942,3.1250002,30.41359,28.902359,0.0,96.919846,0.0,0.0,113.30679,101.59884,517.875,544.125,29.860035,-16.90625,0.0,-43.0,8.869681,53.999985,45.581055,0.0,127.01,28.15625,0.0,-13.024902,62.65869,49.63379,0.76660156,126.75,126.6,126.35,126.11,0
26845.04,-0.050364006,-3.9270315,0.101182364,0.09656341,101.59909,16.541367,13.972256,-10.283341,0.0,0.0,78.921,4.878,4.6,25.601,48.801,0.0,88.8045,2.0,99.998474,467.625,203.25,5754.0,0.0,-8.1796875,0.072753906,109.84084,6553.2705,7940.4473,1100.0834,528.8148,18.206316,11.487571,0.0,27.01303,3.0,22.177124,20.491882,40.12495,5.9999924,1.444,0.0,-6.5703125,0.0892334,0.0,0.0,0.0,0.0,0.0,0.95703125,1.0,54.048157,3.1250002,30.717138,29.883572,0.0,96.927864,0.0,0.0,112.59371,101.59884,517.875,544.125,23.88803,-22.8125,0.0,-42.875,8.869681,53.999985,44.36035,0.0,126.52,26.78125,0.0,-12.466431,64.471436,52.005005,0.59814453,126.17,126.11,125.59,125.59,0
26845.076,-0.080291204,-3.9708128,0.09170774,0.096605815,101.59907,16.541367,13.970032,-10.239936,0.0,0.0,78.921,4.923,4.6,25.601,48.801,0.0,88.787964,2.0,99.998474,0.0,203.25,5730.0,0.0,-8.078125,0.072509766,108.98679,8273.179,9532.464,1100.0834,527.4881,12.568505,9.961547,0.0,22.235424,3.0,21.365356,20.472769,40.12495,5.9999924,0.0,0.0,-6.1796875,0.08538818,0.0,0.0,0.0,0.0,0.0,0.9238281,1.0,54.048157,3.1250002,31.016302,31.900702,0.0,97.03508,0.0,0.0,112.08791,101.59884,720.0,544.125,19.110424,-35.625,0.0,-42.875,8.869681,53.999985,42.889404,0.0,126.03,25.625,0.0,-12.072754,65.979004,53.90625,0.6665039,125.44,125.39,125.02,125.02,0
26845.115,-0.08423297,-3.9695754,0.090718545,0.09643625,101.599045,16.541367,13.986053,-10.1368885,0.0,0.0,78.921,4.96,4.6,25.601,48.801,0.0,88.774734,2.0,99.998474,0.0,204.0,5695.0,0.0,-8.0,0.07208252,107.84253,9451.271,10000.517,1100.0834,527.4881,8.859418,8.541496,0.0,18.647715,3.0,20.753479,20.455566,40.12495,5.9999924,0.0,0.0,-6.34375,0.08111572,0.0,0.0,0.0,0.0,0.0,0.9394531,1.0,53.578186,3.3593752,31.726582,32.756054,0.0,97.13157,0.0,0.0,111.43286,101.59884,720.0,544.125,15.28834,-40.9375,0.0,-42.59375,8.869681,53.999985,40.31372,0.0,125.31,24.34375,0.0,-11.425781,67.63306,56.207275,0.6958008,124.72,124.96,124.72,124.45,0
26845.158,-0.06738638,-3.9503303,0.09412464,0.09647863,101.59903,16.541367,13.979691,-10.050404,0.0,0.0,78.921,4.999,4.6,25.601,48.801,0.0,88.76415,2.0,99.998474,0.0,204.0,5664.0,0.0,-8.0078125,0.07220459,107.5689,9253.861,10000.517,1100.0834,525.63074,13.183153,8.838223,0.0,15.754109,3.0,22.912598,20.440084,40.12495,5.9999924,0.0,0.0,-6.9140625,0.080322266,0.0,0.0,0.0,0.0,0.0,1.0791016,1.0,53.578186,3.5234377,32.32269,32.744995,0.0,97.218414,0.0,0.0,110.661736,101.59884,720.0,544.125,12.230672,-40.625,0.0,-42.28125,9.336507,53.999985,40.1062,0.0,124.76,24.09375,0.0,-10.787964,67.96265,57.174683,0.65185547,124.49,124.39,124.11,123.74,0
26845.195,-0.053909104,-3.9426322,0.09366391,0.09647864,101.599014,16.541367,14.022111,-10.072969,0.0,0.0,78.921,5.041,4.6,25.601,48.801,0.0,88.755684,2.0,99.998474,0.0,204.0,5647.0,0.0,-7.984375,0.07397461,107.70986,9732.527,10000.517,1100.0834,525.63074,0.0,8.68986,0.0,13.422819,3.0,0.0,20.426151,40.12495,5.9999924,0.0,0.0,-6.984375,0.07678223,0.0,0.0,0.0,0.0,0.0,1.8242188,1.0,53.07617,3.6382813,32.167133,32.67465,0.0,97.29657,0.0,0.0,110.213974,101.59884,720.0,544.125,9.784537,-40.53125,0.0,-42.1875,8.869681,53.999985,38.708496,0.0,124.27,23.03125,0.0,-10.27832,69.56177,59.283447,0.5761719,124.02,123.74,123.23,123.14,0
26845.238,-0.06312728,-3.9958029,0.092284776,0.09639385,101.599,16.541367,14.034227,-10.112683,0.0,0.0,78.921,5.078,4.6,25.601,48.801,0.0,88.74891,2.0,99.998474,0.0,204.0,5623.0,0.0,-8.078125,0.07489014,107.60207,9760.122,10000.517,1100.0834,525.63074,0.0,8.880613,0.0,11.546302,3.0,0.0,20.41361,40.12495,5.9999924,0.0,0.0,-6.9609375,0.073913574,0.0,0.0,0.0,0.0,0.0,1.9999695,1.0,53.07617,3.7186718,31.893372,32.632385,0.0,97.36691,0.0,0.0,109.89889,101.59884,720.0,544.125,7.82763,-40.28125,0.0,-42.0,8.869681,53.999985,38.12256,0.0,123.78,22.1875,0.0,-10.070801,70.79468,60.723877,0.61035156,122.95,123.32,123.09,122.76,0
26845.275,-0.050501823,-4.054571,0.09445974,0.09635147,101.59898,16.541367,14.03685,-10.060651,0.0,0.0,78.921,5.121,4.6,25.601,48.801,0.0,88.74349,2.0,99.998474,0.0,204.0,5596.0,0.0,-8.203125,0.076171875,107.577194,9794.616,10000.517,1100.0834,524.5694,0.0,8.880613,0.0,9.802674,3.0,0.0,20.477512,40.12495,5.9999924,0.0,0.0,-6.9921875,0.070617676,0.0,0.0,0.0,0.0,0.0,1.9999695,1.0,53.07617,3.5405703,32.252014,32.59336,0.0,97.43022,0.0,0.0,109.575516,101.59884,720.0,544.125,6.262104,-39.96875,0.0,-41.6875,8.869681,53.999985,37.664795,0.0,123.13,21.1875,0.0,-9.735107,72.2229,62.487793,0.6201172,122.63,122.76,122.58,122.22,0
26845.316,-0.04040146,-4.0780787,0.093834415,0.096266694,101.59897,16.541367,14.044545,-10.082989,0.0,0.0,78.921,5.159,4.6,25.601,48.801,0.0,88.73916,2.0,99.998474,0.0,204.0,5562.0,0.0,-8.25,0.07751465,107.626945,9814.781,10000.517,1100.0834,524.5694,0.0,8.64747,0.0,8.425582,3.0,0.0,20.535023,40.12495,5.9999924,0.0,0.0,-7.0234375,0.066467285,0.0,0.0,0.0,0.0,0.0,1.9999695,1.0,52.61383,3.415899,32.098026,32.542217,0.0,97.4872,0.0,0.0,109.26042,101.59884,720.0,544.125,5.009683,-39.59375,0.0,-41.375,8.869681,53.999985,36.75537,0.0,122.44,19.9375,0.0,-9.512329,73.98071,64.46838,0.6347656,122.3,122.03,121.72,121.63,0
26845.354,-0.07232116,-4.1062317,0.09274188,0.09622431,101.59896,16.541367,14.038213,-10.11787,0.0,0.0,78.921,5.2,4.6,25.601,48.801,0.0,88.73569,2.0,99.998474,0.0,204.0,5533.0,0.0,-8.2109375,0.07800293,107.41136,9833.886,10000.517,1100.0834,522.7121,0.0,8.64747,0.0,7.336376,3.0,0.0,20.586784,40.12495,5.9999924,0.0,0.0,-7.4140625,0.06365967,0.0,0.0,0.0,0.0,0.0,1.9999695,1.0,52.61383,3.3286293,31.857582,32.47956,0.0,97.538475,0.0,0.0,108.92876,101.59884,720.0,544.125,4.0077467,-39.40625,0.0,-41.09375,8.869681,53.999985,36.602783,0.0,121.99,19.09375,0.0,-9.143066,75.12207,65.979004,0.56640625,121.22,121.32,121.08,121.01,0
26845.396,-0.07785693,-4.136243,0.0932916,0.096266694,101.59895,16.541367,14.057218,-10.0980625,0.0,0.0,78.921,5.237,4.6,25.601,48.801,0.0,88.73291,2.0,99.998474,0.0,204.0,5504.0,0.0,-8.15625,0.07965088,107.41136,9862.542,10000.517,1100.0834,522.7121,0.0,8.68986,0.0,6.7081127,3.0,0.0,20.63337,40.12495,5.9999924,0.0,0.0,-7.875,0.060791016,0.0,0.0,0.0,0.0,0.0,1.9999695,1.0,52.127075,3.5019155,31.994112,32.545815,0.0,97.584625,0.0,0.0,108.61367,101.59884,720.0,544.125,3.2061975,-39.09375,0.0,-40.78125,8.869681,53.999985,36.315918,0.0,121.37,18.25,0.0,-8.856201,76.3855,67.5293,0.60302734,120.66,120.86,120.68,120.46,0
26845.44,-0.08228554,-4.1482472,0.094196096,0.09630907,101.598946,16.541367,14.064662,-10.087281,0.0,0.0,78.921,5.28,4.6,25.601,48.801,0.0,88.73069,2.0,99.998474,0.0,204.375,5482.0,0.0,-7.890625,0.080322266,107.46111,9867.849,10000.517,1100.0834,522.7121,0.0,9.219729,0.0,6.188174,3.0,0.0,20.675297,40.12495,5.9999924,0.0,0.0,-7.8203125,0.059020996,0.0,0.0,0.0,0.0,0.0,1.9999695,1.0,52.127075,3.6232157,32.06841,32.445736,0.0,97.62616,0.0,0.0,108.38979,101.59884,720.0,544.125,2.564958,-38.875,0.0,-40.59375,8.869681,53.999985,35.52246,0.0,120.64,17.71875,0.0,-8.627319,77.13013,68.50281,0.6347656,120.36,120.26,119.95,119.84,0
26845.475,-0.065828435,-4.190549,0.09266157,0.09630908,101.59894,16.541367,14.058154,-10.151291,0.0,0.0,78.921,5.322,4.6,25.601,48.801,0.0,88.72891,2.0,99.998474,0.0,204.375,5452.0,0.0,-7.5078125,0.08166504,107.43623,9890.668,10000.517,1100.0834,521.12006,0.0,8.732249,0.0,5.7600923,3.0,0.0,20.713032,40.12495,5.9999924,0.0,0.0,-7.796875,0.055114746,0.0,0.0,0.0,0.0,0.0,1.9999695,1.0,52.127075,3.7081258,31.627193,32.27423,0.0,97.66354,0.0,0.0,108.2903,101.59884,720.0,543.75,2.0519664,-38.65625,0.0,-40.375,8.869681,53.999985,34.973145,0.0,120.09,16.53125,0.0,-8.554077,78.74756,70.19348,0.7421875,119.58,119.71,119.2,119.15,0
26845.516,-0.05266275,-4.2074695,0.09239763,0.09630907,101.59893,16.541367,14.059458,-10.152145,0.0,0.0,78.921,5.357,4.6,25.601,48.801,0.0,88.72749,2.0,99.998474,0.0,204.0,5424.0,0.0,-7.5625,0.08215332,107.2704,9909.771,10000.517,1100.0834,521.12006,0.0,8.605081,0.0,5.4091363,3.0,0.0,20.74699,40.12495,5.9999924,0.0,0.0,-7.671875,0.05206299,0.0,0.0,0.0,0.0,0.0,1.9999695,1.0,51.644897,3.767563,31.621304,32.245045,0.0,97.69719,0.0,0.0,107.9669,101.59884,720.0,543.75,1.6415732,-38.40625,0.0,-40.0,8.869681,53.999985,34.47876,0.0,119.69,15.625,0.0,-8.227539,79.96216,71.73462,0.6689453,118.93,118.99,119.02,118.72,0
26845.557,-0.0421302,-4.2142377,0.093225166,0.096351475,101.59892,16.541367,14.042792,-10.141652,0.0,0.0,78.921,5.4,4.6,25.601,48.801,0.0,88.72636,2.0,99.998474,0.0,204.375,5390.0,0.0,-7.6875,0.083496094,107.29527,9924.631,10000.517,1100.0834,519.528,0.0,8.64747,0.0,4.8880525,3.0,0.0,20.777554,40.12495,5.9999924,0.0,0.0,-7.6796875,0.04925537,0.0,0.0,0.0,0.0,0.0,1.9999695,1.0,51.644897,3.574794,31.693615,32.2514,0.0,97.72747,0.0,0.0,107.75133,101.59884,720.0,543.75,1.3132585,-38.125,0.0,-39.78125,8.869681,53.999985,34.143066,0.0,118.76,14.78125,0.0,-8.029175,81.13403,73.10486,0.6738281,118.34,118.25,118.08,118.0,0
26845.596,-0.053704157,-4.216945,0.09400813,0.09639386,101.598915,16.541367,14.0545635,-10.120751,0.0,0.0,78.921,5.44,4.6,25.601,48.801,0.0,88.72545,2.0,99.998474,0.0,204.0,5350.0,0.0,-7.578125,0.084106445,107.22065,9930.999,10000.517,1100.0834,519.528,0.0,8.732249,0.0,4.490463,3.0,0.0,20.805061,40.12495,5.9999924,0.0,0.0,-8.1015625,0.046325684,0.0,0.0,0.0,0.0,0.0,1.9999695,1.0,51.582336,3.4398558,31.837675,32.265,0.0,97.75472,0.0,0.0,107.64353,101.59884,720.0,543.75,1.0506068,-37.8125,0.0,-39.5,8.869681,53.999985,34.10034,0.0,118.02,13.90625,0.0,-8.001709,82.2937,74.29199,0.6738281,117.45,117.41,117.2,117.11,0
26845.639,-0.042963326,-4.2367783,0.09331738,0.09639385,101.59891,16.541367,14.062803,-10.142638,0.0,0.0,78.921,5.479,4.6,25.601,48.801,0.0,88.724724,2.0,99.998474,0.0,204.375,5318.0,0.0,-8.3203125,0.0847168,107.20406,9947.98,10000.517,1100.0834,519.528,0.0,8.965392,0.0,4.1858845,3.0,0.0,20.829819,40.12495,5.9999924,0.0,0.0,-7.3359375,0.044128418,0.0,0.0,0.0,0.0,0.0,1.9999695,1.0,51.582336,3.3453991,31.686806,32.24963,0.0,97.77925,0.0,0.0,107.64353,101.59884,720.0,544.125,0.8404855,-37.59375,0.0,-39.1875,8.869681,53.999985,34.020996,0.0,117.35,13.25,0.0,-8.016968,83.17261,75.15564,0.65185547,116.59,116.73,116.78,116.45,0
26845.676,-0.03437066,-4.2447114,0.09258697,0.09643625,101.5989,16.541367,14.07443,-10.158855,0.0,0.0,78.921,5.521,4.6,25.601,48.801,0.0,88.724144,2.0,99.998474,0.0,204.0,5292.0,0.0,-8.9296875,0.085998535,107.14603,9965.492,10000.517,1100.0834,521.3854,0.0,9.219729,0.0,4.186043,3.0,0.0,20.8521,40.12495,5.9999924,0.0,0.0,-6.5703125,0.041992188,0.0,0.0,0.0,0.0,0.0,1.9999695,1.0,51.582336,3.5136545,31.57501,32.272884,0.0,97.80132,0.0,0.0,107.328445,101.59884,720.0,544.875,0.67238843,-37.34375,0.0,-39.0,8.869681,53.999985,33.03833,0.0,116.51,12.59375,0.0,-7.7056885,84.06372,76.35803,0.7373047,116.31,116.31,115.84,115.51,0
26845.717,-0.02749653,-4.3228846,0.09265932,0.09647864,101.5989,16.541367,14.076711,-10.160142,0.0,0.0,78.921,5.56,4.6,25.601,48.801,0.0,88.72368,2.0,99.998474,0.0,204.0,5268.0,0.0,-9.078125,0.08660889,107.12115,9993.087,10000.517,1100.0834,521.3854,0.0,8.64747,0.0,3.9349687,3.0,0.0,20.872154,40.12495,5.9999924,0.0,0.0,-5.9296875,0.038513184,0.0,0.0,0.0,0.0,0.0,1.9999695,1.0,51.228333,3.397058,31.566147,32.245228,0.0,97.82119,0.0,0.0,107.26211,101.59884,720.0,545.25,0.53791076,-37.1875,0.0,-38.78125,8.869681,53.999985,33.026123,0.0,116.1,11.5625,0.0,-7.650757,85.4187,77.767944,0.7373047,115.58,115.51,114.95,114.81,0
26845.756,-0.021997225,-4.429154,0.0932993,0.09643625,101.5989,16.541367,14.060729,-10.163961,0.0,0.0,78.921,5.6,4.6,25.601,48.801,0.0,88.723305,2.0,99.998474,0.0,204.375,5235.0,0.0,-8.8125,0.08721924,107.021645,9999.455,10000.517,1100.0834,519.7934,0.0,8.68986,0.0,3.7457693,3.0,0.0,20.965391,40.12495,5.9999924,0.0,0.0,-5.625,0.036254883,0.0,0.0,0.0,0.0,0.0,1.9999695,1.0,51.228333,3.3154407,31.539822,32.105305,0.0,97.83907,0.0,0.0,107.005066,101.59884,720.0,544.875,0.4303286,-36.90625,0.0,-38.5,8.869681,53.999985,32.89795,0.0,115.54,10.875,0.0,-7.437134,86.30371,78.86658,0.6274414,115.0,115.19,114.81,114.59,0
26845.797,-0.01759778,-4.5279117,0.09240109,0.09647864,101.5989,16.541367,14.06126,-10.188653,0.0,0.0,78.921,5.64,4.6,25.601,48.801,0.0,88.72301,2.0,99.998474,0.0,204.375,5223.0,0.0,-8.4609375,0.08850098,107.03823,9999.455,10000.517,1100.0834,519.7934,0.0,8.880613,0.0,3.8369462,3.0,0.0,21.049303,40.12495,5.9999924,0.0,0.0,-6.21875,0.034484863,0.0,0.0,0.0,0.0,0.0,1.9999695,1.0,50.75531,3.4926834,31.369621,32.10713,0.0,97.85516,0.0,0.0,107.005066,101.59884,720.0,544.5,0.3442629,-36.75,0.0,-38.375,8.869681,53.999985,32.196045,0.0,114.98,10.34375,0.0,-7.562256,87.03003,79.46777,0.63964844,114.68,114.5,113.95,113.82,0
26845.838,0.0059217755,-4.586165,0.09287087,0.096521035,101.5989,16.541367,14.061632,-10.183701,0.0,0.0,78.921,5.68,4.6,25.601,48.801,0.0,88.72277,2.0,99.998474,0.0,204.0,5188.0,0.0,-8.578125,0.08874512,106.90556,10025.989,10025.989,1100.0834,519.7934,0.0,8.753445,0.0,3.6577888,3.0,0.0,21.124825,40.12495,5.9999924,0.0,0.0,-6.578125,0.03186035,0.0,0.0,0.0,0.0,0.0,1.9999695,1.0,50.75531,3.3823783,31.40376,32.06308,0.0,97.869644,0.0,0.0,106.68169,101.59884,720.0,544.5,0.27541032,-36.5,0.0,-38.09375,8.869681,53.999985,31.872559,0.0,114.39,9.5625,0.0,-7.4188232,88.031006,80.61218,0.7128906,113.77,113.77,113.23,113.42,0
26845.877,0.0047374205,-4.628216,0.09245593,0.09647864,101.5989,16.541367,14.056033,-10.193699,0.0,0.0,78.921,5.721,4.6,25.601,48.801,0.0,88.72258,2.0,99.998474,0.0,204.0,5166.0,0.0,-8.625,0.090148926,107.01336,10033.418,10033.418,1100.0834,518.20135,0.0,8.541496,0.0,3.5254931,3.0,0.0,21.192795,40.12495,5.9999924,0.0,0.0,-7.109375,0.028503418,0.0,0.0,0.0,0.0,0.0,1.9999695,1.0,50.75531,3.3051648,31.334843,32.06606,0.0,97.88268,0.0,0.0,106.68169,101.59884,720.0,544.5,0.22032826,-36.1875,0.0,-37.875,8.402857,53.999985,31.652832,0.0,113.87,8.5625,0.0,-7.571411,89.34326,81.77185,0.65185547,113.45,113.42,113.09,113.01,0
26845.916,0.023789937,-4.6637864,0.09206992,0.09647864,101.5989,16.541367,14.057973,-10.202303,0.0,0.0,78.921,5.759,4.6,25.601,48.801,0.0,88.72243,2.0,99.998474,0.0,204.375,5134.0,0.0,-8.6640625,0.090270996,106.814354,10061.544,10061.544,1100.0834,518.20135,0.0,8.732249,0.0,3.427378,3.0,0.0,21.253967,40.12495,5.9999924,0.0,0.0,-7.171875,0.026855469,0.0,0.0,0.0,0.0,0.0,1.9999695,1.0,50.271606,3.2511153,31.275537,32.079556,0.0,97.89442,0.0,0.0,106.40806,101.59884,720.0,544.875,0.1762626,-36.0,0.0,-37.5,8.869681,53.999985,31.451416,0.0,113.31,8.0625,0.0,-7.5042725,89.96582,82.46155,0.61035156,112.74,112.74,111.91,112.13,0
26845.955,0.01903195,-4.6592646,0.093774974,0.09647864,101.5989,16.541367,14.047612,-10.1648245,0.0,0.0,78.921,5.799,4.6,25.601,48.801,0.0,88.722305,2.0,99.998474,0.0,204.0,5104.0,0.0,-8.65625,0.09100342,106.88069,10056.237,10056.237,1100.0834,516.6093,0.0,8.838223,0.0,3.3542907,3.0,0.0,21.309023,40.12495,5.9999924,0.0,0.0,-7.0859375,0.024658203,0.0,0.0,0.0,0.0,0.0,1.9999695,1.0,50.271606,3.2132807,31.533875,32.04425,0.0,97.904976,0.0,0.0,106.358315,101.59884,720.0,544.875,0.14101009,-35.8125,0.0,-37.375,8.869681,53.999985,31.207275,0.0,112.65,7.40625,0.0,-7.3516846,90.81421,83.462524,0.61279297,111.86,112.04,111.68,111.91,0
26845.994,0.0152255595,-4.657456,0.09199,0.096521035,101.5989,16.541367,14.057938,-10.225197,0.0,0.0,78.921,5.84,4.6,25.601,48.801,0.0,88.722206,2.0,99.998474,0.0,204.0,5070.0,0.0,-8.6796875,0.09161377,106.82265,10067.912,10067.912,1100.0834,516.6093,0.0,8.562692,0.0,3.2996044,3.0,0.0,21.358572,40.12495,5.9999924,0.0,0.0,-7.0234375,0.02142334,0.0,0.0,0.0,0.0,0.0,1.9999695,1.0,49.79706,3.1867964,31.117733,31.941906,0.0,97.91448,0.0,0.0,106.358315,101.59884,720.0,544.875,0.11280807,-35.5625,0.0,-37.09375,8.402857,53.999985,31.018066,0.0,111.85,6.4375,0.0,-7.5012207,92.03491,84.53369,0.6347656,111.26,111.38,111.13,111.16,0
26846.04,0.07218045,-4.6192327,0.09499714,0.09647864,101.5989,16.541367,14.0651655,-10.155592,0.0,0.0,78.921,5.877,4.6,25.601,48.801,0.0,88.72213,2.0,99.998474,0.0,204.375,5034.0,0.0,-8.703125,0.09289551,106.839226,10084.894,10084.894,1100.0834,516.6093,0.0,6.7187457,0.0,3.492879,3.0,0.0,21.403166,40.12495,5.9999924,0.0,0.0,-7.296875,0.0146484375,0.0,0.0,0.0,0.0,0.0,1.9999695,1.0,49.79706,3.4026325,31.597511,31.866055,0.0,97.923035,0.0,0.0,106.04323,101.59884,720.0,544.875,0.09024646,-35.375,0.0,-36.875,8.869681,53.999985,30.657959,0.0,111.22,4.40625,0.0,-6.9396973,94.58008,87.64038,0.6616211,110.69,110.74,110.02,110.35,0
26846.076,0.09774436,-4.585193,0.0930782,0.09639386,101.5989,16.541367,14.052647,-10.2129,0.0,0.0,78.921,5.924,4.6,25.601,48.801,0.0,88.72207,2.0,99.998474,0.0,204.0,5011.0,0.0,-8.7734375,0.093444824,106.69827,10101.875,10101.875,1100.0834,514.48663,0.0,6.8883038,0.0,3.6259148,3.0,0.0,21.4433,40.12495,5.9999924,0.0,0.0,-7.4765625,0.013000488,0.0,0.0,0.0,0.0,0.0,1.9999695,1.0,49.79706,3.5537176,31.202494,31.798618,0.0,97.93073,0.0,0.0,106.04323,101.59884,720.0,544.875,0.07219717,-34.9375,0.0,-36.59375,8.869681,53.999985,31.030273,0.0,110.6,3.90625,0.0,-7.1136475,95.20264,88.08899,0.6689453,109.76,109.97,109.59,109.85,0
26846.113,0.1581955,-4.5715775,0.093644805,0.09626669,101.5989,16.541367,14.055602,-10.203851,0.0,0.0,78.921,5.959,4.6,25.601,48.801,0.0,88.722015,2.0,99.998474,0.0,204.0,4982.0,0.0,-8.7265625,0.09429932,106.91386,10101.875,10101.875,1100.0834,514.48663,0.0,6.4008236,0.0,3.717235,3.0,0.0,21.479422,40.12495,5.9999924,0.0,0.0,-7.5,0.008972168,0.0,0.0,0.0,0.0,0.0,1.9999695,1.0,49.298096,3.6594772,31.264874,31.738224,0.0,97.93766,0.0,0.0,106.04323,101.59884,720.0,544.875,0.057757735,-35.09375,0.0,-36.59375,8.402857,53.999985,29.821777,0.0,109.71,2.6875,0.0,-7.092285,96.698,89.60571,0.64453125,109.46,109.55,108.93,109.09,0
26846.158,0.22655639,-4.566131,0.09613882,0.09601236,101.5989,16.541367,14.045953,-10.1464,0.0,0.0,78.921,5.997,4.6,25.601,48.801,0.0,88.72198,2.0,99.998474,0.0,204.0,4943.0,0.0,-8.734375,0.09429932,106.540726,10107.182,10107.182,1100.0834,513.6906,0.0,6.867109,0.0,3.7797153,3.0,0.0,21.587118,40.12495,5.9999924,0.0,0.0,-7.515625,0.0072631836,0.0,0.0,0.0,0.0,0.0,1.9999695,1.0,49.298096,3.733509,31.660864,31.63782,0.0,97.94389,0.0,0.0,105.71156,101.59884,720.0,544.875,0.046206187,-34.5625,0.0,-36.09375,8.869681,53.999985,30.358887,0.0,109.23,2.1875,0.0,-6.512451,97.32666,90.81421,0.63720703,108.64,108.93,108.07,108.47,0
26846.195,0.26124513,-4.5639524,0.092179395,0.095885165,101.5989,16.541367,14.056776,-10.25935,0.0,0.0,78.921,6.041,4.6,25.601,48.801,0.0,88.72195,2.0,99.998474,0.0,204.0,4922.0,0.0,-8.78125,0.09509277,106.68169,10131.0625,10131.0625,1100.0834,513.6906,0.0,6.8459144,0.0,3.8222961,3.0,0.0,21.684046,40.12495,5.9999924,0.0,0.0,-7.265625,0.004699707,0.0,0.0,0.0,0.0,0.0,1.9999695,1.0,49.264526,3.7853312,30.882313,31.537952,0.0,97.9495,0.0,0.0,105.71156,101.59884,720.0,544.875,0.03696495,-34.1875,0.0,-35.78125,8.402857,53.999985,29.608154,0.0,108.69,1.40625,0.0,-6.689453,98.27881,91.589355,0.67871094,107.9,108.26,107.94,107.99,0
26846.238,0.30899608,-4.5630813,0.092792846,0.09567323,101.5989,16.541367,14.064352,-10.257373,0.0,0.0,78.921,6.079,4.6,25.601,48.801,0.0,88.721924,2.0,99.998474,0.0,204.0,4892.0,0.0,-8.78125,0.09576416,106.7646,10141.676,10141.676,1100.0834,513.6906,0.0,6.5279922,0.0,3.851179,3.0,0.0,21.77128,40.12495,5.9999924,0.0,0.0,-7.1796875,0.0012207031,0.0,0.0,0.0,0.0,0.0,1.9999695,1.0,49.264526,3.8216069,30.895943,31.417736,0.0,97.95455,0.0,0.0,105.71156,101.59884,720.0,544.875,0.02957196,-34.3125,0.0,-35.78125,8.402857,53.999985,29.01001,0.0,107.98,0.375,0.0,-6.411743,99.55444,93.1427,0.6689453,107.54,107.66,106.73,107.1,0
26846.275,0.36719686,-4.581483,0.09509837,0.09550367,101.5989,16.541367,14.063796,-10.222968,0.0,0.0,78.921,6.121,4.6,25.601,48.801,0.0,88.7219,2.0,99.998474,0.0,204.0,4860.0,0.0,-8.6484375,0.09649658,106.4661,10136.369,10136.369,1100.0834,512.89465,0.0,6.8247194,0.0,3.8706574,3.0,0.0,21.849792,40.12495,5.9999924,0.0,0.0,-6.828125,0.0,0.0,0.0,0.0,0.0,0.0,1.9999695,1.0,49.264526,3.847,31.133093,31.198786,0.0,97.9591,0.0,0.0,105.49597,101.59884,720.0,544.875,0.023657568,-33.96875,0.0,-35.5,8.402857,53.999985,29.04663,0.0,107.47,0.0,0.0,-6.2072754,99.998474,93.7912,0.6152344,106.66,107.02,106.55,106.63,0
26846.316,0.3937575,-4.5888433,0.09166008,0.09550367,101.5989,16.541367,14.069266,-10.317993,0.0,0.0,78.921,6.16,4.6,25.601,48.801,0.0,88.721886,2.0,99.998474,0.0,204.375,4848.0,0.0,-8.625,0.09716797,106.45781,10170.332,10170.332,1100.0834,512.89465,0.0,7.0154724,0.0,3.883701,3.0,0.0,21.920452,40.12495,5.9999924,0.0,0.0,-6.7109375,0.0,0.0,0.0,0.0,0.0,0.0,1.9999695,1.0,48.82202,3.864775,30.478096,31.188189,0.0,97.96319,0.0,0.0,105.39647,101.59884,720.0,544.5,0.018926054,-33.625,0.0,-35.0,8.402857,53.999985,28.900146,0.0,106.83,0.0,0.0,-5.8685303,99.998474,94.129944,0.6738281,106.29,106.38,106.07,105.96,0
26846.355,0.435006,-4.5917873,0.09215599,0.09529173,101.5989,16.541367,14.055517,-10.33159,0.0,0.0,78.921,6.2,4.6,25.601,48.801,0.0,88.72187,2.0,99.998474,0.0,204.0,4791.0,0.0,-8.6328125,0.09790039,106.59048,10170.332,10170.332,1100.0834,512.36395,0.0,6.549187,0.0,3.8923583,3.0,0.0,21.984047,40.12495,5.9999924,0.0,0.0,-6.640625,0.0,0.0,0.0,0.0,0.0,0.0,1.9999695,1.0,48.82202,3.8772175,30.384377,30.982637,0.0,97.96687,0.0,0.0,105.39647,101.59884,720.0,544.875,0.015140844,-33.375,0.0,-35.0,8.402857,53.999985,28.704834,0.0,106.18,0.0,0.0,-5.923462,99.998474,94.07501,0.6713867,105.64,105.64,105.14,105.36,0
26846.396,0.44800478,-4.574215,0.09479948,0.09512217,101.5989,16.541367,14.063471,-10.26204,0.0,0.0,78.921,6.24,4.6,25.601,48.801,0.0,88.72186,2.0,99.998474,0.0,204.0,4797.0,0.0,-8.6796875,0.097961426,106.31685,10189.436,10189.436,1100.0834,512.36395,0.0,7.2062254,0.0,3.8980398,3.0,0.0,22.041283,40.12495,5.9999924,0.0,0.0,-6.0625,0.0,0.0,0.0,0.0,0.0,0.0,1.9999695,1.0,48.390198,3.8859272,30.863773,30.915735,0.0,97.970184,0.0,0.0,105.07309,101.59884,720.0,544.875,0.012112675,-33.1875,0.0,-34.6875,8.402857,53.999985,28.588867,0.0,105.65,0.0,0.0,-5.154419,99.998474,94.844055,0.6298828,104.96,105.11,104.96,105.15,0
26846.436,0.43840384,-4.529686,0.09139654,0.094952606,101.5989,16.541367,14.069038,-10.373515,0.0,0.0,78.921,6.28,4.6,25.601,48.801,0.0,88.721855,2.0,99.998474,0.0,204.0,4751.0,0.0,-8.671875,0.09881592,106.53243,10180.945,10180.945,1100.0834,512.36395,0.0,6.78233,0.0,3.901714,3.0,0.0,22.092794,40.12495,5.9999924,0.0,0.0,-6.4921875,0.0,0.0,0.0,0.0,0.0,0.0,1.9999695,1.0,48.390198,3.892024,30.09539,30.76297,0.0,97.97317,0.0,0.0,105.07309,101.59884,720.0,544.875,0.00969014,-33.125,0.0,-34.59375,8.402857,53.999985,28.076172,0.0,104.95,0.0,0.0,-5.1696777,99.998474,94.8288,0.71777344,104.79,104.75,103.86,104.25,0
26846.477,0.43072307,-4.4368744,0.093344115,0.094952606,101.5989,16.541367,14.061217,-10.318424,0.0,0.0,78.921,6.32,4.6,25.601,48.801,0.0,88.72185,2.0,99.998474,0.0,204.0,4743.0,0.0,-8.625,0.099609375,106.34172,10204.295,10204.295,1100.0834,511.83328,0.0,6.951888,0.0,3.904044,3.0,0.0,22.139154,40.12495,5.9999924,0.0,0.0,-6.828125,0.0,0.0,0.0,0.0,0.0,0.0,1.9999695,1.0,48.390198,3.8962917,30.475128,30.81013,0.0,97.97585,0.0,0.0,105.07309,101.59884,720.0,544.5,0.0077521126,-33.03125,0.0,-34.28125,8.402857,53.999985,28.094482,0.0,104.55,0.0,0.0,-4.9438477,99.998474,95.05463,0.5810547,103.86,104.03,103.76,103.92,0
26846.516,0.4245785,-4.3059998,0.09193304,0.09461351,101.5989,16.541367,14.067461,-10.376947,0.0,0.0,78.921,6.36,4.6,25.601,48.801,0.0,88.72184,2.0,0.7904053,0.0,204.0,4697.0,0.0,-8.625,0.099609375,106.34172,10209.071,10209.071,1100.0834,511.83328,0.0,6.9942775,0.0,3.9054809,3.0,0.0,22.180878,40.12495,5.9999924,0.0,0.0,-6.4609375,0.0,0.0,0.0,0.0,0.0,0.0,1.9999695,1.0,47.955322,3.899279,30.071733,30.580132,0.0,97.97827,0.0,0.0,105.07309,101.59884,720.0,544.5,0.00620169,-32.75,0.0,-34.28125,8.402857,53.999985,27.874756,0.0,103.91,0.0,0.0,-5.050659,99.998474,94.947815,0.703125,103.55,103.61,103.32,103.4,0
26846.557,0.4596628,-4.1598997,0.09457781,0.09457111,101.5989,16.541367,14.065972,-10.310781,0.0,0.0,78.921,6.4,4.6,25.601,48.801,0.0,88.72183,2.0,0.0015258789,0.0,204.0,4675.0,0.0,-8.71875,0.1005249,106.27539,10227.113,10227.113,1100.0834,511.3026,0.0,6.867109,0.0,3.9063315,3.0,0.0,22.21843,40.12495,5.9999924,0.0,0.0,-6.40625,0.0,0.0,0.0,0.0,0.0,0.0,1.9999695,1.0,47.955322,3.9013703,30.527811,30.538975,0.0,97.980446,0.0,0.0,104.965294,101.59884,720.0,544.875,0.0049613523,-32.59375,0.0,-34.0,8.402857,53.999985,27.008057,0.0,103.38,0.0,0.0,-4.412842,99.998474,95.58563,0.60546875,102.77,102.91,102.62,102.75,0
26846.596,0.46773022,-4.00771,0.09369673,0.094486326,101.5989,16.541367,14.082509,-10.346221,0.0,0.0,78.921,6.44,4.6,25.601,48.801,0.0,88.72183,2.0,0.0,0.0,204.0,4661.0,0.0,-8.7109375,0.101257324,106.3666,10238.788,10238.788,1100.0834,511.3026,0.0,7.2062254,0.0,3.9068034,3.0,0.0,22.252226,40.12495,5.9999924,0.0,0.0,-6.0390625,0.0,0.0,0.0,0.0,0.0,0.0,1.9999695,1.0,47.932434,3.9028342,30.283524,30.438425,0.0,97.9824,0.0,0.0,105.34672,101.59884,720.0,544.875,0.003969082,-32.3125,0.0,-33.6875,8.402857,53.999985,26.293945,0.0,102.89,0.0,0.0,-5.194092,99.998474,94.80438,0.6738281,102.35,102.51,102.36,102.28,0
26846.639,0.4741842,-3.9093342,0.093048565,0.09427439,101.5989,16.541367,14.082366,-10.39023,0.0,0.0,78.921,6.478,4.6,25.601,48.801,0.0,88.72183,2.0,0.0,0.0,204.0,4622.0,0.0,-8.6328125,0.101501465,106.27539,10238.788,10238.788,1100.0834,511.3026,0.0,7.0154724,0.0,3.9070342,3.0,0.0,22.282642,40.12495,5.9999924,0.0,0.0,-5.9375,0.0,0.0,0.0,0.0,0.0,0.0,1.9999695,1.0,47.932434,3.903859,29.980173,30.300144,0.0,97.98416,0.0,0.0,106.72314,101.59884,720.0,544.875,0.0031752659,-32.0625,0.0,-33.59375,7.936031,53.999985,28.430176,0.0,102.29,0.0,0.0,-9.823608,99.998474,90.174866,0.60302734,102.13,101.92,101.24,101.59,0
26846.676,0.45934737,-3.8324838,0.09130558,0.094104834,101.59807,16.541367,14.0764065,-10.441017,0.0,0.0,78.921,6.521,4.6,25.601,48.801,0.0,88.72183,2.0,0.0,0.0,204.0,4604.0,0.0,-8.625,0.10205078,106.18418,10243.034,10243.034,1100.0834,511.0373,0.0,7.0790567,0.0,3.9071164,3.0,0.0,22.310019,40.12495,5.9999924,0.0,0.0,-5.8671875,0.0,0.0,0.0,0.0,0.0,0.0,1.9999695,1.0,47.932434,3.9045763,29.62927,30.144972,0.0,97.98575,0.0,0.0,106.358315,101.59055,720.0,544.5,0.0025402128,-31.90625,0.0,-33.28125,7.936031,53.999985,26.818848,0.0,101.83,0.0,0.0,-9.994507,99.998474,90.00397,0.68359375,101.24,101.42,101.21,101.29,0
26846.717,0.4074779,-3.7829936,0.091222666,0.094104834,101.59731,16.541367,14.078094,-10.450101,0.0,0.0,78.921,6.56,4.6,25.601,48.801,0.0,88.72183,2.0,0.0,0.0,204.0,4596.0,0.0,-9.0234375,0.103271484,106.076385,10267.444,10267.444,1100.0834,511.0373,0.0,6.951888,0.0,3.9071107,3.0,0.0,22.334656,40.12495,5.9999924,0.0,0.0,-5.90625,0.0,0.0,0.0,0.0,0.0,0.0,1.9999695,1.0,47.502136,3.9050784,29.5659,30.107012,0.0,97.987175,0.0,0.0,106.358315,101.59055,720.0,545.25,0.0020321703,-31.625,0.0,-33.09375,7.936031,53.999985,26.31836,0.0,101.18,0.0,0.0,-9.939575,99.998474,90.0589,0.64941406,100.87,100.97,100.42,100.63,0
26846.758,0.3859823,-3.7631974,0.09255076,0.09389288,101.597466,16.541367,14.067556,-10.43589,0.0,0.0,78.921,6.6,4.6,25.601,48.801,0.0,88.72183,2.0,0.0,0.0,204.0,4556.0,0.0,-9.1015625,0.103881836,106.0681,10272.752,10272.752,1100.0834,510.24127,0.0,6.951888,0.0,3.9070556,3.0,0.0,22.35683,40.12495,5.9999924,0.0,0.0,-5.796875,0.0,0.0,0.0,0.0,0.0,0.0,1.9999695,1.0,47.502136,3.9054298,29.664013,29.923826,0.0,97.98846,0.0,0.0,106.30026,101.59884,720.0,545.25,0.0016257362,-31.5625,0.0,-33.0,7.936031,53.999985,26.135254,0.0,100.75,0.0,0.0,-10.028076,99.998474,89.9704,0.6640625,100.22,100.38,99.98,100.22,0
26846.797,0.36878586,-3.755279,0.092621446,0.09389288,101.5976,16.541367,14.083617,-10.436295,0.0,0.0,78.921,6.641,4.6,25.601,48.801,0.0,88.72183,0.0,0.0,0.0,204.0,4554.0,0.0,-9.703125,0.10461426,106.11784,10272.752,10272.752,1100.0834,510.24127,0.0,7.142641,0.0,3.9069765,3.0,0.0,22.376787,40.12495,5.9999924,0.0,0.0,-5.40625,0.0,0.0,0.0,0.0,0.0,0.0,1.9999695,1.0,47.06421,3.905676,29.66136,29.913498,0.0,97.98961,0.0,0.0,106.21735,101.59884,720.0,545.625,0.0013005891,-31.25,0.0,-32.6875,7.936031,53.999985,25.494385,0.0,100.38,0.0,0.0,-9.698486,99.998474,90.29999,0.703125,99.85,100.06,99.62,99.65,0
26846.838,0.37502867,-3.7521117,0.09187165,0.09363854,101.59773,16.541367,14.083141,-10.483522,0.0,0.0,78.921,6.68,4.6,25.601,48.801,0.0,88.72183,0.0,0.0,0.0,204.0,4510.0,0.0,-9.5703125,0.10522461,106.08468,10276.997,10276.997,1100.0834,510.24127,0.0,7.2062254,0.0,3.9068885,3.0,0.0,22.394749,40.12495,5.9999924,0.0,0.0,-5.1015625,0.0,0.0,0.0,0.0,0.0,0.0,1.9999695,1.0,47.06421,3.905848,29.335955,29.67864,0.0,97.99065,0.0,0.0,106.1676,101.59884,720.0,545.625,0.0010404713,-31.3125,0.0,-32.59375,7.936031,53.999985,25.177002,0.0,99.79,0.0,0.0,-9.805298,99.998474,90.19318,0.6542969,99.45,99.45,98.93,99.11,0
26846.877,0.38002294,-3.7508447,0.09220491,0.09363854,101.59785,16.541367,14.076949,-10.472266,0.0,0.0,78.921,6.721,4.6,25.601,48.801,0.0,88.72183,0.0,0.0,0.0,204.0,4495.0,0.0,-9.4140625,0.10583496,106.026634,10307.245,10307.245,1100.0834,509.97595,0.0,7.2274203,0.0,3.906801,3.0,0.0,22.486101,40.12495,5.9999924,0.0,0.0,-5.0078125,0.0,0.0,0.0,0.0,0.0,0.0,1.9999695,1.0,47.06421,3.9059687,29.413656,29.687757,0.0,97.991585,0.0,0.0,106.1676,101.59884,720.0,545.625,8.32377E-4,-30.96875,0.0,-32.28125,7.936031,53.999985,25.219727,0.0,99.38,0.0,0.0,-9.533691,99.998474,90.46478,0.63964844,98.64,98.85,98.77,98.85,0
26846.916,0.38401836,-3.7128382,0.092652306,0.09346898,101.597946,16.541367,14.084333,-10.46122,0.0,0.0,78.921,6.76,4.6,25.601,48.801,0.0,88.72183,0.0,0.0,0.0,204.0,4470.0,0.0,-9.1484375,0.1071167,106.05151,10307.245,10307.245,1100.0834,509.97595,0.0,7.248615,0.0,3.906719,3.0,0.0,22.568317,40.12495,5.9999924,0.0,0.0,-5.8515625,0.0,0.0,0.0,0.0,0.0,0.0,1.9999695,1.0,47.053528,3.906053,29.4899,29.636173,0.0,97.992424,0.0,0.0,106.12615,101.59884,720.0,545.25,6.6590164E-4,-30.875,0.0,-32.1875,7.936031,53.999985,25.238037,0.0,98.66,0.0,0.0,-9.552002,99.998474,90.44647,0.60302734,98.45,98.37,97.82,98.06,0
26846.955,0.4072147,-3.6601355,0.09309745,0.09346898,101.59804,16.541367,14.071924,-10.453649,0.0,0.0,78.921,6.8,4.6,25.601,48.801,0.0,88.72183,0.0,0.0,0.0,204.0,4456.0,0.0,-9.703125,0.107788086,106.05151,10307.245,10307.245,1100.0834,509.44525,0.0,7.2274203,0.0,3.9066448,3.0,0.0,22.642313,40.12495,5.9999924,0.0,0.0,-5.703125,0.0,0.0,0.0,0.0,0.0,0.0,1.9999695,1.0,47.053528,3.9061122,29.542173,29.61069,0.0,97.99318,0.0,0.0,106.04323,101.59884,720.0,545.625,5.3272134E-4,-30.71875,0.0,-32.09375,7.936031,53.999985,24.743652,0.0,98.27,0.0,0.0,-9.524536,99.998474,90.47394,0.72265625,97.63,97.91,97.91,97.78,0
26846.996,0.4057718,-3.6015544,0.093607515,0.09338419,101.59812,16.541367,14.080815,-10.446625,0.0,0.0,78.921,6.84,4.6,25.601,48.801,0.0,88.72183,0.0,0.0,0.0,204.0,4431.0,0.0,-10.2890625,0.10839844,106.04322,10326.35,10326.35,1100.0834,509.44525,0.0,7.2910047,0.0,3.9065797,3.0,0.0,22.708908,40.12495,5.9999924,0.0,0.0,-5.2734375,0.0,0.0,0.0,0.0,0.0,0.0,1.9999695,1.0,46.6156,3.9061534,29.59068,29.558039,0.0,97.99386,0.0,0.0,106.1676,101.59884,720.0,546.0,4.2617708E-4,-30.59375,0.0,-32.0,7.936031,53.999985,25.219727,0.0,97.66,0.0,0.0,-9.655762,99.998474,90.34271,0.6298828,97.35,97.4,96.86,97.04,0
26847.04,0.40461743,-3.559372,0.09049798,0.09321464,101.5982,16.541367,14.08118,-10.547142,0.0,0.0,78.921,6.88,4.6,25.601,48.801,0.0,88.72183,0.0,0.0,0.0,204.0,4410.0,0.0,-10.1796875,0.109069824,106.04322,10341.208,10341.208,1100.0834,509.44525,0.0,6.9094987,0.0,3.9065232,3.0,0.0,22.768845,40.12495,5.9999924,0.0,0.0,-4.6484375,0.0,0.0,0.0,0.0,0.0,0.0,1.9999695,1.0,46.6156,3.9061823,28.897896,29.407795,0.0,97.99448,0.0,0.0,106.04323,101.59884,720.0,546.375,3.4094168E-4,-30.4375,0.0,-31.875,7.469206,53.999985,24.6521,0.0,97.3,0.0,0.0,-9.640503,99.998474,90.35797,0.7055664,96.74,96.86,96.68,96.68,0
26847.076,0.40369397,-3.542499,0.09179395,0.09321464,101.59827,16.541367,14.075576,-10.518542,0.0,0.0,78.921,0.0,4.6,25.601,48.801,0.0,88.72183,0.0,0.0,0.0,204.0,4387.0,0.0,-10.0234375,0.11035156,106.05981,10346.515,10346.515,1100.0834,509.17993,0.0,6.9942775,0.0,3.9064753,3.0,0.0,22.822788,40.12495,5.9999924,0.0,0.0,-4.78125,0.0,0.0,0.0,0.0,0.0,0.0,1.9999695,1.0,46.6156,3.9062026,29.095098,29.388937,0.0,97.995026,0.0,0.0,106.04323,101.59884,720.0,546.0,2.7275336E-4,-30.3125,0.0,-31.6875,7.936031,53.999985,24.804688,0.0,96.78,0.0,0.0,-9.58252,99.998474,90.415955,0.6616211,96.44,96.44,96.17,96.17,0
26847.115,0.40295517,-3.53575,0.09269843,0.09312987,101.59833,16.541367,14.077513,-10.498366,0.0,0.0,78.921,0.0,4.6,25.601,48.801,0.0,88.72183,0.0,0.0,0.0,204.0,4368.0,0.0,-9.8203125,0.11102295,106.05981,10350.761,10350.761,1100.0834,509.17993,0.0,7.0154724,0.0,3.906435,3.0,0.0,22.871336,40.12495,5.9999924,0.0,0.0,-4.8671875,0.0,0.0,0.0,0.0,0.0,0.0,1.9999695,1.0,46.601868,3.9062169,29.234232,29.323347,0.0,97.99552,0.0,0.0,106.04323,101.59884,720.0,546.0,2.182027E-4,-30.21875,0.0,-31.59375,7.936031,53.999985,24.719238,0.0,96.27,0.0,0.0,-9.664917,99.998474,90.33356,0.6689453,95.65,95.88,95.69,95.69,0
26847.156,0.38236415,-3.53305,0.0924043,0.0929603,101.59838,16.541367,14.067149,-10.5087805,0.0,0.0,78.921,0.0,4.6,25.601,48.801,0.0,88.72183,0.0,0.0,0.0,204.0,4343.0,0.0,-9.71875,0.111694336,106.05981,10369.864,10369.864,1100.0834,508.64926,0.0,7.0790567,0.0,3.9064014,3.0,0.0,22.91503,40.12495,5.9999924,0.0,0.0,-4.9453125,0.0,0.0,0.0,0.0,0.0,0.0,1.9999695,1.0,46.601868,3.9062269,29.162497,29.267109,0.0,97.99597,0.0,0.0,106.04323,101.59884,720.0,545.625,1.7456216E-4,-30.09375,0.0,-31.5,7.936031,53.999985,24.609375,0.0,95.79,0.0,0.0,-9.768677,99.998474,90.2298,0.68359375,95.28,95.39,95.21,95.06,0
26847.195,0.36589134,-3.5507202,0.09070655,0.092875525,101.59843,16.541367,14.083332,-10.563825,0.0,0.0,78.921,0.0,4.6,25.601,48.801,0.0,88.72183,0.0,0.0,0.0,204.0,4318.0,0.0,-10.3359375,0.11199951,106.04322,10375.171,10375.171,1100.0834,508.64926,0.0,6.6127715,0.0,3.9063735,3.0,0.0,22.954353,40.12495,5.9999924,0.0,0.0,-5.0625,0.0,0.0,0.0,0.0,0.0,0.0,1.9999695,1.0,46.17157,3.9062338,28.783138,29.202477,0.0,97.996376,0.0,0.0,106.04323,101.59884,720.0,546.375,1.3964972E-4,-29.9375,0.0,-31.28125,7.469206,53.999985,24.169922,0.0,95.16,0.0,0.0,-9.872437,99.998474,90.12604,0.68847656,94.69,94.8,94.44,94.44,0
26847.238,0.33271307,-3.5577881,0.09023205,0.092875525,101.59847,16.541367,14.082942,-10.578338,0.0,0.0,78.921,0.0,4.6,25.601,48.801,0.0,88.72183,0.0,0.0,0.0,204.0,4291.0,0.0,-10.75,0.11260986,106.04322,10375.171,10375.171,1100.0834,508.64926,0.0,6.8883038,0.0,3.9063504,3.0,0.0,22.989746,40.12495,5.9999924,0.0,0.0,-5.1328125,0.0,0.0,0.0,0.0,0.0,0.0,1.9999695,1.0,46.17157,3.9062386,28.683144,29.191017,0.0,97.99674,0.0,0.0,106.04323,101.59884,720.0,546.75,1.1171978E-4,-29.75,0.0,-31.1875,7.469206,53.999985,24.32251,0.0,94.74,0.0,0.0,-9.985352,99.998474,90.01312,0.6640625,94.12,94.19,94.19,94.08,0
26847.275,0.30617046,-3.6168654,0.09190236,0.092790745,101.59851,16.541367,14.076809,-10.54398,0.0,0.0,78.921,0.0,4.6,25.601,48.801,0.0,88.72183,0.0,0.0,0.0,204.0,4269.0,0.0,-11.171875,0.11395264,106.05981,10375.171,10375.171,1100.0834,508.1186,0.0,7.0154724,0.0,3.9063313,3.0,0.0,23.021599,40.12495,5.9999924,0.0,0.0,-4.9765625,0.0,0.0,0.0,0.0,0.0,0.0,1.9999695,1.0,46.17157,3.906242,28.920008,29.084341,0.0,97.99707,0.0,0.0,106.04323,101.59884,720.0,547.125,8.9375826E-5,-29.59375,0.0,-31.0,7.469206,53.999985,24.523926,0.0,94.05,0.0,0.0,-10.073853,99.998474,89.92462,0.6274414,93.72,93.65,93.43,93.36,0
26847.316,0.30493638,-3.6592464,0.091374695,0.0925788,101.59855,16.541367,14.084235,-10.57022,0.0,0.0,78.921,0.0,4.6,25.601,48.801,0.0,88.72183,0.0,0.0,0.0,204.375,4242.0,0.0,-10.765625,0.11425781,106.05981,10404.358,10404.358,1100.0834,508.1186,0.0,6.8247194,0.0,3.9063158,3.0,0.0,23.050266,40.12495,6.374992,0.0,0.0,-4.7265625,0.0,0.0,0.0,0.0,0.0,0.0,1.9999695,1.0,46.154785,3.9062443,28.739178,28.979929,0.0,97.99736,0.0,0.0,105.93544,101.59884,720.0,547.125,7.150066E-5,-29.46875,0.0,-30.78125,7.469206,53.999985,23.99292,0.0,93.6,0.0,0.0,-10.037231,99.998474,89.96124,0.72265625,93.08,93.05,93.15,92.94,0
26847.357,0.2639491,-3.6949487,0.09006339,0.09249402,101.59858,16.541367,14.065996,-10.618871,0.0,0.0,78.921,0.0,4.6,25.601,48.801,0.0,88.72183,0.0,0.0,0.0,204.375,4215.0,0.0,-10.484375,0.11456299,106.05981,10409.665,10409.665,1100.0834,507.58792,0.0,6.8035245,0.0,3.9063032,3.0,0.0,23.076067,40.12495,6.374992,0.0,0.0,-4.8046875,0.0,0.0,0.0,0.0,0.0,0.0,1.9999695,1.0,46.154785,3.906246,28.403858,28.865887,0.0,97.99763,0.0,0.0,106.04323,101.59884,720.0,546.375,5.720053E-5,-29.28125,0.0,-30.59375,7.469206,53.999985,24.23706,0.0,92.9,0.0,0.0,-10.189819,99.998474,89.808655,0.6298828,92.73,92.73,92.1,92.28,0
26847.396,0.25115928,-3.7467299,0.09026447,0.09249402,101.59861,16.541367,14.0708065,-10.619536,0.0,0.0,78.921,0.0,4.6,25.601,48.801,0.0,88.72183,0.0,0.0,0.0,204.375,4195.0,0.0,-11.203125,0.115234375,106.05151,10409.665,10409.665,1100.0834,507.58792,0.0,6.761135,0.0,3.906293,3.0,0.0,23.099287,40.12495,6.374992,0.0,0.0,-4.5234375,0.0,0.0,0.0,0.0,0.0,0.0,1.9999695,1.0,45.721436,3.9062471,28.399302,28.82924,0.0,97.99786,0.0,0.0,105.811066,101.59884,720.0,547.125,4.5760426E-5,-29.15625,0.0,-30.5,7.469206,53.999985,23.693848,0.0,92.65,0.0,0.0,-9.851074,99.998474,90.1474,0.59814453,92.0,92.07,91.97,91.86,0
26847.438,0.22092742,-3.786192,0.09106866,0.092324466,101.59863,16.541367,14.080033,-10.611393,0.0,0.0,78.921,0.0,4.6,25.601,48.801,0.0,88.72183,0.0,0.0,0.0,204.375,4168.0,0.0,-11.2265625,0.11553955,106.05151,10409.665,10409.665,1100.0834,507.58792,0.0,6.8883038,0.0,3.9062846,3.0,0.0,23.120186,40.12495,6.374992,0.0,0.0,-4.5,0.0,0.0,0.0,0.0,0.0,0.0,1.9999695,1.0,45.721436,3.9062479,28.455462,28.698324,0.0,97.99808,0.0,0.0,105.71156,101.59884,720.0,547.5,3.660834E-5,-29.03125,0.0,-30.28125,7.469206,53.999985,23.66333,0.0,91.94,0.0,0.0,-9.356689,99.998474,90.641785,0.65185547,91.72,91.59,91.12,91.06,0
26847.477,0.19674194,-3.801977,0.091271855,0.09223969,101.597824,16.541367,14.074773,-10.603335,0.0,0.0,78.921,0.0,4.6,25.601,48.801,0.0,88.72183,0.0,0.0,0.0,204.375,4147.0,0.0,-11.046875,0.11584473,106.03493,10438.321,10438.321,1100.0834,507.05725,0.0,6.8035245,0.0,3.906278,3.0,0.0,23.138994,40.12495,6.374992,0.0,0.0,-5.1015625,0.0,0.0,0.0,0.0,0.0,0.0,1.9999695,1.0,45.721436,3.9062486,28.510187,28.69874,0.0,97.99827,0.0,0.0,105.71156,101.59055,720.0,547.125,2.9286673E-5,-28.875,0.0,-30.1875,7.469206,53.999985,23.675537,0.0,91.55,0.0,0.0,-9.082031,99.998474,90.91644,0.6591797,90.89,91.06,90.95,90.98,0
26847.516,0.21739356,-3.827041,0.091557816,0.09202773,101.5971,16.541367,14.082809,-10.609371,0.0,0.0,78.921,0.0,4.6,25.601,48.801,0.0,88.72183,0.0,0.0,0.0,204.375,4119.0,0.0,-11.0,0.1161499,106.03493,10443.628,10443.628,1100.0834,507.05725,0.0,6.8459144,0.0,3.9062724,3.0,0.0,23.155922,40.12495,6.374992,0.0,0.0,-4.6953125,0.0,0.0,0.0,0.0,0.0,0.0,1.9999695,1.0,45.70465,3.906249,28.467861,28.562094,0.0,97.99844,0.0,0.0,105.76131,101.59055,720.0,547.125,2.3429338E-5,-28.75,0.0,-30.09375,7.469206,53.999985,23.68164,0.0,90.83,0.0,0.0,-9.188843,99.998474,90.80963,0.6689453,90.57,90.65,89.92,90.24,0
26847.557,0.23391485,-3.8183165,0.09150341,0.09202773,101.59644,16.541367,14.064998,-10.622463,0.0,0.0,78.921,0.0,4.6,25.601,48.801,0.0,88.72183,0.0,0.0,0.0,204.375,4098.0,0.0,-10.8984375,0.11651611,106.03493,10443.628,10443.628,1100.0834,506.7919,0.0,6.6127715,0.0,3.9062681,3.0,0.0,23.171158,40.12495,6.374992,0.0,0.0,-4.4453125,0.0,0.0,0.0,0.0,0.0,0.0,1.9999695,1.0,45.70465,3.9062493,28.376965,28.481806,0.0,97.9986,0.0,0.0,105.71156,101.59055,720.0,547.125,1.874347E-5,-28.59375,0.0,-30.0,7.469206,53.999985,23.480225,0.0,90.45,0.0,0.0,-9.14917,99.998474,90.849304,0.68603516,90.05,90.15,90.01,90.11,0
26847.596,0.24713188,-3.7773266,0.090929314,0.09194294,101.59669,16.541367,14.081826,-10.64376,0.0,0.0,78.921,0.0,4.6,25.601,48.801,0.0,88.72183,0.0,0.0,0.0,204.375,4075.0,0.0,-10.84375,0.11682129,106.03493,10457.426,10457.426,1100.0834,506.7919,0.0,6.485603,0.0,3.9062645,3.0,0.0,23.18487,40.12495,6.374992,0.0,0.0,-3.9765625,0.0,0.0,0.0,0.0,0.0,0.0,1.9999695,1.0,45.272827,3.9062495,28.230406,28.420366,0.0,97.99873,0.0,0.0,105.71156,101.59884,720.0,547.125,1.4994776E-5,-28.46875,0.0,-29.875,7.469206,53.999985,23.376465,0.0,90.06,0.0,0.0,-9.185791,99.998474,90.81268,0.64697266,89.94,89.88,89.22,89.45,0
26847.637,0.2577055,-3.6484308,0.0888529,0.09177339,101.59691,16.541367,14.081887,-10.705597,0.0,0.0,78.921,0.0,4.6,25.601,48.801,0.0,88.72183,0.0,0.0,0.0,204.375,4059.0,0.0,-10.7734375,0.117126465,106.03493,10478.122,10478.122,1100.0834,506.7919,0.0,6.4220185,0.0,3.9062614,3.0,0.0,23.19721,40.12495,6.374992,0.0,0.0,-4.453125,0.0,0.0,0.0,0.0,0.0,0.0,1.9999695,1.0,45.272827,3.9062495,27.804394,28.368633,0.0,97.99886,0.0,0.0,105.71156,101.59884,720.0,546.75,1.1995821E-5,-28.34375,0.0,-29.6875,7.0023804,53.999985,23.291016,0.0,89.89,0.0,0.0,-9.237671,99.998474,90.7608,0.64208984,89.45,89.52,89.27,89.33,0
26847.676,0.2661644,-3.4281225,0.088946305,0.09177339,101.59711,16.541367,14.076071,-10.707083,0.0,0.0,78.921,0.0,4.6,25.601,48.801,0.0,88.72183,0.0,0.0,0.0,204.375,4043.0,0.0,-11.203125,0.11743164,106.026634,10478.122,10478.122,1100.0834,506.26123,0.0,6.570382,0.0,3.906259,3.0,0.0,23.283504,40.12495,6.374992,0.0,0.0,-4.3515625,0.0,0.0,0.0,0.0,0.0,0.0,1.9999695,1.0,45.272827,3.9062495,27.794352,28.340792,0.0,97.99898,0.0,0.0,105.71156,101.59884,720.0,547.125,9.596657E-6,-28.21875,0.0,-29.6875,7.0023804,53.999985,23.291016,0.0,89.49,0.0,0.0,-9.286499,99.998474,90.711975,0.67626953,89.6,89.52,88.88,89.0,0
26847.717,0.2929315,-3.133749,0.08928629,0.09177339,101.59728,16.541367,14.083718,-10.702409,0.0,0.0,78.921,0.0,4.6,25.601,48.801,0.0,88.72183,0.0,0.0,0.0,204.375,4033.0,0.0,-10.7890625,0.11743164,106.026634,10478.122,10478.122,1100.0834,506.26123,0.0,6.506798,0.0,3.9062572,3.0,0.0,23.36117,40.12495,6.374992,0.0,0.0,-4.2265625,0.0,0.0,0.0,0.0,0.0,0.0,1.9999695,1.0,45.259094,3.9062495,27.82674,28.297634,0.0,97.99908,0.0,0.0,105.67838,101.59884,720.0,547.125,7.677326E-6,-28.1875,0.0,-29.59375,7.0023804,53.999985,23.19336,0.0,89.47,0.0,0.0,-9.204102,99.998474,90.79437,0.60058594,89.11,89.27,89.07,88.91,0
26847.756,0.31434518,-2.7347498,0.08992298,0.09168862,101.59744,16.541367,14.065634,-10.689554,0.0,0.0,78.921,0.0,4.6,25.601,48.801,0.0,88.72183,0.0,0.0,0.0,204.375,4026.0,0.0,-11.953125,0.11779785,106.026634,10491.919,10491.919,1100.0834,505.9959,0.0,6.570382,0.0,3.9062557,3.0,0.0,23.431068,40.12495,6.374992,0.0,0.0,-4.0859375,0.0,0.0,0.0,0.0,0.0,0.0,1.9999695,1.0,45.259094,3.9062495,27.915512,28.263472,0.0,97.99917,0.0,0.0,105.529144,101.59884,720.0,547.5,6.141861E-6,-28.125,0.0,-29.5,7.0023804,53.999985,23.114014,0.0,89.17,0.0,0.0,-8.883667,99.998474,91.11481,0.6933594,89.22,89.03,88.65,88.65,0
26847.797,0.33147615,-2.2939,0.09099592,0.09164623,101.59759,16.541367,14.076412,-10.673314,0.0,0.0,78.921,0.0,4.6,25.601,48.801,0.0,88.72183,0.0,0.0,0.0,204.375,4020.0,0.0,-12.2421875,0.118774414,106.03493,10503.594,10503.594,1100.0834,505.9959,0.0,6.8883038,0.0,3.9062545,3.0,0.0,23.493977,40.12495,6.374992,0.0,0.0,-4.0078125,0.0,0.0,0.0,0.0,0.0,0.0,1.9999695,1.0,44.836426,3.9062495,28.027594,28.151129,0.0,97.99925,0.0,0.0,105.39647,101.59884,720.0,548.25,4.9134887E-6,-28.09375,0.0,-29.5,7.0023804,53.999985,22.912598,0.0,89.1,0.0,0.0,-8.004761,99.998474,91.99371,0.64941406,88.69,88.8,88.88,88.69,0
26847.836,0.34518093,-1.87381,0.09156377,0.09164623,101.59772,16.541367,14.083957,-10.65999,0.0,0.0,78.921,0.0,4.6,25.601,48.801,0.0,88.72183,0.0,0.0,0.0,204.375,4016.0,0.0,-11.875,0.11907959,106.03493,10512.085,10512.085,1100.0834,505.9959,0.0,6.73994,0.0,3.9062533,3.0,0.0,23.550594,40.12495,6.374992,0.0,0.0,-3.8984375,0.0,0.0,0.0,0.0,0.0,0.0,1.9999695,1.0,44.836426,3.9062495,28.11957,28.13764,0.0,97.99933,0.0,0.0,105.39647,101.59884,720.0,548.25,3.930791E-6,-28.0625,0.0,-29.5,7.0023804,53.999985,23.010254,0.0,88.69,0.0,0.0,-7.687378,99.998474,92.3111,0.61279297,88.85,88.65,88.36,88.34,0
26847.877,0.33614475,-1.537024,0.091949716,0.09164623,101.59783,16.541367,14.083379,-10.645419,0.0,0.0,78.921,0.0,4.6,25.601,48.801,0.0,88.72183,0.0,0.0,0.0,204.375,4012.0,0.0,-11.484375,0.119384766,106.026634,10512.085,10512.085,1100.0834,505.9959,0.0,6.9094987,0.0,3.9062526,3.0,0.0,23.60155,40.12495,6.374992,0.0,0.0,-3.890625,0.0,0.0,0.0,0.0,0.0,0.0,1.9999695,1.0,44.836426,3.9062495,28.220114,28.137424,0.0,97.9994,0.0,0.0,105.39647,101.59884,720.0,547.5,3.144633E-6,-28.0625,0.0,-29.5,7.469206,53.999985,22.937012,0.0,88.71,0.0,0.0,-7.7148438,99.998474,92.28363,0.6567383,88.34,88.54,88.55,88.4,0
26847.916,0.34891582,-1.2898097,0.09217631,0.09164623,101.59794,16.541367,14.094693,-10.639188,0.0,0.0,78.921,0.0,4.6,25.601,48.801,0.0,88.72183,0.0,0.0,0.0,204.375,4012.0,0.0,-11.640625,0.11975098,106.026634,10512.085,10512.085,1100.0834,505.9959,0.0,6.8247194,0.0,3.9062521,3.0,0.0,23.64741,40.12495,6.374992,0.0,0.0,-3.984375,0.0,0.0,0.0,0.0,0.0,0.0,1.9999695,1.0,44.833374,3.9062495,28.263176,28.153408,0.0,97.99946,0.0,0.0,105.39647,101.59884,720.0,547.5,2.5157065E-6,-28.03125,0.0,-29.375,7.469206,53.999985,23.205566,0.0,88.41,0.0,0.0,-7.7209473,99.998474,92.27753,0.60546875,88.46,88.36,88.07,88.17,0
26847.951,0.35913265,-1.1159239,0.09186694,0.09164623,101.59803,16.541367,14.085035,-10.6360445,0.0,0.0,78.921,0.0,4.6,25.601,48.801,0.0,88.72183,0.0,0.0,0.0,204.375,4009.0,0.0,-11.578125,0.12005615,106.026634,10537.557,10537.557,1100.0834,505.9959,0.0,6.8035245,0.0,3.9062514,3.0,0.0,23.688683,40.12495,6.374992,0.0,0.0,-4.3203125,0.0,0.0,0.0,0.0,0.0,0.0,1.9999695,1.0,44.833374,3.9062495,28.284939,28.25542,0.0,97.99951,0.0,0.0,105.39647,101.59884,720.0,547.5,2.0125651E-6,-28.03125,0.0,-29.375,7.469206,53.999985,22.96753,0.0,88.42,0.0,0.0,-7.727051,99.998474,92.27142,0.61035156,88.21,88.33,88.33,88.07,0
26847.996,0.3673061,-1.0088695,0.09193972,0.09164623,101.598114,16.541367,14.095853,-10.645736,0.0,0.0,78.921,0.0,4.6,25.601,48.801,0.0,88.72183,0.0,0.0,0.0,204.375,4007.0,0.0,-11.6640625,0.121032715,106.04322,10546.578,10546.578,1100.0834,505.9959,0.0,6.8459144,0.0,3.9062512,3.0,0.0,23.72583,40.12495,6.374992,0.0,0.0,-4.3984375,0.0,0.0,0.0,0.0,0.0,0.0,1.9999695,1.0,44.418335,3.9062495,28.218214,28.206018,0.0,97.99956,0.0,0.0,105.39647,101.59884,720.0,547.875,1.6100521E-6,-28.03125,0.0,-29.375,7.469206,53.999985,23.028564,0.0,88.22,0.0,0.0,-7.727051,99.998474,92.27142,0.64453125,88.23,88.23,87.83,87.95,0
26848.04,0.37384492,-0.9472979,0.101753406,0.09164623,101.59819,16.541367,14.074128,-10.896415,0.0,0.0,78.921,0.0,4.6,25.601,48.801,0.0,88.72183,0.0,0.0,0.0,203.25,4007.0,0.0,-11.828125,0.11968994,105.99347,10404.889,10347.046,1100.0834,505.9959,5.5954223,8.138796,0.0,3.9062507,3.0,26.612854,23.759262,40.12495,6.374992,0.0,0.0,-4.078125,0.0,0.0,0.0,0.0,0.0,0.0,1.9999695,1.0,54.058838,3.9062495,26.490385,24.56637,0.0,97.9996,0.9765625,0.0,105.34672,80.96067,720.0,547.875,1.2880417E-6,-20.8125,0.0,-23.15625,7.0023804,53.999985,23.376465,0.0,88.25,0.0,0.0,-64.74609,99.998474,35.25238,0.625,87.99,88.1,88.01,87.89,0
26848.076,0.39907593,-0.9039192,0.09743251,0.09177339,101.59826,16.541367,14.0530615,-11.008541,0.0,0.0,78.921,0.0,4.6,25.601,48.801,0.0,88.72183,0.0,0.0,480.0,204.375,4033.0,0.0,-11.84375,0.11669922,106.20905,9500.623,9946.919,1100.0834,505.9959,14.942321,8.350743,0.0,3.9062505,3.0,30.949402,23.78935,40.12495,6.374992,0.76,0.0,-3.9375,0.0,0.0,0.0,0.0,0.0,0.0,1.9999695,0.9033203,54.95453,3.9062495,25.717583,24.641212,0.0,97.99964,0.9765625,0.0,105.34672,80.96067,498.375,547.875,1.0304334E-6,-14.96875,0.0,-23.5625,7.0023804,53.999985,22.98584,0.0,88.02,0.0,0.0,-71.60339,99.998474,28.39508,0.6152344,88.1,88.04,87.58,87.7,0
26848.115,0.41926074,-0.8865677,0.091706485,0.09168862,101.59832,16.541367,14.044174,-11.152393,0.0,0.0,78.921,0.0,4.6,25.601,48.801,0.0,88.72183,0.0,0.0,479.625,205.5,4030.0,0.0,-11.5078125,0.11053467,105.90226,9606.228,9544.669,1100.0834,505.9959,9.982741,7.6937056,0.0,3.9062502,3.0,27.996826,23.816431,40.12495,7.4999905,0.764,0.0,-3.96875,0.0,0.0,0.0,0.0,0.0,0.0,1.9999695,0.9033203,54.997253,3.9062495,24.72609,24.71589,0.0,97.99968,3.0273438,0.0,105.11455,80.96067,498.375,547.5,8.243467E-7,-15.71875,0.0,-11.15625,7.0023804,53.999985,22.644043,0.0,88.06,0.0,0.0,-72.283936,99.998474,27.714539,0.6616211,87.89,88.04,87.89,87.58,0
26848.158,0.4154086,-0.8421271,0.09062911,0.10398159,101.59837,16.541367,14.020375,-11.172754,0.0,0.0,78.921,0.0,4.6,25.601,48.801,0.0,88.72183,0.0,0.0,480.375,225.0,4021.0,0.0,-11.453125,0.108947754,105.935425,9105.804,9145.604,1100.0834,505.9959,10.766949,7.2698097,0.0,3.9062502,3.0,27.996826,23.840803,40.12495,31.87496,0.732,0.0,-4.4375,0.0,0.0,0.0,0.0,0.0,0.0,1.1933594,0.9033203,54.91638,3.9062495,24.58579,27.11556,0.0,97.99971,5.46875,0.0,105.023346,80.96067,498.375,547.125,6.594774E-7,-4.15625,0.0,3.90625,7.469206,53.999985,22.460938,0.0,87.98,0.0,0.0,-72.51587,99.998474,27.482605,0.6713867,87.99,87.86,87.45,87.51,0
26848.195,0.43232688,-0.7493509,0.10230846,0.12636329,101.59842,16.541367,14.021294,-10.845708,0.0,0.0,78.921,0.0,4.6,25.601,48.801,0.0,88.72183,0.0,0.0,481.125,229.5,4017.0,0.0,-11.1875,0.11206055,106.10956,8687.634,8746.538,1100.0834,505.9959,14.115724,8.923002,0.0,3.90625,3.0,29.359436,23.862738,40.12495,30.74996,0.708,0.0,-4.5,0.0,0.0,0.0,0.0,0.0,0.0,0.91503906,0.9033203,55.134583,3.9062495,26.84013,31.410719,0.0,97.99974,7.1289062,0.0,104.42633,80.96067,498.375,547.5,5.275819E-7,2.4375,0.0,14.75,8.402857,53.999985,23.284912,0.0,87.89,0.0,0.0,-71.710205,99.998474,28.288269,0.6640625,87.7,87.86,87.74,87.58,0
26848.238,0.42586154,-0.6372404,0.12634693,0.14734611,101.598465,16.541367,14.016077,-10.076833,0.0,0.0,78.921,0.0,4.6,25.601,48.801,0.0,88.72183,0.0,0.0,479.625,226.875,4030.0,0.0,-9.328125,0.11529541,107.01336,8720.005,8347.473,1100.0834,505.9959,10.1523,10.343053,0.0,3.671875,3.0,26.805115,23.882479,40.12495,29.624962,0.764,0.0,-7.09375,0.03112793,0.0,0.0,0.0,0.0,0.0,0.8798828,0.91015625,55.54657,3.6718745,32.13995,36.160755,0.0,97.99976,9.9609375,0.0,103.82932,80.96067,498.375,545.25,4.2206554E-7,10.90625,0.0,33.9375,10.270158,53.999985,25.524902,0.0,87.71,9.34375,0.0,-69.921875,89.46533,19.543457,0.65185547,87.81,87.74,87.32,87.36,0
26848.275,0.42068923,-0.5548962,0.14428873,0.15692616,101.5985,16.541367,14.012425,-9.404313,0.0,0.0,78.921,0.0,4.6,25.601,48.801,0.0,88.72183,0.0,0.0,478.5,224.25,4036.0,0.0,-6.4609375,0.11541748,108.35662,8226.4795,7944.162,1100.0834,506.26123,11.657129,11.360402,0.0,3.5078123,3.0,26.998901,23.900246,40.12495,27.749964,0.832,0.0,-12.4453125,0.049682617,0.0,0.0,0.0,0.0,0.0,0.90722656,0.9160156,55.79071,3.507812,36.775597,39.191895,0.0,97.99979,11.230469,0.0,103.73813,80.96067,498.75,542.625,3.3765244E-7,17.96875,0.0,40.75,11.203809,53.999985,26.78833,0.0,87.74,14.90625,0.0,-69.07959,83.184814,14.105225,0.6347656,87.51,87.66,87.7,87.43,0
26848.316,0.4165514,-0.50320846,0.15218922,0.1701517,101.59854,16.541367,14.015729,-8.796204,0.0,0.0,78.921,0.0,4.6,25.601,48.801,0.0,88.72183,0.0,0.0,472.5,235.125,4057.0,0.0,-5.09375,0.115356445,109.21896,7710.1357,7807.2485,1100.0834,506.26123,14.730372,11.826688,0.0,3.3929687,3.0,28.39508,23.916237,39.74995,37.124954,1.092,0.0,-17.21875,0.074645996,0.0,0.0,0.0,0.0,0.0,0.9501953,0.91796875,55.859375,3.3929684,40.96727,44.105522,0.0,97.99981,11.9140625,0.0,103.46449,80.96067,499.125,541.125,2.7012194E-7,27.0,0.0,44.5,11.203809,53.999985,25.88501,0.0,87.59,22.40625,0.0,-67.73071,74.731445,7.0007324,0.61279297,87.7,87.7,87.11,87.26,0
26848.355,0.41324115,-0.46378338,0.16128747,0.17879917,101.59857,16.541367,13.994604,-8.112937,0.0,0.0,78.921,0.0,4.6,25.601,48.801,0.0,88.72183,0.0,0.0,471.0,237.375,4046.0,0.0,-5.015625,0.11444092,109.62526,7580.652,8442.994,1100.0834,506.26123,24.07727,13.140764,0.0,3.3125782,3.0,33.92334,23.930628,38.24995,35.999954,1.164,0.0,-23.421875,0.09350586,0.0,0.0,0.0,0.0,0.0,0.95996094,0.9199219,55.996704,3.312578,45.676983,49.04729,0.0,97.99983,11.71875,0.0,103.141106,80.96067,499.5,541.125,2.1609756E-7,28.0,0.0,43.59375,12.13746,53.999985,27.557373,0.0,87.68,28.0625,0.0,-67.46826,68.2312,0.76293945,0.6201172,87.74,87.89,87.47,87.32,0
26848.396,0.43059292,-0.37301338,0.17703164,0.19575499,101.5986,16.541367,14.003254,-7.5383706,0.0,0.0,78.921,0.0,4.6,25.601,48.801,0.0,88.72183,0.0,0.0,470.25,234.0,4019.0,0.0,-5.15625,0.11590576,110.404686,8415.399,8854.265,1100.0834,506.26123,24.034882,13.47988,0.0,3.2563047,3.0,34.74121,23.94358,35.999954,35.999954,1.196,0.0,-24.914062,0.119262695,0.0,0.0,0.0,0.0,0.0,0.9316406,0.9267578,56.063843,3.2563045,49.637436,53.258896,0.0,97.99985,11.5234375,0.0,103.04162,80.96067,499.5,541.125,1.7287805E-7,36.8125,0.0,43.21875,12.604284,53.999985,27.862549,0.0,87.79,35.78125,0.0,-68.17627,59.7229,0.0,0.6323242,87.77,87.74,87.01,87.32,0
26848.44,0.44447434,-0.24295536,0.19012696,0.19507675,101.598625,16.541367,14.015168,-7.025746,0.0,0.0,78.921,0.0,4.6,25.601,48.801,0.0,88.72183,0.0,0.0,469.5,232.125,4002.0,0.0,-5.234375,0.11352539,111.026566,8951.908,9495.316,1100.0834,506.26123,26.217943,14.624398,0.0,3.2169135,3.0,36.364746,23.955238,34.124958,34.124958,1.26,0.0,-26.039062,0.12176514,0.0,0.0,0.0,0.0,0.0,0.94140625,0.93066406,56.10962,3.2169132,53.170925,54.13252,0.0,97.99986,11.5234375,0.0,102.82603,80.96067,499.875,541.125,1.3830244E-7,42.15625,0.0,43.5,13.07111,53.999985,28.094482,0.0,87.78,36.53125,0.0,-68.35022,58.47168,0.0,0.625,87.62,87.7,87.49,87.42,0
26848.477,0.45557946,-0.13468215,0.18988357,0.19520392,101.59865,16.541367,14.011789,-6.918225,0.0,0.0,78.921,0.0,4.6,25.601,48.801,0.0,88.72183,0.0,0.0,469.125,231.75,4006.0,0.0,-4.671875,0.11053467,111.47432,9763.837,9748.979,1100.0834,505.73056,21.067612,14.518425,0.0,3.1893392,3.0,33.91266,23.965729,33.749958,33.749958,1.296,0.0,-27.328125,0.12548828,0.0,0.0,0.0,0.0,0.0,0.95214844,0.9316406,56.10504,3.1893392,53.91208,54.961002,0.0,97.99988,11.5234375,0.0,102.942116,80.96067,500.25,540.75,1.10641956E-7,43.40625,0.0,43.59375,12.604284,53.999985,28.112793,0.0,87.67,37.65625,0.0,-68.429565,56.677246,0.0,0.6201172,87.86,87.74,87.06,87.29,0
26848.516,0.46446356,-0.072622865,0.18972315,0.19482242,101.59867,16.541367,14.015284,-6.804939,0.0,0.0,78.921,0.0,4.6,25.601,48.801,0.0,88.72183,0.0,0.0,469.5,232.125,4014.0,0.0,-4.859375,0.10809326,111.38311,9905.526,9626.393,1100.0834,505.73056,18.39707,14.370061,0.0,3.1700373,3.0,32.504272,23.97517,33.749958,34.124958,1.272,0.0,-28.109375,0.1293335,0.0,0.0,0.0,0.0,0.0,0.94140625,0.93066406,56.085205,3.1700373,54.69297,55.705723,0.0,97.99989,11.5234375,0.0,102.85919,80.96067,500.25,540.75,8.8513566E-8,41.84375,0.0,43.34375,12.604284,53.999985,28.253174,0.0,87.76,38.8125,0.0,-67.855835,54.907227,0.0,0.6201172,87.66,87.8,87.45,87.49,0
26848.557,0.45157087,-0.047799148,0.18975155,0.19465286,101.598694,16.541367,14.01187,-6.8331776,0.0,0.0,78.921,0.0,4.6,25.601,48.801,0.0,88.72183,0.0,0.0,469.875,231.75,4012.0,0.0,-5.140625,0.105773926,111.43286,9755.877,9629.577,1100.0834,505.9959,20.982834,14.370061,0.0,3.156526,3.0,33.979797,24.058855,33.749958,33.749958,1.252,0.0,-27.867188,0.13195801,0.0,0.0,0.0,0.0,0.0,0.9345703,0.9316406,56.08368,3.156526,54.498344,55.4439,0.0,97.9999,11.5234375,0.0,103.05819,80.96067,500.25,541.125,7.0810856E-8,43.375,0.0,43.375,12.604284,53.999985,28.076172,0.0,87.71,39.59375,0.0,-68.32886,53.564453,0.0,0.63720703,87.86,87.83,87.08,87.29,0
26848.596,0.4412567,-0.037869662,0.1889131,0.19346593,101.59871,16.541367,14.015341,-6.848268,0.0,0.0,78.921,0.0,4.6,25.601,48.801,0.0,88.72183,0.0,0.0,469.875,232.125,4007.0,0.0,-4.71875,0.10394287,111.30019,9828.579,9764.898,1100.0834,505.9959,19.266056,14.6879835,0.0,3.3033183,3.0,33.026123,24.134172,34.124958,34.124958,1.26,0.0,-27.875,0.13323975,0.0,0.0,0.0,0.0,0.0,0.9501953,0.93066406,56.097412,3.1470683,54.394344,55.304813,0.0,97.99991,11.425781,0.0,103.000145,80.96067,500.25,540.75,0.15625004,42.59375,0.0,42.8125,12.604284,53.999985,28.485107,0.0,87.89,39.96875,0.0,-68.307495,52.770996,0.0,0.6176758,87.58,87.64,87.43,87.5,0
26848.637,0.45300537,-0.015147865,0.18777509,0.19054107,101.598724,16.541367,14.01777,-6.891447,22.94886,12.892835,78.921,0.0,4.6,25.601,48.801,0.0,88.72183,0.0,0.0,470.25,232.125,4004.0,0.0,-5.3984375,0.101501465,111.258736,9726.159,9508.053,1100.0834,505.9959,18.990524,14.391256,0.0,3.4216979,3.0,32.788086,24.201958,34.124958,34.124958,1.24,0.0,-27.789062,0.1303711,0.0,0.0,0.0,0.0,0.0,0.94921875,0.9296875,56.097412,3.1404479,54.09673,54.640385,0.0,97.999916,11.230469,0.0,103.141106,80.96067,500.25,541.125,0.28125003,42.125,0.0,41.75,12.604284,53.999985,28.094482,0.0,87.65,39.125,0.0,-69.0155,53.344727,0.0,0.64208984,87.77,87.7,87.11,87.45,0
26848.676,0.42240432,-0.006059146,0.18361183,0.1904139,101.59874,16.541367,14.01947,-7.0067377,23.107203,12.99152,78.921,0.0,4.6,25.601,48.801,0.0,88.57146,0.0,0.0,469.875,232.875,4007.0,0.0,-5.1328125,0.099975586,111.01827,9560.059,9362.118,1100.0834,505.73056,15.620553,14.285282,0.0,3.5170636,3.0,30.6427,24.262964,34.874954,34.874954,1.256,0.0,-27.6875,0.13256836,0.0,0.0,0.0,0.0,0.0,0.9453125,0.9267578,56.059265,3.1358135,53.30206,54.627975,0.0,97.99992,11.230469,0.0,103.141106,80.96067,500.25,541.125,0.38125002,40.4375,0.0,41.5625,12.604284,53.999985,27.850342,0.0,87.74,39.78125,0.0,-68.7561,52.27661,0.0,0.64453125,87.62,87.7,87.43,87.51,0
26848.717,0.41792345,-0.0024236585,0.18583436,0.1904139,101.598755,16.541367,14.014801,-6.9463115,22.925959,12.892836,78.921,0.0,4.6,25.601,48.801,0.0,88.45116,0.0,0.0,470.25,232.5,4008.0,0.0,-5.09375,0.09954834,110.94365,9341.422,9674.684,1100.0834,505.73056,20.87686,14.645594,0.0,3.5938194,3.0,33.695984,24.317871,34.499954,34.499954,1.236,0.0,-28.03125,0.13458252,0.0,0.0,0.0,0.0,0.0,0.9394531,0.9277344,56.088257,3.1325693,53.718586,54.62458,0.0,97.99993,11.230469,0.0,102.983574,80.96067,500.25,541.125,0.46125,41.0625,0.0,41.625,12.604284,53.999985,28.045654,0.0,87.65,40.375,0.0,-68.4021,51.464844,0.0,0.64453125,87.86,87.74,87.11,87.32,0
26848.756,0.41433877,-9.6946344E-4,0.18677793,0.19024435,101.59876,16.541367,14.005673,-6.8947926,23.06193,12.982245,78.921,0.0,4.6,25.601,48.801,0.0,88.35491,0.0,0.0,469.125,232.125,4012.0,0.0,-6.0078125,0.09820557,110.9934,9431.636,9595.614,1100.0834,505.9959,23.038727,14.476035,0.0,3.6555483,3.0,35.047913,24.367287,34.499954,34.124958,1.284,0.0,-28.125,0.13537598,0.0,0.0,0.0,0.0,0.0,0.94628906,0.92871094,56.10199,3.1302984,54.073708,54.758015,0.0,97.99994,11.230469,0.0,102.95041,80.96067,500.25,541.875,0.52525,41.78125,0.0,41.59375,12.604284,53.999985,28.216553,0.0,87.76,40.625,0.0,-68.17627,50.927734,0.0,0.6542969,87.64,87.8,87.49,87.4,0
26848.797,0.411471,-3.8778537E-4,0.18810874,0.19274533,101.59877,16.541367,14.022721,-6.8571014,22.903595,12.886686,78.921,0.0,4.6,25.601,48.801,0.0,88.277916,0.0,0.0,469.125,232.5,4010.0,0.0,-5.65625,0.09863281,111.092896,9657.702,9573.856,1100.0834,505.9959,20.558937,14.582009,0.0,3.8614087,3.0,33.685303,24.41176,34.124958,34.499954,1.284,0.0,-28.382812,0.13977051,0.0,0.0,0.0,0.0,0.0,0.9433594,0.92871094,56.089783,3.1287088,54.333515,55.256107,0.0,97.99995,11.425781,0.0,103.141106,80.96067,500.25,541.875,0.7327,41.65625,0.0,42.53125,12.604284,53.999985,28.192139,0.0,87.74,41.9375,0.0,-68.64929,49.420166,0.0,0.6640625,87.86,87.74,87.09,87.29,0
26848.836,0.40917683,-1.5511415E-4,0.18883072,0.19266054,101.59878,16.541367,14.0170765,-6.828065,23.10615,13.003896,78.921,0.0,4.6,25.601,48.801,0.0,88.216324,0.0,0.0,469.125,232.125,4011.0,0.0,-5.359375,0.09765625,111.092896,9726.159,9848.744,1100.0834,505.9959,20.26221,14.921125,0.0,3.870006,3.0,33.56018,24.451786,34.124958,34.124958,1.288,0.0,-28.351562,0.14135742,0.0,0.0,0.0,0.0,0.0,0.9375,0.92871094,56.111145,3.1275961,54.53367,55.289917,0.0,97.999954,11.425781,0.0,102.90065,80.96067,500.25,541.125,0.74241,42.28125,0.0,42.5,12.604284,53.999985,28.216553,0.0,87.81,42.40625,0.0,-68.133545,48.651123,0.0,0.6591797,87.66,87.7,87.49,87.47,0
26848.877,0.40734148,-6.204566E-5,0.19009145,0.19232145,101.598785,16.541367,14.013125,-6.800948,22.94161,12.911295,78.921,0.0,4.6,25.601,48.801,0.0,88.167046,0.0,0.0,469.5,231.75,4011.0,0.0,-5.453125,0.09741211,111.184105,9738.8955,9748.979,1100.0834,505.9959,21.618677,14.603204,0.0,3.8769953,3.0,34.457397,24.48781,33.749958,33.749958,1.272,0.0,-28.390625,0.14105225,0.0,0.0,0.0,0.0,0.0,0.9345703,0.92871094,56.121826,3.1268172,54.72059,55.141502,0.0,97.99996,11.425781,0.0,103.000145,80.96067,500.25,541.5,0.75017804,42.71875,0.0,42.46875,12.604284,53.999985,28.588867,0.0,87.72,42.3125,0.0,-68.30139,48.71216,0.0,0.6738281,87.84,87.7,87.17,87.23,0
26848.916,0.4258732,-2.4818266E-5,0.18928353,0.19232145,101.59879,16.541367,14.016219,-6.766204,23.089394,12.997705,78.921,0.0,4.6,25.601,48.801,0.0,88.127625,0.0,0.0,469.125,232.125,4012.0,0.0,-5.0625,0.09698486,111.15094,9730.936,9702.279,1100.0834,505.9959,19.923094,14.6879835,0.0,3.8826644,3.0,33.36792,24.520231,34.124958,34.124958,1.28,0.0,-28.4375,0.14178467,0.0,0.0,0.0,0.0,0.0,0.9345703,0.92871094,56.103516,3.126272,54.960087,55.556393,0.0,97.99997,11.425781,0.0,103.025024,80.96067,500.25,541.125,0.7563924,42.5625,0.0,42.4375,12.604284,53.999985,28.277588,0.0,87.77,42.53125,0.0,-68.35632,48.358154,0.0,0.67871094,87.61,87.7,87.47,87.45,0
26848.955,0.40069857,-9.927307E-6,0.18954375,0.19240622,101.5988,16.541367,14.000807,-6.77581,22.958023,12.920532,78.921,0.0,4.6,25.601,48.801,0.0,88.096085,0.0,0.0,469.5,232.125,4011.0,0.0,-5.6953125,0.09631348,111.12607,9476.213,9782.941,1100.0834,505.9959,23.695765,14.772762,0.0,3.8872542,3.0,35.44464,24.54941,33.749958,34.124958,1.264,0.0,-28.53125,0.14257812,0.0,0.0,0.0,0.0,0.0,0.93359375,0.92871094,56.114197,3.1258903,54.893883,55.469788,0.0,97.99997,11.425781,0.0,103.09136,80.96067,500.25,541.875,0.7613639,42.5,0.0,42.40625,12.604284,53.999985,28.613281,0.0,87.68,42.78125,0.0,-68.54553,47.93701,0.0,0.6665039,87.86,87.76,87.2,87.28,0
26848.996,0.42055887,-3.9709225E-6,0.1891542,0.1920247,101.59881,16.541367,14.013455,-6.778362,23.034231,12.969885,78.921,0.0,4.6,25.601,48.801,0.0,88.070854,0.0,0.0,469.125,232.125,4013.0,0.0,-5.5703125,0.0960083,111.13435,9811.066,9605.166,1100.0834,505.9959,19.583977,14.603204,0.0,4.0472145,3.0,33.18634,24.575672,34.124958,34.124958,1.284,0.0,-28.539062,0.14227295,0.0,0.0,0.0,0.0,0.0,0.93847656,0.92871094,56.10504,3.1256232,54.876297,55.42578,0.0,97.99997,11.425781,0.0,103.141106,80.96067,500.25,541.5,0.92159116,42.375,0.0,42.375,12.604284,53.999985,28.546143,0.0,87.83,42.6875,0.0,-68.52417,47.98584,0.0,0.6665039,87.61,87.74,87.43,87.36,0
26849.04,0.4164471,-1.5883691E-6,0.18942739,0.1933388,101.598816,16.541367,14.01645,-6.770611,22.979424,12.939025,78.921,0.0,4.6,25.601,48.801,0.0,88.050674,0.0,0.0,469.875,231.75,4013.0,0.0,-5.34375,0.095581055,111.06802,9611.003,9692.727,1100.0834,505.9959,22.21213,14.6879835,0.0,4.018959,3.0,34.661865,24.599308,33.749958,33.749958,1.26,0.0,-28.5625,0.14489746,0.0,0.0,0.0,0.0,0.0,0.93359375,0.9296875,56.098938,3.1254363,54.929733,55.68279,0.0,97.99997,11.5234375,0.0,103.141106,80.96067,500.25,541.5,0.8935229,42.59375,0.0,42.84375,12.604284,53.999985,28.112793,0.0,87.7,43.46875,0.0,-68.56384,46.94214,0.0,0.6665039,87.86,87.76,87.26,87.26,0
26849.076,0.43315768,-6.3534765E-7,0.18869297,0.19596693,101.59882,16.541367,14.000968,-6.7914534,23.06193,12.982245,78.921,0.0,4.6,25.601,48.801,0.0,88.03453,0.0,0.0,469.125,232.125,4012.0,0.0,-5.5,0.09631348,111.13435,9623.209,9802.576,1100.0834,505.9959,21.68226,14.836347,0.0,3.9963737,3.0,34.2865,24.620579,34.124958,34.124958,1.288,0.0,-28.65625,0.14923096,0.0,0.0,0.0,0.0,0.0,0.9355469,0.92871094,56.108093,3.1253054,54.786076,56.22927,0.0,97.99997,11.71875,0.0,103.09136,80.96067,500.25,541.875,0.87106836,42.4375,0.0,43.78125,13.07111,53.999985,28.637695,0.0,87.79,44.78125,0.0,-68.43872,45.507812,0.0,0.6640625,87.66,87.66,87.4,87.4,0
26849.115,0.44652614,-2.5413905E-7,0.19577152,0.19846793,101.59883,16.541367,14.019427,-6.5905805,22.924465,12.911296,78.921,0.0,4.6,25.601,48.801,0.0,88.021614,0.0,0.0,469.125,231.0,4014.0,0.0,-5.34375,0.09674072,111.1924,10012.191,10109.305,1100.0834,505.9959,22.063766,15.0694895,0.0,3.9783187,3.0,34.93347,24.639723,32.999958,32.999958,1.292,0.0,-28.695312,0.15319824,0.0,0.0,0.0,0.0,0.0,0.93066406,0.93066406,56.12793,3.1252139,56.170677,56.746063,0.0,97.99997,11.9140625,0.0,102.82603,80.96067,500.25,541.5,0.8531047,44.46875,0.0,44.8125,13.07111,53.999985,29.15039,0.0,87.69,45.96875,0.0,-67.855835,45.03174,0.0,0.6665039,87.84,87.7,87.17,87.2,0
26849.16,0.43722093,-1.0165562E-7,0.19680199,0.19838315,101.59883,16.541367,14.003052,-6.5532675,23.022757,12.969885,78.921,0.0,4.6,25.601,48.801,0.0,88.01128,0.0,0.0,469.5,230.625,4015.0,0.0,-5.2421875,0.09698486,111.49919,10272.752,10153.351,1100.0834,505.9959,20.79208,15.048294,0.0,3.9638834,3.0,34.388733,24.656954,32.624958,32.624958,1.284,0.0,-28.546875,0.1531372,0.0,0.0,0.0,0.0,0.0,0.93359375,0.93359375,56.13098,3.1251497,56.42787,56.73916,0.0,97.99997,11.9140625,0.0,102.82603,80.96067,500.625,541.5,0.8387338,45.78125,0.0,44.875,13.07111,53.999985,28.656006,0.0,87.79,45.9375,0.0,-67.73987,45.08667,0.0,0.6640625,87.61,87.66,87.45,87.36,0
26849.195,0.42977673,-4.066225E-8,0.19611116,0.19842553,101.59883,16.541367,14.015027,-6.562361,22.946583,12.920533,78.921,0.0,4.6,25.601,48.801,0.0,88.003006,0.0,0.0,469.5,230.625,4013.0,0.0,-4.5703125,0.09631348,111.490906,10345.453,10189.967,1100.0834,505.9959,18.185122,15.133074,0.0,4.1085916,3.0,32.85675,24.67246,32.999958,32.624958,1.28,0.0,-28.5,0.15362549,0.0,0.0,0.0,0.0,0.0,0.9404297,0.9326172,56.129456,3.1251047,56.365192,56.82068,0.0,97.99997,11.9140625,0.0,103.10795,80.96067,500.625,540.75,0.983487,45.46875,0.0,44.84375,13.07111,53.999985,28.997803,0.0,87.65,46.09375,0.0,-68.621826,44.903564,0.0,0.68115234,87.89,87.7,87.2,87.2,0
26849.238,0.4238214,-1.62649E-8,0.19441716,0.19825597,101.59883,16.541367,14.02341,-6.618411,23.039972,12.969885,78.921,0.0,4.6,25.601,48.801,0.0,87.99639,0.0,0.0,470.25,231.0,4012.0,0.0,-5.1796875,0.09588623,111.43286,10018.56,9945.857,1100.0834,505.9959,20.79208,14.582009,0.0,4.224363,3.0,34.23004,24.686417,32.999958,32.999958,1.26,0.0,-28.507812,0.15289307,0.0,0.0,0.0,0.0,0.0,0.9355469,0.9316406,56.114197,3.1250732,55.978844,56.765373,0.0,97.99997,11.9140625,0.0,103.141106,80.96067,500.625,541.125,1.0992895,44.65625,0.0,44.71875,13.07111,53.999985,28.643799,0.0,87.81,45.875,0.0,-68.50586,44.87915,0.0,0.6298828,87.64,87.7,87.47,87.36,0
26849.275,0.39905712,-6.50596E-9,0.19281265,0.19834076,101.59883,16.541367,14.017559,-6.663854,22.996107,12.945192,78.921,0.0,4.6,25.601,48.801,0.0,87.991104,0.0,0.0,469.875,231.375,4012.0,0.0,-4.8984375,0.09576416,111.2919,9922.508,9934.183,1100.0834,505.9959,20.21982,14.98471,0.0,4.3169827,3.0,33.718872,24.698977,33.374958,33.374958,1.272,0.0,-28.625,0.15405273,0.0,0.0,0.0,0.0,0.0,0.9404297,0.9316406,56.115723,3.1250513,55.66561,56.744267,0.0,97.99997,11.9140625,0.0,103.141106,80.96067,500.625,541.125,1.1919316,44.1875,0.0,44.71875,13.07111,53.999985,28.613281,0.0,87.71,46.21875,0.0,-68.50586,44.750977,0.0,0.64453125,87.89,87.7,87.29,87.28,0
26849.316,0.3592457,-2.602384E-9,0.19259362,0.19804402,101.59883,16.541367,14.013463,-6.6617923,23.05044,12.982246,78.921,0.0,4.6,25.601,48.801,0.0,87.98687,0.0,0.0,469.875,231.375,4014.0,0.0,-4.859375,0.09576416,111.258736,9930.999,9970.799,1100.0834,505.9959,20.135042,14.963515,0.0,4.391081,3.0,33.67462,24.710281,33.374958,33.374958,1.268,0.0,-28.664062,0.15405273,0.0,0.0,0.0,0.0,0.0,0.94433594,0.93066406,56.12793,3.1250358,55.67982,56.755966,0.0,97.99997,11.9140625,0.0,103.141106,80.96067,500.625,540.75,1.2660452,44.0,0.0,44.6875,13.07111,53.999985,28.839111,0.0,87.8,46.21875,0.0,-68.50586,44.750977,0.0,0.63964844,87.66,87.74,87.49,87.4,0
26849.36,0.30739656,-1.0409537E-9,0.19371173,0.19804402,101.59883,16.541367,14.004737,-6.6359887,22.962257,12.939024,78.921,0.0,4.6,25.601,48.801,0.0,87.98348,0.0,0.0,469.875,231.375,4016.0,0.0,-4.9140625,0.09576416,111.275314,9922.508,9964.962,1100.0834,505.9959,22.593636,14.921125,0.0,4.4503613,3.0,35.217285,24.720455,33.374958,33.374958,1.268,0.0,-28.710938,0.15435791,0.0,0.0,0.0,0.0,0.0,0.9404297,0.9316406,56.121826,3.125025,55.857685,56.720573,0.0,97.99997,11.9140625,0.0,103.141106,80.96067,500.625,541.125,1.3253362,44.21875,0.0,44.65625,13.07111,53.999985,28.533936,0.0,87.7,46.3125,0.0,-68.429565,44.726562,0.0,0.60302734,87.84,87.74,87.26,87.29,0
26849.396,0.28591725,-4.1638146E-10,0.19310258,0.19812879,101.59883,16.541367,14.016207,-6.613855,22.945118,12.939025,78.921,0.0,4.6,25.601,48.801,0.0,87.980774,0.0,0.0,469.5,231.375,4019.0,0.0,-4.59375,0.09539795,111.275314,10067.912,9987.78,1100.0834,505.9959,20.7073,14.98471,0.0,4.4977865,3.0,34.161377,24.729612,33.374958,33.374958,1.288,0.0,-28.789062,0.15478516,0.0,0.0,0.0,0.0,0.0,0.9394531,0.9316406,56.12793,3.1250174,56.01025,56.9886,0.0,97.99997,11.9140625,0.0,103.141106,80.96067,500.625,540.75,1.372769,44.375,0.0,44.625,13.07111,53.999985,28.875732,0.0,87.79,46.4375,0.0,-68.24036,44.610596,0.0,0.6176758,87.64,87.74,87.49,87.26,0
26849.436,0.2687338,-1.6655259E-10,0.19495082,0.1977473,101.59883,16.541367,14.018375,-6.5951605,22.918028,12.920532,78.921,0.0,4.6,25.601,48.801,0.0,87.97861,0.0,0.0,469.875,231.0,4018.0,0.0,-4.75,0.095458984,111.30849,10081.71,10204.295,1100.0834,505.9959,21.343143,15.175463,0.0,4.5357275,3.0,34.570312,24.737854,32.999958,32.999958,1.284,0.0,-28.773438,0.15447998,0.0,0.0,0.0,0.0,0.0,0.9355469,0.9326172,56.140137,3.1250122,56.139107,56.66479,0.0,97.99997,11.9140625,0.0,103.141106,80.96067,501.0,540.75,1.4107152,44.71875,0.0,44.59375,13.07111,53.999985,28.985596,0.0,87.67,46.34375,0.0,-68.27698,44.647217,0.0,0.63720703,87.86,87.74,87.32,87.2,0
26849.477,0.25498703,-6.6621035E-11,0.19526002,0.19766252,101.59883,16.541367,14.019894,-6.586421,22.96724,12.9482765,78.921,0.0,4.6,25.601,48.801,0.0,87.976875,0.0,0.0,469.875,231.375,4018.0,0.0,-4.8671875,0.095458984,111.33336,10252.056,9981.412,1100.0834,505.9959,19.223665,14.942321,0.0,4.566081,3.0,33.43506,24.745272,32.999958,33.374958,1.28,0.0,-28.71875,0.15405273,0.0,0.0,0.0,0.0,0.0,0.93652344,0.9326172,56.134033,3.1250086,56.19935,56.648277,0.0,97.99997,11.9140625,0.0,103.141106,80.96067,501.0,540.75,1.4410722,45.0,0.0,44.5625,13.07111,53.999985,28.826904,0.0,87.83,46.21875,0.0,-68.27698,44.68994,0.0,0.60546875,87.61,87.64,87.5,87.29,0
26849.516,0.24398962,-2.6648414E-11,0.19442907,0.19766252,101.59883,16.541367,14.015098,-6.6075125,22.929441,12.920533,78.921,0.0,4.6,25.601,48.801,0.0,87.97549,0.0,0.0,469.875,231.0,4016.0,0.0,-4.8828125,0.095458984,111.33336,10029.704,10055.707,1100.0834,505.9959,20.7073,15.048294,0.0,4.5903635,3.0,34.127808,24.751947,32.999958,32.999958,1.264,0.0,-28.601562,0.1541748,0.0,0.0,0.0,0.0,0.0,0.9394531,0.9326172,56.124878,3.125006,56.053967,56.683884,0.0,97.99997,11.9140625,0.0,103.141106,80.96067,500.625,541.125,1.4653578,44.75,0.0,44.5625,13.07111,53.999985,28.69873,0.0,87.63,46.25,0.0,-68.35327,44.677734,0.0,0.61035156,87.89,87.76,87.32,87.2,0
26849.557,0.21519169,0.01875,0.19372645,0.1977473,101.59883,16.541367,14.000021,-6.6273746,57.058556,32.151978,78.921,0.0,4.6,25.601,48.801,0.0,87.97438,0.0,0.0,469.875,231.375,4016.0,0.0,-4.890625,0.095458984,111.325066,10114.611,10102.405,1100.0834,505.9959,19.9019,15.111878,0.0,4.6097903,3.0,33.70819,24.757956,33.374958,33.374958,1.268,0.0,-28.515625,0.15435791,0.0,0.0,0.0,0.0,0.0,0.9404297,0.9316406,56.134033,3.125004,55.91706,56.7004,0.0,97.99997,11.9140625,0.0,103.141106,80.96067,500.625,541.125,1.4847863,44.3125,0.0,44.5625,13.07111,53.999985,28.985596,0.0,87.8,46.3125,0.0,-68.35327,44.659424,0.0,0.6274414,87.66,87.74,87.51,87.26,0
26849.596,0.21215335,0.0075000003,0.19439834,0.19766252,101.59883,16.541367,14.012905,-6.6107783,22.973698,12.939024,78.921,0.0,4.6,25.601,48.801,0.0,87.973495,0.0,0.0,469.5,231.375,4014.0,0.0,-4.859375,0.09472656,111.275314,10217.562,10035.011,1100.0834,505.9959,20.007874,15.005905,0.0,4.781582,3.0,33.92334,24.763363,32.999958,33.374958,1.28,0.0,-28.414062,0.15435791,0.0,0.0,0.0,0.0,0.0,0.9404297,0.9316406,56.129456,3.1250029,56.031456,56.681606,0.0,97.99997,11.9140625,0.0,103.141106,80.96067,500.625,540.75,1.656579,44.40625,0.0,44.53125,13.07111,53.999985,28.607178,0.0,87.73,46.3125,0.0,-68.429565,44.506836,0.0,0.6323242,87.89,87.74,87.4,87.26,0
26849.637,0.18972267,0.021750001,0.19540155,0.19757773,101.59883,16.541367,14.010205,-6.635143,57.129524,32.199986,78.921,0.0,4.6,25.601,48.801,0.0,87.972786,0.0,0.0,469.875,231.0,4017.0,0.0,-5.09375,0.09472656,111.258736,10038.194,10100.813,1100.0834,505.9959,21.131197,15.175463,0.0,4.919015,3.0,34.42383,24.768229,32.999958,32.999958,1.276,0.0,-28.382812,0.15466309,0.0,0.0,0.0,0.0,0.0,0.9433594,0.9316406,56.12793,3.125002,55.863514,56.297894,0.0,97.99997,11.9140625,0.0,103.141106,80.96067,500.625,541.125,1.7940133,44.65625,0.0,44.5625,13.07111,53.999985,28.66211,0.0,87.79,46.40625,0.0,-68.31665,44.47632,0.0,0.6274414,87.66,87.76,87.58,87.4,0
26849.676,0.17177814,0.027450003,0.19484234,0.20037547,101.59883,16.541367,14.008315,-6.65095,57.058556,32.151978,78.921,0.0,4.6,25.601,48.801,0.0,87.97221,0.0,0.0,469.5,231.0,4016.0,0.0,-4.9609375,0.095458984,111.34165,10208.54,10161.841,1100.0834,505.9959,21.004028,15.0271,0.0,5.0289617,3.0,34.490967,24.772608,32.999958,32.999958,1.28,0.0,-28.304688,0.15863037,0.0,0.0,0.0,0.0,0.0,0.9433594,0.9326172,56.147766,3.1250012,55.75456,56.823727,0.0,97.99997,12.109375,0.0,103.141106,80.96067,500.625,541.125,1.9039606,44.625,0.0,45.5625,13.07111,53.999985,28.894043,0.0,87.78,47.59375,0.0,-68.392944,44.28711,0.0,0.7080078,87.89,87.7,87.36,87.26,0
26849.717,0.15742251,0.010980002,0.19687326,0.20020589,101.59883,16.541367,14.006992,-6.5878325,23.044699,12.982246,78.921,0.0,4.6,25.601,48.801,0.0,87.971756,0.0,0.0,469.5,231.0,4015.0,0.0,-4.8828125,0.095458984,111.325066,10228.175,10137.43,1100.0834,505.9959,20.855663,15.260242,0.0,5.116919,3.0,34.41162,24.77655,32.624958,32.999958,1.28,0.0,-28.28125,0.15863037,0.0,0.0,0.0,0.0,0.0,0.94140625,0.93359375,56.149292,3.1250007,56.18962,56.845085,0.0,97.99997,12.109375,0.0,103.141106,80.96067,500.625,541.125,1.9919184,45.15625,0.0,45.5625,13.07111,53.999985,28.973389,0.0,87.84,47.59375,0.0,-68.392944,44.28711,0.0,0.6591797,87.7,87.8,87.62,87.4,0
26849.756,0.14593801,0.023142003,0.19673356,0.20037547,101.59883,16.541367,13.994348,-6.5998864,57.124794,32.173275,78.921,0.0,4.6,25.601,48.801,0.0,87.97139,0.0,0.0,469.125,230.625,4014.0,0.0,-5.0078125,0.09552002,111.3997,10085.424,10296.102,1100.0834,505.9959,22.445272,15.323827,0.0,5.0310354,3.0,35.26306,24.780098,32.624958,32.624958,1.3,0.0,-28.28125,0.15881348,0.0,0.0,0.0,0.0,0.0,0.9316406,0.93359375,56.141663,3.1250005,56.106533,56.831024,0.0,97.99997,12.109375,0.0,103.141106,80.96067,500.625,541.125,1.9060348,45.625,0.0,45.625,13.07111,53.999985,28.826904,0.0,87.77,47.65625,0.0,-68.429565,44.28711,0.0,0.6591797,87.95,87.86,87.36,87.4,0
26849.797,0.13675041,0.009256802,0.19715446,0.2030036,101.59883,16.541367,14.014793,-6.5798984,23.072142,12.997705,78.921,0.0,4.6,25.601,48.801,0.0,87.9711,0.0,0.0,469.5,230.625,4015.0,0.0,-4.6875,0.09588623,111.43286,10332.187,10267.444,1100.0834,505.9959,20.87686,15.281437,0.0,4.962328,4.0,34.536743,24.78329,32.624958,32.624958,1.28,0.0,-28.242188,0.16290283,0.0,0.0,0.0,0.0,0.0,0.93359375,0.93359375,56.1615,3.1250002,56.24431,57.389275,0.0,97.99997,12.3046875,0.0,103.141106,80.96067,500.625,540.75,1.8373278,45.4375,0.0,46.59375,13.07111,53.999985,29.168701,0.0,87.93,48.875,0.0,-68.392944,44.006348,0.0,0.71533203,87.7,87.89,87.64,87.45,0
26849.838,0.12940033,0.0037027206,0.20098269,0.2026645,101.59883,16.541367,14.017386,-6.4797745,23.056183,12.982245,78.921,0.0,4.6,25.601,48.801,0.0,87.97087,0.0,0.0,469.875,230.625,4013.0,0.0,-5.0390625,0.09588623,111.44944,10260.546,10499.349,1100.0834,505.9959,23.059921,15.599359,0.0,5.0636125,4.0,35.853577,24.786163,32.249958,32.624958,1.288,0.0,-28.226562,0.16247559,0.0,0.0,0.0,0.0,0.0,0.9345703,0.9355469,56.1615,3.1250002,56.934452,57.267307,0.0,97.99997,12.3046875,0.0,103.141106,80.96067,501.0,541.125,1.9386123,46.28125,0.0,46.625,13.537935,53.999985,29.278564,0.0,87.78,48.75,0.0,-68.46924,44.04297,0.0,0.6201172,88.04,87.81,87.43,87.4,0
26849.877,0.14352027,0.0014810882,0.20031132,0.20321554,101.59883,16.541367,14.013342,-6.481977,23.105627,13.010086,78.921,0.0,4.6,25.601,48.801,0.0,87.97069,0.0,0.0,469.125,230.25,4013.0,0.0,-4.8203125,0.096069336,111.61528,10369.864,10426.116,1100.0834,505.9959,22.275715,15.493384,0.0,5.14464,4.0,35.421753,24.863937,32.249958,32.249958,1.312,0.0,-28.257812,0.1630249,0.0,0.0,0.0,0.0,0.0,0.9375,0.9355469,56.15692,3.1250002,56.91927,57.48848,0.0,97.99997,12.3046875,0.0,103.141106,80.96067,501.0,541.125,2.0196397,47.34375,0.0,46.71875,13.537935,53.999985,29.290771,0.0,87.85,48.90625,0.0,-68.46924,44.03076,0.0,0.6713867,87.66,87.77,87.58,87.49,0
26849.916,0.13481621,5.924353E-4,0.20057766,0.20274927,101.59883,16.541367,14.016371,-6.4744487,23.03526,12.957535,78.921,0.0,4.6,25.601,48.801,0.0,87.970535,0.0,0.0,469.125,230.25,4009.0,0.0,-4.6796875,0.096069336,111.61528,10574.704,10371.987,1100.0834,505.9959,20.431768,15.4298,0.0,5.209462,4.0,34.513855,24.933933,32.249958,32.249958,1.316,0.0,-28.328125,0.16217041,0.0,0.0,0.0,0.0,0.0,0.9355469,0.9355469,56.17981,3.1250002,56.97116,57.37568,0.0,97.99997,12.3046875,0.0,103.141106,80.96067,501.0,540.75,2.0844617,47.03125,0.0,46.65625,13.537935,53.999985,29.699707,0.0,87.76,48.65625,0.0,-68.621826,44.110107,0.0,0.6689453,87.95,87.83,87.32,87.42,0
26849.955,0.16785297,2.3697413E-4,0.19818255,0.20512308,101.59883,16.541367,13.995053,-6.4633665,23.232704,13.013183,78.921,0.0,4.6,25.601,48.801,0.0,87.97041,0.0,0.0,469.5,230.625,3992.0,0.0,-5.34375,0.0960083,111.57382,10486.612,10256.301,1100.0834,505.73056,20.325794,15.111878,0.0,5.1050696,4.0,34.37805,24.99693,32.624958,32.624958,1.3,0.0,-28.648438,0.16412354,0.0,0.0,0.0,0.0,0.0,0.92578125,0.93359375,56.140137,3.1250002,57.04755,58.434193,0.0,97.99997,12.5,0.0,103.141106,80.96067,501.0,541.5,1.9800694,46.25,0.0,47.625,13.537935,53.999985,28.955078,0.0,87.87,49.25,0.0,-68.93005,43.927002,0.0,0.6347656,87.8,87.86,87.7,87.5,0
26849.996,0.15428238,9.4789655E-5,0.20016338,0.20448722,101.59883,16.541367,14.003569,-6.413598,23.313082,12.969885,78.921,0.0,4.6,25.601,48.801,0.0,87.97032,0.0,0.0,469.5,229.875,3965.0,0.0,-5.2421875,0.095214844,111.3997,10488.204,10466.978,1100.0834,505.73056,20.38938,15.51458,0.0,5.021556,4.0,34.46808,25.053627,31.87496,31.87496,1.292,0.0,-28.640625,0.16186523,0.0,0.0,0.0,0.0,0.0,0.9296875,0.93359375,56.141663,3.1250002,57.3906,58.250065,0.0,97.99997,12.5,0.0,103.141106,80.96067,500.625,541.5,1.8965555,47.5,0.0,47.875,13.537935,53.999985,29.302979,0.0,87.77,48.5625,0.0,-68.96362,43.951416,0.0,0.67871094,88.01,87.86,87.36,87.42,0
26850.037,0.1434259,3.7915863E-5,0.19909205,0.20389378,101.59883,16.541367,14.009529,-6.4163733,23.68759,13.028673,78.921,0.0,4.6,25.601,48.801,0.0,87.970245,0.0,0.0,469.5,189.375,3920.0,0.0,-4.5859375,0.095214844,111.44944,10478.122,10339.616,1100.0834,505.73056,19.308445,15.323827,0.0,4.954745,4.0,33.776855,25.104654,31.12496,-8.2499895,1.284,0.0,-28.710938,0.15698242,0.0,0.0,0.0,0.0,0.0,0.9345703,0.9326172,56.123352,3.1250002,57.371468,58.328335,0.0,97.99997,12.5,0.0,103.23233,80.96067,500.25,540.75,1.8297445,-7.5625,0.0,48.03125,13.07111,53.999985,29.064941,0.0,87.99,47.09375,0.0,-69.23218,44.378662,0.0,0.67626953,87.74,87.8,87.55,87.55,0
26850.076,0.13474073,1.5166345E-5,0.19890869,0.20071456,101.59883,16.541367,14.013701,-6.2781234,24.570007,12.94519,78.921,0.0,4.6,25.601,48.801,0.0,87.970184,0.0,0.0,468.75,190.875,3755.0,0.0,-5.390625,0.09106445,110.91048,10189.436,10546.048,1100.0834,505.73056,24.967451,15.535774,0.0,5.0575457,4.0,37.057495,25.15058,29.624962,-7.124991,1.308,0.0,-29.0625,0.14520264,0.0,0.0,0.0,0.0,0.0,0.9433594,0.92871094,56.097412,3.1250002,58.32441,58.232414,0.0,97.99997,12.5,0.0,103.50594,80.96067,499.5,541.5,1.9325455,1.0625,0.0,48.75,13.07111,53.999985,29.260254,0.0,87.79,43.5625,0.0,-69.680786,45.910645,0.0,0.7006836,88.07,87.83,87.28,87.49,0
26850.115,0.12779258,0.018756067,0.19672349,0.19995154,101.59883,16.541367,14.022482,-6.2694564,66.569954,34.21436,78.921,0.0,4.6,25.601,48.801,0.0,87.97014,0.0,0.0,466.875,192.375,3663.0,0.0,-5.0546875,0.08673096,110.57052,10597.522,10223.93,1100.0834,505.73056,17.655252,14.836347,0.0,5.1397867,4.0,32.833862,25.191912,28.499964,-5.2499933,1.32,0.0,-29.125,0.13861084,0.0,0.0,0.0,0.0,0.0,0.9394531,0.92285156,56.02722,3.1250002,58.38415,59.012856,0.0,97.99997,12.5,0.0,103.787865,80.96067,496.5,541.125,2.0147865,5.0625,0.0,49.09375,12.13746,53.999985,28.308105,0.0,87.98,41.59375,0.0,-70.63904,47.528076,0.0,0.6591797,87.81,87.92,87.55,87.7,0
26850.156,0.12223406,0.026252428,0.19413671,0.19935809,101.59883,16.541367,14.011049,-6.262644,67.29099,33.50859,78.921,0.0,4.6,25.601,48.801,0.0,87.9701,0.0,0.0,467.25,193.875,3549.0,0.0,-4.9375,0.08319092,109.89889,10322.635,10162.902,1100.0834,505.73056,15.832501,15.0694895,0.0,5.2055793,4.0,31.312561,25.22911,27.374966,-3.7499952,1.268,0.0,-29.242188,0.13330078,0.0,0.0,0.0,0.0,0.0,0.9267578,0.9189453,56.007385,3.1250002,58.43111,59.42653,0.0,97.99997,12.5,0.0,104.0615,80.96067,494.625,541.125,2.080579,9.90625,0.0,49.4375,12.13746,53.999985,28.4729,0.0,87.87,40.0,0.0,-71.26465,48.876953,0.0,0.6640625,88.1,87.92,87.4,87.55,0
26850.195,0.11778726,0.029250972,0.19396025,0.20431767,101.59883,16.541367,14.020625,-6.2076893,68.37811,32.850662,78.921,0.0,4.6,25.601,48.801,0.0,87.97007,0.0,0.0,466.875,194.25,3424.0,0.0,-4.875,0.08203125,109.74963,10079.057,10227.113,1100.0834,505.73056,19.096497,15.090684,0.0,5.3363385,4.0,33.128357,25.26259,26.624966,-3.7499952,1.24,0.0,-29.304688,0.13104248,0.0,0.0,0.0,0.0,0.0,0.921875,0.9160156,55.960083,3.3593752,58.809906,60.81349,0.0,97.99997,12.792969,0.0,104.111244,80.96067,493.125,540.75,1.9769633,10.375,0.0,51.21875,11.670634,53.999985,27.88086,0.0,88.06,39.3125,0.0,-71.19446,49.53003,0.0,0.65185547,87.84,87.92,87.61,87.64,0
26850.236,0.11422981,0.030450389,0.2042999,0.21177822,101.59883,16.541367,14.0273285,-5.9091372,68.95045,32.30329,78.921,0.0,4.6,25.601,48.801,0.0,87.97005,0.0,0.0,466.125,193.125,3339.0,0.0,-4.7734375,0.08148193,109.43455,10116.203,10760.439,1100.0834,505.73056,27.468435,16.171618,0.0,5.417508,4.0,38.645935,25.29272,25.124968,-5.9999924,1.232,0.0,-29.289062,0.1361084,0.0,0.0,0.0,0.0,0.0,0.92871094,0.9160156,56.02722,3.5234377,60.86779,62.341217,0.0,97.99997,13.183594,0.0,103.99516,80.96067,491.625,540.75,1.8940706,10.90625,0.0,53.875,12.604284,53.999985,29.089355,0.0,87.87,40.84375,0.0,-71.01135,47.479248,0.0,0.6982422,88.19,87.99,87.43,87.66,0
26850.275,0.09138385,0.030930158,0.21229634,0.21415204,101.59883,16.541367,14.014442,-5.6643867,69.962036,31.736673,78.921,0.0,4.6,25.601,48.801,0.0,87.970024,0.0,0.0,463.5,191.25,3233.0,0.0,-4.6328125,0.08062744,109.61697,10852.776,11283.151,1100.0834,505.73056,28.083084,16.998215,0.0,5.6222878,4.0,40.100098,25.31984,24.749968,-7.87499,1.364,0.0,-29.289062,0.13183594,0.0,0.0,0.0,0.0,0.0,0.9238281,0.91796875,56.030273,3.6382813,62.55483,62.895756,0.0,97.99997,13.183594,0.0,104.028336,80.96067,490.875,540.75,1.9840065,9.21875,0.0,54.4375,12.13746,53.999985,28.35083,0.0,88.14,39.5625,0.0,-71.017456,48.968506,0.0,0.6176758,87.84,87.92,87.58,87.74,0
26850.316,0.113107085,0.0123720635,0.21327417,0.21864535,101.59883,16.541367,14.023,-5.611008,29.501482,12.997706,78.921,0.0,4.6,25.601,48.801,0.0,87.97001,0.0,0.0,462.75,189.75,3140.0,0.0,-4.578125,0.07965088,109.658424,11349.485,11787.29,1100.0834,505.73056,30.181368,17.125383,0.0,5.462127,4.0,42.427063,25.344246,24.37497,-8.2499895,1.396,0.0,-29.3125,0.12988281,0.0,0.0,0.0,0.0,0.0,0.8935547,0.9160156,56.0318,3.7186718,62.922764,63.969616,0.0,97.99997,13.378906,0.0,104.20245,80.96067,490.125,540.75,1.7434553,6.34375,0.0,55.96875,12.13746,53.999985,28.259277,0.0,87.95,38.96875,0.0,-71.45691,49.542236,0.0,0.6713867,88.15,87.97,87.45,87.64,0
26850.355,0.11048567,0.0049488256,0.21828222,0.22466467,101.59883,16.541367,14.011413,-5.4448028,30.50961,13.056588,78.921,0.0,4.6,25.601,48.801,0.0,87.96999,0.0,0.0,463.5,193.125,3050.0,0.0,-5.5,0.07879639,109.44284,11905.099,12177.864,1100.0834,505.73056,30.075394,17.718836,0.0,5.1697097,4.0,43.403625,25.36621,23.99997,-4.874994,1.36,0.0,-29.578125,0.1303711,0.0,0.0,0.0,0.0,0.0,0.8701172,0.91503906,56.010437,3.7749453,64.0684,65.42695,0.0,97.99997,13.671875,1.0,104.227325,80.96067,489.375,541.5,1.3947643,11.5,0.0,58.0625,12.13746,53.999985,28.112793,0.0,88.07,39.125,0.0,-71.51184,49.20044,0.0,0.68115234,87.92,87.99,87.64,87.7,0
26850.396,0.12838854,0.0019795303,0.22506508,0.22542769,101.59883,16.541367,14.02088,-5.2569275,30.965178,13.003897,78.921,0.0,4.6,25.601,48.801,0.0,87.969986,0.0,0.0,462.375,196.875,2993.0,0.0,-5.6953125,0.078063965,109.30188,12486.186,12527.577,1100.0834,505.73056,29.206408,18.291096,0.0,4.383273,4.0,44.00482,25.38598,23.24997,-1.1249986,1.416,0.0,-29.617188,0.12750244,0.0,0.0,0.0,0.0,0.0,0.8613281,0.9160156,56.037903,3.5799615,65.3634,65.46661,0.0,97.99997,13.671875,1.0,104.19416,80.96067,488.625,541.875,0.80331147,25.875,0.0,58.375,12.13746,53.999985,28.198242,0.0,87.99,38.25,0.0,-71.432495,50.18921,0.0,0.64453125,88.17,88.01,87.47,87.7,0
26850.436,0.14271083,7.9181214E-4,0.22490442,0.22542769,101.59883,16.541367,14.0216465,-5.1712394,31.533144,13.056588,78.921,0.0,4.6,25.601,48.801,0.0,87.96998,0.0,0.0,462.375,200.25,2951.0,0.0,-5.0390625,0.078186035,109.45113,13040.737,12516.964,1100.0834,505.73056,20.770885,17.930784,0.0,3.6173723,4.0,39.476013,25.403772,23.24997,2.9999962,1.404,0.0,-29.625,0.123291016,0.0,0.0,0.0,0.0,0.0,0.8544922,0.91503906,56.007385,3.443473,65.95404,66.05537,0.0,97.99997,13.671875,1.0,104.301956,80.96067,487.875,541.125,0.1738992,34.53125,0.0,58.59375,12.13746,53.999985,28.161621,0.0,88.08,37.0,0.0,-71.64307,51.85547,0.0,0.6738281,87.86,87.99,87.64,87.81,0
26850.477,0.15416867,3.1672485E-4,0.21586283,0.22326578,101.59883,16.541367,14.010465,-5.082738,31.724194,12.997705,78.921,0.0,4.6,25.601,48.801,0.0,87.96997,0.0,0.0,462.75,204.0,2920.0,0.0,-5.1953125,0.07739258,109.29359,12999.876,12312.655,1100.0834,505.4652,17.400915,17.188967,0.0,3.0964255,4.0,37.443542,25.419785,23.62497,7.87499,1.364,0.0,-29.625,0.11706543,0.0,0.0,0.0,0.0,0.0,0.8535156,0.91015625,55.955505,3.5823061,66.56407,68.04143,0.0,97.99997,13.671875,1.0,104.36,80.96067,487.125,541.125,-0.48588055,40.625,0.0,58.78125,11.670634,53.999985,28.076172,0.0,87.98,35.125,0.0,-71.77734,54.156494,0.0,0.6958008,88.21,87.95,87.45,87.58,0
26850.516,0.16333494,1.2668995E-4,0.21831891,0.21707694,101.59883,16.541367,14.014357,-4.792919,32.180634,13.062799,78.921,0.0,4.6,25.601,48.801,0.0,87.96996,0.0,0.0,462.375,201.75,2893.0,0.0,-5.625,0.0770874,108.879,12854.472,12096.672,1100.0834,505.4652,13.289127,16.531929,0.0,2.5095348,4.0,34.570312,25.434196,23.24997,2.9999962,1.344,0.0,-29.546875,0.10662842,0.0,0.0,0.0,0.0,0.0,0.8564453,0.91015625,55.847168,3.6794894,68.56176,68.29135,0.0,97.99997,13.8671875,1.0,104.45121,80.96067,486.0,541.5,-1.1699544,40.46875,0.0,59.125,11.670634,53.999985,27.496338,1.0,88.08,32.0,0.0,-72.01538,58.190918,0.0,0.68359375,87.86,87.95,87.66,87.7,0
26850.557,0.17066795,0.018800676,0.21516287,0.21686497,101.59883,16.541367,13.987783,-4.87532,73.708336,29.47506,78.921,0.0,4.6,25.601,48.801,0.0,87.969955,0.0,0.0,462.75,208.5,2850.0,0.0,-5.625,0.07672119,108.804375,12584.359,12092.427,1100.0834,504.93454,14.136919,16.086838,0.0,2.186554,4.0,35.025024,25.447166,23.62497,10.499987,1.26,0.0,-29.539062,0.10272217,0.0,0.0,0.0,0.0,0.0,0.8779297,0.9082031,55.741882,3.7475176,67.99378,68.43351,0.0,97.99997,13.8671875,1.0,104.5673,80.96067,484.875,541.5,-1.5609635,50.53125,0.0,59.28125,11.203809,53.999985,27.044678,1.0,87.98,30.8125,0.0,-72.36633,59.674072,0.0,0.7080078,88.31,88.07,87.43,87.61,0
26850.594,0.17653435,0.02627027,0.22301143,0.2278439,101.59883,16.541367,13.99848,-5.0889573,74.09421,29.442234,78.921,0.0,4.6,25.601,48.801,0.0,87.969955,0.0,0.0,462.75,209.25,2832.0,0.0,-6.4140625,0.08306885,108.86242,12388.011,12088.181,1100.0834,504.93454,16.31998,17.612864,0.0,2.2338662,4.0,36.183167,25.45884,23.99997,17.999977,1.228,0.0,-29.476562,0.11102295,0.0,0.0,0.0,0.0,0.0,0.9091797,0.91015625,55.828857,3.7951372,66.5212,67.49735,0.0,97.99997,14.453125,1.0,104.51754,80.96067,483.75,542.625,-1.5612708,55.75,0.0,62.46875,11.203809,53.999985,26.849365,1.0,88.19,33.3125,0.0,-72.128296,58.87451,0.0,0.703125,87.99,88.07,87.66,87.81,0
26850.637,0.20122749,0.02925811,0.22694749,0.23674569,101.59883,16.541367,14.0118265,-5.0071745,74.15927,29.291195,78.921,0.0,4.6,25.601,48.801,0.0,87.969955,0.0,0.0,461.625,218.625,2815.0,0.0,-8.015625,0.085632324,109.16921,12359.885,12088.181,1100.0834,504.93454,16.383566,18.163927,0.0,2.3450794,4.0,36.216736,25.469345,23.62497,20.999973,1.248,0.0,-29.539062,0.11767578,0.0,0.0,0.0,0.0,0.0,0.9248047,0.91015625,55.90973,3.594096,67.08492,69.06797,0.0,97.99997,15.136719,1.0,104.21905,80.96067,483.0,544.125,-1.2490166,61.6875,0.0,64.75,12.13746,53.999985,27.679443,1.0,88.11,35.3125,0.0,-71.71326,56.878662,0.0,0.61279297,88.33,88.15,87.49,87.64,0
26850.676,0.200982,0.030453246,0.23682989,0.24382474,101.59883,16.541367,14.003591,-4.7127194,74.42645,29.334068,78.921,0.0,4.6,25.601,48.801,0.0,87.969955,0.0,0.0,459.375,217.875,2809.0,0.0,-7.9296875,0.087402344,109.31847,12299.389,12092.427,1100.0834,504.66922,16.701487,19.138887,0.0,2.454154,4.0,36.398315,25.4788,22.874971,19.874975,1.38,0.0,-29.820312,0.12371826,0.0,0.0,0.0,0.0,0.0,0.9296875,0.91503906,55.95398,3.4533672,69.11457,70.52905,0.0,97.99997,15.625,1.0,103.98687,80.96067,483.0,544.125,-0.99921334,66.90625,0.0,67.78125,12.604284,53.999985,27.79541,1.0,88.25,37.125,0.0,-70.97473,55.004883,0.0,0.6225586,88.01,88.07,87.74,87.74,0
26850.717,0.2207856,0.0309313,0.24353866,0.24246828,101.59883,16.541367,14.009544,-4.5166874,74.359375,29.255463,78.921,0.0,4.6,25.601,48.801,0.0,87.969955,0.0,0.0,458.25,217.5,2804.0,0.0,-7.3828125,0.089416504,109.69988,12245.791,12096.672,1100.0834,504.66922,16.637903,19.20247,0.0,2.3992362,4.0,36.375427,25.48731,22.499971,19.499975,1.456,0.0,-29.6875,0.1194458,0.0,0.0,0.0,0.0,0.0,0.9091797,0.91796875,55.96161,3.354857,70.4658,70.22126,0.0,97.99997,15.625,1.0,103.787865,80.96067,483.0,543.375,-0.9556207,70.0625,0.0,67.875,12.604284,53.999985,27.557373,1.0,88.13,35.84375,0.0,-70.60852,56.933594,0.0,0.5810547,88.31,88.1,87.58,87.66,0
26850.756,0.21662849,0.04987252,0.24620315,0.24306174,101.59883,16.541367,13.990274,-4.4343324,91.65489,35.957214,78.921,0.0,4.6,25.601,48.801,0.0,87.969955,0.0,0.0,457.875,217.5,2796.0,0.0,-7.453125,0.09020996,109.91547,12210.235,12100.917,1100.0834,504.66922,17.37972,19.647562,0.0,2.2089033,4.0,36.784363,25.49497,22.124971,19.499975,1.488,0.0,-29.65625,0.117248535,0.0,0.0,0.0,0.0,0.0,0.8964844,0.9189453,55.97534,3.2858999,71.03346,70.42039,0.0,97.99997,15.625,1.0,103.87908,80.96067,483.0,543.375,-1.0769966,71.3125,0.0,68.09375,12.604284,53.999985,27.685547,1.0,88.22,35.1875,0.0,-70.669556,57.873535,0.0,0.5932617,88.01,88.07,87.74,87.83,0
