Time,Accel. Lat (m/s2),Accel. Long (m/s2),Airmass (g/stk),Airmass SP (g/stk),Ambient Press (kpa),Ambient Temp (°C),Battery Volts (V),Boost (psi),Calc TQ (nm),Calc HP (hp),Calc 0-60mph (s),Calc 60-130mph (s),Calc 0-60ft (s),Calc 1/8mile (s),Calc 1/4mile (s),Comb Mode (),Coolant Temp (°C),Cruise (),DV Position (%),EOI Actual (°),EOI Limit (°),Engine Speed (rpm),Eth Content (%),Exh Cam Position (°),Exh Flow Factor (),Exh Pres Desired (kpa),FP DI (kpa),FP DI SP (kpa),FP MPI (kpa),FP MPI SP (kpa),Fuel Flow (mg/stk),Fuel Flow SP (mg/stk),Fuel Split MPI (),Fuel Trim (%),Gear (gear),HPFP Eff Vol (%),IAT (°C),Ign Table (°),Ign Avg (°),Inj PW DI (ms),Inj PW MPI (ms),Intake Cam Pos (°),Intake Flow Fact (),Knock Avg (°),Knock Cyl 1 (°),Knock Cyl 2 (°),Knock Cyl 3 (°),Knock Cyl 4 (°),Lambda (l),Lambda SP (l),LPFP Duty (%),LTFT (%),MAP (kpa),MAP SP (kpa),Misfires (),Oil Temp (°C),Pedal Pos (%),Port Flap Pos (%),PUT (kpa),PUT SP (kpa),SOI Actual (°),SOI Limit (°),STFT (%),Torque (Nm),Torque Lim (),Torque Req (Nm),TPS (%),Trans Temp (°C),Turbo Speed (rpm),Valve Lift Pos (),Vehicle Speed (km/h),WG Flow Des (kg/hr),WG I Value (%),WG P-D Value (%),WG Pos Base (%),WG Pos Final (%),WG Voltage (V),Wheel Speed FL (km/h),Wheel Speed FR (km/h),Wheel Speed RL (km/h),Wheel Speed RR (km/h),SimosTools [R2.12:2026_7_12:CB_HSL_SP2933_5G0906259L_0002_BasicsGuide_R09.bin]
28120.951,-0.022617193,-0.1203662,0.116855994,0.120767854,101.68251,16.54134,13.995997,-8.781389,0.0,0.0,89.919,0.0,4.8,26.076,48.676,0.0,96.99251,0.0,0.0,469.5,230.625,2968.0,0.0,-9.5546875,0.07739258,105.20576,6109.0977,6422.725,1100.0834,584.5354,22.445272,8.4567175,0.0,0.8518138,3.0,28.814697,37.1494,32.624958,32.624958,0.904,0.0,-23.164062,0.0,0.0,0.0,0.0,0.0,0.0,0.99609375,1.0800781,58.450317,3.9062502,41.15335,42.01056,0.0,105.99992,6.25,1.0,101.85589,81.027,486.0,545.625,-3.0544364,15.40625,0.0,14.46875,7.469206,61.999977,17.901611,0.0,64.96,0.0,0.0,-65.91797,99.998474,34.080505,0.7128906,65.0,65.06,64.6,64.9,0
28120.992,0.0019062441,-0.104396485,0.11802541,0.12110695,101.682434,16.54134,13.992511,-8.79465,0.0,0.0,89.959,0.0,4.8,26.076,48.676,0.0,96.99251,0.0,0.0,469.125,230.625,2965.0,0.0,-9.6640625,0.07739258,105.20576,6192.4136,6529.921,1100.0834,584.5354,22.678415,7.926848,0.0,0.8377011,3.0,29.006958,37.19386,32.624958,32.624958,0.932,0.0,-23.007812,0.0,0.0,0.0,0.0,0.0,0.0,0.9970703,1.0800781,58.358765,3.9062502,41.061867,41.72902,0.0,105.99992,6.25,1.0,101.85589,81.027,485.625,545.625,-3.0685492,14.09375,0.0,14.53125,7.469206,61.999977,17.96875,0.0,65.0,0.0,0.0,-65.982056,99.998474,34.01642,0.7080078,64.9,64.96,64.88,64.81,0
28121.035,0.021524996,-0.098008595,0.11910379,0.12034397,101.68237,16.54134,13.978352,-8.779619,0.0,0.0,89.999,0.0,4.8,26.076,48.676,0.0,96.99251,0.0,0.0,471.0,230.625,2963.0,0.0,-9.9140625,0.07739258,105.20576,6215.2324,6529.921,1100.0834,584.5354,24.416388,7.926848,0.0,0.8264108,3.0,30.041504,37.23387,32.624958,32.624958,0.84,0.0,-22.859375,0.0,0.0,0.0,0.0,0.0,0.0,0.9980469,1.0800781,58.3786,3.9062502,41.165417,41.41732,0.0,105.99992,6.25,1.0,101.85589,81.027,485.625,546.0,-3.0798395,14.5625,0.0,14.59375,7.469206,61.999977,17.96875,0.0,64.99,0.0,0.0,-66.01257,99.998474,33.9859,0.7080078,64.98,64.85,64.82,64.58,0
28121.072,0.017219996,-0.11420344,0.119912595,0.12081024,101.683136,16.54134,13.991878,-8.794068,0.0,0.0,90.042,0.0,4.8,26.076,48.676,0.0,96.99251,0.0,0.0,470.625,230.25,2969.0,0.0,-9.84375,0.07739258,105.21404,6367.0044,6569.721,1100.0834,584.5354,23.801739,7.9692373,0.0,0.8173785,3.0,29.779053,37.269882,32.249958,32.249958,0.848,0.0,-22.695312,0.0,0.0,0.0,0.0,0.0,0.0,1.0332031,1.0800781,58.37097,3.9062502,41.066578,41.280903,0.0,105.99992,6.25,1.0,101.797844,81.027,485.625,546.0,-3.0888717,14.78125,0.0,14.71875,7.469206,61.999977,17.999268,0.0,64.97,0.0,0.0,-65.982056,99.998474,34.01642,0.7080078,64.98,64.96,64.7,64.67,0
28121.11,0.013775997,-0.120681375,0.118925214,0.120767854,101.68382,16.54134,13.995486,-8.806373,0.0,0.0,90.079,0.0,4.8,26.076,48.676,0.0,96.99251,0.0,0.0,470.625,230.625,2971.0,0.0,-9.7734375,0.07739258,105.21404,6461.9946,6549.025,1100.0834,584.5354,22.530052,8.011627,0.0,0.96640277,3.0,29.064941,37.30229,32.624958,32.624958,0.844,0.0,-22.523438,0.0,0.0,0.0,0.0,0.0,0.0,1.0595703,1.0800781,58.381653,3.9062502,40.982452,41.39214,0.0,105.99992,6.25,1.0,101.781265,81.027,486.0,546.0,-2.9398475,14.4375,0.0,14.625,7.469206,61.999977,17.889404,0.0,64.97,0.0,0.0,-65.802,99.998474,34.196472,0.7080078,64.85,64.9,64.65,64.65,0
28121.152,0.031020798,-0.14202255,0.12069441,0.12089503,101.68361,16.54134,13.986294,-8.785677,0.0,0.0,90.116,0.0,4.8,26.076,48.676,0.0,96.99251,0.0,0.0,470.625,230.25,2964.0,0.0,-9.7109375,0.07739258,105.20576,6451.3813,6576.62,1100.0834,584.5354,23.822933,8.075212,0.0,1.2418723,3.0,29.870605,37.331463,32.249958,32.249958,0.844,0.0,-22.351562,0.0,0.0,0.0,0.0,0.0,0.0,1.078125,1.0800781,58.389282,3.9062502,41.124897,41.1684,0.0,105.99992,6.25,1.0,101.85589,81.027,485.625,545.625,-2.664378,15.15625,0.0,14.71875,7.469206,61.999977,18.066406,0.0,64.92,0.0,0.0,-65.963745,99.998474,34.03473,0.7080078,64.9,64.82,64.47,64.67,0
28121.19,0.044816636,-0.13180903,0.121069714,0.12203954,101.683426,16.54134,13.991577,-8.810792,0.0,0.0,90.159,0.0,4.8,26.076,48.676,0.0,96.99251,0.0,0.0,470.625,230.25,2963.0,0.0,-9.625,0.07739258,105.20576,6547.433,6621.727,1100.0834,584.5354,21.894209,8.181186,0.0,1.4622478,3.0,28.735352,37.357716,32.249958,32.249958,0.848,0.0,-21.859375,0.0,0.0,0.0,0.0,0.0,0.0,1.0810547,1.0800781,58.40912,3.9062502,40.951595,41.14134,0.0,105.99992,6.3476562,1.0,101.81443,81.027,485.625,545.625,-2.4440024,15.375,0.0,15.3125,7.469206,61.999977,18.005371,0.0,64.95,0.0,0.0,-65.823364,99.998474,34.17511,0.7080078,64.81,64.88,64.7,64.58,0
28121.232,0.055853307,-0.12772362,0.11985269,0.12220911,101.68326,16.54134,13.977697,-8.811702,0.0,0.0,90.196,0.0,4.8,26.076,48.676,0.0,96.99251,0.0,0.0,470.625,230.25,2962.0,0.0,-9.5703125,0.07739258,105.20576,6687.0,6567.5986,1100.0834,584.5354,21.110003,8.075212,0.0,1.6385484,3.0,28.417969,37.381344,32.249958,32.249958,0.848,0.0,-22.203125,0.0,0.0,0.0,0.0,0.0,0.0,1.0820312,1.0800781,58.40912,3.9062502,40.94516,41.477264,0.0,105.99992,6.3476562,1.0,101.85589,81.027,485.625,545.625,-2.2677019,14.875,0.0,15.3125,7.469206,61.999977,18.164062,0.0,64.83,0.0,0.0,-65.963745,99.998474,34.03473,0.7080078,64.81,64.75,64.73,64.44,0
28121.271,0.044682648,-0.10733945,0.12036789,0.122124314,101.68228,16.54134,13.997278,-8.777214,0.0,0.0,90.239,0.0,4.8,26.076,48.676,0.0,96.99251,0.0,0.0,471.0,230.25,2959.0,0.0,-9.9609375,0.077697754,105.197464,6721.4937,6578.7427,1100.0834,584.27,18.672602,8.075212,0.0,1.6233387,3.0,26.986694,37.402607,32.249958,32.249958,0.836,0.0,-22.671875,0.0,0.0,0.0,0.0,0.0,0.0,1.0761719,1.0800781,58.395386,3.9062502,41.181904,41.591434,0.0,105.99992,6.3476562,1.0,101.85589,81.018715,486.0,546.0,-2.2829115,15.0,0.0,15.21875,7.469206,61.999977,18.145752,0.0,64.8,0.0,0.0,-66.00037,99.998474,33.998108,0.7080078,64.85,64.81,64.52,64.52,0
28121.312,0.03574612,-0.09918578,0.120599434,0.122124314,101.681404,16.54134,13.999267,-8.757132,0.0,0.0,90.279,0.0,4.8,26.076,48.676,0.0,96.99251,0.0,0.0,471.0,230.25,2958.0,0.0,-9.8671875,0.077697754,105.197464,6707.696,6596.7856,1100.0834,584.27,19.096497,8.075212,0.0,1.611171,3.0,27.282715,37.421745,32.249958,32.249958,0.832,0.0,-22.71875,0.0,0.0,0.0,0.0,0.0,0.0,1.0722656,1.0800781,58.387756,3.9062502,41.31945,41.65607,0.0,105.99992,6.3476562,1.0,101.85589,81.018715,486.0,546.0,-2.2950792,15.09375,0.0,15.21875,7.469206,61.999977,18.121338,0.0,64.8,0.0,0.0,-65.9729,99.998474,34.025574,0.7080078,64.67,64.77,64.52,64.49,0
28121.352,0.028596897,-0.09592432,0.120119944,0.12216671,101.68144,16.54134,13.994799,-8.732543,0.0,0.0,90.317,0.0,4.8,26.076,48.676,0.0,96.99251,0.0,0.0,470.625,230.25,2954.0,0.0,-9.8203125,0.077697754,105.20576,6673.202,6562.8223,1100.0834,584.27,18.778576,8.011627,0.0,1.6014369,3.0,27.088928,37.43897,32.249958,32.249958,0.832,0.0,-22.796875,0.0,0.0,0.0,0.0,0.0,0.0,1.0800781,1.0800781,58.374023,3.9062502,41.48897,41.940197,0.0,105.99992,6.3476562,1.0,101.85589,81.027,485.625,546.0,-2.3048134,14.875,0.0,15.21875,7.469206,61.999977,18.066406,0.0,64.74,0.0,0.0,-66.03088,99.998474,33.96759,0.7080078,64.67,64.67,64.44,64.47,0
28121.393,0.022877518,-0.11336973,0.12047419,0.12483726,101.68147,16.54134,14.00339,-8.718649,0.0,0.0,90.359,0.0,4.8,26.076,48.676,0.0,96.99251,0.0,0.0,470.625,230.25,2958.0,0.0,-9.71875,0.07836914,105.23063,6649.8525,6581.396,1100.0834,584.27,19.435614,8.075212,0.0,1.5936496,3.0,27.485657,37.45447,32.249958,32.249958,0.832,0.0,-22.882812,0.0,0.0,0.0,0.0,0.0,0.0,1.0849609,1.0800781,58.374023,3.9062502,41.584778,42.51943,0.0,105.99992,6.5429688,1.0,101.85589,81.027,485.25,545.625,-2.3126006,15.0625,0.0,16.3125,7.469206,61.999977,18.041992,0.0,64.84,0.0,0.0,-66.049194,99.998474,33.94928,0.7080078,64.67,64.67,64.34,64.44,0
28121.432,0.03830201,-0.1203479,0.12117798,0.12454053,101.6815,16.54134,13.991826,-8.69685,0.0,0.0,90.399,0.0,4.8,26.076,48.676,0.0,96.99251,0.0,0.0,470.625,230.25,2958.0,0.0,-9.6328125,0.07836914,105.23063,6577.151,6640.8315,1100.0834,584.27,21.19478,8.117601,0.0,1.5874197,3.0,28.520203,37.468422,32.249958,32.249958,0.836,0.0,-22.875,0.0,0.0,0.0,0.0,0.0,0.0,1.0888672,1.0800781,58.38623,3.9062502,41.73506,42.456047,0.0,105.99992,6.5429688,1.0,101.72323,81.027,485.625,545.625,-2.3188305,15.34375,0.0,16.375,7.469206,61.999977,17.980957,0.0,64.69,0.0,0.0,-65.704346,99.998474,34.29413,0.7080078,64.62,64.75,64.6,64.44,0
28121.473,0.05064161,-0.123139165,0.121835485,0.12445575,101.68236,16.54134,14.007169,-8.676604,0.0,0.0,90.439,0.0,4.8,26.076,48.676,0.0,96.99251,0.0,0.0,470.25,230.25,2957.0,0.0,-9.6171875,0.07836914,105.23892,6658.3433,6569.721,1100.0834,584.27,20.135042,8.117601,0.0,1.7386858,3.0,27.929688,37.48098,32.249958,32.249958,0.844,0.0,-22.84375,0.0,0.0,0.0,0.0,0.0,0.0,1.0976562,1.0800781,58.39386,3.9062502,41.87547,42.428947,0.0,105.99992,6.5429688,1.0,101.85589,81.027,485.25,545.625,-2.1675644,15.65625,0.0,16.375,7.469206,61.999977,18.115234,0.0,64.66,0.0,0.0,-66.01868,99.998474,33.979797,0.7080078,64.73,64.65,64.31,64.29,0
28121.512,0.060513288,-0.12425567,0.12285306,0.12432858,101.68313,16.54134,14.000331,-8.687416,0.0,0.0,90.479,0.0,4.8,26.076,48.676,0.0,96.99251,0.0,0.0,470.625,230.25,2956.0,0.0,-10.015625,0.07836914,105.23892,6687.0,6653.0366,1100.0834,584.27,19.244862,8.24477,0.0,1.8596988,3.0,27.406311,37.49228,32.249958,32.249958,0.84,0.0,-22.726562,0.0,0.0,0.0,0.0,0.0,0.0,1.0957031,1.0800781,58.399963,3.9062502,41.801716,42.10997,0.0,105.99992,6.5429688,1.0,101.781265,81.027,485.625,546.0,-2.0465515,16.09375,0.0,16.375,7.469206,61.999977,17.938232,0.0,64.73,0.0,0.0,-65.76843,99.998474,34.23004,0.7080078,64.75,64.77,64.31,64.4,0
28121.553,0.04841063,-0.124702275,0.12257298,0.12432858,101.683,16.54134,13.995544,-8.69346,0.0,0.0,90.517,0.0,4.8,26.076,48.676,0.0,96.99251,0.0,0.0,470.25,230.25,2954.0,0.0,-9.8984375,0.07836914,105.23063,6659.405,6693.3677,1100.0834,584.27,20.495354,8.24477,0.0,1.956509,3.0,28.167725,37.50245,32.249958,32.249958,0.848,0.0,-22.703125,0.0,0.0,0.0,0.0,0.0,0.0,1.0878906,1.0800781,58.39386,3.9062502,41.759922,42.13874,0.0,105.99992,6.5429688,1.0,101.781265,81.027,485.625,546.0,-1.9497412,15.96875,0.0,16.375,7.936031,61.999977,18.103027,0.0,64.66,0.0,0.0,-65.7959,99.998474,34.202576,0.7080078,64.6,64.67,64.41,64.47,0
28121.592,0.038728505,-0.10613091,0.12304759,0.12437097,101.68288,16.54134,13.998053,-8.623436,0.0,0.0,90.559,0.0,4.8,26.076,48.676,0.0,96.99251,0.0,0.0,470.25,230.25,2950.0,0.0,-9.765625,0.07836914,105.23063,6666.8345,6733.6987,1100.0834,584.27,20.770885,8.2659645,0.0,1.8777072,3.0,28.359985,37.511604,32.249958,32.249958,0.856,0.0,-23.09375,0.0,0.0,0.0,0.0,0.0,0.0,1.0771484,1.0800781,58.392334,3.9062502,42.242474,42.517517,0.0,105.99992,6.5429688,1.0,101.797844,81.027,485.625,546.0,-2.028543,16.21875,0.0,16.46875,7.936031,61.999977,18.231201,0.0,64.67,0.0,0.0,-65.808105,99.998474,34.19037,0.703125,64.52,64.58,64.34,64.44,0
28121.635,0.07098281,-0.07995237,0.12369771,0.12432858,101.68277,16.54134,13.98809,-8.566388,0.0,0.0,90.597,0.0,4.8,26.076,48.676,0.0,96.99251,0.0,0.0,470.25,230.25,2949.0,0.0,-9.6171875,0.07836914,105.23063,6778.806,6763.4165,1100.0834,584.27,19.583977,8.2659645,0.0,1.8146658,3.0,27.748108,37.519844,32.249958,32.249958,0.848,0.0,-23.320312,0.0,0.0,0.0,0.0,0.0,0.0,1.0742188,1.0800781,58.392334,3.9062502,42.63559,42.744987,0.0,105.99992,6.5429688,1.0,101.75639,81.027,485.625,545.625,-2.0915844,16.5,0.0,16.46875,7.936031,61.999977,18.157959,0.0,64.63,0.0,0.0,-65.756226,99.998474,34.24225,0.7080078,64.52,64.62,64.37,64.19,0
28121.672,0.096786246,-0.08823095,0.12499445,0.12996638,101.683495,16.54134,13.998693,-8.54983,0.0,0.0,90.64,0.0,4.8,26.076,48.676,0.0,96.99251,0.0,0.0,470.25,230.25,2949.0,0.0,-10.234375,0.07904053,105.263794,6755.9873,6761.294,1100.0834,584.0047,19.668756,8.2659645,0.0,1.7642326,3.0,27.76947,37.52726,32.249958,32.249958,0.848,0.0,-23.414062,0.0,0.0,0.0,0.0,0.0,0.0,1.0751953,1.0800781,58.392334,3.9062502,42.750446,43.802834,0.0,105.99992,6.9335938,1.0,101.85589,81.027,485.25,546.375,-2.1420176,16.96875,0.0,18.71875,7.936031,61.999977,18.231201,0.0,64.57,0.0,0.0,-65.9729,99.998474,34.025574,0.7080078,64.52,64.47,64.31,64.19,0
28121.713,0.077429,-0.091542386,0.12660971,0.13000879,101.68415,16.54134,14.0002575,-8.494607,0.0,0.0,90.679,0.0,4.8,26.076,48.676,0.0,96.99251,0.0,0.0,470.25,229.875,2952.0,0.0,-10.0703125,0.07904053,105.263794,6708.7573,6923.149,1100.0834,584.0047,22.021378,8.541496,0.0,1.7238863,3.0,29.190063,37.53393,31.87496,31.87496,0.852,0.0,-23.421875,0.0,0.0,0.0,0.0,0.0,0.0,1.0791016,1.0800781,58.403015,3.9062502,43.13175,43.874973,0.0,105.99992,6.9335938,1.0,101.549095,81.027,485.25,546.0,-2.182364,17.40625,0.0,18.8125,7.936031,61.999977,18.157959,0.0,64.65,0.0,0.0,-65.390015,99.998474,34.60846,0.7080078,64.55,64.41,64.26,64.44,0
28121.754,0.0819432,-0.111616954,0.12947564,0.13022074,101.68557,16.54134,14.001352,-8.405838,0.0,0.0,90.719,0.0,4.8,26.076,48.676,0.0,96.99251,0.0,0.0,470.25,229.875,2953.0,0.0,-9.953125,0.07904053,105.27209,6735.291,7003.811,1100.0834,584.0047,23.928907,8.64747,0.0,1.6916091,3.0,30.381775,37.539936,31.87496,31.87496,0.884,0.0,-23.390625,0.0,0.0,0.0,0.0,0.0,0.0,1.0810547,1.0800781,58.444214,3.9062502,43.745045,43.920357,0.0,105.99992,6.9335938,1.0,101.53252,81.03529,486.0,546.0,-2.214641,18.625,0.0,19.0,7.936031,61.999977,18.145752,0.0,64.51,0.0,0.0,-65.23132,99.998474,34.76715,0.7080078,64.47,64.73,64.26,64.44,0
28121.79,0.085554555,-0.11964679,0.13041636,0.13399342,101.68685,16.54134,14.002118,-8.358394,0.0,0.0,90.76,0.0,4.8,26.076,48.676,0.0,96.99251,0.0,0.0,469.875,229.875,2951.0,0.0,-9.53125,0.079711914,105.29697,6850.447,6972.5015,1100.0834,584.0047,24.098465,8.64747,0.0,1.6657875,3.0,30.551147,37.54534,31.87496,31.87496,0.904,0.0,-23.296875,0.0,0.0,0.0,0.0,0.0,0.0,1.0810547,1.0800781,58.50525,3.9062502,44.073353,44.850677,0.0,105.99992,7.2265625,1.0,101.62372,81.03529,486.0,545.625,-2.2404628,19.09375,0.0,20.625,7.936031,61.999977,18.347168,0.0,64.58,0.0,0.0,-65.40222,99.998474,34.596252,0.7080078,64.58,64.52,64.37,64.31,0
28121.834,0.06844365,-0.12285872,0.13357337,0.14217457,101.688,16.54134,13.985076,-8.253381,0.0,0.0,90.796,0.0,4.8,26.076,48.676,0.0,96.99251,0.0,0.0,469.5,229.5,2951.0,0.0,-9.125,0.08099365,105.34671,6974.624,7202.813,1100.0834,584.0047,24.16205,9.007782,0.0,1.6451302,3.0,30.699158,37.550205,31.49996,31.49996,0.904,0.0,-23.25,0.001159668,0.0,0.0,0.0,0.0,0.0,1.0751953,1.0800781,58.551025,3.9062502,44.79835,46.649197,0.0,105.99992,7.8125,1.0,101.53252,81.03529,485.25,545.25,-2.26112,20.3125,0.0,24.0,8.402857,61.999977,18.85376,0.0,64.64,0.34375,0.0,-65.23743,99.55444,34.317017,0.703125,64.52,64.44,64.25,64.14,0
28121.871,0.05475492,-0.10539349,0.13748187,0.14217457,101.689865,16.54134,13.996584,-7.9934325,0.0,0.0,90.84,0.0,4.8,26.076,48.676,0.0,96.99251,0.0,0.0,468.75,229.5,2952.0,0.0,-9.109375,0.08105469,105.388176,7137.5405,7404.4688,1100.0834,584.0047,29.142824,11.000092,0.0,1.6286042,3.0,33.753967,37.554585,31.49996,31.49996,0.952,0.0,-24.476562,0.0034179688,0.0,0.0,0.0,0.0,0.0,1.0683594,0.9199219,58.7265,3.9062502,46.592007,47.571777,0.0,105.99992,7.8125,1.0,101.53252,81.04359,485.625,545.25,-2.277646,25.40625,0.0,24.25,8.869681,61.999977,19.030762,0.0,64.59,1.03125,0.0,-65.164185,98.67554,33.511353,0.7080078,64.34,64.58,64.44,64.14,0
28121.91,0.043803938,-0.0796574,0.14009406,0.14192024,101.69154,16.54134,13.99878,-7.7867036,0.0,0.0,90.878,0.0,4.8,26.076,48.676,0.0,96.99251,0.0,0.0,466.125,229.5,2955.0,0.0,-9.0390625,0.081848145,105.62034,7515.379,7408.183,1100.0834,584.0047,25.031036,10.872923,0.0,1.4591334,3.0,31.573486,37.558525,31.49996,31.49996,1.12,0.0,-25.765625,0.0025634766,0.0,0.0,0.0,0.0,0.0,1.0634766,0.9199219,59.396362,3.9062502,48.018642,48.39631,0.0,105.99992,7.8125,1.0,101.53252,81.04359,486.0,545.25,-2.4471169,26.625,0.0,24.34375,8.869681,61.999977,19.18335,0.0,64.46,0.78125,0.0,-65.20691,99.01123,33.80432,0.703125,64.58,64.55,64.08,64.19,0
28121.951,0.03504315,-0.06936296,0.13939074,0.14921126,101.69222,16.54134,13.988599,-7.6434073,0.0,0.0,90.916,0.0,4.8,26.076,48.676,0.0,96.99251,0.0,0.0,466.5,229.5,2959.0,0.0,-8.9375,0.08325195,105.74472,7658.13,7434.186,1100.0834,584.27,23.67457,10.936507,0.0,1.3235569,3.0,30.903625,37.562073,31.49996,31.49996,1.092,0.0,-26.585938,0.010192871,0.0,0.0,0.0,0.0,0.0,1.0205078,0.9199219,59.365845,3.9062502,49.00705,51.1235,0.0,105.99992,8.300781,1.0,101.53252,81.03529,486.0,544.875,-2.5826933,26.34375,0.0,27.1875,8.869681,61.999977,19.042969,0.0,64.54,3.0625,0.0,-65.20691,96.09375,30.88684,0.6982422,64.41,64.52,64.21,64.41,0
28121.992,0.028034521,-0.046495184,0.14455739,0.1489145,101.69283,16.54134,13.987331,-7.415342,0.0,0.0,90.959,0.0,4.8,26.076,48.676,0.0,96.99251,0.0,0.0,466.5,229.125,2960.0,0.0,-8.609375,0.08355713,105.74472,7695.277,7662.375,1100.0834,584.27,24.373999,11.296818,0.0,0.9025955,3.0,31.437683,37.565266,31.12496,31.12496,1.1,0.0,-27.085938,0.010314941,0.0,0.0,0.0,0.0,0.0,0.9658203,0.9199219,59.48181,3.9062502,50.57969,51.52619,0.0,105.99992,8.300781,1.0,101.53252,81.03529,486.375,544.5,-3.0036547,28.4375,0.0,27.3125,8.869681,61.999977,19.555664,0.0,64.5,3.09375,0.0,-65.20691,96.051025,30.844116,0.703125,64.47,64.49,64.31,64.34,0
28122.035,0.022427617,-0.018598074,0.14795476,0.14866018,101.69338,16.54134,13.974726,-7.285311,17.24578,7.1649723,90.998,0.0,4.8,26.076,48.676,0.0,96.99251,0.0,0.0,466.125,229.125,2961.0,0.0,-8.625,0.083740234,105.92714,7753.12,7789.7363,1100.0834,584.27,26.239138,11.487571,0.0,0.5658264,3.0,32.777405,37.56814,30.74996,31.12496,1.12,0.0,-27.453125,0.009765625,0.0,0.0,0.0,0.0,0.0,0.94921875,0.9199219,59.573364,3.9062502,51.476524,51.6515,0.0,105.99992,8.300781,1.0,101.53252,81.03529,486.375,544.5,-3.3404238,29.96875,0.0,27.4375,8.869681,61.999977,19.51294,0.0,64.45,2.9375,0.0,-65.20691,96.258545,31.051636,0.6982422,64.52,64.41,64.26,64.21,0
28122.072,-0.0020579062,-0.0074392296,0.14847355,0.1490417,101.6947,16.54134,13.989339,-7.2266164,17.212404,7.1511054,91.042,0.0,4.8,26.076,48.676,0.0,96.99251,0.0,0.0,465.75,228.75,2961.0,0.0,-8.53125,0.08380127,106.05981,7951.5913,7799.8193,1100.0834,584.27,23.58979,11.551155,0.0,0.45266104,3.0,31.34613,37.570724,30.74996,30.74996,1.14,0.0,-27.828125,0.009643555,0.0,0.0,0.0,0.0,0.0,0.9423828,0.9199219,59.580994,3.9062502,51.882423,52.0394,0.0,105.99992,8.300781,1.0,101.53252,81.04359,486.375,544.5,-3.4535892,30.125,0.0,27.53125,8.869681,61.999977,19.366455,0.0,64.54,2.90625,0.0,-65.20691,96.30737,31.100464,0.6982422,64.44,64.47,64.16,64.14,0
28122.111,-0.001646325,-0.0029756918,0.14915818,0.15209374,101.69589,16.54134,13.993709,-7.184498,17.215553,7.145167,91.079,0.0,4.8,26.076,48.676,0.0,96.99251,0.0,0.0,466.125,228.75,2958.0,0.0,-8.2265625,0.08453369,106.10956,8009.4346,7841.212,1100.0834,584.27,23.547401,11.699519,0.0,0.51837873,3.0,31.425476,37.57305,30.74996,30.74996,1.136,0.0,-27.914062,0.012512207,0.0,0.0,0.0,0.0,0.0,0.9355469,0.9199219,59.680176,3.9062502,52.17393,52.834133,0.0,105.99992,8.496094,1.0,101.53252,81.04359,486.375,544.125,-3.3878715,30.53125,0.0,28.71875,8.869681,61.999977,19.396973,0.0,64.41,3.75,0.0,-65.20691,95.22705,30.020142,0.6982422,64.49,64.47,64.11,64.11,0
28122.152,-0.00131706,-0.0011902767,0.1496136,0.15166984,101.69696,16.54134,13.996768,-7.1677723,17.21501,7.1352797,91.117,0.0,4.8,26.076,48.676,0.0,96.84213,0.0,0.0,466.125,228.75,2954.0,0.0,-8.0625,0.08483887,106.12614,8012.6187,7878.359,1100.0834,584.27,24.16205,11.7631035,0.0,0.4147029,3.0,31.880188,37.575146,30.74996,30.74996,1.132,0.0,-27.921875,0.011779785,0.0,0.0,0.0,0.0,0.0,0.9277344,0.9199219,59.64966,3.9062502,52.290287,52.75751,0.0,105.99992,8.496094,1.0,101.53252,81.04359,486.375,544.125,-3.4915473,30.71875,0.0,28.71875,8.869681,61.999977,19.421387,0.0,64.45,3.53125,0.0,-65.20691,95.50781,30.300903,0.68847656,64.58,64.4,64.06,64.41,0
28122.19,-0.001053648,-4.761107E-4,0.14964189,0.15137313,101.69792,16.54134,13.998909,-7.1405387,17.322304,7.17489,91.159,0.0,4.8,26.076,48.676,0.0,96.72183,0.0,0.0,466.125,228.75,2952.0,0.0,-7.8125,0.08483887,106.14272,8023.2324,7856.601,1100.0834,584.27,23.67457,11.720714,0.0,0.3317623,3.0,31.584167,37.57703,30.74996,30.74996,1.14,0.0,-27.820312,0.010803223,0.0,0.0,0.0,0.0,0.0,0.9189453,0.9199219,59.687805,3.9062502,52.478966,52.842453,0.0,105.99992,8.496094,1.0,101.53252,81.04359,486.375,543.75,-3.574488,30.75,0.0,28.6875,8.869681,61.999977,19.488525,0.0,64.6,3.25,0.0,-65.20691,95.88013,30.673218,0.6933594,64.41,64.55,64.29,64.26,0
28122.234,-8.4291835E-4,-1.9044428E-4,0.15028444,0.15128835,101.69879,16.54134,13.988689,-7.1682696,17.250544,7.145167,91.196,0.0,4.8,26.076,48.676,0.0,96.62558,0.0,0.0,466.125,228.75,2952.0,0.0,-7.703125,0.08483887,106.13443,7975.4717,7929.834,1100.0834,584.27,24.331608,11.805492,0.0,0.26540995,3.0,31.948853,37.578724,30.74996,30.74996,1.14,0.0,-27.492188,0.0107421875,0.0,0.0,0.0,0.0,0.0,0.9160156,0.9199219,59.687805,3.9062502,52.28869,52.482292,0.0,105.99992,8.496094,1.0,101.53252,81.04359,486.375,543.75,-3.6408403,31.0,0.0,28.6875,8.869681,61.999977,19.464111,0.0,64.48,3.21875,0.0,-65.20691,95.90454,30.697632,0.6933594,64.49,64.41,64.29,64.11,0
28122.271,-6.743347E-4,-7.617771E-5,0.15034924,0.1515003,101.698746,16.54134,14.004973,-7.174591,17.226673,7.13528,91.24,0.0,4.8,26.076,48.676,0.0,96.548584,0.0,0.0,466.5,228.75,2952.0,0.0,-7.6328125,0.08520508,106.15102,7948.4077,7916.5674,1100.0834,584.27,25.09462,11.784298,0.0,0.21232796,3.0,32.424927,37.58025,30.74996,30.74996,1.112,0.0,-27.546875,0.0107421875,0.0,0.0,0.0,0.0,0.0,0.9140625,0.9199219,59.710693,3.9062502,52.24507,52.46754,0.0,105.99992,8.496094,1.0,101.53252,81.03529,486.375,543.75,-3.6939223,31.0625,0.0,28.78125,8.869681,61.999977,19.421387,0.0,64.53,3.21875,0.0,-65.182495,95.910645,30.72815,0.6933594,64.49,64.55,64.06,64.21,0
28122.312,0.019460531,0.01871953,0.14935598,0.15726528,101.69871,16.54134,13.998794,-7.1495867,51.388798,21.292427,91.278,0.0,4.8,26.076,48.676,0.0,96.486984,0.0,0.0,465.375,228.75,2953.0,0.0,-7.6484375,0.085876465,106.18418,8016.8643,7970.696,1100.0834,584.27,25.221788,11.869078,0.0,0.16986227,3.0,32.606506,37.581623,30.74996,30.74996,1.144,0.0,-27.875,0.016662598,0.0,0.0,0.0,0.0,0.0,0.9169922,0.9199219,59.74884,3.9062502,52.417385,54.12263,0.0,105.99992,8.886719,1.0,101.53252,81.03529,486.0,543.75,-3.736388,30.59375,0.0,30.96875,8.869681,61.999977,19.561768,0.0,64.59,5.0,0.0,-65.22522,93.670654,28.445435,0.6933594,64.34,64.62,64.21,64.26,0
28122.354,0.015568425,0.026237812,0.15518202,0.1571381,101.69949,16.54134,13.994468,-6.873891,51.35533,21.27856,91.319,0.0,4.8,26.076,48.676,0.0,96.43771,0.0,0.0,465.75,228.0,2953.0,0.0,-7.6640625,0.085876465,106.167595,7989.269,8171.8203,1100.0834,584.27,28.50698,12.123415,0.0,0.13588977,3.0,34.70764,37.58286,29.999962,29.999962,1.148,0.0,-28.4375,0.016540527,0.0,0.0,0.0,0.0,0.0,0.9140625,0.9199219,59.840393,3.9062502,54.318512,54.749573,0.0,105.99992,8.886719,1.0,101.49106,81.04359,486.375,543.75,-3.7703605,33.125,0.0,31.125,9.336507,61.999977,20.220947,0.0,64.47,4.96875,0.0,-65.12756,93.71948,28.591919,0.6933594,64.77,64.52,64.14,64.16,0
28122.393,-0.027545258,0.010495125,0.1572445,0.15684137,101.70021,16.54134,14.003159,-6.769591,17.3228,7.184818,91.36,0.0,4.8,26.076,48.676,0.0,96.398285,0.0,0.0,466.125,228.0,2956.0,0.0,-7.6796875,0.08666992,106.39147,8102.3022,8191.986,1100.0834,584.27,27.510826,12.144609,0.0,0.10871172,3.0,34.140015,37.583973,29.999962,29.999962,1.136,0.0,-28.828125,0.016052246,0.0,0.0,0.0,0.0,0.0,0.91308594,0.9199219,59.846497,3.9062502,55.03816,54.943882,0.0,105.99992,8.886719,1.0,101.53252,81.04359,486.375,543.75,-3.7975385,34.0625,0.0,31.1875,9.336507,61.999977,20.06836,0.0,64.63,4.8125,0.0,-65.130615,93.9209,28.790283,0.68847656,64.47,64.65,64.31,64.37,0
28122.432,-0.022036208,0.00419805,0.15687974,0.15726528,101.70085,16.54134,13.985805,-6.8262362,17.281326,7.1748905,91.398,0.0,4.8,26.076,48.676,0.0,96.366745,0.0,0.0,465.375,228.0,2959.0,0.0,-7.6875,0.08673096,106.4661,8160.1455,8163.3296,1100.0834,584.27,27.97711,12.10222,0.0,0.086969376,3.0,34.490967,37.584972,29.999962,29.999962,1.18,0.0,-28.71875,0.016235352,0.0,0.0,0.0,0.0,0.0,0.9121094,0.9199219,59.892273,3.9062502,54.64835,54.71184,0.0,105.99992,8.886719,1.0,101.53252,81.04359,486.375,543.75,-3.8192809,34.21875,0.0,31.3125,9.336507,61.999977,19.65332,0.0,64.61,4.875,0.0,-65.12756,93.85376,28.726196,0.67871094,64.47,64.65,64.41,64.26,0
28122.475,-0.017628966,0.0016792201,0.15553255,0.15980862,101.70143,16.54134,13.997094,-6.86585,17.281326,7.1748905,91.439,0.0,4.8,26.076,48.676,0.0,96.34152,0.0,0.0,465.0,228.0,2959.0,0.0,-7.59375,0.08673096,106.4661,8166.5137,8119.2837,1100.0834,584.27,26.663034,12.144609,0.0,0.06957555,3.0,33.61664,37.585873,29.999962,29.999962,1.184,0.0,-28.703125,0.018859863,0.0,0.0,0.0,0.0,0.0,0.9169922,0.9199219,59.831238,3.9062502,54.375874,55.27225,0.0,105.99992,9.082031,1.0,101.53252,81.04359,486.375,543.75,-3.8366747,33.28125,0.0,32.21875,9.336507,61.999977,19.940186,0.0,64.55,5.65625,0.0,-65.16724,92.85889,27.69165,0.67871094,64.77,64.52,64.26,64.34,0
28122.51,-0.014103173,6.7168806E-4,0.16167597,0.15976623,101.70195,16.54134,13.999138,-6.702755,17.24789,7.1610084,91.48,0.0,4.8,26.076,48.676,0.0,96.321335,0.0,0.0,465.75,227.625,2959.0,0.0,-7.9140625,0.08703613,106.41635,8197.293,8414.338,1100.0834,584.27,29.799862,12.568505,0.0,0.055660486,3.0,35.694885,37.586685,29.249962,29.624962,1.16,0.0,-28.703125,0.019470215,0.0,0.0,0.0,0.0,0.0,0.9199219,0.9199219,59.954834,3.9062502,55.50059,55.09215,0.0,105.99992,9.082031,1.0,101.53252,81.04359,486.375,544.125,-3.8505898,36.21875,0.0,32.53125,9.803332,61.999977,20.446777,0.0,64.67,5.84375,0.0,-65.16724,92.63916,27.471924,0.6982422,64.49,64.58,64.26,64.19,0
28122.553,-0.011282539,0.019018676,0.16078708,0.15951191,101.70159,16.54134,13.994709,-6.7066455,51.355347,21.343416,91.516,0.0,4.8,26.076,48.676,0.0,96.30519,0.0,0.0,465.375,227.625,2962.0,0.0,-7.8515625,0.08721924,106.61535,8398.948,8300.243,1100.0834,584.27,27.383657,12.377752,0.0,0.044528484,3.0,34.355164,37.587414,29.624962,29.624962,1.184,0.0,-28.664062,0.018859863,0.0,0.0,0.0,0.0,0.0,0.9169922,0.9199219,60.00061,3.9062502,55.473415,55.18139,0.0,105.99992,9.082031,1.0,101.53252,81.03529,486.375,543.75,-3.8617218,35.9375,0.0,32.59375,9.336507,61.999977,20.324707,0.0,64.54,5.65625,0.0,-65.12756,92.87109,27.74353,0.6958008,64.41,64.6,64.25,64.25,0
28122.592,-0.009026031,0.045107473,0.15892003,0.16006298,101.70127,16.54134,13.997468,-6.759753,65.42337,27.171766,91.559,0.0,4.8,26.076,48.676,0.0,96.29227,0.0,0.0,465.0,227.625,2960.0,0.0,-7.75,0.08782959,106.62364,8610.155,8295.467,1100.0834,584.27,23.844128,12.377752,0.0,0.035622835,3.0,32.414246,37.58807,29.624962,29.624962,1.196,0.0,-28.632812,0.019042969,0.0,0.0,0.0,0.0,0.0,0.9199219,0.9199219,59.931946,3.9062502,55.10703,55.376812,0.0,105.99992,9.082031,1.0,101.59885,81.03529,486.375,543.75,-3.8706274,34.96875,0.0,32.5,9.336507,61.999977,20.220947,0.0,64.53,5.71875,0.0,-65.39307,92.822266,27.4292,0.6958008,64.62,64.47,64.11,64.52,0
28122.635,-0.0072208247,0.05554299,0.15867239,0.16006295,101.70098,16.54134,13.98768,-6.7674656,65.55341,27.216578,91.597,0.0,4.8,26.076,48.676,0.0,96.28194,0.0,0.0,465.75,227.625,2959.0,0.0,-7.734375,0.08782959,106.55731,8597.95,8268.934,1100.0834,584.27,21.343143,12.314168,0.0,0.028498173,3.0,30.926514,37.58866,29.624962,29.624962,1.16,0.0,-28.609375,0.019042969,0.0,0.0,0.0,0.0,0.0,0.9169922,0.9199219,59.931946,3.9062502,55.053577,55.34614,0.0,105.99992,9.082031,1.0,101.53252,81.03529,486.375,543.75,-3.877752,34.875,0.0,32.5,9.336507,61.999977,20.019531,0.0,64.6,5.71875,0.0,-65.182495,92.822266,27.63977,0.6982422,64.49,64.55,64.47,64.37,0
28122.672,-0.00577666,0.0597172,0.1581498,0.15968147,101.69989,16.54134,13.998407,-6.767743,65.48272,27.17804,91.64,0.0,4.8,26.076,48.676,0.0,96.27367,0.0,0.0,465.75,227.625,2958.0,0.0,-7.4453125,0.08709717,106.515854,8444.056,8233.379,1100.0834,584.27,23.123507,12.208194,0.0,0.022798538,3.0,31.982422,37.664383,29.624962,29.624962,1.148,0.0,-28.570312,0.018432617,0.0,0.0,0.0,0.0,0.0,0.9121094,0.9199219,59.916687,3.9062502,55.050575,55.366123,0.0,105.99992,9.082031,1.0,101.53252,81.027,486.375,543.375,-3.8834517,34.625,0.0,32.34375,9.336507,61.999977,20.117188,0.0,64.54,5.53125,0.0,-65.20386,93.029785,27.825928,0.703125,64.58,64.62,64.47,64.21,0
28122.713,-0.0046213283,0.061386883,0.15849367,0.15968147,101.698906,16.54134,14.005917,-6.7688255,65.49016,27.199505,91.679,0.0,4.8,26.076,48.676,0.0,96.26706,0.0,0.0,465.75,227.625,2960.0,0.0,-7.8203125,0.08709717,106.490974,8320.408,8237.093,1100.0834,584.27,24.352802,12.186999,0.0,-0.13801122,3.0,32.640076,37.732533,29.624962,29.624962,1.152,0.0,-28.484375,0.018615723,0.0,0.0,0.0,0.0,0.0,0.9160156,0.9199219,59.87091,3.9062502,55.04213,55.323235,0.0,105.99992,9.082031,1.0,101.56568,81.027,486.375,543.75,-4.0442615,34.75,0.0,32.34375,9.336507,61.999977,20.056152,0.0,64.68,5.59375,0.0,-65.32593,92.96265,27.636719,0.703125,64.7,64.65,64.25,64.26,0
28122.752,-0.0036970626,0.043304756,0.15977368,0.17485695,101.69719,16.54134,13.999454,-6.7550125,51.354294,21.350185,91.719,0.0,4.8,26.076,48.676,0.0,96.261765,0.0,0.0,466.125,228.0,2963.0,0.0,-7.984375,0.0904541,106.61535,8217.458,8333.676,1100.0834,584.27,25.05223,12.420141,0.0,-0.11040902,3.0,32.913208,37.793865,29.624962,29.999962,1.14,0.0,-28.390625,0.034851074,0.0,0.0,0.0,0.0,0.0,0.9169922,0.9199219,59.87091,3.9062502,55.135624,58.408558,0.0,105.99992,10.3515625,1.0,101.56568,81.027,486.375,544.125,-4.0166593,34.53125,0.0,39.375,9.803332,61.999977,20.922852,0.0,64.68,10.46875,0.0,-65.34424,86.987305,21.643066,0.703125,64.67,64.65,64.41,64.26,0
28122.793,-0.0029576502,0.036071904,0.17296644,0.18117297,101.69565,16.54134,14.00079,-6.374845,51.366516,21.36968,91.759,0.0,4.8,26.076,48.676,0.0,96.25754,0.0,0.0,465.75,226.125,2965.0,0.0,-7.8125,0.09118652,106.69827,8398.948,8787.4,1100.0834,584.27,30.478094,13.204349,0.0,-0.08832717,3.0,36.602783,37.849064,28.124964,28.124964,1.156,0.0,-28.039062,0.042663574,0.0,0.0,0.0,0.0,0.0,0.92089844,0.9199219,60.05249,3.9062502,57.754536,59.506607,0.0,105.99992,10.644531,1.0,101.33351,81.027,486.375,543.75,-3.9945774,41.1875,0.0,41.25,10.736983,61.999977,21.78955,0.0,64.7,12.8125,0.0,-64.80713,84.11865,19.311523,0.7080078,64.75,64.7,64.31,64.37,0
28122.834,-0.02236612,0.014428762,0.18002771,0.18104579,101.69426,16.54134,13.984146,-6.113746,17.277231,7.2047048,91.798,0.0,4.8,26.076,48.676,0.0,96.25415,0.0,0.0,464.25,225.375,2972.0,0.0,-7.4765625,0.091552734,107.1709,8751.314,9256.515,1100.0834,584.27,34.335545,13.734218,0.0,-0.07066178,3.0,39.463806,37.898743,26.999966,27.374966,1.208,0.0,-28.609375,0.042785645,0.0,0.0,0.0,0.0,0.0,0.9296875,0.9199219,60.43396,3.9062502,59.55287,59.476444,0.0,105.99992,10.644531,1.0,101.33351,81.027,485.625,543.375,-3.976912,44.5,0.0,41.4375,10.736983,61.999977,21.697998,0.0,64.79,12.84375,0.0,-64.74609,84.09424,19.348145,0.6933594,64.67,64.75,64.41,64.44,0
28122.871,-0.037892893,0.0057715047,0.18041292,0.18583581,101.692184,16.54134,13.995934,-6.0243587,17.220657,7.1907783,91.84,0.0,4.8,26.076,48.676,0.0,96.251434,0.0,0.0,463.125,225.0,2976.0,0.0,-7.0078125,0.09283447,107.47769,9206.631,9154.095,1100.0834,584.5354,31.092743,13.501076,0.0,0.09972048,3.0,37.852478,37.943455,26.999966,26.999966,1.284,0.0,-29.046875,0.04748535,0.0,0.0,0.0,0.0,0.0,0.93359375,0.9199219,60.43396,3.9062502,60.166935,61.34692,0.0,105.99992,11.035156,1.0,101.53252,81.018715,486.375,543.0,-3.8065298,44.40625,0.0,43.59375,10.270158,61.999977,21.73462,0.0,64.72,14.25,0.0,-65.39612,82.42798,17.03186,0.68603516,64.75,64.7,64.52,64.34,0
28122.91,-0.050314315,0.021058602,0.18378764,0.18638688,101.690315,16.54134,14.004185,-5.8759375,51.328537,21.418697,91.877,0.0,4.8,26.076,48.676,0.0,96.24927,0.0,0.0,463.875,225.0,2974.0,0.0,-6.9453125,0.09283447,107.49428,9503.277,9433.759,1100.0834,584.5354,28.824902,13.903776,0.0,0.23602629,3.0,36.875916,37.983696,26.624966,26.999966,1.252,0.0,-29.210938,0.048706055,0.0,0.0,0.0,0.0,0.0,0.9316406,0.9199219,60.51178,3.9062502,61.188118,61.77199,0.0,105.99992,11.035156,1.0,101.46617,81.018715,486.375,543.0,-3.670224,45.625,0.0,43.6875,10.736983,61.999977,22.277832,0.0,64.69,14.625,0.0,-65.08789,81.97632,16.888428,0.703125,64.81,64.67,64.4,64.34,0
28122.951,-0.040251452,0.064673446,0.18599282,0.18613257,101.68945,16.54134,13.998241,-5.777559,76.30887,31.831944,91.916,0.0,4.8,26.076,48.676,0.0,96.24753,0.0,0.0,464.25,224.25,2973.0,0.0,-6.6171875,0.09222412,107.560616,9461.885,9664.602,1100.0834,584.5354,34.928997,13.988555,0.0,0.34507108,3.0,40.792847,38.019913,26.249966,26.249966,1.24,0.0,-29.15625,0.04864502,0.0,0.0,0.0,0.0,0.0,0.9296875,0.9199219,60.679626,3.9062502,61.865368,61.911568,0.0,105.99992,11.035156,1.0,101.46617,81.027,486.375,542.625,-3.5611792,46.90625,0.0,43.75,10.736983,61.999977,22.161865,0.0,64.75,14.59375,0.0,-65.1001,81.95801,16.85791,0.7080078,64.67,64.77,64.52,64.37,0
28122.99,-0.032201163,0.10086938,0.18782593,0.19155844,101.68869,16.54134,13.999941,-5.717393,85.43374,35.602386,91.959,0.0,4.8,26.076,48.676,0.0,96.24614,0.0,0.0,463.5,224.25,2970.0,0.0,-6.546875,0.09338379,107.72645,9755.346,9641.782,1100.0834,584.5354,30.584068,14.136919,0.0,0.43230677,3.0,38.31787,38.05251,26.249966,26.249966,1.276,0.0,-29.195312,0.05456543,0.0,0.0,0.0,0.0,0.0,0.9316406,0.9199219,60.65674,3.9062502,62.279324,63.111496,0.0,105.99992,11.425781,1.0,101.49106,81.027,486.375,542.625,-3.4739435,47.75,0.0,45.8125,10.736983,61.999977,22.174072,0.0,64.79,16.375,0.0,-65.10925,79.852295,14.743042,0.68603516,64.73,64.67,64.4,64.31,0
28123.035,-0.06576093,0.11534776,0.19006261,0.19100732,101.688,16.54134,13.989411,-5.68973,85.45386,35.598778,91.996,0.0,4.8,26.076,48.676,0.0,96.245026,0.0,0.0,463.875,223.875,2969.0,0.0,-6.625,0.0927124,107.75132,9828.048,9853.5205,1100.0834,584.5354,32.53399,14.285282,0.0,0.50209546,3.0,39.759827,38.081844,25.874968,25.874968,1.256,0.0,-29.109375,0.054260254,0.0,0.0,0.0,0.0,0.0,0.9345703,0.9199219,60.74829,3.9062502,62.469315,62.67572,0.0,105.99992,11.425781,1.0,101.53252,81.027,486.375,542.625,-3.4041548,48.6875,0.0,45.8125,10.736983,61.999977,22.424316,0.0,64.8,16.28125,0.0,-65.252686,79.91333,14.660645,0.71777344,64.77,64.81,64.34,64.65,0
28123.072,-0.07260875,0.1398891,0.19073586,0.19075301,101.686554,16.54134,13.9996195,-5.687021,93.594795,38.977036,92.041,0.0,4.8,26.076,48.676,0.0,96.24414,0.0,0.0,463.125,223.875,2968.0,0.0,-6.90625,0.09246826,107.809364,9899.689,9973.983,1100.0834,584.5354,33.65731,14.49723,0.0,0.7141764,3.0,40.53192,38.108246,25.874968,25.874968,1.264,0.0,-29.054688,0.0546875,0.0,0.0,0.0,0.0,0.0,0.93847656,0.9199219,60.77881,3.9062502,62.486538,62.47444,0.0,105.99992,11.425781,1.0,101.53252,81.018715,486.0,543.0,-3.1920738,49.09375,0.0,45.78125,10.736983,61.999977,22.381592,0.0,64.81,16.40625,0.0,-65.18555,79.73633,14.550781,0.7128906,64.77,64.82,64.7,64.52,0
28123.111,-0.078087,0.14970565,0.19036904,0.19232145,101.68525,16.54134,14.000905,-5.6717715,93.50872,38.941193,92.079,0.0,4.8,26.076,48.676,0.0,96.24344,0.0,0.0,463.125,223.875,2968.0,0.0,-6.671875,0.09246826,107.84253,10182.537,9904.465,1100.0834,584.5354,29.460745,14.560814,0.0,0.88384104,3.0,38.20343,38.132008,25.874968,25.874968,1.268,0.0,-28.984375,0.056518555,0.0,0.0,0.0,0.0,0.0,0.9394531,0.9199219,60.832214,3.9062502,62.590347,62.98324,0.0,105.99992,11.5234375,1.0,101.56568,81.018715,486.0,542.625,-3.0224092,48.9375,0.0,46.34375,10.736983,61.999977,22.41211,0.0,64.8,16.96875,0.0,-65.270996,79.05884,13.787842,0.7128906,64.85,64.77,64.6,64.34,0
28123.154,-0.0824696,0.17238227,0.19057272,0.19232145,101.68324,16.54134,13.995946,-5.6704116,100.86316,41.989758,92.118,0.0,4.8,26.076,48.676,0.0,96.242874,0.0,0.0,463.125,223.875,2967.0,0.0,-6.703125,0.09246826,107.82595,10196.865,9985.127,1100.0834,584.5354,29.84225,14.6879835,0.0,1.0195727,3.0,38.578796,38.153393,25.874968,25.874968,1.264,0.0,-28.9375,0.056884766,0.0,0.0,0.0,0.0,0.0,0.93847656,0.9199219,60.862732,3.9062502,62.597713,63.001625,0.0,105.99992,11.5234375,1.0,101.53252,81.01042,486.0,542.625,-2.8866775,49.03125,0.0,46.3125,10.736983,61.999977,22.381592,0.0,64.86,17.0625,0.0,-65.22217,78.92456,13.702393,0.72265625,64.88,64.85,64.49,64.49,0
28123.191,-0.06597568,0.18145292,0.19045515,0.19232145,101.681435,16.54134,13.998334,-5.658916,100.853584,41.98577,92.16,0.0,4.8,26.076,48.676,0.0,96.24242,0.0,0.0,463.5,223.875,2967.0,0.0,-6.3125,0.092163086,107.834236,10230.828,9914.548,1100.0834,584.5354,28.295033,14.582009,0.0,1.1281581,3.0,37.6709,38.172638,25.874968,25.874968,1.264,0.0,-28.835938,0.05706787,0.0,0.0,0.0,0.0,0.0,0.93359375,0.9199219,60.75592,3.9062502,62.675144,63.088234,0.0,105.99992,11.5234375,1.0,101.56568,81.01042,486.0,542.25,-2.7780921,48.96875,0.0,46.34375,10.736983,61.999977,22.44873,0.0,64.89,17.125,0.0,-65.36255,78.83301,13.470459,0.703125,64.7,64.85,64.47,64.62,0
28123.232,-0.052780546,0.18508117,0.19223395,0.19227906,101.67981,16.54134,13.982428,-5.6842628,100.7968,42.0187,92.198,0.0,4.8,26.076,48.676,0.0,96.24205,0.0,0.0,463.875,223.5,2971.0,0.0,-6.90625,0.09210205,107.81766,10022.805,10020.151,1100.0834,584.5354,31.410666,14.624398,0.0,1.3712764,3.0,39.520264,38.18996,25.499968,25.499968,1.244,0.0,-28.703125,0.057617188,0.0,0.0,0.0,0.0,0.0,0.9375,0.9199219,60.801697,3.9062502,62.498806,62.54274,0.0,105.99992,11.5234375,1.0,101.53252,81.01042,486.375,543.0,-2.5349739,49.6875,0.0,46.34375,10.736983,61.999977,22.381592,0.0,64.74,17.28125,0.0,-65.24048,78.62549,13.38501,0.68115234,65.0,64.92,64.4,64.73,0
28123.271,-0.042224437,0.18653247,0.19287992,0.20355465,101.67751,16.54134,13.99473,-5.6637025,100.87705,42.06631,92.239,0.0,4.8,26.076,48.676,0.0,96.24176,0.0,0.0,463.5,223.875,2972.0,0.0,-6.9140625,0.09423828,107.96691,10064.197,10300.347,1100.0834,584.5354,33.042664,15.005905,0.0,1.5657711,3.0,40.667725,38.20555,25.499968,25.874968,1.26,0.0,-28.664062,0.07019043,0.0,0.0,0.0,0.0,0.0,0.9423828,0.9199219,60.89325,3.9062502,62.63823,64.9394,0.0,105.99992,12.3046875,1.0,101.53252,81.00213,486.0,543.0,-2.3404791,49.6875,0.0,50.71875,11.203809,61.999977,23.034668,0.0,64.94,21.0625,0.0,-65.2771,74.16382,8.886719,0.7397461,64.96,64.9,64.65,64.58,0
28123.312,-0.03377955,0.16836299,0.2017118,0.20533502,101.675446,16.54134,13.997482,-5.3257856,93.56831,39.05791,92.279,0.0,4.8,26.076,48.676,0.0,96.24153,0.0,0.0,462.75,222.75,2975.0,0.0,-6.5078125,0.093933105,107.98349,10179.354,10769.461,1100.0834,584.5354,39.67663,15.620553,0.0,1.8776169,3.0,45.310974,38.21958,24.749968,24.749968,1.292,0.0,-29.117188,0.07324219,0.0,0.0,0.0,0.0,0.0,0.94433594,0.9199219,61.106873,3.9062502,64.965385,65.7301,0.0,105.99992,12.5,1.0,101.37497,81.00213,486.0,542.625,-2.0286334,53.40625,0.0,51.96875,11.670634,61.999977,23.596191,0.0,64.99,21.96875,0.0,-64.94141,73.010254,8.068848,0.71533203,64.92,64.98,64.85,64.55,0
28123.352,-0.04702364,0.1610952,0.20578624,0.20957397,101.67276,16.54134,13.99355,-5.110668,93.536156,39.14948,92.319,0.0,4.8,26.076,48.676,0.0,96.24135,0.0,0.0,462.375,222.375,2983.0,0.0,-6.5390625,0.095581055,108.34833,10719.577,11048.063,1100.0834,584.8007,41.09668,15.896086,0.0,2.1270936,3.0,47.172546,38.23221,24.37497,24.37497,1.316,0.0,-29.523438,0.078186035,0.0,0.0,0.0,0.0,0.0,0.9404297,0.9199219,61.288452,3.9062502,66.44548,67.28015,0.0,105.99992,12.792969,1.0,101.46617,80.993835,486.0,542.625,-1.7791567,55.4375,0.0,53.65625,12.13746,61.999977,23.68164,0.0,65.04,23.46875,0.0,-65.1001,71.36841,6.2683105,0.68359375,65.15,65.14,64.58,64.73,0
28123.393,-0.017618913,0.1394381,0.20990998,0.2192388,101.67034,16.54134,13.990798,-4.9596276,85.47997,35.86153,92.359,0.0,4.8,26.076,48.676,0.0,96.241196,0.0,0.0,462.0,222.0,2990.0,0.0,-6.2421875,0.09674072,108.55562,11365.937,11458.804,1100.0834,584.8007,37.11206,16.425955,0.0,2.326675,3.0,45.628357,38.243572,23.99997,23.99997,1.352,0.0,-29.53125,0.08996582,0.0,0.0,0.0,0.0,0.0,0.9326172,0.9199219,61.486816,3.9062502,67.48417,69.5162,0.0,105.99992,13.4765625,1.0,101.39984,80.993835,486.375,542.25,-1.5795754,57.03125,0.0,57.4375,12.13746,61.999977,24.194336,0.0,65.16,27.0,0.0,-65.03296,67.19971,2.166748,0.68847656,65.14,65.15,64.65,64.88,0
28123.434,0.025904868,0.14952524,0.21991391,0.22148547,101.66817,16.54134,13.977152,-4.680427,93.57471,39.283783,92.398,0.0,4.8,26.076,48.676,0.0,96.24107,0.0,0.0,462.375,221.25,2992.0,0.0,-5.7578125,0.09753418,108.72146,11810.64,11919.427,1100.0834,584.8007,37.514763,16.97702,0.0,2.33009,3.0,46.844482,38.2538,23.24997,23.24997,1.352,0.0,-29.492188,0.09301758,0.0,0.0,0.0,0.0,0.0,0.92089844,0.9199219,61.668396,3.9062502,69.406494,69.70794,0.0,105.99992,13.671875,1.0,101.242294,80.993835,486.75,541.875,-1.5761603,61.59375,0.0,58.59375,13.07111,61.999977,24.560547,0.0,65.17,27.90625,0.0,-64.749146,66.19263,1.4434814,0.68847656,65.19,65.19,64.81,64.77,0
28123.473,0.060723893,0.1723101,0.22368066,0.22229084,101.66704,16.54134,13.985178,-4.564968,100.77705,42.34983,92.44,0.0,4.8,26.076,48.676,0.0,96.24098,0.0,0.0,462.375,220.875,2995.0,0.0,-5.6875,0.09753418,109.04484,12298.857,12182.641,1100.0834,585.06604,36.83653,17.252552,0.0,2.1765718,3.0,47.44568,38.263004,22.874971,22.874971,1.352,0.0,-29.4375,0.0947876,0.0,0.0,0.0,0.0,0.0,0.9111328,0.9199219,61.65619,3.9062502,70.20121,69.86581,0.0,105.99992,13.671875,1.0,101.33351,81.00213,486.75,541.875,-1.7296783,63.625,0.0,58.78125,13.07111,61.999977,24.68872,0.0,65.27,28.4375,0.0,-64.87732,65.55176,0.6744385,0.7055664,65.15,65.3,64.65,64.82,0
28123.512,0.068579115,0.20017405,0.22428328,0.22182456,101.666016,16.54134,13.984937,-4.527366,107.54689,45.240013,92.479,0.0,4.8,26.076,48.676,0.0,96.240906,0.0,0.0,462.75,220.875,2998.0,0.0,-5.40625,0.09698486,109.21896,12694.739,12228.278,1100.0834,585.06604,32.00412,17.273746,0.0,2.0537577,3.0,45.072937,38.27129,22.874971,22.874971,1.376,0.0,-29.359375,0.0949707,0.0,0.0,0.0,0.0,0.0,0.9091797,0.9199219,61.679077,3.9062502,70.45937,69.904724,0.0,105.99992,13.671875,1.0,101.39984,81.00213,487.5,541.5,-1.8524927,63.96875,0.0,58.78125,13.07111,61.999977,24.6521,0.0,65.23,28.5,0.0,-64.85596,65.41138,0.5554199,0.6713867,65.15,65.21,64.98,64.85,0
28123.555,0.054863293,0.23006964,0.22493818,0.22737761,101.66593,16.54134,13.984768,-4.505032,113.77269,47.826992,92.519,0.0,4.8,26.076,48.676,0.0,96.240845,0.0,0.0,462.75,220.875,2996.0,0.0,-5.265625,0.09741211,109.31847,12756.828,12236.77,1100.0834,585.06604,29.269993,17.252552,0.0,1.7992561,3.0,43.618774,38.278748,22.874971,22.874971,1.368,0.0,-29.3125,0.10095215,0.0,0.0,0.0,0.0,0.0,0.9082031,0.9199219,61.680603,3.9062502,70.613235,71.16078,0.0,105.99992,14.0625,1.0,101.43301,81.01042,487.5,541.5,-2.1069942,64.1875,0.0,60.9375,13.07111,61.999977,24.829102,0.0,65.18,30.28125,0.0,-65.06348,63.293457,0.0,0.67626953,65.32,65.24,64.85,64.82,0
28123.592,0.063890636,0.27952784,0.22878397,0.24268024,101.665855,16.54134,14.025665,-4.404994,125.193985,52.6282,92.56,0.0,4.8,26.076,48.676,0.0,96.2408,0.0,0.0,463.125,220.5,2996.0,0.0,-5.9765625,0.09918213,109.409676,12651.755,12462.305,1100.0834,585.06604,30.202562,17.676447,0.0,1.595655,3.0,44.311523,38.285458,22.499971,22.499971,1.344,0.0,-29.25,0.11779785,0.0,0.0,0.0,0.0,0.0,0.9121094,0.9199219,61.688232,3.9062502,71.30271,74.30488,0.0,105.99992,15.136719,1.0,101.33351,81.01042,487.5,541.875,-2.3105953,65.1875,0.0,66.8125,13.537935,61.999977,25.6958,0.0,65.31,35.34375,0.0,-64.97803,57.458496,0.0,0.6591797,65.3,65.37,64.9,65.09,0
28123.635,0.07111251,0.29931113,0.24638294,0.2701063,101.66579,16.54134,14.0367155,-3.8592086,125.26481,52.67555,92.598,0.0,4.8,26.076,48.676,0.0,96.24075,0.0,0.0,463.125,219.375,2997.0,0.0,-5.8203125,0.103759766,109.67501,12801.935,12931.419,1100.0834,585.06604,35.204533,19.499199,0.0,1.3546491,3.0,47.91107,38.291496,21.374973,21.374973,1.356,0.0,-29.320312,0.14892578,0.0,0.0,0.0,0.0,0.0,0.92285156,0.9199219,61.66992,3.6718752,75.06468,80.115974,0.0,105.99992,17.480469,1.0,100.95209,81.01042,487.5,541.875,-2.3172262,72.25,0.0,79.90625,14.938412,61.999977,27.264404,0.0,65.32,44.6875,0.0,-64.30664,47.174072,0.0,0.68603516,65.24,65.3,65.06,65.14,0
28123.672,0.07689001,0.32597446,0.27343252,0.30991003,101.664894,16.54134,14.062029,-2.9260435,130.44081,55.035152,92.64,0.0,4.8,26.076,48.676,0.0,96.24072,0.0,0.0,462.0,217.875,3007.0,0.0,-5.171875,0.1116333,110.495895,13201.0,13400.533,1100.0834,585.06604,38.44733,21.618677,0.0,1.1852818,3.0,50.646973,38.221745,19.874975,19.874975,1.432,0.0,-29.601562,0.19396973,0.0,0.0,0.0,0.0,0.0,0.92578125,0.9199219,61.6333,3.5078127,81.495995,86.94854,0.0,105.99992,23.535156,1.0,100.305336,86.64881,487.875,541.125,-2.322531,82.46875,0.0,116.90625,17.739363,61.999977,29.32129,0.0,65.35,58.1875,0.0,-54.714966,44.68994,0.0,0.72509766,65.47,65.37,65.06,65.0,0
28123.713,0.081512004,0.33663982,0.323747,0.3713749,101.66409,16.54134,14.06217,-1.8571211,130.31665,55.348465,92.679,0.0,4.8,26.076,48.676,0.0,96.24069,0.0,0.0,460.5,215.625,3027.0,0.0,-4.6328125,0.12219238,111.830864,13746.531,13880.261,1100.0834,585.06604,41.393406,25.221788,0.0,1.066194,3.0,53.25775,38.15897,17.624977,17.624977,1.556,0.0,-29.625,0.26464844,0.0,0.0,0.0,0.0,0.0,0.9238281,0.9199219,61.57379,3.392969,88.86316,95.94696,0.0,105.99992,33.007812,1.0,99.31032,96.15116,488.625,540.75,-2.3267748,100.0625,0.0,177.875,22.407618,61.999977,32.51953,0.0,65.41,79.40625,0.0,-29.507446,41.04004,11.532593,0.68847656,65.53,65.66,65.09,64.98,0
28123.752,0.08520961,0.34090596,0.36235762,0.4660308,101.6642,16.54134,14.015394,-0.9996513,130.2536,55.72376,92.719,0.0,4.8,26.076,48.676,0.0,96.24068,0.0,0.0,457.5,214.5,3049.0,0.0,-3.8984375,0.15112305,115.18073,14254.385,14365.295,1100.0834,585.33136,44.678596,28.803707,0.0,1.1386583,3.0,55.937195,38.10247,16.499979,16.874979,1.772,0.0,-29.65625,0.34259033,0.0,0.0,0.0,0.0,0.0,0.9316406,0.9199219,61.491394,3.3125782,94.77371,112.50025,0.0,105.99992,41.601562,1.0,98.315315,112.76783,489.75,540.0,-2.17392,114.53125,0.0,232.09375,40.14698,61.999977,33.770752,0.0,65.58,102.78125,0.0,4.437256,39.318848,43.756104,0.9667969,65.62,65.6,65.11,65.15,0
28123.793,0.108167686,0.39886242,0.37607163,0.6014231,101.6643,16.54134,14.011948,-0.78408456,144.66156,62.19209,92.759,0.0,4.8,26.076,48.676,0.0,96.24066,0.0,0.0,452.625,214.5,3064.0,0.0,-3.1484375,0.36224365,139.30974,14954.872,14855.636,1100.0834,585.33136,42.855846,29.799862,0.0,1.2046688,3.0,55.99518,38.05162,16.124979,16.499979,2.036,0.0,-28.054688,0.22613525,0.0,0.0,0.0,0.0,0.0,0.9423828,0.9199219,61.46698,3.2563047,96.25969,137.83678,0.0,105.99992,54.589844,0.0,98.381645,138.36447,490.125,539.25,-2.051636,119.5625,0.0,309.59375,61.62095,61.999977,35.009766,0.0,65.78,67.84375,0.0,65.41138,80.92651,99.998474,2.3754883,66.0,65.89,65.11,65.51,0
28123.834,0.12653415,0.49704498,0.39007983,0.8689859,101.66438,16.54134,14.003675,-0.7056897,161.90912,69.58434,92.799,0.0,4.8,26.076,48.676,0.0,96.24065,0.0,0.0,451.875,214.125,3063.0,0.0,-2.5859375,0.5757446,185.12996,15511.547,15345.978,1100.0834,585.33136,41.85969,30.690042,0.0,1.4193544,3.0,56.36902,38.005856,16.124979,16.124979,2.088,0.0,-23.828125,0.0,0.0,0.0,0.0,0.0,0.0,0.9472656,0.9199219,61.44409,3.2169132,96.80014,188.61804,0.0,105.99992,67.67578,0.0,98.69673,189.6075,490.5,538.5,-1.7975588,125.0625,0.0,415.125,75.15888,61.999977,36.24878,0.0,65.89,0.0,0.0,68.91785,99.998474,99.998474,3.0200195,66.05,66.13,65.55,65.45,0
28123.871,0.121227324,0.630068,0.40585545,1.0004784,101.66363,16.54134,14.027182,-0.66088444,180.81422,77.557045,92.84,0.0,4.8,26.076,48.676,0.0,96.24063,0.0,0.0,452.25,213.75,3057.0,0.0,-2.890625,0.66400146,212.06985,15963.149,15836.318,1100.0834,585.33136,42.813457,32.258457,0.0,1.7512921,3.0,57.595825,37.96467,15.74998,15.74998,2.084,0.0,-17.875,0.0,0.0,0.0,0.0,0.0,0.0,0.9580078,0.9199219,61.419678,3.1893392,97.10822,215.86728,0.0,105.99992,77.83203,0.0,98.92061,216.98686,490.875,538.875,-1.438047,130.84375,0.0,437.875,79.36031,61.999977,37.530518,0.0,66.12,0.0,0.0,69.41528,99.998474,99.998474,3.383789,66.32,66.19,65.69,65.47,0
28123.912,0.116981864,0.77702725,0.4260928,1.2112818,101.66295,16.54134,14.037777,-0.5352869,197.86414,84.81478,92.879,0.0,4.8,26.076,48.676,0.0,96.24063,0.0,0.0,451.125,213.0,3055.0,0.0,-4.7265625,0.77368164,248.53699,16352.132,16326.659,1100.0834,585.33136,42.453144,31.156328,0.0,2.0195994,3.0,58.128357,37.9276,14.999981,14.999981,2.136,0.0,-14.234375,0.0,0.0,0.0,0.0,0.0,0.0,0.95996094,1.0,61.532593,3.1700373,97.973274,261.31592,0.0,105.99992,90.82031,0.0,99.72491,262.75735,490.5,540.75,-1.1504377,134.28125,0.0,438.09375,79.82713,61.999977,39.18457,0.0,66.35,0.0,0.0,68.600464,99.998474,99.998474,3.6254883,66.35,66.38,65.76,65.87,0
28123.951,0.09358549,0.8920609,0.45693463,1.2194206,101.66317,16.54134,14.033475,-0.38165286,207.40228,88.93242,92.917,0.0,4.8,26.076,48.676,0.0,96.24063,0.0,0.0,449.625,212.25,3056.0,0.0,-6.2265625,0.7863159,254.3578,16861.576,16817.0,1100.0834,585.33136,43.555275,33.530144,0.0,2.236176,3.0,59.457397,37.894238,14.624981,14.249982,2.216,0.0,-1.421875,0.0,0.0,0.0,0.0,0.0,0.0,0.9609375,1.0,61.4151,3.156526,99.03248,261.74484,0.0,105.99992,99.90234,0.0,100.761375,263.43726,490.5,542.25,-0.9203502,142.78125,0.0,438.1875,79.82713,61.999977,41.4917,0.0,66.39,0.0,0.0,67.092896,99.998474,99.998474,3.696289,66.51,66.51,66.05,66.02,0
28123.99,0.074868396,0.9755744,0.48404568,1.2404033,101.66337,16.54134,14.036323,-0.13975638,213.42773,91.75565,92.959,0.0,4.8,26.076,48.676,0.0,96.24063,0.0,0.0,452.25,210.75,3064.0,0.0,-7.3671875,0.77075195,251.54689,17350.857,17307.342,1100.0834,585.33136,45.611168,35.225727,0.0,2.410788,3.0,61.2854,37.864212,13.124983,12.749984,2.1,0.0,2.28125,0.0,0.0,0.0,0.0,0.0,0.0,0.98828125,1.0,61.647034,3.1470683,100.70004,253.25383,0.0,105.99992,99.90234,0.0,102.336815,255.46889,490.875,543.375,-0.73628014,151.84375,0.0,438.28125,79.82713,61.999977,46.307373,0.0,66.53,0.0,0.0,66.42761,99.998474,99.998474,3.7011719,66.86,66.72,66.11,66.29,0
28124.035,0.07989472,1.0464797,0.5094781,1.2573168,101.66355,16.54134,14.020739,0.22035164,219.22844,94.71087,92.996,0.0,4.8,26.076,48.676,0.0,96.24063,0.0,0.0,449.25,209.625,3079.0,0.0,-6.6875,0.76086426,250.31142,17890.02,17797.684,1100.0834,585.33136,45.8867,37.11206,0.0,2.5514238,3.0,61.65924,37.83719,12.374984,11.624985,2.252,0.0,3.25,0.0,0.0,0.0,0.0,0.0,0.0,1.0185547,1.0,61.943054,3.1404479,103.18241,250.7143,0.0,105.99992,99.90234,0.0,104.782875,251.80394,490.875,542.625,-0.5890241,160.8125,0.0,438.09375,79.82713,61.999977,51.483154,0.0,66.84,0.0,0.0,65.80505,99.998474,99.998474,3.7011719,66.91,66.95,66.4,66.19,0
28124.072,0.06391578,1.1123419,0.5263883,1.2510854,101.66288,16.54134,14.033267,0.665241,224.9457,97.49646,93.042,0.0,4.8,26.076,48.676,0.0,96.24063,0.0,0.0,448.5,210.0,3089.0,0.0,-6.1328125,0.7536621,250.21191,18334.723,18280.064,1100.0834,585.33136,46.86166,38.29897,0.0,2.6645942,3.0,61.98883,37.81287,12.749984,11.999985,2.364,0.0,3.7421875,0.0,0.0,0.0,0.0,0.0,0.0,1.0009766,1.0,62.104797,3.1358135,106.248314,248.50063,0.0,105.99992,99.90234,0.0,107.80936,251.45569,492.375,542.25,-0.4712193,167.96875,0.0,438.1875,79.82713,61.999977,56.536865,0.0,66.98,0.0,0.0,65.3595,99.998474,99.998474,3.7011719,67.19,67.14,66.48,66.38,0
28124.11,0.051132627,1.1761868,0.54293996,1.2435402,101.66228,16.54134,14.042037,1.1586093,230.47581,100.119705,93.079,0.0,4.8,26.076,48.676,0.0,96.24063,0.0,0.0,448.5,210.0,3096.0,0.0,-5.734375,0.7449341,249.08424,18608.02,18479.596,1100.0834,585.33136,47.285557,39.613045,0.0,2.5993438,3.0,61.819458,37.79098,13.124983,11.999985,2.412,0.0,3.9453125,0.0,0.0,0.0,0.0,0.0,0.0,0.9873047,1.0,62.239075,3.1325693,109.648445,247.23958,0.0,105.99992,99.90234,0.0,111.18411,249.20033,493.5,541.875,-0.5332254,175.96875,0.0,438.1875,79.82713,61.999977,61.749268,0.0,67.31,0.0,0.0,65.05127,99.998474,99.998474,3.7011719,67.33,67.41,66.46,66.8,0
28124.152,0.0409061,1.2579747,0.57010955,1.2433282,101.66091,16.54134,14.036457,1.9194844,238.71674,104.001045,93.116,0.0,4.8,26.076,48.676,0.0,96.24063,0.0,0.0,448.875,210.375,3105.0,0.0,-5.8046875,0.7402344,249.0262,18662.148,18692.396,1100.0834,585.33136,50.570747,40.969513,0.0,2.5474682,3.0,63.32245,37.771282,13.499983,12.374984,2.428,0.0,3.8671875,0.0,0.0,0.0,0.0,0.0,0.0,0.9892578,1.0,62.41455,3.1302984,114.89171,246.9049,0.0,105.99992,99.90234,0.0,116.043076,249.40762,494.25,541.875,-0.5828303,185.90625,0.0,438.1875,79.82713,61.999977,68.87207,0.0,67.51,0.0,0.0,64.67285,99.998474,99.998474,3.7011719,67.52,67.61,66.99,67.03,0
28124.191,0.032724883,1.34694,0.59416467,1.2431161,101.65968,16.54134,14.03841,2.613271,246.4311,107.84602,93.159,0.0,4.8,26.076,48.676,0.0,96.24063,0.0,0.0,448.125,210.375,3119.0,0.0,-6.3984375,0.73986816,250.19534,18752.893,18924.83,1100.0834,585.33136,53.43204,42.60151,0.0,2.5061946,3.0,64.77966,37.75355,13.874982,12.374984,2.512,0.0,3.8125,0.0,0.0,0.0,0.0,0.0,0.0,0.99121094,1.0,62.61902,3.1287088,119.672676,246.80042,0.0,105.99992,99.90234,0.0,120.67817,249.41591,495.375,542.625,-0.62251425,195.90625,0.0,438.28125,79.82713,61.999977,75.0061,0.0,67.65,0.0,0.0,63.47046,99.998474,99.998474,3.6987305,67.97,67.83,67.19,67.07,0
28124.234,0.026179908,1.4200261,0.6160621,1.242862,101.65858,16.54134,14.028059,3.1981857,251.49107,110.695595,93.197,0.0,4.8,26.076,48.676,0.0,96.24063,0.0,0.0,446.625,210.375,3137.0,0.0,-6.2109375,0.741272,251.4391,18981.611,19158.326,1100.0834,585.33136,55.445545,44.21231,0.0,2.4733348,3.0,65.28778,37.737595,13.499983,12.374984,2.692,0.0,3.375,0.0,0.0,0.0,0.0,0.0,0.0,0.98828125,1.0,62.843323,3.1275961,123.70332,245.80516,0.0,105.99992,99.90234,0.0,124.79917,249.30812,497.25,542.25,-0.6542614,205.21875,0.0,438.1875,79.82713,61.999977,80.267334,0.0,68.01,0.0,0.0,63.446045,99.998474,99.998474,3.7011719,68.11,68.17,67.35,67.41,0
28124.271,0.040943928,1.4867605,0.6416865,1.2462107,101.656746,16.54134,14.0442505,3.8695166,256.5275,113.34433,93.24,0.0,4.8,26.076,48.676,0.0,96.24063,0.0,0.0,445.5,209.625,3149.0,0.0,-6.09375,0.7425537,252.65799,19196.535,19413.58,1100.0834,585.33136,59.302998,45.92909,0.0,2.290908,3.0,67.21039,37.648045,12.374984,11.624985,2.804,0.0,3.515625,0.0,0.0,0.0,0.0,0.0,0.0,0.98828125,1.0,63.067627,3.1268172,128.3289,245.66014,0.0,105.99992,99.90234,0.0,129.73277,249.37445,498.75,542.25,-0.8359091,215.28125,0.0,438.78125,79.82713,61.999977,86.18164,0.0,68.25,0.0,0.0,62.521362,99.998474,99.998474,3.7011719,68.34,68.42,67.75,67.73,0
28124.312,0.032755144,1.5697043,0.6664751,1.250153,101.6551,16.54134,14.043866,4.610039,263.73383,116.78742,93.278,0.0,4.8,26.076,48.676,0.0,96.24063,0.0,0.0,444.0,208.5,3156.0,0.0,-5.71875,0.7449951,254.28317,19474.607,19678.385,1100.0834,585.33136,61.35889,48.090958,0.0,2.1450448,3.0,67.8833,37.56745,11.624985,10.499987,2.896,0.0,4.25,0.0,0.0,0.0,0.0,0.0,0.0,0.9873047,1.0,63.354492,3.126272,133.4316,246.99675,0.0,105.99992,99.90234,0.0,134.80731,249.88853,499.125,541.875,-0.9812273,224.65625,0.0,438.6875,79.82713,61.999977,91.40625,0.0,68.51,0.0,0.0,61.972046,99.998474,99.998474,3.6987305,68.84,68.71,67.88,67.83,0
28124.352,0.046204112,1.6778817,0.7059004,1.2641416,101.65279,16.54134,14.031878,5.654045,273.0629,121.6082,93.317,0.0,4.8,26.076,48.676,0.0,96.24063,0.0,0.0,442.5,207.0,3174.0,0.0,-5.53125,0.7513428,257.52524,19633.809,20000.502,1100.0834,585.33136,66.82714,50.549553,0.0,2.0284085,3.0,70.18585,37.49492,10.124987,8.999989,2.996,0.0,4.3046875,0.0,0.0,0.0,0.0,0.0,0.0,0.9863281,1.0,63.664246,3.1258903,140.6255,249.01132,0.0,105.99992,99.90234,0.0,141.54022,253.13062,499.875,541.5,-1.0974818,235.71875,0.0,438.59375,79.82713,61.999977,96.97876,0.0,68.85,0.0,0.0,61.190796,99.998474,99.998474,3.7011719,69.06,69.1,68.14,68.17,0
28124.393,0.05696329,1.7774028,0.7328741,1.2845732,101.6507,16.54134,14.023487,6.410518,279.78403,125.308075,93.359,0.0,4.8,26.076,48.676,0.0,96.24063,0.0,0.0,441.375,205.5,3192.0,0.0,-5.546875,0.7601929,261.93646,19914.533,20000.502,1100.0834,585.33136,66.996704,52.66903,0.0,1.9351377,3.0,70.25299,37.429638,8.2499895,7.4999905,3.104,0.0,4.265625,0.0,0.0,0.0,0.0,0.0,0.0,0.9873047,0.9980469,63.954163,3.1256232,145.8377,252.22614,0.0,105.99992,99.90234,0.0,146.85524,256.9614,501.0,541.5,-1.1904855,245.3125,0.0,438.28125,79.82713,61.999977,103.35693,0.0,69.15,0.0,0.0,61.306763,99.998474,99.998474,3.7011719,69.47,69.4,68.4,68.3,0
28124.432,0.045570634,1.8734611,0.7666185,1.3098375,101.648834,16.54134,14.011753,7.341387,286.41144,128.83893,93.398,0.0,4.8,26.076,48.676,0.0,96.24063,0.0,0.0,439.875,203.625,3206.0,0.0,-5.4921875,0.77697754,268.56985,20044.018,20000.502,1100.0834,585.33136,68.14122,55.784664,0.0,1.8605479,3.0,70.391846,37.370884,5.9999924,5.624993,3.2,0.0,4.546875,0.0,0.0,0.0,0.0,0.0,0.0,0.98828125,0.9951172,64.3219,3.1254363,152.25221,256.9836,0.0,105.99992,99.90234,0.0,153.48865,262.094,501.75,541.5,-1.2648884,253.21875,0.0,438.5,79.82713,61.999977,108.880615,0.0,69.52,0.0,0.0,59.18274,99.998474,99.998474,3.7011719,69.85,69.68,68.57,68.69,0
28124.473,0.056456506,1.9868846,0.79716986,1.3405699,101.64798,16.54134,14.026977,8.199895,295.11624,133.21017,93.439,0.0,4.8,26.076,48.676,0.0,96.24063,0.0,0.0,438.0,201.375,3217.0,0.0,-5.0078125,0.788208,274.47357,20169.256,20000.502,1100.0834,585.33136,68.840645,58.328037,0.0,1.8008946,3.0,70.75653,37.318005,4.1249948,3.3749957,3.316,0.0,5.1171875,0.0,0.0,0.0,0.0,0.0,0.0,0.99121094,0.99316406,64.78882,3.1253054,158.16896,262.86932,0.0,105.99992,99.90234,0.0,159.40063,268.59473,502.125,541.125,-1.3244108,259.78125,0.0,438.6875,79.82713,61.999977,113.33618,0.0,69.86,0.0,0.0,60.003662,99.998474,99.998474,3.6914062,70.04,69.93,69.1,69.07,0
28124.512,0.0851652,2.1072538,0.8556255,1.3690557,101.64721,16.54134,14.025915,9.802703,303.40466,137.29199,93.479,0.0,4.8,26.076,48.676,2.0,96.24063,0.0,0.0,436.125,199.875,3225.0,0.0,-4.921875,0.79888916,279.68082,20065.244,20000.502,1100.0834,585.33136,73.5035,61.867565,0.0,1.7531852,3.0,73.19641,37.270416,2.2499971,1.8749976,3.432,0.0,5.4765625,0.0,0.0,0.0,0.0,0.0,0.0,0.9941406,0.9902344,65.16571,3.1252139,169.21617,267.90717,0.0,105.99992,99.90234,0.0,169.25125,273.51175,502.875,541.125,-1.3720287,271.65625,0.0,438.78125,79.82713,61.999977,120.28198,0.0,70.09,0.0,0.0,56.71997,99.998474,99.998474,3.6914062,70.37,70.35,69.2,69.42,0
28124.553,0.08813216,2.2116516,0.89028114,1.3905472,101.64735,16.54134,14.001734,10.779263,309.51898,141.01419,93.519,0.0,4.8,26.076,48.676,2.0,96.24063,0.0,0.0,448.125,198.375,3247.0,0.0,-4.875,0.81134033,285.86646,19963.355,20000.502,1100.0834,585.33136,77.12781,64.64408,0.0,1.7150267,3.0,74.60327,37.152397,0.74999905,0.37499952,2.828,0.0,5.296875,0.0,0.0,0.0,0.0,0.0,0.0,0.99609375,0.9863281,65.600586,3.1251497,175.94763,272.07376,0.0,105.99992,99.90234,0.0,176.58945,276.41385,503.25,540.75,-1.410123,283.78125,0.0,438.6875,79.82713,61.999977,125.07324,0.0,70.45,0.0,0.0,56.5094,99.998474,99.998474,3.6914062,70.67,70.79,69.76,69.59,0
28124.59,0.07050573,2.2909107,0.93428254,1.4168711,101.64748,16.54134,14.002385,11.887205,313.55515,143.73294,93.558,0.0,4.8,26.076,48.676,2.0,96.24063,0.0,0.0,443.625,197.25,3267.0,0.0,-4.859375,0.81555176,289.8465,19888.0,20000.502,1100.0834,585.33136,81.451546,68.67109,0.0,1.6845063,3.0,76.72119,37.04618,0.0,-0.74999905,3.044,0.0,4.921875,0.0,0.0,0.0,0.0,0.0,0.0,0.9902344,0.9814453,66.534424,3.1251047,183.58469,275.43802,0.0,105.99992,99.90234,0.0,184.74854,276.63773,503.625,540.75,-1.4405984,291.875,0.0,439.28125,79.82713,61.999977,130.60303,0.0,70.84,0.0,0.0,54.888916,99.998474,99.998474,3.6914062,71.37,71.13,69.97,70.06,0
28124.635,0.09640458,2.3413644,0.9908152,1.4604474,101.64759,16.54134,13.985263,13.358721,315.56778,145.7182,93.596,0.0,4.8,26.076,48.676,2.0,96.24063,0.0,0.0,439.5,196.125,3291.0,0.0,-4.84375,0.82598877,295.1615,19763.293,20000.502,1100.0834,585.33136,88.42462,72.33778,0.0,1.6600945,3.0,80.35126,36.950584,-1.4999981,-1.8749976,3.236,0.0,4.34375,0.0,0.0,0.0,0.0,0.0,0.0,0.98535156,0.9785156,67.70172,3.1250732,193.7278,282.77008,0.0,105.99992,99.90234,0.0,194.28406,276.9943,503.625,540.75,-1.4649787,306.96875,0.0,439.09375,79.82713,61.999977,136.19995,0.0,71.39,0.0,0.0,55.36194,99.998474,99.998474,3.6865234,71.6,71.66,70.35,70.55,0
28124.672,0.11712366,2.399046,1.034544,1.5259818,101.64686,16.54134,13.996716,14.585486,319.56735,148.37216,93.64,0.0,4.8,26.076,48.676,2.0,96.24063,0.0,0.0,434.625,193.875,3309.0,0.0,-4.8125,0.8359375,301.33887,19907.104,20000.502,1100.0834,585.33136,91.87937,77.36095,0.0,1.6405683,3.0,81.629944,36.864548,-2.6249967,-4.1249948,3.476,0.0,5.03125,0.060791016,0.0,0.0,0.0,0.0,0.0,0.9765625,0.97265625,68.878174,3.1250513,202.18303,295.15024,0.0,105.99992,99.90234,0.0,203.26404,277.4918,503.625,540.75,-1.484483,312.25,0.0,439.0,79.82713,61.999977,141.07666,0.0,71.74,18.25,0.0,54.72412,98.931885,99.998474,3.6914062,71.96,71.98,70.91,70.79,0
28124.713,0.09369893,2.4596183,1.1023839,1.5538741,101.6462,16.54134,13.993013,16.408598,323.46915,151.00069,93.677,0.0,4.8,26.076,48.676,2.0,96.24063,0.0,0.0,430.125,193.125,3327.0,0.0,-4.359375,0.8417969,305.46817,19937.354,20000.502,1100.0834,585.33136,97.0509,82.25694,0.0,1.6249493,3.0,84.30939,36.787117,-3.7499952,-4.874994,3.676,0.0,5.59375,0.15777588,0.0,0.0,0.0,0.0,0.0,0.96972656,0.96972656,70.03021,3.1250358,214.74889,299.99182,0.0,105.99992,99.90234,0.0,215.01343,277.8732,503.625,540.375,-1.5000864,327.28125,0.0,439.6875,79.82713,61.999977,146.41724,0.0,72.17,47.34375,0.0,54.119873,97.161865,99.998474,3.6865234,72.51,72.47,71.13,71.37,0
28124.752,0.07495915,2.5588474,1.1543766,1.5895236,101.64645,16.54134,13.978703,17.84552,331.16913,155.43156,93.719,0.0,4.8,26.076,48.676,2.0,96.24063,0.0,0.0,423.75,192.375,3345.0,0.0,-4.1796875,0.84924316,310.2359,20039.773,20000.502,1100.0834,585.33136,101.43822,87.74639,0.0,1.4562058,3.0,86.439514,36.71743,-5.2499933,-5.624993,4.036,0.0,5.7265625,0.27703857,0.0,0.0,0.0,0.0,0.0,0.9609375,0.953125,71.53168,3.125025,224.65367,306.96375,0.0,105.99992,99.90234,0.0,224.9138,278.4868,505.125,540.375,-1.6688192,343.125,0.0,439.28125,79.82713,61.999977,152.91748,0.0,72.66,83.125,0.0,51.815796,93.24951,99.998474,3.6865234,72.85,72.98,71.87,71.68,0
28124.79,0.05996732,2.654789,1.2092522,1.5996972,101.64666,16.54134,13.986263,19.229588,336.8001,159.01956,93.759,0.0,4.8,26.076,48.676,2.0,96.24063,0.0,0.0,419.625,190.875,3365.0,0.0,-4.0625,0.86151123,317.53265,20445.205,20000.502,1100.0834,585.33136,100.78118,92.494026,0.0,1.321212,3.0,85.56213,36.65471,-6.374992,-7.124991,4.276,0.0,5.7109375,0.44256592,0.0,0.0,0.0,0.0,0.0,0.95703125,0.9394531,72.90344,3.1250174,234.1941,307.5085,0.0,105.99992,99.90234,0.0,235.27849,279.03406,506.25,540.0,-1.8038054,346.8125,0.0,439.375,79.82713,61.999977,158.28247,0.0,73.04,132.78125,0.0,50.787354,84.79004,99.998474,3.6816406,73.31,73.4,72.26,72.11,0
28124.836,0.027973857,2.7494159,1.2846481,1.5998667,101.64686,16.54134,13.968119,21.24734,342.2877,162.95526,93.796,0.0,4.8,26.076,48.676,2.0,96.24063,0.0,0.0,415.125,190.125,3393.0,0.0,-3.9921875,0.8722534,323.32858,20207.996,20000.502,1100.0834,585.33136,105.91032,97.17807,0.0,1.2132179,3.0,87.67395,36.598263,-7.124991,-7.87499,4.476,0.0,6.0703125,0.548645,0.0,0.0,0.0,0.0,0.0,0.9472656,0.9248047,74.3927,3.1250122,248.10245,307.14737,0.0,105.99992,99.90234,0.0,248.54529,279.81348,506.625,540.0,-1.9117943,366.15625,0.0,439.0,79.82713,61.999977,163.82446,0.0,73.58,164.59375,0.0,45.413208,77.12402,99.998474,3.6816406,73.69,73.88,72.53,72.57,0
28124.871,-0.017620914,2.8435163,1.3596618,1.599994,101.64786,16.54134,13.972996,23.352648,347.7176,166.76003,93.841,0.0,4.8,26.076,48.676,2.0,96.24063,0.0,0.0,406.5,189.375,3418.0,0.0,-3.9296875,0.89056396,331.99347,20169.256,20000.502,1100.0834,585.33136,111.90844,103.60009,0.0,1.1268231,3.0,90.753174,36.54746,-7.87499,-8.624989,4.888,0.0,6.9765625,0.670105,0.0,0.0,0.0,0.0,0.0,0.9375,0.9140625,76.034546,3.1250086,262.6151,307.67416,0.0,105.99992,99.90234,0.0,262.65784,280.25293,507.0,540.0,-1.9981855,376.25,0.0,439.5,79.82713,61.999977,168.51196,0.0,73.99,201.03125,0.0,40.927124,70.67261,99.998474,3.6767578,74.49,74.39,73.1,72.98,0
28124.912,-0.014096731,2.9374065,1.4158012,1.6002059,101.64876,16.54134,13.976409,24.822489,353.0699,170.36725,93.879,0.0,4.8,26.076,48.676,2.0,96.24063,0.0,0.0,398.625,188.625,3439.0,0.0,-3.9453125,0.9165039,342.8225,19941.598,20000.502,1100.0834,585.33136,119.326614,108.62325,0.0,1.0577075,3.0,94.43054,36.501736,-8.999989,-9.374988,5.232,0.0,7.2265625,0.75531006,0.0,0.0,0.0,0.0,0.0,0.9121094,0.90722656,77.56195,3.125006,272.74747,307.25644,0.0,105.99992,99.90234,0.0,273.7439,280.4768,507.0,540.0,-2.0672984,387.0625,0.0,439.5,79.82713,61.999977,176.59302,0.0,74.59,226.59375,0.0,17.22107,69.14673,86.34491,3.6767578,74.99,75.07,73.46,73.4,0
28124.953,-0.011277385,3.0499628,1.4853067,1.6005026,101.6504,16.54134,13.978799,26.555197,359.97452,175.8203,93.919,0.0,4.8,26.076,48.676,2.0,96.24063,0.0,0.0,389.625,188.25,3481.0,0.0,-3.96875,0.93621826,351.41275,19979.807,20000.502,1100.0834,585.33136,122.95092,112.58668,0.0,0.8461654,3.0,95.71228,36.3854,-8.999989,-9.749988,5.64,0.0,7.453125,0.7919922,0.0,0.0,0.0,0.0,0.0,0.890625,0.9033203,79.39606,3.125004,284.69247,306.2111,0.0,105.99992,99.90234,0.0,285.7421,280.62607,507.0,540.0,-2.2788386,394.84375,0.0,439.5,79.82713,61.999977,181.79321,0.0,75.11,237.59375,0.02746582,-0.07324219,69.01245,68.89496,3.2324219,75.4,75.4,74.03,73.9,0
28124.992,-0.009021908,3.151235,1.5294077,1.600757,101.65188,16.54134,13.99219,27.529629,365.0022,180.22208,93.96,0.0,4.8,26.076,48.676,0.0,96.24063,0.0,0.0,382.875,188.25,3519.0,0.0,-3.9765625,0.9661865,363.90842,20180.932,20000.502,1100.0834,585.33136,123.29004,115.384384,0.0,0.5206821,3.0,95.310974,36.280693,-8.999989,-9.749988,5.932,0.0,7.4296875,0.79125977,0.0,0.0,0.0,0.0,0.0,0.8955078,0.9003906,80.407715,3.1250029,291.4106,304.7621,0.0,105.99992,99.90234,0.0,292.69888,280.7173,507.375,540.0,-2.6043208,409.625,0.0,439.875,79.82713,61.999977,185.44922,0.0,75.63,237.375,-0.5584717,-14.718628,69.92798,54.548645,2.6904297,76.46,76.07,74.49,74.22,0
28125.035,-0.0072175264,3.2667441,1.5345283,1.6008841,101.653206,16.54134,13.983986,27.729538,371.85464,184.59685,93.997,0.0,4.8,26.076,48.676,0.0,96.24063,0.0,0.0,348.75,187.875,3538.0,0.0,-3.875,0.98101807,369.48877,20074.266,20000.502,1100.0834,585.33136,128.3344,119.3902,0.0,0.41654515,3.0,97.28546,36.18646,-8.999989,-10.124987,7.42,0.0,8.3671875,0.788208,0.0,0.0,0.0,0.0,0.0,0.9082031,0.89746094,80.407715,3.125002,292.7899,305.0868,0.0,105.99992,99.90234,0.0,294.11676,280.5846,507.375,540.0,-2.7084568,403.8125,0.0,440.0,79.82713,61.999977,185.89478,0.0,76.47,236.46875,-1.1505127,-14.303589,70.50171,54.93927,2.302246,77.0,77.07,74.83,75.04,0
28125.072,-0.005774021,3.4441977,1.5035354,1.6009688,101.65357,16.54134,13.989962,26.904701,383.42456,191.09358,94.041,0.0,4.8,26.076,48.676,0.0,96.24063,0.0,0.0,348.375,187.875,3552.0,0.0,-3.7421875,0.98254395,370.0609,20112.475,20000.502,1100.0834,585.33136,125.60027,117.27072,0.0,0.48948574,3.0,95.34302,36.101646,-8.624989,-10.124987,7.448,0.0,8.6640625,0.7949829,0.0,0.0,0.0,0.0,0.0,0.92578125,0.8955078,80.407715,3.1250012,287.10474,305.14645,0.0,105.99992,99.90234,0.0,288.0389,280.52658,507.75,539.625,-2.6355155,403.625,128.0,440.0,79.82713,61.999977,182.86133,0.0,77.16,238.5,-1.3702393,-9.49707,70.25757,59.28192,2.2338867,77.45,77.54,75.48,75.42,0
28125.111,-0.004619217,3.6464293,1.483464,1.601096,101.6539,16.54134,13.988285,26.240175,394.50308,197.94345,94.079,0.0,4.8,26.076,48.676,0.0,96.24063,0.0,0.0,349.5,187.875,3576.0,0.0,-3.5390625,0.9777832,368.27817,20116.72,20000.502,1100.0834,585.33136,125.30354,117.20714,0.0,0.7040882,3.0,95.19348,36.02532,-8.624989,-10.124987,7.384,0.0,8.859375,0.82507324,0.0,0.0,0.0,0.0,0.0,0.9267578,0.8955078,80.407715,3.1250007,282.52457,304.2542,0.0,105.99992,99.90234,0.0,283.45355,280.3939,507.75,539.625,-2.4209125,395.15625,128.0,440.09375,79.82713,61.999977,180.7373,0.0,77.78,247.53125,-1.5197754,-5.239868,68.85986,61.96747,2.241211,78.02,77.96,75.82,76.19,0
28125.152,-0.0036953737,3.7835717,1.4662073,1.6012232,101.65337,16.54134,13.975393,25.804913,399.40552,201.412,94.119,0.0,4.8,26.076,48.676,0.0,96.24063,0.0,0.0,349.875,187.875,3594.0,0.0,-3.375,0.9738159,366.76907,20125.21,20000.502,1100.0834,585.33136,124.51934,116.67727,0.0,1.0320206,3.0,94.23828,35.956623,-8.624989,-10.124987,7.32,0.0,9.1484375,0.84069824,0.0,0.0,0.0,0.0,0.0,0.921875,0.8925781,80.407715,3.1250005,279.52383,304.5478,0.0,105.99992,99.90234,0.0,280.67584,280.23636,507.75,539.625,-2.09298,389.4375,128.0,440.0,79.82713,61.999977,179.42505,0.0,78.15,252.21875,-1.5319824,0.74157715,68.15796,67.21039,2.3095703,78.61,78.49,76.64,76.58,0
28125.19,0.0370437,3.8571787,1.4458672,1.6012657,101.6529,16.54134,13.978087,25.208742,401.12973,202.9006,94.159,0.0,4.8,26.076,48.676,0.0,96.24063,0.0,0.0,349.875,187.875,3605.0,0.0,-3.3671875,0.97106934,365.7409,20048.264,20000.502,1100.0834,585.33136,122.972115,114.26106,0.0,1.2943662,3.0,93.46161,35.894794,-8.624989,-10.124987,7.276,0.0,9.15625,0.85339355,0.0,0.0,0.0,0.0,0.0,0.91503906,0.8925781,80.407715,3.1250002,275.414,304.20947,0.0,105.99992,99.90234,0.0,276.21487,280.23636,507.75,539.25,-1.830634,383.6875,128.0,440.0,79.82713,61.999977,177.72217,0.0,78.7,256.03125,-1.3183594,3.805542,67.62695,69.94476,2.4267578,78.91,78.97,77.09,77.13,0
28125.232,0.06963496,3.8678715,1.4412957,1.6014775,101.65247,16.54134,13.956536,24.862745,399.7178,204.09332,94.196,0.0,4.8,26.076,48.676,0.0,96.24063,0.0,0.0,351.0,188.25,3639.0,0.0,-3.359375,0.9719238,366.07257,19915.064,20000.502,1100.0834,585.33136,124.286194,114.09151,0.0,1.504243,3.0,93.992615,35.83915,-8.2499895,-9.749988,7.2,0.0,9.203125,0.88342285,0.0,0.0,0.0,0.0,0.0,0.91015625,0.890625,80.407715,3.1250002,273.02866,302.37387,0.0,105.99992,99.90234,0.0,273.8849,280.1037,507.75,539.25,-1.6207572,385.65625,128.0,440.0,79.82713,61.999977,177.02026,0.0,79.01,265.03125,-0.98876953,6.9885254,66.43677,71.99249,2.5317383,79.36,79.31,77.69,77.69,0
28125.271,0.07570797,3.8533988,1.4386306,1.6016047,101.65291,16.54134,13.959028,24.742214,398.2452,204.57076,94.239,0.0,4.8,26.076,48.676,0.0,96.24063,0.0,0.0,350.25,188.625,3661.0,0.0,-3.75,0.9785156,368.54352,20005.809,20000.502,1100.0834,585.33136,123.12048,113.92194,0.0,1.6721444,3.0,92.855835,35.713882,-8.2499895,-9.374988,7.156,0.0,9.53125,0.8857422,0.0,0.0,0.0,0.0,0.0,0.90234375,0.8876953,80.407715,3.1250002,272.1983,302.04907,0.0,105.99992,99.90234,0.0,272.91476,279.99588,508.125,539.625,-1.4528558,388.34375,128.0,439.875,79.82713,61.999977,176.79443,0.0,79.56,265.71875,-0.6713867,8.795166,66.3147,73.890686,2.631836,79.9,79.92,78.09,78.05,0
28125.312,0.060566377,3.7913594,1.4485878,1.601732,101.653305,16.54134,13.9607725,24.88399,393.8273,203.18549,94.279,0.0,4.8,26.076,48.676,0.0,96.24063,0.0,0.0,350.25,188.625,3677.0,0.0,-3.765625,0.9842529,370.70767,19907.635,20000.502,1100.0834,585.33136,125.4731,115.151245,0.0,1.8064655,3.0,94.03076,35.601143,-8.2499895,-9.374988,7.144,0.0,9.640625,0.895813,0.0,0.0,0.0,0.0,0.0,0.89746094,0.8876953,80.407715,3.1250002,273.17593,301.01166,0.0,105.99992,99.90234,0.0,274.03412,279.86322,508.125,540.0,-1.3185347,388.9375,128.0,440.0,79.82713,61.999977,177.50854,0.0,80.03,268.75,-0.41503906,5.996704,65.84473,70.71991,2.7026367,80.39,80.33,78.78,78.66,0
28125.352,0.0684531,3.7477937,1.4442515,1.6018168,101.65283,16.54134,13.956135,24.789661,392.39487,203.21727,94.319,0.0,4.8,26.076,48.676,0.0,96.24063,0.0,0.0,348.375,188.625,3691.0,0.0,-3.7421875,0.9882202,372.20847,19868.896,20000.502,1100.0834,585.33136,125.261154,114.409424,0.0,1.9139224,3.0,93.37311,35.499676,-8.2499895,-9.374988,7.204,0.0,10.0078125,0.89782715,0.0,0.0,0.0,0.0,0.0,0.890625,0.8857422,80.407715,3.1250002,272.52527,301.17456,0.0,105.99992,99.90234,0.0,273.43713,279.83835,508.125,539.625,-1.2110778,389.96875,128.0,440.0,79.82713,61.999977,177.46582,0.0,80.49,269.34375,-0.1953125,7.2296143,65.71655,71.97113,2.7197266,80.91,80.78,79.06,79.12,0
28125.393,0.09476248,3.7303677,1.458374,1.6019864,101.65241,16.54134,13.970466,24.993069,392.5007,204.92426,94.359,0.0,4.8,26.076,48.676,0.0,96.24063,0.0,0.0,348.0,188.625,3721.0,0.0,-3.796875,0.9975586,375.70758,19924.617,20000.502,1100.0834,585.33136,126.13014,115.61753,0.0,1.8436381,3.0,93.6676,35.408356,-7.87499,-9.374988,7.208,0.0,10.03125,0.9033203,0.0,0.0,0.0,0.0,0.0,0.88671875,0.8828125,80.407715,3.1250002,273.9269,299.891,0.0,105.99992,99.90234,0.0,274.88818,279.57303,508.125,540.0,-1.2813622,387.15625,128.0,440.0,79.82713,61.999977,178.52173,0.0,80.95,271.0,-0.051879883,4.534912,65.2771,68.98041,2.7294922,81.2,81.36,79.59,79.67,0
28125.434,0.075809985,3.704647,1.4664401,1.6021558,101.65203,16.54134,13.974638,25.049297,390.99518,205.78404,94.397,0.0,4.8,26.076,48.676,0.0,96.24063,0.0,0.0,343.875,189.0,3751.0,0.0,-3.875,1.0090942,380.06076,19813.707,20000.502,1100.0834,585.33136,128.7159,116.78324,0.0,1.7874105,3.0,94.40918,35.326168,-7.87499,-8.999989,7.3,0.0,10.4140625,0.91552734,0.0,0.0,0.0,0.0,0.0,0.8828125,0.8798828,80.407715,3.1250002,274.31412,298.74197,0.0,105.99992,99.90234,0.0,275.21155,279.44034,508.5,540.0,-1.3375897,395.15625,128.0,440.0,79.82713,61.999977,179.22974,0.0,81.31,274.65625,0.064086914,3.9642334,64.208984,67.20734,2.7270508,81.87,81.91,80.27,80.03,0
28125.475,0.06064799,3.619359,1.4769447,1.6023254,101.65251,16.54134,13.995137,25.246342,384.70978,204.0414,94.44,0.0,4.8,26.076,48.676,0.0,96.24063,0.0,0.0,341.625,189.0,3780.0,0.0,-3.890625,1.0247192,385.9562,19817.951,20000.502,1100.0834,585.33136,130.47507,117.73701,0.0,1.7424284,3.0,95.15381,35.17701,-7.87499,-8.999989,7.348,0.0,10.390625,0.9208374,0.0,0.0,0.0,0.0,0.0,0.8828125,0.8779297,80.407715,3.1250002,275.6728,298.2472,0.0,105.99992,99.90234,0.0,276.4968,279.33255,508.5,540.0,-1.3825718,395.90625,128.0,439.875,79.82713,61.999977,180.15747,0.0,82.05,276.25,0.14648438,1.7181396,63.653564,64.38446,2.709961,82.41,82.67,80.43,80.75,0
28125.512,0.048518393,3.5852437,1.4869117,1.6024525,101.65295,16.54134,14.003627,25.330061,385.00354,205.06152,94.48,0.0,4.8,26.076,48.676,0.0,96.24063,0.0,0.0,340.5,189.375,3796.0,0.0,-3.8984375,1.0338135,389.38068,19856.16,20000.502,1100.0834,585.33136,131.13211,118.22449,0.0,1.7064427,3.0,95.47882,35.042767,-7.4999905,-8.624989,7.396,0.0,10.84375,0.9258423,0.0,0.0,0.0,0.0,0.0,0.87890625,0.8779297,80.407715,3.1250002,276.2503,296.9972,0.0,105.99992,99.90234,0.0,277.10205,279.1999,508.5,540.0,-1.4185575,402.09375,128.0,439.78125,79.82713,61.999977,180.75562,0.0,82.65,277.75,0.19836426,0.5859375,63.183594,62.773132,2.6513672,83.11,83.11,81.22,81.17,0
28125.553,0.038814716,3.5903475,1.4909493,1.6026646,101.65251,16.54134,13.991992,25.248333,386.59442,208.07861,94.518,0.0,4.8,26.076,48.676,0.0,96.24063,0.0,0.0,337.5,189.75,3836.0,0.0,-3.9609375,1.0443115,393.33585,19803.623,20000.502,1100.0834,585.33136,133.29398,119.22064,0.0,1.6776541,3.0,95.98999,34.84676,-7.4999905,-8.2499895,7.472,0.0,11.1015625,0.9445801,0.0,0.0,0.0,0.0,0.0,0.87597656,0.875,80.407715,3.1250002,275.68652,295.5292,0.0,105.99992,99.90234,0.0,276.5382,279.04233,508.875,540.0,-1.4473461,402.3125,128.0,439.875,79.82713,61.999977,180.99976,0.0,83.26,283.375,0.24719238,1.7608643,61.688232,62.42218,2.5878906,83.51,83.51,81.59,81.65,0
28125.592,0.011051774,3.592389,1.4978455,1.6028341,101.65212,16.54134,13.995566,25.250416,386.74258,209.51495,94.559,0.0,4.8,26.076,48.676,0.0,96.24063,0.0,0.0,335.25,189.75,3861.0,0.0,-3.921875,1.0593872,399.01572,19725.615,20000.502,1100.0834,585.33136,136.21886,119.92007,0.0,1.6546234,3.0,96.87042,34.670357,-7.4999905,-8.2499895,7.512,0.0,11.234375,0.95111084,0.0,0.0,0.0,0.0,0.0,0.87402344,0.8730469,80.407715,3.1250002,275.7005,294.19162,0.0,105.99992,99.90234,0.0,276.4968,278.90967,508.875,540.0,-1.4703768,398.09375,128.0,440.0,79.82713,61.999977,181.35376,0.0,83.73,285.34375,0.2960205,1.9622803,61.065674,61.97052,2.524414,84.23,84.06,82.25,82.14,0
28125.635,0.00884142,3.5932057,1.4983339,1.6029612,101.65177,16.54134,13.9922085,25.117462,386.83478,210.86757,94.598,0.0,4.8,26.076,48.676,0.0,96.24063,0.0,0.0,333.75,190.125,3885.0,0.0,-3.8828125,1.0679932,402.24948,19604.621,20000.502,1100.0834,585.33136,138.69864,119.11467,0.0,1.6361988,3.0,97.52655,34.51159,-7.124991,-7.87499,7.532,0.0,11.390625,0.958313,0.0,0.0,0.0,0.0,0.0,0.87402344,0.8701172,80.407715,3.1250002,274.7837,293.20877,0.0,105.99992,99.90234,0.0,275.60956,278.777,508.875,540.0,-1.4888015,399.65625,128.0,439.6875,79.82713,61.999977,181.28052,0.0,84.4,287.5,0.4638672,2.8381348,60.461426,62.379456,2.4829102,84.68,84.89,82.57,82.63,0
28125.672,-0.0129268635,3.6122825,1.4957223,1.6030884,101.65063,16.54134,14.007437,24.963858,388.6406,212.83348,94.64,0.0,4.8,26.076,48.676,0.0,96.24063,0.0,0.0,333.75,190.125,3903.0,0.0,-3.984375,1.0793457,406.51144,19718.715,20000.502,1100.0834,585.33136,139.20732,118.796745,0.0,1.621459,3.0,97.77527,34.3687,-7.124991,-7.87499,7.5,0.0,11.734375,0.95458984,0.0,0.0,0.0,0.0,0.0,0.8691406,0.8701172,80.407715,3.1250002,273.7238,292.52655,0.0,105.99992,85.35156,0.0,274.48187,278.61948,509.25,540.0,-1.5035412,399.375,128.0,439.78125,79.82713,61.999977,181.0669,0.0,84.96,286.375,0.6744385,4.449463,60.638428,64.38446,2.4829102,85.43,85.36,83.18,83.3,0
28125.713,-0.05034149,3.6386633,1.4980161,1.4437884,101.6496,16.54134,13.988799,24.831863,390.2238,215.23358,94.679,0.0,4.8,26.076,48.676,0.0,96.24063,0.0,99.20807,331.875,190.125,3931.0,0.0,-4.09375,1.048523,394.9113,19877.387,20000.502,1100.0834,585.33136,139.14374,119.64454,0.0,1.6096672,3.0,97.177124,34.240097,-7.124991,-7.87499,7.528,0.0,12.4453125,0.78601074,0.0,0.0,0.0,0.0,0.0,0.86816406,0.86816406,80.407715,3.1250002,272.81293,263.74908,0.0,105.99992,35.15625,0.0,273.5615,274.3575,509.25,540.0,-1.515333,397.125,0.0,171.9375,79.82713,61.999977,181.43921,0.0,85.5,235.8125,0.89416504,6.463623,71.66748,78.37982,2.4951172,85.72,85.74,83.48,83.71,0
28125.752,-0.080273196,3.6679654,1.4192965,1.2313744,101.647835,16.54134,13.99919,22.893774,392.16116,215.86197,94.719,0.0,4.8,26.076,48.676,0.0,96.24063,0.0,99.99695,332.625,189.375,3923.0,0.0,-4.140625,0.93255615,351.23035,19967.07,20000.502,1100.0834,585.33136,131.51361,112.96818,0.0,1.6002338,3.0,93.46771,34.049168,-7.124991,-8.999989,7.468,0.0,12.7109375,0.89019775,0.0,0.0,0.0,0.0,0.0,0.8623047,0.86816406,80.407715,3.1250002,259.45212,226.81819,0.0,105.99992,0.0,0.0,260.2118,235.07118,509.25,540.375,-1.5247664,377.125,0.0,-37.1875,69.55698,61.999977,175.75073,0.0,85.87,267.0625,1.0894775,-35.336304,66.42456,32.05719,2.6855469,86.18,86.05,84.25,84.09,0
28125.79,-0.10421856,3.6984363,1.179517,1.0574076,101.64625,16.54134,14.000605,16.92351,394.06558,215.36208,94.759,0.0,4.8,26.076,48.676,0.0,96.24063,0.0,99.998474,342.375,188.625,3895.0,0.0,-4.59375,0.78686523,299.11667,20227.63,20000.502,1100.0834,585.33136,104.02399,88.67896,0.0,1.436437,3.0,80.5954,33.877335,-4.874994,-9.749988,7.072,0.0,12.515625,0.9454956,0.0,0.0,0.0,0.0,0.0,0.8613281,0.9169922,78.411865,3.1250002,218.29816,196.94858,0.0,105.99992,0.0,0.0,222.52576,203.29718,509.25,540.375,-1.6885632,316.0625,0.0,-36.5,36.412376,61.999977,154.46167,0.0,86.28,283.65625,1.0650635,-47.750854,66.137695,19.178772,2.2021484,86.21,86.31,84.43,84.68,0
28125.834,-0.08337485,3.6543746,1.0328367,0.84724015,101.64482,16.54134,13.984016,13.233845,389.57977,213.62112,94.796,0.0,4.8,26.076,48.676,0.0,96.24063,0.0,99.998474,390.75,187.5,3908.0,0.0,-5.1484375,0.5969238,236.81245,20263.186,20000.502,1100.0834,585.33136,90.39574,76.59794,0.0,1.4616497,3.0,73.480225,33.722683,-1.4999981,-10.499987,5.028,0.0,10.953125,0.9091797,0.0,0.0,0.0,0.0,0.0,0.88964844,0.9423828,74.45984,3.1250002,192.86427,160.43094,0.0,105.99992,0.0,0.0,218.75304,164.45862,508.875,541.125,-1.6633506,261.8125,0.0,-36.0,25.208569,61.999977,148.29712,0.0,86.12,272.75,1.0040283,-85.1532,58.050537,0.0,1.8994141,86.21,86.07,85.0,85.12,0
28125.871,-0.066699885,3.44925,0.8343067,0.64487237,101.64437,16.54134,14.013421,8.238516,373.50406,205.43509,94.84,0.0,4.8,26.076,48.676,0.0,96.24063,0.0,99.998474,406.875,188.25,3920.0,0.0,-5.4140625,0.38842773,185.26262,20211.18,20000.502,1100.0834,585.33136,75.17789,62.482212,0.0,1.7943197,3.0,66.08276,33.50831,4.1249948,-9.749988,4.348,0.0,7.8515625,1.0738525,0.0,0.0,0.0,0.0,0.0,0.9404297,0.97265625,70.39642,3.1250002,158.43156,125.36506,0.0,105.99992,0.0,0.0,211.87088,127.162315,508.875,541.5,-1.3306805,218.65625,0.0,-32.875,19.606665,61.999977,142.63306,0.0,86.31,322.15625,0.0,-85.1532,0.0,0.0,1.6870117,86.29,86.31,85.43,85.33,0
28125.912,-0.053359907,3.1047,0.6182987,0.49481338,101.64397,16.54134,14.034004,2.7436624,349.6137,192.54016,94.877,0.0,4.8,26.076,48.676,0.0,96.24063,0.0,99.998474,410.25,194.25,3925.0,0.0,-5.8125,0.15570068,144.92325,19424.723,19807.338,1100.0834,585.33136,67.27223,45.378025,0.0,2.0604558,3.0,62.527466,33.315372,14.624981,-2.9999962,4.2,0.0,2.234375,0.82995605,0.0,0.0,0.0,0.0,0.0,0.93652344,1.0,66.24298,3.1250002,120.55573,98.82709,0.0,105.99992,0.0,0.0,202.21927,101.6403,508.875,541.875,-1.0645444,163.09375,0.0,-27.59375,16.338888,61.999977,135.54688,0.0,86.29,249.0,0.0,-85.1532,0.0,0.0,1.4306641,86.33,86.29,85.72,85.59,0
28125.953,-0.042687926,2.7231302,0.4896132,0.37205312,101.64277,16.54134,14.042553,-0.48988393,325.63876,180.15906,94.918,0.0,4.8,26.076,48.676,0.0,96.24063,0.0,99.998474,440.25,198.75,3943.0,0.0,-7.0703125,0.12365723,133.74597,19138.16,19417.824,1100.0834,585.33136,57.692192,34.780636,0.0,1.8046147,3.0,58.506775,33.066544,16.874979,2.2499971,2.88,0.0,-2.671875,0.56695557,0.0,0.0,0.0,0.0,0.0,0.8964844,1.0,63.539124,3.1250002,98.26605,79.99912,0.0,105.99992,0.0,0.0,191.64728,101.63201,508.125,543.0,-1.3203856,134.84375,0.0,-23.875,14.004761,61.999977,128.33862,0.0,86.44,170.09375,0.0,-85.1532,13.299561,0.0,1.2060547,86.5,86.58,85.88,85.8,0
28125.99,0.0058496557,2.3267522,0.39294198,0.255821,101.64169,16.54134,14.048537,-2.5935526,299.76035,165.54745,94.96,0.0,4.8,26.076,48.676,0.0,96.24063,0.0,99.998474,450.375,200.25,3936.0,0.0,-7.8046875,0.097351074,126.05951,19100.482,19025.127,1100.0834,585.33136,45.505196,26.090775,0.0,1.1311917,3.0,53.199768,32.842594,19.124975,0.74999905,2.368,0.0,-8.875,0.38134766,0.0,0.0,0.0,0.0,0.0,0.890625,1.0,62.023926,3.1250002,83.76462,57.83655,0.0,105.99992,0.0,0.0,181.10846,101.63201,506.625,543.75,-1.9938085,92.34375,0.0,-23.375,11.670634,61.999977,120.355225,0.0,86.58,114.40625,0.0,-85.1532,23.7854,0.0,0.9716797,86.62,86.58,86.11,86.05,0
28126.035,0.024679724,1.980701,0.29620773,0.13615528,101.640724,16.54134,14.046866,-4.836018,278.21793,151.69846,94.996,0.0,4.8,26.076,48.676,0.0,96.24063,0.0,99.998474,460.875,195.375,3886.0,0.0,-7.140625,0.07305908,119.674866,18949.24,18638.799,1100.0834,585.33136,36.51861,19.880705,0.0,0.27995348,3.0,50.141907,32.64104,22.499971,-4.4999943,1.88,0.0,-15.453125,0.2442627,0.0,0.0,0.0,0.0,0.0,0.9003906,1.0,61.486816,3.1250002,68.30658,36.807446,0.0,105.99992,0.0,0.0,172.66745,101.63201,505.5,543.375,-2.8450468,50.1875,0.0,-23.78125,8.869681,61.999977,113.238525,0.0,86.72,73.28125,0.0,-85.1532,31.82373,0.0,0.7324219,86.58,86.71,86.07,86.16,0
28126.072,0.03974378,1.6547804,0.19336648,0.08778878,101.64068,16.54134,14.063275,-7.257429,254.51048,137.9149,95.042,0.0,4.8,26.076,48.676,0.0,96.24063,0.0,99.998474,467.625,198.0,3862.0,0.0,-5.921875,0.06286621,113.8043,18972.06,18257.244,1100.0834,585.33136,23.144701,13.373907,0.0,-0.40103698,3.0,43.85681,32.384457,29.999962,0.0,1.532,0.0,-20.65625,0.06707764,0.0,0.0,0.0,0.0,0.0,0.8955078,1.0,61.63788,3.1250002,51.61601,30.058386,0.0,105.99992,0.0,0.0,164.384,101.6403,503.25,541.875,-3.5260372,14.59375,0.0,-25.0,6.535555,61.999977,105.41382,0.0,86.55,20.125,0.0,-85.1532,72.369385,0.0,0.5541992,86.18,86.16,86.16,86.41,0
28126.111,0.071795024,1.2994123,0.14635138,0.09075605,101.64064,16.54134,14.080621,-8.842721,221.9713,120.7185,95.079,0.0,4.8,26.076,48.676,0.0,96.24063,0.0,99.998474,476.625,200.25,3876.0,0.0,-7.453125,0.060668945,109.7828,17913.9,17874.1,1100.0834,585.33136,25.730463,10.173494,0.0,-0.94582963,3.0,45.706177,32.15353,38.62495,3.3749957,0.932,0.0,-18.726562,0.0126953125,0.0,0.0,0.0,0.0,0.0,0.8535156,1.0,61.10077,3.1250002,40.688725,29.63485,0.0,105.99992,0.0,0.0,158.11543,101.6403,498.375,543.375,-4.07083,-2.0,0.0,-26.5,5.135079,61.999977,96.795654,0.0,86.19,3.8125,0.0,-85.1532,94.732666,9.579468,0.5175781,86.18,86.35,86.13,86.22,0
28126.152,0.11743602,0.8197649,0.13120948,0.09079844,101.64143,16.54134,14.081044,-9.624218,159.30582,86.88392,95.119,0.0,4.8,26.076,48.676,0.0,96.24063,0.0,99.998474,480.75,202.875,3887.0,0.0,-8.65625,0.059448242,107.63524,18104.41,17489.361,1100.0834,585.33136,17.210161,9.156145,0.0,-1.3816636,3.0,41.853333,31.870508,38.99995,4.1249948,0.696,0.0,-10.2890625,0.014160156,0.0,0.0,0.0,0.0,0.0,0.83691406,1.0,60.01892,3.1250002,35.302753,27.386654,0.0,105.99992,0.0,0.0,151.8137,101.64859,497.25,543.75,-4.506664,-5.28125,0.0,-27.59375,5.135079,61.999977,90.2832,0.0,86.36,4.25,0.0,-85.1532,94.0979,8.944702,0.5541992,85.82,85.93,85.97,86.16,0
28126.191,0.1939488,0.384156,0.12092569,0.09109517,101.64215,16.54134,14.08134,-10.257996,81.766815,45.00789,95.159,0.0,4.8,26.076,48.676,0.0,96.24063,0.0,99.998474,484.5,202.5,3923.0,0.0,-11.8046875,0.059448242,107.07969,17408.7,17103.033,1100.0834,585.33136,18.100342,8.287159,0.0,-1.4959557,3.0,42.030334,31.615788,39.37495,4.874994,0.544,0.0,-4.9765625,0.014465332,0.0,0.0,0.0,0.0,0.0,0.88183594,1.0,59.606934,3.3593752,30.93491,25.146666,0.0,105.99992,0.0,0.0,146.09239,101.64859,497.625,547.125,-4.855331,-9.46875,0.0,-28.09375,5.6019044,61.999977,83.76465,0.0,86.04,4.34375,0.0,-85.1532,93.96973,8.816528,0.65185547,86.41,86.54,86.05,85.82,0
28126.232,0.21515904,0.0599124,0.110015504,0.09122233,101.6428,16.54134,14.069828,-10.617673,0.0,0.0,95.197,0.0,4.8,26.076,48.676,0.0,96.24063,0.0,99.998474,485.25,203.625,3942.0,0.0,-12.640625,0.059387207,106.35001,16904.56,16715.111,1100.0834,585.33136,18.418264,7.948043,0.0,-1.6108267,3.0,41.59851,31.38654,39.74995,5.624993,0.504,0.0,-3.1484375,0.015014648,0.0,0.0,0.0,0.0,0.0,0.9580078,1.0,59.2865,3.5234377,28.45634,24.79452,0.0,105.99992,0.0,0.0,141.2583,101.64859,497.25,549.0,-5.1342645,-11.6875,0.0,-28.78125,5.6019044,61.999977,78.19824,0.0,86.21,4.5,0.0,-85.25696,93.73779,8.480835,0.6640625,85.64,85.88,85.78,85.82,0
28126.273,0.25212723,-0.16353504,0.102792226,0.091264725,101.64255,16.54134,14.091067,-10.822263,0.0,0.0,95.239,0.0,4.8,26.076,48.676,0.0,96.24063,0.0,99.998474,485.25,203.625,3946.0,0.0,-12.09375,0.059448242,105.81934,16648.246,16327.19,1100.0834,585.33136,15.91728,7.736095,0.0,-1.2503805,3.0,39.839172,31.180216,39.74995,5.624993,0.5,0.0,-3.015625,0.014892578,0.0,0.0,0.0,0.0,0.0,1.0078125,1.0,59.225464,3.6382813,27.045864,24.753119,0.0,105.99992,0.0,0.0,135.75258,101.6403,497.25,548.25,-4.888662,-14.1875,0.0,-29.09375,5.6019044,61.999977,72.631836,0.0,86.01,4.46875,0.0,-85.305786,93.792725,8.486938,0.6689453,86.07,86.21,85.79,85.74,0
28126.312,0.2817018,-0.346664,0.09991218,0.091264725,101.64232,16.54134,14.100075,-10.901092,0.0,0.0,95.28,0.0,4.8,26.076,48.676,0.0,96.24063,0.0,99.998474,485.25,204.0,3945.0,0.0,-12.0078125,0.059265137,105.52913,16237.507,16237.507,1100.0834,585.33136,19.350834,7.6937056,0.0,-0.19225764,3.0,41.59851,30.994524,39.74995,5.9999924,0.5,0.0,-3.125,0.014770508,0.0,0.0,0.0,0.0,0.0,0.9970703,1.0,56.907654,3.7186718,26.502281,24.818302,0.0,105.99992,0.0,0.0,131.93835,101.6403,497.25,548.25,-3.9109294,-14.34375,0.0,-29.1875,6.06873,61.999977,67.48047,0.0,86.04,4.4375,0.0,-85.53772,93.84155,8.303833,0.6689453,85.93,86.05,85.57,85.74,0
28126.352,0.28536144,-0.45741564,0.096230395,0.090840824,101.64128,16.54134,14.088802,-10.870172,0.0,0.0,95.319,0.0,4.8,26.076,48.676,0.0,96.24063,0.0,99.998474,485.25,204.0,3900.0,0.0,-12.046875,0.059448242,105.29697,15959.965,15959.965,1100.0834,585.33136,17.740032,7.0790567,0.0,0.6462016,3.0,40.803528,30.752214,39.74995,5.9999924,0.5,0.0,-3.8359375,0.011352539,0.0,0.0,0.0,0.0,0.0,0.9667969,1.0,56.907654,3.7749453,26.714375,25.653837,0.0,105.99992,0.0,0.0,128.688,101.63201,496.875,548.25,-3.1287436,-18.78125,0.0,-29.28125,6.06873,61.999977,63.14087,0.0,86.05,3.40625,0.0,-83.57239,95.269775,11.697388,0.7714844,85.93,85.93,85.72,85.69,0
28126.39,0.26828915,-0.50171626,0.094501145,0.09101038,101.64035,16.54134,14.09849,-10.792255,0.0,0.0,95.359,0.0,4.8,26.076,48.676,0.0,96.24063,0.0,99.998474,484.875,204.0,3904.0,0.0,-12.0859375,0.059753418,105.263794,15640.5,15640.5,1100.0834,585.33136,15.0694895,6.676356,0.0,1.3113415,3.0,38.941956,30.534136,39.74995,5.9999924,0.5,0.0,-4.171875,0.010375977,0.0,0.0,0.0,0.0,0.0,0.97753906,1.0,56.462097,3.8143365,27.250513,26.582294,0.0,105.99992,0.0,0.0,125.98489,101.63201,496.875,548.25,-2.502995,-21.71875,0.0,-29.1875,6.06873,61.999977,59.25293,0.0,86.08,3.125,0.0,-76.068115,95.67871,19.610596,0.7763672,85.64,85.72,85.36,85.57,0
28126.434,0.2546313,-0.51943654,0.08767524,0.090840824,101.63951,16.54134,14.11113,-10.735849,0.0,0.0,95.396,0.0,4.8,26.076,48.676,0.0,96.24063,0.0,99.998474,0.0,204.0,3891.0,0.0,-12.171875,0.060058594,105.263794,15446.805,15446.805,1100.0834,585.33136,0.0,6.2524605,0.0,1.8395145,3.0,0.0,30.337866,40.12495,5.9999924,0.0,0.0,-4.2890625,0.008239746,0.0,0.0,0.0,0.0,0.0,1.0410156,1.0,56.462097,3.8419106,27.63847,28.254162,0.0,105.99992,0.0,0.0,123.61346,101.63201,720.0,548.25,-2.002396,-27.59375,0.0,-29.28125,6.06873,61.999977,55.700684,0.0,85.67,2.46875,0.0,-70.285034,96.57593,26.290894,0.7006836,85.64,85.65,85.59,85.46,0
28126.475,0.22370505,-0.5640246,0.090687715,0.09101038,101.63793,16.54134,14.137556,-10.651241,0.0,0.0,95.44,0.0,4.8,26.076,48.676,0.0,96.24063,0.0,99.998474,0.0,204.0,3907.0,0.0,-12.2578125,0.061035156,105.263794,15472.808,15472.808,1100.0834,585.33136,0.0,6.5915766,0.0,2.2592955,3.0,0.0,30.086035,39.74995,5.9999924,0.0,0.0,-4.3515625,0.0079956055,0.0,0.0,0.0,0.0,0.0,1.3632812,1.0,56.462097,3.8612125,28.220089,28.311632,0.0,105.99992,0.0,0.0,121.11762,101.62372,720.0,548.25,-1.6019169,-27.59375,0.0,-29.28125,6.535555,61.999977,52.44751,0.0,85.7,2.40625,0.0,-64.8468,96.68579,31.83899,0.49804688,85.44,85.5,85.33,85.41,0
28126.512,0.19896404,-0.61935985,0.0919476,0.090840824,101.63651,16.54134,14.150195,-10.617883,0.0,0.0,95.48,0.0,4.8,26.076,48.676,0.0,96.24063,0.0,99.998474,0.0,204.0,3901.0,0.0,-12.125,0.061706543,105.263794,15472.808,15472.808,1100.0834,585.33136,0.0,7.057862,0.0,2.5931902,3.0,0.0,29.859386,39.74995,5.9999924,0.0,0.0,-4.375,0.0067749023,0.0,0.0,0.0,0.0,0.0,1.9355469,1.0,56.018066,3.8747237,28.448603,28.234758,0.0,105.99992,0.0,0.0,119.26857,101.62372,720.0,548.25,-1.2815336,-27.59375,0.0,-29.28125,6.535555,61.999977,49.93286,0.0,85.47,2.03125,0.0,-59.576416,97.19849,37.62207,0.5810547,85.31,85.5,85.41,85.25,0
28126.553,0.19917125,-0.660244,0.09277504,0.090840824,101.63606,16.54134,14.153183,-10.604041,0.0,0.0,95.519,0.0,4.8,26.076,48.676,0.0,96.24063,0.0,99.998474,0.0,204.0,3890.0,0.0,-12.3359375,0.06298828,105.29697,15477.054,15477.054,1100.0834,585.33136,0.0,7.375784,0.0,2.8589544,3.0,0.0,29.655403,39.74995,5.9999924,0.0,0.0,-4.46875,0.0048828125,0.0,0.0,0.0,0.0,0.0,1.9999695,1.0,56.018066,3.8841815,28.543566,28.180243,0.0,105.99992,0.0,0.0,117.70143,101.63201,720.0,548.625,-1.025227,-27.5625,0.0,-29.09375,6.535555,61.999977,47.735596,0.0,85.41,1.46875,0.0,-54.101562,97.98584,43.884277,0.61279297,85.1,85.15,84.89,85.29,0
28126.59,0.199337,-0.65784764,0.093126915,0.09079844,101.63565,16.54134,14.166993,-10.586878,0.0,0.0,95.559,0.0,4.8,26.076,48.676,0.0,96.24063,0.0,99.998474,0.0,204.0,3882.0,0.0,-12.390625,0.06359863,105.28038,15481.299,15481.299,1100.0834,585.33136,0.0,7.2698097,0.0,3.0706203,3.0,0.0,29.471817,39.74995,5.9999924,0.0,0.0,-4.4609375,0.0028076172,0.0,0.0,0.0,0.0,0.0,1.9999695,1.0,55.57251,3.890802,28.661455,28.204973,0.0,105.99992,0.0,0.0,116.416214,101.63201,720.0,548.25,-0.82018155,-27.5,0.0,-29.0,6.535555,61.999977,45.916748,0.0,85.16,0.84375,0.0,-49.658203,98.846436,49.188232,0.625,85.15,85.04,85.15,85.08,0
28126.635,0.1594696,-0.6756391,0.092390135,0.09079844,101.635284,16.54134,14.159082,-10.612395,0.0,0.0,95.596,0.0,4.8,26.076,48.676,0.0,96.24063,0.0,99.998474,0.0,204.0,3878.0,0.0,-12.2109375,0.064575195,105.30525,15487.667,15487.667,1100.0834,585.33136,0.0,7.0154724,0.0,3.239291,3.0,0.0,29.306591,39.74995,5.9999924,0.0,0.0,-4.4609375,4.8828125E-4,0.0,0.0,0.0,0.0,0.0,1.9999695,1.0,55.57251,3.8954363,28.485203,28.177898,0.0,105.99992,0.0,0.0,115.17245,101.63201,720.0,548.25,-0.6561453,-27.5,0.0,-29.0,6.535555,61.999977,43.865967,0.0,85.09,0.15625,0.0,-45.718384,99.798584,54.0802,0.67871094,84.89,85.1,84.72,85.15,0
28126.674,0.14757568,-0.6827557,0.0914188,0.09075605,101.63579,16.54134,14.1711235,-10.642262,0.0,0.0,95.64,0.0,4.8,26.076,48.676,0.0,96.24063,0.0,99.998474,0.0,204.0,3875.0,0.0,-12.0546875,0.06591797,105.338425,15498.28,15498.28,1100.0834,585.33136,0.0,7.142641,0.0,3.3737643,3.0,0.0,29.082699,39.74995,5.9999924,0.0,0.0,-4.4375,0.0,0.0,0.0,0.0,0.0,0.0,1.9999695,1.0,55.57251,3.8986804,28.279829,28.1083,0.0,105.99992,0.0,0.0,114.04477,101.6403,720.0,548.25,-0.52491623,-27.46875,0.0,-29.0,6.535555,61.999977,42.388916,0.0,84.95,0.0,0.0,-42.48047,99.998474,57.518005,0.75927734,85.0,84.92,84.79,84.68,0
28126.713,0.118060544,-0.72310233,0.09081162,0.09075605,101.63624,16.54134,14.173693,-10.664243,0.0,0.0,95.68,0.0,4.8,26.076,48.676,0.0,96.24063,0.0,99.998474,0.0,204.0,3873.0,0.0,-12.6640625,0.06652832,105.338425,15485.544,15485.544,1100.0834,585.33136,0.0,7.057862,0.0,3.4810183,3.0,0.0,28.881197,39.74995,5.9999924,0.0,0.0,-4.4375,0.0,0.0,0.0,0.0,0.0,0.0,1.9999695,1.0,55.12848,3.9009514,28.128775,28.116268,0.0,105.99992,0.0,0.0,113.11609,101.6403,720.0,548.625,-0.419933,-27.46875,0.0,-29.0,6.535555,61.999977,40.72876,0.0,84.99,0.0,0.0,-39.645386,99.998474,60.35309,0.71777344,84.76,84.76,84.62,84.62,0
28126.754,0.07444844,-0.73924094,0.09160314,0.09067126,101.637474,16.54134,14.175491,-10.644483,0.0,0.0,95.719,0.0,4.8,26.076,48.676,0.0,96.24063,0.0,99.998474,0.0,204.0,3866.0,0.0,-12.53125,0.06719971,105.37159,15485.544,15485.544,1100.0834,585.33136,0.0,7.0154724,0.0,3.5665946,3.0,0.0,28.699844,39.74995,5.9999924,0.0,0.0,-4.484375,0.0,0.0,0.0,0.0,0.0,0.0,1.9999695,1.0,55.12848,3.902541,28.26621,28.093584,0.0,105.99992,0.0,0.0,112.47762,101.64859,720.0,548.625,-0.3359464,-27.4375,0.0,-28.78125,6.535555,61.999977,39.715576,0.0,84.76,0.0,0.0,-37.3291,99.998474,62.669373,0.5908203,84.86,84.76,84.65,84.51,0
28126.793,0.05955875,-0.7456964,0.09100116,0.09067126,101.63859,16.54134,14.17675,-10.660872,0.0,0.0,95.76,0.0,4.8,26.076,48.676,0.0,96.24063,0.0,99.998474,0.0,204.0,3860.0,0.0,-12.59375,0.067871094,105.355,15498.28,15498.28,1100.0834,585.33136,0.0,7.0366673,0.0,3.6348965,3.0,0.0,28.536627,39.74995,5.9999924,0.0,0.0,-4.5390625,0.0,0.0,0.0,0.0,0.0,0.0,1.9999695,1.0,54.68445,3.9036536,28.154356,28.08739,0.0,105.99992,0.0,0.0,111.66502,101.64859,720.0,548.625,-0.26875713,-27.40625,0.0,-28.78125,6.535555,61.999977,38.342285,0.0,84.74,0.0,0.0,-34.628296,99.998474,65.37018,0.69091797,84.59,84.65,84.42,84.48,0
28126.834,0.047647,-0.7482786,0.09055702,0.09062888,101.63959,16.54134,14.165913,-10.675968,0.0,0.0,95.797,0.0,4.8,26.076,48.676,0.0,96.24063,0.0,99.998474,0.0,204.0,3851.0,0.0,-12.6953125,0.068847656,105.37988,15489.789,15489.789,1100.0834,585.33136,0.0,7.163836,0.0,3.689427,3.0,0.0,28.389732,39.74995,5.9999924,0.0,0.0,-4.5390625,0.0,0.0,0.0,0.0,0.0,0.0,1.9999695,1.0,54.68445,3.9044325,28.051296,28.063694,0.0,105.99992,0.0,0.0,110.9022,101.64859,720.0,548.625,-0.21500571,-27.375,0.0,-28.875,6.535555,61.999977,37.145996,0.0,84.58,0.0,0.0,-32.2052,99.998474,67.793274,0.71777344,84.65,84.41,84.55,84.27,0
28126.871,0.0381176,-0.74931145,0.090233706,0.09062888,101.64131,16.54134,14.170045,-10.685358,0.0,0.0,95.84,0.0,4.8,26.076,48.676,0.0,96.24063,0.0,99.998474,0.0,204.0,3848.0,0.0,-12.828125,0.06945801,105.37159,15494.035,15494.035,1100.0834,585.33136,0.0,6.9942775,0.0,3.7329733,3.0,0.0,28.257526,39.74995,5.9999924,0.0,0.0,-4.578125,0.0,0.0,0.0,0.0,0.0,0.0,1.9999695,1.0,54.68445,3.9049778,27.988302,28.05853,0.0,105.99992,0.0,0.0,110.379814,101.65688,720.0,548.625,-0.17200457,-27.34375,0.0,-28.78125,6.535555,61.999977,36.273193,0.0,84.52,0.0,0.0,-29.724121,99.998474,70.27435,0.6713867,84.3,84.3,84.09,84.3,0
28126.912,0.030494079,-0.7497246,0.09005216,0.09058648,101.64287,16.54134,14.167078,-10.702698,0.0,0.0,95.879,0.0,4.8,26.076,48.676,0.0,96.24063,0.0,99.998474,0.0,204.0,3842.0,0.0,-12.7578125,0.070739746,105.39646,15494.035,15494.035,1100.0834,585.33136,0.0,6.867109,0.0,3.7677557,3.0,0.0,28.13854,39.74995,5.9999924,0.0,0.0,-4.578125,0.0,0.0,0.0,0.0,0.0,0.0,1.9999695,1.0,54.68445,3.9053595,27.870338,27.973904,0.0,105.99992,0.0,0.0,109.85744,101.65688,720.0,549.0,-0.13760366,-27.34375,0.0,-28.78125,6.535555,61.999977,35.357666,0.0,84.39,0.0,0.0,-27.420044,99.998474,72.57843,0.6933594,84.41,84.27,84.13,84.21,0
28126.951,0.024395263,-0.74988985,0.08955948,0.09058648,101.64344,16.54134,14.159142,-10.709518,0.0,0.0,95.917,0.0,4.8,26.076,48.676,0.0,96.24063,0.0,99.998474,0.0,204.0,3839.0,0.0,-12.7109375,0.07141113,105.388176,15485.544,15485.544,1100.0834,585.33136,0.0,6.9942775,0.0,3.7955437,3.0,0.0,28.031454,39.74995,5.9999924,0.0,0.0,-4.6640625,0.0,0.0,0.0,0.0,0.0,0.0,1.9999695,1.0,54.68445,3.9056265,27.823896,28.030724,0.0,105.99992,0.0,0.0,109.26042,101.64859,720.0,548.625,-0.110082924,-27.34375,0.0,-28.78125,6.535555,61.999977,34.503174,0.0,84.34,0.0,0.0,-25.45166,99.998474,74.546814,0.68115234,84.27,84.2,83.92,83.99,0
28126.992,0.019516211,-0.76870596,0.0891885,0.09041693,101.64396,16.54134,14.165305,-10.715288,0.0,0.0,95.959,0.0,4.8,26.076,48.676,0.0,96.24063,0.0,99.998474,0.0,203.625,3835.0,0.0,-12.625,0.072387695,105.404755,15489.789,15489.789,1100.0834,585.33136,0.0,6.8247194,0.0,3.817747,3.0,0.0,27.935076,39.74995,5.624993,0.0,0.0,-4.765625,0.0,0.0,0.0,0.0,0.0,0.0,1.9999695,1.0,54.23889,3.9058135,27.784649,28.026983,0.0,105.99992,0.0,0.0,108.854126,101.64859,720.0,548.625,-0.08806634,-27.3125,0.0,-28.59375,6.535555,61.999977,33.587646,0.0,84.21,0.0,0.0,-23.41919,99.998474,76.579285,0.59814453,84.13,84.11,83.92,83.87,0
28127.035,0.015612969,-0.7762324,0.08886992,0.09041693,101.644424,16.54134,14.152041,-10.729153,0.0,0.0,95.997,0.0,4.8,26.076,48.676,0.0,96.24063,0.0,99.998474,0.0,203.625,3830.0,0.0,-12.625,0.07299805,105.404755,15485.544,15485.544,1100.0834,585.33136,0.0,6.7187457,0.0,3.8354912,3.0,0.0,27.848335,39.74995,5.624993,0.0,0.0,-4.7734375,0.0,0.0,0.0,0.0,0.0,0.0,1.9999695,1.0,54.23889,3.9059443,27.68954,27.986109,0.0,105.99992,0.0,0.0,108.2903,101.64859,720.0,548.625,-0.07045307,-27.28125,0.0,-28.59375,6.535555,61.999977,32.617188,0.0,84.12,0.0,0.0,-21.209717,99.998474,78.78876,0.6225586,84.11,84.13,83.62,83.79,0
28127.072,0.032490376,-0.779243,0.08962982,0.09041693,101.64401,16.54134,14.160336,-10.726785,0.0,0.0,96.041,0.0,4.8,26.076,48.676,0.0,96.24063,0.0,99.998474,0.0,203.625,3825.0,0.0,-12.6640625,0.074279785,105.404755,15489.789,15489.789,1100.0834,585.33136,0.0,6.867109,0.0,3.8496735,3.0,0.0,27.69508,39.74995,5.624993,0.0,0.0,-3.9140625,0.0,0.0,0.0,0.0,0.0,0.0,1.9999695,1.0,54.23889,3.906036,27.705454,27.86087,0.0,105.99992,0.0,0.0,108.04983,101.6403,720.0,548.625,-0.056362458,-27.28125,0.0,-28.59375,6.535555,61.999977,32.128906,0.0,83.98,0.0,0.0,-20.147705,99.998474,79.85077,0.68115234,83.93,83.93,83.79,83.7,0
28127.111,0.0459923,-0.78044724,0.08970917,0.09037453,101.64364,16.54134,14.166141,-10.734688,0.0,0.0,96.079,0.0,4.8,26.076,48.676,0.0,96.24063,0.0,99.998474,0.0,203.625,3821.0,0.0,-12.6953125,0.07495117,105.404755,15478.114,15478.114,1100.0834,585.33136,0.0,6.8883038,0.0,3.86101,3.0,0.0,27.557152,39.74995,5.624993,0.0,0.0,-3.53125,0.0,0.0,0.0,0.0,0.0,0.0,1.9999695,1.0,53.79486,3.9061,27.650602,27.785952,0.0,105.99992,0.0,0.0,107.64353,101.6403,720.0,548.625,-0.045089968,-27.25,0.0,-28.59375,6.535555,61.999977,31.47583,0.0,84.0,0.0,0.0,-18.267822,99.998474,81.73065,0.7006836,83.85,83.79,83.72,83.54,0
28127.152,0.03679384,-0.78092897,0.089403264,0.09037453,101.64247,16.54134,14.164345,-10.74315,0.0,0.0,96.119,0.0,4.8,26.076,48.676,0.0,96.24063,0.0,99.998474,0.0,203.625,3818.0,0.0,-12.6484375,0.07623291,105.42134,15485.544,15485.544,1100.0834,585.33136,0.0,6.867109,0.0,3.870073,3.0,0.0,27.433014,39.74995,5.624993,0.0,0.0,-3.578125,0.0,0.0,0.0,0.0,0.0,0.0,1.9999695,1.0,53.79486,3.906145,27.591114,27.780582,0.0,105.99992,0.0,0.0,107.36161,101.63201,720.0,548.625,-0.036071975,-27.25,0.0,-28.59375,6.535555,61.999977,30.877686,0.0,83.76,0.0,0.0,-17.089844,99.998474,82.90863,0.64941406,83.88,83.69,83.54,83.58,0
28127.19,0.029435072,-0.79987156,0.08931671,0.09033216,101.64142,16.54134,14.168947,-10.750222,0.0,0.0,96.159,0.0,4.8,26.076,48.676,0.0,96.24063,0.0,99.998474,0.0,203.625,3811.0,0.0,-12.6328125,0.076538086,105.41305,15485.544,15485.544,1100.0834,585.33136,0.0,6.761135,0.0,3.877319,3.0,0.0,27.321293,39.74995,5.624993,0.0,0.0,-3.453125,0.0,0.0,0.0,0.0,0.0,0.0,1.9999695,1.0,53.35083,3.9061766,27.541307,27.730385,0.0,105.99992,0.0,0.0,107.005066,101.63201,720.0,548.625,-0.02885758,-27.21875,0.0,-28.5,6.535555,61.999977,30.218506,0.0,83.8,0.0,0.0,-15.667725,99.998474,84.33075,0.61279297,83.54,83.64,83.41,83.45,0
28127.234,0.023548057,-0.8074486,0.08909662,0.090247385,101.64047,16.54134,14.154591,-10.758685,0.0,0.0,96.196,0.0,4.8,26.076,48.676,0.0,96.24063,0.0,99.998474,0.0,203.625,3804.0,0.0,-12.59375,0.07788086,105.43792,15478.114,15478.114,1100.0834,585.33136,0.0,6.8035245,0.0,3.8831124,3.0,0.0,27.220741,39.74995,5.624993,0.0,0.0,-3.375,0.0,0.0,0.0,0.0,0.0,0.0,1.9999695,1.0,53.35083,3.9061985,27.482021,27.72016,0.0,105.99992,0.0,0.0,106.72314,101.63201,720.0,548.625,-0.023086064,-27.1875,0.0,-28.5,6.535555,61.999977,29.66919,0.0,83.58,0.0,0.0,-14.465332,99.998474,85.53314,0.72753906,83.48,83.41,83.21,83.33,0
28127.271,0.018838447,-0.7729795,0.0894985,0.090204984,101.64046,16.54134,14.16212,-10.761697,0.0,0.0,96.24,0.0,4.8,26.076,48.676,0.0,96.24063,0.0,99.998474,0.0,203.625,3795.0,0.0,-12.671875,0.07849121,105.43792,15472.808,15472.808,1100.0834,585.33136,0.0,6.951888,0.0,3.8877451,3.0,0.0,27.130245,39.74995,5.624993,0.0,0.0,-3.2734375,0.0,0.0,0.0,0.0,0.0,0.0,1.9999695,1.0,53.35083,3.906214,27.461252,27.615503,0.0,105.99992,0.0,0.0,106.59876,101.6403,720.0,549.0,-0.018468851,-27.15625,0.0,-28.5,6.535555,61.999977,29.492188,0.0,83.46,0.0,0.0,-13.790894,99.998474,86.20758,0.6591797,83.21,83.3,83.22,83.18,0
28127.312,0.015070758,-0.7591918,0.08929845,0.090204984,101.64044,16.54134,14.1615305,-10.764947,0.0,0.0,96.277,0.0,4.8,26.076,48.676,0.0,96.24063,0.0,99.998474,0.0,203.625,3790.0,0.0,-12.7890625,0.07946777,105.4628,15482.36,15482.36,1100.0834,585.33136,0.0,6.8035245,0.0,3.8914497,3.0,0.0,27.048798,39.74995,5.624993,0.0,0.0,-3.1796875,0.0,0.0,0.0,0.0,0.0,0.0,1.9999695,1.0,52.905273,3.9062247,27.438837,27.61409,0.0,105.99992,0.0,0.0,106.358315,101.6403,720.0,548.625,-0.014775082,-27.125,0.0,-28.375,6.535555,61.999977,29.02832,0.0,83.24,0.0,0.0,-12.484741,99.998474,87.51373,0.6665039,83.0,83.07,82.88,83.03,0
28127.352,0.012056607,-0.71617675,0.08948868,0.0901626,101.64126,16.54134,14.155259,-10.761529,0.0,0.0,96.317,0.0,4.8,26.076,48.676,0.0,96.24063,0.0,99.998474,0.0,203.625,3779.0,0.0,-13.0,0.08013916,105.47109,15472.808,15472.808,1100.0834,585.33136,0.0,6.8459144,0.0,3.8944123,3.0,0.0,26.975498,39.74995,5.624993,0.0,0.0,-3.078125,0.0,0.0,0.0,0.0,0.0,0.0,1.9999695,1.0,52.905273,3.9062324,27.46321,27.591688,0.0,105.99992,0.0,0.0,106.04323,101.64859,720.0,549.0,-0.011820066,-27.09375,0.0,-28.375,6.535555,61.999977,28.405762,0.0,82.99,0.0,0.0,-11.114502,99.998474,88.88397,0.6713867,83.11,83.03,83.05,82.8,0
28127.393,0.009645286,-0.71772075,0.08974699,0.09007782,101.64199,16.54134,14.150868,-10.766316,0.0,0.0,96.358,0.0,4.8,26.076,48.676,0.0,96.24063,0.0,99.998474,0.0,203.625,3775.0,0.0,-13.515625,0.08074951,105.454506,15472.808,15472.808,1100.0834,585.33136,0.0,6.9942775,0.0,3.8967814,3.0,0.0,26.909527,39.74995,5.624993,0.0,0.0,-3.0390625,0.0,0.0,0.0,0.0,0.0,0.0,1.9999695,1.0,52.461243,3.9062376,27.430943,27.506119,0.0,105.99992,0.0,0.0,105.83592,101.64859,720.0,549.75,-0.009456052,-27.0625,0.0,-28.28125,6.535555,61.999977,27.941895,0.0,83.06,0.0,0.0,-10.113525,99.998474,89.88495,0.6689453,82.8,82.9,82.57,82.77,0
28127.434,-0.01228377,-0.7183383,0.08968114,0.09007782,101.642654,16.54134,14.136077,-10.76348,0.0,0.0,96.397,0.0,4.8,26.076,48.676,0.0,96.24063,0.0,99.998474,0.0,203.625,3768.0,0.0,-13.40625,0.08178711,105.479385,15472.808,15472.808,1100.0834,585.33136,0.0,6.9942775,0.0,3.8986764,3.0,0.0,26.850151,39.74995,5.624993,0.0,0.0,-2.9765625,0.0,0.0,0.0,0.0,0.0,0.0,1.9999695,1.0,52.461243,3.9062412,27.451153,27.530605,0.0,105.99992,0.0,0.0,105.71156,101.64859,720.0,549.375,-0.0075648422,-27.0625,0.0,-28.28125,6.535555,61.999977,27.7771,0.0,82.85,0.0,0.0,-9.020996,99.998474,90.97748,0.7055664,82.98,82.77,82.8,82.7,0
28127.473,-0.049827017,-0.7185854,0.089555345,0.09003542,101.64242,16.54134,14.15502,-10.76221,0.0,0.0,96.44,0.0,4.8,26.076,48.676,0.0,96.24063,0.0,99.998474,0.0,203.625,3766.0,0.0,-13.1875,0.08239746,105.4628,15468.032,15468.032,1100.0834,585.33136,0.0,6.8459144,0.0,3.900192,3.0,0.0,26.796715,39.74995,5.624993,0.0,0.0,-3.0390625,0.0,0.0,0.0,0.0,0.0,0.0,1.9999695,1.0,52.461243,3.9062438,27.45968,27.561823,0.0,105.99992,0.0,0.0,105.51255,101.6403,720.0,549.0,-0.006051874,-27.03125,0.0,-28.1875,6.535555,61.999977,27.392578,0.0,82.93,0.0,0.0,-8.255005,99.998474,91.74347,0.63964844,82.64,82.84,82.43,82.64,0
28127.512,-0.059861615,-0.73743415,0.089737356,0.09003542,101.642204,16.54134,14.16242,-10.769017,0.0,0.0,96.478,0.0,4.8,26.076,48.676,0.0,96.24063,0.0,99.998474,0.0,203.625,3759.0,0.0,-13.1953125,0.0836792,105.48767,15468.032,15468.032,1100.0834,585.33136,0.0,6.9094987,0.0,3.9014041,3.0,0.0,26.748623,39.74995,5.624993,0.0,0.0,-3.078125,0.0,0.0,0.0,0.0,0.0,0.0,1.9999695,1.0,52.461243,3.9062457,27.412548,27.464981,0.0,105.99992,0.0,0.0,105.39647,101.6403,720.0,549.375,-0.004841499,-27.03125,0.0,-28.1875,6.535555,61.999977,27.130127,0.0,82.7,0.0,0.0,-7.4310303,99.998474,92.567444,0.6982422,82.8,82.65,82.54,82.37,0
28127.553,-0.06788929,-0.76372373,0.089565165,0.09003542,101.642845,16.54134,14.155882,-10.773976,0.0,0.0,96.517,0.0,4.8,26.076,48.676,0.0,96.24063,0.0,99.998474,0.0,203.625,3759.0,0.0,-13.125,0.084350586,105.495964,15468.032,15468.032,1100.0834,585.33136,0.0,6.9094987,0.0,3.9023738,3.0,0.0,26.705338,39.74995,5.624993,0.0,0.0,-3.1015625,0.0,0.0,0.0,0.0,0.0,0.0,1.9999695,1.0,52.461243,3.906247,27.379,27.464981,0.0,105.99992,0.0,0.0,105.313545,101.64859,720.0,549.375,-0.0038731992,-27.0,0.0,-28.1875,6.535555,61.999977,26.867676,0.0,82.7,0.0,0.0,-6.7352295,99.998474,93.263245,0.64208984,82.37,82.61,82.41,82.43,0
28127.59,-0.074311435,-0.7554895,0.08924559,0.09003542,101.643425,16.54134,14.163023,-10.778301,0.0,0.0,96.559,0.0,4.8,26.076,48.676,0.0,96.24063,0.0,99.998474,0.0,203.625,3754.0,0.0,-13.0703125,0.085632324,105.51255,15468.032,15468.032,1100.0834,585.33136,0.0,6.8247194,0.0,3.9031494,3.0,0.0,26.666382,39.74995,5.624993,0.0,0.0,-3.09375,0.0,0.0,0.0,0.0,0.0,0.0,1.9999695,1.0,52.015686,3.9062479,27.34977,27.51238,0.0,105.99992,0.0,0.0,105.07309,101.64859,720.0,549.0,-0.0030985593,-27.0,0.0,-28.1875,6.535555,61.999977,26.489258,0.0,82.56,0.0,0.0,-5.706787,99.998474,94.29169,0.6738281,82.5,82.27,82.27,82.31,0
28127.635,-0.07944915,-0.75219584,0.089015745,0.08999302,101.64394,16.54134,14.156303,-10.777152,0.0,0.0,96.596,0.0,4.8,26.076,48.676,0.0,96.24063,0.0,99.998474,0.0,203.625,3749.0,0.0,-13.1484375,0.08630371,105.51255,15468.032,15468.032,1100.0834,585.33136,0.0,6.73994,0.0,3.9037697,3.0,0.0,26.63132,39.37495,5.624993,0.0,0.0,-3.125,0.0,0.0,0.0,0.0,0.0,0.0,1.9999695,1.0,52.015686,3.9062486,27.358212,27.554995,0.0,105.99992,0.0,0.0,105.07309,101.64859,720.0,549.0,-0.0024788475,-26.96875,0.0,-28.1875,6.535555,61.999977,26.464844,0.0,82.38,0.0,0.0,-5.480957,99.998474,94.51752,0.625,82.2,82.2,81.95,82.37,0
28127.672,-0.063559316,-0.7321284,0.089045204,0.08982348,101.64358,16.54134,14.163319,-10.785869,0.0,0.0,96.64,0.0,4.8,26.076,48.676,0.0,95.93987,0.0,99.998474,0.0,203.625,3737.0,0.0,-13.09375,0.08758545,105.52084,15468.032,15468.032,1100.0834,585.33136,0.0,6.6339664,0.0,3.9042659,3.0,0.0,26.674955,39.37495,5.624993,0.0,0.0,-3.109375,0.0,0.0,0.0,0.0,0.0,0.0,1.9999695,1.0,52.015686,3.906249,27.297758,27.458529,0.0,105.99992,0.0,0.0,104.7497,101.6403,720.0,549.375,-0.001983078,-26.9375,0.0,-28.09375,6.535555,61.999977,25.836182,0.0,82.26,0.0,0.0,-4.559326,99.998474,95.43915,0.68847656,82.04,81.98,82.01,82.04,0
28127.71,-0.050847452,-0.70535135,0.08858154,0.08978109,101.64325,16.54134,14.16237,-10.801354,0.0,0.0,96.677,0.0,4.8,26.076,48.676,0.0,95.699265,0.0,99.998474,0.0,203.625,3731.0,0.0,-13.0546875,0.087890625,105.52084,15468.032,15468.032,1100.0834,585.33136,0.0,6.78233,0.0,3.9046628,3.0,0.0,26.714228,39.37495,5.624993,0.0,0.0,-3.1015625,0.0,0.0,0.0,0.0,0.0,0.0,1.9999695,1.0,51.571655,3.9062493,27.190687,27.425234,0.0,105.99992,0.0,0.0,104.7497,101.6403,720.0,549.0,-0.0015864624,-26.90625,0.0,-28.09375,6.535555,61.999977,25.744629,0.0,82.02,0.0,0.0,-3.9398193,99.998474,96.058655,0.7055664,82.05,82.18,81.74,81.82,0
28127.752,-0.04067796,-0.6946406,0.08870225,0.08978109,101.64212,16.54134,14.155847,-10.794873,0.0,0.0,96.716,0.0,4.8,26.076,48.676,0.0,95.506775,0.0,99.998474,0.0,203.625,3724.0,0.0,-13.1640625,0.08856201,105.51255,15463.786,15463.786,1100.0834,585.33136,0.0,6.8883038,0.0,3.9049804,3.0,0.0,26.749573,39.37495,5.624993,0.0,0.0,-3.09375,0.0,0.0,0.0,0.0,0.0,0.0,1.9999695,1.0,51.571655,3.9062495,27.234238,27.447975,0.0,105.99992,0.0,0.0,104.67509,101.63201,720.0,549.0,-0.00126917,-26.875,0.0,-28.09375,6.535555,61.999977,25.720215,0.0,82.02,0.0,0.0,-3.7719727,99.998474,96.2265,0.67871094,81.98,81.91,81.95,81.65,0
28127.79,-0.03254237,-0.7091062,0.08887915,0.08978109,101.641106,16.54134,14.162999,-10.802219,0.0,0.0,96.759,0.0,4.8,26.076,48.676,0.0,95.35278,0.0,99.998474,0.0,203.625,3723.0,0.0,-13.4765625,0.08984375,105.52913,15463.786,15463.786,1100.0834,585.33136,0.0,6.867109,0.0,3.905234,3.0,0.0,26.781384,39.37495,5.624993,0.0,0.0,-2.84375,0.0,0.0,0.0,0.0,0.0,0.0,1.9999695,1.0,51.127625,3.9062495,27.182587,27.371775,0.0,105.99992,0.0,0.0,104.46779,101.63201,720.0,549.375,-0.001015336,-26.875,0.0,-28.09375,6.535555,61.999977,25.31128,0.0,82.0,0.0,0.0,-2.8076172,99.998474,97.19086,0.67871094,81.95,82.07,81.71,81.61,0
28127.834,-0.026033897,-0.7336425,0.08818139,0.0897387,101.64019,16.54134,14.150428,-10.794938,0.0,0.0,96.796,0.0,4.8,26.076,48.676,0.0,95.22959,0.0,99.998474,0.0,203.625,3719.0,0.0,-13.8359375,0.09051514,105.52913,15468.032,15468.032,1100.0834,585.33136,0.0,6.8035245,0.0,3.9054372,3.0,0.0,26.810013,39.74995,5.624993,0.0,0.0,-2.9609375,0.0,0.0,0.0,0.0,0.0,0.0,1.9999695,1.0,51.127625,3.9062495,27.231857,27.534077,0.0,105.99992,0.0,0.0,104.42633,101.63201,720.0,550.125,-8.122688E-4,-26.875,0.0,-28.09375,6.535555,61.999977,25.280762,0.0,81.85,0.0,0.0,-2.4139404,99.998474,97.58453,0.6567383,81.77,81.71,81.61,81.71,0
28127.873,-0.020827118,-0.743457,0.08886676,0.0897387,101.63854,16.54134,14.165065,-10.794497,0.0,0.0,96.84,0.0,4.8,26.076,48.676,0.0,95.13104,0.0,99.998474,0.0,203.625,3718.0,0.0,-13.6171875,0.091796875,105.53742,15468.032,15468.032,1100.0834,585.33136,0.0,6.867109,0.0,3.9055996,3.0,0.0,26.83578,39.37495,5.624993,0.0,0.0,-3.0625,0.0,0.0,0.0,0.0,0.0,0.0,1.9999695,1.0,51.127625,3.9062495,27.233253,27.414516,0.0,105.99992,0.0,0.0,104.34342,101.62372,720.0,549.75,-6.498151E-4,-26.84375,0.0,-28.0,6.535555,61.999977,25.0,0.0,81.88,0.0,0.0,-2.218628,99.998474,97.77985,0.6958008,81.91,81.87,81.49,81.26,0
28127.91,-0.016661694,-0.76613283,0.089002445,0.0897387,101.63706,16.54134,14.163592,-10.795739,0.0,0.0,96.88,0.0,4.8,26.076,48.676,0.0,95.0522,0.0,99.998474,0.0,203.625,3712.0,0.0,-13.4296875,0.09210205,105.53742,15459.541,15459.541,1100.0834,585.33136,0.0,6.8883038,0.0,3.9057298,3.0,0.0,26.858969,39.37495,5.624993,0.0,0.0,-3.15625,0.0,0.0,0.0,0.0,0.0,0.0,1.9999695,1.0,51.127625,3.9062495,27.223207,27.364094,0.0,105.99992,0.0,0.0,104.14441,101.62372,720.0,549.375,-5.198521E-4,-26.84375,0.0,-28.0,6.535555,61.999977,24.627686,0.0,81.59,0.0,0.0,-1.8127441,99.998474,98.18573,0.71533203,81.38,81.55,81.2,81.42,0
28127.951,-0.013329356,-0.75645316,0.089077495,0.089653924,101.63655,16.54134,14.162561,-10.793038,0.0,0.0,96.916,0.0,4.8,26.076,48.676,0.0,94.98913,0.0,99.998474,0.0,203.25,3711.0,0.0,-13.65625,0.093444824,105.570595,15463.786,15463.786,1100.0834,585.33136,0.0,6.9094987,0.0,3.9058337,3.0,0.0,26.879839,39.37495,5.2499933,0.0,0.0,-3.3125,0.0,0.0,0.0,0.0,0.0,0.0,1.9999695,1.0,51.127625,3.9062495,27.24131,27.35423,0.0,105.99992,0.0,0.0,104.111244,101.63201,720.0,549.75,-4.158817E-4,-26.8125,0.0,-28.0,6.535555,61.999977,24.542236,0.0,81.66,0.0,0.0,-0.8972168,99.998474,99.10126,0.6738281,81.29,81.42,81.38,81.2,0
28127.992,0.009336514,-0.7525813,0.08922233,0.08961153,101.63609,16.54134,14.167699,-10.785942,0.0,0.0,96.959,0.0,4.8,26.076,48.676,0.0,94.93867,0.0,99.998474,0.0,203.25,3703.0,0.0,-13.5625,0.094055176,105.5623,15468.032,15468.032,1100.0834,585.33136,0.0,6.8247194,0.0,3.905917,3.0,0.0,26.898623,39.37495,5.2499933,0.0,0.0,-3.375,0.0,0.0,0.0,0.0,0.0,0.0,1.9999695,1.0,50.682068,3.9062495,27.289774,27.363842,0.0,105.99992,0.0,0.0,104.111244,101.63201,720.0,549.75,-3.3270536E-4,-26.78125,0.0,-28.0,6.535555,61.999977,24.432373,0.0,81.4,0.0,0.0,-0.7751465,99.998474,99.22333,0.6274414,81.22,81.29,80.96,81.32,0
28128.035,0.0074692117,-0.71353257,0.08948898,0.08961153,101.63568,16.54134,14.159576,-10.780709,0.0,0.0,96.997,0.0,4.8,26.076,48.676,0.0,94.8983,0.0,19.921875,0.0,203.25,3699.0,0.0,-13.625,0.09539795,105.58717,15455.296,15455.296,1100.0834,585.33136,0.0,6.8883038,0.0,3.9059834,3.0,0.0,26.915527,39.37495,5.2499933,0.0,0.0,-3.546875,0.0,0.0,0.0,0.0,0.0,0.0,1.9999695,1.0,50.682068,3.9062495,27.32542,27.339493,0.0,105.99992,0.0,0.0,104.111244,101.63201,720.0,549.75,-2.6616428E-4,-26.75,0.0,-28.0,6.535555,61.999977,24.450684,0.0,81.35,0.0,0.0,-0.8453369,99.998474,99.15314,0.6982422,81.32,81.17,81.04,80.94,0
28128.072,0.025975369,-0.716663,0.089640275,0.08956914,101.63448,16.54134,14.171469,-10.773824,0.0,0.0,97.042,0.0,4.8,26.076,48.676,0.0,94.866005,0.0,0.032043457,0.0,203.25,3693.0,0.0,-13.59375,0.0960083,105.57888,15459.541,15459.541,1100.0834,585.33136,0.0,7.0154724,0.0,3.9060366,3.0,0.0,26.930742,39.37495,5.2499933,0.0,0.0,-3.6640625,0.0,0.0,0.0,0.0,0.0,0.0,1.9999695,1.0,50.682068,3.9062495,27.371687,27.34715,0.0,105.99992,0.0,0.0,104.028336,101.62372,720.0,549.75,-2.1293142E-4,-26.75,0.0,-27.875,6.535555,61.999977,23.779297,0.0,81.07,0.0,0.0,-0.74157715,99.998474,99.2569,0.67871094,81.17,81.26,80.75,80.96,0
28128.111,0.040780295,-0.6991652,0.08970792,0.08956914,101.63341,16.54134,14.179793,-10.776566,0.0,0.0,97.077,0.0,4.8,26.076,48.676,0.0,94.84017,0.0,0.0,0.0,203.25,3690.0,0.0,-13.5859375,0.097351074,105.60376,15459.541,15459.541,1100.0834,585.33136,0.0,6.973083,0.0,3.9060793,3.0,0.0,26.944435,39.37495,5.2499933,0.0,0.0,-3.6640625,0.0,0.0,0.0,0.0,0.0,0.0,1.9999695,1.0,50.238037,3.9062495,27.351713,27.313663,0.0,105.99992,0.0,0.0,103.92883,101.62372,720.0,549.75,-1.7034514E-4,-26.75,0.0,-27.875,6.535555,61.999977,22.705078,0.0,81.08,0.0,0.0,-0.72021484,99.998474,99.27826,0.67871094,81.04,81.0,81.0,80.75,0
28128.152,0.052624237,-0.7109161,0.09020761,0.08956914,101.63161,16.54134,14.179762,-10.756704,0.0,0.0,97.119,0.0,4.8,26.076,48.676,0.0,94.8195,0.0,0.0,0.0,203.25,3685.0,0.0,-13.6640625,0.097961426,105.59547,15451.051,15451.051,1100.0834,585.33136,0.0,6.8883038,0.0,3.9061131,3.0,0.0,26.956758,39.37495,5.2499933,0.0,0.0,-3.6640625,0.0,0.0,0.0,0.0,0.0,0.0,1.9999695,1.0,50.238037,3.9062495,27.486818,27.351318,0.0,105.99992,0.0,0.0,105.07309,101.615425,720.0,549.75,-1.3627611E-4,-26.71875,0.0,-27.78125,6.535555,61.999977,24.163818,0.0,81.01,0.0,0.0,-4.7973633,99.998474,95.20111,0.625,80.91,80.94,80.56,80.91,0
28128.191,0.10209939,-0.71561646,0.09102769,0.08952674,101.62999,16.54134,14.185598,-10.735521,0.0,0.0,97.159,0.0,4.8,26.076,48.676,0.0,94.80297,0.0,0.0,0.0,203.25,3682.0,0.0,-13.5859375,0.09863281,105.58717,15446.805,15446.805,1100.0834,585.33136,0.0,7.0154724,0.0,3.9061406,3.0,0.0,26.96785,39.37495,5.2499933,0.0,0.0,-3.6484375,0.0,0.0,0.0,0.0,0.0,0.0,1.9999695,1.0,50.238037,3.9062495,27.631214,27.323261,0.0,105.99992,0.0,0.0,104.7497,101.615425,720.0,549.75,-1.0902089E-4,-26.6875,0.0,-27.78125,6.535555,61.999977,23.22998,0.0,80.87,0.0,0.0,-4.974365,99.998474,95.02411,0.7080078,80.91,80.81,80.72,80.65,0
28128.234,0.121679515,-0.7362466,0.090657815,0.089399576,101.62853,16.54134,14.172106,-10.745846,0.0,0.0,97.199,0.0,4.8,26.076,48.676,0.0,94.78974,0.0,0.0,0.0,203.25,3678.0,0.0,-13.546875,0.10021973,105.61205,15444.683,15444.683,1100.0834,585.33136,0.0,7.0154724,0.0,3.9061623,3.0,0.0,26.977833,39.37495,5.2499933,0.0,0.0,-3.6171875,0.0,0.0,0.0,0.0,0.0,0.0,1.9999695,1.0,50.238037,3.9062495,27.558582,27.323914,0.0,105.99992,0.0,0.0,104.7497,101.615425,720.0,549.75,-8.7216715E-5,-26.6875,0.0,-27.78125,6.535555,61.999977,22.79663,0.0,80.87,0.0,0.0,-4.119873,99.998474,95.8786,0.6958008,80.78,80.84,80.65,80.49,0
28128.273,0.11734362,-0.74449867,0.09096012,0.089399576,101.62639,16.54134,14.186099,-10.76405,0.0,0.0,97.24,0.0,4.8,26.076,48.676,0.0,94.77916,0.0,0.0,0.0,203.25,3674.0,0.0,-13.5859375,0.10089111,105.59547,15442.56,15442.56,1100.0834,585.33136,0.0,7.057862,0.0,3.9061797,3.0,0.0,26.986816,39.37495,5.2499933,0.0,0.0,-2.453125,0.0,0.0,0.0,0.0,0.0,0.0,1.9999695,1.0,50.238037,3.9062495,27.430973,27.167732,0.0,105.99992,0.0,0.0,104.7497,101.60713,720.0,549.75,-6.977337E-5,-26.65625,0.0,-27.78125,6.535555,61.999977,22.473145,0.0,80.84,0.0,0.0,-4.034424,99.998474,95.96405,0.6542969,80.72,80.52,80.69,80.36,0
28128.312,0.1138749,-0.7477995,0.09148772,0.08935718,101.62446,16.54134,14.1841755,-10.761382,0.0,0.0,97.28,0.0,4.8,26.076,48.676,0.0,94.77069,0.0,0.0,0.0,203.25,3672.0,0.0,-13.6796875,0.10247803,105.62034,15442.56,15442.56,1100.0834,585.33136,0.0,7.0154724,0.0,3.9061937,3.0,0.0,26.994902,39.37495,5.2499933,0.0,0.0,-2.1484375,0.0,0.0,0.0,0.0,0.0,0.0,1.9999695,1.0,49.794006,3.9062495,27.447428,27.039713,0.0,105.99992,0.0,0.0,104.7497,101.60713,720.0,549.75,-5.58187E-5,-26.65625,0.0,-27.78125,6.535555,61.999977,22.29004,0.0,80.63,0.0,0.0,-4.0527344,99.998474,95.94574,0.6542969,80.65,80.65,80.39,80.33,0
28128.352,0.09109992,-0.7491198,0.09138945,0.0893572,101.62356,16.54134,14.17697,-10.766445,0.0,0.0,97.317,0.0,4.8,26.076,48.676,0.0,94.763916,0.0,0.0,0.0,203.25,3665.0,0.0,-13.640625,0.103149414,105.636925,15442.56,15442.56,1100.0834,585.33136,0.0,6.9094987,0.0,3.906205,3.0,0.0,27.002178,39.37495,5.2499933,0.0,0.0,-1.6953125,0.0,0.0,0.0,0.0,0.0,0.0,1.9999695,1.0,49.794006,3.9062495,27.411623,27.0089,0.0,105.99992,0.0,0.0,104.7497,101.615425,720.0,549.75,-4.465496E-5,-26.65625,0.0,-27.78125,6.535555,61.999977,22.076416,0.0,80.53,0.0,0.0,-4.006958,99.998474,95.991516,0.67871094,80.3,80.33,80.06,80.3,0
28128.39,0.092879936,-0.7308979,0.090995096,0.0893148,101.62274,16.54134,14.183644,-10.776988,0.0,0.0,97.359,0.0,4.8,26.076,48.676,0.0,94.7585,0.0,0.0,0.0,203.25,3659.0,0.0,-13.234375,0.10449219,105.65351,15438.314,15438.314,1100.0834,585.33136,0.0,6.8883038,0.0,3.9062138,3.0,0.0,27.008728,39.37495,5.2499933,0.0,0.0,-1.65625,0.0,0.0,0.0,0.0,0.0,0.0,1.9999695,1.0,49.794006,3.9062495,27.338133,27.013058,0.0,105.99992,0.0,0.0,104.7497,101.615425,720.0,549.375,-3.572397E-5,-26.59375,0.0,-27.6875,6.535555,61.999977,21.917725,0.0,80.44,0.0,0.0,-4.0039062,99.998474,95.99457,0.6591797,80.36,80.24,80.21,80.03,0
28128.434,0.07430395,-0.7236092,0.09116622,0.08931481,101.62201,16.54134,14.170738,-10.776837,0.0,0.0,97.396,0.0,4.8,26.076,48.676,0.0,94.754166,0.0,0.0,0.0,203.25,3650.0,0.0,-13.578125,0.10510254,105.65351,15434.069,15434.069,1100.0834,585.33136,0.0,6.951888,0.0,3.906221,3.0,0.0,27.014622,39.37495,5.2499933,0.0,0.0,-1.6796875,0.0,0.0,0.0,0.0,0.0,0.0,1.9999695,1.0,49.794006,3.9062495,27.33844,26.980684,0.0,105.99992,0.0,0.0,104.62533,101.615425,720.0,549.75,-2.8579176E-5,-26.59375,0.0,-27.6875,6.535555,61.999977,21.716309,0.0,80.16,0.0,0.0,-3.753662,99.998474,96.24481,0.68847656,80.12,80.15,79.95,80.06,0
28128.475,0.059443157,-0.70194376,0.09118874,0.08918764,101.62052,16.54134,14.179282,-10.768203,0.0,0.0,97.44,0.0,4.8,26.076,48.676,0.0,94.7507,0.0,0.0,0.0,203.25,3643.0,0.0,-13.75,0.10571289,105.636925,15434.069,15434.069,1100.0834,585.33136,0.0,6.867109,0.0,3.9062266,3.0,0.0,27.095114,39.37495,5.2499933,0.0,0.0,-1.703125,0.0,0.0,0.0,0.0,0.0,0.0,1.9999695,1.0,49.794006,3.9062495,27.396467,26.997183,0.0,105.99992,0.0,0.0,104.67509,101.60713,720.0,549.75,-2.2863342E-5,-26.5625,0.0,-27.6875,6.535555,61.999977,21.801758,0.0,80.12,0.0,0.0,-3.6865234,99.998474,96.31195,0.6713867,79.92,80.03,79.9,80.03,0
28128.51,0.067554526,-0.69327754,0.09138252,0.08918764,101.61918,16.54134,14.185263,-10.764904,0.0,0.0,97.48,0.0,4.8,26.076,48.676,0.0,94.747925,0.0,0.0,0.0,203.25,3638.0,0.0,-13.6640625,0.107055664,105.661804,15434.069,15434.069,1100.0834,585.33136,0.0,6.867109,0.0,3.9062312,3.0,0.0,27.167557,39.37495,5.2499933,0.0,0.0,-1.6328125,0.0,0.0,0.0,0.0,0.0,0.0,1.9999695,1.0,49.34845,3.9062495,27.41787,26.989695,0.0,105.99992,0.0,0.0,104.534134,101.60713,720.0,549.75,-1.8290673E-5,-26.53125,0.0,-27.59375,6.535555,61.999977,21.447754,0.0,80.04,0.0,0.0,-3.5644531,99.998474,96.43402,0.6567383,79.82,79.86,79.71,79.8,0
28128.553,0.05404362,-0.68981105,0.09120194,0.08918764,101.61715,16.54134,14.18359,-10.772169,0.0,0.0,97.516,0.0,4.8,26.076,48.676,0.0,94.745705,0.0,0.0,0.0,203.25,3634.0,0.0,-13.765625,0.10736084,105.65351,15434.069,15434.069,1100.0834,585.33136,0.0,6.9942775,0.0,3.906235,3.0,0.0,27.232756,39.37495,5.2499933,0.0,0.0,-1.5625,0.0,0.0,0.0,0.0,0.0,0.0,1.9999695,1.0,49.34845,3.9062495,27.36576,26.964643,0.0,105.99992,0.0,0.0,104.64192,101.59884,720.0,549.75,-1.4632539E-5,-26.5,0.0,-27.59375,6.535555,61.999977,21.606445,0.0,79.83,0.0,0.0,-3.3081055,99.998474,96.69037,0.64453125,79.92,79.8,79.77,79.71,0
28128.592,0.043234896,-0.7071744,0.09094479,0.08918764,101.61532,16.54134,14.188278,-10.752661,0.0,0.0,97.558,0.0,4.8,26.076,48.676,0.0,94.74393,0.0,0.0,0.0,203.25,3632.0,0.0,-14.1796875,0.10870361,105.67838,15434.069,15434.069,1100.0834,585.33136,0.0,6.930693,0.0,3.9062378,3.0,0.0,27.291435,39.37495,5.2499933,0.0,0.0,-1.6171875,0.0,0.0,0.0,0.0,0.0,0.0,1.9999695,1.0,49.35608,3.9062495,27.498398,27.160408,0.0,105.99992,0.0,0.0,104.42633,101.59884,720.0,550.125,-1.1706032E-5,-26.5,0.0,-27.59375,6.535555,61.999977,21.173096,0.0,79.9,0.0,0.0,-2.6641846,99.998474,97.33429,0.68847656,79.77,79.86,79.36,79.62,0
28128.635,0.034587916,-0.7328698,0.091316655,0.08914525,101.61367,16.54134,14.173982,-10.746658,0.0,0.0,97.597,0.0,4.8,26.076,48.676,0.0,94.74251,0.0,0.0,0.0,203.25,3626.0,0.0,-14.171875,0.109313965,105.67838,15429.823,15429.823,1100.0834,585.33136,0.0,6.867109,0.0,3.9062402,3.0,0.0,27.344246,39.37495,5.2499933,0.0,0.0,-1.6640625,0.0,0.0,0.0,0.0,0.0,0.0,1.9999695,1.0,49.35608,3.9062495,27.538122,27.111801,0.0,105.99992,0.0,0.0,104.42633,101.59884,720.0,550.125,-9.364826E-6,-26.46875,0.0,-27.59375,6.535555,61.999977,21.21582,0.0,79.71,0.0,0.0,-2.5115967,99.998474,97.48688,0.68359375,79.75,79.59,79.46,79.43,0
28128.672,0.0076703336,-0.74314797,0.0907996,0.08914525,101.613014,16.54134,14.187412,-10.768539,0.0,0.0,97.64,0.0,4.8,26.076,48.676,0.0,94.74137,0.0,0.0,0.0,203.25,3623.0,0.0,-14.0234375,0.109680176,105.67838,15434.069,15434.069,1100.0834,585.33136,0.0,6.867109,0.0,3.9062421,3.0,0.0,27.391777,39.37495,5.2499933,0.0,0.0,-1.8046875,0.0,0.0,0.0,0.0,0.0,0.0,1.9999695,1.0,49.34845,3.9062495,27.386642,27.063375,0.0,105.99992,0.0,0.0,104.42633,101.60713,720.0,550.125,-7.4918607E-6,-26.46875,0.0,-27.59375,6.535555,61.999977,21.240234,0.0,79.71,0.0,0.0,-2.444458,99.998474,97.554016,0.6689453,79.46,79.59,79.34,79.27,0
28128.713,0.006136267,-0.7472592,0.09073614,0.08897568,101.61243,16.54134,14.185095,-10.767847,0.0,0.0,97.677,0.0,4.8,26.076,48.676,0.0,94.74046,0.0,0.0,0.0,203.25,3613.0,0.0,-13.7734375,0.110961914,105.70326,15434.069,15434.069,1100.0834,585.33136,0.0,6.867109,0.0,3.9062436,3.0,0.0,27.434555,39.37495,5.2499933,0.0,0.0,-1.90625,0.0,0.0,0.0,0.0,0.0,0.0,1.9999695,1.0,48.90442,3.9062495,27.390833,27.035152,0.0,105.99992,0.0,0.0,104.42633,101.60713,720.0,550.125,-5.9934887E-6,-26.4375,0.0,-27.5,6.535555,61.999977,21.289062,0.0,79.44,0.0,0.0,-2.4414062,99.998474,97.55707,0.60546875,79.5,79.36,79.27,79.36,0
28128.752,0.004909014,-0.7301537,0.09054085,0.08897568,101.612724,16.54134,14.183473,-10.763238,0.0,0.0,97.717,0.0,4.8,26.076,48.676,0.0,94.73974,0.0,0.0,0.0,203.25,3608.0,0.0,-13.953125,0.111328125,105.71155,15434.069,15434.069,1100.0834,585.33136,0.0,6.973083,0.0,3.9062448,3.0,0.0,27.473055,39.37495,5.2499933,0.0,0.0,-2.1953125,0.0,0.0,0.0,0.0,0.0,0.0,1.9999695,1.0,48.90442,3.9062495,27.4229,27.11551,0.0,105.99992,0.0,0.0,104.393166,101.615425,720.0,550.125,-4.794791E-6,-26.40625,0.0,-27.5,6.535555,61.999977,21.099854,0.0,79.52,0.0,0.0,-2.3834229,99.998474,97.61505,0.68603516,79.25,79.21,79.0,79.16,0
28128.793,0.0039272113,-0.7233115,0.09112315,0.0889333,101.61299,16.54134,14.188196,-10.749075,0.0,0.0,97.759,0.0,4.8,26.076,48.676,0.0,94.73916,0.0,0.0,0.0,203.25,3602.0,0.0,-13.953125,0.1116333,105.70326,15434.069,15434.069,1100.0834,585.33136,0.0,6.9942775,0.0,3.9062457,3.0,0.0,27.507704,39.37495,5.2499933,0.0,0.0,-2.3125,0.0,0.0,0.0,0.0,0.0,0.0,1.9999695,1.0,48.90442,3.9062495,27.520788,27.085623,0.0,105.99992,0.0,0.0,104.34342,101.615425,720.0,550.125,-3.835833E-6,-26.375,0.0,-27.5,6.535555,61.999977,21.118164,0.0,79.18,0.0,0.0,-2.2003174,99.998474,97.79816,0.67871094,79.27,79.1,78.87,79.1,0
28128.834,0.003141769,-0.7205746,0.09074049,0.0889333,101.613235,16.54134,14.173924,-10.760034,0.0,0.0,97.798,0.0,4.8,26.076,48.676,0.0,94.73869,0.0,0.0,0.0,203.25,3598.0,0.0,-13.8828125,0.11193848,105.70326,15429.823,15429.823,1100.0834,585.33136,0.0,6.973083,0.0,3.9062464,3.0,0.0,27.538889,39.37495,5.2499933,0.0,0.0,-2.4140625,0.0,0.0,0.0,0.0,0.0,0.0,1.9999695,1.0,48.90442,3.9062495,27.445496,27.092499,0.0,105.99992,0.0,0.0,104.34342,101.615425,720.0,550.125,-3.0686665E-6,-26.375,0.0,-27.5,6.535555,61.999977,21.002197,0.0,79.24,0.0,0.0,-1.9256592,99.998474,98.072815,0.67871094,78.97,79.1,79.1,78.82,0
28128.871,0.022513416,-0.71947986,0.0909706,0.0889333,101.61429,16.54134,14.181513,-10.772439,0.0,0.0,97.84,0.0,4.8,26.076,48.676,0.0,94.587944,0.0,0.0,0.0,203.25,3594.0,0.0,-13.8203125,0.11328125,105.73643,15412.842,15412.842,1100.0834,585.33136,0.0,6.973083,0.0,3.9062471,3.0,0.0,27.566956,39.37495,5.2499933,0.0,0.0,-2.53125,0.0,0.0,0.0,0.0,0.0,0.0,1.9999695,1.0,48.90442,3.9062495,27.361034,26.95568,0.0,105.99992,0.0,0.0,104.26879,101.62372,720.0,549.75,-2.4549333E-6,-26.34375,0.0,-27.375,6.535555,61.999977,20.941162,0.0,78.98,0.0,0.0,-1.5258789,99.998474,98.472595,0.6689453,79.06,79.12,78.66,79.0,0
28128.91,0.03801073,-0.71904194,0.0905695,0.0888909,101.615234,16.54134,14.186825,-10.786473,0.0,0.0,97.877,0.0,4.8,26.076,48.676,0.0,94.46735,0.0,0.0,0.0,203.25,3589.0,0.0,-13.78125,0.113586426,105.73643,15429.823,15429.823,1100.0834,585.33136,0.0,6.9094987,0.0,3.9062476,3.0,0.0,27.592215,39.37495,5.2499933,0.0,0.0,-2.5,0.0,0.0,0.0,0.0,0.0,0.0,1.9999695,1.0,48.46039,3.9062495,27.26525,26.939701,0.0,105.99992,0.0,0.0,104.185875,101.62372,720.0,549.75,-1.9639467E-6,-26.34375,0.0,-27.375,6.535555,61.999977,20.76416,0.0,78.97,0.0,0.0,-1.0559082,99.998474,98.942566,0.6616211,78.87,78.66,78.7,78.7,0
28128.951,0.030408585,-0.7188668,0.09030095,0.0888909,101.61525,16.54134,14.184684,-10.772334,0.0,0.0,97.916,0.0,4.8,26.076,48.676,0.0,94.370865,0.0,0.0,0.0,203.25,3585.0,0.0,-14.1328125,0.113586426,105.728134,15414.965,15414.965,1100.0834,585.33136,0.0,6.973083,0.0,3.9062479,3.0,0.0,27.614948,39.37495,5.2499933,0.0,0.0,-2.5390625,0.0,0.0,0.0,0.0,0.0,0.0,1.9999695,1.0,48.46039,3.9062495,27.362726,27.086044,0.0,105.99992,0.0,0.0,104.136116,101.615425,720.0,550.125,-1.5711574E-6,-26.3125,0.0,-27.375,6.535555,61.999977,20.654297,0.0,78.95,0.0,0.0,-0.8911133,99.998474,99.10736,0.6933594,78.59,78.78,78.59,78.66,0
28128.992,0.024326868,-0.71879673,0.09127184,0.088806115,101.615265,16.54134,14.189044,-10.763965,0.0,0.0,97.959,0.0,4.8,26.076,48.676,0.0,94.293686,0.0,0.0,0.0,202.875,3579.0,0.0,-13.7421875,0.1138916,105.71984,15410.72,15410.72,1100.0834,585.33136,0.0,7.057862,0.0,3.9062483,3.0,0.0,27.635408,38.99995,4.874994,0.0,0.0,-2.5859375,0.0,0.0,0.0,0.0,0.0,0.0,1.9999695,1.0,48.46039,3.9062495,27.420424,27.091848,0.0,105.99992,0.0,0.0,104.111244,101.615425,720.0,549.75,-1.256926E-6,-26.28125,0.0,-27.375,6.535555,61.999977,20.76416,0.0,78.69,0.0,0.0,-0.97351074,99.998474,99.02496,0.68359375,78.87,78.63,78.45,78.61,0
28129.035,0.019461496,-0.7375187,0.09093503,0.08876374,101.61528,16.54134,14.168659,-10.776026,0.0,0.0,97.998,0.0,4.8,26.076,48.676,0.0,94.23194,0.0,0.0,0.0,202.875,3577.0,0.0,-13.671875,0.11419678,105.71984,15417.087,15417.087,1100.0834,585.33136,0.0,6.9942775,0.0,3.9062486,3.0,0.0,27.653822,38.99995,4.874994,0.0,0.0,-2.6796875,0.0,0.0,0.0,0.0,0.0,0.0,1.9999695,1.0,48.46039,3.9062495,27.337309,26.918205,0.0,105.99992,0.0,0.0,104.111244,101.615425,720.0,549.75,-1.0055409E-6,-26.28125,0.0,-27.375,6.535555,61.999977,20.776367,0.0,78.69,0.0,0.0,-0.8178711,99.998474,99.1806,0.68603516,78.61,78.61,78.15,78.3,0
28129.072,0.015569197,-0.7450075,0.091100425,0.08876374,101.61446,16.54134,14.183686,-10.773602,0.0,0.0,98.042,0.0,4.8,26.076,48.676,0.0,94.18254,0.0,0.0,0.0,202.875,3573.0,0.0,-13.84375,0.11517334,105.728134,15417.087,15417.087,1100.0834,585.33136,0.0,6.8883038,0.0,3.9062488,3.0,0.0,27.670395,38.99995,4.874994,0.0,0.0,-2.71875,0.0,0.0,0.0,0.0,0.0,0.0,1.9999695,1.0,48.46039,3.9062495,27.353203,26.892658,0.0,105.99992,0.0,0.0,104.111244,101.60713,720.0,549.75,-8.044327E-7,-26.28125,0.0,-27.375,6.535555,61.999977,20.751953,0.0,78.57,0.0,0.0,-0.8178711,99.998474,99.1806,0.67871094,78.49,78.43,78.38,78.19,0
28129.111,0.012455358,-0.748003,0.08889817,0.08876374,101.61373,16.54134,14.188346,-10.766163,0.0,0.0,98.077,0.0,4.8,26.076,48.676,0.0,94.14302,0.0,0.0,0.0,202.875,3569.0,0.0,-14.4453125,0.11553955,105.728134,15404.352,15404.352,1100.0834,585.33136,0.0,6.7187457,0.0,3.9062488,3.0,0.0,27.68531,38.99995,4.874994,0.0,0.0,-2.7265625,0.0,0.0,0.0,0.0,0.0,0.0,1.9999695,1.0,48.01483,3.9062495,27.403738,27.39353,0.0,105.99992,0.0,0.0,104.111244,101.60713,720.0,550.875,-6.435462E-7,-26.25,0.0,-27.5,6.535555,61.999977,20.593262,0.0,78.5,0.0,0.0,-0.8178711,99.998474,99.1806,0.63964844,78.38,78.38,78.13,78.25,0
28129.152,0.009964286,-0.7117013,0.089740105,0.08872136,101.61224,16.54134,14.179889,-10.765562,0.0,0.0,98.119,0.0,4.8,26.076,48.676,0.0,94.111404,0.0,0.0,0.0,202.875,3563.0,0.0,-14.4296875,0.11584473,105.71984,15400.105,15400.105,1100.0834,585.33136,0.0,6.8459144,0.0,3.906249,3.0,0.0,27.773922,38.99995,4.874994,0.0,0.0,-2.7421875,0.0,0.0,0.0,0.0,0.0,0.0,1.9999695,1.0,48.01483,3.9062495,27.406393,27.198397,0.0,105.99992,0.0,0.0,104.111244,101.59884,720.0,550.5,-5.148369E-7,-26.21875,0.0,-27.5,6.535555,61.999977,20.62378,0.0,78.25,0.0,0.0,-0.8178711,99.998474,99.1806,0.6665039,78.15,78.15,78.05,78.06,0
28129.191,0.007971429,-0.6971805,0.08985121,0.08872135,101.61091,16.54134,14.179829,-10.767044,0.0,0.0,98.159,0.0,4.8,26.076,48.676,0.0,94.08611,0.0,0.0,0.0,202.875,3558.0,0.0,-14.3828125,0.1161499,105.71984,15414.965,15414.965,1100.0834,585.33136,0.0,6.973083,0.0,3.906249,3.0,0.0,27.853672,38.99995,4.874994,0.0,0.0,-2.65625,0.0,0.0,0.0,0.0,0.0,0.0,1.9999695,1.0,48.02246,3.9062495,27.394844,27.181623,0.0,105.99992,0.0,0.0,104.111244,101.59884,720.0,550.5,-4.1186954E-7,-26.1875,0.0,-27.375,6.535555,61.999977,20.55664,0.0,78.21,0.0,0.0,-0.8178711,99.998474,99.1806,0.67871094,78.02,78.09,78.09,77.92,0
28129.234,0.0063771433,-0.6913723,0.09062781,0.08855179,101.6097,16.54134,14.173926,-10.765926,0.0,0.0,98.197,0.0,4.8,26.076,48.676,0.0,94.06588,0.0,0.0,0.0,202.875,3550.0,0.0,-14.2578125,0.11645508,105.71984,15400.105,15400.105,1100.0834,585.33136,0.0,7.0154724,0.0,3.9062493,3.0,0.0,27.925447,38.99995,4.874994,0.0,0.0,-2.5234375,0.0,0.0,0.0,0.0,0.0,0.0,1.9999695,1.0,48.02246,3.9062495,27.40134,27.006817,0.0,105.99992,0.0,0.0,104.111244,101.59884,720.0,550.5,-3.2949563E-7,-26.1875,0.0,-27.375,6.535555,61.999977,20.67871,0.0,78.01,0.0,0.0,-0.8605957,99.998474,99.13788,0.6933594,77.81,77.92,77.69,77.98,0
28129.271,0.0051017147,-0.68904895,0.090693906,0.08855179,101.60862,16.54134,14.193233,-10.759569,0.0,0.0,98.24,0.0,4.8,26.076,48.676,0.0,94.0497,0.0,0.0,0.0,202.875,3544.0,0.0,-14.453125,0.116760254,105.71155,15400.105,15400.105,1100.0834,585.33136,0.0,6.973083,0.0,3.9062493,3.0,0.0,27.990046,38.99995,4.874994,0.0,0.0,-2.0078125,0.0,0.0,0.0,0.0,0.0,0.0,1.9999695,1.0,48.02246,3.9062495,27.44408,27.012178,0.0,105.99992,0.0,0.0,104.111244,101.59884,720.0,550.5,-2.6359652E-7,-26.15625,0.0,-27.375,6.535555,61.999977,20.690918,0.0,77.89,0.0,0.0,-0.8605957,99.998474,99.13788,0.6958008,77.92,77.77,77.71,77.66,0
28129.312,0.024081372,-0.68811965,0.09135561,0.08855179,101.60764,16.54134,14.195028,-10.755043,0.0,0.0,98.279,0.0,4.8,26.076,48.676,0.0,94.03675,0.0,0.0,0.0,202.875,3539.0,0.0,-14.4296875,0.117126465,105.71155,15400.105,15400.105,1100.0834,585.33136,0.0,7.0366673,0.0,3.9062493,3.0,0.0,28.048183,38.99995,4.874994,0.0,0.0,-1.4375,0.0,0.0,0.0,0.0,0.0,0.0,1.9999695,1.0,47.57843,3.9062495,27.474306,26.918781,0.0,105.99992,0.0,0.0,104.028336,101.59884,720.0,550.5,-2.1087722E-7,-26.125,0.0,-27.28125,6.535555,61.999977,20.715332,0.0,77.83,0.0,0.0,-0.9399414,99.998474,99.05853,0.64941406,77.63,77.86,77.6,77.57,0
28129.352,0.019265098,-0.6877479,0.09104955,0.088509396,101.606766,16.54134,14.1845665,-10.756966,0.0,0.0,98.319,0.0,4.8,26.076,48.676,0.0,94.02639,0.0,0.0,0.0,202.875,3535.0,0.0,-14.34375,0.117126465,105.71155,15400.105,15400.105,1100.0834,585.33136,0.0,6.973083,0.0,3.9062493,3.0,0.0,28.100508,38.99995,4.874994,0.0,0.0,-1.375,0.0,0.0,0.0,0.0,0.0,0.0,1.9999695,1.0,47.57843,3.9062495,27.460173,26.967943,0.0,105.99992,0.0,0.0,103.88737,101.59884,720.0,550.5,-1.6870177E-7,-26.125,0.0,-27.28125,6.535555,61.999977,20.239258,0.0,77.66,0.0,0.0,-0.68969727,99.998474,99.30878,0.6298828,77.9,77.6,77.54,77.54,0
28129.39,0.015412079,-0.70634913,0.09104272,0.088509396,101.60597,16.54134,14.188962,-10.76432,0.0,0.0,98.358,0.0,4.8,26.076,48.676,0.0,94.018105,0.0,0.0,0.0,202.875,3533.0,0.0,-14.3828125,0.1184082,105.73643,15400.105,15400.105,1100.0834,585.33136,0.0,7.0790567,0.0,3.9062493,3.0,0.0,28.1476,38.99995,4.874994,0.0,0.0,-1.4296875,0.0,0.0,0.0,0.0,0.0,0.0,1.9999695,1.0,47.57843,3.9062495,27.408682,26.922997,0.0,105.99992,0.0,0.0,103.86249,101.59884,720.0,550.5,-1.3496143E-7,-26.09375,0.0,-27.28125,6.535555,61.999977,20.159912,0.0,77.74,0.0,0.0,-0.6713867,99.998474,99.32709,0.6933594,77.5,77.54,77.48,77.36,0
28129.434,0.012329663,-0.7137897,0.091314755,0.088509396,101.60526,16.54134,14.17446,-10.751587,0.0,0.0,98.396,0.0,4.8,26.076,48.676,0.0,94.011475,0.0,0.0,0.0,202.875,3528.0,0.0,-14.546875,0.1184082,105.73643,15400.105,15400.105,1100.0834,585.33136,0.0,7.0154724,0.0,3.9062495,3.0,0.0,28.189983,38.99995,4.874994,0.0,0.0,-1.53125,0.0,0.0,0.0,0.0,0.0,0.0,1.9999695,1.0,47.57843,3.9062495,27.49574,26.935884,0.0,105.99992,0.0,0.0,103.90395,101.59884,720.0,550.5,-1.0796914E-7,-26.09375,0.0,-27.28125,6.535555,61.999977,20.373535,0.0,77.54,0.0,0.0,-0.7080078,99.998474,99.29047,0.68359375,77.6,77.48,77.39,77.33,0
28129.475,0.0098637305,-0.7167659,0.09111798,0.08846701,101.60462,16.54134,14.181888,-10.754699,0.0,0.0,98.44,0.0,4.8,26.076,48.676,0.0,94.00617,0.0,0.0,0.0,202.875,3523.0,0.0,-14.421875,0.11871338,105.728134,15400.105,15400.105,1100.0834,585.33136,0.0,7.0790567,0.0,3.9062495,3.0,0.0,28.228128,38.99995,4.874994,0.0,0.0,-1.875,0.0,0.0,0.0,0.0,0.0,0.0,1.9999695,1.0,47.57843,3.9062495,27.47366,26.963575,0.0,105.99992,0.0,0.0,103.787865,101.59884,720.0,550.5,-8.6375316E-8,-26.0625,0.0,-27.28125,6.535555,61.999977,20.135498,0.0,77.52,0.0,0.0,-0.6744385,99.998474,99.324036,0.67626953,77.39,77.39,77.21,77.19,0
28129.51,0.007890984,-0.69920635,0.091072686,0.08846701,101.60405,16.54134,14.187087,-10.763185,0.0,0.0,98.48,0.0,4.8,26.076,48.676,0.0,94.00193,0.0,0.0,0.0,202.875,3520.0,0.0,-14.3515625,0.11907959,105.728134,15400.105,15400.105,1100.0834,585.33136,0.0,6.973083,0.0,3.9062495,3.0,0.0,28.262459,38.99995,4.874994,0.0,0.0,-1.78125,0.0,0.0,0.0,0.0,0.0,0.0,1.9999695,1.0,47.132874,3.9062495,27.414589,26.913515,0.0,105.99992,0.0,0.0,103.82932,101.59884,720.0,550.5,-6.910025E-8,-26.0625,0.0,-27.28125,6.535555,61.999977,20.129395,0.0,77.36,0.0,0.0,-0.7598877,99.998474,99.23859,0.6689453,77.3,77.36,76.96,77.13,0
28129.553,0.0063127875,-0.69218254,0.090750806,0.08838224,101.60353,16.54134,14.179008,-10.77474,0.0,0.0,98.516,0.0,4.8,26.076,48.676,0.0,93.998535,0.0,0.0,0.0,202.875,3516.0,0.0,-14.3203125,0.11907959,105.728134,15395.86,15395.86,1100.0834,585.33136,0.0,6.9094987,0.0,3.9062495,3.0,0.0,28.293356,38.99995,4.874994,0.0,0.0,-1.578125,0.0,0.0,0.0,0.0,0.0,0.0,1.9999695,1.0,47.132874,3.9062495,27.334417,26.870901,0.0,105.99992,0.0,0.0,103.82103,101.59884,720.0,550.5,-5.5280204E-8,-26.03125,0.0,-27.1875,6.535555,61.999977,20.062256,0.0,77.36,0.0,0.0,-0.68969727,99.998474,99.30878,0.6689453,77.21,77.3,77.07,77.0,0
28129.59,0.0050502303,-0.708123,0.09082446,0.08838224,101.603065,16.54134,14.179212,-10.777415,0.0,0.0,98.559,0.0,4.8,26.076,48.676,0.0,93.99582,0.0,0.0,0.0,202.875,3513.0,0.0,-14.390625,0.119384766,105.71984,15400.105,15400.105,1100.0834,585.33136,0.0,6.930693,0.0,3.9062495,3.0,0.0,28.321163,38.99995,4.874994,0.0,0.0,-1.25,0.0,0.0,0.0,0.0,0.0,0.0,1.9999695,1.0,47.132874,3.9062495,27.315514,26.835304,0.0,105.99992,0.0,0.0,103.787865,101.59884,720.0,550.5,-4.4224162E-8,-26.03125,0.0,-27.1875,6.535555,61.999977,20.025635,0.0,77.28,0.0,0.0,-0.6713867,99.998474,99.32709,0.6713867,77.09,77.19,76.92,76.99,0
28129.635,0.0040401844,-0.71449924,0.090727456,0.08838224,101.602646,16.54134,14.167636,-10.780129,0.0,0.0,98.596,0.0,4.8,26.076,48.676,0.0,93.993645,0.0,0.0,0.0,202.875,3512.0,0.0,-14.1015625,0.119384766,105.71984,15383.655,15383.655,1100.0834,585.33136,0.0,6.930693,0.0,3.9062495,3.0,0.0,28.34619,38.99995,4.874994,0.0,0.0,-1.34375,0.0,0.0,0.0,0.0,0.0,0.0,1.9999695,1.0,47.132874,3.9062495,27.296389,26.830345,0.0,105.99992,0.0,0.0,103.787865,101.59884,720.0,550.5,-3.537933E-8,-26.0,0.0,-27.1875,6.535555,61.999977,20.025635,0.0,77.26,0.0,0.0,-0.68359375,99.998474,99.31488,0.6689453,77.24,77.03,77.13,76.82,0
28129.674,0.0032321475,-0.73579973,0.090134904,0.088339835,101.602264,16.54134,14.18297,-10.801871,0.0,0.0,98.64,0.0,4.8,26.076,48.676,0.0,93.991905,0.0,0.0,0.0,202.875,3506.0,0.0,-14.2890625,0.11968994,105.71984,15386.839,15386.839,1100.0834,585.33136,0.0,6.9094987,0.0,3.9062495,3.0,0.0,28.368713,38.99995,4.874994,0.0,0.0,-1.3671875,0.0,0.0,0.0,0.0,0.0,0.0,1.9999695,1.0,47.132874,3.9062495,27.146141,26.779884,0.0,105.99992,0.0,0.0,103.787865,101.59884,720.0,550.5,-2.8303464E-8,-26.0,0.0,-27.1875,6.06873,61.999977,20.159912,0.0,77.12,0.0,0.0,-0.68359375,99.998474,99.31488,0.6738281,77.0,77.13,76.69,76.96,0
