Time,Accel. Lat (m/s2),Accel. Long (m/s2),Airmass (g/stk),Airmass SP (g/stk),Ambient Press (kpa),Ambient Temp (°C),Battery Volts (V),Boost (psi),Calc TQ (nm),Calc HP (hp),Calc 0-60mph (s),Calc 60-130mph (s),Calc 0-60ft (s),Calc 1/8mile (s),Calc 1/4mile (s),Comb Mode (),Coolant Temp (°C),Cruise (),DV Position (%),EOI Actual (°),EOI Limit (°),Engine Speed (rpm),Eth Content (%),Exh Cam Position (°),Exh Flow Factor (),Exh Pres Desired (kpa),FP DI (kpa),FP DI SP (kpa),FP MPI (kpa),FP MPI SP (kpa),Fuel Flow (mg/stk),Fuel Flow SP (mg/stk),Fuel Split MPI (),Fuel Trim (%),Gear (gear),HPFP Eff Vol (%),IAT (°C),Ign Table (°),Ign Avg (°),Inj PW DI (ms),Inj PW MPI (ms),Intake Cam Pos (°),Intake Flow Fact (),Knock Avg (°),Knock Cyl 1 (°),Knock Cyl 2 (°),Knock Cyl 3 (°),Knock Cyl 4 (°),knks_thd[0] (V),knks_thd[1] (V),knks_thd[2] (V),knks_thd[3] (V),nl_c42b2[0] (V),nl_c42b2[1] (V),nl_c42b2[2] (V),nl_c42b2[3] (V),nl_c42c2[0] (V),nl_c42c2[1] (V),nl_c42c2[2] (V),nl_c42c2[3] (V),nl_c4274[0] (V),nl_c4274[1] (V),nl_c4274[2] (V),nl_c4274[3] (V),nl_c429c[0] (V),nl_c429c[1] (V),nl_c429c[2] (V),nl_c429c[3] (V),Lambda (l),Lambda SP (l),LPFP Duty (%),LTFT (%),MAP (kpa),MAP SP (kpa),Misfires (),Oil Temp (°C),Pedal Pos (%),Port Flap Pos (%),PUT (kpa),PUT SP (kpa),SOI Actual (°),SOI Limit (°),STFT (%),Torque (Nm),Torque Lim (),Torque Req (Nm),TPS (%),Trans Temp (°C),Turbo Speed (rpm),Valve Lift Pos (),Vehicle Speed (km/h),WG Flow Des (kg/hr),WG I Value (%),WG P-D Value (%),WG Pos Base (%),WG Pos Final (%),WG Voltage (V),Wheel Speed FL (km/h),Wheel Speed FR (km/h),Wheel Speed RL (km/h),Wheel Speed RR (km/h),SimosTools [R2.12:2026_9_1:Patched_259L_R22.bin]
650452.75,1.3148832,1.435605,0.34284377,0.36344805,100.83512,14.285718,14.045226,-1.6332198,189.49687,49.34842,3.879,0.0,3.879,3.879,3.879,0.0,96.99245,0.0,0.0,450.375,212.25,1856.0,0.0,-9.0703125,0.093322754,108.05812,15691.445,15728.592,1100.0834,499.89316,16.89224,25.158205,0.0,2.9750707,2.0,43.222046,31.789648,17.249977,14.249982,1.68,0.0,-29.164062,0.10876465,0.0,0.0,0.0,0.0,0.0,1.3476562,1.4648438,1.7382812,1.796875,0.491722,0.55313957,0.60479134,0.6055543,0.21301594,0.31448844,0.240177,0.30777448,0.43457696,0.55924314,0.50789654,0.5927367,0.15083542,0.27550164,0.176318,0.27527276,0.9501953,0.98535156,55.45807,0.0,89.577515,92.14632,0.0,110.014755,25.488281,1.0,114.210594,91.61557,469.5,545.25,2.9750707,109.96875,0.0,110.8125,12.604284,67.99996,42.51709,1.0,25.31,32.625,0.0,-72.698975,61.44409,0.0,3.6621094,24.86,26.15,24.35,25.9,0
650452.75,1.1319066,1.3804921,0.35928234,0.37485087,100.83521,14.285718,14.03869,-1.3915713,185.48557,48.459957,3.921,0.0,3.921,3.921,3.921,0.0,96.99245,0.0,0.0,449.625,211.875,1862.0,0.0,-8.8984375,0.09503174,108.12445,15708.957,16017.809,1100.0834,499.89316,22.890364,27.341267,0.0,2.8488066,2.0,46.696472,31.76858,16.874979,13.874982,1.696,0.0,-29.140625,0.11798096,0.0,0.0,0.0,0.0,0.0,1.328125,1.4453125,1.7382812,1.796875,0.48455024,0.5464256,0.60479134,0.6039521,0.20988785,0.31097886,0.240177,0.306096,0.43457696,0.4993515,0.686656,0.5927367,0.15083542,0.24605173,0.23842221,0.27527276,0.95703125,1.0,55.62744,0.0,91.24326,92.86942,0.0,110.013275,26.171875,1.0,114.086235,92.16283,469.125,544.875,2.8488066,116.34375,0.0,115.09375,13.537935,67.99996,43.566895,1.0,25.53,35.40625,0.0,-69.49463,58.496094,0.0,3.6669922,24.89,26.39,24.69,26.06,0
650452.8,0.9655253,1.3396969,0.37062976,0.38400704,100.83529,14.285718,14.051692,-1.2082294,183.44456,48.364296,3.959,0.0,3.959,3.959,3.959,0.0,96.99245,0.0,0.0,449.25,211.5,1879.0,0.0,-8.765625,0.09729004,108.46442,15833.135,16099.001,1100.0834,499.89316,23.780544,27.023346,0.0,2.7477953,2.0,47.343445,31.749617,16.124979,13.499983,1.776,0.0,-29.125,0.12530518,0.0,0.0,0.0,0.0,0.0,1.328125,1.4453125,1.7578125,1.7773438,0.48455024,0.5464256,0.61501485,0.5985351,0.20988785,0.31097886,0.24010071,0.30380714,0.44098574,0.54032195,0.686656,0.5606928,0.15312429,0.26619363,0.23842221,0.2603952,0.96484375,1.0,55.625916,0.0,92.507095,93.75877,0.0,110.01195,26.5625,1.0,114.102806,93.12467,469.5,544.875,2.7477953,119.71875,0.0,118.0,13.537935,67.99996,43.83545,1.0,25.76,37.59375,0.0,-67.23938,56.359863,0.0,3.6621094,25.26,26.48,25.02,26.33,0
650452.8,0.8724203,1.2671288,0.38332063,0.39837703,100.83536,14.285718,14.037356,-1.0656594,176.96437,47.400726,4.0,0.0,4.0,4.0,4.0,0.0,96.99245,0.0,0.0,449.25,210.75,1909.0,0.0,-8.609375,0.10040283,108.92875,16050.18,16284.736,1100.0834,499.89316,24.16205,27.892332,0.0,2.6669862,2.0,47.38922,31.73255,15.74998,12.749984,1.776,0.0,-28.453125,0.13903809,0.0,0.0,0.0,0.0,0.0,1.2109375,1.328125,1.6015625,1.7773438,0.48233768,0.5461204,0.61493856,0.5985351,0.20698863,0.30869,0.23910888,0.30380714,0.44098574,0.54032195,0.61379415,0.51117724,0.15312429,0.26619363,0.22117952,0.25185016,0.96972656,1.0,55.667114,0.0,93.48988,95.138855,0.0,110.01075,27.246094,1.0,114.22719,94.5011,469.5,544.5,2.6669862,123.375,0.0,123.625,14.471586,67.99996,44.909668,1.0,25.93,41.71875,0.0,-65.52429,52.252197,0.0,3.6669922,25.52,26.63,25.16,26.4,0
650452.9,0.81793624,1.2006016,0.39143005,0.40053895,100.83542,14.285718,14.056618,-0.9823612,172.5629,46.8513,4.039,0.0,4.039,4.039,4.039,0.0,96.99245,0.0,0.0,449.625,210.75,1935.0,0.0,-8.5703125,0.10247803,109.35163,16141.455,16499.127,1100.0834,499.89316,28.040695,29.079239,0.0,2.602339,2.0,49.353027,31.71719,15.74998,12.749984,1.812,0.0,-27.8125,0.14422607,0.0,0.0,0.0,0.0,0.0,1.2304688,1.3085938,1.6015625,1.640625,0.48760206,0.5416953,0.61493856,0.59411,0.20714122,0.30449378,0.23910888,0.3011368,0.6052491,0.45944914,0.58724344,0.51117724,0.21011673,0.2263676,0.21164264,0.25185016,0.9765625,1.0,55.71289,0.0,94.06411,95.02573,0.0,110.009674,27.441406,1.0,114.44277,94.74156,470.625,544.5,2.602339,126.90625,0.0,125.65625,14.938412,67.99996,46.14868,1.0,26.13,43.28125,0.0,-63.94043,50.933838,0.0,3.6669922,25.74,26.84,25.49,26.52,0
650452.94,0.81434906,1.2114906,0.3966734,0.40253127,100.83548,14.285718,14.058382,-0.9245239,177.06067,48.395424,4.081,0.0,4.081,4.081,4.081,0.0,96.99245,0.0,0.0,450.0,210.375,1948.0,0.0,-8.515625,0.10345459,109.69159,16355.847,16523.008,1100.0834,499.89316,27.023346,29.03685,0.0,2.5506213,2.0,48.898315,31.703365,15.74998,12.374984,1.884,0.0,-27.046875,0.14666748,0.0,0.0,0.0,0.0,0.0,1.2304688,1.3085938,1.6210938,1.6210938,0.48760206,0.5416953,0.61356527,0.59151596,0.20714122,0.30449378,0.23773555,0.299382,0.4759289,0.44502938,0.58724344,0.54253453,0.1652552,0.23125048,0.21164264,0.26726177,0.9824219,1.0,55.737305,0.0,94.46284,95.09212,0.0,110.008705,27.441406,1.0,114.674934,94.92398,472.5,544.5,2.5506213,130.0,0.0,126.46875,14.938412,67.99996,46.728516,1.0,26.4,44.0,0.0,-64.16321,50.32959,0.0,3.6669922,26.13,26.99,25.89,26.63,0
650452.94,0.8114792,1.2720963,0.39587256,0.4032519,100.83553,14.285718,14.059617,-0.88773,183.45291,50.554443,4.121,0.0,4.121,4.121,4.121,0.0,96.99245,0.0,0.0,450.0,210.75,1964.0,0.0,-7.9609375,0.10369873,109.940346,16595.18,16541.05,1100.0834,499.89316,24.47997,29.248796,0.0,2.509247,2.0,47.251892,31.615734,15.37498,12.749984,1.884,0.0,-27.007812,0.14959717,0.0,0.0,0.0,0.0,0.0,1.2109375,1.3085938,1.640625,1.6210938,0.48699167,0.53681237,0.6143282,0.59151596,0.20500496,0.30075532,0.2372015,0.299382,0.4759289,0.44502938,0.6321813,0.5819028,0.1652552,0.23125048,0.2278172,0.28664073,0.984375,1.0,55.74951,0.0,94.71651,95.47104,0.0,110.007835,27.441406,1.0,115.10612,95.11469,472.5,544.125,2.509247,129.875,0.0,126.96875,14.938412,67.99996,47.503662,1.0,26.62,44.875,0.0,-64.920044,49.395752,0.0,3.6669922,26.39,27.31,26.0,26.95,0
650453.0,0.7891834,1.3525887,0.3978306,0.40329427,100.83558,14.285718,14.066341,-0.86394155,189.6613,52.531418,4.158,0.0,4.158,4.158,4.158,0.0,96.99245,0.0,0.0,450.375,210.75,1974.0,0.0,-7.921875,0.10443115,110.05643,16588.281,16611.63,1100.0834,499.89316,24.183245,29.715082,0.0,2.4761477,2.0,47.05963,31.53687,15.37498,12.749984,1.88,0.0,-27.09375,0.15112305,0.0,0.0,0.0,0.0,0.0,1.2109375,1.3085938,1.640625,1.640625,0.48355842,0.53681237,0.6143282,0.5910582,0.20225833,0.30075532,0.2372015,0.29877165,0.4196231,0.4993515,0.544213,0.5819028,0.15121691,0.25940338,0.19607843,0.28664073,0.9863281,1.0,55.760193,0.0,94.88052,95.46512,0.0,110.00705,27.441406,1.0,115.47095,95.29711,472.875,544.125,2.4761477,130.84375,0.0,127.40625,14.938412,67.99996,48.12622,1.0,26.9,45.34375,0.0,-65.36865,49.32251,0.0,3.6645508,26.67,27.48,26.17,27.22,0
650453.06,0.7513467,1.4410355,0.39625114,0.40549853,100.835625,14.285718,14.04761,-0.86662126,195.6594,54.769257,4.2,0.0,4.2,4.2,4.2,0.0,96.99245,0.0,0.0,450.375,210.75,1995.0,0.0,-7.8359375,0.105285645,110.22227,16602.078,16477.371,1100.0834,499.89316,23.462622,29.03685,0.0,2.4496682,2.0,46.321106,31.465889,15.37498,12.749984,1.912,0.0,-27.3125,0.15539551,0.0,0.0,0.0,0.0,0.0,1.2109375,1.3085938,1.640625,1.640625,0.48355842,0.534905,0.61074233,0.59159225,0.20225833,0.29861906,0.23514153,0.29869536,0.49530786,0.48905164,0.544213,0.6031128,0.17845426,0.254139,0.19607843,0.29709315,0.98828125,1.0,55.763245,0.0,94.8621,95.77833,0.0,110.00634,27.441406,1.0,116.13429,95.47953,473.625,543.75,2.4496682,130.28125,0.0,128.4375,14.938412,67.99996,49.04785,1.0,27.13,46.625,0.0,-64.38599,49.157715,0.0,3.6669922,26.87,27.68,26.44,27.39,0
650453.06,0.70107734,1.4764142,0.394137,0.41384926,100.83566,14.285718,14.057937,-0.89673644,195.62303,55.362938,4.241,0.0,4.241,4.241,4.241,0.0,96.99245,0.0,0.0,450.375,210.75,2017.0,0.0,-7.71875,0.10644531,110.354935,16533.621,16521.947,1100.0834,499.89316,24.331608,29.35477,0.0,2.4284844,2.0,46.458435,31.402008,15.37498,12.749984,1.912,0.0,-27.53125,0.16522217,0.0,0.0,0.0,0.0,0.0,1.2304688,1.2890625,1.6601562,1.640625,0.48409247,0.53253984,0.61066604,0.59159225,0.20103762,0.2963302,0.23437858,0.29869536,0.49530786,0.48905164,0.6099794,0.5569543,0.17845426,0.254139,0.21980621,0.2743572,0.9902344,1.0,55.76935,0.0,94.65456,96.62605,0.0,110.00571,27.832031,1.0,116.698135,95.93558,473.625,543.75,2.4284844,129.90625,0.0,131.625,14.938412,67.99996,50.061035,1.0,27.37,49.5625,0.0,-60.90088,48.583984,0.0,3.6669922,27.18,27.88,26.57,27.6,0
650453.1,0.6808619,1.5093157,0.40515393,0.42893997,100.83569,14.285718,14.094461,-0.7004687,197.69147,56.25344,4.279,0.0,4.279,4.279,4.279,0.0,96.99245,0.0,0.0,450.75,210.75,2028.0,0.0,-7.6484375,0.1081543,110.42956,16419.527,16703.438,1100.0834,499.89316,27.97711,30.393316,0.0,2.4115374,2.0,48.48938,31.344513,14.999981,12.749984,1.884,0.0,-27.359375,0.17895508,0.0,0.0,0.0,0.0,0.0,1.2109375,1.2890625,1.6601562,1.640625,0.48477912,0.53253984,0.61066604,0.5898375,0.19996949,0.2963302,0.23437858,0.29747462,0.5008774,0.5650416,0.7035935,0.5569543,0.18051423,0.29358357,0.25352865,0.2743572,0.9892578,1.0,55.82428,0.0,96.00744,98.39167,0.0,110.005135,28.515625,1.0,116.79763,97.685135,473.625,543.75,2.4115374,134.375,0.0,136.96875,15.872062,67.99996,51.28174,1.0,27.57,53.6875,0.0,-39.489746,47.81494,3.8589478,3.6621094,27.48,28.07,27.05,27.86,0
650453.1,0.6246895,1.5412264,0.42251807,0.43779933,100.83489,14.285718,14.090733,-0.46796277,199.66988,57.34871,4.323,0.0,4.323,4.323,4.323,0.0,97.14282,0.0,0.0,450.375,210.0,2047.0,0.0,-7.609375,0.109802246,110.703186,16527.254,16856.8,1100.0834,500.68918,31.792171,31.219912,0.0,2.39798,2.0,50.738525,31.292767,14.999981,11.999985,1.964,0.0,-26.414062,0.1887207,0.0,0.0,0.0,0.0,0.0,1.2109375,1.3085938,1.6601562,1.640625,0.48477912,0.5339132,0.6146334,0.58480203,0.19996949,0.29617763,0.23537041,0.29465172,0.54688334,0.5107195,0.7035935,0.49019608,0.19707027,0.2653544,0.25352865,0.24147402,0.98828125,1.0,55.862427,0.0,97.609276,99.22296,0.0,110.004616,28.90625,1.0,117.06296,98.51431,474.75,543.75,2.39798,141.15625,0.0,140.28125,16.338888,67.99996,52.142334,1.0,27.81,56.625,0.0,-29.672241,47.369385,12.931824,3.6669922,27.63,28.3,27.4,28.02,0
650453.2,0.55975163,1.5914905,0.4360481,0.4397069,100.834175,14.285718,14.076404,-0.27062806,203.48206,59.1003,4.359,0.0,4.359,4.359,4.359,0.0,97.26312,0.0,0.0,450.375,209.625,2070.0,0.0,-7.5546875,0.1105957,111.184105,16756.504,17081.807,1100.0834,500.68918,34.48391,32.44921,0.0,2.3871338,2.0,52.474976,31.246197,14.249982,11.624985,1.964,0.0,-25.601562,0.19458008,0.0,0.0,0.0,0.0,0.0,1.2109375,1.2890625,1.640625,1.640625,0.48744947,0.5327687,0.6154727,0.58480203,0.1998169,0.29457542,0.23498894,0.29465172,0.54688334,0.5107195,0.63401234,0.78652626,0.19707027,0.2653544,0.22842756,0.38750285,0.98828125,1.0,55.96466,0.0,98.968765,99.39365,0.0,110.00415,28.90625,1.0,117.36146,98.87086,474.75,543.75,2.3871338,146.4375,0.0,141.15625,16.805714,67.99996,53.125,1.0,28.05,58.375,0.0,-26.35498,47.058105,15.803528,3.6669922,27.94,28.51,27.66,28.3,0
650453.25,0.5078013,1.6303463,0.43682477,0.44063947,100.83436,14.285718,14.066373,-0.2014721,205.36821,60.310883,4.4,0.0,4.4,4.4,4.4,0.0,97.359375,0.0,0.0,450.0,209.625,2093.0,0.0,-7.5078125,0.111816406,111.68161,16965.588,17094.012,1100.0834,501.48517,32.618767,32.343235,0.0,2.378457,2.0,51.600647,31.204285,14.249982,11.624985,2.048,0.0,-25.515625,0.19854736,0.0,0.0,0.0,0.0,0.0,1.2109375,1.2890625,1.640625,1.6601562,0.49027237,0.5339895,0.6154727,0.59349966,0.20050354,0.29518577,0.23498894,0.299382,0.55359733,0.5617609,0.51239794,0.78652626,0.21355002,0.3071641,0.19127184,0.38750285,0.9921875,1.0,55.96924,0.0,99.44563,99.83807,0.0,110.00373,28.90625,1.0,118.0248,99.2274,475.875,543.75,2.378457,146.84375,0.0,141.65625,16.805714,67.99996,54.18701,1.0,28.32,59.5625,0.0,-24.572754,47.01538,17.427063,3.6669922,28.31,28.73,27.94,28.54,0
650453.25,0.44624102,1.6646385,0.43925726,0.44606534,100.834526,14.285718,14.071071,-0.14309353,207.2168,61.348034,4.439,0.0,4.439,4.439,4.439,0.0,97.43637,0.0,0.0,450.0,209.625,2110.0,0.0,-7.5703125,0.113098145,111.946945,17151.324,17149.201,1100.0834,501.48517,30.774822,32.661156,0.0,2.3715155,2.0,50.63629,31.166561,14.249982,11.624985,2.056,0.0,-25.5,0.20568848,0.0,0.0,0.0,0.0,0.0,1.2304688,1.2890625,1.640625,1.6601562,0.49973297,0.5339895,0.6102083,0.59388113,0.204242,0.29518577,0.23277637,0.2992294,0.7096971,0.6379034,0.51239794,0.6017395,0.27382314,0.34882125,0.19127184,0.2964065,0.9921875,1.0,56.040955,0.0,99.8482,100.5712,0.0,110.00336,29.101562,1.0,118.89545,99.973656,476.25,543.75,2.3715155,147.6875,0.0,143.65625,16.805714,67.99996,55.621338,1.0,28.59,61.71875,0.0,-18.55774,46.71631,23.08197,3.6645508,28.6,29.03,28.09,28.81,0
650453.3,0.37699282,1.7158555,0.44216293,0.44742182,100.83467,14.285718,14.0685,-0.09086572,210.951,62.867958,4.481,0.0,4.481,4.481,4.481,0.0,97.49797,0.0,0.0,450.0,209.625,2124.0,0.0,-7.984375,0.11431885,112.15424,17207.574,17145.486,1100.0834,501.48517,30.181368,32.661156,0.0,2.3659623,2.0,50.419617,31.13261,14.249982,11.624985,2.056,0.0,-25.664062,0.20819092,0.0,0.0,0.0,0.0,0.0,1.2304688,1.2890625,1.6210938,1.6601562,0.49973297,0.5384909,0.61379415,0.59388113,0.204242,0.29793242,0.2341497,0.2992294,0.5181964,0.6379034,0.69405663,0.5705348,0.19989319,0.34882125,0.2590982,0.2964065,0.99316406,1.0,56.06079,0.0,100.20834,100.814316,0.0,110.00302,29.101562,1.0,119.434395,100.30533,476.25,544.125,2.3659623,149.0,0.0,144.3125,16.805714,67.99996,56.518555,1.0,28.85,62.46875,0.0,-16.549683,46.801758,25.175476,3.659668,28.95,29.24,28.45,29.08,0
650453.4,0.36159426,1.7738423,0.4398242,0.45869744,100.8348,14.285718,14.049122,-0.042630315,214.57695,64.61093,4.52,0.0,4.52,4.52,4.52,0.0,97.54724,0.0,0.0,449.625,209.625,2146.0,0.0,-7.90625,0.12237549,112.63516,17161.938,17112.055,1100.0834,502.54654,30.838406,32.428013,0.0,2.3615198,2.0,50.88501,31.102055,14.624981,11.624985,2.084,0.0,-26.164062,0.2166748,0.0,0.0,0.0,0.0,0.0,1.25,1.2890625,1.6210938,1.6601562,0.5004959,0.5407034,0.61379415,0.5926604,0.20401312,0.29999238,0.2341497,0.29907683,0.5181964,0.59014267,0.75883114,0.76317996,0.19989319,0.33882657,0.29274434,0.39650568,0.99121094,1.0,56.06842,0.0,100.540955,102.5652,0.0,110.002716,29.589844,1.0,120.25529,101.96368,476.625,544.125,2.3615198,148.1875,0.0,148.375,16.805714,67.99996,57.77588,1.0,29.15,65.0,0.0,-10.986328,48.034668,31.97174,3.6645508,29.21,29.57,28.76,29.26,0
650453.4,0.3692754,1.8157871,0.45728657,0.47387287,100.83492,14.285718,14.035557,0.23685588,216.40999,65.70944,4.559,0.0,4.559,4.559,4.559,0.0,97.58667,0.0,0.0,449.625,209.25,2164.0,0.0,-7.875,0.12988281,113.19071,17176.797,17369.96,1100.0834,502.54654,34.060013,33.890453,0.0,2.3579657,2.0,52.748108,31.074554,13.874982,11.249986,2.088,0.0,-25.789062,0.22735596,0.0,0.0,0.0,0.0,0.0,1.25,1.2890625,1.640625,1.6796875,0.49988556,0.5407034,0.6200504,0.59998477,0.20355535,0.29999238,0.2371252,0.30403602,0.48798352,0.49752042,0.61242086,0.76317996,0.19478141,0.28564888,0.23628595,0.39650568,0.9873047,1.0,56.196594,0.0,102.467545,104.25422,0.0,110.00244,30.273438,1.0,120.79425,103.59715,477.0,543.75,2.3579657,154.9375,0.0,153.8125,17.739363,67.99996,59.56421,1.0,29.45,68.21875,0.0,-10.821533,48.97461,33.076477,3.6669922,29.44,29.78,29.13,29.65,0
650453.44,0.3954203,1.8513148,0.47650778,0.47505978,100.83503,14.285718,14.026061,0.50220096,218.15488,66.943275,4.601,0.0,4.601,4.601,4.601,0.0,97.61821,0.0,0.0,449.625,208.875,2187.0,0.0,-8.078125,0.13256836,113.7048,17351.918,17589.658,1100.0834,503.8732,36.009933,34.80183,0.0,2.3551226,2.0,54.10919,31.049805,13.499983,10.874986,2.16,0.0,-24.8125,0.23114014,0.0,0.0,0.0,0.0,0.0,1.25,1.2695312,1.6210938,1.6601562,0.49988556,0.5384909,0.6196689,0.5975433,0.20355535,0.2992294,0.23704891,0.30388343,0.5919738,0.49752042,0.61242086,0.5516136,0.23628595,0.28564888,0.23628595,0.30159456,0.9863281,1.0,56.24695,0.0,104.296646,104.07324,0.0,110.0022,30.273438,1.0,121.43272,103.84591,478.125,544.125,2.3551226,161.0,0.0,154.46875,18.206188,67.99996,61.12671,1.0,29.68,69.34375,0.0,-10.894775,49.316406,33.34503,3.6669922,29.78,30.1,29.32,29.84,0
650453.44,0.41633624,1.8842759,0.47271407,0.47611955,100.83513,14.285718,14.007696,0.4114448,219.90373,68.251305,4.639,0.0,4.639,4.639,4.639,0.0,97.64343,0.0,0.0,449.625,208.875,2212.0,0.0,-8.046875,0.13433838,114.35985,17554.104,17495.73,1100.0834,503.8732,32.067703,34.27196,0.0,2.352848,2.0,52.04315,31.02753,13.874982,10.874986,2.16,0.0,-24.648438,0.2345581,0.0,0.0,0.0,0.0,0.0,1.25,1.2695312,1.6210938,1.6601562,0.5038529,0.5396353,0.6267643,0.5975433,0.20523384,0.30052644,0.24246585,0.30388343,0.5919738,0.56466013,0.7850004,0.54222935,0.23628595,0.32417792,0.3434043,0.31128404,0.9873047,1.0,56.295776,0.0,103.67117,104.20305,0.0,110.001976,30.273438,1.0,122.51064,104.03661,478.125,544.125,2.352848,160.8125,0.0,155.125,17.739363,67.99996,62.3291,1.0,30.03,70.375,0.0,-11.154175,49.468994,33.23822,3.3203125,30.06,30.35,29.59,29.97,0
650453.5,0.433069,1.9162104,0.47753248,0.48163012,100.83521,14.285718,14.0241375,0.35893586,221.60175,69.58675,4.68,0.0,4.68,4.68,4.68,0.0,97.66362,0.0,0.0,449.25,208.5,2238.0,0.0,-8.1640625,0.13574219,114.65006,17612.479,17558.35,1100.0834,503.8732,33.424168,34.653465,0.0,2.3510284,2.0,52.88391,31.007484,14.249982,10.499987,2.196,0.0,-24.648438,0.24353027,0.0,0.0,0.0,0.0,0.0,1.2695312,1.2695312,1.6210938,1.6601562,0.51224536,0.5397879,0.6267643,0.59472036,0.21034561,0.3010605,0.24246585,0.3042649,0.699321,0.5426871,0.6278325,0.54222935,0.3059434,0.31158924,0.2746624,0.31128404,0.9921875,1.0,56.32782,0.0,103.30932,103.90389,0.0,110.00178,30.46875,1.0,123.23203,104.160995,478.875,544.125,2.3510284,162.9375,0.0,157.28125,17.739363,67.99996,63.635254,1.0,30.32,73.0625,0.0,-10.977173,49.07837,33.024597,1.9262695,30.35,30.69,29.75,30.41,0
650453.56,0.44645518,1.9664843,0.47639537,0.48332575,100.83529,14.285718,14.023928,0.24319923,225.08049,71.34233,4.721,0.0,4.721,4.721,4.721,0.0,97.67976,0.0,0.0,449.25,208.875,2259.0,0.0,-8.6171875,0.13531494,114.85735,17662.893,17571.086,1100.0834,504.93454,32.194874,34.5263,0.0,2.3495727,2.0,52.316284,30.98944,14.624981,10.874986,2.188,0.0,-24.71875,0.24926758,0.0,0.0,0.0,0.0,0.0,1.2890625,1.2695312,1.6210938,1.6601562,0.52002746,0.5397879,0.6268406,0.5986877,0.21599145,0.3010605,0.24406806,0.3088426,0.69291216,0.6676585,0.6278325,0.68749523,0.32181278,0.40123597,0.2746624,0.3947509,0.9970703,1.0,56.33087,0.0,102.511635,103.586334,0.0,110.001595,30.46875,1.0,122.53552,104.07808,478.875,544.5,2.3495727,162.46875,0.0,157.96875,17.739363,67.99996,62.512207,1.0,30.64,74.78125,0.0,-9.136963,48.498535,34.284973,1.6259766,30.71,30.97,30.14,30.73,0
650453.56,0.47716415,2.0428438,0.4731317,0.48485178,100.83536,14.285718,14.064796,0.16306442,230.1967,73.51308,4.76,0.0,4.721,4.721,4.721,0.0,97.69269,0.0,0.0,449.625,208.875,2276.0,0.0,-9.109375,0.13549805,115.023186,17754.697,17576.393,1100.0834,504.93454,29.990614,34.63227,0.0,2.348408,2.0,51.20392,30.973202,14.999981,10.874986,2.16,0.0,-24.945312,0.2543335,0.0,0.0,0.0,0.0,0.0,1.2890625,1.2695312,1.6210938,1.640625,0.52002746,0.5452812,0.63126576,0.59578854,0.21599145,0.30617228,0.24887465,0.30968186,0.6458381,0.6676585,0.72961015,0.5415427,0.2999161,0.40123597,0.33882657,0.32547495,0.99902344,1.0,56.40869,0.0,101.95934,103.395164,0.0,110.001434,30.46875,1.0,121.507355,103.928825,479.625,545.25,2.348408,160.40625,0.0,158.46875,17.739363,67.99996,61.706543,1.0,30.93,76.3125,0.0,-8.441162,48.132324,34.614563,1.5332031,30.99,31.28,30.56,31.04,0
650453.6,0.5217313,2.1108875,0.48034114,0.48557237,100.83542,14.285718,14.064107,0.25576752,233.53056,74.97095,4.801,0.0,4.721,4.801,4.801,0.0,97.70302,0.0,0.0,449.625,208.875,2288.0,0.0,-8.8203125,0.13476562,114.98173,17738.777,17636.889,1100.0834,505.73056,32.21607,34.928997,0.0,2.3474762,2.0,52.485657,30.8834,14.999981,10.874986,2.16,0.0,-25.335938,0.25854492,0.0,0.0,0.0,0.0,0.0,1.3085938,1.2890625,1.6210938,1.640625,0.52544445,0.5527581,0.6345464,0.59578854,0.22026399,0.31258106,0.25291827,0.30968186,0.6458381,0.71976805,0.70740825,0.56366825,0.2999161,0.43251696,0.32852674,0.33875027,0.9941406,1.0,56.437683,0.0,102.5984,103.30104,0.0,110.00129,30.46875,1.0,120.454285,103.787865,479.625,544.875,2.3474762,163.6875,0.0,158.6875,18.206188,67.99996,59.936523,1.0,31.19,77.5625,0.0,-8.364868,47.60742,34.165955,1.4746094,31.22,31.58,30.8,31.32,0
650453.7,0.53738505,2.156855,0.47878465,0.4877767,100.83548,14.285718,14.0812025,0.19605519,235.13312,76.27722,4.839,0.0,4.721,4.839,4.839,0.0,97.71129,0.0,0.0,448.875,208.875,2312.0,0.0,-8.71875,0.13549805,115.30511,17714.898,17653.871,1100.0834,505.73056,32.32204,35.01378,0.0,2.346731,2.0,52.645874,30.802578,14.999981,10.874986,2.236,0.0,-25.351562,0.26501465,0.0,0.0,0.0,0.0,0.0,1.328125,1.2695312,1.6210938,1.640625,0.5305562,0.5553521,0.6345464,0.5941863,0.22522317,0.31624323,0.25291827,0.31113145,0.644007,0.61234456,0.648661,0.5693904,0.31723505,0.38490883,0.30128938,0.34218356,0.9902344,1.0,56.49872,0.0,102.18687,103.36128,0.0,110.00116,30.46875,1.0,119.60853,103.73811,480.0,544.875,2.346731,162.625,0.0,159.3125,18.673014,67.99996,59.2041,1.0,31.45,79.5,0.0,-8.520508,47.253418,33.65631,1.6552734,31.61,31.85,30.96,31.49,0
650453.7,0.54990804,2.1564922,0.48166874,0.48930266,100.83553,14.285718,14.081451,0.23826046,233.55125,76.51778,4.879,0.0,4.721,4.879,4.879,0.0,97.717896,0.0,0.0,449.625,208.5,2335.0,0.0,-8.375,0.13513184,115.32169,17725.512,17711.184,1100.0834,505.73056,33.424168,35.268116,0.0,2.3461347,2.0,53.28064,30.729837,15.37498,10.499987,2.196,0.0,-25.320312,0.2713623,0.0,0.0,0.0,0.0,0.0,1.328125,1.2695312,1.6210938,1.640625,0.5285725,0.5553521,0.6351568,0.5928893,0.2260624,0.31624323,0.25535974,0.31273365,0.49217975,0.6726177,0.6023499,0.5693904,0.24246585,0.42282748,0.29678798,0.34218356,0.98828125,1.0,56.52771,0.0,102.47784,103.41471,0.0,110.00104,30.46875,1.0,118.696434,103.646904,480.375,544.5,2.3461347,163.34375,0.0,160.125,19.13984,67.99996,57.904053,1.0,31.79,81.40625,0.0,-8.572388,46.643066,32.99408,1.652832,31.91,32.1,31.37,31.85,0
650453.75,0.5199264,2.137597,0.4848699,0.4913374,100.83558,14.285718,14.087484,0.3167516,231.89127,76.68973,4.921,0.0,4.721,4.921,4.921,0.0,97.72319,0.0,0.0,449.25,208.5,2357.0,0.0,-8.4375,0.13659668,115.65336,17806.703,17738.777,1100.0834,507.05725,32.4916,35.416477,0.0,2.3456576,2.0,52.88391,30.664371,15.37498,10.499987,2.212,0.0,-25.226562,0.27685547,0.0,0.0,0.0,0.0,0.0,1.328125,1.2890625,1.5820312,1.640625,0.5285725,0.56038755,0.6334783,0.59357595,0.2260624,0.3216602,0.257496,0.31631953,0.72755015,0.71854734,0.6023499,0.60944533,0.35843444,0.47203785,0.29678798,0.38307774,0.98828125,1.0,56.541443,0.0,103.01891,103.74287,0.0,110.00093,30.46875,1.0,118.06626,103.71324,480.75,544.5,2.3456576,164.3125,0.0,160.65625,19.606665,67.99996,57.53784,1.0,32.13,83.0625,0.0,-8.868408,46.56372,32.618713,1.6503906,32.21,32.47,31.55,32.04,0
650453.75,0.47594115,2.130039,0.48824552,0.4954492,100.835625,14.285718,14.103426,0.3761507,231.88371,77.598236,4.959,0.0,4.721,4.959,4.959,0.0,97.72742,0.0,0.0,449.25,208.875,2385.0,0.0,-8.5,0.1383667,115.96845,17860.303,17790.783,1100.0834,507.05725,32.025314,35.69201,0.0,2.345276,2.0,52.72522,30.605452,15.37498,10.874986,2.212,0.0,-24.960938,0.28466797,0.0,0.0,0.0,0.0,0.0,1.3476562,1.2890625,1.5625,1.6210938,0.5371176,0.56717783,0.6332494,0.59037155,0.23277637,0.3292897,0.26016632,0.31715876,0.59838253,0.71854734,0.6288243,0.530251,0.31090257,0.47203785,0.30983445,0.33333334,0.98828125,1.0,56.63147,0.0,103.42839,104.433624,0.0,110.00083,30.664062,1.0,117.295135,104.020035,480.75,544.5,2.345276,165.25,0.0,162.34375,20.540316,67.99996,57.226562,1.0,32.44,85.40625,0.0,-9.118652,46.36841,32.173157,1.6552734,32.49,32.75,31.82,32.38,0
650453.8,0.44075292,2.1457658,0.49122337,0.49739912,100.83566,14.285718,14.097008,0.4470422,233.56036,78.84752,5.0,0.0,4.721,5.0,5.0,0.0,97.730804,0.0,0.0,448.875,208.5,2406.0,0.0,-8.765625,0.13977051,116.225494,17870.916,17764.25,1100.0834,508.3839,32.80952,35.543648,0.0,2.344971,2.0,53.292847,30.552425,15.37498,10.499987,2.224,0.0,-24.90625,0.28948975,0.0,0.0,0.0,0.0,0.0,1.3476562,1.2695312,1.5625,1.6210938,0.5397879,0.569543,0.63141835,0.59037155,0.23674372,0.33333334,0.26276037,0.31715876,0.59838253,0.62134737,0.5976959,0.5663386,0.31090257,0.40817884,0.3105211,0.35599297,0.98828125,1.0,56.652832,0.0,103.917076,104.75893,0.0,110.00075,30.664062,1.0,116.7313,104.301956,481.125,544.875,2.344971,166.15625,0.0,163.0625,21.007141,67.99996,56.4209,1.0,32.69,86.84375,0.0,-9.234619,46.331787,32.02057,1.6455078,32.76,33.01,32.15,32.6,0
650453.9,0.39260232,2.1520565,0.49573398,0.49888274,100.83569,14.285718,14.104234,0.5614993,233.63844,79.46395,5.039,0.0,4.721,5.039,5.039,0.0,97.73352,0.0,0.0,448.875,208.5,2424.0,0.0,-9.0625,0.14129639,116.6235,17874.1,17848.627,1100.0834,508.3839,33.78448,35.7344,0.0,2.3447268,2.0,53.848267,30.504702,15.37498,10.499987,2.256,0.0,-24.984375,0.29309082,0.0,0.0,0.0,0.0,0.0,1.3476562,1.25,1.5625,1.6210938,0.5431449,0.566186,0.63141835,0.58915085,0.24101625,0.3338674,0.26276037,0.31914243,0.6187533,0.50308996,0.77965975,0.5663386,0.3215076,0.34393835,0.40512702,0.35599297,0.98828125,1.0,56.726074,0.0,104.70605,105.20284,0.0,110.00067,30.664062,1.0,116.35816,104.6585,481.875,545.25,2.3447268,166.59375,0.0,163.59375,21.473967,67.99996,56.658936,1.0,33.03,87.9375,0.0,-9.494019,46.417236,31.846619,1.6455078,33.14,33.24,32.6,32.95,0
650453.9,0.35408187,2.1733227,0.49689314,0.5017229,100.835724,14.285718,14.103433,0.61369616,235.29727,80.72146,5.08,0.0,4.721,5.08,5.08,0.0,97.73569,0.0,0.0,449.25,208.5,2445.0,0.0,-9.265625,0.1437378,116.88883,17896.918,17882.059,1100.0834,508.3839,33.360584,35.903957,0.0,2.3445313,2.0,53.701782,30.46175,15.74998,10.499987,2.24,0.0,-25.070312,0.29803467,0.0,0.0,0.0,0.0,0.0,1.3476562,1.25,1.5625,1.6210938,0.5400168,0.566186,0.6377508,0.59029526,0.24216068,0.3338674,0.2700084,0.32349128,0.48142213,0.55939573,0.4867628,0.6162356,0.26329443,0.3823911,0.25291827,0.40474555,0.9873047,1.0,56.74286,0.0,105.065865,105.69587,0.0,110.0006,30.664062,1.0,115.89382,105.27209,482.25,545.25,2.3445313,167.625,0.0,164.28125,21.940792,67.99996,56.292725,1.0,33.34,89.40625,0.0,-9.439087,46.636963,32.121277,1.6381836,33.39,33.53,32.91,33.19,0
650453.94,0.3432655,2.2005792,0.49645343,0.50664,100.835754,14.285718,14.108731,0.64021736,236.88162,82.12916,5.121,0.0,4.721,5.121,5.121,0.0,97.73743,0.0,0.0,449.25,208.5,2471.0,0.0,-9.203125,0.14678955,117.336586,17934.064,17875.16,1100.0834,509.17993,32.32204,35.903957,0.0,2.344375,2.0,53.224182,30.423094,15.74998,10.499987,2.244,0.0,-25.125,0.3036499,0.0,0.0,0.0,0.0,0.0,1.3476562,1.25,1.5429688,1.6015625,0.5387198,0.56580454,0.6301213,0.5851072,0.24483101,0.33630884,0.26916915,0.3233387,0.51453424,0.5790036,0.4867628,0.48752576,0.29541466,0.39581904,0.25291827,0.32021058,0.9921875,1.0,56.748962,0.0,105.2487,106.5366,0.0,110.00054,30.859375,1.0,115.520706,106.424644,482.625,545.25,2.344375,167.3125,0.0,166.03125,22.407618,67.99996,56.097412,1.0,33.63,91.09375,0.0,-9.80835,46.92383,32.063293,1.6357422,33.65,33.9,33.06,33.71,0
650454.0,0.3546124,2.2114818,0.50201684,0.5088867,100.83578,14.285718,14.11244,0.7581378,236.9532,82.88541,5.16,0.0,4.721,5.16,5.16,0.0,97.738815,0.0,0.0,449.25,208.5,2493.0,0.0,-9.0859375,0.15014648,117.684845,17985.541,17926.637,1100.0834,509.17993,33.212223,36.243076,0.0,2.34425,2.0,53.746033,30.388302,15.74998,10.499987,2.244,0.0,-25.257812,0.3086548,0.0,0.0,0.0,0.0,0.0,1.3476562,1.2304688,1.5234375,1.6015625,0.5387198,0.5663386,0.63057905,0.58464944,0.24483101,0.33936065,0.27328908,0.32692453,0.59708554,0.5790036,0.6411841,0.57602805,0.34279394,0.39581904,0.35065234,0.39375907,0.9941406,1.0,56.835938,0.0,106.06154,107.12224,0.0,110.00049,30.859375,1.0,115.15586,106.930435,482.625,545.25,2.34425,168.6875,0.0,166.5,23.341269,67.99996,56.140137,1.0,33.97,92.59375,0.0,-8.422852,47.320557,33.992004,1.6455078,34.09,34.19,33.53,33.9,0
650454.0,0.38368994,2.2158427,0.50389177,0.5104551,100.8358,14.285718,14.097458,0.8638254,236.99214,83.66385,5.2,0.0,4.721,5.2,5.2,0.0,97.73993,0.0,0.0,449.25,208.5,2516.0,0.0,-9.4375,0.15283203,118.1326,17985.01,17944.148,1100.0834,510.77194,33.636116,36.34905,0.0,2.3441498,2.0,54.06494,30.356989,15.74998,10.499987,2.248,0.0,-25.5625,0.31207275,0.0,0.0,0.0,0.0,0.0,1.3476562,1.2304688,1.5039062,1.6015625,0.54123753,0.5627527,0.6310369,0.58464944,0.24979019,0.339971,0.27718014,0.32692453,0.64156556,0.49523157,0.6409552,0.62027925,0.38551918,0.35172045,0.35049972,0.42397192,0.9941406,1.0,56.86035,0.0,106.790054,107.626656,0.0,110.000435,30.859375,1.0,114.84906,107.55232,483.0,545.625,2.3441498,169.125,0.0,167.09375,24.27492,67.99996,56.103516,1.0,34.21,93.625,0.0,-7.235718,47.686768,35.673523,1.6357422,34.4,34.49,33.9,34.15,0
650454.06,0.40695196,2.2363372,0.50346506,0.5105399,100.83582,14.285718,14.104548,0.8665759,238.60716,85.20489,5.241,0.0,4.721,5.241,5.241,0.0,97.740814,0.0,0.0,448.875,208.5,2545.0,0.0,-9.6171875,0.15539551,118.4311,18080.0,17934.596,1100.0834,510.77194,32.53399,36.285465,0.0,2.3440697,2.0,53.553772,30.328808,15.74998,10.499987,2.28,0.0,-25.601562,0.3163452,0.0,0.0,0.0,0.0,0.0,1.3476562,1.25,1.5039062,1.6015625,0.54558635,0.5673304,0.63256276,0.5861753,0.25665674,0.34683758,0.2825208,0.33188373,0.64156556,0.6700237,0.6665904,0.58907455,0.38551918,0.4758526,0.38269627,0.40268558,0.9921875,1.0,56.947327,0.0,106.80904,107.95147,0.0,110.00039,30.859375,1.0,114.60861,107.94203,483.75,545.625,2.3440697,168.875,0.0,167.0625,24.741743,67.99996,55.932617,1.0,34.54,94.90625,0.0,-6.3323975,47.943115,36.95526,1.652832,34.68,34.79,34.22,34.43,0
650454.1,0.42556158,2.263285,0.5033917,0.5107518,100.83584,14.285718,14.109512,0.8935487,240.18307,86.340546,5.281,0.0,4.721,5.281,5.281,0.0,97.741516,0.0,0.0,448.875,208.5,2562.0,0.0,-9.8203125,0.15655518,118.771065,18074.162,17988.725,1100.0834,510.77194,32.85191,36.58219,0.0,2.3440058,2.0,53.814697,30.303446,15.74998,10.499987,2.276,0.0,-25.703125,0.31884766,0.0,0.0,0.0,0.0,0.0,1.3671875,1.25,1.5039062,1.6015625,0.54901963,0.56351566,0.63256276,0.5863279,0.26268405,0.34699017,0.2825208,0.3354696,0.625391,0.49187458,0.61058974,0.58907455,0.3758297,0.3493553,0.350576,0.40268558,0.9921875,1.0,56.959534,0.0,106.99497,107.983086,0.0,110.00035,30.859375,1.0,114.50911,108.24053,484.125,546.0,2.3440058,168.375,0.0,166.90625,25.208569,67.99996,56.20117,1.0,34.85,95.65625,0.0,-5.7800293,48.00415,37.6297,1.7041016,35.04,35.11,34.32,34.76,0
650454.1,0.44044927,2.292814,0.50398797,0.5108366,100.83502,14.285718,14.101268,0.91320527,241.79507,87.56462,5.324,0.0,4.721,5.324,5.324,0.0,97.74208,0.0,0.0,449.25,208.5,2581.0,0.0,-9.9296875,0.15789795,118.92031,18056.65,18012.074,1100.0834,511.83328,32.555183,36.730556,0.0,2.3439546,2.0,53.6438,30.280619,15.74998,10.499987,2.272,0.0,-25.765625,0.32208252,0.0,0.0,0.0,0.0,0.0,1.3671875,1.25,1.5039062,1.5820312,0.5486381,0.56351566,0.63141835,0.5874723,0.26588845,0.34699017,0.28595406,0.33974212,0.5417716,0.6646067,0.6408026,0.61364156,0.32555124,0.47203785,0.367895,0.41947052,0.99316406,1.0,56.974792,0.0,107.12965,108.10488,0.0,110.00031,30.859375,1.0,114.39301,108.49758,484.5,546.0,2.3439546,168.53125,0.0,166.8125,25.675394,67.99996,56.274414,1.0,35.17,96.625,0.0,-5.2978516,48.046875,38.264465,1.7480469,35.34,35.48,34.6,35.19,0
650454.2,0.4323594,2.3046257,0.5021632,0.5099887,100.83429,14.285718,14.107216,0.9424294,241.84906,88.46647,5.358,0.0,4.721,5.358,5.358,0.0,97.74254,0.0,0.0,448.875,208.875,2607.0,0.0,-10.6796875,0.15930176,119.160774,18065.672,17940.434,1100.0834,511.83328,31.537834,36.370243,0.0,2.3439136,2.0,53.178406,30.260075,15.37498,10.874986,2.284,0.0,-25.867188,0.32489014,0.0,0.0,0.0,0.0,0.0,1.3671875,1.25,1.5039062,1.6015625,0.55008775,0.5678645,0.6317998,0.5911345,0.27016097,0.35332265,0.2901503,0.34584573,0.58243686,0.5072862,0.6408026,0.6733806,0.35004196,0.3602655,0.367895,0.4602884,0.9951172,1.0,57.0343,0.0,107.33035,108.4961,0.0,110.00028,30.859375,1.0,114.34328,108.83754,484.5,546.75,2.3439136,167.65625,0.0,166.53125,26.14222,67.99996,56.402588,1.0,35.5,97.46875,0.0,-4.9438477,48.138428,38.789368,1.7773438,35.69,35.72,35.05,35.48,0
650454.2,0.42588753,2.3093505,0.50359416,0.5104127,100.833626,14.285718,14.093801,0.99122155,241.88591,89.19267,5.4,0.0,4.721,5.4,5.4,0.0,97.742905,0.0,0.0,449.25,209.25,2628.0,0.0,-10.890625,0.16064453,119.35149,18111.31,17914.43,1100.0834,513.16,30.54168,36.17949,0.0,2.343881,2.0,52.713013,30.166397,15.37498,11.249986,2.264,0.0,-25.9375,0.32843018,0.0,0.0,0.0,0.0,0.0,1.3671875,1.25,1.5039062,1.5820312,0.55008775,0.5648127,0.63286793,0.5920501,0.27016097,0.35370412,0.29365987,0.3495842,0.6345464,0.5806821,0.65598536,0.6129549,0.38132295,0.41237506,0.3587396,0.41901276,0.9951172,1.0,57.048035,0.0,107.66601,108.48177,0.0,110.00025,30.859375,1.0,114.218895,109.102875,484.875,547.125,2.343881,168.28125,0.0,166.5625,26.609045,67.99996,56.652832,1.0,35.79,98.53125,0.0,-4.272461,48.14453,39.52179,1.7773438,35.93,36.08,35.39,35.68,0
650454.25,0.42071003,2.2924902,0.50483763,0.5131256,100.83386,14.285718,14.096129,1.0161079,299.18143,111.45316,5.438,0.0,4.721,5.438,5.438,0.0,97.743195,0.0,0.0,448.875,209.25,2655.0,0.0,-11.375,0.16247559,119.64999,18024.81,17975.457,1100.0834,513.16,31.707392,36.58219,0.0,2.3438547,3.0,53.338623,30.082088,15.37498,11.249986,2.284,0.0,-26.054688,0.33520508,0.0,0.0,0.0,0.0,0.0,1.3671875,1.2695312,1.5234375,1.5820312,0.5537499,0.56549937,0.63256276,0.59357595,0.2758068,0.35667965,0.29617763,0.35523003,0.53322655,0.5806821,0.6271458,0.62829024,0.343328,0.41237506,0.34294653,0.46013582,0.9970703,1.0,57.125854,0.0,107.83778,109.17088,0.0,110.00022,31.054688,1.0,114.285225,109.55892,485.25,547.5,2.3438547,168.5,0.0,167.75,27.07587,67.99996,57.09839,1.0,36.11,100.5625,0.0,-4.0893555,47.973633,39.723206,1.796875,36.21,36.35,35.83,35.93,0
650454.3,0.39656803,2.3044963,0.50444156,0.51316804,100.834076,14.285718,14.097759,1.0650429,301.14594,113.072334,5.48,0.0,4.721,5.48,5.48,0.0,97.74342,0.0,0.0,448.875,209.25,2676.0,0.0,-11.421875,0.16369629,119.98166,18033.3,17990.316,1100.0834,513.16,31.91934,36.688164,0.0,2.3438337,3.0,53.530884,30.00621,15.37498,11.249986,2.284,0.0,-26.132812,0.33654785,0.0,0.0,0.0,0.0,0.0,1.3671875,1.2695312,1.5234375,1.5820312,0.55268174,0.5643549,0.62623024,0.5960174,0.2792401,0.3604181,0.29625392,0.36140993,0.50789654,0.5429923,0.5074388,0.65041584,0.32700083,0.42992294,0.29732203,0.47638667,0.9970703,1.0,57.14264,0.0,108.1753,109.36872,0.0,110.0002,31.054688,1.0,114.23547,109.91547,485.25,547.5,2.3438337,168.25,0.0,167.6875,27.542696,67.99996,57.06787,1.0,36.42,100.96875,0.0,-3.326416,48.150635,40.73639,1.8212891,36.56,36.65,35.96,36.31,0
650454.3,0.37725443,2.3092985,0.5075976,0.5129137,100.83427,14.285718,14.0989,1.1342597,301.2838,112.53227,5.522,0.0,4.721,5.522,5.522,0.0,97.74361,0.0,0.0,448.5,209.25,2662.0,0.0,-12.046875,0.16455078,120.10603,18042.854,17991.379,1100.0834,514.2213,32.76713,36.66697,0.0,2.343817,3.0,54.006958,29.93792,15.37498,11.249986,2.288,0.0,-26.445312,0.33392334,0.0,0.0,0.0,0.0,0.0,1.3671875,1.2695312,1.5039062,1.5820312,0.5503929,0.56588084,0.6238651,0.5960174,0.28168154,0.36621654,0.29846647,0.36140993,0.50789654,0.59952694,0.57930875,0.69176775,0.32700083,0.47470817,0.33943695,0.50667584,0.99609375,1.0,57.159424,0.0,108.652596,109.48826,0.0,110.000175,31.054688,1.0,114.18573,110.20568,485.25,548.25,2.343817,169.4375,0.0,167.6875,28.476347,67.99996,57.214355,1.0,36.7,100.1875,0.0,-3.0151367,48.6084,41.511536,1.8457031,36.94,36.97,36.29,36.75,0
650454.4,0.34180355,2.3112195,0.51133007,0.51698303,100.83444,14.285718,14.105557,1.2198049,301.41544,111.73559,5.56,0.0,4.721,5.56,5.56,0.0,97.74376,0.0,0.0,448.875,209.25,2642.0,0.0,-11.8359375,0.16595459,120.296745,18079.469,18063.549,1100.0834,514.2213,33.106247,36.921307,0.0,2.3438036,3.0,54.1214,29.876457,14.999981,11.249986,2.296,0.0,-26.726562,0.3328247,0.0,0.0,0.0,0.0,0.0,1.3671875,1.2695312,1.5234375,1.6015625,0.54802775,0.5616083,0.6290532,0.60013735,0.2838941,0.36697948,0.3054856,0.36881056,0.50453955,0.4820325,0.74509805,0.5674067,0.32486457,0.38162813,0.43656063,0.41557947,0.9970703,1.0,57.192993,0.0,109.242424,110.054596,0.0,110.00015,31.347656,1.0,114.44277,110.64514,486.0,547.875,2.3438036,170.8125,0.0,169.5,28.943172,67.99996,57.843018,1.0,36.95,99.84375,0.0,-3.1646729,49.06006,41.679382,1.8798828,36.86,37.01,36.53,36.96,0
650454.44,0.35344285,2.2557378,0.51619726,0.5406365,100.834595,14.285718,14.080921,1.3135462,295.59775,108.50059,5.601,0.0,4.721,5.601,5.601,0.0,97.74388,0.0,0.0,449.25,208.875,2616.0,0.0,-11.828125,0.19616699,122.908646,18079.469,18113.432,1100.0834,512.89465,34.165985,37.260426,0.0,2.343793,3.0,54.62036,29.821142,14.999981,-35.624954,2.3,0.0,-26.59375,0.3262329,0.0,0.0,0.0,0.0,0.0,1.3671875,1.25,1.5234375,1.6015625,0.5507744,0.5569543,0.6290532,0.5984588,0.28946364,0.36720836,0.3054856,0.3711757,0.6112001,0.4694438,0.6241703,0.70275426,0.39353016,0.37170976,0.36568245,0.5147631,0.9980469,1.0,57.209778,0.0,109.888725,113.3524,0.0,110.00014,32.617188,1.0,114.47594,115.4129,486.0,547.875,2.343793,-8.78125,0.0,178.65625,30.343649,67.99996,57.824707,1.0,37.0,97.875,-0.06713867,-0.89416504,57.22046,52.134705,1.9335938,37.46,37.64,36.89,37.01,0
650454.44,0.3627543,2.1022952,0.5377994,0.5447906,100.83473,14.285718,14.092973,1.5528759,281.74557,96.023575,5.642,0.0,4.721,5.642,5.642,0.0,97.74397,0.0,0.0,449.25,180.0,2429.0,0.0,-11.796875,0.19403076,122.73452,18178.705,18362.318,1100.0834,512.89465,36.30666,39.10437,0.0,2.3437843,3.0,55.42755,29.771358,14.249982,-35.624954,2.316,0.0,-25.960938,0.29101562,0.0,0.0,0.0,0.0,0.0,1.4648438,1.25,1.5039062,1.640625,0.5464256,0.5569543,0.6288243,0.6029602,0.2915999,0.36720836,0.30853742,0.37850004,0.5160601,0.46082246,0.54894334,0.70275426,0.3322652,0.32730603,0.30014497,0.5147631,0.9980469,1.0,57.10144,0.0,111.538536,112.59213,0.0,110.00012,32.8125,1.0,114.55056,115.28853,486.0,547.875,2.3437843,-7.125,0.0,180.25,33.611427,67.99996,56.82373,1.0,37.51,87.3125,-0.06713867,0.09460449,59.91211,55.125427,2.1435547,37.52,37.56,37.01,37.31,0
650454.5,0.39020342,2.0221682,0.5639093,0.52435887,100.83486,14.285718,14.101409,1.829088,281.10904,83.145485,5.679,0.0,4.721,5.679,5.679,0.0,97.74405,0.0,0.0,450.75,189.0,2108.0,0.0,-11.6484375,0.15405273,119.3349,18549.645,18604.305,1100.0834,512.89465,38.595695,41.75372,0.0,2.3437774,3.0,56.391907,29.726553,11.249986,-2.9999962,2.44,0.0,-25.179688,0.23999023,0.0,0.0,0.0,0.0,0.0,1.4648438,1.3476562,1.7578125,1.796875,0.5464256,0.54489964,0.6188296,0.59807736,0.2915999,0.3651484,0.30807966,0.3788815,0.50446326,0.6350042,0.54894334,0.56374454,0.28961623,0.3990997,0.30014497,0.3853666,0.9970703,1.0,57.006836,0.0,113.442566,107.69827,22.0,110.00011,32.8125,1.0,116.092834,108.51416,484.5,547.875,2.3437774,174.875,0.0,171.28125,31.2773,67.99996,56.06079,1.0,37.72,72.0,-0.19226074,-3.4179688,53.86963,45.26825,2.224121,37.73,37.79,37.37,37.64,0
650454.5,0.41216272,1.9713674,0.55992556,0.5188906,100.83581,14.285718,14.089736,1.6298506,279.4819,78.54669,5.721,0.0,4.721,5.721,5.721,0.0,97.74411,0.0,0.0,450.75,193.5,2003.0,0.0,-10.9921875,0.13879395,117.2288,18684.967,18573.525,1100.0834,501.48517,36.285465,40.693977,0.0,2.343772,3.0,55.51758,29.686228,10.874986,-3.7499952,2.44,0.0,-24.289062,0.2277832,0.0,0.0,0.0,0.0,0.0,1.4257812,1.4453125,1.7382812,1.796875,0.54116124,0.5561913,0.59998477,0.59807736,0.2915236,0.3669032,0.3028153,0.3788815,0.50446326,0.6350042,0.4682231,0.45998323,0.28961623,0.3990997,0.20485237,0.26405737,0.97558594,1.0,56.944275,0.0,112.07019,105.78209,22.0,110.00009,33.203125,1.0,117.74288,106.79777,484.5,547.125,2.343772,174.375,0.0,167.71875,22.874443,67.99996,55.963135,1.0,37.81,68.34375,0.0,-18.075562,51.116943,27.964783,2.0410156,38.1,38.21,37.32,37.69,0
650454.56,0.4097302,1.932297,0.5263222,0.51198107,100.83666,14.285718,14.110862,0.8689822,277.80905,76.01061,5.76,0.0,4.721,5.76,5.76,0.0,97.744156,0.0,0.0,448.875,199.125,1950.0,0.0,-10.9453125,0.13256836,116.15916,18673.291,18380.361,1100.0834,501.48517,30.37212,37.68432,0.0,2.1875174,3.0,52.815247,29.649935,11.624985,1.1249986,2.584,0.0,-23.648438,0.21789551,0.0,0.0,0.0,0.0,0.0,1.40625,1.4453125,1.7382812,1.7382812,0.53238726,0.55024034,0.59998477,0.5808347,0.28625926,0.3617151,0.3028153,0.37308308,0.47081712,0.50881207,0.4711223,0.45998323,0.18791485,0.26436254,0.18173495,0.26405737,0.9765625,1.0,56.17218,0.0,106.82646,104.71386,22.0,110.00008,33.203125,1.0,118.746185,105.61205,480.75,547.125,2.1875174,175.28125,0.0,165.65625,18.673014,67.99996,55.85327,1.0,38.14,65.375,0.0,-29.776001,50.408936,15.556335,1.8017578,38.28,38.41,37.81,38.06,0
650454.6,0.38778415,1.9541689,0.50712377,0.5050716,100.837425,14.285718,14.090494,0.4172879,282.31552,76.49098,5.8,0.0,4.721,5.8,5.8,0.0,97.7442,0.0,0.0,448.875,206.25,1931.0,0.0,-9.984375,0.12536621,114.73298,18700.887,18187.195,1100.0834,499.89316,25.518517,36.9425,0.0,2.0625138,3.0,49.96643,29.617271,12.749984,9.374988,2.388,0.0,-22.875,0.2142334,0.0,0.0,0.0,0.0,0.0,1.40625,1.4453125,1.6796875,1.6992188,0.53238726,0.55024034,0.58388644,0.57480735,0.28625926,0.3617151,0.2966354,0.36896315,0.40268558,0.582208,0.4711223,0.532845,0.1607538,0.3025101,0.18173495,0.29137102,0.98046875,1.0,56.085205,0.0,103.713745,103.42517,22.0,110.00007,33.203125,1.0,118.80424,104.51754,477.375,546.0,2.0625138,173.375,0.0,163.34375,17.739363,67.99996,55.828857,1.0,38.47,64.28125,0.0,-40.79895,48.962402,3.086853,1.6088867,38.36,38.57,37.96,38.46,0
650454.6,0.39022732,1.9066676,0.5026329,0.5030369,100.83728,14.285718,14.111393,0.27380472,276.11914,73.72734,5.841,0.0,4.721,5.841,5.841,0.0,97.74423,0.0,0.0,448.875,207.75,1903.0,0.0,-9.0546875,0.121520996,113.75455,18570.871,17997.215,1100.0834,499.89316,22.275715,36.26427,0.0,1.9625111,3.0,48.353577,29.587875,12.749984,9.749988,2.388,0.0,-22.609375,0.21124268,0.0,0.0,0.0,0.0,0.0,1.3671875,1.4453125,1.6796875,1.6992188,0.5161364,0.5542077,0.583505,0.57480735,0.27985045,0.3587396,0.29259175,0.36896315,0.40268558,0.582208,0.58113986,0.43846798,0.1607538,0.3025101,0.216907,0.2278172,0.98046875,1.0,55.97992,0.0,102.72459,102.70967,22.0,110.00006,33.203125,1.0,118.174065,103.77957,477.375,545.25,1.9625111,171.59375,0.0,162.5625,17.27254,67.99996,54.541016,1.0,38.63,63.375,0.0,-43.173218,48.284912,0.035095215,1.4111328,38.68,38.81,38.32,38.46,0
650454.75,0.43218186,1.8689171,0.49579096,0.50536835,100.83715,14.285718,14.108443,0.13569203,274.10388,72.458496,5.88,0.0,4.721,5.88,5.88,0.0,97.74426,0.0,0.0,448.875,207.375,1884.0,0.0,-8.71875,0.12005615,113.38972,18258.307,17823.154,1100.0834,499.89316,23.017532,35.946346,0.0,1.7262589,3.0,48.93341,29.561419,13.124983,9.374988,2.252,0.0,-22.65625,0.21020508,0.0,0.0,0.0,0.0,0.0,1.3476562,1.4453125,1.6796875,1.6601562,0.5039292,0.5542077,0.583505,0.55779356,0.27382314,0.3587396,0.29259175,0.3617914,0.41855496,0.5331502,0.58381015,0.43846798,0.16144045,0.27702755,0.21789883,0.2278172,0.9824219,1.0,55.929565,0.0,101.77246,103.00648,22.0,110.00005,33.496094,1.0,117.585335,103.555695,475.5,544.875,1.7262589,168.8125,0.0,162.75,17.27254,67.99996,53.240967,1.0,38.82,63.0625,0.0,-42.565918,48.016357,0.37384033,1.184082,38.95,39.14,38.49,38.68,0
650454.75,0.4457455,1.8163168,0.5058164,0.50346076,100.837036,14.285718,14.106379,0.28900066,269.8282,70.495316,5.922,0.0,4.721,5.922,5.922,0.0,97.74428,0.0,0.0,448.875,207.0,1862.0,0.0,-8.65625,0.119018555,113.04146,17946.271,17947.863,1100.0834,499.89316,28.06189,36.200684,0.0,1.5372571,3.0,51.73645,29.46242,13.124983,8.999989,2.252,0.0,-22.734375,0.20428467,0.0,0.0,0.0,0.0,0.0,1.3476562,1.4453125,1.6601562,1.6601562,0.5039292,0.55153733,0.58358127,0.5664149,0.27382314,0.35461968,0.288777,0.35996032,0.46135652,0.5331502,0.58381015,0.6268406,0.17219806,0.27702755,0.21789883,0.32570383,0.98339844,1.0,55.9433,0.0,102.82909,102.276306,22.0,110.000046,33.496094,1.0,116.55717,103.29036,475.5,544.875,1.5372571,172.5625,0.0,161.875,17.739363,67.99996,51.831055,1.0,39.12,61.28125,0.0,-40.838623,48.2666,2.3513794,0.8276367,39.17,39.29,38.62,39.16,0
650454.8,0.4565964,1.7577767,0.50213605,0.50129884,100.83693,14.285718,14.104934,0.19892746,265.47174,69.13365,5.96,0.0,4.721,5.96,5.96,0.0,97.74429,0.0,0.0,448.875,207.0,1856.0,0.0,-8.4609375,0.11816406,112.90879,17847.566,17879.406,1100.0834,499.89316,27.97711,35.81918,0.0,1.3860557,3.0,51.589966,29.37332,13.124983,8.999989,2.22,0.0,-23.125,0.20141602,0.0,0.0,0.0,0.0,0.0,1.3085938,1.4257812,1.6601562,1.6601562,0.49858853,0.5450523,0.58358127,0.5664149,0.2686351,0.34981307,0.288777,0.35996032,0.46135652,0.49958038,0.6112001,0.6118105,0.17219806,0.25955597,0.22812238,0.31792173,0.98339844,1.0,55.90973,0.0,102.208115,102.02797,22.0,110.00004,33.496094,1.0,116.08453,102.95039,474.375,544.5,1.3860557,171.09375,0.0,161.0625,17.739363,67.99996,50.81787,1.0,39.31,60.4375,0.0,-39.51111,48.29712,3.7094116,0.7446289,39.39,39.52,38.98,39.33,0
650454.9,0.46527714,1.7156107,0.49790642,0.5117692,100.83684,14.285718,14.0980625,0.1402589,263.3494,68.322296,6.0,0.0,4.721,6.0,6.0,0.0,97.74431,0.0,0.0,447.75,207.0,1849.0,0.0,-8.421875,0.12030029,112.95025,17850.219,17877.283,1100.0834,499.89316,26.578255,35.77679,0.0,1.2650946,3.0,51.078796,29.29313,13.124983,8.999989,2.252,0.0,-23.40625,0.20562744,0.0,0.0,0.0,0.0,0.0,1.3085938,1.4257812,1.6601562,1.6796875,0.48805982,0.5450523,0.58701456,0.5720607,0.26283666,0.34981307,0.28572518,0.35782406,0.41458762,0.4119936,0.6112001,0.6118105,0.15472648,0.21408407,0.22812238,0.31792173,0.98535156,1.0,55.899048,0.0,101.80363,103.41059,22.0,110.00003,34.08203,1.0,115.31341,103.0499,473.25,544.5,1.2650946,169.59375,0.0,164.59375,17.739363,67.99996,49.768066,1.0,39.48,61.6875,0.0,-37.542725,48.45581,5.836487,0.5834961,39.58,39.77,39.29,39.32,0
650454.9,0.4522217,1.6799943,0.50984764,0.51223546,100.836754,14.285718,14.087394,0.3569867,260.99847,67.675766,6.041,0.0,4.721,6.041,6.041,0.0,97.74432,0.0,0.0,447.75,206.625,1848.0,0.0,-8.296875,0.12158203,112.850746,17791.846,17989.256,1100.0834,499.89316,30.923185,36.26427,0.0,1.1683258,3.0,53.666687,29.22096,12.749984,8.624989,2.252,0.0,-23.929688,0.20458984,0.0,0.0,0.0,0.0,0.0,1.3085938,1.3867188,1.640625,1.6796875,0.48805982,0.5284199,0.57671475,0.5720607,0.26283666,0.34294653,0.280766,0.35782406,0.41458762,0.4119936,0.50453955,0.5386435,0.15472648,0.21408407,0.18829633,0.27985045,0.9863281,1.0,55.918884,0.0,103.297424,103.63666,22.0,110.00002,34.08203,1.0,114.426186,103.29865,473.25,544.5,1.1683258,174.21875,0.0,164.71875,19.13984,67.99996,48.88916,1.0,39.78,61.375,0.0,-34.091187,48.858643,9.690857,0.8300781,39.75,39.88,39.23,39.65,0
650454.94,0.42177737,1.6469977,0.51325107,0.516432,100.83668,14.285718,14.097504,0.41150126,258.687,67.40308,6.079,0.0,4.721,6.079,6.079,0.0,97.74432,0.0,0.0,447.75,206.625,1857.0,0.0,-8.2578125,0.12390137,113.08292,17779.11,18040.73,1100.0834,499.89316,32.173676,36.603386,0.0,1.0909106,3.0,53.962708,29.156008,12.749984,8.624989,2.26,0.0,-23.992188,0.20715332,0.0,0.0,0.0,0.0,0.0,1.328125,1.3671875,1.640625,1.6601562,0.50118256,0.5194934,0.57671475,0.5678645,0.26070037,0.33760586,0.280766,0.3538567,0.5931182,0.45685512,0.54482335,0.5386435,0.22140841,0.23735408,0.20332646,0.27985045,0.9892578,1.0,55.937195,0.0,103.67311,103.940186,22.0,110.000015,34.277344,1.0,113.67993,103.58886,473.25,544.5,1.0909106,175.15625,0.0,166.09375,19.606665,67.99996,48.016357,1.0,39.93,62.15625,0.0,-30.499268,49.20044,13.624573,0.9399414,39.91,40.13,39.46,39.88,0
650455.0,0.41742188,1.5962992,0.51564026,0.5261392,100.83661,14.285718,14.063565,0.4583343,254.02731,66.2246,6.122,0.0,4.721,6.122,6.122,0.0,97.74432,0.0,0.0,447.75,206.625,1858.0,0.0,-8.2578125,0.128479,113.497505,17870.916,18065.672,1100.0834,499.89316,31.707392,36.730556,0.0,1.0289785,3.0,53.75824,29.09755,12.374984,8.624989,2.292,0.0,-24.203125,0.20959473,0.0,0.0,0.0,0.0,0.0,1.328125,1.3671875,1.640625,1.6601562,0.50118256,0.5194934,0.5727474,0.5626764,0.26070037,0.33760586,0.27679867,0.34981307,0.6095979,0.45685512,0.54482335,0.52636,0.22751202,0.23735408,0.20332646,0.27351797,0.9902344,1.0,55.937195,0.0,103.99586,105.35322,22.0,110.00001,34.765625,1.0,113.199005,104.849205,473.625,544.5,1.0289785,176.0625,0.0,169.4375,20.07349,67.99996,47.60132,1.0,40.16,62.875,0.0,-19.302368,50.10376,25.724792,1.105957,40.12,40.35,39.73,40.01,0
650455.0,0.4339375,1.5572698,0.52488166,0.53050536,100.83655,14.285718,14.098402,0.6362969,251.63521,65.74221,6.16,0.0,4.721,6.16,6.16,0.0,97.74432,0.0,0.0,447.75,206.25,1862.0,0.0,-8.2265625,0.13238525,113.83747,17981.826,18129.883,1100.0834,499.89316,33.487755,37.15445,0.0,0.97943276,3.0,54.881287,29.044937,12.374984,8.2499895,2.292,0.0,-24.617188,0.21020508,0.0,0.0,0.0,0.0,0.0,1.3476562,1.3671875,1.6601562,1.6601562,0.5147631,0.5174334,0.5816739,0.5626764,0.2590219,0.3337148,0.27496758,0.34981307,0.6095979,0.50331885,0.6440833,0.6332494,0.22751202,0.26146334,0.24040589,0.3289845,0.9902344,1.0,55.967712,0.0,105.22247,106.04724,22.0,110.00001,34.960938,1.0,112.56055,105.57888,473.625,544.125,0.97943276,179.90625,0.0,170.84375,21.473967,67.99996,47.039795,1.0,40.3,63.0625,0.0,-11.880493,50.994873,34.03778,1.3989258,40.3,40.48,39.86,40.28,0
650455.06,0.44715,1.5416579,0.5242786,0.53249764,100.836494,14.285718,14.087631,0.6470411,251.76096,66.05767,6.2,0.0,4.721,6.2,6.2,0.0,97.74432,0.0,0.0,447.375,206.25,1870.0,0.0,-8.265625,0.13598633,114.23547,18003.584,18159.602,1100.0834,499.89316,33.02147,37.302814,0.0,0.7835462,3.0,54.586792,28.997585,12.374984,8.2499895,2.344,0.0,-24.734375,0.20922852,0.0,0.0,0.0,0.0,0.0,1.328125,1.3671875,1.6601562,1.6796875,0.5053025,0.5174334,0.5816739,0.57152665,0.25444418,0.3337148,0.27496758,0.34874496,0.43915465,0.46730754,0.6440833,0.6332494,0.16937514,0.24277104,0.24040589,0.3289845,0.99121094,1.0,55.970764,0.0,105.29648,106.42327,22.0,110.00001,34.960938,1.0,112.36154,106.38319,474.375,544.5,0.7835462,179.75,0.0,171.53125,21.940792,67.99996,46.679688,1.0,40.49,62.78125,0.0,-6.6467285,51.94702,40.223694,1.6845703,40.58,40.68,40.26,40.37,0
650455.06,0.43772,1.5166632,0.5240894,0.5382203,100.83645,14.285718,14.109388,0.6629056,249.25853,65.92568,6.242,0.0,4.721,6.242,6.242,0.0,97.74432,0.0,0.0,447.375,206.25,1885.0,0.0,-8.296875,0.13946533,114.53397,18106.004,18151.64,1100.0834,499.89316,31.96173,37.49357,0.0,0.62683696,3.0,54.029846,28.95497,11.999985,8.2499895,2.344,0.0,-24.75,0.2111206,0.0,0.0,0.0,0.0,0.0,1.328125,1.3671875,1.6796875,1.6796875,0.5053025,0.51117724,0.5912871,0.57015336,0.25444418,0.3290608,0.27351797,0.34584573,0.4087129,0.46730754,0.6583505,0.5606165,0.15762569,0.24277104,0.24574655,0.29129472,0.98828125,1.0,55.981445,0.0,105.405785,107.39648,22.0,110.00001,35.15625,1.0,112.05475,107.42794,474.375,544.5,0.62683696,179.46875,0.0,173.5,21.940792,67.99996,46.557617,1.0,40.71,63.34375,0.0,-3.503418,52.63672,44.0567,1.8725586,40.79,40.94,40.37,40.66,0
650455.1,0.43017602,1.5066653,0.526931,0.54301023,100.8364,14.285718,14.101181,0.7239151,249.26662,66.20762,6.28,0.0,4.721,6.28,6.28,0.0,97.74432,0.0,0.0,447.75,206.625,1893.0,0.0,-8.3125,0.1437378,114.88223,18092.205,18185.604,1100.0834,499.89316,32.830715,37.663124,0.0,0.50146955,3.0,54.177856,28.916615,11.999985,8.624989,2.332,0.0,-24.796875,0.2142334,0.0,0.0,0.0,0.0,0.0,1.2109375,1.2304688,1.6796875,1.6796875,0.5004196,0.50919354,0.5912871,0.57015336,0.24956131,0.32478827,0.27351797,0.34584573,0.4087129,0.47142747,0.6589609,0.5606165,0.15762569,0.2449073,0.24597543,0.29129472,0.9873047,1.0,56.00128,0.0,105.82627,108.14011,22.0,110.00001,35.351562,1.0,111.91378,108.22395,474.75,544.5,0.50146955,180.125,0.0,175.34375,22.874443,67.99996,47.06421,1.0,40.9,64.28125,-0.14038086,-2.3864746,53.41797,45.814514,1.9775391,40.97,41.21,40.51,40.88,0
650455.2,0.40414083,1.5026662,0.5330209,0.5508947,100.836365,14.285718,14.107155,0.8526362,249.34003,66.61195,6.322,0.0,4.721,6.322,6.322,0.0,97.74432,0.0,0.0,447.75,206.625,1904.0,0.0,-8.40625,0.14959717,115.33827,18039.67,18270.512,1100.0834,499.89316,34.58988,38.362553,0.0,0.40117565,3.0,55.143738,28.882095,11.999985,8.624989,2.352,0.0,-24.75,0.21655273,0.0,0.0,0.0,0.0,0.0,1.1914062,1.2304688,1.5625,1.5429688,0.49385825,0.50919354,0.5941863,0.572137,0.24414435,0.32478827,0.27214465,0.3445487,0.3711757,0.4680705,0.6589609,0.6166934,0.14312963,0.24322881,0.24597543,0.32043946,0.9873047,1.0,56.015015,0.0,106.71349,109.29467,22.0,110.00001,35.64453,1.0,111.63186,109.96522,475.125,544.5,0.40117565,182.09375,0.0,177.875,24.741743,67.99996,47.192383,1.0,41.12,64.96875,-0.2685547,-0.84228516,54.65088,48.46344,2.0361328,41.25,41.4,40.84,40.94,0
650455.2,0.38331267,1.5010666,0.5413244,0.55721074,100.83633,14.285718,14.099618,1.0259589,249.3234,66.92236,6.36,0.0,4.721,6.36,6.36,0.0,97.74432,0.0,0.0,447.75,206.25,1913.0,0.0,-8.4375,0.15411377,115.80261,18142.088,18330.477,1100.0834,499.89316,35.564842,38.680473,0.0,0.32094052,3.0,55.8136,28.851028,11.624985,8.2499895,2.352,0.0,-24.421875,0.21850586,0.0,0.0,0.0,0.0,0.0,1.1914062,1.2304688,1.5820312,1.5429688,0.49385825,0.5071336,0.59838253,0.572137,0.24414435,0.32066834,0.271458,0.3445487,0.4988174,0.4680705,0.6925307,0.52361333,0.19241627,0.24322881,0.25848782,0.27206835,0.9863281,1.0,56.05316,0.0,107.90815,110.24666,22.0,110.00001,35.839844,1.0,111.3914,110.75294,475.125,544.5,0.32094052,186.25,0.0,179.875,27.542696,67.99996,47.01538,1.0,41.31,65.5625,-0.30212402,-0.2532959,55.596924,49.98932,2.109375,41.57,41.57,40.94,41.26,0
650455.25,0.34665012,1.5004267,0.54442537,0.5590335,100.836296,14.285718,14.100202,1.0896116,249.35393,67.49035,6.4,0.0,4.721,6.4,6.4,0.0,97.74432,0.0,0.0,447.75,206.25,1929.0,0.0,-8.5078125,0.15637207,116.17574,18174.459,18388.852,1100.0834,499.89316,36.815334,39.06198,0.0,0.25675243,3.0,56.199646,28.823069,11.624985,8.2499895,2.396,0.0,-24.101562,0.22143555,0.0,0.0,0.0,0.0,0.0,1.1914062,1.25,1.5820312,1.5429688,0.49408713,0.5113298,0.59838253,0.5696956,0.24155031,0.32036316,0.271458,0.34088656,0.4988174,0.6055543,0.6491188,0.52361333,0.19241627,0.31464103,0.24231327,0.27206835,0.98828125,1.0,56.06842,0.0,108.34687,110.45734,22.0,110.00001,35.839844,1.0,111.29191,111.15094,475.875,544.5,0.25675243,187.46875,0.0,180.40625,29.409998,67.99996,47.03369,1.0,41.63,66.4375,-0.31433105,-0.12207031,55.914307,50.44403,2.1533203,41.69,41.77,41.25,41.46,0
650455.3,0.3173201,1.5001707,0.54595435,0.5622975,100.836266,14.285718,14.106469,1.1417807,249.35353,67.84012,6.441,0.0,4.721,6.441,6.441,0.0,97.74432,0.0,0.0,447.75,206.25,1939.0,0.0,-8.984375,0.15899658,116.548874,18262.021,18392.035,1100.0834,499.89316,35.60723,39.189148,0.0,0.20540194,3.0,55.529785,28.797905,11.249986,8.2499895,2.432,0.0,-23.492188,0.22320557,0.0,0.0,0.0,0.0,0.0,1.1914062,1.25,1.5820312,1.5429688,0.49408713,0.5113298,0.6005951,0.57022965,0.24155031,0.32036316,0.2700084,0.3389029,0.40802625,0.48004884,0.6491188,0.58152133,0.16289006,0.2494087,0.24231327,0.30212864,0.99316406,1.0,56.08368,0.0,108.706436,111.11414,22.0,110.00001,35.839844,1.0,111.250435,111.830864,476.625,544.875,0.20540194,187.96875,0.0,181.4375,30.810474,67.99996,47.14966,1.0,41.86,66.96875,-0.30822754,0.0579834,56.40869,51.142883,2.163086,41.97,42.08,41.4,41.81,0
650455.3,0.3138561,1.5000683,0.5472218,0.5632724,100.83624,14.285718,14.104997,1.173325,249.43878,68.2133,6.48,0.0,4.721,6.48,6.48,0.0,97.74432,0.0,0.0,447.75,206.25,1949.0,0.0,-8.71875,0.16113281,116.79762,18392.566,18404.771,1100.0834,499.89316,34.653465,39.252735,0.0,0.16432156,3.0,55.075073,28.775257,11.249986,8.2499895,2.432,0.0,-23.609375,0.22424316,0.0,0.0,0.0,0.0,0.0,1.1914062,1.2304688,1.5820312,1.5429688,0.48973832,0.5097276,0.60280764,0.57022965,0.23758297,0.3167773,0.2686351,0.3389029,0.40802625,0.48004884,0.65285724,0.5364309,0.16289006,0.2494087,0.24368659,0.27870604,0.9951172,1.0,56.092834,0.0,108.92384,111.30061,22.0,110.00001,35.839844,1.0,111.29191,112.18741,476.625,544.875,0.16432156,188.5625,0.0,182.0,31.744123,67.99996,47.406006,1.0,42.09,67.28125,-0.2960205,0.18310547,56.848145,51.737976,2.1679688,42.23,42.26,41.74,41.97,0
650455.4,0.2710849,1.5187774,0.55021507,0.56539196,100.83622,14.285718,14.115685,1.2021827,251.95427,69.11331,6.52,0.0,4.721,6.52,6.52,0.0,98.04508,0.0,0.0,448.125,206.25,1955.0,0.0,-8.171875,0.16290283,117.06296,18383.545,18440.326,1100.0834,499.89316,35.11975,39.613045,0.0,0.13145725,3.0,54.995728,28.679686,11.249986,8.2499895,2.448,0.0,-23.625,0.22595215,0.0,0.0,0.0,0.0,0.0,1.2109375,1.2304688,1.5820312,1.5625,0.49057755,0.5097276,0.60280764,0.5685512,0.23582818,0.3167773,0.2686351,0.33585107,0.50919354,0.5339895,0.6095979,0.5364309,0.20325017,0.27740902,0.23514153,0.27870604,1.0,1.0,56.11267,0.0,109.122734,111.35674,22.0,110.00001,35.839844,1.0,111.34995,112.502495,477.375,544.125,0.13145725,189.71875,0.0,182.75,32.21095,67.99996,47.51587,1.0,42.24,67.78125,-0.28076172,0.26550293,57.147217,52.14081,2.1655273,42.56,42.53,41.98,42.14,0
650455.44,0.23686792,1.545011,0.55298793,0.5680201,100.8362,14.285718,14.105589,1.2548444,254.3211,70.226456,6.558,0.0,4.721,6.558,6.558,0.0,98.28569,0.0,0.0,448.125,205.875,1968.0,0.0,-8.3515625,0.1638794,117.2288,18403.18,18454.654,1100.0834,499.89316,35.45887,39.71902,0.0,0.1051658,3.0,55.210876,28.593672,11.249986,7.87499,2.452,0.0,-23.625,0.22979736,0.0,0.0,0.0,0.0,0.0,1.2109375,1.25,1.6015625,1.5625,0.49057755,0.5107958,0.6031128,0.5686275,0.23582818,0.31479362,0.2669566,0.33463034,0.49263752,0.5339895,0.6095979,0.5706874,0.19661249,0.27740902,0.23514153,0.312047,1.0048828,1.0,56.123352,0.0,109.4857,111.6235,22.0,110.00001,35.839844,1.0,111.53236,112.74296,477.75,544.5,0.1051658,190.65625,0.0,183.5,33.1446,67.99996,48.016357,1.0,42.57,68.9375,-0.25634766,0.24719238,57.08008,52.085876,2.1777344,42.75,42.71,42.05,42.4,0
650455.44,0.20949434,1.5742545,0.5527481,0.5686136,100.836174,14.285718,14.098521,1.2711018,256.80576,71.27287,6.601,0.0,4.721,6.601,6.601,0.0,98.47818,0.0,0.0,448.125,205.875,1978.0,0.0,-8.3359375,0.16485596,117.44438,18365.502,18453.594,1100.0834,499.89316,36.327854,39.697823,0.0,0.08413264,3.0,55.699158,28.51626,11.249986,7.87499,2.452,0.0,-23.625,0.23144531,0.0,0.0,0.0,0.0,0.0,1.2109375,1.25,1.6015625,1.5625,0.49065384,0.5117876,0.60257876,0.5686275,0.2338445,0.31288624,0.26497293,0.33463034,0.49263752,0.533608,0.59258413,0.50431067,0.19661249,0.27725643,0.22858015,0.2758068,0.99902344,1.0,56.134033,0.0,109.59774,111.88446,22.0,110.00001,35.839844,1.0,111.63186,113.00829,477.75,544.5,0.08413264,190.6875,0.0,183.75,33.1446,67.99996,48.38257,1.0,42.8,69.4375,-0.2319336,0.29907227,57.18994,52.28424,2.1826172,42.92,42.98,42.39,42.55,0
650455.5,0.18759547,1.5859518,0.55431443,0.57124174,100.83616,14.285718,14.111153,1.3024389,256.85556,71.647095,6.639,0.0,4.721,6.639,6.639,0.0,98.63217,0.0,0.0,448.5,205.875,1988.0,0.0,-8.4453125,0.16656494,117.6268,18276.879,18493.395,1100.0834,499.89316,37.959854,39.97336,0.0,0.067306116,3.0,56.210327,28.446589,11.249986,7.87499,2.48,0.0,-23.679688,0.23443604,0.0,0.0,0.0,0.0,0.0,1.2109375,1.25,1.6015625,1.5625,0.49080643,0.5117876,0.60257876,0.5653468,0.23201343,0.31288624,0.26497293,0.33165485,0.49485007,0.532845,0.5997559,0.50431067,0.19752803,0.27687496,0.23132677,0.2758068,0.99902344,1.0,56.144714,0.0,109.81373,112.315094,22.0,110.00001,35.839844,1.0,111.72307,113.356544,478.5,544.5,0.067306116,191.28125,0.0,184.78125,34.07825,67.99996,48.742676,1.0,43.04,70.34375,-0.20141602,0.30517578,57.373047,52.516174,2.2021484,43.16,43.27,42.65,42.94,0
650455.5,0.19007638,1.6093807,0.5558589,0.5733188,100.83614,14.285718,14.102416,1.3318257,259.3216,72.55328,6.679,0.0,4.721,6.679,6.679,0.0,98.75536,0.0,0.0,448.5,205.875,1994.0,0.0,-8.34375,0.16790771,117.83409,18397.873,18489.148,1100.0834,499.89316,36.857723,39.930965,0.0,0.053844895,3.0,55.6427,28.383884,11.249986,7.87499,2.488,0.0,-23.960938,0.2355957,0.0,0.0,0.0,0.0,0.0,1.2109375,1.25,1.6015625,1.5625,0.49080643,0.5127031,0.6024262,0.5665675,0.23201343,0.31105515,0.26329443,0.33127338,0.49713895,0.532845,0.5997559,0.59342337,0.19844358,0.27687496,0.23132677,0.3245594,0.9980469,1.0,56.152344,0.0,110.01627,112.5641,22.0,110.00001,35.839844,1.0,111.87233,113.81259,478.875,544.5,0.053844895,191.75,0.0,185.40625,34.54508,67.99996,49.1333,1.0,43.25,70.6875,-0.16174316,0.37841797,57.617188,52.879333,2.2070312,43.46,43.47,42.94,43.01,0
650455.56,0.1920611,1.6187522,0.5586567,0.574209,100.83613,14.285718,14.108019,1.3639189,259.33127,73.065414,6.722,0.0,4.721,6.722,6.722,0.0,98.85392,0.0,0.0,448.5,205.875,2008.0,0.0,-7.9921875,0.16925049,118.00822,18438.203,18508.783,1100.0834,499.89316,37.048477,40.015747,0.0,0.043075915,3.0,55.80139,28.327452,10.874986,7.87499,2.488,0.0,-23.648438,0.23864746,0.0,0.0,0.0,0.0,0.0,1.2109375,1.25,1.6015625,1.5625,0.4911116,0.5173571,0.6050202,0.5665675,0.23033494,0.31166553,0.26291296,0.33127338,0.49713895,0.6208896,0.6634623,0.58152133,0.19844358,0.32257572,0.2559701,0.31799802,0.9951172,1.0,56.166077,0.0,110.23747,112.54367,22.0,110.00001,35.839844,1.0,112.06304,113.99501,478.875,544.125,0.043075915,193.09375,0.0,185.84375,34.54508,67.99996,49.664307,1.0,43.53,71.59375,-0.11291504,0.390625,57.70874,53.04413,2.211914,43.67,43.62,43.17,43.28,0
650455.6,0.19364887,1.6225009,0.5588442,0.5750568,100.83611,14.285718,14.111941,1.392905,259.37918,73.406456,6.76,0.0,4.721,6.76,6.76,0.0,98.93276,0.0,0.0,448.5,205.875,2017.0,0.0,-8.1171875,0.17034912,118.24039,18377.176,18527.887,1100.0834,499.89316,37.875072,40.142914,0.0,0.034460735,3.0,55.880737,28.27666,10.874986,7.87499,2.496,0.0,-22.78125,0.24017334,0.0,0.0,0.0,0.0,0.0,1.2109375,1.25,1.6015625,1.5625,0.49561304,0.5173571,0.6050202,0.56717783,0.2307164,0.31166553,0.26291296,0.3305867,0.595407,0.5912108,0.6017395,0.58152133,0.23765926,0.3071641,0.23216602,0.31799802,0.9970703,1.0,56.176758,0.0,110.437256,112.83768,22.0,110.00001,35.839844,1.0,112.22058,114.23547,479.25,544.125,0.034460735,193.28125,0.0,186.25,35.0119,67.99996,50.030518,1.0,43.75,72.0625,-0.064086914,0.3326416,57.86133,53.18756,2.2167969,43.88,43.9,43.41,43.53,0
650455.6,0.1749191,1.6240003,0.56020874,0.57976204,100.836105,14.285718,14.091249,1.4149103,259.44348,73.93429,6.8,0.0,4.721,6.8,6.8,0.0,98.995834,0.0,0.0,448.5,205.875,2031.0,0.0,-8.1171875,0.17407227,118.56377,18425.469,18531.072,1100.0834,500.42383,37.663124,40.142914,0.0,0.027568588,3.0,55.778503,28.23095,11.249986,7.87499,2.496,0.0,-22.1875,0.24468994,0.0,0.0,0.0,0.0,0.0,1.2109375,1.25,1.6210938,1.5820312,0.49561304,0.5205615,0.60486764,0.5693904,0.2307164,0.31143662,0.26138705,0.33096817,0.5430686,0.58579385,0.6017395,0.6195163,0.2167544,0.3043412,0.23216602,0.33882657,0.99609375,1.0,56.192017,0.0,110.58893,113.45439,22.0,110.00001,36.035156,1.0,112.34496,114.7081,479.625,544.125,0.027568588,193.8125,0.0,188.125,35.478725,67.99996,50.390625,1.0,43.99,73.40625,-0.012207031,0.41503906,58.428955,53.901672,2.2265625,44.17,44.11,43.76,43.84,0
650455.7,0.13993528,1.6246002,0.5627322,0.58446723,100.8361,14.285718,14.100203,1.4633516,259.42624,74.22059,6.839,0.0,4.721,6.839,6.839,0.0,99.046295,2.0,0.0,448.5,205.875,2039.0,0.0,-8.0703125,0.18695068,119.89045,18441.389,18556.543,1100.0834,500.42383,38.21419,40.29128,0.0,0.022054872,3.0,56.118774,28.18981,11.249986,7.87499,2.496,0.0,-22.140625,0.2397461,0.0,0.0,0.0,0.0,0.0,1.2109375,1.2695312,1.640625,1.5820312,0.497673,0.52338445,0.6084535,0.5693904,0.23002976,0.31105515,0.26161593,0.33096817,0.5430686,0.58579385,0.68856335,0.61364156,0.2167544,0.3043412,0.26565957,0.3355459,0.99609375,1.0,56.230164,0.0,110.92282,114.098404,22.0,110.00001,36.23047,1.0,112.535675,116.059654,479.625,544.125,0.022054872,194.4375,0.0,189.84375,36.412376,67.99996,50.88501,1.0,44.25,71.9375,0.06713867,1.1505127,61.975098,58.36029,2.2631836,44.33,44.36,44.0,43.84,0
650455.7,0.11194823,1.6435901,0.56489056,0.5854422,100.83609,14.285718,14.10647,1.5098393,261.8415,75.38919,6.879,0.0,4.721,6.879,6.879,0.0,99.08666,2.0,0.0,448.5,205.875,2052.0,0.0,-8.21875,0.1906128,120.32991,18375.055,18592.1,1100.0834,500.42383,39.528267,40.312473,0.0,0.017643897,3.0,56.869507,28.152784,11.249986,7.87499,2.5,0.0,-22.015625,0.24072266,0.0,0.0,0.0,0.0,0.0,1.2304688,1.2695312,1.640625,1.5820312,0.5005722,0.52361333,0.6084535,0.57129776,0.22980087,0.30853742,0.26161593,0.33119708,0.56466013,0.5293355,0.70084685,0.61364156,0.22537576,0.2607767,0.27038985,0.3355459,0.9970703,1.0,56.233215,0.0,111.24325,114.261505,22.0,110.00001,36.23047,1.0,112.8176,116.25866,479.625,544.125,0.017643897,194.6875,0.0,190.3125,36.879204,67.99996,51.470947,1.0,44.51,72.21875,0.1953125,1.4068604,62.805176,59.605408,2.397461,44.53,44.59,44.17,44.24,0
650455.75,0.10955858,1.632436,0.56129646,0.58484876,100.83608,14.285718,14.104998,1.5411708,259.5278,74.977936,6.921,0.0,4.721,6.921,6.921,0.0,99.11896,2.0,0.0,448.875,206.25,2059.0,0.0,-9.0703125,0.19299316,120.70304,18379.299,18549.645,1100.0834,500.9545,39.570656,39.97336,0.0,0.0141151175,3.0,56.89087,28.119461,11.249986,8.2499895,2.496,0.0,-22.09375,0.23937988,0.0,0.0,0.0,0.0,0.0,1.2304688,1.2695312,1.6210938,1.5820312,0.5005722,0.52361333,0.61242086,0.5717555,0.22980087,0.30853742,0.2620737,0.3305104,0.5252918,0.7161059,0.70084685,0.5816739,0.20263982,0.3527886,0.27038985,0.31807432,0.9980469,1.0,56.237793,0.0,111.459206,114.99498,22.0,110.00001,36.23047,1.0,112.94197,116.60691,480.375,545.25,0.0141151175,194.25,0.0,190.625,37.346027,67.99996,51.556396,1.0,44.69,71.8125,0.32958984,1.4984131,63.482666,60.52704,2.4316406,44.9,44.87,44.36,44.45,0
650455.8,0.087646864,1.6279745,0.56653476,0.5895116,100.836075,14.285718,14.103967,1.5995793,259.577,75.46563,6.96,0.0,4.721,6.96,6.96,0.0,99.14479,2.0,0.0,448.875,205.875,2072.0,0.0,-9.0078125,0.20379639,121.863884,18450.41,18596.875,1100.0834,500.9545,39.655434,40.29128,0.0,0.011292094,3.0,56.970215,28.08947,11.249986,7.87499,2.496,0.0,-22.117188,0.23693848,0.0,0.0,0.0,0.0,0.0,1.2304688,1.2890625,1.640625,1.5820312,0.5016403,0.5318532,0.6223392,0.5717555,0.22842756,0.31074998,0.2652781,0.3305104,0.5252918,0.7161059,0.8436713,0.6445411,0.20263982,0.3527886,0.32547495,0.3524834,0.9980469,1.0,56.280518,0.0,111.8618,115.22255,22.0,110.00001,36.42578,1.0,113.25705,117.70142,480.375,545.25,0.011292094,195.84375,0.0,192.4375,38.27968,67.99996,52.34375,1.0,44.95,71.09375,0.48217773,2.3590088,66.3208,64.4577,2.4853516,45.1,45.06,44.66,44.82,0
650455.8,0.070117496,1.6261898,0.5682104,0.59565806,100.83607,14.285718,14.091527,1.6405637,259.56097,75.898,7.0,0.0,4.721,7.0,7.0,0.0,99.16546,2.0,0.0,448.5,206.25,2084.0,0.0,-8.9453125,0.20861816,122.50235,18475.352,18620.756,1100.0834,501.48517,40.03694,40.482033,0.0,0.009033675,3.0,57.243347,28.062477,11.624985,8.2499895,2.504,0.0,-22.125,0.24047852,0.0,0.0,0.0,0.0,0.0,1.2304688,1.2695312,1.640625,1.6015625,0.50568396,0.53772795,0.6223392,0.57488364,0.22850385,0.31166553,0.2652781,0.33165485,0.5962463,0.6687266,0.67627984,0.6445411,0.23002976,0.3294423,0.260853,0.3524834,0.99902344,1.0,56.2912,0.0,112.144295,116.23003,22.0,110.00001,36.71875,1.0,113.52239,118.14918,480.375,544.875,0.009033675,196.84375,0.0,194.75,38.27968,67.99996,52.88086,1.0,45.15,72.15625,0.6530762,2.5268555,67.24243,65.74249,2.5708008,45.37,45.33,44.8,44.82,0
650455.9,0.076094,1.644226,0.5710583,0.60523814,100.83606,14.285718,14.100397,1.7178296,262.03702,76.91615,7.038,0.0,4.721,7.038,7.038,0.0,99.18199,2.0,0.0,448.875,206.25,2092.0,0.0,-8.8671875,0.22540283,124.33482,18604.836,18664.27,1100.0834,501.48517,38.93481,40.842342,0.0,0.0072269402,3.0,56.67572,28.038185,11.249986,8.2499895,2.504,0.0,-22.125,0.23486328,0.0,0.0,0.0,0.0,0.0,1.25,1.2695312,1.640625,1.5820312,0.51430535,0.53772795,0.62462807,0.5726711,0.23125048,0.31166553,0.26504922,0.32959488,0.7067216,0.56565195,0.67627984,0.5314717,0.282063,0.29388875,0.260853,0.29060808,1.0019531,1.0,56.333923,0.0,112.67687,117.69649,22.0,110.00001,37.109375,1.0,113.90382,120.10603,480.75,544.875,0.0072269402,197.53125,0.0,197.875,39.680157,67.99996,53.546143,1.0,45.42,70.46875,0.8483887,3.8970947,71.77124,71.95892,2.6635742,45.55,45.59,45.19,45.21,0
650455.94,0.0808752,1.6514404,0.5737302,0.60994333,100.83605,14.285718,14.100746,1.7780555,262.00323,77.34738,7.08,0.0,4.721,7.08,7.08,0.0,99.19522,2.0,0.0,448.875,206.25,2104.0,0.0,-8.7421875,0.23657227,125.636635,18729.012,18675.945,1100.0834,501.48517,37.663124,40.842342,0.0,0.0057815523,3.0,56.03943,28.016321,11.249986,8.2499895,2.504,0.0,-22.203125,0.23114014,0.0,0.0,0.0,0.0,0.0,1.25,1.2695312,1.6601562,1.5820312,0.51430535,0.53894866,0.62600136,0.5726711,0.23125048,0.31074998,0.26489663,0.32959488,0.6934463,0.56565195,0.65728235,0.6083009,0.27679867,0.29388875,0.26237887,0.34927902,1.0,1.0,56.350708,0.0,113.091995,118.48664,22.0,110.00001,37.304688,1.0,114.194016,121.1425,480.75,544.875,0.0057815523,198.59375,0.0,199.6875,41.08063,67.99996,54.174805,1.0,45.71,69.34375,1.0772705,4.928589,74.75586,76.29547,2.8100586,45.78,45.8,45.29,45.4,0
650455.94,0.08470017,1.6543262,0.5782705,0.60981625,100.836044,14.285718,14.100991,1.8815836,262.0263,77.832146,7.121,0.0,4.721,7.121,7.121,0.0,99.2058,2.0,0.0,448.5,206.25,2117.0,0.0,-8.6953125,0.23931885,126.0678,18618.633,18719.46,1100.0834,502.2812,40.12172,41.13907,0.0,0.0046252417,3.0,57.437134,27.996645,11.249986,8.2499895,2.532,0.0,-22.21875,0.23187256,0.0,0.0,0.0,0.0,0.0,1.2695312,1.2890625,1.6601562,1.6015625,0.52201116,0.54535747,0.62600136,0.574197,0.23353933,0.31311512,0.26489663,0.3305867,0.6934463,0.6876478,0.5878538,0.6343175,0.27679867,0.35729,0.23460746,0.36415654,0.99902344,1.0,56.381226,0.0,113.805595,118.40698,22.0,110.00001,37.304688,1.0,114.69982,121.36638,481.125,544.875,0.0046252417,200.65625,0.0,200.25,42.947933,67.99996,55.13916,1.0,46.0,69.5625,1.2878418,5.1239014,75.37842,77.34833,2.9345703,46.07,46.11,45.53,45.74,0
650456.0,0.087760136,1.6554805,0.58323216,0.6118085,100.83604,14.285718,14.095304,1.9919775,262.09915,78.33186,7.158,0.0,4.721,7.158,7.158,0.0,99.21427,2.0,0.0,448.5,206.25,2130.0,0.0,-8.75,0.24261475,126.581894,18609.08,18791.102,1100.0834,502.2812,40.842342,41.308628,0.0,0.0037001935,3.0,57.86743,27.978935,11.624985,8.2499895,2.548,0.0,-22.195312,0.23406982,0.0,0.0,0.0,0.0,0.0,1.2695312,1.2890625,1.6210938,1.6015625,0.52216375,0.54535747,0.624094,0.57679105,0.23331045,0.31311512,0.26337072,0.3322652,0.52483404,0.63126576,0.5878538,0.6343175,0.22957198,0.32799268,0.23460746,0.36415654,0.99902344,1.0,56.4209,0.0,114.56652,118.74678,22.0,110.00001,37.304688,1.0,115.36316,121.62342,481.5,544.875,0.0037001935,202.1875,0.0,200.75,44.348408,67.99996,56.30493,1.0,46.1,70.21875,1.486206,4.9957275,76.0376,78.09601,2.9833984,46.37,46.33,45.93,45.88,0
650456.0,0.07020811,1.6746923,0.58751523,0.6108759,100.83604,14.285718,14.091322,2.106706,264.401,79.390785,7.2,0.0,4.721,7.2,7.2,0.0,99.22105,2.0,0.0,448.875,206.625,2140.0,0.0,-8.8125,0.24450684,126.96331,18704.07,18806.49,1100.0834,502.81186,40.863537,41.435795,0.0,0.0029601548,3.0,57.946777,27.962997,11.249986,8.624989,2.548,0.0,-22.171875,0.23382568,0.0,0.0,0.0,0.0,0.0,1.2695312,1.2890625,1.6210938,1.6015625,0.52216375,0.54901963,0.6232548,0.575494,0.23331045,0.3138781,0.26230258,0.33150226,0.5181964,0.63126576,0.60822463,0.5516899,0.22667277,0.32799268,0.24277104,0.316701,1.0,1.0,56.436157,0.0,115.35733,118.81576,22.0,110.00001,37.304688,1.0,116.092834,121.822426,482.25,544.875,0.0029601548,204.125,0.0,200.96875,45.28206,67.99996,57.53784,1.0,46.43,70.15625,1.663208,4.5562744,76.519775,78.334045,2.9980469,46.58,46.58,45.96,46.22,0
650456.06,0.07616649,1.682377,0.59108806,0.61197805,100.83604,14.285718,14.100253,2.2268333,264.41837,79.91542,7.238,0.0,4.721,7.238,7.238,0.0,99.22646,2.0,0.0,448.875,206.625,2154.0,0.0,-9.15625,0.24768066,127.40278,18745.994,18851.066,1100.0834,502.81186,41.202652,41.732525,0.0,0.002368124,3.0,58.18634,27.948652,11.249986,8.624989,2.548,0.0,-22.15625,0.23583984,0.0,0.0,0.0,0.0,0.0,1.2695312,1.2890625,1.6210938,1.6015625,0.52193487,0.5543603,0.6205844,0.575494,0.23300527,0.31570917,0.2605478,0.33150226,0.5181964,0.6726177,0.57000077,0.5976959,0.22667277,0.3494316,0.22751202,0.34309912,0.99902344,1.0,56.484985,0.0,116.185356,119.22462,22.0,110.00001,37.304688,1.0,116.86397,122.06289,482.25,545.25,0.002368124,205.46875,0.0,201.53125,46.21571,67.99996,58.807373,1.0,46.73,70.75,1.8188477,3.9642334,77.160645,78.55682,2.993164,46.88,46.9,46.2,46.55,0
650456.1,0.08093319,1.6854508,0.59595895,0.61812454,100.83604,14.285718,14.100646,2.352257,264.49887,80.45932,7.279,0.0,4.721,7.279,7.279,0.0,99.2308,2.0,0.0,448.5,206.25,2168.0,0.0,-9.5859375,0.25854492,128.73775,18758.73,18897.766,1100.0834,502.81186,42.220005,42.156418,0.0,0.0018944992,3.0,58.787537,27.935741,11.249986,8.2499895,2.58,0.0,-22.132812,0.23468018,0.0,0.0,0.0,0.0,0.0,1.2890625,1.2890625,1.6210938,1.6015625,0.5239948,0.55481803,0.6205844,0.5764859,0.23460746,0.31532767,0.2605478,0.3321126,0.5698482,0.56458384,0.67177844,0.5976959,0.26466775,0.30869,0.29388875,0.34309912,1.0029297,1.0,56.506348,0.0,117.04989,120.376595,22.0,110.00001,37.597656,1.0,117.65997,123.26519,482.625,545.625,0.0018944992,207.0,0.0,204.1875,46.682537,67.99996,60.144043,1.0,46.96,70.40625,1.9561768,4.949951,78.42407,81.10809,3.022461,47.05,47.13,46.62,46.58,0
650456.1,0.084746554,1.7054303,0.6008248,0.6274502,100.83604,14.285718,14.095061,2.4745197,266.86914,81.479904,7.324,0.0,4.721,7.324,7.324,0.0,99.23426,2.0,0.0,448.875,206.625,2176.0,0.0,-9.546875,0.2734375,130.42097,18779.957,18954.018,1100.0834,503.34253,42.60151,42.495537,0.0,0.0015155993,3.0,59.03778,27.848934,11.249986,8.624989,2.584,0.0,-22.125,0.23052979,0.0,0.0,0.0,0.0,0.0,1.2695312,1.2890625,1.6015625,1.5820312,0.5285725,0.55481803,0.62279695,0.57694364,0.23758297,0.31532767,0.26222628,0.33318076,0.63050276,0.669337,0.67177844,0.5865568,0.29282063,0.36598763,0.29388875,0.3524834,1.0048828,1.0,56.523132,0.0,117.89263,121.81627,22.0,110.00001,37.98828,1.0,118.48915,125.19717,483.0,545.625,0.0015155993,208.5,0.0,207.1875,47.616188,67.99996,61.43799,1.0,47.24,69.15625,2.0843506,7.394409,79.70581,85.27985,3.0981445,47.46,47.36,46.83,47.02,0
650456.2,0.10779724,1.7321723,0.6070817,0.6314773,100.83604,14.285718,14.10873,2.5993867,269.1898,82.79276,7.36,0.0,4.721,7.36,7.36,0.0,99.23704,2.0,0.0,448.875,207.0,2192.0,0.0,-9.453125,0.2775879,131.26674,18950.834,18990.633,1100.0834,503.34253,41.605354,42.38956,0.0,0.0012124794,3.0,58.59375,27.770807,11.249986,8.999989,2.584,0.0,-22.125,0.23059082,0.0,0.0,0.0,0.0,0.0,1.2695312,1.2890625,1.6015625,1.5820312,0.5285725,0.5597009,0.6190585,0.57473105,0.23758297,0.31792173,0.26108187,0.33249408,0.6411078,0.669337,0.5487907,0.5329976,0.2977035,0.36598763,0.24010071,0.32028687,1.0029297,1.0,56.581116,0.0,118.75333,122.20636,22.0,110.00001,38.183594,1.0,119.29344,125.50397,483.0,545.625,0.0012124794,211.09375,0.0,209.03125,48.54984,67.99996,62.353516,1.0,47.46,69.1875,2.218628,7.6141357,79.98657,86.042786,3.2104492,47.7,47.68,47.13,47.21,0
650456.25,0.1062378,1.7428689,0.6141282,0.6326642,100.83604,14.285718,14.10072,2.7021909,269.1701,83.08885,7.4,0.0,4.721,7.4,7.4,0.0,99.23926,2.0,0.0,448.5,206.625,2200.0,0.0,-9.2109375,0.2805786,131.91348,18988.512,19099.422,1100.0834,504.13855,42.686287,43.152573,0.0,9.699836E-4,3.0,59.25293,27.700495,11.249986,8.624989,2.62,0.0,-22.070312,0.23266602,0.0,0.0,0.0,0.0,0.0,1.2890625,1.2890625,1.6015625,1.5820312,0.53337914,0.561532,0.6190585,0.57473105,0.24063477,0.31853208,0.26108187,0.33249408,0.6411078,0.6024262,0.7122148,0.50888836,0.2977035,0.3294423,0.31158924,0.3057908,1.0,1.0,56.61316,0.0,119.461945,122.18979,22.0,110.00001,38.183594,1.0,119.98167,125.82734,483.375,545.25,9.699836E-4,213.90625,0.0,209.4375,49.483486,67.99996,64.001465,1.0,47.8,69.8125,2.3345947,6.7504883,80.05371,85.417175,3.2421875,47.93,47.97,47.2,47.6,0
650456.25,0.14499024,1.7471476,0.62000537,0.63287616,100.83604,14.285718,14.112692,2.8556225,269.2966,83.65689,7.439,0.0,4.721,7.439,7.439,0.0,99.241035,2.0,0.0,448.5,207.0,2214.0,0.0,-9.1640625,0.28259277,132.48563,18985.326,19159.918,1100.0834,504.13855,44.127533,43.724834,0.0,7.759869E-4,3.0,60.09369,27.637213,10.874986,8.999989,2.636,0.0,-22.054688,0.23406982,0.0,0.0,0.0,0.0,0.0,1.2890625,1.2890625,1.6015625,1.5625,0.536202,0.561532,0.62302583,0.57137406,0.24254215,0.31853208,0.2636759,0.3311208,0.5984588,0.7679103,0.66979474,0.50888836,0.27794307,0.41992828,0.2930495,0.3057908,1.0097656,1.0,56.671143,0.0,120.51953,122.4589,22.0,110.00001,38.183594,1.0,121.04301,126.13414,484.125,545.25,7.759869E-4,216.53125,0.0,210.15625,49.950314,67.99996,65.667725,1.0,48.04,70.21875,2.420044,5.383301,80.096436,84.23309,3.2470703,48.11,48.19,47.68,47.8,0
650456.3,0.15599218,1.7863591,0.6278851,0.6390649,100.83604,14.285718,14.121072,3.0275605,273.8212,85.446655,7.48,0.0,4.721,7.48,7.48,0.0,99.242455,2.0,0.0,448.5,206.625,2224.0,0.0,-9.2421875,0.2886963,133.62158,19124.895,19220.414,1100.0834,504.13855,43.852,44.191116,0.0,6.2078953E-4,3.0,60.014343,27.58026,10.874986,8.624989,2.68,0.0,-21.96875,0.23413086,0.0,0.0,0.0,0.0,0.0,1.2890625,1.3085938,1.6015625,1.5820312,0.536202,0.57038224,0.62500954,0.57907987,0.24254215,0.32364386,0.2652018,0.3372244,0.60456246,0.73197526,0.66979474,0.7503624,0.280766,0.40032044,0.2930495,0.4509041,1.0117188,1.0,56.697083,0.0,121.70468,123.347176,22.0,110.00001,38.378906,1.0,122.220436,127.21207,484.5,545.25,6.2078953E-4,218.8125,0.0,211.59375,49.950314,67.99996,67.49878,1.0,48.28,70.25,2.4841309,4.309082,80.511475,83.74176,3.2421875,48.44,48.52,47.99,47.84,0
650456.3,0.14479375,1.8020437,0.63673323,0.64054865,100.83604,14.285718,14.1210785,3.2058287,273.7972,85.9386,7.521,0.0,4.721,7.521,7.521,0.0,99.24359,2.0,0.0,448.5,206.625,2237.0,0.0,-9.359375,0.29187012,134.32639,19179.021,19310.098,1100.0834,504.66922,45.017715,44.848156,0.0,4.9663166E-4,3.0,60.728455,27.529001,10.499987,8.624989,2.68,0.0,-21.445312,0.23529053,0.0,0.0,0.0,0.0,0.0,1.2890625,1.3085938,1.5820312,1.5820312,0.53917754,0.5773251,0.6225681,0.57907987,0.24444953,0.3275349,0.2653544,0.3372244,0.6975662,0.73197526,0.57686734,0.6977188,0.32394904,0.40032044,0.26787212,0.41931793,1.0107422,1.0,56.73065,0.0,122.933464,123.52831,22.0,110.00001,38.378906,1.0,123.45591,127.485695,484.5,545.25,4.9663166E-4,222.15625,0.0,212.25,49.950314,67.99996,69.384766,1.0,48.52,70.59375,2.5787354,1.9439697,80.651855,81.69708,3.2128906,48.83,48.75,47.97,48.44,0
650456.4,0.135835,1.8083177,0.6435862,0.64160836,100.83604,14.285718,14.121083,3.3696933,273.94598,86.63873,7.559,0.0,4.721,7.559,7.559,0.0,99.2445,2.0,0.0,448.125,207.0,2254.0,0.0,-9.5703125,0.29449463,134.95656,19182.736,19369.002,1100.0834,504.66922,46.967632,45.335636,0.0,3.9730532E-4,3.0,61.83014,27.482868,10.874986,8.999989,2.728,0.0,-20.398438,0.23760986,0.0,0.0,0.0,0.0,0.0,1.3085938,1.328125,1.5820312,1.6015625,0.5459678,0.584268,0.6225681,0.5841917,0.24849316,0.33142596,0.2653544,0.34142062,0.6975662,0.7390707,0.78644997,0.56801707,0.32394904,0.4042115,0.3652247,0.35706112,1.0097656,1.0,56.843567,0.0,124.062965,123.78732,22.0,110.00001,38.476562,0.0,124.591866,127.72615,485.25,545.625,3.9730532E-4,225.125,0.0,213.40625,49.950314,67.99996,71.11206,1.0,48.85,71.28125,2.7008057,1.0437012,80.67627,80.99823,3.1152344,49.07,49.01,48.54,48.67,0
650456.44,0.12866801,1.8295772,0.64785206,0.6484755,100.83604,14.285718,14.109367,3.4961166,276.15506,87.7636,7.6,0.0,4.721,7.6,7.6,0.0,99.245224,2.0,0.0,448.125,207.0,2265.0,0.0,-9.8125,0.30108643,136.25836,19297.893,19433.744,1100.0834,505.4652,46.81927,45.780727,0.0,3.1784427E-4,3.0,61.80725,27.441349,10.499987,8.999989,2.776,0.0,-19.914062,0.23809814,0.0,0.0,0.0,0.0,0.0,1.3085938,1.328125,1.5820312,1.6015625,0.5519951,0.584268,0.62958723,0.5833524,0.2529946,0.33142596,0.27038985,0.34218356,0.68581676,0.6086824,0.5841154,0.56801707,0.33783475,0.3494316,0.27122912,0.35706112,1.0029297,1.0,56.906128,0.0,124.93439,125.044075,22.0,110.00001,38.671875,0.0,125.47909,129.01137,486.375,546.0,3.1784427E-4,226.125,0.0,215.40625,49.950314,67.99996,72.387695,1.0,49.09,71.4375,2.822876,0.8758545,81.09131,81.49567,3.0908203,49.35,49.32,48.65,48.75,0
650456.44,0.14293441,1.8568308,0.65492547,0.6498743,100.83604,14.285718,14.112885,3.632962,278.36084,88.85519,7.639,0.0,4.721,7.639,7.639,0.0,99.245804,2.0,0.0,448.5,206.25,2275.0,0.0,-9.8671875,0.30413818,136.90512,19463.463,19486.281,1100.0834,505.4652,45.653557,45.971478,0.0,2.5427542E-4,3.0,61.228943,27.403982,10.499987,8.2499895,2.784,0.0,-19.59375,0.23791504,0.0,0.0,0.0,0.0,0.0,1.3085938,1.328125,1.5820312,1.5820312,0.5519951,0.5853361,0.6272984,0.5888457,0.2529946,0.3323415,0.27046615,0.34752423,0.5561913,0.97405964,0.5841154,0.71053636,0.27397573,0.55924314,0.27122912,0.44663158,0.99902344,1.0,56.974792,0.0,125.87765,125.17534,22.0,110.00001,38.671875,0.0,126.399475,129.35963,487.125,546.0,2.5427542E-4,228.15625,0.0,215.46875,49.950314,67.99996,73.73657,1.0,49.38,71.375,2.9388428,0.6591797,81.311035,81.71234,3.0908203,49.7,49.67,48.78,49.18,0
650456.5,0.15434754,1.8864825,0.6598743,0.65203613,100.83604,14.285718,14.115348,3.7477875,280.62665,90.1297,7.68,0.0,4.721,7.68,7.68,0.0,99.24627,2.0,0.0,448.5,206.25,2289.0,0.0,-9.8828125,0.3067627,137.51042,19563.76,19525.55,1100.0834,505.4652,45.25086,46.16223,0.0,2.0342032E-4,3.0,61.047363,27.370352,10.499987,8.2499895,2.784,0.0,-19.515625,0.24029541,0.0,0.0,0.0,0.0,0.0,1.328125,1.328125,1.5820312,1.5820312,0.5521477,0.6020447,0.6302739,0.5888457,0.2540627,0.34386206,0.2742046,0.34752423,0.50896466,0.97405964,0.6969558,0.72755015,0.26443884,0.55924314,0.3434043,0.45731288,0.99609375,1.0,57.026672,0.0,126.66913,125.49745,22.0,110.00001,38.671875,0.0,127.19549,129.6913,487.125,546.0,2.0342034E-4,229.25,0.0,215.78125,49.950314,67.99996,74.90845,1.0,49.72,72.09375,3.048706,0.1586914,81.33545,81.40106,3.0859375,49.92,49.94,49.14,49.6,0
650456.56,0.16347803,1.917093,0.69961053,0.6680171,100.83604,14.285718,14.111212,3.8686168,282.86804,91.56399,7.721,0.0,4.721,7.721,7.721,0.0,99.24664,2.0,0.0,448.5,206.25,2307.0,0.0,-9.2421875,0.30975342,138.09914,19595.068,19854.568,1100.0834,505.9959,50.655525,48.64202,0.0,1.6273627E-4,3.0,64.13422,27.340084,11.624985,8.2499895,2.8,0.0,-19.554688,0.2578125,0.0,0.0,0.0,0.0,0.0,1.3085938,1.3476562,1.5429688,1.6015625,0.54993516,0.6029602,0.6276799,0.59479666,0.25459677,0.34546426,0.2747387,0.35309377,0.50896466,0.62355995,0.5787747,0.8117037,0.26443884,0.3746853,0.28511482,0.5102617,0.9980469,1.0,57.23114,0.0,127.50199,123.82032,22.0,110.00001,38.671875,0.0,128.12416,129.22696,487.5,545.25,1.6273627E-4,236.15625,0.0,215.9375,50.417137,67.99996,77.29492,1.0,50.05,77.34375,3.1433105,0.0,80.407715,80.49469,3.0859375,50.09,50.17,49.64,49.54,0
650456.56,0.17078242,1.9480873,0.7005101,0.67785144,100.83604,14.285718,14.108316,3.7728333,285.06842,92.71624,7.76,0.0,4.721,7.76,7.76,0.0,99.24694,2.0,0.0,448.875,206.25,2318.0,0.0,-9.4140625,0.3085327,138.49715,19744.188,20000.502,1100.0834,505.9959,53.6016,49.38384,0.0,1.3018902E-4,3.0,65.88287,27.312843,11.999985,8.2499895,2.872,0.0,-19.53125,0.27301025,0.0,0.0,0.0,0.0,0.0,1.3085938,1.328125,1.5429688,1.6015625,0.5494011,0.61058974,0.6276799,0.6041047,0.2558938,0.35172045,0.2747387,0.36110476,0.53894866,0.7803464,0.67269397,0.8117037,0.28000304,0.46890974,0.3495079,0.5102617,1.0087891,1.0,57.362366,0.0,126.84177,123.41665,22.0,110.00001,38.671875,0.0,129.24355,128.35632,489.375,545.625,1.3018902E-4,236.25,0.0,216.0625,38.27968,67.99996,79.30908,1.0,50.26,81.90625,3.149414,-0.033569336,79.3396,79.40521,3.0908203,50.43,50.51,49.79,50.11,0
650456.6,0.19662593,1.9792349,0.6980079,0.68039477,100.83604,14.285718,14.10629,3.7379456,287.1788,94.08762,7.801,0.0,4.721,7.801,7.801,0.0,99.24718,2.0,0.0,448.5,206.25,2335.0,0.0,-9.40625,0.30993652,139.31802,19992.543,19921.432,1100.0834,506.7919,48.599632,48.81158,0.0,1.0415121E-4,3.0,63.13629,27.288326,11.999985,8.2499895,2.952,0.0,-19.445312,0.27850342,0.0,0.0,0.0,0.0,0.0,1.328125,1.328125,1.5429688,1.6015625,0.5570306,0.61058974,0.62958723,0.60120547,0.2620737,0.35172045,0.27855346,0.36095217,0.7267109,0.70954454,0.67269397,0.546273,0.3775845,0.4460212,0.3495079,0.3588159,1.0048828,1.0,57.328796,0.0,126.60129,123.959785,22.0,110.00001,38.671875,0.0,130.37952,128.36462,490.125,545.625,1.04151215E-4,234.5,0.0,216.59375,32.21095,67.99996,80.05371,1.0,50.56,83.5625,3.060913,-1.3671875,79.08325,77.75116,3.0859375,50.7,50.79,49.96,50.39,0
650456.6,0.21730076,1.991694,0.6998073,0.6813697,100.83604,14.285718,14.110731,3.805565,287.36166,94.51042,7.841,0.0,4.721,7.841,7.841,0.0,99.24737,2.0,0.0,448.5,206.25,2344.0,0.0,-9.4296875,0.31018066,139.43411,20107.7,19906.574,1100.0834,506.7919,45.73834,48.387684,0.0,8.332097E-5,3.0,61.557007,27.26626,11.999985,8.2499895,2.952,0.0,-19.070312,0.28094482,0.0,0.0,0.0,0.0,0.0,1.328125,1.3476562,1.5234375,1.6015625,0.5570306,0.61486226,0.6264591,0.6023499,0.2620737,0.35652706,0.2793927,0.3635462,0.7287709,0.70954454,0.5687038,0.6273747,0.37865263,0.4460212,0.29549095,0.4120699,0.9902344,1.0,57.377625,0.0,127.06738,124.20245,22.0,110.00001,38.671875,0.0,131.3994,128.53874,490.125,545.625,8.332097E-5,235.03125,0.0,216.96875,30.343649,67.99996,81.121826,1.0,50.86,84.28125,2.947998,-2.4291992,78.94287,76.46637,3.0371094,51.02,51.02,50.53,50.49,0
650456.7,0.2138406,2.0341778,0.69876903,0.6817513,100.83604,14.285718,14.107981,3.7955415,291.58356,96.18534,7.879,0.0,4.721,7.879,7.879,0.0,99.24752,2.0,0.0,448.875,206.25,2351.0,0.0,-9.609375,0.3109131,139.74919,20121.496,19830.156,1100.0834,506.7919,44.678596,47.815426,0.0,6.665678E-5,3.0,60.98938,27.2464,11.999985,8.2499895,2.896,0.0,-18.78125,0.28186035,0.0,0.0,0.0,0.0,0.0,1.3476562,1.3476562,1.5039062,1.6015625,0.5644312,0.6176852,0.6187533,0.6023499,0.2680247,0.3601129,0.2777142,0.3635462,0.7287709,0.6802472,0.474403,0.6557565,0.37865263,0.4275578,0.24650949,0.4307622,0.9902344,1.0,57.382202,0.0,126.99829,124.40768,22.0,110.00001,38.671875,0.0,132.25345,128.70457,490.125,545.625,6.665678E-5,234.96875,0.0,217.15625,28.476347,67.99996,81.82373,1.0,51.11,84.5625,2.8045654,-3.3294678,78.930664,75.42267,2.9736328,51.33,51.33,50.57,50.81,0
650456.75,0.21107247,2.069921,0.6975595,0.6780634,100.83604,14.285718,14.088477,3.7871184,293.78333,97.44685,7.921,0.0,4.721,7.921,7.921,0.0,99.24764,2.0,0.0,449.25,206.25,2364.0,0.0,-9.9140625,0.3102417,139.82382,19942.129,19832.28,1100.0834,507.32257,46.628517,47.83662,0.0,5.3325424E-5,3.0,62.0224,27.228529,11.999985,8.2499895,2.852,0.0,-18.421875,0.28259277,0.0,0.0,0.0,0.0,0.0,1.3476562,1.3671875,1.5039062,1.6015625,0.5696956,0.63057905,0.6187533,0.60463876,0.27252614,0.3710994,0.2777142,0.36697948,0.68612194,0.9174487,0.6308843,0.7066453,0.35652706,0.57663846,0.3278401,0.46417946,0.99316406,1.0,57.411194,0.0,126.94023,123.92417,22.0,110.00001,38.476562,0.0,133.03287,128.64655,490.125,546.0,5.3325424E-5,234.0,0.0,216.09375,27.07587,67.99996,82.385254,1.0,51.35,84.78125,2.6245117,-4.2053223,78.83911,74.269104,2.9541016,51.69,51.63,50.99,51.14,0
650456.75,0.22885798,2.0842185,0.6937055,0.679208,100.83604,14.285718,14.092402,3.7495773,293.7222,98.04478,7.96,0.0,4.721,7.96,7.96,0.0,99.24774,2.0,0.0,449.25,206.25,2379.0,0.0,-10.4765625,0.3110962,140.01453,19829.627,19817.42,1100.0834,507.32257,46.734493,47.433918,0.0,4.266034E-5,3.0,62.01172,27.212444,11.999985,8.2499895,2.856,0.0,-18.382812,0.28686523,0.0,0.0,0.0,0.0,0.0,1.3671875,1.3671875,1.5039062,1.6210938,0.5731289,0.63057905,0.61928743,0.60898757,0.2758068,0.3710994,0.28023192,0.37193865,0.64972913,0.7871367,0.62478065,0.7066453,0.33760586,0.49477378,0.32463568,0.46417946,0.99609375,1.0,57.435608,0.0,126.681465,124.442825,22.0,110.00001,38.476562,0.0,133.58014,128.76262,490.5,546.375,4.266034E-5,232.53125,0.0,216.75,26.609045,67.99996,82.88574,1.0,51.69,86.0625,2.4261475,-4.8095703,78.619385,73.265076,2.9199219,51.97,52.04,51.06,51.59,0
650456.8,0.26308638,2.0711875,0.6898565,0.67836004,100.83604,14.285718,14.089291,3.6811996,291.6686,98.01408,8.0,0.0,4.721,8.0,8.0,0.0,99.24782,2.0,0.0,449.25,206.625,2395.0,0.0,-10.875,0.3118286,140.17207,19838.117,19746.31,1100.0834,508.1186,44.932934,46.90405,0.0,3.4128272E-5,3.0,61.001587,27.197968,11.999985,8.624989,2.828,0.0,-18.375,0.288208,0.0,0.0,0.0,0.0,0.0,1.3476562,1.3867188,1.5039062,1.6210938,0.56878006,0.63729304,0.6195163,0.60929275,0.27534905,0.3773556,0.2825208,0.37361714,0.48714426,0.85770965,0.62478065,0.6166934,0.26634622,0.53910124,0.32463568,0.40512702,0.99609375,1.0,57.37915,0.0,126.210144,124.51955,22.0,110.00001,38.476562,0.0,134.13568,128.92845,490.5,546.75,3.4128272E-5,231.875,0.0,217.28125,25.675394,67.99996,83.12988,1.0,52.04,86.46875,2.2155762,-5.1086426,78.58276,72.74933,2.8710938,52.19,52.19,51.36,51.65,0
650456.9,0.3104691,2.0659752,0.6853815,0.6779362,100.83604,14.285718,14.092972,3.6098773,291.79987,98.50856,8.041,0.0,4.721,8.041,8.041,0.0,99.24788,2.0,0.0,449.25,206.625,2406.0,0.0,-10.7890625,0.31219482,140.3379,19895.96,19665.117,1100.0834,508.1186,43.00421,46.33179,0.0,2.7302618E-5,3.0,59.94568,27.184938,11.999985,8.624989,2.828,0.0,-18.492188,0.29052734,0.0,0.0,0.0,0.0,0.0,1.3476562,1.3867188,1.4648438,1.640625,0.56878006,0.64675367,0.61036086,0.616083,0.27534905,0.38559547,0.27977416,0.38025483,0.6288243,0.85770965,0.439765,0.7677577,0.34386206,0.53910124,0.22850385,0.50431067,0.99609375,1.0,57.398987,0.0,125.71853,124.49968,22.0,110.00001,38.476562,0.0,134.53369,129.01967,490.5,546.75,2.7302618E-5,229.96875,0.0,217.5625,24.741743,67.99996,83.47778,1.0,52.31,87.15625,2.0019531,-5.380249,78.46069,72.154236,2.866211,52.52,52.47,51.8,51.98,0
650456.9,0.32837528,2.0638902,0.6793351,0.6781905,100.83604,14.285718,14.095549,3.4822333,291.80765,99.00251,8.08,0.0,4.721,8.08,8.08,0.0,99.24793,2.0,0.0,449.25,206.625,2418.0,0.0,-10.7421875,0.31298828,140.50374,19870.488,19609.396,1100.0834,508.1186,41.75372,45.971478,0.0,2.1842096E-5,3.0,59.23004,27.173212,11.999985,8.624989,2.8,0.0,-18.898438,0.29278564,0.0,0.0,0.0,0.0,0.0,1.3671875,1.4257812,1.4648438,1.640625,0.57137406,0.66079193,0.606775,0.616083,0.27885863,0.39703974,0.28053713,0.38025483,0.6288243,0.97283894,0.5397116,0.5527581,0.34386206,0.6115053,0.29510948,0.37781337,0.9980469,1.0,57.398987,0.0,124.83869,124.61665,22.0,110.00001,38.476562,0.0,134.79074,129.15233,490.125,546.75,2.1842096E-5,227.78125,0.0,217.96875,24.27492,67.99996,83.66699,1.0,52.61,87.84375,1.7822266,-5.282593,78.36914,71.95892,2.8515625,52.81,52.79,51.98,52.43,0
650456.94,0.36270022,2.044306,0.67626727,0.6768765,100.83604,14.285718,14.091494,3.4164388,289.80563,98.89256,8.12,0.0,4.721,8.12,8.12,0.0,99.24797,2.0,0.0,449.25,207.0,2432.0,0.0,-10.7421875,0.3133545,140.47058,19699.611,19589.762,1100.0834,508.64926,43.661247,45.8867,0.0,1.7473676E-5,3.0,60.229492,27.162659,11.999985,8.999989,2.772,0.0,-19.101562,0.29467773,0.0,0.0,0.0,0.0,0.0,1.3671875,1.4257812,1.4648438,1.6210938,0.5676356,0.6691844,0.606775,0.6128786,0.27855346,0.40543222,0.28053713,0.38010225,0.49843594,0.8553445,0.7284657,0.48599985,0.27252614,0.5618372,0.39833677,0.3321889,0.99902344,1.0,57.418823,0.0,124.38518,124.541145,22.0,110.00001,38.476562,0.0,135.05606,129.285,490.125,546.75,1.7473676E-5,227.21875,0.0,218.34375,23.808094,67.99996,84.002686,1.0,52.9,88.40625,1.5655518,-5.456543,78.271484,71.50116,2.8515625,53.0,53.11,52.4,52.61,0
650456.94,0.37016016,2.0177226,0.6742687,0.6801829,100.83604,14.285718,14.100373,3.3734322,287.81107,98.53501,8.16,0.0,4.721,8.16,8.16,0.0,99.248,2.0,0.0,448.875,207.0,2440.0,0.0,-10.8515625,0.31463623,140.66129,19570.127,19619.48,1100.0834,508.64926,44.06395,46.05626,0.0,1.3978941E-5,3.0,60.40039,27.15316,11.999985,8.999989,2.772,0.0,-18.851562,0.29907227,0.0,0.0,0.0,0.0,0.0,1.3867188,1.4257812,1.4648438,1.6210938,0.5764859,0.6691844,0.6120394,0.6064698,0.28587776,0.40543222,0.28648815,0.37766078,0.77286947,0.6700237,0.5829709,0.48599985,0.4226749,0.44014648,0.31883726,0.3321889,1.0,1.0,57.443237,0.0,124.08874,125.09055,22.0,110.00001,38.476562,0.0,135.0146,129.36792,490.125,546.75,1.3978941E-5,225.8125,0.0,219.0,23.808094,67.99996,83.90503,1.0,53.13,89.71875,1.3702393,-5.029297,78.082275,71.54999,2.8320312,53.36,53.26,52.82,52.79,0
650457.0,0.39612812,2.0070891,0.6786005,0.6798438,100.83604,14.285718,14.094871,3.530885,287.707,99.185646,8.2,0.0,4.721,8.2,8.2,0.0,99.3984,2.0,0.0,448.875,207.0,2457.0,0.0,-11.4375,0.31658936,140.9598,19518.652,19649.729,1100.0834,509.17993,45.420414,46.268208,0.0,1.1183153E-5,3.0,61.149597,27.144611,11.999985,8.999989,2.772,0.0,-18.757812,0.3012085,0.0,0.0,0.0,0.0,0.0,1.3867188,1.4257812,1.4648438,1.640625,0.5755703,0.6692607,0.61058974,0.60814834,0.28686962,0.40718699,0.28816664,0.3808652,0.5586328,0.7985809,0.5829709,0.64484626,0.3054856,0.52460515,0.31883726,0.44083315,0.99902344,1.0,57.481384,0.0,125.17404,125.375,22.0,110.00001,38.476562,0.0,134.87364,129.68301,490.125,547.5,1.1183153E-5,227.21875,0.0,219.0,24.741743,67.99996,83.93555,1.0,53.42,90.375,1.1901855,-4.3273926,78.05176,72.09625,2.8320312,53.66,53.6,52.79,53.06,0
650457.06,0.3969025,2.0028358,0.6782872,0.6840827,100.83604,14.285718,14.096878,3.5402477,287.74878,99.88642,8.241,0.0,4.721,8.241,8.241,0.0,99.51872,2.0,0.0,448.5,206.25,2474.0,0.0,-11.640625,0.3203125,141.63142,19537.227,19622.664,1100.0834,509.17993,45.060104,45.71714,0.0,8.946523E-6,3.0,60.95581,27.136917,11.999985,8.2499895,2.8,0.0,-18.75,0.30444336,0.0,0.0,0.0,0.0,0.0,1.3867188,1.4453125,1.4648438,1.6015625,0.5755703,0.67483026,0.6065461,0.6018158,0.28686962,0.41313803,0.28831923,0.37834746,0.68169683,0.7985809,0.531548,0.4836347,0.3727779,0.52460515,0.29068437,0.3305867,0.9980469,1.0,57.502747,0.0,125.23858,126.12987,22.0,110.00001,38.476562,0.0,134.98143,130.37122,490.5,547.875,8.946523E-6,225.71875,0.0,219.5,24.741743,67.99996,84.002686,1.0,53.71,91.34375,1.0375977,-3.970337,78.02734,72.38617,2.8320312,53.85,53.92,53.11,53.32,0
650457.06,0.417522,1.9823844,0.68005705,0.685312,100.83604,14.285718,14.098283,3.588473,285.75455,99.55501,8.28,0.0,4.721,8.28,8.28,0.0,99.61498,2.0,0.0,448.5,206.25,2483.0,0.0,-11.40625,0.3232422,142.3611,19560.576,19633.277,1100.0834,509.17993,45.632362,45.84431,0.0,7.1572185E-6,3.0,61.2854,27.129993,11.999985,8.2499895,2.8,0.0,-18.835938,0.30444336,0.0,0.0,0.0,0.0,0.0,1.3867188,1.4257812,1.4257812,1.6015625,0.58014804,0.67757684,0.6034943,0.6018158,0.29121843,0.41680017,0.28961623,0.37834746,0.62333107,0.7390707,0.5458915,0.5777066,0.35782406,0.4854658,0.3134203,0.4102388,0.9980469,1.0,57.54547,0.0,125.57099,126.38881,22.0,110.00001,38.476562,0.0,135.0146,130.81068,490.5,547.5,7.1572185E-6,226.1875,0.0,220.25,24.741743,67.99996,84.23462,1.0,53.99,91.34375,0.9063721,-3.363037,78.23486,73.15521,2.8222656,54.16,54.16,53.55,53.68,0
650457.1,0.41401762,1.9742038,0.68009317,0.685312,100.835205,14.285718,14.099267,3.61611,285.84406,100.10758,8.322,0.0,4.721,8.322,8.322,0.0,99.691986,2.0,0.0,448.875,206.25,2496.0,0.0,-11.328125,0.32556152,142.81714,19578.088,19658.219,1100.0834,509.97595,45.971478,46.035065,0.0,5.725775E-6,3.0,61.454773,27.048573,11.999985,8.2499895,2.784,0.0,-18.8125,0.30541992,0.0,0.0,0.0,0.0,0.0,1.3867188,1.4257812,1.4257812,1.6015625,0.5819791,0.67765313,0.60486764,0.6005951,0.29457542,0.41916534,0.29343098,0.37994966,0.62333107,0.67795837,0.6346227,0.56130314,0.35782406,0.4634165,0.36438546,0.39864194,1.0,1.0,57.588196,0.0,125.76066,126.594215,22.0,110.00001,38.476562,0.0,135.06436,131.12578,490.875,547.5,5.725775E-6,226.1875,0.0,220.40625,25.208569,67.99996,84.47266,1.0,54.25,91.625,0.79345703,-2.9541016,78.32031,73.59161,2.8198242,54.33,54.46,53.92,54.0,0
650457.2,0.4112141,1.9896816,0.6829134,0.68560874,100.83445,14.285718,14.099956,3.673714,287.83356,101.28898,8.36,0.0,4.721,8.36,8.36,0.0,99.75359,2.0,0.0,449.25,206.25,2508.0,0.0,-11.2578125,0.32714844,143.13223,19591.885,19713.94,1100.0834,509.97595,46.58613,46.437763,0.0,4.5806196E-6,3.0,61.79657,26.975292,11.999985,8.2499895,2.78,0.0,-18.78125,0.3076172,0.0,0.0,0.0,0.0,0.0,1.3867188,1.4257812,1.4257812,1.6015625,0.5816739,0.673228,0.60486764,0.5986114,0.2964065,0.41840237,0.29343098,0.3808652,0.57663846,0.59044784,0.6712444,0.56130314,0.33104447,0.40360114,0.3853666,0.39864194,1.0068359,1.0,57.67212,0.0,126.15696,126.56375,22.0,110.00001,38.476562,0.0,135.19702,131.31648,491.25,547.5,4.58062E-6,227.0625,0.0,220.6875,25.208569,67.99996,84.75342,1.0,54.54,92.28125,0.6866455,-3.0334473,78.24097,73.387146,2.8222656,54.68,54.84,53.75,54.4,0
650457.2,0.3889713,1.9771228,0.68327296,0.6884913,100.83377,14.285718,14.082859,3.6801789,285.837,101.268196,8.4,0.0,4.721,8.4,8.4,0.0,99.80288,2.0,0.0,448.5,206.25,2525.0,0.0,-11.28125,0.32983398,143.71265,19583.926,19720.309,1100.0834,510.77194,46.141037,46.522545,0.0,3.664496E-6,3.0,61.546326,26.90934,11.999985,8.2499895,2.796,0.0,-18.757812,0.3125,0.0,0.0,0.0,0.0,0.0,1.3867188,1.4257812,1.4257812,1.6015625,0.5783932,0.673228,0.6076906,0.600824,0.2964828,0.41840237,0.298085,0.38498512,0.51758605,0.58251315,0.53780425,0.6498054,0.29716945,0.39818418,0.3087663,0.4615091,1.0097656,1.0,57.710266,0.0,126.20084,127.01726,22.0,110.00001,38.671875,0.0,135.30482,131.70619,491.25,547.5,3.664496E-6,227.21875,0.0,221.875,25.675394,67.99996,85.03418,1.0,54.81,93.75,0.5767822,-2.7832031,78.01514,73.368835,2.8295898,55.04,54.97,54.29,54.4,0
650457.25,0.35117704,1.9720993,0.6841622,0.6877706,100.83399,14.285718,14.08261,3.728067,285.9165,101.737656,8.438,0.0,4.721,8.438,8.438,0.0,99.84231,2.0,0.0,448.5,206.25,2536.0,0.0,-11.34375,0.3312378,144.14383,19634.34,19726.676,1100.0834,510.77194,45.73834,46.607323,0.0,2.9315968E-6,3.0,61.30829,26.849983,11.999985,8.2499895,2.808,0.0,-18.75,0.31292725,0.0,0.0,0.0,0.0,0.0,1.3867188,1.40625,1.40625,1.5820312,0.5777066,0.6686503,0.6041047,0.59945065,0.29785612,0.41741055,0.29861906,0.38612956,0.564889,0.5865568,0.53780425,0.57358664,0.3242542,0.4009308,0.3087663,0.4073396,1.0078125,1.0,57.759094,0.0,126.53115,127.06036,22.0,110.00001,38.671875,0.0,135.5204,131.9964,491.625,547.5,2.9315968E-6,227.59375,0.0,221.6875,25.675394,67.99996,85.47363,1.0,55.11,93.875,0.47607422,-2.6763916,78.082275,73.4848,2.836914,55.31,55.22,54.61,54.63,0
650457.4,0.34094164,1.9888399,0.68633014,0.68713474,100.83419,14.285718,14.082437,3.7783544,288.0507,103.02248,8.481,0.0,4.721,8.481,8.481,0.0,99.87385,2.0,0.0,448.5,206.25,2549.0,0.0,-11.4375,0.33239746,144.44232,19646.014,19733.045,1100.0834,510.77194,45.84431,46.670906,0.0,2.3452774E-6,3.0,61.375427,26.796562,11.999985,8.2499895,2.812,0.0,-18.75,0.31500244,0.0,0.0,0.0,0.0,0.0,1.3867188,1.40625,1.4257812,1.5820312,0.5777066,0.6644541,0.6066987,0.60143435,0.29785612,0.4165713,0.3028153,0.38979173,0.6955062,0.5865568,0.66506445,0.6457618,0.3993286,0.4009308,0.38185704,0.4586099,1.0058594,1.0,57.810974,0.0,126.877975,127.006424,22.0,110.00001,38.671875,0.0,135.76086,132.12079,492.0,547.5,2.3452774E-6,228.28125,0.0,221.46875,25.675394,67.99996,85.754395,1.0,55.38,94.5,0.3692627,-2.8503418,77.996826,73.15521,2.8515625,55.58,55.61,54.77,54.97,0
650457.4,0.35275334,1.9955361,0.6845965,0.68425226,100.83354,14.285718,14.0823145,3.8265853,288.08273,103.80194,8.522,0.0,4.721,8.522,8.522,0.0,99.89908,2.0,0.0,448.5,206.625,2568.0,0.0,-12.0703125,0.33288574,144.6745,19591.885,19695.896,1100.0834,511.3026,47.264362,46.776882,0.0,1.876222E-6,3.0,62.124634,26.748486,11.999985,8.624989,2.812,0.0,-18.75,0.3157959,0.0,0.0,0.0,0.0,0.0,1.3867188,1.40625,1.4257812,1.5625,0.58274204,0.6661326,0.60700387,0.60578316,0.30304417,0.419852,0.30533302,0.39536124,0.5771725,0.703212,0.61379415,0.7023728,0.33134967,0.4806592,0.3524071,0.4988937,1.0048828,1.0,57.844543,0.0,127.20978,127.10722,22.0,110.00001,38.671875,0.0,136.15887,132.22028,492.0,548.25,1.876222E-6,228.34375,0.0,221.21875,25.675394,67.99996,86.02905,1.0,55.7,94.75,0.25634766,-3.0639648,77.96631,72.82257,2.8442383,55.76,55.79,55.09,55.34,0
650457.44,0.38220268,1.9982145,0.68479455,0.6823872,100.832954,14.285718,14.093948,3.861078,288.20224,104.208954,8.56,0.0,4.721,8.56,8.56,0.0,99.919266,2.0,0.0,448.125,206.625,2577.0,0.0,-12.28125,0.33361816,144.9813,19726.676,19700.143,1100.0834,511.3026,45.907894,46.81927,0.0,1.5009776E-6,3.0,61.410522,26.705215,11.624985,8.624989,2.812,0.0,-18.71875,0.3166504,0.0,0.0,0.0,0.0,0.0,1.3867188,1.4257812,1.4257812,1.5625,0.58243686,0.67040515,0.60456246,0.60578316,0.30449378,0.42511636,0.3054093,0.39536124,0.5771725,0.76630807,0.5585565,0.54757,0.33134967,0.5238422,0.3054856,0.38887617,1.0029297,1.0,57.936096,0.0,127.446945,127.094925,22.0,110.00001,38.671875,0.0,136.4325,132.3032,492.0,548.25,1.5009776E-6,228.5,0.0,220.90625,25.675394,67.99996,86.60889,1.0,55.94,95.0,0.12207031,-3.6560059,77.948,72.09625,2.8466797,56.17,56.12,55.47,55.69,0
650457.44,0.40576214,1.9992859,0.68381745,0.68226,100.83243,14.285718,14.090373,3.8402417,288.18677,104.64815,8.6,0.0,4.721,8.6,8.6,0.0,99.93542,2.0,0.0,448.125,206.625,2588.0,0.0,-12.328125,0.3340454,145.172,19737.29,19683.16,1100.0834,512.09863,45.123688,46.6921,0.0,1.2007821E-6,3.0,60.968018,26.666271,11.999985,8.624989,2.824,0.0,-18.664062,0.31933594,0.0,0.0,0.0,0.0,0.0,1.40625,1.4453125,1.4257812,1.5625,0.5874723,0.67162585,0.60456246,0.60280764,0.30937666,0.42778668,0.3054093,0.39505607,0.6988632,0.6986343,0.605478,0.6992447,0.40123597,0.4776074,0.3311208,0.49660486,0.99902344,1.0,57.936096,0.0,127.302795,127.01592,22.0,110.00001,38.671875,0.0,136.6398,132.36124,492.375,548.25,1.2007821E-6,228.21875,0.0,221.03125,25.675394,67.99996,86.8103,1.0,56.22,95.8125,-0.018310547,-3.6895752,77.74658,71.73309,2.8417969,56.49,56.48,55.58,55.97,0
650457.5,0.40460974,1.9997144,0.683613,0.68170893,100.83279,14.285718,14.09373,3.8314002,288.28748,105.21057,8.639,0.0,4.721,8.639,8.639,0.0,99.94833,2.0,0.0,448.125,206.625,2601.0,0.0,-12.375,0.3343506,145.31296,19660.342,19744.719,1100.0834,512.09863,46.81927,47.07361,0.0,9.606258E-7,3.0,61.875916,26.631222,11.999985,8.624989,2.82,0.0,-18.625,0.3225708,0.0,0.0,0.0,0.0,0.0,1.40625,1.4453125,1.4257812,1.5820312,0.5931182,0.67513543,0.60463876,0.6069276,0.31464103,0.4322118,0.30670634,0.40024415,0.7181659,0.75303274,0.63279164,0.6992447,0.41229877,0.5147631,0.3460746,0.49660486,1.0009766,1.0,58.010864,0.0,127.24221,126.96918,22.0,110.00001,38.671875,0.0,137.04608,132.4027,492.375,548.25,9.606257E-7,228.1875,0.0,220.90625,25.675394,67.99996,87.39624,1.0,56.49,96.78125,-0.17089844,-4.1778564,77.50244,70.866394,2.8417969,56.72,56.6,55.97,56.17,0
650457.56,0.4236878,2.0186357,0.6825036,0.6804372,100.83311,14.285718,14.09022,3.8371325,290.54916,106.40288,8.68,0.0,4.721,8.68,8.68,0.0,99.95867,2.0,0.0,448.125,206.625,2610.0,0.0,-12.28125,0.3340454,145.36272,19751.086,19687.406,1100.0834,512.09863,44.55143,46.64971,0.0,7.6850057E-7,3.0,60.638428,26.599678,11.999985,8.624989,2.82,0.0,-18.59375,0.3236084,0.0,0.0,0.0,0.0,0.0,1.4257812,1.4453125,1.4257812,1.5820312,0.5955596,0.67513543,0.60585946,0.6100557,0.31761655,0.4322118,0.30869,0.40444037,0.6502632,0.4837873,0.678645,0.67940795,0.37331197,0.3307393,0.3710994,0.48256657,1.0019531,1.0,57.991028,0.0,127.28204,126.96691,22.0,110.00001,38.671875,0.0,137.17877,132.36954,492.75,548.25,7.6850057E-7,227.875,0.0,220.75,25.675394,67.99996,87.37793,1.0,56.74,97.09375,-0.3326416,-4.2266846,77.386475,70.539856,2.836914,57.02,56.96,56.39,56.42,0
650457.56,0.45895025,2.0262043,0.68088603,0.6795894,100.8334,14.285718,14.087764,3.8289306,290.50006,107.15935,8.721,0.0,4.721,8.721,8.721,0.0,99.96694,2.0,0.0,448.5,206.25,2629.0,0.0,-12.296875,0.3348999,145.54514,19689.53,19672.547,1100.0834,512.89465,44.72099,46.54374,0.0,6.1480046E-7,3.0,60.705566,26.57129,11.999985,8.2499895,2.792,0.0,-18.523438,0.32751465,0.0,0.0,0.0,0.0,0.0,1.4257812,1.4257812,1.4257812,1.6015625,0.5991455,0.6654459,0.60898757,0.61600673,0.3212787,0.42702374,0.31189442,0.41092545,0.6790265,0.83230335,0.678645,0.7493706,0.38979173,0.56893265,0.3710994,0.53223467,1.0009766,1.0,58.02002,0.0,127.2258,127.03487,22.0,110.00001,38.671875,0.0,137.58505,132.34467,492.75,548.25,6.1480046E-7,226.71875,0.0,220.65625,25.208569,67.99996,87.89673,1.0,57.09,98.25,-0.5157471,-4.953003,77.13013,69.38629,2.8222656,57.2,57.29,56.53,56.6,0
650457.6,0.4871602,2.0292318,0.67733246,0.678784,100.83366,14.285718,14.097763,3.8269262,290.54752,107.54376,8.759,0.0,4.721,8.759,8.759,0.0,99.97356,2.0,0.0,448.5,206.625,2638.0,0.0,-12.9296875,0.3352661,145.69438,19639.646,19590.824,1100.0834,512.89465,44.99652,45.992676,0.0,4.9184035E-7,3.0,60.853577,26.545738,11.999985,8.624989,2.804,0.0,-18.453125,0.32800293,0.0,0.0,0.0,0.0,0.0,1.4257812,1.4453125,1.4257812,1.5820312,0.5991455,0.6726177,0.6054017,0.6195926,0.3212787,0.43419546,0.31097886,0.4152743,0.509575,0.4306859,0.5381094,0.69954985,0.3134203,0.3276875,0.29427025,0.49683374,0.99902344,1.0,58.03528,0.0,127.21224,127.43433,22.0,110.00001,38.671875,0.0,137.82552,132.43587,493.125,549.0,4.9184035E-7,226.1875,0.0,220.5,25.208569,67.99996,88.031006,1.0,57.31,98.40625,-0.7171631,-5.1971436,77.11792,68.95294,2.7783203,57.44,57.47,56.75,56.96,0
650457.6,0.48972815,2.0116928,0.6745791,0.67759705,100.83389,14.285718,14.087184,3.7957032,288.48993,107.30838,8.8,0.0,4.721,8.8,8.8,0.0,99.97884,2.0,0.0,448.5,206.625,2651.0,0.0,-12.9296875,0.33624268,145.92654,19581.271,19587.64,1100.0834,513.4253,45.03891,46.098648,0.0,3.934723E-7,3.0,60.865784,26.522743,11.999985,8.624989,2.804,0.0,-18.421875,0.32904053,0.0,0.0,0.0,0.0,0.0,1.4257812,1.4257812,1.4257812,1.5820312,0.5945678,0.66033417,0.60723275,0.6186007,0.32089722,0.42877853,0.31448844,0.41733426,0.60585946,0.4306859,0.6475166,0.59945065,0.37270162,0.3276875,0.37941557,0.45609218,1.0058594,1.0,58.029175,0.0,126.99726,127.53548,22.0,110.00001,38.671875,0.0,137.92502,132.58511,493.125,549.0,3.9347228E-7,225.34375,0.0,220.3125,24.741743,67.99996,88.12866,1.0,57.54,98.71875,-0.9094238,-4.7454834,77.10571,69.21234,2.7490234,57.74,57.76,57.06,57.08,0
650457.7,0.49178252,2.023427,0.67705894,0.6771309,100.83411,14.285718,14.097357,3.8585744,290.63556,108.39194,8.838,0.0,4.721,8.838,8.838,0.0,99.98308,2.0,0.0,447.75,207.0,2658.0,0.0,-13.015625,0.33691406,146.02605,19537.227,19615.234,1100.0834,513.4253,46.628517,46.33179,0.0,3.1477782E-7,3.0,61.717224,26.502048,11.999985,8.999989,2.792,0.0,-18.34375,0.32995605,0.0,0.0,0.0,0.0,0.0,1.4257812,1.4257812,1.4453125,1.5820312,0.59502554,0.6665141,0.6074617,0.6186007,0.32349128,0.4380865,0.3167773,0.41733426,0.8773938,0.8047608,0.61257344,0.48157474,0.5397116,0.61234456,0.3588922,0.36644542,1.0068359,1.0,58.117676,0.0,127.43084,127.454094,22.0,110.00001,38.671875,0.0,137.99135,132.69292,492.75,549.0,3.1477782E-7,226.8125,0.0,220.125,25.208569,67.99996,88.305664,1.0,57.87,99.0,-1.0864258,-4.6661377,77.0813,69.10248,2.7392578,58.07,58.01,57.2,57.44,0
650457.75,0.47342604,2.0093708,0.67615265,0.67420596,100.8343,14.285718,14.0986185,3.841043,288.507,108.48867,8.88,0.0,4.721,8.88,8.88,0.0,99.986465,2.0,0.0,448.125,207.0,2680.0,0.0,-13.078125,0.33746338,146.25822,19634.34,19590.824,1100.0834,513.4253,45.484,46.183426,0.0,2.5182226E-7,3.0,61.10382,26.483421,11.999985,8.999989,2.804,0.0,-18.015625,0.3324585,0.0,0.0,0.0,0.0,0.0,1.4453125,1.4257812,1.40625,1.5429688,0.60715646,0.6648356,0.60036623,0.6116579,0.33447775,0.44029906,0.31464103,0.4147402,0.8773938,0.6334783,0.4681468,0.81078815,0.5397116,0.4820325,0.2742809,0.61699855,1.0068359,1.0,58.180237,0.0,127.31019,127.017044,22.0,110.00001,38.671875,0.0,138.0494,132.61,493.125,549.0,2.5182226E-7,226.625,0.0,219.90625,25.208569,67.99996,88.43994,1.0,58.13,99.75,-1.260376,-4.614258,76.9104,68.83392,2.7368164,58.35,58.28,57.47,57.71,0
650457.75,0.45874083,2.0037484,0.67341286,0.6786993,100.83363,14.285718,14.093642,3.8122792,288.62405,108.89716,8.921,0.0,4.721,8.921,8.921,0.0,99.989174,2.0,0.0,447.375,207.0,2689.0,0.0,-13.125,0.33880615,146.64793,19506.447,19574.373,1100.0834,514.2213,46.437763,46.077454,0.0,2.0145781E-7,3.0,61.602783,26.46666,11.999985,8.999989,2.812,0.0,-18.460938,0.33789062,0.0,0.0,0.0,0.0,0.0,1.4453125,1.4257812,1.4257812,1.5625,0.6119631,0.6678874,0.5945678,0.62020296,0.339971,0.4464027,0.31311512,0.42504007,0.7194629,0.7366293,0.4868391,0.59998477,0.44258794,0.56054014,0.28519112,0.45654994,1.0058594,1.0,58.169556,0.0,127.11126,127.94989,22.0,110.00001,38.867188,0.0,138.23181,132.7012,493.125,549.0,2.0145781E-7,225.0625,0.0,221.125,25.208569,67.99996,88.61084,1.0,58.39,101.375,-1.4434814,-5.13916,76.5686,67.80853,2.734375,58.69,58.63,57.84,57.88,0
650457.8,0.4469927,2.0202494,0.702284,0.7926,100.83304,14.285718,14.07258,4.5573783,290.8228,110.094,8.96,0.0,4.721,8.96,8.96,0.0,99.99134,2.0,0.0,448.125,206.625,2698.0,0.0,-13.2578125,0.41937256,160.90974,19494.771,19779.213,1100.0834,514.2213,49.99849,49.447422,0.0,1.6116627E-7,3.0,63.51013,26.451572,11.999985,8.624989,2.788,0.0,-19.203125,0.35125732,0.0,0.0,0.0,0.0,0.0,1.4453125,1.4453125,1.4257812,1.5625,0.6086061,0.6677348,0.5945678,0.61921114,0.33974212,0.4493782,0.31311512,0.42664224,0.5452049,0.6643778,0.56252384,0.8007172,0.3353933,0.5055314,0.3131914,0.60929275,1.0078125,1.0,58.476257,0.0,132.24655,147.098,22.0,110.00001,52.05078,0.0,137.52701,157.09554,493.5,549.375,1.6116626E-7,234.625,0.0,308.8125,34.07825,67.99996,90.17334,1.0,58.68,105.375,-1.4648438,4.486084,80.9021,82.39899,2.7441406,58.91,58.99,58.12,58.24,0
650457.9,0.43759418,2.0268497,0.7184754,1.1792775,100.833336,14.285718,14.069556,4.9864054,290.81262,111.31427,9.0,0.0,4.721,9.0,9.0,0.0,99.99307,2.0,0.0,447.375,205.875,2728.0,0.0,-13.3515625,0.62249756,214.035,19617.889,20000.502,1100.0834,514.752,56.696037,50.84628,0.0,1.2893301E-7,3.0,67.10968,26.437992,11.999985,7.87499,2.848,0.0,-18.71875,0.026550293,0.0,0.0,0.0,0.0,0.0,1.5625,1.5625,1.5234375,1.7382812,0.6243992,0.66849774,0.59052414,0.64187074,0.34546426,0.4525826,0.3131914,0.43595025,0.73510337,0.6740673,0.49897,0.8007172,0.45220113,0.512932,0.29236287,0.60929275,1.0087891,1.0,58.7677,0.0,135.20409,210.92769,22.0,110.00001,94.72656,0.0,136.59003,235.79256,493.875,549.375,1.2893301E-7,239.71875,0.0,439.875,66.2892,67.99996,88.62915,1.0,58.99,7.96875,-0.6378174,77.06604,99.33472,99.998474,2.9711914,59.15,59.2,58.48,58.52,0
650457.9,0.41007534,2.01074,0.73603284,1.296739,100.8336,14.285718,14.067439,5.071612,288.65753,111.25891,9.04,0.0,4.721,9.04,9.04,2.0,99.99446,2.0,0.0,445.125,205.875,2747.0,0.0,-10.0546875,0.72283936,246.97813,20047.201,20000.502,1100.0834,514.752,52.117966,53.389652,0.0,0.15625009,3.0,64.65759,26.42577,11.999985,7.87499,3.072,0.0,-17.109375,0.0,0.0,0.0,0.0,0.0,0.0,1.5820312,1.5625,1.484375,1.71875,0.6288243,0.66849774,0.57907987,0.644007,0.34851605,0.4525826,0.3121233,0.43930724,0.65957123,0.76394296,0.66079193,0.65918976,0.4057374,0.58129245,0.38719767,0.5016403,1.0166016,1.0,58.91266,0.0,135.79167,226.90233,22.0,110.00001,99.90234,0.0,136.96317,255.48547,496.125,546.0,0.15625009,246.59375,0.0,439.78125,75.62571,67.99996,89.660645,1.0,59.26,0.0,0.0,75.76599,99.998474,99.998474,3.239746,59.68,59.58,58.65,58.71,0
650457.94,0.40806025,2.023046,0.7698049,1.3048778,100.83384,14.285718,14.054238,5.345224,290.8578,112.596695,9.08,0.0,4.721,9.08,9.08,2.0,99.99557,2.0,0.0,460.125,204.375,2759.0,0.0,-2.9453125,0.72320557,247.35956,20849.047,20000.502,1100.0834,514.752,45.272053,55.699883,0.0,0.12500007,3.0,60.95581,26.414772,11.999985,6.374992,2.224,0.0,-13.0625,0.0,0.0,0.0,0.0,0.0,0.0,1.5234375,1.5820312,1.5039062,1.6992188,0.62172884,0.6803998,0.58930343,0.6408789,0.34866866,0.45914397,0.31593806,0.44090945,0.5719844,0.70595866,0.58899826,0.6191348,0.35179675,0.55901426,0.3450828,0.4711223,1.0068359,1.0,59.42688,0.0,137.67789,223.72807,22.0,110.00001,99.90234,0.0,138.75418,251.9449,496.875,538.875,0.12500007,255.0625,0.0,439.59375,77.95983,67.99996,92.48047,1.0,59.69,0.0,0.0,73.0896,99.998474,99.998474,3.527832,59.98,59.87,58.97,59.18,0
650457.94,0.4064482,2.1029685,0.79063475,1.3174251,100.83405,14.285718,14.033279,5.9938803,299.26282,116.522285,9.122,0.0,4.721,9.122,9.122,2.0,99.99645,2.0,0.0,457.875,203.625,2775.0,0.0,-3.6171875,0.7346802,252.08586,20094.963,20000.502,1100.0834,515.81335,54.08908,56.696037,0.0,0.25625005,3.0,65.678406,26.404873,11.999985,5.624993,2.38,0.0,-6.3671875,0.0,0.0,0.0,0.0,0.0,0.0,1.5039062,1.5820312,1.5039062,1.7382812,0.6186007,0.6836042,0.58922714,0.6657511,0.35049972,0.46417946,0.31738767,0.45227742,0.59678036,0.78072786,0.58899826,0.84000915,0.38422218,0.61814296,0.3450828,0.66514075,1.0048828,1.0,59.51233,0.0,142.14922,228.85646,22.0,110.00001,99.90234,0.0,142.70935,257.39258,497.625,539.625,0.25625005,262.46875,0.0,439.875,78.42666,67.99996,96.77734,1.0,60.01,0.0,0.0,71.762085,99.998474,99.998474,3.6206055,60.25,60.29,59.33,59.57,0
650458.0,0.40515858,2.1536875,0.80819404,1.3228085,100.83425,14.285718,14.030327,6.7956333,301.42056,117.78536,9.16,0.0,4.721,9.16,9.16,2.0,99.99716,2.0,0.0,456.75,202.875,2785.0,0.0,-6.7578125,0.7498169,257.82376,19622.133,20000.502,1100.0834,515.81335,61.867565,57.649803,0.0,0.20500004,3.0,69.799805,26.395966,12.374984,4.874994,2.48,0.0,0.6171875,0.0,0.0,0.0,0.0,0.0,0.0,1.484375,1.6015625,1.5234375,1.7773438,0.62699324,0.6957351,0.602121,0.6787976,0.35515374,0.47196156,0.32188907,0.4602884,0.6855879,0.87251085,0.6920729,0.76989394,0.4414435,0.6908522,0.40550852,0.6095979,0.98828125,1.0,59.739685,0.0,147.67581,234.31834,22.0,110.00001,99.90234,0.0,148.23167,264.5152,498.75,543.0,0.20500004,264.0625,0.0,440.0,78.42666,67.99996,102.23389,1.0,60.28,0.0,0.0,69.82117,99.998474,99.998474,3.6425781,60.65,60.61,59.7,59.76,0
650458.06,0.40412688,2.211475,0.8311418,1.333406,100.83443,14.285718,14.004823,7.461035,305.5132,120.0705,9.201,0.0,4.721,9.201,9.201,2.0,99.997734,2.0,0.0,455.25,202.125,2801.0,0.0,-8.046875,0.7614136,262.89832,19786.643,20000.502,1100.0834,516.6093,62.58819,59.281803,0.0,0.16400003,3.0,70.18585,26.31276,11.249986,4.1249948,2.592,0.0,1.515625,0.0,0.0,0.0,0.0,0.0,0.0,1.484375,1.640625,1.5039062,1.796875,0.62699324,0.7178607,0.6009003,0.6920729,0.35515374,0.48310062,0.32318607,0.46845198,0.7367056,0.96963453,0.59227896,0.7846952,0.4743267,0.7677577,0.34699017,0.6212711,0.98339844,1.0,59.96399,0.0,152.26253,237.89796,22.0,110.00001,99.90234,0.0,153.16527,268.18015,499.125,544.125,0.16400003,272.03125,0.0,439.875,78.42666,67.99996,106.67114,1.0,60.72,0.0,0.0,67.8009,99.998474,99.998474,3.6547852,61.03,60.99,60.0,60.08,0
650458.06,0.38330153,2.25334,0.87032014,1.3513792,100.83459,14.285718,14.010407,8.317773,307.53333,122.1158,9.241,0.0,4.721,9.241,9.241,2.0,99.99819,2.0,0.0,452.625,200.625,2830.0,0.0,-6.75,0.7710571,267.07733,20082.227,20000.502,1100.0834,516.6093,61.634422,62.143097,0.0,0.13120003,3.0,69.64111,26.237873,10.124987,2.6249967,2.776,0.0,0.9765625,0.0,0.0,0.0,0.0,0.0,0.0,1.5234375,1.6601562,1.5234375,1.8359375,0.6407263,0.7493706,0.61478597,0.71252,0.36118105,0.49752042,0.32799268,0.47905698,0.93514913,0.96963453,0.71190965,0.85564965,0.602121,0.7677577,0.41710538,0.67750055,0.98339844,1.0,60.298157,0.0,158.16809,239.6511,22.0,110.00001,99.90234,0.0,159.04411,269.341,500.25,542.625,0.13120003,281.78125,0.0,439.875,78.893486,67.99996,111.73706,1.0,61.09,0.0,0.0,67.46826,99.998474,99.998474,3.6499023,61.28,61.33,60.4,60.59,0
650458.1,0.32664123,2.307586,0.9150379,1.3732098,100.83473,14.285718,14.008457,9.3502655,311.59113,124.20799,9.28,0.0,4.721,9.28,9.28,2.0,99.99856,2.0,0.0,452.625,199.125,2841.0,0.0,-5.7109375,0.77893066,270.9496,20174.033,20000.502,1100.0834,516.6093,63.054474,64.665276,0.0,0.104960024,3.0,70.40253,26.170475,9.374988,1.1249986,2.776,0.0,0.1640625,0.0,0.0,0.0,0.0,0.0,0.0,1.5429688,1.6015625,1.5039062,1.8945312,0.67750055,0.7280842,0.6163882,0.7428855,0.37338826,0.49553674,0.3290608,0.4931716,0.68871593,0.57938504,0.6278325,0.9551385,0.44342718,0.4587625,0.3495079,0.75631344,0.984375,1.0,60.665894,0.0,165.2851,242.3787,22.0,110.00001,99.90234,0.0,165.50337,269.5317,500.25,541.875,0.104960024,289.5,0.0,439.875,78.893486,67.99996,116.6687,1.0,61.42,0.0,0.0,66.5863,99.998474,99.998474,3.6523438,61.75,61.65,60.8,60.74,0
650458.2,0.281313,2.3667843,0.9582245,1.3850365,100.83403,14.285718,14.0070915,10.41558,315.5485,126.53817,9.323,0.0,4.721,9.323,9.323,2.0,99.99885,2.0,0.0,450.75,198.0,2858.0,0.0,-5.9609375,0.78533936,274.059,20064.715,20000.502,1100.0834,517.67065,67.335815,67.632545,0.0,0.08396802,3.0,72.66083,26.109818,7.4999905,0.0,2.932,0.0,0.015625,3.0517578E-4,0.0,0.0,0.0,0.0,0.0,1.5429688,1.6015625,1.5625,1.953125,0.6788739,0.7144274,0.6298924,0.7615778,0.37697414,0.49523157,0.33279926,0.5040055,0.6844434,0.6191348,0.72434574,0.892195,0.44068056,0.49019608,0.40321964,0.7064164,0.98535156,1.0,60.975647,0.0,172.62749,244.36205,22.0,110.100006,99.90234,0.0,172.58453,269.65607,501.0,541.875,0.08396802,297.3125,0.0,440.09375,78.893486,67.99996,121.57593,1.0,61.83,0.09375,0.0,65.29541,99.9939,99.998474,3.6523438,62.09,62.15,61.05,61.24,0
650458.2,0.2450504,2.4467137,0.9872039,1.3885125,100.8334,14.285718,14.011995,11.138507,321.499,129.64615,9.36,0.0,4.721,9.36,9.36,2.0,99.99908,2.0,0.0,447.75,197.625,2874.0,0.0,-6.1484375,0.79052734,276.7538,20031.812,20000.502,1100.0834,517.67065,70.06995,70.642204,0.0,0.06717442,3.0,74.12567,26.055225,5.9999924,-0.37499952,3.1,0.0,0.125,0.0848999,0.0,0.0,0.0,0.0,0.0,1.5429688,1.6210938,1.4453125,1.953125,0.67956054,0.70603496,0.6336309,0.7615778,0.38017854,0.4961471,0.33615625,0.5040055,0.64965284,0.6475929,0.7167925,0.86976427,0.41832608,0.5127794,0.3990234,0.68871593,0.98828125,1.0,61.46698,0.0,177.60991,245.24542,22.0,110.19,99.90234,0.0,178.3556,269.73898,501.375,542.25,0.06717442,312.625,0.0,439.375,78.893486,67.99996,125.46997,1.0,62.28,25.46875,0.0,64.331055,98.583984,99.998474,3.6523438,62.48,62.45,61.63,61.73,0
650458.25,0.19604032,2.4974356,1.0297332,1.388682,100.832825,14.285718,13.99199,12.259217,323.42102,131.46495,9.4,0.0,4.721,9.4,9.4,2.0,99.99926,2.0,0.0,444.0,196.875,2897.0,0.0,-6.5546875,0.7907715,278.91797,20085.41,20000.502,1100.0834,518.73206,72.84646,74.3089,0.0,0.053739537,3.0,75.57831,26.006092,4.4999943,-1.1249986,3.288,0.0,0.1796875,0.14434814,0.0,0.0,0.0,0.0,0.0,1.3867188,1.4648438,1.484375,1.7773438,0.67803466,0.699855,0.6456092,0.7662318,0.38208592,0.4944686,0.3448539,0.51338977,0.6865034,0.5848783,0.9119554,0.9219501,0.44205385,0.4631113,0.50766766,0.7299916,0.99121094,1.0,62.200928,0.0,185.33427,246.08554,22.0,110.270996,99.90234,0.0,186.03377,269.79703,501.375,542.625,0.053739537,325.40625,0.0,439.6875,79.36031,67.99996,130.3833,1.0,62.64,43.3125,0.0,63.931274,97.595215,99.998474,3.6547852,62.93,62.96,62.03,61.96,0
650458.25,0.15683226,2.5739744,1.0798907,1.3822389,100.833145,14.285718,13.989705,13.543665,329.15128,134.76405,9.438,0.0,4.721,9.438,9.438,2.0,99.99941,2.0,0.0,441.0,196.125,2918.0,0.0,-6.453125,0.79278564,281.14017,20093.9,20000.502,1100.0834,518.73206,76.30121,78.12396,0.0,0.04299163,3.0,77.39563,25.961872,2.6249967,-1.8749976,3.468,0.0,1.4296875,0.23187256,0.0,0.0,0.0,0.0,0.0,1.40625,1.484375,1.5234375,1.7773438,0.67841613,0.69962615,0.6551461,0.77294576,0.3851377,0.49828336,0.35187304,0.5243763,0.7084001,0.6958877,0.867628,1.1216145,0.45609218,0.57022965,0.48302433,0.85351336,0.99121094,1.0,63.01422,0.0,194.18816,245.39494,22.0,110.3439,99.90234,0.0,194.86449,269.8302,501.75,542.625,0.04299163,343.53125,0.0,440.6875,79.36031,67.99996,135.67505,1.0,63.09,69.5625,0.0,62.05139,94.45801,99.998474,3.6572266,63.35,63.47,62.43,62.45,0
650458.3,0.12546581,2.6608398,1.1311795,1.3973293,100.83343,14.285718,13.988106,14.854418,334.73114,138.03491,9.481,0.0,4.721,9.481,9.481,2.0,99.999535,2.0,0.0,438.75,195.375,2939.0,0.0,-6.3828125,0.7988281,285.14508,20153.867,20000.502,1100.0834,518.73206,79.883125,82.702034,0.0,0.034393307,3.0,79.31366,25.922075,1.1249986,-2.6249967,3.616,0.0,1.6875,0.30541992,0.0,0.0,0.0,0.0,0.0,1.3867188,1.484375,1.5429688,1.8164062,0.67971313,0.7003128,0.6632334,0.7878996,0.38872358,0.5027848,0.35790035,0.54108495,0.7084001,0.71633476,0.8442054,0.770428,0.45609218,0.58701456,0.4699779,0.5862516,0.9892578,0.9921875,63.824463,0.0,203.22331,248.40422,22.0,110.409515,99.90234,0.0,203.86104,269.86337,502.5,542.625,0.034393307,359.4375,0.0,439.5,79.36031,67.99996,140.6311,1.0,63.55,91.625,0.0,60.827637,91.80298,99.998474,3.6499023,63.89,63.89,62.79,62.81,0
650458.4,0.08037265,2.770586,1.183939,1.4169558,100.83369,14.285718,13.981127,16.153646,341.9707,142.07594,9.521,0.0,4.721,9.521,9.521,2.0,99.999626,2.0,0.0,436.125,194.625,2961.0,0.0,-6.3125,0.8067627,289.5397,20142.723,20000.502,1100.0834,519.7934,84.8639,87.64042,0.0,0.027514646,3.0,81.94885,25.886257,-0.37499952,-3.3749957,3.792,0.0,2.0546875,0.37445068,0.0,0.0,0.0,0.0,0.0,1.3867188,1.484375,1.5625,1.8164062,0.67826355,0.70153356,0.6668193,0.786984,0.3902495,0.50759137,0.361944,0.54337376,0.650721,0.72930497,0.74662393,0.93057144,0.41901276,0.5976196,0.43747616,0.7080949,0.9892578,0.9814453,64.85901,0.0,212.17902,251.84201,22.0,110.46857,99.90234,0.0,212.79953,269.89655,503.625,542.25,0.027514646,371.03125,0.0,439.5,79.36031,67.99996,145.15991,1.0,64.09,112.34375,0.0,60.751343,89.37988,99.998474,3.647461,64.41,64.44,63.25,63.08,0
650458.4,0.004298117,2.8707345,1.2349344,1.4315802,100.833916,14.285718,13.987961,17.573477,347.3634,145.48615,9.56,0.0,4.721,9.56,9.56,2.0,99.9997,2.0,0.0,433.5,193.875,2985.0,0.0,-6.3046875,0.8161621,294.20795,20102.393,20000.502,1100.0834,519.7934,90.31096,92.79075,0.0,0.022011718,3.0,84.83124,25.854021,-1.4999981,-4.1249948,3.984,0.0,2.8515625,0.43841553,0.0,0.0,0.0,0.0,0.0,1.3867188,1.484375,1.5625,1.8164062,0.6819257,0.70389867,0.66819257,0.79316396,0.39536124,0.5133135,0.36430916,0.5517662,0.7626459,0.75730526,0.6979477,0.9408713,0.4910353,0.6205844,0.40894178,0.7159533,0.984375,0.9746094,66.04614,0.0,221.96597,255.5627,22.0,110.52171,99.90234,0.0,222.54236,269.89655,504.75,542.25,0.022011718,382.21875,0.0,439.5,79.82713,67.99996,150.5249,1.0,64.65,131.53125,0.0,59.53369,86.657715,99.998474,3.647461,64.85,64.96,63.53,63.69,0
650458.44,-0.056561504,2.985794,1.2922794,1.4492142,100.83412,14.285718,13.981026,19.059067,354.3935,149.92232,9.601,0.0,4.721,9.601,9.601,2.0,99.99976,2.0,0.0,428.625,193.875,3015.0,0.0,-6.7265625,0.8232422,299.3903,20194.197,20000.502,1100.0834,520.85474,95.56727,99.36113,0.0,0.017609375,3.0,87.612915,25.825008,-2.9999962,-4.1249948,4.236,0.0,3.3671875,0.5013428,0.0,0.0,0.0,0.0,0.0,1.3867188,1.6601562,1.7773438,1.8164062,0.68833447,0.71519035,0.701915,0.7994965,0.4024567,0.52025634,0.37369344,0.5600824,0.8315404,0.7940032,0.9378195,1.1165789,0.5354391,0.650721,0.5494774,0.84962237,0.9765625,0.96191406,67.43469,0.0,232.20619,258.38458,22.0,110.569534,99.90234,0.0,232.7661,269.97116,505.125,542.625,0.017609375,398.8125,0.0,439.375,79.82713,67.99996,155.86548,1.0,65.04,150.40625,0.0,56.35681,83.00781,99.998474,3.647461,65.55,65.53,64.19,64.04,0
650458.5,-0.105249204,3.1068177,1.351826,1.4633723,100.83431,14.285718,13.993749,20.574995,361.33646,154.32974,9.642,0.0,4.721,9.642,9.642,2.0,99.99981,2.0,0.0,423.0,193.5,3044.0,0.0,-6.9296875,0.8356323,305.25256,20276.453,20000.502,1100.0834,520.85474,97.877495,104.04518,0.0,-0.14216249,3.0,88.29346,25.798897,-4.1249948,-4.4999943,4.488,0.0,3.7265625,0.5598755,0.0,0.0,0.0,0.0,0.0,1.5429688,1.6992188,1.8359375,2.0507812,0.7055772,0.7401388,0.7421988,0.8391699,0.40901807,0.5319295,0.385214,0.57480735,0.82650495,0.91477835,1.0243381,1.0628672,0.5321584,0.74967575,0.60021365,0.80880445,0.9658203,0.94921875,68.63556,0.0,242.6555,261.8895,22.0,110.61258,99.90234,0.0,243.1971,270.29456,505.125,543.0,-0.14216249,414.4375,0.0,440.0,79.82713,67.99996,160.44922,1.0,65.72,167.96875,0.0,52.46277,78.253174,99.998474,3.647461,66.08,66.19,64.81,64.65,0
650458.5,-0.16419935,3.2489772,1.4144275,1.4550215,100.83448,14.285718,13.990936,22.084349,369.71484,159.46448,9.679,0.0,4.721,9.679,9.679,2.0,99.99985,2.0,0.0,415.125,193.5,3074.0,0.0,-6.921875,0.8463745,310.57587,20112.475,20000.502,1100.0834,520.85474,104.68102,109.746574,0.0,-0.26997998,3.0,91.34216,25.775396,-4.874994,-4.4999943,4.876,0.0,4.1015625,0.58935547,0.0,0.0,0.0,0.0,0.0,1.5625,1.7382812,1.8945312,2.109375,0.7128252,0.7629511,0.76874954,0.8671702,0.41321433,0.54329747,0.39406425,0.5867094,1.3022813,0.92248416,0.9546807,1.274052,0.8384833,0.755932,0.55939573,0.96948195,0.9472656,0.9433594,70.29419,0.0,253.05948,259.97675,22.0,110.65132,99.90234,0.0,253.58667,271.1569,505.125,543.0,-0.26997998,433.3125,0.0,439.875,79.82713,67.99996,164.65454,0.0,66.33,176.8125,0.0,48.883057,74.85962,99.998474,3.6425781,66.62,66.64,65.09,65.3,0
650458.56,-0.2513595,3.399591,1.3602196,1.5398856,100.83463,14.285718,13.977249,23.654242,377.90387,164.74637,9.723,0.0,4.721,9.723,9.723,2.0,99.99988,2.0,0.0,403.5,193.5,3107.0,0.0,-6.9296875,0.8685913,320.15286,19962.295,20000.502,1100.0834,520.85474,106.22824,109.04715,0.0,-0.528484,3.0,92.02728,25.754248,-7.124991,-4.874994,5.464,0.0,4.3125,0.5909424,0.0,0.0,0.0,0.0,0.0,1.6796875,1.796875,1.8554688,2.1875,0.78652626,0.7858396,0.7689021,0.91805905,0.43480584,0.5550469,0.39696345,0.60616463,1.5223163,0.9457542,0.76997024,1.267338,0.9801633,0.7750057,0.45113298,0.9643702,0.9199219,0.9003906,70.573425,0.0,263.88074,298.35336,22.0,110.68619,99.90234,0.0,264.3328,271.9446,505.5,543.0,-0.528484,455.3125,0.0,439.875,79.82713,67.99996,168.67065,0.0,66.83,177.28125,0.0,19.702148,74.23096,93.933105,3.6425781,68.22,67.47,65.76,65.57,0
650458.6,-0.3210876,3.5535865,1.4439785,1.598256,100.83477,14.285718,13.996964,25.912844,386.05713,169.92581,9.76,0.0,4.721,9.76,9.76,2.0,99.9999,2.0,0.0,396.75,190.125,3137.0,0.0,-6.5390625,0.8661499,319.96213,19963.355,20000.502,1100.0834,520.85474,107.49993,109.68299,0.0,-1.0477872,3.0,92.111206,25.735212,-7.124991,-7.124991,5.776,0.0,4.1875,0.6221924,0.0,0.0,0.0,0.0,0.0,1.8359375,1.875,1.953125,2.3046875,0.8785382,0.8360418,0.819028,0.9846647,0.46250096,0.576257,0.41161212,0.6369116,0.71046007,1.1874571,1.1696804,1.1453422,0.47852293,0.9731441,0.68535894,0.8715953,0.8935547,0.921875,71.20972,0.0,279.4492,308.7577,22.0,110.717575,99.90234,0.0,279.23306,273.31274,505.5,542.625,-1.0477872,410.65625,0.0,439.6875,79.82713,67.99996,175.76294,0.0,67.99,186.65625,0.030517578,0.57373047,72.99805,71.8338,3.2861328,68.2,68.48,66.32,66.32,0
650458.6,-0.35687009,3.7276847,1.4833587,1.5981714,100.83406,14.285718,13.993188,27.002531,395.67523,174.43687,9.801,0.0,4.721,9.801,9.801,2.0,99.99992,2.0,0.0,400.125,190.125,3142.0,0.0,-6.484375,0.88739014,327.81442,20009.523,20000.502,1100.0834,520.85474,110.95467,113.66761,0.0,-1.3069798,3.0,93.93463,25.71808,-7.124991,-8.2499895,5.508,0.0,4.84375,0.60131836,0.0,0.0,0.0,0.0,0.0,1.796875,1.8359375,2.0117188,2.2851562,0.85755706,0.8141451,0.8404669,0.9822232,0.4633402,0.57450217,0.42015716,0.64187074,0.95399404,0.6610971,0.99053943,0.9654383,0.6142519,0.5417716,0.5803769,0.7346456,0.90722656,0.921875,71.74225,0.0,286.95956,308.9048,22.0,110.74582,99.90234,0.0,286.88635,273.39566,505.875,542.625,-1.3069798,419.0,0.0,440.0,79.82713,67.99996,178.52173,0.0,68.75,180.40625,-0.54626465,-14.199829,72.60132,55.976868,2.7490234,68.54,68.75,66.97,67.06,0
650458.7,-0.4054961,3.872324,1.4504253,1.5987223,100.83342,14.285718,14.002263,25.860594,401.45435,181.60359,9.841,0.0,4.721,9.841,9.841,2.0,99.99994,2.0,0.0,394.5,190.125,3224.0,0.0,-6.46875,0.90740967,335.5921,20089.656,20000.502,1100.0834,520.85474,105.804344,107.83904,0.0,-1.3580838,3.0,90.08942,25.702663,-7.124991,-8.2499895,5.74,0.0,5.4296875,0.63623047,0.0,0.0,0.0,0.0,0.0,1.8359375,1.8945312,2.0117188,2.2265625,0.8696117,0.8462654,0.85343707,0.96833754,0.4709697,0.5899138,0.42694744,0.6429389,1.1739528,1.071107,0.9443046,0.87121385,0.7906462,0.87769896,0.55329216,0.6629282,0.92578125,0.93066406,71.54236,0.0,279.08768,307.2955,22.0,110.77124,99.90234,0.0,279.7803,275.30276,505.875,542.625,-1.3580838,421.96875,0.0,440.0,79.82713,67.99996,176.37329,0.0,68.82,190.875,-0.97961426,-9.017944,71.89331,60.51178,2.3388672,69.82,69.5,67.57,67.24,0
650458.7,-0.42439687,3.9489298,1.4350584,1.5987647,100.83285,14.285718,13.996897,25.363014,403.2116,182.8511,9.88,0.0,4.721,9.88,9.88,2.0,99.999954,2.0,0.0,400.5,190.125,3232.0,0.0,-6.4453125,0.9082031,336.63684,19979.807,20000.502,1100.0834,520.85474,107.33037,108.64445,0.0,-1.2427171,3.0,90.3244,25.688787,-7.124991,-8.2499895,5.388,0.0,5.40625,0.64611816,0.0,0.0,0.0,0.0,0.0,1.8945312,1.8554688,1.953125,2.2460938,0.9076829,0.82444495,0.839704,0.98062104,0.48722056,0.58793014,0.4274052,0.65148395,0.7437247,0.60471505,0.74334323,1.0663767,0.5008774,0.49553674,0.43556878,0.8114748,0.93652344,0.9267578,71.88263,0.0,275.65735,306.68872,22.0,110.79411,99.90234,0.0,276.19827,275.69247,506.25,542.625,-1.2427171,409.28125,0.0,440.0,79.82713,67.99996,174.87793,0.0,69.78,193.84375,-1.0131836,0.3479004,71.698,69.85016,2.34375,70.31,70.27,67.86,68.0,0
650458.75,-0.41951752,4.035822,1.383297,1.5988494,100.831505,14.285718,13.975562,23.808,407.9837,185.5304,9.922,0.0,4.721,9.922,9.922,2.0,99.99996,2.0,0.0,399.375,190.125,3241.0,0.0,-6.3984375,0.89990234,334.71317,19879.51,20000.502,1100.0834,520.85474,103.91801,104.935356,0.0,-0.9941737,3.0,88.54828,25.676298,-7.124991,-8.2499895,5.444,0.0,4.6484375,0.66955566,0.0,0.0,0.0,0.0,0.0,1.8554688,1.8164062,1.9140625,2.2070312,0.89143205,0.7969787,0.82307166,0.9528496,0.4946212,0.5832761,0.42671853,0.6476692,0.92126346,0.6477455,0.7068742,0.7582208,0.62050813,0.5307851,0.41420615,0.57694364,0.953125,0.92871094,70.93048,0.0,264.93747,305.37106,22.0,110.8147,99.90234,0.0,265.419,275.9744,506.25,542.625,-0.9941737,402.75,0.0,440.0,79.82713,67.99996,169.88525,0.0,70.31,200.875,-0.83618164,6.277466,70.37964,74.96796,2.4731445,70.88,70.76,68.68,68.55,0
650458.8,-0.39561403,4.145579,1.4028804,1.599019,100.8303,14.285718,13.948909,24.197443,414.03186,189.73312,9.96,0.0,4.721,9.96,9.96,2.0,99.99997,2.0,0.0,402.0,190.125,3266.0,0.0,-6.4375,0.88946533,331.19748,19957.518,20000.502,1100.0834,520.85474,105.44403,107.39395,0.0,-0.795339,3.0,89.21051,25.665058,-7.124991,-8.2499895,5.32,0.0,4.0859375,0.70111084,0.0,0.0,0.0,0.0,0.0,1.875,1.7773438,1.9335938,2.1679688,0.90257114,0.7782864,0.8299382,0.93942165,0.5030137,0.5806058,0.43114367,0.6474403,0.98023957,0.8304723,0.87769896,0.8454261,0.6601816,0.68055236,0.51422906,0.6433204,0.95410156,0.9238281,71.43707,0.0,267.62064,304.2223,0.0,110.83322,99.90234,0.0,268.15527,276.32266,506.25,542.625,-0.795339,406.4375,0.0,440.0,79.82713,67.99996,171.39893,0.0,70.92,210.34375,-0.50964355,8.953857,69.903564,77.90985,2.7001953,70.85,71.2,69.47,69.12,0
650458.8,-0.33649123,4.1894817,1.3843701,1.5991038,100.829216,14.285718,13.930252,23.785881,414.16028,190.66365,10.0,0.0,4.721,10.0,10.0,2.0,99.99998,2.0,0.0,399.375,190.125,3281.0,0.0,-6.3984375,0.8936157,333.8757,19891.715,20000.502,1100.0834,520.85474,104.91416,106.69453,0.0,-0.6362712,3.0,88.934326,25.73013,-7.124991,-8.2499895,5.396,0.0,4.703125,0.7158203,0.0,0.0,0.0,0.0,0.0,1.9140625,1.7578125,1.953125,2.1484375,0.9186694,0.7848478,0.8439765,0.93926907,0.5127031,0.58571756,0.43724728,0.6507973,1.0312047,0.70847636,0.70954454,0.9385061,0.6945144,0.60158694,0.41573206,0.7141985,0.953125,0.9238281,71.39282,0.0,264.7827,304.95657,0.0,110.8499,99.90234,0.0,265.30292,276.7455,506.25,542.625,-0.6362712,399.96875,0.0,440.0,79.82713,67.99996,170.05615,0.0,71.04,214.75,-0.0061035156,14.389038,69.4397,83.57391,2.8686523,71.76,71.5,69.56,69.76,0
650458.9,-0.289193,4.169543,1.3955642,1.5992733,100.82906,14.285718,13.92891,24.033768,411.44394,190.79869,10.04,0.0,4.721,10.04,10.04,2.0,99.999985,2.0,0.0,399.375,190.125,3305.0,0.0,-6.40625,0.890625,333.53574,19945.312,20000.502,1100.0834,520.85474,105.613594,107.18201,0.0,-0.50901693,3.0,88.74512,25.788696,-7.124991,-8.2499895,5.388,0.0,5.3359375,0.7276001,0.0,0.0,0.0,0.0,0.0,1.875,1.71875,1.9140625,2.0898438,0.8997482,0.76089114,0.8271916,0.9173724,0.512932,0.5852598,0.43617913,0.6485084,0.7675288,0.6601053,0.9119554,0.76424813,0.51689935,0.56054014,0.53429466,0.6050965,0.9394531,0.9199219,71.47217,0.0,266.4912,304.6612,0.0,110.864914,99.90234,0.0,266.82858,277.40887,506.25,542.625,-0.50901693,397.84375,0.0,440.0,79.82713,67.99996,170.97168,0.0,71.93,218.28125,0.32348633,11.395264,69.19556,80.744934,3.005371,72.1,72.0,70.37,70.31,0
650458.94,-0.2513544,4.1428175,1.4071052,1.5995277,100.828926,14.285718,13.957269,24.254412,409.9736,192.13019,10.08,0.0,4.721,10.08,10.08,2.0,99.99999,2.0,0.0,398.25,190.125,3340.0,0.0,-6.3359375,0.90167236,338.04645,19918.78,20000.502,1100.0834,520.85474,106.69453,107.47874,0.0,-0.40721354,3.0,89.16168,25.841404,-7.124991,-8.2499895,5.404,0.0,5.671875,0.7411499,0.0,0.0,0.0,0.0,0.0,1.8359375,1.6992188,1.9140625,2.03125,0.87762266,0.7506676,0.83779657,0.88555735,0.511635,0.58480203,0.44113833,0.6422522,0.7227436,0.6788739,0.8657206,0.8216983,0.4867628,0.5764859,0.5072099,0.6506447,0.9326172,0.9169922,72.05658,0.0,268.01193,303.83698,0.0,110.87842,99.90234,0.0,268.58643,278.35413,506.625,542.25,-0.40721354,400.0,0.0,440.0,79.82713,67.99996,172.36328,0.0,72.43,222.34375,0.5279541,9.954834,68.79883,79.24652,3.0273438,72.51,72.35,70.73,70.86,0
650458.94,-0.22108352,4.075877,1.418069,1.5996124,100.829636,14.285718,13.959541,24.505133,405.6186,190.82912,10.122,0.0,4.721,10.122,10.122,2.0,99.99999,2.0,0.0,396.0,190.125,3353.0,0.0,-6.296875,0.9102783,341.67825,19865.182,20000.502,1100.0834,520.85474,107.563515,107.66949,0.0,-0.32577083,3.0,89.61182,25.888844,-7.124991,-8.2499895,5.468,0.0,5.796875,0.75146484,0.0,0.0,0.0,0.0,0.0,1.8554688,1.6796875,1.9335938,1.9921875,0.88876176,0.7390707,0.8474098,0.87754637,0.51873046,0.5834287,0.44838637,0.64271003,0.96696424,0.6576638,0.88990617,0.98054475,0.6512551,0.5584802,0.52140075,0.77637905,0.9238281,0.9169922,72.50214,0.0,269.74084,303.39972,0.0,110.89058,99.90234,0.0,270.19504,278.7853,506.625,542.25,-0.32577083,409.09375,0.0,440.0,79.82713,67.99996,173.32153,0.0,72.65,225.4375,0.7293701,9.350586,68.94531,79.1214,3.0200195,73.27,73.13,71.43,71.13,0
650459.0,-0.19686681,4.049101,1.4338443,1.5997397,100.83027,14.285718,13.949413,24.898088,405.92227,192.11111,10.16,0.0,4.721,10.16,10.16,2.0,99.99999,2.0,0.0,394.875,190.125,3373.0,0.0,-6.109375,0.9178467,344.49744,19876.855,20000.502,1100.0834,520.85474,109.28029,109.36507,0.0,-0.26061666,3.0,89.945984,25.931538,-7.124991,-8.2499895,5.52,0.0,5.828125,0.76000977,0.0,0.0,0.0,0.0,0.0,1.9140625,1.6796875,1.7382812,2.0117188,0.91485465,0.73754483,0.84130615,0.8904402,0.52994585,0.5851835,0.44724193,0.64950025,1.0975051,0.7270161,0.72777903,0.6219577,0.739147,0.61738,0.42641336,0.49248493,0.9199219,0.9140625,72.85919,0.0,272.45007,303.20926,0.0,110.90152,99.90234,0.0,272.84012,279.24963,506.625,542.25,-0.26061666,412.84375,0.0,440.0,79.82713,67.99996,174.55444,0.0,73.35,228.0,0.881958,5.908203,69.14673,76.15509,3.0200195,73.63,73.94,71.98,72.0,0
650459.0,-0.15749346,4.0571404,1.4512562,1.599994,100.83001,14.285718,13.942324,25.209166,407.41776,194.87683,10.2,0.0,4.721,10.2,10.2,2.0,99.99999,2.0,0.0,393.0,190.5,3409.0,0.0,-5.8828125,0.9320679,350.24362,19928.332,20000.502,1100.0834,520.85474,110.63676,110.80631,0.0,-0.20849334,3.0,90.1001,25.894773,-6.7499914,-7.87499,5.572,0.0,6.0859375,0.77227783,0.0,0.0,0.0,0.0,0.0,1.7578125,1.5234375,1.7382812,1.796875,0.9284352,0.73990995,0.8426795,0.8796826,0.5451286,0.5896086,0.45052263,0.64682996,0.8352026,0.79217213,0.8739605,0.94354165,0.56244755,0.67269397,0.51209277,0.7470817,0.9160156,0.91015625,73.12164,0.0,274.59406,302.09918,0.0,110.91136,99.90234,0.0,275.19498,280.00418,506.625,541.875,-0.20849334,421.90625,0.0,440.0,79.82713,67.99996,175.6836,0.0,73.84,231.6875,0.99487305,4.193115,69.53125,75.035095,2.96875,74.27,74.11,72.38,72.64,0
650459.06,-0.14599477,4.022856,1.4635501,1.6002483,100.82978,14.285718,13.954939,25.373869,404.53287,195.42677,10.241,0.0,4.721,10.241,10.241,2.0,99.99999,2.0,0.0,388.5,190.5,3443.0,0.0,-5.7109375,0.9465332,356.0976,19911.35,20000.502,1100.0834,520.85474,111.357376,110.82751,0.0,-0.16679467,3.0,90.33966,25.861687,-6.7499914,-7.87499,5.72,0.0,6.1796875,0.78674316,0.0,0.0,0.0,0.0,0.0,1.7578125,1.5234375,1.71875,1.8164062,0.92370486,0.73868924,0.8462654,0.89471275,0.5460441,0.59052414,0.45517662,0.663386,0.75761044,0.85435265,0.92591745,1.2286564,0.53322655,0.7254902,0.54253453,0.97283894,0.9160156,0.90722656,73.46954,0.0,275.7291,300.8124,0.0,110.92023,99.90234,0.0,276.38068,280.31927,507.0,541.875,-0.16679467,426.46875,0.0,440.0,79.82713,67.99996,176.47705,0.0,74.55,236.03125,1.1291504,2.9937744,69.82422,74.531555,2.915039,74.96,74.68,73.22,73.0,0
650459.1,-0.13679582,4.009143,1.4734064,1.6002481,100.829575,14.285718,13.952051,25.573832,404.7226,195.68881,10.28,0.0,4.721,10.28,10.28,2.0,99.99999,2.0,0.0,385.875,190.5,3446.0,0.0,-5.578125,0.95758057,359.84546,19816.36,20000.502,1100.0834,520.85474,113.349686,111.63291,0.0,-0.13343574,3.0,91.362,25.831907,-6.7499914,-7.87499,5.804,0.0,6.1875,0.7803955,0.0,0.0,0.0,0.0,0.0,1.7382812,1.5429688,1.71875,1.8164062,0.91050583,0.7436484,0.84794384,0.89257646,0.54703593,0.5973907,0.45838103,0.66399634,0.8220035,0.7141985,0.8848707,0.8533608,0.5785458,0.6064698,0.5185016,0.6756695,0.9121094,0.90722656,73.95935,0.0,277.1072,300.41507,0.0,110.92821,99.90234,0.0,277.37573,280.51828,507.0,541.5,-0.13343574,430.34375,0.0,440.09375,79.82713,67.99996,176.87378,0.0,75.09,234.125,1.2390137,2.1972656,70.39795,74.45526,2.8955078,75.42,75.56,73.42,73.88,0
650459.1,-0.12943666,4.0411572,1.4798983,1.6004602,100.82856,14.285718,13.94417,25.653181,407.8865,198.82106,10.324,0.0,4.721,10.324,10.324,2.0,99.99999,2.0,0.0,386.625,190.5,3474.0,0.0,-5.3359375,0.9658203,362.9383,19886.94,20000.502,1100.0834,520.85474,113.09535,112.4807,0.0,-0.106748596,3.0,90.67688,25.805107,-6.7499914,-7.87499,5.768,0.0,6.28125,0.7919922,0.0,0.0,0.0,0.0,0.0,1.7382812,1.5429688,1.6992188,1.796875,0.9163043,0.74212253,0.84191656,0.8975357,0.5565728,0.5978485,0.45677882,0.6707866,1.0447853,0.67841613,0.88227665,1.0075532,0.73533225,0.57610434,0.51689935,0.79781795,0.91308594,0.9033203,74.40338,0.0,277.65314,299.60187,0.0,110.93538,99.90234,0.0,278.17172,280.65094,507.0,541.5,-0.106748596,428.78125,0.0,440.0,79.82713,67.99996,177.50244,0.0,75.56,237.59375,1.3092041,0.8300781,70.440674,73.30475,2.8637695,75.89,75.89,74.27,74.06,0
650459.2,-0.103549324,4.0539627,1.4906162,1.600757,100.82765,14.285718,13.950372,25.845615,407.90704,201.4066,10.358,0.0,4.721,10.358,10.358,0.0,99.99999,2.0,0.0,382.875,190.5,3519.0,0.0,-5.03125,0.97857666,367.30804,19838.117,20000.502,1100.0834,520.85474,115.17244,112.92579,0.0,-0.085398875,3.0,91.18347,25.780987,-6.7499914,-7.87499,5.904,0.0,6.4296875,0.8070679,0.0,0.0,0.0,0.0,0.0,1.7578125,1.5234375,1.6992188,1.796875,0.92133975,0.7389944,0.8436713,0.8940261,0.5652705,0.59838253,0.4598306,0.6700237,1.0333409,0.73998624,0.7942321,0.8284123,0.727245,0.62836653,0.46532387,0.65590906,0.90722656,0.9003906,74.55292,0.0,278.97867,299.11362,0.0,110.94183,99.90234,0.0,279.4818,280.73386,507.375,541.125,-0.085398875,430.96875,0.0,439.78125,79.82713,67.99996,178.36914,0.0,76.2,242.125,1.3671875,-0.15258789,70.53223,72.776794,2.824707,76.35,76.67,74.6,74.76,0
650459.25,-0.08283946,4.040335,1.4883871,1.6008841,100.826,14.285718,13.9488535,25.67878,406.6103,202.07852,10.4,0.0,4.721,10.4,10.4,0.0,99.99999,2.0,0.0,381.75,190.125,3542.0,0.0,-4.8359375,0.9885864,371.4788,19647.605,20000.502,1100.0834,520.85474,120.15321,114.02792,0.0,-0.068319105,3.0,93.144226,25.759277,-6.374992,-8.2499895,5.896,0.0,6.4296875,0.81396484,0.0,0.0,0.0,0.0,0.0,1.7773438,1.5429688,1.6601562,1.8164062,0.9378195,0.7434195,0.83237964,0.9063859,0.5831998,0.6043336,0.45769435,0.6835279,1.3054093,0.84199286,0.6690318,0.9397269,0.9187457,0.71503776,0.41153583,0.7701228,0.9042969,0.89746094,75.198364,0.0,277.82703,298.27618,0.0,110.94765,99.90234,0.0,278.0059,280.7919,507.375,540.75,-0.068319105,435.03125,0.0,440.0,79.82713,67.99996,178.02124,0.0,76.65,244.1875,1.4373779,2.1850586,70.69092,75.45929,2.8100586,77.48,77.33,75.26,75.42,0
650459.25,-0.106271565,4.034884,1.4853243,1.6010114,100.82451,14.285718,13.95951,25.602976,406.72086,203.16069,10.441,0.0,4.721,10.441,10.441,0.0,99.99999,2.0,0.0,355.125,190.5,3560.0,0.0,-4.6484375,0.9916382,372.63135,19974.5,20000.502,1100.0834,520.85474,117.970146,115.10886,0.0,-0.054655284,3.0,91.4978,25.73974,-6.374992,-7.87499,7.172,0.0,6.890625,0.8236084,0.0,0.0,0.0,0.0,0.0,1.7773438,1.5625,1.6796875,1.8164062,0.9328603,0.7457084,0.8407721,0.8973831,0.5848783,0.60914016,0.4665446,0.6822309,0.82589453,0.7969024,1.027161,0.70138097,0.60486764,0.69954985,0.6318761,0.57480735,0.90625,0.8955078,75.198364,0.0,277.30304,297.99127,0.0,110.95288,99.90234,0.0,277.6908,280.82507,507.375,540.75,-0.054655284,440.4375,0.0,440.0,79.82713,67.99996,178.06396,0.0,77.71,247.09375,1.550293,2.7893066,70.513916,76.28021,2.8027344,77.83,77.66,75.79,75.68,0
650459.3,-0.08501726,4.0514536,1.4939243,1.6011809,100.82317,14.285718,13.9669695,25.78723,408.2294,205.68988,10.48,0.0,4.721,10.48,10.48,0.0,99.99999,2.0,0.0,352.875,190.5,3591.0,0.0,-4.421875,1.0004272,376.37094,19978.746,20000.502,1100.0834,520.85474,118.839134,116.02023,0.0,-0.043724228,3.0,91.38794,25.722157,-6.374992,-7.87499,7.184,0.0,7.6953125,0.8322754,0.0,0.0,0.0,0.0,0.0,1.796875,1.5820312,1.6796875,1.8164062,0.9274433,0.7501335,0.84191656,0.8905928,0.58587015,0.616083,0.4699779,0.68047607,0.733196,0.75524527,0.8672465,0.76317996,0.53696495,0.6629282,0.5335317,0.64805067,0.9003906,0.8925781,75.198364,0.0,278.57175,298.04037,0.0,110.957596,99.90234,0.0,278.9843,280.85825,507.75,540.375,-0.043724228,434.96875,0.0,439.875,79.82713,67.99996,178.77808,0.0,78.03,249.6875,1.6021729,0.2532959,70.53223,74.0036,2.8100586,78.45,78.63,76.04,76.41,0
650459.3,-0.06801381,4.0205817,1.4907112,1.6013929,100.82114,14.285718,13.960472,25.648346,405.5074,206.19598,10.52,0.0,4.721,10.52,10.52,0.0,99.99999,2.0,0.0,351.75,190.5,3624.0,0.0,-4.171875,1.010437,380.1271,19833.871,20000.502,1100.0834,519.2627,120.28038,115.59634,0.0,-0.034979384,3.0,91.98456,25.706331,-6.374992,-7.87499,7.144,0.0,8.125,0.8406372,0.0,0.0,0.0,0.0,0.0,1.7578125,1.6015625,1.71875,1.796875,0.9047837,0.7503624,0.8475624,0.8841077,0.57946134,0.61844814,0.47646296,0.6788739,0.6655222,0.8170443,0.97268635,0.76333255,0.50644696,0.7660029,0.59830624,0.64820325,0.8964844,0.890625,75.198364,0.0,277.6124,297.71786,0.0,110.96184,99.90234,0.0,277.76544,280.89142,507.75,540.375,-0.034979384,436.84375,0.0,440.0,79.82713,67.99996,178.73535,0.0,78.65,252.1875,1.675415,2.8656006,70.26367,76.70746,2.8125,79.06,79.25,77.0,76.96,0
650459.4,-0.07441105,3.9894829,1.5020359,1.60152,100.819305,14.285718,13.967643,25.82152,404.02374,206.63203,10.558,0.0,4.721,10.558,10.558,0.0,99.99999,2.0,0.0,349.875,190.875,3645.0,0.0,-3.953125,1.0151978,381.9264,19974.5,20000.502,1100.0834,519.2627,119.60215,116.42293,0.0,-0.027983507,3.0,91.64429,25.69209,-5.9999924,-7.4999905,7.244,0.0,8.375,0.85632324,0.0,0.0,0.0,0.0,0.0,1.7773438,1.6210938,1.6992188,1.796875,0.91348135,0.7601282,0.83855957,0.8751812,0.592813,0.6375982,0.4741741,0.67597467,1.1064317,0.91355765,0.8072023,0.70862895,0.84191656,0.8564126,0.5197223,0.622034,0.8955078,0.890625,75.09308,0.0,278.80423,296.67743,0.0,110.96565,99.90234,0.0,279.17502,280.8997,507.75,540.0,-0.027983507,436.65625,0.0,439.875,79.82713,67.99996,179.52881,0.0,79.41,256.90625,1.7150879,-0.015258789,69.73877,73.298645,2.8100586,79.4,79.5,77.24,77.48,0
650459.44,-0.099528834,3.9770432,1.5150352,1.6016896,100.81849,14.285718,13.955084,26.061073,404.21887,208.26318,10.6,0.0,4.721,10.6,10.6,0.0,99.99999,2.0,0.0,349.5,190.875,3672.0,0.0,-3.8671875,1.0270386,386.3791,19893.307,20000.502,1100.0834,519.2627,120.789055,116.67727,0.0,-0.022386806,3.0,91.69159,25.67927,-5.9999924,-7.124991,7.228,0.0,8.609375,0.8605957,0.0,0.0,0.0,0.0,0.0,1.7773438,1.6210938,1.6796875,1.8164062,0.91592276,0.7596704,0.83199817,0.87235826,0.60021365,0.6410315,0.47753108,0.67818725,0.97070265,0.751812,0.7389181,0.75906,0.73861295,0.7048142,0.497673,0.6895552,0.890625,0.8876953,75.09308,0.0,280.45462,296.09082,0.0,110.969086,99.90234,0.0,280.65924,280.8997,508.125,540.0,-0.022386806,441.46875,0.0,440.09375,79.82713,67.99996,180.49927,0.0,79.77,258.1875,1.7150879,-0.8544922,69.52515,72.19086,2.8125,80.06,80.21,77.96,77.92,0
650459.44,-0.09962307,3.9908175,1.5130782,1.6018168,100.81776,14.285718,13.963871,25.96854,405.86105,210.41905,10.642,0.0,4.721,10.642,10.642,0.0,99.99999,2.0,0.0,345.375,190.875,3695.0,0.0,-3.828125,1.0340576,389.46362,19889.062,20000.502,1100.0834,519.2627,122.16672,117.69462,0.0,-0.017909445,3.0,91.83502,25.667732,-5.9999924,-7.124991,7.312,0.0,8.75,0.8671875,0.0,0.0,0.0,0.0,0.0,1.8164062,1.6015625,1.6796875,1.7773438,0.91996646,0.75318533,0.8301671,0.85877776,0.61028457,0.64034486,0.4805066,0.67818725,0.7753109,0.63134205,0.7961395,0.7114519,0.6353857,0.62699324,0.536202,0.66697186,0.88964844,0.8857422,75.09308,0.0,279.81607,295.74368,0.0,110.97218,99.90234,0.0,280.26123,280.8997,508.125,540.0,-0.017909445,436.21875,0.0,440.0,79.82713,67.99996,180.61523,0.0,80.36,260.15625,1.7364502,0.10681152,69.23828,72.83783,2.8125,80.58,80.49,78.43,78.78,0
650459.5,-0.099698454,3.9963272,1.5198855,1.6019015,100.81709,14.285718,13.964163,26.103317,406.03754,211.42209,10.68,0.0,4.721,10.68,10.68,0.0,99.99999,2.0,0.0,345.75,190.875,3711.0,0.0,-3.9375,1.0429688,392.36572,19829.627,20000.502,1100.0834,519.2627,123.29004,117.90656,0.0,-0.014327556,3.0,92.39349,25.657349,-5.624993,-7.124991,7.312,0.0,8.7890625,0.8664551,0.0,0.0,0.0,0.0,0.0,1.7773438,1.6015625,1.6796875,1.7773438,0.90127414,0.7490654,0.8319219,0.8520638,0.60921645,0.64171815,0.48722056,0.67833984,0.68856335,0.7392233,0.87022203,0.72632945,0.5642786,0.73411155,0.61249715,0.68093383,0.8886719,0.8857422,75.09308,0.0,280.74442,295.49683,0.0,110.97496,99.90234,0.0,280.94116,280.8997,508.125,540.0,-0.014327556,436.03125,0.0,440.0,79.82713,67.99996,181.22559,0.0,80.89,259.9375,1.7364502,-0.018310547,69.20166,72.68219,2.8051758,81.29,81.32,78.95,79.1,0
650459.5,-0.07975876,4.017281,1.5322293,1.6021558,100.81733,14.285718,13.958508,26.254866,407.6087,214.47069,10.723,0.0,4.721,10.723,10.723,0.0,99.99999,2.0,0.0,344.25,191.25,3750.0,0.0,-4.03125,1.0562744,396.9179,19769.66,20000.502,1100.0834,519.2627,126.36328,119.68693,0.0,-0.011462045,3.0,93.244934,25.648005,-5.624993,-6.7499914,7.332,0.0,8.8984375,0.8833008,0.0,0.0,0.0,0.0,0.0,1.7578125,1.6210938,1.6796875,1.7578125,0.89471275,0.74837875,0.8252842,0.8475624,0.61043715,0.6535439,0.48752576,0.6802472,0.77195394,0.7457084,0.8754864,0.7636377,0.63256276,0.78721297,0.6161593,0.715877,0.88671875,0.8798828,75.09308,0.0,281.78925,294.2234,0.0,110.97746,99.90234,0.0,282.06885,280.8997,508.5,540.0,-0.011462045,439.59375,0.0,440.0,79.82713,67.99996,182.14722,0.0,81.3,265.0,1.6876221,-1.1627197,68.41431,70.573425,2.8076172,81.53,81.74,79.5,79.77,0
650459.56,-0.06380701,4.0069127,1.5341587,1.602283,100.81754,14.285718,13.972127,26.2648,406.3891,214.96939,10.76,0.0,4.721,10.76,10.76,0.0,99.99999,2.0,0.0,340.875,191.25,3770.0,0.0,-4.078125,1.0679932,400.87305,19961.764,20000.502,1100.0834,519.2627,124.18022,119.284225,0.0,-0.009169636,3.0,92.16461,25.639595,-5.624993,-6.7499914,7.42,0.0,9.6796875,0.8789673,0.0,0.0,0.0,0.0,0.0,1.7773438,1.6210938,1.6992188,1.796875,0.8972305,0.7500572,0.82330054,0.84962237,0.6191348,0.6647593,0.49675745,0.6908522,0.95391774,0.78751814,0.7460136,0.7370871,0.7817197,0.87472343,0.5463493,0.73197526,0.8847656,0.8798828,75.09308,0.0,281.85794,293.9127,0.0,110.97972,99.90234,0.0,282.11032,280.8997,508.5,540.0,-0.009169636,438.8125,0.0,439.78125,79.82713,67.99996,182.57446,0.0,81.77,263.6875,1.663208,-0.46081543,68.481445,71.34247,2.775879,82.13,82.37,80.27,80.33,0
650459.6,-0.07104561,4.002765,1.5418296,1.6023679,100.81856,14.285718,13.958223,26.349564,406.5847,215.92859,10.801,0.0,4.721,10.801,10.801,0.0,99.99999,2.0,0.0,339.0,191.25,3785.0,0.0,-4.1953125,1.079773,404.82822,19867.834,20000.502,1100.0834,519.2627,126.66001,120.6195,0.0,-0.007335709,3.0,93.2663,25.556837,-5.624993,-6.7499914,7.46,0.0,9.953125,0.8725586,0.0,0.0,0.0,0.0,0.0,1.7578125,1.6015625,1.6796875,1.7773438,0.8892195,0.7455558,0.81216145,0.83871216,0.6195926,0.66834515,0.49401084,0.69512475,0.9520104,0.66201264,0.60357064,0.7410544,0.808423,0.73540854,0.44205385,0.7359426,0.87890625,0.8779297,75.09308,0.0,282.44324,293.2131,0.0,110.98175,99.90234,0.0,282.75705,280.8997,508.5,540.375,-0.007335709,438.25,0.0,440.0,79.82713,67.99996,182.95898,0.0,82.43,261.78125,1.6296387,-1.2939453,68.66455,70.76874,2.7661133,82.7,82.88,80.87,80.81,0
650459.6,-0.096836485,4.038606,1.5515332,1.6025797,100.81947,14.285718,13.9543495,26.38049,409.7006,219.36545,10.84,0.0,4.721,10.84,10.84,0.0,99.99999,2.0,0.0,337.5,191.625,3816.0,0.0,-4.3515625,1.0871582,407.5811,19962.295,20000.502,1100.0834,519.2627,126.46925,121.4037,0.0,-0.005868567,3.0,92.62848,25.482355,-5.2499933,-6.374992,7.496,0.0,10.3046875,0.88238525,0.0,0.0,0.0,0.0,0.0,1.796875,1.640625,1.6601562,1.7773438,0.89616233,0.7441825,0.8062867,0.8384833,0.6400397,0.67490655,0.49485007,0.704509,0.9918364,0.7668421,0.69649804,0.83405817,0.84222174,0.8986038,0.5101091,0.8805981,0.8798828,0.875,75.09308,0.0,282.65732,291.5495,0.0,110.98358,99.90234,0.0,282.87317,280.8997,508.5,540.375,-0.005868567,440.1875,0.0,439.78125,79.82713,67.99996,183.66699,0.0,82.85,264.71875,1.5869141,-1.0742188,68.13965,70.33539,2.7612305,83.34,83.34,81.36,81.55,0
650459.7,-0.13746919,4.0341926,1.5572381,1.6027915,100.8203,14.285718,13.969216,26.327091,408.24808,220.76443,10.88,0.0,4.721,10.88,10.88,0.0,99.99999,2.0,0.0,334.875,191.625,3854.0,0.0,-4.34375,1.1049805,414.27252,19817.42,20000.502,1100.0834,519.2627,129.79684,122.56942,0.0,-0.004694854,3.0,93.72101,25.415321,-5.2499933,-6.374992,7.56,0.0,10.765625,0.8822632,0.0,0.0,0.0,0.0,0.0,1.796875,1.640625,1.6601562,1.7578125,0.8964675,0.7435721,0.7958343,0.8313878,0.6477455,0.69390404,0.49210346,0.7081712,0.90249485,0.7143511,1.0095369,0.6989395,0.79217213,0.8371862,0.7682155,0.77637905,0.87597656,0.8730469,75.09308,0.0,282.29007,290.20715,0.0,110.98523,99.90234,0.0,282.54974,280.8997,508.875,540.375,-0.004694854,429.40625,0.0,439.875,79.82713,67.99996,184.7351,0.0,83.64,264.6875,1.5563965,-0.5004883,67.96265,70.67108,2.7490234,83.92,84.02,81.85,81.95,0
650459.75,-0.12997535,4.013677,1.560625,1.6028764,100.82187,14.285718,13.967904,26.369,406.92715,220.79237,10.92,0.0,4.721,10.92,10.92,0.0,99.99999,2.0,0.0,332.25,191.625,3867.0,0.0,-4.4296875,1.112915,417.24927,19744.719,20000.502,1100.0834,519.2627,131.02614,121.764015,0.0,-0.003755883,3.0,94.32373,25.354992,-5.2499933,-6.374992,7.612,0.0,10.703125,0.87823486,0.0,0.0,0.0,0.0,0.0,1.7773438,1.640625,1.6601562,1.7773438,0.884184,0.74540323,0.7982757,0.8239109,0.64507514,0.7079423,0.5074388,0.71084154,0.65461206,0.78690773,0.6723125,0.5055314,0.59464407,0.97070265,0.53231096,0.59243155,0.8671875,0.8730469,75.09308,0.0,282.5805,289.98047,0.0,110.98671,99.90234,0.0,282.79025,280.8997,508.875,540.375,-0.003755883,427.84375,0.0,440.0,79.82713,67.99996,185.30884,0.0,84.04,263.46875,1.5197754,-1.348877,68.09082,69.97528,2.7490234,84.74,84.51,82.34,82.64,0
650459.75,-0.14398028,4.005471,1.5614516,1.6030037,100.82328,14.285718,13.978704,26.290342,407.27725,222.0681,10.959,0.0,4.721,10.959,10.959,0.0,99.99999,2.0,0.0,330.75,192.0,3886.0,0.0,-4.4921875,1.1185913,419.38025,19759.578,20000.502,1100.0834,519.2627,131.95871,121.74282,0.0,-0.15925469,3.0,94.23523,25.300695,-4.874994,-5.9999924,7.636,0.0,10.7421875,0.88287354,0.0,0.0,0.0,0.0,0.0,1.7773438,1.6601562,1.6601562,1.71875,0.88227665,0.74311435,0.79995424,0.7959869,0.65140766,0.715877,0.51537347,0.7033646,0.76112,0.5743496,0.8374151,0.57671475,0.6913863,0.73968107,0.6630808,0.6758984,0.86621094,0.8701172,75.09308,0.0,282.03973,289.32922,0.0,110.98804,99.90234,0.0,282.20978,280.8997,508.875,540.375,-0.15925469,430.9375,0.0,439.78125,79.82713,67.99996,185.63232,0.0,84.82,264.875,1.4556885,-0.030517578,67.79175,70.93048,2.7441406,85.08,85.08,83.28,83.21,0
650459.8,-0.13518423,4.0209384,1.571677,1.6031733,100.824554,14.285718,13.968687,26.359444,408.61963,224.97873,11.0,0.0,4.721,11.0,11.0,0.0,99.99999,2.0,0.0,330.375,192.0,3924.0,0.0,-4.4375,1.1313477,424.16458,19769.129,20000.502,1100.0834,519.2627,133.86624,122.56942,0.0,-0.28365374,3.0,94.61212,25.25183,-4.874994,-5.9999924,7.632,0.0,11.2421875,0.88342285,0.0,0.0,0.0,0.0,0.0,1.7578125,1.6210938,1.6601562,1.71875,0.87251085,0.72762644,0.799115,0.7895018,0.65743494,0.71976805,0.5207141,0.70954454,0.805066,0.59822994,0.9140154,0.6687266,0.7313649,0.7703517,0.7237354,0.8249027,0.86621094,0.86816406,75.09308,0.0,282.51733,288.23233,0.0,110.98923,99.90234,0.0,282.44196,280.8997,509.25,540.375,-0.28365374,428.875,0.0,440.0,79.82713,67.99996,187.04224,0.0,85.18,265.03125,1.3824463,-2.0507812,67.62695,68.67218,2.7197266,85.63,85.46,83.3,83.88,0
650459.8,-0.10814738,4.0271254,1.5856262,1.6034274,100.8257,14.285718,13.961675,26.456163,408.8426,226.93718,11.042,0.0,4.721,11.042,11.042,0.0,99.99999,2.0,0.0,329.625,192.0,3956.0,0.0,-4.359375,1.1427002,428.40997,19693.244,20000.502,1100.0834,519.2627,137.19382,123.39601,0.0,-0.383173,3.0,96.10596,25.20785,-4.874994,-5.9999924,7.612,0.0,11.671875,0.89385986,0.0,0.0,0.0,0.0,0.0,1.7578125,1.6210938,1.6796875,1.6992188,0.8619059,0.7174792,0.7958343,0.77866787,0.6556039,0.7193866,0.5307851,0.70962083,0.6631571,0.52819103,0.64171815,0.63851374,0.62172884,0.7115282,0.5259022,0.78759444,0.8642578,0.8652344,75.09308,0.0,283.18515,286.223,0.0,110.99031,99.90234,0.0,283.39554,280.8997,509.25,540.375,-0.383173,422.875,0.0,439.78125,79.82713,67.99996,188.7268,0.0,85.89,268.15625,1.3275146,-1.6052246,66.89453,68.32428,2.709961,86.07,86.14,84.2,84.06,0
650459.9,-0.08651791,4.0108504,1.5849802,1.6035123,100.82673,14.285718,13.9626255,26.338224,407.5088,227.11166,11.08,0.0,4.721,11.08,11.08,0.0,99.99999,2.0,0.0,325.875,192.375,3972.0,0.0,-4.4765625,1.1567993,433.1943,19740.473,20000.502,1100.0834,519.2627,138.78342,124.18022,0.0,-0.4627884,3.0,96.33789,25.168266,-4.4999943,-5.624993,7.716,0.0,11.8046875,0.88464355,0.0,0.0,0.0,0.0,0.0,1.7578125,1.6210938,1.6796875,1.6992188,0.8571755,0.71190965,0.79530025,0.76958877,0.6588846,0.72449833,0.5365072,0.72526133,0.87777525,0.6085298,0.7846189,0.73266196,0.8229191,0.8196384,0.6430152,0.94346535,0.86328125,0.86328125,75.09308,0.0,282.37323,285.5808,0.0,110.99127,99.90234,0.0,282.57462,280.8997,509.625,540.375,-0.4627884,425.875,0.0,440.09375,79.82713,67.99996,188.7085,0.0,86.26,265.40625,1.2939453,-0.24414062,67.29126,70.11566,2.697754,87.08,86.86,84.55,84.85,0
650459.94,-0.06921433,3.9855905,1.5864928,1.6036395,100.82766,14.285718,13.957432,26.326775,406.161,228.35515,11.12,0.0,4.721,11.12,11.12,0.0,99.99999,2.0,0.0,322.875,192.75,4007.0,0.0,-4.46875,1.170044,437.66357,19830.156,20000.502,1100.0834,519.2627,139.56763,124.90084,0.0,-0.52648073,3.0,96.170044,25.132643,-4.4999943,-5.2499933,7.784,0.0,11.875,0.88964844,0.0,0.0,0.0,0.0,0.0,1.6601562,1.6015625,1.6796875,1.5820312,0.86686504,0.7020676,0.8001068,0.76066226,0.6868849,0.72312504,0.54695964,0.7289998,1.0626383,0.5607691,0.76050967,0.59349966,1.055314,0.786984,0.6457618,0.7994202,0.859375,0.86035156,75.09308,0.0,282.29526,285.2652,0.0,110.99214,99.90234,0.0,282.47516,280.8997,509.625,540.75,-0.52648073,423.0625,0.0,439.78125,79.82713,67.99996,189.39209,0.0,86.97,266.90625,1.2756348,-0.43945312,66.82739,69.40765,2.6855469,87.77,87.42,85.38,85.22,0
650459.94,-0.035371464,3.9754863,1.5846857,1.6035123,100.82849,14.285718,13.953795,26.271715,406.2513,230.05896,11.159,0.0,4.721,11.159,11.159,0.0,99.99999,2.0,0.0,322.125,192.75,4036.0,0.0,-4.4453125,1.1798096,441.31195,19812.645,20000.502,1100.0834,519.2627,139.37688,124.01066,0.0,-0.5774346,3.0,95.92438,25.10058,-4.4999943,-5.2499933,7.756,0.0,12.609375,0.89141846,0.0,0.0,0.0,0.0,0.0,1.6796875,1.484375,1.71875,1.5820312,0.87113756,0.7035172,0.8046845,0.755169,0.6966506,0.73754483,0.5663386,0.73846036,0.96696424,0.89593345,0.95124745,0.8078889,0.8784619,0.94590676,0.8349737,1.1338216,0.8544922,0.859375,75.09308,0.0,281.91656,285.19757,0.0,110.99292,99.90234,0.0,282.11032,280.8997,509.625,540.375,-0.5774346,421.9375,0.0,439.875,79.82713,67.99996,189.84985,0.0,87.84,267.4375,1.2542725,-0.5126953,66.59546,69.07501,2.6855469,87.89,87.99,85.69,85.95,0
650460.06,-0.028297171,3.9714446,1.5845132,1.6033851,100.82924,14.285718,13.957109,26.273626,406.45477,231.48589,11.201,0.0,4.721,11.201,11.201,0.0,99.99999,2.0,0.0,321.375,192.75,4059.0,0.0,-4.53125,1.1852417,443.36,19761.701,20000.502,1100.0834,520.85474,140.79694,124.201416,0.0,-0.6181977,3.0,96.6095,25.071724,-4.4999943,-5.2499933,7.74,0.0,12.9453125,0.89819336,0.0,0.0,0.0,0.0,0.0,1.6796875,1.484375,1.71875,1.5820312,0.8817426,0.7036698,0.80880445,0.7568475,0.7128252,0.7380026,0.5777066,0.77309835,0.98359656,0.70725566,0.9000534,0.7454795,0.89349204,0.7467002,0.79003584,1.0462348,0.8515625,0.859375,75.09308,0.0,281.93048,285.18106,0.0,110.99362,99.90234,0.0,282.2264,280.8997,510.0,540.375,-0.6181977,421.53125,0.0,439.875,79.82713,67.99996,190.2893,0.0,88.22,269.46875,1.248169,-0.7446289,66.07666,68.348694,2.6879883,88.65,88.71,86.31,86.35,0
650460.1,-0.0026377384,4.007328,1.5785515,1.6033003,100.82992,14.285718,13.95943,26.158255,409.67844,234.75891,11.239,0.0,4.721,11.239,11.239,0.0,99.99999,2.0,0.0,322.5,192.75,4084.0,0.0,-4.5234375,1.1920776,445.90558,19808.93,20000.502,1100.0834,520.85474,141.43277,124.34978,0.0,-0.65080816,3.0,96.762085,25.045753,-4.4999943,-5.2499933,7.696,0.0,13.0234375,0.9038086,0.0,0.0,0.0,0.0,0.0,1.71875,1.5039062,1.6992188,1.5820312,0.9000534,0.7067979,0.80750746,0.7534905,0.741207,0.74311435,0.5833524,0.7830167,1.2108797,0.86480504,0.83222705,0.69047076,1.0999466,0.9130236,0.75600827,0.9690242,0.8535156,0.8574219,75.19226,0.0,281.13593,285.38754,0.0,110.99426,99.90234,0.0,281.34747,280.8997,510.375,540.75,-0.65080816,420.71875,0.0,440.0,79.82713,67.99996,190.12451,0.0,88.74,271.15625,1.2573242,0.1373291,65.6311,68.80646,2.6782227,89.13,89.0,86.96,87.14,0
650460.1,0.017889809,4.059181,1.5686373,1.6031733,100.83053,14.285718,13.961054,26.011868,412.77826,237.98314,11.28,0.0,4.721,11.28,11.28,0.0,99.99999,2.0,0.0,320.625,192.75,4109.0,0.0,-4.5625,1.1994019,448.65015,19866.242,20000.502,1100.0834,520.85474,139.6736,122.86614,0.0,-0.6768965,3.0,95.77179,25.02238,-4.4999943,-5.2499933,7.736,0.0,12.84375,0.9061279,0.0,0.0,0.0,0.0,0.0,1.71875,1.5039062,1.6992188,1.5820312,0.9028,0.70954454,0.805066,0.75761044,0.7479972,0.7467002,0.59617,0.803769,0.96360725,0.77096206,0.73968107,0.92271304,0.8753338,0.8139162,0.671931,1.2949569,0.8515625,0.8564453,75.19226,0.0,280.1275,286.10883,0.0,110.99484,99.90234,0.0,280.27783,280.8997,510.375,540.75,-0.6768965,419.9375,0.0,439.875,79.82713,67.99996,189.91089,0.0,89.34,271.84375,1.2786865,0.7751465,65.39307,69.2215,2.6782227,89.65,89.72,87.7,87.42,0
650460.2,0.034311846,4.0611725,1.5640943,1.603046,100.83108,14.285718,13.962191,25.993675,411.50916,238.57947,11.322,0.0,4.721,11.322,11.322,0.0,99.99999,2.0,0.0,321.75,193.125,4132.0,0.0,-4.640625,1.204773,450.66504,19930.453,20000.502,1100.0834,522.4467,139.52524,122.781364,0.0,-0.85401714,3.0,95.547485,24.926157,-4.1249948,-4.874994,7.636,0.0,12.703125,0.91308594,0.0,0.0,0.0,0.0,0.0,1.6992188,1.5039062,1.6992188,1.5820312,0.910811,0.70618755,0.81010145,0.76539254,0.76379037,0.74326694,0.6084535,0.84000915,1.0726329,0.76340884,0.9223316,0.7802701,0.9743648,0.8059815,0.83787286,1.0510415,0.85253906,0.85546875,75.19226,0.0,280.00266,286.6502,0.0,110.99536,99.90234,0.0,280.19492,280.8997,510.75,540.75,-0.85401714,422.96875,0.0,440.09375,79.82713,67.99996,189.98413,0.0,89.71,273.9375,1.2908936,0.103759766,64.904785,68.074036,2.6733398,90.32,90.28,88.07,88.07,0
650460.2,0.027449477,4.043219,1.5640469,1.6029189,100.83157,14.285718,13.962986,26.021908,410.13766,239.51073,11.36,0.0,4.721,11.36,11.36,0.0,99.99999,2.0,0.0,322.125,193.125,4162.0,0.0,-4.6875,1.2114868,453.17743,19838.117,20000.502,1100.0834,522.4467,140.9241,122.99331,0.0,-0.9957137,3.0,96.06781,24.839556,-4.1249948,-4.874994,7.632,0.0,12.421875,0.9223633,0.0,0.0,0.0,0.0,0.0,1.6992188,1.4648438,1.6992188,1.5820312,0.91157395,0.7047379,0.8051423,0.76546884,0.7692073,0.742504,0.61043715,0.84977496,0.92790115,0.63263905,1.0194552,0.76638436,0.86984056,0.6678874,0.9261463,1.0323491,0.8544922,0.8535156,75.31128,0.0,280.19775,286.96793,0.0,110.99582,99.90234,0.0,280.36902,280.8997,511.125,540.75,-0.9957137,422.28125,0.0,440.09375,79.82713,67.99996,190.60059,0.0,90.39,276.71875,1.3031006,0.18920898,64.245605,67.518616,2.6757812,90.62,90.71,88.65,88.61,0
650460.25,0.021959582,4.0172877,1.5592558,1.6027492,100.832016,14.285718,13.957684,25.925686,408.64758,240.53271,11.4,0.0,4.721,11.4,11.4,0.0,99.99999,2.0,0.0,320.25,193.125,4195.0,0.0,-4.796875,1.2215576,457.46426,19954.865,20000.502,1100.0834,524.3041,139.61002,122.84495,0.0,-1.1090709,3.0,95.28198,24.761616,-4.1249948,-4.874994,7.636,0.0,12.7890625,0.92663574,0.0,0.0,0.0,0.0,0.0,1.71875,1.484375,1.6992188,1.5820312,0.9126421,0.71526664,0.8194095,0.76981765,0.7747005,0.75570303,0.6376745,0.87472343,0.9082933,0.9499504,0.9318685,0.7592126,0.8515297,1.0028992,0.84657055,1.0226597,0.8515625,0.85253906,75.31128,0.0,279.53494,287.0789,0.0,110.99623,99.90234,0.0,279.82178,280.8997,511.125,540.75,-1.1090709,417.15625,0.0,440.0,79.82713,67.99996,191.02173,0.0,90.82,278.0,1.3244629,0.5767822,63.848877,67.55524,2.6733398,91.56,91.46,88.97,89.33,0
650460.3,0.017567666,3.9881654,1.5545981,1.6026646,100.83241,14.285718,13.97155,25.910583,407.34766,241.1393,11.44,0.0,4.721,11.44,11.44,0.0,99.99999,2.0,0.0,319.125,193.125,4219.0,0.0,-4.8046875,1.2297363,460.52393,19905.512,20000.502,1100.0834,524.3041,140.30945,122.61181,0.0,-1.1997567,3.0,95.617676,24.69147,-4.1249948,-4.874994,7.632,0.0,13.6015625,0.92974854,0.0,0.0,0.0,0.0,0.0,1.6992188,1.484375,1.6796875,1.6015625,0.906157,0.7089341,0.81780726,0.7770657,0.77660793,0.7489891,0.64164186,0.89448386,0.78850996,0.75768673,0.78652626,0.9378195,0.7392233,0.79995424,0.73739225,1.2632945,0.85253906,0.85253906,75.4364,0.0,279.43124,287.7249,0.0,110.99661,99.90234,0.0,279.63934,280.8997,511.875,540.75,-1.1997567,416.1875,0.0,439.875,79.82713,67.99996,191.1499,0.0,91.67,278.9375,1.3458252,0.8178711,63.5437,67.54303,2.6635742,91.94,92.07,89.67,89.6,0
650460.3,0.034054134,3.9765162,1.5545918,1.6026222,100.83277,14.285718,13.969538,25.96328,407.58142,241.84956,11.48,0.0,4.721,11.48,11.48,0.0,99.99999,2.0,0.0,318.75,193.125,4229.0,0.0,-4.6015625,1.2322998,462.00815,19900.736,20000.502,1100.0834,524.3041,140.69095,122.82375,0.0,-1.1160554,3.0,95.658875,24.628338,-4.1249948,-4.874994,7.628,0.0,13.375,0.93133545,0.0,0.0,0.0,0.0,0.0,1.6992188,1.484375,1.6992188,1.6015625,0.90913254,0.71732664,0.81849396,0.7846952,0.7835508,0.7594415,0.6550698,0.9143969,0.97467005,0.8580148,0.86984056,0.8377203,0.91371024,0.90585184,0.81544214,1.1284046,0.8544922,0.8515625,75.4364,0.0,279.79483,288.0961,0.0,110.99695,99.90234,0.0,279.8964,280.8997,511.875,540.75,-1.1160554,415.75,0.0,439.875,79.82713,67.99996,191.35132,0.0,92.13,279.40625,1.3824463,-0.076293945,63.409424,66.55731,2.6464844,92.52,92.49,90.13,90.41,0
650460.4,0.027243307,4.0093565,1.54791,1.6024525,100.83309,14.285718,13.968129,25.818863,410.7692,245.41255,11.522,0.0,4.721,11.522,11.522,0.0,99.99999,2.0,0.0,318.0,193.125,4258.0,0.0,-4.4296875,1.2379761,464.6781,19940.006,20000.502,1100.0834,525.63074,140.18228,122.52703,0.0,-1.0490943,3.0,95.26062,24.571518,-4.1249948,-4.874994,7.62,0.0,13.265625,0.9390259,0.0,0.0,0.0,0.0,0.0,1.71875,1.5039062,1.6796875,1.6015625,0.9228656,0.7225147,0.81773096,0.7861448,0.8065156,0.7658503,0.660029,0.9308766,1.3511101,0.9185168,0.80285347,0.76989394,1.2666514,0.9697108,0.7526513,1.0370795,0.8564453,0.8496094,75.4364,0.0,278.7997,288.2757,0.0,110.99725,99.90234,0.0,279.03406,280.8997,512.25,540.375,-1.0490943,415.15625,0.0,440.0,79.82713,67.99996,191.57104,0.0,92.48,281.71875,1.4373779,1.5014648,62.86621,67.67731,2.6367188,92.98,92.98,90.85,90.74,0
650460.44,0.041794643,4.0037427,1.5453494,1.6023254,100.83338,14.285718,13.978862,25.788204,409.37454,246.0153,11.56,0.0,4.721,11.56,11.56,0.0,99.99999,2.0,0.0,317.25,193.125,4283.0,0.0,-4.0625,1.2459717,467.66312,19993.604,20000.502,1100.0834,525.63074,139.97034,122.88734,0.0,-0.9955255,3.0,95.15839,24.52038,-4.1249948,-4.874994,7.596,0.0,13.09375,0.94384766,0.0,0.0,0.0,0.0,0.0,1.71875,1.5429688,1.6601562,1.5820312,0.92378116,0.74181736,0.81071186,0.7883574,0.8104829,0.7896544,0.6588846,0.9409476,0.94346535,0.9855802,0.68520635,0.86480504,0.8844892,1.0405127,0.6424048,1.1136798,0.8564453,0.8496094,75.53406,0.0,278.58865,288.4433,0.0,110.99753,99.90234,0.0,278.85162,280.8997,512.25,540.375,-0.9955255,409.90625,0.0,439.78125,79.82713,67.99996,191.98608,0.0,92.93,283.15625,1.4770508,1.473999,62.457275,67.30499,2.6464844,93.3,93.68,91.19,91.56,0
650460.44,0.053435713,3.9639974,1.5390027,1.6022406,100.83364,14.285718,13.962937,25.73419,406.61908,245.61458,11.6,0.0,4.721,11.6,11.6,0.0,99.84962,2.0,0.0,316.5,193.125,4305.0,0.0,-3.90625,1.2510376,470.1175,19925.678,20000.502,1100.0834,527.2228,140.1187,122.293884,0.0,-0.9526704,3.0,95.077515,24.474358,-4.1249948,-4.874994,7.596,0.0,12.9921875,0.9481201,0.0,0.0,0.0,0.0,0.0,1.7382812,1.5234375,1.640625,1.6015625,0.9328603,0.7402915,0.8000305,0.7991913,0.82337683,0.787747,0.6589609,0.96482795,0.81002516,0.71190965,0.7204547,0.96826124,0.7594415,0.7515831,0.6754406,1.2469673,0.85253906,0.8486328,75.53406,0.0,278.2166,289.306,0.0,110.99777,99.90234,0.0,278.5283,280.8997,512.625,540.0,-0.9526704,409.15625,0.0,439.78125,79.82713,67.99996,191.89453,0.0,93.73,284.4375,1.5380859,1.5197754,62.121582,67.118835,2.6367188,93.89,93.87,91.94,91.9,0
650460.5,0.04274857,3.9480991,1.533482,1.6021982,100.83388,14.285718,13.96351,25.64129,406.68552,246.33946,11.639,0.0,4.721,11.639,11.639,0.0,99.72932,2.0,0.0,317.625,193.125,4317.0,0.0,-3.7265625,1.2545776,471.42758,20101.33,20000.502,1100.0834,527.2228,138.38072,122.35747,0.0,-0.91838634,3.0,94.23981,24.432936,-4.1249948,-4.874994,7.548,0.0,12.9921875,0.95092773,0.0,0.0,0.0,0.0,0.0,1.7578125,1.5234375,1.6601562,1.6015625,0.939498,0.7392996,0.81223774,0.7927825,0.83688104,0.78683144,0.6771191,0.9597925,1.2274357,0.8307012,0.8226902,0.6725414,1.1506828,0.8770123,0.77126724,0.8660258,0.8535156,0.8486328,75.64697,0.0,277.5765,289.59027,0.0,110.998,99.90234,0.0,277.88977,280.8997,513.0,539.625,-0.91838634,404.8125,0.0,439.875,79.82713,67.99996,191.74194,0.0,94.03,285.28125,1.638794,2.4719238,61.901855,67.951965,2.6293945,94.52,94.61,92.14,92.63,0
650460.56,0.034198858,3.94174,1.523471,1.6019864,100.83409,14.285718,13.9697695,25.520645,406.875,249.08035,11.68,0.0,4.721,11.68,11.68,0.0,99.63308,2.0,0.0,316.5,193.125,4363.0,0.0,-3.5625,1.263977,475.5237,20125.742,20000.502,1100.0834,527.2228,137.38457,121.8276,0.0,-0.8909591,3.0,93.463135,24.395657,-4.1249948,-4.874994,7.576,0.0,12.9921875,0.9624634,0.0,0.0,0.0,0.0,0.0,1.7578125,1.5234375,1.640625,1.6210938,0.9451438,0.7345693,0.80880445,0.8064393,0.8453498,0.7815671,0.6844434,0.9865721,0.9404898,0.6465248,0.7362478,0.83077747,0.8817426,0.68261236,0.7312123,1.0698863,0.8535156,0.8466797,75.64697,0.0,276.74512,290.4784,0.0,110.9982,99.90234,0.0,276.97772,280.8997,513.0,539.625,-0.8909591,407.09375,0.0,439.6875,79.82713,67.99996,191.88843,0.0,94.72,288.75,1.7791748,4.23584,61.05957,69.062805,2.6245117,94.99,94.92,93.08,92.94,0
650460.56,0.027359087,3.9016962,1.524164,1.6018591,100.83428,14.285718,13.962432,25.565416,403.882,248.72148,11.722,0.0,4.721,11.722,11.722,0.0,99.55609,2.0,0.0,316.125,193.5,4389.0,0.0,-3.5,1.2702026,478.40924,20091.78,20000.502,1100.0834,529.34546,137.29979,121.467285,0.0,-0.8690173,3.0,93.26935,24.362106,-3.7499952,-4.4999943,7.5,0.0,13.0390625,0.96850586,0.0,0.0,0.0,0.0,0.0,1.71875,1.5234375,1.640625,1.6210938,0.9377432,0.7335775,0.80758375,0.8072786,0.8423743,0.7801938,0.6893263,0.99046314,0.8034638,0.76394296,0.76859695,0.8252842,0.7532616,0.80659187,0.76325625,1.0627909,0.85546875,0.84472656,75.64697,0.0,277.05392,290.63507,0.0,110.99838,99.90234,0.0,277.29282,280.8997,513.375,539.625,-0.8690173,410.84375,0.0,440.0,79.82713,67.99996,192.55371,0.0,95.28,290.5625,1.8859863,2.8045654,60.595703,67.32941,2.6220703,95.73,95.84,93.3,93.68,0
650460.6,0.0018872712,3.8669286,1.5188069,1.6017742,100.83446,14.285718,13.963156,25.47343,402.6337,248.85667,11.76,0.0,4.721,11.76,11.76,0.0,99.4945,2.0,0.0,315.375,193.5,4405.0,0.0,-3.5546875,1.2746582,480.08417,20164.48,20000.502,1100.0834,529.34546,136.70633,121.806404,0.0,-0.69521385,3.0,92.98401,24.331911,-3.7499952,-4.4999943,7.524,0.0,13.15625,0.97320557,0.0,0.0,0.0,0.0,0.0,1.71875,1.5039062,1.6210938,1.640625,0.9406424,0.7421988,0.8052186,0.8237583,0.850309,0.7904173,0.69817656,1.0180819,0.83886474,0.90554667,0.7987335,0.8884565,0.8330663,0.95605403,0.79324025,1.1441214,0.8535156,0.84472656,75.78735,0.0,276.42004,290.97406,0.0,110.99855,99.90234,0.0,276.74554,280.88312,513.75,539.625,-0.69521385,410.03125,0.0,439.875,79.82713,67.99996,192.49878,0.0,95.87,291.96875,2.0111084,3.5095215,60.2417,67.848206,2.6269531,96.22,96.11,94.08,93.97,0
650460.6,-0.038490184,3.8717713,1.514941,1.6016047,100.83461,14.285718,13.946084,25.50831,404.22592,251.71245,11.8,0.0,4.721,11.8,11.8,0.0,99.44523,2.0,0.0,314.625,193.5,4438.0,0.0,-3.671875,1.2833252,483.35114,20037.12,20000.502,1100.0834,530.4068,138.0628,121.86999,0.0,-0.5561711,3.0,93.4845,24.304735,-3.7499952,-4.4999943,7.512,0.0,14.34375,0.984375,0.0,0.0,0.0,0.0,0.0,1.71875,1.5234375,1.640625,1.6601562,0.9388876,0.74769205,0.81559473,0.82635236,0.85755706,0.7969787,0.7155718,1.0263218,1.0153353,0.8506905,1.047303,0.82307166,1.0083925,0.89814603,1.0400549,1.059968,0.8564453,0.84375,75.78735,0.0,276.6606,292.0386,0.0,110.99869,99.90234,0.0,276.8865,280.76703,513.75,539.625,-0.5561711,409.3125,0.0,439.875,79.82713,67.99996,193.2251,0.0,96.34,295.3125,2.1209717,2.7038574,59.42993,66.39557,2.6245117,96.78,96.68,94.4,94.73,0
650460.7,-0.070792146,3.8549585,1.5076874,1.6014775,100.83475,14.285718,13.945852,25.34948,402.82388,252.64807,11.838,0.0,4.721,11.838,11.838,0.0,99.40581,2.0,0.0,313.125,193.5,4470.0,0.0,-4.1171875,1.2922363,486.701,20184.115,20000.502,1100.0834,530.4068,135.39226,120.89503,0.0,-0.4449369,3.0,92.04407,24.280277,-3.7499952,-4.4999943,7.516,0.0,14.078125,0.9883423,0.0,0.0,0.0,0.0,0.0,1.875,1.6796875,1.953125,1.8164062,0.93369955,0.75890744,0.9031815,0.8437476,0.8592355,0.8046082,0.76539254,1.0373083,0.8975357,0.806363,1.2265202,0.8061341,0.89135575,0.8513771,1.2949569,0.9944305,0.85253906,0.84277344,75.86365,0.0,275.56595,292.22263,0.0,110.998825,99.90234,0.0,275.8583,280.43536,514.125,540.0,-0.4449369,407.875,0.0,440.0,79.82713,67.99996,193.30444,0.0,96.97,296.5,2.29187,5.1483154,59.051514,68.748474,2.619629,97.63,97.63,95.06,94.95,0
650460.75,-0.09663372,3.8482337,1.5002487,1.6013505,100.83487,14.285718,13.939831,25.251545,403.04663,254.37123,11.879,0.0,4.721,11.879,11.879,0.0,99.374275,2.0,0.0,313.875,193.5,4498.0,0.0,-4.0625,1.3004761,489.8104,20139.008,20000.502,1100.0834,530.4068,135.32867,121.234146,0.0,-0.35594952,3.0,91.87012,24.258265,-3.7499952,-4.4999943,7.448,0.0,14.03125,0.9911499,0.0,0.0,0.0,0.0,0.0,1.953125,1.6796875,1.9140625,1.8359375,0.98504615,0.75730526,0.8982223,0.8608377,0.88792247,0.803769,0.7727932,1.046006,1.0608835,0.9004349,0.86343175,1.013428,1.0535592,0.95063704,0.91157395,1.2500954,0.8515625,0.8408203,75.86365,0.0,274.89102,292.80807,0.0,110.99895,99.90234,0.0,275.21155,280.11197,514.5,540.0,-0.35594952,407.125,0.0,439.78125,79.82713,67.99996,193.13354,0.0,97.7,297.34375,2.481079,5.5236816,58.75244,69.0506,2.619629,98.01,98.01,95.62,95.77,0
650460.75,-0.13730697,3.8642936,1.4994993,1.601308,100.834984,14.285718,13.929756,25.183474,404.8872,255.58966,11.92,0.0,4.721,11.92,11.92,0.0,99.349045,2.0,0.0,311.625,193.5,4499.0,0.0,-4.015625,1.3032837,490.85516,20116.19,20000.502,1100.0834,532.5295,135.09554,121.128174,0.0,-0.2847596,3.0,91.7572,24.163265,-3.7499952,-4.4999943,7.512,0.0,13.8125,0.9914551,0.0,0.0,0.0,0.0,0.0,1.9335938,1.7578125,1.9140625,1.875,0.96383613,0.8004883,0.9021134,0.8747997,0.8839551,0.8224613,0.7922484,1.0537881,0.815671,0.9769589,0.8457313,0.8605325,0.81002516,1.0314336,0.8928817,1.0615702,0.85058594,0.8408203,75.86365,0.0,274.42194,292.4868,0.0,110.999054,99.90234,0.0,274.73062,279.80518,514.5,540.0,-0.2847596,406.71875,0.0,439.875,79.82713,67.99996,193.0664,0.0,98.23,297.4375,2.6641846,5.670166,58.691406,69.355774,2.614746,98.49,98.41,96.26,96.17,0
650460.8,-0.18984558,3.8894675,1.5037123,1.6011809,100.83508,14.285718,13.940282,25.141674,406.5389,258.68585,11.92,0.0,4.721,11.959,11.959,0.0,99.328865,2.0,0.0,312.0,193.5,4535.0,0.0,-3.5,1.3123169,494.27136,20041.365,20000.502,1100.0834,532.5295,136.70633,121.997154,0.0,-0.22780769,3.0,92.38129,24.077766,-3.7499952,-4.4999943,7.484,0.0,13.765625,0.9935303,0.0,0.0,0.0,0.0,0.0,2.0703125,1.7578125,1.9140625,1.8945312,1.051957,0.7991913,0.9001297,0.88685435,0.9282826,0.82307166,0.7994965,1.0622568,1.2970169,0.83527887,0.8860151,0.98367286,1.2880903,0.8818189,0.9354543,1.2134737,0.85058594,0.83984375,76.01013,0.0,274.1339,291.35498,0.0,110.999146,99.90234,0.0,274.4736,279.49838,514.875,539.625,-0.22780769,406.03125,0.0,439.59375,79.82713,67.99996,194.17114,0.0,98.57,298.0625,2.8167725,5.581665,58.42285,69.18182,2.619629,98.77,99.32,96.74,96.74,0
650460.8,-0.23187646,3.880787,1.5036006,1.6011384,100.835175,14.285718,13.930072,25.156157,405.17978,259.07175,11.92,0.08,4.721,12.0,12.0,0.0,99.31272,2.0,0.0,308.625,193.5,4557.0,0.0,-3.1015625,1.3209229,497.51343,19910.818,20000.502,1100.0834,533.5908,138.65625,122.42105,0.0,-0.18224615,3.0,93.167114,24.000816,-3.7499952,-4.4999943,7.58,0.0,13.6328125,0.99823,0.0,0.0,0.0,0.0,0.0,2.0898438,1.6210938,1.7382812,1.8554688,1.0567635,0.81101704,0.892195,0.8709087,0.936141,0.836347,0.8116274,1.055848,0.91485465,0.97405964,0.9157702,0.9587243,0.9085222,1.0283818,0.96681166,1.1826504,0.84765625,0.8388672,76.01013,0.0,274.23383,291.4886,0.0,110.99924,99.90234,0.0,274.63113,279.15842,514.875,539.25,-0.18224615,409.21875,0.0,439.375,79.82713,67.99996,194.84863,0.0,98.99,299.46875,2.9571533,3.8970947,58.00171,67.32025,2.619629,99.53,99.45,97.25,97.33,0
650460.9,-0.28550118,3.839815,1.5023844,1.6010537,100.83526,14.285718,13.940503,24.987354,402.25266,258.66757,11.92,0.118,4.721,12.038,12.038,0.0,99.299805,2.0,0.0,308.25,193.875,4583.0,0.0,-3.0234375,1.3294678,500.73062,19962.824,20000.502,1100.0834,533.5908,137.99922,122.293884,0.0,-0.14579692,3.0,92.69714,23.931562,-3.3749957,-4.1249948,7.544,0.0,13.7265625,1.0043335,0.0,0.0,0.0,0.0,0.0,1.8945312,1.6210938,1.7382812,1.6992188,1.0489814,0.80552375,0.90142673,0.87251085,0.9395743,0.8315404,0.8297856,1.0604258,1.0370032,0.8815137,0.8800641,0.83222705,1.0298314,0.93064773,0.9775692,1.0265507,0.8457031,0.83691406,76.094055,0.0,273.07037,290.35486,0.0,110.99931,99.90234,0.0,273.4454,278.777,515.625,539.25,-0.14579692,412.40625,0.0,439.28125,79.82713,67.99996,194.89746,0.0,99.6,301.3125,3.149414,5.6243896,57.489014,68.79425,2.6220703,100.01,99.89,98.06,97.76,0
650460.94,-0.26840094,3.842176,1.5005099,1.6010537,100.835335,14.285718,13.947805,24.948273,404.06558,260.40033,11.92,0.16,4.721,12.08,12.08,0.0,99.28947,2.0,0.0,307.125,193.875,4593.0,0.0,-2.9453125,1.3324585,501.8583,20008.463,20000.502,1100.0834,533.5908,137.91444,122.633,0.0,-0.11663754,3.0,92.655945,23.869234,-3.3749957,-4.1249948,7.58,0.0,13.6640625,1.0026855,0.0,0.0,0.0,0.0,0.0,1.9140625,1.6210938,1.7382812,1.71875,1.0598917,0.81017774,0.89791715,0.88570994,0.9575799,0.8391699,0.8427558,1.0811017,1.2291142,0.84107727,0.851606,0.93018997,1.2206454,0.88799876,0.94590676,1.1474785,0.84277344,0.83691406,76.094055,0.0,272.80106,290.40152,0.0,110.999374,99.90234,0.0,273.15518,278.4702,515.625,538.875,-0.11663754,412.15625,0.0,439.0,79.82713,67.99996,195.37354,0.0,100.13,300.8125,3.2958984,3.9550781,57.543945,67.362976,2.6123047,100.5,100.46,98.33,98.45,0
650460.94,-0.25472075,3.8431206,1.5031586,1.6010114,100.8354,14.285718,13.935339,24.976503,404.21265,261.28912,11.92,0.202,4.721,12.122,12.122,0.0,99.2812,2.0,0.0,305.625,193.875,4607.0,0.0,-2.8828125,1.3381958,504.01416,20070.021,20000.502,1100.0834,534.91754,136.8759,122.20911,0.0,-0.093310036,3.0,92.15546,23.813137,-3.3749957,-4.1249948,7.624,0.0,13.625,1.0050659,0.0,0.0,0.0,0.0,0.0,1.9335938,1.6210938,1.7382812,1.7382812,1.0762951,0.8064393,0.897612,0.8908217,0.98626685,0.8371862,0.850309,1.0891126,1.2809949,0.8427558,0.9087511,1.0045778,1.272221,0.8897536,1.0094606,1.2391852,0.8408203,0.83691406,76.094055,0.0,272.99573,290.09384,0.0,110.999435,99.90234,0.0,273.34595,278.18,516.0,538.875,-0.093310036,411.84375,0.0,438.875,79.82713,67.99996,195.81909,0.0,100.59,301.53125,3.4362793,4.309082,57.31201,67.66815,2.6123047,100.82,100.66,98.96,98.72,0
650461.0,-0.24377659,3.8247485,1.5059807,1.6008841,100.835464,14.285718,13.94419,24.914007,402.69522,262.17285,11.92,0.24,4.721,12.16,12.16,0.0,99.27458,2.0,0.0,306.75,193.875,4640.0,0.0,-2.9140625,1.3474121,507.48013,20116.19,20000.502,1100.0834,534.91754,136.55797,122.590614,0.0,-0.07464803,3.0,91.70685,23.762651,-3.3749957,-4.1249948,7.54,0.0,13.703125,1.0054932,0.0,0.0,0.0,0.0,0.0,1.9921875,1.6210938,1.7382812,1.7578125,1.0930037,0.8065156,0.8952468,0.9016556,1.0100709,0.8380255,0.86228734,1.1080339,1.3499657,0.80903333,0.84206915,1.3533989,1.4252689,0.8541238,0.935378,1.6694896,0.8378906,0.83496094,76.17798,0.0,272.565,289.12476,0.0,110.9995,99.90234,0.0,272.9645,277.8732,516.375,538.875,-0.07464803,411.34375,0.0,438.59375,79.82713,67.99996,196.83228,0.0,100.79,301.65625,3.567505,4.772949,57.141113,68.13507,2.619629,101.3,101.33,99.08,99.41,0
650461.06,-0.21502127,3.7798996,1.5025412,1.6008418,100.83552,14.285718,13.926949,24.741558,399.79245,261.79758,11.92,0.28,4.721,12.2,12.2,0.0,98.96854,2.0,0.0,302.625,193.875,4667.0,0.0,-2.859375,1.3564453,510.87973,20061.53,20000.502,1100.0834,536.7749,139.35568,124.85845,0.0,-0.059718426,3.0,93.0542,23.717213,-3.3749957,-4.1249948,7.632,0.0,13.8203125,1.0180054,0.0,0.0,0.0,0.0,0.0,1.9921875,1.6601562,1.7382812,1.7382812,1.0967422,0.8314641,0.89463645,0.89944303,1.0302892,0.8703746,0.8683146,1.1055162,0.96040285,0.99031055,0.9488823,0.8584726,1.013962,1.0454719,1.054017,1.0589762,0.8388672,0.828125,76.17798,0.0,271.37637,288.4932,0.0,110.99954,99.90234,0.0,271.77048,277.39227,516.375,538.875,-0.059718426,410.75,0.0,438.28125,79.82713,67.99996,196.89331,0.0,101.35,305.40625,3.7567139,5.9661865,56.219482,68.68744,2.6269531,102.05,101.96,99.93,99.68,0
650461.06,-0.19201702,3.7432098,1.502972,1.6007571,100.83556,14.285718,13.926599,24.735416,398.5592,262.2762,11.92,0.321,4.721,12.241,12.241,0.0,98.723694,2.0,0.0,303.75,194.25,4690.0,0.0,-2.890625,1.3601685,512.2976,20258.41,20000.502,1100.0834,536.7749,135.58301,123.73513,0.0,-0.047774743,3.0,91.08429,23.67632,-2.9999962,-3.7499952,7.58,0.0,13.8203125,1.0241699,0.0,0.0,0.0,0.0,0.0,1.9921875,1.6601562,1.71875,1.7773438,1.0941482,0.83543146,0.8885328,0.9185168,1.0340276,0.87563896,0.87441826,1.1335927,1.2658885,0.9863432,0.73090714,1.0518044,1.3364614,1.0413519,0.81185627,1.2974746,0.8339844,0.82910156,76.30463,0.0,271.3341,288.28146,0.0,110.99959,99.90234,0.0,271.73734,277.01086,516.75,538.875,-0.047774743,414.0625,0.0,438.1875,79.82713,67.99996,197.46704,0.0,102.14,307.25,3.9337158,4.803467,55.773926,67.292786,2.6245117,102.44,102.68,100.5,100.46,0
650461.1,-0.15361361,3.728534,1.5019476,1.6006722,100.83561,14.285718,13.938072,24.578615,398.5838,264.13797,11.92,0.36,4.721,12.28,12.28,0.0,98.52783,2.0,0.0,301.125,194.625,4723.0,0.0,-2.7578125,1.3649292,514.0886,20032.873,20000.502,1100.0834,536.7749,138.04161,123.947075,0.0,-0.038219795,3.0,92.11578,23.639515,-2.9999962,-3.3749957,7.66,0.0,13.859375,1.0339355,0.0,0.0,0.0,0.0,0.0,2.0117188,1.6796875,1.71875,1.796875,1.1030747,0.84794384,0.88212407,0.9285115,1.0569924,0.8918135,0.8784619,1.1481651,1.1364156,0.98275733,0.8325322,1.0939956,1.199817,1.0375372,0.92477304,1.3495842,0.8330078,0.8261719,76.30463,0.0,270.25333,287.7362,0.0,110.99963,99.90234,0.0,270.71744,276.62946,517.125,538.875,-0.038219795,417.09375,0.0,437.78125,79.82713,67.99996,197.82104,0.0,102.53,310.1875,4.1259766,5.307007,55.08423,67.3233,2.6123047,102.94,103.09,100.92,100.82,0
650461.1,-0.12289089,3.7414136,1.499839,1.6005874,100.83565,14.285718,13.934384,24.442263,400.34854,266.59943,11.92,0.403,4.721,12.323,12.323,0.0,98.37114,2.0,0.0,297.75,194.625,4746.0,0.0,-2.703125,1.367981,515.2329,20003.156,20000.502,1100.0834,538.3669,138.71983,124.286194,0.0,-0.030575836,3.0,92.29889,23.60639,-2.9999962,-3.3749957,7.732,0.0,13.84375,1.0455933,0.0,0.0,0.0,0.0,0.0,2.0507812,1.71875,1.6796875,1.8164062,1.1132219,0.8626688,0.87800413,0.938735,1.0802624,0.91035324,0.8815137,1.1627375,1.168536,1.1384757,0.8002594,1.0087739,1.2336919,1.2645915,0.9378195,1.2443732,0.82910156,0.8261719,76.30463,0.0,269.3135,286.7068,0.0,110.999664,99.90234,0.0,269.75558,276.1568,517.5,538.875,-0.030575836,420.3125,0.0,437.5,79.82713,67.99996,197.99805,0.0,103.27,313.6875,4.345703,6.2469482,54.309082,67.75055,2.6171875,103.61,103.55,101.46,101.39,0
650461.2,-0.07831271,3.7465653,1.5000266,1.6005452,100.835686,14.285718,13.937663,24.428535,400.46622,267.97015,11.92,0.44,4.721,12.36,12.36,0.0,98.24579,2.0,0.0,298.875,194.625,4769.0,0.0,-2.5546875,1.3704224,516.145,19774.436,20000.502,1100.0834,538.3669,140.20348,123.268845,0.0,-0.02446067,3.0,92.86041,23.576578,-2.9999962,-3.3749957,7.664,0.0,13.8125,1.0541382,0.0,0.0,0.0,0.0,0.0,2.0507812,1.7382812,1.6796875,1.8164062,1.1144427,0.87441826,0.8738842,0.9398032,1.0897993,0.93041885,0.8918898,1.1640345,1.1416037,0.8728923,0.74181736,1.1586175,1.268101,0.96963453,0.8693065,1.4292363,0.82421875,0.82714844,76.431274,0.0,269.21893,286.51935,0.0,110.999695,99.90234,0.0,269.68924,275.7837,517.5,538.5,-0.02446067,416.21875,0.0,437.28125,79.82713,67.99996,198.66943,0.0,103.83,316.25,4.559326,5.004883,54.18701,66.62445,2.6171875,104.29,104.25,101.81,102.05,0
650461.25,-0.042650167,3.729876,1.4992235,1.6004602,100.83572,14.285718,13.934098,24.286686,399.0282,268.96753,11.92,0.48,4.721,12.4,12.4,0.0,98.14551,2.0,0.0,297.75,194.625,4804.0,0.0,-2.5,1.3768921,518.59937,19842.893,20000.502,1100.0834,539.9589,140.01273,123.37482,0.0,-0.019568536,3.0,92.61627,23.549747,-2.9999962,-3.3749957,7.676,0.0,13.8828125,1.0567627,0.0,0.0,0.0,0.0,0.0,2.0507812,1.7578125,1.6796875,1.8359375,1.114519,0.8916609,0.87754637,0.9589532,1.1054398,0.95704585,0.90363926,1.1914245,1.2210269,1.1419852,1.0376898,1.1767758,1.3562982,1.2685587,1.2159915,1.4516671,0.8251953,0.828125,76.431274,0.0,268.2412,285.85635,0.0,110.999725,99.90234,0.0,268.7772,275.25302,517.875,538.5,-0.019568536,415.0625,0.0,437.0,79.82713,67.99996,199.3042,0.0,104.4,317.03125,4.760742,6.0058594,54.21753,67.900085,2.6123047,104.79,104.69,102.51,102.35,0
650461.25,0.005879864,3.7044506,1.4960954,1.6004179,100.83575,14.285718,13.931603,24.168343,397.5542,268.64334,11.92,0.52,4.721,12.44,12.44,0.0,98.06528,2.0,0.0,297.375,195.0,4816.0,0.0,-2.5546875,1.3795776,519.61096,19866.242,20000.502,1100.0834,539.9589,139.18613,122.52703,0.0,-0.01565483,3.0,92.21802,23.5256,-2.6249967,-2.9999962,7.64,0.0,13.703125,1.0667725,0.0,0.0,0.0,0.0,0.0,2.0507812,1.7773438,1.6796875,1.875,1.1135272,0.89799345,0.88044554,0.98382545,1.1110094,0.96711683,0.9233234,1.2265965,0.79011214,1.0397497,0.8059815,1.1486992,0.87762266,1.1549554,0.9942779,1.4169527,0.82128906,0.828125,76.52893,0.0,267.4255,285.1699,0.0,110.999756,99.90234,0.0,267.87338,274.88818,518.25,538.5,-0.01565483,418.125,0.0,436.78125,79.82713,67.99996,199.11499,0.0,105.03,320.03125,4.9987793,6.7596436,54.681396,69.392395,2.619629,105.17,105.44,102.62,103.08,0
650461.3,0.06470389,3.6755304,1.4940834,1.6003331,100.83577,14.285718,13.935716,24.031116,396.28433,268.89728,11.92,0.561,4.721,12.481,12.481,0.0,98.0011,2.0,0.0,297.75,195.0,4836.0,0.0,-2.515625,1.3833618,521.0289,19865.182,20000.502,1100.0834,539.9589,140.1399,123.01451,0.0,-0.012523864,3.0,92.52319,23.503868,-2.6249967,-2.9999962,7.624,0.0,13.53125,1.0718384,0.0,0.0,0.0,0.0,0.0,2.03125,1.796875,1.6992188,1.8945312,1.0963607,0.9139391,0.88548106,0.99038684,1.104448,0.9909209,0.9389639,1.235523,1.0824751,1.0406653,0.7084001,1.0729381,1.2024109,1.1559472,0.8738842,1.3235675,0.8232422,0.8095703,76.52893,0.0,266.47964,284.47748,0.0,110.99979,99.90234,0.0,267.011,274.55652,518.625,538.5,-0.012523864,417.375,0.0,436.59375,79.82713,67.99996,199.29199,0.0,105.34,321.5625,5.218506,7.9559326,54.89502,71.04645,2.6269531,105.59,105.87,103.43,103.32,0
650461.4,0.07176311,3.6639624,1.4898971,1.6003331,100.83579,14.285718,13.915157,23.993486,396.53168,269.4546,11.92,0.6,4.721,12.52,12.52,0.0,97.94975,2.0,0.0,293.25,195.0,4843.0,0.0,-2.5859375,1.3823853,520.6557,19990.42,20000.502,1100.0834,541.2856,140.20348,124.265,0.0,-0.010019092,3.0,92.55371,23.484308,-2.6249967,-2.9999962,7.76,0.0,13.3046875,1.0795898,0.0,0.0,0.0,0.0,0.0,1.9921875,1.796875,1.6992188,1.8945312,1.0768292,0.91340506,0.8916609,0.9932097,1.0939193,0.99160755,0.9652094,1.2384986,0.82314795,0.87800413,1.2301823,0.9807736,0.9143206,0.9752804,1.5175097,1.2098116,0.81933594,0.8095703,76.52893,0.0,266.22028,285.04236,0.0,110.9998,99.90234,0.0,266.68765,274.29947,518.625,538.5,-0.010019092,414.5625,0.0,436.59375,79.82713,67.99996,198.90747,0.0,105.82,323.875,5.4260254,7.4035645,55.303955,71.11664,2.6269531,105.95,105.87,103.8,104.03,0
650461.4,0.097410485,3.6593351,1.4891307,1.6002482,100.835815,14.285718,13.9183445,23.906466,396.58936,271.3301,11.92,0.64,4.721,12.56,12.56,0.0,97.908676,2.0,0.0,292.125,195.0,4876.0,0.0,-2.4609375,1.3859253,521.9824,20070.021,20000.502,1100.0834,541.2856,139.94914,124.773674,0.0,-0.008015274,3.0,92.28821,23.466705,-2.6249967,-2.9999962,7.784,0.0,12.9921875,1.0858154,0.0,0.0,0.0,0.0,0.0,1.9921875,1.8164062,1.6992188,1.9140625,1.0766003,0.9250782,0.8928054,1.001297,1.0988785,1.0096132,0.9801633,1.2496376,0.96597236,1.226215,0.9027237,1.2485695,1.0730144,1.3620965,1.1135272,1.5401694,0.81347656,0.8095703,76.61896,0.0,265.62048,284.50177,0.0,110.99982,99.90234,0.0,266.15698,273.99268,518.625,538.5,-0.008015274,413.8125,0.0,436.28125,79.82713,67.99996,199.56665,0.0,106.22,325.75,5.6762695,7.9437256,55.596924,72.23053,2.6464844,106.42,106.46,104.21,104.57,0
650461.44,0.09792839,3.6199841,1.4871138,1.6002059,100.83583,14.285718,13.897138,23.818916,393.56738,270.2566,11.92,0.68,4.721,12.6,12.6,0.0,97.72543,2.0,0.0,292.5,195.0,4894.0,0.0,-2.2890625,1.3927612,524.56116,19762.762,20000.502,1100.0834,542.3469,143.42508,124.90084,0.0,-0.0064122193,3.0,93.96362,23.450863,-2.6249967,-2.9999962,7.728,0.0,12.4296875,1.0856323,0.0,0.0,0.0,0.0,0.0,1.9921875,1.8359375,1.6992188,1.9335938,1.067216,0.93263143,0.89150834,1.0193789,1.0981156,1.0212864,0.984741,1.2744335,0.99717706,0.9937438,0.9320211,1.185626,1.1076524,1.1038376,1.1497673,1.4625009,0.8066406,0.8105469,76.61896,0.0,265.01703,284.21613,0.0,110.99983,99.90234,0.0,265.618,273.6527,519.0,538.5,-0.0064122193,412.5,0.0,436.09375,79.82713,67.99996,199.70703,0.0,106.72,325.6875,5.911255,8.026123,55.541992,72.54181,2.668457,107.02,107.1,104.82,104.62,0
650461.44,0.07834271,3.5667439,1.4871392,1.600121,100.835846,14.285718,13.90573,23.70849,390.35043,270.12885,11.92,0.722,4.721,12.642,12.642,0.0,97.57884,2.0,0.0,291.375,195.375,4932.0,0.0,-2.2734375,1.3986816,526.80817,19893.838,20000.502,1100.0834,542.3469,141.39038,123.904686,0.0,-0.0051297755,3.0,92.67731,23.436604,-2.6249967,-2.6249967,7.724,0.0,12.453125,1.0824585,0.0,0.0,0.0,0.0,0.0,2.0117188,1.8164062,1.71875,1.953125,1.0580605,0.9267567,0.8952468,1.0304418,1.0994889,1.0154879,1.0016022,1.2888533,0.8709087,1.2025635,0.9398032,1.155108,1.0205997,1.3357748,1.1593041,1.4248874,0.8046875,0.81152344,76.71051,0.0,264.2559,283.1719,0.0,110.99985,99.90234,0.0,264.75565,273.263,519.375,538.5,-0.0051297755,419.375,0.0,435.6875,79.82713,67.99996,200.21973,0.0,107.2,324.75,6.1828613,10.070801,55.334473,74.6994,2.6904297,107.61,107.66,104.94,105.49,0
650461.5,0.06267417,3.5266976,1.4818729,1.6000364,100.83586,14.285718,13.900026,23.542652,389.13406,270.0515,11.92,0.761,4.721,12.681,12.681,0.0,97.46156,2.0,0.0,291.0,195.75,4946.0,0.0,-2.1328125,1.4030151,528.4251,19996.787,20000.502,1100.0834,542.3469,140.58498,124.09544,0.0,-0.16035381,3.0,92.28821,23.42377,-2.2499971,-2.2499971,7.716,0.0,12.6015625,1.0964355,0.0,0.0,0.0,0.0,0.0,1.9921875,1.875,1.71875,1.953125,1.0501258,0.95841914,0.90135044,1.0228122,1.0973525,1.0582894,1.0239567,1.2785535,0.90226597,1.4000915,0.78675514,1.1841002,1.0573739,1.5551995,1.0131991,1.4605936,0.8017578,0.7998047,76.71051,0.0,263.1128,283.02145,0.0,110.99986,99.90234,0.0,263.50363,272.84012,519.75,538.125,-0.16035381,422.71875,0.0,435.5,79.82713,67.99996,200.07324,0.0,107.67,328.9375,6.454468,11.608887,56.103516,77.31476,2.7270508,108.11,108.32,105.79,105.72,0
650461.56,0.050139338,3.5106792,1.4836216,1.599994,100.83588,14.285718,13.896034,23.523386,389.335,271.22888,11.92,0.803,4.721,12.723,12.723,0.0,97.36775,2.0,0.0,288.375,195.75,4965.0,0.0,-2.1328125,1.4053345,529.304,19814.236,20000.502,1100.0834,544.2043,143.59464,125.17638,0.0,-0.44078302,3.0,93.585205,23.337034,-2.2499971,-2.2499971,7.78,0.0,13.21875,1.104065,0.0,0.0,0.0,0.0,0.0,1.9726562,1.8945312,1.71875,1.953125,1.0377661,0.9752041,0.90096897,1.0272373,1.0960555,1.0808728,1.0303655,1.2837415,0.9028,1.0755322,0.94590676,0.97947663,1.0579842,1.1946288,1.2181277,1.2082094,0.7998047,0.7998047,76.71051,0.0,262.98,282.4996,0.0,110.99988,99.90234,0.0,263.5285,272.48358,520.125,538.125,-0.44078302,421.1875,0.0,435.28125,79.82713,67.99996,200.66528,0.0,108.45,331.21875,6.726074,10.986328,56.53076,77.42767,2.7783203,108.43,108.39,106.23,106.42,0
650461.56,0.04011147,3.5230217,1.4880968,1.5999515,100.83589,14.285718,13.88738,23.490314,391.08954,273.54868,11.92,0.84,4.721,12.76,12.76,0.0,97.292694,2.0,0.0,286.875,195.75,4985.0,0.0,-2.1796875,1.407898,530.2742,20002.096,20000.502,1100.0834,544.2043,142.72565,126.02417,0.0,-0.5088764,3.0,93.167114,23.25897,-2.2499971,-2.2499971,7.8,0.0,13.2734375,1.1157227,0.0,0.0,0.0,0.0,0.0,1.9726562,1.8945312,1.71875,1.9726562,1.039826,0.97711146,0.9052415,1.0381476,1.104982,1.0834669,1.0497444,1.2979324,0.85687035,1.1635767,0.9575799,1.1271839,1.0041963,1.2924391,1.2331579,1.3904784,0.79296875,0.7998047,76.82953,0.0,262.75208,281.3474,0.0,110.99989,99.90234,0.0,263.31287,272.1685,520.125,538.125,-0.5088764,420.875,0.0,435.1875,79.82713,67.99996,201.44653,0.0,108.79,334.71875,6.9366455,11.172485,57.183838,78.50189,2.824707,109.09,109.09,106.66,106.86,0
650461.6,0.032089178,3.5279589,1.4902337,1.5998666,100.8359,14.285718,13.875463,23.554272,391.268,274.77148,11.92,0.88,4.721,12.8,12.8,0.0,97.23265,2.0,0.0,287.25,195.75,5005.0,0.0,-2.1640625,1.4125977,532.0486,19921.963,20000.502,1100.0834,545.53094,142.70445,125.17638,0.0,-0.7196011,3.0,93.01453,23.188713,-2.2499971,-2.2499971,7.776,0.0,13.1640625,1.1186523,0.0,0.0,0.0,0.0,0.0,1.9335938,1.9335938,1.7382812,2.1289062,1.0174716,0.97940034,0.91660947,1.041123,1.0946059,1.0981919,1.0844587,1.301442,0.773785,0.8729686,1.0303655,1.2938125,0.9964141,1.1758603,1.4460975,1.8157473,0.78808594,0.8017578,76.82953,0.0,263.19293,281.5406,0.0,110.99991,99.90234,0.0,263.74405,271.82852,520.5,538.125,-0.7196011,422.09375,0.0,435.0,79.82713,67.99996,202.2522,0.0,109.23,335.59375,7.131958,9.921265,57.348633,77.65961,2.8393555,109.59,109.43,107.22,107.14,0
650461.7,0.025671342,3.4924338,1.4889585,1.5998667,100.83591,14.285718,13.890558,23.548023,388.12387,273.16254,11.92,0.921,4.721,12.841,12.841,0.0,97.184616,2.0,0.0,286.875,195.75,5016.0,0.0,-2.1875,1.4144897,532.76166,19808.398,20000.502,1100.0834,545.53094,143.97615,124.62531,0.0,-0.88818085,3.0,93.6264,23.12548,-2.2499971,-2.2499971,7.748,0.0,12.890625,1.1251831,0.0,0.0,0.0,0.0,0.0,1.8945312,1.9335938,1.7382812,2.1289062,0.99748224,0.9810025,0.91332877,1.0386816,1.0901809,1.1228352,1.0901046,1.3164722,0.7492943,0.9673457,0.86022735,0.7910277,0.96490425,1.3029679,1.2072939,1.1102464,0.7841797,0.8027344,76.92108,0.0,263.14987,281.7486,0.0,110.99992,99.90234,0.0,263.74405,271.3559,520.5,538.125,-0.88818085,422.1875,0.0,433.375,79.82713,67.99996,202.62451,0.0,109.65,337.5625,7.30896,10.360718,57.714844,78.66669,2.8564453,109.72,109.85,107.37,107.9,0
650461.7,0.020537075,3.4594736,1.4854058,1.5998667,100.835915,14.285718,13.895266,23.521416,386.78253,273.62952,11.92,0.96,4.721,12.88,12.88,0.0,97.146194,2.0,0.0,286.875,196.125,5042.0,0.0,-2.1953125,1.4191895,533.90594,20143.785,20000.502,1100.0834,545.53094,140.24586,124.22261,0.0,-1.1792947,3.0,91.67633,23.068573,-1.8749976,-1.8749976,7.732,0.0,12.578125,1.1234131,0.0,0.0,0.0,0.0,0.0,1.875,1.9335938,1.7382812,2.109375,0.984741,0.9822232,0.9118791,1.0305943,1.0836195,1.1348134,1.107271,1.3190662,0.92156863,0.9931334,0.9388113,0.89921415,1.1867704,1.3377584,1.3176166,1.2619975,0.78222656,0.7998047,76.92108,0.0,262.96646,282.1584,0.0,110.99992,99.90234,0.0,263.5285,271.02423,520.5,538.125,-1.1792947,424.1875,0.0,433.59375,79.82713,67.99996,202.85645,0.0,109.92,337.03125,7.461548,10.8428955,57.611084,79.216,2.8930664,110.23,110.43,108.26,108.07,0
650461.75,0.01642966,3.4275393,1.484358,1.5999514,100.83592,14.285718,13.892701,23.551556,385.217,274.4678,11.92,1.0,4.721,12.92,12.92,0.0,97.11545,2.0,0.0,288.375,196.125,5078.0,0.0,-2.203125,1.4194946,534.02203,19945.312,20000.502,1100.0834,547.6537,141.51755,123.67155,0.0,-1.4121858,3.0,92.20734,23.017355,-1.8749976,-1.8749976,7.64,0.0,12.703125,1.1530151,0.0,0.0,0.0,0.0,0.0,2.0117188,2.109375,1.9335938,2.3242188,0.9597162,0.9745937,0.9287404,1.0335698,1.086366,1.1497673,1.1311513,1.3272297,0.807126,0.91805905,1.0187685,1.0632486,1.0393683,1.2365911,1.3723202,1.492256,0.7832031,0.7998047,76.92108,0.0,263.17422,282.6799,0.0,110.99992,99.90234,0.0,263.74405,269.97946,520.875,538.125,-1.4121858,415.40625,0.0,429.6875,79.82713,67.99996,203.66211,0.0,110.39,345.90625,7.5897217,9.088135,59.014893,79.03595,2.8955078,110.86,110.65,108.51,108.73,0
650461.8,0.0131437285,3.377266,1.4928987,1.5999515,100.83593,14.285718,13.896766,23.703709,382.25092,273.0517,11.92,1.04,4.721,12.96,12.96,0.0,97.09085,2.0,0.0,287.625,196.125,5091.0,0.0,-2.25,1.4193726,533.9723,20060.469,20000.502,1100.0834,547.6537,139.37688,122.6542,0.0,-1.7547486,3.0,91.104126,22.971258,-1.8749976,-1.8749976,7.668,0.0,13.3203125,1.1519775,0.0,0.0,0.0,0.0,0.0,2.03125,2.1679688,1.9335938,2.3632812,0.9629206,1.0032806,0.9320211,1.0537118,1.0986496,1.1814297,1.1390097,1.3511101,0.79674983,1.2227055,1.0952926,1.1687648,0.9828336,1.6469826,1.4753186,1.6403449,0.7861328,0.7998047,77.067566,0.0,264.22302,282.1741,0.0,110.99992,99.90234,0.0,264.7225,269.66437,521.25,538.125,-1.7547486,414.4375,0.0,429.5,79.82713,67.99996,204.54102,0.0,111.07,345.59375,7.6934814,0.58898926,59.04541,70.677185,2.902832,111.21,111.21,109.14,109.46,0
650461.8,0.010514983,3.3759065,1.4826891,1.5999515,100.83594,14.285718,13.8996105,23.535637,384.0907,274.68924,11.92,1.081,4.721,13.001,13.001,0.0,96.92081,2.0,0.0,287.25,196.125,5097.0,0.0,-2.578125,1.4208984,534.561,19996.787,20000.502,1100.0834,548.44965,140.73334,123.37482,0.0,-1.8725489,3.0,91.7572,22.929771,-1.4999981,-1.8749976,7.652,0.0,13.0625,1.1480103,0.0,0.0,0.0,0.0,0.0,2.0117188,2.1875,2.0898438,2.5195312,0.9575799,1.0138094,1.0007629,1.1302358,1.104982,1.1958495,1.188983,1.407187,0.87762266,1.2300297,1.3389028,1.1586938,1.0825514,1.6568246,1.8034638,1.5607691,0.78808594,0.7998047,77.067566,0.0,263.0645,282.89627,0.0,110.99992,99.90234,0.0,263.58652,269.35757,521.25,538.5,-1.8725489,413.59375,0.0,428.5,79.82713,67.99996,203.68042,0.0,111.2,344.40625,7.8155518,7.748413,58.99048,77.915955,2.9003906,111.68,111.95,109.76,109.51,0
650461.9,-0.03158801,3.4128628,1.4773933,1.6000364,100.835945,14.285718,13.913321,23.52207,387.531,278.7265,11.92,1.12,4.721,13.04,13.04,0.0,96.78476,2.0,0.0,286.875,196.5,5126.0,0.0,-2.421875,1.4224243,534.5112,20070.021,20000.502,1100.0834,548.44965,140.03392,123.35362,0.0,-2.123039,3.0,91.33911,22.892433,-1.4999981,-1.4999981,7.648,0.0,12.6953125,1.1621704,0.0,0.0,0.0,0.0,0.0,2.0117188,2.34375,2.0507812,2.4023438,0.935378,1.080415,0.98184174,1.093843,1.0977341,1.250248,1.1937896,1.3977264,0.7858396,1.3577478,0.9562066,0.99938965,0.96932936,1.82887,1.288014,1.3461509,0.7910156,0.7998047,77.13013,0.0,262.971,283.43417,0.0,110.99992,99.90234,0.0,263.58652,268.76056,521.625,538.5,-2.123039,412.71875,0.0,427.0,79.82713,67.99996,204.04053,0.0,111.93,348.65625,7.901001,6.80542,58.75244,76.838684,2.890625,111.98,111.95,110.06,110.35,0
650461.9,-0.045270406,3.408895,1.4745488,1.6000788,100.83595,14.285718,13.9112,23.510363,386.11993,279.12024,11.92,1.161,4.721,13.081,13.081,0.0,96.675934,2.0,0.0,288.75,196.5,5152.0,0.0,-2.2890625,1.4231567,534.79315,20048.264,20000.502,1100.0834,548.44965,139.3133,122.71778,0.0,-2.3234313,3.0,90.919495,22.85883,-1.4999981,-1.4999981,7.552,0.0,12.3046875,1.1602783,0.0,0.0,0.0,0.0,0.0,1.8164062,2.0898438,1.875,2.1875,0.92133975,1.0563058,0.98397803,1.0886549,1.1000229,1.2462044,1.2037842,1.3945984,1.0242618,0.9420157,0.83329517,1.1498436,1.263447,1.2131685,1.1224537,1.548867,0.7861328,0.7998047,77.13013,0.0,262.89032,284.21887,0.0,110.99992,99.90234,0.0,263.47043,268.18845,521.625,538.5,-2.3234313,411.40625,0.0,425.59375,79.82713,67.99996,204.03442,0.0,112.4,348.09375,8.023071,6.665039,58.80127,76.8631,2.8979492,112.61,112.65,110.69,110.65,0
650461.94,-0.056216326,3.3885581,1.478304,1.6001637,100.83596,14.285718,13.903855,23.617552,384.472,279.60126,11.92,1.201,4.721,13.121,13.121,0.0,96.58887,2.0,0.0,287.625,196.875,5183.0,0.0,-2.171875,1.4223633,534.4946,20170.318,20000.502,1100.0834,550.8377,135.83736,120.492325,0.0,-2.4837449,3.0,89.245605,22.828587,-1.1249986,-1.1249986,7.544,0.0,12.1875,1.1642456,0.0,0.0,0.0,0.0,0.0,1.8164062,2.0898438,1.8554688,2.2265625,0.92912185,1.0527962,0.9687953,1.1136798,1.1149768,1.2475014,1.1953918,1.4415199,0.99145496,1.4091706,0.74494547,1.6125734,1.223087,1.8146791,1.0033569,2.1721218,0.78808594,0.7998047,77.13013,0.0,263.62918,284.45187,0.0,110.99992,99.90234,0.0,264.0757,267.35098,522.0,538.125,-2.4837449,412.75,0.0,422.59375,79.82713,67.99996,204.79736,0.0,112.77,349.28125,8.148193,1.0559082,58.691406,71.269226,2.8930664,113.27,113.04,111.13,110.92,0
650462.0,-0.08497306,3.3429234,1.4667553,1.6002059,100.83597,14.285718,13.910433,23.351141,381.22992,278.42035,11.92,1.238,4.721,13.158,13.158,0.0,96.51921,2.0,0.0,287.25,196.875,5205.0,0.0,-2.109375,1.421936,534.3371,20304.047,20000.502,1100.0834,550.8377,134.56566,121.530876,0.0,-2.611996,3.0,88.55133,22.801367,-1.1249986,-1.1249986,7.532,0.0,12.21875,1.1846924,0.0,0.0,0.0,0.0,0.0,1.8359375,2.1289062,1.8164062,2.2460938,0.935378,1.0759137,0.9457542,1.1194781,1.125658,1.2932785,1.1751735,1.4585336,1.5210956,0.8963912,0.727245,0.9531548,1.7825589,1.154345,0.9796292,1.2838941,0.7890625,0.7998047,77.3056,0.0,261.79285,284.49045,0.0,110.99992,99.90234,0.0,262.34277,266.82858,522.375,538.125,-2.611996,404.40625,0.0,421.375,79.82713,67.99996,203.96729,0.0,113.42,355.40625,8.282471,4.6905518,58.099365,74.446106,2.8857422,113.45,113.45,111.21,111.72,0
650462.0,-0.08797845,3.3434196,1.4629656,1.6002059,100.83597,14.285718,13.903318,23.294764,383.10962,280.6532,11.92,1.28,4.721,13.2,13.2,0.0,96.463486,2.0,0.0,291.0,196.875,5221.0,0.0,-2.1484375,1.423584,534.9424,20327.396,20000.502,1100.0834,552.69507,132.29782,121.74282,0.0,-2.8708467,3.0,87.3764,22.776869,-0.74999905,-1.1249986,7.4,0.0,12.2109375,1.1705933,0.0,0.0,0.0,0.0,0.0,1.8945312,2.109375,1.8164062,2.2460938,0.96948195,1.0678264,0.94476235,1.1247425,1.1696804,1.2921339,1.1790646,1.4693675,1.7228199,1.0891126,1.0409704,1.0881208,2.0189211,1.402533,1.3405051,1.4656291,0.7910156,0.7998047,77.3056,0.0,261.40424,284.8889,0.0,110.99992,99.90234,0.0,261.4887,266.36426,522.375,538.125,-2.8708467,402.46875,0.0,420.0,79.82713,67.99996,203.74146,0.0,113.76,351.1875,8.428955,5.316162,58.5083,75.63934,2.8759766,114.14,114.41,112.04,111.72,0
650462.06,-0.110382766,3.362368,1.4592348,1.6002908,100.83597,14.285718,13.904198,23.212326,385.07632,283.49875,11.92,1.321,4.721,13.241,13.241,0.0,96.418915,2.0,0.0,291.75,197.25,5247.0,0.0,-2.140625,1.4250488,534.89264,19860.406,20000.502,1100.0834,552.69507,135.92213,121.06459,0.0,-2.9216774,3.0,89.12201,22.754822,-0.74999905,-0.74999905,7.348,0.0,12.3515625,1.1795654,0.0,0.0,0.0,0.0,0.0,1.953125,2.109375,1.8164062,2.265625,1.0060273,1.0679027,0.94163424,1.1330587,1.2166018,1.3023576,1.1769284,1.487602,1.09926,1.2446784,0.95605403,1.3592737,1.2882429,1.6028076,1.2311742,1.83093,0.7939453,0.7998047,77.42462,0.0,260.836,284.94006,0.0,110.99992,99.90234,0.0,260.95804,265.70093,522.75,538.125,-2.9216774,403.46875,0.0,418.1875,79.82713,67.99996,203.74146,0.0,114.45,353.875,8.602905,5.1208496,58.24585,75.36774,2.8710938,114.77,114.68,112.47,112.52,0
650462.1,-0.1483062,3.3699474,1.4494749,1.6003331,100.83597,14.285718,13.904813,23.054802,385.11008,284.4422,11.92,1.359,4.721,13.279,13.279,0.0,96.383255,2.0,0.0,286.125,197.25,5264.0,0.0,-2.46875,1.4257812,535.1497,19911.35,20000.502,1100.0834,552.69507,134.94717,119.89887,0.0,-2.962342,3.0,88.58185,22.73498,-0.74999905,-0.74999905,7.5,0.0,12.3515625,1.1758423,0.0,0.0,0.0,0.0,0.0,1.9140625,2.109375,1.8359375,2.2851562,0.9879454,1.0627909,0.9420157,1.1432059,1.1917297,1.2994583,1.1810483,1.5075151,0.82589453,1.1132983,0.9372854,1.3588159,0.9678798,1.4336615,1.2069886,1.8303959,0.796875,0.7998047,77.42462,0.0,259.7502,285.71323,0.0,110.99992,99.90234,0.0,259.9962,265.3112,522.75,538.5,-2.962342,401.96875,0.0,417.5,79.82713,67.99996,203.16162,0.0,114.94,352.75,8.7890625,5.3009033,58.355713,75.84381,2.8710938,115.0,114.95,112.68,113.09,0
650462.1,-0.17864497,3.354229,1.4422826,1.6003755,100.83597,14.285718,13.8993845,23.008032,383.60342,284.4597,11.92,1.402,4.721,13.322,13.322,0.0,96.05397,2.0,0.0,286.875,197.25,5285.0,0.0,-2.6953125,1.4252319,534.9507,20019.076,20000.502,1100.0834,554.28705,133.48473,119.45378,0.0,-3.1511238,3.0,87.794495,22.717121,-0.37499952,-0.74999905,7.452,0.0,11.796875,1.1671753,0.0,0.0,0.0,0.0,0.0,1.9140625,2.1289062,1.8554688,2.265625,0.98687726,1.0772107,0.94598305,1.1351186,1.1887541,1.3282216,1.1911955,1.493553,1.1082628,1.2642863,1.1223011,1.1175708,1.2987716,1.6280613,1.4452583,1.4391546,0.7939453,0.7998047,77.42462,0.0,259.42783,286.72043,0.0,110.99992,99.90234,0.0,259.5153,264.75565,523.125,538.875,-3.1511238,398.875,0.0,415.875,79.82713,67.99996,202.98462,0.0,115.11,350.15625,8.969116,5.1208496,58.605957,76.10016,2.8735352,115.65,115.55,113.45,113.09,0
650462.2,-0.20291598,3.3291917,1.4347192,1.577782,100.83597,14.285718,13.907304,22.867409,382.1746,284.74072,11.92,1.439,4.721,13.359,13.359,0.0,95.79054,2.0,0.0,290.25,197.625,5310.0,0.0,-2.84375,1.4244385,534.6439,20163.42,20000.502,1100.0834,554.28705,130.19954,117.864174,0.0,-3.302149,3.0,86.21216,22.701048,-0.37499952,-0.37499952,7.332,0.0,11.46875,1.1691284,0.0,0.0,0.0,0.0,0.0,1.9335938,2.1484375,1.8359375,2.265625,0.9943542,1.0826277,0.9329366,1.1360341,1.1959258,1.3428702,1.177081,1.4933242,0.9362173,1.0340276,0.848249,1.1626612,1.0971999,1.3315785,1.0923171,1.4972916,0.7939453,0.7998047,77.52991,0.0,258.45853,283.17728,0.0,110.99992,99.90234,0.0,259.02606,264.04257,523.5,538.875,-3.302149,402.21875,0.0,413.59375,79.82713,67.99996,202.81372,0.0,115.59,350.75,9.115601,4.7576904,58.551025,75.816345,2.866211,116.25,115.97,113.67,113.9,0
650462.2,-0.2023328,3.300427,1.4300575,1.5912193,100.83597,14.285718,13.901128,22.824486,380.76428,284.33105,11.92,1.48,4.721,13.4,13.4,0.0,95.5798,2.0,0.0,289.5,197.625,5322.0,0.0,-2.96875,1.4255981,535.1,20143.785,20000.502,1100.0834,555.8791,129.66966,118.24568,0.0,-3.4229693,3.0,85.87494,22.686583,-0.37499952,-0.37499952,7.34,0.0,11.1484375,1.1655884,0.0,0.0,0.0,0.0,0.0,1.9140625,2.1679688,1.8164062,2.265625,0.9880217,1.0928512,0.9223316,1.1338979,1.1826504,1.36347,1.1646448,1.4879072,0.92591745,1.0891126,0.8393988,1.1966888,1.0285344,1.402533,1.035401,1.5410849,0.79296875,0.7998047,77.52991,0.0,258.16266,286.19592,0.0,110.99992,99.90234,0.0,258.32126,263.686,523.5,538.875,-3.4229693,394.34375,0.0,412.78125,79.82713,67.99996,202.6001,0.0,116.29,349.6875,9.262085,5.0109863,58.64868,76.32599,2.8686523,116.45,116.35,114.17,114.41,0
650462.25,-0.18186623,3.3076708,1.4198284,1.5862598,100.83597,14.285718,13.908524,22.699074,382.51437,286.9797,11.92,1.519,4.721,13.439,13.439,0.0,95.41121,2.0,0.0,290.25,197.625,5347.0,0.0,-3.0625,1.4254761,535.0502,20223.916,20000.502,1100.0834,555.8791,127.33824,117.65223,0.0,-3.5196254,3.0,84.680176,22.673563,-0.37499952,-0.37499952,7.292,0.0,11.0703125,1.1556396,0.0,0.0,0.0,0.0,0.0,1.9335938,2.1289062,1.796875,2.2851562,0.996643,1.0788128,0.91691464,1.1416037,1.1855497,1.3508812,1.1553369,1.4968338,1.1674677,0.71625847,0.8550393,1.253376,1.296788,0.92240787,1.0547799,1.6140994,0.796875,0.7998047,77.65503,0.0,257.29822,285.9343,0.0,110.99992,99.90234,0.0,257.46722,263.28802,523.875,539.25,-3.5196254,393.53125,0.0,411.59375,79.82713,67.99996,203.06396,0.0,116.47,346.6875,9.414673,1.28479,58.935547,73.039246,2.8613281,116.82,116.82,114.86,114.54,0
650462.3,-0.16549298,3.3105683,1.4215748,1.5620977,100.83597,14.285718,13.913701,22.763355,382.79733,288.42734,11.92,1.56,4.721,13.48,13.48,0.0,95.27634,2.0,0.0,292.875,198.0,5370.0,0.0,-3.1875,1.4280396,535.39014,20109.291,20000.502,1100.0834,555.8791,124.60412,115.85067,0.0,-3.5969503,3.0,83.36182,22.661846,0.0,0.0,7.168,0.0,11.046875,1.1536255,0.0,0.0,0.0,0.0,0.0,1.9335938,2.1289062,1.796875,2.2851562,0.9977111,1.0774395,0.91584647,1.1461052,1.1799039,1.3510338,1.1521324,1.5011063,0.9160754,1.1255054,0.9625391,1.2508583,1.0176241,1.4493783,1.1873808,1.6108186,0.796875,0.7998047,77.65503,0.0,257.7413,282.367,0.0,110.99992,99.90234,0.0,258.22174,262.55005,523.875,539.25,-3.5969503,391.75,0.0,409.78125,79.82713,67.99996,202.80151,0.0,117.03,346.09375,9.591675,1.2969971,58.996582,73.29559,2.8588867,117.26,117.26,115.19,115.37,0
650462.3,-0.13239439,3.2929773,1.4160389,1.5557392,100.83597,14.285718,13.905606,22.597187,381.24014,288.43088,11.92,1.601,4.721,13.521,13.521,0.0,95.168434,2.0,0.0,289.875,198.0,5392.0,0.0,-3.234375,1.4280396,535.3819,20238.775,20000.502,1100.0834,557.73645,123.37482,116.21098,0.0,-3.6588104,3.0,82.6889,22.6513,0.0,0.0,7.24,0.0,11.3828125,1.1598511,0.0,0.0,0.0,0.0,0.0,1.953125,2.1679688,1.8164062,2.265625,0.9875639,1.0751507,0.9222553,1.1536584,1.1650263,1.3521782,1.1607538,1.5135424,0.7234302,0.9942016,0.7928588,1.1532006,0.8035401,1.2803845,0.9781033,1.5532922,0.79785156,0.7998047,77.65503,0.0,256.59592,281.1112,0.0,110.99992,99.90234,0.0,257.1853,262.01938,524.25,539.25,-3.6588104,391.15625,0.0,408.1875,79.82713,67.99996,202.52075,0.0,117.49,347.96875,9.7717285,2.7435303,58.81958,74.757385,2.8613281,117.83,117.83,115.55,115.7,0
650462.4,-0.10591551,3.2859411,1.4098558,1.552221,100.83597,14.285718,13.905799,22.427507,381.44885,289.33807,11.92,1.64,4.721,13.56,13.56,0.0,95.082115,2.0,0.0,292.5,198.0,5406.0,0.0,-3.3046875,1.4278564,535.32385,20168.195,20000.502,1100.0834,557.73645,123.035706,116.316956,0.0,-3.7082984,3.0,82.52411,22.64181,0.0,0.0,7.148,0.0,11.7421875,1.164856,0.0,0.0,0.0,0.0,0.0,1.953125,2.1484375,1.796875,2.2460938,0.9898527,1.0671397,0.9172198,1.1438925,1.1640345,1.3455405,1.1522087,1.5024033,1.3403525,0.87129015,0.82887006,0.83421075,1.4888228,1.1219959,1.0224308,1.1236744,0.796875,0.7998047,77.78168,0.0,255.42633,280.29688,0.0,110.99992,99.90234,0.0,255.80885,261.6048,524.25,539.25,-3.7082984,389.375,0.0,407.09375,79.82713,67.99996,202.05688,0.0,117.7,349.46875,9.954834,4.8309326,58.673096,76.88141,2.8710938,118.34,118.22,116.08,116.0,0
650462.4,-0.044732407,3.2831266,1.4061029,1.5332303,100.83597,14.285718,13.900075,22.30225,381.59616,290.4671,11.92,1.681,4.721,13.601,13.601,0.0,94.862686,2.0,0.0,290.625,198.375,5425.0,0.0,-3.671875,1.4306641,535.7633,19888.0,20000.502,1100.0834,555.3484,125.49429,116.126205,0.0,-3.7478888,3.0,83.638,22.633268,0.37499952,0.37499952,7.204,0.0,12.0546875,1.1748047,0.0,0.0,0.0,0.0,0.0,1.9335938,2.1289062,1.796875,2.2070312,0.98260474,1.0585183,0.912108,1.1237507,1.149691,1.3375295,1.1448082,1.479057,0.8831159,0.8695354,0.76096743,1.0968947,0.9810025,1.1197833,0.938735,1.4775311,0.7949219,0.7998047,77.78168,0.0,254.56294,276.78223,0.0,110.99992,99.90234,0.0,254.73923,261.1653,524.625,539.625,-3.7478888,391.53125,0.0,406.09375,79.82713,67.99996,201.83716,0.0,118.37,352.4375,10.122681,5.4107666,58.38623,77.36664,2.866211,118.66,118.64,116.4,116.96,0
650462.44,0.024214074,3.2820008,1.3928493,1.5258969,100.83597,14.285718,13.901927,22.13252,381.7308,292.17645,11.92,1.718,4.721,13.638,13.638,0.0,94.68714,2.0,0.0,288.75,198.375,5455.0,0.0,-3.3046875,1.4303589,535.6555,19831.748,20000.502,1100.0834,555.3484,126.15134,115.65992,0.0,-3.779561,3.0,83.872986,22.625582,0.37499952,0.37499952,7.212,0.0,11.5078125,1.1599731,0.0,0.0,0.0,0.0,0.0,1.9335938,2.1289062,1.8164062,2.2265625,0.98260474,1.0596628,0.907454,1.1258106,1.1416037,1.3418021,1.137789,1.4861524,0.9530022,1.0589762,1.0594339,1.2030213,1.0061036,1.3636988,1.2415503,1.6204318,0.79785156,0.7998047,77.6062,0.0,253.39302,276.8116,0.0,110.99992,99.90234,0.0,253.61154,260.36932,524.625,539.25,-3.779561,390.90625,0.0,403.59375,79.82713,67.99996,202.55737,0.0,118.8,348.0,10.336304,1.2786865,58.813477,73.86932,2.866211,119.01,119.06,116.88,117.16,0
650462.5,0.05937126,3.2440505,1.3976778,1.5228873,100.83597,14.285718,13.914943,22.301235,378.61484,290.26962,11.92,1.76,4.721,13.68,13.68,0.0,94.54671,2.0,0.0,288.75,198.375,5464.0,0.0,-3.40625,1.4332275,536.1115,20128.926,20000.502,1100.0834,555.3484,121.043396,113.51925,0.0,-3.804899,3.0,81.41174,22.618664,0.37499952,0.37499952,7.212,0.0,11.40625,1.1600952,0.0,0.0,0.0,0.0,0.0,1.9335938,2.1289062,1.8554688,2.2265625,0.9807736,1.056611,0.9332418,1.1358815,1.1297017,1.3390554,1.1660181,1.4979019,1.0207523,1.466392,1.361181,1.2844281,1.0776684,1.8883803,1.5951781,1.654078,0.796875,0.7998047,77.6062,0.0,254.55595,276.60162,0.0,110.99992,99.90234,0.0,255.12894,260.04593,525.0,539.625,-3.804899,389.875,0.0,403.1875,79.82713,67.99996,202.0752,0.0,119.16,348.03125,10.449219,1.1169434,58.807373,73.81439,2.866211,119.37,119.71,117.5,117.31,0
650462.5,0.06749701,3.2288704,1.3859667,1.5045749,100.83597,14.285718,13.900616,22.020641,378.7185,291.41183,11.92,1.802,4.721,13.722,13.722,0.0,94.43436,2.0,0.0,292.125,198.75,5484.0,0.0,-3.0859375,1.4333496,536.153,20241.428,20000.502,1100.0834,556.9404,119.580956,114.30345,0.0,-3.9814193,3.0,80.62439,22.612436,0.74999905,0.74999905,7.076,0.0,11.265625,1.1500854,0.0,0.0,0.0,0.0,0.0,1.953125,2.1484375,1.8554688,2.2460938,0.987335,1.0690471,0.932784,1.1388571,1.133135,1.3611047,1.1599145,1.4995804,1.2277409,0.97573817,1.0984207,1.0892652,1.2961776,1.2565042,1.2871748,1.4027619,0.79296875,0.7998047,77.6062,0.0,252.62186,273.65216,0.0,110.99992,99.90234,0.0,252.7575,259.64792,525.0,539.25,-3.9814193,387.875,0.0,401.59375,79.82713,67.99996,200.95215,0.0,119.61,345.03125,10.6414795,5.3741455,59.10034,78.58124,2.8686523,119.94,119.84,117.65,118.22,0
650462.56,0.0739976,3.2227983,1.3796985,1.4959699,100.83597,14.285718,13.896446,21.91506,378.90155,293.20078,11.92,1.84,4.721,13.76,13.76,0.0,94.344475,2.0,0.0,292.5,198.75,5515.0,0.0,-2.9453125,1.4326782,535.89594,20241.428,20000.502,1100.0834,556.9404,118.56361,114.15509,0.0,-4.1226354,3.0,80.06287,22.606833,0.74999905,0.74999905,7.048,0.0,10.7265625,1.1584473,0.0,0.0,0.0,0.0,0.0,1.9921875,2.1289062,1.8554688,2.2851562,1.0143435,1.0601206,0.93232626,1.1631953,1.1578546,1.3511101,1.153048,1.5349813,1.2704662,0.98168916,0.89654386,0.95254445,1.3412681,1.2641337,1.0506599,1.2265965,0.79589844,0.7998047,77.71912,0.0,251.89409,272.4829,0.0,110.99992,99.90234,0.0,252.6497,258.85193,525.375,538.875,-4.1226354,386.90625,0.0,399.1875,79.82713,67.99996,201.0498,0.0,119.99,347.53125,10.861206,4.901123,58.8562,78.0838,2.8759766,120.37,120.26,118.25,118.21,0
650462.6,0.07919808,3.2016194,1.37833,1.4938505,100.83597,14.285718,13.881809,22.0353,377.42023,292.47815,11.92,1.88,4.721,13.8,13.8,0.0,94.27257,2.0,0.0,294.75,198.75,5523.0,0.0,-3.1953125,1.432251,535.7467,19808.398,20000.502,1100.0834,558.5324,121.10698,112.79862,0.0,-4.235608,3.0,81.28967,22.60179,0.74999905,0.74999905,6.972,0.0,10.734375,1.1483154,0.0,0.0,0.0,0.0,0.0,2.0703125,2.1484375,1.8359375,2.2460938,1.0550088,1.0697337,0.92378116,1.1447319,1.1998932,1.3670558,1.1369498,1.5075914,1.7157245,1.0683604,0.8374914,0.96505684,1.8113985,1.3757534,0.9814603,1.242771,0.79785156,0.7998047,77.71912,0.0,252.72289,273.30954,0.0,110.99992,99.90234,0.0,253.653,258.52026,525.375,539.25,-4.235608,381.625,0.0,398.875,79.82713,67.99996,201.48315,0.0,120.43,344.5,11.062622,1.2084961,59.002686,74.73297,2.8881836,120.68,120.92,118.97,118.59,0
650462.6,0.10335846,3.1931477,1.3675117,1.499361,100.83597,14.285718,13.883282,21.83057,377.56326,294.07236,11.92,1.92,4.721,13.84,13.84,0.0,94.21504,2.0,0.0,291.0,198.75,5551.0,0.0,-3.6328125,1.4315796,535.4897,19897.021,20000.502,1100.0834,558.5324,120.08963,112.0992,0.0,-4.3259864,3.0,80.71747,22.59725,0.74999905,0.74999905,7.064,0.0,10.7109375,1.145813,0.0,0.0,0.0,0.0,0.0,2.0898438,2.1679688,1.8554688,2.2460938,1.0687419,1.077821,0.9274433,1.1393149,1.2084383,1.3810178,1.1392386,1.4982071,1.2691691,1.0177004,0.8609903,1.2483406,1.3398948,1.3105974,1.0089265,1.607538,0.7988281,0.7998047,77.838135,0.0,251.3117,274.89352,0.0,110.99992,99.90234,0.0,252.0361,257.92325,525.75,539.625,-4.3259864,378.0625,0.0,397.0,79.82713,67.99996,200.64087,0.0,121.09,343.75,11.224365,4.4647217,58.862305,78.004456,2.8881836,121.26,121.22,119.06,119.37,0
650462.75,0.10268678,3.171009,1.3655175,1.4932995,100.83597,14.285718,13.884313,21.815315,376.04025,293.73035,11.92,1.96,4.721,13.88,13.88,0.0,94.16902,2.0,0.0,291.375,198.75,5567.0,0.0,-3.6953125,1.4315186,535.4814,19979.275,20000.502,1100.0834,558.5324,119.22064,112.078,0.0,-4.398289,3.0,80.29785,22.593164,0.74999905,0.74999905,7.012,0.0,10.703125,1.1452026,0.0,0.0,0.0,0.0,0.0,2.1484375,2.1679688,1.8164062,2.2265625,1.0914016,1.0748456,0.91920346,1.1432822,1.2285801,1.3781185,1.124361,1.5013351,1.0878919,1.0042726,0.54802775,1.1302358,1.1485466,1.2932785,0.6422522,1.4554818,0.7988281,0.7998047,77.838135,0.0,251.20656,274.58487,0.0,110.99992,99.90234,0.0,251.46399,257.30966,525.75,539.625,-4.398289,377.28125,0.0,394.6875,79.82713,67.99996,200.6897,0.0,121.48,343.5625,11.425781,5.7128906,58.831787,79.41742,2.9003906,121.72,121.58,119.46,119.65,0
650462.75,0.10214943,3.1246538,1.3671143,1.4905441,100.83597,14.285718,13.879175,21.88688,372.79303,291.9785,11.92,2.002,4.721,13.922,13.922,0.0,94.13221,2.0,0.0,295.875,198.75,5582.0,0.0,-3.4609375,1.4313965,535.42334,19938.414,20000.502,1100.0834,559.85913,117.88537,110.46719,0.0,-4.4561315,3.0,79.58374,22.589487,0.74999905,0.74999905,6.876,0.0,10.7578125,1.1394653,0.0,0.0,0.0,0.0,0.0,2.1289062,2.1289062,1.7773438,2.1875,1.0814068,1.071107,0.8923476,1.1234455,1.2104982,1.3736172,1.0881971,1.4729534,1.0376898,0.88883805,0.7428855,1.0386053,1.0955215,1.1446556,0.8706035,1.3375295,0.796875,0.7998047,77.838135,0.0,251.69986,273.86145,0.0,110.99992,99.90234,0.0,252.2351,256.99457,526.125,539.625,-4.4561315,376.09375,0.0,394.1875,79.82713,67.99996,201.2024,0.0,121.92,341.84375,11.569214,0.66833496,58.5083,74.19281,2.9199219,122.03,122.12,120.05,119.84,0
650462.8,0.10171954,3.1061115,1.3562162,1.4702395,100.83597,14.285718,13.887298,21.800238,372.9245,293.54657,11.92,2.039,4.721,13.959,13.959,0.0,94.10276,2.0,0.0,296.25,199.125,5610.0,0.0,-3.421875,1.430542,535.1082,19887.469,20000.502,1100.0834,559.85913,117.52506,109.59821,0.0,-4.502405,3.0,79.32739,22.586178,1.1249986,1.1249986,6.836,0.0,10.2421875,1.1392822,0.0,0.0,0.0,0.0,0.0,2.1484375,2.1289062,1.7773438,2.2460938,1.0936141,1.061265,0.8797589,1.1512169,1.2188907,1.3614862,1.069276,1.5125506,1.3599603,1.2153811,0.64812696,1.6374457,1.4357977,1.5651941,0.7595941,2.1086442,0.796875,0.7998047,77.93579,0.0,251.10263,271.34573,0.0,110.99992,99.90234,0.0,251.66298,256.42245,526.125,539.625,-4.502405,373.9375,0.0,391.875,79.82713,67.99996,199.6399,0.0,122.24,341.78125,11.709595,6.7352295,58.502197,80.39398,2.9199219,122.48,122.58,120.29,120.68,0
650462.9,0.081375636,3.0611947,1.347995,1.4626943,100.83597,14.285718,13.869546,21.66451,369.54022,291.91968,11.92,2.081,4.721,14.001,14.001,0.0,93.928825,2.0,0.0,294.375,199.125,5630.0,0.0,-3.359375,1.4292603,534.6356,20225.508,20000.502,1100.0834,562.24713,113.58283,109.555824,0.0,-4.539424,3.0,77.42767,22.5832,1.1249986,1.1249986,6.864,0.0,9.8515625,1.1433105,0.0,0.0,0.0,0.0,0.0,2.1484375,2.1289062,1.7578125,2.2460938,1.0976578,1.0659952,0.8742657,1.1542687,1.2207217,1.3696498,1.0596628,1.5158312,1.1167315,1.0310521,0.7135119,1.3752956,1.1789883,1.3277638,0.8361944,1.7710384,0.7988281,0.7998047,77.93579,0.0,250.16708,271.04337,0.0,110.99992,99.90234,0.0,250.30313,255.80057,526.5,539.25,-4.539424,371.5625,0.0,389.875,79.82713,67.99996,200.177,0.0,122.73,343.0,11.877441,6.80542,58.728027,80.84564,2.9296875,122.99,122.81,120.56,120.81,0
650462.9,0.06510051,3.024478,1.3376995,1.4572684,100.83597,14.285718,13.880557,21.432066,368.0413,291.45853,11.92,2.121,4.721,14.041,14.041,0.0,93.78967,2.0,0.0,298.5,199.125,5644.0,0.0,-3.296875,1.4265747,534.221,20275.39,20000.502,1100.0834,562.24713,112.862206,110.0645,0.0,-4.569039,3.0,76.9989,22.58052,1.1249986,1.1249986,6.74,0.0,10.0234375,1.144043,0.0,0.0,0.0,0.0,0.0,2.1679688,2.1484375,1.796875,2.2460938,1.1037613,1.0814831,0.8975357,1.1482414,1.2221713,1.3938353,1.0881971,1.50515,1.0433357,1.039292,0.9711605,1.0292974,1.1014725,1.3383688,1.1380942,1.3255513,0.7998047,0.7998047,78.089905,0.0,248.56487,270.72452,0.0,110.99992,99.90234,0.0,248.61992,255.37769,526.5,539.25,-4.569039,370.78125,0.0,388.875,79.82713,67.99996,200.20752,0.0,123.06,343.21875,12.020874,5.886841,58.76465,80.0827,2.9418945,123.37,123.69,121.22,121.04,0
650462.94,0.032080412,3.0097914,1.3462416,1.4532413,100.83597,14.285718,13.888265,21.758087,368.26147,292.563,11.92,2.16,4.721,14.08,14.08,0.0,93.67835,2.0,0.0,295.875,199.125,5662.0,0.0,-3.28125,1.4260864,534.0386,20013.77,20000.502,1100.0834,562.24713,114.1127,109.53463,0.0,-4.592731,3.0,77.60162,22.578108,1.1249986,1.1249986,6.796,0.0,9.9921875,1.1465454,0.0,0.0,0.0,0.0,0.0,2.1875,2.1679688,1.796875,2.265625,1.1177233,1.091783,0.8973831,1.1611353,1.2345312,1.4097047,1.0850691,1.5234607,1.1831082,1.062562,0.96383613,1.5297933,1.2490273,1.3684291,1.1295491,1.9700923,0.80078125,0.7998047,78.089905,0.0,250.81209,270.32388,0.0,110.99992,99.90234,0.0,251.26498,255.00455,526.5,539.25,-4.592731,370.59375,0.0,387.59375,79.82713,67.99996,200.8728,0.0,123.5,343.96875,12.109375,0.73547363,58.90503,75.15411,2.9492188,123.74,124.02,121.53,121.67,0
650463.0,-0.01433567,3.0039167,1.3401282,1.4465014,100.83597,14.285718,13.881942,21.617445,368.36478,293.83383,11.92,2.202,4.721,14.122,14.122,0.0,93.589294,2.0,0.0,296.625,199.125,5685.0,0.0,-3.2421875,1.4231567,533.5577,20210.648,20000.502,1100.0834,563.57385,112.35353,109.72538,0.0,-4.611685,3.0,76.683044,22.575937,1.1249986,1.1249986,6.756,0.0,9.9609375,1.164978,0.0,0.0,0.0,0.0,0.0,2.2070312,2.1679688,1.796875,2.2460938,1.1247425,1.0990311,0.9049363,1.1634241,1.2378881,1.4202335,1.0933089,1.5271229,1.2180514,1.190814,1.1886778,1.256962,1.2859541,1.5334554,1.3929961,1.618677,0.80078125,0.7998047,78.089905,0.0,249.84267,269.3403,0.0,110.99992,99.90234,0.0,250.56848,254.41583,526.875,539.25,-4.611685,367.0,0.0,385.59375,79.82713,67.99996,200.57373,0.0,124.01,349.5,12.243652,0.99487305,58.666992,75.29144,2.9467773,124.25,124.07,121.89,122.12,0
650463.0,-0.031468537,2.9828167,1.328608,1.4414569,100.83597,14.285718,13.889235,21.412077,366.70627,293.3856,11.92,2.24,4.721,14.16,14.16,0.0,93.51805,2.0,0.0,296.625,199.125,5702.0,0.0,-3.2265625,1.4221802,533.2011,19740.473,20000.502,1100.0834,563.57385,116.38054,109.19551,0.0,-4.6268477,3.0,78.541565,22.573982,1.1249986,1.1249986,6.732,0.0,9.890625,1.1513672,0.0,0.0,0.0,0.0,0.0,2.2265625,2.1679688,1.8164062,2.2460938,1.1300832,1.1043717,0.91371024,1.1673151,1.2406348,1.4282445,1.1038376,1.5301747,1.3762112,1.2568856,0.9731441,1.5046922,1.4528878,1.6186007,1.1404593,1.9377432,0.7988281,0.7998047,78.18756,0.0,248.42708,269.13794,0.0,110.99992,99.90234,0.0,248.69453,254.04271,526.875,539.25,-4.6268477,366.1875,0.0,384.6875,79.82713,67.99996,199.54834,0.0,124.32,345.40625,12.414551,4.937744,59.06372,79.789734,2.9492188,124.49,124.49,122.48,122.17,0
650463.06,-0.08517483,2.9743767,1.3264275,1.4367516,100.83597,14.285718,13.8767605,21.408772,367.0758,294.50534,11.92,2.28,4.721,14.16,14.16,0.0,93.46106,2.0,0.0,294.375,199.125,5718.0,0.0,-3.2734375,1.4224854,533.3172,19979.275,20000.502,1100.0834,564.6352,114.176285,108.98357,0.0,-4.638978,3.0,77.47955,22.572224,1.1249986,1.1249986,6.8,0.0,9.7890625,1.1564331,0.0,0.0,0.0,0.0,0.0,2.2265625,2.1875,1.8164062,2.265625,1.128252,1.1087205,0.91950864,1.1762418,1.2356756,1.4341955,1.1086442,1.5422293,0.9235523,1.115816,0.9142443,1.0720226,0.9750515,1.4369421,1.0714122,1.3804837,0.8027344,0.7998047,78.18756,0.0,248.4043,268.69055,0.0,110.99992,99.90234,0.0,248.69453,253.62813,527.25,539.25,-4.638978,364.78125,0.0,383.5,79.82713,67.99996,199.60327,0.0,124.65,346.9375,12.619019,4.623413,58.917236,79.53949,2.9492188,124.91,124.96,122.9,122.86,0
650463.06,-0.12813987,2.9710007,1.3203855,1.431114,100.83597,14.285718,13.879747,21.34581,366.93298,295.31744,11.92,2.322,4.721,14.16,14.242,0.0,93.41547,2.0,0.0,294.75,199.125,5736.0,0.0,-3.3203125,1.4212646,532.8529,20286.535,20000.502,1100.0834,564.6352,110.424805,108.70803,0.0,-4.492432,3.0,75.59967,22.57064,1.1249986,1.1249986,6.748,0.0,9.75,1.1524048,0.0,0.0,0.0,0.0,0.0,2.265625,2.1679688,1.796875,2.265625,1.1503013,1.0975051,0.90905625,1.1720455,1.2610055,1.4191654,1.0933852,1.5342946,0.90127414,0.9736782,1.0048066,1.0839247,0.95147634,1.2539102,1.1774625,1.3958954,0.80078125,0.7998047,78.271484,0.0,247.9703,268.42633,0.0,110.99992,99.90234,0.0,248.24678,253.05598,527.25,539.25,-4.492432,364.875,0.0,381.59375,79.82713,67.99996,200.28687,0.0,125.1,345.71875,12.799072,1.05896,59.033203,76.25275,2.9467773,125.3,125.44,122.81,123.46,0
650463.1,-0.1825119,2.9509003,1.3107878,1.4235686,100.83597,14.285718,13.881839,21.173225,365.4284,295.43967,11.92,2.36,4.721,14.16,14.28,0.0,93.37899,2.0,0.0,297.75,199.5,5762.0,0.0,-3.3359375,1.4205322,532.571,20054.63,20000.502,1100.0834,564.6352,111.82366,108.94117,0.0,-4.5314455,3.0,76.19171,22.569216,1.4999981,1.4999981,6.644,0.0,9.6328125,1.151123,0.0,0.0,0.0,0.0,0.0,2.2851562,2.1679688,1.8164062,2.3242188,1.1570916,1.0974288,0.9150835,1.2056916,1.2648203,1.4187839,1.0988785,1.582971,1.2199588,0.9455253,1.0389868,1.9442283,1.2879378,1.21767,1.2175937,2.5037003,0.79785156,0.7998047,78.271484,0.0,246.7807,267.74533,0.0,110.99992,99.90234,0.0,247.76587,252.35948,527.25,539.25,-4.5314455,365.15625,0.0,380.0,79.82713,67.99996,198.92578,0.0,125.51,345.34375,12.930298,4.7943115,59.069824,80.14984,2.9492188,125.69,125.59,123.69,123.41,0
650463.2,-0.24600951,2.9241104,1.3114634,1.4185667,100.83597,14.285718,13.871584,21.225765,363.95596,295.06628,11.92,2.403,4.721,14.16,14.323,0.0,93.04906,2.0,0.0,295.875,199.5,5778.0,0.0,-3.3359375,1.4192505,532.0983,20033.936,20000.502,1100.0834,566.4925,109.78896,106.90647,0.0,-4.5626564,3.0,75.2121,22.567934,1.4999981,1.4999981,6.688,0.0,9.4609375,1.1484985,0.0,0.0,0.0,0.0,0.0,2.3242188,2.0898438,1.8164062,2.3046875,1.1738002,1.0799572,0.9092851,1.2130159,1.2886244,1.3956665,1.090486,1.5917449,1.2259098,1.2483406,0.70061797,1.1563287,1.3617151,1.607538,0.82108796,1.4890517,0.7998047,0.7998047,78.271484,0.0,247.14285,267.07605,0.0,111.09993,99.90234,0.0,248.1224,251.77077,527.625,539.25,-4.5626564,360.03125,0.0,378.375,79.82713,67.99996,199.23706,0.0,125.87,344.5625,13.034058,2.8625488,59.014893,78.2608,2.9541016,126.26,126.41,124.21,123.98,0
650463.2,-0.2968076,2.9133945,1.3020483,1.4017802,100.83597,14.285718,13.881984,21.081898,364.05505,295.86176,11.92,2.439,4.721,14.16,14.359,0.0,92.78511,2.0,0.0,295.125,199.5,5792.0,0.0,-3.421875,1.4172974,531.36865,19897.021,20000.502,1100.0834,566.4925,112.54429,108.39011,0.0,-4.431375,3.0,76.457214,22.56678,1.4999981,1.4999981,6.684,0.0,9.3125,1.1574707,0.0,0.0,0.0,0.0,0.0,2.3632812,2.0703125,1.8164062,2.265625,1.1996644,1.0781262,0.91050583,1.1896696,1.3240253,1.3944457,1.0904098,1.5587091,1.4700541,0.7655451,1.0073243,1.1127641,1.6328679,0.9858854,1.1804379,1.433051,0.8046875,0.7998047,78.3905,0.0,246.1512,264.77606,0.0,111.18994,99.90234,0.0,247.22691,251.12401,527.625,539.625,-4.431375,357.78125,0.0,377.09375,79.82713,67.99996,198.66333,0.0,126.26,347.25,13.134766,4.348755,58.88672,79.70734,2.9467773,126.46,126.41,124.25,124.64,0
650463.25,-0.33744606,2.909108,1.2959809,1.4124202,100.83597,14.285718,13.877544,21.000113,364.38153,296.43384,11.92,2.481,4.721,14.16,14.401,0.0,92.57395,2.0,0.0,295.875,199.5,5798.0,0.0,-3.546875,1.4188232,531.3189,19958.049,20000.502,1100.0834,567.5539,109.555824,106.07988,0.0,-4.3263497,3.0,75.01831,22.565742,1.4999981,1.4999981,6.656,0.0,8.3515625,1.1417847,0.0,0.0,0.0,0.0,0.0,2.4023438,2.0703125,1.8554688,2.34375,1.2210269,1.0732433,0.9266804,1.2276646,1.3525597,1.3900969,1.110399,1.6137942,0.9578088,0.98161286,1.0425726,1.8440528,1.0639353,1.2641337,1.2217135,2.3747616,0.8027344,0.7998047,78.3905,0.0,245.58746,267.41113,0.0,111.27095,99.90234,0.0,246.19044,250.82552,527.625,539.625,-4.3263497,356.90625,0.0,376.5,79.82713,67.99996,197.97974,0.0,126.59,342.53125,13.278198,5.230713,58.64258,80.48859,2.9541016,127.05,126.65,124.78,124.96,0
650463.3,-0.32995686,2.9073935,1.2963057,1.40479,100.83597,14.285718,13.886156,21.096258,364.31787,297.66003,11.92,2.518,4.721,14.16,14.438,0.0,92.40503,2.0,0.0,297.375,199.5,5823.0,0.0,-3.6796875,1.4175415,530.85455,19951.15,20000.502,1100.0834,567.5539,109.15312,105.316864,0.0,-4.2423296,3.0,74.824524,22.564808,1.4999981,1.4999981,6.6,0.0,8.34375,1.1375732,0.0,0.0,0.0,0.0,0.0,2.4023438,2.0507812,1.8554688,2.3046875,1.2221713,1.0659189,0.9313344,1.2046235,1.3571374,1.3798734,1.1143664,1.5809109,1.1058214,0.9376669,0.9655146,0.9282826,1.2283512,1.2075227,1.1314565,1.1954681,0.8027344,0.7998047,78.46069,0.0,246.25018,266.67474,0.0,111.34386,99.90234,0.0,247.0196,250.10413,528.0,539.625,-4.2423296,355.09375,0.0,375.1875,79.82713,67.99996,198.72437,0.0,126.94,341.28125,13.412476,4.0161133,58.40454,79.16412,2.9589844,127.15,127.15,125.25,124.91,0
650463.3,-0.30396548,2.8692074,1.2918005,1.3860962,100.83597,14.285718,13.892184,21.063534,361.14825,295.98245,11.92,2.56,4.721,14.16,14.48,0.0,92.26989,2.0,0.0,296.625,199.5,5841.0,0.0,-3.7421875,1.4143066,530.24097,19883.754,20000.502,1100.0834,567.5539,109.216705,105.1685,0.0,-4.1751137,3.0,74.783325,22.563967,1.4999981,1.4999981,6.604,0.0,8.1328125,1.1317749,0.0,0.0,0.0,0.0,0.0,2.4023438,2.03125,1.8554688,2.2851562,1.2277409,1.0540932,0.93232626,1.2008088,1.3656062,1.3638514,1.1142138,1.5730525,1.040589,0.9542992,1.0276952,1.1666285,1.1558709,1.2289616,1.2043183,1.5024033,0.8027344,0.7998047,78.46069,0.0,246.02461,263.80823,0.0,111.40947,99.90234,0.0,246.96158,249.44908,528.0,539.625,-4.1751137,356.90625,0.0,373.1875,79.82713,67.99996,198.67554,0.0,127.27,339.53125,13.540649,3.4942627,58.081055,78.42865,2.9638672,127.55,127.59,125.63,125.73,0
650463.4,-0.2631724,2.8351831,1.2860694,1.3838496,100.83597,14.285718,13.8846855,20.978573,359.37613,294.9335,11.92,2.601,4.721,14.16,14.521,0.0,92.16177,2.0,0.0,295.875,199.5,5849.0,0.0,-3.7578125,1.4121704,529.45325,19966.01,20000.502,1100.0834,568.88055,108.22055,104.85058,0.0,-4.1213408,3.0,74.30267,22.56321,1.4999981,1.4999981,6.62,0.0,7.9609375,1.1342773,0.0,0.0,0.0,0.0,0.0,2.3828125,2.0507812,1.8554688,2.265625,1.2103456,1.0568398,0.92736703,1.1828793,1.3460746,1.367361,1.1062791,1.5472648,1.2467384,1.1110094,0.90386814,0.9106584,1.3849088,1.4307622,1.0592813,1.1728084,0.8017578,0.7998047,78.46069,0.0,245.43898,263.9145,0.0,111.46852,99.90234,0.0,246.32309,249.05107,528.375,540.0,-4.1213408,356.4375,0.0,372.5,79.82713,67.99996,198.19336,0.0,127.75,340.28125,13.66272,4.2663574,58.221436,79.43268,2.9711914,127.89,127.89,125.73,126.26,0
650463.4,-0.2305379,2.8215733,1.283908,1.3744814,100.83597,14.285718,13.897014,20.995615,359.57675,296.46036,11.92,2.639,4.721,14.16,14.559,0.0,92.07529,2.0,0.0,295.875,199.5,5876.0,0.0,-3.7265625,1.4083862,528.6241,19897.021,20000.502,1100.0834,568.88055,108.94117,104.596245,0.0,-4.0783224,3.0,74.56818,22.562529,1.4999981,1.4999981,6.612,0.0,7.65625,1.1515503,0.0,0.0,0.0,0.0,0.0,2.421875,2.0117188,1.8359375,2.2070312,1.2198062,1.0536355,0.93057144,1.1651789,1.3583581,1.3625543,1.1087205,1.5221637,1.0941482,1.0216678,0.92439157,0.89478904,1.2153811,1.3156328,1.0833143,1.152285,0.80371094,0.7998047,78.55835,0.0,245.55646,262.76984,0.0,111.52167,99.90234,0.0,246.5138,248.05606,528.375,539.625,-4.0783224,354.625,0.0,371.09375,79.82713,67.99996,198.80981,0.0,128.01,345.46875,13.757324,1.9897461,59.057617,78.06244,2.9736328,128.35,128.09,126.41,126.26,0
650463.44,-0.22443032,2.7786293,1.2831984,1.3686742,100.83597,14.285718,13.888065,21.080864,356.14536,294.6807,11.92,2.681,4.721,14.16,14.601,0.0,92.006096,2.0,0.0,294.75,199.5,5897.0,0.0,-3.625,1.4065552,527.95245,19999.441,20000.502,1100.0834,570.47253,109.08954,105.65598,0.0,-4.0439076,3.0,74.55902,22.561914,1.4999981,1.4999981,6.608,0.0,7.484375,1.1468506,0.0,0.0,0.0,0.0,0.0,2.4023438,2.0117188,1.8554688,2.2265625,1.2134737,1.0467689,0.93835354,1.175555,1.3510338,1.3530937,1.1199359,1.5368887,1.266804,1.0448616,1.3485161,1.2041657,1.4071107,1.3455405,1.5803006,1.550698,0.80371094,0.7998047,78.55835,0.0,246.14407,262.45297,0.0,111.5695,99.90234,0.0,247.0196,247.38443,528.375,539.625,-4.0439076,353.96875,0.0,368.6875,79.82713,67.99996,198.80371,0.0,128.43,344.0625,13.793945,0.17700195,58.92334,76.13373,2.9785156,128.75,128.9,126.89,126.71,0
650463.5,-0.19954425,2.7614517,1.2801563,1.3622733,100.83597,14.285718,13.89938,21.095171,356.25235,295.81894,11.92,2.722,4.721,14.16,14.642,0.0,91.950745,2.0,0.0,295.125,199.5,5918.0,0.0,-3.609375,1.4036865,526.858,19951.682,20000.502,1100.0834,570.47253,109.449844,105.48643,0.0,-4.016376,3.0,74.731445,22.561363,1.8749976,1.4999981,6.592,0.0,7.359375,1.145813,0.0,0.0,0.0,0.0,0.0,2.421875,2.03125,1.8359375,2.2265625,1.2204165,1.063096,0.9320211,1.1786832,1.3597314,1.3772793,1.1104753,1.5393301,1.151522,1.1960021,0.89158463,0.7283894,1.2791638,1.5401694,1.0447853,0.93804836,0.8027344,0.7998047,78.66974,0.0,246.24269,261.90662,0.0,111.61256,99.90234,0.0,246.89522,246.57184,528.75,539.625,-4.016376,351.5625,0.0,367.59375,79.82713,67.99996,198.65112,0.0,128.86,343.75,13.815308,0.09765625,58.862305,76.0025,2.9785156,129.05,129.31,127.05,127.34,0
650463.5,-0.15963541,2.754581,1.2731546,1.3453175,100.83597,14.285718,13.9073,20.950397,356.38028,296.52518,11.92,2.76,4.721,14.16,14.68,0.0,91.90646,2.0,0.0,296.625,199.875,5930.0,0.0,-3.59375,1.4032593,526.7087,19766.477,20000.502,1100.0834,570.47253,111.929634,104.65983,0.0,-3.994351,3.0,75.85602,22.560867,1.8749976,1.8749976,6.524,0.0,7.3359375,1.1427002,0.0,0.0,0.0,0.0,0.0,2.4023438,2.03125,1.875,2.1875,1.2149997,1.0650034,0.93926907,1.1501487,1.3533226,1.3801023,1.1186389,1.5004959,1.2513161,1.1784543,0.94148165,1.2379644,1.3899443,1.517586,1.1033036,1.5942626,0.8027344,0.7998047,78.66974,0.0,245.24478,259.0666,0.0,111.651306,99.90234,0.0,246.1241,246.17384,528.75,539.625,-3.994351,353.5625,0.0,366.0,79.82713,67.99996,198.29102,0.0,129.32,342.8125,13.821411,0.09765625,58.691406,75.8194,2.9785156,129.56,129.41,127.34,127.64,0
650463.56,-0.12770833,2.7330823,1.2728192,1.340019,100.83597,14.285718,13.906985,20.978487,354.70398,295.9765,11.92,2.802,4.721,14.16,14.722,0.0,91.72066,2.0,0.0,294.75,199.875,5947.0,0.0,-3.5078125,1.4008789,525.8215,19829.627,20000.502,1100.0834,571.53394,111.56933,104.99895,0.0,-3.9767308,3.0,75.68207,22.560421,1.8749976,1.8749976,6.564,0.0,7.359375,1.1459961,0.0,0.0,0.0,0.0,0.0,2.4023438,2.0507812,1.8945312,2.1679688,1.2086672,1.0784314,0.9433127,1.1477073,1.3462272,1.3995575,1.1223011,1.4962997,1.0617228,1.2809186,0.98496985,0.9874113,1.1793698,1.6495003,1.1542687,1.2715343,0.80371094,0.7998047,78.66974,0.0,245.4384,258.32285,0.0,111.68618,99.90234,0.0,246.05777,245.51878,528.75,539.625,-3.9767308,352.375,0.0,365.1875,79.82713,67.99996,198.18726,0.0,129.65,343.8125,13.833618,0.02746582,58.87451,75.938416,2.9736328,129.81,129.66,127.95,127.7,0
650463.6,-0.10216667,2.724483,1.268299,1.3354408,100.83597,14.285718,13.924343,20.897291,354.99527,296.9169,11.92,2.841,4.721,14.16,14.761,0.0,91.572014,2.0,0.0,296.625,199.875,5961.0,0.0,-3.4921875,1.3997803,525.40686,20224.447,20000.502,1100.0834,571.53394,107.96621,104.80819,0.0,-3.9626348,3.0,73.86322,22.560019,1.8749976,1.8749976,6.496,0.0,7.453125,1.1444702,0.0,0.0,0.0,0.0,0.0,2.4023438,2.03125,1.875,2.1484375,1.2024109,1.0794232,0.94949263,1.1426718,1.3400474,1.401007,1.1290914,1.4886702,1.3249409,1.1971465,1.0149539,1.0717937,1.4716563,1.5416952,1.1893644,1.3801786,0.8046875,0.7998047,78.75366,0.0,244.87872,257.76154,0.0,111.71757,99.90234,0.0,245.67635,244.95496,529.125,539.625,-3.9626348,351.40625,0.0,363.28125,79.82713,67.99996,198.17505,0.0,129.96,343.34375,13.824463,-0.6225586,58.789062,75.16327,2.9736328,130.13,130.34,128.39,128.24,0
650463.6,-0.12173334,2.7022934,1.2621826,1.3296758,100.83597,14.285718,13.918915,20.764174,353.009,296.14716,11.92,2.881,4.721,14.16,14.801,0.0,91.4531,2.0,0.0,297.0,199.875,5979.0,0.0,-3.453125,1.399231,525.1913,20157.05,20000.502,1100.0834,572.8606,107.711876,104.15115,0.0,-3.9513578,3.0,73.74115,22.559656,1.8749976,1.8749976,6.48,0.0,7.5546875,1.142456,0.0,0.0,0.0,0.0,0.0,2.4023438,2.0507812,1.8554688,2.1289062,1.1991302,1.0861372,0.9391928,1.1275654,1.3369955,1.4103152,1.1154345,1.4674602,1.3208972,1.0695812,0.8798352,1.1145953,1.4672313,1.3774319,1.0311284,1.4353399,0.80371094,0.7998047,78.75366,0.0,243.96115,256.97095,0.0,111.74581,99.90234,0.0,244.8306,244.34966,529.125,539.625,-3.9513578,349.71875,0.0,362.375,79.82713,67.99996,197.72949,0.0,130.29,342.75,13.812256,-0.45776367,58.673096,75.19989,2.9663086,130.44,130.7,128.18,128.84,0
650463.7,-0.13738668,2.6934175,1.2571225,1.3241227,100.83597,14.285718,13.926834,20.64347,353.4441,297.35522,11.92,2.92,4.721,14.16,14.84,0.0,91.35797,2.0,0.0,297.0,199.875,5996.0,0.0,-3.4140625,1.3982544,524.8265,20094.432,20000.502,1100.0834,572.8606,107.98741,104.02399,0.0,-3.9423363,3.0,73.802185,22.55933,1.8749976,1.8749976,6.464,0.0,7.640625,1.1434326,0.0,0.0,0.0,0.0,0.0,2.421875,2.03125,1.8359375,2.109375,1.21561,1.0698863,0.92576486,1.1216908,1.3579004,1.3882658,1.0981919,1.4584574,1.3189899,1.0620279,0.80209047,1.0469978,1.465095,1.3676661,0.94003206,1.3483635,0.80371094,0.7998047,78.83911,0.0,243.12917,256.0481,0.0,111.77123,99.90234,0.0,244.06775,243.7029,529.5,539.25,-3.9423363,348.75,0.0,360.6875,79.82713,67.99996,197.41211,0.0,130.76,343.03125,13.800049,-0.32043457,58.71582,75.36163,2.9589844,131.01,130.95,128.95,128.99,0
650463.75,-0.18990934,2.6711173,1.249197,1.3130165,100.83597,14.285718,13.932378,20.559738,351.6337,296.96692,11.92,2.96,4.721,14.16,14.88,0.0,91.28187,2.0,0.0,296.625,199.875,6019.0,0.0,-3.3828125,1.3950806,523.64075,20108.76,20000.502,1100.0834,572.8606,107.224396,103.578896,0.0,-3.9351192,3.0,73.35358,22.559036,1.8749976,1.8749976,6.46,0.0,7.2109375,1.1378174,0.0,0.0,0.0,0.0,0.0,2.4023438,2.0507812,1.7773438,2.1289062,1.1986724,1.0891126,0.93827724,1.131075,1.3382925,1.4162661,1.1106279,1.4722667,1.0286107,1.3126574,1.1375601,1.021439,1.1425192,1.6903944,1.2635996,1.375906,0.8046875,0.7998047,78.83911,0.0,242.552,254.89578,0.0,111.79411,99.90234,0.0,243.48732,242.85713,529.5,539.25,-3.9351192,346.9375,0.0,359.28125,79.82713,67.99996,196.89941,0.0,131.07,341.34375,13.787842,-0.37841797,58.374023,74.91913,2.9492188,131.33,131.06,129.41,129.2,0
650463.75,-0.23192747,2.643447,1.2487055,1.3082267,100.83597,14.285718,13.91868,20.548326,350.04785,296.06967,11.92,3.001,4.721,14.16,14.921,0.0,91.220985,2.0,0.0,296.25,199.875,6028.0,0.0,-3.3515625,1.3910522,522.72864,19985.645,20000.502,1100.0834,574.4526,107.96621,103.00664,0.0,-3.9293454,3.0,73.71063,22.558773,1.8749976,1.8749976,6.448,0.0,6.78125,1.135376,0.0,0.0,0.0,0.0,0.0,2.3242188,2.0507812,1.8164062,2.109375,1.1982147,1.083238,0.962005,1.12253,1.3291371,1.4044404,1.1206225,1.4626535,1.1626612,1.067979,1.1538873,1.6440833,1.0561532,1.3173877,1.1459526,2.1172657,0.80371094,0.7998047,78.83911,0.0,242.47334,253.9976,0.0,111.814705,99.90234,0.0,243.35464,242.51717,529.5,539.25,-3.9293454,346.40625,0.0,357.59375,79.82713,67.99996,196.99097,0.0,131.44,340.625,13.775635,-1.0070801,58.20923,74.08295,2.9418945,131.69,131.69,129.66,129.77,0
650463.8,-0.26554197,2.6511288,1.2449542,1.3019105,100.83597,14.285718,13.92667,20.518093,351.89935,298.27753,11.92,3.039,4.721,14.16,14.959,0.0,91.17228,2.0,0.0,295.5,199.875,6041.0,0.0,-3.21875,1.3881836,521.63416,20279.637,20000.502,1100.0834,574.4526,104.40549,103.26097,0.0,-3.7684762,3.0,71.99402,22.558535,1.8749976,1.8749976,6.456,0.0,6.75,1.1339722,0.0,0.0,0.0,0.0,0.0,2.3046875,2.0507812,1.8359375,2.1289062,1.1917297,1.0874342,0.975433,1.1343557,1.2996109,1.40383,1.1199359,1.4811933,1.216373,1.0874342,1.1110094,1.4910353,1.104982,1.3414207,1.1033798,1.9200428,0.8046875,0.7998047,78.94287,0.0,242.26495,253.36937,0.0,111.83324,99.90234,0.0,243.1059,242.0943,529.5,539.25,-3.7684762,345.25,0.0,355.875,79.82713,67.99996,196.698,0.0,131.76,340.1875,13.763428,-1.4312744,58.111572,73.524475,2.932129,131.96,132.17,129.77,130.18,0
650463.8,-0.27243358,2.6354516,1.2399733,1.281182,100.83597,14.285718,13.920544,20.390032,350.27094,297.6836,11.92,3.081,4.721,14.16,15.001,0.0,91.133316,2.0,0.0,299.25,199.875,6057.0,0.0,-3.109375,1.3817139,519.21295,20047.732,20000.502,1100.0834,575.2486,105.761955,102.68871,0.0,-3.639781,3.0,72.25952,22.558321,1.8749976,1.8749976,6.34,0.0,6.7109375,1.1035156,0.0,0.0,0.0,0.0,0.0,2.2851562,2.0898438,1.8359375,2.1679688,1.1790646,1.1056688,0.9777218,1.1572442,1.2665751,1.4241245,1.1083391,1.5137713,0.97581446,1.2101167,0.89936674,0.9716945,0.8864729,1.4927138,0.89318687,1.2513161,0.8027344,0.7998047,78.94287,0.0,241.38223,249.35799,0.0,111.849915,99.90234,0.0,242.26013,241.4807,529.5,539.25,-3.639781,346.96875,0.0,353.78125,79.82713,67.99996,196.16699,0.0,132.1,331.0625,13.748169,-1.7974854,56.518555,71.476746,2.9199219,132.54,132.26,130.44,130.23,0
650463.9,-0.27794686,2.6104307,1.2363107,1.2590123,100.83597,14.285718,13.927974,20.303772,348.53616,297.18735,11.92,3.12,4.721,14.16,15.04,0.0,91.10214,2.0,0.0,297.75,200.25,6077.0,0.0,-3.1484375,1.3754883,516.8747,19924.086,20000.502,1100.0834,575.2486,106.65214,102.646324,0.0,-3.536825,3.0,72.68982,22.558128,2.2499971,2.2499971,6.364,0.0,6.546875,1.0718384,0.0,0.0,0.0,0.0,0.0,2.265625,2.0507812,1.8554688,2.1289062,1.1673151,1.0907912,0.98947126,1.1313039,1.2365148,1.3997864,1.108568,1.4780651,0.94499123,1.0669872,1.1767758,1.0261692,0.8584726,1.3161669,1.1686885,1.3214313,0.8076172,0.7998047,79.00696,0.0,240.78766,245.26372,0.0,111.86492,99.90234,0.0,241.68802,240.693,529.5,539.25,-3.536825,347.53125,0.0,352.28125,79.82713,67.99996,196.13037,0.0,132.43,321.5625,13.735962,-0.68969727,54.974365,71.00372,2.8710938,132.65,132.54,130.85,130.59,0
650463.94,-0.28235748,2.5816722,1.23361,1.2517213,100.83597,14.285718,13.933175,20.239792,346.86447,296.49197,11.92,3.16,4.721,14.16,15.08,0.0,91.0772,2.0,0.0,294.375,200.25,6092.0,0.0,-3.2421875,1.3735352,516.1284,19999.441,20000.502,1100.0834,575.2486,106.52497,102.54035,0.0,-3.45446,3.0,72.239685,22.557955,2.2499971,2.2499971,6.436,0.0,6.421875,1.0656128,0.0,0.0,0.0,0.0,0.0,2.2265625,2.0507812,1.875,2.0898438,1.1484703,1.1017014,1.0065614,1.1245899,1.2019532,1.4106966,1.1161212,1.4673839,1.2093538,1.05272,1.232929,1.2185092,1.0985733,1.298619,1.224384,1.5691615,0.8105469,0.7998047,79.00696,0.0,240.34665,243.94447,0.0,111.87843,99.90234,0.0,241.0993,240.16232,529.5,539.25,-3.45446,346.53125,0.0,349.5,79.82713,67.99996,195.85571,0.0,132.81,319.6875,13.723755,-1.3397217,54.693604,69.98749,2.836914,132.98,133.09,131.01,131.33,0
650463.94,-0.24588598,2.570169,1.2301093,1.2449814,100.83597,14.285718,13.919238,20.139025,346.89105,297.1961,11.92,3.202,4.721,14.16,15.122,0.0,91.05725,2.0,0.0,296.625,200.25,6106.0,0.0,-3.21875,1.3701172,514.8515,19766.477,20000.502,1100.0834,576.30994,109.59821,102.307205,0.0,-3.388568,3.0,73.72131,22.557798,2.2499971,2.2499971,6.364,0.0,6.2421875,1.0622559,0.0,0.0,0.0,0.0,0.0,2.2460938,2.0507812,1.8945312,2.0898438,1.1535821,1.1017777,1.0145724,1.1274891,1.1917297,1.4068055,1.1142138,1.4702067,1.2086672,1.0052644,1.2175937,0.9820706,1.097963,1.2401007,1.2092012,1.2646677,0.80859375,0.7998047,79.00696,0.0,239.65207,242.58461,0.0,111.890594,99.90234,0.0,240.46082,239.69798,529.5,539.25,-3.388568,345.28125,0.0,348.78125,79.82713,67.99996,195.57495,0.0,133.14,318.6875,13.711548,-0.44555664,54.577637,70.73517,2.8149414,133.3,133.46,131.17,131.65,0
650464.0,-0.19670878,2.5843177,1.2180183,1.2386229,100.83597,14.285718,13.921201,19.87072,349.13705,299.75723,11.92,3.239,4.721,14.16,15.159,0.0,91.04129,2.0,0.0,293.625,200.25,6119.0,0.0,-3.2421875,1.3674927,513.28436,20109.291,20000.502,1100.0834,576.30994,104.299515,100.7176,0.0,-3.1796043,3.0,70.77942,22.557657,2.2499971,2.2499971,6.424,0.0,6.0,1.057373,0.0,0.0,0.0,0.0,0.0,2.2460938,2.0703125,1.9140625,2.0507812,1.1555657,1.1205462,1.0244144,1.1062791,1.179675,1.4293889,1.115816,1.440299,1.1927215,1.333486,1.3170062,0.9625391,1.0835432,1.6449226,1.3080033,1.2395667,0.8076172,0.7998047,79.08325,0.0,237.80267,241.77899,0.0,111.901535,99.90234,0.0,238.71956,239.1756,529.5,539.25,-3.1796043,342.40625,0.0,346.28125,79.82713,67.99996,194.16504,0.0,133.51,317.21875,13.687134,-0.20751953,54.382324,70.71686,2.7978516,133.91,133.62,131.9,131.8,0
650464.06,-0.13736704,2.5899773,1.2100093,1.2169619,100.8368,14.285718,13.910856,19.718811,349.27686,300.85736,11.92,3.281,4.721,14.16,15.201,0.0,91.02852,2.0,0.0,297.375,200.25,6139.0,0.0,-3.25,1.3533936,507.97763,20211.18,20000.502,1100.0834,577.63666,102.307205,100.01817,0.0,-3.1686835,3.0,69.81964,22.557531,2.2499971,2.2499971,6.3,0.0,5.234375,1.0386353,0.0,0.0,0.0,0.0,0.0,2.2460938,2.0507812,1.9335938,2.0703125,1.1521324,1.1029984,1.0308995,1.1161975,1.1639582,1.4030671,1.1136798,1.4538796,1.2687876,0.9353017,1.0222019,1.2681773,1.1525903,1.1537347,1.0151827,1.6330968,0.80566406,0.7998047,79.08325,0.0,236.75642,238.17323,0.0,111.911385,99.90234,0.0,237.63335,238.4708,529.5,539.25,-3.1686835,343.34375,0.0,344.59375,79.82713,67.99996,193.5852,0.0,133.88,311.59375,13.711548,1.5960693,54.98047,73.1308,2.7856445,134.06,133.8,132.33,132.17,0
650464.06,-0.109893635,2.573491,1.2051097,1.21196,100.837555,14.285718,13.903615,19.59004,347.52484,299.88464,11.92,3.322,4.721,14.16,15.242,0.0,91.0183,2.0,0.0,298.5,200.25,6150.0,0.0,-3.265625,1.3518677,506.83337,19800.97,20000.502,1100.0834,577.63666,105.65598,99.827415,0.0,-3.003697,3.0,71.04492,22.557417,2.2499971,2.2499971,6.252,0.0,4.96875,1.0362549,0.0,0.0,0.0,0.0,0.0,2.2070312,1.9921875,1.9726562,2.03125,1.153811,1.087663,1.055848,1.1165789,1.1545739,1.3799497,1.1338979,1.4538796,0.95078963,0.9711605,1.1925689,1.2158389,0.8637369,1.1979858,1.1844053,1.5658045,0.80566406,0.7998047,79.167175,0.0,235.86957,237.22763,0.0,111.92025,99.90234,0.0,236.72955,238.05621,529.5,539.25,-3.003697,341.09375,0.0,342.78125,79.82713,67.99996,193.10303,0.0,134.13,310.875,13.751221,1.8920898,55.145264,73.52142,2.788086,134.39,134.5,132.44,132.87,0
650464.1,-0.047914907,2.5668964,1.200363,1.2037786,100.838234,14.285718,13.898546,19.529526,347.52667,300.76392,11.92,3.36,4.721,14.16,15.28,0.0,91.01013,2.0,0.0,294.375,200.25,6168.0,0.0,-3.2890625,1.3477173,505.2828,19760.639,20000.502,1100.0834,577.63666,108.15697,99.42471,0.0,-2.8717077,3.0,72.25037,22.557314,2.2499971,2.2499971,6.344,0.0,4.5390625,1.0315552,0.0,0.0,0.0,0.0,0.0,2.1875,2.0117188,1.9726562,2.0703125,1.142977,1.0994126,1.0629435,1.1352712,1.1341268,1.3861295,1.133669,1.4806592,1.433814,1.1119249,1.1477073,1.5071336,1.3025101,1.3029679,1.1397727,1.9408712,0.8066406,0.7998047,79.167175,0.0,235.45312,236.15028,0.0,111.92823,99.90234,0.0,236.34813,237.39287,529.5,539.25,-2.8717077,339.03125,0.0,340.5,79.82713,67.99996,192.8894,0.0,134.49,309.46875,13.812256,2.7130127,55.511475,74.75128,2.788086,134.61,134.89,132.6,132.94,0
650464.1,0.021668073,2.5642586,1.1996068,1.199667,100.83967,14.285718,13.889138,19.515133,347.83966,301.57166,11.92,3.403,4.721,14.16,15.323,0.0,91.00359,2.0,0.0,295.5,200.25,6179.0,0.0,-3.25,1.3449097,504.22977,20054.102,20000.502,1100.0834,578.698,106.90647,99.55189,0.0,-2.7661161,3.0,71.26007,22.557222,2.2499971,2.2499971,6.308,0.0,4.46875,1.0321655,0.0,0.0,0.0,0.0,0.0,2.2070312,2.0507812,1.9921875,2.0898438,1.1599908,1.125124,1.0759137,1.1462578,1.1427481,1.4121462,1.1410697,1.4953841,1.2548257,1.3135729,1.1693752,1.2327001,1.1399252,1.5393301,1.1612879,1.5874723,0.80371094,0.7998047,79.167175,0.0,235.35535,235.35919,0.0,111.93541,99.90234,0.0,236.21545,236.98657,529.5,539.25,-2.7661161,337.78125,0.0,339.1875,79.82713,67.99996,192.81616,0.0,134.88,309.65625,13.861084,1.8127441,55.51758,73.86932,2.788086,135.22,134.97,133.3,133.13,0
650464.2,0.117334455,2.5632033,1.2002344,1.1836014,100.84096,14.285718,13.894272,19.547066,348.03802,302.6715,11.92,3.439,4.721,14.16,15.359,0.0,90.99837,2.0,0.0,298.125,200.625,6198.0,0.0,-3.1640625,1.3356323,500.73892,20382.057,20000.502,1100.0834,578.698,102.074066,99.29755,0.0,-2.837893,3.0,68.93005,22.55714,2.6249967,2.6249967,6.22,0.0,4.4296875,1.019165,0.0,0.0,0.0,0.0,0.0,2.2460938,2.0507812,1.9921875,2.0898438,1.1803616,1.1304647,1.0704967,1.144274,1.1516746,1.4107729,1.1301595,1.4927901,1.5280385,0.9511711,1.2728313,1.3214313,1.3881133,1.1146716,1.2640574,1.7016861,0.7988281,0.7998047,79.2511,0.0,235.57675,232.4079,0.0,111.94187,99.90234,0.0,236.53882,236.30666,529.5,539.25,-2.837893,340.03125,0.0,337.1875,79.82713,67.99996,193.38379,0.0,135.28,305.75,13.900757,0.34484863,56.47583,73.38104,2.788086,135.56,135.14,133.62,133.57,0
650464.25,0.19386756,2.5440314,1.1896242,1.1677475,100.84129,14.285718,13.886147,19.268661,346.10846,302.25607,11.92,3.481,4.721,14.16,15.401,0.0,90.99419,2.0,0.0,298.5,200.625,6224.0,0.0,-3.09375,1.3284912,497.49686,20259.47,20000.502,1100.0834,580.02466,101.099106,99.21277,0.0,-2.8953145,3.0,68.07251,22.557066,2.6249967,2.6249967,6.188,0.0,4.15625,1.0075684,0.0,0.0,0.0,0.0,0.0,2.2851562,1.9921875,2.0117188,2.0898438,1.2020295,1.1143664,1.0769818,1.1683834,1.1669337,1.3833066,1.1325246,1.5291066,1.4341955,1.2880903,0.9083696,1.859617,1.3028153,1.5094987,0.9021134,2.3948271,0.7988281,0.7998047,79.2511,0.0,233.65808,229.39592,0.0,111.947685,99.90234,0.0,234.67319,235.36139,529.5,539.25,-2.8953145,341.65625,0.0,334.6875,79.82713,67.99996,192.42554,0.0,135.65,302.28125,13.903809,-0.08544922,57.30591,73.716736,2.7929688,135.9,135.95,133.74,134.01,0
650464.25,0.27509406,2.5363626,1.1886891,1.1608381,100.8416,14.285718,13.886318,19.320217,346.1282,303.2932,11.92,3.52,4.721,14.16,15.44,0.0,90.99084,2.0,0.0,297.0,200.625,6245.0,0.0,-3.2109375,1.3254395,496.3526,19518.652,20000.502,1100.0834,580.02466,108.07219,98.64051,0.0,-2.7850015,3.0,71.04492,22.557,2.6249967,2.6249967,6.2,0.0,3.9140625,1.0042725,0.0,0.0,0.0,0.0,0.0,2.2851562,1.9921875,2.03125,2.109375,1.2001984,1.1094072,1.0904098,1.179675,1.1592278,1.3713284,1.1423666,1.5437553,1.3840696,1.1445793,1.0859083,1.3152514,1.2572671,1.3412681,1.0784314,1.6937515,0.8017578,0.7998047,79.34265,0.0,234.01375,228.5733,0.0,111.95292,99.90234,0.0,235.0629,234.57367,529.5,539.25,-2.7850015,338.03125,0.0,331.875,79.82713,67.99996,192.7185,0.0,135.94,301.28125,13.873291,-0.43945312,57.556152,73.51532,2.7978516,136.23,136.62,133.95,134.24,0
650464.3,0.34007525,2.514545,1.1804698,1.1584643,100.84187,14.285718,13.886438,19.22176,344.5704,302.3633,11.92,3.56,4.721,14.16,15.48,0.0,90.98816,2.0,0.0,294.375,200.625,6254.0,0.0,-3.1953125,1.3242188,495.89655,19924.617,20000.502,1100.0834,580.02466,105.232086,98.958435,0.0,-2.6967514,3.0,69.67621,22.556938,2.6249967,2.6249967,6.26,0.0,3.53125,1.0028076,0.0,0.0,0.0,0.0,0.0,2.2851562,1.9921875,2.03125,2.0898438,1.2037079,1.1102464,1.0989548,1.1718166,1.1570916,1.3626306,1.1464866,1.5326161,1.4054322,1.058671,1.3071641,0.9111925,1.2767223,1.2406348,1.2981613,1.1734188,0.8046875,0.7998047,79.34265,0.0,233.33537,229.02211,0.0,111.95763,99.90234,0.0,234.28346,234.1425,529.5,539.25,-2.6967514,335.5625,0.0,329.78125,79.82713,67.99996,191.58936,0.0,136.48,300.84375,13.845825,-0.30212402,57.666016,73.72284,2.7929688,136.62,136.81,134.5,134.5,0
650464.3,0.33206022,2.505818,1.1749616,1.1504526,100.841286,14.285718,13.874804,19.133713,344.54968,303.5054,11.92,3.603,4.721,14.16,15.523,0.0,90.986015,2.0,0.0,296.25,200.625,6278.0,0.0,-3.2734375,1.3237915,495.18344,19896.49,20000.502,1100.0834,581.3513,106.71572,98.23781,0.0,-2.626151,3.0,70.00275,22.556885,2.9999962,2.6249967,6.188,0.0,3.140625,0.9971924,0.0,0.0,0.0,0.0,0.0,2.2851562,1.9726562,2.03125,2.03125,1.1958495,1.121233,1.1119249,1.163653,1.1436636,1.3717098,1.1562524,1.5211719,1.1422141,1.2518501,1.3057145,0.89242387,1.0376135,1.4670024,1.2240788,1.1492332,0.8017578,0.7998047,79.34265,0.0,232.72789,227.99191,0.0,111.96187,99.90234,0.0,232.80754,233.32991,529.5,539.25,-2.626151,334.25,0.0,327.09375,79.82713,67.99996,191.64429,0.0,137.0,299.15625,13.839722,0.17700195,58.02002,74.531555,2.7978516,137.15,136.73,134.88,134.68,0
650464.4,0.2656482,2.4648273,1.1773409,1.1398128,100.84076,14.285718,13.890097,19.211237,340.92255,300.9322,11.92,3.639,4.721,14.16,15.559,0.0,90.9843,2.0,0.0,297.375,200.625,6291.0,0.0,-3.265625,1.3192139,493.46707,20081.695,20000.502,1100.0834,581.3513,105.29567,98.55573,0.0,-2.569671,3.0,69.31915,22.556835,2.6249967,2.6249967,6.144,0.0,3.171875,0.9857178,0.0,0.0,0.0,0.0,0.0,2.2851562,1.9726562,2.0703125,2.0507812,1.1979858,1.1244373,1.1342031,1.1682308,1.1406119,1.3713284,1.1696041,1.5361258,1.2852675,1.2938125,0.972076,1.1532006,1.167544,1.5162127,0.91134506,1.5533684,0.79785156,0.7998047,79.426575,0.0,233.26172,225.89685,0.0,111.96568,99.90234,0.0,233.57039,232.89874,529.5,539.25,-2.569671,333.875,0.0,326.09375,79.82713,67.99996,192.51099,0.0,137.21,295.71875,13.839722,-0.08544922,58.80127,75.04425,2.8027344,137.15,137.19,135.08,135.27,0
650464.44,0.21251856,2.448431,1.176709,1.1448147,100.84029,14.285718,13.883224,19.20538,340.77307,301.32623,11.92,3.68,4.721,14.16,15.6,0.0,90.982925,2.0,0.0,297.75,201.0,6302.0,0.0,-3.21875,1.3244019,494.8352,19869.426,20000.502,1100.0834,582.14734,105.1685,97.53838,0.0,-2.6807368,3.0,69.25812,22.556791,2.6249967,2.9999962,6.128,0.0,3.09375,0.9937134,0.0,0.0,0.0,0.0,0.0,2.2851562,1.9726562,2.0507812,2.0703125,1.2012665,1.1216145,1.1307698,1.1795224,1.1389334,1.3627832,1.1518272,1.5579461,1.2349889,1.0650034,1.1270313,1.4328221,1.1219196,1.2481117,1.056611,1.9300374,0.796875,0.7998047,79.426575,0.0,233.22087,227.03557,0.0,111.96912,99.90234,0.0,233.96838,232.49245,529.5,539.25,-2.6807368,340.03125,0.0,325.09375,79.82713,67.99996,192.59033,0.0,137.31,298.125,13.827515,-0.8178711,58.22754,73.60382,2.8027344,137.44,137.84,134.97,135.62,0
650464.44,0.13001484,2.4231224,1.1780496,1.135574,100.83986,14.285718,13.890131,19.238798,339.29092,300.11084,11.92,3.721,4.721,14.16,15.641,0.0,90.98183,2.0,0.0,296.625,201.0,6304.0,0.0,-3.28125,1.3185425,492.64618,19999.973,20000.502,1100.0834,582.14734,103.60009,97.0721,0.0,-2.7695894,3.0,68.11371,22.556751,2.6249967,2.9999962,6.156,0.0,3.0078125,0.98083496,0.0,0.0,0.0,0.0,0.0,2.3046875,1.9726562,2.0703125,2.0898438,1.2058442,1.125658,1.1423666,1.1915008,1.1391623,1.3644618,1.1555657,1.5799191,0.96917677,1.3031205,1.3819333,0.85458153,0.88044554,1.5271229,1.2955673,1.1511406,0.7988281,0.7998047,79.489136,0.0,233.4508,225.15102,0.0,111.972206,99.90234,0.0,234.34981,232.16907,529.5,539.25,-2.7695894,335.40625,0.0,323.59375,79.82713,67.99996,192.92603,0.0,137.59,294.25,13.812256,-1.4892578,59.11255,73.79608,2.8076172,137.6,137.96,135.67,135.61,0
650464.5,0.044011872,2.394249,1.1697749,1.1252733,100.83947,14.285718,13.894966,19.017612,337.45255,299.2423,11.92,3.76,4.721,14.16,15.68,0.0,90.98095,2.0,0.0,295.875,201.0,6320.0,0.0,-3.3046875,1.3145142,491.1371,20053.57,20000.502,1100.0834,582.14734,104.63863,96.521034,0.0,-2.6844215,3.0,68.6142,22.556715,2.9999962,2.9999962,6.16,0.0,2.7734375,0.9694824,0.0,0.0,0.0,0.0,0.0,2.2851562,2.03125,2.109375,2.0507812,1.1973754,1.154345,1.1561761,1.1728847,1.127718,1.3995575,1.1625086,1.560235,1.1877623,1.4048982,1.4209964,1.0054933,1.0789654,1.6463722,1.332189,1.3543907,0.80078125,0.7998047,79.489136,0.0,231.9258,223.26099,0.0,111.97499,99.90234,0.0,232.09445,231.80423,529.5,539.25,-2.6844215,338.3125,0.0,322.28125,79.82713,67.99996,193.36548,0.0,137.93,290.84375,13.78479,-2.2033691,59.88159,73.817444,2.8125,138.27,137.86,136.13,135.9,0
650464.56,-0.0447905,2.3639495,1.1653707,1.1162019,100.83913,14.285718,13.880773,19.031435,335.8038,298.3457,11.92,3.803,4.721,14.16,15.723,0.0,90.98025,2.0,0.0,297.375,201.0,6332.0,0.0,-3.1953125,1.3103027,489.01437,19966.01,20000.502,1100.0834,582.94336,104.40549,96.224304,0.0,-2.7725372,3.0,68.50128,22.63187,3.3749957,2.9999962,6.1,0.0,2.5703125,0.95788574,0.0,0.0,0.0,0.0,0.0,2.2851562,2.0117188,2.1289062,2.03125,1.2005799,1.1445029,1.1717403,1.158999,1.1273365,1.3833066,1.1727321,1.5433738,1.2626841,1.0932326,1.0684367,1.0901809,1.147097,1.2810712,1.0016785,1.468452,0.796875,0.7998047,79.489136,0.0,232.02074,222.36787,0.0,111.97749,99.90234,0.0,232.16907,231.38965,529.5,539.25,-2.7725372,337.59375,0.0,321.1875,79.82713,67.99996,191.54663,0.0,138.23,287.375,13.735962,-0.3479004,60.65674,76.3504,2.8173828,138.54,138.01,136.43,136.49,0
650464.56,-0.1158324,2.3518298,1.162179,1.1128956,100.83881,14.285718,13.888415,18.949892,335.78067,298.98474,11.92,3.84,4.721,14.16,15.76,0.0,90.97969,2.0,0.0,297.0,201.375,6346.0,0.0,-3.1484375,1.310791,488.64954,19924.617,20000.502,1100.0834,582.94336,104.935356,96.01236,0.0,-2.8430297,3.0,68.36853,22.69951,3.3749957,3.3749957,6.1,0.0,2.703125,0.9562378,0.0,0.0,0.0,0.0,0.0,2.3046875,1.953125,2.1679688,2.0117188,1.2106508,1.1351949,1.1940185,1.1670862,1.1345083,1.3682002,1.1899748,1.5579461,1.2041657,1.1105516,1.5262073,1.2821393,1.093843,1.301442,1.4308385,1.7270161,0.7949219,0.7998047,79.537964,0.0,231.45836,221.74464,0.0,111.979744,99.90234,0.0,232.22713,230.85896,529.5,539.25,-2.8430297,338.25,0.0,319.59375,79.82713,67.99996,191.36963,0.0,138.55,286.875,13.690186,-0.5859375,60.754395,76.20697,2.8222656,138.47,138.64,136.52,136.77,0
650464.6,-0.13266593,2.328232,1.184657,1.1153117,100.83853,14.285718,13.876187,19.54496,395.36362,352.92596,11.92,3.88,4.721,14.16,15.8,0.0,90.97924,2.0,0.0,295.875,201.375,6362.0,0.0,-3.0234375,1.3116455,489.5119,20056.223,20000.502,1100.0834,584.0047,103.5577,95.10098,0.0,-2.8994238,4.0,67.70477,22.760387,2.9999962,3.3749957,6.116,0.0,2.828125,0.96466064,0.0,0.0,0.0,0.0,0.0,2.3242188,1.9726562,2.1484375,2.0117188,1.2211032,1.139849,1.1894407,1.1658655,1.1415274,1.3711758,1.178912,1.5601587,1.5605402,1.0947585,1.0737773,0.9399558,1.4176394,1.2829022,1.0066377,1.2661936,0.7988281,0.7998047,79.537964,0.0,235.55981,221.96921,0.0,111.98177,99.90234,0.0,235.94183,230.27025,529.5,539.25,-2.8994238,335.9375,0.0,317.59375,79.82713,67.99996,194.31152,0.0,138.62,289.40625,13.623047,-7.1105957,60.22339,69.02313,2.824707,138.79,139.25,137.03,137.24,0
650464.6,-0.12613274,2.3187928,1.1631924,1.1051382,100.83828,14.285718,13.885206,18.954071,395.3973,354.01013,11.92,3.921,4.721,14.16,15.841,0.0,90.97888,2.0,0.0,299.25,201.375,6381.0,0.0,-3.0078125,1.3070679,487.7955,19966.01,20000.502,1100.0834,584.0047,104.7658,96.58462,0.0,-2.944539,4.0,67.89856,22.815176,3.3749957,3.3749957,6.012,0.0,2.90625,0.95996094,0.0,0.0,0.0,0.0,0.0,2.3242188,1.953125,2.1875,1.9921875,1.2203403,1.136263,1.2063782,1.1611353,1.1384757,1.36347,1.1912718,1.5552758,1.1087968,1.3263142,1.1020066,1.0350957,1.007248,1.554284,1.033112,1.3942168,0.79785156,0.7998047,79.61578,0.0,231.48662,220.03897,0.0,111.9836,99.90234,0.0,232.68315,229.58205,529.5,539.25,-2.944539,336.71875,0.0,315.1875,79.82713,67.99996,192.03491,0.0,139.07,288.0,13.565063,-2.7038574,60.577393,73.71979,2.8271484,139.25,139.32,137.6,137.24,0
650464.7,-0.12090619,2.2962673,1.1607901,1.0972538,100.83805,14.285718,13.89152,18.941803,393.2473,352.19553,11.92,3.958,4.721,14.16,15.878,0.0,90.97859,2.0,0.0,295.5,201.375,6383.0,0.0,-3.078125,1.3017578,485.82205,19876.855,20000.502,1100.0834,584.0047,106.60975,97.26285,0.0,-2.9806314,4.0,68.78815,22.864485,3.3749957,3.3749957,6.104,0.0,2.5078125,0.9628906,0.0,0.0,0.0,0.0,0.0,2.3632812,1.9726562,2.1679688,1.9726562,1.2421607,1.1477836,1.2014954,1.1469444,1.1588464,1.3746853,1.1807431,1.536965,1.5194933,1.1386282,1.9401083,0.94132906,1.3803312,1.3343252,1.8188754,1.2679484,0.79785156,0.7998047,79.61578,0.0,231.40184,218.90523,0.0,111.98524,99.90234,0.0,232.60855,229.14258,529.5,539.25,-2.9806314,338.0,0.0,313.5,79.82713,67.99996,191.90063,0.0,139.38,288.875,13.470459,-2.8625488,60.473633,73.368835,2.8271484,139.89,139.32,137.96,137.6,0
650464.75,-0.13672495,2.287257,1.161274,1.1046295,100.837845,14.285718,13.88422,18.924147,393.83044,350.61798,11.92,4.001,4.721,14.16,15.921,0.0,90.97836,2.0,0.0,297.0,201.375,6345.0,0.0,-3.1953125,1.2997437,485.63135,19283.033,20000.502,1100.0834,584.5354,112.28995,96.58462,0.0,-3.009505,4.0,71.91315,22.908863,3.3749957,3.3749957,6.076,0.0,2.4140625,0.953125,0.0,0.0,0.0,0.0,0.0,2.6367188,2.109375,2.2265625,2.1875,1.2681773,1.1194018,1.2325475,1.1577783,1.1706722,1.363241,1.2095827,1.5411612,1.3972687,0.8815137,1.6897078,1.6230259,1.2693217,1.0330358,1.5841154,2.1862364,0.7988281,0.7998047,79.61578,0.0,231.27992,220.18555,0.0,111.98672,99.90234,0.0,231.39795,229.2255,529.5,539.25,-3.009505,336.90625,0.0,315.78125,79.82713,67.99996,191.02783,0.0,139.7,285.9375,13.415527,-0.5950928,61.102295,76.10016,2.8271484,139.79,139.52,138.05,138.27,0
650464.75,-0.10937996,2.2836528,1.1718651,1.1100978,100.83766,14.285718,13.88497,19.301163,393.7453,351.26035,11.92,4.039,4.721,14.16,15.959,0.0,90.97818,2.0,0.0,294.75,201.375,6358.0,0.0,-3.4453125,1.303772,487.14044,19321.242,20000.502,1100.0834,584.5354,113.77358,96.16072,0.0,-3.032604,4.0,72.62726,22.948805,3.3749957,3.3749957,6.156,0.0,2.2734375,0.96539307,0.0,0.0,0.0,0.0,0.0,2.6171875,2.1875,2.578125,2.34375,1.2579538,1.1615168,1.3112078,1.2510109,1.1653315,1.3795682,1.234226,1.5963225,1.1060503,1.1738765,1.6091402,1.0395209,1.0048066,1.3756008,1.5085069,1.4001678,0.80078125,0.7998047,79.65088,0.0,233.87848,221.6635,0.0,111.988045,99.90234,0.0,234.49905,229.43279,529.5,539.625,-3.032604,334.875,0.0,318.875,79.82713,67.99996,192.72461,0.0,139.75,289.625,13.299561,-5.7006836,60.290527,70.21332,2.8271484,139.25,139.79,138.05,138.52,0
650464.8,-0.08750397,2.2072113,1.1645308,1.1001362,100.837494,14.285718,13.8737755,19.157646,384.15417,343.45874,11.92,4.081,4.721,14.16,16.001,0.0,90.978035,2.0,0.0,292.875,201.375,6372.0,0.0,-3.5546875,1.3050537,486.49368,19794.602,20000.502,1100.0834,584.27,111.08185,95.927574,0.0,-3.0510833,4.0,70.94269,22.98475,3.3749957,3.3749957,6.176,0.0,1.9921875,0.94696045,0.0,0.0,0.0,0.0,0.0,2.6171875,2.3242188,2.578125,2.265625,1.2571145,1.2413214,1.3073167,1.2048523,1.1622797,1.4177157,1.2324712,1.5787747,0.970016,1.4067292,1.2220187,1.1066606,0.88113225,1.6485084,1.1456474,1.4906539,0.79785156,0.7998047,79.65088,0.0,232.88907,220.18245,0.0,111.98924,99.90234,0.0,233.83572,229.28354,529.5,539.625,-3.0510833,330.84375,0.0,315.0,79.82713,67.99996,192.7124,0.0,139.46,284.09375,13.217163,-4.7943115,61.40747,72.099304,2.8271484,139.68,140.11,138.64,138.43,0
650464.9,-0.070003174,1.9891346,1.1704496,1.1063676,100.83734,14.285718,13.883517,19.248497,358.5777,319.53516,11.92,4.12,4.721,14.16,16.04,0.0,90.97792,2.0,0.0,298.125,201.375,6351.0,0.0,-3.4765625,1.3070679,486.701,20270.084,20000.502,1100.0834,584.27,106.90647,95.67324,0.0,-3.0658667,4.0,69.31915,23.017103,3.3749957,3.3749957,6.056,0.0,2.2109375,0.9482422,0.0,0.0,0.0,0.0,0.0,2.5195312,2.3046875,2.5195312,2.2265625,1.21149,1.2312505,1.2808423,1.1857023,1.142443,1.4159609,1.2213321,1.5732051,1.3276112,1.2898451,1.2020295,1.2139314,1.2059968,1.5114824,1.1268787,1.6351568,0.7949219,0.7998047,79.64325,0.0,233.51514,220.91287,0.0,111.99032,99.90234,0.0,234.17569,229.34987,529.5,539.625,-3.0658667,333.25,0.0,316.0,79.82713,67.99996,192.40723,0.0,139.99,284.46875,13.140869,-5.230713,61.297607,71.458435,2.8271484,140.16,139.95,138.89,138.52,0
650464.9,-0.07600254,1.8081539,1.1828147,1.1626185,100.837204,14.285718,13.937212,19.30998,346.9806,296.0557,11.92,4.16,4.721,14.16,16.08,0.0,90.97783,2.0,0.0,0.0,185.625,6081.0,0.0,-3.921875,1.3549805,494.4289,23114.486,20000.502,1100.0834,584.27,0.0,80.26463,0.0,-2.4526935,4.0,0.0,23.04622,2.2499971,-13.124983,0.0,0.0,1.84375,0.8442383,0.0,0.0,0.0,0.0,0.0,2.5195312,2.421875,2.4804688,2.3828125,1.2103456,1.2452124,1.2365911,1.1824979,1.1382468,1.4267949,1.2022583,1.5744259,1.0896467,0.8284886,0.9755093,1.0567635,0.9898527,0.9708553,0.9144732,1.4234378,0.7890625,1.0,56.295776,0.0,233.9388,230.00064,0.0,111.99129,99.90234,0.0,234.48247,239.72285,720.0,539.625,-2.4526935,-68.8125,0.0,324.09375,79.82713,67.99996,189.9292,0.0,140.28,253.28125,13.070679,-2.1728516,69.25049,82.533264,2.8564453,140.63,140.0,138.84,138.94,0
650464.94,-0.08080203,1.7357616,1.2468216,1.4749024,100.83708,14.285718,13.980658,19.715916,352.73563,267.21194,11.92,4.202,4.721,14.16,16.122,0.0,90.97775,2.0,0.0,0.0,183.0,5399.0,0.0,-6.90625,1.475769,524.4865,23090.076,20000.502,1100.0834,568.88055,0.0,85.626915,0.0,-1.9621547,4.0,0.0,23.072426,0.0,-14.624981,0.0,0.0,2.5625,0.557251,0.0,0.0,0.0,0.0,0.0,2.4804688,2.5390625,2.4609375,2.3632812,1.1554894,1.1754024,1.1635767,1.0901046,1.1254292,1.4011596,1.1797513,1.5214008,0.96025026,1.0516518,0.940795,0.78995955,1.066682,1.3542382,1.0450141,1.0640116,0.99902344,1.0,56.295776,0.0,236.73674,279.23172,0.0,111.99216,99.90234,0.0,236.771,260.93317,720.0,543.0,-1.9621547,-60.5,0.0,380.875,79.82713,67.99996,183.30688,0.0,140.5,167.1875,13.082886,23.379517,84.92432,99.998474,2.9956055,140.75,140.63,139.05,139.32,0
650464.94,-0.064641625,1.7255547,1.284356,1.6002481,100.836975,14.285718,13.940757,19.70809,361.02377,246.5417,11.92,4.239,4.721,14.16,16.159,0.0,90.97769,2.0,0.0,0.0,182.25,4867.0,0.0,-6.2109375,1.477417,517.21466,19436.398,20000.502,1100.0834,568.88055,123.459595,106.03749,0.0,-1.5697238,4.0,84.34296,23.09601,-2.6249967,-13.874982,0.0,0.0,6.484375,0.49121094,0.0,0.0,0.0,0.0,0.0,2.2265625,2.2851562,2.34375,2.3828125,1.0788891,1.0877393,1.1438925,1.0649271,1.1101701,1.3670558,1.1766232,1.5074388,0.71389335,0.789044,0.8204013,0.72289616,0.8806744,1.0628672,1.0565346,1.1002518,1.9375,0.7998047,78.55835,0.0,236.6827,292.37903,0.0,111.99294,99.90234,0.0,236.61345,272.7489,720.0,543.0,-1.5697238,205.8125,0.0,428.6875,79.82713,67.99996,174.23706,0.0,140.74,147.375,12.997437,35.65979,87.127686,99.998474,3.1445312,140.91,141.35,139.1,139.32,0
650465.0,-0.0117133,1.7214719,1.3463643,1.6011384,100.836876,14.285718,13.901108,20.895857,365.49576,232.467,11.92,4.28,4.721,14.16,16.2,0.0,90.977646,2.0,0.0,317.25,194.25,4533.0,0.0,-3.578125,1.2437744,468.44254,19569.598,20000.502,1100.0834,531.7335,133.82385,115.02408,0.0,-1.2557791,4.0,90.99121,23.117237,-3.7499952,-3.7499952,7.244,0.0,10.359375,0.81811523,0.0,0.0,0.0,0.0,0.0,1.9726562,2.2070312,2.2070312,2.0703125,0.9977111,1.0475318,1.0632486,0.98489356,1.0856794,1.3431754,1.1551843,1.4607462,0.6889448,0.78095675,0.78194857,0.723888,0.76523995,0.8674754,0.8686198,0.9750515,1.9999695,0.7998047,78.55835,0.0,244.86974,288.93207,0.0,111.99365,99.90234,0.0,244.84717,277.61615,516.75,539.625,-1.2557791,368.84375,0.0,440.0,79.82713,67.99996,174.04175,0.0,141.12,245.4375,12.911987,33.068848,71.59424,99.998474,3.359375,141.29,141.56,139.58,139.47,0
650465.06,0.05062936,1.7573388,1.4002993,1.601308,100.83679,14.285718,13.926087,22.326944,371.83148,234.14897,11.92,4.321,4.721,14.16,16.241,0.0,90.97761,2.0,0.0,319.125,194.25,4488.0,0.0,-3.203125,1.201416,452.4975,19735.166,20000.502,1100.0834,531.7335,138.50789,119.83529,0.0,-1.0046233,4.0,93.4021,23.136341,-3.7499952,-3.7499952,7.224,0.0,11.4140625,1.0368652,0.0,0.0,0.0,0.0,0.0,1.953125,2.0898438,2.1289062,2.0703125,0.9796292,0.9799344,1.0254825,0.9887083,1.0762951,1.2937362,1.132372,1.4560158,0.852903,0.7402151,0.8874647,0.7392233,0.9004349,0.82223237,0.8813611,0.9957275,1.0292969,0.7998047,75.9613,0.0,254.734,290.32248,0.0,111.994286,99.90234,0.0,254.44904,278.42874,515.25,539.25,-1.0046233,380.8125,0.0,440.09375,79.82713,67.99996,180.0354,0.0,141.6,311.0625,12.826538,33.251953,57.51953,99.998474,3.395996,141.83,141.5,139.79,139.68,0
650465.06,0.060503487,1.7904356,1.4529625,1.6014352,100.836716,14.285718,13.931855,23.64098,375.29083,235.48486,11.92,4.36,4.721,14.16,16.28,0.0,90.97758,2.0,0.0,310.5,194.25,4472.0,0.0,-3.15625,1.2280884,462.53882,19925.146,20000.502,1100.0834,531.7335,141.11485,123.8623,0.0,-0.80369866,4.0,94.80133,23.153534,-3.7499952,-3.7499952,7.588,0.0,11.625,1.0890503,0.0,0.0,0.0,0.0,0.0,1.9335938,2.0507812,2.0898438,1.9921875,0.97268635,0.9597925,0.97924775,0.9431601,1.0682842,1.2742046,1.1079576,1.4175631,1.1030747,0.8765545,0.6557565,0.8426795,1.1645685,0.9736782,0.6512551,1.1351186,0.7988281,0.7998047,75.9613,0.0,263.7914,289.52008,0.0,111.99486,99.90234,0.0,263.59482,278.93454,514.5,539.25,-0.80369866,396.9375,0.0,440.09375,79.82713,67.99996,187.76245,0.0,141.96,326.71875,12.860107,19.86084,56.57959,90.93475,3.395996,142.16,141.61,140.16,140.16,0
650465.1,0.06840279,1.8411742,1.487397,1.6014352,100.83665,14.285718,13.924173,24.607634,380.63004,238.94188,11.92,4.404,4.721,14.16,16.324,0.0,90.977554,2.0,0.0,307.5,194.25,4474.0,0.0,-3.171875,1.2738037,479.76907,20064.184,20000.502,1100.0834,529.08014,140.58498,124.62531,0.0,-0.9554589,4.0,94.54651,23.169008,-3.7499952,-3.7499952,7.72,0.0,11.8828125,1.0529785,0.0,0.0,0.0,0.0,0.0,1.9140625,1.9921875,2.0703125,1.9335938,0.96139467,0.9285878,0.9665827,0.9176013,1.0613413,1.2391852,1.0959792,1.3961242,0.88220036,0.7828641,0.91599905,0.71976805,0.9313344,0.8696117,0.9096666,0.96955824,0.7753906,0.7998047,75.9613,0.0,270.45438,290.56702,0.0,112.095375,99.90234,0.0,270.38577,279.22476,514.125,539.25,-0.9554589,404.5,0.0,439.875,79.82713,67.99996,193.94531,0.0,142.04,315.90625,12.976074,7.336426,55.615234,77.95868,3.2788086,142.05,142.1,140.16,140.48,0
650465.2,0.05472223,1.8802197,1.5223966,1.601308,100.836586,14.285718,13.948093,25.484665,383.11148,242.5423,11.92,4.439,4.721,14.16,16.359,0.0,90.97753,2.0,0.0,306.0,194.25,4512.0,0.0,-3.390625,1.3103638,493.5417,20121.496,20000.502,1100.0834,529.08014,142.9376,127.82572,0.0,-1.0768671,4.0,95.38422,23.182934,-3.7499952,-3.7499952,7.744,0.0,11.953125,1.0253906,0.0,0.0,0.0,0.0,0.0,1.8945312,1.9726562,1.9921875,1.9140625,0.9489586,0.9209583,0.94453347,0.90592813,1.0516518,1.2252232,1.0733958,1.3728542,0.8149081,0.8799878,0.83436334,0.9969482,0.86030364,0.9774929,0.8286412,1.3428702,0.78125,0.7998047,75.779724,0.0,276.4996,290.3462,0.0,112.18584,99.90234,0.0,276.72064,279.2745,514.875,539.625,-1.0768671,408.5625,0.0,439.78125,79.82713,67.99996,198.55957,0.0,142.23,307.625,13.049316,0.28686523,56.481934,72.17255,2.9345703,142.55,142.94,140.48,140.54,0
650465.2,0.06377779,1.895838,1.5387422,1.6012232,100.836525,14.285718,13.953118,25.918617,383.32373,243.91373,11.92,4.481,4.721,14.16,16.401,0.0,90.977516,2.0,0.0,301.125,194.25,4535.0,0.0,-3.359375,1.3452148,506.65924,20198.443,20000.502,1100.0834,530.6722,143.89137,129.9452,0.0,-1.0177437,4.0,95.843506,23.195467,-3.7499952,-3.7499952,7.884,0.0,12.1796875,0.9764404,0.0,0.0,0.0,0.0,0.0,1.8945312,2.03125,1.9726562,1.953125,0.9463645,0.94460976,0.93698025,0.9198138,1.0479896,1.2156863,1.0575265,1.3727016,0.9285115,1.1456474,0.7473869,1.1033798,0.98023957,1.2725261,0.7421988,1.486305,0.8017578,0.7998047,75.779724,0.0,279.49072,290.51352,0.0,112.26725,99.90234,0.0,279.72226,279.14185,514.875,539.25,-1.0177437,407.71875,0.0,439.59375,79.82713,67.99996,200.354,0.0,142.73,292.9375,13.079834,-0.54016113,58.99048,74.11041,2.758789,143.21,143.44,140.96,141.02,0
650465.25,0.05102223,1.9770852,1.5455436,1.6012232,100.83647,14.285718,13.956635,26.096313,393.99072,250.81183,11.92,4.52,4.721,14.16,16.44,0.0,90.9775,2.0,0.0,297.0,194.25,4537.0,0.0,-3.3671875,1.3574219,510.67245,20135.293,20000.502,1100.0834,530.6722,145.3538,131.42883,0.0,-0.814195,4.0,96.54846,23.206747,-3.7499952,-3.7499952,8.028,0.0,12.34375,0.9425049,0.0,0.0,0.0,0.0,0.0,1.71875,1.9726562,1.9726562,2.0117188,0.9376669,0.91371024,0.9313344,0.9517052,1.0368506,1.1933318,1.0488288,1.3778896,0.8651865,0.8396277,0.8919661,1.0144198,0.91348135,0.93263143,0.88578624,1.3664454,0.8076172,0.7998047,75.87738,0.0,280.7155,290.4312,0.0,112.34052,99.90234,0.0,280.87485,279.0092,515.25,539.25,-0.814195,407.75,0.0,439.6875,79.82713,67.99996,200.12207,0.0,143.47,282.75,13.043213,-1.0681152,60.931396,75.3952,2.7294922,143.44,143.44,141.29,141.24,0
650465.25,0.020817786,2.0845842,1.5493356,1.6011809,100.836426,14.285718,13.9532385,26.119324,404.3992,258.00522,11.92,4.56,4.721,14.16,16.48,0.0,90.97749,2.0,0.0,297.375,194.25,4547.0,0.0,-3.296875,1.3724976,513.97253,20223.385,20000.502,1100.0834,530.6722,143.91257,131.38644,0.0,-0.651356,4.0,95.70007,23.2169,-3.7499952,-3.7499952,8.0,0.0,12.59375,0.9268799,0.0,0.0,0.0,0.0,0.0,1.7382812,1.796875,1.796875,1.8359375,0.9477379,0.915465,0.9363699,0.9520867,1.0470741,1.1786069,1.0431831,1.3736172,1.1728084,1.0369269,0.85252154,0.8831159,1.238117,1.1518272,0.84664685,1.1895933,0.8076172,0.7998047,75.87738,0.0,280.87408,290.0561,0.0,112.40647,99.90234,0.0,281.06552,278.85992,515.25,539.25,-0.651356,411.125,0.0,439.59375,79.82713,67.99996,200.31738,0.0,143.61,278.0625,12.982178,-1.6479492,61.694336,75.51727,2.734375,143.88,143.32,141.67,141.73,0
650465.4,-0.04334577,2.165084,1.5554066,1.601096,100.83638,14.285718,13.939142,26.232456,409.12347,262.3396,11.92,4.601,4.721,14.16,16.521,0.0,90.977486,2.0,0.0,295.875,194.625,4570.0,0.0,-3.2890625,1.3828735,516.68396,20057.285,20000.502,1100.0834,531.2028,146.2016,132.34021,0.0,-0.5210848,4.0,96.80328,23.226038,-3.3749957,-3.3749957,8.024,0.0,13.0390625,0.9258423,0.0,0.0,0.0,0.0,0.0,1.7773438,1.796875,1.8164062,1.8359375,0.9732204,0.9153887,0.9378195,0.9554437,1.0741588,1.1702907,1.0390631,1.3708705,1.2984664,0.8783093,0.96932936,1.1092546,1.3708705,0.9755856,0.9626154,1.4941634,0.80078125,0.7998047,75.87738,0.0,281.65384,289.6566,0.0,112.46583,99.90234,0.0,281.9279,278.64435,515.625,539.25,-0.5210848,414.40625,0.0,439.1875,79.82713,67.99996,201.14136,0.0,143.7,277.75,12.887573,-3.17688,61.608887,73.84491,2.734375,143.99,143.82,141.77,141.94,0
650465.44,-0.094676614,2.2160335,1.5495645,1.601096,100.83634,14.285718,13.952712,26.146738,411.74524,264.3096,11.92,4.64,4.721,14.16,16.56,0.0,90.97748,2.0,0.0,294.0,194.625,4575.0,0.0,-3.1171875,1.3862915,517.3639,20110.883,20000.502,1100.0834,531.2028,143.99734,130.87778,0.0,-0.41686782,4.0,95.74127,23.23426,-3.3749957,-3.3749957,8.072,0.0,13.171875,0.92059326,0.0,0.0,0.0,0.0,0.0,1.7773438,1.796875,1.8554688,1.8359375,0.9718471,0.91943234,0.9622339,0.952163,1.0703441,1.1608301,1.0580605,1.3621728,0.94605935,1.0526437,0.8217746,1.2616922,0.9988556,1.1692226,0.8161288,1.6994736,0.80371094,0.7998047,75.92621,0.0,281.06296,290.08383,0.0,112.51925,99.90234,0.0,281.27283,278.4536,515.625,539.25,-0.41686782,414.3125,0.0,439.1875,79.82713,67.99996,200.07935,0.0,144.01,276.1875,12.832642,-1.1901855,61.895752,76.06964,2.734375,144.22,144.5,142.0,142.1,0
650465.44,-0.1357413,2.2364135,1.5556309,1.6010537,100.83631,14.285718,13.927054,26.216284,412.28226,264.94357,11.92,4.681,4.721,14.16,16.601,0.0,90.97747,2.0,0.0,291.75,194.625,4580.0,0.0,-3.046875,1.3873291,517.7702,20092.309,20000.502,1100.0834,531.7335,145.67172,132.78531,0.0,-0.33349428,4.0,96.39435,23.241661,-3.3749957,-3.3749957,8.16,0.0,12.1796875,0.9260254,0.0,0.0,0.0,0.0,0.0,1.8164062,1.7773438,1.8359375,1.8554688,0.99588007,0.9076829,0.9554437,0.966659,1.0959792,1.1406882,1.0461586,1.3772793,1.4737927,0.9814603,0.82917523,0.9942016,1.5559624,1.0901809,0.8234531,1.3391317,0.8046875,0.7998047,75.92621,0.0,281.5423,289.44138,0.0,112.56732,99.90234,0.0,281.74548,278.32095,515.625,539.25,-0.33349428,414.3125,0.0,439.1875,79.82713,67.99996,200.5249,0.0,144.41,277.8125,12.780762,-3.4973145,61.535645,73.33832,2.7441406,144.5,144.96,142.55,142.6,0
650465.5,-0.14859304,2.2820654,1.5553147,1.601096,100.83628,14.285718,13.926672,26.203972,417.6238,268.20038,11.92,4.722,4.721,14.16,16.642,0.0,90.97746,2.0,0.0,292.875,194.625,4577.0,0.0,-3.0546875,1.3865356,517.4551,20018.016,20000.502,1100.0834,531.7335,146.32877,132.72171,0.0,-0.26679543,4.0,96.71173,23.248322,-3.3749957,-3.3749957,8.104,0.0,11.5,0.9257202,0.0,0.0,0.0,0.0,0.0,1.796875,1.796875,1.8554688,1.8359375,0.98519874,0.910811,0.9652857,0.96017396,1.0823988,1.1316091,1.0518807,1.3646907,0.78545815,0.9097429,1.1725795,1.0116731,0.8292515,1.0105287,1.2379644,1.3627069,0.80078125,0.7998047,75.9613,0.0,281.4574,289.5646,0.0,112.61059,99.90234,0.0,281.74548,278.22974,515.625,539.25,-0.26679543,414.3125,0.0,439.1875,79.82713,67.99996,200.38452,0.0,144.77,277.71875,12.710571,-3.2318115,61.566162,73.576355,2.7441406,144.83,144.83,143.1,142.98,0
650465.56,-0.13887443,2.319076,1.5563653,1.6010537,100.83625,14.285718,13.920546,26.135626,420.29614,270.5063,11.92,4.76,4.721,14.16,16.68,0.0,90.97746,2.0,0.0,292.875,194.625,4587.0,0.0,-3.0078125,1.3894653,518.5662,19954.865,20000.502,1100.0834,531.7335,146.47713,132.21304,0.0,-0.21343635,4.0,96.78345,23.254316,-3.3749957,-3.3749957,8.1,0.0,11.53125,0.92559814,0.0,0.0,0.0,0.0,0.0,1.8359375,1.7773438,1.8554688,1.8359375,1.0135806,0.906157,0.9678798,0.95689327,1.1133746,1.1203173,1.0534829,1.3537041,1.1692989,0.8364233,1.0260929,0.8538186,1.2345312,0.92904556,1.0833143,1.1500725,0.7998047,0.7998047,75.9613,0.0,280.98627,288.82498,0.0,112.64953,99.90234,0.0,281.22305,278.13025,515.625,539.25,-0.21343635,414.125,0.0,439.09375,79.82713,67.99996,200.49438,0.0,145.09,277.6875,12.661743,-1.6906738,61.535645,75.06256,2.7392578,145.46,145.01,143.36,143.48,0
650465.56,-0.11109954,2.3526306,1.5520296,1.6010114,100.83623,14.285718,13.916257,26.099049,422.7973,272.70932,11.92,4.801,4.721,14.16,16.721,0.0,90.97746,2.0,0.0,291.375,194.625,4597.0,0.0,-2.9453125,1.3927612,519.18805,20103.984,20000.502,1100.0834,531.99884,144.61198,131.87393,0.0,-0.17074908,4.0,95.884705,23.259712,-3.3749957,-3.3749957,8.164,0.0,11.390625,0.9279175,0.0,0.0,0.0,0.0,0.0,1.8359375,1.796875,1.875,1.8359375,1.0148013,0.908217,0.9798581,0.9562829,1.1127641,1.112459,1.0652323,1.3495842,1.082704,1.0324254,1.2425421,0.8393225,1.1430533,1.1468681,1.3118181,1.1306173,0.7988281,0.7998047,75.9613,0.0,280.73413,289.29672,0.0,112.68458,99.90234,0.0,280.908,278.01416,516.0,538.875,-0.17074908,413.875,0.0,438.875,79.82713,67.99996,200.1831,0.0,145.42,278.375,12.612915,-1.5411377,61.340332,74.998474,2.7416992,145.76,145.3,143.6,143.99,0
650465.6,-0.08887964,2.3848023,1.554388,1.6010114,100.836205,14.285718,13.930833,26.100668,425.3023,274.7428,11.92,4.84,4.721,14.16,16.76,0.0,90.97746,2.0,0.0,290.625,194.625,4604.0,0.0,-2.8984375,1.3944092,519.81824,20047.732,20000.502,1100.0834,531.99884,145.0147,131.81035,0.0,-0.29284924,4.0,96.07849,23.264568,-3.3749957,-3.3749957,8.164,0.0,11.484375,0.9291382,0.0,0.0,0.0,0.0,0.0,1.8554688,1.796875,1.8945312,1.8164062,1.0212864,0.9118791,0.98710614,0.938735,1.1167315,1.1119249,1.0727092,1.3198291,1.1007096,0.9766537,0.93698025,0.72182804,1.1621271,1.0848402,0.9892424,0.9723049,0.79589844,0.7998047,75.97504,0.0,280.74527,288.8123,0.0,112.71612,99.90234,0.0,280.94946,277.8898,516.0,538.875,-0.29284924,413.78125,0.0,439.0,79.82713,67.99996,200.47607,0.0,145.66,278.75,12.576294,-2.5665283,61.236572,73.84491,2.7441406,145.98,145.87,143.82,144.33,0
650465.6,-0.011103716,2.416421,1.5482457,1.6009688,100.83618,14.285718,13.923458,26.016148,427.99347,276.9016,11.92,4.88,4.721,14.16,16.8,0.0,90.97746,2.0,0.0,290.625,194.625,4611.0,0.0,-2.953125,1.3966064,520.63916,20091.78,20000.502,1100.0834,532.5295,144.76035,132.0223,0.0,-0.2342794,4.0,95.81299,23.344126,-3.3749957,-3.3749957,8.148,0.0,11.84375,0.93133545,0.0,0.0,0.0,0.0,0.0,1.8945312,1.796875,1.8554688,1.796875,1.0261692,0.914168,0.9722286,0.9340047,1.1209277,1.1052109,1.0539407,1.3080033,0.8349737,0.9053941,0.74189365,0.91958493,0.9275196,1.0057222,0.7832456,1.2386512,0.79785156,0.7998047,75.97504,0.0,280.16266,288.95688,0.0,112.74451,99.90234,0.0,280.36902,277.7571,516.0,538.875,-0.2342794,413.53125,0.0,438.78125,79.82713,67.99996,200.57983,0.0,146.12,279.40625,12.530518,-2.355957,61.065674,73.87543,2.7392578,146.34,146.63,144.22,144.39,0
650465.7,0.07111703,2.4290686,1.546952,1.6009688,100.83617,14.285718,13.930015,26.022034,428.33295,277.30157,11.92,4.92,4.721,14.16,16.84,0.0,90.97746,0.0,0.0,291.0,194.625,4614.0,0.0,-2.9765625,1.3964844,520.58936,20116.19,20000.502,1100.0834,532.5295,144.9723,132.63693,0.0,-0.18742351,4.0,95.91522,23.415728,-3.3749957,-3.3749957,8.124,0.0,12.8671875,0.9329834,0.0,0.0,0.0,0.0,0.0,1.8554688,1.7773438,1.8554688,1.796875,1.0116731,0.9076829,0.9642939,0.9333944,1.1066606,1.0891126,1.0441749,1.3047227,0.9223316,0.8816663,0.89478904,0.92271304,1.0244907,0.97940034,0.94460976,1.2428473,0.80078125,0.7998047,76.01776,0.0,280.20322,289.7176,0.0,112.77006,99.90234,0.0,280.4602,277.65762,516.0,538.875,-0.18742351,413.4375,0.0,438.78125,79.82713,67.99996,200.08545,0.0,146.47,279.90625,12.487793,-1.9866943,60.961914,74.079895,2.7416992,146.39,146.75,144.56,144.61,0
650465.75,0.15689361,2.4153774,1.5466398,1.6009265,100.83615,14.285718,13.928744,25.979795,426.27426,276.68652,11.92,4.96,4.721,14.16,16.88,0.0,90.97746,0.0,0.0,291.0,194.625,4626.0,0.0,-2.9921875,1.3989868,521.51807,20096.023,20000.502,1100.0834,532.5295,144.25168,131.74675,0.0,-0.1499388,4.0,95.56732,23.48017,-3.3749957,-3.3749957,8.124,0.0,12.640625,0.93518066,0.0,0.0,0.0,0.0,0.0,1.8554688,1.796875,1.8359375,1.796875,1.0115968,0.9095903,0.95506215,0.9285878,1.1074998,1.0875105,1.031815,1.2935836,1.1490043,0.9519341,0.8481727,0.83566034,1.2763408,1.0574502,0.8954757,1.125658,0.79785156,0.7998047,76.01776,0.0,279.91205,289.36926,0.0,112.79305,99.90234,0.0,280.0954,277.53323,516.375,538.875,-0.1499388,413.34375,0.0,438.6875,79.82713,67.99996,200.19531,0.0,146.78,280.5625,12.442017,-1.1505127,60.784912,74.72992,2.7490234,146.99,147.03,145.01,144.96,0
650465.75,0.16551489,2.391151,1.5476614,1.6009265,100.836136,14.285718,13.910277,26.00351,424.24768,275.31155,11.92,5.002,4.721,14.16,16.922,0.0,90.97746,0.0,0.0,290.625,194.625,4625.0,0.0,-2.953125,1.3982544,521.25275,20096.023,20000.502,1100.0834,533.0602,144.73915,132.4038,0.0,-0.11995105,4.0,95.80231,23.538168,-3.3749957,-3.3749957,8.124,0.0,12.4296875,0.93725586,0.0,0.0,0.0,0.0,0.0,1.875,1.7773438,1.8359375,1.796875,1.0215915,0.89662015,0.9535363,0.9263752,1.1222248,1.0654612,1.0289922,1.2883955,1.113985,0.7187762,1.0945296,0.8843366,1.2374303,0.7984283,1.1555657,1.1911955,0.7988281,0.7998047,76.01776,0.0,280.0755,289.45667,0.0,112.81375,99.90234,0.0,280.31927,277.41714,516.375,538.875,-0.11995105,413.25,0.0,438.78125,79.82713,67.99996,200.28076,0.0,147.14,281.1875,12.4053955,-2.6519775,60.668945,73.08197,2.7514648,147.45,147.03,145.24,145.3,0
650465.8,0.15241191,2.3627105,1.5470927,1.6009265,100.83612,14.285718,13.909069,25.952753,421.64014,274.32938,11.92,5.039,4.721,14.16,16.959,0.0,90.97746,0.0,0.0,292.125,194.625,4637.0,0.0,-3.03125,1.4008179,522.198,20082.227,20000.502,1100.0834,533.0602,143.91257,131.93752,0.0,-0.09596084,4.0,95.40405,23.590366,-3.3749957,-3.3749957,8.06,0.0,12.328125,0.94018555,0.0,0.0,0.0,0.0,0.0,1.8945312,1.7578125,1.8359375,1.7773438,1.0255588,0.8950179,0.9542992,0.915465,1.1280994,1.0601206,1.028687,1.2699322,0.980087,0.86488134,0.85580224,0.9373617,1.0886549,0.960708,0.90348667,1.2626078,0.79785156,0.7998047,76.04523,0.0,279.72562,289.10846,0.0,112.832375,99.90234,0.0,279.96274,277.31766,516.375,538.875,-0.09596084,413.15625,0.0,438.6875,79.82713,67.99996,200.37231,0.0,147.34,282.0625,12.37793,-2.34375,60.461426,73.16742,2.7514648,147.81,147.27,145.18,145.64,0
650465.9,0.12192953,2.3138342,1.5494412,1.6008418,100.836105,14.285718,13.908223,25.962929,416.93616,272.55585,11.92,5.08,4.721,14.16,17.0,0.0,90.97746,0.0,0.0,291.0,194.625,4659.0,0.0,-2.921875,1.4064941,524.3207,20030.752,20000.502,1100.0834,533.8562,143.23433,130.7294,0.0,-0.23301867,4.0,94.9234,23.637344,-3.3749957,-3.3749957,8.076,0.0,12.8046875,0.9423828,0.0,0.0,0.0,0.0,0.0,1.875,1.7578125,1.8359375,1.7578125,1.0235752,0.8937972,0.9610895,0.9110399,1.1271076,1.05272,1.0360113,1.2620738,1.0308232,0.94934005,1.004654,1.266041,1.145037,1.0544747,1.0606546,1.7053483,0.7998047,0.7998047,76.04523,0.0,279.79575,288.78244,0.0,112.84914,99.90234,0.0,279.9876,277.13525,516.375,538.875,-0.23301867,412.65625,0.0,438.28125,79.82713,67.99996,201.35498,0.0,147.7,282.71875,12.347412,-2.7374268,60.321045,72.6944,2.7490234,147.86,147.81,145.53,145.87,0
650465.9,0.11754362,2.2942839,1.5483704,1.6008418,100.8361,14.285718,13.925209,25.942335,417.5495,273.13257,11.92,5.119,4.721,14.16,17.039,0.0,90.97746,0.0,0.0,291.75,194.625,4662.0,0.0,-3.015625,1.4058228,524.0636,19972.908,20000.502,1100.0834,533.8562,143.93376,130.83539,0.0,-0.18641494,4.0,95.26062,23.679625,-3.3749957,-3.3749957,8.052,0.0,12.9296875,0.9435425,0.0,0.0,0.0,0.0,0.0,1.875,1.7578125,1.8359375,1.7773438,1.0193789,0.89333946,0.9588006,0.92004275,1.1235981,1.0492103,1.0317388,1.2743572,0.9188983,1.0921645,0.8807507,0.8038453,1.0207523,1.2131685,0.9298085,1.0827802,0.7998047,0.7998047,76.101685,0.0,279.65378,288.70322,0.0,112.86422,99.90234,0.0,279.93787,276.986,516.75,539.25,-0.18641494,412.71875,0.0,438.375,79.82713,67.99996,201.30615,0.0,148.12,283.0625,12.310791,-2.56958,60.247803,72.74017,2.746582,148.16,148.52,146.27,146.11,0
650465.94,0.114034906,2.3052137,1.5482491,1.6007993,100.83609,14.285718,13.919521,25.837263,419.93878,275.5204,11.92,5.16,4.721,14.16,17.08,0.0,90.97746,0.0,0.0,289.125,194.625,4676.0,0.0,-3.0234375,1.4072876,525.1996,20105.576,20000.502,1100.0834,533.8562,142.02623,130.39029,0.0,-0.14913195,4.0,94.18793,23.717676,-3.3749957,-3.3749957,8.14,0.0,12.625,0.9503784,0.0,0.0,0.0,0.0,0.0,1.875,1.7773438,1.8554688,1.7773438,1.0228885,0.90676737,0.9673457,0.92248416,1.1286335,1.0611124,1.0403601,1.2764934,1.1013962,1.0157168,1.0467689,1.2578012,1.2233921,1.1281757,1.1051346,1.6942092,0.80078125,0.7998047,76.101685,0.0,278.92953,287.99765,0.0,112.8778,99.90234,0.0,279.0755,276.84503,516.75,539.25,-0.14913195,412.5,0.0,438.28125,79.82713,67.99996,201.19629,0.0,148.35,285.125,12.283325,-1.1962891,59.814453,73.68317,2.7441406,148.28,148.64,146.57,146.27,0
650465.94,0.11122793,2.3095856,1.5480458,1.6007993,100.83608,14.285718,13.897962,25.840677,420.70868,275.84842,11.92,5.202,4.721,14.16,17.122,0.0,90.97746,0.0,0.0,291.375,194.625,4673.0,0.0,-3.0546875,1.4046631,524.8348,20143.785,20000.502,1100.0834,534.1215,141.7083,130.7082,0.0,-0.27555555,4.0,94.03534,23.751923,-3.3749957,-3.3749957,8.024,0.0,12.1953125,0.9522705,0.0,0.0,0.0,0.0,0.0,1.875,1.796875,1.875,1.796875,1.0169375,0.91218436,0.97398335,0.937438,1.1227589,1.0654612,1.0476081,1.2967117,0.942092,0.96177614,1.121233,0.94918746,1.0464637,1.0682842,1.183795,1.2786298,0.79589844,0.7998047,76.101685,0.0,278.95306,288.19543,0.0,112.89002,99.90234,0.0,279.23306,276.70407,516.75,539.25,-0.27555555,412.40625,0.0,438.28125,79.82713,67.99996,201.28784,0.0,148.57,285.6875,12.255859,-2.3986816,59.692383,72.34955,2.7490234,148.58,148.69,146.91,146.91,0
650466.0,0.08898234,2.2925844,1.5455269,1.6007993,100.836075,14.285718,13.906307,25.785887,418.31445,274.80682,11.92,5.24,4.721,14.16,17.16,0.0,90.97746,0.0,0.0,289.875,194.625,4682.0,0.0,-3.0625,1.4059448,525.3074,20057.285,20000.502,1100.0834,534.1215,141.75069,129.88162,0.0,-0.37669444,4.0,94.055176,23.782745,-3.3749957,-3.3749957,8.076,0.0,12.1875,0.95562744,0.0,0.0,0.0,0.0,0.0,1.875,1.8164062,1.8554688,1.8164062,1.0137331,0.9266804,0.96482795,0.94781417,1.1195544,1.0792706,1.0360876,1.311513,0.87266344,1.2012665,0.9177539,0.75410086,0.96932936,1.3343252,0.9689479,1.0157931,0.796875,0.7998047,76.12915,0.0,278.57538,288.16116,0.0,112.901024,96.38672,0.0,278.75217,276.58798,516.75,539.25,-0.37669444,412.28125,0.0,438.1875,79.82713,67.99996,201.09863,0.0,148.83,286.6875,12.234497,-2.105713,59.47876,72.43805,2.746582,149.18,148.77,147.03,147.16,0
650466.06,0.07118588,2.2670338,1.543025,1.4570138,100.8369,14.285718,13.90629,25.676582,415.83075,274.05038,11.92,5.28,4.721,14.16,17.2,0.0,90.97746,0.0,80.0766,291.75,195.0,4697.0,0.0,-2.9375,1.329834,496.87497,19959.64,20000.502,1100.0834,534.38684,144.44243,131.70436,0.0,-0.45760554,4.0,95.35217,23.810486,-2.9999962,-2.9999962,8.0,0.0,12.5390625,0.8440552,0.0,0.0,0.0,0.0,0.0,1.8554688,1.8164062,1.8359375,1.8164062,1.0009155,0.9298085,0.9545281,0.94140536,1.105974,1.0788128,1.0243381,1.3002212,0.8949416,0.88876176,0.8330663,1.0177004,0.99412525,0.98718244,0.87953,1.3707942,0.796875,0.7998047,76.12915,0.0,277.82278,262.9344,0.0,112.91092,65.52734,0.0,278.0639,276.43872,517.125,538.875,-0.45760554,415.65625,0.0,322.78125,79.82713,67.99996,201.33057,0.0,149.19,253.21875,12.2039795,-1.5167236,69.329834,82.59735,2.7416992,149.6,149.06,147.16,147.5,0
650466.06,0.056948703,2.2380636,1.5239288,1.2405729,100.83764,14.285718,13.894559,25.224928,413.70895,273.23248,11.92,5.321,4.721,14.16,17.241,0.0,90.97746,0.0,99.96643,291.375,195.0,4707.0,0.0,-2.8984375,1.2304077,460.2503,20115.658,20000.502,1100.0834,534.38684,138.80463,127.656166,0.0,-0.5223344,4.0,92.48352,23.835453,-2.9999962,-2.9999962,7.988,0.0,12.0,1.0744629,0.0,0.0,0.0,0.0,0.0,1.8554688,1.8359375,1.8164062,1.8554688,1.0019836,0.93362325,0.9486534,0.9667353,1.1076524,1.0814831,1.0166323,1.3372244,1.7945373,1.0185397,0.95605403,1.4111544,1.9933623,1.1313802,1.0093843,1.9008926,0.7939453,0.7998047,76.15051,0.0,274.71033,225.7584,0.0,112.91983,5.2734375,0.0,274.4736,254.20854,517.125,538.875,-0.5223344,415.46875,0.0,-11.5,79.36031,67.99996,201.12305,0.0,149.47,322.34375,12.17041,-7.6202393,56.451416,63.020325,2.8125,149.72,149.66,147.56,147.74,0
650466.1,0.06555896,2.2264755,1.3427662,1.077797,100.83831,14.285718,13.921504,20.657455,414.24924,273.06622,11.92,5.36,4.721,14.16,17.28,0.0,90.97746,0.0,99.998474,297.375,193.125,4698.0,0.0,-2.7890625,1.0645142,398.63428,19928.332,20000.502,1100.0834,534.38684,122.37866,109.36507,0.0,-0.5741175,4.0,84.721375,23.857924,-2.9999962,-5.2499933,7.78,0.0,12.1171875,1.4641724,0.0,0.0,0.0,0.0,0.0,1.9140625,1.8164062,1.8359375,1.875,1.0482948,0.92790115,0.9561303,0.9743648,1.1687648,1.0707256,1.0283818,1.3476769,1.3224994,0.9042496,1.0919356,1.1449608,1.468986,1.0044252,1.2129396,1.5423056,0.796875,0.7998047,76.15051,0.0,243.2279,197.40936,0.0,112.92785,0.0,0.0,245.13737,219.33344,517.125,538.875,-0.5741175,374.1875,0.0,-51.59375,45.28206,67.99996,176.26953,0.0,149.89,439.25,12.133789,-44.07959,38.415527,7.3654175,2.5097656,149.84,150.14,147.97,147.92,0
650466.2,0.09244717,2.24059,1.1362759,0.9092984,100.83974,14.285718,13.928646,15.518011,417.76736,272.92337,11.92,5.403,4.721,14.16,17.323,0.0,90.97746,0.0,99.998474,343.5,190.875,4656.0,0.0,-3.0546875,0.8568115,324.95377,19794.07,20000.502,1100.0834,533.8562,107.92382,93.36301,0.0,-0.459294,4.0,77.908325,23.878145,-1.1249986,-6.7499914,6.196,0.0,11.15625,1.34552,0.0,0.0,0.0,0.0,0.0,1.9140625,1.8164062,1.8359375,1.8554688,1.0431831,0.9267567,0.9562066,0.96704054,1.1628901,1.0674449,1.0305943,1.3344015,0.70748454,0.869688,0.84924084,0.90440226,0.7859159,0.96604866,0.89654386,1.218204,0.83203125,0.7998047,76.15051,0.0,207.8037,168.43037,0.0,112.93507,0.0,0.0,232.06128,183.69548,516.75,538.875,-0.459294,291.5,0.0,-48.875,27.542696,67.99996,158.1482,0.0,149.93,403.65625,12.060547,-52.713013,50.897217,10.244751,1.9116211,149.42,149.87,148.33,148.39,0
650466.2,0.13395773,2.208736,0.8733974,0.67975897,100.84102,14.285718,13.957084,9.0050125,412.7529,270.6899,11.92,5.438,4.721,14.16,17.358,0.0,90.97746,0.0,99.998474,363.375,190.5,4674.0,0.0,-4.8671875,0.57507324,239.73114,20705.766,20000.502,1100.0834,533.8562,77.742455,73.24916,0.0,0.10131478,4.0,63.21106,23.896345,2.6249967,-7.4999905,5.468,0.0,7.53125,1.3822021,0.0,0.0,0.0,0.0,0.0,1.8554688,1.796875,1.7578125,1.8359375,1.0102235,0.9109636,0.9498741,0.97055006,1.1258106,1.0482948,1.0217441,1.3383688,0.71190965,0.67017627,0.94789046,0.6699474,0.7907225,0.78538185,1.0007629,0.94018465,0.85546875,0.7998047,73.89374,0.0,162.91159,129.20496,0.0,112.94156,0.0,0.0,223.3798,135.45407,516.75,540.75,0.10131478,227.9375,0.0,-43.375,21.473967,67.99996,149.89014,0.0,149.53,414.65625,11.123657,-51.672363,9.997559,0.0,1.7041016,149.42,149.6,148.45,148.45,0
650466.25,0.14716619,1.9709945,0.65004337,0.47611955,100.84135,14.285718,13.97113,3.7413359,382.27142,248.9833,11.92,5.481,4.721,14.16,17.401,0.0,90.97746,0.0,99.998474,405.375,190.5,4642.0,0.0,-10.484375,0.23712158,170.75206,20093.9,19770.191,1100.0834,533.3255,64.220184,56.56887,0.0,0.70605177,4.0,57.089233,23.912725,14.624981,-7.87499,3.976,0.0,0.96875,1.3309326,0.0,0.0,0.0,0.0,0.0,1.796875,1.7578125,1.7578125,1.8359375,0.9863432,0.90913254,0.94338906,0.9546807,1.0961318,1.0419623,1.0113679,1.3128862,0.8171206,0.8234531,0.822385,0.94254977,0.8115511,0.7480736,0.81673914,1.2138551,0.8720703,0.7998047,66.68854,0.0,126.62997,95.15097,0.0,112.9474,0.0,0.0,216.02502,100.84429,516.375,546.375,0.70605177,160.71875,0.0,-34.59375,17.27254,67.99996,142.49878,0.0,149.59,399.28125,9.902954,-53.40271,0.0,0.0,1.4990234,149.3,149.36,148.45,148.58,0
650466.25,0.11773296,1.6321478,0.47981048,0.3383111,100.841644,14.285718,13.986822,-0.48369443,344.60013,225.07558,11.92,5.52,4.721,14.16,17.44,0.0,90.97746,0.0,99.998474,414.375,196.125,4655.0,0.0,-14.640625,0.14276123,147.54344,19876.855,19309.568,1100.0834,533.3255,45.52639,42.28359,0.0,1.3460914,4.0,49.05548,23.927467,16.874979,-1.4999981,3.648,0.0,-4.8515625,0.8798828,0.0,0.0,0.0,0.0,0.0,1.9140625,1.8554688,1.953125,1.9335938,0.9697108,0.9004349,0.95567256,0.960708,1.0708781,1.012665,1.0057222,1.3114367,0.65941864,0.81887543,1.1604487,1.1267262,0.5989929,0.7438773,0.9854276,1.189517,0.84277344,0.7998047,62.84027,0.0,97.50759,72.78333,0.0,112.95266,0.0,0.0,203.53764,100.84429,515.625,550.5,1.3460914,123.34375,0.0,-29.59375,14.004761,67.99996,134.33838,0.0,149.28,263.96875,8.682251,-52.76184,0.0,0.0,1.2670898,149.3,149.0,148.39,148.58,0
650466.3,0.07418637,1.2528591,0.3569989,0.21245648,100.84191,14.285718,13.997807,-3.43552,301.2141,196.10403,11.92,5.56,4.721,14.16,17.48,0.0,90.97746,0.0,99.998474,439.5,195.75,4640.0,0.0,-12.1875,0.10290527,133.8123,19856.691,18848.943,1100.0834,533.3255,27.934721,31.177523,0.0,1.3893732,4.0,40.846252,23.940735,20.624973,-3.3749957,2.668,0.0,-10.9921875,0.5322876,0.0,0.0,0.0,0.0,0.0,2.0703125,1.953125,2.0898438,2.1484375,0.96681166,0.90691996,0.95933473,0.9822232,1.0442512,1.0097657,1.0010681,1.3087664,1.0167086,0.868925,1.0416571,1.3012131,0.86335546,0.7893492,0.9143969,1.3737698,0.796875,0.7998047,60.232544,0.0,77.16125,49.487816,0.0,112.9574,0.0,0.0,189.38362,100.84429,513.75,549.0,1.3893732,75.5,0.0,-29.28125,11.670634,67.99996,124.42627,0.0,149.13,159.6875,7.461548,-53.503418,12.963867,0.0,1.0449219,149.21,148.94,148.16,148.58,0
650466.4,0.019349098,0.8573936,0.24398392,0.11572349,100.841324,14.285718,13.999637,-6.0544114,248.71408,160.03967,11.92,5.601,4.721,14.16,17.521,0.0,90.97746,0.0,99.998474,453.75,193.5,4586.0,0.0,-6.203125,0.07476807,122.469185,19647.605,18391.504,1100.0834,533.0602,13.691829,21.427923,0.0,1.1114986,4.0,34.768677,23.952677,28.124964,0.74999905,2.112,0.0,-19.03125,0.25720215,0.0,0.0,0.0,0.0,0.0,2.109375,2.03125,2.3046875,2.2070312,0.9600977,0.8999008,0.94155794,0.97405964,1.0283818,0.98496985,0.9810025,1.2863356,0.8702983,0.80415046,0.78393227,0.7859159,0.76394296,0.7305257,0.6657511,0.8297093,0.7685547,0.7998047,58.41217,0.0,59.108925,34.655704,0.0,112.961655,0.0,0.0,179.82326,100.836,512.625,542.625,1.1114986,20.15625,0.0,-29.6875,7.936031,67.99996,116.51611,0.0,149.07,77.15625,6.2408447,-56.173706,31.036377,0.0,0.8154297,148.64,148.82,148.33,148.39,0
650466.4,0.015479279,0.49295747,0.15999877,0.096605815,100.84079,14.285718,14.018496,-8.173297,186.23643,118.68751,11.92,5.639,4.721,14.16,17.559,0.0,90.97746,0.0,99.998474,468.375,212.625,4542.0,0.0,-5.546875,0.066101074,114.55056,18048.691,17938.842,1100.0834,533.0602,18.820965,15.323827,0.0,0.8891989,4.0,38.217163,23.963425,38.99995,15.74998,1.408,0.0,-20.476562,0.06561279,0.0,0.0,0.0,0.0,0.0,2.2265625,2.2851562,2.2460938,2.34375,0.9216449,0.9355306,0.91348135,0.94583046,0.9971008,0.9877928,0.9631495,1.2479591,0.73083085,0.7676051,0.7601282,0.9127184,0.66392004,0.67383844,0.6454566,0.96360725,0.82128906,0.7998047,57.90558,0.0,44.503143,32.469006,0.0,112.96549,0.0,0.0,171.73878,100.836,507.0,541.5,0.8891989,15.875,0.0,-31.875,6.535555,67.99996,110.406494,0.0,148.92,19.6875,5.0201416,-58.34961,73.2666,19.937134,0.7348633,148.33,148.77,148.28,148.28,0
650466.44,0.032383423,0.15968299,0.13428627,0.09427439,100.84031,14.285718,14.008259,-9.079618,0.0,0.0,11.92,5.68,4.721,14.16,17.6,0.0,90.97746,0.0,99.998474,476.625,217.125,4637.0,0.0,-7.0859375,0.06329346,110.33835,17923.982,17484.586,1100.0834,533.0602,11.741908,12.844037,0.0,1.1801091,4.0,34.779358,23.89791,40.12495,17.249977,1.06,0.0,-17.976562,0.050476074,0.0,0.0,0.0,0.0,0.0,2.2070312,2.2460938,2.2265625,2.265625,0.9078355,0.91165024,0.90264744,0.9107347,0.98390174,0.96490425,0.9417868,1.220264,0.8112459,0.89127946,0.96055543,1.1771573,0.76050967,0.83558404,0.84321356,1.242771,0.80371094,0.7998047,57.832336,0.0,38.255486,30.633627,0.0,112.96894,0.0,0.0,163.50507,100.836,505.5,542.25,1.1801091,7.46875,0.0,-33.28125,6.06873,67.99996,102.075195,0.0,148.5,15.15625,3.7994385,-53.652954,79.23584,29.382324,0.4248047,148.1,148.28,148.16,148.22,0
650466.5,0.02590674,-0.1798768,0.123445466,0.094104834,100.83988,14.285718,14.018672,-9.911392,0.0,0.0,11.92,5.719,4.721,14.16,17.639,0.0,90.97746,0.0,99.998474,482.625,210.0,4610.0,0.0,-9.21875,0.062316895,108.663414,17245.252,17023.963,1100.0834,533.0602,12.54731,11.678324,0.0,0.7878373,4.0,34.831238,23.838945,40.12495,11.999985,0.804,0.0,-11.046875,0.04840088,0.0,0.0,0.0,0.0,0.0,2.109375,2.1484375,2.1875,2.3242188,0.86472875,0.8628977,0.887541,0.9365225,0.95399404,0.94712746,0.9300374,1.2092012,0.6472877,0.6847486,0.8171969,0.88372624,0.6068513,0.80239564,0.7660792,0.98161286,0.7734375,0.7998047,57.75299,0.0,32.521732,27.393543,0.0,112.972046,0.0,0.0,154.84848,100.836,505.125,545.25,0.7878373,-3.375,0.0,-33.28125,6.535555,67.99996,93.59131,0.0,148.35,14.53125,2.5787354,-54.986572,80.02319,27.615356,0.625,148.39,148.58,148.04,148.16,0
650466.5,0.08072539,-0.44695073,0.11029017,0.09444394,100.83949,14.285718,14.025961,-10.313753,0.0,0.0,11.92,5.76,4.721,14.16,17.68,0.0,90.97746,0.0,99.998474,485.25,212.625,4655.0,0.0,-10.1328125,0.06347656,108.340034,17084.459,16563.34,1100.0834,533.0602,6.676356,10.6609745,0.0,0.6302699,4.0,30.82428,23.785877,40.12495,15.37498,0.704,0.0,-8.6171875,0.04852295,0.0,0.0,0.0,0.0,0.0,2.0898438,2.1484375,2.1484375,2.3632812,0.86488134,0.86785686,0.8637369,0.9541466,0.9468223,0.9499504,0.9110399,1.2014954,0.67017627,0.9028,0.75860226,0.85427636,0.6655985,1.0028229,0.711223,0.9489586,0.7949219,0.8613281,57.658386,0.0,29.747917,26.748045,0.0,112.97484,0.0,0.0,148.3809,100.836,505.125,546.375,0.6302699,-4.71875,0.0,-33.875,6.535555,67.99996,86.59668,0.0,148.42,14.5625,1.3580322,-52.76184,80.05371,28.649902,0.5419922,148.22,148.16,147.68,148.1,0
650466.56,0.12458031,-0.6287803,0.10224419,0.09444394,100.83914,14.285718,14.019344,-10.563807,0.0,0.0,11.92,5.802,4.721,14.16,17.722,0.0,90.97746,0.0,99.998474,487.125,214.5,4641.0,0.0,-9.6171875,0.06359863,107.3699,16224.7705,16102.716,1100.0834,533.5908,9.050171,9.389288,0.0,0.5042159,4.0,31.414795,23.738117,40.12495,16.499979,0.636,0.0,-8.0625,0.04498291,0.0,0.0,0.0,0.0,0.0,2.0507812,2.0703125,2.1289062,2.3632812,0.846952,0.8330663,0.85748076,0.9511711,0.93018997,0.9352254,0.90348667,1.1929504,0.89158463,0.6699474,0.8584726,0.93049514,0.88548106,0.7441825,0.8048371,1.0335698,0.78027344,0.86816406,57.19757,0.0,28.023973,26.557539,0.0,112.977356,0.0,0.0,142.82544,100.836,505.125,545.625,0.5042159,-6.40625,0.0,-34.1875,6.535555,67.99996,80.426025,0.0,148.3,13.5,0.1373291,-53.59497,81.518555,28.060913,0.69091797,148.39,148.39,147.22,147.86,0
650466.56,0.15966424,-0.72026217,0.099241406,0.09427439,100.83883,14.285718,14.026431,-10.65322,0.0,0.0,11.92,5.84,4.721,14.16,17.76,0.0,90.97746,0.0,99.998474,487.5,214.125,4631.0,0.0,-9.453125,0.06347656,106.71485,15820.398,15642.093,1100.0834,533.5908,7.6937056,8.435523,0.0,0.090872765,4.0,30.223083,23.695133,40.12495,16.124979,0.62,0.0,-8.2421875,0.042053223,0.0,0.0,0.0,0.0,0.0,2.03125,2.0507812,2.109375,2.3828125,0.82619977,0.82467383,0.8504616,0.96589607,0.9172961,0.9309529,0.890898,1.1857023,0.84992754,0.55764097,0.8003357,1.1541924,0.7968261,0.6534676,0.7503624,1.282063,0.7763672,0.875,57.157898,0.0,27.407337,26.472897,0.0,112.97962,0.0,0.0,138.23181,100.836,505.125,545.625,0.090872765,-8.125,0.0,-34.1875,6.535555,67.99996,75.512695,0.0,148.27,12.625,0.0,-54.35791,82.71484,28.356934,0.6616211,148.04,148.04,147.32,147.86,0
650466.6,0.1877314,-0.77560484,0.09740496,0.09427439,100.83855,14.285718,14.019673,-10.696185,0.0,0.0,11.92,5.88,4.721,14.16,17.8,0.0,90.97746,0.0,99.998474,488.25,213.375,4633.0,0.0,-9.3046875,0.06427002,106.35001,15376.226,15181.469,1100.0834,533.0602,7.0790567,8.944198,0.0,-0.5523017,4.0,29.234314,23.581259,40.12495,14.624981,0.6,0.0,-8.640625,0.04260254,0.0,0.0,0.0,0.0,0.0,2.0507812,1.953125,2.0898438,2.4023438,0.83901733,0.7738613,0.8442054,0.9686427,0.90814066,0.90905625,0.88380253,1.1812009,0.9078355,0.6519417,0.73090714,1.075227,0.85107195,0.76401925,0.68520635,1.1944,0.7861328,0.8457031,56.9458,0.0,27.11091,26.513851,0.0,112.98166,0.0,0.0,133.93669,100.836,505.125,545.25,-0.5523017,-9.46875,0.0,-34.09375,7.0023804,67.99996,70.92285,0.0,148.18,12.78125,0.0,-54.37317,82.53784,28.164673,0.6542969,147.74,148.28,147.39,147.68,0
650466.7,0.19018513,-0.79774195,0.098792456,0.09444394,100.838295,14.285718,14.032521,-10.65616,0.0,0.0,11.92,5.918,4.721,14.16,17.838,0.0,90.97746,0.0,99.998474,487.5,210.75,4635.0,0.0,-9.2578125,0.06463623,106.40806,14617.8955,14720.846,1100.0834,533.0602,10.10991,8.668665,0.0,-1.3793414,4.0,30.233765,23.478773,40.12495,12.749984,0.62,0.0,-8.578125,0.04144287,0.0,0.0,0.0,0.0,0.0,1.9140625,1.953125,1.8945312,2.2070312,0.8504616,0.77912563,0.8294041,0.9763485,0.8973831,0.91142136,0.8683146,1.1710536,0.72854203,0.6454566,0.81773096,0.87136644,0.6829938,0.75638974,0.76661325,0.9678798,0.7841797,0.85058594,57.167053,0.0,27.386543,26.632341,0.0,112.98349,0.0,0.0,129.90688,100.836,505.125,545.25,-1.3793414,-11.40625,0.0,-34.1875,7.0023804,67.99996,67.08374,0.0,148.05,12.4375,0.0,-53.875732,83.03223,29.156494,0.69091797,147.74,147.97,147.32,147.5,0
650466.7,0.21214812,-0.8253468,0.09829804,0.09427439,100.838066,14.285718,14.035655,-10.674852,0.0,0.0,11.92,5.96,4.721,14.16,17.88,0.0,90.97746,0.0,99.998474,487.875,208.875,4637.0,0.0,-9.046875,0.064941406,106.40806,14294.186,14260.222,1100.0834,533.0602,8.944198,8.923002,0.0,-1.884723,4.0,29.075623,23.386536,40.12495,10.499987,0.608,0.0,-8.2578125,0.041015625,0.0,0.0,0.0,0.0,0.0,1.8945312,1.7773438,1.875,2.1875,0.84901196,0.77096206,0.818265,0.9671931,0.890898,0.9020371,0.84893566,1.1565576,0.8215457,0.74525064,0.8003357,0.98367286,0.7701991,0.87335014,0.7502861,1.0926986,0.81933594,0.85546875,57.000732,0.0,27.257465,26.498129,0.0,112.98514,0.0,0.0,127.02136,100.836,505.125,545.25,-1.884723,-12.875,0.0,-34.0,7.469206,67.99996,62.713623,0.0,147.84,12.3125,0.0,-51.776123,83.22754,31.451416,0.5908203,147.62,147.81,147.22,147.5,0
650466.75,0.24971849,-0.83638877,0.09896004,0.09423199,100.83869,14.285718,14.026131,-10.670243,0.0,0.0,11.92,6.002,4.721,14.16,17.922,0.0,90.97746,0.0,99.998474,487.125,207.0,4611.0,0.0,-8.875,0.06530762,106.43293,14076.609,13799.599,1100.0834,532.79486,6.4220185,8.435523,0.0,-2.2890284,4.0,27.191162,23.303522,40.12495,8.624989,0.636,0.0,-8.140625,0.038208008,0.0,0.0,0.0,0.0,0.0,1.8945312,1.7578125,1.875,2.2070312,0.8442054,0.76424813,0.8215457,0.97596705,0.8770123,0.8941787,0.8484779,1.1599145,0.8149081,0.62584877,0.8953994,1.1554132,0.76394296,0.7334249,0.8393988,1.2834363,0.82421875,0.8613281,56.973267,0.0,27.289867,26.397202,0.0,112.986626,0.0,0.0,124.60846,100.84429,505.125,544.875,-2.2890284,-14.625,0.0,-34.0,7.469206,67.99996,59.344482,0.0,147.73,11.46875,0.0,-48.97461,84.39331,35.4187,0.5517578,147.5,147.45,147.09,147.39,0
650466.8,0.27977479,-0.84080553,0.09689305,0.09423199,100.83926,14.285718,14.031182,-10.724769,0.0,0.0,11.92,6.039,4.721,14.16,17.959,0.0,90.97746,0.0,99.998474,486.375,205.5,4614.0,0.0,-8.9296875,0.06591797,106.38319,13280.07,13338.976,1100.0834,532.79486,10.258274,8.68986,0.0,-2.6124728,4.0,28.712463,23.22881,40.12495,7.124991,0.648,0.0,-8.1796875,0.038024902,0.0,0.0,0.0,0.0,0.0,1.875,1.7382812,1.8554688,2.1875,0.83665216,0.7550164,0.8127718,0.9717708,0.86556804,0.88342106,0.8325322,1.1513695,0.74769205,0.7130541,0.78759444,0.9060044,0.70092314,0.83558404,0.7383078,1.0064088,0.82128906,0.8671875,56.921387,0.0,26.914597,26.413567,0.0,112.98796,0.0,0.0,122.311646,100.84429,504.75,544.875,-2.6124728,-16.15625,0.0,-33.875,7.469206,67.99996,56.33545,0.0,147.43,11.40625,0.0,-45.41626,84.503174,39.086914,0.52734375,147.27,146.99,146.63,147.16,0
650466.8,0.24381983,-0.82382226,0.09793103,0.09414723,100.84058,14.285718,14.01714,-10.701109,0.0,0.0,11.92,6.081,4.721,14.16,18.001,0.0,90.97746,0.0,99.998474,486.375,204.0,4607.0,0.0,-8.9921875,0.06616211,106.28368,12858.717,12858.717,1100.0834,532.5295,11.12726,8.901808,0.0,-2.0899782,4.0,28.860474,23.161568,40.12495,5.9999924,0.656,0.0,-8.25,0.037597656,0.0,0.0,0.0,0.0,0.0,1.8554688,1.7382812,1.8554688,2.1679688,0.8272679,0.7490654,0.8091859,0.9600214,0.8487068,0.8764782,0.82558936,1.1312276,0.7357137,0.64827955,0.7922484,0.80300605,0.6897841,0.7597467,0.7427329,0.8919661,0.82421875,0.8486328,54.232788,0.0,27.079004,26.3609,0.0,112.98917,0.0,0.0,120.31333,100.852585,504.75,544.875,-2.0899782,-17.65625,0.0,-33.78125,7.469206,67.99996,53.430176,0.0,147.14,11.28125,0.0,-42.266846,84.68628,42.419434,0.6298828,147.22,147.27,146.57,147.03,0
650466.9,0.21505587,-0.83577895,0.095232755,0.094104834,100.84178,14.285718,14.024889,-10.635681,0.0,0.0,11.92,6.118,4.721,14.16,18.038,0.0,90.97746,0.0,99.998474,486.75,204.0,4603.0,0.0,-9.140625,0.06591797,105.83593,12460.182,12460.182,1100.0834,532.5295,7.948043,7.3969784,0.0,-1.6719826,4.0,26.6922,23.101051,40.12495,5.9999924,0.648,0.0,-8.375,0.035095215,0.0,0.0,0.0,0.0,0.0,1.8554688,1.71875,1.875,2.1484375,0.82909894,0.7414359,0.81795985,0.94934005,0.8470283,0.8677043,0.82879376,1.1160449,0.9484245,0.69489586,1.031281,0.92256045,0.8891432,0.8142977,0.96681166,1.0247959,0.82910156,1.0,54.22821,0.0,27.531185,27.324175,0.0,112.99025,0.0,0.0,118.605225,100.852585,504.75,545.25,-1.6719826,-21.90625,0.0,-33.78125,7.469206,67.99996,50.927734,0.0,147.37,10.53125,0.0,-39.2334,85.69336,46.45996,0.63964844,146.75,147.03,146.57,146.99,0
650466.94,0.19204469,-0.8405616,0.087791726,0.094104834,100.84286,14.285718,14.036172,-10.549146,0.0,0.0,11.92,6.158,4.721,14.16,18.078,0.0,90.97746,0.0,99.998474,0.0,204.0,4604.0,0.0,-10.125,0.06616211,105.74472,11897.139,11897.139,1100.0834,532.5295,5.8073697,6.676356,0.0,-1.3375862,4.0,25.158691,23.046585,40.12495,5.9999924,0.0,0.0,-8.5234375,0.033081055,0.0,0.0,0.0,0.0,0.0,1.875,1.71875,1.875,2.1484375,0.8352026,0.74296176,0.818265,0.9499504,0.8468757,0.86984056,0.8259708,1.1110094,0.85755706,0.8130007,0.71213853,0.99412525,0.8039979,0.95277333,0.6676585,1.1042954,0.83496094,1.0,53.804016,0.0,28.128744,29.323755,0.0,112.99123,0.0,0.0,117.09613,100.852585,720.0,546.0,-1.3375862,-28.5625,0.0,-33.59375,7.469206,67.99996,48.443604,0.0,147.03,9.9375,0.0,-36.18164,86.52954,50.3479,0.6982422,146.63,146.86,146.39,146.57,0
650466.94,0.15363576,-0.86122465,0.09164975,0.094104834,100.843,14.285718,14.055789,-10.308106,0.0,0.0,11.92,6.201,4.721,14.16,18.121,0.0,90.97746,0.0,99.998474,0.0,204.0,4578.0,0.0,-10.203125,0.066101074,105.106255,11400.43,11400.43,1100.0834,531.99884,0.0,6.464408,0.0,-1.070069,4.0,0.0,22.997566,40.12495,5.9999924,0.0,0.0,-8.234375,0.032165527,0.0,0.0,0.0,0.0,0.0,1.8554688,1.71875,1.8554688,2.1484375,0.82879376,0.7360952,0.8069734,0.9457542,0.8375677,0.86243993,0.8096437,1.096437,0.72938126,0.55153733,0.6975662,1.0159457,0.68375677,0.64629585,0.65392536,1.0725566,0.9658203,1.0,53.804016,0.0,29.790342,30.300987,0.0,112.9921,0.0,0.0,115.60361,100.84429,720.0,546.375,-1.070069,-31.625,0.0,-33.375,7.469206,67.99996,46.514893,0.0,146.64,9.65625,0.0,-34.280396,86.88965,52.609253,0.7373047,146.68,146.75,146.34,146.52,0
650467.0,0.16290861,-0.8694899,0.09159811,0.09406243,100.84313,14.285718,14.08124,-10.3154,0.0,0.0,11.92,6.239,4.721,14.16,18.159,0.0,90.97746,0.0,99.998474,0.0,204.0,4580.0,0.0,-9.6953125,0.06707764,105.18917,11434.393,11434.393,1100.0834,531.99884,0.0,6.8459144,0.0,-0.8560552,4.0,0.0,22.95345,40.12495,5.9999924,0.0,0.0,-8.1640625,0.031677246,0.0,0.0,0.0,0.0,0.0,1.8359375,1.6796875,1.8359375,2.1289062,0.818265,0.72289616,0.79766536,0.93675137,0.8216983,0.8470283,0.7981994,1.0819409,0.7160296,0.628748,1.0334172,0.7682918,0.6712444,0.7368582,0.9688716,0.8111696,1.4628906,1.0,53.781128,0.0,29.740202,30.211708,0.0,112.9929,0.0,0.0,114.583725,100.84429,720.0,545.625,-0.8560552,-31.5625,0.0,-33.375,7.469206,67.99996,44.683838,0.0,146.73,9.5,0.0,-31.78711,87.13989,55.352783,0.59814453,146.34,146.45,145.94,146.52,0
650467.0,0.1503269,-0.891546,0.09246389,0.09406243,100.84242,14.285718,14.081477,-10.291473,0.0,0.0,11.92,6.28,4.721,14.16,18.2,0.0,90.97746,0.0,99.998474,0.0,204.0,4582.0,0.0,-9.4765625,0.06768799,105.12283,11492.236,11492.236,1100.0834,531.7335,0.0,7.0366673,0.0,-0.6848442,4.0,0.0,22.838556,40.12495,5.9999924,0.0,0.0,-7.9765625,0.030395508,0.0,0.0,0.0,0.0,0.0,1.8359375,1.6601562,1.8359375,2.1289062,0.81864655,0.7125963,0.806363,0.9340047,0.81811243,0.8349737,0.80300605,1.0701152,0.74822617,0.5207904,0.77943087,0.959411,0.70145726,0.61028457,0.73075455,1.0128939,1.9999695,1.0,53.356934,0.0,29.904423,30.211098,0.0,112.99361,0.0,0.0,113.456055,100.836,720.0,545.625,-0.6848442,-31.59375,0.0,-33.375,7.469206,67.99996,43.218994,0.0,146.41,9.125,0.0,-29.589844,87.68921,58.099365,0.6347656,146.52,146.45,145.53,146.27,0
650467.06,0.18026151,-0.9378684,0.09365319,0.09406243,100.84178,14.285718,14.099221,-10.271573,0.0,0.0,11.92,6.322,4.721,14.16,18.242,0.0,90.97746,0.0,99.998474,0.0,204.0,4578.0,0.0,-9.4296875,0.068725586,105.263794,11526.199,11526.199,1100.0834,531.7335,0.0,6.9942775,0.0,-0.54787534,4.0,0.0,22.735153,40.12495,5.9999924,0.0,0.0,-8.140625,0.028137207,0.0,0.0,0.0,0.0,0.0,1.8359375,1.640625,1.8359375,2.109375,0.81010145,0.7051957,0.80430305,0.9312581,0.805066,0.82627606,0.7987335,1.0629435,0.71671623,0.6189059,0.8196384,0.8797589,0.671931,0.72526133,0.76844436,0.9288167,1.9999695,1.0,53.346252,0.0,30.040947,30.114153,0.0,112.99425,0.0,0.0,112.8176,100.836,720.0,545.625,-0.54787534,-31.625,0.0,-33.375,7.469206,67.99996,42.297363,0.0,146.47,8.4375,0.0,-28.323364,88.635254,60.31189,0.63720703,146.11,146.21,145.64,145.98,0
650467.1,0.2242092,-0.97514737,0.092639305,0.09406243,100.8412,14.285718,14.1057825,-10.301665,0.0,0.0,11.92,6.36,4.721,14.16,18.28,0.0,90.97746,0.0,99.998474,0.0,204.0,4577.0,0.0,-9.59375,0.07006836,105.32184,11564.938,11564.938,1100.0834,531.7335,0.0,6.8035245,0.0,-0.43830028,4.0,0.0,22.64209,40.12495,5.9999924,0.0,0.0,-7.7734375,0.025939941,0.0,0.0,0.0,0.0,0.0,1.8359375,1.640625,1.8359375,2.1289062,0.8162814,0.69954985,0.80567634,0.9409476,0.8095674,0.81971467,0.795758,1.0670635,1.024567,0.5945678,0.8204776,0.9532311,0.96047914,0.6967269,0.7692073,1.0064088,1.9999695,1.0,52.92206,0.0,29.832949,30.107819,0.0,112.99482,0.0,0.0,111.905495,100.836,720.0,545.625,-0.43830028,-31.59375,0.0,-33.28125,7.469206,67.99996,40.856934,0.0,146.36,7.78125,0.0,-26.467896,89.575195,63.1073,0.5517578,146.04,146.34,145.7,145.94,0
650467.1,0.25936735,-1.008809,0.09210018,0.09406243,100.84068,14.285718,14.104516,-10.32221,0.0,0.0,11.92,6.403,4.721,14.16,18.323,0.0,90.97746,0.0,99.998474,0.0,204.0,4577.0,0.0,-9.9453125,0.07067871,105.247215,11580.858,11580.858,1100.0834,531.7335,0.0,7.1850305,0.0,-0.35064024,4.0,0.0,22.558332,40.12495,5.9999924,0.0,0.0,-7.8203125,0.02508545,0.0,0.0,0.0,0.0,0.0,1.8554688,1.640625,1.8359375,2.1484375,0.8224613,0.6978714,0.8062867,0.947509,0.8123903,0.81795985,0.79438466,1.0715648,0.7705806,0.64827955,0.81857026,1.0943007,0.7223621,0.7597467,0.7673762,1.1553369,1.9999695,1.0,52.92206,0.0,29.690807,30.07212,0.0,112.99534,0.0,0.0,111.208984,100.836,720.0,546.0,-0.35064024,-31.5625,0.0,-33.28125,7.469206,67.99996,39.63623,0.0,146.24,7.53125,0.0,-24.89624,89.94141,65.045166,0.56396484,145.94,146.21,145.59,145.7,0
650467.2,0.28749388,-1.0222737,0.09298862,0.09393526,100.84022,14.285718,14.115349,-10.290711,0.0,0.0,11.92,6.439,4.721,14.16,18.359,0.0,90.97746,0.0,99.998474,0.0,204.0,4570.0,0.0,-10.359375,0.07196045,105.25551,11622.251,11622.251,1100.0834,531.7335,0.0,6.9094987,0.0,-0.28051218,4.0,0.0,22.48295,40.12495,5.9999924,0.0,0.0,-7.8671875,0.022460938,0.0,0.0,0.0,0.0,0.0,1.8554688,1.640625,1.8554688,2.1484375,0.8252842,0.6966506,0.8162814,0.9502556,0.81338215,0.81651026,0.8001831,1.0689708,0.9535363,0.71206224,1.0276952,1.1300069,0.8661784,0.83443964,0.93354696,1.1930267,1.9999695,1.0,52.91748,0.0,29.907467,30.087334,0.0,112.995804,0.0,0.0,110.570526,100.836,720.0,546.375,-0.28051218,-31.53125,0.0,-33.1875,7.936031,67.99996,38.73291,0.0,146.06,6.75,0.0,-23.690796,91.033936,67.34314,0.5883789,145.94,145.98,145.46,145.7,0
650467.2,0.3299951,-1.0276595,0.09306949,0.09393526,100.8398,14.285718,14.105353,-10.293092,0.0,0.0,11.92,6.481,4.721,14.16,18.401,0.0,90.97746,0.0,99.998474,0.0,204.0,4564.0,0.0,-10.1953125,0.0725708,105.25551,11639.763,11639.763,1100.0834,531.46814,0.0,7.0366673,0.0,-0.22440974,4.0,0.0,22.415108,40.12495,5.9999924,0.0,0.0,-7.875,0.020935059,0.0,0.0,0.0,0.0,0.0,1.875,1.6210938,1.875,2.1484375,0.8361181,0.6910811,0.82330054,0.946746,0.81872284,0.81010145,0.8046845,1.0619516,0.95567256,0.5739681,0.8330663,0.77119094,0.86816204,0.67269397,0.7567712,0.8142214,1.9999695,1.0,52.494812,0.0,29.890644,30.058968,0.0,112.99622,0.0,0.0,110.02326,100.836,720.0,546.375,-0.22440974,-31.5,0.0,-33.1875,7.936031,67.99996,37.872314,0.0,145.86,6.28125,0.0,-22.470093,91.656494,69.1864,0.64941406,145.81,145.94,145.24,145.59,0
650467.25,0.3839961,-1.0298139,0.093267195,0.09389288,100.83942,14.285718,14.110075,-10.288705,0.0,0.0,11.92,6.518,4.721,14.16,18.438,0.0,90.97746,0.0,99.998474,0.0,204.0,4555.0,0.0,-9.875,0.073913574,105.30525,11673.726,11673.726,1100.0834,531.46814,0.0,7.0790567,0.0,-0.1795278,4.0,0.0,22.35405,40.12495,5.9999924,0.0,0.0,-8.34375,0.018859863,0.0,0.0,0.0,0.0,0.0,1.8945312,1.6015625,1.875,2.1289062,0.84184027,0.6800946,0.8207065,0.9355306,0.8218509,0.7972839,0.79667354,1.043946,0.83901733,0.5866331,0.76302737,0.89257646,0.76218814,0.68741894,0.69321734,0.9423209,1.9999695,1.0,52.487183,0.0,29.920494,30.03325,0.0,112.996605,0.0,0.0,109.40968,100.836,720.0,546.0,-0.1795278,-31.4375,0.0,-33.09375,7.936031,67.99996,36.706543,0.0,145.72,5.65625,0.0,-20.98999,92.52319,71.5332,0.6640625,145.36,145.24,144.96,145.41,0
650467.3,0.3871969,-1.0119256,0.09323991,0.09389288,100.83907,14.285718,14.095802,-10.296419,0.0,0.0,11.92,6.559,4.721,14.16,18.479,0.0,90.97746,0.0,99.998474,0.0,204.0,4547.0,0.0,-9.7265625,0.074523926,105.27209,11707.689,11707.689,1100.0834,531.46814,0.0,7.4181733,0.0,-0.14362225,4.0,0.0,22.299097,40.12495,5.9999924,0.0,0.0,-8.34375,0.017578125,0.0,0.0,0.0,0.0,0.0,1.8945312,1.5820312,1.875,2.109375,0.8409247,0.6733806,0.8237583,0.9297322,0.81536585,0.7894255,0.7973602,1.0349431,0.8272679,0.6366827,0.8114748,1.0223545,0.7515068,0.7460899,0.73716336,1.0793469,1.9999695,1.0,52.06299,0.0,29.866976,29.994297,0.0,112.99695,0.0,0.0,108.95363,100.836,720.0,545.625,-0.14362225,-31.375,0.0,-33.0,7.936031,67.99996,36.07788,0.0,145.45,5.28125,0.0,-19.815063,93.048096,73.23303,0.68603516,145.07,145.24,145.13,145.36,0
650467.3,0.3897575,-0.9860202,0.09325596,0.093765706,100.83877,14.285718,14.085812,-10.302944,0.0,0.0,11.92,6.6,4.721,14.16,18.52,0.0,90.97746,0.0,99.998474,0.0,204.0,4538.0,0.0,-9.7421875,0.0758667,105.338425,11742.183,11742.183,1100.0834,530.9375,0.0,7.1002517,0.0,-0.1148978,4.0,0.0,22.24964,40.12495,5.9999924,0.0,0.0,-8.0078125,0.014282227,0.0,0.0,0.0,0.0,0.0,1.8945312,1.5820312,1.875,2.109375,0.8404669,0.6709392,0.8207065,0.92278934,0.8104066,0.78652626,0.78973067,1.0231174,0.7668421,0.56557566,0.775082,0.7191577,0.69657433,0.66277564,0.70412755,0.7592889,1.9999695,1.0,52.06299,0.0,29.821692,29.91618,0.0,112.99725,0.0,0.0,108.31516,100.836,720.0,545.625,-0.1148978,-31.28125,0.0,-32.875,7.936031,67.99996,35.26001,0.0,145.11,4.28125,0.0,-18.71643,94.37256,75.65613,0.6689453,144.67,145.01,144.83,144.83,0
650467.4,0.391806,-0.9569081,0.0930343,0.093765706,100.83849,14.285718,14.102256,-10.307828,0.0,0.0,11.92,6.639,4.721,14.16,18.559,0.0,90.97746,0.0,99.998474,0.0,204.0,4531.0,0.0,-9.765625,0.076171875,105.28038,11752.796,11752.796,1100.0834,530.9375,0.0,6.9942775,0.0,-0.091918245,4.0,0.0,22.205128,40.12495,5.9999924,0.0,0.0,-8.1875,0.012878418,0.0,0.0,0.0,0.0,0.0,1.8945312,1.5625,1.8945312,2.109375,0.8429084,0.66521704,0.82894635,0.9243153,0.81063557,0.77981234,0.7942321,1.0225071,0.89662015,0.658732,1.0043489,0.8920424,0.8145266,0.77195394,0.91241324,0.9417868,1.9999695,1.0,52.044678,0.0,29.787758,29.923271,0.0,112.99753,0.0,0.0,107.99178,100.836,720.0,546.0,-0.091918245,-31.21875,0.0,-32.78125,7.936031,67.99996,34.362793,0.0,144.85,3.875,0.0,-17.449951,94.93408,77.48413,0.6201172,144.67,144.73,144.61,144.79,0
650467.44,0.3534448,-0.9640132,0.09256988,0.093765706,100.83907,14.285718,14.096189,-10.323083,0.0,0.0,11.92,6.681,4.721,14.16,18.601,0.0,90.97746,0.0,99.998474,0.0,204.0,4526.0,0.0,-9.71875,0.07745361,105.27209,11776.1455,11776.1455,1100.0834,530.4068,0.0,6.930693,0.0,-0.0735346,4.0,0.0,22.165068,40.12495,5.9999924,0.0,0.0,-8.1171875,0.010803223,0.0,0.0,0.0,0.0,0.0,1.8945312,1.5625,1.8945312,2.0898438,0.8474098,0.657969,0.8297856,0.9130236,0.81109333,0.77126724,0.79308766,1.0058748,0.84344244,0.5686275,0.8487068,0.7315175,0.7662318,0.6663615,0.77096206,0.7722591,1.9999695,1.0,52.044678,0.0,29.68319,29.916304,0.0,112.99777,0.0,0.0,107.6684,100.84429,720.0,545.625,-0.0735346,-31.1875,0.0,-32.78125,7.936031,67.99996,33.66089,0.0,144.69,3.25,0.0,-16.589355,95.77026,79.18091,0.5957031,144.79,144.61,144.33,144.61,0
650467.44,0.34275585,-1.0043553,0.091969214,0.09372331,100.8396,14.285718,14.10366,-10.344435,0.0,0.0,11.92,6.72,4.721,14.16,18.64,0.0,90.97746,0.0,99.998474,0.0,204.0,4522.0,0.0,-9.609375,0.07800293,105.222336,11810.64,11810.64,1100.0834,530.4068,0.0,7.0790567,0.0,-0.05882768,4.0,0.0,22.129013,40.12495,5.9999924,0.0,0.0,-8.0703125,0.009643555,0.0,0.0,0.0,0.0,0.0,1.8945312,1.5429688,1.8945312,2.0898438,0.8473335,0.6475166,0.8359655,0.9184405,0.80895704,0.75898373,0.7959106,1.0105287,0.8472572,0.53696495,0.9775692,0.95231557,0.76966506,0.62928206,0.88799876,1.005417,1.9999695,1.0,52.02484,0.0,29.53654,29.867905,0.0,112.99799,0.0,0.0,107.35332,100.84429,720.0,545.625,-0.05882768,-31.125,0.0,-32.6875,7.936031,67.99996,33.10547,0.0,144.61,2.90625,0.0,-15.560913,96.22803,80.667114,0.57128906,144.61,144.39,143.88,144.39,0
650467.5,0.2742047,-1.0392421,0.09187888,0.09372331,100.84007,14.285718,14.10889,-10.356365,0.0,0.0,11.92,6.76,4.721,14.16,18.68,0.0,90.97746,0.0,99.998474,0.0,204.0,4513.0,0.0,-9.4765625,0.07928467,105.21404,11844.603,11844.603,1100.0834,530.4068,0.0,6.951888,0.0,-0.047062144,4.0,0.0,22.096563,40.12495,5.9999924,0.0,0.0,-8.1953125,0.0076904297,0.0,0.0,0.0,0.0,0.0,1.9140625,1.5234375,1.9140625,2.0898438,0.85229266,0.63942933,0.83901733,0.91470206,0.81033033,0.74952316,0.7973602,1.0028229,0.8658732,0.5503929,0.90691996,0.8171206,0.78652626,0.64499885,0.8239109,0.8626688,1.9999695,1.0,51.602173,0.0,29.454773,29.821705,0.0,112.99819,0.0,0.0,107.029945,100.84429,720.0,545.625,-0.047062144,-31.0625,0.0,-32.59375,7.936031,67.99996,32.403564,0.0,144.41,2.3125,0.0,-14.755249,97.00928,82.25403,0.6201172,144.39,144.22,143.88,144.05,0
650467.5,0.21936376,-1.0719469,0.09109843,0.09363854,100.83967,14.285718,14.100832,-10.377865,0.0,0.0,11.92,6.803,4.721,14.16,18.723,0.0,90.97746,0.0,99.998474,0.0,204.0,4511.0,0.0,-9.3046875,0.079956055,105.20576,11844.603,11844.603,1100.0834,530.1415,0.0,6.9094987,0.0,-0.037649717,4.0,0.0,22.067358,40.12495,5.9999924,0.0,0.0,-8.1953125,0.0061035156,0.0,0.0,0.0,0.0,0.0,1.9140625,1.5039062,1.9335938,2.0898438,0.85214007,0.6332494,0.8471809,0.9140917,0.8083467,0.7421988,0.80247194,1.0003052,0.8487831,0.602121,0.8618296,0.7101549,0.77103835,0.7056535,0.7829404,0.74975204,1.9999695,1.0,51.602173,0.0,29.306173,29.78666,0.0,112.998375,0.0,0.0,106.70657,100.836,720.0,545.25,-0.037649717,-31.03125,0.0,-32.59375,7.936031,67.99996,32.043457,0.0,144.26,1.84375,0.0,-13.916016,97.631836,83.71582,0.60302734,143.99,144.27,143.66,143.82,0
650467.56,0.17549102,-1.1225288,0.091014266,0.09363854,100.8393,14.285718,14.106911,-10.380137,0.0,0.0,11.92,6.84,4.721,14.16,18.76,0.0,90.97746,0.0,99.998474,0.0,204.0,4509.0,0.0,-9.2421875,0.08093262,105.23063,11879.096,11879.096,1100.0834,530.1415,0.0,6.951888,0.0,-0.030119775,4.0,0.0,22.041075,40.12495,5.9999924,0.0,0.0,-8.109375,0.0044555664,0.0,0.0,0.0,0.0,0.0,1.8945312,1.5039062,1.9140625,2.0703125,0.84901196,0.63126576,0.84321356,0.90470743,0.80209047,0.73983365,0.7972076,0.98710614,0.8081178,0.65613794,0.7689784,0.9275196,0.73411155,0.7689021,0.69855803,0.97924775,1.9999695,1.0,51.59149,0.0,29.290148,29.79804,0.0,112.998535,0.0,0.0,106.38319,100.836,720.0,545.25,-0.030119775,-31.03125,0.0,-32.5,7.936031,67.99996,31.323242,0.0,144.26,1.34375,0.0,-13.034058,98.27881,85.24475,0.68359375,143.82,144.33,143.48,143.66,0
650467.6,0.16039282,-1.1802616,0.0911037,0.09363854,100.838974,14.285718,14.099446,-10.382302,0.0,0.0,11.92,6.88,4.721,14.16,18.8,0.0,90.82709,0.0,99.998474,0.0,204.0,4504.0,0.0,-9.1796875,0.08154297,105.222336,11913.06,11913.06,1100.0834,529.87616,0.0,6.930693,0.0,-0.02409582,4.0,0.0,22.01742,40.12495,5.9999924,0.0,0.0,-7.921875,0.0026855469,0.0,0.0,0.0,0.0,0.0,1.8945312,1.5039062,1.9140625,2.03125,0.8484779,0.62821394,0.84351873,0.8897536,0.8000305,0.7364767,0.7948424,0.96963453,0.83787286,0.55123216,0.78439003,0.9508659,0.7611963,0.64599067,0.71252,1.0038147,1.9999695,1.0,51.168823,0.0,29.274897,29.761826,0.0,112.99868,0.0,0.0,106.0681,100.836,720.0,545.25,-0.02409582,-31.0,0.0,-32.5,7.936031,67.99996,30.944824,0.0,143.98,0.8125,0.0,-12.289429,98.9624,86.67297,0.6689453,143.88,144.1,143.48,143.6,0
650467.6,0.20831425,-1.2221047,0.092093274,0.09363854,100.83868,14.285718,14.1118,-10.357266,0.0,0.0,11.92,6.92,4.721,14.16,18.84,0.0,90.70679,0.0,99.998474,0.0,204.0,4500.0,0.0,-9.5390625,0.08251953,105.247215,11913.06,11913.06,1100.0834,529.87616,0.0,7.0154724,0.0,-0.019276656,4.0,0.0,21.99613,40.12495,5.9999924,0.0,0.0,-7.078125,0.0013427734,0.0,0.0,0.0,0.0,0.0,1.9140625,1.484375,1.9335938,2.03125,0.8595407,0.6238651,0.8474861,0.88357365,0.8091096,0.7314412,0.79766536,0.9606317,1.1201648,0.56466013,0.9365988,0.7199969,1.0176241,0.66170746,0.8508431,0.7601282,1.9999695,1.0,51.161194,0.0,29.44717,29.74325,0.0,112.99881,0.0,0.0,105.78618,100.836,720.0,545.625,-0.019276656,-30.96875,0.0,-32.5,7.936031,67.99996,30.578613,0.0,144.06,0.40625,0.0,-11.633301,99.4812,87.8479,0.60058594,143.66,143.82,143.15,143.66,0
650467.7,0.24665141,-1.2763419,0.09328528,0.09363854,100.83841,14.285718,14.114588,-10.318447,0.0,0.0,11.92,6.96,4.721,14.16,18.88,0.0,90.61054,0.0,99.998474,0.0,204.0,4492.0,0.0,-9.8125,0.08319092,105.23063,11947.022,11947.022,1100.0834,529.87616,0.0,7.1002517,0.0,-0.015421325,4.0,0.0,21.976969,40.12495,5.9999924,0.0,0.0,-7.8515625,0.0,0.0,0.0,0.0,0.0,0.0,1.8945312,1.4648438,1.953125,2.03125,0.8501564,0.6133364,0.85900664,0.8839551,0.7991913,0.7190814,0.8072023,0.9596399,0.67490655,0.47241932,0.9955749,0.6005951,0.6131075,0.55359733,0.90440226,0.63408864,1.9999695,1.0,50.738525,0.0,29.714474,29.794502,0.0,112.99893,0.0,0.0,105.73642,100.836,720.0,546.0,-0.015421325,-30.90625,0.0,-32.375,7.936031,67.99996,30.541992,0.0,143.61,0.0,0.0,-11.071777,99.998474,88.9267,0.60302734,143.36,143.66,142.82,143.44,0
650467.75,0.29732114,-1.3542869,0.09329396,0.09363854,100.838165,14.285718,14.11068,-10.320519,0.0,0.0,11.92,7.001,4.721,14.16,18.921,0.0,90.53355,0.0,99.998474,0.0,204.0,4482.0,0.0,-10.09375,0.08453369,105.313545,11960.819,11960.819,1100.0834,529.6108,0.0,7.121446,0.0,-0.012337061,4.0,0.0,21.959724,40.12495,5.9999924,0.0,0.0,-7.9375,0.0,0.0,0.0,0.0,0.0,0.0,1.9140625,1.4648438,1.953125,2.0117188,0.8538949,0.6120394,0.8661784,0.8749523,0.8006409,0.7175555,0.81353474,0.9485008,0.9519341,0.6820783,1.0261692,0.99473566,0.86480504,0.7993439,0.93217367,1.0502021,1.9999695,1.0,50.738525,0.0,29.699955,29.768646,0.0,112.99904,0.0,0.0,105.454506,100.836,720.0,546.0,-0.012337061,-30.875,0.0,-32.375,7.936031,67.99996,29.748535,0.0,143.53,0.0,0.0,-10.107422,99.998474,89.89105,0.67626953,143.04,143.27,142.94,143.15,0
650467.75,0.3578569,-1.4229648,0.09150253,0.09346898,100.83795,14.285718,14.113804,-10.372412,0.0,0.0,11.92,7.04,4.721,14.16,18.96,0.0,90.471954,0.0,99.998474,0.0,204.0,4472.0,0.0,-10.5703125,0.08477783,105.25551,11981.516,11981.516,1100.0834,529.6108,0.0,7.0154724,0.0,-0.009869649,4.0,0.0,21.944204,40.12495,5.9999924,0.0,0.0,-7.6640625,0.0,0.0,0.0,0.0,0.0,0.0,1.9140625,1.484375,1.9726562,1.9726562,0.85458153,0.61722744,0.8740368,0.86213475,0.8001068,0.724651,0.81788355,0.93369955,0.8705272,0.6662089,1.0644693,0.798352,0.7907988,0.78072786,0.9343862,0.8428321,1.9999695,1.0,50.72632,0.0,29.342049,29.710356,0.0,112.99914,0.0,0.0,105.42133,100.836,720.0,546.75,-0.009869649,-30.8125,0.0,-32.28125,7.936031,67.99996,29.693604,0.0,143.14,0.0,0.0,-9.8602295,99.998474,90.138245,0.5517578,142.49,142.94,142.82,142.82,0
650467.8,0.3862855,-1.469186,0.09088773,0.09346898,100.83775,14.285718,14.104272,-10.397458,0.0,0.0,11.92,7.081,4.721,14.16,19.001,0.0,90.422676,0.0,99.998474,0.0,204.0,4460.0,0.0,-10.6640625,0.086120605,105.27209,12009.11,12009.11,1100.0834,529.08014,0.0,6.73994,0.0,-0.007895719,4.0,0.0,21.930235,40.12495,5.9999924,0.0,0.0,-7.3046875,0.0,0.0,0.0,0.0,0.0,0.0,1.8945312,1.484375,1.9726562,1.9726562,0.84321356,0.61684597,0.8720531,0.86007476,0.7878233,0.7222095,0.81353474,0.929427,0.5853361,0.70160985,0.8348974,0.8861677,0.5317006,0.7793546,0.73289084,0.93560696,1.9999695,1.0,50.30365,0.0,29.169209,29.714556,0.0,112.99922,0.0,0.0,105.09796,100.836,720.0,546.75,-0.007895719,-30.75,0.0,-32.28125,7.936031,67.99996,28.8208,0.0,142.65,0.0,0.0,-9.094238,99.998474,90.904236,0.64208984,142.43,142.72,142.49,142.72,0
650467.8,0.42902842,-1.4876745,0.09079771,0.09346898,100.83758,14.285718,14.109319,-10.399919,0.0,0.0,11.92,7.12,4.721,14.16,19.04,0.0,90.383255,0.0,99.998474,0.0,204.0,4452.0,0.0,-10.5,0.08673096,105.27209,12015.479,12015.479,1100.0834,529.08014,0.0,6.867109,0.0,-0.0063165757,4.0,0.0,21.917664,40.12495,5.9999924,0.0,0.0,-7.1953125,0.0,0.0,0.0,0.0,0.0,0.0,1.8945312,1.484375,1.9726562,1.9726562,0.84634167,0.616083,0.8749523,0.8560311,0.79011214,0.71839476,0.81178,0.9240864,0.916228,0.53337914,0.9386587,0.8416113,0.83237964,0.59243155,0.8239109,0.8885328,1.9999695,1.0,50.28076,0.0,29.15207,29.641846,0.0,112.9993,0.0,0.0,104.95701,100.836,720.0,546.375,-0.0063165757,-30.65625,0.0,-32.1875,7.936031,67.99996,28.92456,0.0,142.5,0.0,0.0,-8.609009,99.998474,91.389465,0.6591797,142.32,142.38,141.94,142.22,0
650467.9,0.44322273,-1.5138199,0.0913645,0.09346898,100.83742,14.285718,14.106992,-10.384239,0.0,0.0,11.92,7.16,4.721,14.16,19.08,0.0,90.351715,0.0,99.998474,0.0,204.0,4449.0,0.0,-10.40625,0.08734131,105.25551,12037.768,12037.768,1100.0834,529.08014,0.0,6.6551614,0.0,-0.005053261,4.0,0.0,21.90635,40.12495,5.9999924,0.0,0.0,-7.359375,0.0,0.0,0.0,0.0,0.0,0.0,1.8945312,1.484375,1.9726562,1.9726562,0.8455024,0.6208133,0.8770123,0.85427636,0.7882811,0.72281986,0.8117037,0.92019534,0.90722513,0.71862364,0.9223316,0.8351263,0.8241398,0.7981994,0.8096437,0.8817426,1.9999695,1.0,49.858093,0.0,29.259987,29.648993,0.0,112.99937,0.0,0.0,104.82434,100.836,720.0,546.375,-0.005053261,-30.65625,0.0,-32.28125,7.936031,67.99996,28.515625,0.0,142.37,0.0,0.0,-7.8796387,99.998474,92.118835,0.6689453,142.32,142.28,141.56,142.05,0
650467.94,0.3945782,-1.580528,0.091394424,0.09338419,100.83727,14.285718,14.105363,-10.38105,0.0,0.0,11.92,7.201,4.721,14.16,19.121,0.0,90.326485,0.0,99.998474,0.0,204.0,4445.0,0.0,-10.1796875,0.08868408,105.28038,12069.077,12069.077,1100.0834,528.54944,0.0,7.1002517,0.0,-0.0040426087,4.0,0.0,21.896166,40.12495,5.9999924,0.0,0.0,-7.4453125,0.0,0.0,0.0,0.0,0.0,0.0,1.8945312,1.5039062,1.9921875,1.9140625,0.8441291,0.6277562,0.8818189,0.8429084,0.78545815,0.72854203,0.8145266,0.90722513,0.7682918,0.6881056,0.8938735,0.9020371,0.6979477,0.7643244,0.7846189,0.95231557,1.9999695,1.0,49.858093,0.0,29.281824,29.66694,0.0,112.99943,0.0,0.0,104.77459,100.836,720.0,546.375,-0.0040426087,-30.65625,0.0,-32.28125,7.936031,67.99996,28.448486,0.0,142.29,0.0,0.0,-7.3394775,99.998474,92.659,0.6176758,142.0,141.83,141.67,141.89,0
650467.94,0.33566257,-1.6259613,0.09211959,0.09338419,100.83714,14.285718,14.115941,-10.361001,0.0,0.0,11.92,7.239,4.721,14.16,19.159,0.0,90.306305,0.0,99.998474,0.0,204.0,4437.0,0.0,-10.0859375,0.08898926,105.28038,12083.936,12083.936,1100.0834,528.54944,0.0,6.6551614,0.0,-0.003234087,4.0,0.0,21.887001,40.12495,5.9999924,0.0,0.0,-7.3984375,0.0,0.0,0.0,0.0,0.0,0.0,1.8945312,1.5039062,1.9921875,1.9140625,0.8486305,0.62630653,0.8773175,0.838407,0.7893492,0.7253376,0.80659187,0.90127414,0.7870603,0.7382315,0.7824826,0.70717937,0.6909285,0.82001984,0.6868849,0.74662393,1.9999695,1.0,49.839783,0.0,29.419895,29.671106,0.0,112.99949,0.0,0.0,104.559,100.836,720.0,546.0,-0.003234087,-30.59375,0.0,-32.1875,7.936031,67.99996,27.996826,0.0,142.04,0.0,0.0,-6.765747,99.998474,93.23273,0.61035156,141.45,141.83,141.56,141.56,0
650468.06,0.26853007,-1.6628846,0.091366254,0.09338419,100.83703,14.285718,14.105768,-10.384134,0.0,0.0,11.92,7.28,4.721,14.16,19.2,0.0,90.29016,0.0,99.998474,0.0,204.0,4426.0,0.0,-9.984375,0.090270996,105.29697,12088.181,12088.181,1100.0834,528.2841,0.0,6.951888,0.0,-0.0025872698,4.0,0.0,21.878754,40.12495,5.9999924,0.0,0.0,-7.03125,0.0,0.0,0.0,0.0,0.0,0.0,1.9140625,1.5039062,1.9921875,1.9140625,0.85671777,0.6350042,0.8781567,0.84481573,0.7937743,0.7338064,0.80560005,0.9084459,1.1058977,0.7225147,0.92118716,0.69512475,0.970779,0.8025482,0.80865186,0.7338064,1.9999695,1.0,49.839783,0.0,29.260319,29.640833,0.0,112.99954,0.0,0.0,104.45121,100.836,720.0,546.0,-0.0025872698,-30.53125,0.0,-32.09375,7.936031,67.99996,27.630615,0.0,141.6,0.0,0.0,-6.0516357,99.998474,93.94684,0.64208984,141.12,141.61,141.4,141.29,0
650468.1,0.25482407,-1.6964039,0.091887236,0.09338419,100.83693,14.285718,14.110366,-10.38015,0.0,0.0,11.92,7.319,4.721,14.16,19.239,0.0,90.277245,0.0,99.998474,0.0,204.0,4421.0,0.0,-10.09375,0.09094238,105.29697,12117.898,12117.898,1100.0834,528.2841,0.0,6.73994,0.0,-0.0020698158,4.0,0.0,21.87133,40.12495,5.9999924,0.0,0.0,-6.9375,0.0,0.0,0.0,0.0,0.0,0.0,1.9140625,1.5039062,1.9921875,1.9140625,0.85351336,0.633402,0.8863203,0.84122986,0.78881514,0.7305257,0.81063557,0.90386814,1.0388342,0.6029602,1.0273136,0.9312581,0.9118791,0.66971844,0.9017319,0.9832151,1.9999695,1.0,49.824524,0.0,29.287691,29.567638,0.0,112.99959,0.0,0.0,104.45121,100.836,720.0,546.0,-0.0020698158,-30.5,0.0,-32.09375,7.936031,67.99996,27.667236,0.0,141.42,0.0,0.0,-5.9936523,99.998474,94.00482,0.6176758,141.4,141.35,140.86,141.12,0
650468.1,0.20385925,-1.7473116,0.09118428,0.09338419,100.83684,14.285718,14.107725,-10.399516,0.0,0.0,11.92,7.358,4.721,14.16,19.278,0.0,90.26691,0.0,99.998474,0.0,204.0,4417.0,0.0,-10.3671875,0.09222412,105.313545,12140.718,12140.718,1100.0834,528.2841,0.0,6.697551,0.0,-0.0016558527,4.0,0.0,21.864649,40.12495,5.9999924,0.0,0.0,-7.3984375,0.0,0.0,0.0,0.0,0.0,0.0,1.9335938,1.5039062,2.03125,1.9140625,0.8651865,0.6350805,0.9001297,0.8459602,0.7969787,0.7302968,0.82330054,0.90897995,0.9485008,0.610132,0.8798352,0.9517052,0.8326085,0.6777294,0.7723354,1.0047303,1.9999695,1.0,49.40338,0.0,29.154104,29.579384,0.0,112.999626,0.0,0.0,104.29366,100.836,720.0,546.375,-0.0016558527,-30.46875,0.0,-32.09375,7.936031,67.99996,27.368164,0.0,141.42,0.0,0.0,-5.7250977,99.998474,94.27338,0.68603516,141.29,141.08,140.27,140.96,0
650468.2,0.16308741,-1.8051747,0.09115202,0.09321464,100.836754,14.285718,14.105876,-10.390013,0.0,0.0,11.92,7.403,4.721,14.16,19.323,0.0,90.25864,0.0,99.998474,0.0,204.0,4409.0,0.0,-10.703125,0.09289551,105.313545,12152.393,12152.393,1100.0834,527.7535,0.0,6.73994,0.0,-0.0013246821,4.0,0.0,21.933823,40.12495,5.9999924,0.0,0.0,-7.03125,0.0,0.0,0.0,0.0,0.0,0.0,1.9335938,1.5234375,2.03125,1.953125,0.8631266,0.63843745,0.8983749,0.8581674,0.79324025,0.7334249,0.81849396,0.92263675,1.0576028,0.7123674,0.88555735,0.9954223,0.9283589,0.7912566,0.77737087,1.0508889,1.9999695,1.0,49.40338,0.0,29.219528,29.612783,0.0,112.999664,0.0,0.0,104.16929,100.836,720.0,546.75,-0.0013246821,-30.4375,0.0,-32.0,7.936031,67.99996,26.934814,0.0,141.14,0.0,0.0,-5.0476074,99.998474,94.95087,0.64453125,140.91,140.8,140.38,140.48,0
650468.2,0.13046993,-1.8845699,0.0906686,0.09321464,100.83668,14.285718,14.110441,-10.408039,0.0,0.0,11.92,7.439,4.721,14.16,19.359,0.0,90.25202,0.0,99.998474,0.0,204.0,4401.0,0.0,-10.6796875,0.09320068,105.313545,12186.355,12186.355,1100.0834,527.7535,0.0,6.9094987,0.0,-0.0010597458,4.0,0.0,21.99608,40.12495,5.9999924,0.0,0.0,-6.96875,0.0,0.0,0.0,0.0,0.0,0.0,1.9335938,1.5429688,2.03125,1.953125,0.86823833,0.64599067,0.8986801,0.86343175,0.79545283,0.7369345,0.8159762,0.9283589,0.806363,0.65491724,0.83367664,0.9800107,0.7077897,0.6913863,0.7079423,1.0346379,1.9999695,1.0,49.391174,0.0,29.095201,29.583124,0.0,112.999695,0.0,0.0,104.136116,100.836,720.0,546.75,-0.0010597458,-30.375,0.0,-32.0,7.936031,67.99996,26.965332,0.0,140.85,0.0,0.0,-4.812622,99.998474,95.18585,0.68603516,140.42,140.59,140.32,140.21,0
650468.25,0.10437595,-1.9538281,0.091282494,0.09321464,100.83661,14.285718,14.107778,-10.39107,0.0,0.0,11.92,7.48,4.721,14.16,19.359,0.0,90.246735,0.0,99.998474,0.0,204.0,4390.0,0.0,-10.7265625,0.09448242,105.32184,12186.355,12186.355,1100.0834,527.4881,0.0,6.7187457,0.0,-8.477966E-4,4.0,0.0,22.052113,40.12495,5.9999924,0.0,0.0,-7.3359375,0.0,0.0,0.0,0.0,0.0,0.0,1.953125,1.5429688,2.03125,1.953125,0.8722057,0.6524758,0.90257114,0.8580148,0.79789424,0.7422751,0.81513697,0.9210346,0.99748224,0.79766536,1.0631723,0.8659495,0.87563896,0.84214544,0.9028,0.9142443,1.9999695,1.0,48.97003,0.0,29.21209,29.583473,0.0,112.999725,0.0,0.0,104.136116,100.836,720.0,546.75,-8.477966E-4,-30.34375,0.0,-31.875,7.936031,67.99996,27.056885,0.0,140.53,0.0,0.0,-4.714966,99.998474,95.28351,0.625,140.16,140.38,140.06,140.16,0
650468.3,0.06350076,-2.0002813,0.091179274,0.09312987,100.83655,14.285718,14.111773,-10.3962555,0.0,0.0,11.92,7.521,4.721,14.16,19.359,0.0,90.2425,0.0,99.998474,0.0,204.0,4379.0,0.0,-10.6796875,0.09484863,105.32184,12220.849,12220.849,1100.0834,527.4881,0.0,6.676356,0.0,-6.782373E-4,4.0,0.0,22.102541,40.12495,5.9999924,0.0,0.0,-7.2890625,0.0,0.0,0.0,0.0,0.0,0.0,1.9921875,1.5429688,2.0507812,1.9335938,0.88014036,0.6523232,0.9106584,0.85008013,0.80285347,0.7393759,0.8207828,0.9118791,0.93568325,0.66186005,0.9276722,0.70183873,0.82139313,0.6987106,0.787747,0.7409781,1.9999695,1.0,48.95172,0.0,29.17629,29.53664,0.0,112.999756,0.0,0.0,103.937126,100.836,720.0,546.75,-6.782373E-4,-30.25,0.0,-31.875,7.936031,67.99996,26.586914,0.0,140.15,0.0,0.0,-4.2541504,99.998474,95.74432,0.60058594,139.68,139.95,139.64,139.85,0
650468.3,0.05080061,-2.0376127,0.09099897,0.09312987,100.836494,14.285718,14.114569,-10.405911,0.0,0.0,11.92,7.559,4.721,14.16,19.359,0.0,90.23911,0.0,99.998474,0.0,204.0,4369.0,0.0,-10.7265625,0.095458984,105.313545,12220.849,12220.849,1100.0834,527.4881,0.0,6.570382,0.0,-5.425898E-4,4.0,0.0,22.147926,40.12495,5.9999924,0.0,0.0,-7.15625,0.0,0.0,0.0,0.0,0.0,0.0,1.9921875,1.5429688,2.0703125,1.9335938,0.88090336,0.6518654,0.91828793,0.8486305,0.80209047,0.73403525,0.823682,0.9095903,1.1142901,0.6365301,1.0706493,0.8284886,0.9781033,0.6720073,0.90913254,0.87464714,1.9999695,1.0,48.529053,0.0,29.10968,29.518265,0.0,112.99978,0.0,0.0,103.812744,100.836,720.0,546.75,-5.4258987E-4,-30.1875,0.0,-31.78125,7.936031,67.99996,26.287842,0.0,139.83,0.0,0.0,-3.5461426,99.998474,96.45233,0.64208984,139.58,139.58,139.05,139.64,0
650468.4,0.04064049,-2.071295,0.09073866,0.09312987,100.83645,14.285718,14.110666,-10.415437,0.0,0.0,11.92,7.601,4.721,14.16,19.359,0.0,90.236404,0.0,99.998474,0.0,204.0,4355.0,0.0,-10.71875,0.09674072,105.338425,12244.198,12244.198,1100.0834,526.69214,0.0,6.6551614,0.0,-4.340719E-4,4.0,0.0,22.188774,40.12495,5.9999924,0.0,0.0,-7.0703125,0.0,0.0,0.0,0.0,0.0,0.0,2.0117188,1.5429688,2.0507812,1.9140625,0.8951705,0.65300983,0.91027695,0.83863586,0.8139925,0.733196,0.8146792,0.89768827,0.9898527,0.60708016,0.76096743,0.67055774,0.868925,0.6409552,0.64614326,0.7079423,1.9999695,1.0,48.529053,0.0,29.043976,29.503283,0.0,112.9998,0.0,0.0,103.812744,100.836,720.0,546.75,-4.340719E-4,-30.125,0.0,-31.6875,7.936031,67.99996,26.153564,0.0,139.4,0.0,0.0,-3.3172607,99.998474,96.68121,0.5761719,139.05,139.05,139.01,139.1,0
650468.44,0.032512393,-2.1222682,0.08998035,0.0929603,100.8364,14.285718,14.119654,-10.438719,0.0,0.0,11.92,7.639,4.721,14.16,19.359,0.0,90.23424,0.0,99.998474,0.0,204.0,4344.0,0.0,-10.734375,0.09710693,105.338425,12254.812,12254.812,1100.0834,526.69214,0.0,6.6551614,0.0,-3.472575E-4,4.0,0.0,22.225536,40.12495,5.9999924,0.0,0.0,-7.1171875,0.0,0.0,0.0,0.0,0.0,0.0,2.0507812,1.5429688,2.0507812,1.8945312,0.9079118,0.64965284,0.9085222,0.83360034,0.82574195,0.7233539,0.80781263,0.8917372,1.190814,0.6308843,0.9439231,0.70099944,1.0453193,0.6265354,0.7735561,0.74006253,1.9999695,1.0,48.50464,0.0,28.883451,29.439945,0.0,112.999825,0.0,0.0,103.762985,100.836,720.0,546.75,-3.4725753E-4,-30.0625,0.0,-31.6875,7.936031,67.99996,26.165771,0.0,139.15,0.0,0.0,-3.2928467,99.998474,96.70563,0.5566406,138.64,138.94,138.68,138.74,0
650468.44,0.046009913,-2.1614072,0.09015346,0.0929603,100.836365,14.285718,14.108367,-10.448904,0.0,0.0,11.92,7.681,4.721,14.16,19.359,0.0,90.232506,0.0,19.921875,0.0,204.0,4331.0,0.0,-10.6484375,0.09838867,105.355,12268.609,12268.609,1100.0834,525.8961,0.0,6.5915766,0.0,-2.7780604E-4,4.0,0.0,22.258623,40.12495,5.9999924,0.0,0.0,-6.546875,0.0,0.0,0.0,0.0,0.0,0.0,2.0507812,1.5429688,2.03125,1.8945312,0.91157395,0.6488136,0.9052415,0.8269627,0.82665753,0.71854734,0.8019379,0.88349736,0.9859617,0.72938126,0.84466314,0.8271916,0.86549175,0.72434574,0.6922255,0.87327385,1.9999695,1.0,48.50464,0.0,28.813208,29.346544,0.0,112.99984,0.0,0.0,103.67178,100.836,720.0,546.75,-2.7780604E-4,-29.96875,0.0,-31.59375,7.469206,67.99996,25.750732,0.0,138.66,0.0,0.0,-3.112793,99.998474,96.88568,0.6274414,138.05,138.43,138.27,138.35,0
650468.5,0.07680793,-2.177063,0.08912376,0.0929603,100.83633,14.285718,14.118044,-10.477287,0.0,0.0,11.92,7.719,4.721,14.16,19.359,0.0,90.23112,0.0,0.032043457,0.0,204.0,4321.0,0.0,-10.46875,0.09899902,105.355,12288.775,12288.775,1100.0834,525.8961,0.0,6.6339664,0.0,-2.2224482E-4,4.0,0.0,22.2884,40.12495,5.9999924,0.0,0.0,-6.59375,0.0,0.0,0.0,0.0,0.0,0.0,2.0507812,1.5429688,2.0507812,1.8554688,0.91042954,0.65407795,0.91035324,0.81063557,0.82429236,0.71740294,0.8038453,0.8657206,0.88876176,0.6955062,0.94720376,0.60494393,0.7801938,0.69069964,0.77622646,0.63866633,1.9999695,1.0,48.475647,0.0,28.617523,29.342134,0.0,112.999855,0.0,0.0,103.67178,100.836,720.0,546.75,-2.2224484E-4,-29.90625,0.0,-31.5,7.469206,67.99996,25.10376,0.0,138.31,0.0,0.0,-2.6641846,99.998474,97.33429,0.64941406,138.12,138.11,137.7,138.27,0
650468.5,0.101446345,-2.1833253,0.09010522,0.092875525,100.836296,14.285718,14.124818,-10.439939,0.0,0.0,11.92,7.759,4.721,14.16,19.359,0.0,90.23001,0.0,0.0,0.0,204.0,4307.0,0.0,-10.515625,0.09967041,105.34671,12317.962,12317.962,1100.0834,525.8961,0.0,6.549187,0.0,-1.7779587E-4,4.0,0.0,22.3152,40.12495,5.9999924,0.0,0.0,-7.1640625,0.0,0.0,0.0,0.0,0.0,0.0,2.0507812,1.5429688,2.0703125,1.8164062,0.915465,0.65476465,0.91927975,0.79438466,0.8282597,0.7148089,0.8067445,0.84763867,1.0196842,0.876173,1.0818646,0.6867323,0.8659495,0.87014574,0.8865492,0.72503245,1.9999695,1.0,48.054504,0.0,28.87494,29.40457,0.0,112.99987,0.0,0.0,103.53082,100.836,720.0,546.75,-1.7779587E-4,-29.84375,0.0,-31.375,7.936031,67.99996,24.1333,0.0,137.95,0.0,0.0,-2.178955,99.998474,97.81952,0.6298828,137.75,137.86,137.38,137.86,0
650468.56,0.14115708,-2.18583,0.090959705,0.092875525,100.836266,14.285718,14.117841,-10.418673,0.0,0.0,11.92,7.801,4.721,14.16,19.359,0.0,90.229126,0.0,0.0,0.0,204.0,4296.0,0.0,-10.515625,0.10095215,105.37159,12323.269,12323.269,1100.0834,525.1001,0.0,6.8247194,0.0,-1.4223668E-4,4.0,0.0,22.339321,40.12495,5.9999924,0.0,0.0,-7.1953125,0.0,0.0,0.0,0.0,0.0,0.0,2.0703125,1.5625,2.0507812,1.8164062,0.9228656,0.6648356,0.9150835,0.78721297,0.8306249,0.7200732,0.8005646,0.8395514,0.9876402,0.6758984,0.72625315,0.65262836,0.83871216,0.6712444,0.59510183,0.6890211,1.9999695,1.0,48.054504,0.0,29.021494,29.393066,0.0,112.999886,0.0,0.0,105.09796,100.836,720.0,546.75,-1.4223669E-4,-29.78125,0.0,-31.375,7.936031,67.99996,26.452637,0.0,137.87,0.0,0.0,-7.0892334,99.998474,92.90924,0.6542969,136.98,137.14,137.27,137.15,0
650468.6,0.11292566,-2.2055821,0.089022286,0.092790745,100.83624,14.285718,14.124676,-10.47921,0.0,0.0,11.92,7.84,4.721,14.16,19.359,0.0,90.22842,0.0,0.0,0.0,204.0,4283.0,0.0,-10.6015625,0.101623535,105.37159,12351.925,12351.925,1100.0834,525.1001,0.0,6.2524605,0.0,-1.13789356E-4,4.0,0.0,22.361029,40.12495,5.9999924,0.0,0.0,-7.15625,0.0,0.0,0.0,0.0,0.0,0.0,2.0703125,1.5625,2.03125,1.7773438,0.9203479,0.6621653,0.8975357,0.7752346,0.8261234,0.7144274,0.7811856,0.8260471,0.916228,0.6128023,0.74959946,0.62371254,0.7779812,0.6085298,0.6142519,0.6585031,1.9999695,1.0,48.03009,0.0,28.604185,29.322369,0.0,112.9999,0.0,0.0,105.09796,100.836,720.0,546.75,-1.13789356E-4,-29.6875,0.0,-31.28125,7.469206,67.99996,25.457764,0.0,137.1,0.0,0.0,-9.115601,99.998474,90.88287,0.625,136.93,137.24,137.03,136.91,0
650468.6,0.110340536,-2.2134829,0.08937359,0.092790745,100.83622,14.285718,14.117742,-10.484408,0.0,0.0,11.92,7.88,4.721,14.16,19.359,0.0,90.227844,0.0,0.0,0.0,204.0,4276.0,0.0,-10.6171875,0.10223389,105.3633,12351.925,12351.925,1100.0834,524.5694,0.0,6.5915766,0.0,-9.1031485E-5,4.0,0.0,22.380566,40.12495,5.9999924,0.0,0.0,-6.4453125,0.0,0.0,0.0,0.0,0.0,0.0,2.0507812,1.5625,2.0117188,1.7773438,0.9111925,0.6567483,0.89326316,0.77111465,0.8139925,0.70618755,0.77538717,0.82131684,0.7444877,0.6299687,0.67940795,0.69390404,0.6321813,0.6256199,0.55672544,0.73258567,1.9999695,1.0,47.608948,0.0,28.568335,29.224045,0.0,112.99991,0.0,0.0,104.8658,100.836,720.0,546.75,-9.1031485E-5,-29.625,0.0,-31.1875,7.469206,67.99996,24.798584,0.0,136.88,0.0,0.0,-8.5876465,99.998474,91.41083,0.56152344,136.59,136.88,136.53,136.82,0
650468.7,0.12827243,-2.2166433,0.090700835,0.092790745,100.8362,14.285718,14.124606,-10.45015,0.0,0.0,11.92,7.918,4.721,14.16,19.359,0.0,90.22739,0.0,0.0,0.0,204.0,4266.0,0.0,-11.2109375,0.10357666,105.388176,12371.029,12371.029,1100.0834,524.5694,0.0,6.697551,0.0,-7.282518E-5,4.0,0.0,22.39815,40.12495,5.9999924,0.0,0.0,-6.4921875,0.0,0.0,0.0,0.0,0.0,0.0,2.0507812,1.5625,1.9921875,1.7773438,0.914168,0.66056305,0.8832685,0.7669947,0.8149081,0.7055772,0.7629511,0.81666285,0.9797818,0.7759213,0.90112156,0.7636377,0.83199817,0.7705806,0.73846036,0.8062104,1.9999695,1.0,47.583008,0.0,28.804451,29.196201,0.0,112.999916,0.0,0.0,104.77459,100.836,720.0,546.75,-7.282519E-5,-29.59375,0.0,-31.1875,7.469206,67.99996,24.401855,0.0,136.74,0.0,0.0,-8.044434,99.998474,91.95404,0.5957031,136.49,136.46,135.79,136.34,0
650468.75,0.122617945,-2.2554073,0.090812355,0.092790745,100.836174,14.285718,14.123552,-10.439122,0.0,0.0,11.92,7.958,4.721,14.16,19.359,0.0,90.22702,0.0,0.0,0.0,204.0,4257.0,0.0,-10.875,0.10418701,105.37159,12391.726,12391.726,1100.0834,524.5694,0.0,6.6339664,0.0,-5.8260153E-5,4.0,0.0,22.413975,40.12495,5.9999924,0.0,0.0,-6.859375,0.0,0.0,0.0,0.0,0.0,0.0,2.03125,1.5625,1.9726562,1.7578125,0.90371555,0.6614023,0.87312126,0.7599756,0.80224305,0.70397496,0.7526513,0.8084993,0.8082704,0.6240177,0.68284124,0.6309606,0.6863508,0.6197452,0.5595483,0.6661326,1.9999695,1.0,47.583008,0.0,28.880444,29.255701,0.0,112.99992,0.0,0.0,104.77459,100.836,720.0,546.75,-5.8260153E-5,-29.53125,0.0,-31.09375,7.469206,67.99996,24.072266,0.0,136.48,0.0,0.0,-7.8430176,99.998474,92.15546,0.5908203,136.18,135.98,135.82,136.02,0
650468.75,0.118094355,-2.289663,0.0908487,0.0925788,100.83616,14.285718,14.122814,-10.437172,0.0,0.0,11.92,8.002,4.721,14.16,19.359,0.0,90.22673,0.0,0.0,0.0,204.375,4248.0,0.0,-10.703125,0.10583496,105.39646,12391.726,12391.726,1100.0834,524.03876,0.0,6.6551614,0.0,-4.6608122E-5,4.0,0.0,22.503405,40.12495,6.374992,0.0,0.0,-6.875,0.0,0.0,0.0,0.0,0.0,0.0,2.03125,1.5625,1.9726562,1.71875,0.9065385,0.6610208,0.867628,0.7537957,0.8033112,0.6991684,0.74624246,0.8016327,0.96917677,0.6942092,0.7814145,0.6733043,0.82299536,0.6894026,0.6187533,0.71084154,1.9999695,1.0,47.583008,0.0,28.893871,29.228487,0.0,112.99993,0.0,0.0,104.81604,100.836,720.0,546.75,-4.6608122E-5,-29.46875,0.0,-31.09375,7.469206,67.99996,23.931885,0.0,136.02,0.0,0.0,-7.8704834,99.998474,92.12799,0.5761719,135.77,135.9,135.71,135.45,0
650468.8,0.094475485,-2.3033652,0.09074321,0.0925788,100.83614,14.285718,14.128158,-10.444781,0.0,0.0,11.92,8.039,4.721,14.16,19.359,0.0,90.2265,0.0,0.0,0.0,204.375,4237.0,0.0,-10.578125,0.10644531,105.39646,12425.688,12425.688,1100.0834,524.03876,0.0,6.379629,0.0,-3.72865E-5,4.0,0.0,22.58389,40.12495,6.374992,0.0,0.0,-6.921875,0.0,0.0,0.0,0.0,0.0,0.0,2.03125,1.6015625,1.953125,1.6992188,0.8982223,0.6758984,0.85832,0.74296176,0.79453725,0.7116045,0.73296714,0.7896544,0.9798581,1.0077058,0.7656977,0.6174563,0.83207446,0.94468606,0.6062409,0.6519417,1.9999695,1.0,47.564697,0.0,28.841402,29.193003,0.0,112.99994,0.0,0.0,104.77459,100.836,720.0,546.75,-3.72865E-5,-29.40625,0.0,-30.875,7.469206,67.99996,23.651123,0.0,135.7,0.0,0.0,-7.8460693,99.998474,92.152405,0.5541992,135.22,135.45,135.45,135.22,0
650468.8,0.07558039,-2.2900963,0.089557394,0.0925788,100.83696,14.285718,14.120179,-10.487952,0.0,0.0,11.92,8.08,4.721,14.16,19.359,0.0,90.22632,0.0,0.0,0.0,204.375,4224.0,0.0,-10.65625,0.1071167,105.39646,12425.688,12425.688,1100.0834,523.24274,0.0,6.6551614,0.0,-2.9829198E-5,4.0,0.0,22.656328,40.12495,6.374992,0.0,0.0,-6.5,0.0,0.0,0.0,0.0,0.0,0.0,2.0117188,1.6015625,1.9335938,1.6796875,0.8963912,0.6803998,0.85442895,0.73411155,0.790341,0.70885783,0.7271687,0.7800412,0.7972076,0.7480736,0.77004653,0.5686275,0.6769665,0.7013047,0.6096742,0.60036623,1.9999695,1.0,47.14508,0.0,28.544651,29.111996,0.0,112.99995,0.0,0.0,104.77459,100.84429,720.0,546.75,-2.98292E-5,-29.3125,0.0,-30.78125,7.469206,67.99996,23.54126,0.0,135.37,0.0,0.0,-7.8918457,99.998474,92.10663,0.6640625,135.03,135.01,134.78,135.11,0
650468.9,0.06046431,-2.2847886,0.08982871,0.09249402,100.83769,14.285718,14.126313,-10.489931,0.0,0.0,11.92,8.12,4.721,14.16,19.359,0.0,90.226166,0.0,0.0,0.0,204.375,4214.0,0.0,-11.625,0.10839844,105.42134,12459.651,12459.651,1100.0834,523.24274,0.0,6.485603,0.0,-2.386336E-5,4.0,0.0,22.721523,40.12495,6.374992,0.0,0.0,-6.375,0.0,0.0,0.0,0.0,0.0,0.0,2.0117188,1.6015625,1.9335938,1.6601562,0.8904402,0.6757458,0.84977496,0.7267109,0.7837797,0.70084685,0.71847105,0.77195394,0.7193866,0.5884642,0.8424506,0.6687266,0.6108949,0.5516899,0.66704816,0.70603496,1.9999695,1.0,47.120667,0.0,28.531742,29.04057,0.0,112.999954,0.0,0.0,104.77459,100.84429,720.0,547.125,-2.386336E-5,-29.25,0.0,-30.78125,7.469206,67.99996,23.608398,0.0,135.03,0.0,0.0,-7.8063965,99.998474,92.19208,0.61035156,134.53,134.61,134.45,134.57,0
650468.94,0.02837145,-2.2826655,0.090221375,0.09249402,100.838356,14.285718,14.130607,-10.49173,0.0,0.0,11.92,8.159,4.721,14.16,19.359,0.0,90.22604,0.0,0.0,0.0,204.375,4205.0,0.0,-11.140625,0.109069824,105.41305,12459.651,12459.651,1100.0834,523.24274,0.0,6.506798,0.0,-1.9090689E-5,4.0,0.0,22.7802,40.12495,6.374992,0.0,0.0,-6.5234375,0.0,0.0,0.0,0.0,0.0,0.0,1.9921875,1.6015625,1.9140625,1.6601562,0.87777525,0.6778821,0.84649426,0.7190051,0.7702754,0.699855,0.7135119,0.76340884,0.8033875,0.7177081,0.7846952,0.6311132,0.6822309,0.67284656,0.62134737,0.6662852,1.9999695,1.0,47.120667,0.0,28.520002,28.94411,0.0,112.99996,0.0,0.0,104.77459,100.84429,720.0,547.125,-1.9090689E-5,-29.21875,0.0,-30.6875,7.469206,67.99996,23.406982,0.0,134.58,0.0,0.0,-7.7545166,99.998474,92.24396,0.6347656,134.57,134.53,134.33,134.19,0
650468.94,0.02269716,-2.2818162,0.090069175,0.09249402,100.83812,14.285718,14.121893,-10.4778,0.0,0.0,11.92,8.202,4.721,14.16,19.359,0.0,90.22595,0.0,0.0,0.0,204.375,4199.0,0.0,-11.09375,0.11035156,105.429634,12488.839,12488.839,1100.0834,522.7121,0.0,6.4432135,0.0,-1.5272552E-5,4.0,0.0,22.833006,40.12495,6.374992,0.0,0.0,-6.7421875,0.0,0.0,0.0,0.0,0.0,0.0,1.9726562,1.6015625,1.9140625,1.640625,0.87685966,0.6800946,0.83680475,0.71076524,0.7682155,0.695964,0.70153356,0.7544823,0.8593881,0.6914626,0.7470054,0.6485084,0.72976273,0.64820325,0.59143966,0.6846723,1.9999695,1.0,47.120667,0.0,28.615788,29.080254,0.0,112.99997,0.0,0.0,104.77459,100.836,720.0,547.125,-1.5272552E-5,-29.15625,0.0,-30.6875,7.469206,67.99996,23.474121,0.0,134.6,0.0,0.0,-7.7941895,99.998474,92.204285,0.65185547,133.95,134.33,134.06,133.85,0
650469.0,0.018157728,-2.3002267,0.08997208,0.092324466,100.837906,14.285718,14.127512,-10.480456,0.0,0.0,11.92,8.24,4.721,14.16,19.359,0.0,90.225876,0.0,0.0,0.0,204.375,4190.0,0.0,-11.1015625,0.11102295,105.429634,12494.1455,12494.1455,1100.0834,522.7121,0.0,6.4008236,0.0,-1.2218041E-5,4.0,0.0,22.880533,40.12495,6.374992,0.0,0.0,-6.7578125,0.0,0.0,0.0,0.0,0.0,0.0,1.9726562,1.5820312,1.8945312,1.6210938,0.87449455,0.6726177,0.831693,0.7046616,0.7650111,0.68596935,0.6955062,0.74761575,0.9922942,0.5327687,0.73556113,0.64835584,0.8426032,0.4994278,0.58243686,0.6845197,1.9999695,1.0,47.099304,0.0,28.597261,29.047197,0.0,112.99997,0.0,0.0,104.63364,100.836,720.0,547.125,-1.2218042E-5,-29.125,0.0,-30.59375,7.469206,67.99996,23.260498,0.0,134.19,0.0,0.0,-7.626343,99.998474,92.37213,0.6152344,133.91,133.91,133.52,133.79,0
650469.06,-0.005473817,-2.3263407,0.08959419,0.092324466,100.837715,14.285718,14.119727,-10.505779,0.0,0.0,11.92,8.28,4.721,14.16,19.359,0.0,90.225815,0.0,0.0,0.0,204.375,4177.0,0.0,-11.03125,0.111328125,105.42134,12522.802,12522.802,1100.0834,522.1814,0.0,6.464408,0.0,-9.774433E-6,4.0,0.0,22.923307,40.12495,6.374992,0.0,0.0,-6.484375,0.0,0.0,0.0,0.0,0.0,0.0,1.953125,1.6015625,1.875,1.640625,0.86648357,0.6768139,0.8251316,0.71168077,0.7558556,0.6844434,0.68841076,0.75623715,0.6231785,0.64065003,0.6456092,0.8686961,0.5107195,0.5819791,0.49126422,0.9171435,1.9999695,1.0,46.67816,0.0,28.422522,28.94997,0.0,112.99997,0.0,0.0,104.54242,100.836,720.0,547.125,-9.774433E-6,-29.0625,0.0,-30.59375,7.469206,67.99996,23.010254,0.0,133.7,0.0,0.0,-7.1777344,99.998474,92.82074,0.64453125,133.58,133.46,133.3,133.57,0
650469.06,-0.0043790536,-2.3367863,0.08970748,0.092324466,100.83755,14.285718,14.120137,-10.50731,0.0,0.0,11.92,8.321,4.721,14.16,19.359,0.0,90.22577,0.0,0.0,0.0,204.375,4166.0,0.0,-11.078125,0.11260986,105.44621,12528.108,12528.108,1100.0834,522.1814,0.0,6.464408,0.0,-7.819547E-6,4.0,0.0,22.961803,40.12495,6.374992,0.0,0.0,-6.40625,0.0,0.0,0.0,0.0,0.0,0.0,1.9921875,1.6015625,1.8554688,1.6601562,0.87754637,0.6789502,0.81094074,0.7174792,0.76424813,0.6832227,0.67162585,0.76325625,0.80216676,0.7266346,0.7158007,0.53101397,0.65735865,0.660029,0.54467076,0.56054014,1.9999695,1.0,46.665955,0.0,28.411806,28.904924,0.0,112.99997,0.0,0.0,104.63364,100.836,720.0,547.125,-7.819547E-6,-28.96875,0.0,-30.5,7.469206,67.99996,23.168945,0.0,133.56,0.0,0.0,-7.232666,99.998474,92.76581,0.5883789,132.87,133.13,133.13,132.87,0
650469.1,-0.003503243,-2.3222146,0.08985791,0.09223969,100.837395,14.285718,14.126284,-10.505474,0.0,0.0,11.92,8.359,4.721,14.16,19.359,0.0,90.22573,0.0,0.0,0.0,204.375,4157.0,0.0,-11.0625,0.11291504,105.43792,12532.354,12532.354,1100.0834,522.1814,0.0,6.506798,0.0,-6.2556383E-6,4.0,0.0,22.99645,40.12495,6.374992,0.0,0.0,-6.3125,0.0,0.0,0.0,0.0,0.0,0.0,1.953125,1.6015625,1.8554688,1.640625,0.86327916,0.68062866,0.8082704,0.7111467,0.7481499,0.68169683,0.6668193,0.7565423,0.66842145,0.75280386,0.75761044,0.78065157,0.5477989,0.68383306,0.5764859,0.8241398,1.9999695,1.0,46.665955,0.0,28.424309,28.875856,0.0,112.99997,0.0,0.0,104.45121,100.836,720.0,547.125,-6.255638E-6,-28.9375,0.0,-30.375,7.469206,67.99996,22.821045,0.0,133.12,0.0,0.0,-6.625366,99.998474,93.37311,0.63964844,132.98,133.03,132.92,132.6,0
650469.1,-0.022802593,-2.335136,0.09050214,0.09223969,100.83726,14.285718,14.118867,-10.502529,0.0,0.0,11.92,8.403,4.721,14.16,19.359,0.0,90.2257,0.0,0.0,0.0,204.375,4149.0,0.0,-11.0234375,0.113586426,105.43792,12562.602,12562.602,1100.0834,521.6507,0.0,6.506798,0.0,-5.0045105E-6,4.0,0.0,23.027632,40.12495,6.374992,0.0,0.0,-6.2421875,0.0,0.0,0.0,0.0,0.0,0.0,1.953125,1.6015625,1.8554688,1.640625,0.85770965,0.67620355,0.8081941,0.70916307,0.7415122,0.67185473,0.6641489,0.75417715,0.75310904,0.53566796,0.66941327,0.63866633,0.61715114,0.4866102,0.5093461,0.6742962,1.9999695,1.0,46.665955,0.0,28.444468,28.770512,0.0,112.99997,0.0,0.0,104.45121,100.836,720.0,547.125,-5.0045105E-6,-28.875,0.0,-30.5,7.469206,67.99996,22.888184,0.0,132.95,0.0,0.0,-6.500244,99.998474,93.49823,0.6591797,132.65,132.71,132.33,132.44,0
650469.2,-0.038242072,-2.3590546,0.09050962,0.09223969,100.837135,14.285718,14.131253,-10.502306,0.0,0.0,11.92,8.439,4.721,14.16,19.359,0.0,90.22568,0.0,0.0,0.0,204.375,4139.0,0.0,-10.78125,0.1138916,105.43792,12562.602,12562.602,1100.0834,521.6507,0.0,6.316045,0.0,-4.0036084E-6,4.0,0.0,23.055696,40.12495,6.374992,0.0,0.0,-6.28125,0.0,0.0,0.0,0.0,0.0,0.0,1.9335938,1.6015625,1.8164062,1.640625,0.85572594,0.6770428,0.7936217,0.7071031,0.7379263,0.66987103,0.64820325,0.7517357,0.706569,0.69619286,0.6531624,0.74044406,0.5790036,0.63248646,0.49706262,0.7817197,1.9999695,1.0,46.640015,0.0,28.445889,28.77332,0.0,112.99997,0.0,0.0,104.40145,100.836,720.0,547.125,-4.0036084E-6,-28.8125,0.0,-30.375,7.469206,67.99996,22.711182,0.0,132.72,0.0,0.0,-6.4727783,99.998474,93.525696,0.63964844,132.44,132.33,131.9,132.17,0
650469.25,-0.05059366,-2.406122,0.08924449,0.09223969,100.83702,14.285718,14.122346,-10.521581,0.0,0.0,11.92,8.481,4.721,14.16,19.359,0.0,89.924904,0.0,0.0,0.0,204.375,4135.0,0.0,-10.78125,0.115234375,105.454506,12581.706,12581.706,1100.0834,521.12006,0.0,6.358434,0.0,-3.2028868E-6,4.0,0.0,23.156141,40.12495,6.374992,0.0,0.0,-6.328125,0.0,0.0,0.0,0.0,0.0,0.0,1.9140625,1.5820312,1.8359375,1.6210938,0.8396277,0.67391473,0.79652095,0.6990921,0.7210651,0.6642252,0.6485084,0.74303806,0.6797894,0.72289616,0.8416113,0.5491722,0.5571069,0.656672,0.64042115,0.5798428,1.9999695,1.0,46.220398,0.0,28.312914,28.898836,0.0,112.99997,0.0,0.0,104.45121,100.836,720.0,546.75,-3.2028868E-6,-28.78125,0.0,-30.375,7.469206,67.99996,22.77832,0.0,132.32,0.0,0.0,-6.4056396,99.998474,93.592834,0.71777344,131.96,131.86,131.86,131.53,0
650469.25,-0.06047493,-2.424949,0.08920886,0.09202773,100.83692,14.285718,14.12783,-10.5327,0.0,0.0,11.92,8.518,4.721,14.16,19.359,0.0,89.68429,0.0,0.0,0.0,204.375,4119.0,0.0,-11.3046875,0.11553955,105.454506,12596.564,12596.564,1100.0834,521.12006,0.0,6.3372393,0.0,-2.5623094E-6,4.0,0.0,23.246542,40.12495,6.374992,0.0,0.0,-6.234375,0.0,0.0,0.0,0.0,0.0,0.0,1.9140625,1.6015625,1.8359375,1.6210938,0.8299382,0.6789502,0.7971313,0.69977874,0.7114519,0.6644541,0.64507514,0.7436484,0.64835584,0.74334323,0.7724117,0.6575875,0.53131914,0.675288,0.5877775,0.6942855,1.9999695,1.0,46.203613,0.0,28.236164,28.771069,0.0,112.99997,0.0,0.0,104.45121,100.836,720.0,547.125,-2.5623094E-6,-28.71875,0.0,-30.28125,7.469206,67.99996,22.869873,0.0,131.84,0.0,0.0,-6.4331055,99.998474,93.56537,0.61035156,131.65,131.38,131.53,131.38,0
650469.3,-0.08837994,-2.4324796,0.089482956,0.09202773,100.83683,14.285718,14.125809,-10.532142,0.0,0.0,11.92,8.56,4.721,14.16,19.359,0.0,89.49179,0.0,0.0,0.0,204.375,4096.0,0.0,-11.2421875,0.11584473,105.44621,12631.059,12631.059,1100.0834,521.12006,0.0,6.506798,0.0,-2.0498476E-6,4.0,0.0,23.327902,40.12495,6.374992,0.0,0.0,-6.0546875,0.0,0.0,0.0,0.0,0.0,0.0,1.9140625,1.6015625,1.8164062,1.6015625,0.8318456,0.68535894,0.7935454,0.6896315,0.71175706,0.6675822,0.63935304,0.7325094,0.7457084,0.6945144,0.7268635,0.5405508,0.6111238,0.6095979,0.53238726,0.5706874,1.9999695,1.0,46.203613,0.0,28.239923,28.715712,0.0,112.99997,0.0,0.0,104.368286,100.836,720.0,547.125,-2.0498476E-6,-28.625,0.0,-30.1875,7.469206,67.99996,22.7417,0.0,131.39,0.0,0.0,-6.365967,99.998474,93.63251,0.5419922,130.75,130.95,131.01,131.27,0
650469.4,-0.09070395,-2.4167418,0.08911695,0.09194294,100.83675,14.285718,14.118535,-10.557919,0.0,0.0,11.92,8.601,4.721,14.16,19.359,0.0,89.63855,0.0,0.0,0.0,204.375,4075.0,0.0,-11.3828125,0.1161499,105.44621,12631.059,12631.059,1100.0834,520.0587,0.0,6.549187,0.0,-1.6398782E-6,4.0,0.0,23.401127,40.12495,6.374992,0.0,0.0,-6.015625,0.0,0.0,0.0,0.0,0.0,0.0,1.9140625,1.6015625,1.8164062,1.640625,0.82429236,0.6848249,0.7926299,0.7100786,0.7025254,0.66063935,0.63569087,0.757763,0.7637141,0.6678111,0.67811096,1.1653315,0.62584877,0.5861753,0.49668115,1.2303349,1.9999695,1.0,46.203613,0.0,28.062168,28.595781,0.0,112.99997,0.0,0.0,104.368286,100.836,720.0,547.5,-1.6398781E-6,-28.53125,0.0,-30.09375,7.469206,67.99996,22.607422,0.0,130.81,0.0,0.0,-6.3598633,99.998474,93.63861,0.63720703,130.7,130.59,130.59,130.8,0
650469.4,-0.09256317,-2.391697,0.08957342,0.09198534,100.83667,14.285718,14.125162,-10.542927,0.0,0.0,11.92,8.639,4.721,14.16,19.359,0.0,89.75595,0.0,0.0,0.0,204.375,4078.0,0.0,-11.4375,0.11651611,105.44621,12635.304,12635.304,1100.0834,520.0587,0.0,6.4220185,0.0,-1.3119026E-6,4.0,0.0,23.46703,40.12495,6.374992,0.0,0.0,-6.0546875,0.0,0.0,0.0,0.0,0.0,0.0,1.9140625,1.6015625,1.8164062,1.6015625,0.82421607,0.68070495,0.7883574,0.70634013,0.70107573,0.65400165,0.6272221,0.7534142,0.64629585,0.6033417,0.8220798,0.6456092,0.5296407,0.5296407,0.6020447,0.6815442,1.9999695,1.0,46.173096,0.0,28.165419,28.62062,0.0,112.99997,0.0,0.0,104.31025,100.836,720.0,547.5,-1.3119025E-6,-28.5,0.0,-30.09375,7.469206,67.99996,22.460938,0.0,130.71,0.0,0.0,-6.1035156,99.998474,93.89496,0.625,130.44,130.44,130.23,130.13,0
650469.44,-0.11405054,-2.419179,0.08979042,0.09194294,100.8366,14.285718,14.112223,-10.535324,0.0,0.0,11.92,8.68,4.721,14.16,19.359,0.0,89.549126,0.0,0.0,0.0,204.375,4071.0,0.0,-11.421875,0.11682129,105.43792,12665.021,12665.021,1100.0834,519.528,0.0,6.464408,0.0,-1.049522E-6,4.0,0.0,23.526342,40.12495,6.374992,0.0,0.0,-5.984375,0.0,0.0,0.0,0.0,0.0,0.0,1.875,1.6015625,1.8164062,1.6210938,0.80743116,0.68093383,0.78988326,0.70916307,0.6847486,0.65133137,0.62607765,0.7566949,0.66208893,0.7470054,0.82459754,0.84023803,0.54253453,0.6556802,0.6039521,0.88708323,1.9999695,1.0,45.75348,0.0,28.217756,28.631157,0.0,112.99997,0.0,0.0,104.21074,100.836,720.0,547.5,-1.049522E-6,-28.375,0.0,-29.875,7.469206,67.99996,22.18628,0.0,130.5,0.0,0.0,-5.7159424,99.998474,94.28253,0.6323242,130.13,130.23,129.92,129.96,0
650469.44,-0.09124043,-2.4676716,0.08975165,0.09194294,100.83654,14.285718,14.114883,-10.545754,0.0,0.0,11.92,8.722,4.721,14.16,19.359,0.0,89.38367,0.0,0.0,0.0,204.375,4064.0,0.0,-11.3984375,0.11779785,105.4628,12665.021,12665.021,1100.0834,519.528,0.0,6.549187,0.0,-8.3961766E-7,4.0,0.0,23.579723,40.12495,6.374992,0.0,0.0,-5.8984375,0.0,0.0,0.0,0.0,0.0,0.0,1.875,1.6015625,1.796875,1.6015625,0.8036164,0.68253607,0.7847715,0.70138097,0.6803998,0.64698255,0.6189059,0.7480736,0.73197526,0.66033417,0.8318456,0.555581,0.5998322,0.5607691,0.60921645,0.5865568,1.9999695,1.0,45.729065,0.0,28.145807,28.556746,0.0,112.99997,0.0,0.0,104.136116,100.836,720.0,547.5,-8.396176E-7,-28.3125,0.0,-29.875,7.469206,67.99996,22.08252,0.0,130.14,0.0,0.0,-5.3009033,99.998474,94.69757,0.6738281,129.92,129.96,129.2,129.87,0
650469.5,-0.07299235,-2.5058188,0.08959542,0.09177339,100.83649,14.285718,14.116746,-10.557087,0.0,0.0,11.92,8.759,4.721,14.16,19.359,0.0,89.2513,0.0,0.0,0.0,204.375,4054.0,0.0,-11.3828125,0.11810303,105.454506,12682.003,12682.003,1100.0834,519.528,0.0,6.549187,0.0,-6.7169407E-7,4.0,0.0,23.627766,40.12495,6.374992,0.0,0.0,-5.453125,0.0,0.0,0.0,0.0,0.0,0.0,1.8554688,1.6015625,1.8164062,1.5820312,0.8016327,0.6768902,0.79011214,0.69031817,0.676585,0.6395819,0.6179141,0.7360189,0.6876478,0.57145035,0.8638895,0.6922255,0.5444419,0.501564,0.60799575,0.73075455,1.9999695,1.0,45.729065,0.0,28.067635,28.490145,0.0,112.99997,0.0,0.0,104.136116,100.836,720.0,547.5,-6.7169407E-7,-28.28125,0.0,-29.875,7.469206,67.99996,22.216797,0.0,129.81,0.0,0.0,-5.1605225,99.998474,94.83795,0.64453125,129.56,129.62,129.16,129.46,0
650469.56,-0.038393877,-2.5210776,0.0897766,0.09177339,100.83644,14.285718,14.112191,-10.55676,0.0,0.0,11.92,8.801,4.721,14.16,19.359,0.0,89.1454,0.0,0.0,0.0,204.375,4035.0,0.0,-11.359375,0.1184082,105.454506,12698.984,12698.984,1100.0834,518.9974,0.0,6.4220185,0.0,-5.373553E-7,4.0,0.0,23.671003,40.12495,6.374992,0.0,0.0,-5.4453125,0.0,0.0,0.0,0.0,0.0,0.0,1.8554688,1.6015625,1.8164062,1.5625,0.7937743,0.67963684,0.7878233,0.6820783,0.6662089,0.63904786,0.6131838,0.7266346,0.7550164,0.5679408,0.7457084,0.52681774,0.5977722,0.4822614,0.52483404,0.5561913,1.9999695,1.0,45.729065,0.0,28.069847,28.44555,0.0,112.99997,0.0,0.0,104.136116,100.836,720.0,547.5,-5.373553E-7,-28.21875,0.0,-29.78125,7.469206,67.99996,22.320557,0.0,129.47,0.0,0.0,-5.050659,99.998474,94.947815,0.68359375,128.99,128.9,128.99,128.8,0
650469.56,-0.030715102,-2.5271811,0.09010504,0.09168862,100.836395,14.285718,14.1148615,-10.552364,0.0,0.0,11.92,8.84,4.721,14.16,19.359,0.0,89.060684,0.0,0.0,0.0,204.375,4029.0,0.0,-11.3515625,0.1184082,105.454506,12698.984,12698.984,1100.0834,518.9974,0.0,6.4220185,0.0,-4.2988424E-7,4.0,0.0,23.709917,40.12495,6.374992,0.0,0.0,-5.484375,0.0,0.0,0.0,0.0,0.0,0.0,1.8554688,1.5820312,1.8164062,1.5429688,0.7969787,0.67490655,0.78751814,0.6733806,0.66727704,0.6290532,0.6099794,0.71717405,0.8687724,0.6953536,0.8844892,0.6778821,0.6878767,0.59052414,0.6225681,0.7156481,1.9999695,1.0,45.715332,0.0,28.100101,28.395391,0.0,112.99997,0.0,0.0,104.136116,100.836,720.0,547.5,-4.2988424E-7,-28.15625,0.0,-29.78125,7.469206,67.99996,22.387695,0.0,128.99,0.0,0.0,-5.0750732,99.998474,94.9234,0.63964844,128.39,128.9,128.75,128.75,0
650469.6,0.015427917,-2.5108724,0.08959884,0.09164623,100.83719,14.285718,14.110871,-10.56412,0.0,0.0,11.92,8.88,4.721,14.16,19.359,0.0,88.99291,0.0,0.0,0.0,204.375,4012.0,0.0,-11.5390625,0.118774414,105.454506,12733.479,12733.479,1100.0834,518.20135,0.0,6.29485,0.0,-3.439074E-7,4.0,0.0,23.74494,40.12495,6.374992,0.0,0.0,-5.59375,0.0,0.0,0.0,0.0,0.0,0.0,1.8554688,1.5820312,1.8164062,1.5429688,0.8027008,0.6710155,0.7904936,0.6707866,0.6707866,0.62294954,0.60700387,0.71381706,0.7084001,0.5984588,0.767071,0.6177615,0.56092167,0.5082017,0.5398642,0.6521706,1.9999695,1.0,45.295715,0.0,28.019861,28.351252,0.0,112.99997,0.0,0.0,104.136116,100.84429,720.0,547.5,-3.439074E-7,-28.0625,0.0,-29.59375,7.0023804,67.99996,22.18628,0.0,128.51,0.0,0.0,-5.090332,99.998474,94.90814,0.61279297,128.14,128.35,127.7,128.69,0
650469.7,0.072342336,-2.466849,0.08875623,0.09164623,100.8379,14.285718,14.125657,-10.594523,0.0,0.0,11.92,8.919,4.721,14.16,19.359,0.0,88.93869,0.0,0.0,0.0,204.375,4001.0,0.0,-11.7734375,0.11907959,105.454506,12733.479,12733.479,1100.0834,518.20135,0.0,6.4220185,0.0,-2.7512593E-7,4.0,0.0,23.77646,40.12495,6.374992,0.0,0.0,-5.6640625,0.0,0.0,0.0,0.0,0.0,0.0,1.8554688,1.6015625,1.8164062,1.5429688,0.7973602,0.67841613,0.7940795,0.6675059,0.6631571,0.6276799,0.60738534,0.7100786,0.7879759,0.6366827,0.8739605,0.60578316,0.6239414,0.5406271,0.61509115,0.6395056,1.9999695,1.0,45.26825,0.0,27.811005,28.360832,0.0,112.99997,0.0,0.0,104.136116,100.84429,720.0,547.875,-2.7512593E-7,-28.0,0.0,-29.59375,7.0023804,67.99996,21.972656,0.0,128.18,0.0,0.0,-5.0567627,99.998474,94.94171,0.63720703,128.14,127.79,127.64,128.04,0
650469.7,0.11787387,-2.4679897,0.08907801,0.09151906,100.83854,14.285718,14.124288,-10.585065,0.0,0.0,11.92,8.96,4.721,14.16,19.359,0.0,88.89532,0.0,0.0,0.0,204.375,3992.0,0.0,-11.9296875,0.119384766,105.44621,12762.135,12762.135,1100.0834,518.20135,0.0,6.506798,0.0,-2.2010074E-7,4.0,0.0,23.804829,40.12495,6.374992,0.0,0.0,-5.71875,0.0,0.0,0.0,0.0,0.0,0.0,1.8945312,1.5820312,1.7773438,1.5625,0.8025482,0.6726177,0.7984283,0.66704816,0.6663615,0.6176089,0.6085298,0.70931566,0.91798276,0.60357064,0.77660793,0.4180972,0.7268635,0.51255053,0.56878006,0.61249715,1.9999695,1.0,45.26825,0.0,27.87684,28.35963,0.0,112.99997,0.0,0.0,104.136116,100.84429,720.0,547.875,-2.2010074E-7,-27.96875,0.0,-29.59375,7.0023804,67.99996,22.192383,0.0,127.91,0.0,0.0,-4.9194336,99.998474,95.07904,0.6542969,127.45,127.89,127.49,127.3,0
650469.75,0.1942991,-2.468446,0.089795455,0.09151906,100.83829,14.285718,14.123329,-10.576223,0.0,0.0,11.92,9.001,4.721,14.16,19.359,0.0,88.86062,0.0,0.0,0.0,204.375,3981.0,0.0,-12.078125,0.11968994,105.43792,12767.441,12767.441,1100.0834,517.93604,0.0,6.464408,0.0,-1.760806E-7,4.0,0.0,23.83036,40.12495,6.374992,0.0,0.0,-5.3515625,0.0,0.0,0.0,0.0,0.0,0.0,1.8554688,1.6015625,1.7578125,1.5039062,0.78995955,0.676585,0.7837797,0.63851374,0.6531624,0.6272984,0.5954833,0.69405663,0.61844814,0.7656214,0.53124285,0.3418021,0.45296407,0.8082704,0.38910505,0.5007248,1.9999695,1.0,45.26825,0.0,27.937534,28.28333,0.0,112.99997,0.0,0.0,104.136116,100.836,720.0,548.25,-1.760806E-7,-27.90625,0.0,-29.5,7.0023804,67.99996,22.210693,0.0,127.58,0.0,0.0,-4.9865723,99.998474,95.0119,0.60546875,127.15,127.39,127.0,127.34,0
650469.75,0.23543929,-2.4873784,0.08999047,0.091476664,100.83806,14.285718,14.157815,-10.580186,0.0,0.0,11.92,9.04,4.721,14.16,19.359,0.0,88.832855,0.0,0.0,0.0,204.375,3974.0,0.0,-12.1015625,0.11999512,105.43792,12771.687,12771.687,1100.0834,517.93604,0.0,6.570382,0.0,-1.4086449E-7,4.0,0.0,23.85334,40.12495,6.374992,0.0,0.0,-4.8828125,0.0,0.0,0.0,0.0,0.0,0.0,1.8359375,1.5820312,1.7382812,1.484375,0.7801938,0.67040515,0.77111465,0.6251621,0.63866633,0.6251621,0.5851072,0.6867323,0.7599756,0.5383383,0.5339132,0.37544823,0.55664915,0.56832224,0.39101243,0.55001146,1.9999695,1.0,45.254517,0.0,27.909992,28.189161,0.0,112.99997,0.0,0.0,103.92883,100.836,720.0,548.25,-1.4086449E-7,-27.875,0.0,-29.5,7.0023804,67.99996,21.643066,0.0,127.13,0.0,0.0,-4.269409,99.998474,95.729065,0.6591797,127.3,127.19,126.41,127.1,0
650469.8,0.26835144,-2.5137014,0.08984943,0.0913071,100.83785,14.285718,14.164376,-10.588769,0.0,0.0,11.92,9.081,4.721,14.16,19.359,0.0,88.810646,0.0,0.0,0.0,204.375,3966.0,0.0,-12.078125,0.12036133,105.429634,12792.913,12792.913,1100.0834,517.93604,0.0,6.570382,0.0,-1.12691595E-7,4.0,0.0,23.874022,40.12495,5.9999924,0.0,0.0,-4.9296875,0.0,0.0,0.0,0.0,0.0,0.0,1.8359375,1.5625,1.6992188,1.4648438,0.77309835,0.65918976,0.75867856,0.61478597,0.630045,0.62149996,0.57495993,0.6831464,0.64026856,0.5750362,0.6332494,0.5381857,0.46890974,0.60708016,0.46379796,0.7883574,1.9999695,1.0,44.836426,0.0,27.850628,28.133783,0.0,112.99997,0.0,0.0,104.01174,100.836,720.0,548.25,-1.1269159E-7,-27.84375,0.0,-29.375,7.0023804,67.99996,21.881104,0.0,127.14,0.0,0.0,-4.0374756,99.998474,95.961,0.6591797,126.56,126.71,126.51,126.32,0
650469.9,0.29468113,-2.5242307,0.09080297,0.0913071,100.83767,14.285718,14.180688,-10.564652,0.0,0.0,11.92,9.118,4.721,14.16,19.359,0.0,88.79288,0.0,0.0,0.0,204.0,3957.0,0.0,-12.0625,0.120666504,105.429634,12801.935,12801.935,1100.0834,517.93604,0.0,6.6339664,0.0,-9.015327E-8,4.0,0.0,23.892633,40.12495,5.9999924,0.0,0.0,-4.96875,0.0,0.0,0.0,0.0,0.0,0.0,1.8164062,1.5429688,1.6796875,1.4453125,0.7661555,0.6543832,0.74311435,0.6108949,0.62172884,0.62020296,0.5616083,0.68848705,0.7682918,0.56458384,0.57022965,0.43671322,0.5626764,0.5960937,0.41763943,0.6128786,1.9999695,1.0,44.836426,0.0,28.016672,28.118872,0.0,112.99997,0.0,0.0,103.812744,100.836,720.0,548.25,-9.015327E-8,-27.8125,0.0,-29.375,7.0023804,67.99996,21.655273,0.0,126.72,0.0,0.0,-3.4423828,99.998474,96.55609,0.6567383,126.32,126.65,126.17,126.08,0
650469.9,0.2957449,-2.5471923,0.09117134,0.09122233,100.8375,14.285718,14.162809,-10.549712,0.0,0.0,11.92,9.159,4.721,14.16,19.359,0.0,88.77866,0.0,0.0,0.0,204.0,3942.0,0.0,-11.9453125,0.120666504,105.42134,12814.671,12814.671,1100.0834,517.93604,0.0,6.485603,0.0,-7.2122624E-8,4.0,0.0,23.909386,40.12495,5.9999924,0.0,0.0,-4.9296875,0.0,0.0,0.0,0.0,0.0,0.0,1.796875,1.5429688,1.6601562,1.40625,0.76089114,0.64721143,0.73556113,0.59029526,0.6119631,0.6162356,0.5551995,0.67627984,0.6615549,0.6242466,0.5940337,0.36995497,0.48447394,0.6590372,0.43511102,0.5191882,1.9999695,1.0,44.836426,0.0,28.119484,28.128168,0.0,112.99997,0.0,0.0,103.812744,100.836,720.0,547.875,-7.212262E-8,-27.75,0.0,-29.375,7.0023804,67.99996,21.679688,0.0,126.4,0.0,0.0,-3.3599854,99.998474,96.63849,0.60058594,125.63,125.88,125.59,126.17,0
650469.94,0.3365959,-2.518877,0.091308296,0.09109517,100.83735,14.285718,14.150294,-10.552216,0.0,0.0,11.92,9.202,4.721,14.16,19.359,0.0,88.767296,0.0,0.0,0.0,204.0,3920.0,0.0,-11.8359375,0.12097168,105.42134,12835.898,12835.898,1100.0834,517.93604,0.0,6.5279922,0.0,-5.7698095E-8,4.0,0.0,23.99965,40.12495,5.9999924,0.0,0.0,-4.796875,0.0,0.0,0.0,0.0,0.0,0.0,1.796875,1.5429688,1.6601562,1.3867188,0.7602045,0.64835584,0.7325094,0.5829709,0.6086824,0.6244755,0.5521477,0.6736858,0.7480736,0.69962615,0.68070495,0.44548714,0.54787517,0.73861295,0.47905698,0.6251621,1.9999695,1.0,44.836426,0.0,28.10207,28.063852,0.0,112.99997,0.0,0.0,103.812744,100.836,720.0,547.875,-5.7698095E-8,-27.6875,0.0,-29.28125,7.0023804,67.99996,21.740723,0.0,125.53,0.0,0.0,-3.35083,99.998474,96.647644,0.6176758,125.25,125.3,125.44,125.39,0
650470.0,0.3292767,-2.488801,0.08920905,0.090840824,100.83721,14.285718,14.182549,-10.616976,0.0,0.0,11.92,9.239,4.721,14.16,19.359,0.0,88.7582,0.0,0.0,0.0,204.0,3900.0,0.0,-11.8671875,0.121276855,105.42134,12844.389,12844.389,1100.0834,517.93604,0.0,6.4220185,0.0,-4.6158476E-8,4.0,0.0,24.080887,39.74995,5.9999924,0.0,0.0,-4.6953125,0.0,0.0,0.0,0.0,0.0,0.0,1.8164062,1.5234375,1.640625,1.3671875,0.7671473,0.64347297,0.72495615,0.5709926,0.61074233,0.6206607,0.5431449,0.6631571,0.86816204,0.5529107,0.63279164,0.42839703,0.6110475,0.5490959,0.44533455,0.57701993,1.9999695,1.0,44.836426,0.0,27.655556,27.983377,0.0,112.99997,0.0,0.0,103.812744,100.836,720.0,547.875,-4.6158476E-8,-27.5625,0.0,-29.1875,7.0023804,67.99996,21.496582,0.0,125.03,0.0,0.0,-3.3416748,99.998474,96.6568,0.65185547,124.45,124.78,125.16,124.91,0
